pass_num,gain_set,t_ms,raw_m,die_c,amb_c,rssi_dbm,gain_step,snr_db,rssi_sync,kept
1,13,6394,4.4621,38.6,29.28,-41.0,13,0.0,-35.5,1
1,13,7120,3.7861,38.6,29.28,-41.0,13,0.0,-35.5,1
1,13,7846,4.7326,38.6,29.27,-41.0,13,0.0,-35.5,1
1,13,8572,4.9579,38.6,29.28,-41.0,13,0.0,-35.5,1
1,13,9298,3.7635,38.6,29.28,-41.0,13,0.0,-35.5,1
1,13,10024,3.7184,39.6,29.28,-41.0,13,0.0,-35.5,1
1,13,10750,4.0114,39.6,29.28,-41.0,13,0.0,-35.5,1
1,13,11476,4.0114,39.6,29.28,-41.0,13,0.0,-35.5,1
1,13,12202,3.6508,39.6,29.28,-41.0,13,0.0,-35.5,1
1,13,12928,5.0255,39.6,29.28,-41.0,13,0.0,-35.5,1
1,13,13654,4.9354,39.6,29.27,-41.0,13,0.0,-35.5,1
1,13,14380,4.0340,39.6,29.28,-41.0,13,0.0,-35.5,1
1,13,15106,4.2142,39.6,29.28,-41.0,13,0.0,-35.5,1
1,13,15832,4.1466,39.6,29.28,-41.0,13,0.0,-35.5,1
1,13,16558,3.9889,39.6,29.28,-41.0,13,0.0,-35.5,1
1,13,17284,3.4931,38.6,29.28,-41.0,13,0.0,-35.5,1
1,13,18010,4.5974,38.6,29.28,-40.5,13,0.0,-35.5,1
1,13,18736,5.1608,38.6,29.28,-40.5,13,0.0,-35.5,1
1,13,19462,5.1608,39.6,29.28,-40.5,13,0.0,-35.5,1
1,13,20188,4.2819,39.6,29.28,-41.0,13,0.0,-35.5,1
1,13,20914,4.5523,39.6,29.28,-41.0,13,0.0,-35.5,1
1,13,21640,4.2593,39.6,29.28,-41.0,13,0.0,-35.5,1
1,13,22366,3.8987,39.6,29.28,-41.0,13,0.0,-35.5,1
1,13,23092,3.8311,39.6,29.28,-41.0,13,0.0,-35.5,1
1,13,23818,4.1466,39.6,29.28,-41.0,13,0.0,-35.5,1
1,13,24544,4.8453,39.6,29.28,-41.0,13,0.0,-35.5,1
1,13,25270,4.1016,39.6,29.28,-41.0,13,0.0,-35.5,1
1,13,25996,4.4171,40.6,29.28,-41.0,13,0.0,-35.5,1
1,13,26722,5.1608,39.6,29.28,-41.0,13,0.0,-35.5,1
1,13,27448,5.1608,40.6,29.29,-41.0,13,0.0,-35.5,1
1,13,28174,4.3269,40.6,29.28,-41.0,13,0.0,-35.5,1
1,13,28900,4.2593,40.6,29.29,-41.0,13,0.0,-35.5,1
1,13,29626,4.1692,39.6,29.29,-41.0,13,0.0,-35.5,1
1,13,30352,4.0565,39.6,29.28,-41.0,13,0.0,-35.5,1
1,13,31078,5.2509,39.6,29.29,-41.0,13,0.0,-35.5,1
1,13,31804,4.5748,39.6,29.28,-41.0,13,0.0,-35.5,1
1,13,32530,3.5607,39.6,29.29,-41.0,13,0.0,-35.5,1
1,13,33256,3.9213,39.6,29.29,-41.0,13,0.0,-35.5,1
1,13,33982,4.1016,39.6,29.29,-41.0,13,0.0,-35.5,1
1,13,34708,4.5297,39.6,29.29,-41.0,13,0.0,-35.5,1
1,13,35434,4.5297,39.6,29.29,-41.0,13,0.0,-35.5,1
1,13,36160,3.8762,40.6,29.29,-41.0,13,0.0,-35.5,1
1,13,36886,4.1466,39.6,29.29,-41.0,13,0.0,-35.5,1
1,13,37612,3.8537,40.6,29.29,-41.0,13,0.0,-35.5,1
1,13,38338,3.9213,39.6,29.29,-41.0,13,0.0,-35.5,1
1,13,39064,5.3185,39.6,29.29,-41.0,13,0.0,-35.5,1
1,13,39790,4.2142,39.6,29.29,-41.0,13,0.0,-35.5,1
1,13,40516,4.1466,39.6,29.29,-41.0,13,0.0,-35.5,1
1,13,41242,4.6875,39.6,29.28,-41.0,13,0.0,-35.5,1
1,13,41968,3.7861,39.6,29.28,-41.0,13,0.0,-35.5,1
1,13,42694,3.8987,39.6,29.28,-41.0,13,0.0,-35.5,1
1,13,43420,4.6650,39.6,29.29,-41.0,13,0.0,-35.5,1
1,13,44146,4.5523,38.6,29.28,-41.0,13,0.0,-35.5,1
1,13,44872,4.3269,39.6,29.28,-41.0,13,0.0,-35.5,1
1,13,45598,4.1692,38.6,29.28,-41.0,13,0.0,-35.5,1
1,13,46324,3.4255,39.6,29.29,-41.0,13,0.0,-35.5,1
1,13,47050,4.8678,39.6,29.28,-41.0,13,0.0,-35.5,1
1,13,47776,3.4255,39.6,29.28,-41.0,13,0.0,-35.5,1
1,13,48502,4.3720,39.6,29.28,-41.0,13,0.0,-35.5,1
1,13,49228,4.0565,39.6,29.28,-41.0,13,0.0,-35.5,1
1,13,49954,4.5748,39.6,29.29,-41.0,13,0.0,-35.5,1
1,13,50680,4.7326,39.6,29.28,-40.5,13,0.0,-35.5,1
1,13,51406,5.3861,39.6,29.28,-41.0,13,0.0,-35.5,1
1,13,52132,3.7184,39.6,29.29,-41.0,13,0.0,-35.5,1
1,13,52858,4.0790,39.6,29.28,-41.0,13,0.0,-35.5,1
1,13,53584,4.2368,39.6,29.28,-41.0,13,0.0,-35.5,1
1,13,54310,4.3044,40.6,29.28,-41.0,13,0.0,-35.5,1
1,13,55036,3.3804,39.6,29.28,-41.0,13,0.0,-35.5,1
1,13,55762,4.7100,39.6,29.28,-41.0,13,0.0,-35.5,1
1,13,56488,4.3495,39.6,29.28,-41.0,13,0.0,-35.5,1
1,13,57214,4.3495,39.6,29.28,-41.0,13,0.0,-35.5,1
1,13,57940,3.9663,39.6,29.28,-41.0,13,0.0,-35.5,1
1,13,58666,5.1382,40.6,29.28,-41.0,13,0.0,-35.5,1
1,13,59392,3.4931,40.6,29.28,-41.0,13,0.0,-35.5,1
1,13,60118,3.5607,40.6,29.28,-41.0,13,0.0,-35.5,1
1,13,60844,3.2452,39.6,29.28,-41.0,13,0.0,-35.5,1
1,13,61570,5.4763,38.6,29.28,-41.0,13,0.0,-35.5,1
1,13,62296,3.4480,39.6,29.28,-41.0,13,0.0,-35.5,1
1,13,63022,3.0874,39.6,29.28,-41.0,13,0.0,-35.5,1
1,13,63748,4.1466,39.6,29.27,-41.0,13,0.0,-35.5,1
1,13,64474,4.7551,39.6,29.28,-41.0,13,0.0,-35.5,1
1,13,65200,4.7551,39.6,29.28,-41.0,13,0.0,-35.5,1
1,13,65926,4.6199,39.6,29.27,-41.0,13,0.0,-35.5,1
1,13,66652,3.5832,39.6,29.28,-41.0,13,0.0,-35.5,1
1,13,67378,5.0706,40.6,29.28,-41.0,13,0.0,-35.5,1
1,13,68104,5.2960,40.6,29.27,-41.0,13,0.0,-35.5,1
1,13,68830,3.4029,39.6,29.27,-41.0,13,0.0,-35.5,1
1,13,69556,4.3945,39.6,29.27,-41.0,13,0.0,-35.5,1
1,13,70282,3.4029,39.6,29.27,-41.0,13,0.0,-35.5,1
1,13,71008,4.0340,38.6,29.27,-41.0,13,0.0,-35.5,1
1,13,71734,4.2142,39.6,29.27,-41.0,13,0.0,-35.5,1
1,13,72460,5.0255,39.6,29.27,-41.0,13,0.0,-35.5,1
1,13,73186,5.0255,39.6,29.27,-41.0,13,0.0,-35.5,1
1,13,73912,5.2509,39.6,29.27,-41.0,13,0.0,-35.5,1
1,13,74638,4.2819,39.6,29.27,-40.5,13,0.0,-35.5,1
1,13,75364,3.4706,39.6,29.27,-41.0,13,0.0,-35.5,1
1,13,76090,4.7100,39.6,29.27,-41.0,13,0.0,-35.5,1
1,13,76816,4.7551,39.6,29.27,-41.0,13,0.0,-35.5,1
1,13,77542,3.4931,39.6,29.27,-41.0,13,0.0,-35.5,1
1,13,78268,4.3269,39.6,29.27,-41.0,13,0.0,-35.5,1
1,13,78994,3.8311,39.6,29.27,-41.0,13,0.0,-35.5,1
1,13,79720,4.3044,39.6,29.27,-41.0,13,0.0,-35.5,1
1,13,80446,4.8678,39.6,29.27,-41.0,13,0.0,-35.5,1
1,13,81172,4.8678,39.6,29.27,-41.0,13,0.0,-35.5,1
1,13,81898,3.8762,39.6,29.27,-41.0,13,0.0,-35.5,1
1,13,82624,3.6058,39.6,29.26,-41.0,13,0.0,-35.5,1
1,13,83350,3.7410,39.6,29.26,-41.0,13,0.0,-35.5,1
1,13,84076,4.4396,39.6,29.27,-41.0,13,0.0,-35.5,1
1,13,84802,3.0649,39.6,29.27,-41.0,13,0.0,-35.5,1
1,13,85528,4.9129,40.6,29.26,-41.0,13,0.0,-35.5,1
1,13,86254,4.8678,40.6,29.27,-41.0,13,0.0,-35.5,1
1,13,86980,4.3269,40.6,29.27,-40.5,13,0.0,-35.5,1
1,13,87706,3.9889,40.6,29.27,-41.0,13,0.0,-35.5,1
1,13,88432,3.1776,40.6,29.26,-41.0,13,0.0,-35.5,1
1,13,89158,3.1776,39.6,29.26,-41.0,13,0.0,-35.5,1
1,13,89884,3.8311,39.6,29.27,-41.0,13,0.0,-35.5,1
1,13,90610,4.7100,39.6,29.26,-41.0,13,0.0,-35.5,1
1,13,91336,4.0565,39.6,29.26,-41.0,13,0.0,-35.5,1
1,13,92062,4.1917,39.6,29.26,-41.0,13,0.0,-35.5,1
1,13,92788,4.2368,39.6,29.26,-41.0,13,0.0,-35.5,1
1,13,93514,4.1466,38.6,29.26,-41.0,13,0.0,-35.5,1
1,13,94240,4.0790,39.6,29.26,-41.0,13,0.0,-35.5,1
1,13,94966,3.4029,39.6,29.26,-41.0,13,0.0,-35.5,1
1,13,95692,5.0481,39.6,29.26,-41.0,13,0.0,-35.5,1
1,13,96418,3.9889,39.6,29.26,-41.0,13,0.0,-35.5,1
1,13,97144,3.8537,39.6,29.26,-41.0,13,0.0,-35.5,1
1,13,97870,4.1692,39.6,29.26,-41.0,13,0.0,-35.5,1
1,13,98596,3.6283,39.6,29.25,-41.0,13,0.0,-35.5,1
1,13,99322,4.3044,39.6,29.25,-41.0,13,0.0,-35.5,1
1,13,100048,3.8762,39.6,29.25,-41.0,13,0.0,-35.5,1
1,13,100774,4.9579,39.6,29.25,-41.0,13,0.0,-35.5,1
1,13,101500,3.5382,39.6,29.26,-41.0,13,0.0,-35.5,1
1,13,102226,3.8762,39.6,29.26,-40.5,13,0.0,-35.5,1
1,13,102952,3.3579,39.6,29.25,-41.0,13,0.0,-35.5,1
1,13,103678,3.4706,39.6,29.26,-41.0,13,0.0,-35.5,1
1,13,104404,3.6058,39.6,29.25,-41.0,13,0.0,-35.5,1
1,13,105130,5.2058,39.6,29.26,-41.0,13,0.0,-35.5,1
1,13,105856,4.3720,40.6,29.25,-40.5,13,0.0,-35.5,1
1,13,106582,5.0255,39.6,29.25,-41.0,13,0.0,-35.5,1
1,13,107308,4.2142,39.6,29.25,-41.0,13,0.0,-35.5,1
1,13,108034,4.1241,39.6,29.25,-41.0,13,0.0,-35.5,1
1,13,108760,3.3804,39.6,29.25,-41.0,13,0.0,-35.5,1
1,13,109486,3.4480,39.6,29.24,-41.0,13,0.0,-35.5,1
1,13,110212,3.6959,39.6,29.25,-40.5,13,0.0,-35.5,1
1,13,110938,3.6959,39.6,29.25,-40.5,13,0.0,-35.5,1
1,13,111664,5.0931,39.6,29.25,-40.5,13,0.0,-35.5,1
1,13,112390,4.2368,39.6,29.25,-41.0,13,0.0,-35.5,1
1,13,113116,3.8311,40.6,29.25,-41.0,13,0.0,-35.5,1
1,13,113842,3.8762,40.6,29.25,-41.0,13,0.0,-35.5,1
1,13,114568,4.1016,38.6,29.24,-41.0,13,0.0,-35.5,1
1,13,115294,4.2142,38.6,29.24,-41.0,13,0.0,-35.5,1
1,13,116020,3.9213,38.6,29.25,-41.0,13,0.0,-35.5,1
1,13,116746,4.2368,38.6,29.24,-41.0,13,0.0,-35.5,1
1,13,117472,4.2142,38.6,29.24,-41.0,13,0.0,-35.5,1
1,13,118198,4.0790,39.6,29.25,-41.0,13,0.0,-35.5,1
1,13,118924,4.0790,38.6,29.24,-41.0,13,0.0,-35.5,1
1,13,119650,4.0565,38.6,29.24,-41.0,13,0.0,-35.5,1
1,13,120376,4.1692,39.6,29.24,-41.0,13,0.0,-35.5,1
1,13,121102,4.8002,38.6,29.24,-41.0,13,0.0,-35.5,1
1,13,121828,4.0790,39.6,29.24,-41.0,13,0.0,-35.5,1
1,13,122554,4.1016,39.6,29.24,-41.0,13,0.0,-35.5,1
1,13,123280,3.2227,39.6,29.24,-41.0,13,0.0,-35.5,1
1,13,124006,4.0790,39.6,29.23,-41.0,13,0.0,-35.5,1
1,13,124732,4.2368,38.6,29.24,-41.0,13,0.0,-35.5,1
1,13,125458,3.8987,39.6,29.24,-41.0,13,0.0,-35.5,1
1,13,126184,4.8903,40.6,29.24,-41.0,13,0.0,-35.5,1
1,13,126910,4.8903,38.6,29.23,-41.0,13,0.0,-35.5,1
1,13,127636,4.5072,39.6,29.23,-41.0,13,0.0,-35.5,1
1,13,128362,4.1016,39.6,29.23,-41.0,13,0.0,-35.5,1
1,13,129088,3.6959,39.6,29.23,-41.0,13,0.0,-35.5,1
1,13,129814,4.0790,39.6,29.23,-41.0,13,0.0,-35.5,1
1,13,130540,4.5297,40.6,29.24,-41.0,13,0.0,-35.5,1
1,13,131266,3.4480,39.6,29.23,-40.5,13,0.0,-35.5,1
1,13,131992,4.1917,39.6,29.23,-40.5,13,0.0,-35.5,1
1,13,132718,4.0340,39.6,29.23,-41.0,13,0.0,-35.5,1
1,13,133444,4.0114,39.6,29.23,-41.0,13,0.0,-35.5,1
1,13,134170,3.4029,39.6,29.23,-41.0,13,0.0,-35.5,1
1,13,134896,3.4029,39.6,29.22,-41.0,13,0.0,-35.5,1
1,13,135622,4.1241,39.6,29.22,-41.0,13,0.0,-35.5,1
1,13,136348,4.2819,40.6,29.22,-41.0,13,0.0,-35.5,1
1,13,137074,4.3269,39.6,29.22,-41.0,13,0.0,-35.5,1
1,13,137800,4.3945,39.6,29.23,-41.0,13,0.0,-35.5,1
1,13,138526,4.5072,39.6,29.22,-40.5,13,0.0,-35.5,1
1,13,139252,4.4171,39.6,29.22,-41.0,13,0.0,-35.5,1
1,13,139978,4.1917,39.6,29.21,-41.0,13,0.0,-35.5,1
1,13,140704,3.8762,39.6,29.22,-41.0,13,0.0,-35.5,1
1,13,141430,4.4171,40.6,29.22,-41.0,13,0.0,-35.5,1
1,13,142156,4.8678,39.6,29.22,-41.0,13,0.0,-35.5,1
1,13,142882,4.8678,39.6,29.21,-41.0,13,0.0,-35.5,1
1,13,143608,4.2142,39.6,29.21,-41.0,13,0.0,-35.5,1
1,13,144334,3.3579,39.6,29.21,-41.0,13,0.0,-35.5,1
1,13,145060,3.5382,38.6,29.21,-41.0,13,0.0,-35.5,1
1,13,145786,3.5156,39.6,29.21,-41.0,13,0.0,-35.5,1
1,13,146512,3.1776,39.6,29.21,-41.0,13,0.0,-35.5,1
1,13,147238,4.0790,39.6,29.21,-41.0,13,0.0,-35.5,1
1,13,147964,4.6875,39.6,29.21,-41.0,13,0.0,-35.5,1
1,13,148690,4.9805,40.6,29.21,-40.5,13,0.0,-35.5,1
1,13,149416,3.0649,40.6,29.21,-41.0,13,0.0,-35.5,1
1,13,150142,3.6283,40.6,29.21,-41.0,13,0.0,-35.5,1
1,13,150868,3.7635,40.6,29.21,-41.0,13,0.0,-35.5,1
1,13,151594,4.5523,39.6,29.21,-41.0,13,0.0,-35.5,1
1,13,152320,5.2058,39.6,29.21,-41.0,13,0.0,-35.5,1
1,13,153046,4.2819,38.6,29.21,-41.0,13,0.0,-35.5,1
1,13,153772,4.4847,39.6,29.20,-41.0,13,0.0,-35.5,1
1,13,154498,4.3044,39.6,29.21,-41.0,13,0.0,-35.5,1
1,13,155224,4.9129,39.6,29.20,-41.0,13,0.0,-35.5,1
1,13,155950,3.4706,39.6,29.20,-41.0,13,0.0,-35.5,1
1,13,156676,4.1917,39.6,29.20,-41.0,13,0.0,-35.5,1
1,13,157402,4.3720,39.6,29.20,-41.0,13,0.0,-35.5,1
1,13,158128,5.0706,40.6,29.20,-41.0,13,0.0,-35.5,1
1,13,158854,5.1608,39.6,29.20,-41.0,13,0.0,-35.5,1
1,13,159580,4.3495,39.6,29.19,-41.0,13,0.0,-35.5,1
1,13,160306,4.3269,40.6,29.20,-41.0,13,0.0,-35.5,1
1,13,161032,4.9805,40.6,29.20,-41.0,13,0.0,-35.5,1
1,13,161758,4.9129,39.6,29.19,-41.0,13,0.0,-35.5,1
1,13,162484,4.3945,40.6,29.20,-41.0,13,0.0,-35.5,1
1,13,163210,4.9805,40.6,29.19,-41.0,13,0.0,-35.5,1
1,13,163936,4.8227,39.6,29.20,-40.5,13,0.0,-35.5,1
1,13,164662,-4.1466,39.6,29.19,-41.0,13,0.0,-35.5,0
1,13,165388,4.4171,40.6,29.20,-41.0,13,0.0,-35.5,1
1,13,166114,4.0565,40.6,29.19,-40.5,13,0.0,-35.5,1
1,13,166840,4.3720,39.6,29.19,-41.0,13,0.0,-35.5,1
1,13,167566,3.9438,39.6,29.19,-41.0,13,0.0,-35.5,1
1,13,168292,4.2819,39.6,29.20,-41.0,13,0.0,-35.5,1
1,13,169018,5.4537,40.6,29.19,-41.0,13,0.0,-35.5,1
1,13,169744,3.4480,40.6,29.19,-41.0,13,0.0,-35.5,1
1,13,170470,4.6424,39.6,29.19,-41.0,13,0.0,-35.5,1
1,13,171196,4.1917,39.6,29.19,-41.0,13,0.0,-35.5,1
1,13,171922,3.9889,39.6,29.19,-40.5,13,0.0,-35.5,1
1,13,172648,3.9889,39.6,29.18,-40.5,13,0.0,-35.5,1
1,13,173374,3.6508,39.6,29.19,-41.0,13,0.0,-35.5,1
1,13,174100,3.5382,39.6,29.18,-41.0,13,0.0,-35.5,1
1,13,174826,4.5297,38.6,29.18,-41.0,13,0.0,-35.5,1
1,13,175552,4.3269,39.6,29.18,-41.0,13,0.0,-35.5,1
1,13,176278,4.3044,39.6,29.19,-41.0,13,0.0,-35.5,1
1,13,177004,4.6424,39.6,29.19,-41.0,13,0.0,-35.5,1
1,13,177730,5.2284,39.6,29.18,-41.0,13,0.0,-35.5,1
1,13,178456,4.2142,39.6,29.18,-41.0,13,0.0,-35.5,1
1,13,179182,3.6508,39.6,29.18,-41.0,13,0.0,-35.5,1
1,13,179908,4.4396,40.6,29.18,-41.0,13,0.0,-35.5,1
1,13,180634,4.4396,40.6,29.18,-41.0,13,0.0,-35.5,1
1,13,181360,5.2734,40.6,29.18,-41.0,13,0.0,-35.5,1
1,13,182086,3.4931,39.6,29.18,-40.5,13,0.0,-35.5,1
1,13,182812,3.5156,38.6,29.18,-41.0,13,0.0,-35.5,1
1,13,183538,3.5156,39.6,29.18,-41.0,13,0.0,-35.5,1
1,13,184264,3.5607,39.6,29.18,-41.0,13,0.0,-35.5,1
1,13,184990,4.4396,39.6,29.18,-41.0,13,0.0,-35.5,1
1,13,185716,4.6199,38.6,29.17,-41.0,13,0.0,-35.5,1
1,13,186442,4.3269,39.6,29.18,-41.0,13,0.0,-35.5,1
1,13,187168,4.9579,39.6,29.17,-41.0,13,0.0,-35.5,1
1,13,187894,4.1016,39.6,29.17,-41.0,13,0.0,-35.5,1
1,13,188620,4.1016,39.6,29.18,-41.0,13,0.0,-35.5,1
1,13,189346,4.2368,39.6,29.17,-41.0,13,0.0,-35.5,1
1,13,190072,5.1833,39.6,29.18,-41.0,13,0.0,-35.5,1
1,13,190798,3.6058,39.6,29.17,-41.0,13,0.0,-35.5,1
1,13,191524,4.5072,39.6,29.17,-41.0,13,0.0,-35.5,1
1,13,192250,4.4171,39.6,29.17,-41.0,13,0.0,-35.5,1
1,13,192976,4.8678,39.6,29.17,-41.0,13,0.0,-35.5,1
1,13,193702,4.4171,39.6,29.17,-40.5,13,0.0,-35.5,1
1,13,194428,3.4255,39.6,29.17,-41.0,13,0.0,-35.5,1
1,13,195154,4.4171,39.6,29.17,-41.0,13,0.0,-35.5,1
1,13,195880,3.8987,40.6,29.17,-41.0,13,0.0,-35.5,1
1,13,196606,3.8987,39.6,29.17,-41.0,13,0.0,-35.5,1
1,13,197332,4.1016,40.6,29.17,-40.5,13,0.0,-35.5,1
1,13,198058,4.1016,40.6,29.17,-41.0,13,0.0,-35.5,1
1,13,198784,5.1608,39.6,29.16,-41.0,13,0.0,-35.5,1
1,13,199510,4.3495,38.6,29.16,-41.0,13,0.0,-35.5,1
1,13,200236,4.3044,39.6,29.16,-41.0,13,0.0,-35.5,1
1,13,200962,4.5523,39.6,29.16,-41.0,13,0.0,-35.5,1
1,13,201688,5.0931,39.6,29.17,-41.0,13,0.0,-35.5,1
1,13,202414,4.2593,40.6,29.16,-41.0,13,0.0,-35.5,1
1,13,203140,3.9663,40.6,29.16,-41.0,13,0.0,-35.5,1
1,13,203866,3.0649,39.6,29.16,-41.0,13,0.0,-35.5,1
1,13,204592,3.0649,39.6,29.16,-41.0,13,0.0,-35.5,1
1,13,205318,4.1016,39.6,29.16,-41.0,13,0.0,-35.5,1
1,13,206044,4.5523,39.6,29.16,-41.0,13,0.0,-35.5,1
1,13,206770,5.0030,39.6,29.15,-41.0,13,0.0,-35.5,1
1,13,207496,3.5832,39.6,29.16,-41.0,13,0.0,-35.5,1
1,13,208222,4.3945,39.6,29.16,-41.0,13,0.0,-35.5,1
1,13,208948,5.2960,38.6,29.16,-41.0,13,0.0,-35.5,1
1,13,209674,5.2734,38.6,29.16,-41.0,13,0.0,-35.5,1
1,13,210400,4.1917,39.6,29.15,-41.0,13,0.0,-35.5,1
1,13,211126,3.7184,39.6,29.15,-41.0,13,0.0,-35.5,1
1,13,211852,4.9579,39.6,29.15,-41.0,13,0.0,-35.5,1
1,13,212578,5.3861,40.6,29.15,-41.0,13,0.0,-35.5,1
1,13,213304,4.3720,40.6,29.15,-41.0,13,0.0,-35.5,1
1,13,214030,4.3044,39.6,29.15,-41.0,13,0.0,-35.5,1
1,13,214756,4.3269,39.6,29.15,-41.0,13,0.0,-35.5,1
1,13,215482,4.8678,39.6,29.15,-41.0,13,0.0,-35.5,1
1,13,216208,4.3495,39.6,29.15,-41.0,13,0.0,-35.5,1
1,13,216934,4.3044,39.6,29.15,-41.0,13,0.0,-35.5,1
1,13,217660,5.3861,40.6,29.15,-41.0,13,0.0,-35.5,1
1,13,218386,3.1100,40.6,29.15,-40.5,13,0.0,-35.5,1
1,13,219112,4.3269,39.6,29.15,-41.0,13,0.0,-35.5,1
1,13,219838,4.6650,39.6,29.15,-41.0,13,0.0,-35.5,1
1,13,220564,4.7326,39.6,29.15,-41.0,13,0.0,-35.5,1
1,13,221290,4.5974,39.6,29.15,-41.0,13,0.0,-35.5,1
1,13,222016,3.5382,39.6,29.14,-41.0,13,0.0,-35.5,1
1,13,222742,3.8762,38.6,29.14,-41.0,13,0.0,-35.5,1
1,13,223468,3.6283,39.6,29.14,-41.0,13,0.0,-35.5,1
1,13,224194,4.6875,39.6,29.14,-41.0,13,0.0,-35.5,1
1,13,224920,4.6424,38.6,29.14,-40.5,13,0.0,-35.5,1
1,13,225646,4.2142,38.6,29.14,-41.0,13,0.0,-35.5,1
1,13,226372,4.2142,39.6,29.15,-41.0,13,0.0,-35.5,1
1,13,227098,3.5156,39.6,29.14,-41.0,13,0.0,-35.5,1
1,13,227824,4.5523,39.6,29.14,-41.0,13,0.0,-35.5,1
1,13,228550,5.2509,39.6,29.14,-40.5,13,0.0,-35.5,1
1,13,229276,3.6734,39.6,29.14,-41.0,13,0.0,-35.5,1
1,13,230002,4.1016,39.6,29.14,-41.0,13,0.0,-35.5,1
1,13,230728,5.2960,39.6,29.14,-41.0,13,0.0,-35.5,1
1,13,231454,4.9805,40.6,29.14,-41.0,13,0.0,-35.5,1
1,13,232180,4.2368,40.6,29.14,-40.5,13,0.0,-35.5,1
1,13,232906,3.9889,39.6,29.13,-41.0,13,0.0,-35.5,1
1,13,233632,3.7861,39.6,29.14,-41.0,13,0.0,-35.5,1
1,13,234358,3.7861,39.6,29.13,-41.0,13,0.0,-35.5,1
1,13,235084,4.1016,39.6,29.13,-41.0,13,0.0,-35.5,1
1,13,235810,4.5523,39.6,29.13,-41.0,13,0.0,-35.5,1
1,13,236536,4.3495,39.6,29.13,-41.0,13,0.0,-35.5,1
1,13,237262,3.7861,39.6,29.13,-41.0,13,0.0,-35.5,1
1,13,237988,3.3804,39.6,29.13,-41.0,13,0.0,-35.5,1
1,13,238714,4.7551,39.6,29.13,-41.0,13,0.0,-35.5,1
1,13,239440,4.0114,39.6,29.13,-41.0,13,0.0,-35.5,1
1,13,240166,4.0790,39.6,29.13,-40.5,13,0.0,-35.5,1
1,13,240892,3.3804,39.6,29.13,-41.0,13,0.0,-35.5,1
1,13,241618,4.6199,40.6,29.13,-41.0,13,0.0,-35.5,1
1,13,242344,4.6199,40.6,29.13,-41.0,13,0.0,-35.5,1
1,13,243070,3.8987,39.6,29.13,-41.0,13,0.0,-35.5,1
1,13,243796,5.2734,39.6,29.13,-41.0,13,0.0,-35.5,1
1,13,244522,3.8311,39.6,29.13,-41.0,13,0.0,-35.5,1
1,13,245248,4.9579,39.6,29.13,-41.0,13,0.0,-35.5,1
1,13,245974,4.7326,39.6,29.13,-41.0,13,0.0,-35.5,1
1,13,246700,4.3945,39.6,29.12,-41.0,13,0.0,-35.5,1
1,13,247426,3.8987,39.6,29.13,-41.0,13,0.0,-35.5,1
1,13,248152,4.0790,39.6,29.13,-41.0,13,0.0,-35.5,1
1,13,248878,4.4396,39.6,29.13,-41.0,13,0.0,-35.5,1
1,13,249604,4.5748,39.6,29.12,-41.0,13,0.0,-35.5,1
1,13,250330,4.5748,39.6,29.12,-41.0,13,0.0,-35.5,1
1,13,251056,4.8903,40.6,29.12,-41.0,13,0.0,-35.5,1
1,13,251782,5.0706,39.6,29.12,-41.0,13,0.0,-35.5,1
1,13,252508,4.9354,40.6,29.12,-41.0,13,0.0,-35.5,1
1,13,253234,4.1241,39.6,29.12,-41.0,13,0.0,-35.5,1
1,13,253960,4.1917,39.6,29.12,-41.0,13,0.0,-35.5,1
1,13,254686,3.9889,39.6,29.12,-41.0,13,0.0,-35.5,1
1,13,255412,4.4396,39.6,29.12,-41.0,13,0.0,-35.5,1
1,13,256138,4.5297,40.6,29.11,-41.0,13,0.0,-35.5,1
1,13,256864,4.2819,40.6,29.11,-41.0,13,0.0,-35.5,1
1,13,257590,3.6734,39.6,29.12,-41.0,13,0.0,-35.5,1
1,13,258316,3.6734,40.6,29.11,-41.0,13,0.0,-35.5,1
1,13,259042,4.3720,40.6,29.12,-41.0,13,0.0,-35.5,1
1,13,259768,4.2819,40.6,29.11,-41.0,13,0.0,-35.5,1
1,13,260494,4.9805,39.6,29.11,-41.0,13,0.0,-35.5,1
1,13,261220,4.3495,39.6,29.11,-41.0,13,0.0,-35.5,1
1,13,261946,4.3720,39.6,29.11,-41.0,13,0.0,-35.5,1
1,13,262672,3.5156,39.6,29.11,-41.0,13,0.0,-35.5,1
1,13,263398,4.2142,39.6,29.11,-41.0,13,0.0,-35.5,1
1,13,264124,4.3044,39.6,29.11,-41.0,13,0.0,-35.5,1
1,13,264850,3.5382,39.6,29.11,-41.0,13,0.0,-35.5,1
1,13,265576,4.7326,38.6,29.11,-41.0,13,0.0,-35.5,1
1,13,266302,4.7100,38.6,29.11,-41.0,13,0.0,-35.5,1
1,13,267028,4.8227,39.6,29.11,-41.0,13,0.0,-35.5,1
1,13,267754,3.4706,39.6,29.11,-41.0,13,0.0,-35.5,1
1,13,268480,5.2058,40.6,29.11,-41.0,13,0.0,-35.5,1
1,13,269206,5.1157,40.6,29.11,-41.0,13,0.0,-35.5,1
1,13,269932,4.6424,40.6,29.11,-40.5,13,0.0,-35.5,1
1,13,270658,4.3720,39.6,29.10,-41.0,13,0.0,-35.5,1
1,13,271384,3.6058,40.6,29.10,-41.0,13,0.0,-35.5,1
1,13,272110,4.8002,39.6,29.10,-41.0,13,0.0,-35.5,1
1,13,272836,3.4931,39.6,29.10,-41.0,13,0.0,-35.5,1
1,13,273562,4.4847,39.6,29.10,-41.0,13,0.0,-35.5,1
1,13,274288,4.1241,39.6,29.10,-41.0,13,0.0,-35.5,1
1,13,275014,4.1692,39.6,29.10,-41.0,13,0.0,-35.5,1
1,13,275740,3.9663,39.6,29.10,-41.0,13,0.0,-35.5,1
1,13,276466,4.8002,38.6,29.10,-41.0,13,0.0,-35.5,1
1,13,277192,5.0255,39.6,29.10,-41.0,13,0.0,-35.5,1
1,13,277918,4.6875,39.6,29.09,-41.0,13,0.0,-35.5,1
1,13,278644,4.6875,39.6,29.10,-41.0,13,0.0,-35.5,1
1,13,279370,4.6199,39.6,29.10,-41.0,13,0.0,-35.5,1
1,13,280096,4.6199,38.6,29.10,-41.0,13,0.0,-35.5,1
1,13,280822,4.9354,39.6,29.10,-41.0,13,0.0,-35.5,1
1,13,281548,3.5382,39.6,29.10,-41.0,13,0.0,-35.5,1
1,13,282274,4.8002,39.6,29.09,-41.0,13,0.0,-35.5,1
1,13,283000,5.2284,39.6,29.10,-41.0,13,0.0,-35.5,1
1,13,283726,5.1382,39.6,29.09,-41.0,13,0.0,-35.5,1
1,13,284452,3.8537,39.6,29.10,-41.0,13,0.0,-35.5,1
1,13,285178,3.6058,39.6,29.09,-41.0,13,0.0,-35.5,1
1,13,285904,4.2819,39.6,29.10,-41.0,13,0.0,-35.5,1
1,13,286630,4.8002,39.6,29.09,-41.0,13,0.0,-35.5,1
1,13,287356,5.3410,39.6,29.09,-41.0,13,0.0,-35.5,1
1,13,288082,5.3410,38.6,29.09,-41.0,13,0.0,-35.5,1
1,13,288808,4.1241,39.6,29.09,-41.0,13,0.0,-35.5,1
1,13,289534,3.7410,39.6,29.09,-41.0,13,0.0,-35.5,1
1,13,290260,3.8086,39.6,29.08,-41.0,13,0.0,-35.5,1
1,13,290986,3.6283,40.6,29.08,-41.0,13,0.0,-35.5,1
1,13,291712,3.9213,39.6,29.09,-41.0,13,0.0,-35.5,1
1,13,292438,3.6058,39.6,29.09,-41.0,13,0.0,-35.5,1
1,13,293164,4.1917,39.6,29.08,-41.0,13,0.0,-35.5,1
1,13,293890,4.5297,39.6,29.08,-41.0,13,0.0,-35.5,1
1,13,294616,3.8086,39.6,29.08,-41.0,13,0.0,-35.5,1
1,13,295342,4.8002,39.6,29.08,-41.0,13,0.0,-35.5,1
1,13,296068,4.8002,39.6,29.08,-41.0,13,0.0,-35.5,1
1,13,296794,4.4396,39.6,29.08,-40.5,13,0.0,-35.5,1
1,13,297520,5.0030,38.6,29.08,-41.0,13,0.0,-35.5,1
1,13,298246,5.1157,38.6,29.08,-40.5,13,0.0,-35.5,1
1,13,298972,4.4396,38.6,29.08,-41.0,13,0.0,-35.5,1
1,13,299698,3.6283,38.6,29.08,-41.0,13,0.0,-35.5,1
1,13,300424,4.4171,38.6,29.08,-41.0,13,0.0,-35.5,1
1,13,301150,3.9889,38.6,29.08,-41.0,13,0.0,-35.5,1
1,13,301876,3.6959,38.6,29.07,-41.0,13,0.0,-35.5,1
1,13,302602,3.7635,39.6,29.07,-40.5,13,0.0,-35.5,1
1,13,303328,3.6508,39.6,29.08,-41.0,13,0.0,-35.5,1
1,13,304054,3.6508,38.6,29.07,-41.0,13,0.0,-35.5,1
1,13,304780,4.4396,38.6,29.07,-41.0,13,0.0,-35.5,1
1,13,305506,5.4087,39.6,29.07,-41.0,13,0.0,-35.5,1
1,13,306232,4.1917,39.6,29.07,-41.0,13,0.0,-35.5,1
1,13,306958,4.3044,39.6,29.07,-41.0,13,0.0,-35.5,1
1,13,307684,5.3185,39.6,29.08,-41.0,13,0.0,-35.5,1
1,13,308410,3.7410,39.6,29.07,-41.0,13,0.0,-35.5,1
1,13,309136,3.5382,39.6,29.07,-41.0,13,0.0,-35.5,1
1,13,309862,5.7016,39.6,29.07,-41.0,13,0.0,-35.5,1
1,13,310588,4.9354,39.6,29.07,-41.0,13,0.0,-35.5,1
1,13,311314,5.1833,39.6,29.07,-41.0,13,0.0,-35.5,1
1,13,312040,5.1833,39.6,29.07,-41.0,13,0.0,-35.5,1
1,13,312766,4.6875,39.6,29.07,-41.0,13,0.0,-35.5,1
1,13,313492,3.4029,39.6,29.07,-41.0,13,0.0,-35.5,1
1,13,314218,3.6959,39.6,29.07,-41.0,13,0.0,-35.5,1
1,13,314944,4.4621,39.6,29.07,-41.0,13,0.0,-35.5,1
1,13,315670,3.5156,39.6,29.07,-41.0,13,0.0,-35.5,1
1,13,316396,3.6734,39.6,29.06,-41.0,13,0.0,-35.5,1
1,13,317122,5.4763,39.6,29.06,-41.0,13,0.0,-35.5,1
1,13,317848,4.9805,40.6,29.06,-41.0,13,0.0,-35.5,1
1,13,318574,4.5974,40.6,29.06,-41.0,13,0.0,-35.5,1
1,13,319300,3.8987,40.6,29.06,-41.0,13,0.0,-35.5,1
1,13,320026,4.9129,39.6,29.06,-41.0,13,0.0,-35.5,1
1,13,320752,4.2368,39.6,29.06,-41.0,13,0.0,-35.5,1
1,13,321478,4.6650,39.6,29.06,-40.5,13,0.0,-35.5,1
1,13,322204,4.5748,39.6,29.06,-41.0,13,0.0,-35.5,1
1,13,322930,3.8086,39.6,29.06,-41.0,13,0.0,-35.5,1
1,13,323656,3.9889,39.6,29.06,-41.0,13,0.0,-35.5,1
1,13,324382,4.3945,39.6,29.05,-41.0,13,0.0,-35.5,1
1,13,325108,4.1692,39.6,29.06,-40.5,13,0.0,-35.5,1
1,13,325834,3.6508,39.6,29.05,-41.0,13,0.0,-35.5,1
1,13,326560,3.9889,40.6,29.06,-41.0,13,0.0,-35.5,1
1,13,327286,3.8086,39.6,29.05,-41.0,13,0.0,-35.5,1
1,13,328012,3.8311,40.6,29.06,-41.0,13,0.0,-35.5,1
1,13,328738,4.5748,39.6,29.05,-41.0,13,0.0,-35.5,1
1,13,329464,4.8002,39.6,29.05,-41.0,13,0.0,-35.5,1
1,13,330190,4.5523,39.6,29.05,-41.0,13,0.0,-35.5,1
1,13,330916,4.6650,39.6,29.05,-41.0,13,0.0,-35.5,1
1,13,331642,4.5748,39.6,29.05,-40.5,13,0.0,-35.5,1
1,13,332368,4.6199,39.6,29.05,-41.0,13,0.0,-35.5,1
1,13,333094,5.1157,39.6,29.05,-41.0,13,0.0,-35.5,1
1,13,333820,5.1157,39.6,29.05,-41.0,13,0.0,-35.5,1
1,13,334546,4.5523,39.6,29.05,-41.0,13,0.0,-35.5,1
1,13,335272,5.2058,39.6,29.05,-41.0,13,0.0,-35.5,1
1,13,335998,3.9663,39.6,29.05,-41.0,13,0.0,-35.5,1
1,13,336724,3.7184,39.6,29.04,-41.0,13,0.0,-35.5,1
1,13,337450,4.4847,40.6,29.04,-41.0,13,0.0,-35.5,1
1,13,338176,3.7635,40.6,29.05,-41.0,13,0.0,-35.5,1
1,13,338902,3.8537,39.6,29.05,-41.0,13,0.0,-35.5,1
1,13,339628,5.3861,39.6,29.04,-41.0,13,0.0,-35.5,1
1,13,340354,3.8987,39.6,29.04,-41.0,13,0.0,-35.5,1
1,13,341080,4.3269,39.6,29.04,-41.0,13,0.0,-35.5,1
1,13,341806,4.3269,39.6,29.04,-41.0,13,0.0,-35.5,1
1,13,342532,3.7184,39.6,29.04,-41.0,13,0.0,-35.5,1
1,13,343258,3.8086,39.6,29.04,-41.0,13,0.0,-35.5,1
1,13,343984,4.6875,39.6,29.04,-41.0,13,0.0,-35.5,1
1,13,344710,4.7326,39.6,29.04,-41.0,13,0.0,-35.5,1
1,13,345436,4.5523,39.6,29.04,-41.0,13,0.0,-35.5,1
1,13,346162,5.2734,39.6,29.04,-41.0,13,0.0,-35.5,1
1,13,346888,4.0114,39.6,29.04,-41.0,13,0.0,-35.5,1
1,13,347614,4.3495,39.6,29.03,-40.5,13,0.0,-35.5,1
1,13,348340,4.5748,39.6,29.03,-41.0,13,0.0,-35.5,1
1,13,349066,4.4396,39.6,29.04,-41.0,13,0.0,-35.5,1
1,13,349792,4.4396,39.6,29.03,-41.0,13,0.0,-35.5,1
1,13,350518,5.2734,39.6,29.03,-41.0,13,0.0,-35.5,1
1,13,351244,5.0481,39.6,29.04,-41.0,13,0.0,-35.5,1
1,13,351970,4.5297,39.6,29.03,-41.0,13,0.0,-35.5,1
1,13,352696,4.5974,39.6,29.03,-41.0,13,0.0,-35.5,1
1,13,353422,4.3945,39.6,29.03,-41.0,13,0.0,-35.5,1
1,13,354148,5.4312,40.6,29.03,-41.0,13,0.0,-35.5,1
1,13,354874,4.9805,39.6,29.03,-41.0,13,0.0,-35.5,1
1,13,355600,4.5297,39.6,29.03,-41.0,13,0.0,-35.5,1
1,13,356326,4.2819,39.6,29.03,-41.0,13,0.0,-35.5,1
1,13,357052,3.8537,39.6,29.03,-41.0,13,0.0,-35.5,1
1,13,357778,3.8537,39.6,29.02,-41.0,13,0.0,-35.5,1
1,13,358504,5.0706,39.6,29.03,-40.5,13,0.0,-35.5,1
1,13,359230,4.5974,39.6,29.03,-41.0,13,0.0,-35.5,1
1,13,359956,4.1016,39.6,29.03,-41.0,13,0.0,-35.5,1
1,13,360682,3.9213,39.6,29.02,-41.0,13,0.0,-35.5,1
1,13,361408,4.5974,39.6,29.03,-41.0,13,0.0,-35.5,1
1,13,362134,4.3495,39.6,29.03,-41.0,13,0.0,-35.5,1
1,13,362860,4.0114,39.6,29.02,-40.5,13,0.0,-35.5,1
1,13,363586,4.6650,39.6,29.02,-41.0,13,0.0,-35.5,1
1,13,364312,3.6959,39.6,29.02,-41.0,13,0.0,-35.5,1
1,13,365038,3.8762,39.6,29.03,-41.0,13,0.0,-35.5,1
1,13,365764,3.8762,39.6,29.02,-41.0,13,0.0,-35.5,1
1,13,366490,4.3044,38.6,29.02,-41.0,13,0.0,-35.5,1
1,13,367216,3.5382,39.6,29.02,-41.0,13,0.0,-35.5,1
1,13,367942,4.1016,39.6,29.02,-41.0,13,0.0,-35.5,1
1,13,368668,5.4763,39.6,29.02,-41.0,13,0.0,-35.5,1
1,12,6394,5.5439,38.6,29.01,-41.0,12,0.0,-35.5,1
1,12,7120,4.1917,38.6,29.01,-41.0,12,0.0,-35.5,1
1,12,7846,4.6650,38.6,29.01,-41.0,12,0.0,-35.5,1
1,12,8572,5.2734,38.6,29.01,-41.0,12,0.0,-35.5,1
1,12,9298,3.5832,38.6,29.01,-41.0,12,0.0,-35.5,1
1,12,10024,3.6508,38.6,29.01,-41.0,12,0.0,-35.5,1
1,12,10750,4.5974,39.6,29.01,-41.0,12,0.0,-35.5,1
1,12,11476,4.5974,39.6,29.01,-41.0,12,0.0,-35.5,1
1,12,12202,4.6199,39.6,29.01,-41.0,12,0.0,-35.5,1
1,12,12928,5.1382,39.6,29.01,-41.0,12,0.0,-35.5,1
1,12,13654,3.7861,38.6,29.01,-41.0,12,0.0,-35.5,1
1,12,14380,4.7100,38.6,29.01,-41.0,12,0.0,-35.5,1
1,12,15106,5.1833,39.6,29.01,-41.0,12,0.0,-35.5,1
1,12,15832,4.5072,38.6,29.01,-41.0,12,0.0,-35.5,1
1,12,16558,4.1016,39.6,29.00,-41.0,12,0.0,-35.5,1
1,12,17284,4.7326,38.6,29.01,-41.0,12,0.0,-35.5,1
1,12,18010,4.3269,38.6,29.01,-41.0,12,0.0,-35.5,1
1,12,18736,4.5974,38.6,29.01,-41.0,12,0.0,-35.5,1
1,12,19462,4.5974,39.6,29.01,-41.0,12,0.0,-35.5,1
1,12,20188,3.8537,39.6,29.01,-41.0,12,0.0,-35.5,1
1,12,20914,4.7100,39.6,29.01,-41.0,12,0.0,-35.5,1
1,12,21640,4.3044,39.6,29.02,-41.0,12,0.0,-35.5,1
1,12,22366,4.3720,39.6,29.01,-41.0,12,0.0,-35.5,1
1,12,23092,3.9213,39.6,29.01,-41.0,12,0.0,-35.5,1
1,12,23818,4.2368,39.6,29.01,-41.0,12,0.0,-35.5,1
1,12,24544,4.3269,39.6,29.01,-41.0,12,0.0,-35.5,1
1,12,25270,5.4537,39.6,29.01,-41.0,12,0.0,-35.5,1
1,12,25996,4.4396,39.6,29.01,-41.0,12,0.0,-35.5,1
1,12,26722,3.6734,39.6,29.01,-41.0,12,0.0,-35.5,1
1,12,27448,3.6734,39.6,29.01,-41.0,12,0.0,-35.5,1
1,12,28174,4.4847,39.6,29.01,-41.0,12,0.0,-35.5,1
1,12,28900,4.5748,39.6,29.01,-41.0,12,0.0,-35.5,1
1,12,29626,4.9805,39.6,29.01,-41.0,12,0.0,-35.5,1
1,12,30352,4.3044,38.6,29.01,-41.0,12,0.0,-35.5,1
1,12,31078,4.5748,38.6,29.01,-41.0,12,0.0,-35.5,1
1,12,31804,3.5607,38.6,29.01,-41.0,12,0.0,-35.5,1
1,12,32530,4.3945,38.6,29.01,-41.0,12,0.0,-35.5,1
1,12,33256,4.1917,39.6,29.01,-41.0,12,0.0,-35.5,1
1,12,33982,4.7551,38.6,29.01,-41.0,12,0.0,-35.5,1
1,12,34708,4.2593,38.6,29.01,-41.0,12,0.0,-35.5,1
1,12,35434,4.2142,39.6,29.01,-41.0,12,0.0,-35.5,1
1,12,36160,5.1833,39.6,29.01,-41.0,12,0.0,-35.5,1
1,12,36886,4.3495,39.6,29.01,-41.0,12,0.0,-35.5,1
1,12,37612,4.0114,39.6,29.00,-41.0,12,0.0,-35.5,1
1,12,38338,4.8678,39.6,29.01,-41.0,12,0.0,-35.5,1
1,12,39064,3.7635,39.6,29.01,-41.0,12,0.0,-35.5,1
1,12,39790,4.9354,39.6,29.01,-41.0,12,0.0,-35.5,1
1,12,40516,4.5297,39.6,29.01,-41.0,12,0.0,-35.5,1
1,12,41242,4.2142,39.6,29.02,-41.0,12,0.0,-35.5,1
1,12,41968,5.0931,39.6,29.02,-41.0,12,0.0,-35.5,1
1,12,42694,5.2284,39.6,29.01,-41.0,12,0.0,-35.5,1
1,12,43420,4.8227,39.6,29.01,-41.0,12,0.0,-35.5,1
1,12,44146,4.2142,39.6,29.01,-41.0,12,0.0,-35.5,1
1,12,44872,4.1241,39.6,29.01,-41.0,12,0.0,-35.5,1
1,12,45598,4.4171,39.6,29.01,-41.0,12,0.0,-35.5,1
1,12,46324,3.5382,39.6,29.01,-41.0,12,0.0,-35.5,1
1,12,47050,5.4763,39.6,29.01,-41.0,12,0.0,-35.5,1
1,12,47776,3.6508,39.6,29.01,-41.0,12,0.0,-35.5,1
1,12,48502,5.1608,39.6,29.01,-41.0,12,0.0,-35.5,1
1,12,49228,5.1608,39.6,29.01,-41.0,12,0.0,-35.5,1
1,12,49954,4.1692,39.6,29.01,-41.0,12,0.0,-35.5,1
1,12,50680,5.1833,39.6,29.01,-41.0,12,0.0,-35.5,1
1,12,51406,3.6283,39.6,29.01,-41.0,12,0.0,-35.5,1
1,12,52132,4.6650,39.6,29.01,-41.0,12,0.0,-35.5,1
1,12,52858,5.2509,39.6,29.01,-41.0,12,0.0,-35.5,1
1,12,53584,3.7410,39.6,29.01,-41.0,12,0.0,-35.5,1
1,12,54310,4.6199,39.6,29.01,-41.0,12,0.0,-35.5,1
1,12,55036,5.0706,39.6,29.00,-41.0,12,0.0,-35.5,1
1,12,55762,4.4847,38.6,29.01,-41.0,12,0.0,-35.5,1
1,12,56488,3.7184,38.6,29.01,-41.0,12,0.0,-35.5,1
1,12,57214,3.7184,38.6,29.01,-41.0,12,0.0,-35.5,1
1,12,57940,4.3269,38.6,29.01,-41.0,12,0.0,-35.5,1
1,12,58666,4.6199,39.6,29.01,-41.0,12,0.0,-35.5,1
1,12,59392,5.2509,39.6,29.01,-41.0,12,0.0,-35.5,1
1,12,60118,3.6283,39.6,29.01,-41.0,12,0.0,-35.5,1
1,12,60844,4.3269,39.6,29.01,-41.0,12,0.0,-35.5,1
1,12,61570,4.5072,39.6,29.00,-41.0,12,0.0,-35.5,1
1,12,62296,5.4312,39.6,29.01,-41.0,12,0.0,-35.5,1
1,12,63022,5.0931,39.6,29.00,-41.0,12,0.0,-35.5,1
1,12,63748,4.1692,39.6,29.01,-41.0,12,0.0,-35.5,1
1,12,64474,4.1917,39.6,29.00,-41.0,12,0.0,-35.5,1
1,12,65200,4.1917,39.6,29.01,-41.0,12,0.0,-35.5,1
1,12,65926,4.9129,39.6,29.01,-41.0,12,0.0,-35.5,1
1,12,66652,5.2960,38.6,29.01,-41.0,12,0.0,-35.5,1
1,12,67378,3.5156,39.6,29.01,-41.0,12,0.0,-35.5,1
1,12,68104,3.7635,39.6,29.01,-41.0,12,0.0,-35.5,1
1,12,68830,4.4847,38.6,29.01,-41.0,12,0.0,-35.5,1
1,12,69556,4.3269,39.6,29.00,-41.0,12,0.0,-35.5,1
1,12,70282,5.4537,39.6,29.00,-41.0,12,0.0,-35.5,1
1,12,71008,4.6650,39.6,29.00,-41.0,12,0.0,-35.5,1
1,12,71734,4.3269,38.6,29.00,-41.0,12,0.0,-35.5,1
1,12,72460,5.1833,39.6,29.00,-41.0,12,0.0,-35.5,1
1,12,73186,5.1833,39.6,29.00,-41.0,12,0.0,-35.5,1
1,12,73912,4.5974,39.6,29.00,-41.0,12,0.0,-35.5,1
1,12,74638,4.5297,39.6,29.00,-41.0,12,0.0,-35.5,1
1,12,75364,4.5748,39.6,29.00,-41.0,12,0.0,-35.5,1
1,12,76090,5.1157,39.6,29.00,-41.0,12,0.0,-35.5,1
1,12,76816,4.3945,39.6,29.00,-41.0,12,0.0,-35.5,1
1,12,77542,3.6734,38.6,29.00,-41.0,12,0.0,-35.5,1
1,12,78268,5.2734,38.6,29.00,-41.0,12,0.0,-35.5,1
1,12,78994,4.2368,38.6,29.00,-41.0,12,0.0,-35.5,1
1,12,79720,4.2593,39.6,29.00,-41.0,12,0.0,-35.5,1
1,12,80446,5.1157,39.6,29.00,-41.0,12,0.0,-35.5,1
1,12,81172,5.1157,39.6,28.99,-41.0,12,0.0,-35.5,1
1,12,81898,4.4171,39.6,29.00,-41.0,12,0.0,-35.5,1
1,12,82624,4.4171,39.6,29.00,-41.0,12,0.0,-35.5,1
1,12,83350,3.7410,39.6,29.00,-41.0,12,0.0,-35.5,1
1,12,84076,4.3269,39.6,29.00,-41.0,12,0.0,-35.5,1
1,12,84802,4.4621,39.6,29.00,-41.0,12,0.0,-35.5,1
1,12,85528,4.4621,39.6,29.00,-41.0,12,0.0,-35.5,1
1,12,86254,3.5832,39.6,28.99,-41.0,12,0.0,-35.5,1
1,12,86980,5.2960,39.6,28.99,-41.0,12,0.0,-35.5,1
1,12,87706,5.0255,39.6,28.98,-41.0,12,0.0,-35.5,1
1,12,88432,5.6115,39.6,28.98,-41.0,12,0.0,-35.5,1
1,12,89158,5.6115,39.6,28.98,-41.0,12,0.0,-35.5,1
1,12,89884,4.5523,39.6,28.98,-41.0,12,0.0,-35.5,1
1,12,90610,4.5523,39.6,28.99,-41.0,12,0.0,-35.5,1
1,12,91336,4.5748,39.6,28.98,-41.0,12,0.0,-35.5,1
1,12,92062,5.2509,39.6,28.99,-41.0,12,0.0,-35.5,1
1,12,92788,4.7776,39.6,28.98,-41.0,12,0.0,-35.5,1
1,12,93514,4.1016,38.6,28.98,-41.0,12,0.0,-35.5,1
1,12,94240,4.5297,39.6,28.98,-41.0,12,0.0,-35.5,1
1,12,94966,4.4396,39.6,28.98,-41.0,12,0.0,-35.5,1
1,12,95692,4.5974,39.6,28.98,-41.0,12,0.0,-35.5,1
1,12,96418,4.6875,39.6,28.98,-41.0,12,0.0,-35.5,1
1,12,97144,4.3044,38.6,28.99,-41.0,12,0.0,-35.5,1
1,12,97870,5.4988,39.6,28.98,-41.0,12,0.0,-35.5,1
1,12,98596,4.3720,39.6,28.98,-41.0,12,0.0,-35.5,1
1,12,99322,4.4396,39.6,28.98,-41.0,12,0.0,-35.5,1
1,12,100048,4.3720,39.6,28.98,-41.0,12,0.0,-35.5,1
1,12,100774,4.5297,39.6,28.98,-41.0,12,0.0,-35.5,1
1,12,101500,4.9805,39.6,28.98,-41.0,12,0.0,-35.5,1
1,12,102226,4.8678,39.6,28.98,-41.0,12,0.0,-35.5,1
1,12,102952,-8.5862,38.6,28.98,-41.0,12,0.0,-35.5,0
1,12,103678,4.3269,38.6,28.97,-41.0,12,0.0,-35.5,1
1,12,104404,3.6283,38.6,28.97,-41.0,12,0.0,-35.5,1
1,12,105130,4.3044,38.6,28.97,-41.0,12,0.0,-35.5,1
1,12,105856,4.3495,38.6,28.97,-41.0,12,0.0,-35.5,1
1,12,106582,5.2509,38.6,28.98,-41.0,12,0.0,-35.5,1
1,12,107308,4.3495,38.6,28.98,-41.0,12,0.0,-35.5,1
1,12,108034,5.2058,38.6,28.97,-41.0,12,0.0,-35.5,1
1,12,108760,5.2734,39.6,28.97,-41.0,12,0.0,-35.5,1
1,12,109486,4.4396,39.6,28.97,-41.0,12,0.0,-35.5,1
1,12,110212,4.3945,39.6,28.97,-41.0,12,0.0,-35.5,1
1,12,110938,4.3945,39.6,28.97,-41.0,12,0.0,-35.5,1
1,12,111664,5.1382,39.6,28.97,-41.0,12,0.0,-35.5,1
1,12,112390,4.4847,39.6,28.98,-41.0,12,0.0,-35.5,1
1,12,113116,3.6283,38.6,28.97,-41.0,12,0.0,-35.5,1
1,12,113842,4.8678,38.6,28.97,-41.0,12,0.0,-35.5,1
1,12,114568,4.9579,39.6,28.97,-41.0,12,0.0,-35.5,1
1,12,115294,4.5523,39.6,28.98,-41.0,12,0.0,-35.5,1
1,12,116020,4.5297,38.6,28.97,-41.0,12,0.0,-35.5,1
1,12,116746,4.5072,39.6,28.97,-41.0,12,0.0,-35.5,1
1,12,117472,4.6875,38.6,28.98,-41.0,12,0.0,-35.5,1
1,12,118198,4.3044,38.6,28.97,-41.0,12,0.0,-35.5,1
1,12,118924,4.3044,38.6,28.97,-41.0,12,0.0,-35.5,1
1,12,119650,4.3044,39.6,28.97,-41.0,12,0.0,-35.5,1
1,12,120376,4.7100,39.6,28.97,-41.0,12,0.0,-35.5,1
1,12,121102,4.4396,39.6,28.96,-41.0,12,0.0,-35.5,1
1,12,121828,5.3185,39.6,28.97,-41.0,12,0.0,-35.5,1
1,12,122554,4.0790,39.6,28.96,-41.0,12,0.0,-35.5,1
1,12,123280,4.2819,39.6,28.96,-41.0,12,0.0,-35.5,1
1,12,124006,4.9805,39.6,28.96,-41.0,12,0.0,-35.5,1
1,12,124732,4.4847,39.6,28.96,-41.0,12,0.0,-35.5,1
1,12,125458,4.6424,39.6,28.96,-41.0,12,0.0,-35.5,1
1,12,126184,4.4171,39.6,28.96,-41.0,12,0.0,-35.5,1
1,12,126910,4.4171,39.6,28.96,-41.0,12,0.0,-35.5,1
1,12,127636,4.3945,39.6,28.96,-41.0,12,0.0,-35.5,1
1,12,128362,4.4847,39.6,28.95,-41.0,12,0.0,-35.5,1
1,12,129088,4.4621,39.6,28.96,-41.0,12,0.0,-35.5,1
1,12,129814,5.3185,38.6,28.96,-41.0,12,0.0,-35.5,1
1,12,130540,5.2284,38.6,28.96,-41.0,12,0.0,-35.5,1
1,12,131266,4.5072,39.6,28.95,-41.0,12,0.0,-35.5,1
1,12,131992,5.0931,39.6,28.95,-41.0,12,0.0,-35.5,1
1,12,132718,4.5523,39.6,28.95,-41.0,12,0.0,-35.5,1
1,12,133444,5.0030,39.6,28.95,-41.0,12,0.0,-35.5,1
1,12,134170,4.8453,39.6,28.96,-41.0,12,0.0,-35.5,1
1,12,134896,4.8453,38.6,28.95,-41.0,12,0.0,-35.5,1
1,12,135622,3.4706,39.6,28.95,-41.0,12,0.0,-35.5,1
1,12,136348,5.3185,39.6,28.95,-41.0,12,0.0,-35.5,1
1,12,137074,4.5523,39.6,28.95,-41.0,12,0.0,-35.5,1
1,12,137800,4.4847,38.6,28.95,-41.0,12,0.0,-35.5,1
1,12,138526,5.1382,39.6,28.96,-41.0,12,0.0,-35.5,1
1,12,139252,4.3945,39.6,28.95,-41.0,12,0.0,-35.5,1
1,12,139978,4.3945,39.6,28.95,-41.0,12,0.0,-35.5,1
1,12,140704,4.4396,39.6,28.95,-40.5,12,0.0,-35.5,1
1,12,141430,4.6424,39.6,28.95,-41.0,12,0.0,-35.5,1
1,12,142156,4.4847,39.6,28.95,-41.0,12,0.0,-35.5,1
1,12,142882,4.4847,39.6,28.95,-41.0,12,0.0,-35.5,1
1,12,143608,3.6734,39.6,28.95,-41.0,12,0.0,-35.5,1
1,12,144334,4.2819,39.6,28.95,-41.0,12,0.0,-35.5,1
1,12,145060,5.1608,38.6,28.94,-41.0,12,0.0,-35.5,1
1,12,145786,5.5889,38.6,28.94,-41.0,12,0.0,-35.5,1
1,12,146512,4.4171,38.6,28.94,-41.0,12,0.0,-35.5,1
1,12,147238,4.3269,39.6,28.94,-41.0,12,0.0,-35.5,1
1,12,147964,4.5297,38.6,28.94,-41.0,12,0.0,-35.5,1
1,12,148690,4.1241,38.6,28.94,-41.0,12,0.0,-35.5,1
1,12,149416,3.8086,39.6,28.94,-41.0,12,0.0,-35.5,1
1,12,150142,5.0255,39.6,28.94,-41.0,12,0.0,-35.5,1
1,12,150868,4.5748,38.6,28.94,-41.0,12,0.0,-35.5,1
1,12,151594,4.3495,39.6,28.94,-41.0,12,0.0,-35.5,1
1,12,152320,4.4396,39.6,28.94,-41.0,12,0.0,-35.5,1
1,12,153046,4.3269,39.6,28.94,-41.0,12,0.0,-35.5,1
1,12,153772,3.7861,38.6,28.94,-41.0,12,0.0,-35.5,1
1,12,154498,4.7776,39.6,28.94,-41.0,12,0.0,-35.5,1
1,12,155224,3.6959,39.6,28.94,-41.0,12,0.0,-35.5,1
1,12,155950,4.8227,39.6,28.94,-41.0,12,0.0,-35.5,1
1,12,156676,3.6959,39.6,28.93,-41.0,12,0.0,-35.5,1
1,12,157402,4.5297,39.6,28.94,-41.0,12,0.0,-35.5,1
1,12,158128,5.0931,38.6,28.94,-41.0,12,0.0,-35.5,1
1,12,158854,5.0030,38.6,28.93,-41.0,12,0.0,-35.5,1
1,12,159580,5.2509,38.6,28.93,-41.0,12,0.0,-35.5,1
1,12,160306,4.5072,38.6,28.93,-41.0,12,0.0,-35.5,1
1,12,161032,4.2819,38.6,28.93,-41.0,12,0.0,-35.5,1
1,12,161758,4.1466,38.6,28.92,-41.0,12,0.0,-35.5,1
1,12,162484,4.3945,38.6,28.93,-41.0,12,0.0,-35.5,1
1,12,163210,5.1382,38.6,28.93,-41.0,12,0.0,-35.5,1
1,12,163936,4.4396,39.6,28.93,-41.0,12,0.0,-35.5,1
1,12,164662,4.4396,39.6,28.93,-41.0,12,0.0,-35.5,1
1,12,165388,4.4621,39.6,28.93,-41.0,12,0.0,-35.5,1
1,12,166114,4.6424,39.6,28.93,-41.0,12,0.0,-35.5,1
1,12,166840,4.6424,38.6,28.92,-41.0,12,0.0,-35.5,1
1,12,167566,4.8453,39.6,28.92,-41.0,12,0.0,-35.5,1
1,12,168292,4.1016,38.6,28.93,-41.0,12,0.0,-35.5,1
1,12,169018,3.4255,38.6,28.93,-41.0,12,0.0,-35.5,1
1,12,169744,3.5832,38.6,28.92,-41.0,12,0.0,-35.5,1
1,12,170470,4.3945,38.6,28.93,-41.0,12,0.0,-35.5,1
1,12,171196,4.1466,39.6,28.92,-41.0,12,0.0,-35.5,1
1,12,171922,5.0706,38.6,28.92,-41.0,12,0.0,-35.5,1
1,12,172648,5.0706,39.6,28.92,-41.0,12,0.0,-35.5,1
1,12,173374,5.3185,39.6,28.92,-41.0,12,0.0,-35.5,1
1,12,174100,5.0931,39.6,28.92,-41.0,12,0.0,-35.5,1
1,12,174826,4.5523,39.6,28.92,-41.0,12,0.0,-35.5,1
1,12,175552,4.1016,39.6,28.92,-41.0,12,0.0,-35.5,1
1,12,176278,4.1692,39.6,28.92,-41.0,12,0.0,-35.5,1
1,12,177004,4.6424,39.6,28.92,-41.0,12,0.0,-35.5,1
1,12,177730,4.5072,39.6,28.92,-41.0,12,0.0,-35.5,1
1,12,178456,4.4621,38.6,28.92,-41.0,12,0.0,-35.5,1
1,12,179182,4.1016,38.6,28.92,-41.0,12,0.0,-35.5,1
1,12,179908,3.5832,38.6,28.92,-41.0,12,0.0,-35.5,1
1,12,180634,3.5832,39.6,28.92,-41.0,12,0.0,-35.5,1
1,12,181360,5.0706,39.6,28.92,-41.0,12,0.0,-35.5,1
1,12,182086,4.2819,39.6,28.92,-41.0,12,0.0,-35.5,1
1,12,182812,4.3495,38.6,28.92,-41.0,12,0.0,-35.5,1
1,12,183538,4.5974,39.6,28.92,-41.0,12,0.0,-35.5,1
1,12,184264,4.3495,39.6,28.92,-41.0,12,0.0,-35.5,1
1,12,184990,4.5072,39.6,28.92,-41.0,12,0.0,-35.5,1
1,12,185716,5.1833,39.6,28.92,-41.0,12,0.0,-35.5,1
1,12,186442,4.5748,39.6,28.92,-41.0,12,0.0,-35.5,1
1,12,187168,4.0790,39.6,28.92,-41.0,12,0.0,-35.5,1
1,12,187894,4.2819,39.6,28.92,-41.0,12,0.0,-35.5,1
1,12,188620,4.2819,39.6,28.91,-41.0,12,0.0,-35.5,1
1,12,189346,3.7635,39.6,28.91,-41.0,12,0.0,-35.5,1
1,12,190072,3.7410,39.6,28.92,-41.0,12,0.0,-35.5,1
1,12,190798,5.0931,39.6,28.92,-41.0,12,0.0,-35.5,1
1,12,191524,3.4480,39.6,28.92,-41.0,12,0.0,-35.5,1
1,12,192250,3.9438,39.6,28.91,-41.0,12,0.0,-35.5,1
1,12,192976,3.6283,39.6,28.91,-40.5,12,0.0,-35.5,1
1,12,193702,5.1833,39.6,28.92,-41.0,12,0.0,-35.5,1
1,12,194428,3.7635,39.6,28.91,-41.0,12,0.0,-35.5,1
1,12,195154,4.8002,39.6,28.91,-41.0,12,0.0,-35.5,1
1,12,195880,4.6199,38.6,28.91,-41.0,12,0.0,-35.5,1
1,12,196606,4.6199,38.6,28.91,-41.0,12,0.0,-35.5,1
1,12,197332,3.9213,38.6,28.91,-41.0,12,0.0,-35.5,1
1,12,198058,5.3185,38.6,28.90,-41.0,12,0.0,-35.5,1
1,12,198784,3.9213,39.6,28.91,-41.0,12,0.0,-35.5,1
1,12,199510,4.5297,39.6,28.90,-41.0,12,0.0,-35.5,1
1,12,200236,4.4396,39.6,28.91,-41.0,12,0.0,-35.5,1
1,12,200962,3.6058,39.6,28.91,-41.0,12,0.0,-35.5,1
1,12,201688,4.7551,39.6,28.91,-41.0,12,0.0,-35.5,1
1,12,202414,3.6508,39.6,28.91,-41.0,12,0.0,-35.5,1
1,12,203140,4.6199,39.6,28.91,-41.0,12,0.0,-35.5,1
1,12,203866,4.3720,39.6,28.91,-41.0,12,0.0,-35.5,1
1,12,204592,4.8453,39.6,28.90,-41.0,12,0.0,-35.5,1
1,12,205318,5.1608,39.6,28.90,-41.0,12,0.0,-35.5,1
1,12,206044,5.6340,39.6,28.90,-41.0,12,0.0,-35.5,1
1,12,206770,5.0030,39.6,28.90,-41.0,12,0.0,-35.5,1
1,12,207496,5.3185,38.6,28.90,-41.0,12,0.0,-35.5,1
1,12,208222,4.8002,38.6,28.90,-41.0,12,0.0,-35.5,1
1,12,208948,4.6650,39.6,28.90,-41.0,12,0.0,-35.5,1
1,12,209674,4.4847,39.6,28.90,-41.0,12,0.0,-35.5,1
1,12,210400,4.2593,38.6,28.90,-41.0,12,0.0,-35.5,1
1,12,211126,3.7184,38.6,28.90,-41.0,12,0.0,-35.5,1
1,12,211852,3.6508,39.6,28.90,-41.0,12,0.0,-35.5,1
1,12,212578,4.3044,39.6,28.89,-41.0,12,0.0,-35.5,1
1,12,213304,5.0030,39.6,28.89,-41.0,12,0.0,-35.5,1
1,12,214030,5.1608,39.6,28.89,-41.0,12,0.0,-35.5,1
1,12,214756,5.2960,39.6,28.89,-41.0,12,0.0,-35.5,1
1,12,215482,4.8903,39.6,28.89,-41.0,12,0.0,-35.5,1
1,12,216208,5.1833,39.6,28.89,-41.0,12,0.0,-35.5,1
1,12,216934,3.8311,39.6,28.89,-41.0,12,0.0,-35.5,1
1,12,217660,4.7326,39.6,28.88,-41.0,12,0.0,-35.5,1
1,12,218386,4.7326,39.6,28.89,-41.0,12,0.0,-35.5,1
1,12,219112,4.3495,39.6,28.89,-41.0,12,0.0,-35.5,1
1,12,219838,4.3044,39.6,28.88,-41.0,12,0.0,-35.5,1
1,12,220564,5.4087,39.6,28.88,-41.0,12,0.0,-35.5,1
1,12,221290,4.3269,38.6,28.88,-41.0,12,0.0,-35.5,1
1,12,222016,3.8987,39.6,28.88,-41.0,12,0.0,-35.5,1
1,12,222742,5.2284,39.6,28.88,-41.0,12,0.0,-35.5,1
1,12,223468,3.5607,38.6,28.88,-41.0,12,0.0,-35.5,1
1,12,224194,5.1608,39.6,28.88,-41.0,12,0.0,-35.5,1
1,12,224920,5.1608,39.6,28.88,-41.0,12,0.0,-35.5,1
1,12,225646,3.7861,39.6,28.88,-41.0,12,0.0,-35.5,1
1,12,226372,3.7861,39.6,28.87,-41.0,12,0.0,-35.5,1
1,12,227098,3.7635,38.6,28.87,-41.0,12,0.0,-35.5,1
1,12,227824,5.0706,38.6,28.87,-41.0,12,0.0,-35.5,1
1,12,228550,4.3945,39.6,28.87,-41.0,12,0.0,-35.5,1
1,12,229276,4.9354,39.6,28.87,-41.0,12,0.0,-35.5,1
1,12,230002,4.3044,39.6,28.88,-41.0,12,0.0,-35.5,1
1,12,230728,5.3636,39.6,28.88,-41.0,12,0.0,-35.5,1
1,12,231454,3.7635,39.6,28.87,-41.0,12,0.0,-35.5,1
1,12,232180,4.3044,39.6,28.87,-41.0,12,0.0,-35.5,1
1,12,232906,5.1382,39.6,28.88,-41.0,12,0.0,-35.5,1
1,12,233632,4.4171,39.6,28.87,-41.0,12,0.0,-35.5,1
1,12,234358,4.4171,39.6,28.87,-41.0,12,0.0,-35.5,1
1,12,235084,5.0030,39.6,28.87,-41.0,12,0.0,-35.5,1
1,12,235810,4.3269,39.6,28.87,-41.0,12,0.0,-35.5,1
1,12,236536,4.3044,39.6,28.87,-41.0,12,0.0,-35.5,1
1,12,237262,4.6199,39.6,28.87,-41.0,12,0.0,-35.5,1
1,12,237988,4.3720,39.6,28.87,-41.0,12,0.0,-35.5,1
1,12,238714,4.3495,39.6,28.87,-41.0,12,0.0,-35.5,1
1,12,239440,4.2368,39.6,28.87,-41.0,12,0.0,-35.5,1
1,12,240166,4.4171,39.6,28.87,-41.0,12,0.0,-35.5,1
1,12,240892,4.5523,38.6,28.88,-41.0,12,0.0,-35.5,1
1,12,241618,4.4847,39.6,28.87,-41.0,12,0.0,-35.5,1
1,12,242344,4.4847,39.6,28.87,-41.0,12,0.0,-35.5,1
1,12,243070,4.2593,39.6,28.87,-41.0,12,0.0,-35.5,1
1,12,243796,4.3269,39.6,28.86,-41.0,12,0.0,-35.5,1
1,12,244522,4.4171,39.6,28.87,-41.0,12,0.0,-35.5,1
1,12,245248,3.2001,39.6,28.87,-40.5,12,0.0,-35.5,1
1,12,245974,4.5748,39.6,28.87,-41.0,12,0.0,-35.5,1
1,12,246700,4.5297,39.6,28.87,-41.0,12,0.0,-35.5,1
1,12,247426,4.3044,38.6,28.87,-41.0,12,0.0,-35.5,1
1,12,248152,5.1833,38.6,28.87,-41.0,12,0.0,-35.5,1
1,12,248878,4.4171,38.6,28.87,-41.0,12,0.0,-35.5,1
1,12,249604,5.4087,39.6,28.86,-41.0,12,0.0,-35.5,1
1,12,250330,5.4087,39.6,28.86,-41.0,12,0.0,-35.5,1
1,12,251056,4.5748,39.6,28.87,-41.0,12,0.0,-35.5,1
1,12,251782,5.0255,38.6,28.87,-41.0,12,0.0,-35.5,1
1,12,252508,4.5974,39.6,28.87,-41.0,12,0.0,-35.5,1
1,12,253234,4.4621,39.6,28.86,-41.0,12,0.0,-35.5,1
1,12,253960,4.3269,38.6,28.86,-41.0,12,0.0,-35.5,1
1,12,254686,3.5382,38.6,28.86,-41.0,12,0.0,-35.5,1
1,12,255412,3.7635,38.6,28.86,-41.0,12,0.0,-35.5,1
1,12,256138,4.2593,39.6,28.86,-41.0,12,0.0,-35.5,1
1,12,256864,4.1917,39.6,28.87,-40.5,12,0.0,-35.5,1
1,12,257590,4.3720,39.6,28.86,-41.0,12,0.0,-35.5,1
1,12,258316,5.2960,39.6,28.86,-41.0,12,0.0,-35.5,1
1,12,259042,4.9354,39.6,28.86,-41.0,12,0.0,-35.5,1
1,12,259768,4.4396,39.6,28.86,-41.0,12,0.0,-35.5,1
1,12,260494,4.3044,39.6,28.86,-41.0,12,0.0,-35.5,1
1,12,261220,4.2819,39.6,28.86,-41.0,12,0.0,-35.5,1
1,12,261946,4.1466,39.6,28.86,-41.0,12,0.0,-35.5,1
1,12,262672,4.3495,39.6,28.86,-41.0,12,0.0,-35.5,1
1,12,263398,3.8311,39.6,28.85,-41.0,12,0.0,-35.5,1
1,12,264124,3.5382,38.6,28.86,-41.0,12,0.0,-35.5,1
1,12,264850,4.2142,39.6,28.86,-41.0,12,0.0,-35.5,1
1,12,265576,4.5523,39.6,28.86,-41.0,12,0.0,-35.5,1
1,12,266302,4.5748,39.6,28.86,-41.0,12,0.0,-35.5,1
1,12,267028,5.2734,39.6,28.85,-41.0,12,0.0,-35.5,1
1,12,267754,4.1917,39.6,28.85,-41.0,12,0.0,-35.5,1
1,12,268480,4.3044,39.6,28.85,-41.0,12,0.0,-35.5,1
1,12,269206,4.1692,39.6,28.85,-41.0,12,0.0,-35.5,1
1,12,269932,5.0931,39.6,28.85,-41.0,12,0.0,-35.5,1
1,12,270658,4.4171,39.6,28.85,-41.0,12,0.0,-35.5,1
1,12,271384,4.5748,38.6,28.85,-41.0,12,0.0,-35.5,1
1,12,272110,4.5748,39.6,28.85,-41.0,12,0.0,-35.5,1
1,12,272836,4.8678,38.6,28.85,-41.0,12,0.0,-35.5,1
1,12,273562,4.9579,39.6,28.85,-41.0,12,0.0,-35.5,1
1,12,274288,4.6424,39.6,28.85,-41.0,12,0.0,-35.5,1
1,12,275014,4.4171,39.6,28.85,-41.0,12,0.0,-35.5,1
1,12,275740,4.5523,39.6,28.85,-41.0,12,0.0,-35.5,1
1,12,276466,4.4171,39.6,28.85,-41.0,12,0.0,-35.5,1
1,12,277192,4.7551,39.6,28.85,-41.0,12,0.0,-35.5,1
1,12,277918,4.5523,39.6,28.85,-41.0,12,0.0,-35.5,1
1,12,278644,4.3495,39.6,28.85,-41.0,12,0.0,-35.5,1
1,12,279370,4.4396,39.6,28.84,-41.0,12,0.0,-35.5,1
1,12,280096,4.4396,38.6,28.85,-41.0,12,0.0,-35.5,1
1,12,280822,4.7326,39.6,28.84,-41.0,12,0.0,-35.5,1
1,12,281548,3.6734,39.6,28.84,-40.5,12,0.0,-35.5,1
1,12,282274,4.6199,39.6,28.84,-41.0,12,0.0,-35.5,1
1,12,283000,4.5072,39.6,28.85,-41.0,12,0.0,-35.5,1
1,12,283726,5.1382,39.6,28.84,-41.0,12,0.0,-35.5,1
1,12,284452,4.4621,38.6,28.84,-41.0,12,0.0,-35.5,1
1,12,285178,5.0030,38.6,28.84,-41.0,12,0.0,-35.5,1
1,12,285904,4.3044,38.6,28.84,-41.0,12,0.0,-35.5,1
1,12,286630,4.6199,38.6,28.84,-41.0,12,0.0,-35.5,1
1,12,287356,4.2142,39.6,28.84,-41.0,12,0.0,-35.5,1
1,12,288082,4.2142,39.6,28.85,-41.0,12,0.0,-35.5,1
1,12,288808,5.0255,38.6,28.84,-41.0,12,0.0,-35.5,1
1,12,289534,4.2593,38.6,28.84,-41.0,12,0.0,-35.5,1
1,12,290260,5.3861,38.6,28.85,-41.0,12,0.0,-35.5,1
1,12,290986,5.0481,39.6,28.84,-41.0,12,0.0,-35.5,1
1,12,291712,4.5072,39.6,28.85,-41.0,12,0.0,-35.5,1
1,12,292438,3.8762,39.6,28.85,-41.0,12,0.0,-35.5,1
1,12,293164,5.1382,39.6,28.84,-41.0,12,0.0,-35.5,1
1,12,293890,3.9213,39.6,28.84,-41.0,12,0.0,-35.5,1
1,12,294616,5.0030,39.6,28.84,-41.0,12,0.0,-35.5,1
1,12,295342,4.3044,39.6,28.84,-41.0,12,0.0,-35.5,1
1,12,296068,4.3044,39.6,28.84,-41.0,12,0.0,-35.5,1
1,12,296794,4.6875,38.6,28.84,-41.0,12,0.0,-35.5,1
1,12,297520,4.9579,39.6,28.84,-41.0,12,0.0,-35.5,1
1,12,298246,5.1833,39.6,28.84,-41.0,12,0.0,-35.5,1
1,12,298972,5.2284,39.6,28.84,-41.0,12,0.0,-35.5,1
1,12,299698,3.9663,39.6,28.84,-41.0,12,0.0,-35.5,1
1,12,300424,5.0706,39.6,28.84,-41.0,12,0.0,-35.5,1
1,12,301150,3.8311,39.6,28.84,-41.0,12,0.0,-35.5,1
1,12,301876,4.3269,38.6,28.84,-41.0,12,0.0,-35.5,1
1,12,302602,4.4621,39.6,28.84,-41.0,12,0.0,-35.5,1
1,12,303328,3.6734,39.6,28.84,-41.0,12,0.0,-35.5,1
1,12,304054,3.6734,39.6,28.84,-41.0,12,0.0,-35.5,1
1,12,304780,5.2058,39.6,28.84,-41.0,12,0.0,-35.5,1
1,12,305506,4.3945,39.6,28.84,-41.0,12,0.0,-35.5,1
1,12,306232,3.9889,39.6,28.84,-41.0,12,0.0,-35.5,1
1,12,306958,4.4396,39.6,28.83,-41.0,12,0.0,-35.5,1
1,12,307684,4.2819,38.6,28.84,-41.0,12,0.0,-35.5,1
1,12,308410,4.4171,38.6,28.84,-41.0,12,0.0,-35.5,1
1,12,309136,4.5072,39.6,28.83,-41.0,12,0.0,-35.5,1
1,12,309862,4.6650,39.6,28.83,-41.0,12,0.0,-35.5,1
1,12,310588,4.2819,39.6,28.83,-41.0,12,0.0,-35.5,1
1,12,311314,5.1608,39.6,28.83,-41.0,12,0.0,-35.5,1
1,12,312040,4.3720,39.6,28.83,-41.0,12,0.0,-35.5,1
1,12,312766,4.5072,39.6,28.83,-41.0,12,0.0,-35.5,1
1,12,313492,4.4171,39.6,28.83,-41.0,12,0.0,-35.5,1
1,12,314218,3.6959,39.6,28.83,-41.0,12,0.0,-35.5,1
1,12,314944,4.3269,39.6,28.83,-41.0,12,0.0,-35.5,1
1,12,315670,4.2819,38.6,28.83,-41.0,12,0.0,-35.5,1
1,12,316396,3.8987,38.6,28.83,-41.0,12,0.0,-35.5,1
1,12,317122,4.0340,39.6,28.83,-41.0,12,0.0,-35.5,1
1,12,317848,4.5748,39.6,28.83,-41.0,12,0.0,-35.5,1
1,12,318574,3.5156,39.6,28.82,-41.0,12,0.0,-35.5,1
1,12,319300,3.6283,38.6,28.82,-41.0,12,0.0,-35.5,1
1,12,320026,5.2960,38.6,28.82,-41.0,12,0.0,-35.5,1
1,12,320752,4.4847,38.6,28.82,-41.0,12,0.0,-35.5,1
1,12,321478,4.4396,38.6,28.82,-41.0,12,0.0,-35.5,1
1,12,322204,3.9889,38.6,28.82,-41.0,12,0.0,-35.5,1
1,12,322930,5.0030,38.6,28.82,-41.0,12,0.0,-35.5,1
1,12,323656,4.4396,39.6,28.82,-41.0,12,0.0,-35.5,1
1,12,324382,5.1608,38.6,28.82,-41.0,12,0.0,-35.5,1
1,12,325108,4.1241,38.6,28.82,-41.0,12,0.0,-35.5,1
1,12,325834,13.4090,39.6,28.82,-29.0,12,0.0,-35.5,0
1,12,326560,4.9354,38.6,28.82,-41.0,12,0.0,-35.5,1
1,12,327286,4.2593,39.6,28.82,-41.0,12,0.0,-35.5,1
1,12,328012,5.2734,38.6,28.82,-40.5,12,0.0,-35.5,1
1,12,328738,3.5607,39.6,28.82,-41.0,12,0.0,-35.5,1
1,12,329464,4.1466,38.6,28.82,-41.0,12,0.0,-35.5,1
1,12,330190,4.1016,38.6,28.82,-41.0,12,0.0,-35.5,1
1,12,330916,4.5974,38.6,28.82,-41.0,12,0.0,-35.5,1
1,12,331642,4.2819,39.6,28.82,-41.0,12,0.0,-35.5,1
1,12,332368,4.2142,39.6,28.81,-41.0,12,0.0,-35.5,1
1,12,333094,3.6283,39.6,28.82,-41.0,12,0.0,-35.5,1
1,12,333820,3.6283,38.6,28.82,-41.0,12,0.0,-35.5,1
1,12,334546,4.0565,39.6,28.82,-41.0,12,0.0,-35.5,1
1,12,335272,5.3861,38.6,28.82,-41.0,12,0.0,-35.5,1
1,12,335998,4.3495,38.6,28.82,-41.0,12,0.0,-35.5,1
1,12,336724,4.3044,38.6,28.82,-41.0,12,0.0,-35.5,1
1,12,337450,4.2819,38.6,28.82,-41.0,12,0.0,-35.5,1
1,12,338176,4.2819,38.6,28.81,-41.0,12,0.0,-35.5,1
1,12,338902,4.2593,38.6,28.81,-41.0,12,0.0,-35.5,1
1,12,339628,4.3945,38.6,28.81,-41.0,12,0.0,-35.5,1
1,12,340354,4.3269,39.6,28.81,-41.0,12,0.0,-35.5,1
1,12,341080,4.5974,39.6,28.81,-41.0,12,0.0,-35.5,1
1,12,341806,4.5974,39.6,28.81,-41.0,12,0.0,-35.5,1
1,12,342532,5.2509,39.6,28.80,-41.0,12,0.0,-35.5,1
1,12,343258,3.9663,39.6,28.80,-41.0,12,0.0,-35.5,1
1,12,343984,5.6115,39.6,28.81,-41.0,12,0.0,-35.5,1
1,12,344710,4.4847,39.6,28.81,-40.5,12,0.0,-35.5,1
1,12,345436,4.6875,39.6,28.80,-41.0,12,0.0,-35.5,1
1,12,346162,4.7326,39.6,28.81,-41.0,12,0.0,-35.5,1
1,12,346888,4.5974,39.6,28.81,-41.0,12,0.0,-35.5,1
1,12,347614,3.4029,39.6,28.80,-41.0,12,0.0,-35.5,1
1,12,348340,4.5748,39.6,28.80,-41.0,12,0.0,-35.5,1
1,12,349066,4.4171,39.6,28.80,-41.0,12,0.0,-35.5,1
1,12,349792,4.4171,39.6,28.80,-41.0,12,0.0,-35.5,1
1,12,350518,5.3410,38.6,28.80,-41.0,12,0.0,-35.5,1
1,12,351244,3.5382,39.6,28.80,-41.0,12,0.0,-35.5,1
1,12,351970,4.1241,39.6,28.80,-41.0,12,0.0,-35.5,1
1,12,352696,5.1833,39.6,28.80,-41.0,12,0.0,-35.5,1
1,12,353422,3.5382,39.6,28.80,-41.0,12,0.0,-35.5,1
1,12,354148,4.6424,39.6,28.80,-41.0,12,0.0,-35.5,1
1,12,354874,3.4255,39.6,28.80,-40.5,12,0.0,-35.5,1
1,12,355600,4.3269,39.6,28.79,-41.0,12,0.0,-35.5,1
1,12,356326,4.2819,39.6,28.80,-41.0,12,0.0,-35.5,1
1,12,357052,5.2734,39.6,28.80,-41.0,12,0.0,-35.5,1
1,12,357778,5.2734,39.6,28.79,-41.0,12,0.0,-35.5,1
1,12,358504,4.7551,39.6,28.80,-41.0,12,0.0,-35.5,1
1,12,359230,3.6508,39.6,28.80,-41.0,12,0.0,-35.5,1
1,12,359956,4.6424,38.6,28.80,-41.0,12,0.0,-35.5,1
1,12,360682,4.2368,39.6,28.80,-41.0,12,0.0,-35.5,1
1,12,361408,3.4029,39.6,28.80,-41.0,12,0.0,-35.5,1
1,12,362134,3.9663,39.6,28.80,-41.0,12,0.0,-35.5,1
1,12,362860,5.4087,39.6,28.80,-41.0,12,0.0,-35.5,1
1,12,363586,4.5297,39.6,28.80,-41.0,12,0.0,-35.5,1
1,12,364312,4.5748,39.6,28.80,-41.0,12,0.0,-35.5,1
1,12,365038,4.8678,39.6,28.80,-41.0,12,0.0,-35.5,1
1,12,365764,4.8678,39.6,28.80,-41.0,12,0.0,-35.5,1
1,12,366490,3.6283,39.6,28.80,-41.0,12,0.0,-35.5,1
1,12,367216,4.3044,39.6,28.80,-41.0,12,0.0,-35.5,1
1,12,367942,4.5072,39.6,28.80,-41.0,12,0.0,-35.5,1
1,12,368668,5.2509,39.6,28.79,-41.0,12,0.0,-35.5,1
1,11,6394,4.2819,38.6,28.79,-40.0,11,0.0,-35.5,1
1,11,7120,4.5974,38.6,28.79,-40.5,11,0.0,-35.5,1
1,11,7846,4.5297,38.6,28.79,-40.0,11,0.0,-35.5,1
1,11,8572,4.3044,38.6,28.79,-40.5,11,0.0,-35.5,1
1,11,9298,4.3945,38.6,28.79,-40.0,11,0.0,-35.5,1
1,11,10024,4.5072,38.6,28.79,-40.0,11,0.0,-35.5,1
1,11,10750,4.5748,38.6,28.79,-40.0,11,0.0,-35.5,1
1,11,11476,4.5748,38.6,28.80,-40.0,11,0.0,-35.5,1
1,11,12202,4.4171,38.6,28.79,-40.5,11,0.0,-35.5,1
1,11,12928,5.4087,38.6,28.79,-40.0,11,0.0,-35.5,1
1,11,13654,3.8762,38.6,28.79,-40.5,11,0.0,-35.5,1
1,11,14380,4.8453,38.6,28.79,-40.5,11,0.0,-35.5,1
1,11,15106,3.8987,39.6,28.79,-40.0,11,0.0,-35.5,1
1,11,15832,5.4312,39.6,28.79,-40.0,11,0.0,-35.5,1
1,11,16558,4.3720,39.6,28.79,-40.5,11,0.0,-35.5,1
1,11,17284,3.9889,39.6,28.79,-40.0,11,0.0,-35.5,1
1,11,18010,4.5748,39.6,28.79,-40.5,11,0.0,-35.5,1
1,11,18736,4.5072,39.6,28.79,-40.0,11,0.0,-35.5,1
1,11,19462,4.5072,39.6,28.79,-40.0,11,0.0,-35.5,1
1,11,20188,5.2960,39.6,28.79,-40.0,11,0.0,-35.5,1
1,11,20914,5.3861,38.6,28.79,-40.5,11,0.0,-35.5,1
1,11,21640,4.0340,38.6,28.79,-40.0,11,0.0,-35.5,1
1,11,22366,4.3269,38.6,28.79,-40.5,11,0.0,-35.5,1
1,11,23092,3.8311,38.6,28.79,-40.5,11,0.0,-35.5,1
1,11,23818,4.7100,38.6,28.80,-40.0,11,0.0,-35.5,1
1,11,24544,5.4763,38.6,28.80,-40.0,11,0.0,-35.5,1
1,11,25270,4.6199,38.6,28.80,-40.0,11,0.0,-35.5,1
1,11,25996,3.6058,39.6,28.80,-40.0,11,0.0,-35.5,1
1,11,26722,4.3720,39.6,28.80,-40.5,11,0.0,-35.5,1
1,11,27448,4.3720,39.6,28.80,-40.5,11,0.0,-35.5,1
1,11,28174,4.6199,39.6,28.80,-40.0,11,0.0,-35.5,1
1,11,28900,3.5832,39.6,28.80,-40.0,11,0.0,-35.5,1
1,11,29626,3.8311,39.6,28.80,-40.5,11,0.0,-35.5,1
1,11,30352,3.8762,39.6,28.80,-40.0,11,0.0,-35.5,1
1,11,31078,4.0790,38.6,28.80,-40.0,11,0.0,-35.5,1
1,11,31804,3.5382,38.6,28.81,-40.5,11,0.0,-35.5,1
1,11,32530,4.4847,39.6,28.81,-40.0,11,0.0,-35.5,1
1,11,33256,4.4396,39.6,28.81,-40.0,11,0.0,-35.5,1
1,11,33982,4.8678,38.6,28.81,-40.5,11,0.0,-35.5,1
1,11,34708,4.5523,38.6,28.80,-40.0,11,0.0,-35.5,1
1,11,35434,4.5523,38.6,28.80,-40.0,11,0.0,-35.5,1
1,11,36160,4.4847,39.6,28.80,-40.5,11,0.0,-35.5,1
1,11,36886,5.1157,38.6,28.81,-40.5,11,0.0,-35.5,1
1,11,37612,4.1466,38.6,28.80,-40.5,11,0.0,-35.5,1
1,11,38338,5.0030,38.6,28.80,-40.5,11,0.0,-35.5,1
1,11,39064,4.3720,38.6,28.81,-40.5,11,0.0,-35.5,1
1,11,39790,5.0706,39.6,28.80,-40.0,11,0.0,-35.5,1
1,11,40516,4.5072,39.6,28.81,-40.0,11,0.0,-35.5,1
1,11,41242,4.4171,39.6,28.80,-40.5,11,0.0,-35.5,1
1,11,41968,3.6508,39.6,28.81,-40.5,11,0.0,-35.5,1
1,11,42694,4.7551,39.6,28.81,-40.5,11,0.0,-35.5,1
1,11,43420,4.5297,38.6,28.81,-40.0,11,0.0,-35.5,1
1,11,44146,5.2734,38.6,28.81,-40.0,11,0.0,-35.5,1
1,11,44872,5.2058,39.6,28.81,-40.5,11,0.0,-35.5,1
1,11,45598,5.2284,39.6,28.81,-40.0,11,0.0,-35.5,1
1,11,46324,3.9213,39.6,28.81,-40.0,11,0.0,-35.5,1
1,11,47050,4.1466,38.6,28.81,-40.0,11,0.0,-35.5,1
1,11,47776,5.2734,39.6,28.81,-40.5,11,0.0,-35.5,1
1,11,48502,5.3410,39.6,28.81,-40.5,11,0.0,-35.5,1
1,11,49228,4.8903,39.6,28.81,-40.5,11,0.0,-35.5,1
1,11,49954,4.5297,39.6,28.81,-40.0,11,0.0,-35.5,1
1,11,50680,4.8227,38.6,28.81,-40.5,11,0.0,-35.5,1
1,11,51406,4.7551,39.6,28.81,-40.5,11,0.0,-35.5,1
1,11,52132,3.6283,39.6,28.81,-40.0,11,0.0,-35.5,1
1,11,52858,4.0340,39.6,28.81,-40.5,11,0.0,-35.5,1
1,11,53584,4.6199,39.6,28.80,-40.0,11,0.0,-35.5,1
1,11,54310,4.3269,39.6,28.81,-40.0,11,0.0,-35.5,1
1,11,55036,4.5748,39.6,28.81,-40.0,11,0.0,-35.5,1
1,11,55762,4.5523,38.6,28.81,-40.0,11,0.0,-35.5,1
1,11,56488,3.9213,38.6,28.81,-40.0,11,0.0,-35.5,1
1,11,57214,-29.3645,38.6,28.81,-40.0,11,0.0,-35.5,0
1,11,57940,4.5748,38.6,28.81,-40.0,11,0.0,-35.5,1
1,11,58666,4.2819,38.6,28.80,-40.0,11,0.0,-35.5,1
1,11,59392,4.5523,39.6,28.81,-40.0,11,0.0,-35.5,1
1,11,60118,4.4847,39.6,28.80,-40.5,11,0.0,-35.5,1
1,11,60844,4.4171,38.6,28.81,-40.0,11,0.0,-35.5,1
1,11,61570,5.3185,39.6,28.81,-40.5,11,0.0,-35.5,1
1,11,62296,5.2509,38.6,28.80,-40.0,11,0.0,-35.5,1
1,11,63022,5.3861,39.6,28.80,-40.0,11,0.0,-35.5,1
1,11,63748,3.5832,39.6,28.80,-40.0,11,0.0,-35.5,1
1,11,64474,3.5156,39.6,28.80,-40.0,11,0.0,-35.5,1
1,11,65200,3.5156,39.6,28.80,-40.0,11,0.0,-35.5,1
1,11,65926,3.6283,38.6,28.80,-40.0,11,0.0,-35.5,1
1,11,66652,4.1016,38.6,28.80,-40.0,11,0.0,-35.5,1
1,11,67378,4.5523,38.6,28.80,-40.0,11,0.0,-35.5,1
1,11,68104,3.7184,38.6,28.81,-40.0,11,0.0,-35.5,1
1,11,68830,4.5297,38.6,28.80,-40.5,11,0.0,-35.5,1
1,11,69556,5.4312,38.6,28.80,-40.0,11,0.0,-35.5,1
1,11,70282,3.7410,38.6,28.81,-40.0,11,0.0,-35.5,1
1,11,71008,3.6734,38.6,28.81,-40.0,11,0.0,-35.5,1
1,11,71734,4.5974,39.6,28.81,-40.0,11,0.0,-35.5,1
1,11,72460,4.3044,39.6,28.81,-40.0,11,0.0,-35.5,1
1,11,73186,4.3044,39.6,28.81,-40.0,11,0.0,-35.5,1
1,11,73912,4.3495,39.6,28.81,-40.0,11,0.0,-35.5,1
1,11,74638,3.6734,39.6,28.81,-40.0,11,0.0,-35.5,1
1,11,75364,4.4847,38.6,28.81,-40.0,11,0.0,-35.5,1
1,11,76090,4.7551,38.6,28.81,-40.5,11,0.0,-35.5,1
1,11,76816,5.5889,38.6,28.80,-40.0,11,0.0,-35.5,1
1,11,77542,4.9579,38.6,28.81,-40.0,11,0.0,-35.5,1
1,11,78268,4.1466,38.6,28.81,-40.5,11,0.0,-35.5,1
1,11,78994,4.2368,38.6,28.80,-40.0,11,0.0,-35.5,1
1,11,79720,4.5974,38.6,28.81,-40.5,11,0.0,-35.5,1
1,11,80446,4.5748,38.6,28.80,-40.0,11,0.0,-35.5,1
1,11,81172,4.5748,38.6,28.80,-40.0,11,0.0,-35.5,1
1,11,81898,3.6734,38.6,28.80,-40.0,11,0.0,-35.5,1
1,11,82624,3.8762,38.6,28.80,-40.0,11,0.0,-35.5,1
1,11,83350,4.5297,38.6,28.81,-40.5,11,0.0,-35.5,1
1,11,84076,4.3269,39.6,28.80,-40.0,11,0.0,-35.5,1
1,11,84802,4.3945,38.6,28.80,-40.0,11,0.0,-35.5,1
1,11,85528,4.4396,38.6,28.80,-40.5,11,0.0,-35.5,1
1,11,86254,4.5974,38.6,28.80,-40.0,11,0.0,-35.5,1
1,11,86980,4.5297,39.6,28.80,-40.0,11,0.0,-35.5,1
1,11,87706,3.4706,39.6,28.81,-40.0,11,0.0,-35.5,1
1,11,88432,4.5297,39.6,28.80,-40.0,11,0.0,-35.5,1
1,11,89158,4.5297,39.6,28.80,-40.0,11,0.0,-35.5,1
1,11,89884,5.2734,39.6,28.80,-40.5,11,0.0,-35.5,1
1,11,90610,4.2819,38.6,28.80,-40.0,11,0.0,-35.5,1
1,11,91336,3.8987,39.6,28.80,-40.0,11,0.0,-35.5,1
1,11,92062,4.7551,39.6,28.80,-40.0,11,0.0,-35.5,1
1,11,92788,3.8537,38.6,28.80,-40.0,11,0.0,-35.5,1
1,11,93514,4.6424,38.6,28.80,-40.5,11,0.0,-35.5,1
1,11,94240,4.8227,38.6,28.80,-40.0,11,0.0,-35.5,1
1,11,94966,4.6650,38.6,28.80,-40.5,11,0.0,-35.5,1
1,11,95692,4.0790,38.6,28.80,-40.0,11,0.0,-35.5,1
1,11,96418,3.6734,38.6,28.80,-40.0,11,0.0,-35.5,1
1,11,97144,3.6734,38.6,28.80,-40.0,11,0.0,-35.5,1
1,11,97870,5.2509,39.6,28.80,-40.5,11,0.0,-35.5,1
1,11,98596,3.7184,39.6,28.79,-40.0,11,0.0,-35.5,1
1,11,99322,4.6199,39.6,28.79,-40.0,11,0.0,-35.5,1
1,11,100048,3.8987,39.6,28.80,-40.5,11,0.0,-35.5,1
1,11,100774,4.2368,39.6,28.80,-40.0,11,0.0,-35.5,1
1,11,101500,5.3185,39.6,28.80,-40.0,11,0.0,-35.5,1
1,11,102226,4.4396,39.6,28.80,-40.0,11,0.0,-35.5,1
1,11,102952,3.5382,38.6,28.80,-40.0,11,0.0,-35.5,1
1,11,103678,4.7551,39.6,28.79,-40.0,11,0.0,-35.5,1
1,11,104404,3.9889,38.6,28.79,-40.0,11,0.0,-35.5,1
1,11,105130,4.8678,39.6,28.80,-40.0,11,0.0,-35.5,1
1,11,105856,4.6424,38.6,28.79,-40.5,11,0.0,-35.5,1
1,11,106582,4.5748,39.6,28.79,-40.0,11,0.0,-35.5,1
1,11,107308,5.6791,39.6,28.79,-40.5,11,0.0,-35.5,1
1,11,108034,4.5974,39.6,28.79,-40.0,11,0.0,-35.5,1
1,11,108760,4.0565,39.6,28.79,-40.0,11,0.0,-35.5,1
1,11,109486,4.9805,38.6,28.78,-40.0,11,0.0,-35.5,1
1,11,110212,4.5748,39.6,28.79,-40.0,11,0.0,-35.5,1
1,11,110938,4.8227,39.6,28.79,-40.0,11,0.0,-35.5,1
1,11,111664,4.0114,38.6,28.79,-40.0,11,0.0,-35.5,1
1,11,112390,4.4396,38.6,28.79,-40.0,11,0.0,-35.5,1
1,11,113116,3.6959,38.6,28.79,-40.0,11,0.0,-35.5,1
1,11,113842,4.8227,39.6,28.79,-40.0,11,0.0,-35.5,1
1,11,114568,4.4171,39.6,28.78,-40.0,11,0.0,-35.5,1
1,11,115294,4.9129,39.6,28.79,-40.5,11,0.0,-35.5,1
1,11,116020,3.8311,38.6,28.78,-40.0,11,0.0,-35.5,1
1,11,116746,4.0790,38.6,28.79,-40.5,11,0.0,-35.5,1
1,11,117472,3.8987,38.6,28.78,-40.5,11,0.0,-35.5,1
1,11,118198,4.0114,38.6,28.78,-40.5,11,0.0,-35.5,1
1,11,118924,4.0114,39.6,28.78,-40.5,11,0.0,-35.5,1
1,11,119650,3.6734,39.6,28.78,-40.0,11,0.0,-35.5,1
1,11,120376,5.1833,39.6,28.78,-40.0,11,0.0,-35.5,1
1,11,121102,4.5297,39.6,28.78,-40.5,11,0.0,-35.5,1
1,11,121828,5.3861,38.6,28.78,-40.0,11,0.0,-35.5,1
1,11,122554,4.7326,38.6,28.78,-40.0,11,0.0,-35.5,1
1,11,123280,4.8227,38.6,28.78,-40.0,11,0.0,-35.5,1
1,11,124006,4.3044,39.6,28.78,-40.0,11,0.0,-35.5,1
1,11,124732,5.5213,39.6,28.78,-40.5,11,0.0,-35.5,1
1,11,125458,3.8762,39.6,28.78,-40.0,11,0.0,-35.5,1
1,11,126184,4.8227,39.6,28.78,-40.0,11,0.0,-35.5,1
1,11,126910,4.8227,39.6,28.78,-40.0,11,0.0,-35.5,1
1,11,127636,4.5748,39.6,28.78,-40.0,11,0.0,-35.5,1
1,11,128362,5.2284,39.6,28.78,-40.0,11,0.0,-35.5,1
1,11,129088,4.7551,39.6,28.78,-40.5,11,0.0,-35.5,1
1,11,129814,3.7410,39.6,28.78,-40.0,11,0.0,-35.5,1
1,11,130540,5.4988,39.6,28.78,-40.5,11,0.0,-35.5,1
1,11,131266,3.9213,39.6,28.78,-40.0,11,0.0,-35.5,1
1,11,131992,4.8453,38.6,28.78,-40.5,11,0.0,-35.5,1
1,11,132718,4.9129,39.6,28.78,-40.5,11,0.0,-35.5,1
1,11,133444,4.0340,39.6,28.78,-40.0,11,0.0,-35.5,1
1,11,134170,3.9213,39.6,28.78,-40.5,11,0.0,-35.5,1
1,11,134896,3.9213,39.6,28.78,-40.5,11,0.0,-35.5,1
1,11,135622,5.5889,38.6,28.78,-41.0,11,0.0,-35.5,1
1,11,136348,4.6650,38.6,28.78,-40.0,11,0.0,-35.5,1
1,11,137074,4.8227,39.6,28.78,-40.5,11,0.0,-35.5,1
1,11,137800,4.8453,39.6,28.78,-40.0,11,0.0,-35.5,1
1,11,138526,4.6650,39.6,28.77,-40.0,11,0.0,-35.5,1
1,11,139252,3.7410,39.6,28.78,-40.5,11,0.0,-35.5,1
1,11,139978,5.6115,39.6,28.77,-40.5,11,0.0,-35.5,1
1,11,140704,4.7326,39.6,28.77,-40.0,11,0.0,-35.5,1
1,11,141430,4.6424,39.6,28.77,-40.0,11,0.0,-35.5,1
1,11,142156,4.2593,39.6,28.77,-40.0,11,0.0,-35.5,1
1,11,142882,4.2593,39.6,28.77,-40.0,11,0.0,-35.5,1
1,11,143608,4.2593,38.6,28.77,-40.0,11,0.0,-35.5,1
1,11,144334,3.7184,39.6,28.77,-40.0,11,0.0,-35.5,1
1,11,145060,4.8453,39.6,28.77,-40.0,11,0.0,-35.5,1
1,11,145786,3.4931,39.6,28.77,-40.0,11,0.0,-35.5,1
1,11,146512,4.1466,39.6,28.77,-40.0,11,0.0,-35.5,1
1,11,147238,3.4706,39.6,28.77,-40.0,11,0.0,-35.5,1
1,11,147964,3.4706,39.6,28.77,-41.0,11,0.0,-35.5,1
1,11,148690,4.8453,39.6,28.77,-40.0,11,0.0,-35.5,1
1,11,149416,5.3410,39.6,28.77,-40.5,11,0.0,-35.5,1
1,11,150142,3.8311,39.6,28.77,-40.5,11,0.0,-35.5,1
1,11,150868,3.8311,39.6,28.77,-40.5,11,0.0,-35.5,1
1,11,151594,4.7326,39.6,28.77,-40.0,11,0.0,-35.5,1
1,11,152320,4.3269,39.6,28.77,-40.0,11,0.0,-35.5,1
1,11,153046,3.9663,38.6,28.77,-40.0,11,0.0,-35.5,1
1,11,153772,4.0565,38.6,28.77,-40.5,11,0.0,-35.5,1
1,11,154498,4.3044,38.6,28.77,-40.0,11,0.0,-35.5,1
1,11,155224,4.1692,39.6,28.77,-40.0,11,0.0,-35.5,1
1,11,155950,4.3269,38.6,28.77,-40.5,11,0.0,-35.5,1
1,11,156676,3.6508,39.6,28.77,-40.0,11,0.0,-35.5,1
1,11,157402,3.7635,39.6,28.77,-40.0,11,0.0,-35.5,1
1,11,158128,4.5974,39.6,28.76,-40.5,11,0.0,-35.5,1
1,11,158854,4.8002,39.6,28.77,-40.5,11,0.0,-35.5,1
1,11,159580,4.3269,38.6,28.77,-40.0,11,0.0,-35.5,1
1,11,160306,4.6199,38.6,28.77,-40.0,11,0.0,-35.5,1
1,11,161032,4.5748,38.6,28.77,-40.0,11,0.0,-35.5,1
1,11,161758,3.8537,38.6,28.76,-40.0,11,0.0,-35.5,1
1,11,162484,4.5072,38.6,28.76,-40.0,11,0.0,-35.5,1
1,11,163210,4.9129,39.6,28.76,-40.0,11,0.0,-35.5,1
1,11,163936,4.6199,38.6,28.77,-40.5,11,0.0,-35.5,1
1,11,164662,4.9354,38.6,28.76,-40.0,11,0.0,-35.5,1
1,11,165388,4.4621,38.6,28.76,-40.0,11,0.0,-35.5,1
1,11,166114,5.0030,38.6,28.77,-40.0,11,0.0,-35.5,1
1,11,166840,4.1241,39.6,28.76,-40.0,11,0.0,-35.5,1
1,11,167566,5.4312,39.6,28.76,-40.0,11,0.0,-35.5,1
1,11,168292,4.5748,39.6,28.76,-40.0,11,0.0,-35.5,1
1,11,169018,3.6959,39.6,28.76,-40.0,11,0.0,-35.5,1
1,11,169744,4.0790,39.6,28.76,-40.0,11,0.0,-35.5,1
1,11,170470,4.6199,39.6,28.76,-40.0,11,0.0,-35.5,1
1,11,171196,3.4029,39.6,28.76,-40.0,11,0.0,-35.5,1
1,11,171922,4.7326,39.6,28.76,-40.0,11,0.0,-35.5,1
1,11,172648,4.7326,39.6,28.76,-40.0,11,0.0,-35.5,1
1,11,173374,4.7100,39.6,28.76,-40.5,11,0.0,-35.5,1
1,11,174100,4.5072,38.6,28.76,-40.0,11,0.0,-35.5,1
1,11,174826,4.6199,38.6,28.75,-40.0,11,0.0,-35.5,1
1,11,175552,4.7776,38.6,28.76,-40.5,11,0.0,-35.5,1
1,11,176278,5.4087,38.6,28.76,-40.0,11,0.0,-35.5,1
1,11,177004,4.6875,38.6,28.76,-40.0,11,0.0,-35.5,1
1,11,177730,4.6424,39.6,28.75,-40.0,11,0.0,-35.5,1
1,11,178456,3.6508,39.6,28.76,-40.0,11,0.0,-35.5,1
1,11,179182,4.5297,39.6,28.76,-41.0,11,0.0,-35.5,1
1,11,179908,4.6199,39.6,28.76,-41.0,11,0.0,-35.5,1
1,11,180634,4.6199,39.6,28.76,-41.0,11,0.0,-35.5,1
1,11,181360,4.4396,39.6,28.75,-40.0,11,0.0,-35.5,1
1,11,182086,4.4396,39.6,28.76,-41.0,11,0.0,-35.5,1
1,11,182812,4.6650,39.6,28.75,-40.0,11,0.0,-35.5,1
1,11,183538,4.5748,38.6,28.76,-40.0,11,0.0,-35.5,1
1,11,184264,3.9663,39.6,28.76,-40.0,11,0.0,-35.5,1
1,11,184990,3.8537,39.6,28.76,-40.0,11,0.0,-35.5,1
1,11,185716,4.5523,38.6,28.75,-40.0,11,0.0,-35.5,1
1,11,186442,4.5297,39.6,28.76,-40.0,11,0.0,-35.5,1
1,11,187168,3.6959,39.6,28.76,-40.0,11,0.0,-35.5,1
1,11,187894,4.5748,39.6,28.76,-40.0,11,0.0,-35.5,1
1,11,188620,4.5748,39.6,28.76,-40.0,11,0.0,-35.5,1
1,11,189346,4.4396,39.6,28.76,-40.0,11,0.0,-35.5,1
1,11,190072,5.0255,39.6,28.75,-40.5,11,0.0,-35.5,1
1,11,190798,5.4988,39.6,28.76,-40.5,11,0.0,-35.5,1
1,11,191524,4.1466,39.6,28.76,-40.0,11,0.0,-35.5,1
1,11,192250,3.9438,39.6,28.75,-40.5,11,0.0,-35.5,1
1,11,192976,4.8453,38.6,28.75,-40.0,11,0.0,-35.5,1
1,11,193702,4.2142,38.6,28.75,-40.5,11,0.0,-35.5,1
1,11,194428,5.2058,38.6,28.75,-40.5,11,0.0,-35.5,1
1,11,195154,4.2819,39.6,28.75,-40.0,11,0.0,-35.5,1
1,11,195880,3.7635,38.6,28.75,-40.0,11,0.0,-35.5,1
1,11,196606,3.7635,39.6,28.75,-40.0,11,0.0,-35.5,1
1,11,197332,4.6650,39.6,28.75,-40.0,11,0.0,-35.5,1
1,11,198058,4.0340,39.6,28.75,-40.0,11,0.0,-35.5,1
1,11,198784,4.4847,38.6,28.74,-40.0,11,0.0,-35.5,1
1,11,199510,5.1382,38.6,28.75,-40.5,11,0.0,-35.5,1
1,11,200236,4.7551,39.6,28.75,-40.0,11,0.0,-35.5,1
1,11,200962,4.8227,39.6,28.75,-40.5,11,0.0,-35.5,1
1,11,201688,4.4396,39.6,28.75,-40.0,11,0.0,-35.5,1
1,11,202414,4.7100,39.6,28.75,-40.0,11,0.0,-35.5,1
1,11,203140,4.6424,39.6,28.74,-40.5,11,0.0,-35.5,1
1,11,203866,3.7635,39.6,28.75,-40.0,11,0.0,-35.5,1
1,11,204592,3.7635,38.6,28.74,-40.0,11,0.0,-35.5,1
1,11,205318,3.9889,38.6,28.74,-40.0,11,0.0,-35.5,1
1,11,206044,5.5439,38.6,28.74,-40.5,11,0.0,-35.5,1
1,11,206770,4.5523,39.6,28.74,-40.0,11,0.0,-35.5,1
1,11,207496,3.6959,38.6,28.75,-40.0,11,0.0,-35.5,1
1,11,208222,3.8086,38.6,28.74,-40.0,11,0.0,-35.5,1
1,11,208948,5.4763,39.6,28.74,-40.0,11,0.0,-35.5,1
1,11,209674,4.3945,39.6,28.74,-40.0,11,0.0,-35.5,1
1,11,210400,4.7100,39.6,28.75,-40.0,11,0.0,-35.5,1
1,11,211126,3.9663,39.6,28.74,-40.0,11,0.0,-35.5,1
1,11,211852,4.4847,39.6,28.75,-40.0,11,0.0,-35.5,1
1,11,212578,4.8903,39.6,28.74,-40.5,11,0.0,-35.5,1
1,11,213304,4.7551,39.6,28.75,-40.0,11,0.0,-35.5,1
1,11,214030,4.0790,39.6,28.75,-40.0,11,0.0,-35.5,1
1,11,214756,4.7326,39.6,28.75,-40.5,11,0.0,-35.5,1
1,11,215482,5.1833,39.6,28.74,-40.0,11,0.0,-35.5,1
1,11,216208,4.5297,39.6,28.75,-40.5,11,0.0,-35.5,1
1,11,216934,4.1692,38.6,28.74,-40.0,11,0.0,-35.5,1
1,11,217660,4.8453,39.6,28.74,-40.5,11,0.0,-35.5,1
1,11,218386,3.6058,39.6,28.74,-40.0,11,0.0,-35.5,1
1,11,219112,4.6424,39.6,28.74,-40.0,11,0.0,-35.5,1
1,11,219838,3.8086,39.6,28.74,-40.0,11,0.0,-35.5,1
1,11,220564,3.9663,39.6,28.74,-40.0,11,0.0,-35.5,1
1,11,221290,4.1016,38.6,28.74,-40.0,11,0.0,-35.5,1
1,11,222016,4.5072,38.6,28.74,-40.0,11,0.0,-35.5,1
1,11,222742,3.7635,39.6,28.74,-40.0,11,0.0,-35.5,1
1,11,223468,4.6875,38.6,28.74,-40.5,11,0.0,-35.5,1
1,11,224194,4.8903,38.6,28.74,-40.0,11,0.0,-35.5,1
1,11,224920,4.5974,38.6,28.74,-40.5,11,0.0,-35.5,1
1,11,225646,4.5072,38.6,28.74,-40.0,11,0.0,-35.5,1
1,11,226372,4.5072,38.6,28.74,-40.0,11,0.0,-35.5,1
1,11,227098,4.6875,38.6,28.74,-40.5,11,0.0,-35.5,1
1,11,227824,4.5072,38.6,28.74,-40.0,11,0.0,-35.5,1
1,11,228550,5.1608,39.6,28.74,-41.0,11,0.0,-35.5,1
1,11,229276,4.4171,39.6,28.74,-40.0,11,0.0,-35.5,1
1,11,230002,4.0340,39.6,28.74,-40.0,11,0.0,-35.5,1
1,11,230728,4.0114,38.6,28.74,-40.0,11,0.0,-35.5,1
1,11,231454,4.2593,38.6,28.74,-40.0,11,0.0,-35.5,1
1,11,232180,4.5523,38.6,28.73,-40.0,11,0.0,-35.5,1
1,11,232906,5.4312,38.6,28.73,-40.5,11,0.0,-35.5,1
1,11,233632,4.3720,38.6,28.73,-40.5,11,0.0,-35.5,1
1,11,234358,4.3720,38.6,28.74,-40.5,11,0.0,-35.5,1
1,11,235084,4.1692,38.6,28.73,-40.5,11,0.0,-35.5,1
1,11,235810,4.5523,38.6,28.73,-40.0,11,0.0,-35.5,1
1,11,236536,4.5974,38.6,28.73,-40.5,11,0.0,-35.5,1
1,11,237262,3.6058,38.6,28.73,-40.5,11,0.0,-35.5,1
1,11,237988,5.0030,38.6,28.74,-40.0,11,0.0,-35.5,1
1,11,238714,3.4255,38.6,28.74,-40.0,11,0.0,-35.5,1
1,11,239440,4.8227,39.6,28.73,-40.0,11,0.0,-35.5,1
1,11,240166,4.5297,39.6,28.73,-40.0,11,0.0,-35.5,1
1,11,240892,4.6424,39.6,28.73,-40.0,11,0.0,-35.5,1
1,11,241618,4.9579,38.6,28.73,-40.5,11,0.0,-35.5,1
1,11,242344,4.9579,38.6,28.73,-40.5,11,0.0,-35.5,1
1,11,243070,3.4480,39.6,28.73,-40.0,11,0.0,-35.5,1
1,11,243796,4.4396,38.6,28.73,-40.5,11,0.0,-35.5,1
1,11,244522,4.4396,39.6,28.73,-40.5,11,0.0,-35.5,1
1,11,245248,4.7776,39.6,28.73,-40.5,11,0.0,-35.5,1
1,11,245974,4.5297,39.6,28.73,-40.0,11,0.0,-35.5,1
1,11,246700,4.1917,39.6,28.73,-40.0,11,0.0,-35.5,1
1,11,247426,4.3044,39.6,28.73,-40.0,11,0.0,-35.5,1
1,11,248152,4.5072,39.6,28.73,-40.0,11,0.0,-35.5,1
1,11,248878,4.7551,39.6,28.73,-40.0,11,0.0,-35.5,1
1,11,249604,4.4847,39.6,28.73,-40.0,11,0.0,-35.5,1
1,11,250330,4.4847,39.6,28.73,-40.0,11,0.0,-35.5,1
1,11,251056,4.6424,39.6,28.73,-40.0,11,0.0,-35.5,1
1,11,251782,4.5523,39.6,28.73,-40.5,11,0.0,-35.5,1
1,11,252508,5.6115,39.6,28.73,-40.0,11,0.0,-35.5,1
1,11,253234,4.7326,39.6,28.73,-40.0,11,0.0,-35.5,1
1,11,253960,5.3861,39.6,28.73,-40.5,11,0.0,-35.5,1
1,11,254686,4.3945,39.6,28.73,-40.5,11,0.0,-35.5,1
1,11,255412,3.6959,39.6,28.73,-40.0,11,0.0,-35.5,1
1,11,256138,4.5297,39.6,28.73,-40.5,11,0.0,-35.5,1
1,11,256864,5.4087,39.6,28.73,-40.5,11,0.0,-35.5,1
1,11,257590,4.6650,39.6,28.73,-40.0,11,0.0,-35.5,1
1,11,258316,4.6650,39.6,28.73,-40.0,11,0.0,-35.5,1
1,11,259042,3.9889,38.6,28.73,-41.0,11,0.0,-35.5,1
1,11,259768,3.9889,38.6,28.72,-40.0,11,0.0,-35.5,1
1,11,260494,4.7551,38.6,28.73,-40.0,11,0.0,-35.5,1
1,11,261220,4.5748,38.6,28.72,-40.5,11,0.0,-35.5,1
1,11,261946,5.4087,38.6,28.73,-40.0,11,0.0,-35.5,1
1,11,262672,4.8903,38.6,28.72,-41.0,11,0.0,-35.5,1
1,11,263398,3.8086,38.6,28.72,-40.5,11,0.0,-35.5,1
1,11,264124,4.5297,38.6,28.72,-40.0,11,0.0,-35.5,1
1,11,264850,4.6199,39.6,28.73,-40.0,11,0.0,-35.5,1
1,11,265576,3.8311,38.6,28.72,-40.0,11,0.0,-35.5,1
1,11,266302,4.8227,38.6,28.72,-40.0,11,0.0,-35.5,1
1,11,267028,3.9213,38.6,28.72,-40.5,11,0.0,-35.5,1
1,11,267754,4.2142,38.6,28.72,-40.0,11,0.0,-35.5,1
1,11,268480,4.5974,39.6,28.72,-40.0,11,0.0,-35.5,1
1,11,269206,4.6199,39.6,28.72,-40.0,11,0.0,-35.5,1
1,11,269932,3.6959,39.6,28.73,-40.0,11,0.0,-35.5,1
1,11,270658,4.0114,39.6,28.72,-40.0,11,0.0,-35.5,1
1,11,271384,3.8762,38.6,28.73,-40.0,11,0.0,-35.5,1
1,11,272110,3.7635,39.6,28.73,-40.5,11,0.0,-35.5,1
1,11,272836,4.3945,38.6,28.72,-40.0,11,0.0,-35.5,1
1,11,273562,4.6424,38.6,28.73,-40.0,11,0.0,-35.5,1
1,11,274288,5.4537,39.6,28.72,-40.0,11,0.0,-35.5,1
1,11,275014,3.6734,39.6,28.73,-40.0,11,0.0,-35.5,1
1,11,275740,4.8678,39.6,28.73,-40.5,11,0.0,-35.5,1
1,11,276466,4.7100,39.6,28.73,-40.0,11,0.0,-35.5,1
1,11,277192,4.0340,39.6,28.73,-40.0,11,0.0,-35.5,1
1,11,277918,5.5664,39.6,28.72,-40.5,11,0.0,-35.5,1
1,11,278644,3.5156,39.6,28.72,-40.0,11,0.0,-35.5,1
1,11,279370,5.1608,38.6,28.72,-40.0,11,0.0,-35.5,1
1,11,280096,-0.2254,38.6,28.73,-29.5,11,0.0,-35.5,0
1,11,280822,4.5072,38.6,28.72,-40.0,11,0.0,-35.5,1
1,11,281548,4.7551,38.6,28.72,-40.0,11,0.0,-35.5,1
1,11,282274,4.7551,38.6,28.72,-40.0,11,0.0,-35.5,1
1,11,283000,4.6424,38.6,28.72,-40.5,11,0.0,-35.5,1
1,11,283726,4.7551,38.6,28.72,-41.0,11,0.0,-35.5,1
1,11,284452,3.9213,38.6,28.72,-41.0,11,0.0,-35.5,1
1,11,285178,4.6875,39.6,28.72,-40.0,11,0.0,-35.5,1
1,11,285904,3.8537,39.6,28.72,-40.5,11,0.0,-35.5,1
1,11,286630,4.5072,39.6,28.71,-40.0,11,0.0,-35.5,1
1,11,287356,5.4537,40.6,28.72,-40.0,11,0.0,-35.5,1
1,11,288082,5.4537,39.6,28.72,-40.0,11,0.0,-35.5,1
1,11,288808,4.8002,39.6,28.72,-40.5,11,0.0,-35.5,1
1,11,289534,3.7635,39.6,28.72,-40.0,11,0.0,-35.5,1
1,11,290260,4.5523,38.6,28.72,-40.5,11,0.0,-35.5,1
1,11,290986,5.2960,38.6,28.72,-40.0,11,0.0,-35.5,1
1,11,291712,3.7635,38.6,28.72,-41.0,11,0.0,-35.5,1
1,11,292438,4.9579,38.6,28.72,-40.0,11,0.0,-35.5,1
1,11,293164,3.7184,39.6,28.72,-41.0,11,0.0,-35.5,1
1,11,293890,4.3720,39.6,28.72,-40.5,11,0.0,-35.5,1
1,11,294616,4.2593,39.6,28.72,-40.0,11,0.0,-35.5,1
1,11,295342,3.9889,39.6,28.72,-41.0,11,0.0,-35.5,1
1,11,296068,3.9889,39.6,28.71,-41.0,11,0.0,-35.5,1
1,11,296794,3.5382,38.6,28.72,-40.0,11,0.0,-35.5,1
1,11,297520,4.2142,39.6,28.72,-41.0,11,0.0,-35.5,1
1,11,298246,3.5832,39.6,28.72,-40.0,11,0.0,-35.5,1
1,11,298972,3.8537,39.6,28.72,-40.0,11,0.0,-35.5,1
1,11,299698,4.4847,38.6,28.72,-40.5,11,0.0,-35.5,1
1,11,300424,5.3185,39.6,28.71,-41.0,11,0.0,-35.5,1
1,11,301150,4.8227,38.6,28.71,-40.5,11,0.0,-35.5,1
1,11,301876,4.5297,38.6,28.72,-40.0,11,0.0,-35.5,1
1,11,302602,4.3044,38.6,28.72,-40.5,11,0.0,-35.5,1
1,11,303328,4.4396,38.6,28.71,-40.0,11,0.0,-35.5,1
1,11,304054,4.4396,38.6,28.71,-40.0,11,0.0,-35.5,1
1,11,304780,4.0565,39.6,28.71,-40.0,11,0.0,-35.5,1
1,11,305506,5.2058,39.6,28.71,-40.0,11,0.0,-35.5,1
1,11,306232,4.0790,39.6,28.72,-40.5,11,0.0,-35.5,1
1,11,306958,4.1466,39.6,28.71,-40.0,11,0.0,-35.5,1
1,11,307684,4.6424,39.6,28.71,-41.0,11,0.0,-35.5,1
1,11,308410,4.5072,39.6,28.71,-41.0,11,0.0,-35.5,1
1,11,309136,5.3410,38.6,28.71,-40.0,11,0.0,-35.5,1
1,11,309862,5.0706,38.6,28.71,-40.0,11,0.0,-35.5,1
1,11,310588,4.8678,39.6,28.71,-40.0,11,0.0,-35.5,1
1,11,311314,3.3579,39.6,28.71,-40.5,11,0.0,-35.5,1
1,11,312040,3.3579,39.6,28.71,-40.5,11,0.0,-35.5,1
1,11,312766,4.5523,39.6,28.71,-40.0,11,0.0,-35.5,1
1,11,313492,4.1466,39.6,28.71,-40.0,11,0.0,-35.5,1
1,11,314218,5.4537,39.6,28.71,-40.0,11,0.0,-35.5,1
1,11,314944,5.2509,39.6,28.71,-40.0,11,0.0,-35.5,1
1,11,315670,4.6424,39.6,28.71,-40.5,11,0.0,-35.5,1
1,11,316396,4.4171,39.6,28.71,-40.5,11,0.0,-35.5,1
1,11,317122,3.8762,39.6,28.71,-40.5,11,0.0,-35.5,1
1,11,317848,4.8227,39.6,28.72,-40.5,11,0.0,-35.5,1
1,11,318574,4.9805,39.6,28.71,-40.5,11,0.0,-35.5,1
1,11,319300,3.7184,38.6,28.71,-40.0,11,0.0,-35.5,1
1,11,320026,3.7184,39.6,28.71,-40.0,11,0.0,-35.5,1
1,11,320752,4.7326,39.6,28.71,-40.0,11,0.0,-35.5,1
1,11,321478,5.5213,39.6,28.71,-40.0,11,0.0,-35.5,1
1,11,322204,4.8002,39.6,28.71,-40.0,11,0.0,-35.5,1
1,11,322930,4.6199,39.6,28.71,-40.0,11,0.0,-35.5,1
1,11,323656,4.4847,39.6,28.70,-40.0,11,0.0,-35.5,1
1,11,324382,3.8987,39.6,28.71,-40.0,11,0.0,-35.5,1
1,11,325108,5.3861,39.6,28.71,-40.0,11,0.0,-35.5,1
1,11,325834,4.5523,38.6,28.71,-40.5,11,0.0,-35.5,1
1,11,326560,4.8002,39.6,28.71,-40.0,11,0.0,-35.5,1
1,11,327286,3.6283,38.6,28.72,-40.5,11,0.0,-35.5,1
1,11,328012,3.8537,39.6,28.71,-40.0,11,0.0,-35.5,1
1,11,328738,3.8537,39.6,28.72,-40.0,11,0.0,-35.5,1
1,11,329464,4.4396,38.6,28.71,-40.0,11,0.0,-35.5,1
1,11,330190,4.1917,38.6,28.71,-40.0,11,0.0,-35.5,1
1,11,330916,3.7861,38.6,28.72,-41.0,11,0.0,-35.5,1
1,11,331642,4.6199,38.6,28.71,-40.0,11,0.0,-35.5,1
1,11,332368,4.3720,38.6,28.71,-40.5,11,0.0,-35.5,1
1,11,333094,4.4396,39.6,28.71,-40.5,11,0.0,-35.5,1
1,11,333820,3.8762,39.6,28.72,-40.5,11,0.0,-35.5,1
1,11,334546,4.5297,39.6,28.71,-40.5,11,0.0,-35.5,1
1,11,335272,5.2284,39.6,28.71,-40.0,11,0.0,-35.5,1
1,11,335998,4.6424,39.6,28.71,-40.0,11,0.0,-35.5,1
1,11,336724,4.4396,39.6,28.71,-40.0,11,0.0,-35.5,1
1,11,337450,4.3044,39.6,28.71,-40.5,11,0.0,-35.5,1
1,11,338176,4.6424,39.6,28.71,-40.5,11,0.0,-35.5,1
1,11,338902,4.0565,38.6,28.71,-41.0,11,0.0,-35.5,1
1,11,339628,4.6875,39.6,28.71,-40.0,11,0.0,-35.5,1
1,11,340354,4.2819,39.6,28.71,-41.0,11,0.0,-35.5,1
1,11,341080,5.6115,38.6,28.71,-40.0,11,0.0,-35.5,1
1,11,341806,5.6115,39.6,28.71,-40.0,11,0.0,-35.5,1
1,11,342532,4.2593,38.6,28.71,-40.0,11,0.0,-35.5,1
1,11,343258,4.1016,38.6,28.71,-40.0,11,0.0,-35.5,1
1,11,343984,3.8762,39.6,28.71,-40.0,11,0.0,-35.5,1
1,11,344710,4.3495,38.6,28.71,-40.0,11,0.0,-35.5,1
1,11,345436,4.3269,38.6,28.71,-40.0,11,0.0,-35.5,1
1,11,346162,4.6424,39.6,28.71,-40.5,11,0.0,-35.5,1
1,11,346888,3.4480,39.6,28.72,-40.5,11,0.0,-35.5,1
1,11,347614,4.8453,39.6,28.71,-40.5,11,0.0,-35.5,1
1,11,348340,4.5072,39.6,28.72,-40.0,11,0.0,-35.5,1
1,11,349066,4.7100,39.6,28.71,-40.0,11,0.0,-35.5,1
1,11,349792,4.7100,39.6,28.71,-40.0,11,0.0,-35.5,1
1,11,350518,4.6875,39.6,28.71,-40.0,11,0.0,-35.5,1
1,11,351244,3.6283,38.6,28.71,-40.0,11,0.0,-35.5,1
1,11,351970,5.3185,38.6,28.71,-40.5,11,0.0,-35.5,1
1,11,352696,5.1833,38.6,28.71,-40.0,11,0.0,-35.5,1
1,11,353422,4.6199,38.6,28.71,-40.5,11,0.0,-35.5,1
1,11,354148,4.5297,39.6,28.70,-41.0,11,0.0,-35.5,1
1,11,354874,4.4847,39.6,28.71,-40.0,11,0.0,-35.5,1
1,11,355600,5.3861,39.6,28.70,-40.0,11,0.0,-35.5,1
1,11,356326,3.6959,39.6,28.71,-40.0,11,0.0,-35.5,1
1,11,357052,3.3353,39.6,28.71,-41.0,11,0.0,-35.5,1
1,11,357778,3.3353,38.6,28.70,-41.0,11,0.0,-35.5,1
1,11,358504,4.5523,38.6,28.70,-41.0,11,0.0,-35.5,1
1,11,359230,4.5297,38.6,28.70,-40.5,11,0.0,-35.5,1
1,11,359956,3.3353,38.6,28.70,-40.0,11,0.0,-35.5,1
1,11,360682,4.5523,38.6,28.70,-40.0,11,0.0,-35.5,1
1,11,361408,3.8311,39.6,28.70,-41.0,11,0.0,-35.5,1
1,11,362134,4.4396,38.6,28.70,-40.0,11,0.0,-35.5,1
1,11,362860,3.9663,38.6,28.70,-40.0,11,0.0,-35.5,1
1,11,363586,3.7635,38.6,28.71,-40.5,11,0.0,-35.5,1
1,11,364312,5.6340,39.6,28.70,-40.5,11,0.0,-35.5,1
1,11,365038,4.4621,38.6,28.71,-41.0,11,0.0,-35.5,1
1,11,365764,4.4621,38.6,28.71,-41.0,11,0.0,-35.5,1
1,11,366490,4.6199,38.6,28.71,-40.5,11,0.0,-35.5,1
1,11,367216,5.2058,38.6,28.70,-40.0,11,0.0,-35.5,1
1,11,367942,4.5974,38.6,28.71,-40.5,11,0.0,-35.5,1
1,11,368668,4.5974,38.6,28.71,-40.0,11,0.0,-35.5,1
1,10,6394,3.5607,38.6,28.70,-41.0,10,0.0,-35.5,1
1,10,7120,5.5664,38.6,28.70,-41.0,10,0.0,-35.5,1
1,10,7846,3.6283,38.6,28.71,-41.0,10,0.0,-35.5,1
1,10,8572,3.8537,38.6,28.71,-41.0,10,0.0,-35.5,1
1,10,9298,4.3044,38.6,28.71,-41.0,10,0.0,-35.5,1
1,10,10024,4.3269,38.6,28.72,-41.0,10,0.0,-35.5,1
1,10,10750,4.1241,39.6,28.71,-41.0,10,0.0,-35.5,1
1,10,11476,4.1241,38.6,28.71,-41.0,10,0.0,-35.5,1
1,10,12202,5.7692,38.6,28.71,-40.5,10,0.0,-35.5,1
1,10,12928,4.6424,38.6,28.71,-41.0,10,0.0,-35.5,1
1,10,13654,5.4988,38.6,28.71,-41.0,10,0.0,-35.5,1
1,10,14380,5.2960,38.6,28.71,-41.0,10,0.0,-35.5,1
1,10,15106,5.3636,39.6,28.71,-41.0,10,0.0,-35.5,1
1,10,15832,5.7692,38.6,28.71,-41.0,10,0.0,-35.5,1
1,10,16558,5.2058,38.6,28.71,-41.0,10,0.0,-35.5,1
1,10,17284,3.4480,38.6,28.72,-41.0,10,0.0,-35.5,1
1,10,18010,5.4537,38.6,28.71,-41.0,10,0.0,-35.5,1
1,10,18736,4.9129,38.6,28.71,-41.0,10,0.0,-35.5,1
1,10,19462,4.9129,38.6,28.72,-41.0,10,0.0,-35.5,1
1,10,20188,3.9663,38.6,28.72,-41.0,10,0.0,-35.5,1
1,10,20914,4.3044,38.6,28.72,-41.0,10,0.0,-35.5,1
1,10,21640,5.7242,38.6,28.72,-41.0,10,0.0,-35.5,1
1,10,22366,4.5974,38.6,28.72,-41.0,10,0.0,-35.5,1
1,10,23092,4.8002,38.6,28.72,-41.0,10,0.0,-35.5,1
1,10,23818,4.9129,38.6,28.72,-41.0,10,0.0,-35.5,1
1,10,24544,4.5523,38.6,28.72,-41.0,10,0.0,-35.5,1
1,10,25270,4.3945,38.6,28.72,-41.0,10,0.0,-35.5,1
1,10,25996,4.4847,38.6,28.72,-41.0,10,0.0,-35.5,1
1,10,26722,4.5974,38.6,28.73,-41.0,10,0.0,-35.5,1
1,10,27448,4.5974,38.6,28.73,-41.0,10,0.0,-35.5,1
1,10,28174,4.7551,39.6,28.73,-41.0,10,0.0,-35.5,1
1,10,28900,5.2284,39.6,28.73,-41.0,10,0.0,-35.5,1
1,10,29626,5.6565,38.6,28.73,-41.0,10,0.0,-35.5,1
1,10,30352,3.6283,38.6,28.73,-41.0,10,0.0,-35.5,1
1,10,31078,4.5297,38.6,28.73,-41.0,10,0.0,-35.5,1
1,10,31804,4.5072,38.6,28.73,-41.0,10,0.0,-35.5,1
1,10,32530,4.1466,38.6,28.73,-41.0,10,0.0,-35.5,1
1,10,33256,4.6424,38.6,28.73,-40.5,10,0.0,-35.5,1
1,10,33982,4.6199,38.6,28.73,-41.0,10,0.0,-35.5,1
1,10,34708,5.4988,38.6,28.73,-41.0,10,0.0,-35.5,1
1,10,35434,5.4988,38.6,28.73,-41.0,10,0.0,-35.5,1
1,10,36160,4.1466,38.6,28.73,-41.0,10,0.0,-35.5,1
1,10,36886,4.5974,38.6,28.73,-41.0,10,0.0,-35.5,1
1,10,37612,5.2960,39.6,28.73,-41.0,10,0.0,-35.5,1
1,10,38338,3.7410,39.6,28.73,-41.0,10,0.0,-35.5,1
1,10,39064,4.4171,39.6,28.74,-41.0,10,0.0,-35.5,1
1,10,39790,3.7861,39.6,28.74,-41.0,10,0.0,-35.5,1
1,10,40516,5.4988,39.6,28.74,-41.0,10,0.0,-35.5,1
1,10,41242,4.6650,39.6,28.74,-41.0,10,0.0,-35.5,1
1,10,41968,4.5974,39.6,28.74,-41.0,10,0.0,-35.5,1
1,10,42694,5.3410,39.6,28.74,-41.0,10,0.0,-35.5,1
1,10,43420,5.5664,38.6,28.74,-41.0,10,0.0,-35.5,1
1,10,44146,4.5748,39.6,28.74,-41.0,10,0.0,-35.5,1
1,10,44872,4.7100,39.6,28.74,-41.0,10,0.0,-35.5,1
1,10,45598,4.7551,38.6,28.74,-41.0,10,0.0,-35.5,1
1,10,46324,3.8762,38.6,28.74,-41.0,10,0.0,-35.5,1
1,10,47050,3.8987,38.6,28.74,-41.0,10,0.0,-35.5,1
1,10,47776,4.4396,38.6,28.74,-41.0,10,0.0,-35.5,1
1,10,48502,4.8227,38.6,28.75,-41.0,10,0.0,-35.5,1
1,10,49228,3.6959,38.6,28.74,-41.0,10,0.0,-35.5,1
1,10,49954,4.6424,38.6,28.74,-41.0,10,0.0,-35.5,1
1,10,50680,3.7635,39.6,28.74,-41.0,10,0.0,-35.5,1
1,10,51406,4.6199,38.6,28.74,-41.0,10,0.0,-35.5,1
1,10,52132,4.8453,39.6,28.74,-41.0,10,0.0,-35.5,1
1,10,52858,4.7326,39.6,28.74,-41.0,10,0.0,-35.5,1
1,10,53584,4.7776,39.6,28.74,-41.0,10,0.0,-35.5,1
1,10,54310,4.3720,39.6,28.74,-41.0,10,0.0,-35.5,1
1,10,55036,4.5748,39.6,28.74,-41.0,10,0.0,-35.5,1
1,10,55762,5.2058,39.6,28.75,-41.0,10,0.0,-35.5,1
1,10,56488,4.6424,39.6,28.74,-41.0,10,0.0,-35.5,1
1,10,57214,4.6424,38.6,28.75,-41.0,10,0.0,-35.5,1
1,10,57940,4.0114,39.6,28.74,-41.0,10,0.0,-35.5,1
1,10,58666,3.6959,38.6,28.75,-41.0,10,0.0,-35.5,1
1,10,59392,5.3185,39.6,28.74,-41.0,10,0.0,-35.5,1
1,10,60118,5.2284,39.6,28.75,-41.0,10,0.0,-35.5,1
1,10,60844,5.4763,39.6,28.75,-41.0,10,0.0,-35.5,1
1,10,61570,5.2509,39.6,28.74,-41.0,10,0.0,-35.5,1
1,10,62296,5.0931,39.6,28.75,-41.0,10,0.0,-35.5,1
1,10,63022,4.4171,39.6,28.75,-41.0,10,0.0,-35.5,1
1,10,63748,4.6875,39.6,28.75,-41.0,10,0.0,-35.5,1
1,10,64474,5.2284,38.6,28.75,-41.0,10,0.0,-35.5,1
1,10,65200,5.2284,38.6,28.74,-41.0,10,0.0,-35.5,1
1,10,65926,3.5607,38.6,28.75,-41.0,10,0.0,-35.5,1
1,10,66652,5.2509,38.6,28.75,-41.0,10,0.0,-35.5,1
1,10,67378,4.7326,38.6,28.76,-41.0,10,0.0,-35.5,1
1,10,68104,3.6058,38.6,28.75,-41.0,10,0.0,-35.5,1
1,10,68830,4.7326,38.6,28.75,-41.0,10,0.0,-35.5,1
1,10,69556,4.7551,38.6,28.75,-41.0,10,0.0,-35.5,1
1,10,70282,4.4621,38.6,28.75,-41.0,10,0.0,-35.5,1
1,10,71008,5.0706,38.6,28.74,-41.0,10,0.0,-35.5,1
1,10,71734,4.7100,38.6,28.75,-41.0,10,0.0,-35.5,1
1,10,72460,4.2593,38.6,28.75,-41.0,10,0.0,-35.5,1
1,10,73186,4.2593,38.6,28.75,-41.0,10,0.0,-35.5,1
1,10,73912,3.7861,39.6,28.75,-41.0,10,0.0,-35.5,1
1,10,74638,4.8453,38.6,28.75,-41.0,10,0.0,-35.5,1
1,10,75364,4.7326,38.6,28.75,-41.0,10,0.0,-35.5,1
1,10,76090,4.1241,38.6,28.75,-41.0,10,0.0,-35.5,1
1,10,76816,4.7326,38.6,28.75,-41.0,10,0.0,-35.5,1
1,10,77542,4.0114,38.6,28.75,-41.0,10,0.0,-35.5,1
1,10,78268,4.6650,38.6,28.75,-41.0,10,0.0,-35.5,1
1,10,78994,5.5213,38.6,28.75,-41.0,10,0.0,-35.5,1
1,10,79720,4.9805,38.6,28.75,-41.0,10,0.0,-35.5,1
1,10,80446,4.7326,39.6,28.75,-41.0,10,0.0,-35.5,1
1,10,81172,4.7326,38.6,28.75,-41.0,10,0.0,-35.5,1
1,10,81898,4.4847,39.6,28.75,-41.0,10,0.0,-35.5,1
1,10,82624,4.9805,38.6,28.75,-41.0,10,0.0,-35.5,1
1,10,83350,4.6650,38.6,28.75,-41.0,10,0.0,-35.5,1
1,10,84076,4.7776,38.6,28.75,-41.0,10,0.0,-35.5,1
1,10,84802,5.5664,39.6,28.75,-41.0,10,0.0,-35.5,1
1,10,85528,4.4171,39.6,28.75,-41.0,10,0.0,-35.5,1
1,10,86254,4.6424,39.6,28.76,-41.0,10,0.0,-35.5,1
1,10,86980,4.4171,39.6,28.75,-41.0,10,0.0,-35.5,1
1,10,87706,5.4537,39.6,28.76,-41.0,10,0.0,-35.5,1
1,10,88432,4.3044,39.6,28.76,-41.0,10,0.0,-35.5,1
1,10,89158,4.3044,39.6,28.76,-41.0,10,0.0,-35.5,1
1,10,89884,5.0931,38.6,28.76,-40.5,10,0.0,-35.5,1
1,10,90610,3.4706,38.6,28.76,-41.0,10,0.0,-35.5,1
1,10,91336,4.8453,38.6,28.76,-41.0,10,0.0,-35.5,1
1,10,92062,4.6650,38.6,28.76,-41.0,10,0.0,-35.5,1
1,10,92788,5.1382,38.6,28.76,-41.0,10,0.0,-35.5,1
1,10,93514,4.5072,38.6,28.76,-41.0,10,0.0,-35.5,1
1,10,94240,5.4312,38.6,28.76,-41.0,10,0.0,-35.5,1
1,10,94966,4.3044,39.6,28.75,-40.5,10,0.0,-35.5,1
1,10,95692,4.5748,39.6,28.76,-41.0,10,0.0,-35.5,1
1,10,96418,5.5664,39.6,28.75,-41.0,10,0.0,-35.5,1
1,10,97144,5.3410,39.6,28.76,-41.0,10,0.0,-35.5,1
1,10,97870,3.6283,39.6,28.75,-41.0,10,0.0,-35.5,1
1,10,98596,5.3185,39.6,28.75,-41.0,10,0.0,-35.5,1
1,10,99322,4.4621,38.6,28.75,-41.0,10,0.0,-35.5,1
1,10,100048,3.8762,39.6,28.76,-41.0,10,0.0,-35.5,1
1,10,100774,5.4312,38.6,28.75,-40.5,10,0.0,-35.5,1
1,10,101500,4.6875,39.6,28.76,-41.0,10,0.0,-35.5,1
1,10,102226,4.1241,39.6,28.75,-41.0,10,0.0,-35.5,1
1,10,102952,5.1833,39.6,28.75,-41.0,10,0.0,-35.5,1
1,10,103678,3.5156,39.6,28.76,-41.0,10,0.0,-35.5,1
1,10,104404,5.3861,38.6,28.76,-41.0,10,0.0,-35.5,1
1,10,105130,4.7326,39.6,28.76,-41.0,10,0.0,-35.5,1
1,10,105856,4.5523,38.6,28.75,-41.0,10,0.0,-35.5,1
1,10,106582,5.2960,38.6,28.76,-41.0,10,0.0,-35.5,1
1,10,107308,4.9129,39.6,28.75,-41.0,10,0.0,-35.5,1
1,10,108034,3.6283,39.6,28.76,-41.0,10,0.0,-35.5,1
1,10,108760,5.1833,38.6,28.76,-41.0,10,0.0,-35.5,1
1,10,109486,4.5523,38.6,28.75,-41.0,10,0.0,-35.5,1
1,10,110212,5.5213,39.6,28.76,-41.0,10,0.0,-35.5,1
1,10,110938,5.5213,39.6,28.76,-41.0,10,0.0,-35.5,1
1,10,111664,4.9805,39.6,28.76,-41.0,10,0.0,-35.5,1
1,10,112390,4.3720,39.6,28.76,-41.0,10,0.0,-35.5,1
1,10,113116,4.4171,39.6,28.76,-41.0,10,0.0,-35.5,1
1,10,113842,4.2142,39.6,28.76,-41.0,10,0.0,-35.5,1
1,10,114568,4.3945,39.6,28.76,-41.0,10,0.0,-35.5,1
1,10,115294,3.8987,39.6,28.76,-41.0,10,0.0,-35.5,1
1,10,116020,3.4029,39.6,28.76,-41.0,10,0.0,-35.5,1
1,10,116746,4.5072,38.6,28.76,-41.0,10,0.0,-35.5,1
1,10,117472,3.9213,39.6,28.76,-41.0,10,0.0,-35.5,1
1,10,118198,4.3495,39.6,28.76,-41.0,10,0.0,-35.5,1
1,10,118924,4.3495,39.6,28.76,-41.0,10,0.0,-35.5,1
1,10,119650,4.7100,39.6,28.76,-41.0,10,0.0,-35.5,1
1,10,120376,4.4621,39.6,28.76,-41.0,10,0.0,-35.5,1
1,10,121102,3.6959,39.6,28.75,-41.0,10,0.0,-35.5,1
1,10,121828,4.5072,39.6,28.76,-41.0,10,0.0,-35.5,1
1,10,122554,5.6340,39.6,28.76,-41.0,10,0.0,-35.5,1
1,10,123280,4.9354,39.6,28.76,-41.0,10,0.0,-35.5,1
1,10,124006,4.5523,39.6,28.76,-41.0,10,0.0,-35.5,1
1,10,124732,4.8002,38.6,28.76,-41.0,10,0.0,-35.5,1
1,10,125458,4.7100,38.6,28.76,-41.0,10,0.0,-35.5,1
1,10,126184,5.1608,38.6,28.76,-41.0,10,0.0,-35.5,1
1,10,126910,5.1608,38.6,28.75,-41.0,10,0.0,-35.5,1
1,10,127636,5.3185,38.6,28.75,-41.0,10,0.0,-35.5,1
1,10,128362,4.1692,38.6,28.75,-41.0,10,0.0,-35.5,1
1,10,129088,4.4171,38.6,28.76,-41.0,10,0.0,-35.5,1
1,10,129814,4.0790,39.6,28.76,-41.0,10,0.0,-35.5,1
1,10,130540,4.8678,38.6,28.76,-41.0,10,0.0,-35.5,1
1,10,131266,4.5748,38.6,28.75,-41.0,10,0.0,-35.5,1
1,10,131992,3.7861,38.6,28.75,-41.0,10,0.0,-35.5,1
1,10,132718,4.1917,38.6,28.75,-41.0,10,0.0,-35.5,1
1,10,133444,5.4537,39.6,28.75,-41.0,10,0.0,-35.5,1
1,10,134170,3.9438,39.6,28.75,-41.0,10,0.0,-35.5,1
1,10,134896,3.9438,39.6,28.76,-41.0,10,0.0,-35.5,1
1,10,135622,4.7326,39.6,28.76,-41.0,10,0.0,-35.5,1
1,10,136348,4.8227,39.6,28.76,-41.0,10,0.0,-35.5,1
1,10,137074,4.5072,39.6,28.75,-41.0,10,0.0,-35.5,1
1,10,137800,5.3636,38.6,28.76,-41.0,10,0.0,-35.5,1
1,10,138526,4.4396,39.6,28.76,-41.0,10,0.0,-35.5,1
1,10,139252,3.7861,39.6,28.76,-41.0,10,0.0,-35.5,1
1,10,139978,4.6875,39.6,28.76,-41.0,10,0.0,-35.5,1
1,10,140704,4.3720,39.6,28.76,-41.0,10,0.0,-35.5,1
1,10,141430,4.9354,39.6,28.76,-41.0,10,0.0,-35.5,1
1,10,142156,4.5974,39.6,28.76,-41.0,10,0.0,-35.5,1
1,10,142882,4.5974,39.6,28.76,-41.0,10,0.0,-35.5,1
1,10,143608,4.5297,39.6,28.75,-41.0,10,0.0,-35.5,1
1,10,144334,4.6875,39.6,28.75,-41.0,10,0.0,-35.5,1
1,10,145060,4.8227,39.6,28.76,-40.5,10,0.0,-35.5,1
1,10,145786,4.0565,39.6,28.75,-41.0,10,0.0,-35.5,1
1,10,146512,4.8227,39.6,28.75,-41.0,10,0.0,-35.5,1
1,10,147238,4.8903,39.6,28.76,-41.0,10,0.0,-35.5,1
1,10,147964,4.4847,39.6,28.76,-41.0,10,0.0,-35.5,1
1,10,148690,4.3495,38.6,28.75,-41.0,10,0.0,-35.5,1
1,10,149416,4.3720,39.6,28.76,-41.0,10,0.0,-35.5,1
1,10,150142,4.7100,39.6,28.76,-41.0,10,0.0,-35.5,1
1,10,150868,4.7100,39.6,28.76,-41.0,10,0.0,-35.5,1
1,10,151594,5.3636,39.6,28.76,-41.0,10,0.0,-35.5,1
1,10,152320,4.5523,39.6,28.76,-41.0,10,0.0,-35.5,1
1,10,153046,4.9354,39.6,28.76,-41.0,10,0.0,-35.5,1
1,10,153772,4.5523,38.6,28.76,-41.0,10,0.0,-35.5,1
1,10,154498,5.4537,38.6,28.76,-41.0,10,0.0,-35.5,1
1,10,155224,3.9438,38.6,28.75,-41.0,10,0.0,-35.5,1
1,10,155950,5.2058,38.6,28.75,-41.0,10,0.0,-35.5,1
1,10,156676,4.5748,38.6,28.76,-41.0,10,0.0,-35.5,1
1,10,157402,5.4537,38.6,28.76,-41.0,10,0.0,-35.5,1
1,10,158128,4.1241,39.6,28.76,-41.0,10,0.0,-35.5,1
1,10,158854,4.6199,38.6,28.76,-41.0,10,0.0,-35.5,1
1,10,159580,4.3720,38.6,28.75,-41.0,10,0.0,-35.5,1
1,10,160306,3.8086,38.6,28.75,-41.0,10,0.0,-35.5,1
1,10,161032,4.6424,39.6,28.75,-41.0,10,0.0,-35.5,1
1,10,161758,5.2509,39.6,28.76,-41.0,10,0.0,-35.5,1
1,10,162484,5.0481,38.6,28.76,-41.0,10,0.0,-35.5,1
1,10,163210,3.8537,38.6,28.75,-41.0,10,0.0,-35.5,1
1,10,163936,4.4847,38.6,28.75,-41.0,10,0.0,-35.5,1
1,10,164662,-2.4790,38.6,28.76,-41.0,10,0.0,-35.5,0
1,10,165388,4.7776,38.6,28.76,-41.0,10,0.0,-35.5,1
1,10,166114,4.4396,38.6,28.75,-41.0,10,0.0,-35.5,1
1,10,166840,4.7326,38.6,28.75,-41.0,10,0.0,-35.5,1
1,10,167566,5.0030,38.6,28.75,-41.0,10,0.0,-35.5,1
1,10,168292,5.6115,38.6,28.75,-41.0,10,0.0,-35.5,1
1,10,169018,4.3044,38.6,28.76,-40.5,10,0.0,-35.5,1
1,10,169744,5.1157,38.6,28.75,-41.0,10,0.0,-35.5,1
1,10,170470,3.6734,38.6,28.76,-41.0,10,0.0,-35.5,1
1,10,171196,4.5072,38.6,28.76,-41.0,10,0.0,-35.5,1
1,10,171922,5.2734,38.6,28.75,-41.0,10,0.0,-35.5,1
1,10,172648,5.2734,38.6,28.76,-41.0,10,0.0,-35.5,1
1,10,173374,5.0931,38.6,28.75,-41.0,10,0.0,-35.5,1
1,10,174100,3.8987,38.6,28.75,-41.0,10,0.0,-35.5,1
1,10,174826,3.5156,38.6,28.75,-41.0,10,0.0,-35.5,1
1,10,175552,4.6199,38.6,28.75,-41.0,10,0.0,-35.5,1
1,10,176278,4.5974,38.6,28.75,-41.0,10,0.0,-35.5,1
1,10,177004,5.4537,38.6,28.75,-41.0,10,0.0,-35.5,1
1,10,177730,4.4396,38.6,28.76,-41.0,10,0.0,-35.5,1
1,10,178456,4.7551,38.6,28.76,-41.0,10,0.0,-35.5,1
1,10,179182,5.5889,38.6,28.75,-41.0,10,0.0,-35.5,1
1,10,179908,3.8086,38.6,28.75,-41.0,10,0.0,-35.5,1
1,10,180634,3.8086,38.6,28.76,-41.0,10,0.0,-35.5,1
1,10,181360,5.1833,39.6,28.75,-41.0,10,0.0,-35.5,1
1,10,182086,4.6650,39.6,28.76,-41.0,10,0.0,-35.5,1
1,10,182812,5.2734,39.6,28.76,-41.0,10,0.0,-35.5,1
1,10,183538,4.4847,39.6,28.76,-41.0,10,0.0,-35.5,1
1,10,184264,4.2368,39.6,28.76,-41.0,10,0.0,-35.5,1
1,10,184990,4.8903,39.6,28.76,-41.0,10,0.0,-35.5,1
1,10,185716,5.1608,39.6,28.76,-41.0,10,0.0,-35.5,1
1,10,186442,4.9805,39.6,28.75,-40.5,10,0.0,-35.5,1
1,10,187168,5.1157,39.6,28.75,-41.0,10,0.0,-35.5,1
1,10,187894,3.6283,39.6,28.76,-41.0,10,0.0,-35.5,1
1,10,188620,3.6283,39.6,28.76,-41.0,10,0.0,-35.5,1
1,10,189346,4.3495,39.6,28.76,-41.0,10,0.0,-35.5,1
1,10,190072,4.5523,39.6,28.76,-41.0,10,0.0,-35.5,1
1,10,190798,3.8537,39.6,28.76,-41.0,10,0.0,-35.5,1
1,10,191524,4.3044,38.6,28.76,-41.0,10,0.0,-35.5,1
1,10,192250,4.3945,39.6,28.76,-41.0,10,0.0,-35.5,1
1,10,192976,4.6650,38.6,28.75,-41.0,10,0.0,-35.5,1
1,10,193702,3.7184,39.6,28.76,-41.0,10,0.0,-35.5,1
1,10,194428,4.6199,39.6,28.76,-41.0,10,0.0,-35.5,1
1,10,195154,3.3579,39.6,28.76,-41.0,10,0.0,-35.5,1
1,10,195880,4.3269,39.6,28.75,-41.0,10,0.0,-35.5,1
1,10,196606,4.3269,39.6,28.75,-41.0,10,0.0,-35.5,1
1,10,197332,5.5889,39.6,28.75,-41.0,10,0.0,-35.5,1
1,10,198058,3.9213,39.6,28.76,-41.0,10,0.0,-35.5,1
1,10,198784,4.5748,39.6,28.75,-41.0,10,0.0,-35.5,1
1,10,199510,3.8086,39.6,28.76,-41.0,10,0.0,-35.5,1
1,10,200236,4.4171,39.6,28.76,-41.0,10,0.0,-35.5,1
1,10,200962,3.4029,39.6,28.76,-41.0,10,0.0,-35.5,1
1,10,201688,4.0114,39.6,28.76,-41.0,10,0.0,-35.5,1
1,10,202414,5.2058,39.6,28.76,-41.0,10,0.0,-35.5,1
1,10,203140,5.0030,39.6,28.76,-41.0,10,0.0,-35.5,1
1,10,203866,3.7635,39.6,28.76,-41.0,10,0.0,-35.5,1
1,10,204592,3.7635,39.6,28.76,-41.0,10,0.0,-35.5,1
1,10,205318,4.3495,39.6,28.76,-41.0,10,0.0,-35.5,1
1,10,206044,4.2368,39.6,28.76,-41.0,10,0.0,-35.5,1
1,10,206770,4.8002,39.6,28.76,-40.5,10,0.0,-35.5,1
1,10,207496,4.6875,39.6,28.76,-41.0,10,0.0,-35.5,1
1,10,208222,4.0790,39.6,28.76,-41.0,10,0.0,-35.5,1
1,10,208948,5.3636,38.6,28.76,-40.5,10,0.0,-35.5,1
1,10,209674,4.5072,38.6,28.76,-41.0,10,0.0,-35.5,1
1,10,210400,4.7776,39.6,28.76,-41.0,10,0.0,-35.5,1
1,10,211126,5.1157,39.6,28.76,-41.0,10,0.0,-35.5,1
1,10,211852,4.2368,39.6,28.76,-41.0,10,0.0,-35.5,1
1,10,212578,3.9663,39.6,28.76,-41.0,10,0.0,-35.5,1
1,10,213304,3.1550,38.6,28.76,-41.0,10,0.0,-35.5,1
1,10,214030,4.3044,39.6,28.75,-41.0,10,0.0,-35.5,1
1,10,214756,4.7776,39.6,28.75,-41.0,10,0.0,-35.5,1
1,10,215482,3.9663,38.6,28.76,-41.0,10,0.0,-35.5,1
1,10,216208,5.0481,39.6,28.76,-41.0,10,0.0,-35.5,1
1,10,216934,4.5974,39.6,28.75,-41.0,10,0.0,-35.5,1
1,10,217660,5.1608,39.6,28.76,-41.0,10,0.0,-35.5,1
1,10,218386,3.8987,39.6,28.76,-41.0,10,0.0,-35.5,1
1,10,219112,4.3044,39.6,28.76,-41.0,10,0.0,-35.5,1
1,10,219838,3.7410,39.6,28.76,-41.0,10,0.0,-35.5,1
1,10,220564,4.7100,39.6,28.76,-41.0,10,0.0,-35.5,1
1,10,221290,3.4480,39.6,28.76,-41.0,10,0.0,-35.5,1
1,10,222016,5.2734,39.6,28.76,-41.0,10,0.0,-35.5,1
1,10,222742,4.5974,38.6,28.76,-41.0,10,0.0,-35.5,1
1,10,223468,3.4706,38.6,28.75,-41.0,10,0.0,-35.5,1
1,10,224194,3.9889,38.6,28.76,-41.0,10,0.0,-35.5,1
1,10,224920,4.2593,38.6,28.76,-41.0,10,0.0,-35.5,1
1,10,225646,5.5889,39.6,28.76,-41.0,10,0.0,-35.5,1
1,10,226372,5.5889,39.6,28.76,-41.0,10,0.0,-35.5,1
1,10,227098,4.2142,39.6,28.75,-41.0,10,0.0,-35.5,1
1,10,227824,5.0255,38.6,28.76,-41.0,10,0.0,-35.5,1
1,10,228550,4.5523,38.6,28.76,-41.0,10,0.0,-35.5,1
1,10,229276,5.2509,38.6,28.76,-41.0,10,0.0,-35.5,1
1,10,230002,5.4537,38.6,28.76,-41.0,10,0.0,-35.5,1
1,10,230728,3.7861,38.6,28.76,-41.0,10,0.0,-35.5,1
1,10,231454,5.4537,39.6,28.76,-41.0,10,0.0,-35.5,1
1,10,232180,4.7551,38.6,28.76,-41.0,10,0.0,-35.5,1
1,10,232906,3.5832,38.6,28.76,-41.0,10,0.0,-35.5,1
1,10,233632,4.4847,38.6,28.76,-41.0,10,0.0,-35.5,1
1,10,234358,4.4847,39.6,28.76,-41.0,10,0.0,-35.5,1
1,10,235084,4.9354,39.6,28.76,-41.0,10,0.0,-35.5,1
1,10,235810,4.5072,39.6,28.76,-41.0,10,0.0,-35.5,1
1,10,236536,4.4847,39.6,28.76,-41.0,10,0.0,-35.5,1
1,10,237262,3.6508,38.6,28.76,-41.0,10,0.0,-35.5,1
1,10,237988,4.6424,39.6,28.76,-41.0,10,0.0,-35.5,1
1,10,238714,3.7410,39.6,28.76,-41.0,10,0.0,-35.5,1
1,10,239440,5.2734,39.6,28.75,-40.5,10,0.0,-35.5,1
1,10,240166,4.0790,39.6,28.75,-41.0,10,0.0,-35.5,1
1,10,240892,4.5748,39.6,28.76,-41.0,10,0.0,-35.5,1
1,10,241618,3.5607,39.6,28.76,-41.0,10,0.0,-35.5,1
1,10,242344,3.5607,39.6,28.75,-41.0,10,0.0,-35.5,1
1,10,243070,4.5974,39.6,28.75,-41.0,10,0.0,-35.5,1
1,10,243796,5.2058,39.6,28.75,-41.0,10,0.0,-35.5,1
1,10,244522,5.1157,39.6,28.76,-41.0,10,0.0,-35.5,1
1,10,245248,4.5974,39.6,28.75,-41.0,10,0.0,-35.5,1
1,10,245974,4.1466,39.6,28.75,-41.0,10,0.0,-35.5,1
1,10,246700,3.8086,39.6,28.75,-41.0,10,0.0,-35.5,1
1,10,247426,3.9889,39.6,28.76,-41.0,10,0.0,-35.5,1
1,10,248152,4.7326,39.6,28.76,-41.0,10,0.0,-35.5,1
1,10,248878,4.5974,38.6,28.76,-41.0,10,0.0,-35.5,1
1,10,249604,4.4171,38.6,28.76,-41.0,10,0.0,-35.5,1
1,10,250330,4.4171,38.6,28.75,-41.0,10,0.0,-35.5,1
1,10,251056,4.6875,39.6,28.75,-41.0,10,0.0,-35.5,1
1,10,251782,4.9129,39.6,28.75,-41.0,10,0.0,-35.5,1
1,10,252508,4.7551,39.6,28.75,-41.0,10,0.0,-35.5,1
1,10,253234,4.3269,38.6,28.76,-41.0,10,0.0,-35.5,1
1,10,253960,4.7100,38.6,28.76,-41.0,10,0.0,-35.5,1
1,10,254686,4.8453,38.6,28.76,-41.0,10,0.0,-35.5,1
1,10,255412,3.6734,38.6,28.76,-41.0,10,0.0,-35.5,1
1,10,256138,3.6508,38.6,28.76,-41.0,10,0.0,-35.5,1
1,10,256864,5.4087,38.6,28.76,-41.0,10,0.0,-35.5,1
1,10,257590,4.5748,38.6,28.76,-41.0,10,0.0,-35.5,1
1,10,258316,4.5748,39.6,28.76,-41.0,10,0.0,-35.5,1
1,10,259042,5.3410,39.6,28.76,-41.0,10,0.0,-35.5,1
1,10,259768,4.8453,39.6,28.76,-41.0,10,0.0,-35.5,1
1,10,260494,3.4255,39.6,28.76,-41.0,10,0.0,-35.5,1
1,10,261220,3.3353,39.6,28.76,-41.0,10,0.0,-35.5,1
1,10,261946,4.5523,39.6,28.76,-41.0,10,0.0,-35.5,1
1,10,262672,4.9579,39.6,28.75,-41.0,10,0.0,-35.5,1
1,10,263398,3.6058,39.6,28.76,-41.0,10,0.0,-35.5,1
1,10,264124,4.6199,39.6,28.76,-41.0,10,0.0,-35.5,1
1,10,264850,4.4847,39.6,28.76,-41.0,10,0.0,-35.5,1
1,10,265576,4.1016,39.6,28.76,-41.0,10,0.0,-35.5,1
1,10,266302,4.6199,39.6,28.76,-41.0,10,0.0,-35.5,1
1,10,267028,3.8537,39.6,28.76,-41.0,10,0.0,-35.5,1
1,10,267754,3.5156,38.6,28.76,-41.0,10,0.0,-35.5,1
1,10,268480,3.6734,39.6,28.76,-41.0,10,0.0,-35.5,1
1,10,269206,4.4171,39.6,28.76,-41.0,10,0.0,-35.5,1
1,10,269932,3.6058,39.6,28.76,-41.0,10,0.0,-35.5,1
1,10,270658,3.4706,39.6,28.76,-41.0,10,0.0,-35.5,1
1,10,271384,4.3720,38.6,28.75,-41.0,10,0.0,-35.5,1
1,10,272110,4.2819,39.6,28.76,-41.0,10,0.0,-35.5,1
1,10,272836,4.0565,38.6,28.76,-41.0,10,0.0,-35.5,1
1,10,273562,3.9889,39.6,28.76,-40.5,10,0.0,-35.5,1
1,10,274288,3.4706,39.6,28.76,-41.0,10,0.0,-35.5,1
1,10,275014,4.2142,39.6,28.76,-41.0,10,0.0,-35.5,1
1,10,275740,3.6283,39.6,28.76,-41.0,10,0.0,-35.5,1
1,10,276466,4.9805,39.6,28.76,-41.0,10,0.0,-35.5,1
1,10,277192,5.2960,39.6,28.75,-41.0,10,0.0,-35.5,1
1,10,277918,4.7326,38.6,28.76,-41.0,10,0.0,-35.5,1
1,10,278644,4.4847,39.6,28.75,-41.0,10,0.0,-35.5,1
1,10,279370,3.8987,39.6,28.75,-41.0,10,0.0,-35.5,1
1,10,280096,3.8987,39.6,28.75,-41.0,10,0.0,-35.5,1
1,10,280822,4.3945,39.6,28.76,-41.0,10,0.0,-35.5,1
1,10,281548,4.4171,39.6,28.75,-41.0,10,0.0,-35.5,1
1,10,282274,4.3720,39.6,28.76,-41.0,10,0.0,-35.5,1
1,10,283000,4.9805,39.6,28.75,-41.0,10,0.0,-35.5,1
1,10,283726,4.5748,38.6,28.76,-41.0,10,0.0,-35.5,1
1,10,284452,3.5607,39.6,28.76,-40.5,10,0.0,-35.5,1
1,10,285178,3.6734,39.6,28.76,-41.0,10,0.0,-35.5,1
1,10,285904,4.9805,39.6,28.75,-41.0,10,0.0,-35.5,1
1,10,286630,4.4621,38.6,28.76,-41.0,10,0.0,-35.5,1
1,10,287356,4.5974,38.6,28.76,-41.0,10,0.0,-35.5,1
1,10,288082,4.5974,38.6,28.76,-41.0,10,0.0,-35.5,1
1,10,288808,5.4312,38.6,28.76,-41.0,10,0.0,-35.5,1
1,10,289534,5.1157,39.6,28.76,-40.5,10,0.0,-35.5,1
1,10,290260,3.7635,39.6,28.75,-41.0,10,0.0,-35.5,1
1,10,290986,4.3495,39.6,28.75,-41.0,10,0.0,-35.5,1
1,10,291712,4.4171,39.6,28.75,-41.0,10,0.0,-35.5,1
1,10,292438,4.5523,38.6,28.75,-41.0,10,0.0,-35.5,1
1,10,293164,3.6959,39.6,28.75,-41.0,10,0.0,-35.5,1
1,10,293890,3.7410,39.6,28.75,-41.0,10,0.0,-35.5,1
1,10,294616,3.8086,38.6,28.75,-41.0,10,0.0,-35.5,1
1,10,295342,4.1692,38.6,28.75,-41.0,10,0.0,-35.5,1
1,10,296068,4.1692,39.6,28.75,-41.0,10,0.0,-35.5,1
1,10,296794,3.6734,39.6,28.76,-41.0,10,0.0,-35.5,1
1,10,297520,3.2452,39.6,28.75,-41.0,10,0.0,-35.5,1
1,10,298246,4.1692,39.6,28.75,-41.0,10,0.0,-35.5,1
1,10,298972,4.9805,39.6,28.75,-41.0,10,0.0,-35.5,1
1,10,299698,3.7861,39.6,28.75,-41.0,10,0.0,-35.5,1
1,10,300424,3.9213,39.6,28.75,-41.0,10,0.0,-35.5,1
1,10,301150,4.2819,39.6,28.76,-41.0,10,0.0,-35.5,1
1,10,301876,4.4396,39.6,28.76,-41.0,10,0.0,-35.5,1
1,10,302602,3.6283,39.6,28.76,-41.0,10,0.0,-35.5,1
1,10,303328,5.1382,39.6,28.75,-41.0,10,0.0,-35.5,1
1,10,304054,5.1382,39.6,28.76,-41.0,10,0.0,-35.5,1
1,10,304780,5.0706,39.6,28.76,-41.0,10,0.0,-35.5,1
1,10,305506,4.5072,38.6,28.76,-41.0,10,0.0,-35.5,1
1,10,306232,3.6508,39.6,28.75,-41.0,10,0.0,-35.5,1
1,10,306958,4.7100,38.6,28.76,-41.0,10,0.0,-35.5,1
1,10,307684,4.9354,38.6,28.76,-41.0,10,0.0,-35.5,1
1,10,308410,4.3495,38.6,28.76,-41.0,10,0.0,-35.5,1
1,10,309136,5.0706,38.6,28.76,-41.0,10,0.0,-35.5,1
1,10,309862,4.4847,38.6,28.75,-41.0,10,0.0,-35.5,1
1,10,310588,3.8086,38.6,28.76,-41.0,10,0.0,-35.5,1
1,10,311314,4.6875,38.6,28.75,-41.0,10,0.0,-35.5,1
1,10,312040,4.6875,38.6,28.76,-41.0,10,0.0,-35.5,1
1,10,312766,4.7100,38.6,28.76,-41.0,10,0.0,-35.5,1
1,10,313492,5.6340,38.6,28.76,-41.0,10,0.0,-35.5,1
1,10,314218,4.3044,38.6,28.76,-41.0,10,0.0,-35.5,1
1,10,314944,5.3636,38.6,28.76,-41.0,10,0.0,-35.5,1
1,10,315670,5.2058,38.6,28.76,-41.0,10,0.0,-35.5,1
1,10,316396,4.9354,38.6,28.76,-41.0,10,0.0,-35.5,1
1,10,317122,4.5748,38.6,28.76,-41.0,10,0.0,-35.5,1
1,10,317848,3.7635,38.6,28.76,-41.0,10,0.0,-35.5,1
1,10,318574,4.1917,38.6,28.75,-41.0,10,0.0,-35.5,1
1,10,319300,5.4763,38.6,28.76,-41.0,10,0.0,-35.5,1
1,10,320026,4.9129,38.6,28.75,-41.0,10,0.0,-35.5,1
1,10,320752,5.4087,38.6,28.75,-41.0,10,0.0,-35.5,1
1,10,321478,4.5072,38.6,28.75,-41.0,10,0.0,-35.5,1
1,10,322204,4.4621,38.6,28.76,-41.0,10,0.0,-35.5,1
1,10,322930,4.2593,38.6,28.76,-41.0,10,0.0,-35.5,1
1,10,323656,4.5523,38.6,28.76,-41.0,10,0.0,-35.5,1
1,10,324382,3.7861,38.6,28.76,-41.0,10,0.0,-35.5,1
1,10,325108,5.3185,39.6,28.76,-41.0,10,0.0,-35.5,1
1,10,325834,5.0481,38.6,28.76,-41.0,10,0.0,-35.5,1
1,10,326560,4.5523,39.6,28.76,-41.0,10,0.0,-35.5,1
1,10,327286,4.3495,38.6,28.76,-41.0,10,0.0,-35.5,1
1,10,328012,5.3185,39.6,28.76,-41.0,10,0.0,-35.5,1
1,10,328738,4.5072,38.6,28.76,-41.0,10,0.0,-35.5,1
1,10,329464,4.5523,38.6,28.76,-41.0,10,0.0,-35.5,1
1,10,330190,4.1241,39.6,28.76,-41.0,10,0.0,-35.5,1
1,10,330916,4.9805,39.6,28.76,-41.0,10,0.0,-35.5,1
1,10,331642,4.4171,39.6,28.76,-41.0,10,0.0,-35.5,1
1,10,332368,5.1833,39.6,28.76,-41.0,10,0.0,-35.5,1
1,10,333094,4.5748,39.6,28.76,-41.0,10,0.0,-35.5,1
1,10,333820,4.5748,39.6,28.76,-41.0,10,0.0,-35.5,1
1,10,334546,4.1917,39.6,28.76,-41.0,10,0.0,-35.5,1
1,10,335272,4.6199,39.6,28.75,-41.0,10,0.0,-35.5,1
1,10,335998,3.8537,39.6,28.76,-41.0,10,0.0,-35.5,1
1,10,336724,4.1466,39.6,28.76,-41.0,10,0.0,-35.5,1
1,10,337450,3.4706,39.6,28.76,-41.0,10,0.0,-35.5,1
1,10,338176,4.7551,39.6,28.76,-41.0,10,0.0,-35.5,1
1,10,338902,4.9354,39.6,28.75,-41.0,10,0.0,-35.5,1
1,10,339628,4.3720,39.6,28.76,-41.0,10,0.0,-35.5,1
1,10,340354,4.5748,39.6,28.76,-41.0,10,0.0,-35.5,1
1,10,341080,3.9889,39.6,28.76,-41.0,10,0.0,-35.5,1
1,10,341806,3.9889,39.6,28.76,-41.0,10,0.0,-35.5,1
1,10,342532,4.2368,39.6,28.76,-41.0,10,0.0,-35.5,1
1,10,343258,4.3720,39.6,28.76,-41.0,10,0.0,-35.5,1
1,10,343984,4.1917,39.6,28.76,-40.5,10,0.0,-35.5,1
1,10,344710,4.4171,39.6,28.76,-41.0,10,0.0,-35.5,1
1,10,345436,3.6283,39.6,28.75,-41.0,10,0.0,-35.5,1
1,10,346162,4.3720,38.6,28.76,-41.0,10,0.0,-35.5,1
1,10,346888,4.3269,38.6,28.76,-41.0,10,0.0,-35.5,1
1,10,347614,4.6875,39.6,28.76,-41.0,10,0.0,-35.5,1
1,10,348340,4.4396,39.6,28.76,-41.0,10,0.0,-35.5,1
1,10,349066,3.4480,39.6,28.76,-41.0,10,0.0,-35.5,1
1,10,349792,3.4480,39.6,28.76,-41.0,10,0.0,-35.5,1
1,10,350518,4.2142,39.6,28.76,-41.0,10,0.0,-35.5,1
1,10,351244,5.3410,39.6,28.75,-41.0,10,0.0,-35.5,1
1,10,351970,4.5072,38.6,28.75,-41.0,10,0.0,-35.5,1
1,10,352696,4.2142,38.6,28.76,-41.0,10,0.0,-35.5,1
1,10,353422,4.2368,39.6,28.75,-41.0,10,0.0,-35.5,1
1,10,354148,4.5297,39.6,28.76,-41.0,10,0.0,-35.5,1
1,10,354874,5.1382,39.6,28.76,-40.5,10,0.0,-35.5,1
1,10,355600,4.4171,39.6,28.76,-41.0,10,0.0,-35.5,1
1,10,356326,5.2058,39.6,28.76,-41.0,10,0.0,-35.5,1
1,10,357052,3.8987,39.6,28.75,-41.0,10,0.0,-35.5,1
1,10,357778,3.8987,39.6,28.76,-41.0,10,0.0,-35.5,1
1,10,358504,4.1692,39.6,28.76,-41.0,10,0.0,-35.5,1
1,10,359230,4.4847,38.6,28.75,-41.0,10,0.0,-35.5,1
1,10,359956,3.6959,38.6,28.75,-41.0,10,0.0,-35.5,1
1,10,360682,3.4029,38.6,28.75,-41.0,10,0.0,-35.5,1
1,10,361408,4.4621,38.6,28.76,-41.0,10,0.0,-35.5,1
1,10,362134,5.2509,38.6,28.75,-41.0,10,0.0,-35.5,1
1,10,362860,3.5832,38.6,28.75,-41.0,10,0.0,-35.5,1
1,10,363586,4.7551,39.6,28.76,-41.0,10,0.0,-35.5,1
1,10,364312,4.2593,39.6,28.76,-41.0,10,0.0,-35.5,1
1,10,365038,4.8002,39.6,28.75,-41.0,10,0.0,-35.5,1
1,10,365764,4.8002,39.6,28.76,-41.0,10,0.0,-35.5,1
1,10,366490,5.1608,38.6,28.76,-41.0,10,0.0,-35.5,1
1,10,367216,3.6283,39.6,28.75,-40.5,10,0.0,-35.5,1
1,10,367942,4.5072,38.6,28.75,-41.0,10,0.0,-35.5,1
1,10,368668,4.5297,39.6,28.76,-41.0,10,0.0,-35.5,1
1,9,6394,3.4255,37.6,28.76,-40.5,9,0.0,-35.5,1
1,9,7120,4.1016,38.6,28.76,-41.0,9,0.0,-35.5,1
1,9,7846,3.5156,38.6,28.76,-40.5,9,0.0,-35.5,1
1,9,8572,4.6199,38.6,28.76,-40.5,9,0.0,-35.5,1
1,9,9298,3.1325,38.6,28.76,-40.5,9,0.0,-35.5,1
1,9,10024,3.3804,38.6,28.76,-40.5,9,0.0,-35.5,1
1,9,10750,3.5156,39.6,28.76,-40.5,9,0.0,-35.5,1
1,9,11476,3.5156,38.6,28.76,-40.5,9,0.0,-35.5,1
1,9,12202,3.0649,39.6,28.76,-40.5,9,0.0,-35.5,1
1,9,12928,3.6283,39.6,28.77,-41.0,9,0.0,-35.5,1
1,9,13654,2.6367,38.6,28.76,-40.5,9,0.0,-35.5,1
1,9,14380,3.6508,38.6,28.77,-41.0,9,0.0,-35.5,1
1,9,15106,3.7184,38.6,28.76,-40.5,9,0.0,-35.5,1
1,9,15832,2.8621,38.6,28.77,-40.5,9,0.0,-35.5,1
1,9,16558,3.4480,38.6,28.76,-40.5,9,0.0,-35.5,1
1,9,17284,2.4790,39.6,28.77,-40.5,9,0.0,-35.5,1
1,9,18010,4.1917,39.6,28.77,-41.0,9,0.0,-35.5,1
1,9,18736,2.8846,39.6,28.77,-40.5,9,0.0,-35.5,1
1,9,19462,3.7410,39.6,28.77,-40.5,9,0.0,-35.5,1
1,9,20188,2.6142,39.6,28.77,-40.5,9,0.0,-35.5,1
1,9,20914,2.8395,38.6,28.77,-40.5,9,0.0,-35.5,1
1,9,21640,3.4706,38.6,28.77,-41.0,9,0.0,-35.5,1
1,9,22366,2.8395,38.6,28.78,-40.5,9,0.0,-35.5,1
1,9,23092,3.0424,39.6,28.77,-40.5,9,0.0,-35.5,1
1,9,23818,2.5466,39.6,28.77,-40.5,9,0.0,-35.5,1
1,9,24544,2.6367,39.6,28.77,-40.5,9,0.0,-35.5,1
1,9,25270,3.3128,39.6,28.78,-40.5,9,0.0,-35.5,1
1,9,25996,3.0649,39.6,28.78,-40.5,9,0.0,-35.5,1
1,9,26722,4.1466,39.6,28.78,-41.0,9,0.0,-35.5,1
1,9,27448,3.5607,39.6,28.78,-40.5,9,0.0,-35.5,1
1,9,28174,3.4255,39.6,28.78,-40.5,9,0.0,-35.5,1
1,9,28900,3.4255,39.6,28.78,-40.5,9,0.0,-35.5,1
1,9,29626,3.4706,38.6,28.78,-40.5,9,0.0,-35.5,1
1,9,30352,3.2227,38.6,28.78,-40.5,9,0.0,-35.5,1
1,9,31078,2.8170,38.6,28.79,-40.5,9,0.0,-35.5,1
1,9,31804,4.0790,38.6,28.79,-41.0,9,0.0,-35.5,1
1,9,32530,3.7635,38.6,28.79,-40.5,9,0.0,-35.5,1
1,9,33256,3.7635,38.6,28.78,-40.5,9,0.0,-35.5,1
1,9,33982,2.7043,39.6,28.79,-40.5,9,0.0,-35.5,1
1,9,34708,3.6734,38.6,28.79,-40.5,9,0.0,-35.5,1
1,9,35434,3.6058,38.6,28.79,-40.5,9,0.0,-35.5,1
1,9,36160,2.7494,38.6,28.79,-40.5,9,0.0,-35.5,1
1,9,36886,3.2001,38.6,28.79,-41.0,9,0.0,-35.5,1
1,9,37612,3.5832,38.6,28.79,-40.5,9,0.0,-35.5,1
1,9,38338,3.0424,38.6,28.79,-40.5,9,0.0,-35.5,1
1,9,39064,2.6367,38.6,28.79,-40.5,9,0.0,-35.5,1
1,9,39790,3.4706,38.6,28.79,-40.5,9,0.0,-35.5,1
1,9,40516,4.3044,38.6,28.79,-40.5,9,0.0,-35.5,1
1,9,41242,4.3044,39.6,28.79,-40.5,9,0.0,-35.5,1
1,9,41968,4.1016,38.6,28.79,-41.0,9,0.0,-35.5,1
1,9,42694,2.8846,38.6,28.79,-40.5,9,0.0,-35.5,1
1,9,43420,2.8395,38.6,28.79,-40.5,9,0.0,-35.5,1
1,9,44146,3.1325,39.6,28.79,-40.5,9,0.0,-35.5,1
1,9,44872,3.3353,39.6,28.79,-41.0,9,0.0,-35.5,1
1,9,45598,3.2677,39.6,28.80,-40.5,9,0.0,-35.5,1
1,9,46324,2.7719,39.6,28.79,-40.5,9,0.0,-35.5,1
1,9,47050,2.3663,39.6,28.79,-40.5,9,0.0,-35.5,1
1,9,47776,2.6818,39.6,28.79,-40.5,9,0.0,-35.5,1
1,9,48502,2.3888,39.6,28.80,-40.5,9,0.0,-35.5,1
1,9,49228,2.3888,39.6,28.80,-40.5,9,0.0,-35.5,1
1,9,49954,2.9072,38.6,28.80,-40.5,9,0.0,-35.5,1
1,9,50680,3.6058,38.6,28.80,-40.5,9,0.0,-35.5,1
1,9,51406,2.5691,38.6,28.80,-40.5,9,0.0,-35.5,1
1,9,52132,3.6959,39.6,28.80,-40.5,9,0.0,-35.5,1
1,9,52858,3.4255,39.6,28.80,-40.5,9,0.0,-35.5,1
1,9,53584,3.6734,38.6,28.80,-40.5,9,0.0,-35.5,1
1,9,54310,2.6818,38.6,28.80,-40.5,9,0.0,-35.5,1
1,9,55036,3.8537,38.6,28.80,-40.5,9,0.0,-35.5,1
1,9,55762,2.2987,38.6,28.80,-40.5,9,0.0,-35.5,1
1,9,56488,2.6818,38.6,28.80,-40.5,9,0.0,-35.5,1
1,9,57214,2.6818,39.6,28.80,-40.5,9,0.0,-35.5,1
1,9,57940,2.2761,39.6,28.80,-40.5,9,0.0,-35.5,1
1,9,58666,3.3804,39.6,28.80,-40.5,9,0.0,-35.5,1
1,9,59392,4.0790,39.6,28.80,-40.5,9,0.0,-35.5,1
1,9,60118,3.4029,39.6,28.80,-40.5,9,0.0,-35.5,1
1,9,60844,2.3212,39.6,28.80,-40.5,9,0.0,-35.5,1
1,9,61570,3.3128,39.6,28.80,-40.5,9,0.0,-35.5,1
1,9,62296,3.2677,39.6,28.80,-41.0,9,0.0,-35.5,1
1,9,63022,2.7494,39.6,28.80,-40.5,9,0.0,-35.5,1
1,9,63748,3.1100,38.6,28.80,-40.5,9,0.0,-35.5,1
1,9,64474,3.6058,39.6,28.80,-40.5,9,0.0,-35.5,1
1,9,65200,3.6058,38.6,28.80,-40.5,9,0.0,-35.5,1
1,9,65926,2.5691,38.6,28.80,-40.5,9,0.0,-35.5,1
1,9,66652,3.3128,39.6,28.80,-40.5,9,0.0,-35.5,1
1,9,67378,4.1692,38.6,28.80,-40.5,9,0.0,-35.5,1
1,9,68104,3.4029,39.6,28.80,-40.5,9,0.0,-35.5,1
1,9,68830,3.2677,39.6,28.80,-41.0,9,0.0,-35.5,1
1,9,69556,3.4255,38.6,28.80,-40.5,9,0.0,-35.5,1
1,9,70282,2.2987,38.6,28.80,-40.5,9,0.0,-35.5,1
1,9,71008,3.6058,38.6,28.81,-41.0,9,0.0,-35.5,1
1,9,71734,3.7184,38.6,28.81,-40.5,9,0.0,-35.5,1
1,9,72460,3.6058,39.6,28.81,-40.5,9,0.0,-35.5,1
1,9,73186,3.8086,38.6,28.81,-40.5,9,0.0,-35.5,1
1,9,73912,2.6818,38.6,28.80,-40.5,9,0.0,-35.5,1
1,9,74638,2.7043,38.6,28.80,-40.5,9,0.0,-35.5,1
1,9,75364,3.5156,39.6,28.80,-40.5,9,0.0,-35.5,1
1,9,76090,2.2536,39.6,28.80,-40.5,9,0.0,-35.5,1
1,9,76816,2.4564,39.6,28.80,-40.5,9,0.0,-35.5,1
1,9,77542,3.6508,39.6,28.80,-40.5,9,0.0,-35.5,1
1,9,78268,4.1917,39.6,28.80,-40.5,9,0.0,-35.5,1
1,9,78994,2.7269,39.6,28.81,-40.5,9,0.0,-35.5,1
1,9,79720,2.3212,38.6,28.80,-41.0,9,0.0,-35.5,1
1,9,80446,3.5156,39.6,28.80,-41.0,9,0.0,-35.5,1
1,9,81172,4.2819,39.6,28.80,-41.0,9,0.0,-35.5,1
1,9,81898,3.2903,38.6,28.81,-40.5,9,0.0,-35.5,1
1,9,82624,2.8621,38.6,28.80,-40.5,9,0.0,-35.5,1
1,9,83350,3.5156,38.6,28.81,-40.5,9,0.0,-35.5,1
1,9,84076,2.5916,38.6,28.80,-40.5,9,0.0,-35.5,1
1,9,84802,3.4255,38.6,28.81,-40.5,9,0.0,-35.5,1
1,9,85528,3.3579,38.6,28.80,-40.5,9,0.0,-35.5,1
1,9,86254,2.3437,38.6,28.80,-40.5,9,0.0,-35.5,1
1,9,86980,2.3437,38.6,28.81,-40.5,9,0.0,-35.5,1
1,9,87706,2.3212,38.6,28.81,-40.5,9,0.0,-35.5,1
1,9,88432,3.3579,38.6,28.81,-40.5,9,0.0,-35.5,1
1,9,89158,4.2142,38.6,28.80,-41.0,9,0.0,-35.5,1
1,9,89884,3.8762,38.6,28.80,-41.0,9,0.0,-35.5,1
1,9,90610,4.2368,39.6,28.80,-40.5,9,0.0,-35.5,1
1,9,91336,3.8086,39.6,28.81,-41.0,9,0.0,-35.5,1
1,9,92062,3.5832,39.6,28.81,-40.5,9,0.0,-35.5,1
1,9,92788,3.4480,39.6,28.80,-40.5,9,0.0,-35.5,1
1,9,93514,3.4029,39.6,28.81,-40.5,9,0.0,-35.5,1
1,9,94240,3.5382,38.6,28.81,-40.5,9,0.0,-35.5,1
1,9,94966,3.5382,38.6,28.81,-40.5,9,0.0,-35.5,1
1,9,95692,2.5015,38.6,28.80,-40.5,9,0.0,-35.5,1
1,9,96418,3.8311,39.6,28.81,-41.0,9,0.0,-35.5,1
1,9,97144,3.5382,39.6,28.81,-40.5,9,0.0,-35.5,1
1,9,97870,2.8170,39.6,28.81,-40.5,9,0.0,-35.5,1
1,9,98596,3.4029,38.6,28.80,-41.0,9,0.0,-35.5,1
1,9,99322,3.1550,38.6,28.81,-40.5,9,0.0,-35.5,1
1,9,100048,4.3269,39.6,28.81,-41.0,9,0.0,-35.5,1
1,9,100774,2.3663,39.6,28.81,-40.5,9,0.0,-35.5,1
1,9,101500,2.2761,38.6,28.81,-40.5,9,0.0,-35.5,1
1,9,102226,3.6734,38.6,28.81,-41.0,9,0.0,-35.5,1
1,9,102952,3.6734,39.6,28.81,-41.0,9,0.0,-35.5,1
1,9,103678,2.6593,38.6,28.81,-40.5,9,0.0,-35.5,1
1,9,104404,2.6818,39.6,28.81,-40.5,9,0.0,-35.5,1
1,9,105130,3.3579,39.6,28.81,-40.5,9,0.0,-35.5,1
1,9,105856,2.9072,39.6,28.81,-40.5,9,0.0,-35.5,1
1,9,106582,2.7945,39.6,28.81,-40.5,9,0.0,-35.5,1
1,9,107308,3.4931,39.6,28.81,-40.5,9,0.0,-35.5,1
1,9,108034,2.4114,39.6,28.81,-40.5,9,0.0,-35.5,1
1,9,108760,4.4396,39.6,28.81,-40.5,9,0.0,-35.5,1
1,9,109486,4.1241,39.6,28.80,-40.5,9,0.0,-35.5,1
1,9,110212,2.5015,39.6,28.81,-40.5,9,0.0,-35.5,1
1,9,110938,2.5015,39.6,28.80,-40.5,9,0.0,-35.5,1
1,9,111664,3.8537,39.6,28.81,-40.5,9,0.0,-35.5,1
1,9,112390,3.9889,39.6,28.81,-40.5,9,0.0,-35.5,1
1,9,113116,2.7043,39.6,28.81,-40.5,9,0.0,-35.5,1
1,9,113842,3.6058,38.6,28.81,-41.0,9,0.0,-35.5,1
1,9,114568,4.1917,38.6,28.81,-40.5,9,0.0,-35.5,1
1,9,115294,4.2142,39.6,28.81,-41.0,9,0.0,-35.5,1
1,9,116020,2.4564,39.6,28.81,-40.5,9,0.0,-35.5,1
1,9,116746,3.2227,39.6,28.81,-40.5,9,0.0,-35.5,1
1,9,117472,2.8170,39.6,28.81,-40.5,9,0.0,-35.5,1
1,9,118198,3.3353,39.6,28.81,-41.0,9,0.0,-35.5,1
1,9,118924,3.3353,39.6,28.81,-41.0,9,0.0,-35.5,1
1,9,119650,2.2536,39.6,28.81,-40.5,9,0.0,-35.5,1
1,9,120376,2.7494,39.6,28.81,-40.5,9,0.0,-35.5,1
1,9,121102,4.3269,39.6,28.81,-41.0,9,0.0,-35.5,1
1,9,121828,4.2819,38.6,28.81,-41.0,9,0.0,-35.5,1
1,9,122554,3.9663,38.6,28.81,-40.5,9,0.0,-35.5,1
1,9,123280,2.4564,38.6,28.81,-40.5,9,0.0,-35.5,1
1,9,124006,3.4029,38.6,28.81,-40.5,9,0.0,-35.5,1
1,9,124732,2.6367,38.6,28.81,-40.5,9,0.0,-35.5,1
1,9,125458,3.9438,38.6,28.81,-41.0,9,0.0,-35.5,1
1,9,126184,3.6734,38.6,28.81,-41.0,9,0.0,-35.5,1
1,9,126910,3.6734,39.6,28.81,-41.0,9,0.0,-35.5,1
1,9,127636,3.5832,39.6,28.81,-40.5,9,0.0,-35.5,1
1,9,128362,4.1692,39.6,28.81,-40.5,9,0.0,-35.5,1
1,9,129088,2.5691,39.6,28.81,-40.5,9,0.0,-35.5,1
1,9,129814,2.7043,39.6,28.81,-40.5,9,0.0,-35.5,1
1,9,130540,3.3804,39.6,28.81,-40.5,9,0.0,-35.5,1
1,9,131266,3.9889,39.6,28.80,-40.5,9,0.0,-35.5,1
1,9,131992,3.5382,39.6,28.81,-40.5,9,0.0,-35.5,1
1,9,132718,3.4931,39.6,28.81,-40.5,9,0.0,-35.5,1
1,9,133444,3.4480,39.6,28.80,-40.5,9,0.0,-35.5,1
1,9,134170,2.7719,39.6,28.81,-40.5,9,0.0,-35.5,1
1,9,134896,2.7269,39.6,28.81,-40.5,9,0.0,-35.5,1
1,9,135622,3.4931,39.6,28.81,-40.5,9,0.0,-35.5,1
1,9,136348,3.0649,39.6,28.81,-40.5,9,0.0,-35.5,1
1,9,137074,2.4564,39.6,28.81,-40.5,9,0.0,-35.5,1
1,9,137800,3.9889,39.6,28.81,-40.5,9,0.0,-35.5,1
1,9,138526,2.8170,39.6,28.81,-40.5,9,0.0,-35.5,1
1,9,139252,2.3888,39.6,28.81,-40.5,9,0.0,-35.5,1
1,9,139978,2.6367,38.6,28.81,-40.5,9,0.0,-35.5,1
1,9,140704,-0.4958,39.6,28.81,-40.5,9,0.0,-35.5,0
1,9,141430,3.5832,39.6,28.81,-40.5,9,0.0,-35.5,1
1,9,142156,2.9072,39.6,28.81,-40.5,9,0.0,-35.5,1
1,9,142882,3.5156,39.6,28.81,-40.5,9,0.0,-35.5,1
1,9,143608,4.0340,39.6,28.81,-40.5,9,0.0,-35.5,1
1,9,144334,2.7043,39.6,28.81,-40.5,9,0.0,-35.5,1
1,9,145060,3.3353,39.6,28.81,-40.5,9,0.0,-35.5,1
1,9,145786,3.2903,39.6,28.81,-40.5,9,0.0,-35.5,1
1,9,146512,3.2452,39.6,28.81,-40.5,9,0.0,-35.5,1
1,9,147238,3.9438,39.6,28.81,-41.0,9,0.0,-35.5,1
1,9,147964,2.3663,39.6,28.81,-40.5,9,0.0,-35.5,1
1,9,148690,2.3663,39.6,28.81,-40.5,9,0.0,-35.5,1
1,9,149416,2.4114,39.6,28.80,-40.5,9,0.0,-35.5,1
1,9,150142,2.9297,39.6,28.81,-40.5,9,0.0,-35.5,1
1,9,150868,3.2677,39.6,28.81,-40.5,9,0.0,-35.5,1
1,9,151594,3.2677,39.6,28.81,-40.5,9,0.0,-35.5,1
1,9,152320,3.6959,39.6,28.81,-40.5,9,0.0,-35.5,1
1,9,153046,4.0114,39.6,28.81,-40.5,9,0.0,-35.5,1
1,9,153772,3.0874,39.6,28.81,-40.5,9,0.0,-35.5,1
1,9,154498,2.4790,39.6,28.81,-40.5,9,0.0,-35.5,1
1,9,155224,2.3663,39.6,28.81,-40.5,9,0.0,-35.5,1
1,9,155950,2.9522,39.6,28.81,-40.5,9,0.0,-35.5,1
1,9,156676,2.9522,39.6,28.81,-40.5,9,0.0,-35.5,1
1,9,157402,3.2001,39.6,28.81,-40.5,9,0.0,-35.5,1
1,9,158128,4.3269,39.6,28.81,-40.5,9,0.0,-35.5,1
1,9,158854,2.5691,39.6,28.81,-40.5,9,0.0,-35.5,1
1,9,159580,4.1241,38.6,28.81,-40.5,9,0.0,-35.5,1
1,9,160306,2.5916,39.6,28.81,-41.0,9,0.0,-35.5,1
1,9,161032,3.5382,39.6,28.81,-41.0,9,0.0,-35.5,1
1,9,161758,3.8987,39.6,28.81,-40.5,9,0.0,-35.5,1
1,9,162484,2.9297,39.6,28.81,-40.5,9,0.0,-35.5,1
1,9,163210,4.5072,39.6,28.81,-41.0,9,0.0,-35.5,1
1,9,163936,4.0114,39.6,28.81,-40.5,9,0.0,-35.5,1
1,9,164662,4.0114,38.6,28.81,-40.5,9,0.0,-35.5,1
1,9,165388,3.1100,38.6,28.81,-40.5,9,0.0,-35.5,1
1,9,166114,3.5382,38.6,28.81,-40.5,9,0.0,-35.5,1
1,9,166840,3.3579,39.6,28.81,-40.5,9,0.0,-35.5,1
1,9,167566,2.6367,38.6,28.81,-40.5,9,0.0,-35.5,1
1,9,168292,2.5466,39.6,28.81,-40.5,9,0.0,-35.5,1
1,9,169018,2.9973,38.6,28.81,-40.5,9,0.0,-35.5,1
1,9,169744,3.2227,38.6,28.80,-40.5,9,0.0,-35.5,1
1,9,170470,2.5916,38.6,28.81,-40.5,9,0.0,-35.5,1
1,9,171196,3.1550,38.6,28.81,-41.0,9,0.0,-35.5,1
1,9,171922,3.2677,39.6,28.81,-40.5,9,0.0,-35.5,1
1,9,172648,3.2677,39.6,28.81,-40.5,9,0.0,-35.5,1
1,9,173374,2.9297,39.6,28.81,-40.5,9,0.0,-35.5,1
1,9,174100,4.1917,39.6,28.81,-40.5,9,0.0,-35.5,1
1,9,174826,4.2593,39.6,28.81,-40.5,9,0.0,-35.5,1
1,9,175552,4.0565,38.6,28.80,-41.0,9,0.0,-35.5,1
1,9,176278,3.1100,38.6,28.81,-41.0,9,0.0,-35.5,1
1,9,177004,2.0959,39.6,28.81,-40.5,9,0.0,-35.5,1
1,9,177730,3.5832,39.6,28.81,-40.5,9,0.0,-35.5,1
1,9,178456,2.5466,39.6,28.81,-40.5,9,0.0,-35.5,1
1,9,179182,2.5466,39.6,28.81,-40.5,9,0.0,-35.5,1
1,9,179908,3.3804,39.6,28.81,-41.0,9,0.0,-35.5,1
1,9,180634,3.3804,39.6,28.81,-41.0,9,0.0,-35.5,1
1,9,181360,4.6650,38.6,28.81,-41.0,9,0.0,-35.5,1
1,9,182086,3.1325,39.6,28.81,-40.5,9,0.0,-35.5,1
1,9,182812,3.3353,39.6,28.81,-41.0,9,0.0,-35.5,1
1,9,183538,3.4480,38.6,28.80,-40.5,9,0.0,-35.5,1
1,9,184264,3.3804,39.6,28.81,-40.5,9,0.0,-35.5,1
1,9,184990,3.6058,38.6,28.81,-40.5,9,0.0,-35.5,1
1,9,185716,2.3663,39.6,28.81,-40.5,9,0.0,-35.5,1
1,9,186442,2.8395,39.6,28.81,-40.5,9,0.0,-35.5,1
1,9,187168,2.3663,38.6,28.81,-40.5,9,0.0,-35.5,1
1,9,187894,2.4339,39.6,28.81,-40.5,9,0.0,-35.5,1
1,9,188620,3.0424,38.6,28.81,-40.5,9,0.0,-35.5,1
1,9,189346,2.7945,39.6,28.81,-40.5,9,0.0,-35.5,1
1,9,190072,2.9072,38.6,28.81,-40.5,9,0.0,-35.5,1
1,9,190798,4.0340,38.6,28.81,-40.5,9,0.0,-35.5,1
1,9,191524,3.4029,39.6,28.81,-41.0,9,0.0,-35.5,1
1,9,192250,3.9663,39.6,28.81,-40.5,9,0.0,-35.5,1
1,9,192976,3.1550,39.6,28.80,-40.5,9,0.0,-35.5,1
1,9,193702,3.7184,38.6,28.80,-40.5,9,0.0,-35.5,1
1,9,194428,1.8029,39.6,28.81,-40.5,9,0.0,-35.5,1
1,9,195154,2.6367,39.6,28.81,-40.5,9,0.0,-35.5,1
1,9,195880,2.6593,39.6,28.81,-40.5,9,0.0,-35.5,1
1,9,196606,3.5832,39.6,28.81,-41.0,9,0.0,-35.5,1
1,9,197332,3.4029,39.6,28.81,-40.5,9,0.0,-35.5,1
1,9,198058,2.3212,39.6,28.80,-40.5,9,0.0,-35.5,1
1,9,198784,4.5072,38.6,28.81,-41.0,9,0.0,-35.5,1
1,9,199510,2.2536,38.6,28.81,-40.5,9,0.0,-35.5,1
1,9,200236,3.9438,38.6,28.81,-40.5,9,0.0,-35.5,1
1,9,200962,2.6818,38.6,28.81,-40.5,9,0.0,-35.5,1
1,9,201688,4.1692,38.6,28.81,-40.5,9,0.0,-35.5,1
1,9,202414,4.1692,38.6,28.80,-40.5,9,0.0,-35.5,1
1,9,203140,3.8987,39.6,28.81,-41.0,9,0.0,-35.5,1
1,9,203866,3.4255,39.6,28.81,-41.0,9,0.0,-35.5,1
1,9,204592,4.2819,39.6,28.80,-40.5,9,0.0,-35.5,1
1,9,205318,3.1550,39.6,28.80,-40.5,9,0.0,-35.5,1
1,9,206044,3.5832,39.6,28.81,-40.5,9,0.0,-35.5,1
1,9,206770,3.9213,38.6,28.80,-40.5,9,0.0,-35.5,1
1,9,207496,3.3128,39.6,28.81,-40.5,9,0.0,-35.5,1
1,9,208222,3.3353,39.6,28.80,-40.5,9,0.0,-35.5,1
1,9,208948,2.4790,39.6,28.80,-40.5,9,0.0,-35.5,1
1,9,209674,2.4339,38.6,28.81,-40.5,9,0.0,-35.5,1
1,9,210400,2.4339,38.6,28.81,-40.5,9,0.0,-35.5,1
1,9,211126,3.2452,38.6,28.81,-41.0,9,0.0,-35.5,1
1,9,211852,3.1776,38.6,28.81,-40.5,9,0.0,-35.5,1
1,9,212578,4.0565,39.6,28.81,-40.5,9,0.0,-35.5,1
1,9,213304,2.5466,39.6,28.81,-40.5,9,0.0,-35.5,1
1,9,214030,2.6818,39.6,28.81,-40.5,9,0.0,-35.5,1
1,9,214756,2.8846,39.6,28.81,-40.5,9,0.0,-35.5,1
1,9,215482,3.4480,39.6,28.81,-40.5,9,0.0,-35.5,1
1,9,216208,4.3945,39.6,28.81,-40.5,9,0.0,-35.5,1
1,9,216934,3.7861,39.6,28.81,-40.5,9,0.0,-35.5,1
1,9,217660,3.2903,38.6,28.80,-41.0,9,0.0,-35.5,1
1,9,218386,3.2903,38.6,28.81,-41.0,9,0.0,-35.5,1
1,9,219112,2.2987,39.6,28.81,-40.5,9,0.0,-35.5,1
1,9,219838,3.0649,38.6,28.81,-40.5,9,0.0,-35.5,1
1,9,220564,2.9973,38.6,28.81,-40.5,9,0.0,-35.5,1
1,9,221290,3.2227,38.6,28.81,-40.5,9,0.0,-35.5,1
1,9,222016,2.9297,38.6,28.81,-40.5,9,0.0,-35.5,1
1,9,222742,3.6058,38.6,28.81,-41.0,9,0.0,-35.5,1
1,9,223468,3.3128,38.6,28.81,-40.5,9,0.0,-35.5,1
1,9,224194,3.2452,39.6,28.81,-41.0,9,0.0,-35.5,1
1,9,224920,4.0565,39.6,28.80,-40.5,9,0.0,-35.5,1
1,9,225646,3.4706,39.6,28.81,-40.5,9,0.0,-35.5,1
1,9,226372,3.4706,39.6,28.81,-40.5,9,0.0,-35.5,1
1,9,227098,4.6424,39.6,28.81,-40.5,9,0.0,-35.5,1
1,9,227824,3.6959,39.6,28.81,-40.5,9,0.0,-35.5,1
1,9,228550,2.3888,39.6,28.80,-40.5,9,0.0,-35.5,1
1,9,229276,4.2819,38.6,28.80,-41.0,9,0.0,-35.5,1
1,9,230002,2.6593,38.6,28.81,-40.5,9,0.0,-35.5,1
1,9,230728,3.0649,39.6,28.81,-40.5,9,0.0,-35.5,1
1,9,231454,3.4706,39.6,28.81,-40.5,9,0.0,-35.5,1
1,9,232180,3.6283,39.6,28.80,-40.5,9,0.0,-35.5,1
1,9,232906,4.1241,39.6,28.80,-40.5,9,0.0,-35.5,1
1,9,233632,4.5523,39.6,28.80,-40.5,9,0.0,-35.5,1
1,9,234358,4.5523,39.6,28.81,-40.5,9,0.0,-35.5,1
1,9,235084,2.4564,38.6,28.81,-40.5,9,0.0,-35.5,1
1,9,235810,2.9297,39.6,28.80,-40.5,9,0.0,-35.5,1
1,9,236536,3.8537,39.6,28.81,-40.5,9,0.0,-35.5,1
1,9,237262,3.3579,38.6,28.80,-40.5,9,0.0,-35.5,1
1,9,237988,2.5240,38.6,28.81,-40.5,9,0.0,-35.5,1
1,9,238714,3.4480,39.6,28.81,-40.5,9,0.0,-35.5,1
1,9,239440,3.2227,39.6,28.81,-40.5,9,0.0,-35.5,1
1,9,240166,3.5156,38.6,28.80,-40.5,9,0.0,-35.5,1
1,9,240892,3.7184,39.6,28.81,-40.5,9,0.0,-35.5,1
1,9,241618,3.1776,39.6,28.81,-40.5,9,0.0,-35.5,1
1,9,242344,3.9889,38.6,28.80,-40.5,9,0.0,-35.5,1
1,9,243070,4.0114,38.6,28.80,-40.5,9,0.0,-35.5,1
1,9,243796,4.2142,39.6,28.80,-40.5,9,0.0,-35.5,1
1,9,244522,3.6959,38.6,28.81,-41.0,9,0.0,-35.5,1
1,9,245248,2.5240,38.6,28.81,-40.5,9,0.0,-35.5,1
1,9,245974,3.3128,39.6,28.81,-40.5,9,0.0,-35.5,1
1,9,246700,2.9522,39.6,28.81,-41.0,9,0.0,-35.5,1
1,9,247426,2.4790,39.6,28.81,-40.5,9,0.0,-35.5,1
1,9,248152,3.4931,39.6,28.81,-40.5,9,0.0,-35.5,1
1,9,248878,4.2819,39.6,28.80,-40.5,9,0.0,-35.5,1
1,9,249604,4.2819,40.6,28.81,-40.5,9,0.0,-35.5,1
1,9,250330,4.3945,39.6,28.81,-40.5,9,0.0,-35.5,1
1,9,251056,3.2227,39.6,28.80,-40.5,9,0.0,-35.5,1
1,9,251782,3.6959,38.6,28.81,-41.0,9,0.0,-35.5,1
1,9,252508,3.4706,38.6,28.81,-41.0,9,0.0,-35.5,1
1,9,253234,3.0874,39.6,28.81,-41.0,9,0.0,-35.5,1
1,9,253960,2.1860,39.6,28.81,-40.5,9,0.0,-35.5,1
1,9,254686,3.1325,39.6,28.81,-40.5,9,0.0,-35.5,1
1,9,255412,4.0790,39.6,28.81,-41.0,9,0.0,-35.5,1
1,9,256138,4.0790,39.6,28.81,-41.0,9,0.0,-35.5,1
1,9,256864,2.6367,39.6,28.81,-40.5,9,0.0,-35.5,1
1,9,257590,3.2227,39.6,28.80,-40.5,9,0.0,-35.5,1
1,9,258316,2.9748,39.6,28.81,-40.5,9,0.0,-35.5,1
1,9,259042,3.3353,39.6,28.81,-41.0,9,0.0,-35.5,1
1,9,259768,3.4255,39.6,28.80,-40.5,9,0.0,-35.5,1
1,9,260494,3.3804,39.6,28.81,-40.5,9,0.0,-35.5,1
1,9,261220,3.4480,39.6,28.81,-40.5,9,0.0,-35.5,1
1,9,261946,2.3663,39.6,28.81,-40.5,9,0.0,-35.5,1
1,9,262672,3.8762,39.6,28.80,-40.5,9,0.0,-35.5,1
1,9,263398,3.0874,39.6,28.81,-40.5,9,0.0,-35.5,1
1,9,264124,3.0874,39.6,28.81,-40.5,9,0.0,-35.5,1
1,9,264850,3.0424,39.6,28.80,-40.5,9,0.0,-35.5,1
1,9,265576,3.4255,39.6,28.81,-40.5,9,0.0,-35.5,1
1,9,266302,2.9748,39.6,28.80,-40.5,9,0.0,-35.5,1
1,9,267028,3.4255,39.6,28.81,-41.0,9,0.0,-35.5,1
1,9,267754,2.8170,39.6,28.81,-40.5,9,0.0,-35.5,1
1,9,268480,3.5607,38.6,28.81,-40.5,9,0.0,-35.5,1
1,9,269206,2.3888,38.6,28.81,-40.5,9,0.0,-35.5,1
1,9,269932,2.3888,38.6,28.81,-40.5,9,0.0,-35.5,1
1,9,270658,4.1016,38.6,28.81,-40.5,9,0.0,-35.5,1
1,9,271384,3.3804,39.6,28.81,-40.5,9,0.0,-35.5,1
1,9,272110,3.3804,39.6,28.80,-40.5,9,0.0,-35.5,1
1,9,272836,3.0649,39.6,28.81,-40.5,9,0.0,-35.5,1
1,9,273562,2.6818,39.6,28.81,-40.5,9,0.0,-35.5,1
1,9,274288,4.1692,39.6,28.80,-40.5,9,0.0,-35.5,1
1,9,275014,2.4790,39.6,28.81,-40.5,9,0.0,-35.5,1
1,9,275740,3.3804,39.6,28.80,-40.5,9,0.0,-35.5,1
1,9,276466,2.6367,39.6,28.81,-40.5,9,0.0,-35.5,1
1,9,277192,2.5466,39.6,28.81,-40.5,9,0.0,-35.5,1
1,9,277918,3.4255,39.6,28.81,-40.5,9,0.0,-35.5,1
1,9,278644,2.9748,39.6,28.81,-40.5,9,0.0,-35.5,1
1,9,279370,3.6283,39.6,28.81,-40.5,9,0.0,-35.5,1
1,9,280096,3.6283,39.6,28.80,-40.5,9,0.0,-35.5,1
1,9,280822,2.5240,38.6,28.81,-40.5,9,0.0,-35.5,1
1,9,281548,2.9973,38.6,28.80,-40.5,9,0.0,-35.5,1
1,9,282274,3.2677,39.6,28.81,-41.0,9,0.0,-35.5,1
1,9,283000,3.1550,39.6,28.81,-41.0,9,0.0,-35.5,1
1,9,283726,3.4255,39.6,28.80,-40.5,9,0.0,-35.5,1
1,9,284452,3.9889,39.6,28.80,-40.5,9,0.0,-35.5,1
1,9,285178,3.3353,39.6,28.81,-40.5,9,0.0,-35.5,1
1,9,285904,3.6058,39.6,28.80,-40.5,9,0.0,-35.5,1
1,9,286630,3.5607,39.6,28.80,-40.5,9,0.0,-35.5,1
1,9,287356,2.4339,39.6,28.80,-40.5,9,0.0,-35.5,1
1,9,288082,2.4339,39.6,28.80,-40.5,9,0.0,-35.5,1
1,9,288808,2.8170,39.6,28.81,-40.5,9,0.0,-35.5,1
1,9,289534,4.3269,39.6,28.81,-41.0,9,0.0,-35.5,1
1,9,290260,3.4931,38.6,28.80,-40.5,9,0.0,-35.5,1
1,9,290986,3.2903,38.6,28.80,-40.5,9,0.0,-35.5,1
1,9,291712,2.8621,39.6,28.80,-40.5,9,0.0,-35.5,1
1,9,292438,3.5607,39.6,28.80,-40.5,9,0.0,-35.5,1
1,9,293164,3.0198,39.6,28.80,-40.5,9,0.0,-35.5,1
1,9,293890,3.2001,39.6,28.80,-40.5,9,0.0,-35.5,1
1,9,294616,3.6283,39.6,28.81,-40.5,9,0.0,-35.5,1
1,9,295342,2.7269,39.6,28.80,-40.5,9,0.0,-35.5,1
1,9,296068,3.7635,39.6,28.80,-40.5,9,0.0,-35.5,1
1,9,296794,2.3888,39.6,28.80,-40.5,9,0.0,-35.5,1
1,9,297520,3.6734,39.6,28.80,-40.5,9,0.0,-35.5,1
1,9,298246,3.3128,39.6,28.80,-41.0,9,0.0,-35.5,1
1,9,298972,3.2001,39.6,28.80,-40.5,9,0.0,-35.5,1
1,9,299698,3.6283,39.6,28.80,-41.0,9,0.0,-35.5,1
1,9,300424,4.2142,39.6,28.80,-41.0,9,0.0,-35.5,1
1,9,301150,2.5916,39.6,28.80,-40.5,9,0.0,-35.5,1
1,9,301876,3.6959,39.6,28.80,-41.0,9,0.0,-35.5,1
1,9,302602,3.5607,39.6,28.81,-40.5,9,0.0,-35.5,1
1,9,303328,3.5832,39.6,28.81,-41.0,9,0.0,-35.5,1
1,9,304054,3.6058,38.6,28.81,-40.5,9,0.0,-35.5,1
1,9,304780,3.4706,39.6,28.81,-40.5,9,0.0,-35.5,1
1,9,305506,3.2001,39.6,28.80,-40.5,9,0.0,-35.5,1
1,9,306232,2.8621,39.6,28.80,-40.5,9,0.0,-35.5,1
1,9,306958,4.1016,38.6,28.80,-41.0,9,0.0,-35.5,1
1,9,307684,3.4255,38.6,28.80,-40.5,9,0.0,-35.5,1
1,9,308410,3.5607,39.6,28.81,-40.5,9,0.0,-35.5,1
1,9,309136,2.5916,39.6,28.81,-40.5,9,0.0,-35.5,1
1,9,309862,2.5916,38.6,28.80,-40.5,9,0.0,-35.5,1
1,9,310588,3.0649,39.6,28.80,-40.5,9,0.0,-35.5,1
1,9,311314,3.8762,38.6,28.80,-40.5,9,0.0,-35.5,1
1,9,312040,2.6367,38.6,28.80,-40.5,9,0.0,-35.5,1
1,9,312766,4.3945,38.6,28.80,-40.5,9,0.0,-35.5,1
1,9,313492,4.1241,39.6,28.81,-40.5,9,0.0,-35.5,1
1,9,314218,4.1466,38.6,28.80,-41.0,9,0.0,-35.5,1
1,9,314944,3.7184,39.6,28.80,-41.0,9,0.0,-35.5,1
1,9,315670,3.2903,38.6,28.80,-40.5,9,0.0,-35.5,1
1,9,316396,2.4790,39.6,28.80,-40.5,9,0.0,-35.5,1
1,9,317122,2.6593,38.6,28.80,-40.5,9,0.0,-35.5,1
1,9,317848,2.6593,38.6,28.80,-40.5,9,0.0,-35.5,1
1,9,318574,3.3128,39.6,28.80,-40.5,9,0.0,-35.5,1
1,9,319300,3.4029,39.6,28.81,-40.5,9,0.0,-35.5,1
1,9,320026,3.2227,39.6,28.80,-40.5,9,0.0,-35.5,1
1,9,320752,3.4931,39.6,28.80,-40.5,9,0.0,-35.5,1
1,9,321478,3.5156,39.6,28.80,-41.0,9,0.0,-35.5,1
1,9,322204,3.3804,39.6,28.80,-40.5,9,0.0,-35.5,1
1,9,322930,4.1466,39.6,28.80,-40.5,9,0.0,-35.5,1
1,9,323656,3.5382,39.6,28.80,-41.0,9,0.0,-35.5,1
1,9,324382,3.2001,39.6,28.80,-40.5,9,0.0,-35.5,1
1,9,325108,2.4114,39.6,28.80,-40.5,9,0.0,-35.5,1
1,9,325834,2.4114,39.6,28.80,-40.5,9,0.0,-35.5,1
1,9,326560,3.5607,39.6,28.80,-40.5,9,0.0,-35.5,1
1,9,327286,3.3804,39.6,28.80,-40.5,9,0.0,-35.5,1
1,9,328012,2.6367,39.6,28.80,-40.5,9,0.0,-35.5,1
1,9,328738,3.6508,39.6,28.80,-40.5,9,0.0,-35.5,1
1,9,329464,4.1466,39.6,28.80,-40.5,9,0.0,-35.5,1
1,9,330190,2.6593,39.6,28.80,-40.5,9,0.0,-35.5,1
1,9,330916,3.2227,39.6,28.81,-40.5,9,0.0,-35.5,1
1,9,331642,3.2227,39.6,28.81,-40.5,9,0.0,-35.5,1
1,9,332368,3.8537,39.6,28.80,-40.5,9,0.0,-35.5,1
1,9,333094,2.4564,39.6,28.80,-40.5,9,0.0,-35.5,1
1,9,333820,2.4564,39.6,28.80,-40.5,9,0.0,-35.5,1
1,9,334546,2.5691,39.6,28.80,-40.5,9,0.0,-35.5,1
1,9,335272,2.5466,39.6,28.80,-41.0,9,0.0,-35.5,1
1,9,335998,2.9297,39.6,28.80,-40.5,9,0.0,-35.5,1
1,9,336724,3.4706,39.6,28.80,-40.5,9,0.0,-35.5,1
1,9,337450,3.5156,39.6,28.80,-41.0,9,0.0,-35.5,1
1,9,338176,4.0114,39.6,28.80,-41.0,9,0.0,-35.5,1
1,9,338902,4.5523,39.6,28.80,-41.0,9,0.0,-35.5,1
1,9,339628,3.4029,39.6,28.80,-40.5,9,0.0,-35.5,1
1,9,340354,4.1466,38.6,28.80,-40.5,9,0.0,-35.5,1
1,9,341080,2.6593,39.6,28.80,-40.5,9,0.0,-35.5,1
1,9,341806,2.6593,39.6,28.80,-40.5,9,0.0,-35.5,1
1,9,342532,4.0114,38.6,28.80,-41.0,9,0.0,-35.5,1
1,9,343258,3.5832,38.6,28.80,-40.5,9,0.0,-35.5,1
1,9,343984,3.2452,39.6,28.81,-40.5,9,0.0,-35.5,1
1,9,344710,4.3495,39.6,28.80,-40.5,9,0.0,-35.5,1
1,9,345436,2.5240,39.6,28.81,-40.5,9,0.0,-35.5,1
1,9,346162,3.5832,39.6,28.80,-40.5,9,0.0,-35.5,1
1,9,346888,3.2903,39.6,28.80,-41.0,9,0.0,-35.5,1
1,9,347614,4.2142,38.6,28.80,-41.0,9,0.0,-35.5,1
1,9,348340,2.3212,38.6,28.80,-40.5,9,0.0,-35.5,1
1,9,349066,3.2903,38.6,28.80,-40.5,9,0.0,-35.5,1
1,9,349792,3.2903,38.6,28.80,-40.5,9,0.0,-35.5,1
1,9,350518,3.5832,38.6,28.80,-40.5,9,0.0,-35.5,1
1,9,351244,4.0790,39.6,28.80,-40.5,9,0.0,-35.5,1
1,9,351970,2.9072,39.6,28.80,-40.5,9,0.0,-35.5,1
1,9,352696,3.4706,39.6,28.80,-40.5,9,0.0,-35.5,1
1,9,353422,4.0114,39.6,28.81,-40.5,9,0.0,-35.5,1
1,9,354148,3.1100,39.6,28.81,-40.5,9,0.0,-35.5,1
1,9,354874,3.4706,39.6,28.80,-40.5,9,0.0,-35.5,1
1,9,355600,3.4255,39.6,28.81,-40.5,9,0.0,-35.5,1
1,9,356326,3.3353,39.6,28.81,-40.5,9,0.0,-35.5,1
1,9,357052,2.6818,39.6,28.80,-40.5,9,0.0,-35.5,1
1,9,357778,3.4931,39.6,28.80,-41.0,9,0.0,-35.5,1
1,9,358504,2.5015,39.6,28.80,-40.5,9,0.0,-35.5,1
1,9,359230,3.2903,39.6,28.80,-40.5,9,0.0,-35.5,1
1,9,359956,3.5156,39.6,28.80,-40.5,9,0.0,-35.5,1
1,9,360682,3.5382,39.6,28.80,-40.5,9,0.0,-35.5,1
1,9,361408,2.3663,39.6,28.80,-40.5,9,0.0,-35.5,1
1,9,362134,2.6367,39.6,28.80,-40.5,9,0.0,-35.5,1
1,9,362860,2.8846,39.6,28.80,-40.5,9,0.0,-35.5,1
1,9,363586,4.7776,39.6,28.80,-40.5,9,0.0,-35.5,1
1,9,364312,4.1692,39.6,28.80,-40.5,9,0.0,-35.5,1
1,9,365038,3.5607,39.6,28.80,-41.0,9,0.0,-35.5,1
1,9,365764,3.4480,39.6,28.80,-40.5,9,0.0,-35.5,1
1,9,366490,3.2227,39.6,28.80,-40.5,9,0.0,-35.5,1
1,9,367216,3.4480,39.6,28.80,-40.5,9,0.0,-35.5,1
1,9,367942,4.1692,39.6,28.80,-41.0,9,0.0,-35.5,1
1,9,368668,3.6283,39.6,28.80,-40.5,9,0.0,-35.5,1
1,8,6394,4.0790,38.6,28.81,-40.5,8,0.0,-35.5,1
1,8,7120,3.2677,38.6,28.80,-40.5,8,0.0,-35.5,1
1,8,7846,2.5466,38.6,28.81,-40.5,8,0.0,-35.5,1
1,8,8572,3.2001,38.6,28.80,-40.5,8,0.0,-35.5,1
1,8,9298,3.6058,38.6,28.81,-40.5,8,0.0,-35.5,1
1,8,10024,3.1550,38.6,28.80,-40.5,8,0.0,-35.5,1
1,8,10750,4.1917,38.6,28.80,-40.5,8,0.0,-35.5,1
1,8,11476,4.1917,38.6,28.80,-40.5,8,0.0,-35.5,1
1,8,12202,3.6734,38.6,28.80,-40.5,8,0.0,-35.5,1
1,8,12928,3.5832,38.6,28.81,-40.5,8,0.0,-35.5,1
1,8,13654,3.7635,38.6,28.81,-40.5,8,0.0,-35.5,1
1,8,14380,3.5382,38.6,28.81,-40.5,8,0.0,-35.5,1
1,8,15106,3.8086,39.6,28.81,-40.5,8,0.0,-35.5,1
1,8,15832,3.8086,39.6,28.81,-40.5,8,0.0,-35.5,1
1,8,16558,3.7635,38.6,28.81,-40.5,8,0.0,-35.5,1
1,8,17284,3.6283,38.6,28.81,-40.5,8,0.0,-35.5,1
1,8,18010,3.0424,38.6,28.81,-40.5,8,0.0,-35.5,1
1,8,18736,3.8086,38.6,28.81,-40.5,8,0.0,-35.5,1
1,8,19462,3.8086,38.6,28.82,-40.5,8,0.0,-35.5,1
1,8,20188,2.5916,38.6,28.81,-40.5,8,0.0,-35.5,1
1,8,20914,3.5607,38.6,28.81,-40.5,8,0.0,-35.5,1
1,8,21640,3.9663,38.6,28.81,-40.5,8,0.0,-35.5,1
1,8,22366,3.8537,38.6,28.82,-40.5,8,0.0,-35.5,1
1,8,23092,4.4171,39.6,28.82,-40.5,8,0.0,-35.5,1
1,8,23818,3.4931,38.6,28.82,-40.5,8,0.0,-35.5,1
1,8,24544,3.6959,38.6,28.82,-40.5,8,0.0,-35.5,1
1,8,25270,4.2819,39.6,28.82,-40.5,8,0.0,-35.5,1
1,8,25996,2.8846,38.6,28.82,-40.5,8,0.0,-35.5,1
1,8,26722,3.1100,38.6,28.82,-40.5,8,0.0,-35.5,1
1,8,27448,3.1100,38.6,28.82,-40.5,8,0.0,-35.5,1
1,8,28174,3.7635,39.6,28.82,-40.5,8,0.0,-35.5,1
1,8,28900,3.8537,39.6,28.83,-40.5,8,0.0,-35.5,1
1,8,29626,3.5832,38.6,28.83,-40.5,8,0.0,-35.5,1
1,8,30352,2.9973,38.6,28.82,-40.5,8,0.0,-35.5,1
1,8,31078,3.4931,38.6,28.83,-40.5,8,0.0,-35.5,1
1,8,31804,3.7184,39.6,28.83,-40.5,8,0.0,-35.5,1
1,8,32530,2.7269,39.6,28.83,-40.5,8,0.0,-35.5,1
1,8,33256,3.2903,39.6,28.82,-40.5,8,0.0,-35.5,1
1,8,33982,3.4706,39.6,28.83,-40.5,8,0.0,-35.5,1
1,8,34708,2.8621,39.6,28.83,-40.5,8,0.0,-35.5,1
1,8,35434,2.8621,39.6,28.84,-40.5,8,0.0,-35.5,1
1,8,36160,2.7945,39.6,28.83,-40.5,8,0.0,-35.5,1
1,8,36886,3.6283,39.6,28.83,-40.5,8,0.0,-35.5,1
1,8,37612,3.2001,39.6,28.83,-40.5,8,0.0,-35.5,1
1,8,38338,3.6734,39.6,28.83,-40.5,8,0.0,-35.5,1
1,8,39064,4.3945,39.6,28.83,-40.5,8,0.0,-35.5,1
1,8,39790,2.7043,38.6,28.83,-40.5,8,0.0,-35.5,1
1,8,40516,3.8086,38.6,28.84,-40.5,8,0.0,-35.5,1
1,8,41242,3.7861,38.6,28.83,-40.5,8,0.0,-35.5,1
1,8,41968,2.9973,39.6,28.84,-40.5,8,0.0,-35.5,1
1,8,42694,3.4706,39.6,28.83,-40.5,8,0.0,-35.5,1
1,8,43420,3.4706,38.6,28.84,-40.5,8,0.0,-35.5,1
1,8,44146,3.5832,38.6,28.84,-40.5,8,0.0,-35.5,1
1,8,44872,3.3804,39.6,28.84,-40.5,8,0.0,-35.5,1
1,8,45598,4.1917,39.6,28.83,-40.5,8,0.0,-35.5,1
1,8,46324,2.6367,39.6,28.84,-40.5,8,0.0,-35.5,1
1,8,47050,3.4255,39.6,28.84,-40.5,8,0.0,-35.5,1
1,8,47776,3.4706,39.6,28.83,-40.5,8,0.0,-35.5,1
1,8,48502,2.7269,39.6,28.84,-40.5,8,0.0,-35.5,1
1,8,49228,3.5607,38.6,28.84,-40.5,8,0.0,-35.5,1
1,8,49954,3.4931,38.6,28.84,-40.5,8,0.0,-35.5,1
1,8,50680,3.5382,38.6,28.84,-40.5,8,0.0,-35.5,1
1,8,51406,4.0340,38.6,28.83,-40.5,8,0.0,-35.5,1
1,8,52132,2.6818,39.6,28.84,-40.5,8,0.0,-35.5,1
1,8,52858,2.8846,38.6,28.84,-40.5,8,0.0,-35.5,1
1,8,53584,4.9354,39.6,28.84,-40.5,8,0.0,-35.5,1
1,8,54310,3.4029,39.6,28.84,-40.5,8,0.0,-35.5,1
1,8,55036,2.7043,39.6,28.84,-40.5,8,0.0,-35.5,1
1,8,55762,4.2142,39.6,28.84,-40.5,8,0.0,-35.5,1
1,8,56488,2.5916,39.6,28.85,-40.5,8,0.0,-35.5,1
1,8,57214,3.1325,39.6,28.84,-40.5,8,0.0,-35.5,1
1,8,57940,2.8395,39.6,28.84,-40.5,8,0.0,-35.5,1
1,8,58666,2.1409,38.6,28.85,-40.5,8,0.0,-35.5,1
1,8,59392,2.7269,39.6,28.84,-40.5,8,0.0,-35.5,1
1,8,60118,3.8537,39.6,28.85,-40.5,8,0.0,-35.5,1
1,8,60844,3.0198,38.6,28.85,-40.5,8,0.0,-35.5,1
1,8,61570,3.4480,38.6,28.85,-40.5,8,0.0,-35.5,1
1,8,62296,3.1550,38.6,28.85,-40.5,8,0.0,-35.5,1
1,8,63022,3.3353,38.6,28.85,-40.5,8,0.0,-35.5,1
1,8,63748,4.1917,39.6,28.85,-40.5,8,0.0,-35.5,1
1,8,64474,4.2593,38.6,28.85,-40.5,8,0.0,-35.5,1
1,8,65200,4.2593,38.6,28.85,-40.5,8,0.0,-35.5,1
1,8,65926,3.5382,38.6,28.85,-40.5,8,0.0,-35.5,1
1,8,66652,2.6818,39.6,28.84,-40.5,8,0.0,-35.5,1
1,8,67378,3.3128,38.6,28.85,-40.5,8,0.0,-35.5,1
1,8,68104,3.5156,38.6,28.84,-40.5,8,0.0,-35.5,1
1,8,68830,3.3804,38.6,28.85,-40.5,8,0.0,-35.5,1
1,8,69556,3.5156,38.6,28.84,-40.5,8,0.0,-35.5,1
1,8,70282,2.5916,38.6,28.85,-40.5,8,0.0,-35.5,1
1,8,71008,3.6283,39.6,28.84,-40.5,8,0.0,-35.5,1
1,8,71734,4.2142,39.6,28.85,-40.5,8,0.0,-35.5,1
1,8,72460,3.4480,39.6,28.85,-40.5,8,0.0,-35.5,1
1,8,73186,3.4480,39.6,28.85,-40.5,8,0.0,-35.5,1
1,8,73912,3.8987,39.6,28.85,-40.5,8,0.0,-35.5,1
1,8,74638,2.7494,39.6,28.85,-40.5,8,0.0,-35.5,1
1,8,75364,4.1016,39.6,28.85,-40.5,8,0.0,-35.5,1
1,8,76090,3.2452,39.6,28.85,-40.5,8,0.0,-35.5,1
1,8,76816,2.7043,38.6,28.85,-40.5,8,0.0,-35.5,1
1,8,77542,2.7269,38.6,28.85,-40.5,8,0.0,-35.5,1
1,8,78268,2.3888,39.6,28.85,-40.5,8,0.0,-35.5,1
1,8,78994,3.9663,39.6,28.85,-40.5,8,0.0,-35.5,1
1,8,79720,3.3353,39.6,28.85,-40.5,8,0.0,-35.5,1
1,8,80446,3.6058,39.6,28.85,-40.5,8,0.0,-35.5,1
1,8,81172,3.6058,39.6,28.85,-40.5,8,0.0,-35.5,1
1,8,81898,3.1100,39.6,28.85,-40.5,8,0.0,-35.5,1
1,8,82624,3.4931,38.6,28.85,-40.5,8,0.0,-35.5,1
1,8,83350,4.3269,38.6,28.85,-41.0,8,0.0,-35.5,1
1,8,84076,3.6959,38.6,28.84,-40.5,8,0.0,-35.5,1
1,8,84802,3.6508,38.6,28.84,-40.5,8,0.0,-35.5,1
1,8,85528,3.8762,39.6,28.85,-40.5,8,0.0,-35.5,1
1,8,86254,2.8621,39.6,28.85,-40.5,8,0.0,-35.5,1
1,8,86980,4.5974,38.6,28.85,-40.5,8,0.0,-35.5,1
1,8,87706,2.9072,38.6,28.85,-40.5,8,0.0,-35.5,1
1,8,88432,3.7861,38.6,28.85,-40.5,8,0.0,-35.5,1
1,8,89158,3.7861,39.6,28.85,-40.5,8,0.0,-35.5,1
1,8,89884,3.2452,39.6,28.85,-40.5,8,0.0,-35.5,1
1,8,90610,3.5607,38.6,28.85,-40.5,8,0.0,-35.5,1
1,8,91336,3.4931,38.6,28.85,-40.5,8,0.0,-35.5,1
1,8,92062,2.6593,38.6,28.85,-40.5,8,0.0,-35.5,1
1,8,92788,3.4706,39.6,28.85,-40.5,8,0.0,-35.5,1
1,8,93514,2.6142,39.6,28.85,-40.5,8,0.0,-35.5,1
1,8,94240,3.7184,39.6,28.85,-40.5,8,0.0,-35.5,1
1,8,94966,2.7719,38.6,28.85,-40.5,8,0.0,-35.5,1
1,8,95692,3.7184,38.6,28.85,-40.5,8,0.0,-35.5,1
1,8,96418,3.6058,38.6,28.85,-40.5,8,0.0,-35.5,1
1,8,97144,3.6058,38.6,28.85,-40.5,8,0.0,-35.5,1
1,8,97870,3.5832,39.6,28.85,-40.5,8,0.0,-35.5,1
1,8,98596,2.9072,38.6,28.85,-40.5,8,0.0,-35.5,1
1,8,99322,2.5015,39.6,28.85,-40.5,8,0.0,-35.5,1
1,8,100048,3.0649,38.6,28.85,-40.5,8,0.0,-35.5,1
1,8,100774,3.3804,39.6,28.85,-40.5,8,0.0,-35.5,1
1,8,101500,4.0565,39.6,28.85,-40.5,8,0.0,-35.5,1
1,8,102226,3.2452,39.6,28.86,-40.5,8,0.0,-35.5,1
1,8,102952,2.5916,39.6,28.85,-40.5,8,0.0,-35.5,1
1,8,103678,4.1016,39.6,28.85,-40.5,8,0.0,-35.5,1
1,8,104404,3.7635,38.6,28.85,-40.5,8,0.0,-35.5,1
1,8,105130,3.3804,38.6,28.85,-40.5,8,0.0,-35.5,1
1,8,105856,3.6508,38.6,28.85,-40.5,8,0.0,-35.5,1
1,8,106582,4.0340,38.6,28.85,-40.5,8,0.0,-35.5,1
1,8,107308,4.2368,39.6,28.85,-40.5,8,0.0,-35.5,1
1,8,108034,3.6283,39.6,28.85,-40.5,8,0.0,-35.5,1
1,8,108760,2.9748,39.6,28.85,-40.5,8,0.0,-35.5,1
1,8,109486,2.7043,39.6,28.85,-40.5,8,0.0,-35.5,1
1,8,110212,3.6058,38.6,28.86,-40.5,8,0.0,-35.5,1
1,8,110938,3.4480,39.6,28.86,-40.5,8,0.0,-35.5,1
1,8,111664,2.8395,39.6,28.86,-40.5,8,0.0,-35.5,1
1,8,112390,3.3353,39.6,28.86,-40.5,8,0.0,-35.5,1
1,8,113116,3.4255,39.6,28.86,-40.5,8,0.0,-35.5,1
1,8,113842,3.2677,39.6,28.86,-40.5,8,0.0,-35.5,1
1,8,114568,3.8086,39.6,28.85,-40.5,8,0.0,-35.5,1
1,8,115294,3.8537,39.6,28.85,-40.5,8,0.0,-35.5,1
1,8,116020,2.4790,39.6,28.85,-40.5,8,0.0,-35.5,1
1,8,116746,3.5382,39.6,28.86,-40.5,8,0.0,-35.5,1
1,8,117472,3.8762,39.6,28.85,-40.5,8,0.0,-35.5,1
1,8,118198,2.9748,39.6,28.86,-40.5,8,0.0,-35.5,1
1,8,118924,2.9748,39.6,28.86,-40.5,8,0.0,-35.5,1
1,8,119650,2.6593,39.6,28.85,-40.5,8,0.0,-35.5,1
1,8,120376,3.3353,38.6,28.86,-40.5,8,0.0,-35.5,1
1,8,121102,3.5832,38.6,28.85,-40.5,8,0.0,-35.5,1
1,8,121828,3.4931,38.6,28.86,-40.5,8,0.0,-35.5,1
1,8,122554,3.5607,38.6,28.85,-40.5,8,0.0,-35.5,1
1,8,123280,4.1692,38.6,28.85,-40.5,8,0.0,-35.5,1
1,8,124006,2.8621,39.6,28.86,-40.5,8,0.0,-35.5,1
1,8,124732,3.5832,39.6,28.86,-40.5,8,0.0,-35.5,1
1,8,125458,3.4255,39.6,28.86,-40.5,8,0.0,-35.5,1
1,8,126184,3.4029,38.6,28.86,-40.5,8,0.0,-35.5,1
1,8,126910,3.4029,38.6,28.86,-40.5,8,0.0,-35.5,1
1,8,127636,3.6734,38.6,28.86,-40.5,8,0.0,-35.5,1
1,8,128362,3.6058,38.6,28.86,-40.5,8,0.0,-35.5,1
1,8,129088,4.5072,38.6,28.86,-40.5,8,0.0,-35.5,1
1,8,129814,3.2452,38.6,28.86,-40.5,8,0.0,-35.5,1
1,8,130540,4.1917,39.6,28.85,-40.5,8,0.0,-35.5,1
1,8,131266,3.1325,39.6,28.85,-40.5,8,0.0,-35.5,1
1,8,131992,3.4706,38.6,28.85,-40.5,8,0.0,-35.5,1
1,8,132718,3.7410,38.6,28.85,-40.5,8,0.0,-35.5,1
1,8,133444,3.0424,38.6,28.85,-40.5,8,0.0,-35.5,1
1,8,134170,2.5916,38.6,28.86,-40.5,8,0.0,-35.5,1
1,8,134896,2.5916,38.6,28.86,-40.5,8,0.0,-35.5,1
1,8,135622,3.4480,38.6,28.86,-40.5,8,0.0,-35.5,1
1,8,136348,3.2001,39.6,28.86,-40.5,8,0.0,-35.5,1
1,8,137074,3.1325,39.6,28.86,-40.5,8,0.0,-35.5,1
1,8,137800,4.1917,39.6,28.86,-40.5,8,0.0,-35.5,1
1,8,138526,3.5382,39.6,28.85,-40.5,8,0.0,-35.5,1
1,8,139252,2.7719,39.6,28.85,-40.5,8,0.0,-35.5,1
1,8,139978,2.9973,39.6,28.85,-40.5,8,0.0,-35.5,1
1,8,140704,3.3353,39.6,28.85,-40.5,8,0.0,-35.5,1
1,8,141430,3.4255,38.6,28.85,-40.5,8,0.0,-35.5,1
1,8,142156,3.0198,38.6,28.86,-40.5,8,0.0,-35.5,1
1,8,142882,3.0198,39.6,28.86,-40.5,8,0.0,-35.5,1
1,8,143608,3.5156,39.6,28.86,-40.5,8,0.0,-35.5,1
1,8,144334,3.5607,39.6,28.85,-40.5,8,0.0,-35.5,1
1,8,145060,3.8537,39.6,28.86,-40.5,8,0.0,-35.5,1
1,8,145786,3.6283,39.6,28.86,-40.5,8,0.0,-35.5,1
1,8,146512,3.6283,39.6,28.86,-40.5,8,0.0,-35.5,1
1,8,147238,4.1241,39.6,28.86,-40.5,8,0.0,-35.5,1
1,8,147964,3.9663,39.6,28.86,-40.5,8,0.0,-35.5,1
1,8,148690,3.5382,39.6,28.86,-40.5,8,0.0,-35.5,1
1,8,149416,2.6593,39.6,28.86,-40.5,8,0.0,-35.5,1
1,8,150142,2.7945,38.6,28.86,-40.5,8,0.0,-35.5,1
1,8,150868,2.7945,38.6,28.86,-40.5,8,0.0,-35.5,1
1,8,151594,3.7861,39.6,28.86,-40.5,8,0.0,-35.5,1
1,8,152320,2.6818,39.6,28.86,-40.5,8,0.0,-35.5,1
1,8,153046,4.4171,39.6,28.86,-40.5,8,0.0,-35.5,1
1,8,153772,3.7861,39.6,28.86,-40.5,8,0.0,-35.5,1
1,8,154498,2.5466,38.6,28.86,-40.5,8,0.0,-35.5,1
1,8,155224,3.7635,38.6,28.87,-40.5,8,0.0,-35.5,1
1,8,155950,2.7719,38.6,28.86,-40.5,8,0.0,-35.5,1
1,8,156676,2.6142,38.6,28.86,-40.5,8,0.0,-35.5,1
1,8,157402,4.3044,39.6,28.86,-40.5,8,0.0,-35.5,1
1,8,158128,2.5691,39.6,28.86,-40.5,8,0.0,-35.5,1
1,8,158854,3.1776,39.6,28.86,-40.5,8,0.0,-35.5,1
1,8,159580,3.2452,39.6,28.86,-40.5,8,0.0,-35.5,1
1,8,160306,3.1325,39.6,28.85,-40.5,8,0.0,-35.5,1
1,8,161032,3.6058,39.6,28.86,-40.5,8,0.0,-35.5,1
1,8,161758,3.4255,39.6,28.86,-40.5,8,0.0,-35.5,1
1,8,162484,2.4790,39.6,28.86,-40.5,8,0.0,-35.5,1
1,8,163210,4.0114,39.6,28.86,-40.5,8,0.0,-35.5,1
1,8,163936,2.8395,39.6,28.86,-40.5,8,0.0,-35.5,1
1,8,164662,3.2677,39.6,28.86,-40.5,8,0.0,-35.5,1
1,8,165388,4.2142,39.6,28.85,-40.5,8,0.0,-35.5,1
1,8,166114,2.8621,39.6,28.85,-40.5,8,0.0,-35.5,1
1,8,166840,3.9663,39.6,28.86,-40.5,8,0.0,-35.5,1
1,8,167566,2.9748,39.6,28.86,-40.5,8,0.0,-35.5,1
1,8,168292,2.8170,39.6,28.86,-40.5,8,0.0,-35.5,1
1,8,169018,2.8170,39.6,28.85,-40.5,8,0.0,-35.5,1
1,8,169744,4.5297,39.6,28.85,-40.5,8,0.0,-35.5,1
1,8,170470,3.5156,38.6,28.86,-40.5,8,0.0,-35.5,1
1,8,171196,3.3353,39.6,28.85,-40.5,8,0.0,-35.5,1
1,8,171922,3.0198,39.6,28.85,-40.5,8,0.0,-35.5,1
1,8,172648,3.0198,38.6,28.85,-40.5,8,0.0,-35.5,1
1,8,173374,2.6142,39.6,28.85,-40.5,8,0.0,-35.5,1
1,8,174100,2.8621,38.6,28.85,-40.5,8,0.0,-35.5,1
1,8,174826,3.3579,39.6,28.85,-40.5,8,0.0,-35.5,1
1,8,175552,2.5691,38.6,28.85,-40.5,8,0.0,-35.5,1
1,8,176278,3.4931,38.6,28.86,-40.5,8,0.0,-35.5,1
1,8,177004,3.6058,38.6,28.85,-40.5,8,0.0,-35.5,1
1,8,177730,3.4029,38.6,28.85,-40.5,8,0.0,-35.5,1
1,8,178456,4.5748,39.6,28.86,-40.5,8,0.0,-35.5,1
1,8,179182,3.6508,39.6,28.85,-40.5,8,0.0,-35.5,1
1,8,179908,2.6142,39.6,28.86,-40.5,8,0.0,-35.5,1
1,8,180634,2.6142,39.6,28.85,-40.5,8,0.0,-35.5,1
1,8,181360,3.8086,39.6,28.85,-40.5,8,0.0,-35.5,1
1,8,182086,2.9748,39.6,28.85,-40.5,8,0.0,-35.5,1
1,8,182812,2.9748,39.6,28.85,-40.5,8,0.0,-35.5,1
1,8,183538,3.3804,39.6,28.85,-40.5,8,0.0,-35.5,1
1,8,184264,3.6508,39.6,28.85,-40.5,8,0.0,-35.5,1
1,8,184990,3.7184,38.6,28.85,-40.5,8,0.0,-35.5,1
1,8,185716,3.2903,38.6,28.85,-40.5,8,0.0,-35.5,1
1,8,186442,3.1100,38.6,28.85,-40.5,8,0.0,-35.5,1
1,8,187168,3.7184,38.6,28.85,-40.5,8,0.0,-35.5,1
1,8,187894,2.5240,38.6,28.85,-40.5,8,0.0,-35.5,1
1,8,188620,2.5240,38.6,28.86,-40.5,8,0.0,-35.5,1
1,8,189346,3.1776,38.6,28.85,-40.5,8,0.0,-35.5,1
1,8,190072,3.1325,38.6,28.86,-40.5,8,0.0,-35.5,1
1,8,190798,2.8170,39.6,28.85,-40.5,8,0.0,-35.5,1
1,8,191524,3.4029,39.6,28.85,-40.5,8,0.0,-35.5,1
1,8,192250,2.4564,39.6,28.85,-40.5,8,0.0,-35.5,1
1,8,192976,2.9973,39.6,28.85,-40.5,8,0.0,-35.5,1
1,8,193702,3.2677,38.6,28.85,-40.5,8,0.0,-35.5,1
1,8,194428,2.9973,39.6,28.85,-40.5,8,0.0,-35.5,1
1,8,195154,2.9522,38.6,28.85,-40.5,8,0.0,-35.5,1
1,8,195880,2.5691,38.6,28.85,-40.5,8,0.0,-35.5,1
1,8,196606,2.5691,39.6,28.85,-40.5,8,0.0,-35.5,1
1,8,197332,2.5916,39.6,28.85,-40.5,8,0.0,-35.5,1
1,8,198058,3.0424,39.6,28.84,-40.5,8,0.0,-35.5,1
1,8,198784,3.1325,39.6,28.85,-40.5,8,0.0,-35.5,1
1,8,199510,2.9072,39.6,28.85,-40.5,8,0.0,-35.5,1
1,8,200236,3.2227,38.6,28.85,-40.5,8,0.0,-35.5,1
1,8,200962,2.6818,38.6,28.85,-40.5,8,0.0,-35.5,1
1,8,201688,3.5832,38.6,28.85,-40.5,8,0.0,-35.5,1
1,8,202414,3.9213,38.6,28.85,-40.5,8,0.0,-35.5,1
1,8,203140,3.5382,38.6,28.85,-40.5,8,0.0,-35.5,1
1,8,203866,3.0424,38.6,28.85,-40.5,8,0.0,-35.5,1
1,8,204592,3.0424,38.6,28.85,-40.5,8,0.0,-35.5,1
1,8,205318,2.8395,39.6,28.85,-40.5,8,0.0,-35.5,1
1,8,206044,2.6367,39.6,28.85,-40.5,8,0.0,-35.5,1
1,8,206770,3.4931,38.6,28.85,-40.5,8,0.0,-35.5,1
1,8,207496,3.6734,39.6,28.85,-40.5,8,0.0,-35.5,1
1,8,208222,3.0649,39.6,28.85,-40.5,8,0.0,-35.5,1
1,8,208948,3.9213,39.6,28.85,-40.5,8,0.0,-35.5,1
1,8,209674,3.4480,39.6,28.85,-40.5,8,0.0,-35.5,1
1,8,210400,2.6367,39.6,28.85,-40.5,8,0.0,-35.5,1
1,8,211126,3.6058,39.6,28.85,-40.5,8,0.0,-35.5,1
1,8,211852,3.2001,39.6,28.85,-40.5,8,0.0,-35.5,1
1,8,212578,4.0790,38.6,28.84,-40.5,8,0.0,-35.5,1
1,8,213304,3.1325,39.6,28.85,-40.5,8,0.0,-35.5,1
1,8,214030,3.2452,38.6,28.85,-40.5,8,0.0,-35.5,1
1,8,214756,2.5466,38.6,28.85,-40.5,8,0.0,-35.5,1
1,8,215482,2.8846,38.6,28.85,-40.5,8,0.0,-35.5,1
1,8,216208,3.6959,39.6,28.85,-40.5,8,0.0,-35.5,1
1,8,216934,3.4931,39.6,28.85,-40.5,8,0.0,-35.5,1
1,8,217660,2.7494,39.6,28.84,-40.5,8,0.0,-35.5,1
1,8,218386,2.7494,39.6,28.85,-40.5,8,0.0,-35.5,1
1,8,219112,3.9213,39.6,28.85,-40.5,8,0.0,-35.5,1
1,8,219838,3.0198,38.6,28.85,-40.5,8,0.0,-35.5,1
1,8,220564,3.2677,38.6,28.85,-40.5,8,0.0,-35.5,1
1,8,221290,3.6058,39.6,28.85,-40.5,8,0.0,-35.5,1
1,8,222016,3.7410,39.6,28.85,-40.5,8,0.0,-35.5,1
1,8,222742,2.9748,39.6,28.85,-40.5,8,0.0,-35.5,1
1,8,223468,3.7410,39.6,28.85,-40.5,8,0.0,-35.5,1
1,8,224194,4.1241,38.6,28.85,-40.5,8,0.0,-35.5,1
1,8,224920,3.5832,39.6,28.85,-40.5,8,0.0,-35.5,1
1,8,225646,3.7184,39.6,28.85,-40.5,8,0.0,-35.5,1
1,8,226372,-1.6902,39.6,28.85,-27.0,8,0.0,-35.5,0
1,8,227098,2.9072,38.6,28.85,-40.5,8,0.0,-35.5,1
1,8,227824,2.8395,38.6,28.85,-40.5,8,0.0,-35.5,1
1,8,228550,3.3579,38.6,28.85,-40.5,8,0.0,-35.5,1
1,8,229276,3.0874,38.6,28.85,-40.5,8,0.0,-35.5,1
1,8,230002,4.1466,38.6,28.85,-40.5,8,0.0,-35.5,1
1,8,230728,4.2819,38.6,28.85,-40.5,8,0.0,-35.5,1
1,8,231454,3.2452,38.6,28.85,-40.5,8,0.0,-35.5,1
1,8,232180,3.9889,39.6,28.85,-40.5,8,0.0,-35.5,1
1,8,232906,3.6508,39.6,28.85,-40.5,8,0.0,-35.5,1
1,8,233632,3.1100,39.6,28.85,-40.5,8,0.0,-35.5,1
1,8,234358,3.1100,39.6,28.85,-40.5,8,0.0,-35.5,1
1,8,235084,2.8170,39.6,28.85,-40.5,8,0.0,-35.5,1
1,8,235810,3.2903,39.6,28.85,-40.5,8,0.0,-35.5,1
1,8,236536,3.3579,39.6,28.85,-40.5,8,0.0,-35.5,1
1,8,237262,3.4706,39.6,28.85,-40.5,8,0.0,-35.5,1
1,8,237988,3.1100,39.6,28.85,-40.5,8,0.0,-35.5,1
1,8,238714,2.6142,39.6,28.85,-40.5,8,0.0,-35.5,1
1,8,239440,3.7410,39.6,28.85,-40.5,8,0.0,-35.5,1
1,8,240166,3.6058,39.6,28.85,-40.5,8,0.0,-35.5,1
1,8,240892,3.6058,38.6,28.85,-40.5,8,0.0,-35.5,1
1,8,241618,2.3437,38.6,28.85,-40.5,8,0.0,-35.5,1
1,8,242344,2.3437,39.6,28.85,-40.5,8,0.0,-35.5,1
1,8,243070,2.7719,39.6,28.85,-40.5,8,0.0,-35.5,1
1,8,243796,2.7269,38.6,28.85,-40.5,8,0.0,-35.5,1
1,8,244522,3.7410,39.6,28.85,-40.5,8,0.0,-35.5,1
1,8,245248,3.3353,38.6,28.85,-40.5,8,0.0,-35.5,1
1,8,245974,2.9748,38.6,28.85,-40.5,8,0.0,-35.5,1
1,8,246700,2.4114,38.6,28.85,-40.5,8,0.0,-35.5,1
1,8,247426,3.3804,39.6,28.85,-40.5,8,0.0,-35.5,1
1,8,248152,3.2227,39.6,28.85,-40.5,8,0.0,-35.5,1
1,8,248878,2.8395,39.6,28.85,-40.5,8,0.0,-35.5,1
1,8,249604,2.4339,39.6,28.86,-40.5,8,0.0,-35.5,1
1,8,250330,2.4339,39.6,28.85,-40.5,8,0.0,-35.5,1
1,8,251056,3.2227,39.6,28.85,-40.5,8,0.0,-35.5,1
1,8,251782,3.6508,39.6,28.85,-40.5,8,0.0,-35.5,1
1,8,252508,3.2452,39.6,28.85,-40.5,8,0.0,-35.5,1
1,8,253234,3.3804,38.6,28.85,-40.5,8,0.0,-35.5,1
1,8,253960,3.3804,38.6,28.85,-40.5,8,0.0,-35.5,1
1,8,254686,3.0874,38.6,28.86,-40.5,8,0.0,-35.5,1
1,8,255412,2.5240,38.6,28.85,-40.5,8,0.0,-35.5,1
1,8,256138,2.7719,38.6,28.85,-40.5,8,0.0,-35.5,1
1,8,256864,3.7410,39.6,28.85,-40.5,8,0.0,-35.5,1
1,8,257590,4.3720,39.6,28.85,-40.5,8,0.0,-35.5,1
1,8,258316,4.3720,38.6,28.85,-40.5,8,0.0,-35.5,1
1,8,259042,2.3437,38.6,28.85,-40.5,8,0.0,-35.5,1
1,8,259768,3.4029,39.6,28.85,-40.5,8,0.0,-35.5,1
1,8,260494,3.4931,39.6,28.85,-40.5,8,0.0,-35.5,1
1,8,261220,3.8987,39.6,28.85,-40.5,8,0.0,-35.5,1
1,8,261946,4.2368,39.6,28.84,-40.5,8,0.0,-35.5,1
1,8,262672,2.9522,39.6,28.84,-40.5,8,0.0,-35.5,1
1,8,263398,2.6818,39.6,28.84,-40.5,8,0.0,-35.5,1
1,8,264124,3.3804,39.6,28.85,-40.5,8,0.0,-35.5,1
1,8,264850,3.5382,39.6,28.84,-40.5,8,0.0,-35.5,1
1,8,265576,4.1466,39.6,28.85,-40.5,8,0.0,-35.5,1
1,8,266302,4.1466,39.6,28.84,-40.5,8,0.0,-35.5,1
1,8,267028,3.5607,39.6,28.84,-40.5,8,0.0,-35.5,1
1,8,267754,3.8311,39.6,28.84,-40.5,8,0.0,-35.5,1
1,8,268480,3.0649,39.6,28.84,-40.5,8,0.0,-35.5,1
1,8,269206,3.7184,38.6,28.85,-40.5,8,0.0,-35.5,1
1,8,269932,3.4706,38.6,28.85,-40.5,8,0.0,-35.5,1
1,8,270658,2.9072,38.6,28.84,-40.5,8,0.0,-35.5,1
1,8,271384,3.2677,39.6,28.84,-40.5,8,0.0,-35.5,1
1,8,272110,3.7410,38.6,28.85,-40.5,8,0.0,-35.5,1
1,8,272836,4.2368,38.6,28.84,-40.5,8,0.0,-35.5,1
1,8,273562,4.3269,38.6,28.84,-40.5,8,0.0,-35.5,1
1,8,274288,3.7861,39.6,28.84,-40.5,8,0.0,-35.5,1
1,8,275014,2.9072,39.6,28.84,-40.5,8,0.0,-35.5,1
1,8,275740,2.5916,39.6,28.84,-40.5,8,0.0,-35.5,1
1,8,276466,3.2903,39.6,28.84,-40.5,8,0.0,-35.5,1
1,8,277192,4.0565,39.6,28.85,-40.5,8,0.0,-35.5,1
1,8,277918,3.6283,39.6,28.85,-40.5,8,0.0,-35.5,1
1,8,278644,2.5691,39.6,28.85,-40.5,8,0.0,-35.5,1
1,8,279370,3.6058,38.6,28.85,-40.5,8,0.0,-35.5,1
1,8,280096,4.1692,39.6,28.85,-40.5,8,0.0,-35.5,1
1,8,280822,2.7719,39.6,28.85,-40.5,8,0.0,-35.5,1
1,8,281548,3.4931,39.6,28.85,-40.5,8,0.0,-35.5,1
1,8,282274,3.6959,39.6,28.84,-40.5,8,0.0,-35.5,1
1,8,283000,2.5691,39.6,28.85,-40.5,8,0.0,-35.5,1
1,8,283726,3.8762,39.6,28.85,-40.5,8,0.0,-35.5,1
1,8,284452,3.4480,39.6,28.84,-40.5,8,0.0,-35.5,1
1,8,285178,2.5015,39.6,28.85,-40.5,8,0.0,-35.5,1
1,8,285904,3.3804,38.6,28.85,-40.5,8,0.0,-35.5,1
1,8,286630,3.4255,38.6,28.84,-40.5,8,0.0,-35.5,1
1,8,287356,3.7410,39.6,28.84,-40.5,8,0.0,-35.5,1
1,8,288082,3.7410,39.6,28.84,-40.5,8,0.0,-35.5,1
1,8,288808,3.9663,39.6,28.84,-40.5,8,0.0,-35.5,1
1,8,289534,3.4255,39.6,28.85,-40.5,8,0.0,-35.5,1
1,8,290260,4.4171,39.6,28.84,-40.5,8,0.0,-35.5,1
1,8,290986,3.5382,39.6,28.84,-40.5,8,0.0,-35.5,1
1,8,291712,3.6959,39.6,28.84,-40.5,8,0.0,-35.5,1
1,8,292438,3.5156,39.6,28.84,-40.5,8,0.0,-35.5,1
1,8,293164,2.9973,39.6,28.84,-40.5,8,0.0,-35.5,1
1,8,293890,2.5916,39.6,28.84,-40.5,8,0.0,-35.5,1
1,8,294616,4.0114,39.6,28.84,-40.5,8,0.0,-35.5,1
1,8,295342,2.9297,39.6,28.84,-40.5,8,0.0,-35.5,1
1,8,296068,2.9297,39.6,28.84,-40.5,8,0.0,-35.5,1
1,8,296794,3.4029,39.6,28.84,-40.5,8,0.0,-35.5,1
1,8,297520,3.2452,39.6,28.84,-40.5,8,0.0,-35.5,1
1,8,298246,2.4114,39.6,28.84,-40.5,8,0.0,-35.5,1
1,8,298972,3.5832,39.6,28.84,-40.5,8,0.0,-35.5,1
1,8,299698,3.4931,39.6,28.83,-40.5,8,0.0,-35.5,1
1,8,300424,2.7945,39.6,28.84,-40.5,8,0.0,-35.5,1
1,8,301150,3.2001,39.6,28.84,-40.5,8,0.0,-35.5,1
1,8,301876,2.9072,39.6,28.84,-40.5,8,0.0,-35.5,1
1,8,302602,2.4564,39.6,28.83,-40.5,8,0.0,-35.5,1
1,8,303328,4.1692,38.6,28.84,-40.5,8,0.0,-35.5,1
1,8,304054,4.1692,38.6,28.84,-40.5,8,0.0,-35.5,1
1,8,304780,3.2452,38.6,28.84,-40.5,8,0.0,-35.5,1
1,8,305506,3.4480,38.6,28.84,-40.5,8,0.0,-35.5,1
1,8,306232,3.2903,39.6,28.84,-40.5,8,0.0,-35.5,1
1,8,306958,2.6367,38.6,28.84,-40.5,8,0.0,-35.5,1
1,8,307684,3.5607,38.6,28.84,-40.5,8,0.0,-35.5,1
1,8,308410,3.5607,39.6,28.83,-40.5,8,0.0,-35.5,1
1,8,309136,2.5466,39.6,28.84,-40.5,8,0.0,-35.5,1
1,8,309862,2.2761,39.6,28.84,-40.5,8,0.0,-35.5,1
1,8,310588,3.8311,39.6,28.84,-40.5,8,0.0,-35.5,1
1,8,311314,4.0114,39.6,28.84,-40.5,8,0.0,-35.5,1
1,8,312040,4.0114,39.6,28.84,-40.5,8,0.0,-35.5,1
1,8,312766,4.2368,38.6,28.84,-40.5,8,0.0,-35.5,1
1,8,313492,3.6959,39.6,28.84,-40.5,8,0.0,-35.5,1
1,8,314218,4.0340,39.6,28.84,-40.5,8,0.0,-35.5,1
1,8,314944,3.2452,38.6,28.84,-40.5,8,0.0,-35.5,1
1,8,315670,3.5832,38.6,28.84,-40.5,8,0.0,-35.5,1
1,8,316396,3.1776,38.6,28.84,-40.5,8,0.0,-35.5,1
1,8,317122,3.3128,38.6,28.84,-40.5,8,0.0,-35.5,1
1,8,317848,2.7043,38.6,28.84,-40.5,8,0.0,-35.5,1
1,8,318574,2.5015,38.6,28.84,-40.5,8,0.0,-35.5,1
1,8,319300,2.6818,38.6,28.84,-40.5,8,0.0,-35.5,1
1,8,320026,2.6818,39.6,28.84,-40.5,8,0.0,-35.5,1
1,8,320752,2.6818,39.6,28.84,-40.5,8,0.0,-35.5,1
1,8,321478,2.7494,39.6,28.84,-40.5,8,0.0,-35.5,1
1,8,322204,4.1917,39.6,28.84,-40.5,8,0.0,-35.5,1
1,8,322930,3.4480,39.6,28.84,-40.5,8,0.0,-35.5,1
1,8,323656,3.4480,38.6,28.84,-40.5,8,0.0,-35.5,1
1,8,324382,3.6508,39.6,28.84,-40.5,8,0.0,-35.5,1
1,8,325108,3.4029,39.6,28.84,-40.5,8,0.0,-35.5,1
1,8,325834,4.1917,39.6,28.84,-40.5,8,0.0,-35.5,1
1,8,326560,4.4621,39.6,28.84,-40.5,8,0.0,-35.5,1
1,8,327286,3.6734,39.6,28.84,-40.5,8,0.0,-35.5,1
1,8,328012,4.1016,38.6,28.84,-40.5,8,0.0,-35.5,1
1,8,328738,2.3437,39.6,28.84,-40.5,8,0.0,-35.5,1
1,8,329464,3.6734,39.6,28.84,-40.5,8,0.0,-35.5,1
1,8,330190,2.8621,38.6,28.84,-40.5,8,0.0,-35.5,1
1,8,330916,4.6650,39.6,28.84,-40.5,8,0.0,-35.5,1
1,8,331642,2.8395,39.6,28.84,-40.5,8,0.0,-35.5,1
1,8,332368,3.3128,39.6,28.84,-40.5,8,0.0,-35.5,1
1,8,333094,3.8537,39.6,28.84,-40.5,8,0.0,-35.5,1
1,8,333820,3.5156,39.6,28.84,-40.5,8,0.0,-35.5,1
1,8,334546,3.2227,39.6,28.84,-40.5,8,0.0,-35.5,1
1,8,335272,4.1241,39.6,28.84,-40.5,8,0.0,-35.5,1
1,8,335998,3.6734,38.6,28.84,-40.5,8,0.0,-35.5,1
1,8,336724,3.2452,39.6,28.84,-40.5,8,0.0,-35.5,1
1,8,337450,2.7043,39.6,28.84,-40.5,8,0.0,-35.5,1
1,8,338176,3.0424,39.6,28.84,-40.5,8,0.0,-35.5,1
1,8,338902,2.9072,39.6,28.84,-40.5,8,0.0,-35.5,1
1,8,339628,3.4480,39.6,28.84,-40.5,8,0.0,-35.5,1
1,8,340354,3.5832,39.6,28.85,-40.5,8,0.0,-35.5,1
1,8,341080,3.4480,39.6,28.84,-40.5,8,0.0,-35.5,1
1,8,341806,3.4480,39.6,28.84,-40.5,8,0.0,-35.5,1
1,8,342532,3.2227,39.6,28.84,-40.5,8,0.0,-35.5,1
1,8,343258,2.9072,39.6,28.84,-40.5,8,0.0,-35.5,1
1,8,343984,3.2001,39.6,28.84,-40.5,8,0.0,-35.5,1
1,8,344710,3.3353,39.6,28.84,-40.5,8,0.0,-35.5,1
1,8,345436,3.8311,39.6,28.84,-40.5,8,0.0,-35.5,1
1,8,346162,3.5832,39.6,28.84,-40.5,8,0.0,-35.5,1
1,8,346888,4.5297,39.6,28.84,-40.5,8,0.0,-35.5,1
1,8,347614,2.8621,39.6,28.84,-40.5,8,0.0,-35.5,1
1,8,348340,2.5466,39.6,28.84,-40.5,8,0.0,-35.5,1
1,8,349066,3.8086,39.6,28.83,-40.5,8,0.0,-35.5,1
1,8,349792,3.8086,38.6,28.83,-40.5,8,0.0,-35.5,1
1,8,350518,4.0114,38.6,28.84,-40.5,8,0.0,-35.5,1
1,8,351244,2.9297,38.6,28.84,-40.5,8,0.0,-35.5,1
1,8,351970,2.6367,38.6,28.83,-40.5,8,0.0,-35.5,1
1,8,352696,3.1776,38.6,28.83,-40.5,8,0.0,-35.5,1
1,8,353422,3.2903,38.6,28.83,-40.5,8,0.0,-35.5,1
1,8,354148,2.9297,39.6,28.84,-40.5,8,0.0,-35.5,1
1,8,354874,3.8311,38.6,28.83,-40.5,8,0.0,-35.5,1
1,8,355600,3.4255,38.6,28.83,-40.5,8,0.0,-35.5,1
1,8,356326,3.4706,38.6,28.83,-40.5,8,0.0,-35.5,1
1,8,357052,2.5466,38.6,28.84,-40.5,8,0.0,-35.5,1
1,8,357778,2.5466,38.6,28.84,-40.5,8,0.0,-35.5,1
1,8,358504,3.0874,38.6,28.84,-40.5,8,0.0,-35.5,1
1,8,359230,3.2903,39.6,28.84,-40.5,8,0.0,-35.5,1
1,8,359956,3.7635,39.6,28.84,-40.5,8,0.0,-35.5,1
1,8,360682,3.7184,39.6,28.84,-40.5,8,0.0,-35.5,1
1,8,361408,4.1016,38.6,28.84,-40.5,8,0.0,-35.5,1
1,8,362134,3.1100,38.6,28.84,-40.5,8,0.0,-35.5,1
1,8,362860,3.4029,39.6,28.84,-40.5,8,0.0,-35.5,1
1,8,363586,3.2677,38.6,28.84,-40.5,8,0.0,-35.5,1
1,8,364312,3.4931,38.6,28.84,-40.5,8,0.0,-35.5,1
1,8,365038,3.4480,38.6,28.84,-40.5,8,0.0,-35.5,1
1,8,365764,3.4480,39.6,28.84,-40.5,8,0.0,-35.5,1
1,8,366490,3.4706,38.6,28.84,-40.5,8,0.0,-35.5,1
1,8,367216,4.0790,38.6,28.84,-40.5,8,0.0,-35.5,1
1,8,367942,3.1100,39.6,28.84,-40.5,8,0.0,-35.5,1
1,8,368668,2.9748,38.6,28.84,-40.5,8,0.0,-35.5,1
1,7,6394,3.3353,38.6,28.84,-40.5,7,0.0,-35.5,1
1,7,7120,2.5916,37.6,28.84,-40.5,7,0.0,-35.5,1
1,7,7846,3.6734,38.6,28.85,-40.5,7,0.0,-35.5,1
1,7,8572,3.8311,38.6,28.84,-40.5,7,0.0,-35.5,1
1,7,9298,3.7861,38.6,28.84,-40.5,7,0.0,-35.5,1
1,7,10024,2.9973,38.6,28.84,-40.5,7,0.0,-35.5,1
1,7,10750,4.4396,38.6,28.84,-40.5,7,0.0,-35.5,1
1,7,11476,4.4396,39.6,28.84,-40.5,7,0.0,-35.5,1
1,7,12202,3.0198,39.6,28.85,-40.5,7,0.0,-35.5,1
1,7,12928,4.5072,38.6,28.84,-40.5,7,0.0,-35.5,1
1,7,13654,3.9889,39.6,28.84,-40.5,7,0.0,-35.5,1
1,7,14380,3.5156,39.6,28.85,-40.5,7,0.0,-35.5,1
1,7,15106,3.7410,39.6,28.84,-40.5,7,0.0,-35.5,1
1,7,15832,3.9663,39.6,28.84,-40.5,7,0.0,-35.5,1
1,7,16558,4.5072,39.6,28.85,-40.5,7,0.0,-35.5,1
1,7,17284,3.4706,39.6,28.84,-40.5,7,0.0,-35.5,1
1,7,18010,3.6283,39.6,28.84,-40.5,7,0.0,-35.5,1
1,7,18736,3.5607,39.6,28.85,-40.5,7,0.0,-35.5,1
1,7,19462,3.5607,39.6,28.85,-40.5,7,0.0,-35.5,1
1,7,20188,4.1917,38.6,28.84,-40.5,7,0.0,-35.5,1
1,7,20914,3.2677,38.6,28.84,-40.5,7,0.0,-35.5,1
1,7,21640,3.0874,39.6,28.85,-40.5,7,0.0,-35.5,1
1,7,22366,3.3128,39.6,28.85,-40.5,7,0.0,-35.5,1
1,7,23092,4.1692,38.6,28.85,-40.5,7,0.0,-35.5,1
1,7,23818,3.6283,38.6,28.85,-40.5,7,0.0,-35.5,1
1,7,24544,3.5382,39.6,28.85,-40.5,7,0.0,-35.5,1
1,7,25270,2.9973,38.6,28.85,-40.5,7,0.0,-35.5,1
1,7,25996,3.4029,38.6,28.86,-40.5,7,0.0,-35.5,1
1,7,26722,4.4396,38.6,28.85,-40.5,7,0.0,-35.5,1
1,7,27448,3.8987,38.6,28.86,-40.5,7,0.0,-35.5,1
1,7,28174,4.0790,38.6,28.86,-40.5,7,0.0,-35.5,1
1,7,28900,3.6283,39.6,28.86,-40.5,7,0.0,-35.5,1
1,7,29626,3.7184,39.6,28.86,-40.5,7,0.0,-35.5,1
1,7,30352,4.3495,38.6,28.86,-40.5,7,0.0,-35.5,1
1,7,31078,4.2819,38.6,28.86,-40.5,7,0.0,-35.5,1
1,7,31804,3.6058,38.6,28.86,-40.5,7,0.0,-35.5,1
1,7,32530,3.1776,38.6,28.86,-40.5,7,0.0,-35.5,1
1,7,33256,3.9663,38.6,28.86,-40.5,7,0.0,-35.5,1
1,7,33982,3.1100,38.6,28.86,-40.5,7,0.0,-35.5,1
1,7,34708,3.2452,38.6,28.86,-40.5,7,0.0,-35.5,1
1,7,35434,3.8086,38.6,28.87,-40.5,7,0.0,-35.5,1
1,7,36160,4.1917,38.6,28.86,-40.5,7,0.0,-35.5,1
1,7,36886,4.1917,38.6,28.87,-40.5,7,0.0,-35.5,1
1,7,37612,4.0340,38.6,28.87,-40.5,7,0.0,-35.5,1
1,7,38338,3.8311,39.6,28.87,-40.5,7,0.0,-35.5,1
1,7,39064,3.4029,39.6,28.87,-40.5,7,0.0,-35.5,1
1,7,39790,3.7635,38.6,28.87,-40.5,7,0.0,-35.5,1
1,7,40516,4.1466,38.6,28.87,-40.5,7,0.0,-35.5,1
1,7,41242,4.1466,38.6,28.87,-40.5,7,0.0,-35.5,1
1,7,41968,3.2227,38.6,28.87,-40.5,7,0.0,-35.5,1
1,7,42694,4.1692,39.6,28.87,-40.5,7,0.0,-35.5,1
1,7,43420,3.7410,39.6,28.87,-40.5,7,0.0,-35.5,1
1,7,44146,3.1325,39.6,28.87,-40.5,7,0.0,-35.5,1
1,7,44872,2.9748,39.6,28.87,-40.5,7,0.0,-35.5,1
1,7,45598,3.4029,39.6,28.87,-40.5,7,0.0,-35.5,1
1,7,46324,2.9297,39.6,28.86,-40.5,7,0.0,-35.5,1
1,7,47050,3.4029,39.6,28.87,-40.5,7,0.0,-35.5,1
1,7,47776,3.4931,39.6,28.87,-40.5,7,0.0,-35.5,1
1,7,48502,2.8621,39.6,28.87,-40.5,7,0.0,-35.5,1
1,7,49228,2.8621,39.6,28.87,-40.5,7,0.0,-35.5,1
1,7,49954,4.3720,39.6,28.87,-40.5,7,0.0,-35.5,1
1,7,50680,3.8537,38.6,28.87,-40.5,7,0.0,-35.5,1
1,7,51406,3.8086,39.6,28.87,-40.5,7,0.0,-35.5,1
1,7,52132,4.2368,39.6,28.87,-40.5,7,0.0,-35.5,1
1,7,52858,3.8311,39.6,28.87,-40.5,7,0.0,-35.5,1
1,7,53584,2.7945,38.6,28.87,-40.5,7,0.0,-35.5,1
1,7,54310,3.6058,39.6,28.88,-40.5,7,0.0,-35.5,1
1,7,55036,4.7326,38.6,28.87,-40.5,7,0.0,-35.5,1
1,7,55762,3.7184,38.6,28.88,-40.5,7,0.0,-35.5,1
1,7,56488,2.8621,38.6,28.87,-40.5,7,0.0,-35.5,1
1,7,57214,2.8621,39.6,28.87,-40.5,7,0.0,-35.5,1
1,7,57940,3.6508,38.6,28.87,-40.5,7,0.0,-35.5,1
1,7,58666,3.5607,38.6,28.87,-40.5,7,0.0,-35.5,1
1,7,59392,4.4621,39.6,28.87,-40.5,7,0.0,-35.5,1
1,7,60118,3.2452,38.6,28.88,-40.5,7,0.0,-35.5,1
1,7,60844,3.6734,38.6,28.87,-40.5,7,0.0,-35.5,1
1,7,61570,4.6424,38.6,28.88,-40.5,7,0.0,-35.5,1
1,7,62296,3.6058,38.6,28.88,-40.5,7,0.0,-35.5,1
1,7,63022,2.7945,38.6,28.88,-40.5,7,0.0,-35.5,1
1,7,63748,3.0874,39.6,28.87,-40.5,7,0.0,-35.5,1
1,7,64474,4.4621,39.6,28.88,-40.5,7,0.0,-35.5,1
1,7,65200,4.4621,39.6,28.88,-40.5,7,0.0,-35.5,1
1,7,65926,4.3945,39.6,28.88,-40.5,7,0.0,-35.5,1
1,7,66652,2.8170,39.6,28.88,-40.5,7,0.0,-35.5,1
1,7,67378,4.6424,39.6,28.88,-40.5,7,0.0,-35.5,1
1,7,68104,2.8395,39.6,28.88,-40.5,7,0.0,-35.5,1
1,7,68830,3.4029,39.6,28.87,-40.5,7,0.0,-35.5,1
1,7,69556,3.7184,38.6,28.88,-40.5,7,0.0,-35.5,1
1,7,70282,4.7326,39.6,28.88,-40.5,7,0.0,-35.5,1
1,7,71008,4.8227,39.6,28.88,-40.5,7,0.0,-35.5,1
1,7,71734,3.8537,39.6,28.88,-40.5,7,0.0,-35.5,1
1,7,72460,3.2452,39.6,28.88,-40.5,7,0.0,-35.5,1
1,7,73186,3.2452,39.6,28.88,-40.5,7,0.0,-35.5,1
1,7,73912,2.7043,39.6,28.88,-40.5,7,0.0,-35.5,1
1,7,74638,3.0198,39.6,28.88,-40.5,7,0.0,-35.5,1
1,7,75364,4.5523,39.6,28.88,-40.5,7,0.0,-35.5,1
1,7,76090,4.5974,39.6,28.88,-40.5,7,0.0,-35.5,1
1,7,76816,3.9889,39.6,28.88,-40.5,7,0.0,-35.5,1
1,7,77542,4.2593,39.6,28.88,-40.5,7,0.0,-35.5,1
1,7,78268,3.1550,39.6,28.88,-40.5,7,0.0,-35.5,1
1,7,78994,3.8537,39.6,28.87,-40.5,7,0.0,-35.5,1
1,7,79720,3.7184,39.6,28.87,-40.5,7,0.0,-35.5,1
1,7,80446,4.0565,39.6,28.88,-40.5,7,0.0,-35.5,1
1,7,81172,3.7410,39.6,28.88,-40.5,7,0.0,-35.5,1
1,7,81898,4.3720,39.6,28.88,-40.5,7,0.0,-35.5,1
1,7,82624,3.8987,38.6,28.88,-40.5,7,0.0,-35.5,1
1,7,83350,3.9213,38.6,28.88,-40.5,7,0.0,-35.5,1
1,7,84076,3.0198,38.6,28.88,-40.5,7,0.0,-35.5,1
1,7,84802,2.9973,39.6,28.88,-40.5,7,0.0,-35.5,1
1,7,85528,3.0424,39.6,28.88,-40.5,7,0.0,-35.5,1
1,7,86254,3.7184,38.6,28.88,-40.5,7,0.0,-35.5,1
1,7,86980,4.1016,38.6,28.88,-40.5,7,0.0,-35.5,1
1,7,87706,3.5607,39.6,28.88,-40.5,7,0.0,-35.5,1
1,7,88432,3.5156,39.6,28.88,-40.5,7,0.0,-35.5,1
1,7,89158,4.5974,39.6,28.88,-40.5,7,0.0,-35.5,1
1,7,89884,3.6058,39.6,28.88,-40.5,7,0.0,-35.5,1
1,7,90610,3.4480,39.6,28.88,-40.5,7,0.0,-35.5,1
1,7,91336,4.5072,39.6,28.88,-40.5,7,0.0,-35.5,1
1,7,92062,4.1241,39.6,28.88,-40.5,7,0.0,-35.5,1
1,7,92788,3.5156,39.6,28.88,-40.5,7,0.0,-35.5,1
1,7,93514,3.6734,39.6,28.88,-40.5,7,0.0,-35.5,1
1,7,94240,3.8762,39.6,28.89,-40.5,7,0.0,-35.5,1
1,7,94966,3.8762,39.6,28.88,-40.5,7,0.0,-35.5,1
1,7,95692,4.2142,39.6,28.88,-40.5,7,0.0,-35.5,1
1,7,96418,3.4706,38.6,28.88,-40.5,7,0.0,-35.5,1
1,7,97144,3.4480,39.6,28.88,-40.5,7,0.0,-35.5,1
1,7,97870,2.4114,38.6,28.88,-40.5,7,0.0,-35.5,1
1,7,98596,3.0874,38.6,28.88,-40.5,7,0.0,-35.5,1
1,7,99322,3.7410,39.6,28.88,-40.5,7,0.0,-35.5,1
1,7,100048,3.3804,39.6,28.88,-40.5,7,0.0,-35.5,1
1,7,100774,3.4706,39.6,28.88,-40.5,7,0.0,-35.5,1
1,7,101500,4.1692,38.6,28.88,-40.5,7,0.0,-35.5,1
1,7,102226,4.6199,39.6,28.88,-40.5,7,0.0,-35.5,1
1,7,102952,4.6199,39.6,28.88,-40.5,7,0.0,-35.5,1
1,7,103678,3.7410,39.6,28.88,-40.5,7,0.0,-35.5,1
1,7,104404,2.7494,39.6,28.89,-40.5,7,0.0,-35.5,1
1,7,105130,3.8086,39.6,28.89,-40.5,7,0.0,-35.5,1
1,7,105856,3.6734,39.6,28.88,-40.5,7,0.0,-35.5,1
1,7,106582,3.6283,39.6,28.88,-40.5,7,0.0,-35.5,1
1,7,107308,3.5382,39.6,28.88,-40.5,7,0.0,-35.5,1
1,7,108034,3.4029,39.6,28.88,-40.5,7,0.0,-35.5,1
1,7,108760,3.3804,39.6,28.88,-40.5,7,0.0,-35.5,1
1,7,109486,3.5607,39.6,28.88,-40.5,7,0.0,-35.5,1
1,7,110212,3.9889,39.6,28.89,-40.5,7,0.0,-35.5,1
1,7,110938,3.9889,39.6,28.89,-40.5,7,0.0,-35.5,1
1,7,111664,3.2452,39.6,28.89,-40.5,7,0.0,-35.5,1
1,7,112390,3.5607,38.6,28.89,-40.5,7,0.0,-35.5,1
1,7,113116,3.6283,38.6,28.89,-40.5,7,0.0,-35.5,1
1,7,113842,4.2593,38.6,28.88,-40.5,7,0.0,-35.5,1
1,7,114568,3.7410,39.6,28.88,-40.5,7,0.0,-35.5,1
1,7,115294,4.1241,39.6,28.88,-40.5,7,0.0,-35.5,1
1,7,116020,3.9663,39.6,28.88,-40.5,7,0.0,-35.5,1
1,7,116746,3.2452,39.6,28.88,-40.5,7,0.0,-35.5,1
1,7,117472,4.1692,39.6,28.88,-40.5,7,0.0,-35.5,1
1,7,118198,2.7719,39.6,28.88,-40.5,7,0.0,-35.5,1
1,7,118924,2.7719,39.6,28.88,-40.5,7,0.0,-35.5,1
1,7,119650,4.5974,38.6,28.88,-40.5,7,0.0,-35.5,1
1,7,120376,4.0565,38.6,28.88,-40.5,7,0.0,-35.5,1
1,7,121102,3.8987,38.6,28.88,-40.5,7,0.0,-35.5,1
1,7,121828,2.8170,38.6,28.88,-40.5,7,0.0,-35.5,1
1,7,122554,4.2368,39.6,28.88,-40.5,7,0.0,-35.5,1
1,7,123280,4.5297,39.6,28.88,-40.5,7,0.0,-35.5,1
1,7,124006,3.7635,39.6,28.88,-40.5,7,0.0,-35.5,1
1,7,124732,3.2452,39.6,28.88,-40.5,7,0.0,-35.5,1
1,7,125458,3.5832,39.6,28.89,-40.5,7,0.0,-35.5,1
1,7,126184,3.4706,39.6,28.88,-40.5,7,0.0,-35.5,1
1,7,126910,3.4706,39.6,28.88,-40.5,7,0.0,-35.5,1
1,7,127636,3.4706,39.6,28.88,-40.5,7,0.0,-35.5,1
1,7,128362,2.7269,39.6,28.88,-40.5,7,0.0,-35.5,1
1,7,129088,3.8987,39.6,28.88,-40.5,7,0.0,-35.5,1
1,7,129814,2.8395,39.6,28.88,-40.5,7,0.0,-35.5,1
1,7,130540,3.7184,38.6,28.88,-40.5,7,0.0,-35.5,1
1,7,131266,3.4931,38.6,28.88,-40.5,7,0.0,-35.5,1
1,7,131992,3.5156,39.6,28.88,-40.5,7,0.0,-35.5,1
1,7,132718,3.1100,39.6,28.88,-40.5,7,0.0,-35.5,1
1,7,133444,2.8395,38.6,28.88,-40.5,7,0.0,-35.5,1
1,7,134170,4.4621,38.6,28.88,-40.5,7,0.0,-35.5,1
1,7,134896,4.4621,38.6,28.88,-40.5,7,0.0,-35.5,1
1,7,135622,3.4029,39.6,28.88,-40.5,7,0.0,-35.5,1
1,7,136348,3.5156,39.6,28.88,-40.5,7,0.0,-35.5,1
1,7,137074,3.4029,39.6,28.88,-40.5,7,0.0,-35.5,1
1,7,137800,2.7494,39.6,28.88,-40.5,7,0.0,-35.5,1
1,7,138526,3.2001,39.6,28.88,-40.5,7,0.0,-35.5,1
1,7,139252,4.4171,38.6,28.89,-40.5,7,0.0,-35.5,1
1,7,139978,3.8086,39.6,28.88,-40.5,7,0.0,-35.5,1
1,7,140704,3.5607,39.6,28.88,-40.5,7,0.0,-35.5,1
1,7,141430,4.3495,39.6,28.89,-40.5,7,0.0,-35.5,1
1,7,142156,2.7719,39.6,28.88,-40.5,7,0.0,-35.5,1
1,7,142882,3.3579,39.6,28.88,-40.5,7,0.0,-35.5,1
1,7,143608,3.4706,39.6,28.88,-40.5,7,0.0,-35.5,1
1,7,144334,3.8762,39.6,28.88,-40.5,7,0.0,-35.5,1
1,7,145060,4.2142,39.6,28.88,-40.5,7,0.0,-35.5,1
1,7,145786,2.6142,39.6,28.88,-40.5,7,0.0,-35.5,1
1,7,146512,4.0790,38.6,28.88,-40.5,7,0.0,-35.5,1
1,7,147238,3.5832,38.6,28.88,-40.5,7,0.0,-35.5,1
1,7,147964,4.3945,38.6,28.89,-40.5,7,0.0,-35.5,1
1,7,148690,3.5607,38.6,28.88,-40.5,7,0.0,-35.5,1
1,7,149416,3.8762,38.6,28.88,-40.5,7,0.0,-35.5,1
1,7,150142,3.8987,39.6,28.88,-40.5,7,0.0,-35.5,1
1,7,150868,3.9438,38.6,28.88,-40.5,7,0.0,-35.5,1
1,7,151594,3.2452,38.6,28.88,-40.5,7,0.0,-35.5,1
1,7,152320,3.6283,38.6,28.88,-40.5,7,0.0,-35.5,1
1,7,153046,3.8762,38.6,28.88,-40.5,7,0.0,-35.5,1
1,7,153772,3.5156,39.6,28.88,-40.5,7,0.0,-35.5,1
1,7,154498,4.7100,38.6,28.88,-40.5,7,0.0,-35.5,1
1,7,155224,2.9522,39.6,28.88,-40.5,7,0.0,-35.5,1
1,7,155950,2.9072,39.6,28.88,-40.5,7,0.0,-35.5,1
1,7,156676,2.9072,39.6,28.88,-40.5,7,0.0,-35.5,1
1,7,157402,2.5916,39.6,28.88,-40.5,7,0.0,-35.5,1
1,7,158128,2.6593,39.6,28.88,-40.5,7,0.0,-35.5,1
1,7,158854,3.6508,39.6,28.88,-40.5,7,0.0,-35.5,1
1,7,159580,4.5072,39.6,28.88,-40.5,7,0.0,-35.5,1
1,7,160306,3.6508,39.6,28.88,-40.5,7,0.0,-35.5,1
1,7,161032,4.3945,39.6,28.88,-40.5,7,0.0,-35.5,1
1,7,161758,4.2819,39.6,28.88,-40.5,7,0.0,-35.5,1
1,7,162484,4.1692,39.6,28.88,-40.5,7,0.0,-35.5,1
1,7,163210,3.1776,38.6,28.88,-40.5,7,0.0,-35.5,1
1,7,163936,3.5382,39.6,28.88,-40.5,7,0.0,-35.5,1
1,7,164662,3.5382,39.6,28.88,-40.5,7,0.0,-35.5,1
1,7,165388,2.8170,39.6,28.88,-40.5,7,0.0,-35.5,1
1,7,166114,4.1692,38.6,28.87,-40.5,7,0.0,-35.5,1
1,7,166840,3.5382,39.6,28.88,-40.5,7,0.0,-35.5,1
1,7,167566,3.4029,38.6,28.88,-40.5,7,0.0,-35.5,1
1,7,168292,3.9438,39.6,28.88,-40.5,7,0.0,-35.5,1
1,7,169018,3.6734,39.6,28.88,-40.5,7,0.0,-35.5,1
1,7,169744,4.1917,39.6,28.88,-40.5,7,0.0,-35.5,1
1,7,170470,3.1776,39.6,28.88,-40.5,7,0.0,-35.5,1
1,7,171196,2.7494,39.6,28.88,-40.5,7,0.0,-35.5,1
1,7,171922,3.6283,39.6,28.88,-40.5,7,0.0,-35.5,1
1,7,172648,3.6283,39.6,28.88,-40.5,7,0.0,-35.5,1
1,7,173374,4.2593,39.6,28.88,-40.5,7,0.0,-35.5,1
1,7,174100,3.7861,38.6,28.88,-40.5,7,0.0,-35.5,1
1,7,174826,2.8621,38.6,28.88,-40.5,7,0.0,-35.5,1
1,7,175552,4.0114,38.6,28.88,-40.5,7,0.0,-35.5,1
1,7,176278,3.4706,39.6,28.87,-40.5,7,0.0,-35.5,1
1,7,177004,3.3353,38.6,28.88,-40.5,7,0.0,-35.5,1
1,7,177730,3.6058,38.6,28.88,-40.5,7,0.0,-35.5,1
1,7,178456,3.0874,38.6,28.88,-40.5,7,0.0,-35.5,1
1,7,179182,3.9438,38.6,28.88,-40.5,7,0.0,-35.5,1
1,7,179908,3.1325,39.6,28.88,-40.5,7,0.0,-35.5,1
1,7,180634,3.1325,39.6,28.88,-40.5,7,0.0,-35.5,1
1,7,181360,4.1016,38.6,28.88,-40.5,7,0.0,-35.5,1
1,7,182086,4.2593,38.6,28.87,-40.5,7,0.0,-35.5,1
1,7,182812,2.5466,38.6,28.87,-40.5,7,0.0,-35.5,1
1,7,183538,3.4931,38.6,28.88,-40.5,7,0.0,-35.5,1
1,7,184264,3.6734,38.6,28.88,-40.5,7,0.0,-35.5,1
1,7,184990,4.3945,39.6,28.87,-40.5,7,0.0,-35.5,1
1,7,185716,3.9889,39.6,28.87,-40.5,7,0.0,-35.5,1
1,7,186442,3.0424,39.6,28.88,-40.5,7,0.0,-35.5,1
1,7,187168,3.5832,39.6,28.88,-40.5,7,0.0,-35.5,1
1,7,187894,3.5382,38.6,28.88,-40.5,7,0.0,-35.5,1
1,7,188620,3.5382,39.6,28.88,-40.5,7,0.0,-35.5,1
1,7,189346,2.5916,39.6,28.88,-40.5,7,0.0,-35.5,1
1,7,190072,3.6508,39.6,28.87,-40.5,7,0.0,-35.5,1
1,7,190798,3.1325,39.6,28.88,-40.5,7,0.0,-35.5,1
1,7,191524,4.2142,39.6,28.87,-40.5,7,0.0,-35.5,1
1,7,192250,3.5382,39.6,28.88,-40.5,7,0.0,-35.5,1
1,7,192976,2.8846,39.6,28.87,-40.5,7,0.0,-35.5,1
1,7,193702,4.2142,39.6,28.88,-40.5,7,0.0,-35.5,1
1,7,194428,4.5297,39.6,28.87,-40.5,7,0.0,-35.5,1
1,7,195154,4.1917,39.6,28.87,-40.5,7,0.0,-35.5,1
1,7,195880,3.3353,39.6,28.88,-40.5,7,0.0,-35.5,1
1,7,196606,3.9213,39.6,28.88,-40.5,7,0.0,-35.5,1
1,7,197332,2.9522,38.6,28.87,-40.5,7,0.0,-35.5,1
1,7,198058,2.5466,39.6,28.87,-40.5,7,0.0,-35.5,1
1,7,198784,3.7861,39.6,28.88,-40.5,7,0.0,-35.5,1
1,7,199510,2.9522,39.6,28.87,-40.5,7,0.0,-35.5,1
1,7,200236,3.3353,39.6,28.87,-40.5,7,0.0,-35.5,1
1,7,200962,3.6508,39.6,28.87,-40.5,7,0.0,-35.5,1
1,7,201688,3.5156,39.6,28.88,-40.5,7,0.0,-35.5,1
1,7,202414,2.5015,39.6,28.88,-40.5,7,0.0,-35.5,1
1,7,203140,3.2227,38.6,28.87,-40.5,7,0.0,-35.5,1
1,7,203866,3.2903,39.6,28.87,-40.5,7,0.0,-35.5,1
1,7,204592,3.8086,38.6,28.88,-40.5,7,0.0,-35.5,1
1,7,205318,3.7635,39.6,28.89,-40.5,7,0.0,-35.5,1
1,7,206044,3.2677,39.6,28.88,-40.5,7,0.0,-35.5,1
1,7,206770,3.8086,39.6,28.88,-40.5,7,0.0,-35.5,1
1,7,207496,4.3044,39.6,28.88,-40.5,7,0.0,-35.5,1
1,7,208222,2.9973,39.6,28.88,-40.5,7,0.0,-35.5,1
1,7,208948,4.6424,39.6,28.88,-40.5,7,0.0,-35.5,1
1,7,209674,3.2001,39.6,28.88,-40.5,7,0.0,-35.5,1
1,7,210400,3.2001,39.6,28.88,-40.5,7,0.0,-35.5,1
1,7,211126,3.5156,39.6,28.88,-40.5,7,0.0,-35.5,1
1,7,211852,3.8762,39.6,28.88,-40.5,7,0.0,-35.5,1
1,7,212578,4.2368,38.6,28.88,-40.5,7,0.0,-35.5,1
1,7,213304,3.6508,39.6,28.88,-40.5,7,0.0,-35.5,1
1,7,214030,3.4706,38.6,28.87,-40.5,7,0.0,-35.5,1
1,7,214756,3.4706,39.6,28.88,-40.5,7,0.0,-35.5,1
1,7,215482,2.5240,39.6,28.88,-40.5,7,0.0,-35.5,1
1,7,216208,4.0790,39.6,28.88,-40.5,7,0.0,-35.5,1
1,7,216934,3.6058,38.6,28.88,-40.5,7,0.0,-35.5,1
1,7,217660,4.0790,38.6,28.88,-40.5,7,0.0,-35.5,1
1,7,218386,4.0790,38.6,28.88,-40.5,7,0.0,-35.5,1
1,7,219112,4.5297,39.6,28.87,-40.5,7,0.0,-35.5,1
1,7,219838,3.4480,38.6,28.87,-40.5,7,0.0,-35.5,1
1,7,220564,4.2819,38.6,28.87,-40.5,7,0.0,-35.5,1
1,7,221290,3.5156,38.6,28.88,-40.5,7,0.0,-35.5,1
1,7,222016,3.7184,38.6,28.88,-40.5,7,0.0,-35.5,1
1,7,222742,3.5382,38.6,28.88,-40.5,7,0.0,-35.5,1
1,7,223468,3.2227,39.6,28.87,-40.5,7,0.0,-35.5,1
1,7,224194,4.1241,39.6,28.88,-40.5,7,0.0,-35.5,1
1,7,224920,3.3804,39.6,28.87,-40.5,7,0.0,-35.5,1
1,7,225646,3.8537,38.6,28.88,-40.5,7,0.0,-35.5,1
1,7,226372,3.8537,39.6,28.88,-40.5,7,0.0,-35.5,1
1,7,227098,3.0424,39.6,28.88,-40.5,7,0.0,-35.5,1
1,7,227824,2.8395,39.6,28.88,-40.5,7,0.0,-35.5,1
1,7,228550,4.2593,39.6,28.88,-40.5,7,0.0,-35.5,1
1,7,229276,3.8086,39.6,28.88,-40.5,7,0.0,-35.5,1
1,7,230002,2.7269,39.6,28.87,-40.5,7,0.0,-35.5,1
1,7,230728,4.2142,39.6,28.87,-40.5,7,0.0,-35.5,1
1,7,231454,2.6367,39.6,28.87,-40.5,7,0.0,-35.5,1
1,7,232180,3.2452,39.6,28.87,-40.5,7,0.0,-35.5,1
1,7,232906,3.6283,39.6,28.87,-40.5,7,0.0,-35.5,1
1,7,233632,4.5072,39.6,28.87,-40.5,7,0.0,-35.5,1
1,7,234358,4.5072,39.6,28.87,-40.5,7,0.0,-35.5,1
1,7,235084,3.4931,39.6,28.87,-40.5,7,0.0,-35.5,1
1,7,235810,3.3128,39.6,28.88,-40.5,7,0.0,-35.5,1
1,7,236536,3.6959,39.6,28.87,-40.5,7,0.0,-35.5,1
1,7,237262,3.3353,39.6,28.88,-40.5,7,0.0,-35.5,1
1,7,237988,3.4255,38.6,28.87,-40.5,7,0.0,-35.5,1
1,7,238714,3.2677,38.6,28.87,-40.5,7,0.0,-35.5,1
1,7,239440,4.1917,39.6,28.88,-40.5,7,0.0,-35.5,1
1,7,240166,4.4171,39.6,28.87,-40.5,7,0.0,-35.5,1
1,7,240892,3.3579,39.6,28.88,-40.5,7,0.0,-35.5,1
1,7,241618,3.4255,39.6,28.87,-40.5,7,0.0,-35.5,1
1,7,242344,3.4255,39.6,28.87,-40.5,7,0.0,-35.5,1
1,7,243070,3.6058,39.6,28.87,-40.5,7,0.0,-35.5,1
1,7,243796,2.8621,39.6,28.87,-40.5,7,0.0,-35.5,1
1,7,244522,4.0340,38.6,28.87,-40.5,7,0.0,-35.5,1
1,7,245248,2.9297,39.6,28.87,-40.5,7,0.0,-35.5,1
1,7,245974,3.7635,39.6,28.87,-40.5,7,0.0,-35.5,1
1,7,246700,4.0565,39.6,28.87,-40.5,7,0.0,-35.5,1
1,7,247426,3.0198,38.6,28.87,-40.5,7,0.0,-35.5,1
1,7,248152,4.0565,38.6,28.87,-40.5,7,0.0,-35.5,1
1,7,248878,3.7184,39.6,28.87,-40.5,7,0.0,-35.5,1
1,7,249604,2.8395,38.6,28.87,-40.5,7,0.0,-35.5,1
1,7,250330,3.6959,38.6,28.87,-40.5,7,0.0,-35.5,1
1,7,251056,3.5382,39.6,28.87,-40.5,7,0.0,-35.5,1
1,7,251782,3.5382,39.6,28.87,-40.5,7,0.0,-35.5,1
1,7,252508,3.4255,38.6,28.87,-40.5,7,0.0,-35.5,1
1,7,253234,3.2001,38.6,28.87,-40.5,7,0.0,-35.5,1
1,7,253960,4.2593,38.6,28.87,-40.5,7,0.0,-35.5,1
1,7,254686,2.8395,38.6,28.87,-40.5,7,0.0,-35.5,1
1,7,255412,3.6734,39.6,28.87,-40.5,7,0.0,-35.5,1
1,7,256138,3.1325,39.6,28.87,-40.5,7,0.0,-35.5,1
1,7,256864,3.2452,39.6,28.86,-40.5,7,0.0,-35.5,1
1,7,257590,4.4847,39.6,28.87,-40.5,7,0.0,-35.5,1
1,7,258316,3.8762,39.6,28.87,-40.5,7,0.0,-35.5,1
1,7,259042,4.1466,39.6,28.87,-40.5,7,0.0,-35.5,1
1,7,259768,2.3663,39.6,28.87,-40.5,7,0.0,-35.5,1
1,7,260494,4.0114,39.6,28.86,-40.5,7,0.0,-35.5,1
1,7,261220,3.5382,39.6,28.87,-40.5,7,0.0,-35.5,1
1,7,261946,4.4621,39.6,28.87,-40.5,7,0.0,-35.5,1
1,7,262672,2.6142,39.6,28.87,-40.5,7,0.0,-35.5,1
1,7,263398,3.5607,38.6,28.87,-40.5,7,0.0,-35.5,1
1,7,264124,3.5607,38.6,28.87,-40.5,7,0.0,-35.5,1
1,7,264850,4.2819,39.6,28.87,-40.5,7,0.0,-35.5,1
1,7,265576,3.2677,39.6,28.87,-40.5,7,0.0,-35.5,1
1,7,266302,2.9973,39.6,28.87,-40.5,7,0.0,-35.5,1
1,7,267028,4.2368,39.6,28.87,-40.5,7,0.0,-35.5,1
1,7,267754,2.6367,39.6,28.87,-40.5,7,0.0,-35.5,1
1,7,268480,3.8762,39.6,28.87,-40.5,7,0.0,-35.5,1
1,7,269206,4.3495,38.6,28.87,-40.5,7,0.0,-35.5,1
1,7,269932,3.6058,39.6,28.87,-40.5,7,0.0,-35.5,1
1,7,270658,3.4029,39.6,28.87,-40.5,7,0.0,-35.5,1
1,7,271384,2.9297,39.6,28.87,-40.5,7,0.0,-35.5,1
1,7,272110,2.9297,39.6,28.87,-40.5,7,0.0,-35.5,1
1,7,272836,4.2142,39.6,28.87,-40.5,7,0.0,-35.5,1
1,7,273562,3.4255,39.6,28.87,-40.5,7,0.0,-35.5,1
1,7,274288,4.0114,39.6,28.87,-40.5,7,0.0,-35.5,1
1,7,275014,3.4480,38.6,28.87,-40.5,7,0.0,-35.5,1
1,7,275740,4.2142,39.6,28.87,-40.5,7,0.0,-35.5,1
1,7,276466,4.0114,39.6,28.87,-40.5,7,0.0,-35.5,1
1,7,277192,3.4480,39.6,28.87,-40.5,7,0.0,-35.5,1
1,7,277918,4.2142,39.6,28.86,-40.5,7,0.0,-35.5,1
1,7,278644,3.3804,39.6,28.87,-40.5,7,0.0,-35.5,1
1,7,279370,3.9213,39.6,28.87,-40.5,7,0.0,-35.5,1
1,7,280096,3.9213,38.6,28.87,-40.5,7,0.0,-35.5,1
1,7,280822,3.8311,39.6,28.87,-40.5,7,0.0,-35.5,1
1,7,281548,2.9297,39.6,28.87,-40.5,7,0.0,-35.5,1
1,7,282274,4.2368,39.6,28.87,-40.5,7,0.0,-35.5,1
1,7,283000,3.6058,39.6,28.87,-40.0,7,0.0,-35.5,1
1,7,283726,3.6508,39.6,28.87,-40.5,7,0.0,-35.5,1
1,7,284452,4.0790,38.6,28.87,-40.5,7,0.0,-35.5,1
1,7,285178,3.5382,38.6,28.87,-40.5,7,0.0,-35.5,1
1,7,285904,2.7043,39.6,28.87,-40.5,7,0.0,-35.5,1
1,7,286630,3.0874,39.6,28.87,-40.5,7,0.0,-35.5,1
1,7,287356,3.0198,39.6,28.86,-40.5,7,0.0,-35.5,1
1,7,288082,3.0198,39.6,28.87,-40.5,7,0.0,-35.5,1
1,7,288808,3.6283,39.6,28.87,-40.5,7,0.0,-35.5,1
1,7,289534,4.2142,39.6,28.87,-40.5,7,0.0,-35.5,1
1,7,290260,3.1550,39.6,28.87,-40.5,7,0.0,-35.5,1
1,7,290986,3.6734,39.6,28.87,-40.5,7,0.0,-35.5,1
1,7,291712,3.7635,39.6,28.87,-40.5,7,0.0,-35.5,1
1,7,292438,2.7043,39.6,28.87,-40.5,7,0.0,-35.5,1
1,7,293164,3.6058,39.6,28.87,-40.5,7,0.0,-35.5,1
1,7,293890,2.9748,38.6,28.86,-40.5,7,0.0,-35.5,1
1,7,294616,3.5382,39.6,28.86,-40.5,7,0.0,-35.5,1
1,7,295342,3.8537,39.6,28.86,-40.5,7,0.0,-35.5,1
1,7,296068,3.8537,39.6,28.87,-40.5,7,0.0,-35.5,1
1,7,296794,3.6734,39.6,28.86,-40.5,7,0.0,-35.5,1
1,7,297520,2.8395,39.6,28.87,-40.5,7,0.0,-35.5,1
1,7,298246,4.1241,39.6,28.86,-40.5,7,0.0,-35.5,1
1,7,298972,2.8846,39.6,28.87,-40.5,7,0.0,-35.5,1
1,7,299698,3.5382,39.6,28.86,-40.5,7,0.0,-35.5,1
1,7,300424,3.4931,39.6,28.86,-40.5,7,0.0,-35.5,1
1,7,301150,4.0340,38.6,28.86,-40.5,7,0.0,-35.5,1
1,7,301876,4.3720,39.6,28.86,-40.5,7,0.0,-35.5,1
1,7,302602,4.0790,38.6,28.86,-40.5,7,0.0,-35.5,1
1,7,303328,3.5382,39.6,28.86,-40.5,7,0.0,-35.5,1
1,7,304054,3.1325,38.6,28.86,-40.5,7,0.0,-35.5,1
1,7,304780,3.9663,39.6,28.86,-40.5,7,0.0,-35.5,1
1,7,305506,3.1550,38.6,28.86,-40.0,7,0.0,-35.5,1
1,7,306232,2.5691,39.6,28.86,-40.5,7,0.0,-35.5,1
1,7,306958,4.5072,39.6,28.86,-40.5,7,0.0,-35.5,1
1,7,307684,3.4706,39.6,28.86,-40.5,7,0.0,-35.5,1
1,7,308410,2.6818,39.6,28.86,-40.5,7,0.0,-35.5,1
1,7,309136,4.0114,39.6,28.86,-40.5,7,0.0,-35.5,1
1,7,309862,2.3663,38.6,28.86,-40.5,7,0.0,-35.5,1
1,7,310588,3.0649,38.6,28.86,-40.5,7,0.0,-35.5,1
1,7,311314,2.9072,38.6,28.86,-40.5,7,0.0,-35.5,1
1,7,312040,3.8987,39.6,28.86,-40.5,7,0.0,-35.5,1
1,7,312766,3.6058,39.6,28.86,-40.5,7,0.0,-35.5,1
1,7,313492,4.1466,38.6,28.86,-40.5,7,0.0,-35.5,1
1,7,314218,2.7269,39.6,28.86,-40.5,7,0.0,-35.5,1
1,7,314944,4.0790,39.6,28.86,-40.5,7,0.0,-35.5,1
1,7,315670,4.3044,39.6,28.86,-40.5,7,0.0,-35.5,1
1,7,316396,4.6650,38.6,28.86,-40.5,7,0.0,-35.5,1
1,7,317122,3.6283,38.6,28.86,-40.5,7,0.0,-35.5,1
1,7,317848,3.6283,38.6,28.86,-40.5,7,0.0,-35.5,1
1,7,318574,3.3579,38.6,28.86,-40.5,7,0.0,-35.5,1
1,7,319300,3.5382,38.6,28.86,-40.5,7,0.0,-35.5,1
1,7,320026,4.5297,38.6,28.86,-40.5,7,0.0,-35.5,1
1,7,320752,2.6818,39.6,28.86,-40.5,7,0.0,-35.5,1
1,7,321478,3.7635,39.6,28.87,-40.5,7,0.0,-35.5,1
1,7,322204,3.4706,39.6,28.86,-40.5,7,0.0,-35.5,1
1,7,322930,3.6058,38.6,28.86,-40.5,7,0.0,-35.5,1
1,7,323656,3.6283,39.6,28.86,-40.5,7,0.0,-35.5,1
1,7,324382,3.4706,39.6,28.86,-40.5,7,0.0,-35.5,1
1,7,325108,3.5156,39.6,28.86,-40.5,7,0.0,-35.5,1
1,7,325834,3.5156,39.6,28.86,-40.5,7,0.0,-35.5,1
1,7,326560,3.5832,38.6,28.86,-40.5,7,0.0,-35.5,1
1,7,327286,4.1466,39.6,28.86,-40.5,7,0.0,-35.5,1
1,7,328012,3.8086,39.6,28.86,-40.5,7,0.0,-35.5,1
1,7,328738,3.5156,39.6,28.86,-40.5,7,0.0,-35.5,1
1,7,329464,4.0790,39.6,28.86,-40.5,7,0.0,-35.5,1
1,7,330190,3.5382,39.6,28.86,-40.5,7,0.0,-35.5,1
1,7,330916,3.6283,39.6,28.86,-40.5,7,0.0,-35.5,1
1,7,331642,3.0649,39.6,28.86,-40.5,7,0.0,-35.5,1
1,7,332368,3.0198,38.6,28.86,-40.5,7,0.0,-35.5,1
1,7,333094,4.2142,39.6,28.86,-40.5,7,0.0,-35.5,1
1,7,333820,4.2142,39.6,28.86,-40.5,7,0.0,-35.5,1
1,7,334546,3.2452,39.6,28.86,-40.5,7,0.0,-35.5,1
1,7,335272,4.2142,39.6,28.86,-40.5,7,0.0,-35.5,1
1,7,335998,3.5156,39.6,28.86,-40.5,7,0.0,-35.5,1
1,7,336724,4.2819,39.6,28.86,-40.5,7,0.0,-35.5,1
1,7,337450,3.5832,39.6,28.86,-40.5,7,0.0,-35.5,1
1,7,338176,2.7945,39.6,28.86,-40.5,7,0.0,-35.5,1
1,7,338902,3.4706,39.6,28.86,-40.5,7,0.0,-35.5,1
1,7,339628,3.0649,39.6,28.86,-40.5,7,0.0,-35.5,1
1,7,340354,3.3353,39.6,28.86,-40.5,7,0.0,-35.5,1
1,7,341080,2.7945,38.6,28.86,-40.5,7,0.0,-35.5,1
1,7,341806,2.7945,38.6,28.86,-40.5,7,0.0,-35.5,1
1,7,342532,4.4847,39.6,28.86,-40.5,7,0.0,-35.5,1
1,7,343258,4.3720,39.6,28.86,-40.5,7,0.0,-35.5,1
1,7,343984,2.6367,39.6,28.86,-40.5,7,0.0,-35.5,1
1,7,344710,3.2452,38.6,28.86,-40.5,7,0.0,-35.5,1
1,7,345436,3.6283,39.6,28.86,-40.5,7,0.0,-35.5,1
1,7,346162,3.7184,39.6,28.85,-40.5,7,0.0,-35.5,1
1,7,346888,3.5382,39.6,28.86,-40.5,7,0.0,-35.5,1
1,7,347614,3.4931,39.6,28.86,-40.5,7,0.0,-35.5,1
1,7,348340,3.9213,39.6,28.86,-40.5,7,0.0,-35.5,1
1,7,349066,4.8678,39.6,28.85,-40.5,7,0.0,-35.5,1
1,7,349792,4.8678,38.6,28.86,-40.5,7,0.0,-35.5,1
1,7,350518,2.9973,38.6,28.86,-40.5,7,0.0,-35.5,1
1,7,351244,4.3945,38.6,28.86,-40.5,7,0.0,-35.5,1
1,7,351970,4.1466,38.6,28.86,-40.5,7,0.0,-35.5,1
1,7,352696,3.7635,38.6,28.86,-40.5,7,0.0,-35.5,1
1,7,353422,3.6283,38.6,28.86,-40.5,7,0.0,-35.5,1
1,7,354148,3.5832,39.6,28.86,-40.5,7,0.0,-35.5,1
1,7,354874,4.1917,39.6,28.86,-40.5,7,0.0,-35.5,1
1,7,355600,3.4255,39.6,28.86,-40.5,7,0.0,-35.5,1
1,7,356326,3.2227,39.6,28.86,-40.5,7,0.0,-35.5,1
1,7,357052,2.9748,39.6,28.86,-40.5,7,0.0,-35.5,1
1,7,357778,2.9748,39.6,28.86,-40.5,7,0.0,-35.5,1
1,7,358504,4.0340,39.6,28.86,-40.5,7,0.0,-35.5,1
1,7,359230,3.2903,39.6,28.86,-40.5,7,0.0,-35.5,1
1,7,359956,3.6959,39.6,28.86,-40.5,7,0.0,-35.5,1
1,7,360682,4.3269,38.6,28.86,-40.5,7,0.0,-35.5,1
1,7,361408,3.7861,39.6,28.86,-40.5,7,0.0,-35.5,1
1,7,362134,2.7719,39.6,28.85,-40.5,7,0.0,-35.5,1
1,7,362860,3.2677,39.6,28.86,-40.5,7,0.0,-35.5,1
1,7,363586,3.9438,39.6,28.86,-40.5,7,0.0,-35.5,1
1,7,364312,3.2903,39.6,28.86,-40.5,7,0.0,-35.5,1
1,7,365038,4.1466,38.6,28.86,-40.5,7,0.0,-35.5,1
1,7,365764,2.5015,38.6,28.86,-40.5,7,0.0,-35.5,1
1,7,366490,3.7410,38.6,28.86,-40.5,7,0.0,-35.5,1
1,7,367216,4.2142,38.6,28.86,-40.5,7,0.0,-35.5,1
1,7,367942,2.8395,39.6,28.86,-40.5,7,0.0,-35.5,1
1,7,368668,2.7043,38.6,28.85,-40.5,7,0.0,-35.5,1
1,6,6394,2.5466,38.6,28.86,-41.0,6,0.0,-35.5,1
1,6,7120,1.2846,38.6,28.86,-41.0,6,0.0,-35.5,1
1,6,7846,1.5099,38.6,28.86,-41.0,6,0.0,-35.5,1
1,6,8572,2.0282,38.6,28.86,-41.0,6,0.0,-35.5,1
1,6,9298,2.0282,38.6,28.86,-41.0,6,0.0,-35.5,1
1,6,10024,2.2311,38.6,28.86,-41.0,6,0.0,-35.5,1
1,6,10750,2.5691,38.6,28.86,-41.0,6,0.0,-35.5,1
1,6,11476,2.8170,38.6,28.87,-41.0,6,0.0,-35.5,1
1,6,12202,2.4339,39.6,28.86,-41.0,6,0.0,-35.5,1
1,6,12928,2.6593,39.6,28.86,-41.0,6,0.0,-35.5,1
1,6,13654,2.5691,38.6,28.87,-41.0,6,0.0,-35.5,1
1,6,14380,2.7494,38.6,28.87,-41.0,6,0.0,-35.5,1
1,6,15106,2.4790,39.6,28.87,-41.0,6,0.0,-35.5,1
1,6,15832,2.3663,38.6,28.87,-41.0,6,0.0,-35.5,1
1,6,16558,2.2536,39.6,28.87,-41.0,6,0.0,-35.5,1
1,6,17284,2.2536,39.6,28.87,-41.0,6,0.0,-35.5,1
1,6,18010,3.0198,39.6,28.87,-41.0,6,0.0,-35.5,1
1,6,18736,1.7578,38.6,28.87,-41.0,6,0.0,-35.5,1
1,6,19462,1.9832,38.6,28.87,-41.0,6,0.0,-35.5,1
1,6,20188,2.8170,38.6,28.87,-41.0,6,0.0,-35.5,1
1,6,20914,2.6818,38.6,28.87,-41.0,6,0.0,-35.5,1
1,6,21640,2.4790,38.6,28.87,-41.0,6,0.0,-35.5,1
1,6,22366,2.4339,38.6,28.88,-41.0,6,0.0,-35.5,1
1,6,23092,2.6367,38.6,28.88,-41.0,6,0.0,-35.5,1
1,6,23818,1.1043,39.6,28.88,-41.0,6,0.0,-35.5,1
1,6,24544,2.5240,39.6,28.88,-41.0,6,0.0,-35.5,1
1,6,25270,2.5240,39.6,28.87,-41.0,6,0.0,-35.5,1
1,6,25996,2.2311,39.6,28.88,-41.0,6,0.0,-35.5,1
1,6,26722,1.8480,39.6,28.88,-41.0,6,0.0,-35.5,1
1,6,27448,1.5099,39.6,28.88,-41.0,6,0.0,-35.5,1
1,6,28174,2.4339,39.6,28.88,-41.0,6,0.0,-35.5,1
1,6,28900,2.5015,39.6,28.88,-41.0,6,0.0,-35.5,1
1,6,29626,1.9832,39.6,28.88,-41.0,6,0.0,-35.5,1
1,6,30352,2.4790,39.6,28.88,-41.0,6,0.0,-35.5,1
1,6,31078,2.9748,39.6,28.88,-41.0,6,0.0,-35.5,1
1,6,31804,1.4874,39.6,28.88,-41.0,6,0.0,-35.5,1
1,6,32530,2.3437,39.6,28.88,-41.0,6,0.0,-35.5,1
1,6,33256,2.3437,39.6,28.89,-41.0,6,0.0,-35.5,1
1,6,33982,2.8170,39.6,28.88,-41.0,6,0.0,-35.5,1
1,6,34708,2.1409,38.6,28.89,-41.0,6,0.0,-35.5,1
1,6,35434,2.1184,38.6,28.89,-40.5,6,0.0,-35.5,1
1,6,36160,1.9832,38.6,28.89,-41.0,6,0.0,-35.5,1
1,6,36886,2.6367,38.6,28.89,-41.0,6,0.0,-35.5,1
1,6,37612,1.9832,38.6,28.89,-41.0,6,0.0,-35.5,1
1,6,38338,1.5775,38.6,28.89,-41.0,6,0.0,-35.5,1
1,6,39064,3.1776,38.6,28.89,-41.0,6,0.0,-35.5,1
1,6,39790,2.3212,38.6,28.89,-41.0,6,0.0,-35.5,1
1,6,40516,1.4648,39.6,28.89,-41.0,6,0.0,-35.5,1
1,6,41242,1.4648,39.6,28.89,-41.0,6,0.0,-35.5,1
1,6,41968,1.1719,38.6,28.89,-41.0,6,0.0,-35.5,1
1,6,42694,1.4423,38.6,28.89,-41.0,6,0.0,-35.5,1
1,6,43420,1.5775,38.6,28.90,-41.0,6,0.0,-35.5,1
1,6,44146,1.0141,38.6,28.89,-41.0,6,0.0,-35.5,1
1,6,44872,2.1860,39.6,28.90,-41.0,6,0.0,-35.5,1
1,6,45598,2.5015,39.6,28.89,-41.0,6,0.0,-35.5,1
1,6,46324,2.1409,38.6,28.90,-41.0,6,0.0,-35.5,1
1,6,47050,2.0959,38.6,28.89,-41.0,6,0.0,-35.5,1
1,6,47776,2.6367,38.6,28.89,-41.0,6,0.0,-35.5,1
1,6,48502,2.3437,39.6,28.89,-41.0,6,0.0,-35.5,1
1,6,49228,2.7945,39.6,28.89,-41.0,6,0.0,-35.5,1
1,6,49954,3.2227,38.6,28.89,-41.0,6,0.0,-35.5,1
1,6,50680,1.2846,38.6,28.90,-41.0,6,0.0,-35.5,1
1,6,51406,2.3888,38.6,28.89,-41.0,6,0.0,-35.5,1
1,6,52132,3.1325,39.6,28.90,-41.0,6,0.0,-35.5,1
1,6,52858,3.0424,39.6,28.89,-41.0,6,0.0,-35.5,1
1,6,53584,1.1268,39.6,28.90,-41.0,6,0.0,-35.5,1
1,6,54310,1.4648,38.6,28.90,-41.0,6,0.0,-35.5,1
1,6,55036,2.3212,39.6,28.89,-41.0,6,0.0,-35.5,1
1,6,55762,3.3579,38.6,28.90,-41.0,6,0.0,-35.5,1
1,6,56488,1.4198,38.6,28.90,-41.0,6,0.0,-35.5,1
1,6,57214,1.9156,38.6,28.90,-41.0,6,0.0,-35.5,1
1,6,57940,2.1184,39.6,28.90,-41.0,6,0.0,-35.5,1
1,6,58666,2.0057,39.6,28.90,-41.0,6,0.0,-35.5,1
1,6,59392,2.4790,39.6,28.90,-41.0,6,0.0,-35.5,1
1,6,60118,2.6593,39.6,28.90,-41.0,6,0.0,-35.5,1
1,6,60844,2.9522,39.6,28.90,-41.0,6,0.0,-35.5,1
1,6,61570,1.9156,39.6,28.90,-41.0,6,0.0,-35.5,1
1,6,62296,1.2620,39.6,28.90,-41.0,6,0.0,-35.5,1
1,6,63022,1.2620,38.6,28.90,-41.0,6,0.0,-35.5,1
1,6,63748,2.7269,38.6,28.90,-41.0,6,0.0,-35.5,1
1,6,64474,1.6677,38.6,28.90,-41.0,6,0.0,-35.5,1
1,6,65200,1.3522,39.6,28.90,-41.0,6,0.0,-35.5,1
1,6,65926,2.2311,39.6,28.90,-41.0,6,0.0,-35.5,1
1,6,66652,2.2311,39.6,28.91,-41.0,6,0.0,-35.5,1
1,6,67378,1.4423,39.6,28.90,-41.0,6,0.0,-35.5,1
1,6,68104,2.0508,39.6,28.91,-41.0,6,0.0,-35.5,1
1,6,68830,2.3663,39.6,28.91,-41.0,6,0.0,-35.5,1
1,6,69556,2.0959,38.6,28.91,-41.0,6,0.0,-35.5,1
1,6,70282,2.2761,38.6,28.90,-41.0,6,0.0,-35.5,1
1,6,71008,2.2761,39.6,28.91,-41.0,6,0.0,-35.5,1
1,6,71734,1.7353,39.6,28.91,-41.0,6,0.0,-35.5,1
1,6,72460,2.5015,39.6,28.90,-41.0,6,0.0,-35.5,1
1,6,73186,3.2227,38.6,28.90,-41.0,6,0.0,-35.5,1
1,6,73912,1.2620,39.6,28.90,-41.0,6,0.0,-35.5,1
1,6,74638,2.6593,39.6,28.91,-41.0,6,0.0,-35.5,1
1,6,75364,1.6001,39.6,28.91,-41.0,6,0.0,-35.5,1
1,6,76090,2.2536,38.6,28.91,-41.0,6,0.0,-35.5,1
1,6,76816,2.7945,39.6,28.91,-41.0,6,0.0,-35.5,1
1,6,77542,2.8170,39.6,28.91,-41.0,6,0.0,-35.5,1
1,6,78268,2.1184,39.6,28.91,-41.0,6,0.0,-35.5,1
1,6,78994,2.1184,39.6,28.91,-41.0,6,0.0,-35.5,1
1,6,79720,1.1719,39.6,28.91,-41.0,6,0.0,-35.5,1
1,6,80446,1.8705,39.6,28.91,-41.0,6,0.0,-35.5,1
1,6,81172,2.1409,39.6,28.91,-41.0,6,0.0,-35.5,1
1,6,81898,2.6818,39.6,28.91,-41.0,6,0.0,-35.5,1
1,6,82624,2.5691,39.6,28.91,-41.0,6,0.0,-35.5,1
1,6,83350,1.9606,39.6,28.91,-41.0,6,0.0,-35.5,1
1,6,84076,1.7578,39.6,28.91,-41.0,6,0.0,-35.5,1
1,6,84802,2.2987,39.6,28.91,-41.0,6,0.0,-35.5,1
1,6,85528,3.2452,39.6,28.91,-40.5,6,0.0,-35.5,1
1,6,86254,2.1184,39.6,28.91,-41.0,6,0.0,-35.5,1
1,6,86980,2.1184,39.6,28.91,-41.0,6,0.0,-35.5,1
1,6,87706,2.0057,38.6,28.91,-41.0,6,0.0,-35.5,1
1,6,88432,2.4564,39.6,28.91,-41.0,6,0.0,-35.5,1
1,6,89158,1.8480,38.6,28.90,-41.0,6,0.0,-35.5,1
1,6,89884,1.6902,38.6,28.90,-41.0,6,0.0,-35.5,1
1,6,90610,1.6902,39.6,28.91,-41.0,6,0.0,-35.5,1
1,6,91336,1.5099,39.6,28.91,-41.0,6,0.0,-35.5,1
1,6,92062,2.1409,38.6,28.91,-41.0,6,0.0,-35.5,1
1,6,92788,2.1635,39.6,28.91,-41.0,6,0.0,-35.5,1
1,6,93514,2.1409,39.6,28.91,-41.0,6,0.0,-35.5,1
1,6,94240,1.6001,39.6,28.91,-41.0,6,0.0,-35.5,1
1,6,94966,1.6001,39.6,28.91,-41.0,6,0.0,-35.5,1
1,6,95692,1.6451,39.6,28.91,-41.0,6,0.0,-35.5,1
1,6,96418,1.6451,39.6,28.91,-41.0,6,0.0,-35.5,1
1,6,97144,1.2169,39.6,28.91,-41.0,6,0.0,-35.5,1
1,6,97870,2.0959,39.6,28.91,-41.0,6,0.0,-35.5,1
1,6,98596,1.3522,39.6,28.91,-41.0,6,0.0,-35.5,1
1,6,99322,3.0874,39.6,28.90,-41.0,6,0.0,-35.5,1
1,6,100048,2.0733,39.6,28.90,-41.0,6,0.0,-35.5,1
1,6,100774,2.1184,39.6,28.91,-41.0,6,0.0,-35.5,1
1,6,101500,3.0649,38.6,28.91,-41.0,6,0.0,-35.5,1
1,6,102226,1.8705,38.6,28.91,-41.0,6,0.0,-35.5,1
1,6,102952,1.4874,39.6,28.91,-41.0,6,0.0,-35.5,1
1,6,103678,2.2311,39.6,28.91,-41.0,6,0.0,-35.5,1
1,6,104404,2.0057,39.6,28.91,-41.0,6,0.0,-35.5,1
1,6,105130,1.2846,38.6,28.91,-41.0,6,0.0,-35.5,1
1,6,105856,1.0141,39.6,28.91,-41.0,6,0.0,-35.5,1
1,6,106582,3.0198,38.6,28.91,-41.0,6,0.0,-35.5,1
1,6,107308,2.3437,39.6,28.91,-41.0,6,0.0,-35.5,1
1,6,108034,1.8480,38.6,28.91,-41.0,6,0.0,-35.5,1
1,6,108760,2.0508,39.6,28.91,-41.0,6,0.0,-35.5,1
1,6,109486,2.1409,39.6,28.90,-41.0,6,0.0,-35.5,1
1,6,110212,2.6593,39.6,28.91,-41.0,6,0.0,-35.5,1
1,6,110938,3.0198,38.6,28.90,-41.0,6,0.0,-35.5,1
1,6,111664,1.9832,39.6,28.91,-41.0,6,0.0,-35.5,1
1,6,112390,2.8621,39.6,28.91,-41.0,6,0.0,-35.5,1
1,6,113116,1.8705,39.6,28.91,-41.0,6,0.0,-35.5,1
1,6,113842,1.3522,39.6,28.91,-41.0,6,0.0,-35.5,1
1,6,114568,2.8621,39.6,28.91,-41.0,6,0.0,-35.5,1
1,6,115294,1.9381,39.6,28.91,-41.0,6,0.0,-35.5,1
1,6,116020,1.7353,39.6,28.90,-41.0,6,0.0,-35.5,1
1,6,116746,1.7353,39.6,28.91,-41.0,6,0.0,-35.5,1
1,6,117472,1.4874,39.6,28.91,-41.0,6,0.0,-35.5,1
1,6,118198,2.6367,39.6,28.91,-41.0,6,0.0,-35.5,1
1,6,118924,1.4423,38.6,28.91,-41.0,6,0.0,-35.5,1
1,6,119650,3.0424,38.6,28.91,-41.0,6,0.0,-35.5,1
1,6,120376,2.2311,39.6,28.91,-41.0,6,0.0,-35.5,1
1,6,121102,3.2903,39.6,28.91,-41.0,6,0.0,-35.5,1
1,6,121828,1.9381,39.6,28.90,-41.0,6,0.0,-35.5,1
1,6,122554,1.8029,39.6,28.91,-41.0,6,0.0,-35.5,1
1,6,123280,2.2311,39.6,28.91,-41.0,6,0.0,-35.5,1
1,6,124006,1.8705,39.6,28.91,-41.0,6,0.0,-35.5,1
1,6,124732,1.8705,39.6,28.91,-41.0,6,0.0,-35.5,1
1,6,125458,2.9522,38.6,28.91,-41.0,6,0.0,-35.5,1
1,6,126184,1.7803,39.6,28.91,-41.0,6,0.0,-35.5,1
1,6,126910,2.0959,38.6,28.91,-41.0,6,0.0,-35.5,1
1,6,127636,2.1860,38.6,28.91,-41.0,6,0.0,-35.5,1
1,6,128362,2.2761,39.6,28.91,-41.0,6,0.0,-35.5,1
1,6,129088,2.0733,39.6,28.91,-41.0,6,0.0,-35.5,1
1,6,129814,2.2085,39.6,28.90,-41.0,6,0.0,-35.5,1
1,6,130540,2.0282,39.6,28.90,-41.0,6,0.0,-35.5,1
1,6,131266,1.7353,39.6,28.90,-41.0,6,0.0,-35.5,1
1,6,131992,2.8621,39.6,28.90,-41.0,6,0.0,-35.5,1
1,6,132718,2.8621,39.6,28.90,-41.0,6,0.0,-35.5,1
1,6,133444,2.7945,39.6,28.90,-41.0,6,0.0,-35.5,1
1,6,134170,1.4874,39.6,28.91,-41.0,6,0.0,-35.5,1
1,6,134896,2.9072,39.6,28.91,-41.0,6,0.0,-35.5,1
1,6,135622,1.4648,39.6,28.91,-41.0,6,0.0,-35.5,1
1,6,136348,1.3296,39.6,28.91,-41.0,6,0.0,-35.5,1
1,6,137074,3.0874,39.6,28.91,-41.0,6,0.0,-35.5,1
1,6,137800,2.1184,39.6,28.90,-41.0,6,0.0,-35.5,1
1,6,138526,1.9606,39.6,28.90,-41.0,6,0.0,-35.5,1
1,6,139252,1.8480,38.6,28.90,-41.0,6,0.0,-35.5,1
1,6,139978,2.8170,38.6,28.91,-41.0,6,0.0,-35.5,1
1,6,140704,2.8170,38.6,28.90,-41.0,6,0.0,-35.5,1
1,6,141430,2.1184,39.6,28.91,-41.0,6,0.0,-35.5,1
1,6,142156,2.1860,38.6,28.91,-41.0,6,0.0,-35.5,1
1,6,142882,2.5015,38.6,28.91,-41.0,6,0.0,-35.5,1
1,6,143608,2.0508,39.6,28.91,-41.0,6,0.0,-35.5,1
1,6,144334,1.2395,39.6,28.91,-41.0,6,0.0,-35.5,1
1,6,145060,2.4114,39.6,28.91,-41.0,6,0.0,-35.5,1
1,6,145786,2.2987,39.6,28.91,-41.0,6,0.0,-35.5,1
1,6,146512,2.9522,38.6,28.91,-41.0,6,0.0,-35.5,1
1,6,147238,1.1493,38.6,28.91,-41.0,6,0.0,-35.5,1
1,6,147964,1.1493,39.6,28.91,-41.0,6,0.0,-35.5,1
1,6,148690,1.1493,39.6,28.90,-41.0,6,0.0,-35.5,1
1,6,149416,2.0733,39.6,28.90,-41.0,6,0.0,-35.5,1
1,6,150142,1.5775,39.6,28.91,-41.0,6,0.0,-35.5,1
1,6,150868,1.3296,39.6,28.91,-41.0,6,0.0,-35.5,1
1,6,151594,1.1043,38.6,28.91,-41.0,6,0.0,-35.5,1
1,6,152320,2.3437,38.6,28.91,-41.0,6,0.0,-35.5,1
1,6,153046,1.8930,38.6,28.90,-41.0,6,0.0,-35.5,1
1,6,153772,2.3663,38.6,28.90,-41.0,6,0.0,-35.5,1
1,6,154498,2.4114,38.6,28.90,-41.0,6,0.0,-35.5,1
1,6,155224,2.5015,39.6,28.91,-41.0,6,0.0,-35.5,1
1,6,155950,2.0282,38.6,28.90,-41.0,6,0.0,-35.5,1
1,6,156676,2.8170,39.6,28.91,-41.0,6,0.0,-35.5,1
1,6,157402,1.6451,39.6,28.91,-41.0,6,0.0,-35.5,1
1,6,158128,1.1719,39.6,28.90,-41.0,6,0.0,-35.5,1
1,6,158854,1.7127,39.6,28.90,-41.0,6,0.0,-35.5,1
1,6,159580,2.2085,39.6,28.91,-41.0,6,0.0,-35.5,1
1,6,160306,1.9381,38.6,28.90,-41.0,6,0.0,-35.5,1
1,6,161032,2.3212,39.6,28.90,-41.0,6,0.0,-35.5,1
1,6,161758,1.8254,39.6,28.90,-41.0,6,0.0,-35.5,1
1,6,162484,2.1184,39.6,28.90,-41.0,6,0.0,-35.5,1
1,6,163210,1.7803,39.6,28.90,-41.0,6,0.0,-35.5,1
1,6,163936,1.9832,39.6,28.90,-41.0,6,0.0,-35.5,1
1,6,164662,2.0508,39.6,28.90,-41.0,6,0.0,-35.5,1
1,6,165388,2.5240,39.6,28.90,-41.0,6,0.0,-35.5,1
1,6,166114,1.1493,38.6,28.90,-41.0,6,0.0,-35.5,1
1,6,166840,2.3888,38.6,28.90,-41.0,6,0.0,-35.5,1
1,6,167566,2.3888,38.6,28.90,-41.0,6,0.0,-35.5,1
1,6,168292,2.7269,38.6,28.90,-41.0,6,0.0,-35.5,1
1,6,169018,1.4874,38.6,28.90,-41.0,6,0.0,-35.5,1
1,6,169744,1.8254,38.6,28.90,-41.0,6,0.0,-35.5,1
1,6,170470,1.8254,38.6,28.90,-41.0,6,0.0,-35.5,1
1,6,171196,2.3212,39.6,28.90,-41.0,6,0.0,-35.5,1
1,6,171922,1.3071,39.6,28.90,-41.0,6,0.0,-35.5,1
1,6,172648,1.7353,39.6,28.90,-41.0,6,0.0,-35.5,1
1,6,173374,2.8846,39.6,28.90,-41.0,6,0.0,-35.5,1
1,6,174100,2.1184,39.6,28.90,-41.0,6,0.0,-35.5,1
1,6,174826,1.3522,39.6,28.90,-41.0,6,0.0,-35.5,1
1,6,175552,2.0282,39.6,28.90,-41.0,6,0.0,-35.5,1
1,6,176278,1.4874,39.6,28.90,-41.0,6,0.0,-35.5,1
1,6,177004,2.6593,39.6,28.90,-41.0,6,0.0,-35.5,1
1,6,177730,1.0817,38.6,28.90,-41.0,6,0.0,-35.5,1
1,6,178456,1.0817,39.6,28.90,-41.0,6,0.0,-35.5,1
1,6,179182,1.8480,39.6,28.90,-41.0,6,0.0,-35.5,1
1,6,179908,1.9606,39.6,28.89,-41.0,6,0.0,-35.5,1
1,6,180634,2.3212,39.6,28.89,-41.0,6,0.0,-35.5,1
1,6,181360,1.8930,38.6,28.90,-41.0,6,0.0,-35.5,1
1,6,182086,1.3071,38.6,28.89,-41.0,6,0.0,-35.5,1
1,6,182812,2.2311,38.6,28.89,-41.0,6,0.0,-35.5,1
1,6,183538,2.5691,39.6,28.90,-41.0,6,0.0,-35.5,1
1,6,184264,2.0057,38.6,28.90,-41.0,6,0.0,-35.5,1
1,6,184990,1.3296,39.6,28.90,-41.0,6,0.0,-35.5,1
1,6,185716,2.9072,39.6,28.90,-41.0,6,0.0,-35.5,1
1,6,186442,2.9072,39.6,28.89,-41.0,6,0.0,-35.5,1
1,6,187168,2.5015,39.6,28.89,-41.0,6,0.0,-35.5,1
1,6,187894,1.7578,39.6,28.90,-40.5,6,0.0,-35.5,1
1,6,188620,2.0959,39.6,28.90,-41.0,6,0.0,-35.5,1
1,6,189346,1.2620,39.6,28.90,-41.0,6,0.0,-35.5,1
1,6,190072,1.6451,38.6,28.90,-41.0,6,0.0,-35.5,1
1,6,190798,2.0057,38.6,28.89,-41.0,6,0.0,-35.5,1
1,6,191524,1.4423,39.6,28.90,-41.0,6,0.0,-35.5,1
1,6,192250,2.6593,39.6,28.89,-41.0,6,0.0,-35.5,1
1,6,192976,1.3071,39.6,28.90,-41.0,6,0.0,-35.5,1
1,6,193702,2.5015,39.6,28.89,-41.0,6,0.0,-35.5,1
1,6,194428,2.5015,38.6,28.89,-41.0,6,0.0,-35.5,1
1,6,195154,1.2620,38.6,28.89,-41.0,6,0.0,-35.5,1
1,6,195880,2.4339,39.6,28.90,-41.0,6,0.0,-35.5,1
1,6,196606,2.5916,39.6,28.89,-41.0,6,0.0,-35.5,1
1,6,197332,1.4874,39.6,28.90,-41.0,6,0.0,-35.5,1
1,6,198058,2.7269,38.6,28.89,-41.0,6,0.0,-35.5,1
1,6,198784,2.5466,39.6,28.89,-41.0,6,0.0,-35.5,1
1,6,199510,2.1860,39.6,28.89,-41.0,6,0.0,-35.5,1
1,6,200236,2.8395,39.6,28.89,-41.0,6,0.0,-35.5,1
1,6,200962,2.0508,38.6,28.89,-41.0,6,0.0,-35.5,1
1,6,201688,1.5775,38.6,28.89,-41.0,6,0.0,-35.5,1
1,6,202414,1.5775,39.6,28.89,-41.0,6,0.0,-35.5,1
1,6,203140,2.4114,39.6,28.89,-41.0,6,0.0,-35.5,1
1,6,203866,1.8930,39.6,28.89,-41.0,6,0.0,-35.5,1
1,6,204592,2.0508,39.6,28.89,-41.0,6,0.0,-35.5,1
1,6,205318,1.8029,39.6,28.89,-41.0,6,0.0,-35.5,1
1,6,206044,1.6226,39.6,28.90,-41.0,6,0.0,-35.5,1
1,6,206770,2.5015,39.6,28.90,-41.0,6,0.0,-35.5,1
1,6,207496,1.6902,39.6,28.89,-41.0,6,0.0,-35.5,1
1,6,208222,1.7803,39.6,28.90,-41.0,6,0.0,-35.5,1
1,6,208948,2.5240,39.6,28.90,-41.0,6,0.0,-35.5,1
1,6,209674,1.8480,39.6,28.89,-41.0,6,0.0,-35.5,1
1,6,210400,1.8480,38.6,28.89,-41.0,6,0.0,-35.5,1
1,6,211126,2.2085,38.6,28.90,-41.0,6,0.0,-35.5,1
1,6,211852,1.5775,38.6,28.89,-41.0,6,0.0,-35.5,1
1,6,212578,2.0057,38.6,28.89,-41.0,6,0.0,-35.5,1
1,6,213304,2.1635,38.6,28.90,-41.0,6,0.0,-35.5,1
1,6,214030,1.0141,38.6,28.90,-41.0,6,0.0,-35.5,1
1,6,214756,1.9156,38.6,28.90,-41.0,6,0.0,-35.5,1
1,6,215482,1.5550,39.6,28.89,-41.0,6,0.0,-35.5,1
1,6,216208,1.0592,38.6,28.90,-41.0,6,0.0,-35.5,1
1,6,216934,1.1268,39.6,28.90,-41.0,6,0.0,-35.5,1
1,6,217660,2.0508,39.6,28.90,-41.0,6,0.0,-35.5,1
1,6,218386,2.7043,39.6,28.90,-41.0,6,0.0,-35.5,1
1,6,219112,2.3663,39.6,28.89,-41.0,6,0.0,-35.5,1
1,6,219838,2.5916,38.6,28.89,-41.0,6,0.0,-35.5,1
1,6,220564,2.9973,38.6,28.90,-41.0,6,0.0,-35.5,1
1,6,221290,0.9916,38.6,28.90,-41.0,6,0.0,-35.5,1
1,6,222016,1.3296,38.6,28.90,-41.0,6,0.0,-35.5,1
1,6,222742,1.3071,38.6,28.90,-41.0,6,0.0,-35.5,1
1,6,223468,2.1409,39.6,28.89,-41.0,6,0.0,-35.5,1
1,6,224194,-10.6145,38.6,28.90,-41.0,6,0.0,-35.5,0
1,6,224920,1.3522,39.6,28.90,-41.0,6,0.0,-35.5,1
1,6,225646,2.2761,39.6,28.89,-41.0,6,0.0,-35.5,1
1,6,226372,2.6818,39.6,28.90,-41.0,6,0.0,-35.5,1
1,6,227098,1.7127,39.6,28.89,-41.0,6,0.0,-35.5,1
1,6,227824,1.7803,40.6,28.89,-41.0,6,0.0,-35.5,1
1,6,228550,1.7353,39.6,28.89,-41.0,6,0.0,-35.5,1
1,6,229276,2.1635,39.6,28.89,-41.0,6,0.0,-35.5,1
1,6,230002,3.1550,39.6,28.89,-41.0,6,0.0,-35.5,1
1,6,230728,2.2085,39.6,28.88,-41.0,6,0.0,-35.5,1
1,6,231454,1.9606,38.6,28.89,-41.0,6,0.0,-35.5,1
1,6,232180,1.9606,38.6,28.89,-41.0,6,0.0,-35.5,1
1,6,232906,2.1635,38.6,28.88,-41.0,6,0.0,-35.5,1
1,6,233632,1.0141,39.6,28.88,-41.0,6,0.0,-35.5,1
1,6,234358,1.9832,38.6,28.89,-41.0,6,0.0,-35.5,1
1,6,235084,1.9381,38.6,28.88,-41.0,6,0.0,-35.5,1
1,6,235810,0.9691,38.6,28.88,-41.0,6,0.0,-35.5,1
1,6,236536,2.0282,38.6,28.88,-41.0,6,0.0,-35.5,1
1,6,237262,1.9381,39.6,28.89,-41.0,6,0.0,-35.5,1
1,6,237988,2.0057,39.6,28.88,-41.0,6,0.0,-35.5,1
1,6,238714,2.3888,39.6,28.88,-41.0,6,0.0,-35.5,1
1,6,239440,2.1184,39.6,28.88,-41.0,6,0.0,-35.5,1
1,6,240166,2.1184,39.6,28.88,-41.0,6,0.0,-35.5,1
1,6,240892,1.3522,39.6,28.89,-41.0,6,0.0,-35.5,1
1,6,241618,2.2761,38.6,28.89,-41.0,6,0.0,-35.5,1
1,6,242344,2.1860,38.6,28.88,-41.0,6,0.0,-35.5,1
1,6,243070,2.8621,39.6,28.89,-41.0,6,0.0,-35.5,1
1,6,243796,1.0592,39.6,28.89,-41.0,6,0.0,-35.5,1
1,6,244522,1.8930,39.6,28.89,-41.0,6,0.0,-35.5,1
1,6,245248,2.2311,39.6,28.88,-41.0,6,0.0,-35.5,1
1,6,245974,1.3747,39.6,28.88,-41.0,6,0.0,-35.5,1
1,6,246700,2.6367,39.6,28.88,-41.0,6,0.0,-35.5,1
1,6,247426,1.8029,39.6,28.88,-41.0,6,0.0,-35.5,1
1,6,248152,1.8029,39.6,28.89,-41.0,6,0.0,-35.5,1
1,6,248878,2.0282,39.6,28.88,-41.0,6,0.0,-35.5,1
1,6,249604,2.9072,39.6,28.88,-41.0,6,0.0,-35.5,1
1,6,250330,1.9156,39.6,28.89,-41.0,6,0.0,-35.5,1
1,6,251056,1.7353,39.6,28.89,-41.0,6,0.0,-35.5,1
1,6,251782,2.3663,39.6,28.89,-41.0,6,0.0,-35.5,1
1,6,252508,2.2536,39.6,28.88,-41.0,6,0.0,-35.5,1
1,6,253234,2.1860,39.6,28.88,-41.0,6,0.0,-35.5,1
1,6,253960,3.1325,38.6,28.88,-41.0,6,0.0,-35.5,1
1,6,254686,1.6677,38.6,28.88,-41.0,6,0.0,-35.5,1
1,6,255412,1.9606,38.6,28.89,-41.0,6,0.0,-35.5,1
1,6,256138,1.9606,38.6,28.88,-41.0,6,0.0,-35.5,1
1,6,256864,2.1409,39.6,28.89,-41.0,6,0.0,-35.5,1
1,6,257590,0.8789,38.6,28.88,-41.0,6,0.0,-35.5,1
1,6,258316,1.9381,39.6,28.88,-41.0,6,0.0,-35.5,1
1,6,259042,1.1719,39.6,28.89,-41.0,6,0.0,-35.5,1
1,6,259768,1.8254,39.6,28.88,-41.0,6,0.0,-35.5,1
1,6,260494,2.0508,39.6,28.88,-41.0,6,0.0,-35.5,1
1,6,261220,2.1409,39.6,28.89,-41.0,6,0.0,-35.5,1
1,6,261946,1.5325,39.6,28.88,-41.0,6,0.0,-35.5,1
1,6,262672,1.5775,39.6,28.88,-41.0,6,0.0,-35.5,1
1,6,263398,1.6677,39.6,28.88,-41.0,6,0.0,-35.5,1
1,6,264124,1.6677,38.6,28.88,-41.0,6,0.0,-35.5,1
1,6,264850,2.6818,38.6,28.88,-41.0,6,0.0,-35.5,1
1,6,265576,1.7803,39.6,28.88,-41.0,6,0.0,-35.5,1
1,6,266302,2.1860,38.6,28.88,-41.0,6,0.0,-35.5,1
1,6,267028,1.8480,38.6,28.88,-41.0,6,0.0,-35.5,1
1,6,267754,1.7803,38.6,28.88,-41.0,6,0.0,-35.5,1
1,6,268480,1.8930,39.6,28.88,-41.0,6,0.0,-35.5,1
1,6,269206,2.4114,39.6,28.88,-41.0,6,0.0,-35.5,1
1,6,269932,1.8930,39.6,28.88,-41.0,6,0.0,-35.5,1
1,6,270658,2.7043,38.6,28.88,-41.0,6,0.0,-35.5,1
1,6,271384,2.1860,38.6,28.88,-41.0,6,0.0,-35.5,1
1,6,272110,1.1268,39.6,28.88,-41.0,6,0.0,-35.5,1
1,6,272836,2.0508,39.6,28.88,-41.0,6,0.0,-35.5,1
1,6,273562,1.8480,39.6,28.88,-41.0,6,0.0,-35.5,1
1,6,274288,2.3663,39.6,28.88,-41.0,6,0.0,-35.5,1
1,6,275014,1.2395,39.6,28.88,-41.0,6,0.0,-35.5,1
1,6,275740,2.1860,39.6,28.88,-41.0,6,0.0,-35.5,1
1,6,276466,2.7494,38.6,28.88,-41.0,6,0.0,-35.5,1
1,6,277192,1.8930,38.6,28.89,-41.0,6,0.0,-35.5,1
1,6,277918,1.2169,39.6,28.88,-41.0,6,0.0,-35.5,1
1,6,278644,1.1944,39.6,28.88,-41.0,6,0.0,-35.5,1
1,6,279370,2.0733,39.6,28.88,-41.0,6,0.0,-35.5,1
1,6,280096,2.5916,39.6,28.88,-41.0,6,0.0,-35.5,1
1,6,280822,2.1860,39.6,28.88,-41.0,6,0.0,-35.5,1
1,6,281548,1.7353,39.6,28.88,-41.0,6,0.0,-35.5,1
1,6,282274,1.1944,38.6,28.88,-41.0,6,0.0,-35.5,1
1,6,283000,2.0057,39.6,28.88,-41.0,6,0.0,-35.5,1
1,6,283726,1.4198,39.6,28.88,-41.0,6,0.0,-35.5,1
1,6,284452,1.8480,39.6,28.88,-41.0,6,0.0,-35.5,1
1,6,285178,1.6451,39.6,28.87,-41.0,6,0.0,-35.5,1
1,6,285904,1.6451,39.6,28.87,-41.0,6,0.0,-35.5,1
1,6,286630,3.0198,39.6,28.87,-41.0,6,0.0,-35.5,1
1,6,287356,1.1719,39.6,28.87,-41.0,6,0.0,-35.5,1
1,6,288082,1.2846,39.6,28.87,-41.0,6,0.0,-35.5,1
1,6,288808,2.1409,39.6,28.87,-41.0,6,0.0,-35.5,1
1,6,289534,1.7353,39.6,28.87,-41.0,6,0.0,-35.5,1
1,6,290260,2.4114,39.6,28.87,-41.0,6,0.0,-35.5,1
1,6,290986,2.4564,39.6,28.87,-41.0,6,0.0,-35.5,1
1,6,291712,1.7578,38.6,28.87,-41.0,6,0.0,-35.5,1
1,6,292438,1.3747,38.6,28.88,-41.0,6,0.0,-35.5,1
1,6,293164,1.0817,39.6,28.87,-41.0,6,0.0,-35.5,1
1,6,293890,1.0817,39.6,28.87,-41.0,6,0.0,-35.5,1
1,6,294616,2.2987,38.6,28.87,-41.0,6,0.0,-35.5,1
1,6,295342,1.6226,39.6,28.87,-41.0,6,0.0,-35.5,1
1,6,296068,1.7578,39.6,28.87,-41.0,6,0.0,-35.5,1
1,6,296794,2.0959,39.6,28.88,-41.0,6,0.0,-35.5,1
1,6,297520,2.2311,38.6,28.88,-41.0,6,0.0,-35.5,1
1,6,298246,1.1043,39.6,28.88,-41.0,6,0.0,-35.5,1
1,6,298972,1.8930,39.6,28.87,-41.0,6,0.0,-35.5,1
1,6,299698,2.1184,38.6,28.87,-41.0,6,0.0,-35.5,1
1,6,300424,1.1043,39.6,28.87,-41.0,6,0.0,-35.5,1
1,6,301150,3.0198,39.6,28.87,-41.0,6,0.0,-35.5,1
1,6,301876,3.0198,39.6,28.87,-41.0,6,0.0,-35.5,1
1,6,302602,2.4564,39.6,28.87,-41.0,6,0.0,-35.5,1
1,6,303328,1.5325,39.6,28.87,-41.0,6,0.0,-35.5,1
1,6,304054,1.5550,38.6,28.87,-41.0,6,0.0,-35.5,1
1,6,304780,2.5916,39.6,28.87,-41.0,6,0.0,-35.5,1
1,6,305506,2.2085,38.6,28.87,-41.0,6,0.0,-35.5,1
1,6,306232,2.2536,38.6,28.87,-41.0,6,0.0,-35.5,1
1,6,306958,1.6902,39.6,28.87,-41.0,6,0.0,-35.5,1
1,6,307684,1.2169,39.6,28.87,-41.0,6,0.0,-35.5,1
1,6,308410,1.4423,39.6,28.87,-41.0,6,0.0,-35.5,1
1,6,309136,1.4874,39.6,28.87,-41.0,6,0.0,-35.5,1
1,6,309862,1.4874,39.6,28.87,-41.0,6,0.0,-35.5,1
1,6,310588,2.4564,39.6,28.87,-41.0,6,0.0,-35.5,1
1,6,311314,2.0282,39.6,28.87,-41.0,6,0.0,-35.5,1
1,6,312040,2.4564,39.6,28.87,-41.0,6,0.0,-35.5,1
1,6,312766,1.9381,39.6,28.87,-41.0,6,0.0,-35.5,1
1,6,313492,1.2395,39.6,28.87,-41.0,6,0.0,-35.5,1
1,6,314218,2.0959,39.6,28.87,-41.0,6,0.0,-35.5,1
1,6,314944,2.1409,39.6,28.87,-41.0,6,0.0,-35.5,1
1,6,315670,2.1409,38.6,28.88,-41.0,6,0.0,-35.5,1
1,6,316396,1.9156,39.6,28.87,-41.0,6,0.0,-35.5,1
1,6,317122,1.4423,39.6,28.88,-41.0,6,0.0,-35.5,1
1,6,317848,1.4423,39.6,28.88,-41.0,6,0.0,-35.5,1
1,6,318574,1.8029,39.6,28.87,-41.0,6,0.0,-35.5,1
1,6,319300,1.5775,38.6,28.87,-41.0,6,0.0,-35.5,1
1,6,320026,2.3437,38.6,28.87,-41.0,6,0.0,-35.5,1
1,6,320752,1.8930,39.6,28.87,-41.0,6,0.0,-35.5,1
1,6,321478,1.5099,39.6,28.88,-41.0,6,0.0,-35.5,1
1,6,322204,2.3212,39.6,28.87,-41.0,6,0.0,-35.5,1
1,6,322930,2.4564,39.6,28.88,-41.0,6,0.0,-35.5,1
1,6,323656,1.6902,39.6,28.88,-41.0,6,0.0,-35.5,1
1,6,324382,1.8930,39.6,28.88,-41.0,6,0.0,-35.5,1
1,6,325108,2.4790,39.6,28.87,-41.0,6,0.0,-35.5,1
1,6,325834,2.2987,39.6,28.87,-41.0,6,0.0,-35.5,1
1,6,326560,2.0959,39.6,28.87,-41.0,6,0.0,-35.5,1
1,6,327286,2.5691,39.6,28.87,-41.0,6,0.0,-35.5,1
1,6,328012,1.7127,39.6,28.87,-41.0,6,0.0,-35.5,1
1,6,328738,3.0198,39.6,28.87,-41.0,6,0.0,-35.5,1
1,6,329464,1.4198,38.6,28.87,-41.0,6,0.0,-35.5,1
1,6,330190,1.9606,39.6,28.87,-41.0,6,0.0,-35.5,1
1,6,330916,2.0057,38.6,28.87,-41.0,6,0.0,-35.5,1
1,6,331642,1.8705,38.6,28.87,-41.0,6,0.0,-35.5,1
1,6,332368,3.0198,38.6,28.87,-41.0,6,0.0,-35.5,1
1,6,333094,1.8705,38.6,28.87,-41.0,6,0.0,-35.5,1
1,6,333820,1.6902,38.6,28.87,-41.0,6,0.0,-35.5,1
1,6,334546,2.8846,38.6,28.87,-40.5,6,0.0,-35.5,1
1,6,335272,1.6902,38.6,28.87,-41.0,6,0.0,-35.5,1
1,6,335998,1.7578,38.6,28.88,-41.0,6,0.0,-35.5,1
1,6,336724,2.2311,39.6,28.88,-41.0,6,0.0,-35.5,1
1,6,337450,1.0592,39.6,28.88,-41.0,6,0.0,-35.5,1
1,6,338176,1.4198,39.6,28.88,-41.0,6,0.0,-35.5,1
1,6,338902,1.1493,38.6,28.88,-41.0,6,0.0,-35.5,1
1,6,339628,1.1493,39.6,28.88,-41.0,6,0.0,-35.5,1
1,6,340354,1.2620,39.6,28.87,-41.0,6,0.0,-35.5,1
1,6,341080,1.3972,39.6,28.87,-41.0,6,0.0,-35.5,1
1,6,341806,1.1493,39.6,28.88,-41.0,6,0.0,-35.5,1
1,6,342532,1.9381,38.6,28.87,-41.0,6,0.0,-35.5,1
1,6,343258,1.8480,38.6,28.87,-41.0,6,0.0,-35.5,1
1,6,343984,2.2085,38.6,28.88,-41.0,6,0.0,-35.5,1
1,6,344710,2.2987,39.6,28.87,-41.0,6,0.0,-35.5,1
1,6,345436,1.7353,38.6,28.87,-41.0,6,0.0,-35.5,1
1,6,346162,1.0592,39.6,28.87,-41.0,6,0.0,-35.5,1
1,6,346888,2.5916,39.6,28.87,-41.0,6,0.0,-35.5,1
1,6,347614,2.5916,39.6,28.87,-41.0,6,0.0,-35.5,1
1,6,348340,2.0733,39.6,28.87,-41.0,6,0.0,-35.5,1
1,6,349066,2.1635,38.6,28.87,-41.0,6,0.0,-35.5,1
1,6,349792,1.3522,39.6,28.87,-41.0,6,0.0,-35.5,1
1,6,350518,2.4114,39.6,28.88,-41.0,6,0.0,-35.5,1
1,6,351244,2.0733,39.6,28.87,-41.0,6,0.0,-35.5,1
1,6,351970,1.6001,39.6,28.87,-41.0,6,0.0,-35.5,1
1,6,352696,1.2395,38.6,28.87,-41.0,6,0.0,-35.5,1
1,6,353422,1.0592,38.6,28.87,-41.0,6,0.0,-35.5,1
1,6,354148,2.5691,39.6,28.87,-41.0,6,0.0,-35.5,1
1,6,354874,1.1719,39.6,28.87,-41.0,6,0.0,-35.5,1
1,6,355600,1.1719,39.6,28.87,-41.0,6,0.0,-35.5,1
1,6,356326,2.0057,39.6,28.87,-41.0,6,0.0,-35.5,1
1,6,357052,1.7127,38.6,28.87,-41.0,6,0.0,-35.5,1
1,6,357778,1.2169,39.6,28.87,-41.0,6,0.0,-35.5,1
1,6,358504,2.4790,39.6,28.87,-41.0,6,0.0,-35.5,1
1,6,359230,2.1860,39.6,28.87,-41.0,6,0.0,-35.5,1
1,6,359956,2.1635,39.6,28.87,-41.0,6,0.0,-35.5,1
1,6,360682,2.3212,39.6,28.87,-41.0,6,0.0,-35.5,1
1,6,361408,1.0817,39.6,28.87,-41.0,6,0.0,-35.5,1
1,6,362134,2.7945,39.6,28.87,-41.0,6,0.0,-35.5,1
1,6,362860,2.6367,38.6,28.87,-41.0,6,0.0,-35.5,1
1,6,363586,2.6367,38.6,28.87,-41.0,6,0.0,-35.5,1
1,6,364312,1.9381,39.6,28.87,-41.0,6,0.0,-35.5,1
1,6,365038,2.0733,38.6,28.87,-41.0,6,0.0,-35.5,1
1,6,365764,1.8480,38.6,28.87,-41.0,6,0.0,-35.5,1
1,6,366490,2.9973,39.6,28.87,-41.0,6,0.0,-35.5,1
1,6,367216,1.0817,39.6,28.87,-41.0,6,0.0,-35.5,1
1,6,367942,2.0282,39.6,28.87,-41.0,6,0.0,-35.5,1
1,6,368668,1.3522,39.6,28.87,-41.0,6,0.0,-35.5,1
1,5,6394,2.6818,38.6,28.87,-40.5,5,0.0,-35.5,1
1,5,7120,2.2311,38.6,28.88,-40.5,5,0.0,-35.5,1
1,5,7846,2.1635,38.6,28.87,-40.5,5,0.0,-35.5,1
1,5,8572,2.8621,38.6,28.87,-40.5,5,0.0,-35.5,1
1,5,9298,2.9973,38.6,28.88,-40.5,5,0.0,-35.5,1
1,5,10024,3.3128,38.6,28.87,-40.5,5,0.0,-35.5,1
1,5,10750,1.0592,38.6,28.88,-41.0,5,0.0,-35.5,1
1,5,11476,1.0592,38.6,28.88,-41.0,5,0.0,-35.5,1
1,5,12202,1.8930,39.6,28.88,-40.5,5,0.0,-35.5,1
1,5,12928,1.6001,39.6,28.88,-40.5,5,0.0,-35.5,1
1,5,13654,1.5325,39.6,28.88,-40.5,5,0.0,-35.5,1
1,5,14380,2.4339,38.6,28.88,-40.5,5,0.0,-35.5,1
1,5,15106,1.6451,38.6,28.88,-40.5,5,0.0,-35.5,1
1,5,15832,2.6593,38.6,28.88,-40.5,5,0.0,-35.5,1
1,5,16558,2.5916,38.6,28.88,-40.5,5,0.0,-35.5,1
1,5,17284,0.2479,38.6,28.87,-40.5,5,0.0,-35.5,1
1,5,18010,0.7437,38.6,28.88,-40.5,5,0.0,-35.5,1
1,5,18736,0.4958,38.6,28.88,-40.5,5,0.0,-35.5,1
1,5,19462,0.4958,38.6,28.87,-40.5,5,0.0,-35.5,1
1,5,20188,2.4339,38.6,28.88,-40.5,5,0.0,-35.5,1
1,5,20914,1.8705,38.6,28.88,-40.5,5,0.0,-35.5,1
1,5,21640,1.6677,39.6,28.88,-41.0,5,0.0,-35.5,1
1,5,22366,2.0282,39.6,28.88,-40.5,5,0.0,-35.5,1
1,5,23092,1.8480,38.6,28.88,-40.5,5,0.0,-35.5,1
1,5,23818,1.8029,39.6,28.89,-40.5,5,0.0,-35.5,1
1,5,24544,2.6593,38.6,28.89,-40.5,5,0.0,-35.5,1
1,5,25270,0.8564,38.6,28.89,-40.5,5,0.0,-35.5,1
1,5,25996,2.6818,38.6,28.89,-40.5,5,0.0,-35.5,1
1,5,26722,1.9606,39.6,28.89,-40.5,5,0.0,-35.5,1
1,5,27448,1.9606,38.6,28.89,-40.5,5,0.0,-35.5,1
1,5,28174,2.1635,39.6,28.88,-41.0,5,0.0,-35.5,1
1,5,28900,2.5691,39.6,28.89,-40.5,5,0.0,-35.5,1
1,5,29626,2.1860,38.6,28.89,-40.5,5,0.0,-35.5,1
1,5,30352,2.5691,38.6,28.89,-41.0,5,0.0,-35.5,1
1,5,31078,2.8846,38.6,28.89,-40.5,5,0.0,-35.5,1
1,5,31804,1.0141,39.6,28.90,-40.5,5,0.0,-35.5,1
1,5,32530,2.2085,38.6,28.90,-40.5,5,0.0,-35.5,1
1,5,33256,0.9691,39.6,28.89,-41.0,5,0.0,-35.5,1
1,5,33982,3.0649,38.6,28.89,-40.5,5,0.0,-35.5,1
1,5,34708,1.8254,38.6,28.90,-40.5,5,0.0,-35.5,1
1,5,35434,1.6451,38.6,28.90,-40.5,5,0.0,-35.5,1
1,5,36160,1.7127,39.6,28.90,-40.5,5,0.0,-35.5,1
1,5,36886,1.8480,39.6,28.90,-40.5,5,0.0,-35.5,1
1,5,37612,3.0424,39.6,28.90,-40.5,5,0.0,-35.5,1
1,5,38338,1.2169,39.6,28.90,-40.5,5,0.0,-35.5,1
1,5,39064,1.0817,39.6,28.90,-40.5,5,0.0,-35.5,1
1,5,39790,3.2677,39.6,28.90,-41.0,5,0.0,-35.5,1
1,5,40516,1.1268,39.6,28.90,-40.5,5,0.0,-35.5,1
1,5,41242,1.5550,38.6,28.90,-40.5,5,0.0,-35.5,1
1,5,41968,1.6902,39.6,28.90,-40.5,5,0.0,-35.5,1
1,5,42694,2.3437,39.6,28.90,-40.5,5,0.0,-35.5,1
1,5,43420,2.5466,39.6,28.90,-40.5,5,0.0,-35.5,1
1,5,44146,1.0817,38.6,28.90,-40.5,5,0.0,-35.5,1
1,5,44872,0.5409,39.6,28.91,-40.5,5,0.0,-35.5,1
1,5,45598,1.4648,38.6,28.91,-41.0,5,0.0,-35.5,1
1,5,46324,1.1043,39.6,28.91,-41.0,5,0.0,-35.5,1
1,5,47050,2.3663,38.6,28.91,-40.5,5,0.0,-35.5,1
1,5,47776,2.3663,39.6,28.91,-40.5,5,0.0,-35.5,1
1,5,48502,2.6593,39.6,28.91,-40.5,5,0.0,-35.5,1
1,5,49228,-16.5640,38.6,28.91,-40.5,5,0.0,-35.5,0
1,5,49954,3.4029,39.6,28.91,-41.0,5,0.0,-35.5,1
1,5,50680,1.8029,38.6,28.91,-41.0,5,0.0,-35.5,1
1,5,51406,0.7437,38.6,28.91,-40.5,5,0.0,-35.5,1
1,5,52132,1.8930,39.6,28.91,-40.5,5,0.0,-35.5,1
1,5,52858,2.4339,38.6,28.91,-40.5,5,0.0,-35.5,1
1,5,53584,2.0733,39.6,28.91,-40.5,5,0.0,-35.5,1
1,5,54310,3.2452,38.6,28.91,-40.5,5,0.0,-35.5,1
1,5,55036,2.2987,39.6,28.91,-40.5,5,0.0,-35.5,1
1,5,55762,2.4790,39.6,28.91,-41.0,5,0.0,-35.5,1
1,5,56488,0.9691,39.6,28.91,-40.5,5,0.0,-35.5,1
1,5,57214,0.9691,39.6,28.91,-40.5,5,0.0,-35.5,1
1,5,57940,1.8480,39.6,28.91,-40.5,5,0.0,-35.5,1
1,5,58666,2.3888,39.6,28.91,-40.5,5,0.0,-35.5,1
1,5,59392,1.1268,39.6,28.91,-40.5,5,0.0,-35.5,1
1,5,60118,1.6226,38.6,28.91,-40.5,5,0.0,-35.5,1
1,5,60844,0.9916,39.6,28.91,-40.5,5,0.0,-35.5,1
1,5,61570,2.0508,38.6,28.91,-40.5,5,0.0,-35.5,1
1,5,62296,2.7269,38.6,28.92,-40.5,5,0.0,-35.5,1
1,5,63022,2.1860,39.6,28.92,-40.5,5,0.0,-35.5,1
1,5,63748,1.5775,39.6,28.91,-40.5,5,0.0,-35.5,1
1,5,64474,3.4029,39.6,28.91,-40.5,5,0.0,-35.5,1
1,5,65200,3.4029,39.6,28.91,-40.5,5,0.0,-35.5,1
1,5,65926,1.2846,38.6,28.91,-40.5,5,0.0,-35.5,1
1,5,66652,2.8395,38.6,28.91,-40.5,5,0.0,-35.5,1
1,5,67378,2.4339,38.6,28.92,-40.5,5,0.0,-35.5,1
1,5,68104,1.6451,38.6,28.92,-40.5,5,0.0,-35.5,1
1,5,68830,3.1325,38.6,28.91,-40.5,5,0.0,-35.5,1
1,5,69556,1.4648,38.6,28.92,-40.5,5,0.0,-35.5,1
1,5,70282,2.0057,39.6,28.92,-40.5,5,0.0,-35.5,1
1,5,71008,0.8113,38.6,28.92,-40.5,5,0.0,-35.5,1
1,5,71734,0.7437,39.6,28.92,-40.5,5,0.0,-35.5,1
1,5,72460,1.8705,39.6,28.92,-40.5,5,0.0,-35.5,1
1,5,73186,1.8705,39.6,28.92,-40.5,5,0.0,-35.5,1
1,5,73912,1.1719,39.6,28.91,-41.0,5,0.0,-35.5,1
1,5,74638,2.1635,39.6,28.91,-40.5,5,0.0,-35.5,1
1,5,75364,2.2085,39.6,28.91,-40.5,5,0.0,-35.5,1
1,5,76090,1.3522,39.6,28.91,-40.5,5,0.0,-35.5,1
1,5,76816,1.3972,38.6,28.91,-40.5,5,0.0,-35.5,1
1,5,77542,3.0198,38.6,28.91,-40.5,5,0.0,-35.5,1
1,5,78268,3.4255,38.6,28.91,-40.5,5,0.0,-35.5,1
1,5,78994,2.3212,38.6,28.91,-40.5,5,0.0,-35.5,1
1,5,79720,2.1409,39.6,28.91,-40.5,5,0.0,-35.5,1
1,5,80446,2.8846,38.6,28.91,-40.5,5,0.0,-35.5,1
1,5,81172,2.8846,38.6,28.91,-40.5,5,0.0,-35.5,1
1,5,81898,1.1944,39.6,28.92,-40.5,5,0.0,-35.5,1
1,5,82624,0.7212,39.6,28.91,-40.5,5,0.0,-35.5,1
1,5,83350,0.9916,39.6,28.91,-40.5,5,0.0,-35.5,1
1,5,84076,1.6226,39.6,28.91,-40.5,5,0.0,-35.5,1
1,5,84802,2.0733,39.6,28.91,-40.5,5,0.0,-35.5,1
1,5,85528,2.4564,39.6,28.92,-40.5,5,0.0,-35.5,1
1,5,86254,1.3522,39.6,28.92,-40.5,5,0.0,-35.5,1
1,5,86980,1.6451,39.6,28.91,-40.5,5,0.0,-35.5,1
1,5,87706,2.5916,39.6,28.92,-40.5,5,0.0,-35.5,1
1,5,88432,0.8113,39.6,28.92,-40.5,5,0.0,-35.5,1
1,5,89158,0.8113,39.6,28.92,-40.5,5,0.0,-35.5,1
1,5,89884,1.6451,39.6,28.91,-40.5,5,0.0,-35.5,1
1,5,90610,2.6142,39.6,28.92,-41.0,5,0.0,-35.5,1
1,5,91336,2.0508,39.6,28.92,-40.5,5,0.0,-35.5,1
1,5,92062,1.4198,39.6,28.91,-40.5,5,0.0,-35.5,1
1,5,92788,1.6226,39.6,28.91,-40.5,5,0.0,-35.5,1
1,5,93514,0.8789,39.6,28.91,-40.5,5,0.0,-35.5,1
1,5,94240,1.6451,39.6,28.91,-41.0,5,0.0,-35.5,1
1,5,94966,1.9156,39.6,28.91,-40.5,5,0.0,-35.5,1
1,5,95692,2.2761,39.6,28.91,-40.5,5,0.0,-35.5,1
1,5,96418,2.0282,39.6,28.91,-40.5,5,0.0,-35.5,1
1,5,97144,2.0733,39.6,28.91,-41.0,5,0.0,-35.5,1
1,5,97870,2.3663,39.6,28.91,-40.5,5,0.0,-35.5,1
1,5,98596,3.4931,39.6,28.91,-41.0,5,0.0,-35.5,1
1,5,99322,2.6593,39.6,28.91,-40.5,5,0.0,-35.5,1
1,5,100048,2.5691,39.6,28.91,-40.5,5,0.0,-35.5,1
1,5,100774,2.7043,39.6,28.92,-41.0,5,0.0,-35.5,1
1,5,101500,1.2846,39.6,28.91,-40.5,5,0.0,-35.5,1
1,5,102226,1.2846,38.6,28.92,-40.5,5,0.0,-35.5,1
1,5,102952,2.2987,38.6,28.91,-40.5,5,0.0,-35.5,1
1,5,103678,0.7888,39.6,28.92,-40.5,5,0.0,-35.5,1
1,5,104404,0.5634,39.6,28.91,-40.5,5,0.0,-35.5,1
1,5,105130,1.6902,39.6,28.91,-40.5,5,0.0,-35.5,1
1,5,105856,1.4874,39.6,28.92,-41.0,5,0.0,-35.5,1
1,5,106582,1.6677,39.6,28.92,-40.5,5,0.0,-35.5,1
1,5,107308,2.5015,39.6,28.92,-40.5,5,0.0,-35.5,1
1,5,108034,2.6593,39.6,28.91,-40.5,5,0.0,-35.5,1
1,5,108760,1.4648,38.6,28.92,-40.5,5,0.0,-35.5,1
1,5,109486,2.1860,38.6,28.92,-41.0,5,0.0,-35.5,1
1,5,110212,1.7803,38.6,28.92,-40.5,5,0.0,-35.5,1
1,5,110938,1.7803,39.6,28.92,-40.5,5,0.0,-35.5,1
1,5,111664,2.8846,39.6,28.92,-40.5,5,0.0,-35.5,1
1,5,112390,2.2311,39.6,28.91,-40.5,5,0.0,-35.5,1
1,5,113116,1.2620,39.6,28.91,-40.5,5,0.0,-35.5,1
1,5,113842,2.3663,39.6,28.91,-40.5,5,0.0,-35.5,1
1,5,114568,0.9465,39.6,28.91,-40.5,5,0.0,-35.5,1
1,5,115294,0.7888,38.6,28.91,-40.5,5,0.0,-35.5,1
1,5,116020,1.5775,39.6,28.91,-40.5,5,0.0,-35.5,1
1,5,116746,2.1635,38.6,28.91,-40.5,5,0.0,-35.5,1
1,5,117472,1.5325,38.6,28.91,-40.5,5,0.0,-35.5,1
1,5,118198,1.4198,38.6,28.91,-40.5,5,0.0,-35.5,1
1,5,118924,1.4198,38.6,28.91,-40.5,5,0.0,-35.5,1
1,5,119650,1.6226,38.6,28.91,-40.5,5,0.0,-35.5,1
1,5,120376,1.1719,39.6,28.91,-41.0,5,0.0,-35.5,1
1,5,121102,1.4423,38.6,28.91,-40.5,5,0.0,-35.5,1
1,5,121828,1.3972,39.6,28.91,-40.5,5,0.0,-35.5,1
1,5,122554,2.8170,39.6,28.91,-40.5,5,0.0,-35.5,1
1,5,123280,1.1268,39.6,28.91,-40.5,5,0.0,-35.5,1
1,5,124006,1.8480,39.6,28.91,-40.5,5,0.0,-35.5,1
1,5,124732,2.5015,39.6,28.91,-40.5,5,0.0,-35.5,1
1,5,125458,1.5099,39.6,28.91,-41.0,5,0.0,-35.5,1
1,5,126184,2.3888,39.6,28.91,-40.5,5,0.0,-35.5,1
1,5,126910,2.3888,39.6,28.91,-40.5,5,0.0,-35.5,1
1,5,127636,3.2452,39.6,28.91,-40.5,5,0.0,-35.5,1
1,5,128362,0.5409,39.6,28.91,-40.5,5,0.0,-35.5,1
1,5,129088,2.5240,40.6,28.91,-40.5,5,0.0,-35.5,1
1,5,129814,3.1100,39.6,28.91,-40.5,5,0.0,-35.5,1
1,5,130540,2.5240,38.6,28.92,-40.5,5,0.0,-35.5,1
1,5,131266,2.5466,38.6,28.91,-40.5,5,0.0,-35.5,1
1,5,131992,0.8564,39.6,28.91,-40.5,5,0.0,-35.5,1
1,5,132718,1.7578,39.6,28.91,-40.5,5,0.0,-35.5,1
1,5,133444,3.0874,38.6,28.91,-40.5,5,0.0,-35.5,1
1,5,134170,3.2452,38.6,28.91,-41.0,5,0.0,-35.5,1
1,5,134896,3.2452,38.6,28.91,-41.0,5,0.0,-35.5,1
1,5,135622,2.1409,38.6,28.91,-40.5,5,0.0,-35.5,1
1,5,136348,1.2846,38.6,28.92,-40.5,5,0.0,-35.5,1
1,5,137074,1.8930,38.6,28.92,-40.5,5,0.0,-35.5,1
1,5,137800,1.2395,39.6,28.91,-40.5,5,0.0,-35.5,1
1,5,138526,2.2085,39.6,28.91,-41.0,5,0.0,-35.5,1
1,5,139252,1.4874,39.6,28.92,-40.5,5,0.0,-35.5,1
1,5,139978,2.7494,39.6,28.92,-40.5,5,0.0,-35.5,1
1,5,140704,1.3747,39.6,28.92,-40.5,5,0.0,-35.5,1
1,5,141430,1.4198,38.6,28.92,-40.5,5,0.0,-35.5,1
1,5,142156,1.6451,39.6,28.92,-40.5,5,0.0,-35.5,1
1,5,142882,1.6451,39.6,28.92,-40.5,5,0.0,-35.5,1
1,5,143608,2.9522,39.6,28.91,-40.5,5,0.0,-35.5,1
1,5,144334,1.2169,39.6,28.92,-40.5,5,0.0,-35.5,1
1,5,145060,3.1550,39.6,28.91,-40.5,5,0.0,-35.5,1
1,5,145786,1.5325,39.6,28.92,-40.5,5,0.0,-35.5,1
1,5,146512,1.8029,39.6,28.91,-40.5,5,0.0,-35.5,1
1,5,147238,2.2987,39.6,28.91,-40.5,5,0.0,-35.5,1
1,5,147964,1.7353,39.6,28.91,-40.5,5,0.0,-35.5,1
1,5,148690,1.0817,39.6,28.91,-40.5,5,0.0,-35.5,1
1,5,149416,2.5466,38.6,28.91,-40.5,5,0.0,-35.5,1
1,5,150142,2.0508,39.6,28.92,-40.5,5,0.0,-35.5,1
1,5,150868,2.0959,39.6,28.92,-40.5,5,0.0,-35.5,1
1,5,151594,3.0424,39.6,28.92,-40.5,5,0.0,-35.5,1
1,5,152320,0.9465,38.6,28.91,-40.5,5,0.0,-35.5,1
1,5,153046,3.3128,38.6,28.91,-40.5,5,0.0,-35.5,1
1,5,153772,2.2536,39.6,28.92,-40.5,5,0.0,-35.5,1
1,5,154498,1.5775,39.6,28.91,-40.5,5,0.0,-35.5,1
1,5,155224,1.2169,39.6,28.92,-40.5,5,0.0,-35.5,1
1,5,155950,2.4790,39.6,28.91,-41.0,5,0.0,-35.5,1
1,5,156676,1.9606,39.6,28.91,-40.5,5,0.0,-35.5,1
1,5,157402,1.9606,39.6,28.91,-41.0,5,0.0,-35.5,1
1,5,158128,2.2761,39.6,28.91,-41.0,5,0.0,-35.5,1
1,5,158854,2.3663,39.6,28.91,-40.5,5,0.0,-35.5,1
1,5,159580,1.7803,39.6,28.91,-40.5,5,0.0,-35.5,1
1,5,160306,1.0367,39.6,28.91,-40.5,5,0.0,-35.5,1
1,5,161032,1.7578,39.6,28.91,-40.5,5,0.0,-35.5,1
1,5,161758,1.8480,38.6,28.91,-40.5,5,0.0,-35.5,1
1,5,162484,1.4874,38.6,28.91,-40.5,5,0.0,-35.5,1
1,5,163210,1.6451,38.6,28.91,-40.5,5,0.0,-35.5,1
1,5,163936,2.5015,39.6,28.91,-40.5,5,0.0,-35.5,1
1,5,164662,2.5015,39.6,28.91,-40.5,5,0.0,-35.5,1
1,5,165388,3.0874,39.6,28.91,-40.5,5,0.0,-35.5,1
1,5,166114,1.5775,39.6,28.91,-40.5,5,0.0,-35.5,1
1,5,166840,3.0198,39.6,28.91,-40.5,5,0.0,-35.5,1
1,5,167566,2.3663,39.6,28.91,-40.5,5,0.0,-35.5,1
1,5,168292,1.2620,39.6,28.91,-41.0,5,0.0,-35.5,1
1,5,169018,2.7494,39.6,28.91,-40.5,5,0.0,-35.5,1
1,5,169744,2.3888,40.6,28.91,-40.5,5,0.0,-35.5,1
1,5,170470,2.1409,39.6,28.90,-40.5,5,0.0,-35.5,1
1,5,171196,1.4874,39.6,28.91,-41.0,5,0.0,-35.5,1
1,5,171922,1.3071,38.6,28.91,-40.5,5,0.0,-35.5,1
1,5,172648,1.3071,39.6,28.91,-40.5,5,0.0,-35.5,1
1,5,173374,1.3071,39.6,28.91,-40.5,5,0.0,-35.5,1
1,5,174100,2.6367,39.6,28.90,-40.5,5,0.0,-35.5,1
1,5,174826,2.8395,39.6,28.91,-40.5,5,0.0,-35.5,1
1,5,175552,1.9156,39.6,28.91,-40.5,5,0.0,-35.5,1
1,5,176278,1.9381,39.6,28.90,-40.5,5,0.0,-35.5,1
1,5,177004,1.1043,39.6,28.91,-40.5,5,0.0,-35.5,1
1,5,177730,2.9522,39.6,28.91,-40.5,5,0.0,-35.5,1
1,5,178456,1.8705,39.6,28.90,-40.5,5,0.0,-35.5,1
1,5,179182,2.0282,39.6,28.91,-40.5,5,0.0,-35.5,1
1,5,179908,2.5240,39.6,28.90,-40.5,5,0.0,-35.5,1
1,5,180634,2.5240,39.6,28.91,-40.5,5,0.0,-35.5,1
1,5,181360,1.7578,38.6,28.91,-40.5,5,0.0,-35.5,1
1,5,182086,2.9748,39.6,28.91,-40.5,5,0.0,-35.5,1
1,5,182812,3.4029,39.6,28.90,-40.5,5,0.0,-35.5,1
1,5,183538,2.7043,39.6,28.91,-40.5,5,0.0,-35.5,1
1,5,184264,1.0367,39.6,28.91,-40.5,5,0.0,-35.5,1
1,5,184990,1.6902,39.6,28.91,-40.5,5,0.0,-35.5,1
1,5,185716,1.6001,39.6,28.91,-40.5,5,0.0,-35.5,1
1,5,186442,1.6677,39.6,28.90,-40.5,5,0.0,-35.5,1
1,5,187168,1.4874,39.6,28.90,-40.5,5,0.0,-35.5,1
1,5,187894,2.4790,39.6,28.91,-40.5,5,0.0,-35.5,1
1,5,188620,2.4790,39.6,28.91,-40.5,5,0.0,-35.5,1
1,5,189346,0.9916,39.6,28.91,-40.5,5,0.0,-35.5,1
1,5,190072,2.2085,39.6,28.91,-41.0,5,0.0,-35.5,1
1,5,190798,1.6902,39.6,28.91,-40.5,5,0.0,-35.5,1
1,5,191524,1.6451,39.6,28.91,-40.5,5,0.0,-35.5,1
1,5,192250,2.4790,39.6,28.91,-40.5,5,0.0,-35.5,1
1,5,192976,0.6986,39.6,28.90,-40.5,5,0.0,-35.5,1
1,5,193702,1.8480,38.6,28.90,-41.0,5,0.0,-35.5,1
1,5,194428,2.1184,39.6,28.90,-40.5,5,0.0,-35.5,1
1,5,195154,2.3212,39.6,28.91,-40.5,5,0.0,-35.5,1
1,5,195880,0.9691,39.6,28.90,-41.0,5,0.0,-35.5,1
1,5,196606,0.9691,39.6,28.90,-41.0,5,0.0,-35.5,1
1,5,197332,1.9381,38.6,28.90,-40.5,5,0.0,-35.5,1
1,5,198058,1.4648,39.6,28.90,-40.5,5,0.0,-35.5,1
1,5,198784,2.1860,39.6,28.90,-40.5,5,0.0,-35.5,1
1,5,199510,2.5240,39.6,28.90,-40.5,5,0.0,-35.5,1
1,5,200236,2.0733,39.6,28.90,-40.5,5,0.0,-35.5,1
1,5,200962,1.3522,39.6,28.90,-40.5,5,0.0,-35.5,1
1,5,201688,1.4648,39.6,28.90,-40.5,5,0.0,-35.5,1
1,5,202414,1.5775,39.6,28.90,-40.5,5,0.0,-35.5,1
1,5,203140,2.0508,39.6,28.90,-41.0,5,0.0,-35.5,1
1,5,203866,1.8480,39.6,28.90,-40.5,5,0.0,-35.5,1
1,5,204592,2.4790,39.6,28.91,-40.5,5,0.0,-35.5,1
1,5,205318,2.5240,39.6,28.91,-40.5,5,0.0,-35.5,1
1,5,206044,1.7353,39.6,28.90,-41.0,5,0.0,-35.5,1
1,5,206770,2.7043,39.6,28.91,-40.5,5,0.0,-35.5,1
1,5,207496,1.6226,38.6,28.90,-40.5,5,0.0,-35.5,1
1,5,208222,1.5775,39.6,28.90,-40.5,5,0.0,-35.5,1
1,5,208948,1.2169,39.6,28.90,-40.5,5,0.0,-35.5,1
1,5,209674,1.3747,39.6,28.90,-40.5,5,0.0,-35.5,1
1,5,210400,2.1184,39.6,28.90,-40.5,5,0.0,-35.5,1
1,5,211126,1.1493,39.6,28.90,-40.5,5,0.0,-35.5,1
1,5,211852,1.8705,38.6,28.90,-40.5,5,0.0,-35.5,1
1,5,212578,2.9973,38.6,28.90,-40.5,5,0.0,-35.5,1
1,5,213304,1.5775,38.6,28.90,-41.0,5,0.0,-35.5,1
1,5,214030,1.9606,39.6,28.90,-40.5,5,0.0,-35.5,1
1,5,214756,2.0057,38.6,28.90,-40.5,5,0.0,-35.5,1
1,5,215482,3.4931,38.6,28.90,-40.5,5,0.0,-35.5,1
1,5,216208,3.2452,39.6,28.90,-41.0,5,0.0,-35.5,1
1,5,216934,1.1043,39.6,28.90,-40.5,5,0.0,-35.5,1
1,5,217660,1.0817,39.6,28.90,-40.5,5,0.0,-35.5,1
1,5,218386,1.0817,39.6,28.90,-40.5,5,0.0,-35.5,1
1,5,219112,1.2620,39.6,28.90,-40.5,5,0.0,-35.5,1
1,5,219838,1.5325,39.6,28.90,-40.5,5,0.0,-35.5,1
1,5,220564,1.0367,39.6,28.90,-41.0,5,0.0,-35.5,1
1,5,221290,1.6226,39.6,28.91,-40.5,5,0.0,-35.5,1
1,5,222016,1.4874,39.6,28.91,-40.5,5,0.0,-35.5,1
1,5,222742,0.8789,38.6,28.90,-41.0,5,0.0,-35.5,1
1,5,223468,0.9465,38.6,28.90,-41.0,5,0.0,-35.5,1
1,5,224194,0.8564,38.6,28.91,-40.5,5,0.0,-35.5,1
1,5,224920,1.3747,39.6,28.90,-40.5,5,0.0,-35.5,1
1,5,225646,1.5775,39.6,28.91,-40.5,5,0.0,-35.5,1
1,5,226372,1.5775,39.6,28.91,-40.5,5,0.0,-35.5,1
1,5,227098,1.2846,38.6,28.90,-40.5,5,0.0,-35.5,1
1,5,227824,1.2395,39.6,28.90,-40.5,5,0.0,-35.5,1
1,5,228550,2.0959,39.6,28.90,-40.5,5,0.0,-35.5,1
1,5,229276,1.1043,38.6,28.90,-41.0,5,0.0,-35.5,1
1,5,230002,2.7494,38.6,28.91,-41.0,5,0.0,-35.5,1
1,5,230728,2.2987,39.6,28.90,-40.5,5,0.0,-35.5,1
1,5,231454,1.5550,39.6,28.90,-41.0,5,0.0,-35.5,1
1,5,232180,2.2536,39.6,28.90,-40.5,5,0.0,-35.5,1
1,5,232906,1.8254,39.6,28.90,-40.5,5,0.0,-35.5,1
1,5,233632,1.7578,39.6,28.90,-40.5,5,0.0,-35.5,1
1,5,234358,1.7578,38.6,28.90,-40.5,5,0.0,-35.5,1
1,5,235084,1.7803,38.6,28.90,-40.5,5,0.0,-35.5,1
1,5,235810,1.5775,38.6,28.90,-40.5,5,0.0,-35.5,1
1,5,236536,0.9916,39.6,28.90,-40.5,5,0.0,-35.5,1
1,5,237262,1.1944,38.6,28.90,-40.5,5,0.0,-35.5,1
1,5,237988,1.1268,39.6,28.89,-40.5,5,0.0,-35.5,1
1,5,238714,2.1409,39.6,28.90,-40.5,5,0.0,-35.5,1
1,5,239440,1.4648,39.6,28.90,-40.5,5,0.0,-35.5,1
1,5,240166,2.0733,39.6,28.90,-40.5,5,0.0,-35.5,1
1,5,240892,2.5691,39.6,28.90,-40.5,5,0.0,-35.5,1
1,5,241618,1.6001,39.6,28.90,-40.5,5,0.0,-35.5,1
1,5,242344,1.6001,38.6,28.90,-40.5,5,0.0,-35.5,1
1,5,243070,2.5015,38.6,28.90,-40.5,5,0.0,-35.5,1
1,5,243796,2.0959,38.6,28.90,-40.5,5,0.0,-35.5,1
1,5,244522,2.3888,38.6,28.90,-41.0,5,0.0,-35.5,1
1,5,245248,0.9916,38.6,28.90,-41.0,5,0.0,-35.5,1
1,5,245974,0.9240,39.6,28.90,-40.5,5,0.0,-35.5,1
1,5,246700,1.6902,39.6,28.90,-40.5,5,0.0,-35.5,1
1,5,247426,2.5015,39.6,28.90,-40.5,5,0.0,-35.5,1
1,5,248152,2.9748,39.6,28.90,-40.5,5,0.0,-35.5,1
1,5,248878,1.4874,39.6,28.90,-41.0,5,0.0,-35.5,1
1,5,249604,1.4874,39.6,28.90,-40.5,5,0.0,-35.5,1
1,5,250330,1.4874,39.6,28.90,-40.5,5,0.0,-35.5,1
1,5,251056,1.9381,39.6,28.90,-40.5,5,0.0,-35.5,1
1,5,251782,2.4339,39.6,28.90,-40.5,5,0.0,-35.5,1
1,5,252508,0.9691,39.6,28.90,-41.0,5,0.0,-35.5,1
1,5,253234,2.3888,39.6,28.90,-40.5,5,0.0,-35.5,1
1,5,253960,1.6451,39.6,28.90,-40.5,5,0.0,-35.5,1
1,5,254686,2.2987,39.6,28.90,-40.5,5,0.0,-35.5,1
1,5,255412,1.7578,39.6,28.90,-40.5,5,0.0,-35.5,1
1,5,256138,2.2085,39.6,28.90,-40.5,5,0.0,-35.5,1
1,5,256864,3.8086,39.6,28.90,-41.0,5,0.0,-35.5,1
1,5,257590,1.8930,39.6,28.90,-41.0,5,0.0,-35.5,1
1,5,258316,2.7494,40.6,28.90,-40.5,5,0.0,-35.5,1
1,5,259042,1.6451,38.6,28.89,-40.0,5,0.0,-35.5,1
1,5,259768,3.3353,39.6,28.90,-40.5,5,0.0,-35.5,1
1,5,260494,1.8480,39.6,28.89,-40.5,5,0.0,-35.5,1
1,5,261220,3.4706,39.6,28.90,-40.5,5,0.0,-35.5,1
1,5,261946,0.9916,39.6,28.90,-40.5,5,0.0,-35.5,1
1,5,262672,1.5550,39.6,28.89,-40.5,5,0.0,-35.5,1
1,5,263398,1.9156,38.6,28.90,-40.5,5,0.0,-35.5,1
1,5,264124,1.4874,39.6,28.90,-40.5,5,0.0,-35.5,1
1,5,264850,2.0282,38.6,28.90,-40.5,5,0.0,-35.5,1
1,5,265576,1.8480,39.6,28.89,-40.5,5,0.0,-35.5,1
1,5,266302,1.8930,39.6,28.90,-40.5,5,0.0,-35.5,1
1,5,267028,1.8029,38.6,28.89,-40.5,5,0.0,-35.5,1
1,5,267754,1.2846,38.6,28.89,-41.0,5,0.0,-35.5,1
1,5,268480,1.7578,38.6,28.90,-40.5,5,0.0,-35.5,1
1,5,269206,2.2085,39.6,28.90,-40.5,5,0.0,-35.5,1
1,5,269932,1.4198,39.6,28.89,-40.5,5,0.0,-35.5,1
1,5,270658,2.3437,39.6,28.89,-40.5,5,0.0,-35.5,1
1,5,271384,2.2085,39.6,28.89,-40.5,5,0.0,-35.5,1
1,5,272110,2.2085,39.6,28.88,-40.5,5,0.0,-35.5,1
1,5,272836,2.5916,39.6,28.89,-40.5,5,0.0,-35.5,1
1,5,273562,0.9465,39.6,28.88,-40.5,5,0.0,-35.5,1
1,5,274288,2.2085,40.6,28.89,-40.5,5,0.0,-35.5,1
1,5,275014,1.3972,39.6,28.89,-40.5,5,0.0,-35.5,1
1,5,275740,2.9973,39.6,28.89,-40.5,5,0.0,-35.5,1
1,5,276466,2.6142,39.6,28.89,-40.5,5,0.0,-35.5,1
1,5,277192,2.3888,38.6,28.89,-40.5,5,0.0,-35.5,1
1,5,277918,1.5325,39.6,28.89,-40.5,5,0.0,-35.5,1
1,5,278644,1.8705,39.6,28.89,-40.5,5,0.0,-35.5,1
1,5,279370,2.2761,39.6,28.89,-40.5,5,0.0,-35.5,1
1,5,280096,2.2761,39.6,28.88,-40.5,5,0.0,-35.5,1
1,5,280822,1.0817,39.6,28.88,-40.5,5,0.0,-35.5,1
1,5,281548,1.2395,39.6,28.89,-41.0,5,0.0,-35.5,1
1,5,282274,2.6142,39.6,28.89,-40.5,5,0.0,-35.5,1
1,5,283000,1.0592,39.6,28.89,-40.5,5,0.0,-35.5,1
1,5,283726,0.4958,39.6,28.89,-40.5,5,0.0,-35.5,1
1,5,284452,1.3747,39.6,28.89,-40.5,5,0.0,-35.5,1
1,5,285178,2.6142,38.6,28.89,-40.5,5,0.0,-35.5,1
1,5,285904,1.0592,39.6,28.89,-41.0,5,0.0,-35.5,1
1,5,286630,1.3747,39.6,28.89,-40.5,5,0.0,-35.5,1
1,5,287356,1.7578,38.6,28.88,-40.5,5,0.0,-35.5,1
1,5,288082,1.7578,39.6,28.89,-40.5,5,0.0,-35.5,1
1,5,288808,0.8789,39.6,28.88,-40.5,5,0.0,-35.5,1
1,5,289534,0.5859,39.6,28.89,-40.5,5,0.0,-35.5,1
1,5,290260,1.3747,39.6,28.89,-40.0,5,0.0,-35.5,1
1,5,290986,0.9465,39.6,28.88,-40.5,5,0.0,-35.5,1
1,5,291712,2.3212,39.6,28.88,-40.5,5,0.0,-35.5,1
1,5,292438,3.1550,39.6,28.89,-40.5,5,0.0,-35.5,1
1,5,293164,1.5550,39.6,28.88,-40.5,5,0.0,-35.5,1
1,5,293890,1.3522,39.6,28.89,-40.5,5,0.0,-35.5,1
1,5,294616,1.1493,39.6,28.88,-40.5,5,0.0,-35.5,1
1,5,295342,1.5775,39.6,28.88,-40.5,5,0.0,-35.5,1
1,5,296068,1.5775,39.6,28.88,-40.5,5,0.0,-35.5,1
1,5,296794,2.5466,39.6,28.88,-40.5,5,0.0,-35.5,1
1,5,297520,0.6310,39.6,28.88,-40.5,5,0.0,-35.5,1
1,5,298246,1.1493,38.6,28.88,-40.5,5,0.0,-35.5,1
1,5,298972,2.9297,39.6,28.88,-40.5,5,0.0,-35.5,1
1,5,299698,1.8254,39.6,28.88,-40.5,5,0.0,-35.5,1
1,5,300424,0.9691,39.6,28.88,-40.5,5,0.0,-35.5,1
1,5,301150,1.5775,39.6,28.89,-40.5,5,0.0,-35.5,1
1,5,301876,2.5466,39.6,28.88,-40.5,5,0.0,-35.5,1
1,5,302602,3.3353,38.6,28.88,-40.5,5,0.0,-35.5,1
1,5,303328,1.0141,38.6,28.88,-40.5,5,0.0,-35.5,1
1,5,304054,1.0141,39.6,28.88,-40.5,5,0.0,-35.5,1
1,5,304780,2.2761,39.6,28.88,-40.5,5,0.0,-35.5,1
1,5,305506,1.7353,39.6,28.88,-40.5,5,0.0,-35.5,1
1,5,306232,2.0282,39.6,28.88,-40.5,5,0.0,-35.5,1
1,5,306958,1.3296,39.6,28.88,-40.5,5,0.0,-35.5,1
1,5,307684,1.8480,39.6,28.88,-40.5,5,0.0,-35.5,1
1,5,308410,1.9381,39.6,28.88,-41.0,5,0.0,-35.5,1
1,5,309136,1.7578,38.6,28.88,-40.5,5,0.0,-35.5,1
1,5,309862,1.8705,39.6,28.88,-40.5,5,0.0,-35.5,1
1,5,310588,2.2536,39.6,28.88,-40.5,5,0.0,-35.5,1
1,5,311314,2.4564,39.6,28.88,-40.5,5,0.0,-35.5,1
1,5,312040,2.4564,39.6,28.88,-40.5,5,0.0,-35.5,1
1,5,312766,2.1635,39.6,28.88,-40.5,5,0.0,-35.5,1
1,5,313492,2.1635,40.6,28.88,-40.5,5,0.0,-35.5,1
1,5,314218,1.8480,39.6,28.88,-40.5,5,0.0,-35.5,1
1,5,314944,2.4339,39.6,28.88,-40.5,5,0.0,-35.5,1
1,5,315670,2.0508,39.6,28.88,-40.5,5,0.0,-35.5,1
1,5,316396,2.7945,40.6,28.87,-40.5,5,0.0,-35.5,1
1,5,317122,0.5183,39.6,28.87,-40.5,5,0.0,-35.5,1
1,5,317848,2.5691,39.6,28.88,-41.0,5,0.0,-35.5,1
1,5,318574,1.5550,39.6,28.88,-40.5,5,0.0,-35.5,1
1,5,319300,1.9156,39.6,28.88,-40.5,5,0.0,-35.5,1
1,5,320026,2.0057,39.6,28.88,-40.5,5,0.0,-35.5,1
1,5,320752,0.7662,40.6,28.87,-40.5,5,0.0,-35.5,1
1,5,321478,2.8846,39.6,28.88,-41.0,5,0.0,-35.5,1
1,5,322204,1.1043,39.6,28.88,-40.5,5,0.0,-35.5,1
1,5,322930,2.3212,39.6,28.88,-40.5,5,0.0,-35.5,1
1,5,323656,1.6226,39.6,28.88,-40.5,5,0.0,-35.5,1
1,5,324382,1.9381,38.6,28.88,-41.0,5,0.0,-35.5,1
1,5,325108,1.9156,39.6,28.88,-40.5,5,0.0,-35.5,1
1,5,325834,3.2001,39.6,28.88,-40.5,5,0.0,-35.5,1
1,5,326560,1.9606,38.6,28.88,-41.0,5,0.0,-35.5,1
1,5,327286,2.9072,39.6,28.88,-40.5,5,0.0,-35.5,1
1,5,328012,1.4198,38.6,28.88,-40.5,5,0.0,-35.5,1
1,5,328738,1.0367,38.6,28.88,-40.5,5,0.0,-35.5,1
1,5,329464,1.4198,39.6,28.88,-40.5,5,0.0,-35.5,1
1,5,330190,1.7127,39.6,28.88,-41.0,5,0.0,-35.5,1
1,5,330916,2.2085,39.6,28.89,-41.0,5,0.0,-35.5,1
1,5,331642,3.1325,38.6,28.88,-40.5,5,0.0,-35.5,1
1,5,332368,1.8930,38.6,28.88,-40.5,5,0.0,-35.5,1
1,5,333094,0.4056,38.6,28.88,-40.5,5,0.0,-35.5,1
1,5,333820,0.4056,38.6,28.88,-40.5,5,0.0,-35.5,1
1,5,334546,2.2536,38.6,28.88,-40.5,5,0.0,-35.5,1
1,5,335272,2.0057,39.6,28.88,-40.5,5,0.0,-35.5,1
1,5,335998,1.2846,39.6,28.88,-40.5,5,0.0,-35.5,1
1,5,336724,1.7803,39.6,28.88,-41.0,5,0.0,-35.5,1
1,5,337450,1.4648,39.6,28.88,-40.5,5,0.0,-35.5,1
1,5,338176,0.9014,39.6,28.88,-40.5,5,0.0,-35.5,1
1,5,338902,1.4198,39.6,28.88,-40.5,5,0.0,-35.5,1
1,5,339628,2.6818,39.6,28.88,-40.5,5,0.0,-35.5,1
1,5,340354,1.9381,38.6,28.88,-41.0,5,0.0,-35.5,1
1,5,341080,2.7269,39.6,28.88,-40.5,5,0.0,-35.5,1
1,5,341806,2.7269,39.6,28.88,-40.5,5,0.0,-35.5,1
1,5,342532,2.2536,39.6,28.88,-40.5,5,0.0,-35.5,1
1,5,343258,2.0282,39.6,28.88,-40.5,5,0.0,-35.5,1
1,5,343984,0.8338,39.6,28.87,-40.5,5,0.0,-35.5,1
1,5,344710,3.8537,39.6,28.88,-40.5,5,0.0,-35.5,1
1,5,345436,2.2536,38.6,28.88,-40.5,5,0.0,-35.5,1
1,5,346162,1.8029,38.6,28.88,-40.5,5,0.0,-35.5,1
1,5,346888,2.5240,38.6,28.88,-40.5,5,0.0,-35.5,1
1,5,347614,2.4339,38.6,28.88,-40.5,5,0.0,-35.5,1
1,5,348340,1.2620,38.6,28.88,-41.0,5,0.0,-35.5,1
1,5,349066,2.6367,38.6,28.87,-40.5,5,0.0,-35.5,1
1,5,349792,2.6367,39.6,28.88,-40.5,5,0.0,-35.5,1
1,5,350518,2.7269,39.6,28.86,-40.5,5,0.0,-35.5,1
1,5,351244,2.4114,39.6,28.87,-40.5,5,0.0,-35.5,1
1,5,351970,2.6367,39.6,28.87,-40.5,5,0.0,-35.5,1
1,5,352696,2.5240,39.6,28.87,-40.5,5,0.0,-35.5,1
1,5,353422,1.3747,39.6,28.87,-40.5,5,0.0,-35.5,1
1,5,354148,1.6677,39.6,28.88,-40.5,5,0.0,-35.5,1
1,5,354874,3.1100,38.6,28.87,-40.5,5,0.0,-35.5,1
1,5,355600,2.8170,38.6,28.88,-40.5,5,0.0,-35.5,1
1,5,356326,0.8564,39.6,28.88,-40.5,5,0.0,-35.5,1
1,5,357052,3.0874,39.6,28.87,-40.5,5,0.0,-35.5,1
1,5,357778,3.0874,39.6,28.87,-40.5,5,0.0,-35.5,1
1,5,358504,2.2761,39.6,28.87,-41.0,5,0.0,-35.5,1
1,5,359230,1.5550,39.6,28.87,-40.5,5,0.0,-35.5,1
1,5,359956,3.2452,39.6,28.87,-40.5,5,0.0,-35.5,1
1,5,360682,1.3522,39.6,28.87,-40.5,5,0.0,-35.5,1
1,5,361408,1.0592,39.6,28.87,-40.5,5,0.0,-35.5,1
1,5,362134,2.0057,39.6,28.87,-40.5,5,0.0,-35.5,1
1,5,362860,1.8480,39.6,28.87,-40.5,5,0.0,-35.5,1
1,5,363586,3.1325,39.6,28.87,-41.0,5,0.0,-35.5,1
1,5,364312,1.6451,39.6,28.87,-40.5,5,0.0,-35.5,1
1,5,365038,0.8113,39.6,28.87,-40.5,5,0.0,-35.5,1
1,5,365764,0.8113,39.6,28.86,-40.5,5,0.0,-35.5,1
1,5,366490,1.9156,39.6,28.87,-40.5,5,0.0,-35.5,1
1,5,367216,1.7353,39.6,28.87,-40.5,5,0.0,-35.5,1
1,5,367942,1.8930,39.6,28.86,-40.5,5,0.0,-35.5,1
1,5,368668,1.3747,38.6,28.87,-40.5,5,0.0,-35.5,1
1,4,6394,2.0282,38.6,28.87,-40.5,4,0.0,-35.5,1
1,4,7120,1.8930,38.6,28.87,-41.0,4,0.0,-35.5,1
1,4,7846,2.5466,38.6,28.88,-41.0,4,0.0,-35.5,1
1,4,8572,2.7945,38.6,28.87,-41.0,4,0.0,-35.5,1
1,4,9298,2.6593,38.6,28.88,-41.0,4,0.0,-35.5,1
1,4,10024,1.1043,38.6,28.88,-41.0,4,0.0,-35.5,1
1,4,10750,1.3972,38.6,28.88,-40.5,4,0.0,-35.5,1
1,4,11476,3.6058,39.6,28.88,-41.0,4,0.0,-35.5,1
1,4,12202,-0.4958,39.6,28.88,-41.0,4,0.0,-35.5,1
1,4,12928,3.4029,38.6,28.88,-40.5,4,0.0,-35.5,1
1,4,13654,1.6902,39.6,28.88,-40.5,4,0.0,-35.5,1
1,4,14380,2.6593,38.6,28.88,-41.0,4,0.0,-35.5,1
1,4,15106,1.2169,38.6,28.88,-41.0,4,0.0,-35.5,1
1,4,15832,2.2987,38.6,28.88,-41.0,4,0.0,-35.5,1
1,4,16558,0.5183,38.6,28.88,-41.0,4,0.0,-35.5,1
1,4,17284,2.7945,39.6,28.88,-41.0,4,0.0,-35.5,1
1,4,18010,1.3522,39.6,28.88,-40.5,4,0.0,-35.5,1
1,4,18736,1.8029,39.6,28.89,-41.0,4,0.0,-35.5,1
1,4,19462,1.8029,38.6,28.88,-41.0,4,0.0,-35.5,1
1,4,20188,1.9832,38.6,28.88,-41.0,4,0.0,-35.5,1
1,4,20914,0.9240,38.6,28.89,-41.0,4,0.0,-35.5,1
1,4,21640,3.1776,38.6,28.89,-41.0,4,0.0,-35.5,1
1,4,22366,0.3606,39.6,28.89,-41.0,4,0.0,-35.5,1
1,4,23092,1.3071,38.6,28.89,-41.0,4,0.0,-35.5,1
1,4,23818,0.6310,39.6,28.89,-41.0,4,0.0,-35.5,1
1,4,24544,1.6001,39.6,28.89,-41.0,4,0.0,-35.5,1
1,4,25270,0.8338,39.6,28.90,-41.0,4,0.0,-35.5,1
1,4,25996,2.8170,39.6,28.89,-41.0,4,0.0,-35.5,1
1,4,26722,1.1268,39.6,28.89,-40.5,4,0.0,-35.5,1
1,4,27448,1.1268,39.6,28.89,-40.5,4,0.0,-35.5,1
1,4,28174,2.8621,39.6,28.89,-41.0,4,0.0,-35.5,1
1,4,28900,1.8705,39.6,28.90,-41.0,4,0.0,-35.5,1
1,4,29626,2.4114,38.6,28.90,-41.0,4,0.0,-35.5,1
1,4,30352,0.7888,39.6,28.90,-41.0,4,0.0,-35.5,1
1,4,31078,2.9297,38.6,28.90,-41.0,4,0.0,-35.5,1
1,4,31804,1.4423,38.6,28.90,-41.0,4,0.0,-35.5,1
1,4,32530,3.2001,38.6,28.90,-41.0,4,0.0,-35.5,1
1,4,33256,0.9916,38.6,28.90,-40.5,4,0.0,-35.5,1
1,4,33982,2.5691,39.6,28.90,-41.0,4,0.0,-35.5,1
1,4,34708,3.0198,39.6,28.90,-41.0,4,0.0,-35.5,1
1,4,35434,3.0198,39.6,28.90,-41.0,4,0.0,-35.5,1
1,4,36160,1.1043,39.6,28.90,-41.0,4,0.0,-35.5,1
1,4,36886,3.0649,39.6,28.90,-41.0,4,0.0,-35.5,1
1,4,37612,0.9014,39.6,28.90,-40.5,4,0.0,-35.5,1
1,4,38338,0.4507,39.6,28.90,-41.0,4,0.0,-35.5,1
1,4,39064,2.3212,39.6,28.90,-40.5,4,0.0,-35.5,1
1,4,39790,1.3522,39.6,28.90,-41.0,4,0.0,-35.5,1
1,4,40516,1.8029,39.6,28.90,-41.0,4,0.0,-35.5,1
1,4,41242,1.0141,38.6,28.91,-41.0,4,0.0,-35.5,1
1,4,41968,1.5550,38.6,28.90,-40.5,4,0.0,-35.5,1
1,4,42694,1.1493,39.6,28.91,-41.0,4,0.0,-35.5,1
1,4,43420,1.1493,39.6,28.91,-41.0,4,0.0,-35.5,1
1,4,44146,1.8930,39.6,28.90,-41.0,4,0.0,-35.5,1
1,4,44872,2.9522,39.6,28.90,-41.0,4,0.0,-35.5,1
1,4,45598,1.7127,39.6,28.90,-41.0,4,0.0,-35.5,1
1,4,46324,0.4282,39.6,28.90,-40.5,4,0.0,-35.5,1
1,4,47050,2.7494,39.6,28.91,-40.5,4,0.0,-35.5,1
1,4,47776,2.2085,39.6,28.91,-41.0,4,0.0,-35.5,1
1,4,48502,1.3747,39.6,28.90,-40.5,4,0.0,-35.5,1
1,4,49228,1.0141,39.6,28.91,-41.0,4,0.0,-35.5,1
1,4,49954,1.6677,39.6,28.90,-41.0,4,0.0,-35.5,1
1,4,50680,1.8705,39.6,28.91,-41.0,4,0.0,-35.5,1
1,4,51406,1.8705,39.6,28.91,-41.0,4,0.0,-35.5,1
1,4,52132,1.8254,39.6,28.91,-41.0,4,0.0,-35.5,1
1,4,52858,2.6593,39.6,28.91,-41.0,4,0.0,-35.5,1
1,4,53584,2.0282,39.6,28.91,-40.5,4,0.0,-35.5,1
1,4,54310,1.1944,39.6,28.91,-40.5,4,0.0,-35.5,1
1,4,55036,1.3747,39.6,28.91,-41.0,4,0.0,-35.5,1
1,4,55762,3.3128,39.6,28.91,-41.0,4,0.0,-35.5,1
1,4,56488,2.6818,39.6,28.91,-40.5,4,0.0,-35.5,1
1,4,57214,0.8338,39.6,28.91,-41.0,4,0.0,-35.5,1
1,4,57940,-0.1352,39.6,28.91,-41.0,4,0.0,-35.5,1
1,4,58666,1.4874,39.6,28.91,-41.0,4,0.0,-35.5,1
1,4,59392,2.5916,39.6,28.91,-41.0,4,0.0,-35.5,1
1,4,60118,1.5099,39.6,28.91,-41.0,4,0.0,-35.5,1
1,4,60844,1.3972,39.6,28.91,-41.0,4,0.0,-35.5,1
1,4,61570,0.7212,38.6,28.91,-41.0,4,0.0,-35.5,1
1,4,62296,2.0057,39.6,28.91,-41.0,4,0.0,-35.5,1
1,4,63022,1.6451,39.6,28.91,-40.5,4,0.0,-35.5,1
1,4,63748,2.5240,39.6,28.91,-41.0,4,0.0,-35.5,1
1,4,64474,1.2395,38.6,28.91,-40.5,4,0.0,-35.5,1
1,4,65200,0.9465,39.6,28.92,-41.0,4,0.0,-35.5,1
1,4,65926,1.8480,38.6,28.91,-41.0,4,0.0,-35.5,1
1,4,66652,1.6902,38.6,28.91,-41.0,4,0.0,-35.5,1
1,4,67378,2.0959,38.6,28.91,-41.0,4,0.0,-35.5,1
1,4,68104,2.1635,38.6,28.91,-41.0,4,0.0,-35.5,1
1,4,68830,1.6677,39.6,28.91,-41.0,4,0.0,-35.5,1
1,4,69556,3.1776,39.6,28.91,-41.0,4,0.0,-35.5,1
1,4,70282,3.7184,38.6,28.91,-41.0,4,0.0,-35.5,1
1,4,71008,0.8113,39.6,28.91,-41.0,4,0.0,-35.5,1
1,4,71734,0.2930,39.6,28.91,-41.0,4,0.0,-35.5,1
1,4,72460,2.2311,39.6,28.91,-41.0,4,0.0,-35.5,1
1,4,73186,2.2311,39.6,28.91,-41.0,4,0.0,-35.5,1
1,4,73912,2.3888,39.6,28.91,-41.0,4,0.0,-35.5,1
1,4,74638,1.3972,39.6,28.91,-41.0,4,0.0,-35.5,1
1,4,75364,0.6986,39.6,28.92,-41.0,4,0.0,-35.5,1
1,4,76090,1.4423,39.6,28.92,-41.0,4,0.0,-35.5,1
1,4,76816,2.7945,39.6,28.91,-41.0,4,0.0,-35.5,1
1,4,77542,0.3606,38.6,28.92,-41.0,4,0.0,-35.5,1
1,4,78268,1.3071,38.6,28.92,-41.0,4,0.0,-35.5,1
1,4,78994,2.8846,39.6,28.91,-41.0,4,0.0,-35.5,1
1,4,79720,1.1719,38.6,28.91,-41.0,4,0.0,-35.5,1
1,4,80446,1.4198,39.6,28.91,-41.0,4,0.0,-35.5,1
1,4,81172,1.4198,39.6,28.91,-41.0,4,0.0,-35.5,1
1,4,81898,2.0057,39.6,28.92,-41.0,4,0.0,-35.5,1
1,4,82624,3.3804,39.6,28.91,-41.0,4,0.0,-35.5,1
1,4,83350,2.2085,39.6,28.92,-40.5,4,0.0,-35.5,1
1,4,84076,1.3296,39.6,28.92,-41.0,4,0.0,-35.5,1
1,4,84802,1.3071,39.6,28.91,-41.0,4,0.0,-35.5,1
1,4,85528,1.8480,39.6,28.92,-41.0,4,0.0,-35.5,1
1,4,86254,2.9297,39.6,28.91,-41.0,4,0.0,-35.5,1
1,4,86980,0.6310,38.6,28.92,-41.0,4,0.0,-35.5,1
1,4,87706,0.7888,39.6,28.92,-40.5,4,0.0,-35.5,1
1,4,88432,1.4198,39.6,28.92,-41.0,4,0.0,-35.5,1
1,4,89158,1.4198,39.6,28.91,-41.0,4,0.0,-35.5,1
1,4,89884,2.1409,39.6,28.92,-41.0,4,0.0,-35.5,1
1,4,90610,2.3212,39.6,28.92,-41.0,4,0.0,-35.5,1
1,4,91336,0.8789,40.6,28.92,-41.0,4,0.0,-35.5,1
1,4,92062,2.2085,39.6,28.92,-41.0,4,0.0,-35.5,1
1,4,92788,1.6001,39.6,28.91,-40.5,4,0.0,-35.5,1
1,4,93514,2.7719,39.6,28.91,-41.0,4,0.0,-35.5,1
1,4,94240,-0.1803,39.6,28.91,-41.0,4,0.0,-35.5,1
1,4,94966,0.7662,38.6,28.92,-41.0,4,0.0,-35.5,1
1,4,95692,2.1635,38.6,28.91,-40.5,4,0.0,-35.5,1
1,4,96418,1.4198,39.6,28.91,-41.0,4,0.0,-35.5,1
1,4,97144,1.4198,38.6,28.91,-41.0,4,0.0,-35.5,1
1,4,97870,1.5775,39.6,28.91,-40.5,4,0.0,-35.5,1
1,4,98596,1.0141,39.6,28.91,-41.0,4,0.0,-35.5,1
1,4,99322,1.8254,39.6,28.91,-41.0,4,0.0,-35.5,1
1,4,100048,1.3972,39.6,28.92,-41.0,4,0.0,-35.5,1
1,4,100774,2.4339,39.6,28.91,-40.5,4,0.0,-35.5,1
1,4,101500,2.0057,39.6,28.91,-41.0,4,0.0,-35.5,1
1,4,102226,1.2395,38.6,28.91,-41.0,4,0.0,-35.5,1
1,4,102952,0.6535,39.6,28.91,-41.0,4,0.0,-35.5,1
1,4,103678,0.1578,38.6,28.91,-41.0,4,0.0,-35.5,1
1,4,104404,0.0901,38.6,28.91,-41.0,4,0.0,-35.5,1
1,4,105130,0.0901,38.6,28.91,-41.0,4,0.0,-35.5,1
1,4,105856,1.9156,39.6,28.91,-41.0,4,0.0,-35.5,1
1,4,106582,1.8480,38.6,28.91,-41.0,4,0.0,-35.5,1
1,4,107308,2.0733,38.6,28.92,-41.0,4,0.0,-35.5,1
1,4,108034,3.0424,39.6,28.91,-41.0,4,0.0,-35.5,1
1,4,108760,2.1184,39.6,28.91,-41.0,4,0.0,-35.5,1
1,4,109486,1.5775,38.6,28.92,-40.5,4,0.0,-35.5,1
1,4,110212,1.6226,39.6,28.91,-41.0,4,0.0,-35.5,1
1,4,110938,1.0367,38.6,28.91,-41.0,4,0.0,-35.5,1
1,4,111664,1.1043,38.6,28.91,-41.0,4,0.0,-35.5,1
1,4,112390,1.5775,38.6,28.91,-41.0,4,0.0,-35.5,1
1,4,113116,2.3888,39.6,28.91,-40.5,4,0.0,-35.5,1
1,4,113842,1.1493,38.6,28.91,-40.5,4,0.0,-35.5,1
1,4,114568,1.7127,38.6,28.91,-41.0,4,0.0,-35.5,1
1,4,115294,2.0282,38.6,28.91,-41.0,4,0.0,-35.5,1
1,4,116020,2.4114,38.6,28.91,-40.5,4,0.0,-35.5,1
1,4,116746,-0.2028,38.6,28.91,-41.0,4,0.0,-35.5,1
1,4,117472,0.9691,38.6,28.91,-40.5,4,0.0,-35.5,1
1,4,118198,2.7719,38.6,28.91,-41.0,4,0.0,-35.5,1
1,4,118924,1.8705,39.6,28.91,-41.0,4,0.0,-35.5,1
1,4,119650,1.6677,39.6,28.91,-41.0,4,0.0,-35.5,1
1,4,120376,2.3888,39.6,28.91,-40.5,4,0.0,-35.5,1
1,4,121102,2.1860,39.6,28.91,-41.0,4,0.0,-35.5,1
1,4,121828,2.7494,39.6,28.91,-41.0,4,0.0,-35.5,1
1,4,122554,2.1635,39.6,28.91,-40.5,4,0.0,-35.5,1
1,4,123280,1.1944,39.6,28.91,-41.0,4,0.0,-35.5,1
1,4,124006,1.3522,39.6,28.91,-41.0,4,0.0,-35.5,1
1,4,124732,1.0592,39.6,28.91,-40.5,4,0.0,-35.5,1
1,4,125458,1.5099,39.6,28.91,-41.0,4,0.0,-35.5,1
1,4,126184,0.6310,39.6,28.91,-41.0,4,0.0,-35.5,1
1,4,126910,0.6310,39.6,28.91,-41.0,4,0.0,-35.5,1
1,4,127636,1.5099,38.6,28.91,-40.5,4,0.0,-35.5,1
1,4,128362,1.1268,38.6,28.91,-40.5,4,0.0,-35.5,1
1,4,129088,2.0057,39.6,28.91,-40.5,4,0.0,-35.5,1
1,4,129814,2.2085,39.6,28.91,-41.0,4,0.0,-35.5,1
1,4,130540,0.9014,38.6,28.92,-41.0,4,0.0,-35.5,1
1,4,131266,0.8789,38.6,28.91,-41.0,4,0.0,-35.5,1
1,4,131992,1.9156,39.6,28.91,-41.0,4,0.0,-35.5,1
1,4,132718,1.1493,39.6,28.91,-41.0,4,0.0,-35.5,1
1,4,133444,0.8113,39.6,28.91,-41.0,4,0.0,-35.5,1
1,4,134170,1.0817,39.6,28.91,-40.5,4,0.0,-35.5,1
1,4,134896,1.0817,39.6,28.91,-40.5,4,0.0,-35.5,1
1,4,135622,1.5775,39.6,28.91,-40.5,4,0.0,-35.5,1
1,4,136348,3.0874,38.6,28.91,-40.5,4,0.0,-35.5,1
1,4,137074,0.9014,39.6,28.91,-41.0,4,0.0,-35.5,1
1,4,137800,3.0198,38.6,28.91,-41.0,4,0.0,-35.5,1
1,4,138526,0.1352,38.6,28.91,-41.0,4,0.0,-35.5,1
1,4,139252,1.2846,38.6,28.91,-41.0,4,0.0,-35.5,1
1,4,139978,3.0649,38.6,28.91,-41.0,4,0.0,-35.5,1
1,4,140704,0.3606,38.6,28.91,-41.0,4,0.0,-35.5,1
1,4,141430,1.2620,38.6,28.91,-40.5,4,0.0,-35.5,1
1,4,142156,1.5099,38.6,28.91,-41.0,4,0.0,-35.5,1
1,4,142882,1.5099,39.6,28.91,-41.0,4,0.0,-35.5,1
1,4,143608,1.4874,38.6,28.91,-41.0,4,0.0,-35.5,1
1,4,144334,3.6734,38.6,28.91,-41.0,4,0.0,-35.5,1
1,4,145060,1.2169,39.6,28.91,-41.0,4,0.0,-35.5,1
1,4,145786,1.0817,39.6,28.91,-41.0,4,0.0,-35.5,1
1,4,146512,1.2395,39.6,28.91,-41.0,4,0.0,-35.5,1
1,4,147238,2.5015,38.6,28.91,-40.5,4,0.0,-35.5,1
1,4,147964,1.0141,38.6,28.91,-40.5,4,0.0,-35.5,1
1,4,148690,2.2536,38.6,28.90,-41.0,4,0.0,-35.5,1
1,4,149416,2.7494,39.6,28.91,-41.0,4,0.0,-35.5,1
1,4,150142,3.2903,39.6,28.91,-41.0,4,0.0,-35.5,1
1,4,150868,3.2903,39.6,28.91,-41.0,4,0.0,-35.5,1
1,4,151594,2.6367,38.6,28.90,-41.0,4,0.0,-35.5,1
1,4,152320,0.6535,39.6,28.90,-41.0,4,0.0,-35.5,1
1,4,153046,2.4564,39.6,28.91,-40.5,4,0.0,-35.5,1
1,4,153772,0.9014,38.6,28.91,-41.0,4,0.0,-35.5,1
1,4,154498,0.8338,39.6,28.90,-41.0,4,0.0,-35.5,1
1,4,155224,1.4423,39.6,28.91,-41.0,4,0.0,-35.5,1
1,4,155950,0.4282,39.6,28.91,-40.5,4,0.0,-35.5,1
1,4,156676,3.4480,40.6,28.91,-41.0,4,0.0,-35.5,1
1,4,157402,1.6677,39.6,28.91,-41.0,4,0.0,-35.5,1
1,4,158128,0.9916,39.6,28.91,-41.0,4,0.0,-35.5,1
1,4,158854,0.9916,39.6,28.90,-41.0,4,0.0,-35.5,1
1,4,159580,1.4874,40.6,28.90,-41.0,4,0.0,-35.5,1
1,4,160306,0.6761,39.6,28.90,-40.5,4,0.0,-35.5,1
1,4,161032,3.5607,39.6,28.90,-41.0,4,0.0,-35.5,1
1,4,161758,3.6283,39.6,28.90,-41.0,4,0.0,-35.5,1
1,4,162484,1.2846,39.6,28.90,-41.0,4,0.0,-35.5,1
1,4,163210,1.6902,39.6,28.91,-40.5,4,0.0,-35.5,1
1,4,163936,1.8480,39.6,28.90,-40.5,4,0.0,-35.5,1
1,4,164662,1.8930,39.6,28.91,-41.0,4,0.0,-35.5,1
1,4,165388,0.9691,38.6,28.90,-41.0,4,0.0,-35.5,1
1,4,166114,3.8987,39.6,28.90,-41.0,4,0.0,-35.5,1
1,4,166840,3.8987,39.6,28.90,-41.0,4,0.0,-35.5,1
1,4,167566,2.4339,39.6,28.90,-41.0,4,0.0,-35.5,1
1,4,168292,1.4423,38.6,28.90,-40.5,4,0.0,-35.5,1
1,4,169018,1.1043,38.6,28.90,-40.5,4,0.0,-35.5,1
1,4,169744,0.8113,38.6,28.90,-41.0,4,0.0,-35.5,1
1,4,170470,3.4931,38.6,28.90,-40.5,4,0.0,-35.5,1
1,4,171196,2.4564,38.6,28.90,-41.0,4,0.0,-35.5,1
1,4,171922,-0.2479,38.6,28.90,-41.0,4,0.0,-35.5,1
1,4,172648,1.6001,38.6,28.90,-41.0,4,0.0,-35.5,1
1,4,173374,0.8789,38.6,28.90,-40.5,4,0.0,-35.5,1
1,4,174100,1.3071,39.6,28.90,-41.0,4,0.0,-35.5,1
1,4,174826,1.1944,39.6,28.90,-41.0,4,0.0,-35.5,1
1,4,175552,1.5099,38.6,28.90,-40.5,4,0.0,-35.5,1
1,4,176278,1.0592,38.6,28.91,-41.0,4,0.0,-35.5,1
1,4,177004,0.7212,39.6,28.90,-41.0,4,0.0,-35.5,1
1,4,177730,1.3522,39.6,28.90,-41.0,4,0.0,-35.5,1
1,4,178456,1.7578,39.6,28.90,-41.0,4,0.0,-35.5,1
1,4,179182,0.9240,39.6,28.90,-41.0,4,0.0,-35.5,1
1,4,179908,0.1127,39.6,28.90,-41.0,4,0.0,-35.5,1
1,4,180634,-13.8146,39.6,28.90,-40.5,4,0.0,-35.5,0
1,4,181360,1.0367,39.6,28.90,-41.0,4,0.0,-35.5,1
1,4,182086,2.3212,39.6,28.90,-41.0,4,0.0,-35.5,1
1,4,182812,1.1043,39.6,28.91,-41.0,4,0.0,-35.5,1
1,4,183538,1.4874,38.6,28.90,-41.0,4,0.0,-35.5,1
1,4,184264,2.4790,39.6,28.91,-41.0,4,0.0,-35.5,1
1,4,184990,2.3663,39.6,28.90,-41.0,4,0.0,-35.5,1
1,4,185716,2.4339,39.6,28.90,-41.0,4,0.0,-35.5,1
1,4,186442,0.6986,39.6,28.90,-41.0,4,0.0,-35.5,1
1,4,187168,0.4733,39.6,28.90,-41.0,4,0.0,-35.5,1
1,4,187894,1.7353,39.6,28.90,-41.0,4,0.0,-35.5,1
1,4,188620,1.7353,39.6,28.90,-41.0,4,0.0,-35.5,1
1,4,189346,1.7578,39.6,28.90,-41.0,4,0.0,-35.5,1
1,4,190072,2.3888,39.6,28.91,-41.0,4,0.0,-35.5,1
1,4,190798,0.8564,39.6,28.91,-40.5,4,0.0,-35.5,1
1,4,191524,0.6085,39.6,28.91,-40.5,4,0.0,-35.5,1
1,4,192250,3.8086,39.6,28.91,-41.0,4,0.0,-35.5,1
1,4,192976,3.0198,39.6,28.90,-41.0,4,0.0,-35.5,1
1,4,193702,2.9522,39.6,28.91,-41.0,4,0.0,-35.5,1
1,4,194428,1.5550,39.6,28.91,-41.0,4,0.0,-35.5,1
1,4,195154,0.9014,39.6,28.91,-41.0,4,0.0,-35.5,1
1,4,195880,2.5015,39.6,28.90,-40.5,4,0.0,-35.5,1
1,4,196606,2.5015,39.6,28.90,-40.5,4,0.0,-35.5,1
1,4,197332,-0.1127,39.6,28.90,-41.0,4,0.0,-35.5,1
1,4,198058,1.5775,39.6,28.90,-41.0,4,0.0,-35.5,1
1,4,198784,1.9156,38.6,28.90,-41.0,4,0.0,-35.5,1
1,4,199510,0.8113,38.6,28.91,-41.0,4,0.0,-35.5,1
1,4,200236,2.3437,39.6,28.91,-41.0,4,0.0,-35.5,1
1,4,200962,-0.2028,38.6,28.90,-40.5,4,0.0,-35.5,1
1,4,201688,2.7043,38.6,28.91,-41.0,4,0.0,-35.5,1
1,4,202414,0.8338,39.6,28.91,-41.0,4,0.0,-35.5,1
1,4,203140,-0.6535,38.6,28.91,-41.0,4,0.0,-35.5,1
1,4,203866,1.2620,38.6,28.90,-41.0,4,0.0,-35.5,1
1,4,204592,1.2620,39.6,28.90,-41.0,4,0.0,-35.5,1
1,4,205318,1.6677,39.6,28.90,-41.0,4,0.0,-35.5,1
1,4,206044,1.7127,38.6,28.91,-41.0,4,0.0,-35.5,1
1,4,206770,2.2085,39.6,28.90,-41.0,4,0.0,-35.5,1
1,4,207496,1.7803,39.6,28.90,-41.0,4,0.0,-35.5,1
1,4,208222,2.0057,39.6,28.90,-41.0,4,0.0,-35.5,1
1,4,208948,1.6451,38.6,28.90,-41.0,4,0.0,-35.5,1
1,4,209674,0.8789,38.6,28.90,-41.0,4,0.0,-35.5,1
1,4,210400,0.9691,38.6,28.90,-41.0,4,0.0,-35.5,1
1,4,211126,1.0367,38.6,28.90,-41.0,4,0.0,-35.5,1
1,4,211852,1.9832,39.6,28.90,-40.5,4,0.0,-35.5,1
1,4,212578,1.9832,39.6,28.90,-40.5,4,0.0,-35.5,1
1,4,213304,1.3972,39.6,28.90,-41.0,4,0.0,-35.5,1
1,4,214030,1.8480,39.6,28.90,-41.0,4,0.0,-35.5,1
1,4,214756,0.7888,39.6,28.90,-41.0,4,0.0,-35.5,1
1,4,215482,1.7803,39.6,28.90,-41.0,4,0.0,-35.5,1
1,4,216208,2.3663,39.6,28.90,-41.0,4,0.0,-35.5,1
1,4,216934,0.7212,39.6,28.90,-40.5,4,0.0,-35.5,1
1,4,217660,0.4056,39.6,28.90,-40.5,4,0.0,-35.5,1
1,4,218386,2.6818,39.6,28.90,-41.0,4,0.0,-35.5,1
1,4,219112,1.5775,39.6,28.91,-40.5,4,0.0,-35.5,1
1,4,219838,0.9014,39.6,28.90,-41.0,4,0.0,-35.5,1
1,4,220564,0.9014,39.6,28.90,-41.0,4,0.0,-35.5,1
1,4,221290,1.5550,39.6,28.90,-41.0,4,0.0,-35.5,1
1,4,222016,1.2395,39.6,28.91,-41.0,4,0.0,-35.5,1
1,4,222742,1.9156,39.6,28.90,-41.0,4,0.0,-35.5,1
1,4,223468,2.0733,39.6,28.90,-41.0,4,0.0,-35.5,1
1,4,224194,1.8254,39.6,28.90,-40.5,4,0.0,-35.5,1
1,4,224920,2.2085,40.6,28.90,-40.5,4,0.0,-35.5,1
1,4,225646,0.8113,39.6,28.90,-41.0,4,0.0,-35.5,1
1,4,226372,1.9832,39.6,28.90,-41.0,4,0.0,-35.5,1
1,4,227098,1.8705,39.6,28.90,-40.5,4,0.0,-35.5,1
1,4,227824,2.2311,39.6,28.90,-41.0,4,0.0,-35.5,1
1,4,228550,1.3071,39.6,28.90,-40.5,4,0.0,-35.5,1
1,4,229276,1.3522,39.6,28.90,-41.0,4,0.0,-35.5,1
1,4,230002,0.2028,39.6,28.90,-41.0,4,0.0,-35.5,1
1,4,230728,1.8930,39.6,28.90,-41.0,4,0.0,-35.5,1
1,4,231454,1.6451,39.6,28.90,-41.0,4,0.0,-35.5,1
1,4,232180,1.3296,39.6,28.90,-41.0,4,0.0,-35.5,1
1,4,232906,2.0282,39.6,28.90,-40.5,4,0.0,-35.5,1
1,4,233632,1.9381,39.6,28.90,-41.0,4,0.0,-35.5,1
1,4,234358,-1.1944,39.6,28.90,-41.0,4,0.0,-35.5,1
1,4,235084,1.8029,40.6,28.90,-41.0,4,0.0,-35.5,1
1,4,235810,1.0367,39.6,28.90,-41.0,4,0.0,-35.5,1
1,4,236536,3.0424,39.6,28.90,-41.0,4,0.0,-35.5,1
1,4,237262,1.3747,39.6,28.90,-41.0,4,0.0,-35.5,1
1,4,237988,-1.0817,39.6,28.90,-41.0,4,0.0,-35.5,1
1,4,238714,-0.0451,39.6,28.90,-41.0,4,0.0,-35.5,1
1,4,239440,1.7353,39.6,28.90,-41.0,4,0.0,-35.5,1
1,4,240166,2.1409,39.6,28.90,-41.0,4,0.0,-35.5,1
1,4,240892,1.7578,38.6,28.90,-40.5,4,0.0,-35.5,1
1,4,241618,1.4648,39.6,28.90,-41.0,4,0.0,-35.5,1
1,4,242344,1.4648,39.6,28.90,-41.0,4,0.0,-35.5,1
1,4,243070,1.1944,39.6,28.90,-41.0,4,0.0,-35.5,1
1,4,243796,2.0733,39.6,28.90,-41.0,4,0.0,-35.5,1
1,4,244522,0.5183,39.6,28.90,-41.0,4,0.0,-35.5,1
1,4,245248,2.0508,39.6,28.89,-41.0,4,0.0,-35.5,1
1,4,245974,2.6593,39.6,28.90,-41.5,4,0.0,-35.5,1
1,4,246700,2.9973,39.6,28.90,-41.0,4,0.0,-35.5,1
1,4,247426,2.1184,39.6,28.89,-41.0,4,0.0,-35.5,1
1,4,248152,2.9973,39.6,28.89,-40.5,4,0.0,-35.5,1
1,4,248878,1.4198,39.6,28.90,-41.0,4,0.0,-35.5,1
1,4,249604,1.1268,39.6,28.89,-40.5,4,0.0,-35.5,1
1,4,250330,1.1268,39.6,28.90,-40.5,4,0.0,-35.5,1
1,4,251056,1.1493,39.6,28.90,-41.0,4,0.0,-35.5,1
1,4,251782,1.7353,39.6,28.90,-41.0,4,0.0,-35.5,1
1,4,252508,0.5409,39.6,28.89,-41.0,4,0.0,-35.5,1
1,4,253234,1.7803,39.6,28.89,-41.0,4,0.0,-35.5,1
1,4,253960,1.0817,38.6,28.89,-41.0,4,0.0,-35.5,1
1,4,254686,1.4423,38.6,28.89,-41.0,4,0.0,-35.5,1
1,4,255412,0.6986,39.6,28.89,-41.0,4,0.0,-35.5,1
1,4,256138,-0.0676,38.6,28.90,-41.0,4,0.0,-35.5,1
1,4,256864,0.3380,39.6,28.89,-41.0,4,0.0,-35.5,1
1,4,257590,1.0141,39.6,28.89,-41.0,4,0.0,-35.5,1
1,4,258316,1.0141,39.6,28.90,-41.0,4,0.0,-35.5,1
1,4,259042,2.0057,39.6,28.89,-40.5,4,0.0,-35.5,1
1,4,259768,0.7888,39.6,28.90,-41.0,4,0.0,-35.5,1
1,4,260494,0.2254,38.6,28.89,-40.5,4,0.0,-35.5,1
1,4,261220,1.6902,39.6,28.89,-40.5,4,0.0,-35.5,1
1,4,261946,2.1184,39.6,28.89,-40.5,4,0.0,-35.5,1
1,4,262672,1.5775,39.6,28.89,-41.0,4,0.0,-35.5,1
1,4,263398,1.7127,39.6,28.89,-41.0,4,0.0,-35.5,1
1,4,264124,1.7127,39.6,28.89,-41.0,4,0.0,-35.5,1
1,4,264850,-0.3380,39.6,28.89,-40.5,4,0.0,-35.5,1
1,4,265576,1.5099,39.6,28.89,-40.5,4,0.0,-35.5,1
1,4,266302,1.5099,39.6,28.89,-40.5,4,0.0,-35.5,1
1,4,267028,1.0592,39.6,28.89,-40.5,4,0.0,-35.5,1
1,4,267754,0.0676,39.6,28.89,-40.5,4,0.0,-35.5,1
1,4,268480,0.4958,39.6,28.89,-41.0,4,0.0,-35.5,1
1,4,269206,0.9240,39.6,28.89,-41.0,4,0.0,-35.5,1
1,4,269932,1.5550,39.6,28.89,-41.0,4,0.0,-35.5,1
1,4,270658,2.0057,39.6,28.89,-41.0,4,0.0,-35.5,1
1,4,271384,1.2169,39.6,28.89,-41.0,4,0.0,-35.5,1
1,4,272110,0.9014,39.6,28.89,-40.5,4,0.0,-35.5,1
1,4,272836,2.2536,39.6,28.89,-40.5,4,0.0,-35.5,1
1,4,273562,3.1100,39.6,28.89,-41.0,4,0.0,-35.5,1
1,4,274288,3.1100,39.6,28.89,-41.0,4,0.0,-35.5,1
1,4,275014,1.0141,39.6,28.89,-41.0,4,0.0,-35.5,1
1,4,275740,1.7578,39.6,28.90,-41.0,4,0.0,-35.5,1
1,4,276466,2.8621,39.6,28.89,-41.0,4,0.0,-35.5,1
1,4,277192,0.9240,38.6,28.89,-41.0,4,0.0,-35.5,1
1,4,277918,1.6226,38.6,28.89,-41.0,4,0.0,-35.5,1
1,4,278644,1.5099,39.6,28.88,-41.0,4,0.0,-35.5,1
1,4,279370,2.2536,39.6,28.89,-41.0,4,0.0,-35.5,1
1,4,280096,1.9832,39.6,28.89,-41.0,4,0.0,-35.5,1
1,4,280822,2.0057,39.6,28.88,-41.0,4,0.0,-35.5,1
1,4,281548,1.6677,39.6,28.88,-40.5,4,0.0,-35.5,1
1,4,282274,2.8621,39.6,28.89,-40.5,4,0.0,-35.5,1
1,4,283000,2.3212,39.6,28.89,-41.5,4,0.0,-35.5,1
1,4,283726,1.9381,39.6,28.89,-40.5,4,0.0,-35.5,1
1,4,284452,2.3437,40.6,28.89,-41.0,4,0.0,-35.5,1
1,4,285178,1.2620,39.6,28.88,-41.0,4,0.0,-35.5,1
1,4,285904,1.5325,39.6,28.89,-41.0,4,0.0,-35.5,1
1,4,286630,0.4507,39.6,28.89,-41.0,4,0.0,-35.5,1
1,4,287356,0.9240,39.6,28.89,-41.0,4,0.0,-35.5,1
1,4,288082,1.3747,38.6,28.89,-41.0,4,0.0,-35.5,1
1,4,288808,1.3972,39.6,28.89,-41.0,4,0.0,-35.5,1
1,4,289534,4.5297,39.6,28.89,-41.0,4,0.0,-35.5,1
1,4,290260,2.5916,39.6,28.88,-41.0,4,0.0,-35.5,1
1,4,290986,2.1635,39.6,28.88,-40.5,4,0.0,-35.5,1
1,4,291712,0.6761,39.6,28.88,-41.0,4,0.0,-35.5,1
1,4,292438,1.8705,39.6,28.88,-41.0,4,0.0,-35.5,1
1,4,293164,1.8029,38.6,28.87,-41.0,4,0.0,-35.5,1
1,4,293890,1.7127,39.6,28.88,-41.0,4,0.0,-35.5,1
1,4,294616,0.5859,39.6,28.88,-41.0,4,0.0,-35.5,1
1,4,295342,1.3972,39.6,28.88,-41.0,4,0.0,-35.5,1
1,4,296068,1.3972,39.6,28.88,-41.0,4,0.0,-35.5,1
1,4,296794,3.2452,39.6,28.88,-41.0,4,0.0,-35.5,1
1,4,297520,1.0592,39.6,28.88,-41.0,4,0.0,-35.5,1
1,4,298246,0.6310,38.6,28.88,-41.0,4,0.0,-35.5,1
1,4,298972,2.7945,38.6,28.88,-41.0,4,0.0,-35.5,1
1,4,299698,3.5156,39.6,28.88,-41.0,4,0.0,-35.5,1
1,4,300424,2.2987,38.6,28.88,-40.5,4,0.0,-35.5,1
1,4,301150,1.6001,38.6,28.88,-41.0,4,0.0,-35.5,1
1,4,301876,2.9072,39.6,28.89,-40.5,4,0.0,-35.5,1
1,4,302602,1.5099,39.6,28.88,-41.0,4,0.0,-35.5,1
1,4,303328,1.6451,39.6,28.88,-41.0,4,0.0,-35.5,1
1,4,304054,1.6451,39.6,28.88,-41.0,4,0.0,-35.5,1
1,4,304780,1.9606,39.6,28.88,-41.0,4,0.0,-35.5,1
1,4,305506,2.0733,39.6,28.89,-41.0,4,0.0,-35.5,1
1,4,306232,1.2846,39.6,28.88,-41.0,4,0.0,-35.5,1
1,4,306958,0.4958,39.6,28.89,-41.0,4,0.0,-35.5,1
1,4,307684,2.9748,39.6,28.88,-41.0,4,0.0,-35.5,1
1,4,308410,2.4790,39.6,28.88,-41.0,4,0.0,-35.5,1
1,4,309136,2.0057,39.6,28.88,-41.0,4,0.0,-35.5,1
1,4,309862,0.7888,38.6,28.89,-41.0,4,0.0,-35.5,1
1,4,310588,0.8338,38.6,28.88,-41.0,4,0.0,-35.5,1
1,4,311314,2.0959,38.6,28.89,-41.0,4,0.0,-35.5,1
1,4,312040,2.0959,39.6,28.88,-41.0,4,0.0,-35.5,1
1,4,312766,1.9156,39.6,28.88,-41.0,4,0.0,-35.5,1
1,4,313492,3.0649,38.6,28.88,-40.5,4,0.0,-35.5,1
1,4,314218,1.0141,38.6,28.88,-40.5,4,0.0,-35.5,1
1,4,314944,1.1268,39.6,28.88,-41.0,4,0.0,-35.5,1
1,4,315670,0.9240,39.6,28.88,-41.0,4,0.0,-35.5,1
1,4,316396,1.5325,39.6,28.88,-41.0,4,0.0,-35.5,1
1,4,317122,0.0901,39.6,28.88,-41.0,4,0.0,-35.5,1
1,4,317848,1.6902,39.6,28.87,-41.0,4,0.0,-35.5,1
1,4,318574,2.5691,39.6,28.87,-41.0,4,0.0,-35.5,1
1,4,319300,1.1043,39.6,28.87,-41.0,4,0.0,-35.5,1
1,4,320026,1.1043,39.6,28.88,-41.0,4,0.0,-35.5,1
1,4,320752,1.6226,39.6,28.88,-41.0,4,0.0,-35.5,1
1,4,321478,1.7127,38.6,28.88,-41.5,4,0.0,-35.5,1
1,4,322204,2.2311,39.6,28.88,-40.5,4,0.0,-35.5,1
1,4,322930,2.1860,38.6,28.87,-40.5,4,0.0,-35.5,1
1,4,323656,1.1719,39.6,28.88,-41.0,4,0.0,-35.5,1
1,4,324382,0.0225,39.6,28.88,-41.0,4,0.0,-35.5,1
1,4,325108,0.9240,39.6,28.88,-41.0,4,0.0,-35.5,1
1,4,325834,2.9522,39.6,28.88,-41.0,4,0.0,-35.5,1
1,4,326560,2.1409,38.6,28.88,-41.0,4,0.0,-35.5,1
1,4,327286,2.9072,38.6,28.88,-41.0,4,0.0,-35.5,1
1,4,328012,2.9072,39.6,28.88,-41.0,4,0.0,-35.5,1
1,4,328738,1.6677,39.6,28.88,-41.0,4,0.0,-35.5,1
1,4,329464,2.9072,39.6,28.87,-41.0,4,0.0,-35.5,1
1,4,330190,1.3071,39.6,28.88,-41.0,4,0.0,-35.5,1
1,4,330916,1.0592,39.6,28.88,-41.0,4,0.0,-35.5,1
1,4,331642,1.6677,39.6,28.88,-41.0,4,0.0,-35.5,1
1,4,332368,1.6902,39.6,28.88,-40.5,4,0.0,-35.5,1
1,4,333094,0.0225,39.6,28.87,-41.0,4,0.0,-35.5,1
1,4,333820,1.6001,39.6,28.88,-40.5,4,0.0,-35.5,1
1,4,334546,2.8621,39.6,28.88,-41.0,4,0.0,-35.5,1
1,4,335272,2.0508,40.6,28.87,-41.0,4,0.0,-35.5,1
1,4,335998,1.9381,39.6,28.88,-41.0,4,0.0,-35.5,1
1,4,336724,1.4423,39.6,28.87,-40.5,4,0.0,-35.5,1
1,4,337450,1.3296,38.6,28.87,-41.0,4,0.0,-35.5,1
1,4,338176,1.9156,38.6,28.87,-40.5,4,0.0,-35.5,1
1,4,338902,3.4029,38.6,28.88,-41.0,4,0.0,-35.5,1
1,4,339628,1.4648,38.6,28.88,-41.0,4,0.0,-35.5,1
1,4,340354,2.4339,39.6,28.88,-41.0,4,0.0,-35.5,1
1,4,341080,2.5916,39.6,28.88,-40.5,4,0.0,-35.5,1
1,4,341806,-0.0451,38.6,28.88,-41.5,4,0.0,-35.5,1
1,4,342532,1.4423,39.6,28.87,-41.0,4,0.0,-35.5,1
1,4,343258,-0.1578,39.6,28.88,-41.0,4,0.0,-35.5,1
1,4,343984,0.7662,39.6,28.87,-41.0,4,0.0,-35.5,1
1,4,344710,0.8338,39.6,28.87,-41.0,4,0.0,-35.5,1
1,4,345436,2.1860,39.6,28.87,-41.0,4,0.0,-35.5,1
1,4,346162,2.0959,39.6,28.87,-41.0,4,0.0,-35.5,1
1,4,346888,1.2620,39.6,28.87,-40.5,4,0.0,-35.5,1
1,4,347614,1.8480,38.6,28.87,-41.0,4,0.0,-35.5,1
1,4,348340,2.8846,39.6,28.87,-41.0,4,0.0,-35.5,1
1,4,349066,0.7888,39.6,28.87,-40.5,4,0.0,-35.5,1
1,4,349792,0.7888,39.6,28.87,-40.5,4,0.0,-35.5,1
1,4,350518,2.2761,39.6,28.87,-41.0,4,0.0,-35.5,1
1,4,351244,0.4733,39.6,28.87,-41.0,4,0.0,-35.5,1
1,4,351970,2.7269,39.6,28.87,-41.0,4,0.0,-35.5,1
1,4,352696,1.8705,39.6,28.87,-40.5,4,0.0,-35.5,1
1,4,353422,1.5099,39.6,28.88,-41.0,4,0.0,-35.5,1
1,4,354148,2.0959,39.6,28.88,-40.5,4,0.0,-35.5,1
1,4,354874,1.3296,39.6,28.87,-41.0,4,0.0,-35.5,1
1,4,355600,0.0225,39.6,28.87,-40.5,4,0.0,-35.5,1
1,4,356326,0.9691,39.6,28.87,-41.0,4,0.0,-35.5,1
1,4,357052,2.2311,39.6,28.87,-41.0,4,0.0,-35.5,1
1,4,357778,2.2311,39.6,28.87,-41.0,4,0.0,-35.5,1
1,4,358504,1.4198,39.6,28.87,-41.5,4,0.0,-35.5,1
1,4,359230,1.1719,39.6,28.87,-41.0,4,0.0,-35.5,1
1,4,359956,1.6451,40.6,28.87,-41.0,4,0.0,-35.5,1
1,4,360682,2.6367,39.6,28.87,-41.0,4,0.0,-35.5,1
1,4,361408,1.1493,39.6,28.87,-41.0,4,0.0,-35.5,1
1,4,362134,1.6226,39.6,28.87,-41.0,4,0.0,-35.5,1
1,4,362860,1.3747,39.6,28.87,-41.0,4,0.0,-35.5,1
1,4,363586,0.9014,39.6,28.87,-41.0,4,0.0,-35.5,1
1,4,364312,0.9465,39.6,28.87,-41.0,4,0.0,-35.5,1
1,4,365038,-0.1578,39.6,28.87,-41.0,4,0.0,-35.5,1
1,4,365764,-0.1578,39.6,28.87,-41.0,4,0.0,-35.5,1
1,4,366490,2.2085,38.6,28.87,-41.0,4,0.0,-35.5,1
1,4,367216,-0.3380,39.6,28.87,-41.0,4,0.0,-35.5,1
1,4,367942,2.9522,39.6,28.87,-40.5,4,0.0,-35.5,1
1,4,368668,2.7719,39.6,28.87,-40.5,4,0.0,-35.5,1
1,3,6394,-0.9240,38.6,28.86,-41.5,3,0.0,-35.5,1
1,3,7120,0.3831,38.6,28.87,-41.5,3,0.0,-35.5,1
1,3,7846,-0.2028,38.6,28.86,-41.5,3,0.0,-35.5,1
1,3,8572,0.9240,38.6,28.87,-41.0,3,0.0,-35.5,1
1,3,9298,4.1241,38.6,28.87,-41.0,3,0.0,-35.5,1
1,3,10024,1.6451,38.6,28.87,-41.0,3,0.0,-35.5,1
1,3,10750,2.3212,39.6,28.87,-41.0,3,0.0,-35.5,1
1,3,11476,2.3437,38.6,28.87,-40.5,3,0.0,-35.5,1
1,3,12202,2.3663,38.6,28.87,-41.5,3,0.0,-35.5,1
1,3,12928,2.3663,39.6,28.88,-41.5,3,0.0,-35.5,1
1,3,13654,0.0901,39.6,28.87,-41.5,3,0.0,-35.5,1
1,3,14380,0.5859,39.6,28.87,-41.0,3,0.0,-35.5,1
1,3,15106,0.4507,39.6,28.87,-41.5,3,0.0,-35.5,1
1,3,15832,0.9014,39.6,28.87,-41.5,3,0.0,-35.5,1
1,3,17284,-0.6761,39.6,28.87,-41.5,3,0.0,-35.5,1
1,3,18010,-0.2704,38.6,28.88,-41.5,3,0.0,-35.5,1
1,3,18736,1.8705,39.6,28.88,-41.0,3,0.0,-35.5,1
1,3,19462,2.7269,39.6,28.88,-41.0,3,0.0,-35.5,1
1,3,20188,0.3155,39.6,28.88,-41.0,3,0.0,-35.5,1
1,3,20914,0.3155,39.6,28.89,-41.0,3,0.0,-35.5,1
1,3,21640,1.6451,39.6,28.88,-41.0,3,0.0,-35.5,1
1,3,22366,0.9465,39.6,28.88,-41.0,3,0.0,-35.5,1
1,3,23092,0.6310,38.6,28.88,-41.5,3,0.0,-35.5,1
1,3,23818,1.6902,38.6,28.89,-41.5,3,0.0,-35.5,1
1,3,24544,1.7127,39.6,28.89,-41.5,3,0.0,-35.5,1
1,3,25270,0.6310,39.6,28.89,-41.5,3,0.0,-35.5,1
1,3,25996,0.9916,39.6,28.89,-42.0,3,0.0,-35.5,1
1,3,26722,1.6902,39.6,28.89,-41.0,3,0.0,-35.5,1
1,3,27448,1.1944,39.6,28.89,-41.0,3,0.0,-35.5,1
1,3,28174,3.4480,39.6,28.89,-41.0,3,0.0,-35.5,1
1,3,28900,3.4480,39.6,28.89,-41.0,3,0.0,-35.5,1
1,3,29626,2.5015,38.6,28.89,-41.0,3,0.0,-35.5,1
1,3,30352,1.1268,38.6,28.90,-41.5,3,0.0,-35.5,1
1,3,31078,-0.0225,38.6,28.89,-41.0,3,0.0,-35.5,1
1,3,31804,1.5550,38.6,28.90,-41.0,3,0.0,-35.5,1
1,3,32530,0.0901,38.6,28.90,-41.5,3,0.0,-35.5,1
1,3,33256,0.2704,39.6,28.90,-41.0,3,0.0,-35.5,1
1,3,33982,1.5325,39.6,28.90,-41.0,3,0.0,-35.5,1
1,3,34708,0.0225,39.6,28.90,-41.5,3,0.0,-35.5,1
1,3,35434,3.7861,39.6,28.90,-41.5,3,0.0,-35.5,1
1,3,36160,0.5409,39.6,28.90,-41.0,3,0.0,-35.5,1
1,3,36886,1.0592,39.6,28.90,-41.5,3,0.0,-35.5,1
1,3,37612,1.1719,39.6,28.91,-40.5,3,0.0,-35.5,1
1,3,38338,1.6226,39.6,28.90,-41.5,3,0.0,-35.5,1
1,3,39064,2.4564,39.6,28.90,-41.0,3,0.0,-35.5,1
1,3,39790,3.8987,38.6,28.91,-41.5,3,0.0,-35.5,1
1,3,40516,2.8621,38.6,28.91,-41.0,3,0.0,-35.5,1
1,3,41242,1.5099,39.6,28.91,-41.0,3,0.0,-35.5,1
1,3,41968,0.8113,38.6,28.91,-41.0,3,0.0,-35.5,1
1,3,42694,-21.0937,38.6,28.91,-41.5,3,0.0,-35.5,0
1,3,43420,1.3071,37.6,28.91,-41.5,3,0.0,-35.5,1
1,3,44146,4.6199,38.6,28.91,-41.0,3,0.0,-35.5,1
1,3,44872,0.9465,38.6,28.91,-41.0,3,0.0,-35.5,1
1,3,45598,2.2085,38.6,28.91,-41.5,3,0.0,-35.5,1
1,3,46324,2.4790,38.6,28.91,-41.0,3,0.0,-35.5,1
1,3,47050,0.7437,38.6,28.91,-41.5,3,0.0,-35.5,1
1,3,47776,1.0817,38.6,28.91,-41.0,3,0.0,-35.5,1
1,3,48502,0.9465,38.6,28.91,-41.5,3,0.0,-35.5,1
1,3,49228,2.9973,39.6,28.91,-41.5,3,0.0,-35.5,1
1,3,49954,1.1268,39.6,28.91,-41.5,3,0.0,-35.5,1
1,3,50680,1.1268,39.6,28.91,-41.5,3,0.0,-35.5,1
1,3,51406,0.6986,39.6,28.92,-41.0,3,0.0,-35.5,1
1,3,52132,0.8113,39.6,28.91,-41.5,3,0.0,-35.5,1
1,3,52858,5.3636,39.6,28.91,-41.5,3,0.0,-35.5,1
1,3,53584,3.0649,39.6,28.92,-41.5,3,0.0,-35.5,1
1,3,54310,0.2479,39.6,28.92,-41.5,3,0.0,-35.5,1
1,3,55036,-0.5634,39.6,28.92,-41.5,3,0.0,-35.5,1
1,3,55762,0.6085,39.6,28.91,-41.5,3,0.0,-35.5,1
1,3,56488,3.5382,38.6,28.91,-40.0,3,0.0,-35.5,1
1,3,57214,-1.3071,38.6,28.92,-41.5,3,0.0,-35.5,1
1,3,57940,2.0959,39.6,28.91,-41.0,3,0.0,-35.5,1
1,3,58666,2.0959,38.6,28.92,-41.0,3,0.0,-35.5,1
1,3,59392,1.0592,38.6,28.91,-41.5,3,0.0,-35.5,1
1,3,60118,-0.1803,38.6,28.92,-41.5,3,0.0,-35.5,1
1,3,60844,0.2930,38.6,28.92,-42.0,3,0.0,-35.5,1
1,3,61570,1.6902,38.6,28.92,-41.0,3,0.0,-35.5,1
1,3,62296,1.5325,38.6,28.92,-41.5,3,0.0,-35.5,1
1,3,63022,2.5015,38.6,28.92,-41.5,3,0.0,-35.5,1
1,3,63748,2.2761,38.6,28.92,-41.0,3,0.0,-35.5,1
1,3,64474,1.2169,39.6,28.92,-41.5,3,0.0,-35.5,1
1,3,65200,2.7269,39.6,28.92,-41.0,3,0.0,-35.5,1
1,3,65926,1.1944,39.6,28.92,-41.0,3,0.0,-35.5,1
1,3,66652,1.1944,39.6,28.92,-41.0,3,0.0,-35.5,1
1,3,67378,-0.6310,39.6,28.92,-41.0,3,0.0,-35.5,1
1,3,68104,1.7127,39.6,28.92,-41.5,3,0.0,-35.5,1
1,3,68830,1.5325,40.6,28.92,-41.0,3,0.0,-35.5,1
1,3,69556,1.7803,39.6,28.93,-41.5,3,0.0,-35.5,1
1,3,70282,0.2930,38.6,28.92,-41.5,3,0.0,-35.5,1
1,3,71008,-0.2704,38.6,28.92,-41.5,3,0.0,-35.5,1
1,3,71734,-0.0225,38.6,28.93,-41.0,3,0.0,-35.5,1
1,3,72460,2.2311,39.6,28.92,-41.5,3,0.0,-35.5,1
1,3,73186,0.7437,39.6,28.92,-41.0,3,0.0,-35.5,1
1,3,73912,1.9381,39.6,28.93,-41.0,3,0.0,-35.5,1
1,3,74638,1.9381,39.6,28.93,-41.0,3,0.0,-35.5,1
1,3,75364,0.7662,39.6,28.92,-41.0,3,0.0,-35.5,1
1,3,76090,1.4198,39.6,28.92,-41.5,3,0.0,-35.5,1
1,3,76816,2.1860,39.6,28.92,-41.5,3,0.0,-35.5,1
1,3,77542,3.6283,39.6,28.93,-41.5,3,0.0,-35.5,1
1,3,78268,1.2395,39.6,28.92,-41.5,3,0.0,-35.5,1
1,3,78994,0.5409,39.6,28.93,-41.0,3,0.0,-35.5,1
1,3,79720,3.4706,39.6,28.92,-41.5,3,0.0,-35.5,1
1,3,80446,1.1493,39.6,28.92,-41.0,3,0.0,-35.5,1
1,3,81172,-0.3155,39.6,28.92,-41.0,3,0.0,-35.5,1
1,3,81898,4.2142,38.6,28.93,-41.0,3,0.0,-35.5,1
1,3,82624,4.2142,39.6,28.93,-41.0,3,0.0,-35.5,1
1,3,83350,0.8789,39.6,28.93,-41.0,3,0.0,-35.5,1
1,3,84076,3.1776,39.6,28.92,-41.5,3,0.0,-35.5,1
1,3,84802,-0.0451,39.6,28.93,-41.0,3,0.0,-35.5,1
1,3,85528,2.7043,39.6,28.92,-41.0,3,0.0,-35.5,1
1,3,86254,2.5916,39.6,28.93,-41.0,3,0.0,-35.5,1
1,3,86980,-1.7803,39.6,28.93,-41.0,3,0.0,-35.5,1
1,3,87706,2.4339,39.6,28.92,-41.0,3,0.0,-35.5,1
1,3,88432,2.5691,39.6,28.92,-41.0,3,0.0,-35.5,1
1,3,89158,1.1268,39.6,28.93,-41.5,3,0.0,-35.5,1
1,3,89884,3.4931,39.6,28.93,-41.0,3,0.0,-35.5,1
1,3,90610,-0.5409,39.6,28.92,-41.0,3,0.0,-35.5,1
1,3,91336,0.7437,39.6,28.92,-41.0,3,0.0,-35.5,1
1,3,92062,-0.7662,39.6,28.92,-41.5,3,0.0,-35.5,1
1,3,92788,3.1325,39.6,28.92,-41.0,3,0.0,-35.5,1
1,3,93514,1.5099,39.6,28.92,-41.5,3,0.0,-35.5,1
1,3,94240,0.8113,39.6,28.92,-42.0,3,0.0,-35.5,1
1,3,94966,1.7127,38.6,28.92,-41.5,3,0.0,-35.5,1
1,3,95692,1.8254,38.6,28.93,-41.0,3,0.0,-35.5,1
1,3,96418,2.0057,38.6,28.92,-41.5,3,0.0,-35.5,1
1,3,97144,3.7410,39.6,28.93,-41.5,3,0.0,-35.5,1
1,3,97870,1.0141,39.6,28.92,-41.5,3,0.0,-35.5,1
1,3,98596,2.3888,39.6,28.92,-41.0,3,0.0,-35.5,1
1,3,99322,-1.5325,39.6,28.92,-41.5,3,0.0,-35.5,1
1,3,100048,2.0057,39.6,28.93,-41.0,3,0.0,-35.5,1
1,3,100774,0.5859,39.6,28.93,-41.0,3,0.0,-35.5,1
1,3,101500,1.7803,39.6,28.92,-41.5,3,0.0,-35.5,1
1,3,102226,-1.0141,39.6,28.93,-41.5,3,0.0,-35.5,1
1,3,102952,3.2452,39.6,28.93,-41.5,3,0.0,-35.5,1
1,3,103678,2.2536,39.6,28.92,-41.0,3,0.0,-35.5,1
1,3,104404,2.2536,38.6,28.92,-41.0,3,0.0,-35.5,1
1,3,105130,2.4564,39.6,28.92,-41.0,3,0.0,-35.5,1
1,3,105856,0.3380,38.6,28.92,-41.0,3,0.0,-35.5,1
1,3,106582,-0.6085,39.6,28.92,-40.5,3,0.0,-35.5,1
1,3,107308,-1.0592,39.6,28.92,-41.5,3,0.0,-35.5,1
1,3,108034,2.8621,39.6,28.92,-41.5,3,0.0,-35.5,1
1,3,108760,1.1268,39.6,28.92,-41.5,3,0.0,-35.5,1
1,3,109486,1.5099,38.6,28.92,-41.0,3,0.0,-35.5,1
1,3,110212,3.6508,38.6,28.93,-41.0,3,0.0,-35.5,1
1,3,110938,2.3437,38.6,28.93,-41.0,3,0.0,-35.5,1
1,3,111664,4.3945,38.6,28.92,-41.5,3,0.0,-35.5,1
1,3,112390,4.3945,39.6,28.93,-41.5,3,0.0,-35.5,1
1,3,113116,2.5015,39.6,28.93,-41.5,3,0.0,-35.5,1
1,3,113842,-0.9916,39.6,28.93,-41.0,3,0.0,-35.5,1
1,3,114568,1.6001,39.6,28.93,-41.0,3,0.0,-35.5,1
1,3,115294,1.9381,39.6,28.93,-41.5,3,0.0,-35.5,1
1,3,116020,-1.1944,39.6,28.93,-41.5,3,0.0,-35.5,1
1,3,116746,0.7662,39.6,28.93,-41.5,3,0.0,-35.5,1
1,3,117472,-0.1127,39.6,28.93,-41.0,3,0.0,-35.5,1
1,3,118198,0.5183,39.6,28.92,-41.5,3,0.0,-35.5,1
1,3,118924,-2.7719,39.6,28.92,-40.5,3,0.0,-35.5,1
1,3,119650,0.2704,39.6,28.92,-41.5,3,0.0,-35.5,1
1,3,120376,0.2704,39.6,28.92,-41.5,3,0.0,-35.5,1
1,3,121102,1.8480,39.6,28.92,-41.5,3,0.0,-35.5,1
1,3,121828,-0.3831,39.6,28.92,-41.5,3,0.0,-35.5,1
1,3,122554,0.8564,39.6,28.93,-41.5,3,0.0,-35.5,1
1,3,123280,0.8789,38.6,28.93,-41.0,3,0.0,-35.5,1
1,3,124006,1.0367,38.6,28.92,-41.0,3,0.0,-35.5,1
1,3,124732,0.8564,38.6,28.93,-41.0,3,0.0,-35.5,1
1,3,125458,-0.1578,38.6,28.92,-41.0,3,0.0,-35.5,1
1,3,126184,3.9438,39.6,28.93,-41.0,3,0.0,-35.5,1
1,3,126910,-0.2704,39.6,28.93,-41.0,3,0.0,-35.5,1
1,3,127636,2.5691,39.6,28.92,-41.0,3,0.0,-35.5,1
1,3,128362,2.5691,39.6,28.92,-41.0,3,0.0,-35.5,1
1,3,129088,2.2085,39.6,28.92,-41.0,3,0.0,-35.5,1
1,3,129814,2.3888,39.6,28.92,-41.0,3,0.0,-35.5,1
1,3,130540,2.0057,39.6,28.92,-41.0,3,0.0,-35.5,1
1,3,131266,3.8762,39.6,28.93,-41.5,3,0.0,-35.5,1
1,3,131992,0.3606,39.6,28.92,-41.5,3,0.0,-35.5,1
1,3,132718,1.7127,39.6,28.92,-41.0,3,0.0,-35.5,1
1,3,133444,1.1268,39.6,28.92,-41.5,3,0.0,-35.5,1
1,3,134170,1.1493,39.6,28.92,-41.5,3,0.0,-35.5,1
1,3,134896,0.5409,39.6,28.92,-41.5,3,0.0,-35.5,1
1,3,135622,1.8930,39.6,28.92,-41.0,3,0.0,-35.5,1
1,3,136348,1.8930,39.6,28.92,-41.0,3,0.0,-35.5,1
1,3,137074,-0.2254,39.6,28.92,-41.0,3,0.0,-35.5,1
1,3,137800,2.8395,39.6,28.92,-41.0,3,0.0,-35.5,1
1,3,138526,-1.6902,39.6,28.92,-41.5,3,0.0,-35.5,1
1,3,139252,3.4931,39.6,28.92,-41.5,3,0.0,-35.5,1
1,3,139978,1.6451,39.6,28.92,-41.5,3,0.0,-35.5,1
1,3,140704,2.6367,38.6,28.92,-41.0,3,0.0,-35.5,1
1,3,141430,1.1493,39.6,28.92,-41.5,3,0.0,-35.5,1
1,3,142156,1.4423,39.6,28.92,-41.5,3,0.0,-35.5,1
1,3,142882,1.5775,38.6,28.92,-41.5,3,0.0,-35.5,1
1,3,143608,1.8480,38.6,28.92,-41.5,3,0.0,-35.5,1
1,3,144334,0.1352,38.6,28.92,-41.0,3,0.0,-35.5,1
1,3,145060,2.9748,38.6,28.92,-41.0,3,0.0,-35.5,1
1,3,145786,0.4733,39.6,28.92,-41.5,3,0.0,-35.5,1
1,3,146512,2.3437,39.6,28.92,-41.0,3,0.0,-35.5,1
1,3,147238,1.3071,39.6,28.93,-41.0,3,0.0,-35.5,1
1,3,147964,1.8930,39.6,28.92,-41.0,3,0.0,-35.5,1
1,3,148690,0.4507,39.6,28.92,-41.0,3,0.0,-35.5,1
1,3,149416,0.9240,39.6,28.93,-41.0,3,0.0,-35.5,1
1,3,150142,0.7662,39.6,28.93,-41.5,3,0.0,-35.5,1
1,3,150868,2.3663,39.6,28.93,-41.0,3,0.0,-35.5,1
1,3,151594,1.2395,39.6,28.92,-41.0,3,0.0,-35.5,1
1,3,152320,0.9465,39.6,28.93,-41.5,3,0.0,-35.5,1
1,3,153046,1.1719,39.6,28.92,-41.0,3,0.0,-35.5,1
1,3,153772,1.6677,39.6,28.92,-41.5,3,0.0,-35.5,1
1,3,154498,3.3579,39.6,28.92,-41.0,3,0.0,-35.5,1
1,3,155224,2.5240,39.6,28.92,-41.0,3,0.0,-35.5,1
1,3,155950,1.6902,39.6,28.92,-41.5,3,0.0,-35.5,1
1,3,156676,2.5916,39.6,28.92,-41.5,3,0.0,-35.5,1
1,3,157402,4.1016,39.6,28.92,-41.5,3,0.0,-35.5,1
1,3,158128,4.1016,40.6,28.92,-41.5,3,0.0,-35.5,1
1,3,158854,1.0367,39.6,28.92,-41.5,3,0.0,-35.5,1
1,3,159580,-0.2479,39.6,28.92,-41.5,3,0.0,-35.5,1
1,3,160306,1.4423,39.6,28.92,-41.0,3,0.0,-35.5,1
1,3,161032,4.7551,39.6,28.92,-41.0,3,0.0,-35.5,1
1,3,161758,3.0424,39.6,28.92,-40.5,3,0.0,-35.5,1
1,3,162484,4.0565,39.6,28.92,-41.0,3,0.0,-35.5,1
1,3,163210,1.0367,39.6,28.92,-41.0,3,0.0,-35.5,1
1,3,163936,1.6451,39.6,28.92,-41.5,3,0.0,-35.5,1
1,3,164662,2.0057,39.6,28.91,-40.5,3,0.0,-35.5,1
1,3,165388,2.2536,38.6,28.92,-41.5,3,0.0,-35.5,1
1,3,166114,2.2536,38.6,28.91,-41.5,3,0.0,-35.5,1
1,3,166840,1.6902,38.6,28.92,-41.0,3,0.0,-35.5,1
1,3,167566,2.0733,39.6,28.92,-41.5,3,0.0,-35.5,1
1,3,168292,0.9465,39.6,28.92,-41.5,3,0.0,-35.5,1
1,3,169018,0.2930,39.6,28.92,-41.5,3,0.0,-35.5,1
1,3,169744,0.8564,40.6,28.92,-41.0,3,0.0,-35.5,1
1,3,170470,2.7043,40.6,28.92,-41.5,3,0.0,-35.5,1
1,3,171196,1.2846,39.6,28.92,-41.0,3,0.0,-35.5,1
1,3,171922,1.0817,39.6,28.91,-41.5,3,0.0,-35.5,1
1,3,172648,3.0198,39.6,28.92,-41.5,3,0.0,-35.5,1
1,3,173374,4.2593,39.6,28.91,-41.0,3,0.0,-35.5,1
1,3,174100,4.2593,38.6,28.91,-41.0,3,0.0,-35.5,1
1,3,174826,0.2704,38.6,28.91,-41.0,3,0.0,-35.5,1
1,3,175552,3.0424,39.6,28.91,-41.0,3,0.0,-35.5,1
1,3,176278,1.8029,39.6,28.91,-41.0,3,0.0,-35.5,1
1,3,177004,2.9748,39.6,28.91,-41.0,3,0.0,-35.5,1
1,3,177730,1.9381,38.6,28.91,-41.5,3,0.0,-35.5,1
1,3,178456,0.3831,38.6,28.91,-41.5,3,0.0,-35.5,1
1,3,179182,1.7127,38.6,28.92,-41.5,3,0.0,-35.5,1
1,3,179908,2.9973,38.6,28.91,-41.0,3,0.0,-35.5,1
1,3,180634,1.0817,38.6,28.91,-41.0,3,0.0,-35.5,1
1,3,181360,0.5859,39.6,28.91,-41.5,3,0.0,-35.5,1
1,3,182086,0.5859,39.6,28.91,-41.5,3,0.0,-35.5,1
1,3,182812,0.7888,39.6,28.91,-41.0,3,0.0,-35.5,1
1,3,183538,0.5183,39.6,28.91,-41.0,3,0.0,-35.5,1
1,3,184264,1.9381,39.6,28.91,-42.0,3,0.0,-35.5,1
1,3,184990,3.4255,38.6,28.91,-41.0,3,0.0,-35.5,1
1,3,185716,2.5240,39.6,28.91,-41.5,3,0.0,-35.5,1
1,3,186442,0.4056,39.6,28.91,-41.5,3,0.0,-35.5,1
1,3,187168,0.0225,38.6,28.91,-41.5,3,0.0,-35.5,1
1,3,187894,0.2479,38.6,28.91,-41.5,3,0.0,-35.5,1
1,3,188620,2.2085,38.6,28.91,-41.0,3,0.0,-35.5,1
1,3,189346,0.9465,38.6,28.91,-41.0,3,0.0,-35.5,1
1,3,190072,0.9465,39.6,28.91,-41.0,3,0.0,-35.5,1
1,3,190798,0.9916,39.6,28.91,-41.5,3,0.0,-35.5,1
1,3,191524,0.7662,39.6,28.91,-41.0,3,0.0,-35.5,1
1,3,192250,2.0057,39.6,28.91,-40.5,3,0.0,-35.5,1
1,3,192976,2.2536,39.6,28.91,-41.0,3,0.0,-35.5,1
1,3,193702,2.2987,39.6,28.91,-41.0,3,0.0,-35.5,1
1,3,194428,-0.4958,39.6,28.91,-41.5,3,0.0,-35.5,1
1,3,195154,0.6310,39.6,28.91,-41.5,3,0.0,-35.5,1
1,3,195880,1.2169,39.6,28.91,-42.0,3,0.0,-35.5,1
1,3,196606,3.0198,39.6,28.91,-41.5,3,0.0,-35.5,1
1,3,197332,-0.8113,39.6,28.91,-41.0,3,0.0,-35.5,1
1,3,198058,1.9156,39.6,28.91,-41.0,3,0.0,-35.5,1
1,3,198784,0.9691,39.6,28.91,-41.5,3,0.0,-35.5,1
1,3,199510,1.5550,38.6,28.90,-41.5,3,0.0,-35.5,1
1,3,200236,1.3972,38.6,28.90,-41.5,3,0.0,-35.5,1
1,3,200962,-1.1043,38.6,28.91,-41.0,3,0.0,-35.5,1
1,3,201688,-0.2479,38.6,28.91,-41.5,3,0.0,-35.5,1
1,3,202414,0.8789,39.6,28.91,-41.0,3,0.0,-35.5,1
1,3,203140,2.3212,39.6,28.90,-41.5,3,0.0,-35.5,1
1,3,203866,0.7212,39.6,28.91,-41.5,3,0.0,-35.5,1
1,3,204592,2.4564,39.6,28.91,-40.5,3,0.0,-35.5,1
1,3,205318,-0.3380,39.6,28.91,-41.0,3,0.0,-35.5,1
1,3,206044,4.9129,39.6,28.91,-41.0,3,0.0,-35.5,1
1,3,206770,2.8395,38.6,28.91,-41.0,3,0.0,-35.5,1
1,3,207496,0.7437,39.6,28.91,-41.5,3,0.0,-35.5,1
1,3,208222,-0.0225,39.6,28.91,-41.5,3,0.0,-35.5,1
1,3,208948,2.1860,39.6,28.90,-41.5,3,0.0,-35.5,1
1,3,209674,2.9072,39.6,28.91,-41.0,3,0.0,-35.5,1
1,3,210400,2.0508,39.6,28.91,-40.5,3,0.0,-35.5,1
1,3,211126,4.6199,39.6,28.91,-41.0,3,0.0,-35.5,1
1,3,211852,4.6199,39.6,28.91,-41.0,3,0.0,-35.5,1
1,3,212578,-1.4423,39.6,28.91,-41.5,3,0.0,-35.5,1
1,3,213304,3.3353,39.6,28.91,-41.5,3,0.0,-35.5,1
1,3,214030,2.8170,39.6,28.91,-41.0,3,0.0,-35.5,1
1,3,214756,1.9832,39.6,28.90,-41.5,3,0.0,-35.5,1
1,3,215482,2.9522,38.6,28.90,-41.0,3,0.0,-35.5,1
1,3,216208,-0.4958,39.6,28.90,-41.0,3,0.0,-35.5,1
1,3,216934,3.5382,39.6,28.91,-41.0,3,0.0,-35.5,1
1,3,217660,-0.6310,39.6,28.91,-41.5,3,0.0,-35.5,1
1,3,218386,1.3747,39.6,28.90,-41.0,3,0.0,-35.5,1
1,3,219112,-0.4733,39.6,28.91,-41.0,3,0.0,-35.5,1
1,3,219838,-0.4733,39.6,28.91,-41.0,3,0.0,-35.5,1
1,3,220564,0.9465,39.6,28.91,-41.5,3,0.0,-35.5,1
1,3,221290,1.3071,38.6,28.91,-41.0,3,0.0,-35.5,1
1,3,222016,1.2846,39.6,28.91,-41.0,3,0.0,-35.5,1
1,3,222742,1.7127,39.6,28.91,-41.5,3,0.0,-35.5,1
1,3,223468,2.3212,39.6,28.91,-41.5,3,0.0,-35.5,1
1,3,224194,0.5634,39.6,28.90,-41.5,3,0.0,-35.5,1
1,3,224920,1.0367,39.6,28.90,-41.5,3,0.0,-35.5,1
1,3,225646,1.4648,39.6,28.90,-41.5,3,0.0,-35.5,1
1,3,226372,-0.0225,39.6,28.91,-41.5,3,0.0,-35.5,1
1,3,227098,2.8395,39.6,28.91,-41.0,3,0.0,-35.5,1
1,3,227824,2.8395,39.6,28.91,-41.0,3,0.0,-35.5,1
1,3,228550,-0.6761,39.6,28.91,-41.0,3,0.0,-35.5,1
1,3,229276,2.3212,39.6,28.91,-41.5,3,0.0,-35.5,1
1,3,230002,0.9916,38.6,28.91,-41.5,3,0.0,-35.5,1
1,3,230728,0.1803,38.6,28.91,-41.0,3,0.0,-35.5,1
1,3,231454,2.3663,38.6,28.91,-41.5,3,0.0,-35.5,1
1,3,232180,0.8789,39.6,28.90,-42.0,3,0.0,-35.5,1
1,3,232906,1.8029,39.6,28.90,-41.5,3,0.0,-35.5,1
1,3,233632,0.9014,39.6,28.91,-41.0,3,0.0,-35.5,1
1,3,234358,2.2761,39.6,28.90,-41.5,3,0.0,-35.5,1
1,3,235084,1.6226,39.6,28.91,-41.5,3,0.0,-35.5,1
1,3,235810,1.6226,39.6,28.91,-41.5,3,0.0,-35.5,1
1,3,236536,0.4282,39.6,28.91,-41.5,3,0.0,-35.5,1
1,3,237262,2.6593,39.6,28.90,-41.0,3,0.0,-35.5,1
1,3,237988,3.2227,39.6,28.91,-41.0,3,0.0,-35.5,1
1,3,238714,2.4564,39.6,28.90,-41.0,3,0.0,-35.5,1
1,3,239440,-0.2028,39.6,28.91,-41.0,3,0.0,-35.5,1
1,3,240166,3.4029,39.6,28.91,-41.0,3,0.0,-35.5,1
1,3,240892,0.4507,38.6,28.90,-41.0,3,0.0,-35.5,1
1,3,241618,3.0424,39.6,28.90,-40.5,3,0.0,-35.5,1
1,3,242344,0.9691,39.6,28.91,-41.5,3,0.0,-35.5,1
1,3,243070,-0.0676,39.6,28.90,-41.0,3,0.0,-35.5,1
1,3,243796,-0.0676,39.6,28.91,-41.0,3,0.0,-35.5,1
1,3,244522,2.9973,39.6,28.91,-41.0,3,0.0,-35.5,1
1,3,245248,0.6310,39.6,28.91,-41.0,3,0.0,-35.5,1
1,3,245974,1.9156,39.6,28.91,-41.0,3,0.0,-35.5,1
1,3,246700,2.3888,39.6,28.90,-41.0,3,0.0,-35.5,1
1,3,247426,-0.4282,39.6,28.90,-41.0,3,0.0,-35.5,1
1,3,248152,0.5409,39.6,28.90,-41.5,3,0.0,-35.5,1
1,3,248878,3.2903,39.6,28.90,-40.5,3,0.0,-35.5,1
1,3,249604,1.7803,39.6,28.91,-41.5,3,0.0,-35.5,1
1,3,250330,1.8930,39.6,28.91,-41.0,3,0.0,-35.5,1
1,3,251056,0.5634,39.6,28.90,-41.5,3,0.0,-35.5,1
1,3,251782,0.5634,39.6,28.90,-41.5,3,0.0,-35.5,1
1,3,252508,0.3606,39.6,28.90,-41.5,3,0.0,-35.5,1
1,3,253234,1.2395,39.6,28.90,-41.0,3,0.0,-35.5,1
1,3,253960,-0.8113,39.6,28.90,-41.5,3,0.0,-35.5,1
1,3,254686,-0.4507,39.6,28.90,-41.0,3,0.0,-35.5,1
1,3,255412,2.1860,39.6,28.90,-41.0,3,0.0,-35.5,1
1,3,256138,2.0733,39.6,28.90,-41.0,3,0.0,-35.5,1
1,3,256864,0.8789,39.6,28.90,-41.5,3,0.0,-35.5,1
1,3,257590,-2.1860,38.6,28.90,-41.5,3,0.0,-35.5,1
1,3,258316,1.6451,39.6,28.90,-41.0,3,0.0,-35.5,1
1,3,259042,0.9916,39.6,28.90,-41.0,3,0.0,-35.5,1
1,3,259768,2.1860,39.6,28.90,-41.0,3,0.0,-35.5,1
1,3,260494,-0.0451,39.6,28.90,-41.0,3,0.0,-35.5,1
1,3,261220,2.0959,39.6,28.90,-41.5,3,0.0,-35.5,1
1,3,261946,0.9691,38.6,28.91,-41.5,3,0.0,-35.5,1
1,3,262672,1.9832,39.6,28.90,-41.5,3,0.0,-35.5,1
1,3,263398,0.5634,39.6,28.90,-41.5,3,0.0,-35.5,1
1,3,264124,0.2704,39.6,28.90,-42.0,3,0.0,-35.5,1
1,3,264850,0.2704,39.6,28.90,-41.5,3,0.0,-35.5,1
1,3,265576,-16.1133,39.6,28.91,-42.0,3,0.0,-35.5,0
1,3,266302,0.8564,39.6,28.90,-41.5,3,0.0,-35.5,1
1,3,267028,1.2395,39.6,28.91,-41.0,3,0.0,-35.5,1
1,3,267754,1.7803,39.6,28.90,-41.0,3,0.0,-35.5,1
1,3,268480,1.2395,39.6,28.91,-41.5,3,0.0,-35.5,1
1,3,269206,4.8678,39.6,28.91,-41.5,3,0.0,-35.5,1
1,3,269932,0.8564,39.6,28.91,-41.5,3,0.0,-35.5,1
1,3,270658,1.6451,39.6,28.90,-41.0,3,0.0,-35.5,1
1,3,271384,0.4733,39.6,28.90,-41.5,3,0.0,-35.5,1
1,3,272110,1.4874,39.6,28.90,-41.5,3,0.0,-35.5,1
1,3,272836,0.7662,39.6,28.90,-41.5,3,0.0,-35.5,1
1,3,273562,0.7662,38.6,28.90,-41.5,3,0.0,-35.5,1
1,3,274288,0.0451,39.6,28.90,-41.0,3,0.0,-35.5,1
1,3,275014,1.4874,38.6,28.89,-41.0,3,0.0,-35.5,1
1,3,275740,0.7662,38.6,28.90,-40.5,3,0.0,-35.5,1
1,3,276466,0.1803,38.6,28.90,-41.0,3,0.0,-35.5,1
1,3,277192,-0.1803,39.6,28.90,-41.5,3,0.0,-35.5,1
1,3,277918,0.5634,39.6,28.90,-41.5,3,0.0,-35.5,1
1,3,278644,0.3380,39.6,28.90,-41.5,3,0.0,-35.5,1
1,3,279370,2.0057,39.6,28.90,-41.5,3,0.0,-35.5,1
1,3,280096,2.7719,39.6,28.90,-41.5,3,0.0,-35.5,1
1,3,280822,2.4114,39.6,28.89,-41.0,3,0.0,-35.5,1
1,3,281548,2.4114,39.6,28.89,-41.0,3,0.0,-35.5,1
1,3,282274,1.5099,39.6,28.90,-41.0,3,0.0,-35.5,1
1,3,283000,2.4790,39.6,28.90,-41.0,3,0.0,-35.5,1
1,3,283726,4.1241,39.6,28.89,-41.5,3,0.0,-35.5,1
1,3,284452,1.1268,39.6,28.90,-41.5,3,0.0,-35.5,1
1,3,285178,2.6818,39.6,28.89,-41.5,3,0.0,-35.5,1
1,3,285904,-1.1944,38.6,28.89,-41.0,3,0.0,-35.5,1
1,3,286630,4.3945,39.6,28.89,-41.5,3,0.0,-35.5,1
1,3,287356,0.5859,39.6,28.89,-41.5,3,0.0,-35.5,1
1,3,288082,0.6535,39.6,28.88,-41.5,3,0.0,-35.5,1
1,3,288808,1.4198,38.6,28.89,-41.0,3,0.0,-35.5,1
1,3,289534,1.4198,39.6,28.88,-41.0,3,0.0,-35.5,1
1,3,290260,1.2169,38.6,28.89,-41.5,3,0.0,-35.5,1
1,3,290986,2.3663,39.6,28.89,-41.5,3,0.0,-35.5,1
1,3,291712,0.4958,39.6,28.89,-42.0,3,0.0,-35.5,1
1,3,293164,2.3212,39.6,28.89,-41.0,3,0.0,-35.5,1
1,3,293890,1.0141,39.6,28.89,-41.0,3,0.0,-35.5,1
1,3,294616,2.5916,39.6,28.89,-41.5,3,0.0,-35.5,1
1,3,295342,1.8930,39.6,28.89,-41.5,3,0.0,-35.5,1
1,3,296068,1.2169,39.6,28.89,-41.5,3,0.0,-35.5,1
1,3,296794,2.8395,38.6,28.89,-41.0,3,0.0,-35.5,1
1,3,297520,2.8395,39.6,28.89,-41.0,3,0.0,-35.5,1
1,3,298246,1.9381,39.6,28.89,-40.5,3,0.0,-35.5,1
1,3,298972,1.2846,39.6,28.89,-41.5,3,0.0,-35.5,1
1,3,299698,1.8930,39.6,28.89,-41.5,3,0.0,-35.5,1
1,3,300424,0.4282,38.6,28.89,-41.5,3,0.0,-35.5,1
1,3,301150,1.8480,39.6,28.89,-41.0,3,0.0,-35.5,1
1,3,301876,-0.2930,39.6,28.89,-41.5,3,0.0,-35.5,1
1,3,302602,0.5634,39.6,28.88,-41.5,3,0.0,-35.5,1
1,3,303328,2.1860,39.6,28.88,-41.5,3,0.0,-35.5,1
1,3,304054,1.3071,39.6,28.89,-41.5,3,0.0,-35.5,1
1,3,304780,2.2536,39.6,28.88,-41.0,3,0.0,-35.5,1
1,3,305506,2.2536,39.6,28.88,-41.0,3,0.0,-35.5,1
1,3,306958,-0.0451,39.6,28.89,-41.5,3,0.0,-35.5,1
1,3,307684,-0.2479,39.6,28.88,-41.5,3,0.0,-35.5,1
1,3,308410,-0.3831,39.6,28.89,-41.5,3,0.0,-35.5,1
1,3,309136,3.2452,38.6,28.89,-41.0,3,0.0,-35.5,1
1,3,309862,0.7437,38.6,28.88,-42.0,3,0.0,-35.5,1
1,3,310588,1.0141,39.6,28.89,-41.0,3,0.0,-35.5,1
1,3,311314,-2.6142,39.6,28.89,-41.5,3,0.0,-35.5,1
1,3,312040,2.9748,39.6,28.89,-41.0,3,0.0,-35.5,1
1,3,312766,-0.1127,39.6,28.89,-41.5,3,0.0,-35.5,1
1,3,313492,2.7043,39.6,28.89,-41.0,3,0.0,-35.5,1
1,3,314218,1.8480,39.6,28.89,-41.5,3,0.0,-35.5,1
1,3,314944,1.3747,39.6,28.89,-41.0,3,0.0,-35.5,1
1,3,315670,2.3212,39.6,28.88,-41.5,3,0.0,-35.5,1
1,3,316396,2.0508,39.6,28.88,-41.0,3,0.0,-35.5,1
1,3,317122,-0.4733,39.6,28.89,-41.0,3,0.0,-35.5,1
1,3,317848,2.7719,38.6,28.89,-41.5,3,0.0,-35.5,1
1,3,318574,1.6226,38.6,28.88,-41.0,3,0.0,-35.5,1
1,3,319300,-0.3606,39.6,28.89,-41.0,3,0.0,-35.5,1
1,3,320026,0.3155,39.6,28.88,-41.0,3,0.0,-35.5,1
1,3,320752,2.2987,38.6,28.88,-41.5,3,0.0,-35.5,1
1,3,321478,1.8029,39.6,28.89,-41.0,3,0.0,-35.5,1
1,3,322204,-0.6761,39.6,28.88,-41.0,3,0.0,-35.5,1
1,3,322930,0.5859,39.6,28.88,-41.5,3,0.0,-35.5,1
1,3,323656,-0.7888,39.6,28.88,-41.5,3,0.0,-35.5,1
1,3,324382,0.3831,39.6,28.88,-41.0,3,0.0,-35.5,1
1,3,325108,2.2536,39.6,28.88,-41.5,3,0.0,-35.5,1
1,3,325834,0.6310,39.6,28.88,-41.0,3,0.0,-35.5,1
1,3,326560,1.7353,39.6,28.88,-41.5,3,0.0,-35.5,1
1,3,327286,1.7353,39.6,28.88,-41.5,3,0.0,-35.5,1
1,3,328012,-1.1719,40.6,28.88,-41.0,3,0.0,-35.5,1
1,3,328738,1.2395,39.6,28.88,-41.0,3,0.0,-35.5,1
1,3,329464,0.3606,39.6,28.88,-41.0,3,0.0,-35.5,1
1,3,330190,1.6451,40.6,28.88,-41.0,3,0.0,-35.5,1
1,3,330916,2.3212,39.6,28.87,-41.0,3,0.0,-35.5,1
1,3,331642,2.0733,39.6,28.88,-41.5,3,0.0,-35.5,1
1,3,332368,1.7353,38.6,28.88,-41.0,3,0.0,-35.5,1
1,3,333094,1.4198,39.6,28.88,-41.0,3,0.0,-35.5,1
1,3,333820,2.7043,39.6,28.88,-41.5,3,0.0,-35.5,1
1,3,334546,0.2254,39.6,28.88,-41.5,3,0.0,-35.5,1
1,3,335272,0.2254,39.6,28.88,-41.5,3,0.0,-35.5,1
1,3,335998,1.0367,39.6,28.88,-41.0,3,0.0,-35.5,1
1,3,336724,-0.3155,39.6,28.88,-41.5,3,0.0,-35.5,1
1,3,337450,3.7861,39.6,28.88,-41.5,3,0.0,-35.5,1
1,3,338176,0.6085,38.6,28.88,-41.5,3,0.0,-35.5,1
1,3,338902,0.6986,38.6,28.88,-41.5,3,0.0,-35.5,1
1,3,339628,2.3212,39.6,28.88,-41.5,3,0.0,-35.5,1
1,3,340354,0.0451,38.6,28.88,-41.5,3,0.0,-35.5,1
1,3,341080,4.3945,39.6,28.88,-41.0,3,0.0,-35.5,1
1,3,341806,0.9691,39.6,28.88,-41.5,3,0.0,-35.5,1
1,3,342532,-0.1578,39.6,28.87,-40.0,3,0.0,-35.5,1
1,3,343258,-0.1578,38.6,28.87,-40.0,3,0.0,-35.5,1
1,3,343984,0.8564,39.6,28.87,-41.0,3,0.0,-35.5,1
1,3,344710,2.2311,39.6,28.88,-41.0,3,0.0,-35.5,1
1,3,345436,1.6902,38.6,28.87,-42.0,3,0.0,-35.5,1
1,3,346162,2.9748,39.6,28.88,-41.5,3,0.0,-35.5,1
1,3,346888,0.4733,38.6,28.88,-41.0,3,0.0,-35.5,1
1,3,347614,0.2028,38.6,28.88,-40.0,3,0.0,-35.5,1
1,3,348340,1.9606,38.6,28.87,-41.5,3,0.0,-35.5,1
1,3,349066,1.2620,38.6,28.87,-41.5,3,0.0,-35.5,1
1,3,349792,2.5015,39.6,28.88,-41.5,3,0.0,-35.5,1
1,3,350518,1.1719,39.6,28.87,-42.0,3,0.0,-35.5,1
1,3,351244,1.1719,39.6,28.87,-42.0,3,0.0,-35.5,1
1,3,351970,1.2395,39.6,28.87,-41.5,3,0.0,-35.5,1
1,3,352696,0.8564,39.6,28.88,-41.0,3,0.0,-35.5,1
1,3,353422,0.7662,39.6,28.88,-41.0,3,0.0,-35.5,1
1,3,354148,2.7269,39.6,28.87,-41.0,3,0.0,-35.5,1
1,3,354874,1.8480,39.6,28.88,-41.5,3,0.0,-35.5,1
1,3,355600,1.3296,39.6,28.88,-41.0,3,0.0,-35.5,1
1,3,356326,1.8930,39.6,28.87,-40.5,3,0.0,-35.5,1
1,3,357052,0.6761,38.6,28.88,-41.5,3,0.0,-35.5,1
1,3,357778,1.0141,39.6,28.88,-41.0,3,0.0,-35.5,1
1,3,358504,0.7888,39.6,28.88,-42.0,3,0.0,-35.5,1
1,3,359230,0.7888,39.6,28.88,-42.0,3,0.0,-35.5,1
1,3,359956,1.7353,39.6,28.88,-42.0,3,0.0,-35.5,1
1,3,360682,0.8564,39.6,28.88,-41.5,3,0.0,-35.5,1
1,3,361408,1.6451,39.6,28.87,-41.0,3,0.0,-35.5,1
1,3,362134,3.6058,39.6,28.88,-40.5,3,0.0,-35.5,1
1,3,362860,1.4874,39.6,28.88,-41.5,3,0.0,-35.5,1
1,3,363586,4.0790,39.6,28.88,-41.5,3,0.0,-35.5,1
1,3,364312,0.7212,38.6,28.87,-41.5,3,0.0,-35.5,1
1,3,365038,4.1917,38.6,28.87,-41.0,3,0.0,-35.5,1
1,3,365764,2.1860,38.6,28.87,-41.5,3,0.0,-35.5,1
1,3,366490,1.8029,38.6,28.88,-41.5,3,0.0,-35.5,1
1,3,367216,0.9240,39.6,28.88,-41.5,3,0.0,-35.5,1
1,3,367942,2.3663,38.6,28.87,-41.0,3,0.0,-35.5,1
1,3,368668,2.1184,39.6,28.87,-41.0,3,0.0,-35.5,1
1,3,369394,-1.0141,39.6,28.87,-41.5,3,0.0,-35.5,1
1,3,370120,1.3972,38.6,28.88,-41.5,3,0.0,-35.5,1
1,3,370846,1.3296,38.6,28.87,-41.5,3,0.0,-35.5,1
1,2,6394,2.3663,37.6,28.87,-41.0,2,0.0,-35.5,1
1,2,7120,-0.8113,37.6,28.87,-41.0,2,0.0,-35.5,1
1,2,7846,-0.8564,38.6,28.88,-41.5,2,0.0,-35.5,1
1,2,8572,-0.6310,38.6,28.87,-42.0,2,0.0,-35.5,1
1,2,9298,0.3831,38.6,28.87,-41.0,2,0.0,-35.5,1
1,2,10024,-0.9916,38.6,28.87,-41.0,2,0.0,-35.5,1
1,2,10750,1.3747,38.6,28.87,-41.5,2,0.0,-35.5,1
1,2,11476,3.4255,38.6,28.88,-41.5,2,0.0,-35.5,1
1,2,12202,-3.8086,39.6,28.87,-41.0,2,0.0,-35.5,1
1,2,12928,-0.5183,38.6,28.88,-41.5,2,0.0,-35.5,1
1,2,13654,1.3522,39.6,28.88,-41.0,2,0.0,-35.5,1
1,2,14380,2.5240,38.6,28.88,-41.0,2,0.0,-35.5,1
1,2,15106,0.0676,38.6,28.88,-42.0,2,0.0,-35.5,1
1,2,15832,2.2085,39.6,28.87,-41.5,2,0.0,-35.5,1
1,2,16558,3.5607,39.6,28.88,-42.0,2,0.0,-35.5,1
1,2,17284,2.7494,38.6,28.88,-41.5,2,0.0,-35.5,1
1,2,18010,2.9973,38.6,28.88,-41.0,2,0.0,-35.5,1
1,2,18736,2.9072,38.6,28.88,-41.0,2,0.0,-35.5,1
1,2,19462,4.9805,38.6,28.89,-41.0,2,0.0,-35.5,1
1,2,20188,-0.2930,39.6,28.88,-41.0,2,0.0,-35.5,1
1,2,20914,2.7719,39.6,28.89,-41.5,2,0.0,-35.5,1
1,2,21640,-3.0424,39.6,28.89,-41.5,2,0.0,-35.5,1
1,2,22366,1.2620,39.6,28.88,-41.0,2,0.0,-35.5,1
1,2,23092,2.2987,38.6,28.88,-40.5,2,0.0,-35.5,1
1,2,23818,-0.9014,38.6,28.89,-40.0,2,0.0,-35.5,1
1,2,24544,7.9778,38.6,28.89,-41.5,2,0.0,-35.5,1
1,2,25270,6.4904,38.6,28.89,-41.5,2,0.0,-35.5,1
1,2,25996,-0.3831,39.6,28.89,-41.0,2,0.0,-35.5,1
1,2,26722,-0.3831,39.6,28.89,-41.0,2,0.0,-35.5,1
1,2,27448,0.5183,39.6,28.90,-40.5,2,0.0,-35.5,1
1,2,28174,4.7551,39.6,28.89,-41.5,2,0.0,-35.5,1
1,2,28900,1.1944,39.6,28.90,-41.5,2,0.0,-35.5,1
1,2,29626,4.5748,38.6,28.89,-41.5,2,0.0,-35.5,1
1,2,30352,-0.6535,38.6,28.89,-41.0,2,0.0,-35.5,1
1,2,31078,-0.8789,38.6,28.89,-41.5,2,0.0,-35.5,1
1,2,31804,-0.1578,39.6,28.90,-42.0,2,0.0,-35.5,1
1,2,32530,0.4733,39.6,28.89,-41.5,2,0.0,-35.5,1
1,2,33256,4.3044,39.6,28.90,-41.5,2,0.0,-35.5,1
1,2,33982,2.7945,38.6,28.89,-41.5,2,0.0,-35.5,1
1,2,34708,2.7945,38.6,28.89,-41.5,2,0.0,-35.5,1
1,2,35434,2.0508,38.6,28.90,-41.5,2,0.0,-35.5,1
1,2,36160,0.8789,39.6,28.90,-41.0,2,0.0,-35.5,1
1,2,36886,3.1776,38.6,28.89,-41.0,2,0.0,-35.5,1
1,2,37612,4.2819,38.6,28.89,-42.5,2,0.0,-35.5,1
1,2,38338,2.3888,38.6,28.89,-42.0,2,0.0,-35.5,1
1,2,39064,0.9014,39.6,28.89,-41.5,2,0.0,-35.5,1
1,2,39790,3.5832,39.6,28.89,-41.0,2,0.0,-35.5,1
1,2,40516,-3.2903,39.6,28.89,-41.0,2,0.0,-35.5,1
1,2,41242,2.0282,39.6,28.89,-41.5,2,0.0,-35.5,1
1,2,41968,-1.5550,39.6,28.90,-41.5,2,0.0,-35.5,1
1,2,42694,-1.5550,39.6,28.90,-41.5,2,0.0,-35.5,1
1,2,43420,2.3437,39.6,28.90,-40.5,2,0.0,-35.5,1
1,2,44146,3.9889,39.6,28.90,-42.0,2,0.0,-35.5,1
1,2,44872,4.1241,38.6,28.90,-42.0,2,0.0,-35.5,1
1,2,45598,1.2846,38.6,28.91,-40.5,2,0.0,-35.5,1
1,2,46324,-0.2254,38.6,28.90,-41.5,2,0.0,-35.5,1
1,2,47050,-3.2001,38.6,28.90,-41.0,2,0.0,-35.5,1
1,2,47776,0.2254,39.6,28.90,-42.0,2,0.0,-35.5,1
1,2,48502,1.7803,38.6,28.90,-41.0,2,0.0,-35.5,1
1,2,49228,1.8029,38.6,28.90,-41.0,2,0.0,-35.5,1
1,2,49954,0.4056,38.6,28.90,-39.5,2,0.0,-35.5,1
1,2,50680,0.4056,39.6,28.91,-39.5,2,0.0,-35.5,1
1,2,51406,0.2930,39.6,28.90,-41.5,2,0.0,-35.5,1
1,2,52132,1.6001,39.6,28.91,-41.5,2,0.0,-35.5,1
1,2,52858,5.3185,39.6,28.91,-41.5,2,0.0,-35.5,1
1,2,53584,1.9606,38.6,28.91,-41.5,2,0.0,-35.5,1
1,2,54310,-2.7043,39.6,28.91,-41.5,2,0.0,-35.5,1
1,2,55036,-1.6451,38.6,28.91,-41.5,2,0.0,-35.5,1
1,2,55762,0.5634,39.6,28.91,-41.5,2,0.0,-35.5,1
1,2,56488,0.1803,39.6,28.91,-41.5,2,0.0,-35.5,1
1,2,57214,1.0367,39.6,28.90,-42.0,2,0.0,-35.5,1
1,2,57940,-4.3495,38.6,28.91,-41.5,2,0.0,-35.5,1
1,2,58666,-4.3495,38.6,28.91,-41.5,2,0.0,-35.5,1
1,2,59392,1.0817,38.6,28.91,-42.0,2,0.0,-35.5,1
1,2,60118,6.1749,38.6,28.91,-42.0,2,0.0,-35.5,1
1,2,60844,1.6677,38.6,28.90,-42.5,2,0.0,-35.5,1
1,2,61570,-2.8846,38.6,28.90,-42.0,2,0.0,-35.5,1
1,2,62296,-1.2846,38.6,28.91,-42.0,2,0.0,-35.5,1
1,2,63022,2.8621,39.6,28.91,-42.0,2,0.0,-35.5,1
1,2,63748,0.7437,38.6,28.92,-41.5,2,0.0,-35.5,1
1,2,64474,3.1325,38.6,28.92,-41.5,2,0.0,-35.5,1
1,2,65200,-1.6451,38.6,28.91,-41.5,2,0.0,-35.5,1
1,2,65926,-1.7353,38.6,28.91,-42.5,2,0.0,-35.5,1
1,2,66652,0.5859,38.6,28.91,-41.5,2,0.0,-35.5,1
1,2,67378,2.9297,38.6,28.91,-41.0,2,0.0,-35.5,1
1,2,68104,-1.3522,39.6,28.91,-41.0,2,0.0,-35.5,1
1,2,68830,-1.2395,39.6,28.91,-41.5,2,0.0,-35.5,1
1,2,69556,3.9438,39.6,28.91,-41.5,2,0.0,-35.5,1
1,2,70282,-0.0676,39.6,28.91,-42.0,2,0.0,-35.5,1
1,2,71008,-4.8903,38.6,28.91,-40.5,2,0.0,-35.5,1
1,2,71734,-0.3606,39.6,28.92,-41.0,2,0.0,-35.5,1
1,2,72460,1.9832,38.6,28.91,-41.5,2,0.0,-35.5,1
1,2,73186,-2.8170,38.6,28.91,-41.5,2,0.0,-35.5,1
1,2,73912,-0.9691,38.6,28.92,-41.5,2,0.0,-35.5,1
1,2,74638,2.0733,38.6,28.92,-42.0,2,0.0,-35.5,1
1,2,75364,0.9014,39.6,28.92,-41.5,2,0.0,-35.5,1
1,2,76816,2.4339,38.6,28.91,-41.0,2,0.0,-35.5,1
1,2,77542,-1.8705,39.6,28.91,-41.5,2,0.0,-35.5,1
1,2,78268,-0.8113,39.6,28.91,-41.0,2,0.0,-35.5,1
1,2,78994,-1.3972,39.6,28.91,-41.0,2,0.0,-35.5,1
1,2,79720,-1.5550,38.6,28.92,-41.5,2,0.0,-35.5,1
1,2,80446,-1.5550,38.6,28.92,-41.5,2,0.0,-35.5,1
1,2,81172,2.0733,39.6,28.92,-41.5,2,0.0,-35.5,1
1,2,81898,2.8395,39.6,28.91,-41.0,2,0.0,-35.5,1
1,2,82624,1.6451,39.6,28.91,-41.5,2,0.0,-35.5,1
1,2,83350,-1.1043,39.6,28.91,-40.5,2,0.0,-35.5,1
1,2,84076,1.0817,39.6,28.91,-41.0,2,0.0,-35.5,1
1,2,84802,1.8480,39.6,28.92,-42.5,2,0.0,-35.5,1
1,2,86254,-1.6226,39.6,28.91,-41.0,2,0.0,-35.5,1
1,2,86980,-1.0367,39.6,28.91,-42.0,2,0.0,-35.5,1
1,2,87706,0.9014,39.6,28.91,-41.5,2,0.0,-35.5,1
1,2,88432,0.9014,39.6,28.91,-41.5,2,0.0,-35.5,1
1,2,89158,-1.2169,39.6,28.91,-41.0,2,0.0,-35.5,1
1,2,89884,-0.5859,39.6,28.92,-42.0,2,0.0,-35.5,1
1,2,90610,2.2311,39.6,28.92,-41.0,2,0.0,-35.5,1
1,2,91336,-0.9691,39.6,28.92,-41.5,2,0.0,-35.5,1
1,2,92062,2.0508,39.6,28.92,-40.0,2,0.0,-35.5,1
1,2,92788,4.4847,39.6,28.91,-41.5,2,0.0,-35.5,1
1,2,93514,-1.5550,39.6,28.92,-42.0,2,0.0,-35.5,1
1,2,94240,-0.3155,39.6,28.91,-42.0,2,0.0,-35.5,1
1,2,94966,1.2846,38.6,28.92,-41.5,2,0.0,-35.5,1
1,2,95692,4.5748,39.6,28.91,-41.0,2,0.0,-35.5,1
1,2,96418,4.5748,39.6,28.92,-41.0,2,0.0,-35.5,1
1,2,97144,0.6535,39.6,28.91,-41.0,2,0.0,-35.5,1
1,2,97870,2.5240,39.6,28.91,-40.5,2,0.0,-35.5,1
1,2,98596,-0.4282,39.6,28.92,-41.5,2,0.0,-35.5,1
1,2,99322,5.3636,39.6,28.92,-41.0,2,0.0,-35.5,1
1,2,100048,1.6902,39.6,28.91,-41.5,2,0.0,-35.5,1
1,2,100774,-1.8029,39.6,28.91,-42.0,2,0.0,-35.5,1
1,2,101500,-0.0225,39.6,28.91,-41.0,2,0.0,-35.5,1
1,2,102226,-0.0451,39.6,28.92,-41.5,2,0.0,-35.5,1
1,2,102952,-1.8705,38.6,28.92,-41.5,2,0.0,-35.5,1
1,2,103678,-2.7719,39.6,28.91,-41.5,2,0.0,-35.5,1
1,2,104404,-2.7719,39.6,28.91,-41.5,2,0.0,-35.5,1
1,2,105130,-0.5859,38.6,28.92,-41.5,2,0.0,-35.5,1
1,2,105856,-0.7212,38.6,28.91,-42.0,2,0.0,-35.5,1
1,2,106582,4.0340,38.6,28.91,-40.5,2,0.0,-35.5,1
1,2,107308,-0.6535,38.6,28.91,-42.0,2,0.0,-35.5,1
1,2,108034,3.1325,38.6,28.92,-41.5,2,0.0,-35.5,1
1,2,108760,1.4874,38.6,28.92,-41.5,2,0.0,-35.5,1
1,2,109486,-1.9832,38.6,28.91,-41.0,2,0.0,-35.5,1
1,2,110212,0.5859,38.6,28.92,-41.5,2,0.0,-35.5,1
1,2,110938,2.7719,39.6,28.91,-41.5,2,0.0,-35.5,1
1,2,111664,2.9072,38.6,28.91,-41.5,2,0.0,-35.5,1
1,2,112390,2.9072,38.6,28.92,-41.5,2,0.0,-35.5,1
1,2,113116,2.0959,39.6,28.91,-42.0,2,0.0,-35.5,1
1,2,113842,1.6902,38.6,28.91,-41.5,2,0.0,-35.5,1
1,2,114568,-0.4282,39.6,28.92,-41.5,2,0.0,-35.5,1
1,2,115294,-2.6367,39.6,28.92,-41.0,2,0.0,-35.5,1
1,2,116020,1.5775,39.6,28.92,-42.0,2,0.0,-35.5,1
1,2,116746,0.7662,38.6,28.91,-41.5,2,0.0,-35.5,1
1,2,117472,0.8789,39.6,28.91,-41.5,2,0.0,-35.5,1
1,2,118198,1.1493,39.6,28.91,-41.5,2,0.0,-35.5,1
1,2,118924,0.2930,39.6,28.91,-42.0,2,0.0,-35.5,1
1,2,119650,3.0874,38.6,28.91,-41.5,2,0.0,-35.5,1
1,2,120376,3.0874,39.6,28.91,-41.5,2,0.0,-35.5,1
1,2,121102,1.6451,39.6,28.91,-41.0,2,0.0,-35.5,1
1,2,121828,3.4480,39.6,28.91,-42.0,2,0.0,-35.5,1
1,2,122554,1.9381,39.6,28.91,-41.0,2,0.0,-35.5,1
1,2,123280,2.2987,39.6,28.91,-42.0,2,0.0,-35.5,1
1,2,124006,1.6001,39.6,28.91,-40.5,2,0.0,-35.5,1
1,2,124732,2.3663,38.6,28.91,-42.0,2,0.0,-35.5,1
1,2,125458,0.6986,39.6,28.91,-41.5,2,0.0,-35.5,1
1,2,126184,2.0282,39.6,28.91,-42.0,2,0.0,-35.5,1
1,2,126910,1.0141,39.6,28.91,-42.0,2,0.0,-35.5,1
1,2,127636,1.9832,39.6,28.91,-41.5,2,0.0,-35.5,1
1,2,128362,-2.1184,39.6,28.91,-41.0,2,0.0,-35.5,1
1,2,129088,7.3017,39.6,28.90,-41.0,2,0.0,-35.5,1
1,2,129814,1.6677,39.6,28.91,-41.5,2,0.0,-35.5,1
1,2,130540,0.7212,39.6,28.91,-41.5,2,0.0,-35.5,1
1,2,131266,1.9832,39.6,28.91,-41.5,2,0.0,-35.5,1
1,2,131992,3.2452,39.6,28.92,-42.5,2,0.0,-35.5,1
1,2,132718,0.4056,39.6,28.91,-41.5,2,0.0,-35.5,1
1,2,133444,2.4114,40.6,28.91,-42.0,2,0.0,-35.5,1
1,2,134170,-4.9129,39.6,28.91,-41.5,2,0.0,-35.5,1
1,2,134896,1.2846,39.6,28.91,-40.5,2,0.0,-35.5,1
1,2,135622,-0.2254,39.6,28.91,-42.0,2,0.0,-35.5,1
1,2,136348,-1.8254,39.6,28.91,-41.0,2,0.0,-35.5,1
1,2,137074,-1.1268,39.6,28.91,-41.0,2,0.0,-35.5,1
1,2,137800,-0.9691,38.6,28.91,-42.0,2,0.0,-35.5,1
1,2,138526,-0.7437,38.6,28.91,-41.5,2,0.0,-35.5,1
1,2,139252,3.4255,38.6,28.91,-41.5,2,0.0,-35.5,1
1,2,139978,-1.1268,38.6,28.91,-42.0,2,0.0,-35.5,1
1,2,140704,-2.0057,38.6,28.90,-41.5,2,0.0,-35.5,1
1,2,141430,7.0312,38.6,28.91,-41.0,2,0.0,-35.5,1
1,2,142156,7.0312,38.6,28.90,-41.0,2,0.0,-35.5,1
1,2,142882,2.6593,38.6,28.90,-42.0,2,0.0,-35.5,1
1,2,143608,0.2704,39.6,28.90,-41.5,2,0.0,-35.5,1
1,2,144334,3.2903,39.6,28.91,-41.0,2,0.0,-35.5,1
1,2,145060,-2.1409,39.6,28.91,-41.5,2,0.0,-35.5,1
1,2,145786,-0.8564,39.6,28.91,-41.5,2,0.0,-35.5,1
1,2,146512,6.3326,39.6,28.90,-41.0,2,0.0,-35.5,1
1,2,147238,2.8846,39.6,28.90,-41.0,2,0.0,-35.5,1
1,2,147964,2.0508,39.6,28.90,-41.5,2,0.0,-35.5,1
1,2,148690,0.9240,39.6,28.90,-42.0,2,0.0,-35.5,1
1,2,149416,1.4423,39.6,28.91,-41.5,2,0.0,-35.5,1
1,2,150142,1.4423,38.6,28.91,-41.5,2,0.0,-35.5,1
1,2,150868,3.4931,39.6,28.91,-41.5,2,0.0,-35.5,1
1,2,151594,-1.0141,39.6,28.91,-41.0,2,0.0,-35.5,1
1,2,152320,1.7578,39.6,28.90,-41.5,2,0.0,-35.5,1
1,2,153046,1.2395,39.6,28.90,-41.0,2,0.0,-35.5,1
1,2,153772,-0.6310,39.6,28.91,-41.5,2,0.0,-35.5,1
1,2,154498,-0.9465,39.6,28.91,-41.5,2,0.0,-35.5,1
1,2,155224,5.1382,39.6,28.91,-42.0,2,0.0,-35.5,1
1,2,155950,-0.2704,39.6,28.91,-41.0,2,0.0,-35.5,1
1,2,156676,1.3522,39.6,28.91,-41.5,2,0.0,-35.5,1
1,2,157402,4.4847,39.6,28.90,-41.0,2,0.0,-35.5,1
1,2,158128,4.4847,38.6,28.90,-41.0,2,0.0,-35.5,1
1,2,158854,1.4874,39.6,28.91,-41.5,2,0.0,-35.5,1
1,2,159580,0.7212,39.6,28.90,-41.5,2,0.0,-35.5,1
1,2,160306,2.0282,39.6,28.90,-41.5,2,0.0,-35.5,1
1,2,161032,0.4733,39.6,28.90,-42.0,2,0.0,-35.5,1
1,2,161758,4.3269,39.6,28.90,-41.5,2,0.0,-35.5,1
1,2,162484,1.6677,39.6,28.91,-41.5,2,0.0,-35.5,1
1,2,163210,0.2704,38.6,28.90,-41.5,2,0.0,-35.5,1
1,2,163936,3.0424,39.6,28.90,-40.0,2,0.0,-35.5,1
1,2,164662,0.3155,39.6,28.90,-41.5,2,0.0,-35.5,1
1,2,165388,-1.7353,38.6,28.90,-41.5,2,0.0,-35.5,1
1,2,166114,-1.7353,38.6,28.90,-41.5,2,0.0,-35.5,1
1,2,166840,2.8621,38.6,28.90,-41.5,2,0.0,-35.5,1
1,2,168292,1.2169,39.6,28.90,-41.5,2,0.0,-35.5,1
1,2,169018,1.0592,39.6,28.90,-41.5,2,0.0,-35.5,1
1,2,169744,-0.9014,39.6,28.91,-42.0,2,0.0,-35.5,1
1,2,170470,1.8029,39.6,28.90,-41.5,2,0.0,-35.5,1
1,2,171196,1.4648,39.6,28.90,-41.5,2,0.0,-35.5,1
1,2,171922,-0.2028,39.6,28.90,-41.5,2,0.0,-35.5,1
1,2,172648,-1.2169,39.6,28.90,-41.5,2,0.0,-35.5,1
1,2,173374,1.4874,39.6,28.90,-40.5,2,0.0,-35.5,1
1,2,174100,1.4874,39.6,28.90,-40.5,2,0.0,-35.5,1
1,2,174826,0.4733,39.6,28.90,-41.5,2,0.0,-35.5,1
1,2,175552,1.1944,38.6,28.90,-41.5,2,0.0,-35.5,1
1,2,176278,5.5889,38.6,28.90,-41.0,2,0.0,-35.5,1
1,2,177004,-1.3522,39.6,28.90,-42.0,2,0.0,-35.5,1
1,2,177730,1.7127,39.6,28.90,-41.5,2,0.0,-35.5,1
1,2,178456,-0.0225,38.6,28.90,-42.0,2,0.0,-35.5,1
1,2,179182,-0.4507,38.6,28.90,-42.0,2,0.0,-35.5,1
1,2,179908,3.5382,38.6,28.90,-41.0,2,0.0,-35.5,1
1,2,180634,-2.8170,39.6,28.90,-41.5,2,0.0,-35.5,1
1,2,181360,1.6902,39.6,28.90,-41.5,2,0.0,-35.5,1
1,2,182086,1.0141,39.6,28.90,-41.5,2,0.0,-35.5,1
1,2,182812,1.4648,39.6,28.90,-40.5,2,0.0,-35.5,1
1,2,183538,0.2930,39.6,28.90,-41.0,2,0.0,-35.5,1
1,2,184264,-1.6001,38.6,28.89,-42.5,2,0.0,-35.5,1
1,2,184990,1.9606,39.6,28.90,-42.0,2,0.0,-35.5,1
1,2,185716,-0.6310,39.6,28.90,-42.5,2,0.0,-35.5,1
1,2,186442,4.2142,39.6,28.90,-42.0,2,0.0,-35.5,1
1,2,187168,0.8789,39.6,28.89,-41.0,2,0.0,-35.5,1
1,2,187894,1.6902,39.6,28.89,-41.0,2,0.0,-35.5,1
1,2,188620,3.0198,39.6,28.89,-41.5,2,0.0,-35.5,1
1,2,189346,-1.2620,39.6,28.89,-42.0,2,0.0,-35.5,1
1,2,190072,1.8029,39.6,28.89,-42.0,2,0.0,-35.5,1
1,2,190798,2.0282,40.6,28.89,-41.0,2,0.0,-35.5,1
1,2,191524,-0.7662,39.6,28.90,-41.5,2,0.0,-35.5,1
1,2,192250,1.7578,39.6,28.89,-42.0,2,0.0,-35.5,1
1,2,192976,-1.0141,39.6,28.89,-41.5,2,0.0,-35.5,1
1,2,193702,1.4423,39.6,28.89,-41.5,2,0.0,-35.5,1
1,2,194428,-3.1776,39.6,28.89,-41.0,2,0.0,-35.5,1
1,2,195154,-2.0282,39.6,28.90,-41.5,2,0.0,-35.5,1
1,2,195880,-2.0282,39.6,28.89,-41.5,2,0.0,-35.5,1
1,2,196606,-1.4874,39.6,28.89,-41.5,2,0.0,-35.5,1
1,2,197332,-0.0451,38.6,28.90,-41.0,2,0.0,-35.5,1
1,2,198058,2.4790,38.6,28.89,-42.5,2,0.0,-35.5,1
1,2,198784,2.4564,39.6,28.89,-41.0,2,0.0,-35.5,1
1,2,199510,-0.5634,39.6,28.89,-41.0,2,0.0,-35.5,1
1,2,200236,0.4958,39.6,28.89,-41.5,2,0.0,-35.5,1
1,2,200962,4.1241,38.6,28.90,-42.0,2,0.0,-35.5,1
1,2,201688,-1.8705,38.6,28.90,-41.5,2,0.0,-35.5,1
1,2,202414,1.1043,38.6,28.90,-41.0,2,0.0,-35.5,1
1,2,203140,0.3380,39.6,28.90,-42.0,2,0.0,-35.5,1
1,2,203866,0.3380,39.6,28.90,-42.0,2,0.0,-35.5,1
1,2,204592,-3.8086,39.6,28.90,-41.5,2,0.0,-35.5,1
1,2,205318,2.3437,39.6,28.90,-41.5,2,0.0,-35.5,1
1,2,206044,0.7212,39.6,28.90,-41.0,2,0.0,-35.5,1
1,2,206770,4.1692,39.6,28.90,-41.5,2,0.0,-35.5,1
1,2,207496,2.6142,39.6,28.90,-41.5,2,0.0,-35.5,1
1,2,208222,-0.9014,39.6,28.90,-42.0,2,0.0,-35.5,1
1,2,208948,-0.5859,38.6,28.89,-41.5,2,0.0,-35.5,1
1,2,209674,1.5775,39.6,28.89,-41.5,2,0.0,-35.5,1
1,2,210400,0.4733,38.6,28.90,-41.5,2,0.0,-35.5,1
1,2,211126,-0.7662,38.6,28.89,-40.5,2,0.0,-35.5,1
1,2,211852,-0.7662,38.6,28.89,-40.5,2,0.0,-35.5,1
1,2,212578,-0.0676,38.6,28.89,-41.0,2,0.0,-35.5,1
1,2,213304,2.9072,39.6,28.90,-40.5,2,0.0,-35.5,1
1,2,214030,-2.1635,39.6,28.90,-41.0,2,0.0,-35.5,1
1,2,214756,2.0282,38.6,28.89,-41.5,2,0.0,-35.5,1
1,2,215482,1.5775,39.6,28.89,-42.0,2,0.0,-35.5,1
1,2,216208,2.8846,39.6,28.90,-41.5,2,0.0,-35.5,1
1,2,216934,0.0451,38.6,28.89,-42.0,2,0.0,-35.5,1
1,2,217660,-1.0367,38.6,28.90,-41.0,2,0.0,-35.5,1
1,2,218386,2.0508,38.6,28.89,-41.5,2,0.0,-35.5,1
1,2,219112,1.3747,39.6,28.89,-42.0,2,0.0,-35.5,1
1,2,219838,1.3747,39.6,28.89,-42.0,2,0.0,-35.5,1
1,2,220564,-0.2254,39.6,28.90,-41.0,2,0.0,-35.5,1
1,2,221290,2.6142,40.6,28.89,-41.5,2,0.0,-35.5,1
1,2,222016,1.7127,39.6,28.89,-42.5,2,0.0,-35.5,1
1,2,222742,1.2846,38.6,28.90,-41.5,2,0.0,-35.5,1
1,2,223468,-0.5634,39.6,28.89,-41.0,2,0.0,-35.5,1
1,2,224194,1.7353,39.6,28.89,-42.5,2,0.0,-35.5,1
1,2,224920,0.4282,39.6,28.89,-41.0,2,0.0,-35.5,1
1,2,225646,1.3522,39.6,28.89,-42.0,2,0.0,-35.5,1
1,2,226372,-0.5634,39.6,28.89,-42.5,2,0.0,-35.5,1
1,2,227098,5.1833,39.6,28.89,-42.0,2,0.0,-35.5,1
1,2,227824,5.1833,38.6,28.89,-42.0,2,0.0,-35.5,1
1,2,228550,2.0057,39.6,28.89,-41.5,2,0.0,-35.5,1
1,2,229276,-1.6451,38.6,28.89,-41.0,2,0.0,-35.5,1
1,2,230002,3.2227,39.6,28.89,-41.0,2,0.0,-35.5,1
1,2,230728,2.6367,38.6,28.89,-42.0,2,0.0,-35.5,1
1,2,231454,2.2085,39.6,28.89,-41.5,2,0.0,-35.5,1
1,2,232180,4.2142,39.6,28.89,-42.0,2,0.0,-35.5,1
1,2,232906,1.6677,39.6,28.88,-42.0,2,0.0,-35.5,1
1,2,233632,0.8113,38.6,28.89,-41.5,2,0.0,-35.5,1
1,2,234358,4.7551,38.6,28.89,-42.0,2,0.0,-35.5,1
1,2,235084,-2.0733,39.6,28.89,-41.5,2,0.0,-35.5,1
1,2,235810,4.3495,39.6,28.89,-41.5,2,0.0,-35.5,1
1,2,236536,0.9240,38.6,28.89,-42.0,2,0.0,-35.5,1
1,2,237262,4.9129,38.6,28.89,-41.5,2,0.0,-35.5,1
1,2,237988,2.5916,38.6,28.89,-42.0,2,0.0,-35.5,1
1,2,238714,0.5634,39.6,28.89,-41.5,2,0.0,-35.5,1
1,2,239440,-0.2028,39.6,28.88,-41.0,2,0.0,-35.5,1
1,2,240166,-0.6310,39.6,28.88,-41.5,2,0.0,-35.5,1
1,2,241618,-1.7353,39.6,28.88,-41.0,2,0.0,-35.5,1
1,2,242344,0.1803,40.6,28.88,-42.0,2,0.0,-35.5,1
1,2,243070,3.3579,38.6,28.88,-41.5,2,0.0,-35.5,1
1,2,243796,-0.6761,39.6,28.88,-42.5,2,0.0,-35.5,1
1,2,244522,0.4507,39.6,28.88,-41.0,2,0.0,-35.5,1
1,2,245248,-0.5409,39.6,28.88,-41.5,2,0.0,-35.5,1
1,2,245974,1.4198,39.6,28.88,-40.5,2,0.0,-35.5,1
1,2,246700,1.3522,39.6,28.88,-41.5,2,0.0,-35.5,1
1,2,247426,-0.5183,39.6,28.88,-41.5,2,0.0,-35.5,1
1,2,248152,4.0114,39.6,28.88,-42.0,2,0.0,-35.5,1
1,2,248878,1.6001,39.6,28.88,-40.5,2,0.0,-35.5,1
1,2,249604,1.6001,39.6,28.88,-40.5,2,0.0,-35.5,1
1,2,250330,-0.3380,39.6,28.88,-41.0,2,0.0,-35.5,1
1,2,251056,3.1100,39.6,28.88,-41.5,2,0.0,-35.5,1
1,2,251782,-0.8113,39.6,28.88,-41.5,2,0.0,-35.5,1
1,2,252508,0.8113,39.6,28.88,-41.5,2,0.0,-35.5,1
1,2,253234,3.4480,39.6,28.87,-42.0,2,0.0,-35.5,1
1,2,253960,1.0141,39.6,28.88,-41.0,2,0.0,-35.5,1
1,2,254686,5.4537,39.6,28.88,-42.0,2,0.0,-35.5,1
1,2,255412,4.3044,38.6,28.88,-41.5,2,0.0,-35.5,1
1,2,256138,1.5325,39.6,28.88,-41.5,2,0.0,-35.5,1
1,2,256864,-0.2479,38.6,28.87,-41.5,2,0.0,-35.5,1
1,2,257590,-0.2479,39.6,28.88,-41.5,2,0.0,-35.5,1
1,2,258316,2.5916,39.6,28.88,-41.5,2,0.0,-35.5,1
1,2,259042,1.6902,39.6,28.88,-41.5,2,0.0,-35.5,1
1,2,259768,1.6451,39.6,28.88,-41.5,2,0.0,-35.5,1
1,2,260494,-1.6001,39.6,28.88,-40.5,2,0.0,-35.5,1
1,2,261220,2.5240,38.6,28.88,-41.0,2,0.0,-35.5,1
1,2,261946,-2.3212,39.6,28.88,-41.5,2,0.0,-35.5,1
1,2,262672,1.7127,39.6,28.88,-41.5,2,0.0,-35.5,1
1,2,263398,3.4931,39.6,28.88,-40.5,2,0.0,-35.5,1
1,2,264124,1.8254,39.6,28.88,-41.0,2,0.0,-35.5,1
1,2,264850,3.5607,39.6,28.87,-41.5,2,0.0,-35.5,1
1,2,265576,3.5607,39.6,28.88,-41.5,2,0.0,-35.5,1
1,2,266302,3.7410,39.6,28.88,-41.5,2,0.0,-35.5,1
1,2,267028,0.7662,39.6,28.88,-42.0,2,0.0,-35.5,1
1,2,267754,1.6226,39.6,28.88,-41.0,2,0.0,-35.5,1
1,2,268480,0.2028,39.6,28.88,-41.5,2,0.0,-35.5,1
1,2,269206,2.3888,39.6,28.87,-41.0,2,0.0,-35.5,1
1,2,269932,3.8537,38.6,28.87,-41.5,2,0.0,-35.5,1
1,2,270658,1.4874,38.6,28.87,-42.0,2,0.0,-35.5,1
1,2,271384,-0.5634,38.6,28.87,-41.5,2,0.0,-35.5,1
1,2,272110,-0.2254,39.6,28.87,-42.0,2,0.0,-35.5,1
1,2,272836,4.4847,39.6,28.87,-41.5,2,0.0,-35.5,1
1,2,273562,4.4847,39.6,28.88,-41.5,2,0.0,-35.5,1
1,2,274288,0.3831,38.6,28.88,-41.5,2,0.0,-35.5,1
1,2,275014,-0.3155,39.6,28.87,-41.5,2,0.0,-35.5,1
1,2,275740,2.5015,38.6,28.88,-41.0,2,0.0,-35.5,1
1,2,276466,2.2761,38.6,28.87,-41.5,2,0.0,-35.5,1
1,2,277192,0.3155,38.6,28.87,-42.0,2,0.0,-35.5,1
1,2,277918,1.7127,38.6,28.88,-42.5,2,0.0,-35.5,1
1,2,278644,2.1184,38.6,28.87,-41.0,2,0.0,-35.5,1
1,2,279370,-0.4507,38.6,28.87,-42.5,2,0.0,-35.5,1
1,2,280096,-1.0817,39.6,28.87,-42.0,2,0.0,-35.5,1
1,2,280822,2.3437,39.6,28.88,-42.0,2,0.0,-35.5,1
1,2,281548,2.3437,38.6,28.87,-42.0,2,0.0,-35.5,1
1,2,282274,-1.4423,38.6,28.87,-42.0,2,0.0,-35.5,1
1,2,283000,-1.2169,38.6,28.87,-41.0,2,0.0,-35.5,1
1,2,283726,-4.1016,38.6,28.87,-41.0,2,0.0,-35.5,1
1,2,284452,2.7494,39.6,28.87,-41.5,2,0.0,-35.5,1
1,2,285178,2.4339,39.6,28.87,-41.0,2,0.0,-35.5,1
1,2,285904,-0.8113,39.6,28.87,-41.5,2,0.0,-35.5,1
1,2,286630,3.8537,38.6,28.87,-42.0,2,0.0,-35.5,1
1,2,287356,5.6791,38.6,28.88,-42.5,2,0.0,-35.5,1
1,2,288082,-1.6677,38.6,28.87,-41.5,2,0.0,-35.5,1
1,2,288808,2.5691,38.6,28.87,-41.5,2,0.0,-35.5,1
1,2,289534,2.1635,38.6,28.87,-41.5,2,0.0,-35.5,1
1,2,290260,1.4874,39.6,28.87,-41.0,2,0.0,-35.5,1
1,2,290986,4.5748,39.6,28.88,-41.0,2,0.0,-35.5,1
1,2,291712,7.0763,39.6,28.88,-41.0,2,0.0,-35.5,1
1,2,292438,0.1803,39.6,28.88,-41.5,2,0.0,-35.5,1
1,2,293164,2.5015,39.6,28.88,-41.5,2,0.0,-35.5,1
1,2,293890,2.2987,39.6,28.87,-41.5,2,0.0,-35.5,1
1,2,294616,0.8564,39.6,28.88,-41.5,2,0.0,-35.5,1
1,2,295342,-2.7269,38.6,28.87,-42.0,2,0.0,-35.5,1
1,2,296068,3.7635,39.6,28.87,-41.5,2,0.0,-35.5,1
1,2,296794,2.9748,38.6,28.87,-41.0,2,0.0,-35.5,1
1,2,297520,1.5775,38.6,28.87,-41.0,2,0.0,-35.5,1
1,2,298246,0.9465,39.6,28.87,-41.0,2,0.0,-35.5,1
1,2,298972,1.4648,39.6,28.88,-41.5,2,0.0,-35.5,1
1,2,299698,0.4733,39.6,28.87,-41.0,2,0.0,-35.5,1
1,2,300424,-0.1578,39.6,28.87,-41.5,2,0.0,-35.5,1
1,2,301150,-0.4056,39.6,28.87,-41.5,2,0.0,-35.5,1
1,2,301876,-0.0901,39.6,28.87,-41.0,2,0.0,-35.5,1
1,2,302602,3.4029,38.6,28.86,-41.5,2,0.0,-35.5,1
1,2,303328,3.4029,39.6,28.87,-41.5,2,0.0,-35.5,1
1,2,304054,1.2846,38.6,28.87,-42.5,2,0.0,-35.5,1
1,2,304780,-0.0225,39.6,28.87,-41.5,2,0.0,-35.5,1
1,2,305506,2.5916,39.6,28.87,-41.5,2,0.0,-35.5,1
1,2,306232,-0.2028,39.6,28.87,-41.5,2,0.0,-35.5,1
1,2,306958,0.7212,40.6,28.87,-41.0,2,0.0,-35.5,1
1,2,307684,2.1635,39.6,28.87,-41.0,2,0.0,-35.5,1
1,2,308410,0.7662,39.6,28.87,-41.5,2,0.0,-35.5,1
1,2,309136,0.4507,39.6,28.87,-42.0,2,0.0,-35.5,1
1,2,309862,-0.9240,39.6,28.87,-42.0,2,0.0,-35.5,1
1,2,310588,1.4874,39.6,28.87,-42.0,2,0.0,-35.5,1
1,2,311314,1.4874,39.6,28.87,-42.0,2,0.0,-35.5,1
1,2,312040,0.7437,39.6,28.86,-41.5,2,0.0,-35.5,1
1,2,312766,-1.8254,39.6,28.86,-41.0,2,0.0,-35.5,1
1,2,313492,5.0481,39.6,28.86,-41.5,2,0.0,-35.5,1
1,2,314218,1.0367,39.6,28.87,-41.5,2,0.0,-35.5,1
1,2,314944,5.9044,39.6,28.87,-41.5,2,0.0,-35.5,1
1,2,315670,0.3380,39.6,28.86,-41.0,2,0.0,-35.5,1
1,2,316396,3.8537,39.6,28.86,-41.5,2,0.0,-35.5,1
1,2,317122,2.4790,39.6,28.87,-41.5,2,0.0,-35.5,1
1,2,317848,0.7888,39.6,28.87,-41.0,2,0.0,-35.5,1
1,2,318574,0.6535,39.6,28.86,-42.0,2,0.0,-35.5,1
1,2,319300,0.6535,39.6,28.87,-42.0,2,0.0,-35.5,1
1,2,320026,1.3071,39.6,28.87,-41.5,2,0.0,-35.5,1
1,2,320752,-0.2254,39.6,28.87,-42.0,2,0.0,-35.5,1
1,2,321478,-0.4282,39.6,28.87,-42.0,2,0.0,-35.5,1
1,2,322204,5.0255,39.6,28.86,-42.0,2,0.0,-35.5,1
1,2,322930,-0.3831,39.6,28.86,-41.5,2,0.0,-35.5,1
1,2,323656,0.7212,39.6,28.86,-41.5,2,0.0,-35.5,1
1,2,324382,2.8170,39.6,28.87,-41.5,2,0.0,-35.5,1
1,2,325108,0.6986,39.6,28.87,-41.0,2,0.0,-35.5,1
1,2,325834,-2.2987,39.6,28.86,-41.5,2,0.0,-35.5,1
1,2,326560,2.4564,39.6,28.87,-41.5,2,0.0,-35.5,1
1,2,327286,2.4564,39.6,28.87,-41.5,2,0.0,-35.5,1
1,2,328012,-0.1803,39.6,28.86,-41.5,2,0.0,-35.5,1
1,2,328738,1.9381,38.6,28.86,-41.5,2,0.0,-35.5,1
1,2,329464,1.8029,39.6,28.86,-41.0,2,0.0,-35.5,1
1,2,330190,1.1268,39.6,28.86,-41.5,2,0.0,-35.5,1
1,2,330916,1.6226,39.6,28.87,-42.0,2,0.0,-35.5,1
1,2,331642,2.1409,38.6,28.87,-41.5,2,0.0,-35.5,1
1,2,332368,2.7945,39.6,28.87,-41.0,2,0.0,-35.5,1
1,2,333094,1.9606,38.6,28.86,-41.5,2,0.0,-35.5,1
1,2,333820,-1.1493,39.6,28.87,-41.5,2,0.0,-35.5,1
1,2,334546,0.9916,39.6,28.86,-41.5,2,0.0,-35.5,1
1,2,335272,0.9916,39.6,28.86,-41.5,2,0.0,-35.5,1
1,2,335998,-0.5183,39.6,28.86,-41.0,2,0.0,-35.5,1
1,2,336724,3.1325,39.6,28.86,-41.5,2,0.0,-35.5,1
1,2,337450,-0.9691,39.6,28.86,-41.5,2,0.0,-35.5,1
1,2,338176,1.3522,38.6,28.86,-40.5,2,0.0,-35.5,1
1,2,338902,0.0225,39.6,28.86,-40.5,2,0.0,-35.5,1
1,2,339628,1.6001,39.6,28.86,-41.5,2,0.0,-35.5,1
1,2,340354,1.3296,39.6,28.86,-41.0,2,0.0,-35.5,1
1,2,341080,2.7945,39.6,28.86,-41.0,2,0.0,-35.5,1
1,2,341806,2.1635,39.6,28.86,-41.0,2,0.0,-35.5,1
1,2,342532,0.1803,39.6,28.86,-41.5,2,0.0,-35.5,1
1,2,343258,0.1803,39.6,28.87,-41.5,2,0.0,-35.5,1
1,2,343984,2.2987,39.6,28.86,-42.0,2,0.0,-35.5,1
1,2,344710,-1.7803,39.6,28.86,-41.5,2,0.0,-35.5,1
1,2,345436,1.8930,39.6,28.86,-40.5,2,0.0,-35.5,1
1,2,346162,0.8338,39.6,28.86,-41.5,2,0.0,-35.5,1
1,2,346888,-0.0901,39.6,28.86,-41.5,2,0.0,-35.5,1
1,2,347614,-4.0114,39.6,28.86,-41.5,2,0.0,-35.5,1
1,2,348340,3.2903,39.6,28.86,-41.5,2,0.0,-35.5,1
1,2,349066,0.9465,39.6,28.86,-41.5,2,0.0,-35.5,1
1,2,349792,0.0676,39.6,28.86,-41.5,2,0.0,-35.5,1
1,2,350518,2.8621,39.6,28.86,-42.0,2,0.0,-35.5,1
1,2,351244,1.4648,39.6,28.87,-41.0,2,0.0,-35.5,1
1,2,351970,1.8930,39.6,28.86,-41.0,2,0.0,-35.5,1
1,2,352696,4.5523,39.6,28.86,-41.0,2,0.0,-35.5,1
1,2,353422,2.6818,39.6,28.87,-42.0,2,0.0,-35.5,1
1,2,354148,1.9156,39.6,28.86,-42.5,2,0.0,-35.5,1
1,2,354874,2.8846,39.6,28.86,-41.5,2,0.0,-35.5,1
1,2,355600,1.7803,38.6,28.86,-41.5,2,0.0,-35.5,1
1,2,356326,0.0901,39.6,28.86,-42.0,2,0.0,-35.5,1
1,2,357052,-11.8765,39.6,28.86,-41.0,2,0.0,-35.5,0
1,2,357778,2.3437,38.6,28.86,-42.5,2,0.0,-35.5,1
1,2,358504,1.1944,39.6,28.86,-41.5,2,0.0,-35.5,1
1,2,359230,0.8564,39.6,28.86,-40.5,2,0.0,-35.5,1
1,2,359956,1.3522,39.6,28.86,-41.5,2,0.0,-35.5,1
1,2,360682,2.9072,39.6,28.86,-41.0,2,0.0,-35.5,1
1,2,361408,1.7578,39.6,28.86,-41.5,2,0.0,-35.5,1
1,2,362134,0.4056,39.6,28.86,-42.5,2,0.0,-35.5,1
1,2,362860,7.9552,39.6,28.86,-41.5,2,0.0,-35.5,1
1,2,363586,-4.5748,39.6,28.86,-41.5,2,0.0,-35.5,1
1,2,364312,-2.4339,39.6,28.86,-41.0,2,0.0,-35.5,1
1,2,365038,-2.4339,39.6,28.86,-41.0,2,0.0,-35.5,1
1,2,365764,-2.0733,39.6,28.86,-41.5,2,0.0,-35.5,1
1,2,366490,2.6818,39.6,28.86,-41.5,2,0.0,-35.5,1
1,2,367216,1.2846,39.6,28.86,-41.5,2,0.0,-35.5,1
1,2,367942,-1.5775,39.6,28.86,-41.5,2,0.0,-35.5,1
1,2,368668,4.5974,39.6,28.86,-41.5,2,0.0,-35.5,1
1,2,369394,4.7551,39.6,28.86,-41.0,2,0.0,-35.5,1
1,2,370120,2.2085,39.6,28.86,-41.0,2,0.0,-35.5,1
1,2,370846,0.5634,39.6,28.86,-41.0,2,0.0,-35.5,1
1,2,371572,-1.0141,39.6,28.86,-42.0,2,0.0,-35.5,1
1,1,6394,-5.3410,38.6,28.86,-42.0,1,0.0,-35.5,1
1,1,7120,-5.0706,38.6,28.86,-42.0,1,0.0,-35.5,1
1,1,7846,1.1043,37.6,28.85,-42.0,1,0.0,-35.5,1
1,1,8572,3.9663,38.6,28.86,-42.0,1,0.0,-35.5,1
1,1,9298,3.6734,38.6,28.86,-42.0,1,0.0,-35.5,1
1,1,10024,3.6734,38.6,28.86,-42.0,1,0.0,-35.5,1
1,1,10750,3.6734,38.6,28.86,-42.0,1,0.0,-35.5,1
1,1,11476,9.3975,38.6,28.86,-42.0,1,0.0,-35.5,1
1,1,12202,9.3975,38.6,28.86,-42.0,1,0.0,-35.5,1
1,1,12928,-3.2903,38.6,28.86,-42.0,1,0.0,-35.5,1
1,1,13654,-8.6313,39.6,28.86,-42.0,1,0.0,-35.5,1
1,1,14380,6.8284,39.6,28.86,-42.0,1,0.0,-35.5,1
1,1,15106,6.8284,39.6,28.87,-42.0,1,0.0,-35.5,1
1,1,15832,2.4114,38.6,28.86,-42.0,1,0.0,-35.5,1
1,1,16558,-4.8002,39.6,28.86,-42.5,1,0.0,-35.5,1
1,1,17284,-4.8002,39.6,28.87,-42.5,1,0.0,-35.5,1
1,1,18010,-4.8002,39.6,28.87,-42.5,1,0.0,-35.5,1
1,1,18736,7.3468,39.6,28.87,-42.0,1,0.0,-35.5,1
1,1,19462,0.4282,39.6,28.87,-42.0,1,0.0,-35.5,1
1,1,20188,-1.2620,38.6,28.87,-42.0,1,0.0,-35.5,1
1,1,20914,-1.2620,39.6,28.87,-42.0,1,0.0,-35.5,1
1,1,21640,-1.3522,38.6,28.88,-42.5,1,0.0,-35.5,1
1,1,22366,-5.6340,38.6,28.88,-44.0,1,0.0,-35.5,1
1,1,23092,-5.6340,38.6,28.87,-44.0,1,0.0,-35.5,1
1,1,23818,-5.6340,38.6,28.87,-44.0,1,0.0,-35.5,1
1,1,24544,-5.6340,38.6,28.88,-44.0,1,0.0,-35.5,1
1,1,25270,-5.6340,38.6,28.88,-44.0,1,0.0,-35.5,1
1,1,25996,0.2254,38.6,28.87,-42.5,1,0.0,-35.5,1
1,1,26722,0.2254,39.6,28.87,-42.5,1,0.0,-35.5,1
1,1,27448,5.5889,38.6,28.88,-43.0,1,0.0,-35.5,1
1,1,28174,5.5889,38.6,28.88,-43.0,1,0.0,-35.5,1
1,1,28900,-1.6451,39.6,28.88,-42.0,1,0.0,-35.5,1
1,1,29626,2.6818,39.6,28.88,-42.5,1,0.0,-35.5,1
1,1,30352,1.4423,39.6,28.88,-42.0,1,0.0,-35.5,1
1,1,31078,1.4423,39.6,28.88,-42.0,1,0.0,-35.5,1
1,1,31804,-4.1917,39.6,28.88,-42.5,1,0.0,-35.5,1
1,1,32530,-1.2620,39.6,28.88,-42.5,1,0.0,-35.5,1
1,1,33256,-1.2620,39.6,28.89,-42.5,1,0.0,-35.5,1
1,1,33982,-1.2620,39.6,28.88,-42.5,1,0.0,-35.5,1
1,1,34708,-1.2620,38.6,28.89,-42.5,1,0.0,-35.5,1
1,1,35434,-1.2620,38.6,28.88,-42.5,1,0.0,-35.5,1
1,1,36160,0.6535,39.6,28.89,-42.0,1,0.0,-35.5,1
1,1,36886,0.6535,39.6,28.89,-42.0,1,0.0,-35.5,1
1,1,37612,-9.3074,39.6,28.89,-43.0,1,0.0,-35.5,1
1,1,38338,2.8395,39.6,28.89,-42.0,1,0.0,-35.5,1
1,1,39064,3.0874,39.6,28.88,-42.5,1,0.0,-35.5,1
1,1,39790,3.0874,39.6,28.89,-42.5,1,0.0,-35.5,1
1,1,40516,2.5240,39.6,28.89,-43.5,1,0.0,-35.5,1
1,1,41242,-4.8678,39.6,28.89,-43.0,1,0.0,-35.5,1
1,1,41968,-4.8678,39.6,28.89,-43.0,1,0.0,-35.5,1
1,1,42694,4.7100,39.6,28.89,-43.0,1,0.0,-35.5,1
1,1,43420,4.7100,39.6,28.88,-43.0,1,0.0,-35.5,1
1,1,44146,3.2903,38.6,28.88,-42.0,1,0.0,-35.5,1
1,1,44872,-2.2311,38.6,28.88,-42.0,1,0.0,-35.5,1
1,1,45598,-8.0679,38.6,28.89,-42.0,1,0.0,-35.5,1
1,1,46324,-8.0679,38.6,28.89,-42.0,1,0.0,-35.5,1
1,1,47050,0.0225,38.6,28.89,-43.0,1,0.0,-35.5,1
1,1,47776,0.0225,38.6,28.89,-43.0,1,0.0,-35.5,1
1,1,48502,0.0225,39.6,28.88,-43.0,1,0.0,-35.5,1
1,1,49228,0.0225,39.6,28.89,-43.0,1,0.0,-35.5,1
1,1,49954,0.0225,39.6,28.89,-43.0,1,0.0,-35.5,1
1,1,50680,6.7608,39.6,28.89,-42.0,1,0.0,-35.5,1
1,1,51406,6.7608,39.6,28.89,-42.0,1,0.0,-35.5,1
1,1,52132,6.7608,39.6,28.90,-42.0,1,0.0,-35.5,1
1,1,52858,6.7608,39.6,28.89,-42.0,1,0.0,-35.5,1
1,1,53584,6.7608,39.6,28.90,-42.0,1,0.0,-35.5,1
1,1,54310,6.7608,39.6,28.89,-42.0,1,0.0,-35.5,1
1,1,55036,6.7608,39.6,28.89,-42.0,1,0.0,-35.5,1
1,1,55762,6.7608,39.6,28.90,-42.0,1,0.0,-35.5,1
1,1,56488,4.9354,39.6,28.90,-42.0,1,0.0,-35.5,1
1,1,57214,-3.2452,39.6,28.90,-43.0,1,0.0,-35.5,1
1,1,57940,-3.2452,39.6,28.90,-43.0,1,0.0,-35.5,1
1,1,58666,-3.2452,39.6,28.90,-43.0,1,0.0,-35.5,1
1,1,59392,-5.3185,39.6,28.90,-42.0,1,0.0,-35.5,1
1,1,60118,0.2930,39.6,28.90,-42.0,1,0.0,-35.5,1
1,1,60844,0.2930,39.6,28.90,-42.0,1,0.0,-35.5,1
1,1,61570,3.8086,39.6,28.89,-42.5,1,0.0,-35.5,1
1,1,62296,3.6508,38.6,28.89,-42.0,1,0.0,-35.5,1
1,1,63022,-0.3380,39.6,28.89,-42.0,1,0.0,-35.5,1
1,1,63748,-0.3380,39.6,28.89,-42.0,1,0.0,-35.5,1
1,1,64474,2.4339,39.6,28.90,-42.0,1,0.0,-35.5,1
1,1,65200,2.4339,39.6,28.89,-42.0,1,0.0,-35.5,1
1,1,65926,7.1665,39.6,28.90,-42.0,1,0.0,-35.5,1
1,1,66652,7.1665,38.6,28.90,-42.0,1,0.0,-35.5,1
1,1,67378,7.1665,38.6,28.90,-42.0,1,0.0,-35.5,1
1,1,68104,3.2677,39.6,28.90,-42.5,1,0.0,-35.5,1
1,1,68830,2.7494,39.6,28.90,-43.0,1,0.0,-35.5,1
1,1,69556,2.7494,39.6,28.90,-43.0,1,0.0,-35.5,1
1,1,70282,-2.7043,39.6,28.90,-43.0,1,0.0,-35.5,1
1,1,71008,-3.6283,39.6,28.89,-42.0,1,0.0,-35.5,1
1,1,71734,-3.6283,39.6,28.89,-42.0,1,0.0,-35.5,1
1,1,72460,1.9381,39.6,28.89,-43.0,1,0.0,-35.5,1
1,1,73186,1.9381,39.6,28.89,-43.0,1,0.0,-35.5,1
1,1,73912,3.3579,39.6,28.89,-42.5,1,0.0,-35.5,1
1,1,74638,0.9014,40.6,28.89,-42.0,1,0.0,-35.5,1
1,1,75364,0.9014,38.6,28.90,-42.0,1,0.0,-35.5,1
1,1,76090,2.8621,39.6,28.89,-42.0,1,0.0,-35.5,1
1,1,76816,-0.1578,39.6,28.90,-42.0,1,0.0,-35.5,1
1,1,77542,-0.1578,39.6,28.90,-42.0,1,0.0,-35.5,1
1,1,78268,2.2536,39.6,28.90,-43.0,1,0.0,-35.5,1
1,1,78994,2.2536,39.6,28.90,-43.0,1,0.0,-35.5,1
1,1,79720,3.4029,39.6,28.90,-42.0,1,0.0,-35.5,1
1,1,80446,3.4029,39.6,28.90,-42.0,1,0.0,-35.5,1
1,1,81172,3.4029,39.6,28.90,-42.0,1,0.0,-35.5,1
1,1,81898,-1.8029,39.6,28.90,-42.0,1,0.0,-35.5,1
1,1,82624,-1.8029,39.6,28.90,-42.0,1,0.0,-35.5,1
1,1,83350,-1.8029,39.6,28.90,-42.0,1,0.0,-35.5,1
1,1,84076,-1.8029,38.6,28.89,-42.0,1,0.0,-35.5,1
1,1,84802,-1.8029,39.6,28.89,-42.0,1,0.0,-35.5,1
1,1,85528,-1.8029,38.6,28.90,-42.0,1,0.0,-35.5,1
1,1,86254,-1.3747,38.6,28.90,-42.0,1,0.0,-35.5,1
1,1,86980,-1.2169,39.6,28.90,-42.0,1,0.0,-35.5,1
1,1,87706,-2.7043,39.6,28.90,-43.0,1,0.0,-35.5,1
1,1,88432,-2.7043,39.6,28.90,-43.0,1,0.0,-35.5,1
1,1,89158,-0.3380,38.6,28.90,-42.0,1,0.0,-35.5,1
1,1,89884,-0.3380,39.6,28.90,-42.0,1,0.0,-35.5,1
1,1,90610,3.4480,39.6,28.90,-43.0,1,0.0,-35.5,1
1,1,91336,1.6677,39.6,28.90,-42.0,1,0.0,-35.5,1
1,1,92062,-6.8284,39.6,28.90,-43.0,1,0.0,-35.5,1
1,1,92788,-0.0225,39.6,28.90,-42.5,1,0.0,-35.5,1
1,1,93514,-0.0225,39.6,28.90,-42.5,1,0.0,-35.5,1
1,1,94240,-2.7043,39.6,28.90,-42.5,1,0.0,-35.5,1
1,1,94966,-0.5409,39.6,28.89,-42.0,1,0.0,-35.5,1
1,1,95692,-0.5409,38.6,28.89,-42.0,1,0.0,-35.5,1
1,1,96418,-0.5409,38.6,28.90,-42.0,1,0.0,-35.5,1
1,1,97144,-0.5409,39.6,28.90,-42.0,1,0.0,-35.5,1
1,1,97870,5.9946,39.6,28.89,-42.0,1,0.0,-35.5,1
1,1,98596,6.0171,38.6,28.89,-43.5,1,0.0,-35.5,1
1,1,99322,1.6451,38.6,28.89,-42.0,1,0.0,-35.5,1
1,1,100048,3.4029,38.6,28.89,-42.5,1,0.0,-35.5,1
1,1,100774,5.8143,38.6,28.90,-42.0,1,0.0,-35.5,1
1,1,101500,5.8143,38.6,28.90,-42.0,1,0.0,-35.5,1
1,1,102226,5.8143,38.6,28.90,-42.0,1,0.0,-35.5,1
1,1,102952,2.0733,39.6,28.90,-42.0,1,0.0,-35.5,1
1,1,103678,-6.4002,39.6,28.90,-42.5,1,0.0,-35.5,1
1,1,104404,1.3972,39.6,28.89,-42.5,1,0.0,-35.5,1
1,1,105130,1.3972,39.6,28.90,-42.5,1,0.0,-35.5,1
1,1,105856,-4.4171,39.6,28.90,-42.5,1,0.0,-35.5,1
1,1,106582,0.6310,39.6,28.90,-43.0,1,0.0,-35.5,1
1,1,107308,0.6310,39.6,28.89,-43.0,1,0.0,-35.5,1
1,1,108034,-1.3071,39.6,28.89,-42.0,1,0.0,-35.5,1
1,1,108760,-1.7803,39.6,28.90,-42.0,1,0.0,-35.5,1
1,1,109486,-1.7803,39.6,28.89,-42.0,1,0.0,-35.5,1
1,1,110212,-1.7803,39.6,28.90,-42.0,1,0.0,-35.5,1
1,1,110938,-0.9014,39.6,28.89,-42.0,1,0.0,-35.5,1
1,1,111664,-6.4904,39.6,28.90,-42.0,1,0.0,-35.5,1
1,1,112390,-6.4904,39.6,28.90,-42.0,1,0.0,-35.5,1
1,1,113116,-6.4904,39.6,28.90,-42.0,1,0.0,-35.5,1
1,1,113842,-5.8143,39.6,28.90,-42.5,1,0.0,-35.5,1
1,1,114568,0.1352,39.6,28.89,-42.0,1,0.0,-35.5,1
1,1,115294,-4.7326,39.6,28.89,-42.0,1,0.0,-35.5,1
1,1,116020,-4.7326,39.6,28.90,-42.0,1,0.0,-35.5,1
1,1,116746,-6.2650,39.6,28.89,-42.0,1,0.0,-35.5,1
1,1,117472,-6.2650,39.6,28.90,-42.0,1,0.0,-35.5,1
1,1,118198,-6.2650,39.6,28.89,-42.0,1,0.0,-35.5,1
1,1,118924,-10.2990,39.6,28.90,-42.0,1,0.0,-35.5,1
1,1,119650,-10.2990,39.6,28.90,-42.0,1,0.0,-35.5,1
1,1,120376,-5.6115,39.6,28.90,-42.0,1,0.0,-35.5,1
1,1,121102,-0.4507,39.6,28.90,-42.0,1,0.0,-35.5,1
1,1,121828,4.5297,39.6,28.89,-42.0,1,0.0,-35.5,1
1,1,122554,4.5297,39.6,28.90,-42.0,1,0.0,-35.5,1
1,1,123280,4.5297,38.6,28.89,-42.0,1,0.0,-35.5,1
1,1,124006,2.0057,38.6,28.90,-42.0,1,0.0,-35.5,1
1,1,124732,2.0057,39.6,28.89,-42.0,1,0.0,-35.5,1
1,1,125458,2.0057,39.6,28.90,-42.0,1,0.0,-35.5,1
1,1,126184,0.1578,39.6,28.90,-43.0,1,0.0,-35.5,1
1,1,126910,-5.5664,39.6,28.90,-42.0,1,0.0,-35.5,1
1,1,127636,-5.5664,39.6,28.90,-42.0,1,0.0,-35.5,1
1,1,128362,-12.6202,39.6,28.90,-43.0,1,0.0,-35.5,1
1,1,129088,2.3888,39.6,28.90,-42.5,1,0.0,-35.5,1
1,1,129814,0.8789,39.6,28.89,-43.0,1,0.0,-35.5,1
1,1,130540,0.8789,39.6,28.89,-43.0,1,0.0,-35.5,1
1,1,131266,0.8789,39.6,28.89,-43.0,1,0.0,-35.5,1
1,1,131992,5.5664,39.6,28.89,-42.5,1,0.0,-35.5,1
1,1,134170,-4.3495,39.6,28.89,-42.0,1,0.0,-35.5,1
1,1,134896,-4.3495,39.6,28.89,-42.0,1,0.0,-35.5,1
1,1,135622,-4.2142,39.6,28.89,-42.0,1,0.0,-35.5,1
1,1,136348,-4.2142,39.6,28.89,-42.0,1,0.0,-35.5,1
1,1,137074,-4.2142,39.6,28.89,-42.0,1,0.0,-35.5,1
1,1,137800,-4.2142,38.6,28.89,-42.0,1,0.0,-35.5,1
1,1,138526,-4.2142,39.6,28.89,-42.0,1,0.0,-35.5,1
1,1,139252,3.0198,39.6,28.89,-43.0,1,0.0,-35.5,1
1,1,139978,3.0198,39.6,28.88,-43.0,1,0.0,-35.5,1
1,1,140704,-3.5156,38.6,28.89,-42.0,1,0.0,-35.5,1
1,1,141430,-3.5156,39.6,28.88,-42.0,1,0.0,-35.5,1
1,1,142156,-3.5156,39.6,28.88,-42.0,1,0.0,-35.5,1
1,1,142882,-3.5156,39.6,28.89,-42.0,1,0.0,-35.5,1
1,1,143608,-3.5156,39.6,28.88,-42.0,1,0.0,-35.5,1
1,1,144334,-3.5156,39.6,28.88,-42.0,1,0.0,-35.5,1
1,1,145060,-3.4029,39.6,28.88,-42.0,1,0.0,-35.5,1
1,1,145786,-3.2227,39.6,28.89,-42.5,1,0.0,-35.5,1
1,1,146512,3.6734,39.6,28.89,-43.0,1,0.0,-35.5,1
1,1,147238,3.6734,39.6,28.88,-43.0,1,0.0,-35.5,1
1,1,147964,0.8338,39.6,28.88,-43.5,1,0.0,-35.5,1
1,1,148690,0.8338,39.6,28.88,-43.5,1,0.0,-35.5,1
1,1,149416,-3.7410,38.6,28.88,-42.5,1,0.0,-35.5,1
1,1,150142,1.8480,38.6,28.89,-42.5,1,0.0,-35.5,1
1,1,150868,-1.6677,39.6,28.89,-42.0,1,0.0,-35.5,1
1,1,151594,-5.7016,39.6,28.88,-42.0,1,0.0,-35.5,1
1,1,152320,-1.5325,39.6,28.89,-43.0,1,0.0,-35.5,1
1,1,153046,-1.5325,39.6,28.89,-43.0,1,0.0,-35.5,1
1,1,153772,-1.5325,39.6,28.89,-43.0,1,0.0,-35.5,1
1,1,154498,-1.5325,39.6,28.89,-43.0,1,0.0,-35.5,1
1,1,155224,-1.5325,39.6,28.88,-43.0,1,0.0,-35.5,1
1,1,155950,-2.4564,39.6,28.88,-42.0,1,0.0,-35.5,1
1,1,156676,-2.4564,39.6,28.88,-42.0,1,0.0,-35.5,1
1,1,157402,-2.4564,39.6,28.88,-42.0,1,0.0,-35.5,1
1,1,158128,-2.4564,39.6,28.89,-42.0,1,0.0,-35.5,1
1,1,158854,-2.4564,40.6,28.89,-42.0,1,0.0,-35.5,1
1,1,159580,6.7608,39.6,28.89,-43.0,1,0.0,-35.5,1
1,1,160306,7.3918,39.6,28.88,-42.5,1,0.0,-35.5,1
1,1,161032,7.3918,39.6,28.89,-42.5,1,0.0,-35.5,1
1,1,161758,-4.5072,39.6,28.89,-42.5,1,0.0,-35.5,1
1,1,162484,-2.6818,38.6,28.88,-42.5,1,0.0,-35.5,1
1,1,163210,-2.6818,38.6,28.88,-42.5,1,0.0,-35.5,1
1,1,163936,-0.2254,38.6,28.88,-42.5,1,0.0,-35.5,1
1,1,164662,8.3383,39.6,28.88,-42.5,1,0.0,-35.5,1
1,1,165388,4.3495,39.6,28.88,-42.5,1,0.0,-35.5,1
1,1,166114,4.3495,39.6,28.88,-42.5,1,0.0,-35.5,1
1,1,166840,4.3495,39.6,28.88,-42.5,1,0.0,-35.5,1
1,1,167566,4.6424,39.6,28.88,-43.0,1,0.0,-35.5,1
1,1,168292,3.6508,39.6,28.88,-42.0,1,0.0,-35.5,1
1,1,169018,-5.1157,39.6,28.88,-42.0,1,0.0,-35.5,1
1,1,169744,-5.1157,39.6,28.88,-42.0,1,0.0,-35.5,1
1,1,170470,2.7945,39.6,28.88,-43.0,1,0.0,-35.5,1
1,1,171196,2.7945,39.6,28.88,-43.0,1,0.0,-35.5,1
1,1,171922,2.6593,39.6,28.88,-43.0,1,0.0,-35.5,1
1,1,172648,2.6593,39.6,28.88,-43.0,1,0.0,-35.5,1
1,1,173374,-2.2761,39.6,28.88,-42.0,1,0.0,-35.5,1
1,1,174100,4.5297,39.6,28.87,-42.5,1,0.0,-35.5,1
1,1,174826,4.5297,39.6,28.88,-42.5,1,0.0,-35.5,1
1,1,175552,4.5297,39.6,28.88,-42.5,1,0.0,-35.5,1
1,1,176278,0.2028,39.6,28.88,-42.0,1,0.0,-35.5,1
1,1,177004,-3.5832,39.6,28.88,-42.0,1,0.0,-35.5,1
1,1,177730,-3.5832,39.6,28.88,-42.0,1,0.0,-35.5,1
1,1,178456,3.7184,39.6,28.88,-42.0,1,0.0,-35.5,1
1,1,179182,3.7184,39.6,28.88,-42.0,1,0.0,-35.5,1
1,1,179908,2.3212,39.6,28.88,-42.0,1,0.0,-35.5,1
1,1,180634,-5.4988,39.6,28.88,-42.5,1,0.0,-35.5,1
1,1,181360,5.4312,39.6,28.88,-43.5,1,0.0,-35.5,1
1,1,182086,5.4312,39.6,28.88,-43.5,1,0.0,-35.5,1
1,1,182812,-2.5916,38.6,28.88,-42.5,1,0.0,-35.5,1
1,1,183538,-2.5916,39.6,28.87,-42.5,1,0.0,-35.5,1
1,1,184264,-0.7437,39.6,28.87,-42.0,1,0.0,-35.5,1
1,1,184990,-0.7437,39.6,28.88,-42.0,1,0.0,-35.5,1
1,1,185716,-6.8510,39.6,28.87,-42.0,1,0.0,-35.5,1
1,1,186442,1.6001,39.6,28.88,-42.0,1,0.0,-35.5,1
1,1,187168,1.6001,39.6,28.88,-42.0,1,0.0,-35.5,1
1,1,187894,-0.4507,39.6,28.88,-42.0,1,0.0,-35.5,1
1,1,188620,-0.0676,39.6,28.88,-43.0,1,0.0,-35.5,1
1,1,189346,2.2761,40.6,28.87,-42.0,1,0.0,-35.5,1
1,1,190072,-2.8621,39.6,28.87,-42.0,1,0.0,-35.5,1
1,1,190798,6.3552,39.6,28.87,-42.0,1,0.0,-35.5,1
1,1,191524,3.4706,39.6,28.88,-42.0,1,0.0,-35.5,1
1,1,192250,3.4706,39.6,28.87,-42.0,1,0.0,-35.5,1
1,1,192976,3.4706,38.6,28.87,-42.0,1,0.0,-35.5,1
1,1,193702,4.1016,38.6,28.87,-43.5,1,0.0,-35.5,1
1,1,194428,4.1016,39.6,28.87,-43.5,1,0.0,-35.5,1
1,1,195154,4.1016,39.6,28.87,-43.5,1,0.0,-35.5,1
1,1,195880,4.1016,39.6,28.88,-43.5,1,0.0,-35.5,1
1,1,196606,4.1016,39.6,28.88,-43.5,1,0.0,-35.5,1
1,1,197332,-0.2930,39.6,28.88,-42.0,1,0.0,-35.5,1
1,1,198058,-5.9044,39.6,28.88,-42.5,1,0.0,-35.5,1
1,1,198784,-1.8705,39.6,28.87,-42.0,1,0.0,-35.5,1
1,1,199510,1.1944,39.6,28.87,-42.0,1,0.0,-35.5,1
1,1,200236,-6.9186,39.6,28.87,-42.0,1,0.0,-35.5,1
1,1,200962,-6.6256,39.6,28.88,-42.0,1,0.0,-35.5,1
1,1,201688,-7.3468,39.6,28.87,-42.0,1,0.0,-35.5,1
1,1,202414,-7.3468,39.6,28.87,-42.0,1,0.0,-35.5,1
1,1,203140,6.6481,39.6,28.87,-42.0,1,0.0,-35.5,1
1,1,203866,-4.3269,39.6,28.87,-42.0,1,0.0,-35.5,1
1,1,204592,-4.3269,39.6,28.87,-42.0,1,0.0,-35.5,1
1,1,205318,-2.9522,39.6,28.87,-42.0,1,0.0,-35.5,1
1,1,206044,-2.9522,39.6,28.87,-42.0,1,0.0,-35.5,1
1,1,206770,-2.9522,39.6,28.87,-42.0,1,0.0,-35.5,1
1,1,207496,-7.1439,39.6,28.88,-42.0,1,0.0,-35.5,1
1,1,208222,7.5270,39.6,28.87,-42.0,1,0.0,-35.5,1
1,1,208948,7.5270,39.6,28.87,-42.0,1,0.0,-35.5,1
1,1,209674,7.5270,39.6,28.87,-42.0,1,0.0,-35.5,1
1,1,210400,7.5270,39.6,28.87,-42.0,1,0.0,-35.5,1
1,1,211126,-0.8564,39.6,28.87,-42.0,1,0.0,-35.5,1
1,1,211852,-0.8564,39.6,28.87,-42.0,1,0.0,-35.5,1
1,1,212578,-0.8564,39.6,28.87,-42.0,1,0.0,-35.5,1
1,1,213304,-0.8564,39.6,28.87,-42.0,1,0.0,-35.5,1
1,1,214030,2.7043,38.6,28.87,-42.0,1,0.0,-35.5,1
1,1,214756,6.5580,39.6,28.87,-43.0,1,0.0,-35.5,1
1,1,215482,6.5580,39.6,28.87,-43.0,1,0.0,-35.5,1
1,1,216208,3.9889,39.6,28.87,-42.0,1,0.0,-35.5,1
1,1,216934,3.9889,40.6,28.87,-42.0,1,0.0,-35.5,1
1,1,217660,3.9889,40.6,28.88,-42.0,1,0.0,-35.5,1
1,1,218386,3.9889,39.6,28.87,-42.0,1,0.0,-35.5,1
1,1,219112,-6.1523,39.6,28.87,-42.5,1,0.0,-35.5,1
1,1,219838,-6.1523,39.6,28.87,-42.5,1,0.0,-35.5,1
1,1,220564,-6.1523,39.6,28.87,-42.5,1,0.0,-35.5,1
1,1,221290,-6.1523,39.6,28.87,-42.5,1,0.0,-35.5,1
1,1,222016,-6.1523,39.6,28.87,-42.5,1,0.0,-35.5,1
1,1,222742,-6.2650,39.6,28.87,-43.0,1,0.0,-35.5,1
1,1,223468,0.7662,38.6,28.87,-42.0,1,0.0,-35.5,1
1,1,224194,2.7719,39.6,28.87,-42.0,1,0.0,-35.5,1
1,1,224920,2.7719,38.6,28.87,-42.0,1,0.0,-35.5,1
1,1,225646,-0.1803,39.6,28.87,-42.5,1,0.0,-35.5,1
1,1,226372,-5.9495,39.6,28.87,-42.0,1,0.0,-35.5,1
1,1,227098,-5.9495,39.6,28.87,-42.0,1,0.0,-35.5,1
1,1,227824,-2.2761,39.6,28.87,-42.0,1,0.0,-35.5,1
1,1,228550,-2.2761,39.6,28.87,-42.0,1,0.0,-35.5,1
1,1,229276,3.8086,39.6,28.87,-42.0,1,0.0,-35.5,1
1,1,230002,3.8086,39.6,28.87,-42.0,1,0.0,-35.5,1
1,1,230728,3.8086,39.6,28.87,-42.0,1,0.0,-35.5,1
1,1,231454,3.8086,39.6,28.87,-42.0,1,0.0,-35.5,1
1,1,232180,6.8960,39.6,28.87,-43.5,1,0.0,-35.5,1
1,1,232906,6.8960,39.6,28.87,-43.5,1,0.0,-35.5,1
1,1,233632,0.5409,39.6,28.87,-42.5,1,0.0,-35.5,1
1,1,234358,4.0565,39.6,28.87,-42.0,1,0.0,-35.5,1
1,1,235084,4.0565,40.6,28.87,-42.0,1,0.0,-35.5,1
1,1,235810,-1.2620,40.6,28.87,-42.0,1,0.0,-35.5,1
1,1,236536,-1.2620,40.6,28.87,-42.0,1,0.0,-35.5,1
1,1,237262,2.3663,39.6,28.87,-42.0,1,0.0,-35.5,1
1,1,237988,0.8789,39.6,28.87,-42.5,1,0.0,-35.5,1
1,1,238714,-14.5583,39.6,28.86,-42.0,1,0.0,-35.5,1
1,1,239440,-9.9384,39.6,28.86,-42.5,1,0.0,-35.5,1
1,1,240166,-9.9384,39.6,28.87,-42.5,1,0.0,-35.5,1
1,1,240892,-9.9384,39.6,28.86,-42.5,1,0.0,-35.5,1
1,1,241618,-9.9384,38.6,28.87,-42.5,1,0.0,-35.5,1
1,1,242344,10.4793,38.6,28.86,-42.0,1,0.0,-35.5,1
1,1,243070,10.4793,39.6,28.87,-42.0,1,0.0,-35.5,1
1,1,243796,4.2142,39.6,28.87,-42.0,1,0.0,-35.5,1
1,1,244522,2.8621,39.6,28.86,-43.0,1,0.0,-35.5,1
1,1,245248,-0.6310,39.6,28.87,-43.5,1,0.0,-35.5,1
1,1,245974,8.6764,40.6,28.86,-42.0,1,0.0,-35.5,1
1,1,246700,-3.5156,39.6,28.87,-42.0,1,0.0,-35.5,1
1,1,247426,-3.5156,39.6,28.87,-42.0,1,0.0,-35.5,1
1,1,248152,-0.1578,39.6,28.87,-42.0,1,0.0,-35.5,1
1,1,248878,-4.2593,39.6,28.87,-42.5,1,0.0,-35.5,1
1,1,249604,0.8789,38.6,28.86,-42.5,1,0.0,-35.5,1
1,1,250330,0.8789,39.6,28.85,-42.5,1,0.0,-35.5,1
1,1,251056,0.8789,38.6,28.86,-42.5,1,0.0,-35.5,1
1,1,251782,0.8789,39.6,28.86,-42.5,1,0.0,-35.5,1
1,1,252508,6.4678,38.6,28.86,-42.0,1,0.0,-35.5,1
1,1,253234,6.4678,38.6,28.86,-42.0,1,0.0,-35.5,1
1,1,253960,6.4678,38.6,28.86,-42.0,1,0.0,-35.5,1
1,1,254686,-4.1241,39.6,28.86,-43.0,1,0.0,-35.5,1
1,1,255412,1.0817,38.6,28.86,-42.0,1,0.0,-35.5,1
1,1,256138,5.1157,39.6,28.86,-42.0,1,0.0,-35.5,1
1,1,256864,3.6058,39.6,28.86,-42.0,1,0.0,-35.5,1
1,1,257590,3.6058,39.6,28.86,-42.0,1,0.0,-35.5,1
1,1,258316,3.6058,39.6,28.86,-42.0,1,0.0,-35.5,1
1,1,259042,-2.0282,39.6,28.86,-43.5,1,0.0,-35.5,1
1,1,259768,-2.0282,39.6,28.86,-43.5,1,0.0,-35.5,1
1,1,260494,-2.0282,39.6,28.85,-43.5,1,0.0,-35.5,1
1,1,261220,-1.0141,38.6,28.86,-42.0,1,0.0,-35.5,1
1,1,261946,-2.1635,38.6,28.86,-43.0,1,0.0,-35.5,1
1,1,262672,-2.1635,38.6,28.86,-43.0,1,0.0,-35.5,1
1,1,263398,-2.1635,38.6,28.86,-43.0,1,0.0,-35.5,1
1,1,264124,-0.8789,38.6,28.86,-42.0,1,0.0,-35.5,1
1,1,264850,1.5550,38.6,28.85,-42.5,1,0.0,-35.5,1
1,1,265576,-7.7524,39.6,28.86,-42.0,1,0.0,-35.5,1
1,1,266302,-7.5947,39.6,28.86,-42.0,1,0.0,-35.5,1
1,1,267028,2.5916,39.6,28.86,-43.5,1,0.0,-35.5,1
1,1,267754,3.2903,39.6,28.85,-42.0,1,0.0,-35.5,1
1,1,268480,3.2903,39.6,28.86,-42.0,1,0.0,-35.5,1
1,1,269206,0.3606,40.6,28.86,-42.5,1,0.0,-35.5,1
1,1,269932,3.7410,39.6,28.86,-42.0,1,0.0,-35.5,1
1,1,270658,3.7410,39.6,28.86,-42.0,1,0.0,-35.5,1
1,1,271384,0.7888,39.6,28.86,-42.5,1,0.0,-35.5,1
1,1,272110,-0.8564,38.6,28.85,-42.0,1,0.0,-35.5,1
1,1,272836,-0.8564,38.6,28.86,-42.0,1,0.0,-35.5,1
1,1,273562,-0.8564,38.6,28.86,-42.0,1,0.0,-35.5,1
1,1,274288,-0.8564,39.6,28.86,-42.0,1,0.0,-35.5,1
1,1,275014,-19.7416,39.6,28.86,-42.5,1,0.0,-35.5,1
1,1,275740,-0.5634,39.6,28.86,-42.0,1,0.0,-35.5,1
1,1,276466,-0.5634,38.6,28.86,-42.0,1,0.0,-35.5,1
1,1,277192,-0.1803,39.6,28.86,-42.5,1,0.0,-35.5,1
1,1,277918,-0.1803,39.6,28.86,-42.5,1,0.0,-35.5,1
1,1,278644,-0.1803,39.6,28.86,-42.5,1,0.0,-35.5,1
1,1,279370,-0.1803,38.6,28.86,-42.5,1,0.0,-35.5,1
1,1,280096,-6.6256,39.6,28.86,-42.5,1,0.0,-35.5,1
1,1,280822,8.5412,39.6,28.85,-43.0,1,0.0,-35.5,1
1,1,281548,-1.2395,39.6,28.86,-42.0,1,0.0,-35.5,1
1,1,282274,-1.2395,39.6,28.85,-42.0,1,0.0,-35.5,1
1,1,283000,-1.2395,40.6,28.85,-42.0,1,0.0,-35.5,1
1,1,283726,-1.2395,39.6,28.86,-42.0,1,0.0,-35.5,1
1,1,284452,-0.9240,40.6,28.86,-42.0,1,0.0,-35.5,1
1,1,285178,-0.2930,38.6,28.86,-42.5,1,0.0,-35.5,1
1,1,285904,-2.6593,38.6,28.86,-42.5,1,0.0,-35.5,1
1,1,286630,-2.6593,39.6,28.85,-42.5,1,0.0,-35.5,1
1,1,287356,0.3380,39.6,28.86,-42.0,1,0.0,-35.5,1
1,1,288082,-7.5947,39.6,28.86,-42.0,1,0.0,-35.5,1
1,1,288808,0.3155,39.6,28.86,-42.0,1,0.0,-35.5,1
1,1,289534,-2.8621,40.6,28.86,-42.0,1,0.0,-35.5,1
1,1,290260,2.5916,38.6,28.86,-42.0,1,0.0,-35.5,1
1,1,290986,2.5916,38.6,28.85,-42.0,1,0.0,-35.5,1
1,1,291712,-1.0141,39.6,28.86,-42.5,1,0.0,-35.5,1
1,1,292438,10.6145,39.6,28.86,-42.0,1,0.0,-35.5,1
1,1,293164,-0.6085,38.6,28.86,-42.0,1,0.0,-35.5,1
1,1,293890,-1.9832,38.6,28.86,-42.0,1,0.0,-35.5,1
1,1,294616,-1.9832,38.6,28.86,-42.0,1,0.0,-35.5,1
1,1,295342,0.9916,38.6,28.86,-42.5,1,0.0,-35.5,1
1,1,296068,0.9916,39.6,28.86,-42.5,1,0.0,-35.5,1
1,1,296794,0.9916,39.6,28.86,-42.5,1,0.0,-35.5,1
1,1,297520,7.7073,39.6,28.86,-42.0,1,0.0,-35.5,1
1,1,298246,7.7073,39.6,28.86,-42.0,1,0.0,-35.5,1
1,1,298972,4.1917,39.6,28.85,-42.5,1,0.0,-35.5,1
1,1,299698,4.1917,39.6,28.86,-42.5,1,0.0,-35.5,1
1,1,300424,-2.2761,39.6,28.86,-42.5,1,0.0,-35.5,1
1,1,301150,-2.2761,39.6,28.86,-42.5,1,0.0,-35.5,1
1,1,301876,1.2846,39.6,28.86,-42.0,1,0.0,-35.5,1
1,1,302602,-8.7215,39.6,28.86,-43.0,1,0.0,-35.5,1
1,1,303328,1.8705,39.6,28.86,-42.0,1,0.0,-35.5,1
1,1,304054,1.7127,38.6,28.86,-42.0,1,0.0,-35.5,1
1,1,304780,-3.8537,39.6,28.86,-43.0,1,0.0,-35.5,1
1,1,305506,-3.8537,39.6,28.86,-43.0,1,0.0,-35.5,1
1,1,306232,-3.8537,38.6,28.85,-43.0,1,0.0,-35.5,1
1,1,306958,-3.8537,38.6,28.85,-43.0,1,0.0,-35.5,1
1,1,307684,-3.8537,39.6,28.86,-43.0,1,0.0,-35.5,1
1,1,308410,-4.3044,39.6,28.86,-42.0,1,0.0,-35.5,1
1,1,309136,-3.0424,39.6,28.86,-42.0,1,0.0,-35.5,1
1,1,309862,-3.0424,39.6,28.86,-42.0,1,0.0,-35.5,1
1,1,310588,-8.6989,39.6,28.86,-42.0,1,0.0,-35.5,1
1,1,311314,-7.0538,39.6,28.86,-43.0,1,0.0,-35.5,1
1,1,312040,-5.0255,39.6,28.86,-42.0,1,0.0,-35.5,1
1,1,312766,5.6791,39.6,28.86,-42.0,1,0.0,-35.5,1
1,1,313492,5.6791,39.6,28.86,-42.0,1,0.0,-35.5,1
1,1,314218,-1.3972,39.6,28.86,-42.0,1,0.0,-35.5,1
1,1,314944,-1.3972,39.6,28.86,-42.0,1,0.0,-35.5,1
1,1,315670,-0.9916,39.6,28.86,-42.0,1,0.0,-35.5,1
1,1,316396,-0.9916,39.6,28.86,-42.0,1,0.0,-35.5,1
1,1,317122,-0.9916,39.6,28.86,-42.0,1,0.0,-35.5,1
1,1,317848,-0.9916,39.6,28.86,-42.0,1,0.0,-35.5,1
1,1,318574,2.7494,38.6,28.86,-42.0,1,0.0,-35.5,1
1,1,319300,2.7494,39.6,28.85,-42.0,1,0.0,-35.5,1
1,1,320026,5.4763,39.6,28.85,-42.0,1,0.0,-35.5,1
1,1,320752,5.4763,39.6,28.85,-42.0,1,0.0,-35.5,1
1,1,321478,5.4763,38.6,28.86,-42.0,1,0.0,-35.5,1
1,1,322204,6.1749,39.6,28.85,-42.0,1,0.0,-35.5,1
1,1,322930,0.2479,38.6,28.86,-43.0,1,0.0,-35.5,1
1,1,323656,0.2479,39.6,28.85,-43.0,1,0.0,-35.5,1
1,1,324382,0.2479,39.6,28.85,-43.0,1,0.0,-35.5,1
1,1,325108,0.2479,39.6,28.85,-43.0,1,0.0,-35.5,1
1,1,325834,-1.7578,39.6,28.85,-42.5,1,0.0,-35.5,1
1,1,326560,-1.7578,39.6,28.85,-42.5,1,0.0,-35.5,1
1,1,327286,8.3383,40.6,28.85,-42.5,1,0.0,-35.5,1
1,1,328012,8.3383,40.6,28.85,-42.5,1,0.0,-35.5,1
1,1,328738,0.3155,39.6,28.85,-42.0,1,0.0,-35.5,1
1,1,329464,-0.5859,38.6,28.86,-42.0,1,0.0,-35.5,1
1,1,330190,9.0820,39.6,28.85,-42.5,1,0.0,-35.5,1
1,1,330916,0.5409,39.6,28.85,-42.5,1,0.0,-35.5,1
1,1,331642,1.1493,39.6,28.86,-42.0,1,0.0,-35.5,1
1,1,332368,1.1493,39.6,28.85,-42.0,1,0.0,-35.5,1
1,1,333094,1.1493,39.6,28.85,-42.0,1,0.0,-35.5,1
1,1,333820,1.1493,38.6,28.85,-42.0,1,0.0,-35.5,1
1,1,334546,-2.2311,38.6,28.85,-42.0,1,0.0,-35.5,1
1,1,335272,-3.9889,39.6,28.85,-42.5,1,0.0,-35.5,1
1,1,335998,-4.0114,38.6,28.85,-42.0,1,0.0,-35.5,1
1,1,336724,9.1046,39.6,28.85,-43.5,1,0.0,-35.5,1
1,1,337450,9.1046,39.6,28.85,-43.5,1,0.0,-35.5,1
1,1,338176,-0.1352,39.6,28.85,-42.5,1,0.0,-35.5,1
1,1,338902,0.8113,38.6,28.85,-42.0,1,0.0,-35.5,1
1,1,339628,2.7719,39.6,28.85,-43.0,1,0.0,-35.5,1
1,1,340354,2.7719,39.6,28.85,-43.0,1,0.0,-35.5,1
1,1,341080,4.1016,39.6,28.85,-42.0,1,0.0,-35.5,1
1,1,341806,4.1016,38.6,28.85,-42.0,1,0.0,-35.5,1
1,1,342532,-0.7888,38.6,28.85,-43.0,1,0.0,-35.5,1
1,1,343258,-1.4423,39.6,28.85,-42.5,1,0.0,-35.5,1
1,1,343984,-1.4423,39.6,28.85,-42.5,1,0.0,-35.5,1
1,1,344710,4.5297,39.6,28.85,-42.0,1,0.0,-35.5,1
1,1,345436,1.4423,39.6,28.85,-42.0,1,0.0,-35.5,1
1,1,346162,-14.0400,39.6,28.85,-42.5,1,0.0,-35.5,1
1,1,346888,-18.1415,39.6,28.85,-42.0,1,0.0,-35.5,1
1,1,347614,-18.1415,39.6,28.85,-42.0,1,0.0,-35.5,1
1,1,348340,-18.1415,39.6,28.85,-42.0,1,0.0,-35.5,1
1,1,349066,-18.1415,39.6,28.85,-42.0,1,0.0,-35.5,1
1,1,349792,-18.1415,39.6,28.84,-42.0,1,0.0,-35.5,1
1,1,350518,-7.0989,39.6,28.84,-42.0,1,0.0,-35.5,1
1,1,351244,-7.0989,39.6,28.85,-42.0,1,0.0,-35.5,1
1,1,351970,-7.0989,39.6,28.85,-42.0,1,0.0,-35.5,1
1,1,352696,3.9438,39.6,28.85,-42.0,1,0.0,-35.5,1
1,1,353422,-0.9465,39.6,28.85,-42.0,1,0.0,-35.5,1
1,1,354148,-0.9465,39.6,28.85,-42.0,1,0.0,-35.5,1
1,1,354874,-2.1184,39.6,28.85,-42.0,1,0.0,-35.5,1
1,1,355600,-4.2142,39.6,28.85,-42.5,1,0.0,-35.5,1
1,1,356326,2.0508,39.6,28.85,-42.0,1,0.0,-35.5,1
1,1,357052,1.3972,39.6,28.84,-43.5,1,0.0,-35.5,1
1,1,357778,3.2227,39.6,28.84,-42.0,1,0.0,-35.5,1
1,1,358504,-4.0340,38.6,28.84,-43.0,1,0.0,-35.5,1
1,1,359230,-4.0340,38.6,28.84,-43.0,1,0.0,-35.5,1
1,1,359956,-1.3522,39.6,28.84,-43.0,1,0.0,-35.5,1
1,1,360682,6.8510,39.6,28.84,-43.5,1,0.0,-35.5,1
1,1,361408,6.8510,39.6,28.84,-43.5,1,0.0,-35.5,1
1,1,362134,2.4790,38.6,28.84,-42.5,1,0.0,-35.5,1
1,1,362860,0.3831,38.6,28.84,-42.5,1,0.0,-35.5,1
1,1,363586,0.6085,38.6,28.84,-42.0,1,0.0,-35.5,1
1,1,364312,0.6085,38.6,28.84,-42.0,1,0.0,-35.5,1
1,1,365038,0.6085,38.6,28.84,-42.0,1,0.0,-35.5,1
1,1,365764,2.9973,39.6,28.84,-42.0,1,0.0,-35.5,1
1,1,366490,0.7888,39.6,28.84,-42.0,1,0.0,-35.5,1
1,1,367216,2.8170,39.6,28.85,-42.0,1,0.0,-35.5,1
1,1,367942,2.8170,38.6,28.84,-42.0,1,0.0,-35.5,1
1,1,368668,-2.1635,39.6,28.84,-42.5,1,0.0,-35.5,1
1,1,369394,-2.1635,39.6,28.84,-42.5,1,0.0,-35.5,1
1,1,370120,-2.1635,39.6,28.84,-42.5,1,0.0,-35.5,1
2,1,5669,10.9075,38.6,28.84,-42.0,1,0.0,-35.5,1
2,1,6395,10.9075,38.6,28.84,-42.0,1,0.0,-35.5,1
2,1,7121,10.9075,38.6,28.84,-42.0,1,0.0,-35.5,1
2,1,7847,-13.5216,38.6,28.84,-42.5,1,0.0,-35.5,1
2,1,8573,-13.5216,38.6,28.84,-42.5,1,0.0,-35.5,1
2,1,9299,2.7043,38.6,28.84,-42.0,1,0.0,-35.5,1
2,1,10025,4.8227,38.6,28.84,-42.0,1,0.0,-35.5,1
2,1,10751,5.6115,39.6,28.85,-42.0,1,0.0,-35.5,1
2,1,11477,-8.6764,39.6,28.85,-42.0,1,0.0,-35.5,1
2,1,12203,2.8621,38.6,28.85,-42.0,1,0.0,-35.5,1
2,1,12929,-1.7803,39.6,28.85,-42.0,1,0.0,-35.5,1
2,1,13655,2.6593,39.6,28.85,-42.0,1,0.0,-35.5,1
2,1,14381,1.6001,39.6,28.84,-42.5,1,0.0,-35.5,1
2,1,15107,0.4507,39.6,28.84,-43.0,1,0.0,-35.5,1
2,1,15833,0.4507,39.6,28.85,-43.0,1,0.0,-35.5,1
2,1,16559,0.4507,39.6,28.84,-43.0,1,0.0,-35.5,1
2,1,17285,0.4507,38.6,28.84,-43.0,1,0.0,-35.5,1
2,1,18011,0.4507,38.6,28.84,-43.0,1,0.0,-35.5,1
2,1,18737,6.1749,38.6,28.84,-42.0,1,0.0,-35.5,1
2,1,19463,-9.6229,39.6,28.85,-42.0,1,0.0,-35.5,1
2,1,20189,0.9240,39.6,28.85,-42.0,1,0.0,-35.5,1
2,1,20915,-4.0114,39.6,28.85,-42.0,1,0.0,-35.5,1
2,1,21641,-2.2987,39.6,28.84,-42.5,1,0.0,-35.5,1
2,1,22367,-2.2987,39.6,28.84,-42.5,1,0.0,-35.5,1
2,1,23093,9.3750,39.6,28.84,-42.0,1,0.0,-35.5,1
2,1,23819,-0.9465,39.6,28.84,-42.0,1,0.0,-35.5,1
2,1,24545,-0.9465,39.6,28.84,-42.0,1,0.0,-35.5,1
2,1,25271,-0.9465,39.6,28.84,-42.0,1,0.0,-35.5,1
2,1,25997,-0.7888,39.6,28.83,-42.0,1,0.0,-35.5,1
2,1,26723,-0.7888,39.6,28.84,-42.0,1,0.0,-35.5,1
2,1,27449,-0.7888,39.6,28.84,-42.0,1,0.0,-35.5,1
2,1,28175,0.8789,38.6,28.84,-43.0,1,0.0,-35.5,1
2,1,28901,-7.7749,38.6,28.84,-43.0,1,0.0,-35.5,1
2,1,29627,-7.7749,38.6,28.83,-43.0,1,0.0,-35.5,1
2,1,30353,2.6367,38.6,28.84,-42.0,1,0.0,-35.5,1
2,1,31079,-9.0370,38.6,28.84,-42.0,1,0.0,-35.5,1
2,1,31805,-4.8678,39.6,28.84,-42.0,1,0.0,-35.5,1
2,1,32531,-4.8678,39.6,28.84,-42.0,1,0.0,-35.5,1
2,1,33257,4.3495,39.6,28.84,-42.0,1,0.0,-35.5,1
2,1,33983,6.6481,39.6,28.84,-42.0,1,0.0,-35.5,1
2,1,34709,4.1016,39.6,28.84,-42.0,1,0.0,-35.5,1
2,1,35435,0.8113,38.6,28.84,-43.0,1,0.0,-35.5,1
2,1,36161,-2.9973,38.6,28.84,-42.0,1,0.0,-35.5,1
2,1,36887,-2.9973,38.6,28.84,-42.0,1,0.0,-35.5,1
2,1,37613,-0.2028,39.6,28.84,-42.5,1,0.0,-35.5,1
2,1,38339,5.7918,39.6,28.84,-42.0,1,0.0,-35.5,1
2,1,39065,-2.1635,39.6,28.84,-42.0,1,0.0,-35.5,1
2,1,39791,-2.1635,39.6,28.83,-42.0,1,0.0,-35.5,1
2,1,40517,-2.1635,39.6,28.84,-42.0,1,0.0,-35.5,1
2,1,41243,-3.5832,39.6,28.84,-42.5,1,0.0,-35.5,1
2,1,41969,3.0424,39.6,28.84,-42.0,1,0.0,-35.5,1
2,1,42695,4.6875,39.6,28.84,-43.0,1,0.0,-35.5,1
2,1,43421,4.6875,39.6,28.84,-43.0,1,0.0,-35.5,1
2,1,44147,4.4847,39.6,28.84,-43.0,1,0.0,-35.5,1
2,1,44873,-1.8930,38.6,28.84,-43.0,1,0.0,-35.5,1
2,1,45599,-1.8930,39.6,28.84,-43.0,1,0.0,-35.5,1
2,1,46325,-1.8930,39.6,28.84,-43.0,1,0.0,-35.5,1
2,1,47051,-0.5634,39.6,28.84,-42.5,1,0.0,-35.5,1
2,1,47777,-8.3609,39.6,28.84,-42.0,1,0.0,-35.5,1
2,1,48503,-12.4399,39.6,28.84,-43.0,1,0.0,-35.5,1
2,1,49229,-4.6424,39.6,28.84,-42.0,1,0.0,-35.5,1
2,1,49955,-0.5409,39.6,28.84,-42.5,1,0.0,-35.5,1
2,1,50681,-5.3410,38.6,28.84,-42.5,1,0.0,-35.5,1
2,1,51407,-1.0817,39.6,28.84,-42.0,1,0.0,-35.5,1
2,1,52133,-1.1493,38.6,28.84,-42.5,1,0.0,-35.5,1
2,1,52859,-1.1493,39.6,28.84,-42.5,1,0.0,-35.5,1
2,1,53585,-1.1493,38.6,28.84,-42.5,1,0.0,-35.5,1
2,1,54311,-1.1493,39.6,28.84,-42.5,1,0.0,-35.5,1
2,1,55037,3.2001,39.6,28.84,-42.0,1,0.0,-35.5,1
2,1,55763,3.2001,39.6,28.84,-42.0,1,0.0,-35.5,1
2,1,56489,3.2001,39.6,28.84,-42.0,1,0.0,-35.5,1
2,1,57215,3.2001,39.6,28.83,-42.0,1,0.0,-35.5,1
2,1,57941,-0.8564,38.6,28.84,-43.0,1,0.0,-35.5,1
2,1,58667,-2.6593,38.6,28.83,-42.5,1,0.0,-35.5,1
2,1,59393,-3.2677,39.6,28.83,-42.0,1,0.0,-35.5,1
2,1,60119,2.9973,39.6,28.83,-42.5,1,0.0,-35.5,1
2,1,60845,2.9973,39.6,28.84,-42.5,1,0.0,-35.5,1
2,1,61571,4.6650,39.6,28.84,-43.0,1,0.0,-35.5,1
2,1,62297,4.6650,39.6,28.84,-43.0,1,0.0,-35.5,1
2,1,63023,-1.4874,39.6,28.84,-42.0,1,0.0,-35.5,1
2,1,63749,-1.4874,39.6,28.83,-42.0,1,0.0,-35.5,1
2,1,64475,-1.5099,39.6,28.83,-42.0,1,0.0,-35.5,1
2,1,65201,-1.5099,39.6,28.84,-42.0,1,0.0,-35.5,1
2,1,65927,4.3720,39.6,28.83,-42.0,1,0.0,-35.5,1
2,1,66653,2.5691,39.6,28.84,-42.0,1,0.0,-35.5,1
2,1,67379,-1.1043,39.6,28.84,-42.0,1,0.0,-35.5,1
2,1,68105,4.3720,39.6,28.83,-42.0,1,0.0,-35.5,1
2,1,68831,-4.3945,39.6,28.83,-43.0,1,0.0,-35.5,1
2,1,69557,2.9522,39.6,28.83,-42.0,1,0.0,-35.5,1
2,1,70283,2.9522,38.6,28.83,-42.0,1,0.0,-35.5,1
2,1,71009,1.9156,39.6,28.83,-42.0,1,0.0,-35.5,1
2,1,71735,-3.9663,38.6,28.83,-42.0,1,0.0,-35.5,1
2,1,72461,-3.9663,39.6,28.83,-42.0,1,0.0,-35.5,1
2,1,73187,-3.9663,39.6,28.83,-42.0,1,0.0,-35.5,1
2,1,73913,-1.5775,39.6,28.83,-42.5,1,0.0,-35.5,1
2,1,74639,-8.4059,39.6,28.83,-42.0,1,0.0,-35.5,1
2,1,75365,1.5099,39.6,28.83,-42.0,1,0.0,-35.5,1
2,1,76091,1.5099,39.6,28.83,-42.0,1,0.0,-35.5,1
2,1,76817,-2.5916,38.6,28.83,-42.0,1,0.0,-35.5,1
2,1,77543,11.4483,38.6,28.83,-42.5,1,0.0,-35.5,1
2,1,78269,11.4483,39.6,28.83,-42.5,1,0.0,-35.5,1
2,1,78995,4.9579,39.6,28.83,-43.5,1,0.0,-35.5,1
2,1,79721,4.9579,39.6,28.83,-43.5,1,0.0,-35.5,1
2,1,80447,4.9579,39.6,28.83,-43.5,1,0.0,-35.5,1
2,1,81173,4.9579,39.6,28.83,-43.5,1,0.0,-35.5,1
2,1,81899,4.9579,39.6,28.83,-43.5,1,0.0,-35.5,1
2,1,82625,0.4056,39.6,28.83,-42.0,1,0.0,-35.5,1
2,1,83351,-5.9044,39.6,28.82,-42.0,1,0.0,-35.5,1
2,1,84077,2.2987,39.6,28.83,-42.0,1,0.0,-35.5,1
2,1,84803,2.2987,39.6,28.83,-42.0,1,0.0,-35.5,1
2,1,85529,2.2987,39.6,28.83,-42.0,1,0.0,-35.5,1
2,1,86255,2.2987,39.6,28.82,-42.0,1,0.0,-35.5,1
2,1,86981,2.7269,38.6,28.83,-42.5,1,0.0,-35.5,1
2,1,87707,-0.2930,39.6,28.83,-42.0,1,0.0,-35.5,1
2,1,88433,-0.2930,39.6,28.83,-42.0,1,0.0,-35.5,1
2,1,89159,-0.2930,39.6,28.83,-42.0,1,0.0,-35.5,1
2,1,89885,-0.2930,39.6,28.83,-42.0,1,0.0,-35.5,1
2,1,90611,4.0565,39.6,28.83,-42.0,1,0.0,-35.5,1
2,1,91337,4.0565,39.6,28.83,-42.0,1,0.0,-35.5,1
2,1,92063,1.1493,39.6,28.83,-42.0,1,0.0,-35.5,1
2,1,92789,1.1493,39.6,28.83,-42.0,1,0.0,-35.5,1
2,1,93515,1.1493,39.6,28.83,-42.0,1,0.0,-35.5,1
2,1,94241,1.5550,39.6,28.83,-42.0,1,0.0,-35.5,1
2,1,94967,1.5550,39.6,28.83,-42.0,1,0.0,-35.5,1
2,1,95693,2.3663,39.6,28.83,-42.0,1,0.0,-35.5,1
2,1,96419,-4.5297,39.6,28.83,-42.0,1,0.0,-35.5,1
2,1,97145,-4.5297,39.6,28.83,-42.0,1,0.0,-35.5,1
2,1,97871,-4.5297,39.6,28.83,-42.0,1,0.0,-35.5,1
2,1,98597,-0.1578,39.6,28.83,-42.0,1,0.0,-35.5,1
2,1,99323,-3.6283,39.6,28.83,-42.0,1,0.0,-35.5,1
2,1,100049,-3.6283,40.6,28.83,-42.0,1,0.0,-35.5,1
2,1,100775,-3.6283,39.6,28.83,-42.0,1,0.0,-35.5,1
2,1,101501,-1.8930,39.6,28.83,-42.0,1,0.0,-35.5,1
2,1,102227,-1.3972,39.6,28.82,-42.0,1,0.0,-35.5,1
2,1,102953,-1.3972,39.6,28.82,-42.0,1,0.0,-35.5,1
2,1,103679,-1.3972,39.6,28.82,-42.0,1,0.0,-35.5,1
2,1,104405,4.0565,39.6,28.82,-42.0,1,0.0,-35.5,1
2,1,105131,4.0565,39.6,28.83,-42.0,1,0.0,-35.5,1
2,1,105857,7.1214,38.6,28.82,-42.0,1,0.0,-35.5,1
2,1,106583,-1.4423,38.6,28.82,-42.0,1,0.0,-35.5,1
2,1,107309,-1.4423,38.6,28.82,-42.0,1,0.0,-35.5,1
2,1,108035,-1.4423,39.6,28.82,-42.0,1,0.0,-35.5,1
2,1,108761,1.1493,39.6,28.82,-42.0,1,0.0,-35.5,1
2,1,109487,-0.7888,39.6,28.82,-42.0,1,0.0,-35.5,1
2,1,110213,-2.5466,38.6,28.82,-42.5,1,0.0,-35.5,1
2,1,110939,3.0424,39.6,28.82,-42.0,1,0.0,-35.5,1
2,1,111665,3.0424,39.6,28.82,-42.0,1,0.0,-35.5,1
2,1,112391,1.5325,39.6,28.82,-42.0,1,0.0,-35.5,1
2,1,113117,1.5325,39.6,28.82,-42.0,1,0.0,-35.5,1
2,1,113843,1.5325,40.6,28.83,-42.0,1,0.0,-35.5,1
2,1,114569,0.2254,39.6,28.83,-43.0,1,0.0,-35.5,1
2,1,115295,1.6001,39.6,28.83,-42.0,1,0.0,-35.5,1
2,1,116021,1.6001,39.6,28.83,-42.0,1,0.0,-35.5,1
2,1,116747,1.6001,39.6,28.82,-42.0,1,0.0,-35.5,1
2,1,117473,1.6001,39.6,28.83,-42.0,1,0.0,-35.5,1
2,1,118199,-2.7945,39.6,28.82,-42.0,1,0.0,-35.5,1
2,1,118925,1.5550,39.6,28.83,-42.0,1,0.0,-35.5,1
2,1,119651,1.5550,39.6,28.82,-42.0,1,0.0,-35.5,1
2,1,120377,1.5550,39.6,28.82,-42.0,1,0.0,-35.5,1
2,1,121103,1.5550,39.6,28.82,-42.0,1,0.0,-35.5,1
2,1,121829,-11.6061,38.6,28.82,-42.0,1,0.0,-35.5,1
2,1,122555,1.3747,39.6,28.82,-42.0,1,0.0,-35.5,1
2,1,123281,1.3747,38.6,28.82,-42.0,1,0.0,-35.5,1
2,1,124007,1.3747,39.6,28.82,-42.0,1,0.0,-35.5,1
2,1,124733,-2.1860,39.6,28.83,-42.0,1,0.0,-35.5,1
2,1,125459,0.3831,39.6,28.83,-42.5,1,0.0,-35.5,1
2,1,126185,0.3831,39.6,28.82,-42.5,1,0.0,-35.5,1
2,1,126911,0.3831,39.6,28.82,-42.5,1,0.0,-35.5,1
2,1,127637,0.3831,38.6,28.82,-42.5,1,0.0,-35.5,1
2,1,128363,1.7353,38.6,28.82,-42.5,1,0.0,-35.5,1
2,1,129089,1.7353,39.6,28.82,-42.5,1,0.0,-35.5,1
2,1,129815,-0.4507,39.6,28.82,-42.5,1,0.0,-35.5,1
2,1,130541,1.2169,38.6,28.82,-42.0,1,0.0,-35.5,1
2,1,131267,9.9609,38.6,28.82,-42.0,1,0.0,-35.5,1
2,1,131993,9.9609,38.6,28.82,-42.0,1,0.0,-35.5,1
2,1,132719,10.1863,38.6,28.82,-42.0,1,0.0,-35.5,1
2,1,133445,3.1776,38.6,28.82,-42.0,1,0.0,-35.5,1
2,1,134171,-3.4480,38.6,28.83,-42.0,1,0.0,-35.5,1
2,1,134897,-3.4480,39.6,28.82,-42.0,1,0.0,-35.5,1
2,1,135623,-3.4480,39.6,28.82,-42.0,1,0.0,-35.5,1
2,1,136349,-3.4480,39.6,28.82,-42.0,1,0.0,-35.5,1
2,1,137075,-5.5213,39.6,28.82,-42.5,1,0.0,-35.5,1
2,1,137801,7.6623,39.6,28.82,-43.0,1,0.0,-35.5,1
2,1,138527,7.6623,39.6,28.82,-43.0,1,0.0,-35.5,1
2,1,139253,2.3212,39.6,28.82,-42.0,1,0.0,-35.5,1
2,1,139979,2.3212,39.6,28.82,-42.0,1,0.0,-35.5,1
2,1,140705,2.3212,38.6,28.82,-42.0,1,0.0,-35.5,1
2,1,141431,8.4059,39.6,28.82,-42.5,1,0.0,-35.5,1
2,1,142157,3.6283,39.6,28.82,-42.0,1,0.0,-35.5,1
2,1,142883,-5.1608,39.6,28.82,-42.0,1,0.0,-35.5,1
2,1,143609,-0.4958,38.6,28.82,-44.5,1,0.0,-35.5,1
2,1,144335,-0.4958,38.6,28.82,-44.5,1,0.0,-35.5,1
2,1,145061,1.1268,38.6,28.82,-42.0,1,0.0,-35.5,1
2,1,145787,-6.6256,38.6,28.82,-42.0,1,0.0,-35.5,1
2,1,146513,-11.8765,39.6,28.82,-42.5,1,0.0,-35.5,1
2,1,147239,-11.8765,39.6,28.82,-42.5,1,0.0,-35.5,1
2,1,147965,-11.8765,39.6,28.82,-42.5,1,0.0,-35.5,1
2,1,148691,-11.8765,39.6,28.82,-42.5,1,0.0,-35.5,1
2,1,149417,-0.8113,39.6,28.82,-43.0,1,0.0,-35.5,1
2,1,150143,-0.8113,38.6,28.82,-43.0,1,0.0,-35.5,1
2,1,150869,-0.8113,39.6,28.82,-43.0,1,0.0,-35.5,1
2,1,151595,-0.8113,39.6,28.82,-43.0,1,0.0,-35.5,1
2,1,152321,-3.5156,39.6,28.82,-42.0,1,0.0,-35.5,1
2,1,153047,-0.1803,39.6,28.82,-42.0,1,0.0,-35.5,1
2,1,153773,-0.1803,39.6,28.82,-42.0,1,0.0,-35.5,1
2,1,154499,3.7184,39.6,28.82,-42.5,1,0.0,-35.5,1
2,1,155225,-0.8789,39.6,28.82,-42.0,1,0.0,-35.5,1
2,1,155951,2.6593,38.6,28.82,-42.0,1,0.0,-35.5,1
2,1,156677,0.7662,39.6,28.82,-42.5,1,0.0,-35.5,1
2,1,157403,0.7662,39.6,28.82,-42.5,1,0.0,-35.5,1
2,1,158129,-2.5916,39.6,28.82,-42.0,1,0.0,-35.5,1
2,1,158855,0.9465,39.6,28.82,-43.0,1,0.0,-35.5,1
2,1,159581,0.9465,39.6,28.82,-43.0,1,0.0,-35.5,1
2,1,160307,0.9465,39.6,28.82,-43.0,1,0.0,-35.5,1
2,1,161033,0.1803,39.6,28.82,-42.0,1,0.0,-35.5,1
2,1,161759,0.1803,39.6,28.81,-42.0,1,0.0,-35.5,1
2,1,162485,4.3720,39.6,28.82,-42.0,1,0.0,-35.5,1
2,1,163211,4.8903,39.6,28.82,-42.0,1,0.0,-35.5,1
2,1,163937,4.8903,39.6,28.82,-42.0,1,0.0,-35.5,1
2,1,164663,10.8173,39.6,28.82,-42.0,1,0.0,-35.5,1
2,1,165389,7.8200,39.6,28.82,-43.0,1,0.0,-35.5,1
2,1,166115,-2.1184,39.6,28.82,-42.5,1,0.0,-35.5,1
2,1,166841,-15.6175,38.6,28.82,-42.5,1,0.0,-35.5,1
2,1,167567,-1.7803,39.6,28.82,-43.0,1,0.0,-35.5,1
2,1,168293,-12.9582,39.6,28.82,-42.0,1,0.0,-35.5,1
2,1,169019,3.3579,39.6,28.82,-42.0,1,0.0,-35.5,1
2,1,169745,3.3579,39.6,28.81,-42.0,1,0.0,-35.5,1
2,1,170471,1.3522,39.6,28.82,-42.0,1,0.0,-35.5,1
2,1,171197,0.1578,39.6,28.81,-43.5,1,0.0,-35.5,1
2,1,171923,0.1578,39.6,28.81,-43.5,1,0.0,-35.5,1
2,1,172649,0.1578,39.6,28.81,-43.5,1,0.0,-35.5,1
2,1,173375,-0.3155,39.6,28.81,-43.5,1,0.0,-35.5,1
2,1,174101,-3.2903,39.6,28.81,-43.0,1,0.0,-35.5,1
2,1,174827,-3.2903,39.6,28.81,-43.0,1,0.0,-35.5,1
2,1,175553,-3.2903,38.6,28.82,-43.0,1,0.0,-35.5,1
2,1,176279,4.6650,39.6,28.82,-43.0,1,0.0,-35.5,1
2,1,177005,3.6508,39.6,28.82,-42.0,1,0.0,-35.5,1
2,1,177731,3.6508,39.6,28.82,-42.0,1,0.0,-35.5,1
2,1,178457,3.9889,39.6,28.81,-42.0,1,0.0,-35.5,1
2,1,179183,3.9889,39.6,28.82,-42.0,1,0.0,-35.5,1
2,1,179909,2.7719,39.6,28.82,-42.5,1,0.0,-35.5,1
2,1,180635,1.6451,39.6,28.82,-43.0,1,0.0,-35.5,1
2,1,181361,0.5859,39.6,28.82,-42.0,1,0.0,-35.5,1
2,1,182087,0.5859,39.6,28.81,-42.0,1,0.0,-35.5,1
2,1,182813,-1.9381,39.6,28.82,-42.0,1,0.0,-35.5,1
2,1,183539,-1.9381,39.6,28.81,-42.0,1,0.0,-35.5,1
2,1,184265,-1.9381,39.6,28.82,-42.0,1,0.0,-35.5,1
2,1,184991,1.0367,39.6,28.82,-42.0,1,0.0,-35.5,1
2,1,185717,1.0367,39.6,28.81,-42.0,1,0.0,-35.5,1
2,1,186443,5.2284,39.6,28.81,-42.5,1,0.0,-35.5,1
2,1,187169,1.6001,39.6,28.82,-42.5,1,0.0,-35.5,1
2,1,187895,3.6734,40.6,28.82,-43.0,1,0.0,-35.5,1
2,1,188621,3.6734,40.6,28.82,-43.0,1,0.0,-35.5,1
2,1,189347,-4.5748,39.6,28.81,-42.0,1,0.0,-35.5,1
2,1,190073,3.0198,39.6,28.81,-42.5,1,0.0,-35.5,1
2,1,190799,4.8903,39.6,28.81,-42.0,1,0.0,-35.5,1
2,1,191525,-2.5916,39.6,28.81,-42.0,1,0.0,-35.5,1
2,1,192251,-2.5916,39.6,28.82,-42.0,1,0.0,-35.5,1
2,1,192977,-3.6283,39.6,28.81,-42.0,1,0.0,-35.5,1
2,1,193703,-3.6283,39.6,28.81,-42.0,1,0.0,-35.5,1
2,1,194429,-3.6283,38.6,28.82,-42.0,1,0.0,-35.5,1
2,1,195155,-4.0114,39.6,28.81,-42.0,1,0.0,-35.5,1
2,1,195881,-0.8564,38.6,28.82,-42.5,1,0.0,-35.5,1
2,1,196607,-2.0508,39.6,28.82,-42.0,1,0.0,-35.5,1
2,1,197333,-2.0508,38.6,28.82,-42.0,1,0.0,-35.5,1
2,1,198059,-2.7043,38.6,28.81,-42.0,1,0.0,-35.5,1
2,1,198785,4.0790,38.6,28.81,-42.5,1,0.0,-35.5,1
2,1,199511,4.0790,38.6,28.81,-42.5,1,0.0,-35.5,1
2,1,200237,-3.1550,38.6,28.81,-42.0,1,0.0,-35.5,1
2,1,200963,0.9691,39.6,28.81,-42.0,1,0.0,-35.5,1
2,1,201689,0.3155,39.6,28.81,-42.0,1,0.0,-35.5,1
2,1,202415,5.4763,39.6,28.81,-42.5,1,0.0,-35.5,1
2,1,203141,7.4369,39.6,28.81,-42.0,1,0.0,-35.5,1
2,1,203867,7.4369,39.6,28.81,-42.0,1,0.0,-35.5,1
2,1,204593,7.4369,39.6,28.81,-42.0,1,0.0,-35.5,1
2,1,205319,-5.0931,39.6,28.81,-42.5,1,0.0,-35.5,1
2,1,206045,-7.2341,39.6,28.82,-42.0,1,0.0,-35.5,1
2,1,206771,-3.5382,39.6,28.82,-42.5,1,0.0,-35.5,1
2,1,207497,-3.5382,39.6,28.82,-42.5,1,0.0,-35.5,1
2,1,208223,5.7016,39.6,28.81,-42.0,1,0.0,-35.5,1
2,1,208949,-1.0367,39.6,28.81,-42.5,1,0.0,-35.5,1
2,1,209675,-1.0367,39.6,28.81,-42.5,1,0.0,-35.5,1
2,1,210401,3.0198,39.6,28.82,-42.5,1,0.0,-35.5,1
2,1,211127,-0.4958,39.6,28.81,-43.0,1,0.0,-35.5,1
2,1,211853,0.5183,39.6,28.82,-42.5,1,0.0,-35.5,1
2,1,212579,0.5183,39.6,28.81,-42.5,1,0.0,-35.5,1
2,1,213305,4.5297,39.6,28.81,-42.0,1,0.0,-35.5,1
2,1,214031,0.5634,39.6,28.81,-43.0,1,0.0,-35.5,1
2,1,214757,-2.4339,39.6,28.81,-42.0,1,0.0,-35.5,1
2,1,215483,-2.4339,39.6,28.81,-42.0,1,0.0,-35.5,1
2,1,216209,4.1692,39.6,28.81,-42.0,1,0.0,-35.5,1
2,1,216935,4.1692,39.6,28.81,-42.0,1,0.0,-35.5,1
2,1,217661,2.6593,39.6,28.81,-42.0,1,0.0,-35.5,1
2,1,218387,2.6593,39.6,28.81,-42.0,1,0.0,-35.5,1
2,1,219113,4.1466,39.6,28.81,-43.5,1,0.0,-35.5,1
2,1,219839,4.1466,39.6,28.81,-43.5,1,0.0,-35.5,1
2,1,220565,7.8425,39.6,28.81,-42.5,1,0.0,-35.5,1
2,1,221291,3.1325,38.6,28.81,-42.0,1,0.0,-35.5,1
2,1,222017,3.1325,39.6,28.81,-42.0,1,0.0,-35.5,1
2,1,222743,3.1325,38.6,28.81,-42.0,1,0.0,-35.5,1
2,1,223469,3.1325,39.6,28.81,-42.0,1,0.0,-35.5,1
2,1,224195,3.1325,39.6,28.81,-42.0,1,0.0,-35.5,1
2,1,224921,-6.5355,39.6,28.81,-42.0,1,0.0,-35.5,1
2,1,225647,-6.5355,39.6,28.81,-42.0,1,0.0,-35.5,1
2,1,226373,-0.2254,39.6,28.81,-42.5,1,0.0,-35.5,1
2,1,227099,-3.1776,39.6,28.81,-43.0,1,0.0,-35.5,1
2,1,227825,-3.1776,39.6,28.81,-43.0,1,0.0,-35.5,1
2,1,228551,17.8260,39.6,28.81,-43.0,1,0.0,-35.5,1
2,1,229277,17.8260,39.6,28.81,-43.0,1,0.0,-35.5,1
2,1,230003,17.8260,38.6,28.81,-43.0,1,0.0,-35.5,1
2,1,230729,-6.8960,39.6,28.81,-42.0,1,0.0,-35.5,1
2,1,231455,-6.8960,39.6,28.81,-42.0,1,0.0,-35.5,1
2,1,232181,-6.8960,39.6,28.81,-42.0,1,0.0,-35.5,1
2,1,232907,7.9552,39.6,28.81,-42.5,1,0.0,-35.5,1
2,1,233633,10.9976,38.6,28.81,-42.0,1,0.0,-35.5,1
2,1,234359,-1.4648,38.6,28.81,-42.5,1,0.0,-35.5,1
2,1,235085,-0.7888,38.6,28.81,-42.0,1,0.0,-35.5,1
2,1,235811,4.8002,39.6,28.81,-43.0,1,0.0,-35.5,1
2,1,236537,4.8002,38.6,28.81,-43.0,1,0.0,-35.5,1
2,1,237263,4.8002,38.6,28.81,-43.0,1,0.0,-35.5,1
2,1,237989,-0.6761,38.6,28.81,-43.5,1,0.0,-35.5,1
2,1,238715,-0.6761,38.6,28.81,-43.5,1,0.0,-35.5,1
2,1,239441,-0.6761,39.6,28.81,-43.5,1,0.0,-35.5,1
2,1,240167,2.2085,39.6,28.81,-42.0,1,0.0,-35.5,1
2,1,240893,2.2085,39.6,28.81,-42.0,1,0.0,-35.5,1
2,1,241619,2.2085,39.6,28.81,-42.0,1,0.0,-35.5,1
2,1,242345,2.2085,39.6,28.81,-42.0,1,0.0,-35.5,1
2,1,243071,-1.2620,39.6,28.81,-42.0,1,0.0,-35.5,1
2,1,243797,-4.5297,39.6,28.81,-43.0,1,0.0,-35.5,1
2,1,244523,1.7803,39.6,28.81,-42.0,1,0.0,-35.5,1
2,1,245249,-9.8257,39.6,28.81,-42.0,1,0.0,-35.5,1
2,1,245975,-9.8257,39.6,28.81,-42.0,1,0.0,-35.5,1
2,1,246701,0.7662,39.6,28.81,-42.0,1,0.0,-35.5,1
2,1,247427,0.7662,39.6,28.81,-42.0,1,0.0,-35.5,1
2,1,248153,0.7662,39.6,28.81,-42.0,1,0.0,-35.5,1
2,1,248879,2.4114,39.6,28.81,-42.0,1,0.0,-35.5,1
2,1,249605,2.4114,39.6,28.81,-42.0,1,0.0,-35.5,1
2,1,250331,2.4114,39.6,28.81,-42.0,1,0.0,-35.5,1
2,1,251057,6.5355,39.6,28.81,-42.5,1,0.0,-35.5,1
2,1,251783,6.5355,39.6,28.81,-42.5,1,0.0,-35.5,1
2,1,252509,4.1241,39.6,28.80,-43.5,1,0.0,-35.5,1
2,1,253235,4.1241,39.6,28.81,-43.5,1,0.0,-35.5,1
2,1,253961,4.1241,39.6,28.81,-43.5,1,0.0,-35.5,1
2,1,254687,4.1241,39.6,28.80,-43.5,1,0.0,-35.5,1
2,1,255413,4.1241,39.6,28.81,-43.5,1,0.0,-35.5,1
2,1,256139,4.1241,39.6,28.81,-43.5,1,0.0,-35.5,1
2,1,256865,2.2761,38.6,28.81,-42.0,1,0.0,-35.5,1
2,1,257591,2.2761,38.6,28.81,-42.0,1,0.0,-35.5,1
2,1,258317,2.2761,38.6,28.80,-42.0,1,0.0,-35.5,1
2,1,259043,2.2761,38.6,28.80,-42.0,1,0.0,-35.5,1
2,1,259769,-1.0367,38.6,28.80,-43.5,1,0.0,-35.5,1
2,1,260495,3.4029,38.6,28.80,-42.0,1,0.0,-35.5,1
2,1,261221,6.7157,38.6,28.81,-42.5,1,0.0,-35.5,1
2,1,261947,6.7157,38.6,28.80,-42.5,1,0.0,-35.5,1
2,1,262673,3.0874,38.6,28.80,-42.0,1,0.0,-35.5,1
2,1,263399,1.3522,39.6,28.81,-42.0,1,0.0,-35.5,1
2,1,264125,-0.0451,39.6,28.80,-42.0,1,0.0,-35.5,1
2,1,264851,-0.0451,38.6,28.81,-42.0,1,0.0,-35.5,1
2,1,265577,-0.0451,39.6,28.80,-42.0,1,0.0,-35.5,1
2,1,266303,2.1184,39.6,28.81,-42.0,1,0.0,-35.5,1
2,1,267029,1.5099,39.6,28.80,-42.5,1,0.0,-35.5,1
2,1,267755,-3.2001,38.6,28.80,-42.0,1,0.0,-35.5,1
2,1,268481,-2.4564,38.6,28.80,-42.5,1,0.0,-35.5,1
2,1,269207,-2.4564,39.6,28.81,-42.5,1,0.0,-35.5,1
2,1,269933,-2.4564,39.6,28.81,-42.5,1,0.0,-35.5,1
2,1,270659,-2.4564,39.6,28.80,-42.5,1,0.0,-35.5,1
2,1,271385,-1.8705,39.6,28.81,-42.0,1,0.0,-35.5,1
2,1,272111,-1.8705,39.6,28.80,-42.0,1,0.0,-35.5,1
2,1,272837,0.8113,39.6,28.80,-42.0,1,0.0,-35.5,1
2,1,273563,-2.8621,39.6,28.80,-43.0,1,0.0,-35.5,1
2,1,274289,-2.8621,39.6,28.80,-43.0,1,0.0,-35.5,1
2,1,275015,-3.3804,39.6,28.80,-43.0,1,0.0,-35.5,1
2,1,275741,4.3945,39.6,28.80,-43.0,1,0.0,-35.5,1
2,1,276467,4.3945,39.6,28.80,-43.0,1,0.0,-35.5,1
2,1,277193,4.3945,39.6,28.80,-43.0,1,0.0,-35.5,1
2,1,277919,10.8624,39.6,28.81,-43.5,1,0.0,-35.5,1
2,1,278645,10.8624,39.6,28.80,-43.5,1,0.0,-35.5,1
2,1,279371,10.8624,39.6,28.81,-43.5,1,0.0,-35.5,1
2,1,280097,8.0454,39.6,28.80,-42.0,1,0.0,-35.5,1
2,1,280823,1.7353,39.6,28.80,-42.5,1,0.0,-35.5,1
2,1,281549,2.1409,39.6,28.80,-42.0,1,0.0,-35.5,1
2,1,282275,-9.7806,39.6,28.80,-42.0,1,0.0,-35.5,1
2,1,283001,-6.2650,39.6,28.80,-42.0,1,0.0,-35.5,1
2,1,283727,-6.2650,39.6,28.81,-42.0,1,0.0,-35.5,1
2,1,284453,0.7662,39.6,28.80,-42.0,1,0.0,-35.5,1
2,1,285179,0.7662,38.6,28.80,-42.0,1,0.0,-35.5,1
2,1,285905,1.2169,39.6,28.80,-42.5,1,0.0,-35.5,1
2,1,286631,1.2169,39.6,28.80,-42.5,1,0.0,-35.5,1
2,1,287357,10.0736,39.6,28.81,-42.0,1,0.0,-35.5,1
2,1,288083,1.9381,38.6,28.81,-42.0,1,0.0,-35.5,1
2,1,288809,1.9381,39.6,28.80,-42.0,1,0.0,-35.5,1
2,1,289535,1.9381,39.6,28.81,-42.0,1,0.0,-35.5,1
2,1,290261,1.9381,39.6,28.80,-42.0,1,0.0,-35.5,1
2,1,290987,-0.1127,39.6,28.80,-42.0,1,0.0,-35.5,1
2,1,291713,-0.1127,38.6,28.80,-42.0,1,0.0,-35.5,1
2,1,292439,-0.3380,38.6,28.80,-42.0,1,0.0,-35.5,1
2,1,293165,-0.3380,39.6,28.81,-42.0,1,0.0,-35.5,1
2,1,293891,-0.3380,39.6,28.80,-42.0,1,0.0,-35.5,1
2,1,294617,4.2819,39.6,28.80,-42.0,1,0.0,-35.5,1
2,1,295343,-0.6535,39.6,28.81,-42.0,1,0.0,-35.5,1
2,1,296069,-0.6535,39.6,28.80,-42.0,1,0.0,-35.5,1
2,1,296795,-0.6535,39.6,28.80,-42.0,1,0.0,-35.5,1
2,1,297521,-5.0030,39.6,28.80,-42.5,1,0.0,-35.5,1
2,1,298247,0.3606,39.6,28.80,-43.0,1,0.0,-35.5,1
2,1,298973,0.3606,39.6,28.80,-43.0,1,0.0,-35.5,1
2,1,299699,0.3606,39.6,28.80,-43.0,1,0.0,-35.5,1
2,1,300425,0.3606,38.6,28.80,-43.0,1,0.0,-35.5,1
2,1,301151,0.3606,38.6,28.80,-43.0,1,0.0,-35.5,1
2,1,301877,-4.7100,39.6,28.80,-42.5,1,0.0,-35.5,1
2,1,302603,5.7016,39.6,28.80,-42.5,1,0.0,-35.5,1
2,1,303329,8.1806,39.6,28.80,-42.0,1,0.0,-35.5,1
2,1,304055,8.1806,39.6,28.80,-42.0,1,0.0,-35.5,1
2,1,304781,16.8570,39.6,28.80,-42.5,1,0.0,-35.5,1
2,1,305507,-1.4874,39.6,28.80,-42.5,1,0.0,-35.5,1
2,1,306233,-1.4874,39.6,28.80,-42.5,1,0.0,-35.5,1
2,1,306959,-1.4874,38.6,28.80,-42.5,1,0.0,-35.5,1
2,1,307685,5.2734,38.6,28.80,-42.0,1,0.0,-35.5,1
2,1,308411,6.7383,39.6,28.80,-42.5,1,0.0,-35.5,1
2,1,309137,6.7383,39.6,28.80,-42.5,1,0.0,-35.5,1
2,1,309863,-4.7326,39.6,28.80,-42.0,1,0.0,-35.5,1
2,1,310589,-4.7326,39.6,28.80,-42.0,1,0.0,-35.5,1
2,1,311315,-4.7326,39.6,28.80,-42.0,1,0.0,-35.5,1
2,1,312041,3.9213,39.6,28.80,-42.0,1,0.0,-35.5,1
2,1,312767,3.9213,38.6,28.80,-42.0,1,0.0,-35.5,1
2,1,313493,5.5664,38.6,28.80,-42.0,1,0.0,-35.5,1
2,1,314219,-3.5156,38.6,28.80,-42.5,1,0.0,-35.5,1
2,1,314945,-3.5156,38.6,28.80,-42.5,1,0.0,-35.5,1
2,1,315671,-3.5156,38.6,28.80,-42.5,1,0.0,-35.5,1
2,1,316397,5.0030,39.6,28.80,-43.0,1,0.0,-35.5,1
2,1,317123,5.0030,38.6,28.80,-43.0,1,0.0,-35.5,1
2,1,317849,-0.3155,38.6,28.80,-42.0,1,0.0,-35.5,1
2,1,318575,-0.3155,39.6,28.80,-42.0,1,0.0,-35.5,1
2,1,319301,-0.3155,39.6,28.80,-42.0,1,0.0,-35.5,1
2,1,320027,1.6677,39.6,28.80,-42.0,1,0.0,-35.5,1
2,1,320753,6.1298,39.6,28.80,-43.0,1,0.0,-35.5,1
2,1,321479,-8.6764,39.6,28.80,-42.5,1,0.0,-35.5,1
2,1,322205,-8.6764,40.6,28.80,-42.5,1,0.0,-35.5,1
2,1,322931,-8.6764,39.6,28.80,-42.5,1,0.0,-35.5,1
2,1,323657,-8.6764,39.6,28.80,-42.5,1,0.0,-35.5,1
2,1,324383,-3.7861,39.6,28.80,-42.0,1,0.0,-35.5,1
2,1,325109,-3.7861,39.6,28.80,-42.0,1,0.0,-35.5,1
2,1,325835,-3.7861,39.6,28.80,-42.0,1,0.0,-35.5,1
2,1,326561,-10.0736,39.6,28.80,-42.0,1,0.0,-35.5,1
2,1,327287,-10.0736,39.6,28.80,-42.0,1,0.0,-35.5,1
2,1,328013,-1.9832,39.6,28.80,-42.0,1,0.0,-35.5,1
2,1,328739,-4.6650,39.6,28.80,-42.0,1,0.0,-35.5,1
2,1,329465,-4.6650,39.6,28.80,-42.0,1,0.0,-35.5,1
2,1,330191,4.0790,38.6,28.80,-42.5,1,0.0,-35.5,1
2,1,330917,4.0790,38.6,28.80,-42.5,1,0.0,-35.5,1
2,1,331643,-0.9916,38.6,28.80,-42.0,1,0.0,-35.5,1
2,1,332369,-6.8735,38.6,28.80,-42.5,1,0.0,-35.5,1
2,1,333095,-6.8735,38.6,28.80,-42.5,1,0.0,-35.5,1
2,1,333821,-6.8735,39.6,28.80,-42.5,1,0.0,-35.5,1
2,1,334547,-6.8735,39.6,28.80,-42.5,1,0.0,-35.5,1
2,1,335273,-4.2142,39.6,28.80,-42.0,1,0.0,-35.5,1
2,1,335999,0.0676,39.6,28.80,-42.0,1,0.0,-35.5,1
2,1,336725,8.9243,39.6,28.80,-42.5,1,0.0,-35.5,1
2,1,337451,-3.8762,40.6,28.80,-42.0,1,0.0,-35.5,1
2,1,338177,-3.8762,40.6,28.80,-42.0,1,0.0,-35.5,1
2,1,338903,-3.8762,39.6,28.80,-42.0,1,0.0,-35.5,1
2,1,339629,-0.7888,39.6,28.80,-44.0,1,0.0,-35.5,1
2,1,340355,-0.7888,39.6,28.79,-44.0,1,0.0,-35.5,1
2,1,341081,-0.7888,38.6,28.80,-44.0,1,0.0,-35.5,1
2,1,341807,2.9748,38.6,28.80,-42.5,1,0.0,-35.5,1
2,1,342533,2.9748,38.6,28.80,-42.5,1,0.0,-35.5,1
2,1,343259,2.9748,38.6,28.80,-42.5,1,0.0,-35.5,1
2,1,343985,-5.8594,38.6,28.80,-43.0,1,0.0,-35.5,1
2,1,344711,-5.8594,38.6,28.79,-43.0,1,0.0,-35.5,1
2,1,345437,5.7692,38.6,28.80,-42.0,1,0.0,-35.5,1
2,1,346163,5.7692,38.6,28.80,-42.0,1,0.0,-35.5,1
2,1,346889,5.7692,39.6,28.80,-42.0,1,0.0,-35.5,1
2,1,347615,-1.1944,39.6,28.80,-42.5,1,0.0,-35.5,1
2,1,348341,-1.1944,39.6,28.80,-42.5,1,0.0,-35.5,1
2,1,349067,-0.0676,39.6,28.80,-42.0,1,0.0,-35.5,1
2,1,349793,-0.0676,39.6,28.80,-42.0,1,0.0,-35.5,1
2,1,350519,0.6310,39.6,28.80,-42.0,1,0.0,-35.5,1
2,1,351245,5.6565,39.6,28.80,-42.0,1,0.0,-35.5,1
2,1,351971,-2.6367,39.6,28.80,-42.0,1,0.0,-35.5,1
2,1,352697,3.8762,39.6,28.80,-42.0,1,0.0,-35.5,1
2,1,353423,-1.7578,39.6,28.80,-42.0,1,0.0,-35.5,1
2,1,354149,-3.5156,39.6,28.80,-42.0,1,0.0,-35.5,1
2,1,354875,-3.5156,39.6,28.80,-42.0,1,0.0,-35.5,1
2,1,355601,-1.6451,39.6,28.80,-42.0,1,0.0,-35.5,1
2,1,356327,-11.3356,39.6,28.80,-42.0,1,0.0,-35.5,1
2,1,357053,-11.3356,39.6,28.80,-42.0,1,0.0,-35.5,1
2,1,357779,-11.3356,38.6,28.79,-42.0,1,0.0,-35.5,1
2,1,358505,-5.8368,39.6,28.80,-42.0,1,0.0,-35.5,1
2,1,359231,-0.9465,39.6,28.80,-42.0,1,0.0,-35.5,1
2,1,359957,-0.9465,39.6,28.80,-42.0,1,0.0,-35.5,1
2,1,360683,2.1860,39.6,28.80,-42.0,1,0.0,-35.5,1
2,1,361409,2.1860,38.6,28.80,-42.0,1,0.0,-35.5,1
2,1,362135,1.7353,39.6,28.80,-42.0,1,0.0,-35.5,1
2,1,362861,1.7353,39.6,28.80,-42.0,1,0.0,-35.5,1
2,1,363587,0.4056,39.6,28.80,-43.0,1,0.0,-35.5,1
2,1,364313,-3.9889,38.6,28.80,-42.0,1,0.0,-35.5,1
2,1,365039,4.5072,39.6,28.80,-42.5,1,0.0,-35.5,1
2,1,365765,-1.5775,38.6,28.80,-42.0,1,0.0,-35.5,1
2,1,366491,-1.5775,39.6,28.80,-42.0,1,0.0,-35.5,1
2,1,367217,-3.1325,38.6,28.80,-42.0,1,0.0,-35.5,1
2,1,367943,-3.1325,38.6,28.80,-42.0,1,0.0,-35.5,1
2,2,6394,4.2368,38.6,28.80,-41.5,2,0.0,-35.5,1
2,2,7120,-1.6451,38.6,28.80,-40.5,2,0.0,-35.5,1
2,2,7846,-1.1493,38.6,28.80,-41.5,2,0.0,-35.5,1
2,2,8572,0.6085,38.6,28.80,-42.0,2,0.0,-35.5,1
2,2,9298,-0.4056,38.6,28.80,-42.0,2,0.0,-35.5,1
2,2,10024,2.6142,38.6,28.80,-41.5,2,0.0,-35.5,1
2,2,10750,0.6761,38.6,28.80,-41.0,2,0.0,-35.5,1
2,2,11476,3.4480,38.6,28.80,-42.0,2,0.0,-35.5,1
2,2,12202,7.0538,38.6,28.80,-41.0,2,0.0,-35.5,1
2,2,12928,-1.1493,38.6,28.80,-42.0,2,0.0,-35.5,1
2,2,13654,0.5859,39.6,28.80,-41.5,2,0.0,-35.5,1
2,2,14380,-2.7719,39.6,28.80,-41.0,2,0.0,-35.5,1
2,2,15106,0.6761,39.6,28.81,-40.5,2,0.0,-35.5,1
2,2,15832,3.2001,38.6,28.80,-42.0,2,0.0,-35.5,1
2,2,16558,1.4423,38.6,28.80,-41.5,2,0.0,-35.5,1
2,2,17284,1.4423,38.6,28.81,-41.5,2,0.0,-35.5,1
2,2,18010,0.0676,37.6,28.81,-41.5,2,0.0,-35.5,1
2,2,18736,1.4648,38.6,28.81,-41.5,2,0.0,-35.5,1
2,2,19462,-4.1466,38.6,28.81,-41.0,2,0.0,-35.5,1
2,2,20188,1.8480,39.6,28.81,-41.5,2,0.0,-35.5,1
2,2,20914,-1.6677,38.6,28.81,-41.5,2,0.0,-35.5,1
2,2,21640,-0.7212,38.6,28.81,-43.0,2,0.0,-35.5,1
2,2,22366,-2.0282,38.6,28.81,-41.5,2,0.0,-35.5,1
2,2,23092,-0.7437,39.6,28.81,-42.0,2,0.0,-35.5,1
2,2,23818,3.1550,39.6,28.81,-41.0,2,0.0,-35.5,1
2,2,24544,-0.4282,39.6,28.81,-41.0,2,0.0,-35.5,1
2,2,25270,-0.4282,39.6,28.81,-41.0,2,0.0,-35.5,1
2,2,25996,1.0592,39.6,28.81,-41.0,2,0.0,-35.5,1
2,2,26722,1.8480,39.6,28.81,-41.0,2,0.0,-35.5,1
2,2,27448,2.8170,39.6,28.81,-41.5,2,0.0,-35.5,1
2,2,28174,1.1493,39.6,28.81,-42.0,2,0.0,-35.5,1
2,2,28900,3.1325,39.6,28.81,-41.5,2,0.0,-35.5,1
2,2,29626,6.2425,39.6,28.81,-41.5,2,0.0,-35.5,1
2,2,30352,-2.0959,39.6,28.81,-42.0,2,0.0,-35.5,1
2,2,31078,1.9832,39.6,28.81,-41.5,2,0.0,-35.5,1
2,2,31804,-1.3296,39.6,28.82,-41.5,2,0.0,-35.5,1
2,2,32530,2.0282,39.6,28.81,-42.0,2,0.0,-35.5,1
2,2,33256,2.0282,39.6,28.82,-42.0,2,0.0,-35.5,1
2,2,33982,2.5466,39.6,28.82,-41.0,2,0.0,-35.5,1
2,2,34708,1.6677,39.6,28.81,-41.0,2,0.0,-35.5,1
2,2,35434,2.3437,39.6,28.82,-41.0,2,0.0,-35.5,1
2,2,36160,0.6986,39.6,28.82,-42.0,2,0.0,-35.5,1
2,2,36886,0.7212,39.6,28.82,-40.5,2,0.0,-35.5,1
2,2,37612,0.3155,39.6,28.82,-42.0,2,0.0,-35.5,1
2,2,38338,2.3888,39.6,28.82,-41.5,2,0.0,-35.5,1
2,2,39064,0.1578,39.6,28.82,-41.5,2,0.0,-35.5,1
2,2,39790,3.7635,38.6,28.82,-41.5,2,0.0,-35.5,1
2,2,40516,2.2085,39.6,28.82,-41.5,2,0.0,-35.5,1
2,2,41242,2.2085,39.6,28.82,-41.5,2,0.0,-35.5,1
2,2,41968,0.0451,38.6,28.82,-41.5,2,0.0,-35.5,1
2,2,42694,4.9579,39.6,28.82,-41.5,2,0.0,-35.5,1
2,2,43420,3.8987,38.6,28.82,-42.0,2,0.0,-35.5,1
2,2,44146,4.0790,38.6,28.82,-41.5,2,0.0,-35.5,1
2,2,44872,2.0282,39.6,28.82,-41.5,2,0.0,-35.5,1
2,2,45598,0.5183,39.6,28.82,-40.0,2,0.0,-35.5,1
2,2,46324,0.3155,39.6,28.82,-41.0,2,0.0,-35.5,1
2,2,47050,0.0676,39.6,28.82,-41.5,2,0.0,-35.5,1
2,2,47776,3.0874,39.6,28.82,-43.0,2,0.0,-35.5,1
2,2,48502,-2.8170,39.6,28.82,-41.5,2,0.0,-35.5,1
2,2,49228,-2.8170,38.6,28.82,-41.5,2,0.0,-35.5,1
2,2,49954,1.4198,38.6,28.82,-41.5,2,0.0,-35.5,1
2,2,50680,0.3831,38.6,28.82,-41.5,2,0.0,-35.5,1
2,2,51406,0.0676,38.6,28.83,-41.5,2,0.0,-35.5,1
2,2,52132,2.7043,38.6,28.82,-42.0,2,0.0,-35.5,1
2,2,52858,-3.7410,39.6,28.83,-41.5,2,0.0,-35.5,1
2,2,53584,-0.4958,39.6,28.82,-42.0,2,0.0,-35.5,1
2,2,54310,3.5382,39.6,28.82,-41.0,2,0.0,-35.5,1
2,2,55036,2.9297,39.6,28.82,-41.5,2,0.0,-35.5,1
2,2,55762,3.1100,38.6,28.83,-42.0,2,0.0,-35.5,1
2,2,56488,0.8338,39.6,28.83,-41.0,2,0.0,-35.5,1
2,2,57214,2.7945,39.6,28.83,-42.0,2,0.0,-35.5,1
2,2,57940,1.4648,39.6,28.82,-42.5,2,0.0,-35.5,1
2,2,58666,1.8029,39.6,28.83,-41.5,2,0.0,-35.5,1
2,2,59392,0.6085,39.6,28.83,-42.0,2,0.0,-35.5,1
2,2,60118,-3.5832,39.6,28.82,-41.5,2,0.0,-35.5,1
2,2,60844,-0.1127,39.6,28.82,-41.5,2,0.0,-35.5,1
2,2,61570,0.9691,39.6,28.83,-42.5,2,0.0,-35.5,1
2,2,62296,2.1184,39.6,28.83,-41.5,2,0.0,-35.5,1
2,2,63022,0.8789,38.6,28.82,-42.0,2,0.0,-35.5,1
2,2,63748,-1.3747,38.6,28.83,-42.0,2,0.0,-35.5,1
2,2,64474,-3.4029,38.6,28.83,-41.5,2,0.0,-35.5,1
2,2,65200,2.4790,38.6,28.83,-41.5,2,0.0,-35.5,1
2,2,65926,-3.8762,38.6,28.83,-42.5,2,0.0,-35.5,1
2,2,66652,0.1803,38.6,28.83,-41.5,2,0.0,-35.5,1
2,2,67378,1.0367,38.6,28.83,-41.0,2,0.0,-35.5,1
2,2,68104,2.0057,39.6,28.83,-41.5,2,0.0,-35.5,1
2,2,68830,2.5466,39.6,28.83,-41.0,2,0.0,-35.5,1
2,2,69556,0.8564,39.6,28.83,-41.0,2,0.0,-35.5,1
2,2,70282,0.6085,39.6,28.83,-41.5,2,0.0,-35.5,1
2,2,71008,-4.0790,39.6,28.83,-41.0,2,0.0,-35.5,1
2,2,71734,0.6085,39.6,28.83,-41.5,2,0.0,-35.5,1
2,2,72460,0.3380,39.6,28.83,-41.0,2,0.0,-35.5,1
2,2,73186,5.2509,39.6,28.83,-41.5,2,0.0,-35.5,1
2,2,73912,-2.6593,39.6,28.82,-42.0,2,0.0,-35.5,1
2,2,74638,-1.5550,39.6,28.83,-42.0,2,0.0,-35.5,1
2,2,75364,2.8621,39.6,28.83,-41.5,2,0.0,-35.5,1
2,2,76090,2.7043,38.6,28.83,-41.5,2,0.0,-35.5,1
2,2,76816,-1.2620,38.6,28.83,-41.0,2,0.0,-35.5,1
2,2,77542,0.8789,39.6,28.82,-41.5,2,0.0,-35.5,1
2,2,78268,0.4056,38.6,28.83,-41.5,2,0.0,-35.5,1
2,2,78994,0.4056,39.6,28.83,-41.5,2,0.0,-35.5,1
2,2,79720,-0.0225,39.6,28.83,-41.0,2,0.0,-35.5,1
2,2,80446,6.9186,39.6,28.83,-42.0,2,0.0,-35.5,1
2,2,81172,1.4648,39.6,28.83,-42.0,2,0.0,-35.5,1
2,2,81898,1.6226,39.6,28.83,-41.5,2,0.0,-35.5,1
2,2,82624,1.3071,39.6,28.83,-42.5,2,0.0,-35.5,1
2,2,83350,-0.9465,39.6,28.83,-41.5,2,0.0,-35.5,1
2,2,84076,2.9072,39.6,28.83,-41.5,2,0.0,-35.5,1
2,2,84802,2.2085,39.6,28.83,-42.5,2,0.0,-35.5,1
2,2,85528,0.7662,38.6,28.83,-41.5,2,0.0,-35.5,1
2,2,86254,0.2479,38.6,28.83,-41.5,2,0.0,-35.5,1
2,2,86980,0.2479,39.6,28.83,-41.5,2,0.0,-35.5,1
2,2,87706,-1.0367,39.6,28.83,-41.0,2,0.0,-35.5,1
2,2,88432,2.2085,39.6,28.83,-41.5,2,0.0,-35.5,1
2,2,89158,-0.4282,39.6,28.83,-41.0,2,0.0,-35.5,1
2,2,89884,2.5240,39.6,28.83,-42.0,2,0.0,-35.5,1
2,2,90610,3.6058,39.6,28.83,-42.0,2,0.0,-35.5,1
2,2,91336,1.8930,38.6,28.83,-41.5,2,0.0,-35.5,1
2,2,92062,0.7437,39.6,28.83,-42.0,2,0.0,-35.5,1
2,2,92788,3.4255,39.6,28.83,-41.5,2,0.0,-35.5,1
2,2,93514,-0.2704,39.6,28.82,-41.0,2,0.0,-35.5,1
2,2,94240,1.1268,39.6,28.83,-41.5,2,0.0,-35.5,1
2,2,94966,1.1268,39.6,28.82,-41.5,2,0.0,-35.5,1
2,2,95692,0.7212,39.6,28.83,-41.5,2,0.0,-35.5,1
2,2,96418,4.2819,39.6,28.83,-41.5,2,0.0,-35.5,1
2,2,97144,-1.5775,39.6,28.83,-42.0,2,0.0,-35.5,1
2,2,97870,5.4312,39.6,28.82,-42.0,2,0.0,-35.5,1
2,2,98596,2.2311,39.6,28.83,-42.0,2,0.0,-35.5,1
2,2,99322,0.7212,39.6,28.82,-42.0,2,0.0,-35.5,1
2,2,100048,-0.8113,39.6,28.83,-41.5,2,0.0,-35.5,1
2,2,100774,0.2479,39.6,28.83,-42.5,2,0.0,-35.5,1
2,2,101500,-1.8705,39.6,28.83,-41.5,2,0.0,-35.5,1
2,2,102226,-0.6310,39.6,28.83,-42.5,2,0.0,-35.5,1
2,2,102952,-0.6310,39.6,28.83,-42.5,2,0.0,-35.5,1
2,2,103678,3.4029,38.6,28.83,-41.5,2,0.0,-35.5,1
2,2,104404,0.3155,38.6,28.83,-41.0,2,0.0,-35.5,1
2,2,105130,2.2085,38.6,28.83,-41.0,2,0.0,-35.5,1
2,2,105856,1.5550,38.6,28.83,-41.5,2,0.0,-35.5,1
2,2,106582,-3.2903,38.6,28.83,-41.5,2,0.0,-35.5,1
2,2,107308,4.0565,38.6,28.83,-41.5,2,0.0,-35.5,1
2,2,108034,0.0901,38.6,28.83,-41.0,2,0.0,-35.5,1
2,2,108760,0.0451,38.6,28.83,-41.0,2,0.0,-35.5,1
2,2,109486,1.8480,38.6,28.83,-41.5,2,0.0,-35.5,1
2,2,110212,2.2311,39.6,28.83,-41.5,2,0.0,-35.5,1
2,2,110938,2.2311,39.6,28.83,-41.5,2,0.0,-35.5,1
2,2,111664,1.3071,38.6,28.83,-41.0,2,0.0,-35.5,1
2,2,112390,-0.6761,38.6,28.83,-42.0,2,0.0,-35.5,1
2,2,113116,-0.4733,39.6,28.83,-41.5,2,0.0,-35.5,1
2,2,113842,5.2734,39.6,28.82,-42.0,2,0.0,-35.5,1
2,2,114568,1.3522,40.6,28.83,-41.5,2,0.0,-35.5,1
2,2,115294,4.8903,39.6,28.82,-41.0,2,0.0,-35.5,1
2,2,116020,0.2704,39.6,28.83,-41.0,2,0.0,-35.5,1
2,2,116746,2.4790,39.6,28.83,-41.5,2,0.0,-35.5,1
2,2,117472,0.6085,39.6,28.82,-41.5,2,0.0,-35.5,1
2,2,118198,1.3071,39.6,28.82,-41.5,2,0.0,-35.5,1
2,2,118924,4.0340,39.6,28.83,-41.5,2,0.0,-35.5,1
2,2,119650,4.2593,39.6,28.83,-41.0,2,0.0,-35.5,1
2,2,120376,1.4423,39.6,28.82,-41.5,2,0.0,-35.5,1
2,2,121102,-1.6451,39.6,28.83,-42.0,2,0.0,-35.5,1
2,2,121828,1.2169,39.6,28.83,-42.0,2,0.0,-35.5,1
2,2,122554,-1.2620,39.6,28.83,-41.0,2,0.0,-35.5,1
2,2,123280,2.1409,39.6,28.83,-41.5,2,0.0,-35.5,1
2,2,124006,0.5634,39.6,28.82,-41.5,2,0.0,-35.5,1
2,2,124732,-5.5213,38.6,28.82,-42.0,2,0.0,-35.5,1
2,2,125458,-2.5466,39.6,28.82,-41.5,2,0.0,-35.5,1
2,2,126184,2.7945,39.6,28.83,-41.5,2,0.0,-35.5,1
2,2,126910,3.0649,39.6,28.83,-41.5,2,0.0,-35.5,1
2,2,127636,2.1860,39.6,28.83,-41.5,2,0.0,-35.5,1
2,2,128362,-0.9916,39.6,28.83,-42.0,2,0.0,-35.5,1
2,2,129088,1.6451,39.6,28.83,-42.5,2,0.0,-35.5,1
2,2,129814,2.2311,39.6,28.83,-41.5,2,0.0,-35.5,1
2,2,130540,1.1944,38.6,28.82,-41.5,2,0.0,-35.5,1
2,2,131266,-1.6001,38.6,28.82,-41.5,2,0.0,-35.5,1
2,2,131992,0.9014,39.6,28.83,-42.0,2,0.0,-35.5,1
2,2,132718,0.9014,39.6,28.83,-42.0,2,0.0,-35.5,1
2,2,133444,3.2227,39.6,28.83,-41.5,2,0.0,-35.5,1
2,2,134170,0.1803,39.6,28.82,-41.5,2,0.0,-35.5,1
2,2,134896,5.0030,39.6,28.82,-41.5,2,0.0,-35.5,1
2,2,135622,0.2930,39.6,28.82,-41.5,2,0.0,-35.5,1
2,2,136348,2.2536,39.6,28.83,-41.5,2,0.0,-35.5,1
2,2,137074,-1.1719,39.6,28.82,-41.0,2,0.0,-35.5,1
2,2,137800,0.5859,39.6,28.82,-41.5,2,0.0,-35.5,1
2,2,138526,1.6226,39.6,28.82,-41.5,2,0.0,-35.5,1
2,2,139252,2.8170,39.6,28.83,-41.0,2,0.0,-35.5,1
2,2,139978,-0.1352,39.6,28.82,-41.5,2,0.0,-35.5,1
2,2,140704,-0.1352,39.6,28.82,-41.5,2,0.0,-35.5,1
2,2,141430,3.0874,39.6,28.82,-41.5,2,0.0,-35.5,1
2,2,142156,3.6959,39.6,28.82,-41.5,2,0.0,-35.5,1
2,2,142882,0.7212,39.6,28.82,-40.5,2,0.0,-35.5,1
2,2,143608,1.2395,39.6,28.82,-41.5,2,0.0,-35.5,1
2,2,144334,1.0817,38.6,28.82,-41.0,2,0.0,-35.5,1
2,2,145786,2.2761,38.6,28.83,-42.0,2,0.0,-35.5,1
2,2,146512,1.1043,38.6,28.82,-41.0,2,0.0,-35.5,1
2,2,147238,5.3410,39.6,28.83,-41.5,2,0.0,-35.5,1
2,2,147964,1.7353,38.6,28.82,-41.5,2,0.0,-35.5,1
2,2,148690,1.7353,38.6,28.82,-41.5,2,0.0,-35.5,1
2,2,149416,-0.8564,39.6,28.82,-41.5,2,0.0,-35.5,1
2,2,150142,3.0198,39.6,28.82,-41.0,2,0.0,-35.5,1
2,2,150868,5.7918,39.6,28.82,-40.5,2,0.0,-35.5,1
2,2,151594,1.5550,39.6,28.82,-43.0,2,0.0,-35.5,1
2,2,152320,-0.5634,38.6,28.83,-41.5,2,0.0,-35.5,1
2,2,153046,-1.1493,38.6,28.82,-41.5,2,0.0,-35.5,1
2,2,153772,1.4874,38.6,28.82,-41.5,2,0.0,-35.5,1
2,2,154498,0.2479,38.6,28.82,-41.5,2,0.0,-35.5,1
2,2,155224,-0.2704,38.6,28.82,-41.5,2,0.0,-35.5,1
2,2,155950,2.9973,38.6,28.82,-42.5,2,0.0,-35.5,1
2,2,156676,2.9973,38.6,28.82,-42.5,2,0.0,-35.5,1
2,2,157402,2.0959,39.6,28.81,-42.0,2,0.0,-35.5,1
2,2,158128,1.8029,39.6,28.82,-40.5,2,0.0,-35.5,1
2,2,158854,0.4958,39.6,28.82,-41.5,2,0.0,-35.5,1
2,2,159580,0.6761,39.6,28.82,-41.5,2,0.0,-35.5,1
2,2,160306,1.4648,38.6,28.81,-41.5,2,0.0,-35.5,1
2,2,161032,1.6902,38.6,28.82,-41.5,2,0.0,-35.5,1
2,2,161758,-1.4874,38.6,28.82,-41.0,2,0.0,-35.5,1
2,2,162484,1.8930,38.6,28.82,-42.0,2,0.0,-35.5,1
2,2,163210,-0.6310,38.6,28.82,-41.0,2,0.0,-35.5,1
2,2,163936,0.4056,39.6,28.81,-41.0,2,0.0,-35.5,1
2,2,164662,0.4056,39.6,28.81,-41.0,2,0.0,-35.5,1
2,2,165388,-1.8254,38.6,28.82,-41.5,2,0.0,-35.5,1
2,2,166114,5.8594,38.6,28.82,-42.5,2,0.0,-35.5,1
2,2,166840,1.5325,38.6,28.82,-41.5,2,0.0,-35.5,1
2,2,167566,3.0874,38.6,28.81,-42.0,2,0.0,-35.5,1
2,2,168292,3.5832,38.6,28.81,-41.0,2,0.0,-35.5,1
2,2,169018,2.3888,38.6,28.82,-42.0,2,0.0,-35.5,1
2,2,169744,3.1550,38.6,28.82,-41.5,2,0.0,-35.5,1
2,2,170470,0.3380,38.6,28.82,-41.5,2,0.0,-35.5,1
2,2,171196,0.2028,38.6,28.81,-41.5,2,0.0,-35.5,1
2,2,171922,-0.9014,38.6,28.81,-42.0,2,0.0,-35.5,1
2,2,172648,3.3804,39.6,28.82,-41.5,2,0.0,-35.5,1
2,2,173374,0.0901,39.6,28.81,-41.0,2,0.0,-35.5,1
2,2,174100,0.6310,39.6,28.81,-42.0,2,0.0,-35.5,1
2,2,174826,0.2930,39.6,28.81,-41.5,2,0.0,-35.5,1
2,2,175552,0.6085,38.6,28.81,-42.0,2,0.0,-35.5,1
2,2,176278,0.6085,39.6,28.81,-40.5,2,0.0,-35.5,1
2,2,177004,0.9465,39.6,28.81,-41.5,2,0.0,-35.5,1
2,2,177730,0.4507,39.6,28.81,-41.0,2,0.0,-35.5,1
2,2,178456,0.2028,39.6,28.81,-41.5,2,0.0,-35.5,1
2,2,179182,3.8086,39.6,28.82,-41.5,2,0.0,-35.5,1
2,2,179908,0.3380,39.6,28.82,-42.0,2,0.0,-35.5,1
2,2,180634,1.5325,38.6,28.82,-41.0,2,0.0,-35.5,1
2,2,181360,-1.3522,38.6,28.81,-41.5,2,0.0,-35.5,1
2,2,182086,3.8086,38.6,28.82,-41.5,2,0.0,-35.5,1
2,2,182812,2.6818,38.6,28.81,-40.5,2,0.0,-35.5,1
2,2,183538,2.7043,38.6,28.82,-41.5,2,0.0,-35.5,1
2,2,184264,4.2142,39.6,28.81,-41.0,2,0.0,-35.5,1
2,2,184990,1.4198,39.6,28.81,-41.5,2,0.0,-35.5,1
2,2,185716,-0.1127,39.6,28.81,-40.0,2,0.0,-35.5,1
2,2,186442,-0.1127,39.6,28.81,-40.0,2,0.0,-35.5,1
2,2,187168,-2.2536,39.6,28.81,-41.5,2,0.0,-35.5,1
2,2,187894,-0.7212,39.6,28.81,-42.5,2,0.0,-35.5,1
2,2,188620,-0.2930,38.6,28.81,-41.5,2,0.0,-35.5,1
2,2,189346,2.5916,39.6,28.81,-41.5,2,0.0,-35.5,1
2,2,190072,1.8930,39.6,28.82,-41.0,2,0.0,-35.5,1
2,2,190798,0.7437,39.6,28.81,-41.5,2,0.0,-35.5,1
2,2,191524,-0.4056,39.6,28.81,-42.5,2,0.0,-35.5,1
2,2,192250,-2.0733,39.6,28.81,-40.5,2,0.0,-35.5,1
2,2,192976,1.2169,38.6,28.81,-41.0,2,0.0,-35.5,1
2,2,193702,1.7578,38.6,28.81,-41.5,2,0.0,-35.5,1
2,2,194428,1.7578,38.6,28.81,-41.5,2,0.0,-35.5,1
2,2,195154,1.6677,38.6,28.80,-41.5,2,0.0,-35.5,1
2,2,195880,5.4537,38.6,28.81,-42.5,2,0.0,-35.5,1
2,2,196606,4.3495,39.6,28.81,-41.5,2,0.0,-35.5,1
2,2,197332,-3.6734,39.6,28.81,-41.0,2,0.0,-35.5,1
2,2,198058,1.8930,39.6,28.81,-41.5,2,0.0,-35.5,1
2,2,198784,1.8930,38.6,28.81,-41.0,2,0.0,-35.5,1
2,2,199510,1.8254,39.6,28.81,-41.5,2,0.0,-35.5,1
2,2,200236,-3.3353,39.6,28.81,-40.5,2,0.0,-35.5,1
2,2,200962,0.1803,38.6,28.81,-41.5,2,0.0,-35.5,1
2,2,201688,2.4339,38.6,28.81,-41.5,2,0.0,-35.5,1
2,2,202414,2.4339,38.6,28.81,-41.5,2,0.0,-35.5,1
2,2,203140,-0.7437,38.6,28.81,-42.0,2,0.0,-35.5,1
2,2,203866,4.1466,38.6,28.81,-41.0,2,0.0,-35.5,1
2,2,204592,-1.3296,38.6,28.81,-41.5,2,0.0,-35.5,1
2,2,205318,0.8338,38.6,28.81,-41.5,2,0.0,-35.5,1
2,2,206044,4.2819,38.6,28.81,-41.5,2,0.0,-35.5,1
2,2,206770,3.4706,38.6,28.81,-41.5,2,0.0,-35.5,1
2,2,207496,-1.5099,38.6,28.81,-41.0,2,0.0,-35.5,1
2,2,208222,1.3972,39.6,28.81,-42.0,2,0.0,-35.5,1
2,2,208948,-1.8029,39.6,28.81,-41.0,2,0.0,-35.5,1
2,2,209674,1.8705,39.6,28.81,-41.0,2,0.0,-35.5,1
2,2,210400,1.8705,39.6,28.81,-41.0,2,0.0,-35.5,1
2,2,211126,-0.3606,39.6,28.81,-41.0,2,0.0,-35.5,1
2,2,211852,3.0198,39.6,28.80,-41.5,2,0.0,-35.5,1
2,2,212578,2.0057,39.6,28.81,-40.0,2,0.0,-35.5,1
2,2,213304,2.0508,39.6,28.81,-42.0,2,0.0,-35.5,1
2,2,214030,1.1944,38.6,28.81,-41.5,2,0.0,-35.5,1
2,2,214756,0.3606,38.6,28.81,-42.0,2,0.0,-35.5,1
2,2,215482,-4.2819,38.6,28.81,-41.5,2,0.0,-35.5,1
2,2,216208,-0.0676,38.6,28.81,-41.0,2,0.0,-35.5,1
2,2,216934,-0.8338,38.6,28.81,-42.0,2,0.0,-35.5,1
2,2,217660,3.0874,38.6,28.81,-41.5,2,0.0,-35.5,1
2,2,218386,3.0874,39.6,28.81,-41.5,2,0.0,-35.5,1
2,2,219112,-1.4423,39.6,28.81,-41.5,2,0.0,-35.5,1
2,2,219838,-1.2169,39.6,28.81,-41.5,2,0.0,-35.5,1
2,2,220564,3.2001,39.6,28.81,-42.0,2,0.0,-35.5,1
2,2,221290,0.6761,39.6,28.80,-41.5,2,0.0,-35.5,1
2,2,222016,1.5099,39.6,28.80,-41.5,2,0.0,-35.5,1
2,2,222742,-0.9014,39.6,28.81,-41.0,2,0.0,-35.5,1
2,2,223468,2.5240,38.6,28.80,-41.5,2,0.0,-35.5,1
2,2,224194,-1.5775,38.6,28.81,-41.0,2,0.0,-35.5,1
2,2,224920,5.2509,39.6,28.81,-41.5,2,0.0,-35.5,1
2,2,225646,0.6310,39.6,28.81,-42.0,2,0.0,-35.5,1
2,2,226372,5.9270,39.6,28.81,-41.5,2,0.0,-35.5,1
2,2,227098,-1.6677,39.6,28.81,-41.5,2,0.0,-35.5,1
2,2,227824,1.4198,38.6,28.81,-41.0,2,0.0,-35.5,1
2,2,228550,2.5691,39.6,28.80,-41.5,2,0.0,-35.5,1
2,2,229276,0.9240,39.6,28.80,-42.5,2,0.0,-35.5,1
2,2,230002,1.0367,39.6,28.81,-41.5,2,0.0,-35.5,1
2,2,230728,0.5859,39.6,28.81,-41.5,2,0.0,-35.5,1
2,2,231454,-1.8254,39.6,28.80,-41.5,2,0.0,-35.5,1
2,2,232180,-1.0817,38.6,28.80,-41.0,2,0.0,-35.5,1
2,2,232906,0.0901,38.6,28.80,-41.5,2,0.0,-35.5,1
2,2,233632,-0.9916,38.6,28.80,-41.0,2,0.0,-35.5,1
2,2,234358,2.0508,39.6,28.80,-42.0,2,0.0,-35.5,1
2,2,235084,1.6451,39.6,28.80,-43.0,2,0.0,-35.5,1
2,2,235810,1.1944,39.6,28.80,-41.5,2,0.0,-35.5,1
2,2,236536,1.6226,39.6,28.80,-41.5,2,0.0,-35.5,1
2,2,237262,1.0592,39.6,28.80,-41.5,2,0.0,-35.5,1
2,2,237988,-1.6226,39.6,28.80,-41.5,2,0.0,-35.5,1
2,2,238714,-0.8564,39.6,28.80,-42.0,2,0.0,-35.5,1
2,2,239440,-0.0676,39.6,28.80,-41.5,2,0.0,-35.5,1
2,2,240166,-0.0676,39.6,28.80,-41.5,2,0.0,-35.5,1
2,2,240892,3.2903,39.6,28.80,-41.5,2,0.0,-35.5,1
2,2,241618,4.1466,39.6,28.80,-41.5,2,0.0,-35.5,1
2,2,242344,4.1917,39.6,28.80,-42.0,2,0.0,-35.5,1
2,2,243070,1.2620,39.6,28.80,-40.5,2,0.0,-35.5,1
2,2,243796,0.9014,39.6,28.80,-41.5,2,0.0,-35.5,1
2,2,244522,4.4847,39.6,28.80,-42.0,2,0.0,-35.5,1
2,2,245248,-0.3831,38.6,28.80,-41.0,2,0.0,-35.5,1
2,2,245974,2.4339,38.6,28.80,-41.5,2,0.0,-35.5,1
2,2,246700,0.9465,38.6,28.80,-41.5,2,0.0,-35.5,1
2,2,247426,3.4480,39.6,28.80,-41.5,2,0.0,-35.5,1
2,2,248152,3.4480,38.6,28.80,-41.5,2,0.0,-35.5,1
2,2,248878,-0.3831,38.6,28.80,-41.0,2,0.0,-35.5,1
2,2,249604,-1.0367,38.6,28.80,-41.0,2,0.0,-35.5,1
2,2,250330,1.5099,38.6,28.80,-41.5,2,0.0,-35.5,1
2,2,251056,0.3380,38.6,28.81,-42.0,2,0.0,-35.5,1
2,2,251782,2.0733,38.6,28.80,-42.0,2,0.0,-35.5,1
2,2,252508,0.1803,38.6,28.80,-41.5,2,0.0,-35.5,1
2,2,253234,-1.6001,38.6,28.80,-42.0,2,0.0,-35.5,1
2,2,253960,0.4056,39.6,28.81,-41.0,2,0.0,-35.5,1
2,2,254686,3.9438,39.6,28.80,-40.5,2,0.0,-35.5,1
2,2,255412,5.0030,38.6,28.80,-41.5,2,0.0,-35.5,1
2,2,256138,5.0030,38.6,28.80,-41.5,2,0.0,-35.5,1
2,2,256864,-0.9916,39.6,28.80,-42.0,2,0.0,-35.5,1
2,2,257590,3.7184,39.6,28.80,-40.5,2,0.0,-35.5,1
2,2,258316,0.3831,39.6,28.81,-41.5,2,0.0,-35.5,1
2,2,259042,0.6986,39.6,28.80,-41.5,2,0.0,-35.5,1
2,2,259768,2.0282,39.6,28.80,-40.0,2,0.0,-35.5,1
2,2,260494,3.2001,39.6,28.80,-41.0,2,0.0,-35.5,1
2,2,261220,1.8480,39.6,28.80,-41.5,2,0.0,-35.5,1
2,2,261946,2.3663,38.6,28.80,-41.5,2,0.0,-35.5,1
2,2,262672,-1.7803,38.6,28.80,-41.5,2,0.0,-35.5,1
2,2,263398,3.5382,38.6,28.80,-41.5,2,0.0,-35.5,1
2,2,264124,3.5382,39.6,28.80,-41.5,2,0.0,-35.5,1
2,2,264850,-0.2479,38.6,28.80,-41.5,2,0.0,-35.5,1
2,2,265576,1.5325,38.6,28.80,-41.5,2,0.0,-35.5,1
2,2,266302,3.9663,39.6,28.79,-41.5,2,0.0,-35.5,1
2,2,267028,-0.2479,39.6,28.80,-41.5,2,0.0,-35.5,1
2,2,267754,2.6142,38.6,28.80,-42.0,2,0.0,-35.5,1
2,2,268480,1.8254,38.6,28.80,-41.5,2,0.0,-35.5,1
2,2,269206,1.1719,38.6,28.80,-41.5,2,0.0,-35.5,1
2,2,269932,0.6535,39.6,28.80,-42.0,2,0.0,-35.5,1
2,2,270658,1.1268,39.6,28.80,-41.5,2,0.0,-35.5,1
2,2,271384,4.2142,39.6,28.80,-41.0,2,0.0,-35.5,1
2,2,272110,4.2142,39.6,28.80,-41.0,2,0.0,-35.5,1
2,2,272836,1.9606,39.6,28.80,-41.5,2,0.0,-35.5,1
2,2,273562,-0.1352,39.6,28.79,-41.5,2,0.0,-35.5,1
2,2,274288,4.1692,39.6,28.80,-41.0,2,0.0,-35.5,1
2,2,275014,1.0817,39.6,28.79,-41.0,2,0.0,-35.5,1
2,2,275740,2.0508,39.6,28.80,-40.0,2,0.0,-35.5,1
2,2,276466,0.3380,39.6,28.80,-42.0,2,0.0,-35.5,1
2,2,277192,-0.1352,39.6,28.80,-41.5,2,0.0,-35.5,1
2,2,277918,-0.3155,39.6,28.79,-41.5,2,0.0,-35.5,1
2,2,278644,3.1550,39.6,28.79,-41.0,2,0.0,-35.5,1
2,2,279370,-2.8395,39.6,28.79,-42.0,2,0.0,-35.5,1
2,2,280096,0.6310,39.6,28.80,-42.0,2,0.0,-35.5,1
2,2,280822,1.7803,39.6,28.79,-41.0,2,0.0,-35.5,1
2,2,281548,4.0790,39.6,28.79,-41.5,2,0.0,-35.5,1
2,2,282274,1.8480,39.6,28.79,-41.5,2,0.0,-35.5,1
2,2,283000,1.5550,39.6,28.80,-41.0,2,0.0,-35.5,1
2,2,283726,-0.4958,39.6,28.80,-41.5,2,0.0,-35.5,1
2,2,284452,2.6142,39.6,28.79,-41.5,2,0.0,-35.5,1
2,2,285178,3.4029,39.6,28.79,-41.5,2,0.0,-35.5,1
2,2,285904,0.9916,39.6,28.80,-42.0,2,0.0,-35.5,1
2,2,286630,4.5523,39.6,28.79,-41.5,2,0.0,-35.5,1
2,2,287356,2.2311,39.6,28.79,-41.5,2,0.0,-35.5,1
2,2,288808,6.9186,39.6,28.79,-42.0,2,0.0,-35.5,1
2,2,289534,3.9663,39.6,28.79,-41.0,2,0.0,-35.5,1
2,2,290260,1.1493,38.6,28.80,-41.5,2,0.0,-35.5,1
2,2,290986,0.4507,38.6,28.80,-41.0,2,0.0,-35.5,1
2,2,291712,-1.6902,39.6,28.80,-41.5,2,0.0,-35.5,1
2,2,292438,2.2761,39.6,28.79,-41.0,2,0.0,-35.5,1
2,2,293164,-1.5325,38.6,28.80,-40.5,2,0.0,-35.5,1
2,2,293890,-1.5325,39.6,28.80,-40.5,2,0.0,-35.5,1
2,2,294616,0.5409,39.6,28.80,-42.0,2,0.0,-35.5,1
2,2,295342,3.9438,39.6,28.80,-41.0,2,0.0,-35.5,1
2,2,296068,0.2479,39.6,28.79,-40.5,2,0.0,-35.5,1
2,2,296794,0.9465,39.6,28.80,-41.5,2,0.0,-35.5,1
2,2,297520,5.1382,38.6,28.79,-41.0,2,0.0,-35.5,1
2,2,298246,-0.0451,38.6,28.80,-41.5,2,0.0,-35.5,1
2,2,298972,2.3888,38.6,28.80,-41.5,2,0.0,-35.5,1
2,2,299698,2.0733,39.6,28.80,-41.5,2,0.0,-35.5,1
2,2,300424,-1.6902,39.6,28.80,-42.5,2,0.0,-35.5,1
2,2,301150,3.4480,39.6,28.79,-40.5,2,0.0,-35.5,1
2,2,301876,3.4480,39.6,28.80,-40.5,2,0.0,-35.5,1
2,2,302602,1.8254,39.6,28.80,-42.0,2,0.0,-35.5,1
2,2,303328,2.3437,39.6,28.80,-42.5,2,0.0,-35.5,1
2,2,304054,-2.8170,39.6,28.80,-42.0,2,0.0,-35.5,1
2,2,304780,1.4874,39.6,28.79,-41.5,2,0.0,-35.5,1
2,2,305506,-1.2169,40.6,28.79,-41.5,2,0.0,-35.5,1
2,2,306232,1.3972,39.6,28.79,-41.0,2,0.0,-35.5,1
2,2,306958,2.4564,39.6,28.79,-41.0,2,0.0,-35.5,1
2,2,307684,2.5240,39.6,28.80,-41.0,2,0.0,-35.5,1
2,2,308410,-0.8789,39.6,28.79,-40.5,2,0.0,-35.5,1
2,2,309136,-0.2028,39.6,28.80,-42.0,2,0.0,-35.5,1
2,2,309862,-0.2028,39.6,28.79,-42.0,2,0.0,-35.5,1
2,2,310588,3.8311,39.6,28.79,-41.5,2,0.0,-35.5,1
2,2,311314,1.7578,38.6,28.79,-41.5,2,0.0,-35.5,1
2,2,312040,1.7803,39.6,28.79,-41.0,2,0.0,-35.5,1
2,2,312766,0.6986,39.6,28.79,-41.0,2,0.0,-35.5,1
2,2,313492,1.8705,39.6,28.79,-41.5,2,0.0,-35.5,1
2,2,314218,2.6367,39.6,28.79,-42.0,2,0.0,-35.5,1
2,2,314944,-2.8846,39.6,28.79,-41.5,2,0.0,-35.5,1
2,2,315670,0.6535,39.6,28.79,-40.5,2,0.0,-35.5,1
2,2,316396,3.9889,39.6,28.79,-41.0,2,0.0,-35.5,1
2,2,317122,2.2536,39.6,28.79,-42.0,2,0.0,-35.5,1
2,2,317848,2.2536,39.6,28.79,-42.0,2,0.0,-35.5,1
2,2,318574,1.5325,38.6,28.79,-41.5,2,0.0,-35.5,1
2,2,319300,3.8762,39.6,28.79,-41.0,2,0.0,-35.5,1
2,2,320026,3.7410,39.6,28.79,-41.5,2,0.0,-35.5,1
2,2,320752,-0.6085,39.6,28.79,-41.5,2,0.0,-35.5,1
2,2,321478,-1.6226,39.6,28.79,-41.5,2,0.0,-35.5,1
2,2,322204,1.0817,39.6,28.79,-41.5,2,0.0,-35.5,1
2,2,322930,-3.2001,39.6,28.79,-41.0,2,0.0,-35.5,1
2,2,323656,0.4507,39.6,28.79,-42.0,2,0.0,-35.5,1
2,2,324382,-2.5015,39.6,28.79,-41.0,2,0.0,-35.5,1
2,2,325108,0.2479,39.6,28.79,-41.0,2,0.0,-35.5,1
2,2,325834,0.2479,39.6,28.79,-41.0,2,0.0,-35.5,1
2,2,326560,0.5634,39.6,28.79,-42.0,2,0.0,-35.5,1
2,2,327286,-1.3071,39.6,28.79,-41.5,2,0.0,-35.5,1
2,2,328012,2.8395,40.6,28.79,-42.0,2,0.0,-35.5,1
2,2,328738,-2.6142,39.6,28.80,-42.0,2,0.0,-35.5,1
2,2,329464,-0.8564,39.6,28.79,-41.0,2,0.0,-35.5,1
2,2,330190,1.8930,39.6,28.79,-41.5,2,0.0,-35.5,1
2,2,330916,3.9663,39.6,28.79,-41.5,2,0.0,-35.5,1
2,2,331642,1.6226,39.6,28.79,-42.0,2,0.0,-35.5,1
2,2,332368,5.8368,39.6,28.79,-42.5,2,0.0,-35.5,1
2,2,333094,3.3579,39.6,28.79,-42.0,2,0.0,-35.5,1
2,2,333820,3.3579,39.6,28.79,-42.0,2,0.0,-35.5,1
2,2,334546,-2.3663,38.6,28.79,-41.0,2,0.0,-35.5,1
2,2,335272,1.9606,38.6,28.79,-41.5,2,0.0,-35.5,1
2,2,335998,2.6818,38.6,28.78,-42.0,2,0.0,-35.5,1
2,2,336724,-2.0282,39.6,28.78,-41.5,2,0.0,-35.5,1
2,2,337450,-1.2395,38.6,28.79,-42.0,2,0.0,-35.5,1
2,2,338176,1.8480,38.6,28.78,-41.0,2,0.0,-35.5,1
2,2,338902,1.3522,39.6,28.78,-41.0,2,0.0,-35.5,1
2,2,339628,3.2227,39.6,28.79,-41.5,2,0.0,-35.5,1
2,2,340354,-1.0592,39.6,28.78,-41.5,2,0.0,-35.5,1
2,2,341080,0.4507,39.6,28.79,-42.0,2,0.0,-35.5,1
2,2,341806,2.5466,39.6,28.79,-41.5,2,0.0,-35.5,1
2,2,342532,1.2620,39.6,28.79,-41.5,2,0.0,-35.5,1
2,2,343258,2.6367,39.6,28.79,-42.0,2,0.0,-35.5,1
2,2,343984,2.6367,38.6,28.79,-40.5,2,0.0,-35.5,1
2,2,344710,1.4648,38.6,28.79,-41.0,2,0.0,-35.5,1
2,2,345436,4.0565,38.6,28.79,-41.5,2,0.0,-35.5,1
2,2,346162,2.7269,39.6,28.78,-41.0,2,0.0,-35.5,1
2,2,346888,-0.1352,39.6,28.79,-41.5,2,0.0,-35.5,1
2,2,347614,-22.9192,38.6,28.78,-42.0,2,0.0,-35.5,0
2,2,348340,-1.8254,39.6,28.79,-41.5,2,0.0,-35.5,1
2,2,349066,-0.0901,39.6,28.78,-41.0,2,0.0,-35.5,1
2,2,349792,1.3747,39.6,28.78,-41.5,2,0.0,-35.5,1
2,2,350518,-0.9691,39.6,28.78,-41.0,2,0.0,-35.5,1
2,2,351244,1.6001,38.6,28.79,-41.0,2,0.0,-35.5,1
2,2,351970,-0.2028,39.6,28.79,-40.5,2,0.0,-35.5,1
2,2,352696,2.9072,39.6,28.79,-41.0,2,0.0,-35.5,1
2,2,353422,2.0959,39.6,28.79,-41.5,2,0.0,-35.5,1
2,2,354148,-0.6986,38.6,28.79,-40.0,2,0.0,-35.5,1
2,2,354874,-1.2169,38.6,28.79,-41.5,2,0.0,-35.5,1
2,2,355600,-1.2169,39.6,28.79,-41.5,2,0.0,-35.5,1
2,2,356326,0.0225,39.6,28.79,-42.0,2,0.0,-35.5,1
2,2,357052,4.0790,38.6,28.79,-41.0,2,0.0,-35.5,1
2,2,357778,5.5664,39.6,28.79,-41.5,2,0.0,-35.5,1
2,2,358504,2.5466,39.6,28.79,-41.0,2,0.0,-35.5,1
2,2,359230,1.6677,39.6,28.78,-41.5,2,0.0,-35.5,1
2,2,359956,3.6283,38.6,28.78,-41.0,2,0.0,-35.5,1
2,2,360682,0.4958,39.6,28.78,-41.5,2,0.0,-35.5,1
2,2,361408,0.0451,39.6,28.78,-41.0,2,0.0,-35.5,1
2,2,362134,5.4988,38.6,28.79,-41.0,2,0.0,-35.5,1
2,2,362860,-0.5409,38.6,28.79,-41.0,2,0.0,-35.5,1
2,2,363586,-0.5409,38.6,28.79,-41.0,2,0.0,-35.5,1
2,2,364312,-2.8621,39.6,28.79,-41.5,2,0.0,-35.5,1
2,2,365038,1.5099,39.6,28.78,-41.0,2,0.0,-35.5,1
2,2,365764,-2.5466,38.6,28.78,-41.0,2,0.0,-35.5,1
2,2,366490,-3.8537,39.6,28.78,-42.0,2,0.0,-35.5,1
2,2,367216,0.0676,39.6,28.79,-42.0,2,0.0,-35.5,1
2,2,367942,3.7635,39.6,28.79,-41.0,2,0.0,-35.5,1
2,2,368668,2.0057,38.6,28.78,-41.5,2,0.0,-35.5,1
2,2,369394,4.2142,38.6,28.79,-40.5,2,0.0,-35.5,1
2,2,370120,-0.4958,38.6,28.79,-41.0,2,0.0,-35.5,1
2,3,6394,2.3437,38.6,28.79,-41.0,3,0.0,-35.5,1
2,3,7120,3.6283,38.6,28.79,-41.5,3,0.0,-35.5,1
2,3,7846,3.6283,37.6,28.78,-41.5,3,0.0,-35.5,1
2,3,8572,2.2311,38.6,28.79,-41.5,3,0.0,-35.5,1
2,3,9298,2.8395,38.6,28.78,-41.5,3,0.0,-35.5,1
2,3,10024,0.7662,38.6,28.78,-41.0,3,0.0,-35.5,1
2,3,10750,0.7662,38.6,28.78,-41.0,3,0.0,-35.5,1
2,3,11476,1.3972,38.6,28.79,-41.5,3,0.0,-35.5,1
2,3,12202,1.0141,38.6,28.79,-41.0,3,0.0,-35.5,1
2,3,12928,2.5015,39.6,28.79,-41.5,3,0.0,-35.5,1
2,3,13654,0.9465,38.6,28.79,-41.0,3,0.0,-35.5,1
2,3,14380,1.0817,38.6,28.79,-41.0,3,0.0,-35.5,1
2,3,15106,0.5859,38.6,28.79,-41.0,3,0.0,-35.5,1
2,3,15832,0.5859,38.6,28.79,-41.0,3,0.0,-35.5,1
2,3,16558,1.4423,38.6,28.79,-41.5,3,0.0,-35.5,1
2,3,17284,0.7662,39.6,28.80,-41.0,3,0.0,-35.5,1
2,3,18010,0.5634,39.6,28.79,-41.5,3,0.0,-35.5,1
2,3,18736,3.0198,38.6,28.79,-41.0,3,0.0,-35.5,1
2,3,19462,3.3353,38.6,28.79,-41.5,3,0.0,-35.5,1
2,3,20188,2.6367,38.6,28.79,-41.0,3,0.0,-35.5,1
2,3,20914,2.9973,38.6,28.79,-41.0,3,0.0,-35.5,1
2,3,21640,0.7437,38.6,28.79,-41.0,3,0.0,-35.5,1
2,3,22366,1.7127,39.6,28.80,-41.0,3,0.0,-35.5,1
2,3,23092,1.7127,38.6,28.79,-41.5,3,0.0,-35.5,1
2,3,23818,1.7127,38.6,28.79,-41.5,3,0.0,-35.5,1
2,3,24544,1.6451,38.6,28.79,-41.0,3,0.0,-35.5,1
2,3,25270,3.2227,38.6,28.79,-41.5,3,0.0,-35.5,1
2,3,25996,2.0508,38.6,28.80,-41.0,3,0.0,-35.5,1
2,3,26722,1.5099,39.6,28.80,-41.5,3,0.0,-35.5,1
2,3,27448,2.3888,39.6,28.79,-41.0,3,0.0,-35.5,1
2,3,28174,2.8621,39.6,28.80,-41.0,3,0.0,-35.5,1
2,3,28900,2.3663,38.6,28.80,-41.0,3,0.0,-35.5,1
2,3,29626,0.6986,38.6,28.80,-41.5,3,0.0,-35.5,1
2,3,30352,1.1268,38.6,28.80,-41.5,3,0.0,-35.5,1
2,3,31078,2.0959,38.6,28.80,-41.0,3,0.0,-35.5,1
2,3,31804,1.8480,39.6,28.80,-41.0,3,0.0,-35.5,1
2,3,32530,1.2395,38.6,28.80,-41.0,3,0.0,-35.5,1
2,3,33256,1.4648,38.6,28.80,-41.5,3,0.0,-35.5,1
2,3,33982,1.7803,38.6,28.80,-41.5,3,0.0,-35.5,1
2,3,34708,-0.4733,38.6,28.81,-41.5,3,0.0,-35.5,1
2,3,35434,2.5916,39.6,28.80,-40.5,3,0.0,-35.5,1
2,3,36160,2.6593,39.6,28.80,-41.0,3,0.0,-35.5,1
2,3,36886,0.6085,39.6,28.80,-41.5,3,0.0,-35.5,1
2,3,37612,-0.1127,38.6,28.81,-41.5,3,0.0,-35.5,1
2,3,38338,2.7494,39.6,28.81,-41.0,3,0.0,-35.5,1
2,3,39064,1.7353,38.6,28.80,-40.5,3,0.0,-35.5,1
2,3,39790,1.4423,39.6,28.81,-41.0,3,0.0,-35.5,1
2,3,40516,0.8789,38.6,28.81,-41.5,3,0.0,-35.5,1
2,3,41242,0.8564,38.6,28.81,-41.0,3,0.0,-35.5,1
2,3,41968,3.1550,38.6,28.80,-41.5,3,0.0,-35.5,1
2,3,42694,4.9579,38.6,28.80,-41.5,3,0.0,-35.5,1
2,3,43420,1.7803,38.6,28.81,-41.5,3,0.0,-35.5,1
2,3,44146,3.2452,38.6,28.80,-41.0,3,0.0,-35.5,1
2,3,44872,1.3747,38.6,28.81,-41.5,3,0.0,-35.5,1
2,3,45598,1.3747,38.6,28.81,-41.5,3,0.0,-35.5,1
2,3,46324,1.5550,38.6,28.81,-41.0,3,0.0,-35.5,1
2,3,47050,1.9381,39.6,28.81,-41.0,3,0.0,-35.5,1
2,3,47776,4.9354,39.6,28.81,-41.0,3,0.0,-35.5,1
2,3,48502,1.5325,39.6,28.81,-41.0,3,0.0,-35.5,1
2,3,49228,1.9156,39.6,28.81,-41.0,3,0.0,-35.5,1
2,3,49954,1.8705,39.6,28.81,-40.5,3,0.0,-35.5,1
2,3,50680,0.6761,38.6,28.81,-41.0,3,0.0,-35.5,1
2,3,51406,1.4198,38.6,28.81,-41.0,3,0.0,-35.5,1
2,3,52132,5.6565,38.6,28.81,-41.5,3,0.0,-35.5,1
2,3,52858,1.6902,38.6,28.81,-41.0,3,0.0,-35.5,1
2,3,53584,1.6902,39.6,28.81,-41.0,3,0.0,-35.5,1
2,3,54310,1.8705,39.6,28.81,-41.0,3,0.0,-35.5,1
2,3,55036,1.7127,39.6,28.81,-41.0,3,0.0,-35.5,1
2,3,55762,1.3522,39.6,28.81,-41.5,3,0.0,-35.5,1
2,3,56488,2.1860,39.6,28.81,-41.0,3,0.0,-35.5,1
2,3,57214,1.0141,38.6,28.81,-41.5,3,0.0,-35.5,1
2,3,57940,0.6761,39.6,28.81,-41.5,3,0.0,-35.5,1
2,3,58666,4.0114,39.6,28.81,-41.0,3,0.0,-35.5,1
2,3,59392,5.4087,39.6,28.81,-41.5,3,0.0,-35.5,1
2,3,60118,0.6085,39.6,28.81,-41.5,3,0.0,-35.5,1
2,3,60844,2.7269,39.6,28.82,-41.0,3,0.0,-35.5,1
2,3,61570,2.7269,39.6,28.81,-41.0,3,0.0,-35.5,1
2,3,62296,1.8930,39.6,28.81,-40.5,3,0.0,-35.5,1
2,3,63022,2.8395,39.6,28.81,-41.0,3,0.0,-35.5,1
2,3,63748,3.2227,38.6,28.81,-41.0,3,0.0,-35.5,1
2,3,64474,2.9297,38.6,28.81,-41.0,3,0.0,-35.5,1
2,3,65200,3.3128,38.6,28.81,-40.5,3,0.0,-35.5,1
2,3,65926,0.7662,38.6,28.81,-41.5,3,0.0,-35.5,1
2,3,66652,1.2846,38.6,28.81,-41.5,3,0.0,-35.5,1
2,3,67378,3.0424,39.6,28.81,-41.0,3,0.0,-35.5,1
2,3,68104,1.6001,39.6,28.81,-41.5,3,0.0,-35.5,1
2,3,68830,1.8930,39.6,28.81,-41.0,3,0.0,-35.5,1
2,3,69556,1.8930,39.6,28.81,-41.0,3,0.0,-35.5,1
2,3,70282,1.1493,38.6,28.81,-41.0,3,0.0,-35.5,1
2,3,71008,1.8705,38.6,28.81,-41.5,3,0.0,-35.5,1
2,3,71734,2.9297,38.6,28.81,-41.5,3,0.0,-35.5,1
2,3,72460,4.0340,38.6,28.81,-41.5,3,0.0,-35.5,1
2,3,73186,2.7494,38.6,28.81,-41.5,3,0.0,-35.5,1
2,3,73912,0.6085,38.6,28.81,-41.0,3,0.0,-35.5,1
2,3,74638,-0.3380,38.6,28.81,-41.0,3,0.0,-35.5,1
2,3,75364,1.4423,39.6,28.81,-41.5,3,0.0,-35.5,1
2,3,76090,1.7353,39.6,28.81,-40.5,3,0.0,-35.5,1
2,3,76816,0.6535,39.6,28.81,-41.5,3,0.0,-35.5,1
2,3,77542,0.6535,38.6,28.81,-41.5,3,0.0,-35.5,1
2,3,78268,1.5099,38.6,28.81,-41.0,3,0.0,-35.5,1
2,3,78994,0.4282,38.6,28.81,-41.5,3,0.0,-35.5,1
2,3,79720,2.0733,38.6,28.81,-41.0,3,0.0,-35.5,1
2,3,80446,1.5099,38.6,28.81,-41.0,3,0.0,-35.5,1
2,3,81172,4.1692,38.6,28.81,-41.5,3,0.0,-35.5,1
2,3,81898,0.0225,38.6,28.81,-41.0,3,0.0,-35.5,1
2,3,82624,0.7888,38.6,28.81,-41.0,3,0.0,-35.5,1
2,3,83350,3.0424,38.6,28.81,-41.0,3,0.0,-35.5,1
2,3,84076,2.3437,39.6,28.81,-41.0,3,0.0,-35.5,1
2,3,84802,0.4958,39.6,28.81,-41.0,3,0.0,-35.5,1
2,3,85528,2.3888,38.6,28.81,-41.5,3,0.0,-35.5,1
2,3,86254,1.5099,38.6,28.81,-41.5,3,0.0,-35.5,1
2,3,86980,1.3296,39.6,28.81,-41.5,3,0.0,-35.5,1
2,3,87706,0.2704,39.6,28.81,-41.5,3,0.0,-35.5,1
2,3,88432,0.0225,38.6,28.81,-41.0,3,0.0,-35.5,1
2,3,89158,-0.1578,39.6,28.81,-41.5,3,0.0,-35.5,1
2,3,89884,0.0676,39.6,28.81,-41.0,3,0.0,-35.5,1
2,3,90610,2.7269,39.6,28.81,-40.5,3,0.0,-35.5,1
2,3,91336,4.3720,38.6,28.81,-41.0,3,0.0,-35.5,1
2,3,92062,1.9381,38.6,28.81,-41.5,3,0.0,-35.5,1
2,3,92788,1.7353,38.6,28.81,-41.5,3,0.0,-35.5,1
2,3,93514,1.8480,39.6,28.81,-41.0,3,0.0,-35.5,1
2,3,94240,-0.8113,39.6,28.81,-41.0,3,0.0,-35.5,1
2,3,94966,2.4790,39.6,28.81,-41.5,3,0.0,-35.5,1
2,3,95692,3.3579,39.6,28.81,-41.0,3,0.0,-35.5,1
2,3,96418,1.2395,39.6,28.81,-41.0,3,0.0,-35.5,1
2,3,97144,0.4733,39.6,28.81,-41.5,3,0.0,-35.5,1
2,3,97870,-0.6761,39.6,28.81,-41.5,3,0.0,-35.5,1
2,3,98596,1.2395,39.6,28.81,-41.5,3,0.0,-35.5,1
2,3,99322,1.2395,39.6,28.81,-41.5,3,0.0,-35.5,1
2,3,100048,1.9156,39.6,28.81,-41.0,3,0.0,-35.5,1
2,3,100774,1.2620,38.6,28.81,-40.5,3,0.0,-35.5,1
2,3,101500,3.2001,38.6,28.81,-41.5,3,0.0,-35.5,1
2,3,102226,1.9606,39.6,28.81,-42.0,3,0.0,-35.5,1
2,3,102952,-0.8113,39.6,28.81,-41.0,3,0.0,-35.5,1
2,3,103678,0.1127,39.6,28.81,-41.5,3,0.0,-35.5,1
2,3,104404,1.6226,38.6,28.81,-41.0,3,0.0,-35.5,1
2,3,105130,0.7662,39.6,28.81,-41.5,3,0.0,-35.5,1
2,3,105856,2.6818,39.6,28.81,-41.5,3,0.0,-35.5,1
2,3,106582,1.1493,39.6,28.81,-41.0,3,0.0,-35.5,1
2,3,107308,1.1493,39.6,28.81,-41.0,3,0.0,-35.5,1
2,3,108034,2.8846,39.6,28.81,-41.0,3,0.0,-35.5,1
2,3,108760,3.0874,39.6,28.81,-41.5,3,0.0,-35.5,1
2,3,109486,0.3380,39.6,28.81,-41.0,3,0.0,-35.5,1
2,3,110212,3.6508,39.6,28.81,-40.5,3,0.0,-35.5,1
2,3,110938,0.7888,39.6,28.81,-41.5,3,0.0,-35.5,1
2,3,111664,2.9973,39.6,28.81,-41.0,3,0.0,-35.5,1
2,3,112390,5.7242,38.6,28.81,-41.5,3,0.0,-35.5,1
2,3,113116,-0.2028,38.6,28.82,-41.5,3,0.0,-35.5,1
2,3,113842,2.1184,38.6,28.81,-41.5,3,0.0,-35.5,1
2,3,114568,0.2704,38.6,28.81,-41.0,3,0.0,-35.5,1
2,3,115294,0.2704,38.6,28.82,-41.0,3,0.0,-35.5,1
2,3,116020,2.7494,39.6,28.82,-41.0,3,0.0,-35.5,1
2,3,116746,1.2395,38.6,28.82,-41.5,3,0.0,-35.5,1
2,3,117472,0.8789,38.6,28.82,-41.0,3,0.0,-35.5,1
2,3,118198,0.5859,39.6,28.82,-41.0,3,0.0,-35.5,1
2,3,118924,-0.8113,38.6,28.81,-41.5,3,0.0,-35.5,1
2,3,119650,-0.7662,39.6,28.81,-40.5,3,0.0,-35.5,1
2,3,120376,1.2846,39.6,28.82,-41.0,3,0.0,-35.5,1
2,3,121102,-0.7888,39.6,28.81,-41.0,3,0.0,-35.5,1
2,3,121828,1.4874,38.6,28.81,-41.0,3,0.0,-35.5,1
2,3,122554,0.9465,38.6,28.81,-41.5,3,0.0,-35.5,1
2,3,123280,0.9465,38.6,28.82,-41.5,3,0.0,-35.5,1
2,3,124006,-0.3155,38.6,28.82,-41.5,3,0.0,-35.5,1
2,3,124732,1.5550,38.6,28.81,-41.5,3,0.0,-35.5,1
2,3,125458,1.2395,38.6,28.81,-41.0,3,0.0,-35.5,1
2,3,126184,-0.2930,38.6,28.82,-41.0,3,0.0,-35.5,1
2,3,126910,2.9072,39.6,28.81,-41.0,3,0.0,-35.5,1
2,3,127636,0.2479,39.6,28.81,-40.5,3,0.0,-35.5,1
2,3,128362,1.5550,39.6,28.81,-41.5,3,0.0,-35.5,1
2,3,129088,3.1325,39.6,28.81,-41.5,3,0.0,-35.5,1
2,3,129814,0.7888,39.6,28.80,-41.5,3,0.0,-35.5,1
2,3,130540,2.2987,40.6,28.81,-41.0,3,0.0,-35.5,1
2,3,131266,2.2987,39.6,28.81,-41.0,3,0.0,-35.5,1
2,3,131992,-0.6085,39.6,28.81,-41.5,3,0.0,-35.5,1
2,3,132718,1.4423,39.6,28.81,-41.5,3,0.0,-35.5,1
2,3,133444,1.6677,39.6,28.81,-41.5,3,0.0,-35.5,1
2,3,134170,2.7269,39.6,28.80,-41.0,3,0.0,-35.5,1
2,3,134896,3.3804,39.6,28.80,-41.5,3,0.0,-35.5,1
2,3,135622,0.2930,38.6,28.81,-41.0,3,0.0,-35.5,1
2,3,136348,0.9014,38.6,28.80,-41.0,3,0.0,-35.5,1
2,3,137074,4.5974,38.6,28.81,-41.0,3,0.0,-35.5,1
2,3,137800,0.4507,39.6,28.81,-41.0,3,0.0,-35.5,1
2,3,138526,0.2704,39.6,28.81,-41.0,3,0.0,-35.5,1
2,3,139252,3.2903,38.6,28.81,-41.0,3,0.0,-35.5,1
2,3,139978,1.1944,38.6,28.81,-41.0,3,0.0,-35.5,1
2,3,140704,2.5691,38.6,28.80,-41.0,3,0.0,-35.5,1
2,3,141430,0.1352,38.6,28.81,-41.5,3,0.0,-35.5,1
2,3,142156,0.4958,39.6,28.81,-41.5,3,0.0,-35.5,1
2,3,142882,0.4056,38.6,28.81,-41.5,3,0.0,-35.5,1
2,3,143608,4.3044,38.6,28.81,-41.5,3,0.0,-35.5,1
2,3,144334,4.0340,38.6,28.81,-41.0,3,0.0,-35.5,1
2,3,145060,0.6535,39.6,28.81,-41.5,3,0.0,-35.5,1
2,3,145786,1.8480,39.6,28.81,-42.0,3,0.0,-35.5,1
2,3,146512,2.3437,38.6,28.80,-41.0,3,0.0,-35.5,1
2,3,147238,1.3522,39.6,28.81,-41.5,3,0.0,-35.5,1
2,3,147964,1.5325,38.6,28.81,-41.0,3,0.0,-35.5,1
2,3,148690,5.2960,38.6,28.81,-41.5,3,0.0,-35.5,1
2,3,149416,-0.0901,38.6,28.81,-41.5,3,0.0,-35.5,1
2,3,150142,2.3212,38.6,28.81,-41.5,3,0.0,-35.5,1
2,3,150868,3.0424,39.6,28.81,-41.5,3,0.0,-35.5,1
2,3,151594,2.0508,39.6,28.81,-41.5,3,0.0,-35.5,1
2,3,152320,1.0592,39.6,28.81,-41.5,3,0.0,-35.5,1
2,3,153046,1.0592,39.6,28.81,-41.5,3,0.0,-35.5,1
2,3,153772,1.1043,39.6,28.80,-41.5,3,0.0,-35.5,1
2,3,154498,1.8930,38.6,28.80,-41.5,3,0.0,-35.5,1
2,3,155224,1.4874,39.6,28.80,-41.0,3,0.0,-35.5,1
2,3,155950,1.3296,38.6,28.80,-41.0,3,0.0,-35.5,1
2,3,156676,0.7662,38.6,28.81,-41.0,3,0.0,-35.5,1
2,3,157402,0.7212,38.6,28.80,-41.5,3,0.0,-35.5,1
2,3,158128,-0.5409,38.6,28.81,-41.0,3,0.0,-35.5,1
2,3,158854,0.3380,38.6,28.81,-41.5,3,0.0,-35.5,1
2,3,159580,1.0817,38.6,28.81,-41.0,3,0.0,-35.5,1
2,3,160306,2.6818,38.6,28.81,-41.5,3,0.0,-35.5,1
2,3,161032,2.6818,38.6,28.81,-41.5,3,0.0,-35.5,1
2,3,161758,0.5859,38.6,28.81,-41.0,3,0.0,-35.5,1
2,3,162484,2.5916,38.6,28.81,-41.0,3,0.0,-35.5,1
2,3,163210,1.4423,39.6,28.81,-41.0,3,0.0,-35.5,1
2,3,163936,1.8480,39.6,28.81,-41.5,3,0.0,-35.5,1
2,3,164662,1.3296,39.6,28.80,-40.5,3,0.0,-35.5,1
2,3,165388,1.8029,38.6,28.81,-41.0,3,0.0,-35.5,1
2,3,166114,0.1127,38.6,28.81,-41.0,3,0.0,-35.5,1
2,3,166840,1.7803,38.6,28.81,-40.5,3,0.0,-35.5,1
2,3,167566,1.1268,38.6,28.81,-41.5,3,0.0,-35.5,1
2,3,168292,0.5183,38.6,28.80,-41.5,3,0.0,-35.5,1
2,3,169018,0.5183,38.6,28.81,-41.5,3,0.0,-35.5,1
2,3,169744,-0.0451,38.6,28.81,-41.0,3,0.0,-35.5,1
2,3,170470,1.5550,38.6,28.81,-41.0,3,0.0,-35.5,1
2,3,171196,3.1100,38.6,28.81,-41.0,3,0.0,-35.5,1
2,3,171922,3.0649,38.6,28.81,-41.0,3,0.0,-35.5,1
2,3,172648,1.2169,39.6,28.81,-41.5,3,0.0,-35.5,1
2,3,173374,4.0340,38.6,28.80,-41.0,3,0.0,-35.5,1
2,3,174100,-0.4507,38.6,28.80,-41.5,3,0.0,-35.5,1
2,3,174826,0.3380,38.6,28.80,-41.5,3,0.0,-35.5,1
2,3,175552,0.9014,38.6,28.80,-41.5,3,0.0,-35.5,1
2,3,176278,1.3747,38.6,28.80,-41.0,3,0.0,-35.5,1
2,3,177004,1.3747,38.6,28.80,-41.0,3,0.0,-35.5,1
2,3,177730,0.9240,39.6,28.80,-41.5,3,0.0,-35.5,1
2,3,178456,3.9663,39.6,28.80,-42.0,3,0.0,-35.5,1
2,3,179182,1.2846,39.6,28.80,-41.5,3,0.0,-35.5,1
2,3,179908,3.2452,39.6,28.80,-41.0,3,0.0,-35.5,1
2,3,180634,2.6593,39.6,28.80,-41.0,3,0.0,-35.5,1
2,3,181360,0.2930,39.6,28.80,-41.5,3,0.0,-35.5,1
2,3,182086,0.7212,38.6,28.80,-41.0,3,0.0,-35.5,1
2,3,182812,0.4507,38.6,28.80,-41.5,3,0.0,-35.5,1
2,3,183538,1.2846,38.6,28.80,-41.5,3,0.0,-35.5,1
2,3,184264,-0.1352,39.6,28.80,-41.0,3,0.0,-35.5,1
2,3,184990,-0.1352,39.6,28.80,-41.0,3,0.0,-35.5,1
2,3,185716,1.6001,38.6,28.80,-41.5,3,0.0,-35.5,1
2,3,186442,1.3522,38.6,28.80,-41.0,3,0.0,-35.5,1
2,3,187168,-0.1352,38.6,28.80,-41.0,3,0.0,-35.5,1
2,3,187894,0.2930,38.6,28.80,-41.0,3,0.0,-35.5,1
2,3,188620,1.3972,38.6,28.80,-41.0,3,0.0,-35.5,1
2,3,189346,2.0057,38.6,28.80,-41.5,3,0.0,-35.5,1
2,3,190072,1.5099,38.6,28.80,-41.5,3,0.0,-35.5,1
2,3,190798,2.2536,39.6,28.80,-41.0,3,0.0,-35.5,1
2,3,191524,2.1184,38.6,28.80,-41.5,3,0.0,-35.5,1
2,3,192250,2.2085,38.6,28.80,-40.5,3,0.0,-35.5,1
2,3,192976,2.4114,38.6,28.80,-41.5,3,0.0,-35.5,1
2,3,193702,-0.4282,38.6,28.80,-41.0,3,0.0,-35.5,1
2,3,194428,2.0508,38.6,28.80,-41.5,3,0.0,-35.5,1
2,3,195154,1.3972,38.6,28.80,-41.5,3,0.0,-35.5,1
2,3,195880,1.8930,38.6,28.80,-41.0,3,0.0,-35.5,1
2,3,196606,5.5889,38.6,28.80,-41.5,3,0.0,-35.5,1
2,3,197332,5.2734,39.6,28.80,-41.5,3,0.0,-35.5,1
2,3,198058,1.1719,38.6,28.80,-41.0,3,0.0,-35.5,1
2,3,198784,-0.6535,38.6,28.80,-41.5,3,0.0,-35.5,1
2,3,199510,0.9014,39.6,28.80,-41.0,3,0.0,-35.5,1
2,3,200236,-0.4733,38.6,28.80,-41.5,3,0.0,-35.5,1
2,3,200962,0.4507,39.6,28.80,-41.0,3,0.0,-35.5,1
2,3,201688,-0.3606,39.6,28.79,-41.5,3,0.0,-35.5,1
2,3,202414,2.1635,38.6,28.80,-41.5,3,0.0,-35.5,1
2,3,203140,1.4648,38.6,28.80,-41.5,3,0.0,-35.5,1
2,3,203866,1.3522,38.6,28.79,-41.0,3,0.0,-35.5,1
2,3,204592,4.2819,39.6,28.80,-41.0,3,0.0,-35.5,1
2,3,205318,1.2169,38.6,28.79,-41.0,3,0.0,-35.5,1
2,3,206044,-1.1043,39.6,28.79,-41.0,3,0.0,-35.5,1
2,3,206770,-2.0733,39.6,28.79,-40.5,3,0.0,-35.5,1
2,3,207496,1.3071,38.6,28.80,-41.5,3,0.0,-35.5,1
2,3,208222,1.3747,39.6,28.80,-41.5,3,0.0,-35.5,1
2,3,208948,-1.8029,39.6,28.80,-42.0,3,0.0,-35.5,1
2,3,209674,0.8789,39.6,28.80,-41.0,3,0.0,-35.5,1
2,3,210400,2.1184,38.6,28.79,-41.0,3,0.0,-35.5,1
2,3,211126,-0.7888,38.6,28.79,-41.0,3,0.0,-35.5,1
2,3,211852,-2.5916,38.6,28.79,-42.0,3,0.0,-35.5,1
2,3,212578,-0.0451,39.6,28.79,-41.5,3,0.0,-35.5,1
2,3,213304,1.6226,39.6,28.79,-41.0,3,0.0,-35.5,1
2,3,214030,1.2169,38.6,28.79,-41.0,3,0.0,-35.5,1
2,3,214756,1.2169,39.6,28.79,-41.0,3,0.0,-35.5,1
2,3,215482,-1.1043,39.6,28.80,-41.0,3,0.0,-35.5,1
2,3,216208,3.6734,39.6,28.79,-41.0,3,0.0,-35.5,1
2,3,216934,-0.2028,38.6,28.79,-41.0,3,0.0,-35.5,1
2,3,217660,1.8254,38.6,28.79,-41.5,3,0.0,-35.5,1
2,3,218386,1.7127,38.6,28.79,-41.0,3,0.0,-35.5,1
2,3,219112,3.6058,38.6,28.79,-41.5,3,0.0,-35.5,1
2,3,219838,5.6115,38.6,28.78,-41.5,3,0.0,-35.5,1
2,3,220564,1.0817,38.6,28.79,-41.5,3,0.0,-35.5,1
2,3,221290,1.0141,38.6,28.79,-41.5,3,0.0,-35.5,1
2,3,222016,1.1944,39.6,28.79,-41.5,3,0.0,-35.5,1
2,3,222742,1.1944,39.6,28.79,-41.5,3,0.0,-35.5,1
2,3,223468,1.3972,39.6,28.79,-41.5,3,0.0,-35.5,1
2,3,224194,2.7269,39.6,28.79,-41.0,3,0.0,-35.5,1
2,3,224920,0.6085,39.6,28.79,-41.0,3,0.0,-35.5,1
2,3,225646,2.2761,39.6,28.79,-41.5,3,0.0,-35.5,1
2,3,226372,1.2395,39.6,28.79,-41.0,3,0.0,-35.5,1
2,3,227098,0.6986,39.6,28.79,-41.5,3,0.0,-35.5,1
2,3,227824,-0.0676,39.6,28.79,-40.5,3,0.0,-35.5,1
2,3,228550,0.3606,39.6,28.79,-41.5,3,0.0,-35.5,1
2,3,229276,2.1635,39.6,28.78,-41.0,3,0.0,-35.5,1
2,3,230002,0.4282,39.6,28.78,-41.5,3,0.0,-35.5,1
2,3,230728,0.4282,39.6,28.78,-41.5,3,0.0,-35.5,1
2,3,231454,0.4733,39.6,28.78,-41.5,3,0.0,-35.5,1
2,3,232180,2.0057,39.6,28.79,-41.0,3,0.0,-35.5,1
2,3,232906,1.1268,38.6,28.78,-41.0,3,0.0,-35.5,1
2,3,233632,-0.1803,38.6,28.79,-41.5,3,0.0,-35.5,1
2,3,234358,1.6677,38.6,28.79,-40.5,3,0.0,-35.5,1
2,3,235084,1.1944,38.6,28.79,-41.5,3,0.0,-35.5,1
2,3,235810,1.5099,39.6,28.79,-41.0,3,0.0,-35.5,1
2,3,236536,2.7945,38.6,28.79,-41.0,3,0.0,-35.5,1
2,3,237262,2.1409,39.6,28.78,-41.0,3,0.0,-35.5,1
2,3,237988,0.3606,38.6,28.79,-41.5,3,0.0,-35.5,1
2,3,238714,0.3606,38.6,28.79,-41.5,3,0.0,-35.5,1
2,3,239440,1.6226,38.6,28.78,-41.5,3,0.0,-35.5,1
2,3,240166,0.3831,39.6,28.78,-41.0,3,0.0,-35.5,1
2,3,240892,2.9748,39.6,28.78,-41.0,3,0.0,-35.5,1
2,3,241618,0.8113,39.6,28.79,-42.0,3,0.0,-35.5,1
2,3,242344,2.0959,39.6,28.78,-40.5,3,0.0,-35.5,1
2,3,243070,0.2028,39.6,28.79,-41.0,3,0.0,-35.5,1
2,3,243796,0.9014,39.6,28.78,-41.5,3,0.0,-35.5,1
2,3,244522,-0.1352,39.6,28.78,-41.0,3,0.0,-35.5,1
2,3,245248,1.1043,39.6,28.78,-41.0,3,0.0,-35.5,1
2,3,245974,3.4931,39.6,28.78,-41.0,3,0.0,-35.5,1
2,3,246700,3.4931,39.6,28.79,-41.0,3,0.0,-35.5,1
2,3,247426,2.0282,39.6,28.78,-41.5,3,0.0,-35.5,1
2,3,248152,1.2395,39.6,28.79,-41.5,3,0.0,-35.5,1
2,3,248878,1.6226,39.6,28.79,-41.0,3,0.0,-35.5,1
2,3,249604,0.2930,38.6,28.79,-41.0,3,0.0,-35.5,1
2,3,250330,1.6451,39.6,28.79,-41.5,3,0.0,-35.5,1
2,3,251056,1.8930,38.6,28.78,-41.5,3,0.0,-35.5,1
2,3,251782,-0.0225,38.6,28.79,-41.5,3,0.0,-35.5,1
2,3,252508,1.6902,38.6,28.79,-41.5,3,0.0,-35.5,1
2,3,253234,0.4056,38.6,28.78,-41.5,3,0.0,-35.5,1
2,3,253960,0.0676,38.6,28.78,-41.5,3,0.0,-35.5,1
2,3,254686,2.5691,38.6,28.78,-41.5,3,0.0,-35.5,1
2,3,255412,1.6677,38.6,28.78,-41.5,3,0.0,-35.5,1
2,3,256138,1.8480,38.6,28.78,-40.5,3,0.0,-35.5,1
2,3,256864,0.8564,38.6,28.78,-41.5,3,0.0,-35.5,1
2,3,257590,3.1325,39.6,28.78,-41.5,3,0.0,-35.5,1
2,3,258316,0.4958,39.6,28.78,-41.0,3,0.0,-35.5,1
2,3,259042,0.6535,39.6,28.78,-42.0,3,0.0,-35.5,1
2,3,259768,0.4733,39.6,28.78,-41.0,3,0.0,-35.5,1
2,3,260494,3.7861,39.6,28.78,-41.5,3,0.0,-35.5,1
2,3,261220,0.6085,39.6,28.78,-41.0,3,0.0,-35.5,1
2,3,261946,1.0141,39.6,28.78,-41.5,3,0.0,-35.5,1
2,3,262672,-0.3606,38.6,28.78,-41.0,3,0.0,-35.5,1
2,3,263398,1.8029,39.6,28.78,-41.0,3,0.0,-35.5,1
2,3,264124,1.1268,39.6,28.78,-41.0,3,0.0,-35.5,1
2,3,264850,0.4507,39.6,28.78,-41.5,3,0.0,-35.5,1
2,3,265576,2.2311,39.6,28.78,-41.5,3,0.0,-35.5,1
2,3,266302,-1.2169,38.6,28.78,-41.0,3,0.0,-35.5,1
2,3,267028,3.5382,38.6,28.78,-41.5,3,0.0,-35.5,1
2,3,267754,1.1944,39.6,28.78,-41.0,3,0.0,-35.5,1
2,3,268480,1.1944,39.6,28.78,-41.0,3,0.0,-35.5,1
2,3,269206,3.0424,39.6,28.78,-41.0,3,0.0,-35.5,1
2,3,269932,3.2903,39.6,28.78,-41.5,3,0.0,-35.5,1
2,3,270658,0.7888,38.6,28.78,-40.5,3,0.0,-35.5,1
2,3,271384,3.0198,39.6,28.77,-41.0,3,0.0,-35.5,1
2,3,272110,2.5240,39.6,28.78,-41.0,3,0.0,-35.5,1
2,3,272836,-0.6535,38.6,28.78,-40.5,3,0.0,-35.5,1
2,3,273562,0.6986,38.6,28.78,-41.0,3,0.0,-35.5,1
2,3,274288,1.8705,39.6,28.77,-41.5,3,0.0,-35.5,1
2,3,275014,2.7494,38.6,28.77,-41.0,3,0.0,-35.5,1
2,3,275740,1.1268,38.6,28.78,-41.5,3,0.0,-35.5,1
2,3,276466,1.1268,39.6,28.78,-41.5,3,0.0,-35.5,1
2,3,277192,2.1635,39.6,28.77,-41.0,3,0.0,-35.5,1
2,3,277918,2.1409,39.6,28.78,-41.0,3,0.0,-35.5,1
2,3,278644,3.4029,39.6,28.78,-41.5,3,0.0,-35.5,1
2,3,279370,2.5240,39.6,28.78,-41.0,3,0.0,-35.5,1
2,3,280096,1.5550,39.6,28.78,-40.5,3,0.0,-35.5,1
2,3,280822,1.8029,39.6,28.77,-41.0,3,0.0,-35.5,1
2,3,281548,1.3747,39.6,28.77,-41.5,3,0.0,-35.5,1
2,3,282274,1.6451,39.6,28.77,-41.5,3,0.0,-35.5,1
2,3,283000,1.5550,39.6,28.78,-41.0,3,0.0,-35.5,1
2,3,283726,0.9691,39.6,28.77,-41.0,3,0.0,-35.5,1
2,3,284452,0.9691,39.6,28.77,-41.0,3,0.0,-35.5,1
2,3,285178,-1.6677,39.6,28.77,-42.0,3,0.0,-35.5,1
2,3,285904,0.3831,39.6,28.77,-41.5,3,0.0,-35.5,1
2,3,286630,3.1100,39.6,28.77,-41.0,3,0.0,-35.5,1
2,3,287356,0.7662,39.6,28.77,-41.0,3,0.0,-35.5,1
2,3,288082,4.1692,38.6,28.77,-41.5,3,0.0,-35.5,1
2,3,288808,2.0282,38.6,28.77,-41.0,3,0.0,-35.5,1
2,3,289534,1.2395,38.6,28.77,-41.5,3,0.0,-35.5,1
2,3,290260,1.3071,38.6,28.77,-41.0,3,0.0,-35.5,1
2,3,290986,1.9156,38.6,28.77,-41.0,3,0.0,-35.5,1
2,3,291712,2.1860,38.6,28.77,-42.0,3,0.0,-35.5,1
2,3,292438,2.1860,38.6,28.78,-42.0,3,0.0,-35.5,1
2,3,293164,-0.2704,38.6,28.77,-41.0,3,0.0,-35.5,1
2,3,293890,2.4339,39.6,28.78,-41.5,3,0.0,-35.5,1
2,3,294616,2.2536,39.6,28.77,-41.5,3,0.0,-35.5,1
2,3,295342,3.7861,39.6,28.77,-41.0,3,0.0,-35.5,1
2,3,296068,2.0057,39.6,28.77,-41.5,3,0.0,-35.5,1
2,3,296794,0.0451,39.6,28.78,-41.0,3,0.0,-35.5,1
2,3,297520,1.2395,39.6,28.77,-41.0,3,0.0,-35.5,1
2,3,298246,1.3972,39.6,28.77,-41.0,3,0.0,-35.5,1
2,3,298972,0.0451,39.6,28.77,-41.5,3,0.0,-35.5,1
2,3,299698,1.5550,39.6,28.77,-41.0,3,0.0,-35.5,1
2,3,300424,1.5550,39.6,28.77,-41.0,3,0.0,-35.5,1
2,3,301150,1.6677,38.6,28.77,-41.0,3,0.0,-35.5,1
2,3,301876,3.6058,38.6,28.77,-41.0,3,0.0,-35.5,1
2,3,302602,0.7437,38.6,28.77,-41.0,3,0.0,-35.5,1
2,3,303328,1.9606,38.6,28.77,-41.5,3,0.0,-35.5,1
2,3,304054,1.6902,38.6,28.77,-41.0,3,0.0,-35.5,1
2,3,304780,3.5382,39.6,28.77,-41.0,3,0.0,-35.5,1
2,3,305506,-1.2395,38.6,28.77,-41.5,3,0.0,-35.5,1
2,3,306232,0.6535,39.6,28.77,-41.5,3,0.0,-35.5,1
2,3,306958,0.8113,39.6,28.77,-41.5,3,0.0,-35.5,1
2,3,307684,0.5409,39.6,28.77,-41.5,3,0.0,-35.5,1
2,3,308410,0.9691,39.6,28.77,-41.5,3,0.0,-35.5,1
2,3,309136,0.0676,39.6,28.77,-41.0,3,0.0,-35.5,1
2,3,309862,1.6001,39.6,28.77,-41.5,3,0.0,-35.5,1
2,3,310588,1.8029,39.6,28.77,-41.5,3,0.0,-35.5,1
2,3,311314,0.8338,39.6,28.77,-41.0,3,0.0,-35.5,1
2,3,312040,1.2846,39.6,28.77,-41.0,3,0.0,-35.5,1
2,3,312766,2.8621,39.6,28.77,-41.0,3,0.0,-35.5,1
2,3,313492,1.8705,39.6,28.77,-41.5,3,0.0,-35.5,1
2,3,314218,1.1719,39.6,28.77,-41.5,3,0.0,-35.5,1
2,3,314944,0.2930,39.6,28.77,-41.0,3,0.0,-35.5,1
2,3,315670,-0.2704,38.6,28.77,-41.0,3,0.0,-35.5,1
2,3,316396,3.5832,39.6,28.77,-41.0,3,0.0,-35.5,1
2,3,317122,3.5382,39.6,28.77,-41.5,3,0.0,-35.5,1
2,3,317848,2.1635,39.6,28.76,-41.0,3,0.0,-35.5,1
2,3,318574,2.4564,38.6,28.77,-41.0,3,0.0,-35.5,1
2,3,319300,2.3437,39.6,28.77,-41.5,3,0.0,-35.5,1
2,3,320026,0.0901,38.6,28.77,-41.5,3,0.0,-35.5,1
2,3,320752,1.6677,39.6,28.77,-41.5,3,0.0,-35.5,1
2,3,321478,1.6902,38.6,28.77,-41.5,3,0.0,-35.5,1
2,3,322204,1.6902,38.6,28.77,-41.5,3,0.0,-35.5,1
2,3,322930,3.3128,38.6,28.77,-41.0,3,0.0,-35.5,1
2,3,323656,2.7494,39.6,28.77,-40.5,3,0.0,-35.5,1
2,3,324382,-0.4507,39.6,28.77,-41.0,3,0.0,-35.5,1
2,3,325108,0.8113,38.6,28.77,-41.0,3,0.0,-35.5,1
2,3,325834,0.3380,38.6,28.77,-41.0,3,0.0,-35.5,1
2,3,327286,2.5466,39.6,28.77,-41.0,3,0.0,-35.5,1
2,3,328012,1.6001,39.6,28.77,-41.5,3,0.0,-35.5,1
2,3,328738,2.2085,38.6,28.77,-41.5,3,0.0,-35.5,1
2,3,329464,1.4198,39.6,28.77,-41.5,3,0.0,-35.5,1
2,3,330190,1.4198,39.6,28.77,-41.5,3,0.0,-35.5,1
2,3,330916,2.4564,39.6,28.77,-41.0,3,0.0,-35.5,1
2,3,331642,1.8480,39.6,28.77,-41.0,3,0.0,-35.5,1
2,3,332368,-0.5183,39.6,28.77,-41.0,3,0.0,-35.5,1
2,3,333094,3.6959,39.6,28.77,-41.0,3,0.0,-35.5,1
2,3,333820,2.1860,39.6,28.76,-41.5,3,0.0,-35.5,1
2,3,334546,2.8846,38.6,28.76,-41.5,3,0.0,-35.5,1
2,3,335272,0.6761,39.6,28.76,-40.5,3,0.0,-35.5,1
2,3,335998,2.1635,39.6,28.76,-41.0,3,0.0,-35.5,1
2,3,336724,0.9014,39.6,28.76,-41.0,3,0.0,-35.5,1
2,3,337450,2.2085,38.6,28.76,-41.0,3,0.0,-35.5,1
2,3,338176,2.2085,38.6,28.76,-41.0,3,0.0,-35.5,1
2,3,338902,3.9438,39.6,28.76,-41.5,3,0.0,-35.5,1
2,3,339628,1.4423,38.6,28.76,-41.0,3,0.0,-35.5,1
2,3,340354,5.3185,39.6,28.77,-41.5,3,0.0,-35.5,1
2,3,341080,1.5099,39.6,28.76,-41.0,3,0.0,-35.5,1
2,3,341806,3.3128,38.6,28.76,-40.5,3,0.0,-35.5,1
2,3,342532,1.3296,39.6,28.76,-41.5,3,0.0,-35.5,1
2,3,343258,1.4423,38.6,28.76,-42.0,3,0.0,-35.5,1
2,3,343984,3.9213,38.6,28.76,-41.5,3,0.0,-35.5,1
2,3,344710,1.6001,38.6,28.76,-41.0,3,0.0,-35.5,1
2,3,345436,1.0367,38.6,28.76,-40.5,3,0.0,-35.5,1
2,3,346162,1.0367,38.6,28.76,-40.5,3,0.0,-35.5,1
2,3,346888,-0.7212,38.6,28.76,-41.0,3,0.0,-35.5,1
2,3,347614,3.2227,38.6,28.76,-41.0,3,0.0,-35.5,1
2,3,348340,0.0225,38.6,28.76,-41.0,3,0.0,-35.5,1
2,3,349066,3.8987,38.6,28.76,-40.5,3,0.0,-35.5,1
2,3,349792,0.8113,38.6,28.76,-41.0,3,0.0,-35.5,1
2,3,350518,0.8564,38.6,28.76,-41.5,3,0.0,-35.5,1
2,3,351244,2.1860,39.6,28.76,-41.5,3,0.0,-35.5,1
2,3,351970,0.8564,39.6,28.76,-41.5,3,0.0,-35.5,1
2,3,352696,-0.2479,39.6,28.76,-41.5,3,0.0,-35.5,1
2,3,353422,3.2903,39.6,28.76,-41.5,3,0.0,-35.5,1
2,3,354148,3.2903,38.6,28.76,-41.5,3,0.0,-35.5,1
2,3,354874,1.5775,39.6,28.76,-41.0,3,0.0,-35.5,1
2,3,355600,2.6593,38.6,28.76,-41.0,3,0.0,-35.5,1
2,3,356326,1.8029,39.6,28.76,-41.5,3,0.0,-35.5,1
2,3,357052,2.9973,38.6,28.76,-41.0,3,0.0,-35.5,1
2,3,357778,0.6986,39.6,28.76,-40.5,3,0.0,-35.5,1
2,3,358504,1.9381,39.6,28.76,-41.0,3,0.0,-35.5,1
2,3,359230,-0.3606,38.6,28.76,-41.5,3,0.0,-35.5,1
2,3,359956,-0.6761,38.6,28.76,-42.0,3,0.0,-35.5,1
2,3,360682,0.2930,38.6,28.76,-41.5,3,0.0,-35.5,1
2,3,361408,-0.1803,38.6,28.76,-41.0,3,0.0,-35.5,1
2,3,362134,1.0817,38.6,28.76,-41.5,3,0.0,-35.5,1
2,3,362860,0.0901,38.6,28.76,-41.5,3,0.0,-35.5,1
2,3,363586,1.6677,38.6,28.76,-41.5,3,0.0,-35.5,1
2,3,364312,0.4282,39.6,28.76,-41.5,3,0.0,-35.5,1
2,3,365038,1.5550,39.6,28.76,-41.5,3,0.0,-35.5,1
2,3,365764,1.2846,39.6,28.76,-41.5,3,0.0,-35.5,1
2,3,366490,1.9156,39.6,28.76,-41.0,3,0.0,-35.5,1
2,3,367216,1.5325,39.6,28.76,-41.0,3,0.0,-35.5,1
2,3,367942,2.2987,39.6,28.76,-41.0,3,0.0,-35.5,1
2,3,368668,3.6508,39.6,28.76,-41.5,3,0.0,-35.5,1
2,3,369394,-0.4282,39.6,28.76,-41.5,3,0.0,-35.5,1
2,4,3485,1.8705,35.6,28.75,-40.5,4,0.0,-35.5,1
2,4,4212,2.0959,36.6,28.76,-41.0,4,0.0,-35.5,1
2,4,4938,2.1184,36.6,28.76,-41.0,4,0.0,-35.5,1
2,4,5664,2.9072,37.6,28.76,-41.0,4,0.0,-35.5,1
2,4,6390,-5.9044,37.6,28.76,-41.0,4,0.0,-35.5,0
2,4,7116,1.2395,38.6,28.76,-41.0,4,0.0,-35.5,1
2,4,7842,2.1409,38.6,28.76,-41.0,4,0.0,-35.5,1
2,4,8568,3.1776,38.6,28.76,-41.0,4,0.0,-35.5,1
2,4,9294,2.0057,38.6,28.76,-40.5,4,0.0,-35.5,1
2,4,10020,2.1409,38.6,28.76,-41.0,4,0.0,-35.5,1
2,4,10746,1.4198,38.6,28.77,-40.5,4,0.0,-35.5,1
2,4,11472,0.8113,39.6,28.77,-41.0,4,0.0,-35.5,1
2,4,12198,1.6001,38.6,28.77,-41.0,4,0.0,-35.5,1
2,4,12924,1.4423,39.6,28.77,-41.0,4,0.0,-35.5,1
2,4,13650,3.1776,39.6,28.77,-41.0,4,0.0,-35.5,1
2,4,14376,3.1776,39.6,28.77,-41.0,4,0.0,-35.5,1
2,4,15102,3.1550,38.6,28.77,-40.5,4,0.0,-35.5,1
2,4,15828,2.3663,38.6,28.77,-41.0,4,0.0,-35.5,1
2,4,16554,2.6593,38.6,28.77,-41.0,4,0.0,-35.5,1
2,4,17280,2.7719,38.6,28.77,-40.5,4,0.0,-35.5,1
2,4,18006,3.4029,38.6,28.77,-41.0,4,0.0,-35.5,1
2,4,18732,0.4507,38.6,28.77,-41.0,4,0.0,-35.5,1
2,4,19458,2.0959,38.6,28.77,-41.0,4,0.0,-35.5,1
2,4,20184,1.8029,38.6,28.77,-40.5,4,0.0,-35.5,1
2,4,20910,2.1635,38.6,28.77,-41.0,4,0.0,-35.5,1
2,4,21636,2.7945,38.6,28.77,-40.5,4,0.0,-35.5,1
2,4,22362,2.7945,38.6,28.77,-40.5,4,0.0,-35.5,1
2,4,23088,1.1944,38.6,28.78,-40.5,4,0.0,-35.5,1
2,4,23814,2.7043,38.6,28.77,-41.0,4,0.0,-35.5,1
2,4,24540,2.1635,38.6,28.78,-41.0,4,0.0,-35.5,1
2,4,25266,1.8705,38.6,28.78,-41.0,4,0.0,-35.5,1
2,4,25992,1.4198,39.6,28.78,-41.0,4,0.0,-35.5,1
2,4,26718,3.0649,38.6,28.78,-41.0,4,0.0,-35.5,1
2,4,27444,0.6535,38.6,28.78,-41.5,4,0.0,-35.5,1
2,4,28170,3.4029,38.6,28.78,-41.0,4,0.0,-35.5,1
2,4,28896,3.6508,38.6,28.78,-41.0,4,0.0,-35.5,1
2,4,29622,1.6226,39.6,28.78,-41.0,4,0.0,-35.5,1
2,4,30348,1.6226,39.6,28.78,-41.0,4,0.0,-35.5,1
2,4,31074,3.0424,39.6,28.78,-41.0,4,0.0,-35.5,1
2,4,31800,2.1409,38.6,28.78,-40.5,4,0.0,-35.5,1
2,4,32526,1.0141,38.6,28.78,-41.0,4,0.0,-35.5,1
2,4,33252,2.7719,38.6,28.78,-41.0,4,0.0,-35.5,1
2,4,33978,2.1860,38.6,28.78,-41.0,4,0.0,-35.5,1
2,4,34704,0.6310,38.6,28.78,-41.0,4,0.0,-35.5,1
2,4,35430,1.7127,38.6,28.78,-41.0,4,0.0,-35.5,1
2,4,36156,1.6451,38.6,28.78,-41.0,4,0.0,-35.5,1
2,4,36882,1.2620,38.6,28.78,-41.0,4,0.0,-35.5,1
2,4,37608,2.4564,39.6,28.78,-41.0,4,0.0,-35.5,1
2,4,38334,2.4564,39.6,28.78,-41.0,4,0.0,-35.5,1
2,4,39060,1.3747,39.6,28.78,-41.0,4,0.0,-35.5,1
2,4,39786,1.6902,39.6,28.78,-41.0,4,0.0,-35.5,1
2,4,40512,1.6451,39.6,28.78,-40.5,4,0.0,-35.5,1
2,4,41238,1.6001,39.6,28.78,-41.0,4,0.0,-35.5,1
2,4,41964,1.0817,39.6,28.79,-41.0,4,0.0,-35.5,1
2,4,42690,1.3972,38.6,28.79,-41.0,4,0.0,-35.5,1
2,4,43416,1.5775,39.6,28.78,-41.0,4,0.0,-35.5,1
2,4,44142,0.8789,39.6,28.78,-41.0,4,0.0,-35.5,1
2,4,44868,1.6226,38.6,28.79,-41.0,4,0.0,-35.5,1
2,4,45594,2.5240,38.6,28.78,-40.5,4,0.0,-35.5,1
2,4,46320,2.5240,39.6,28.78,-40.5,4,0.0,-35.5,1
2,4,47046,2.3437,38.6,28.79,-41.0,4,0.0,-35.5,1
2,4,47772,2.8621,39.6,28.79,-41.0,4,0.0,-35.5,1
2,4,48498,0.9014,39.6,28.79,-41.0,4,0.0,-35.5,1
2,4,49224,3.7635,39.6,28.78,-41.0,4,0.0,-35.5,1
2,4,49950,2.4114,39.6,28.79,-40.5,4,0.0,-35.5,1
2,4,50676,2.2536,38.6,28.78,-41.0,4,0.0,-35.5,1
2,4,51402,2.3212,38.6,28.79,-41.0,4,0.0,-35.5,1
2,4,52128,0.1352,39.6,28.78,-40.5,4,0.0,-35.5,1
2,4,52854,1.0367,38.6,28.78,-40.5,4,0.0,-35.5,1
2,4,53580,3.4255,39.6,28.79,-41.0,4,0.0,-35.5,1
2,4,54306,2.2311,39.6,28.79,-41.0,4,0.0,-35.5,1
2,4,55032,3.8762,38.6,28.78,-41.0,4,0.0,-35.5,1
2,4,55758,2.3663,38.6,28.79,-40.5,4,0.0,-35.5,1
2,4,56484,2.4114,39.6,28.79,-41.0,4,0.0,-35.5,1
2,4,57210,0.4733,39.6,28.79,-41.0,4,0.0,-35.5,1
2,4,57936,1.5099,38.6,28.79,-41.0,4,0.0,-35.5,1
2,4,58662,0.7212,39.6,28.79,-41.0,4,0.0,-35.5,1
2,4,59388,1.5550,39.6,28.79,-40.5,4,0.0,-35.5,1
2,4,60114,2.5015,38.6,28.79,-41.0,4,0.0,-35.5,1
2,4,60840,1.5325,39.6,28.79,-41.0,4,0.0,-35.5,1
2,4,61566,1.9156,39.6,28.79,-41.0,4,0.0,-35.5,1
2,4,62292,3.1100,38.6,28.79,-41.0,4,0.0,-35.5,1
2,4,63018,3.2903,38.6,28.79,-41.0,4,0.0,-35.5,1
2,4,63744,1.1493,39.6,28.79,-41.0,4,0.0,-35.5,1
2,4,64470,1.3071,39.6,28.79,-40.5,4,0.0,-35.5,1
2,4,65196,1.5550,39.6,28.79,-41.0,4,0.0,-35.5,1
2,4,65922,1.6226,39.6,28.79,-41.0,4,0.0,-35.5,1
2,4,66648,0.9916,38.6,28.79,-41.0,4,0.0,-35.5,1
2,4,67374,2.3437,38.6,28.79,-40.5,4,0.0,-35.5,1
2,4,68100,2.3437,39.6,28.79,-40.5,4,0.0,-35.5,1
2,4,68826,1.5775,38.6,28.79,-41.0,4,0.0,-35.5,1
2,4,69552,2.3888,39.6,28.79,-41.0,4,0.0,-35.5,1
2,4,70278,1.4648,39.6,28.79,-40.5,4,0.0,-35.5,1
2,4,71004,1.8480,39.6,28.79,-41.0,4,0.0,-35.5,1
2,4,71730,1.5099,39.6,28.79,-41.0,4,0.0,-35.5,1
2,4,72456,1.8480,38.6,28.79,-40.5,4,0.0,-35.5,1
2,4,73182,1.2169,38.6,28.79,-41.0,4,0.0,-35.5,1
2,4,73908,1.8254,38.6,28.79,-41.0,4,0.0,-35.5,1
2,4,74634,2.3437,38.6,28.79,-41.0,4,0.0,-35.5,1
2,4,75360,1.9156,39.6,28.79,-41.0,4,0.0,-35.5,1
2,4,76086,1.9156,39.6,28.79,-41.0,4,0.0,-35.5,1
2,4,76812,0.7662,39.6,28.79,-41.0,4,0.0,-35.5,1
2,4,77538,0.7888,39.6,28.80,-41.0,4,0.0,-35.5,1
2,4,78264,2.3888,38.6,28.79,-41.0,4,0.0,-35.5,1
2,4,78990,2.0057,38.6,28.79,-40.5,4,0.0,-35.5,1
2,4,79716,1.3522,39.6,28.79,-41.0,4,0.0,-35.5,1
2,4,80442,1.6451,39.6,28.79,-41.0,4,0.0,-35.5,1
2,4,81168,2.0282,39.6,28.79,-41.0,4,0.0,-35.5,1
2,4,81894,2.1860,38.6,28.79,-41.0,4,0.0,-35.5,1
2,4,82620,0.2479,38.6,28.78,-41.0,4,0.0,-35.5,1
2,4,83346,3.5382,38.6,28.79,-41.0,4,0.0,-35.5,1
2,4,84072,3.5382,39.6,28.78,-41.0,4,0.0,-35.5,1
2,4,84798,4.7551,39.6,28.79,-40.5,4,0.0,-35.5,1
2,4,85524,2.5916,39.6,28.79,-41.0,4,0.0,-35.5,1
2,4,86250,2.0282,38.6,28.79,-41.0,4,0.0,-35.5,1
2,4,86976,1.5550,38.6,28.79,-41.0,4,0.0,-35.5,1
2,4,87702,4.1241,38.6,28.79,-41.0,4,0.0,-35.5,1
2,4,88428,3.2903,38.6,28.79,-41.0,4,0.0,-35.5,1
2,4,89154,1.8254,38.6,28.79,-41.0,4,0.0,-35.5,1
2,4,89880,2.5916,39.6,28.79,-41.0,4,0.0,-35.5,1
2,4,90606,4.3720,38.6,28.78,-41.0,4,0.0,-35.5,1
2,4,91332,2.3437,38.6,28.79,-41.0,4,0.0,-35.5,1
2,4,92058,2.3437,39.6,28.79,-41.0,4,0.0,-35.5,1
2,4,92784,2.5466,39.6,28.79,-41.0,4,0.0,-35.5,1
2,4,93510,2.8170,39.6,28.80,-40.5,4,0.0,-35.5,1
2,4,94236,0.2479,39.6,28.79,-40.5,4,0.0,-35.5,1
2,4,94962,1.8254,38.6,28.79,-40.5,4,0.0,-35.5,1
2,4,95688,2.8170,38.6,28.79,-41.0,4,0.0,-35.5,1
2,4,96414,1.9832,39.6,28.79,-40.5,4,0.0,-35.5,1
2,4,97140,1.7578,39.6,28.79,-40.5,4,0.0,-35.5,1
2,4,97866,1.3071,39.6,28.79,-40.5,4,0.0,-35.5,1
2,4,98592,1.7353,39.6,28.79,-41.0,4,0.0,-35.5,1
2,4,99318,0.5634,39.6,28.79,-41.0,4,0.0,-35.5,1
2,4,100044,0.5634,38.6,28.78,-41.0,4,0.0,-35.5,1
2,4,100770,0.5183,38.6,28.78,-41.0,4,0.0,-35.5,1
2,4,101496,1.2395,39.6,28.79,-41.0,4,0.0,-35.5,1
2,4,102222,1.3747,39.6,28.79,-41.0,4,0.0,-35.5,1
2,4,102948,2.4564,39.6,28.79,-41.0,4,0.0,-35.5,1
2,4,103674,2.0057,39.6,28.79,-41.0,4,0.0,-35.5,1
2,4,104400,0.5183,39.6,28.79,-41.0,4,0.0,-35.5,1
2,4,105126,1.6677,39.6,28.79,-41.0,4,0.0,-35.5,1
2,4,105852,2.7494,39.6,28.79,-41.0,4,0.0,-35.5,1
2,4,106578,0.3380,38.6,28.79,-41.0,4,0.0,-35.5,1
2,4,107304,1.1493,38.6,28.79,-41.0,4,0.0,-35.5,1
2,4,108030,2.2987,38.6,28.79,-40.5,4,0.0,-35.5,1
2,4,108756,2.7945,38.6,28.79,-40.5,4,0.0,-35.5,1
2,4,109482,1.6677,38.6,28.79,-41.0,4,0.0,-35.5,1
2,4,110208,2.2761,39.6,28.79,-41.0,4,0.0,-35.5,1
2,4,110934,3.4706,39.6,28.79,-41.0,4,0.0,-35.5,1
2,4,111660,3.9889,39.6,28.78,-41.0,4,0.0,-35.5,1
2,4,112386,3.0424,39.6,28.79,-41.0,4,0.0,-35.5,1
2,4,113112,1.8930,39.6,28.78,-41.0,4,0.0,-35.5,1
2,4,113838,-1.1268,39.6,28.78,-41.0,4,0.0,-35.5,1
2,4,114564,1.2620,39.6,28.78,-41.0,4,0.0,-35.5,1
2,4,115290,1.1944,39.6,28.78,-41.0,4,0.0,-35.5,1
2,4,116016,1.6902,38.6,28.78,-40.5,4,0.0,-35.5,1
2,4,116742,1.1268,38.6,28.78,-41.0,4,0.0,-35.5,1
2,4,117468,1.9832,38.6,28.79,-41.0,4,0.0,-35.5,1
2,4,118194,0.9691,38.6,28.79,-40.5,4,0.0,-35.5,1
2,4,118920,1.1719,39.6,28.78,-41.0,4,0.0,-35.5,1
2,4,119646,2.7269,39.6,28.78,-41.0,4,0.0,-35.5,1
2,4,120372,2.1409,39.6,28.78,-40.5,4,0.0,-35.5,1
2,4,121098,3.2903,39.6,28.78,-41.0,4,0.0,-35.5,1
2,4,121824,3.2903,39.6,28.78,-41.0,4,0.0,-35.5,1
2,4,122550,2.1409,39.6,28.79,-41.0,4,0.0,-35.5,1
2,4,123276,1.5099,39.6,28.78,-41.0,4,0.0,-35.5,1
2,4,124002,2.2987,39.6,28.79,-41.0,4,0.0,-35.5,1
2,4,124728,2.0057,39.6,28.78,-41.0,4,0.0,-35.5,1
2,4,125454,2.4564,38.6,28.79,-41.0,4,0.0,-35.5,1
2,4,126180,1.1268,39.6,28.78,-41.0,4,0.0,-35.5,1
2,4,126906,3.3353,38.6,28.78,-41.0,4,0.0,-35.5,1
2,4,127632,2.6593,39.6,28.78,-40.5,4,0.0,-35.5,1
2,4,128358,1.3972,38.6,28.78,-41.0,4,0.0,-35.5,1
2,4,129084,1.6677,38.6,28.78,-40.5,4,0.0,-35.5,1
2,4,129810,1.6677,38.6,28.79,-40.5,4,0.0,-35.5,1
2,4,130536,4.4171,39.6,28.79,-41.0,4,0.0,-35.5,1
2,4,131262,2.9973,38.6,28.79,-41.0,4,0.0,-35.5,1
2,4,131988,1.1268,39.6,28.79,-41.0,4,0.0,-35.5,1
2,4,132714,2.0057,39.6,28.78,-41.0,4,0.0,-35.5,1
2,4,133440,0.3380,39.6,28.78,-41.0,4,0.0,-35.5,1
2,4,134166,2.0057,39.6,28.78,-41.0,4,0.0,-35.5,1
2,4,134892,3.6283,39.6,28.78,-41.0,4,0.0,-35.5,1
2,4,135618,1.7803,38.6,28.78,-41.0,4,0.0,-35.5,1
2,4,136344,3.2001,38.6,28.78,-41.0,4,0.0,-35.5,1
2,4,137070,1.5099,39.6,28.78,-41.0,4,0.0,-35.5,1
2,4,137796,1.5099,39.6,28.78,-41.0,4,0.0,-35.5,1
2,4,138522,0.3380,39.6,28.78,-41.0,4,0.0,-35.5,1
2,4,139248,1.1268,38.6,28.78,-41.0,4,0.0,-35.5,1
2,4,139974,1.9156,39.6,28.78,-41.0,4,0.0,-35.5,1
2,4,140700,1.7353,38.6,28.78,-41.0,4,0.0,-35.5,1
2,4,141426,2.3888,38.6,28.78,-40.5,4,0.0,-35.5,1
2,4,142152,2.3663,39.6,28.78,-40.5,4,0.0,-35.5,1
2,4,142878,3.2001,39.6,28.78,-41.0,4,0.0,-35.5,1
2,4,143604,0.1352,39.6,28.78,-40.5,4,0.0,-35.5,1
2,4,144330,3.5156,39.6,28.79,-41.0,4,0.0,-35.5,1
2,4,145056,2.8170,39.6,28.78,-41.0,4,0.0,-35.5,1
2,4,145782,2.8170,39.6,28.79,-41.0,4,0.0,-35.5,1
2,4,146508,1.5099,39.6,28.79,-40.5,4,0.0,-35.5,1
2,4,147234,1.6001,39.6,28.78,-41.0,4,0.0,-35.5,1
2,4,147960,1.3972,39.6,28.78,-41.0,4,0.0,-35.5,1
2,4,148686,2.2987,38.6,28.78,-40.5,4,0.0,-35.5,1
2,4,149412,1.9156,38.6,28.78,-41.0,4,0.0,-35.5,1
2,4,150138,1.2169,38.6,28.79,-41.0,4,0.0,-35.5,1
2,4,150864,2.4339,38.6,28.79,-41.0,4,0.0,-35.5,1
2,4,151590,1.7803,38.6,28.78,-41.0,4,0.0,-35.5,1
2,4,152316,2.0508,38.6,28.78,-40.5,4,0.0,-35.5,1
2,4,153042,1.3522,38.6,28.78,-41.0,4,0.0,-35.5,1
2,4,153768,1.3522,38.6,28.78,-41.0,4,0.0,-35.5,1
2,4,154494,0.6535,38.6,28.78,-41.0,4,0.0,-35.5,1
2,4,155220,2.6142,38.6,28.78,-41.0,4,0.0,-35.5,1
2,4,155946,0.8113,39.6,28.78,-41.0,4,0.0,-35.5,1
2,4,156672,2.7494,39.6,28.78,-41.0,4,0.0,-35.5,1
2,4,157398,1.1268,39.6,28.78,-41.0,4,0.0,-35.5,1
2,4,158124,1.9156,38.6,28.78,-41.0,4,0.0,-35.5,1
2,4,158850,0.9691,39.6,28.78,-41.0,4,0.0,-35.5,1
2,4,159576,2.7945,38.6,28.78,-41.0,4,0.0,-35.5,1
2,4,160302,1.9832,39.6,28.78,-40.5,4,0.0,-35.5,1
2,4,161028,2.6142,39.6,28.78,-41.0,4,0.0,-35.5,1
2,4,161754,2.0282,38.6,28.78,-40.5,4,0.0,-35.5,1
2,4,163206,0.9240,38.6,28.78,-41.5,4,0.0,-35.5,1
2,4,163932,1.0592,39.6,28.78,-40.5,4,0.0,-35.5,1
2,4,164658,1.8930,38.6,28.78,-41.0,4,0.0,-35.5,1
2,4,165384,1.4648,38.6,28.78,-40.5,4,0.0,-35.5,1
2,4,166110,2.9973,39.6,28.78,-41.0,4,0.0,-35.5,1
2,4,166836,1.6226,39.6,28.78,-40.5,4,0.0,-35.5,1
2,4,167562,0.6085,38.6,28.78,-41.0,4,0.0,-35.5,1
2,4,168288,-0.0451,39.6,28.77,-41.0,4,0.0,-35.5,1
2,4,169014,1.7803,38.6,28.78,-40.5,4,0.0,-35.5,1
2,4,169740,1.5775,39.6,28.78,-41.0,4,0.0,-35.5,1
2,4,170466,2.3663,39.6,28.78,-41.0,4,0.0,-35.5,1
2,4,171192,1.8029,39.6,28.78,-41.0,4,0.0,-35.5,1
2,4,171918,1.5775,39.6,28.77,-41.0,4,0.0,-35.5,1
2,4,172644,1.4874,39.6,28.77,-41.0,4,0.0,-35.5,1
2,4,173370,1.5775,38.6,28.77,-41.0,4,0.0,-35.5,1
2,4,174096,2.1860,38.6,28.77,-41.0,4,0.0,-35.5,1
2,4,174822,1.5775,39.6,28.77,-41.0,4,0.0,-35.5,1
2,4,175548,1.5775,38.6,28.77,-41.0,4,0.0,-35.5,1
2,4,176274,0.8564,38.6,28.77,-41.0,4,0.0,-35.5,1
2,4,177000,1.7353,38.6,28.78,-41.0,4,0.0,-35.5,1
2,4,177726,1.3071,38.6,28.77,-41.0,4,0.0,-35.5,1
2,4,178452,2.1860,38.6,28.77,-41.0,4,0.0,-35.5,1
2,4,179178,0.5409,38.6,28.77,-40.5,4,0.0,-35.5,1
2,4,179904,2.3212,38.6,28.77,-41.0,4,0.0,-35.5,1
2,4,180630,0.7662,39.6,28.77,-41.0,4,0.0,-35.5,1
2,4,181356,0.9465,39.6,28.77,-41.0,4,0.0,-35.5,1
2,4,182082,1.2846,39.6,28.78,-41.0,4,0.0,-35.5,1
2,4,182808,0.3606,39.6,28.77,-41.0,4,0.0,-35.5,1
2,4,183534,0.3606,39.6,28.78,-41.0,4,0.0,-35.5,1
2,4,184260,2.8395,39.6,28.78,-41.0,4,0.0,-35.5,1
2,4,184986,2.0282,39.6,28.77,-41.0,4,0.0,-35.5,1
2,4,185712,1.8930,38.6,28.77,-41.0,4,0.0,-35.5,1
2,4,186438,1.2620,38.6,28.77,-41.0,4,0.0,-35.5,1
2,4,187164,1.3747,38.6,28.77,-41.0,4,0.0,-35.5,1
2,4,187890,2.6593,39.6,28.77,-40.5,4,0.0,-35.5,1
2,4,188616,1.4648,39.6,28.77,-41.0,4,0.0,-35.5,1
2,4,189342,1.8705,39.6,28.77,-41.0,4,0.0,-35.5,1
2,4,190068,2.2085,39.6,28.77,-41.0,4,0.0,-35.5,1
2,4,190794,-0.0451,39.6,28.77,-41.5,4,0.0,-35.5,1
2,4,191520,-0.0451,38.6,28.77,-41.5,4,0.0,-35.5,1
2,4,192246,1.8480,38.6,28.77,-41.0,4,0.0,-35.5,1
2,4,192972,1.0817,39.6,28.77,-41.0,4,0.0,-35.5,1
2,4,193698,1.6902,38.6,28.77,-41.0,4,0.0,-35.5,1
2,4,194424,1.1043,39.6,28.77,-41.0,4,0.0,-35.5,1
2,4,195150,0.8789,39.6,28.77,-41.0,4,0.0,-35.5,1
2,4,195876,1.9381,39.6,28.77,-41.0,4,0.0,-35.5,1
2,4,196602,2.2311,39.6,28.77,-41.0,4,0.0,-35.5,1
2,4,197328,1.3747,39.6,28.77,-41.0,4,0.0,-35.5,1
2,4,198054,1.1268,38.6,28.77,-41.0,4,0.0,-35.5,1
2,4,198780,1.3071,38.6,28.77,-41.0,4,0.0,-35.5,1
2,4,199506,1.3071,39.6,28.76,-41.0,4,0.0,-35.5,1
2,4,200232,2.0959,38.6,28.76,-41.0,4,0.0,-35.5,1
2,4,200958,2.3437,39.6,28.77,-41.0,4,0.0,-35.5,1
2,4,201684,3.4255,38.6,28.76,-40.5,4,0.0,-35.5,1
2,4,202410,1.2846,38.6,28.76,-41.0,4,0.0,-35.5,1
2,4,203136,1.6001,39.6,28.76,-41.0,4,0.0,-35.5,1
2,4,203862,3.5156,39.6,28.77,-40.5,4,0.0,-35.5,1
2,4,204588,0.1352,39.6,28.76,-41.0,4,0.0,-35.5,1
2,4,205314,1.3296,39.6,28.77,-41.0,4,0.0,-35.5,1
2,4,206040,0.9240,39.6,28.77,-41.0,4,0.0,-35.5,1
2,4,206766,1.0367,39.6,28.77,-41.0,4,0.0,-35.5,1
2,4,207492,1.0367,38.6,28.77,-41.0,4,0.0,-35.5,1
2,4,208218,1.2169,38.6,28.76,-41.0,4,0.0,-35.5,1
2,4,208944,1.0817,39.6,28.76,-40.5,4,0.0,-35.5,1
2,4,209670,2.5691,39.6,28.77,-40.5,4,0.0,-35.5,1
2,4,210396,1.0367,39.6,28.77,-41.0,4,0.0,-35.5,1
2,4,211122,0.6310,39.6,28.76,-41.0,4,0.0,-35.5,1
2,4,211848,2.2987,39.6,28.77,-41.0,4,0.0,-35.5,1
2,4,212574,2.9297,39.6,28.76,-41.0,4,0.0,-35.5,1
2,4,213300,2.3437,39.6,28.77,-41.0,4,0.0,-35.5,1
2,4,214026,0.6761,39.6,28.76,-41.0,4,0.0,-35.5,1
2,4,214752,1.8480,39.6,28.76,-41.0,4,0.0,-35.5,1
2,4,215478,1.4423,39.6,28.76,-41.0,4,0.0,-35.5,1
2,4,216204,2.7269,38.6,28.76,-41.0,4,0.0,-35.5,1
2,4,216930,1.3972,39.6,28.76,-41.0,4,0.0,-35.5,1
2,4,217656,2.0733,39.6,28.76,-41.0,4,0.0,-35.5,1
2,4,218382,1.0592,39.6,28.77,-40.5,4,0.0,-35.5,1
2,4,219108,2.0733,38.6,28.76,-41.0,4,0.0,-35.5,1
2,4,219834,2.1184,39.6,28.76,-41.0,4,0.0,-35.5,1
2,4,220560,2.0959,38.6,28.76,-40.0,4,0.0,-35.5,1
2,4,221286,1.0817,39.6,28.77,-41.0,4,0.0,-35.5,1
2,4,222012,1.3522,39.6,28.76,-41.0,4,0.0,-35.5,1
2,4,222738,0.7212,39.6,28.77,-41.0,4,0.0,-35.5,1
2,4,223464,2.9973,39.6,28.77,-41.0,4,0.0,-35.5,1
2,4,224190,2.1635,39.6,28.76,-40.5,4,0.0,-35.5,1
2,4,224916,2.6142,38.6,28.76,-41.0,4,0.0,-35.5,1
2,4,225642,1.5325,39.6,28.76,-40.5,4,0.0,-35.5,1
2,4,226368,2.7043,39.6,28.77,-41.0,4,0.0,-35.5,1
2,4,227094,1.2169,39.6,28.76,-41.0,4,0.0,-35.5,1
2,4,227820,2.0508,39.6,28.76,-41.0,4,0.0,-35.5,1
2,4,228546,0.3831,39.6,28.76,-41.0,4,0.0,-35.5,1
2,4,229272,12.0793,39.6,28.76,-38.5,4,0.0,-35.5,0
2,4,229998,2.4339,39.6,28.77,-41.0,4,0.0,-35.5,1
2,4,230724,1.0592,39.6,28.76,-41.0,4,0.0,-35.5,1
2,4,231450,1.4874,38.6,28.76,-41.0,4,0.0,-35.5,1
2,4,232176,1.6226,38.6,28.76,-41.0,4,0.0,-35.5,1
2,4,232902,1.4423,38.6,28.76,-41.0,4,0.0,-35.5,1
2,4,233628,1.5099,38.6,28.76,-41.0,4,0.0,-35.5,1
2,4,234354,2.1184,38.6,28.76,-41.0,4,0.0,-35.5,1
2,4,235080,3.1325,38.6,28.76,-41.0,4,0.0,-35.5,1
2,4,235806,3.0874,39.6,28.76,-41.0,4,0.0,-35.5,1
2,4,236532,2.1184,38.6,28.76,-41.0,4,0.0,-35.5,1
2,4,237258,2.1184,39.6,28.76,-41.0,4,0.0,-35.5,1
2,4,237984,1.8480,39.6,28.76,-41.0,4,0.0,-35.5,1
2,4,238710,1.7127,38.6,28.76,-41.0,4,0.0,-35.5,1
2,4,239436,1.7127,39.6,28.76,-41.0,4,0.0,-35.5,1
2,4,240162,2.1184,39.6,28.76,-41.0,4,0.0,-35.5,1
2,4,240888,1.8029,39.6,28.76,-41.0,4,0.0,-35.5,1
2,4,241614,0.6085,39.6,28.76,-40.5,4,0.0,-35.5,1
2,4,242340,2.6593,39.6,28.76,-41.0,4,0.0,-35.5,1
2,4,243066,3.0424,39.6,28.76,-41.0,4,0.0,-35.5,1
2,4,243792,3.6283,38.6,28.76,-41.0,4,0.0,-35.5,1
2,4,244518,4.2593,39.6,28.76,-41.0,4,0.0,-35.5,1
2,4,245244,4.2593,38.6,28.76,-41.0,4,0.0,-35.5,1
2,4,245970,1.3747,38.6,28.75,-41.0,4,0.0,-35.5,1
2,4,246696,1.3296,39.6,28.76,-41.0,4,0.0,-35.5,1
2,4,247422,2.0508,39.6,28.76,-40.5,4,0.0,-35.5,1
2,4,248148,2.5015,39.6,28.75,-41.0,4,0.0,-35.5,1
2,4,248874,2.0508,38.6,28.76,-41.0,4,0.0,-35.5,1
2,4,249600,1.8254,39.6,28.76,-41.0,4,0.0,-35.5,1
2,4,250326,1.0592,39.6,28.76,-41.0,4,0.0,-35.5,1
2,4,251052,1.3296,39.6,28.76,-41.0,4,0.0,-35.5,1
2,4,251778,2.0057,38.6,28.75,-41.0,4,0.0,-35.5,1
2,4,252504,3.1325,38.6,28.76,-41.0,4,0.0,-35.5,1
2,4,253230,3.1325,38.6,28.76,-41.0,4,0.0,-35.5,1
2,4,253956,1.9832,38.6,28.76,-40.5,4,0.0,-35.5,1
2,4,254682,1.3747,38.6,28.76,-41.0,4,0.0,-35.5,1
2,4,255408,0.3380,38.6,28.76,-41.0,4,0.0,-35.5,1
2,4,256134,2.0057,39.6,28.76,-41.0,4,0.0,-35.5,1
2,4,256860,1.4423,39.6,28.76,-40.5,4,0.0,-35.5,1
2,4,257586,1.9156,39.6,28.75,-40.5,4,0.0,-35.5,1
2,4,258312,2.2311,39.6,28.76,-41.0,4,0.0,-35.5,1
2,4,259038,2.6593,39.6,28.76,-41.0,4,0.0,-35.5,1
2,4,259764,1.0592,39.6,28.75,-41.0,4,0.0,-35.5,1
2,4,260490,2.4114,39.6,28.76,-41.0,4,0.0,-35.5,1
2,4,261216,2.4114,39.6,28.76,-41.0,4,0.0,-35.5,1
2,4,261942,1.9606,39.6,28.76,-41.0,4,0.0,-35.5,1
2,4,262668,3.2452,39.6,28.75,-40.5,4,0.0,-35.5,1
2,4,263394,0.1352,38.6,28.75,-41.0,4,0.0,-35.5,1
2,4,264120,2.0057,38.6,28.75,-41.0,4,0.0,-35.5,1
2,4,264846,2.9748,38.6,28.75,-41.0,4,0.0,-35.5,1
2,4,265572,2.7043,38.6,28.75,-41.0,4,0.0,-35.5,1
2,4,266298,1.2620,38.6,28.75,-41.0,4,0.0,-35.5,1
2,4,267024,2.3437,38.6,28.75,-41.0,4,0.0,-35.5,1
2,4,267750,0.7888,38.6,28.75,-40.5,4,0.0,-35.5,1
2,4,268476,0.0676,38.6,28.75,-41.0,4,0.0,-35.5,1
2,4,269202,0.0676,39.6,28.76,-41.0,4,0.0,-35.5,1
2,4,269928,1.6677,39.6,28.75,-41.0,4,0.0,-35.5,1
2,4,270654,1.7353,39.6,28.75,-41.0,4,0.0,-35.5,1
2,4,271380,2.2761,39.6,28.76,-41.0,4,0.0,-35.5,1
2,4,272106,1.6451,39.6,28.75,-41.0,4,0.0,-35.5,1
2,4,272832,1.1268,39.6,28.75,-41.0,4,0.0,-35.5,1
2,4,273558,3.5382,39.6,28.76,-41.0,4,0.0,-35.5,1
2,4,274284,1.7803,39.6,28.76,-41.0,4,0.0,-35.5,1
2,4,275010,0.4958,39.6,28.76,-41.0,4,0.0,-35.5,1
2,4,275736,0.9240,39.6,28.76,-41.0,4,0.0,-35.5,1
2,4,276462,1.8930,38.6,28.76,-41.0,4,0.0,-35.5,1
2,4,277188,1.5099,39.6,28.76,-41.0,4,0.0,-35.5,1
2,4,277914,1.9606,39.6,28.76,-41.0,4,0.0,-35.5,1
2,4,278640,1.7127,39.6,28.75,-41.0,4,0.0,-35.5,1
2,4,279366,1.0592,39.6,28.76,-41.0,4,0.0,-35.5,1
2,4,280092,3.8987,38.6,28.75,-41.0,4,0.0,-35.5,1
2,4,280818,0.4507,38.6,28.75,-41.0,4,0.0,-35.5,1
2,4,281544,1.8930,38.6,28.75,-41.0,4,0.0,-35.5,1
2,4,282270,2.2987,38.6,28.76,-41.0,4,0.0,-35.5,1
2,4,282996,-17.4654,39.6,28.75,-40.5,4,0.0,-35.5,0
2,4,283722,0.9691,39.6,28.75,-41.0,4,0.0,-35.5,1
2,4,284448,0.1803,39.6,28.75,-41.0,4,0.0,-35.5,1
2,4,285174,0.6761,39.6,28.75,-40.5,4,0.0,-35.5,1
2,4,285900,2.8846,39.6,28.75,-41.0,4,0.0,-35.5,1
2,4,286626,2.3663,39.6,28.76,-40.5,4,0.0,-35.5,1
2,4,287352,2.8170,39.6,28.75,-41.0,4,0.0,-35.5,1
2,4,288078,2.0959,39.6,28.75,-41.0,4,0.0,-35.5,1
2,4,288804,1.7578,39.6,28.75,-41.0,4,0.0,-35.5,1
2,4,289530,2.0508,38.6,28.76,-40.5,4,0.0,-35.5,1
2,4,290256,0.3380,38.6,28.75,-40.5,4,0.0,-35.5,1
2,4,290982,0.3380,38.6,28.75,-40.5,4,0.0,-35.5,1
2,4,291708,1.9606,38.6,28.75,-41.0,4,0.0,-35.5,1
2,4,292434,2.2987,38.6,28.76,-41.0,4,0.0,-35.5,1
2,4,293160,0.9014,38.6,28.76,-41.0,4,0.0,-35.5,1
2,4,293886,1.7353,38.6,28.75,-41.0,4,0.0,-35.5,1
2,4,294612,2.4114,38.6,28.75,-41.0,4,0.0,-35.5,1
2,4,295338,1.8254,38.6,28.75,-41.0,4,0.0,-35.5,1
2,4,296064,1.2395,39.6,28.75,-41.0,4,0.0,-35.5,1
2,4,296790,3.1100,39.6,28.75,-41.0,4,0.0,-35.5,1
2,4,297516,0.5634,39.6,28.75,-41.0,4,0.0,-35.5,1
2,4,298242,1.1944,38.6,28.75,-40.5,4,0.0,-35.5,1
2,4,298968,1.1944,39.6,28.75,-40.5,4,0.0,-35.5,1
2,4,299694,0.6535,39.6,28.75,-41.0,4,0.0,-35.5,1
2,4,300420,2.3663,39.6,28.75,-41.0,4,0.0,-35.5,1
2,4,301146,2.4790,39.6,28.75,-40.5,4,0.0,-35.5,1
2,4,301872,0.3155,39.6,28.75,-41.0,4,0.0,-35.5,1
2,4,302598,1.4423,39.6,28.75,-41.0,4,0.0,-35.5,1
2,4,303324,1.5325,38.6,28.75,-41.0,4,0.0,-35.5,1
2,4,304050,1.3747,38.6,28.75,-40.5,4,0.0,-35.5,1
2,4,304776,2.7945,38.6,28.75,-40.5,4,0.0,-35.5,1
2,4,305502,2.9973,38.6,28.75,-41.0,4,0.0,-35.5,1
2,4,306228,2.5240,39.6,28.75,-41.0,4,0.0,-35.5,1
2,4,306954,2.5240,39.6,28.75,-41.0,4,0.0,-35.5,1
2,4,307680,1.4648,39.6,28.75,-41.0,4,0.0,-35.5,1
2,4,308406,1.8930,39.6,28.75,-41.0,4,0.0,-35.5,1
2,4,309132,1.0141,38.6,28.75,-41.0,4,0.0,-35.5,1
2,4,309858,3.0874,39.6,28.75,-41.5,4,0.0,-35.5,1
2,4,310584,1.4648,39.6,28.75,-41.0,4,0.0,-35.5,1
2,4,311310,1.5775,39.6,28.74,-41.0,4,0.0,-35.5,1
2,4,312036,2.1860,39.6,28.75,-41.0,4,0.0,-35.5,1
2,4,312762,2.0282,39.6,28.75,-41.0,4,0.0,-35.5,1
2,4,313488,2.0959,39.6,28.74,-41.0,4,0.0,-35.5,1
2,4,314214,0.9240,39.6,28.75,-41.0,4,0.0,-35.5,1
2,4,314940,0.9240,38.6,28.74,-41.0,4,0.0,-35.5,1
2,4,315666,2.4339,38.6,28.74,-40.5,4,0.0,-35.5,1
2,4,316392,2.1184,39.6,28.74,-41.0,4,0.0,-35.5,1
2,4,317118,1.3972,39.6,28.74,-41.0,4,0.0,-35.5,1
2,4,317844,2.5015,39.6,28.74,-40.5,4,0.0,-35.5,1
2,4,318570,1.6226,39.6,28.74,-41.0,4,0.0,-35.5,1
2,4,319296,2.7269,38.6,28.74,-41.0,4,0.0,-35.5,1
2,4,320022,2.8621,38.6,28.74,-41.0,4,0.0,-35.5,1
2,4,320748,1.5099,38.6,28.74,-41.0,4,0.0,-35.5,1
2,4,321474,0.4056,39.6,28.74,-41.0,4,0.0,-35.5,1
2,4,322200,2.0057,39.6,28.74,-40.5,4,0.0,-35.5,1
2,4,322926,2.0057,39.6,28.74,-40.5,4,0.0,-35.5,1
2,4,323652,2.2761,39.6,28.74,-41.0,4,0.0,-35.5,1
2,4,324378,2.4114,39.6,28.74,-40.5,4,0.0,-35.5,1
2,4,325104,2.5916,39.6,28.74,-41.0,4,0.0,-35.5,1
2,4,325830,3.0198,39.6,28.74,-41.0,4,0.0,-35.5,1
2,4,326556,0.9691,39.6,28.74,-41.0,4,0.0,-35.5,1
2,4,327282,2.2311,38.6,28.74,-40.5,4,0.0,-35.5,1
2,4,328008,0.9014,39.6,28.74,-41.0,4,0.0,-35.5,1
2,4,328734,1.0817,38.6,28.74,-41.0,4,0.0,-35.5,1
2,4,329460,1.3747,39.6,28.74,-41.0,4,0.0,-35.5,1
2,4,330186,1.6226,39.6,28.74,-41.0,4,0.0,-35.5,1
2,4,330912,1.9381,38.6,28.74,-41.0,4,0.0,-35.5,1
2,4,331638,1.4874,38.6,28.74,-41.0,4,0.0,-35.5,1
2,4,332364,1.9156,38.6,28.74,-40.5,4,0.0,-35.5,1
2,4,333090,0.6761,38.6,28.74,-41.0,4,0.0,-35.5,1
2,4,333816,1.8705,39.6,28.74,-41.0,4,0.0,-35.5,1
2,4,334542,1.8480,38.6,28.74,-41.0,4,0.0,-35.5,1
2,4,335268,2.8621,39.6,28.74,-40.5,4,0.0,-35.5,1
2,4,335994,2.8846,39.6,28.74,-41.0,4,0.0,-35.5,1
2,4,336720,0.3831,38.6,28.74,-41.0,4,0.0,-35.5,1
2,4,337446,0.2704,38.6,28.74,-41.0,4,0.0,-35.5,1
2,4,338172,2.1860,38.6,28.74,-41.0,4,0.0,-35.5,1
2,4,338898,3.3804,38.6,28.74,-41.0,4,0.0,-35.5,1
2,4,339624,2.3437,38.6,28.74,-41.0,4,0.0,-35.5,1
2,4,340350,2.4564,38.6,28.74,-41.0,4,0.0,-35.5,1
2,4,341076,0.9014,38.6,28.74,-41.0,4,0.0,-35.5,1
2,4,341802,0.9691,38.6,28.74,-41.0,4,0.0,-35.5,1
2,4,342528,1.1719,38.6,28.74,-41.0,4,0.0,-35.5,1
2,4,343254,2.6818,38.6,28.75,-41.0,4,0.0,-35.5,1
2,4,343980,3.2452,38.6,28.74,-41.0,4,0.0,-35.5,1
2,4,344706,3.2452,39.6,28.74,-41.0,4,0.0,-35.5,1
2,4,345432,0.9240,39.6,28.74,-41.0,4,0.0,-35.5,1
2,4,346158,3.5156,39.6,28.74,-41.0,4,0.0,-35.5,1
2,4,346884,1.8930,39.6,28.74,-41.0,4,0.0,-35.5,1
2,4,347610,1.8705,39.6,28.74,-41.0,4,0.0,-35.5,1
2,4,348336,1.2846,39.6,28.74,-41.0,4,0.0,-35.5,1
2,4,349062,0.5859,39.6,28.74,-41.0,4,0.0,-35.5,1
2,4,349788,2.5691,39.6,28.74,-40.5,4,0.0,-35.5,1
2,4,350514,4.1692,39.6,28.74,-40.5,4,0.0,-35.5,1
2,4,351240,0.9916,39.6,28.74,-41.0,4,0.0,-35.5,1
2,4,351966,0.7662,38.6,28.74,-40.5,4,0.0,-35.5,1
2,4,352692,0.7662,38.6,28.74,-40.5,4,0.0,-35.5,1
2,4,353418,1.4648,38.6,28.74,-41.0,4,0.0,-35.5,1
2,4,354144,1.7578,38.6,28.73,-41.0,4,0.0,-35.5,1
2,4,354870,3.2903,38.6,28.73,-41.0,4,0.0,-35.5,1
2,4,355596,3.1100,38.6,28.73,-40.5,4,0.0,-35.5,1
2,4,356322,1.7353,39.6,28.74,-41.0,4,0.0,-35.5,1
2,4,357048,1.5550,39.6,28.74,-40.5,4,0.0,-35.5,1
2,4,357774,0.8564,39.6,28.74,-41.0,4,0.0,-35.5,1
2,4,358500,1.2395,39.6,28.74,-41.0,4,0.0,-35.5,1
2,4,359226,1.4198,39.6,28.74,-40.5,4,0.0,-35.5,1
2,4,359952,2.0057,38.6,28.74,-41.0,4,0.0,-35.5,1
2,4,360678,2.0057,38.6,28.73,-41.0,4,0.0,-35.5,1
2,4,361404,1.1719,38.6,28.73,-40.5,4,0.0,-35.5,1
2,4,362130,2.9748,39.6,28.74,-41.0,4,0.0,-35.5,1
2,4,362856,1.5550,38.6,28.74,-41.0,4,0.0,-35.5,1
2,4,363582,1.7578,39.6,28.74,-40.5,4,0.0,-35.5,1
2,4,364308,2.3888,39.6,28.74,-41.0,4,0.0,-35.5,1
2,4,365034,1.1944,39.6,28.74,-41.0,4,0.0,-35.5,1
2,4,365760,3.0874,39.6,28.74,-41.0,4,0.0,-35.5,1
2,4,366486,1.9381,39.6,28.73,-41.0,4,0.0,-35.5,1
2,5,6391,2.7719,38.6,28.74,-40.5,5,0.0,-35.5,1
2,5,7117,2.5015,38.6,28.74,-41.0,5,0.0,-35.5,1
2,5,7843,0.7888,38.6,28.74,-40.5,5,0.0,-35.5,1
2,5,8569,3.6734,38.6,28.74,-40.5,5,0.0,-35.5,1
2,5,9295,3.7635,38.6,28.74,-41.0,5,0.0,-35.5,1
2,5,10021,1.1719,38.6,28.75,-40.5,5,0.0,-35.5,1
2,5,10747,1.1719,38.6,28.75,-40.5,5,0.0,-35.5,1
2,5,11473,1.0817,38.6,28.74,-40.5,5,0.0,-35.5,1
2,5,12199,3.1100,38.6,28.74,-40.5,5,0.0,-35.5,1
2,5,12925,2.7494,38.6,28.74,-40.5,5,0.0,-35.5,1
2,5,13651,1.6001,38.6,28.74,-40.5,5,0.0,-35.5,1
2,5,14377,3.2001,38.6,28.74,-40.5,5,0.0,-35.5,1
2,5,15103,2.3437,38.6,28.74,-41.0,5,0.0,-35.5,1
2,5,15829,1.1493,38.6,28.74,-40.5,5,0.0,-35.5,1
2,5,16555,2.3888,38.6,28.74,-40.5,5,0.0,-35.5,1
2,5,17281,3.2903,38.6,28.75,-40.5,5,0.0,-35.5,1
2,5,18007,1.8480,38.6,28.75,-40.5,5,0.0,-35.5,1
2,5,18733,1.8480,38.6,28.75,-40.5,5,0.0,-35.5,1
2,5,19459,1.7127,38.6,28.75,-40.5,5,0.0,-35.5,1
2,5,20185,1.8254,38.6,28.75,-40.5,5,0.0,-35.5,1
2,5,20911,2.2536,39.6,28.75,-40.5,5,0.0,-35.5,1
2,5,21637,3.3353,39.6,28.75,-40.5,5,0.0,-35.5,1
2,5,22363,1.2846,39.6,28.75,-40.5,5,0.0,-35.5,1
2,5,23089,1.8930,39.6,28.75,-41.0,5,0.0,-35.5,1
2,5,23815,2.1860,38.6,28.75,-40.5,5,0.0,-35.5,1
2,5,24541,2.9973,38.6,28.75,-40.5,5,0.0,-35.5,1
2,5,25267,3.4029,38.6,28.75,-40.5,5,0.0,-35.5,1
2,5,25993,0.9240,38.6,28.75,-40.5,5,0.0,-35.5,1
2,5,26719,0.9240,38.6,28.75,-40.5,5,0.0,-35.5,1
2,5,27445,1.5775,38.6,28.76,-40.5,5,0.0,-35.5,1
2,5,28171,2.7043,38.6,28.75,-40.5,5,0.0,-35.5,1
2,5,28897,2.5916,38.6,28.75,-40.5,5,0.0,-35.5,1
2,5,29623,1.1493,38.6,28.76,-40.5,5,0.0,-35.5,1
2,5,30349,3.1100,39.6,28.76,-40.5,5,0.0,-35.5,1
2,5,31075,2.3437,39.6,28.76,-40.5,5,0.0,-35.5,1
2,5,31801,1.4648,39.6,28.76,-41.0,5,0.0,-35.5,1
2,5,32527,1.6226,39.6,28.76,-40.5,5,0.0,-35.5,1
2,5,33253,1.8930,39.6,28.75,-40.5,5,0.0,-35.5,1
2,5,33979,1.6677,38.6,28.76,-41.0,5,0.0,-35.5,1
2,5,34705,2.1860,38.6,28.76,-40.5,5,0.0,-35.5,1
2,5,35431,1.7353,39.6,28.76,-40.5,5,0.0,-35.5,1
2,5,36157,2.9748,39.6,28.76,-40.5,5,0.0,-35.5,1
2,5,36883,1.8029,39.6,28.76,-41.0,5,0.0,-35.5,1
2,5,37609,1.7578,39.6,28.75,-40.5,5,0.0,-35.5,1
2,5,38335,1.8930,39.6,28.76,-41.0,5,0.0,-35.5,1
2,5,39061,1.6451,39.6,28.76,-40.5,5,0.0,-35.5,1
2,5,39787,1.6226,38.6,28.76,-40.5,5,0.0,-35.5,1
2,5,40513,1.9381,38.6,28.76,-40.5,5,0.0,-35.5,1
2,5,41239,2.7269,38.6,28.76,-40.5,5,0.0,-35.5,1
2,5,41965,3.4931,38.6,28.76,-41.0,5,0.0,-35.5,1
2,5,42691,3.3804,38.6,28.76,-40.5,5,0.0,-35.5,1
2,5,43417,2.5466,38.6,28.76,-41.0,5,0.0,-35.5,1
2,5,44143,2.9748,39.6,28.76,-40.5,5,0.0,-35.5,1
2,5,44869,2.1184,39.6,28.76,-40.5,5,0.0,-35.5,1
2,5,45595,2.6593,38.6,28.76,-40.5,5,0.0,-35.5,1
2,5,46321,2.2761,39.6,28.76,-40.5,5,0.0,-35.5,1
2,5,47047,2.7494,39.6,28.76,-41.0,5,0.0,-35.5,1
2,5,47773,1.8254,39.6,28.77,-40.5,5,0.0,-35.5,1
2,5,48499,1.8254,38.6,28.76,-40.5,5,0.0,-35.5,1
2,5,49225,2.1860,38.6,28.76,-40.5,5,0.0,-35.5,1
2,5,49951,1.7803,38.6,28.77,-41.0,5,0.0,-35.5,1
2,5,50677,1.8930,39.6,28.77,-40.5,5,0.0,-35.5,1
2,5,51403,1.7803,38.6,28.77,-40.5,5,0.0,-35.5,1
2,5,52129,2.3888,39.6,28.76,-40.5,5,0.0,-35.5,1
2,5,52855,2.7494,38.6,28.76,-40.5,5,0.0,-35.5,1
2,5,53581,1.3071,39.6,28.76,-40.5,5,0.0,-35.5,1
2,5,54307,2.2311,38.6,28.76,-40.5,5,0.0,-35.5,1
2,5,55033,1.5550,38.6,28.76,-41.0,5,0.0,-35.5,1
2,5,55759,2.2311,38.6,28.76,-40.5,5,0.0,-35.5,1
2,5,56485,2.2311,38.6,28.76,-40.5,5,0.0,-35.5,1
2,5,57211,1.9381,38.6,28.77,-40.5,5,0.0,-35.5,1
2,5,57937,1.9832,39.6,28.76,-41.0,5,0.0,-35.5,1
2,5,58663,2.7719,39.6,28.77,-40.5,5,0.0,-35.5,1
2,5,59389,1.0817,39.6,28.77,-40.5,5,0.0,-35.5,1
2,5,60115,1.3972,39.6,28.77,-40.5,5,0.0,-35.5,1
2,5,60841,1.1719,39.6,28.77,-40.5,5,0.0,-35.5,1
2,5,61567,1.3972,39.6,28.76,-40.5,5,0.0,-35.5,1
2,5,62293,1.5325,39.6,28.76,-40.5,5,0.0,-35.5,1
2,5,63019,2.0959,39.6,28.76,-40.5,5,0.0,-35.5,1
2,5,63745,2.0057,38.6,28.76,-40.5,5,0.0,-35.5,1
2,5,64471,2.0057,38.6,28.76,-40.5,5,0.0,-35.5,1
2,5,65197,2.2085,38.6,28.76,-40.5,5,0.0,-35.5,1
2,5,65923,1.8705,38.6,28.76,-40.5,5,0.0,-35.5,1
2,5,66649,1.3296,38.6,28.76,-41.0,5,0.0,-35.5,1
2,5,67375,3.3353,38.6,28.76,-40.5,5,0.0,-35.5,1
2,5,68101,1.4648,39.6,28.76,-40.5,5,0.0,-35.5,1
2,5,68827,2.7494,39.6,28.76,-40.5,5,0.0,-35.5,1
2,5,69553,1.9381,39.6,28.76,-40.5,5,0.0,-35.5,1
2,5,70279,2.5916,39.6,28.76,-40.5,5,0.0,-35.5,1
2,5,71005,2.2311,39.6,28.76,-40.5,5,0.0,-35.5,1
2,5,71731,1.9156,38.6,28.76,-40.5,5,0.0,-35.5,1
2,5,72457,1.9156,39.6,28.75,-40.5,5,0.0,-35.5,1
2,5,73183,2.9748,38.6,28.76,-40.5,5,0.0,-35.5,1
2,5,73909,1.3296,38.6,28.76,-41.0,5,0.0,-35.5,1
2,5,74635,2.4339,39.6,28.76,-40.5,5,0.0,-35.5,1
2,5,75361,2.9297,39.6,28.76,-40.5,5,0.0,-35.5,1
2,5,76087,2.1409,38.6,28.76,-40.5,5,0.0,-35.5,1
2,5,76813,1.8480,38.6,28.76,-40.5,5,0.0,-35.5,1
2,5,77539,2.2536,38.6,28.77,-40.5,5,0.0,-35.5,1
2,5,78265,2.0508,39.6,28.76,-40.5,5,0.0,-35.5,1
2,5,78991,2.1409,39.6,28.76,-40.5,5,0.0,-35.5,1
2,5,79717,1.5325,39.6,28.76,-41.0,5,0.0,-35.5,1
2,5,80443,1.5325,39.6,28.77,-41.0,5,0.0,-35.5,1
2,5,81169,2.1184,39.6,28.77,-40.5,5,0.0,-35.5,1
2,5,81895,2.2987,38.6,28.76,-40.5,5,0.0,-35.5,1
2,5,82621,2.4339,38.6,28.76,-40.5,5,0.0,-35.5,1
2,5,83347,3.0874,38.6,28.76,-40.5,5,0.0,-35.5,1
2,5,84073,1.4874,39.6,28.76,-40.5,5,0.0,-35.5,1
2,5,84799,3.2903,39.6,28.76,-40.5,5,0.0,-35.5,1
2,5,85525,1.6226,39.6,28.76,-40.5,5,0.0,-35.5,1
2,5,86251,2.4114,39.6,28.76,-41.0,5,0.0,-35.5,1
2,5,86977,2.9297,38.6,28.77,-40.5,5,0.0,-35.5,1
2,5,87703,3.1100,38.6,28.76,-40.5,5,0.0,-35.5,1
2,5,88429,3.9213,38.6,28.77,-40.5,5,0.0,-35.5,1
2,5,89155,3.4255,38.6,28.76,-41.0,5,0.0,-35.5,1
2,5,89881,1.1043,38.6,28.76,-41.0,5,0.0,-35.5,1
2,5,90607,2.3888,38.6,28.77,-40.5,5,0.0,-35.5,1
2,5,91333,2.4564,38.6,28.76,-40.5,5,0.0,-35.5,1
2,5,92059,2.7269,38.6,28.77,-41.0,5,0.0,-35.5,1
2,5,92785,2.5466,38.6,28.76,-40.5,5,0.0,-35.5,1
2,5,93511,1.8705,38.6,28.76,-40.5,5,0.0,-35.5,1
2,5,94237,2.2085,39.6,28.76,-40.5,5,0.0,-35.5,1
2,5,94963,1.8930,39.6,28.76,-40.5,5,0.0,-35.5,1
2,5,95689,1.6001,38.6,28.76,-40.5,5,0.0,-35.5,1
2,5,96415,2.4339,38.6,28.76,-41.0,5,0.0,-35.5,1
2,5,97141,1.4648,38.6,28.77,-40.5,5,0.0,-35.5,1
2,5,97867,2.2987,38.6,28.77,-40.5,5,0.0,-35.5,1
2,5,98593,3.4255,39.6,28.76,-40.5,5,0.0,-35.5,1
2,5,99319,1.7353,38.6,28.76,-40.5,5,0.0,-35.5,1
2,5,100045,2.1860,38.6,28.76,-40.5,5,0.0,-35.5,1
2,5,100771,2.0733,38.6,28.77,-40.5,5,0.0,-35.5,1
2,5,101497,2.7043,38.6,28.76,-40.5,5,0.0,-35.5,1
2,5,102223,2.7043,38.6,28.77,-40.5,5,0.0,-35.5,1
2,5,102949,3.0424,38.6,28.76,-40.5,5,0.0,-35.5,1
2,5,103675,2.4339,39.6,28.77,-40.5,5,0.0,-35.5,1
2,5,104401,2.5691,38.6,28.76,-40.5,5,0.0,-35.5,1
2,5,105127,1.6902,38.6,28.76,-40.5,5,0.0,-35.5,1
2,5,105853,2.1635,39.6,28.76,-40.5,5,0.0,-35.5,1
2,5,106579,2.7043,39.6,28.76,-40.5,5,0.0,-35.5,1
2,5,107305,2.8170,39.6,28.76,-40.5,5,0.0,-35.5,1
2,5,108031,1.2846,38.6,28.76,-40.5,5,0.0,-35.5,1
2,5,108757,2.4339,38.6,28.76,-40.5,5,0.0,-35.5,1
2,5,109483,1.6226,38.6,28.76,-40.5,5,0.0,-35.5,1
2,5,110209,1.6226,38.6,28.76,-40.5,5,0.0,-35.5,1
2,5,110935,2.5466,38.6,28.76,-40.5,5,0.0,-35.5,1
2,5,111661,1.8029,38.6,28.76,-40.5,5,0.0,-35.5,1
2,5,112387,2.6818,39.6,28.76,-40.5,5,0.0,-35.5,1
2,5,113113,2.5015,39.6,28.76,-40.5,5,0.0,-35.5,1
2,5,113839,2.1635,38.6,28.77,-40.5,5,0.0,-35.5,1
2,5,114565,2.9522,38.6,28.76,-40.5,5,0.0,-35.5,1
2,5,115291,2.5916,38.6,28.76,-41.0,5,0.0,-35.5,1
2,5,116017,3.2677,38.6,28.77,-40.5,5,0.0,-35.5,1
2,5,116743,3.2677,38.6,28.76,-40.5,5,0.0,-35.5,1
2,5,117469,2.5916,38.6,28.76,-40.5,5,0.0,-35.5,1
2,5,118195,2.5916,39.6,28.76,-40.5,5,0.0,-35.5,1
2,5,118921,2.7043,39.6,28.77,-40.5,5,0.0,-35.5,1
2,5,119647,1.5325,39.6,28.76,-40.5,5,0.0,-35.5,1
2,5,120373,2.9522,39.6,28.77,-40.5,5,0.0,-35.5,1
2,5,121099,2.0959,39.6,28.76,-40.5,5,0.0,-35.5,1
2,5,121825,1.7353,39.6,28.76,-40.5,5,0.0,-35.5,1
2,5,122551,3.4029,39.6,28.76,-40.5,5,0.0,-35.5,1
2,5,123277,2.6142,39.6,28.76,-40.5,5,0.0,-35.5,1
2,5,124003,1.2846,38.6,28.76,-41.0,5,0.0,-35.5,1
2,5,124729,1.8930,38.6,28.76,-40.5,5,0.0,-35.5,1
2,5,125455,2.3663,38.6,28.76,-40.5,5,0.0,-35.5,1
2,5,126181,2.3663,38.6,28.76,-40.5,5,0.0,-35.5,1
2,5,126907,1.1719,38.6,28.76,-40.5,5,0.0,-35.5,1
2,5,127633,1.9832,38.6,28.76,-40.5,5,0.0,-35.5,1
2,5,128359,1.2620,38.6,28.76,-40.5,5,0.0,-35.5,1
2,5,129085,1.2846,38.6,28.76,-40.5,5,0.0,-35.5,1
2,5,129811,2.4114,38.6,28.76,-41.0,5,0.0,-35.5,1
2,5,130537,2.9072,38.6,28.76,-40.5,5,0.0,-35.5,1
2,5,131263,2.2761,38.6,28.76,-41.0,5,0.0,-35.5,1
2,5,131989,2.0733,39.6,28.76,-40.5,5,0.0,-35.5,1
2,5,132715,1.4874,39.6,28.76,-40.5,5,0.0,-35.5,1
2,5,133441,2.4114,39.6,28.76,-40.5,5,0.0,-35.5,1
2,5,134167,2.4114,39.6,28.76,-40.5,5,0.0,-35.5,1
2,5,134893,2.9973,39.6,28.76,-40.5,5,0.0,-35.5,1
2,5,135619,2.6593,39.6,28.76,-40.5,5,0.0,-35.5,1
2,5,136345,2.1635,39.6,28.76,-40.5,5,0.0,-35.5,1
2,5,137071,2.0959,39.6,28.76,-40.5,5,0.0,-35.5,1
2,5,137797,2.6142,39.6,28.76,-40.5,5,0.0,-35.5,1
2,5,138523,2.2085,39.6,28.76,-40.5,5,0.0,-35.5,1
2,5,139249,1.7353,39.6,28.76,-41.0,5,0.0,-35.5,1
2,5,139975,3.1550,39.6,28.77,-40.5,5,0.0,-35.5,1
2,5,140701,2.2311,39.6,28.76,-40.5,5,0.0,-35.5,1
2,5,141427,2.3212,38.6,28.76,-40.5,5,0.0,-35.5,1
2,5,142153,2.3212,38.6,28.76,-40.5,5,0.0,-35.5,1
2,5,142879,2.0057,38.6,28.76,-40.5,5,0.0,-35.5,1
2,5,143605,1.7803,39.6,28.76,-40.5,5,0.0,-35.5,1
2,5,144331,2.0733,39.6,28.76,-40.5,5,0.0,-35.5,1
2,5,145057,2.7719,39.6,28.76,-40.5,5,0.0,-35.5,1
2,5,145783,2.0508,39.6,28.76,-40.5,5,0.0,-35.5,1
2,5,146509,1.9832,39.6,28.76,-40.5,5,0.0,-35.5,1
2,5,147235,3.0198,39.6,28.76,-40.5,5,0.0,-35.5,1
2,5,147961,1.4874,39.6,28.76,-40.5,5,0.0,-35.5,1
2,5,148687,2.4564,39.6,28.76,-40.5,5,0.0,-35.5,1
2,5,149413,1.8029,39.6,28.76,-40.5,5,0.0,-35.5,1
2,5,150139,2.9072,38.6,28.76,-40.5,5,0.0,-35.5,1
2,5,150865,2.0282,38.6,28.75,-40.5,5,0.0,-35.5,1
2,5,151591,2.0733,38.6,28.76,-40.5,5,0.0,-35.5,1
2,5,152317,2.2536,38.6,28.75,-41.0,5,0.0,-35.5,1
2,5,153043,1.1719,38.6,28.76,-40.5,5,0.0,-35.5,1
2,5,153769,2.0508,38.6,28.76,-40.5,5,0.0,-35.5,1
2,5,154495,3.3353,39.6,28.76,-40.5,5,0.0,-35.5,1
2,5,155221,2.7945,38.6,28.76,-40.5,5,0.0,-35.5,1
2,5,155947,-16.6541,39.6,28.76,-40.5,5,0.0,-35.5,0
2,5,156673,1.2846,39.6,28.75,-40.5,5,0.0,-35.5,1
2,5,157399,1.8029,39.6,28.75,-41.0,5,0.0,-35.5,1
2,5,158125,2.6593,38.6,28.76,-40.5,5,0.0,-35.5,1
2,5,158851,2.1635,38.6,28.75,-40.5,5,0.0,-35.5,1
2,5,159577,3.1100,39.6,28.75,-40.5,5,0.0,-35.5,1
2,5,160303,2.2085,39.6,28.75,-40.5,5,0.0,-35.5,1
2,5,161029,1.4648,38.6,28.76,-41.0,5,0.0,-35.5,1
2,5,161755,3.1550,38.6,28.75,-40.5,5,0.0,-35.5,1
2,5,162481,2.7719,39.6,28.76,-40.5,5,0.0,-35.5,1
2,5,163207,3.0424,39.6,28.76,-40.5,5,0.0,-35.5,1
2,5,163933,3.0424,39.6,28.76,-40.5,5,0.0,-35.5,1
2,5,164659,2.5916,39.6,28.75,-40.5,5,0.0,-35.5,1
2,5,165385,3.0649,39.6,28.75,-40.5,5,0.0,-35.5,1
2,5,166111,0.7888,39.6,28.76,-40.5,5,0.0,-35.5,1
2,5,166837,1.9156,39.6,28.75,-41.0,5,0.0,-35.5,1
2,5,167563,2.1635,39.6,28.76,-40.5,5,0.0,-35.5,1
2,5,168289,1.2169,39.6,28.76,-41.0,5,0.0,-35.5,1
2,5,169015,1.9381,39.6,28.75,-40.5,5,0.0,-35.5,1
2,5,169741,2.3437,39.6,28.75,-40.5,5,0.0,-35.5,1
2,5,170467,1.0817,39.6,28.75,-40.5,5,0.0,-35.5,1
2,5,171193,1.6677,39.6,28.75,-40.5,5,0.0,-35.5,1
2,5,171919,1.6677,39.6,28.75,-40.5,5,0.0,-35.5,1
2,5,172645,1.2846,38.6,28.75,-40.5,5,0.0,-35.5,1
2,5,173371,1.6902,38.6,28.75,-40.5,5,0.0,-35.5,1
2,5,174097,2.6593,39.6,28.75,-40.5,5,0.0,-35.5,1
2,5,174823,3.1776,38.6,28.75,-40.5,5,0.0,-35.5,1
2,5,175549,2.9522,38.6,28.75,-41.0,5,0.0,-35.5,1
2,5,176275,2.7719,39.6,28.75,-40.5,5,0.0,-35.5,1
2,5,177001,1.3972,39.6,28.75,-40.5,5,0.0,-35.5,1
2,5,177727,2.2085,38.6,28.75,-40.5,5,0.0,-35.5,1
2,5,178453,3.2452,38.6,28.75,-40.5,5,0.0,-35.5,1
2,5,179179,2.5916,39.6,28.75,-40.5,5,0.0,-35.5,1
2,5,179905,2.5916,38.6,28.75,-40.5,5,0.0,-35.5,1
2,5,180631,1.7127,38.6,28.75,-40.5,5,0.0,-35.5,1
2,5,181357,0.9014,39.6,28.75,-40.5,5,0.0,-35.5,1
2,5,182083,2.6367,39.6,28.75,-40.5,5,0.0,-35.5,1
2,5,182809,2.8170,38.6,28.75,-40.5,5,0.0,-35.5,1
2,5,183535,2.6367,39.6,28.75,-40.5,5,0.0,-35.5,1
2,5,184261,2.2761,39.6,28.75,-40.5,5,0.0,-35.5,1
2,5,184987,2.4790,39.6,28.75,-40.5,5,0.0,-35.5,1
2,5,185713,2.2311,38.6,28.75,-40.5,5,0.0,-35.5,1
2,5,186439,1.1043,38.6,28.75,-40.5,5,0.0,-35.5,1
2,5,187165,3.0874,38.6,28.75,-41.0,5,0.0,-35.5,1
2,5,187891,3.0874,38.6,28.76,-41.0,5,0.0,-35.5,1
2,5,188617,2.7719,38.6,28.75,-40.5,5,0.0,-35.5,1
2,5,189343,2.6367,38.6,28.76,-40.5,5,0.0,-35.5,1
2,5,190069,1.0592,38.6,28.75,-40.5,5,0.0,-35.5,1
2,5,190795,2.2536,38.6,28.75,-40.5,5,0.0,-35.5,1
2,5,191521,2.1635,38.6,28.75,-40.5,5,0.0,-35.5,1
2,5,192247,3.2677,38.6,28.75,-40.5,5,0.0,-35.5,1
2,5,192973,2.5015,39.6,28.75,-40.5,5,0.0,-35.5,1
2,5,193699,1.8254,39.6,28.75,-40.5,5,0.0,-35.5,1
2,5,194425,1.2395,39.6,28.76,-41.0,5,0.0,-35.5,1
2,5,195151,1.5775,39.6,28.75,-41.0,5,0.0,-35.5,1
2,5,195877,1.5775,39.6,28.75,-41.0,5,0.0,-35.5,1
2,5,196603,1.4198,39.6,28.75,-41.0,5,0.0,-35.5,1
2,5,197329,1.5775,39.6,28.75,-40.5,5,0.0,-35.5,1
2,5,198055,1.5325,39.6,28.75,-40.5,5,0.0,-35.5,1
2,5,198781,1.7353,39.6,28.75,-41.0,5,0.0,-35.5,1
2,5,199507,2.0959,39.6,28.75,-40.5,5,0.0,-35.5,1
2,5,200233,2.6367,39.6,28.75,-40.5,5,0.0,-35.5,1
2,5,200959,1.4874,38.6,28.75,-40.5,5,0.0,-35.5,1
2,5,201685,2.5466,38.6,28.75,-40.5,5,0.0,-35.5,1
2,5,202411,2.5916,39.6,28.75,-40.5,5,0.0,-35.5,1
2,5,203137,2.1860,39.6,28.75,-40.5,5,0.0,-35.5,1
2,5,203863,1.7578,39.6,28.75,-40.5,5,0.0,-35.5,1
2,5,204589,3.4255,38.6,28.75,-40.5,5,0.0,-35.5,1
2,5,205315,3.1325,38.6,28.74,-40.5,5,0.0,-35.5,1
2,5,206041,1.1493,38.6,28.74,-41.0,5,0.0,-35.5,1
2,5,206767,2.8621,38.6,28.75,-40.5,5,0.0,-35.5,1
2,5,207493,2.4790,38.6,28.75,-41.0,5,0.0,-35.5,1
2,5,208219,2.2085,38.6,28.74,-40.5,5,0.0,-35.5,1
2,5,208945,2.4114,38.6,28.75,-40.5,5,0.0,-35.5,1
2,5,209671,4.0114,38.6,28.75,-40.5,5,0.0,-35.5,1
2,5,210397,2.2311,38.6,28.75,-40.5,5,0.0,-35.5,1
2,5,211123,0.9916,38.6,28.75,-40.5,5,0.0,-35.5,1
2,5,211849,2.6593,38.6,28.75,-40.5,5,0.0,-35.5,1
2,5,212575,1.7127,38.6,28.75,-40.5,5,0.0,-35.5,1
2,5,213301,2.1635,39.6,28.75,-40.5,5,0.0,-35.5,1
2,5,214027,2.0508,39.6,28.75,-40.5,5,0.0,-35.5,1
2,5,214753,2.8395,38.6,28.74,-40.5,5,0.0,-35.5,1
2,5,215479,2.6593,38.6,28.75,-40.5,5,0.0,-35.5,1
2,5,216205,2.4339,38.6,28.75,-40.5,5,0.0,-35.5,1
2,5,216931,1.1719,38.6,28.74,-41.0,5,0.0,-35.5,1
2,5,217657,1.1719,38.6,28.74,-41.0,5,0.0,-35.5,1
2,5,218383,2.0508,38.6,28.74,-41.0,5,0.0,-35.5,1
2,5,219109,3.6734,38.6,28.74,-41.0,5,0.0,-35.5,1
2,5,219835,2.8395,38.6,28.74,-40.5,5,0.0,-35.5,1
2,5,220561,2.3437,38.6,28.74,-40.5,5,0.0,-35.5,1
2,5,221287,2.9297,38.6,28.74,-40.5,5,0.0,-35.5,1
2,5,222013,2.4114,39.6,28.74,-40.5,5,0.0,-35.5,1
2,5,222739,1.8480,38.6,28.74,-40.5,5,0.0,-35.5,1
2,5,223465,2.0057,39.6,28.75,-40.5,5,0.0,-35.5,1
2,5,224191,1.3972,39.6,28.75,-40.5,5,0.0,-35.5,1
2,5,224917,1.5550,38.6,28.75,-40.5,5,0.0,-35.5,1
2,5,225643,1.5550,39.6,28.75,-40.5,5,0.0,-35.5,1
2,5,226369,1.9381,39.6,28.74,-40.5,5,0.0,-35.5,1
2,5,227095,2.8621,39.6,28.75,-40.5,5,0.0,-35.5,1
2,5,227821,2.6142,39.6,28.75,-40.5,5,0.0,-35.5,1
2,5,228547,3.4480,39.6,28.74,-40.5,5,0.0,-35.5,1
2,5,229273,1.8029,39.6,28.74,-41.0,5,0.0,-35.5,1
2,5,229999,1.6902,39.6,28.74,-40.5,5,0.0,-35.5,1
2,5,230725,2.1635,39.6,28.74,-40.5,5,0.0,-35.5,1
2,5,231451,1.8705,39.6,28.74,-41.0,5,0.0,-35.5,1
2,5,232177,1.9156,39.6,28.74,-40.5,5,0.0,-35.5,1
2,5,232903,2.5015,39.6,28.74,-40.5,5,0.0,-35.5,1
2,5,233629,2.5015,39.6,28.74,-40.5,5,0.0,-35.5,1
2,5,234355,0.6535,39.6,28.74,-40.5,5,0.0,-35.5,1
2,5,235081,0.8338,39.6,28.74,-40.5,5,0.0,-35.5,1
2,5,235807,3.0874,38.6,28.74,-40.5,5,0.0,-35.5,1
2,5,236533,2.2085,39.6,28.73,-40.5,5,0.0,-35.5,1
2,5,237259,1.7803,39.6,28.74,-40.5,5,0.0,-35.5,1
2,5,237985,2.2085,39.6,28.73,-40.5,5,0.0,-35.5,1
2,5,238711,1.4198,39.6,28.74,-40.5,5,0.0,-35.5,1
2,5,239437,2.2085,39.6,28.74,-40.5,5,0.0,-35.5,1
2,5,240163,1.0367,39.6,28.73,-40.5,5,0.0,-35.5,1
2,5,240889,2.5240,38.6,28.74,-40.5,5,0.0,-35.5,1
2,5,241615,2.5240,39.6,28.74,-40.5,5,0.0,-35.5,1
2,5,242341,2.0057,39.6,28.74,-40.5,5,0.0,-35.5,1
2,5,243067,2.2536,39.6,28.74,-40.5,5,0.0,-35.5,1
2,5,243793,2.5466,39.6,28.74,-40.5,5,0.0,-35.5,1
2,5,244519,1.9606,39.6,28.74,-40.5,5,0.0,-35.5,1
2,5,245245,1.3296,39.6,28.74,-40.5,5,0.0,-35.5,1
2,5,245971,0.8113,39.6,28.74,-40.5,5,0.0,-35.5,1
2,5,246697,2.1409,39.6,28.74,-40.5,5,0.0,-35.5,1
2,5,247423,3.2001,39.6,28.74,-40.5,5,0.0,-35.5,1
2,5,248149,2.0057,39.6,28.74,-40.5,5,0.0,-35.5,1
2,5,248875,3.6283,39.6,28.74,-40.5,5,0.0,-35.5,1
2,5,249601,3.6283,38.6,28.73,-40.5,5,0.0,-35.5,1
2,5,250327,1.7127,38.6,28.73,-40.5,5,0.0,-35.5,1
2,5,251053,1.3296,39.6,28.74,-40.5,5,0.0,-35.5,1
2,5,251779,1.3747,39.6,28.73,-40.5,5,0.0,-35.5,1
2,5,252505,2.7494,38.6,28.74,-40.5,5,0.0,-35.5,1
2,5,253231,3.0874,38.6,28.74,-40.5,5,0.0,-35.5,1
2,5,253957,1.4423,38.6,28.74,-40.5,5,0.0,-35.5,1
2,5,254683,0.6535,39.6,28.73,-40.5,5,0.0,-35.5,1
2,5,255409,2.0508,39.6,28.73,-41.0,5,0.0,-35.5,1
2,5,256135,2.4114,39.6,28.74,-40.5,5,0.0,-35.5,1
2,5,256861,1.9381,39.6,28.74,-40.5,5,0.0,-35.5,1
2,5,257587,2.4339,39.6,28.74,-40.5,5,0.0,-35.5,1
2,5,258313,1.4874,39.6,28.74,-40.5,5,0.0,-35.5,1
2,5,259039,2.7043,39.6,28.73,-40.5,5,0.0,-35.5,1
2,5,259765,1.8705,38.6,28.74,-40.5,5,0.0,-35.5,1
2,5,260491,2.5240,39.6,28.74,-40.5,5,0.0,-35.5,1
2,5,261217,1.4198,38.6,28.74,-41.0,5,0.0,-35.5,1
2,5,261943,2.7494,38.6,28.73,-41.0,5,0.0,-35.5,1
2,5,262669,1.6677,39.6,28.73,-40.5,5,0.0,-35.5,1
2,5,263395,1.5550,39.6,28.74,-40.5,5,0.0,-35.5,1
2,5,264121,3.0424,38.6,28.74,-40.5,5,0.0,-35.5,1
2,5,264847,1.2395,38.6,28.73,-40.5,5,0.0,-35.5,1
2,5,265573,1.5099,39.6,28.73,-40.5,5,0.0,-35.5,1
2,5,266299,2.1184,39.6,28.73,-40.5,5,0.0,-35.5,1
2,5,267025,1.8705,39.6,28.73,-40.5,5,0.0,-35.5,1
2,5,267751,1.7578,39.6,28.73,-40.5,5,0.0,-35.5,1
2,5,268477,1.5550,38.6,28.73,-40.5,5,0.0,-35.5,1
2,5,269203,2.6367,38.6,28.73,-40.5,5,0.0,-35.5,1
2,5,269929,1.6226,39.6,28.73,-40.5,5,0.0,-35.5,1
2,5,270655,3.3128,38.6,28.73,-40.5,5,0.0,-35.5,1
2,5,271381,3.3128,38.6,28.73,-40.5,5,0.0,-35.5,1
2,5,272107,2.9297,38.6,28.73,-41.0,5,0.0,-35.5,1
2,5,272833,1.6677,39.6,28.73,-40.5,5,0.0,-35.5,1
2,5,273559,2.6593,38.6,28.73,-40.5,5,0.0,-35.5,1
2,5,274285,1.6902,39.6,28.73,-41.0,5,0.0,-35.5,1
2,5,275011,2.2311,38.6,28.73,-41.0,5,0.0,-35.5,1
2,5,275737,2.7945,39.6,28.73,-40.5,5,0.0,-35.5,1
2,5,276463,2.1635,39.6,28.73,-40.5,5,0.0,-35.5,1
2,5,277189,2.6818,39.6,28.73,-40.5,5,0.0,-35.5,1
2,5,277915,2.5015,39.6,28.73,-40.5,5,0.0,-35.5,1
2,5,278641,2.5916,38.6,28.73,-41.0,5,0.0,-35.5,1
2,5,279367,2.5916,38.6,28.73,-41.0,5,0.0,-35.5,1
2,5,280093,1.2620,38.6,28.73,-40.5,5,0.0,-35.5,1
2,5,280819,0.8564,39.6,28.73,-40.5,5,0.0,-35.5,1
2,5,281545,3.3353,38.6,28.73,-40.5,5,0.0,-35.5,1
2,5,282271,1.7353,38.6,28.73,-40.5,5,0.0,-35.5,1
2,5,282997,1.3296,39.6,28.73,-40.5,5,0.0,-35.5,1
2,5,283723,1.3522,38.6,28.73,-40.5,5,0.0,-35.5,1
2,5,284449,2.2311,39.6,28.73,-40.5,5,0.0,-35.5,1
2,5,285175,3.6508,38.6,28.73,-40.5,5,0.0,-35.5,1
2,5,285901,3.8086,39.6,28.73,-40.5,5,0.0,-35.5,1
2,5,286627,3.3804,39.6,28.73,-40.5,5,0.0,-35.5,1
2,5,287353,3.3804,39.6,28.73,-40.5,5,0.0,-35.5,1
2,5,288079,1.3747,38.6,28.73,-40.5,5,0.0,-35.5,1
2,5,288805,1.8480,39.6,28.73,-40.5,5,0.0,-35.5,1
2,5,289531,3.0424,39.6,28.73,-40.5,5,0.0,-35.5,1
2,5,290257,3.1776,38.6,28.73,-40.5,5,0.0,-35.5,1
2,5,290983,1.0367,38.6,28.73,-40.5,5,0.0,-35.5,1
2,5,291709,2.0508,39.6,28.73,-40.5,5,0.0,-35.5,1
2,5,292435,3.6734,39.6,28.73,-40.5,5,0.0,-35.5,1
2,5,293161,2.4339,39.6,28.73,-40.5,5,0.0,-35.5,1
2,5,293887,1.9606,39.6,28.73,-40.5,5,0.0,-35.5,1
2,5,294613,2.5015,39.6,28.72,-40.5,5,0.0,-35.5,1
2,5,295339,2.5015,39.6,28.73,-40.5,5,0.0,-35.5,1
2,5,296065,2.2085,39.6,28.73,-40.5,5,0.0,-35.5,1
2,5,296791,2.0057,38.6,28.72,-40.5,5,0.0,-35.5,1
2,5,297517,2.3212,39.6,28.73,-40.5,5,0.0,-35.5,1
2,5,298243,1.6677,39.6,28.72,-40.5,5,0.0,-35.5,1
2,5,298969,1.9606,39.6,28.72,-40.5,5,0.0,-35.5,1
2,5,299695,1.6226,39.6,28.72,-40.5,5,0.0,-35.5,1
2,5,300421,1.6677,39.6,28.72,-41.0,5,0.0,-35.5,1
2,5,301147,1.7127,39.6,28.72,-41.0,5,0.0,-35.5,1
2,5,301873,2.8846,39.6,28.72,-40.5,5,0.0,-35.5,1
2,5,302599,2.8621,39.6,28.72,-41.0,5,0.0,-35.5,1
2,5,303325,2.8621,39.6,28.72,-41.0,5,0.0,-35.5,1
2,5,304051,1.3972,39.6,28.73,-41.0,5,0.0,-35.5,1
2,5,304777,1.9381,39.6,28.72,-40.5,5,0.0,-35.5,1
2,5,305503,1.2169,39.6,28.72,-40.5,5,0.0,-35.5,1
2,5,306229,2.1860,39.6,28.72,-41.0,5,0.0,-35.5,1
2,5,306955,2.5015,39.6,28.72,-40.5,5,0.0,-35.5,1
2,5,307681,1.1944,38.6,28.72,-40.5,5,0.0,-35.5,1
2,5,308407,1.2846,38.6,28.72,-40.5,5,0.0,-35.5,1
2,5,309133,2.3437,38.6,28.73,-40.5,5,0.0,-35.5,1
2,5,309859,3.1776,38.6,28.72,-40.5,5,0.0,-35.5,1
2,5,310585,2.2987,39.6,28.72,-40.5,5,0.0,-35.5,1
2,5,311311,1.0141,38.6,28.72,-40.5,5,0.0,-35.5,1
2,5,312037,1.0592,38.6,28.72,-40.5,5,0.0,-35.5,1
2,5,312763,1.9381,38.6,28.72,-41.0,5,0.0,-35.5,1
2,5,313489,1.7803,38.6,28.72,-40.5,5,0.0,-35.5,1
2,5,314215,1.6001,38.6,28.72,-40.5,5,0.0,-35.5,1
2,5,314941,4.4847,38.6,28.72,-40.5,5,0.0,-35.5,1
2,5,315667,1.0367,39.6,28.72,-40.5,5,0.0,-35.5,1
2,5,316393,2.5240,39.6,28.72,-40.5,5,0.0,-35.5,1
2,5,317119,3.0874,39.6,28.72,-40.5,5,0.0,-35.5,1
2,5,317845,2.2311,38.6,28.72,-40.5,5,0.0,-35.5,1
2,5,318571,2.0057,39.6,28.72,-40.5,5,0.0,-35.5,1
2,5,319297,2.4339,39.6,28.72,-40.5,5,0.0,-35.5,1
2,5,320023,2.8846,38.6,28.72,-40.5,5,0.0,-35.5,1
2,5,320749,3.7635,38.6,28.72,-40.5,5,0.0,-35.5,1
2,5,321475,1.6902,39.6,28.72,-40.5,5,0.0,-35.5,1
2,5,322201,0.7437,38.6,28.72,-41.0,5,0.0,-35.5,1
2,5,322927,1.4874,38.6,28.72,-40.5,5,0.0,-35.5,1
2,5,323653,2.2536,38.6,28.72,-40.5,5,0.0,-35.5,1
2,5,324379,2.5916,38.6,28.73,-40.5,5,0.0,-35.5,1
2,5,325105,2.5916,39.6,28.72,-40.5,5,0.0,-35.5,1
2,5,325831,1.9381,38.6,28.72,-40.0,5,0.0,-35.5,1
2,5,326557,2.7269,39.6,28.72,-41.0,5,0.0,-35.5,1
2,5,327283,2.6818,38.6,28.72,-40.5,5,0.0,-35.5,1
2,5,328009,1.0141,38.6,28.72,-40.5,5,0.0,-35.5,1
2,5,328735,2.4790,38.6,28.72,-40.5,5,0.0,-35.5,1
2,5,329461,3.7635,38.6,28.72,-40.5,5,0.0,-35.5,1
2,5,330187,1.3747,38.6,28.72,-40.5,5,0.0,-35.5,1
2,5,330913,1.4423,38.6,28.72,-40.5,5,0.0,-35.5,1
2,5,331639,2.7719,38.6,28.72,-40.5,5,0.0,-35.5,1
2,5,332365,2.4114,38.6,28.72,-40.5,5,0.0,-35.5,1
2,5,333091,2.4114,38.6,28.72,-40.5,5,0.0,-35.5,1
2,5,333817,1.9832,38.6,28.72,-40.5,5,0.0,-35.5,1
2,5,334543,1.1719,39.6,28.71,-40.5,5,0.0,-35.5,1
2,5,335269,2.3437,38.6,28.72,-41.0,5,0.0,-35.5,1
2,5,335995,1.0141,39.6,28.72,-40.5,5,0.0,-35.5,1
2,5,336721,1.5775,38.6,28.72,-41.0,5,0.0,-35.5,1
2,5,337447,1.9606,38.6,28.72,-40.5,5,0.0,-35.5,1
2,5,338173,2.3437,38.6,28.72,-40.5,5,0.0,-35.5,1
2,5,338899,1.9156,39.6,28.72,-40.5,5,0.0,-35.5,1
2,5,339625,1.8480,39.6,28.72,-40.5,5,0.0,-35.5,1
2,5,340351,1.3972,39.6,28.72,-40.5,5,0.0,-35.5,1
2,5,341077,1.3972,39.6,28.72,-40.5,5,0.0,-35.5,1
2,5,341803,1.9606,39.6,28.72,-40.5,5,0.0,-35.5,1
2,5,342529,2.0959,39.6,28.72,-41.0,5,0.0,-35.5,1
2,5,343255,1.7127,39.6,28.72,-40.5,5,0.0,-35.5,1
2,5,343981,2.1184,39.6,28.72,-40.5,5,0.0,-35.5,1
2,5,344707,0.9691,39.6,28.72,-40.5,5,0.0,-35.5,1
2,5,345433,2.0733,39.6,28.71,-40.5,5,0.0,-35.5,1
2,5,346159,2.4114,39.6,28.72,-40.5,5,0.0,-35.5,1
2,5,346885,2.8170,38.6,28.72,-40.5,5,0.0,-35.5,1
2,5,347611,2.2085,39.6,28.71,-40.5,5,0.0,-35.5,1
2,5,348337,1.9156,38.6,28.71,-41.0,5,0.0,-35.5,1
2,5,349063,1.9156,38.6,28.71,-41.0,5,0.0,-35.5,1
2,5,349789,1.3972,39.6,28.71,-40.5,5,0.0,-35.5,1
2,5,350515,2.4564,39.6,28.72,-40.5,5,0.0,-35.5,1
2,5,351241,2.1409,39.6,28.72,-40.5,5,0.0,-35.5,1
2,5,351967,1.5325,39.6,28.72,-40.5,5,0.0,-35.5,1
2,5,352693,1.6226,38.6,28.72,-41.0,5,0.0,-35.5,1
2,5,353419,2.1635,38.6,28.71,-40.5,5,0.0,-35.5,1
2,5,354145,2.2311,39.6,28.72,-40.5,5,0.0,-35.5,1
2,5,354871,2.1409,39.6,28.72,-40.5,5,0.0,-35.5,1
2,5,355597,2.3212,39.6,28.71,-40.5,5,0.0,-35.5,1
2,5,356323,2.9297,39.6,28.71,-40.5,5,0.0,-35.5,1
2,5,357049,2.9297,39.6,28.72,-40.5,5,0.0,-35.5,1
2,5,357775,2.4564,39.6,28.71,-40.5,5,0.0,-35.5,1
2,5,358501,1.9832,39.6,28.72,-41.0,5,0.0,-35.5,1
2,5,359227,3.2677,39.6,28.71,-40.5,5,0.0,-35.5,1
2,5,359953,3.1550,39.6,28.71,-40.5,5,0.0,-35.5,1
2,5,360679,2.0282,39.6,28.71,-41.0,5,0.0,-35.5,1
2,5,361405,2.2085,38.6,28.72,-40.5,5,0.0,-35.5,1
2,5,362131,1.1493,38.6,28.71,-40.5,5,0.0,-35.5,1
2,5,362857,2.5015,38.6,28.71,-40.5,5,0.0,-35.5,1
2,5,363583,1.7127,38.6,28.72,-40.5,5,0.0,-35.5,1
2,5,364309,1.1493,39.6,28.72,-40.5,5,0.0,-35.5,1
2,5,365035,3.2677,39.6,28.72,-40.5,5,0.0,-35.5,1
2,5,365761,2.5015,39.6,28.72,-40.5,5,0.0,-35.5,1
2,5,366488,2.6593,39.6,28.72,-40.5,5,0.0,-35.5,1
2,5,367214,2.4114,39.6,28.72,-40.5,5,0.0,-35.5,1
2,5,367940,2.5015,39.6,28.71,-40.5,5,0.0,-35.5,1
2,5,368666,2.5015,38.6,28.72,-40.5,5,0.0,-35.5,1
2,6,6391,1.1944,38.6,28.72,-41.0,6,0.0,-35.5,1
2,6,7117,1.6451,38.6,28.72,-41.0,6,0.0,-35.5,1
2,6,7843,2.6593,38.6,28.71,-41.0,6,0.0,-35.5,1
2,6,8569,2.4564,38.6,28.71,-41.0,6,0.0,-35.5,1
2,6,9295,1.9606,38.6,28.71,-41.0,6,0.0,-35.5,1
2,6,10021,1.7578,38.6,28.72,-41.0,6,0.0,-35.5,1
2,6,10747,1.7578,38.6,28.71,-41.0,6,0.0,-35.5,1
2,6,11473,2.3663,38.6,28.72,-41.0,6,0.0,-35.5,1
2,6,12199,2.4564,38.6,28.72,-41.0,6,0.0,-35.5,1
2,6,12925,2.0282,38.6,28.72,-41.0,6,0.0,-35.5,1
2,6,13651,2.7945,38.6,28.72,-41.0,6,0.0,-35.5,1
2,6,14377,2.6142,38.6,28.72,-41.0,6,0.0,-35.5,1
2,6,15103,2.3212,38.6,28.72,-41.0,6,0.0,-35.5,1
2,6,15829,1.7578,38.6,28.72,-41.0,6,0.0,-35.5,1
2,6,16555,2.4339,38.6,28.73,-41.0,6,0.0,-35.5,1
2,6,17281,2.4790,39.6,28.72,-41.0,6,0.0,-35.5,1
2,6,18007,2.5466,38.6,28.72,-41.0,6,0.0,-35.5,1
2,6,18733,2.5466,39.6,28.72,-41.0,6,0.0,-35.5,1
2,6,19459,2.6142,39.6,28.72,-41.0,6,0.0,-35.5,1
2,6,20185,1.7803,39.6,28.72,-41.0,6,0.0,-35.5,1
2,6,20911,2.4564,39.6,28.72,-41.0,6,0.0,-35.5,1
2,6,21637,1.9156,38.6,28.72,-41.0,6,0.0,-35.5,1
2,6,22363,2.3437,38.6,28.73,-41.0,6,0.0,-35.5,1
2,6,23089,1.8930,38.6,28.73,-41.0,6,0.0,-35.5,1
2,6,23815,2.8621,39.6,28.73,-41.0,6,0.0,-35.5,1
2,6,24541,2.7719,38.6,28.73,-41.0,6,0.0,-35.5,1
2,6,25267,1.8029,38.6,28.73,-41.0,6,0.0,-35.5,1
2,6,25993,1.1268,38.6,28.73,-41.0,6,0.0,-35.5,1
2,6,26719,1.1268,38.6,28.73,-41.0,6,0.0,-35.5,1
2,6,27445,1.5099,38.6,28.73,-41.0,6,0.0,-35.5,1
2,6,28171,2.0057,38.6,28.73,-41.0,6,0.0,-35.5,1
2,6,28897,1.7353,38.6,28.73,-41.0,6,0.0,-35.5,1
2,6,29623,3.5832,38.6,28.73,-41.0,6,0.0,-35.5,1
2,6,30349,2.1635,39.6,28.73,-41.0,6,0.0,-35.5,1
2,6,31075,2.5240,38.6,28.73,-41.0,6,0.0,-35.5,1
2,6,31801,1.9156,38.6,28.73,-41.0,6,0.0,-35.5,1
2,6,32527,2.7043,39.6,28.73,-41.0,6,0.0,-35.5,1
2,6,33253,1.4874,39.6,28.73,-41.0,6,0.0,-35.5,1
2,6,33979,3.1776,39.6,28.73,-41.0,6,0.0,-35.5,1
2,6,34705,3.1776,38.6,28.73,-41.0,6,0.0,-35.5,1
2,6,35431,2.7269,38.6,28.74,-41.0,6,0.0,-35.5,1
2,6,36157,1.3522,39.6,28.73,-41.0,6,0.0,-35.5,1
2,6,36883,2.9297,39.6,28.74,-41.0,6,0.0,-35.5,1
2,6,37609,2.9072,39.6,28.74,-41.0,6,0.0,-35.5,1
2,6,38335,2.7945,38.6,28.73,-41.0,6,0.0,-35.5,1
2,6,39061,2.2085,38.6,28.74,-41.0,6,0.0,-35.5,1
2,6,39787,2.7043,38.6,28.74,-41.0,6,0.0,-35.5,1
2,6,40513,1.9156,38.6,28.74,-41.0,6,0.0,-35.5,1
2,6,41239,2.5015,38.6,28.74,-41.0,6,0.0,-35.5,1
2,6,41965,2.2761,38.6,28.74,-41.0,6,0.0,-35.5,1
2,6,42691,2.2761,39.6,28.73,-41.0,6,0.0,-35.5,1
2,6,43417,1.4874,38.6,28.74,-41.0,6,0.0,-35.5,1
2,6,44143,2.1635,39.6,28.74,-41.0,6,0.0,-35.5,1
2,6,44869,2.0508,38.6,28.74,-41.0,6,0.0,-35.5,1
2,6,45595,1.4874,38.6,28.74,-41.0,6,0.0,-35.5,1
2,6,46321,3.0874,38.6,28.73,-41.0,6,0.0,-35.5,1
2,6,47047,2.3888,38.6,28.74,-41.0,6,0.0,-35.5,1
2,6,47773,2.2761,38.6,28.73,-41.0,6,0.0,-35.5,1
2,6,48499,2.4339,38.6,28.74,-41.0,6,0.0,-35.5,1
2,6,49225,1.6451,38.6,28.74,-41.0,6,0.0,-35.5,1
2,6,49951,3.2452,38.6,28.74,-41.0,6,0.0,-35.5,1
2,6,50677,2.2311,38.6,28.74,-41.0,6,0.0,-35.5,1
2,6,51403,1.5550,38.6,28.74,-41.0,6,0.0,-35.5,1
2,6,52129,3.0424,38.6,28.74,-41.0,6,0.0,-35.5,1
2,6,52855,3.1550,38.6,28.74,-41.0,6,0.0,-35.5,1
2,6,53581,1.9606,38.6,28.74,-41.0,6,0.0,-35.5,1
2,6,54307,2.8395,38.6,28.74,-41.0,6,0.0,-35.5,1
2,6,55033,2.0057,39.6,28.74,-41.0,6,0.0,-35.5,1
2,6,55759,1.6902,39.6,28.74,-41.0,6,0.0,-35.5,1
2,6,56485,0.8564,39.6,28.74,-41.0,6,0.0,-35.5,1
2,6,57211,1.8930,38.6,28.74,-41.0,6,0.0,-35.5,1
2,6,57937,2.4114,38.6,28.74,-41.0,6,0.0,-35.5,1
2,6,58663,2.1409,38.6,28.74,-41.0,6,0.0,-35.5,1
2,6,59389,2.3437,38.6,28.74,-41.0,6,0.0,-35.5,1
2,6,60115,1.4198,38.6,28.74,-41.0,6,0.0,-35.5,1
2,6,60841,2.2311,39.6,28.74,-41.0,6,0.0,-35.5,1
2,6,61567,2.1409,38.6,28.74,-41.0,6,0.0,-35.5,1
2,6,62293,3.2677,38.6,28.74,-41.0,6,0.0,-35.5,1
2,6,63019,1.6677,38.6,28.74,-41.0,6,0.0,-35.5,1
2,6,63745,1.8480,38.6,28.74,-41.0,6,0.0,-35.5,1
2,6,64471,1.8480,38.6,28.74,-41.0,6,0.0,-35.5,1
2,6,65197,1.6451,38.6,28.74,-41.0,6,0.0,-35.5,1
2,6,65923,1.4648,38.6,28.74,-41.0,6,0.0,-35.5,1
2,6,66649,1.9156,38.6,28.74,-41.0,6,0.0,-35.5,1
2,6,67375,2.7043,38.6,28.74,-41.0,6,0.0,-35.5,1
2,6,68101,1.9156,39.6,28.74,-41.0,6,0.0,-35.5,1
2,6,68827,2.9748,39.6,28.74,-41.0,6,0.0,-35.5,1
2,6,69553,2.1184,38.6,28.74,-41.0,6,0.0,-35.5,1
2,6,70279,2.2987,38.6,28.74,-41.0,6,0.0,-35.5,1
2,6,71005,2.5916,38.6,28.74,-41.0,6,0.0,-35.5,1
2,6,71731,1.6902,38.6,28.74,-41.0,6,0.0,-35.5,1
2,6,72457,1.6902,38.6,28.74,-41.0,6,0.0,-35.5,1
2,6,73183,2.2085,39.6,28.74,-41.0,6,0.0,-35.5,1
2,6,73909,1.8930,38.6,28.74,-41.0,6,0.0,-35.5,1
2,6,74635,1.5325,38.6,28.74,-41.0,6,0.0,-35.5,1
2,6,75361,3.2677,39.6,28.74,-41.0,6,0.0,-35.5,1
2,6,76087,0.9240,39.6,28.75,-41.0,6,0.0,-35.5,1
2,6,76813,3.0874,39.6,28.74,-41.0,6,0.0,-35.5,1
2,6,77539,2.7043,39.6,28.74,-41.0,6,0.0,-35.5,1
2,6,78265,2.6142,38.6,28.74,-41.0,6,0.0,-35.5,1
2,6,78991,1.7578,39.6,28.74,-41.0,6,0.0,-35.5,1
2,6,79717,2.3663,39.6,28.74,-41.0,6,0.0,-35.5,1
2,6,80443,2.3663,39.6,28.75,-41.0,6,0.0,-35.5,1
2,6,81169,2.1860,39.6,28.74,-41.0,6,0.0,-35.5,1
2,6,81895,1.9606,38.6,28.74,-41.0,6,0.0,-35.5,1
2,6,82621,2.4339,38.6,28.74,-41.0,6,0.0,-35.5,1
2,6,83347,3.1550,39.6,28.74,-41.0,6,0.0,-35.5,1
2,6,84073,2.2987,38.6,28.74,-41.0,6,0.0,-35.5,1
2,6,84799,1.9832,39.6,28.74,-41.0,6,0.0,-35.5,1
2,6,85525,2.0508,39.6,28.74,-41.0,6,0.0,-35.5,1
2,6,86251,2.1635,39.6,28.74,-41.0,6,0.0,-35.5,1
2,6,86977,3.0874,38.6,28.74,-41.0,6,0.0,-35.5,1
2,6,87703,1.6677,39.6,28.74,-41.0,6,0.0,-35.5,1
2,6,88429,1.6677,39.6,28.74,-41.0,6,0.0,-35.5,1
2,6,89155,3.2001,38.6,28.74,-41.0,6,0.0,-35.5,1
2,6,89881,2.3888,38.6,28.74,-41.0,6,0.0,-35.5,1
2,6,90607,2.3663,38.6,28.74,-41.0,6,0.0,-35.5,1
2,6,91333,2.2311,38.6,28.74,-41.0,6,0.0,-35.5,1
2,6,92059,3.0874,38.6,28.74,-41.0,6,0.0,-35.5,1
2,6,92785,2.3212,39.6,28.74,-41.0,6,0.0,-35.5,1
2,6,93511,1.8480,38.6,28.75,-41.0,6,0.0,-35.5,1
2,6,94237,1.6677,39.6,28.75,-41.0,6,0.0,-35.5,1
2,6,94963,1.7578,39.6,28.74,-41.0,6,0.0,-35.5,1
2,6,95689,2.3212,39.6,28.74,-41.0,6,0.0,-35.5,1
2,6,96415,2.3212,39.6,28.74,-41.0,6,0.0,-35.5,1
2,6,97141,2.0057,38.6,28.74,-41.0,6,0.0,-35.5,1
2,6,97867,2.3888,38.6,28.75,-41.0,6,0.0,-35.5,1
2,6,98593,2.5691,38.6,28.74,-41.0,6,0.0,-35.5,1
2,6,99319,2.4564,38.6,28.75,-41.0,6,0.0,-35.5,1
2,6,100045,2.4790,38.6,28.74,-41.0,6,0.0,-35.5,1
2,6,100771,2.5240,38.6,28.74,-41.0,6,0.0,-35.5,1
2,6,101497,1.4648,39.6,28.75,-41.0,6,0.0,-35.5,1
2,6,102223,2.3437,39.6,28.75,-41.0,6,0.0,-35.5,1
2,6,102949,2.5916,39.6,28.74,-41.0,6,0.0,-35.5,1
2,6,103675,2.0057,39.6,28.74,-41.0,6,0.0,-35.5,1
2,6,104401,2.6367,39.6,28.74,-41.0,6,0.0,-35.5,1
2,6,105127,2.6593,39.6,28.74,-41.0,6,0.0,-35.5,1
2,6,105853,3.6058,39.6,28.74,-41.0,6,0.0,-35.5,1
2,6,106579,1.8029,39.6,28.74,-41.0,6,0.0,-35.5,1
2,6,107305,2.0959,39.6,28.74,-41.0,6,0.0,-35.5,1
2,6,108031,2.7043,39.6,28.74,-41.0,6,0.0,-35.5,1
2,6,108757,1.9156,38.6,28.74,-41.0,6,0.0,-35.5,1
2,6,109483,2.2761,39.6,28.74,-41.0,6,0.0,-35.5,1
2,6,110209,2.3437,39.6,28.74,-41.0,6,0.0,-35.5,1
2,6,110935,0.8564,39.6,28.74,-41.0,6,0.0,-35.5,1
2,6,111661,2.9297,38.6,28.74,-41.0,6,0.0,-35.5,1
2,6,112387,1.6902,38.6,28.74,-41.0,6,0.0,-35.5,1
2,6,113113,2.3663,38.6,28.74,-41.0,6,0.0,-35.5,1
2,6,113839,2.9297,39.6,28.74,-41.0,6,0.0,-35.5,1
2,6,114565,2.5466,38.6,28.74,-41.0,6,0.0,-35.5,1
2,6,115291,2.1409,38.6,28.74,-41.0,6,0.0,-35.5,1
2,6,116017,2.4339,39.6,28.74,-41.0,6,0.0,-35.5,1
2,6,116743,2.3437,39.6,28.74,-41.0,6,0.0,-35.5,1
2,6,117469,2.2987,39.6,28.74,-41.0,6,0.0,-35.5,1
2,6,118195,2.2987,39.6,28.74,-41.0,6,0.0,-35.5,1
2,6,118921,3.4480,38.6,28.74,-41.0,6,0.0,-35.5,1
2,6,119647,3.0424,38.6,28.74,-41.0,6,0.0,-35.5,1
2,6,120373,1.6677,39.6,28.74,-41.0,6,0.0,-35.5,1
2,6,121099,2.4790,38.6,28.74,-41.0,6,0.0,-35.5,1
2,6,121825,3.5832,38.6,28.74,-41.0,6,0.0,-35.5,1
2,6,122551,3.2903,39.6,28.74,-41.0,6,0.0,-35.5,1
2,6,123277,1.3296,39.6,28.74,-41.0,6,0.0,-35.5,1
2,6,124003,2.8170,39.6,28.74,-41.0,6,0.0,-35.5,1
2,6,124729,2.8846,38.6,28.74,-41.0,6,0.0,-35.5,1
2,6,125455,2.6142,38.6,28.74,-41.0,6,0.0,-35.5,1
2,6,126181,2.6142,39.6,28.74,-41.0,6,0.0,-35.5,1
2,6,126907,2.0057,39.6,28.74,-41.0,6,0.0,-35.5,1
2,6,127633,2.2536,39.6,28.74,-41.0,6,0.0,-35.5,1
2,6,128359,2.5691,38.6,28.74,-41.0,6,0.0,-35.5,1
2,6,129085,1.5775,38.6,28.74,-41.0,6,0.0,-35.5,1
2,6,129811,1.4423,39.6,28.74,-41.0,6,0.0,-35.5,1
2,6,130537,1.6451,39.6,28.74,-41.0,6,0.0,-35.5,1
2,6,131263,2.0959,39.6,28.74,-41.0,6,0.0,-35.5,1
2,6,131989,1.9832,39.6,28.73,-41.0,6,0.0,-35.5,1
2,6,132715,2.7719,38.6,28.74,-41.0,6,0.0,-35.5,1
2,6,133441,2.8621,39.6,28.74,-41.0,6,0.0,-35.5,1
2,6,134167,2.8621,39.6,28.74,-41.0,6,0.0,-35.5,1
2,6,134893,2.5466,39.6,28.73,-41.0,6,0.0,-35.5,1
2,6,135619,2.0282,39.6,28.73,-41.0,6,0.0,-35.5,1
2,6,136345,1.9156,39.6,28.74,-41.0,6,0.0,-35.5,1
2,6,137071,3.0874,38.6,28.74,-41.0,6,0.0,-35.5,1
2,6,137797,2.3888,38.6,28.73,-41.0,6,0.0,-35.5,1
2,6,138523,2.2536,38.6,28.74,-41.0,6,0.0,-35.5,1
2,6,139249,1.4874,39.6,28.73,-41.0,6,0.0,-35.5,1
2,6,139975,2.5015,39.6,28.73,-41.0,6,0.0,-35.5,1
2,6,140701,2.0508,39.6,28.74,-41.0,6,0.0,-35.5,1
2,6,141427,2.5240,39.6,28.73,-41.0,6,0.0,-35.5,1
2,6,142153,2.5240,39.6,28.73,-41.0,6,0.0,-35.5,1
2,6,142879,2.1409,39.6,28.74,-41.0,6,0.0,-35.5,1
2,6,143605,2.2085,39.6,28.74,-41.0,6,0.0,-35.5,1
2,6,144331,2.5015,39.6,28.73,-41.0,6,0.0,-35.5,1
2,6,145057,3.5832,39.6,28.73,-41.0,6,0.0,-35.5,1
2,6,145783,3.1550,39.6,28.73,-41.0,6,0.0,-35.5,1
2,6,146509,1.9156,38.6,28.73,-41.0,6,0.0,-35.5,1
2,6,147235,2.9522,38.6,28.74,-41.0,6,0.0,-35.5,1
2,6,147961,1.6902,38.6,28.73,-41.0,6,0.0,-35.5,1
2,6,148687,2.0959,39.6,28.73,-41.0,6,0.0,-35.5,1
2,6,149413,2.0959,39.6,28.73,-41.0,6,0.0,-35.5,1
2,6,150139,2.0959,39.6,28.73,-41.0,6,0.0,-35.5,1
2,6,150865,2.2761,40.6,28.73,-41.0,6,0.0,-35.5,1
2,6,151591,2.0508,39.6,28.73,-41.0,6,0.0,-35.5,1
2,6,152317,3.0649,39.6,28.73,-41.0,6,0.0,-35.5,1
2,6,153043,3.1776,39.6,28.73,-41.0,6,0.0,-35.5,1
2,6,153769,1.8705,39.6,28.73,-41.0,6,0.0,-35.5,1
2,6,154495,3.0874,39.6,28.72,-41.0,6,0.0,-35.5,1
2,6,155221,2.6818,39.6,28.73,-41.0,6,0.0,-35.5,1
2,6,155947,1.5099,39.6,28.73,-41.0,6,0.0,-35.5,1
2,6,156673,2.3212,39.6,28.73,-41.0,6,0.0,-35.5,1
2,6,157399,1.8254,38.6,28.73,-41.0,6,0.0,-35.5,1
2,6,158125,2.9973,38.6,28.73,-41.0,6,0.0,-35.5,1
2,6,158851,2.2536,38.6,28.73,-41.0,6,0.0,-35.5,1
2,6,159577,2.8846,38.6,28.73,-41.0,6,0.0,-35.5,1
2,6,160303,2.2085,38.6,28.73,-41.0,6,0.0,-35.5,1
2,6,161029,1.9832,37.6,28.73,-41.0,6,0.0,-35.5,1
2,6,161755,1.8480,38.6,28.73,-41.0,6,0.0,-35.5,1
2,6,162481,1.4648,38.6,28.73,-41.0,6,0.0,-35.5,1
2,6,163207,1.5550,38.6,28.73,-41.0,6,0.0,-35.5,1
2,6,163933,2.0959,38.6,28.73,-41.0,6,0.0,-35.5,1
2,6,164659,2.0733,39.6,28.74,-41.0,6,0.0,-35.5,1
2,6,165385,2.5015,38.6,28.73,-41.0,6,0.0,-35.5,1
2,6,166111,1.7353,38.6,28.72,-41.0,6,0.0,-35.5,1
2,6,166837,1.4423,38.6,28.72,-41.0,6,0.0,-35.5,1
2,6,167563,2.1635,38.6,28.73,-41.0,6,0.0,-35.5,1
2,6,168289,2.1409,38.6,28.73,-41.0,6,0.0,-35.5,1
2,6,169015,2.8846,39.6,28.73,-41.0,6,0.0,-35.5,1
2,6,169741,2.4339,39.6,28.73,-41.0,6,0.0,-35.5,1
2,6,170467,2.0057,39.6,28.73,-41.0,6,0.0,-35.5,1
2,6,171193,2.2987,38.6,28.73,-41.0,6,0.0,-35.5,1
2,6,171919,2.2987,38.6,28.72,-41.0,6,0.0,-35.5,1
2,6,172645,1.5775,39.6,28.73,-41.0,6,0.0,-35.5,1
2,6,173371,1.8705,39.6,28.73,-41.0,6,0.0,-35.5,1
2,6,174097,2.1409,39.6,28.73,-41.0,6,0.0,-35.5,1
2,6,174823,2.2761,38.6,28.73,-41.0,6,0.0,-35.5,1
2,6,175549,2.3437,38.6,28.73,-41.0,6,0.0,-35.5,1
2,6,176275,3.0649,38.6,28.73,-41.0,6,0.0,-35.5,1
2,6,177001,1.6677,38.6,28.73,-41.0,6,0.0,-35.5,1
2,6,177727,1.9606,38.6,28.73,-41.0,6,0.0,-35.5,1
2,6,178453,1.9606,39.6,28.73,-41.0,6,0.0,-35.5,1
2,6,179179,1.8930,38.6,28.73,-41.0,6,0.0,-35.5,1
2,6,179905,1.8930,39.6,28.72,-41.0,6,0.0,-35.5,1
2,6,180631,3.5382,39.6,28.73,-41.0,6,0.0,-35.5,1
2,6,181357,2.0508,39.6,28.72,-41.0,6,0.0,-35.5,1
2,6,182083,3.5607,38.6,28.72,-41.0,6,0.0,-35.5,1
2,6,182809,2.5691,38.6,28.72,-41.0,6,0.0,-35.5,1
2,6,183535,1.7353,38.6,28.72,-41.0,6,0.0,-35.5,1
2,6,184261,2.5466,38.6,28.72,-41.0,6,0.0,-35.5,1
2,6,184987,2.3663,38.6,28.72,-41.0,6,0.0,-35.5,1
2,6,185713,1.7353,39.6,28.73,-41.0,6,0.0,-35.5,1
2,6,186439,2.9297,39.6,28.73,-41.0,6,0.0,-35.5,1
2,6,187165,1.6451,39.6,28.73,-41.0,6,0.0,-35.5,1
2,6,187891,1.6451,39.6,28.72,-41.0,6,0.0,-35.5,1
2,6,188617,1.8254,39.6,28.72,-41.0,6,0.0,-35.5,1
2,6,189343,1.5099,39.6,28.72,-41.0,6,0.0,-35.5,1
2,6,190069,2.2987,39.6,28.72,-41.0,6,0.0,-35.5,1
2,6,190795,2.7043,39.6,28.72,-41.0,6,0.0,-35.5,1
2,6,191521,1.1268,38.6,28.72,-41.0,6,0.0,-35.5,1
2,6,192247,2.6818,38.6,28.72,-41.0,6,0.0,-35.5,1
2,6,192973,2.2761,38.6,28.72,-41.0,6,0.0,-35.5,1
2,6,193699,2.2311,39.6,28.72,-41.0,6,0.0,-35.5,1
2,6,194425,2.5691,39.6,28.72,-41.0,6,0.0,-35.5,1
2,6,195151,1.7803,39.6,28.72,-41.0,6,0.0,-35.5,1
2,6,195877,1.7803,39.6,28.72,-41.0,6,0.0,-35.5,1
2,6,196603,1.6677,39.6,28.72,-41.0,6,0.0,-35.5,1
2,6,197329,2.0057,39.6,28.72,-41.0,6,0.0,-35.5,1
2,6,198055,1.7578,39.6,28.72,-41.0,6,0.0,-35.5,1
2,6,198781,1.5550,38.6,28.72,-41.0,6,0.0,-35.5,1
2,6,199507,2.0733,38.6,28.72,-41.0,6,0.0,-35.5,1
2,6,200233,1.8029,38.6,28.72,-41.0,6,0.0,-35.5,1
2,6,200959,2.1184,39.6,28.72,-41.0,6,0.0,-35.5,1
2,6,201685,1.6677,38.6,28.71,-41.0,6,0.0,-35.5,1
2,6,202411,1.6677,39.6,28.71,-41.0,6,0.0,-35.5,1
2,6,203137,1.6902,39.6,28.72,-41.0,6,0.0,-35.5,1
2,6,203863,1.6902,38.6,28.72,-41.0,6,0.0,-35.5,1
2,6,204589,2.7719,38.6,28.72,-41.0,6,0.0,-35.5,1
2,6,205315,2.4114,39.6,28.72,-41.0,6,0.0,-35.5,1
2,6,206041,2.3212,38.6,28.72,-41.0,6,0.0,-35.5,1
2,6,206767,1.8930,39.6,28.72,-41.0,6,0.0,-35.5,1
2,6,207493,2.2761,39.6,28.72,-41.0,6,0.0,-35.5,1
2,6,208219,2.3437,38.6,28.72,-41.0,6,0.0,-35.5,1
2,6,208945,2.9973,38.6,28.72,-41.0,6,0.0,-35.5,1
2,6,209671,3.5156,38.6,28.72,-41.0,6,0.0,-35.5,1
2,6,210397,1.9606,39.6,28.72,-41.0,6,0.0,-35.5,1
2,6,211123,2.2987,39.6,28.72,-41.0,6,0.0,-35.5,1
2,6,211849,2.6142,39.6,28.72,-41.0,6,0.0,-35.5,1
2,6,212575,1.6226,39.6,28.72,-41.0,6,0.0,-35.5,1
2,6,213301,2.8846,39.6,28.72,-41.0,6,0.0,-35.5,1
2,6,214027,2.8395,39.6,28.72,-41.0,6,0.0,-35.5,1
2,6,214753,2.5015,39.6,28.71,-41.0,6,0.0,-35.5,1
2,6,215479,2.1635,39.6,28.71,-41.0,6,0.0,-35.5,1
2,6,216205,1.3972,39.6,28.72,-41.0,6,0.0,-35.5,1
2,6,216931,2.1409,39.6,28.72,-41.0,6,0.0,-35.5,1
2,6,217657,2.2085,38.6,28.72,-41.0,6,0.0,-35.5,1
2,6,218383,2.9522,38.6,28.72,-41.0,6,0.0,-35.5,1
2,6,219109,2.8621,38.6,28.72,-41.0,6,0.0,-35.5,1
2,6,219835,2.9748,39.6,28.71,-41.0,6,0.0,-35.5,1
2,6,220561,3.2001,39.6,28.71,-41.0,6,0.0,-35.5,1
2,6,221287,2.5466,39.6,28.72,-41.0,6,0.0,-35.5,1
2,6,222013,1.8254,39.6,28.71,-41.0,6,0.0,-35.5,1
2,6,222739,1.4198,39.6,28.72,-41.0,6,0.0,-35.5,1
2,6,223465,2.1409,39.6,28.71,-41.0,6,0.0,-35.5,1
2,6,224191,2.4790,38.6,28.71,-41.0,6,0.0,-35.5,1
2,6,224917,2.3888,38.6,28.71,-41.0,6,0.0,-35.5,1
2,6,225643,-3.1100,38.6,28.71,-39.5,6,0.0,-35.5,0
2,6,226369,2.4790,39.6,28.71,-41.0,6,0.0,-35.5,1
2,6,227095,2.7269,39.6,28.71,-41.0,6,0.0,-35.5,1
2,6,227821,2.4339,38.6,28.71,-41.0,6,0.0,-35.5,1
2,6,228547,1.5775,39.6,28.71,-41.0,6,0.0,-35.5,1
2,6,229273,3.1776,39.6,28.71,-41.0,6,0.0,-35.5,1
2,6,229999,2.6367,39.6,28.71,-41.0,6,0.0,-35.5,1
2,6,230725,2.1184,39.6,28.71,-41.0,6,0.0,-35.5,1
2,6,231451,2.0959,38.6,28.71,-41.0,6,0.0,-35.5,1
2,6,232177,2.3437,39.6,28.71,-41.0,6,0.0,-35.5,1
2,6,232903,2.1635,38.6,28.71,-41.0,6,0.0,-35.5,1
2,6,233629,2.1635,39.6,28.71,-41.0,6,0.0,-35.5,1
2,6,234355,2.2085,39.6,28.71,-41.0,6,0.0,-35.5,1
2,6,235081,2.2536,39.6,28.71,-41.0,6,0.0,-35.5,1
2,6,235807,2.7494,39.6,28.71,-41.0,6,0.0,-35.5,1
2,6,236533,2.2311,39.6,28.72,-41.0,6,0.0,-35.5,1
2,6,237259,1.6001,39.6,28.71,-41.0,6,0.0,-35.5,1
2,6,237985,2.6593,39.6,28.71,-41.0,6,0.0,-35.5,1
2,6,238711,2.0057,39.6,28.71,-41.0,6,0.0,-35.5,1
2,6,239437,2.1409,39.6,28.71,-41.0,6,0.0,-35.5,1
2,6,240163,1.5550,39.6,28.71,-41.0,6,0.0,-35.5,1
2,6,240889,2.2761,38.6,28.71,-41.0,6,0.0,-35.5,1
2,6,241615,2.2761,39.6,28.71,-41.0,6,0.0,-35.5,1
2,6,242341,2.7043,38.6,28.71,-41.0,6,0.0,-35.5,1
2,6,243067,1.7127,38.6,28.71,-41.0,6,0.0,-35.5,1
2,6,243793,1.7803,39.6,28.71,-41.0,6,0.0,-35.5,1
2,6,244519,1.0817,38.6,28.71,-41.0,6,0.0,-35.5,1
2,6,245245,2.0508,38.6,28.71,-41.0,6,0.0,-35.5,1
2,6,245971,2.2311,38.6,28.71,-41.0,6,0.0,-35.5,1
2,6,246697,2.1184,38.6,28.71,-41.0,6,0.0,-35.5,1
2,6,247423,2.5916,39.6,28.71,-41.0,6,0.0,-35.5,1
2,6,248149,2.2536,39.6,28.71,-41.0,6,0.0,-35.5,1
2,6,248875,2.7945,39.6,28.71,-41.0,6,0.0,-35.5,1
2,6,249601,2.7945,39.6,28.71,-41.0,6,0.0,-35.5,1
2,6,250327,2.7494,39.6,28.71,-41.0,6,0.0,-35.5,1
2,6,251053,1.7578,39.6,28.70,-41.0,6,0.0,-35.5,1
2,6,251779,1.5325,38.6,28.71,-41.0,6,0.0,-35.5,1
2,6,252505,2.0959,39.6,28.71,-41.0,6,0.0,-35.5,1
2,6,253231,1.3972,39.6,28.71,-41.0,6,0.0,-35.5,1
2,6,253957,3.1776,39.6,28.71,-41.0,6,0.0,-35.5,1
2,6,254683,2.1860,39.6,28.71,-41.0,6,0.0,-35.5,1
2,6,255409,2.3888,39.6,28.71,-41.0,6,0.0,-35.5,1
2,6,256135,2.8395,38.6,28.71,-41.0,6,0.0,-35.5,1
2,6,256861,1.6001,39.6,28.71,-41.0,6,0.0,-35.5,1
2,6,257587,1.6001,39.6,28.70,-41.0,6,0.0,-35.5,1
2,6,258313,2.8621,39.6,28.70,-41.0,6,0.0,-35.5,1
2,6,259039,2.2761,38.6,28.71,-41.0,6,0.0,-35.5,1
2,6,259765,2.3437,38.6,28.71,-41.0,6,0.0,-35.5,1
2,6,260491,1.9156,38.6,28.70,-41.0,6,0.0,-35.5,1
2,6,261217,1.1043,38.6,28.70,-41.0,6,0.0,-35.5,1
2,6,261943,2.5916,39.6,28.70,-41.0,6,0.0,-35.5,1
2,6,262669,2.2987,39.6,28.71,-41.0,6,0.0,-35.5,1
2,6,263395,2.2085,39.6,28.71,-41.0,6,0.0,-35.5,1
2,6,264121,1.9606,39.6,28.70,-41.0,6,0.0,-35.5,1
2,6,264847,2.3663,39.6,28.71,-41.0,6,0.0,-35.5,1
2,6,265573,2.3663,39.6,28.70,-41.0,6,0.0,-35.5,1
2,6,266299,2.1184,39.6,28.70,-41.0,6,0.0,-35.5,1
2,6,267025,1.4198,39.6,28.70,-41.0,6,0.0,-35.5,1
2,6,267751,1.4648,39.6,28.70,-41.0,6,0.0,-35.5,1
2,6,268477,1.5325,39.6,28.70,-41.0,6,0.0,-35.5,1
2,6,269203,1.7803,39.6,28.70,-41.0,6,0.0,-35.5,1
2,6,269929,1.3071,38.6,28.71,-41.0,6,0.0,-35.5,1
2,6,270655,1.9381,38.6,28.71,-41.0,6,0.0,-35.5,1
2,6,271381,2.0959,39.6,28.70,-41.0,6,0.0,-35.5,1
2,6,272107,1.6451,38.6,28.71,-41.0,6,0.0,-35.5,1
2,6,272833,2.2085,39.6,28.70,-41.0,6,0.0,-35.5,1
2,6,273559,1.3972,39.6,28.71,-41.0,6,0.0,-35.5,1
2,6,274285,2.2761,39.6,28.70,-41.0,6,0.0,-35.5,1
2,6,275011,1.6902,39.6,28.70,-41.0,6,0.0,-35.5,1
2,6,275737,2.5466,38.6,28.70,-41.0,6,0.0,-35.5,1
2,6,276463,1.4423,38.6,28.70,-41.0,6,0.0,-35.5,1
2,6,277189,2.6593,39.6,28.70,-41.0,6,0.0,-35.5,1
2,6,277915,2.5240,39.6,28.71,-41.0,6,0.0,-35.5,1
2,6,278641,2.1635,39.6,28.70,-41.0,6,0.0,-35.5,1
2,6,279367,-3.0198,38.6,28.71,-41.0,6,0.0,-35.5,0
2,6,280093,1.6902,38.6,28.71,-41.0,6,0.0,-35.5,1
2,6,280819,1.5099,38.6,28.70,-41.0,6,0.0,-35.5,1
2,6,281545,1.7353,38.6,28.71,-41.0,6,0.0,-35.5,1
2,6,282271,1.5325,39.6,28.71,-41.0,6,0.0,-35.5,1
2,6,282997,2.6593,39.6,28.70,-41.0,6,0.0,-35.5,1
2,6,283723,1.6677,39.6,28.70,-41.0,6,0.0,-35.5,1
2,6,284449,2.2987,39.6,28.70,-41.0,6,0.0,-35.5,1
2,6,285175,1.4198,39.6,28.71,-41.0,6,0.0,-35.5,1
2,6,285901,1.8029,39.6,28.70,-41.0,6,0.0,-35.5,1
2,6,286627,2.2987,39.6,28.70,-41.0,6,0.0,-35.5,1
2,6,287353,2.2987,39.6,28.70,-41.0,6,0.0,-35.5,1
2,6,288079,1.7803,39.6,28.70,-41.0,6,0.0,-35.5,1
2,6,288805,2.5916,39.6,28.70,-41.0,6,0.0,-35.5,1
2,6,289531,2.2536,39.6,28.70,-41.0,6,0.0,-35.5,1
2,6,290257,2.2311,39.6,28.70,-41.0,6,0.0,-35.5,1
2,6,290983,3.1550,38.6,28.70,-41.0,6,0.0,-35.5,1
2,6,291709,2.0959,38.6,28.70,-41.0,6,0.0,-35.5,1
2,6,292435,2.0959,38.6,28.70,-41.0,6,0.0,-35.5,1
2,6,293161,1.2846,39.6,28.70,-41.0,6,0.0,-35.5,1
2,6,293887,2.9522,39.6,28.70,-41.0,6,0.0,-35.5,1
2,6,294613,2.1409,39.6,28.71,-41.0,6,0.0,-35.5,1
2,6,295339,2.1409,39.6,28.70,-41.0,6,0.0,-35.5,1
2,6,296065,3.0649,39.6,28.70,-41.0,6,0.0,-35.5,1
2,6,296791,1.2169,39.6,28.70,-41.0,6,0.0,-35.5,1
2,6,297517,2.7269,38.6,28.70,-41.0,6,0.0,-35.5,1
2,6,298243,1.7127,39.6,28.70,-41.0,6,0.0,-35.5,1
2,6,298969,2.6818,38.6,28.70,-41.0,6,0.0,-35.5,1
2,6,299695,1.5775,38.6,28.70,-41.0,6,0.0,-35.5,1
2,6,300421,2.1635,39.6,28.70,-41.0,6,0.0,-35.5,1
2,6,301147,3.1325,39.6,28.70,-41.0,6,0.0,-35.5,1
2,6,301873,1.9606,39.6,28.70,-41.0,6,0.0,-35.5,1
2,6,302599,1.3747,39.6,28.70,-41.0,6,0.0,-35.5,1
2,6,303325,1.3747,39.6,28.70,-41.0,6,0.0,-35.5,1
2,6,304051,1.6001,39.6,28.70,-41.0,6,0.0,-35.5,1
2,6,304777,2.0508,39.6,28.70,-41.0,6,0.0,-35.5,1
2,6,305503,2.0733,39.6,28.70,-41.0,6,0.0,-35.5,1
2,6,306229,1.9832,39.6,28.69,-41.0,6,0.0,-35.5,1
2,6,306955,2.7945,39.6,28.70,-41.0,6,0.0,-35.5,1
2,6,307681,3.6734,39.6,28.69,-41.0,6,0.0,-35.5,1
2,6,308407,1.6451,38.6,28.70,-41.0,6,0.0,-35.5,1
2,6,309133,2.2085,39.6,28.70,-41.0,6,0.0,-35.5,1
2,6,309859,1.8930,38.6,28.70,-41.0,6,0.0,-35.5,1
2,6,310585,2.9522,39.6,28.70,-41.0,6,0.0,-35.5,1
2,6,311311,2.9522,39.6,28.70,-41.0,6,0.0,-35.5,1
2,6,312037,3.2677,38.6,28.70,-41.0,6,0.0,-35.5,1
2,6,312763,2.1184,39.6,28.70,-41.0,6,0.0,-35.5,1
2,6,313489,1.8705,38.6,28.70,-41.0,6,0.0,-35.5,1
2,6,314215,1.6001,38.6,28.70,-41.0,6,0.0,-35.5,1
2,6,314941,2.3663,39.6,28.70,-41.0,6,0.0,-35.5,1
2,6,315667,2.0959,39.6,28.70,-41.0,6,0.0,-35.5,1
2,6,316393,3.1100,39.6,28.70,-41.0,6,0.0,-35.5,1
2,6,317119,1.5099,39.6,28.69,-41.0,6,0.0,-35.5,1
2,6,317845,2.3663,39.6,28.70,-41.0,6,0.0,-35.5,1
2,6,318571,3.0424,39.6,28.69,-41.0,6,0.0,-35.5,1
2,6,319297,3.0424,39.6,28.69,-41.0,6,0.0,-35.5,1
2,6,320023,2.3212,38.6,28.69,-41.0,6,0.0,-35.5,1
2,6,320749,2.9072,38.6,28.70,-41.0,6,0.0,-35.5,1
2,6,321475,1.3972,38.6,28.70,-41.0,6,0.0,-35.5,1
2,6,322201,1.9606,38.6,28.70,-41.0,6,0.0,-35.5,1
2,6,322927,1.4648,38.6,28.69,-41.0,6,0.0,-35.5,1
2,6,323653,1.8930,38.6,28.70,-41.0,6,0.0,-35.5,1
2,6,324379,2.1409,38.6,28.69,-41.0,6,0.0,-35.5,1
2,6,325105,2.3663,38.6,28.69,-40.5,6,0.0,-35.5,1
2,6,325831,2.3888,38.6,28.70,-41.0,6,0.0,-35.5,1
2,6,326557,1.8930,39.6,28.70,-41.0,6,0.0,-35.5,1
2,6,327283,2.9522,39.6,28.70,-41.0,6,0.0,-35.5,1
2,6,328009,1.6001,39.6,28.69,-41.0,6,0.0,-35.5,1
2,6,328735,2.6367,39.6,28.70,-41.0,6,0.0,-35.5,1
2,6,329461,2.2311,39.6,28.69,-41.0,6,0.0,-35.5,1
2,6,330187,2.8170,39.6,28.69,-41.0,6,0.0,-35.5,1
2,6,330913,1.3747,38.6,28.69,-41.0,6,0.0,-35.5,1
2,6,331639,1.5550,39.6,28.69,-41.0,6,0.0,-35.5,1
2,6,332365,1.6677,38.6,28.69,-41.0,6,0.0,-35.5,1
2,6,333091,0.7662,38.6,28.70,-41.0,6,0.0,-35.5,1
2,6,333817,1.4423,38.6,28.69,-41.0,6,0.0,-35.5,1
2,6,334543,3.1776,39.6,28.69,-41.0,6,0.0,-35.5,1
2,6,335269,3.4029,39.6,28.69,-41.0,6,0.0,-35.5,1
2,6,335995,1.5775,38.6,28.69,-41.0,6,0.0,-35.5,1
2,6,336721,1.9156,38.6,28.69,-41.0,6,0.0,-35.5,1
2,6,337447,2.5466,39.6,28.69,-41.0,6,0.0,-35.5,1
2,6,338173,1.2395,38.6,28.69,-41.0,6,0.0,-35.5,1
2,6,338899,2.6142,38.6,28.70,-41.0,6,0.0,-35.5,1
2,6,339625,2.1409,38.6,28.69,-41.0,6,0.0,-35.5,1
2,6,340351,2.9522,39.6,28.70,-41.0,6,0.0,-35.5,1
2,6,341077,2.9522,38.6,28.70,-41.0,6,0.0,-35.5,1
2,6,341803,2.3437,38.6,28.69,-41.0,6,0.0,-35.5,1
2,6,342529,2.7945,38.6,28.69,-41.0,6,0.0,-35.5,1
2,6,343255,2.1635,38.6,28.69,-41.0,6,0.0,-35.5,1
2,6,343981,2.2536,38.6,28.69,-41.0,6,0.0,-35.5,1
2,6,344707,2.3437,39.6,28.69,-41.0,6,0.0,-35.5,1
2,6,345433,2.0508,38.6,28.69,-41.0,6,0.0,-35.5,1
2,6,346159,2.0282,38.6,28.69,-41.0,6,0.0,-35.5,1
2,6,346885,2.3437,38.6,28.69,-41.0,6,0.0,-35.5,1
2,6,347611,3.6283,38.6,28.69,-41.0,6,0.0,-35.5,1
2,6,348337,2.3888,38.6,28.69,-41.0,6,0.0,-35.5,1
2,6,349063,2.3888,38.6,28.69,-41.0,6,0.0,-35.5,1
2,6,349789,1.6677,38.6,28.69,-41.0,6,0.0,-35.5,1
2,6,350515,2.0733,39.6,28.69,-41.0,6,0.0,-35.5,1
2,6,351241,2.8395,39.6,28.69,-41.0,6,0.0,-35.5,1
2,6,351967,2.8621,39.6,28.69,-41.0,6,0.0,-35.5,1
2,6,352693,1.7803,38.6,28.69,-41.0,6,0.0,-35.5,1
2,6,353419,2.7043,38.6,28.69,-41.0,6,0.0,-35.5,1
2,6,354145,1.5325,39.6,28.69,-41.0,6,0.0,-35.5,1
2,6,354871,2.5240,39.6,28.69,-41.0,6,0.0,-35.5,1
2,6,355597,2.7719,38.6,28.69,-41.0,6,0.0,-35.5,1
2,6,356323,1.6902,39.6,28.69,-41.0,6,0.0,-35.5,1
2,6,357049,1.6902,39.6,28.69,-41.0,6,0.0,-35.5,1
2,6,357775,1.7127,39.6,28.69,-41.0,6,0.0,-35.5,1
2,6,358501,2.3437,39.6,28.69,-41.0,6,0.0,-35.5,1
2,6,359227,1.6902,39.6,28.69,-41.0,6,0.0,-35.5,1
2,6,359953,1.7127,39.6,28.69,-41.0,6,0.0,-35.5,1
2,6,360679,2.9748,39.6,28.69,-41.0,6,0.0,-35.5,1
2,6,361405,1.6001,39.6,28.69,-41.0,6,0.0,-35.5,1
2,6,362131,1.6451,39.6,28.69,-41.0,6,0.0,-35.5,1
2,6,362857,2.4339,39.6,28.69,-41.0,6,0.0,-35.5,1
2,6,363583,1.6226,39.6,28.69,-41.0,6,0.0,-35.5,1
2,6,364309,1.9832,39.6,28.69,-41.0,6,0.0,-35.5,1
2,6,365035,1.9832,39.6,28.69,-41.0,6,0.0,-35.5,1
2,6,365761,2.8621,38.6,28.69,-41.0,6,0.0,-35.5,1
2,6,366488,2.0508,39.6,28.69,-41.0,6,0.0,-35.5,1
2,6,367214,2.1409,39.6,28.69,-41.0,6,0.0,-35.5,1
2,6,367940,2.3663,39.6,28.68,-41.0,6,0.0,-35.5,1
2,6,368666,2.2311,38.6,28.69,-41.0,6,0.0,-35.5,1
2,7,3490,3.4931,35.6,28.67,-40.5,7,0.0,-35.5,1
2,7,4217,3.1325,36.6,28.68,-40.5,7,0.0,-35.5,1
2,7,4943,3.8987,37.6,28.69,-40.5,7,0.0,-35.5,1
2,7,5669,3.8762,37.6,28.69,-40.5,7,0.0,-35.5,1
2,7,6395,3.2452,38.6,28.69,-40.5,7,0.0,-35.5,1
2,7,7121,3.9889,38.6,28.69,-40.5,7,0.0,-35.5,1
2,7,7847,2.9297,37.6,28.68,-40.5,7,0.0,-35.5,1
2,7,8573,3.6959,38.6,28.69,-40.5,7,0.0,-35.5,1
2,7,9299,3.6959,38.6,28.69,-40.5,7,0.0,-35.5,1
2,7,10025,3.2452,38.6,28.69,-40.5,7,0.0,-35.5,1
2,7,10751,3.5832,38.6,28.69,-40.5,7,0.0,-35.5,1
2,7,11477,4.0790,38.6,28.69,-40.5,7,0.0,-35.5,1
2,7,12203,3.1325,37.6,28.69,-40.5,7,0.0,-35.5,1
2,7,12929,4.7326,38.6,28.69,-40.5,7,0.0,-35.5,1
2,7,13655,3.0198,38.6,28.69,-40.5,7,0.0,-35.5,1
2,7,14381,3.6734,38.6,28.70,-40.5,7,0.0,-35.5,1
2,7,15107,3.7635,38.6,28.69,-40.5,7,0.0,-35.5,1
2,7,15833,4.0790,39.6,28.70,-40.5,7,0.0,-35.5,1
2,7,16559,3.1776,39.6,28.70,-40.5,7,0.0,-35.5,1
2,7,17285,3.1776,39.6,28.70,-40.5,7,0.0,-35.5,1
2,7,18011,3.7635,39.6,28.70,-40.5,7,0.0,-35.5,1
2,7,18737,3.3804,38.6,28.70,-40.5,7,0.0,-35.5,1
2,7,19463,4.6199,38.6,28.70,-40.5,7,0.0,-35.5,1
2,7,20189,3.1100,38.6,28.69,-40.5,7,0.0,-35.5,1
2,7,20915,3.3128,38.6,28.70,-40.5,7,0.0,-35.5,1
2,7,21641,3.7184,39.6,28.70,-40.5,7,0.0,-35.5,1
2,7,22367,3.6058,38.6,28.71,-40.5,7,0.0,-35.5,1
2,7,23093,2.9748,38.6,28.71,-40.5,7,0.0,-35.5,1
2,7,23819,4.7551,38.6,28.70,-40.5,7,0.0,-35.5,1
2,7,24545,3.8762,38.6,28.71,-40.5,7,0.0,-35.5,1
2,7,25271,3.8762,38.6,28.71,-40.5,7,0.0,-35.5,1
2,7,25997,3.9663,38.6,28.70,-40.5,7,0.0,-35.5,1
2,7,26723,3.8086,38.6,28.71,-40.5,7,0.0,-35.5,1
2,7,27449,2.7269,38.6,28.70,-40.5,7,0.0,-35.5,1
2,7,28175,3.6734,39.6,28.70,-40.5,7,0.0,-35.5,1
2,7,28901,4.1466,39.6,28.71,-40.5,7,0.0,-35.5,1
2,7,29627,4.3945,39.6,28.70,-40.5,7,0.0,-35.5,1
2,7,30353,4.9129,39.6,28.71,-40.5,7,0.0,-35.5,1
2,7,31079,3.7635,38.6,28.71,-40.5,7,0.0,-35.5,1
2,7,31805,2.5691,38.6,28.71,-40.5,7,0.0,-35.5,1
2,7,32531,3.5607,38.6,28.70,-40.5,7,0.0,-35.5,1
2,7,33257,3.5607,39.6,28.71,-40.5,7,0.0,-35.5,1
2,7,33983,4.6875,39.6,28.70,-40.5,7,0.0,-35.5,1
2,7,34709,3.1100,39.6,28.71,-40.5,7,0.0,-35.5,1
2,7,35435,4.5974,38.6,28.71,-40.5,7,0.0,-35.5,1
2,7,36161,4.6424,38.6,28.71,-40.5,7,0.0,-35.5,1
2,7,36887,4.6650,38.6,28.71,-40.5,7,0.0,-35.5,1
2,7,37613,3.8311,38.6,28.71,-40.5,7,0.0,-35.5,1
2,7,38339,3.9663,39.6,28.71,-40.5,7,0.0,-35.5,1
2,7,39065,3.7410,38.6,28.71,-40.5,7,0.0,-35.5,1
2,7,39791,4.8227,38.6,28.71,-40.5,7,0.0,-35.5,1
2,7,40517,4.8227,39.6,28.71,-40.5,7,0.0,-35.5,1
2,7,41243,4.8227,38.6,28.71,-40.5,7,0.0,-35.5,1
2,7,41969,4.4396,39.6,28.71,-40.5,7,0.0,-35.5,1
2,7,42695,3.3353,38.6,28.71,-40.5,7,0.0,-35.5,1
2,7,43421,3.1100,39.6,28.71,-40.5,7,0.0,-35.5,1
2,7,44147,3.2903,38.6,28.71,-40.5,7,0.0,-35.5,1
2,7,44873,4.5297,38.6,28.71,-40.5,7,0.0,-35.5,1
2,7,45599,3.7635,38.6,28.71,-40.5,7,0.0,-35.5,1
2,7,46325,4.7551,38.6,28.71,-40.5,7,0.0,-35.5,1
2,7,47051,3.3128,39.6,28.71,-40.5,7,0.0,-35.5,1
2,7,47777,3.8086,39.6,28.72,-40.5,7,0.0,-35.5,1
2,7,48503,3.6734,38.6,28.72,-40.5,7,0.0,-35.5,1
2,7,49229,2.9522,38.6,28.71,-40.5,7,0.0,-35.5,1
2,7,49955,4.1917,38.6,28.71,-40.5,7,0.0,-35.5,1
2,7,50681,3.1776,39.6,28.71,-40.5,7,0.0,-35.5,1
2,7,51407,3.8762,38.6,28.71,-40.5,7,0.0,-35.5,1
2,7,52133,3.8537,38.6,28.71,-40.5,7,0.0,-35.5,1
2,7,52859,3.8537,38.6,28.71,-40.5,7,0.0,-35.5,1
2,7,53585,4.1016,39.6,28.71,-40.5,7,0.0,-35.5,1
2,7,54311,3.5156,39.6,28.71,-40.5,7,0.0,-35.5,1
2,7,55037,4.5974,39.6,28.71,-40.5,7,0.0,-35.5,1
2,7,55763,4.2142,38.6,28.71,-40.5,7,0.0,-35.5,1
2,7,56489,4.3720,38.6,28.71,-40.5,7,0.0,-35.5,1
2,7,57215,3.9213,38.6,28.71,-40.5,7,0.0,-35.5,1
2,7,57941,4.4847,39.6,28.70,-40.5,7,0.0,-35.5,1
2,7,58667,4.3495,39.6,28.71,-40.5,7,0.0,-35.5,1
2,7,59393,4.0340,39.6,28.71,-40.5,7,0.0,-35.5,1
2,7,60119,4.3495,39.6,28.72,-40.5,7,0.0,-35.5,1
2,7,60845,3.8086,39.6,28.71,-40.5,7,0.0,-35.5,1
2,7,61571,3.7635,39.6,28.71,-40.5,7,0.0,-35.5,1
2,7,62297,3.6734,39.6,28.71,-40.5,7,0.0,-35.5,1
2,7,63023,3.6734,39.6,28.71,-40.5,7,0.0,-35.5,1
2,7,63749,3.8086,39.6,28.71,-40.5,7,0.0,-35.5,1
2,7,64475,4.5974,39.6,28.72,-40.5,7,0.0,-35.5,1
2,7,65201,4.7551,38.6,28.71,-40.5,7,0.0,-35.5,1
2,7,65927,3.6058,38.6,28.71,-40.5,7,0.0,-35.5,1
2,7,66653,4.0565,38.6,28.71,-40.5,7,0.0,-35.5,1
2,7,67379,3.8086,39.6,28.72,-40.5,7,0.0,-35.5,1
2,7,68105,3.8537,39.6,28.71,-40.5,7,0.0,-35.5,1
2,7,68831,4.1016,39.6,28.72,-40.5,7,0.0,-35.5,1
2,7,69557,3.1100,39.6,28.71,-40.5,7,0.0,-35.5,1
2,7,70283,3.2452,39.6,28.71,-40.5,7,0.0,-35.5,1
2,7,71009,3.2452,39.6,28.71,-40.5,7,0.0,-35.5,1
2,7,71735,4.3945,39.6,28.71,-40.5,7,0.0,-35.5,1
2,7,72461,4.6424,39.6,28.71,-40.5,7,0.0,-35.5,1
2,7,73187,3.7635,39.6,28.71,-40.5,7,0.0,-35.5,1
2,7,73913,3.7635,39.6,28.71,-40.5,7,0.0,-35.5,1
2,7,74639,2.9748,38.6,28.72,-40.5,7,0.0,-35.5,1
2,7,75365,3.4029,39.6,28.72,-40.5,7,0.0,-35.5,1
2,7,76091,2.7719,38.6,28.72,-40.5,7,0.0,-35.5,1
2,7,76817,3.5607,38.6,28.72,-40.5,7,0.0,-35.5,1
2,7,77543,3.3804,38.6,28.71,-40.5,7,0.0,-35.5,1
2,7,78269,2.8621,38.6,28.72,-40.5,7,0.0,-35.5,1
2,7,78995,2.8621,38.6,28.72,-40.5,7,0.0,-35.5,1
2,7,79721,3.4480,38.6,28.71,-40.5,7,0.0,-35.5,1
2,7,80447,4.5523,38.6,28.72,-40.5,7,0.0,-35.5,1
2,7,81173,4.3269,38.6,28.71,-40.5,7,0.0,-35.5,1
2,7,81899,3.7184,38.6,28.72,-40.5,7,0.0,-35.5,1
2,7,82625,3.8762,39.6,28.71,-40.5,7,0.0,-35.5,1
2,7,83351,3.9889,38.6,28.72,-40.5,7,0.0,-35.5,1
2,7,84077,3.4931,38.6,28.71,-40.5,7,0.0,-35.5,1
2,7,84803,3.5607,39.6,28.72,-40.5,7,0.0,-35.5,1
2,7,85529,3.1100,39.6,28.72,-40.5,7,0.0,-35.5,1
2,7,86255,3.7861,39.6,28.72,-40.5,7,0.0,-35.5,1
2,7,86981,3.7861,39.6,28.72,-40.5,7,0.0,-35.5,1
2,7,87707,4.8678,39.6,28.72,-40.5,7,0.0,-35.5,1
2,7,88433,3.8086,39.6,28.71,-40.5,7,0.0,-35.5,1
2,7,89159,3.2001,39.6,28.72,-40.5,7,0.0,-35.5,1
2,7,89885,4.2142,39.6,28.72,-40.5,7,0.0,-35.5,1
2,7,90611,4.5523,38.6,28.72,-40.5,7,0.0,-35.5,1
2,7,91337,4.1917,38.6,28.72,-40.5,7,0.0,-35.5,1
2,7,92063,3.9438,39.6,28.71,-40.5,7,0.0,-35.5,1
2,7,92789,3.0874,39.6,28.72,-40.5,7,0.0,-35.5,1
2,7,93515,3.5832,39.6,28.71,-40.5,7,0.0,-35.5,1
2,7,94241,3.9889,39.6,28.71,-40.5,7,0.0,-35.5,1
2,7,94967,3.9889,39.6,28.72,-40.5,7,0.0,-35.5,1
2,7,95693,4.1466,39.6,28.71,-40.5,7,0.0,-35.5,1
2,7,96419,3.2001,39.6,28.71,-40.5,7,0.0,-35.5,1
2,7,97145,4.0340,39.6,28.72,-40.5,7,0.0,-35.5,1
2,7,97871,4.5297,39.6,28.71,-40.5,7,0.0,-35.5,1
2,7,98597,2.8395,39.6,28.71,-40.5,7,0.0,-35.5,1
2,7,99323,3.4029,39.6,28.71,-40.5,7,0.0,-35.5,1
2,7,100049,4.5072,39.6,28.71,-40.5,7,0.0,-35.5,1
2,7,100775,3.9438,39.6,28.72,-40.5,7,0.0,-35.5,1
2,7,101501,3.1100,39.6,28.72,-40.5,7,0.0,-35.5,1
2,7,102227,3.0874,38.6,28.71,-40.5,7,0.0,-35.5,1
2,7,102953,3.0874,38.6,28.71,-40.5,7,0.0,-35.5,1
2,7,103679,3.5382,39.6,28.71,-40.5,7,0.0,-35.5,1
2,7,104405,3.6508,38.6,28.71,-40.5,7,0.0,-35.5,1
2,7,105131,4.4171,39.6,28.71,-40.5,7,0.0,-35.5,1
2,7,105857,3.1776,39.6,28.71,-40.5,7,0.0,-35.5,1
2,7,106583,3.8762,39.6,28.71,-40.5,7,0.0,-35.5,1
2,7,107309,4.8227,38.6,28.71,-40.5,7,0.0,-35.5,1
2,7,108035,4.4396,39.6,28.71,-40.5,7,0.0,-35.5,1
2,7,108761,4.0790,38.6,28.71,-40.5,7,0.0,-35.5,1
2,7,109487,3.7635,38.6,28.71,-40.5,7,0.0,-35.5,1
2,7,110213,3.8762,39.6,28.71,-40.5,7,0.0,-35.5,1
2,7,110939,3.8762,39.6,28.71,-40.5,7,0.0,-35.5,1
2,7,111665,4.0565,39.6,28.72,-40.5,7,0.0,-35.5,1
2,7,112391,3.0874,39.6,28.71,-40.5,7,0.0,-35.5,1
2,7,113117,4.0114,39.6,28.71,-40.5,7,0.0,-35.5,1
2,7,113843,3.4029,39.6,28.71,-40.5,7,0.0,-35.5,1
2,7,114569,2.7269,39.6,28.71,-40.5,7,0.0,-35.5,1
2,7,115295,3.6959,38.6,28.71,-40.5,7,0.0,-35.5,1
2,7,116021,4.3495,38.6,28.71,-40.5,7,0.0,-35.5,1
2,7,116747,-8.2707,38.6,28.71,-40.5,7,0.0,-35.5,0
2,7,117473,3.9438,39.6,28.71,-40.5,7,0.0,-35.5,1
2,7,118199,4.7100,39.6,28.71,-40.5,7,0.0,-35.5,1
2,7,118925,3.8086,38.6,28.72,-40.5,7,0.0,-35.5,1
2,7,119651,3.4931,38.6,28.71,-40.5,7,0.0,-35.5,1
2,7,120377,3.8086,38.6,28.71,-40.5,7,0.0,-35.5,1
2,7,121103,3.3353,38.6,28.71,-40.5,7,0.0,-35.5,1
2,7,121829,4.3269,38.6,28.71,-40.5,7,0.0,-35.5,1
2,7,122555,4.5974,38.6,28.71,-40.5,7,0.0,-35.5,1
2,7,123281,4.0790,39.6,28.72,-40.5,7,0.0,-35.5,1
2,7,124007,3.6734,39.6,28.72,-40.5,7,0.0,-35.5,1
2,7,124733,3.6734,39.6,28.71,-40.5,7,0.0,-35.5,1
2,7,125459,2.9973,39.6,28.71,-40.5,7,0.0,-35.5,1
2,7,126185,3.3353,39.6,28.71,-40.5,7,0.0,-35.5,1
2,7,126911,3.8086,39.6,28.71,-40.5,7,0.0,-35.5,1
2,7,127637,3.6508,39.6,28.71,-40.5,7,0.0,-35.5,1
2,7,128363,4.5297,38.6,28.71,-40.5,7,0.0,-35.5,1
2,7,129089,3.4706,38.6,28.71,-40.5,7,0.0,-35.5,1
2,7,129815,2.7043,38.6,28.71,-40.5,7,0.0,-35.5,1
2,7,130541,4.3720,39.6,28.71,-40.5,7,0.0,-35.5,1
2,7,131267,3.5156,39.6,28.71,-40.5,7,0.0,-35.5,1
2,7,131993,3.6959,38.6,28.71,-40.5,7,0.0,-35.5,1
2,7,132719,3.6959,39.6,28.71,-40.5,7,0.0,-35.5,1
2,7,133445,4.7100,38.6,28.71,-40.5,7,0.0,-35.5,1
2,7,134171,4.3945,38.6,28.71,-40.5,7,0.0,-35.5,1
2,7,134897,3.2903,38.6,28.71,-40.5,7,0.0,-35.5,1
2,7,135623,3.7410,39.6,28.71,-40.5,7,0.0,-35.5,1
2,7,136349,3.4255,38.6,28.71,-40.5,7,0.0,-35.5,1
2,7,137075,4.9805,38.6,28.71,-40.5,7,0.0,-35.5,1
2,7,137801,4.4621,38.6,28.71,-40.5,7,0.0,-35.5,1
2,7,138527,3.9213,38.6,28.71,-40.5,7,0.0,-35.5,1
2,7,139253,3.1776,38.6,28.71,-40.5,7,0.0,-35.5,1
2,7,139979,3.4931,39.6,28.70,-40.5,7,0.0,-35.5,1
2,7,140705,3.4931,38.6,28.71,-40.5,7,0.0,-35.5,1
2,7,141431,3.0424,38.6,28.71,-40.5,7,0.0,-35.5,1
2,7,142157,4.8453,39.6,28.71,-40.5,7,0.0,-35.5,1
2,7,142883,3.3353,38.6,28.71,-40.5,7,0.0,-35.5,1
2,7,143609,4.4396,38.6,28.70,-40.5,7,0.0,-35.5,1
2,7,144335,2.8395,38.6,28.71,-40.5,7,0.0,-35.5,1
2,7,145061,3.9438,39.6,28.71,-40.5,7,0.0,-35.5,1
2,7,145787,4.8227,39.6,28.71,-40.5,7,0.0,-35.5,1
2,7,146513,3.0649,39.6,28.71,-40.5,7,0.0,-35.5,1
2,7,147239,3.1776,39.6,28.71,-40.5,7,0.0,-35.5,1
2,7,147965,4.7776,39.6,28.71,-40.5,7,0.0,-35.5,1
2,7,148691,4.7776,38.6,28.71,-40.5,7,0.0,-35.5,1
2,7,149417,3.7635,38.6,28.70,-40.5,7,0.0,-35.5,1
2,7,150143,3.2677,39.6,28.70,-40.5,7,0.0,-35.5,1
2,7,150869,4.1016,39.6,28.71,-40.5,7,0.0,-35.5,1
2,7,151595,3.6959,39.6,28.70,-40.5,7,0.0,-35.5,1
2,7,152321,3.8086,39.6,28.70,-40.5,7,0.0,-35.5,1
2,7,153047,3.8987,39.6,28.71,-40.5,7,0.0,-35.5,1
2,7,153773,3.5832,39.6,28.71,-40.5,7,0.0,-35.5,1
2,7,154499,4.1692,39.6,28.70,-40.5,7,0.0,-35.5,1
2,7,155225,3.2903,39.6,28.71,-40.5,7,0.0,-35.5,1
2,7,155951,3.7635,39.6,28.70,-40.5,7,0.0,-35.5,1
2,7,156677,3.7635,39.6,28.70,-40.5,7,0.0,-35.5,1
2,7,157403,3.6734,39.6,28.71,-40.5,7,0.0,-35.5,1
2,7,158129,3.1776,39.6,28.70,-40.5,7,0.0,-35.5,1
2,7,158855,3.8537,39.6,28.70,-40.5,7,0.0,-35.5,1
2,7,159581,4.3945,39.6,28.71,-40.5,7,0.0,-35.5,1
2,7,160307,3.5607,38.6,28.71,-40.5,7,0.0,-35.5,1
2,7,161033,4.3720,39.6,28.71,-40.5,7,0.0,-35.5,1
2,7,161759,4.2368,39.6,28.71,-40.5,7,0.0,-35.5,1
2,7,162485,3.8311,39.6,28.70,-40.5,7,0.0,-35.5,1
2,7,163211,3.5832,39.6,28.70,-40.5,7,0.0,-35.5,1
2,7,163937,3.7635,38.6,28.70,-40.5,7,0.0,-35.5,1
2,7,164663,3.4706,38.6,28.71,-40.0,7,0.0,-35.5,1
2,7,165389,3.0424,39.6,28.70,-40.5,7,0.0,-35.5,1
2,7,166115,4.1241,39.6,28.70,-40.5,7,0.0,-35.5,1
2,7,166841,3.3353,39.6,28.70,-40.5,7,0.0,-35.5,1
2,7,167567,4.1241,39.6,28.71,-40.5,7,0.0,-35.5,1
2,7,168293,3.1325,39.6,28.70,-40.5,7,0.0,-35.5,1
2,7,169019,4.3945,39.6,28.70,-40.5,7,0.0,-35.5,1
2,7,169745,4.3720,39.6,28.70,-40.5,7,0.0,-35.5,1
2,7,170471,3.4255,39.6,28.71,-40.5,7,0.0,-35.5,1
2,7,171197,3.6734,39.6,28.70,-40.5,7,0.0,-35.5,1
2,7,171923,3.4931,39.6,28.70,-40.5,7,0.0,-35.5,1
2,7,172649,3.0198,39.6,28.71,-40.5,7,0.0,-35.5,1
2,7,173375,3.2903,39.6,28.70,-40.5,7,0.0,-35.5,1
2,7,174101,2.7494,39.6,28.70,-40.5,7,0.0,-35.5,1
2,7,174827,3.7184,39.6,28.70,-40.5,7,0.0,-35.5,1
2,7,175553,4.3945,39.6,28.70,-40.5,7,0.0,-35.5,1
2,7,176279,3.9889,39.6,28.70,-40.5,7,0.0,-35.5,1
2,7,177005,4.1466,39.6,28.70,-40.5,7,0.0,-35.5,1
2,7,177731,3.3804,39.6,28.70,-40.5,7,0.0,-35.5,1
2,7,178457,3.3804,39.6,28.70,-40.5,7,0.0,-35.5,1
2,7,179183,3.2452,39.6,28.70,-40.5,7,0.0,-35.5,1
2,7,179909,3.9438,39.6,28.70,-40.5,7,0.0,-35.5,1
2,7,180635,3.2001,38.6,28.71,-40.5,7,0.0,-35.5,1
2,7,181361,2.9522,38.6,28.71,-40.5,7,0.0,-35.5,1
2,7,182087,4.1692,38.6,28.70,-40.5,7,0.0,-35.5,1
2,7,182813,3.9663,39.6,28.70,-40.5,7,0.0,-35.5,1
2,7,183539,4.0114,38.6,28.70,-40.5,7,0.0,-35.5,1
2,7,184265,3.7410,38.6,28.70,-40.5,7,0.0,-35.5,1
2,7,184991,4.6875,39.6,28.69,-40.5,7,0.0,-35.5,1
2,7,185717,3.3128,39.6,28.70,-40.5,7,0.0,-35.5,1
2,7,186443,3.3128,39.6,28.70,-40.5,7,0.0,-35.5,1
2,7,187169,3.6058,39.6,28.70,-40.5,7,0.0,-35.5,1
2,7,187895,2.9973,39.6,28.70,-40.5,7,0.0,-35.5,1
2,7,188621,3.8762,39.6,28.70,-40.5,7,0.0,-35.5,1
2,7,189347,3.8987,39.6,28.70,-40.5,7,0.0,-35.5,1
2,7,190073,2.7269,39.6,28.70,-40.5,7,0.0,-35.5,1
2,7,190799,3.8311,39.6,28.70,-40.5,7,0.0,-35.5,1
2,7,191525,3.4931,39.6,28.70,-40.5,7,0.0,-35.5,1
2,7,192251,4.5072,39.6,28.70,-40.5,7,0.0,-35.5,1
2,7,192977,3.8987,39.6,28.70,-40.5,7,0.0,-35.5,1
2,7,193703,3.2227,38.6,28.70,-40.5,7,0.0,-35.5,1
2,7,194429,3.2227,38.6,28.70,-40.5,7,0.0,-35.5,1
2,7,195155,3.5832,38.6,28.70,-40.5,7,0.0,-35.5,1
2,7,195881,4.3269,39.6,28.70,-40.5,7,0.0,-35.5,1
2,7,196607,3.5832,39.6,28.70,-40.5,7,0.0,-35.5,1
2,7,197333,3.1325,39.6,28.70,-40.5,7,0.0,-35.5,1
2,7,198059,3.7184,39.6,28.70,-40.5,7,0.0,-35.5,1
2,7,198785,4.4396,39.6,28.70,-40.5,7,0.0,-35.5,1
2,7,199511,4.1241,38.6,28.70,-40.5,7,0.0,-35.5,1
2,7,200237,3.9438,39.6,28.70,-40.5,7,0.0,-35.5,1
2,7,200963,3.6283,39.6,28.70,-40.5,7,0.0,-35.5,1
2,7,201689,3.8987,39.6,28.70,-40.5,7,0.0,-35.5,1
2,7,202415,3.8987,39.6,28.70,-40.5,7,0.0,-35.5,1
2,7,203141,2.8846,38.6,28.70,-40.5,7,0.0,-35.5,1
2,7,203867,3.9438,39.6,28.70,-40.5,7,0.0,-35.5,1
2,7,204593,4.5974,38.6,28.70,-40.5,7,0.0,-35.5,1
2,7,205319,3.0424,39.6,28.70,-40.5,7,0.0,-35.5,1
2,7,206045,4.0790,38.6,28.70,-40.5,7,0.0,-35.5,1
2,7,206771,4.5523,38.6,28.70,-40.5,7,0.0,-35.5,1
2,7,207497,4.5072,38.6,28.70,-40.5,7,0.0,-35.5,1
2,7,208223,3.4706,38.6,28.70,-40.5,7,0.0,-35.5,1
2,7,208949,4.2593,38.6,28.70,-40.5,7,0.0,-35.5,1
2,7,209675,3.6283,38.6,28.70,-40.5,7,0.0,-35.5,1
2,7,210401,3.6283,39.6,28.70,-40.5,7,0.0,-35.5,1
2,7,211127,3.6959,39.6,28.70,-40.5,7,0.0,-35.5,1
2,7,211853,4.1016,38.6,28.69,-40.5,7,0.0,-35.5,1
2,7,212579,4.9354,38.6,28.70,-40.5,7,0.0,-35.5,1
2,7,213305,3.2452,39.6,28.70,-40.5,7,0.0,-35.5,1
2,7,214031,2.9748,39.6,28.69,-40.5,7,0.0,-35.5,1
2,7,214757,3.7410,39.6,28.69,-40.5,7,0.0,-35.5,1
2,7,215483,3.7184,39.6,28.69,-40.5,7,0.0,-35.5,1
2,7,216209,4.0790,39.6,28.70,-40.5,7,0.0,-35.5,1
2,7,216935,3.5382,39.6,28.70,-40.5,7,0.0,-35.5,1
2,7,217661,4.7100,39.6,28.70,-40.5,7,0.0,-35.5,1
2,7,218387,3.8987,39.6,28.69,-40.5,7,0.0,-35.5,1
2,7,219113,3.4931,39.6,28.69,-40.5,7,0.0,-35.5,1
2,7,219839,4.4171,39.6,28.69,-40.5,7,0.0,-35.5,1
2,7,220565,3.4706,39.6,28.69,-40.5,7,0.0,-35.5,1
2,7,221291,3.3353,38.6,28.70,-40.5,7,0.0,-35.5,1
2,7,222017,4.1692,38.6,28.69,-40.5,7,0.0,-35.5,1
2,7,222743,3.9663,39.6,28.70,-40.5,7,0.0,-35.5,1
2,7,223469,3.6959,39.6,28.69,-40.5,7,0.0,-35.5,1
2,7,224195,4.3044,38.6,28.69,-40.5,7,0.0,-35.5,1
2,7,224921,3.2227,38.6,28.69,-40.5,7,0.0,-35.5,1
2,7,225647,4.2593,39.6,28.69,-40.5,7,0.0,-35.5,1
2,7,226373,4.2593,39.6,28.69,-40.5,7,0.0,-35.5,1
2,7,227099,2.9748,39.6,28.69,-40.5,7,0.0,-35.5,1
2,7,227825,3.8311,39.6,28.69,-40.5,7,0.0,-35.5,1
2,7,228551,3.7861,39.6,28.69,-40.5,7,0.0,-35.5,1
2,7,229277,3.1325,39.6,28.69,-40.5,7,0.0,-35.5,1
2,7,230003,4.3720,39.6,28.68,-40.5,7,0.0,-35.5,1
2,7,230729,3.6508,39.6,28.68,-40.5,7,0.0,-35.5,1
2,7,231455,3.1100,39.6,28.69,-40.5,7,0.0,-35.5,1
2,7,232181,3.1100,39.6,28.69,-40.5,7,0.0,-35.5,1
2,7,232907,4.4396,39.6,28.69,-40.5,7,0.0,-35.5,1
2,7,233633,4.2142,39.6,28.69,-40.5,7,0.0,-35.5,1
2,7,234359,3.0424,39.6,28.69,-40.5,7,0.0,-35.5,1
2,7,235085,3.9438,38.6,28.69,-40.5,7,0.0,-35.5,1
2,7,235811,4.6424,38.6,28.68,-40.5,7,0.0,-35.5,1
2,7,236537,4.0114,38.6,28.69,-40.5,7,0.0,-35.5,1
2,7,237263,4.8903,38.6,28.69,-40.5,7,0.0,-35.5,1
2,7,237989,4.5748,38.6,28.69,-40.5,7,0.0,-35.5,1
2,7,238715,3.0198,38.6,28.69,-40.5,7,0.0,-35.5,1
2,7,239441,4.7100,38.6,28.69,-40.5,7,0.0,-35.5,1
2,7,240167,4.7100,38.6,28.69,-40.5,7,0.0,-35.5,1
2,7,240893,3.7410,39.6,28.69,-40.5,7,0.0,-35.5,1
2,7,241619,3.5832,39.6,28.69,-40.5,7,0.0,-35.5,1
2,7,242345,2.5015,39.6,28.68,-40.5,7,0.0,-35.5,1
2,7,243071,3.8086,39.6,28.69,-40.5,7,0.0,-35.5,1
2,7,243797,3.8311,39.6,28.69,-40.5,7,0.0,-35.5,1
2,7,244523,4.4621,39.6,28.69,-40.5,7,0.0,-35.5,1
2,7,245249,3.7635,39.6,28.69,-40.5,7,0.0,-35.5,1
2,7,245975,3.5382,39.6,28.68,-40.5,7,0.0,-35.5,1
2,7,246701,3.3579,39.6,28.68,-40.5,7,0.0,-35.5,1
2,7,247427,4.4396,39.6,28.68,-40.5,7,0.0,-35.5,1
2,7,248153,4.4396,38.6,28.69,-40.5,7,0.0,-35.5,1
2,7,248879,3.9663,38.6,28.68,-40.5,7,0.0,-35.5,1
2,7,249605,2.3212,38.6,28.69,-40.5,7,0.0,-35.5,1
2,7,250331,3.3128,38.6,28.68,-40.5,7,0.0,-35.5,1
2,7,251057,3.5607,39.6,28.68,-40.5,7,0.0,-35.5,1
2,7,251783,3.8762,38.6,28.69,-40.5,7,0.0,-35.5,1
2,7,252509,3.8762,39.6,28.69,-40.5,7,0.0,-35.5,1
2,7,253235,3.5832,38.6,28.69,-40.5,7,0.0,-35.5,1
2,7,253961,3.7184,38.6,28.68,-40.5,7,0.0,-35.5,1
2,7,254687,3.7410,39.6,28.68,-40.5,7,0.0,-35.5,1
2,7,255413,3.1325,39.6,28.68,-40.5,7,0.0,-35.5,1
2,7,256139,3.1325,39.6,28.68,-40.5,7,0.0,-35.5,1
2,7,256865,3.7184,38.6,28.68,-40.5,7,0.0,-35.5,1
2,7,257591,2.9522,39.6,28.68,-40.5,7,0.0,-35.5,1
2,7,258317,3.8987,39.6,28.69,-40.5,7,0.0,-35.5,1
2,7,259043,3.8762,39.6,28.68,-40.5,7,0.0,-35.5,1
2,7,259769,3.8086,39.6,28.68,-40.5,7,0.0,-35.5,1
2,7,260495,2.9072,39.6,28.68,-40.5,7,0.0,-35.5,1
2,7,261221,3.3804,39.6,28.68,-40.5,7,0.0,-35.5,1
2,7,261947,3.2001,38.6,28.68,-40.5,7,0.0,-35.5,1
2,7,262673,3.0874,39.6,28.68,-40.5,7,0.0,-35.5,1
2,7,263399,3.2227,39.6,28.68,-40.5,7,0.0,-35.5,1
2,7,264125,3.2227,39.6,28.68,-40.5,7,0.0,-35.5,1
2,7,264851,4.0790,39.6,28.69,-40.5,7,0.0,-35.5,1
2,7,265577,4.3495,39.6,28.68,-40.5,7,0.0,-35.5,1
2,7,266303,3.9213,39.6,28.68,-40.5,7,0.0,-35.5,1
2,7,267029,4.1241,39.6,28.68,-40.5,7,0.0,-35.5,1
2,7,267755,4.5072,39.6,28.68,-40.5,7,0.0,-35.5,1
2,7,268481,4.0790,39.6,28.68,-40.5,7,0.0,-35.5,1
2,7,269207,3.8086,39.6,28.68,-40.5,7,0.0,-35.5,1
2,7,269933,3.2452,39.6,28.68,-40.5,7,0.0,-35.5,1
2,7,270659,3.8762,39.6,28.68,-40.5,7,0.0,-35.5,1
2,7,271385,3.1325,38.6,28.68,-40.5,7,0.0,-35.5,1
2,7,272111,4.6650,38.6,28.68,-40.5,7,0.0,-35.5,1
2,7,272837,3.6959,38.6,28.68,-40.5,7,0.0,-35.5,1
2,7,273563,3.4255,38.6,28.68,-40.5,7,0.0,-35.5,1
2,7,274289,2.9072,38.6,28.68,-40.5,7,0.0,-35.5,1
2,7,275015,4.5974,38.6,28.68,-40.5,7,0.0,-35.5,1
2,7,275741,3.0874,39.6,28.68,-40.5,7,0.0,-35.5,1
2,7,276467,4.5523,39.6,28.68,-40.5,7,0.0,-35.5,1
2,7,277193,4.3495,39.6,28.68,-40.5,7,0.0,-35.5,1
2,7,277919,4.3044,39.6,28.68,-40.5,7,0.0,-35.5,1
2,7,278645,2.7945,39.6,28.68,-40.5,7,0.0,-35.5,1
2,7,279371,3.6283,39.6,28.68,-40.5,7,0.0,-35.5,1
2,7,280097,4.4171,39.6,28.68,-40.5,7,0.0,-35.5,1
2,7,280823,2.7945,39.6,28.68,-40.5,7,0.0,-35.5,1
2,7,281549,4.6650,39.6,28.68,-40.5,7,0.0,-35.5,1
2,7,282275,4.0790,39.6,28.68,-40.5,7,0.0,-35.5,1
2,7,283001,3.3579,38.6,28.68,-40.5,7,0.0,-35.5,1
2,7,283727,2.9748,39.6,28.68,-40.5,7,0.0,-35.5,1
2,7,284453,3.1100,38.6,28.68,-40.5,7,0.0,-35.5,1
2,7,285179,3.4480,38.6,28.68,-40.5,7,0.0,-35.5,1
2,7,285905,3.4480,39.6,28.68,-40.5,7,0.0,-35.5,1
2,7,286631,4.3945,39.6,28.68,-40.5,7,0.0,-35.5,1
2,7,287357,3.8762,39.6,28.68,-40.5,7,0.0,-35.5,1
2,7,288083,3.1550,39.6,28.68,-40.5,7,0.0,-35.5,1
2,7,288809,3.8537,39.6,28.68,-40.5,7,0.0,-35.5,1
2,7,289535,4.2142,39.6,28.68,-40.5,7,0.0,-35.5,1
2,7,290261,2.5466,39.6,28.68,-40.5,7,0.0,-35.5,1
2,7,290987,3.6959,39.6,28.68,-40.5,7,0.0,-35.5,1
2,7,291713,3.6508,39.6,28.68,-40.5,7,0.0,-35.5,1
2,7,292439,2.5916,38.6,28.68,-40.5,7,0.0,-35.5,1
2,7,293165,3.6058,39.6,28.68,-40.5,7,0.0,-35.5,1
2,7,293891,3.6058,38.6,28.68,-40.5,7,0.0,-35.5,1
2,7,294617,4.4621,38.6,28.67,-40.5,7,0.0,-35.5,1
2,7,295343,3.2001,38.6,28.67,-40.5,7,0.0,-35.5,1
2,7,296069,2.9973,38.6,28.67,-40.5,7,0.0,-35.5,1
2,7,296795,3.2227,38.6,28.68,-40.5,7,0.0,-35.5,1
2,7,297521,4.4621,39.6,28.68,-40.5,7,0.0,-35.5,1
2,7,298247,4.1016,39.6,28.67,-40.5,7,0.0,-35.5,1
2,7,298973,3.6058,39.6,28.68,-40.5,7,0.0,-35.5,1
2,7,299699,4.1241,39.6,28.68,-40.5,7,0.0,-35.5,1
2,7,300425,3.0874,39.6,28.68,-40.5,7,0.0,-35.5,1
2,7,301151,3.6508,39.6,28.68,-40.5,7,0.0,-35.5,1
2,7,301877,3.6508,39.6,28.67,-40.5,7,0.0,-35.5,1
2,7,302603,4.3044,39.6,28.68,-40.5,7,0.0,-35.5,1
2,7,303329,4.0565,38.6,28.68,-40.5,7,0.0,-35.5,1
2,7,304055,4.4847,38.6,28.68,-40.5,7,0.0,-35.5,1
2,7,304781,4.6199,38.6,28.67,-40.5,7,0.0,-35.5,1
2,7,305507,4.1692,38.6,28.68,-40.5,7,0.0,-35.5,1
2,7,306233,4.7100,39.6,28.67,-40.5,7,0.0,-35.5,1
2,7,306959,3.4480,39.6,28.67,-40.5,7,0.0,-35.5,1
2,7,307685,4.3495,38.6,28.68,-40.5,7,0.0,-35.5,1
2,7,308411,3.8987,38.6,28.68,-40.5,7,0.0,-35.5,1
2,7,309137,4.5523,39.6,28.67,-40.5,7,0.0,-35.5,1
2,7,309863,4.5523,38.6,28.67,-40.5,7,0.0,-35.5,1
2,7,310589,2.7269,38.6,28.67,-40.5,7,0.0,-35.5,1
2,7,311315,2.9973,38.6,28.67,-40.5,7,0.0,-35.5,1
2,7,312041,3.1100,38.6,28.67,-40.5,7,0.0,-35.5,1
2,7,312767,2.8621,38.6,28.67,-40.5,7,0.0,-35.5,1
2,7,313493,4.2819,39.6,28.67,-40.5,7,0.0,-35.5,1
2,7,314219,4.4171,39.6,28.67,-40.5,7,0.0,-35.5,1
2,7,314945,3.8537,39.6,28.67,-40.5,7,0.0,-35.5,1
2,7,315671,4.0114,39.6,28.67,-40.5,7,0.0,-35.5,1
2,7,316397,3.3128,39.6,28.67,-40.5,7,0.0,-35.5,1
2,7,317123,4.1241,38.6,28.67,-40.5,7,0.0,-35.5,1
2,7,317849,4.1241,38.6,28.67,-40.5,7,0.0,-35.5,1
2,7,318575,3.7635,39.6,28.67,-40.0,7,0.0,-35.5,1
2,7,319301,4.6424,38.6,28.67,-40.5,7,0.0,-35.5,1
2,7,320027,3.3804,39.6,28.67,-40.5,7,0.0,-35.5,1
2,7,320753,4.6650,39.6,28.67,-40.5,7,0.0,-35.5,1
2,7,321479,4.0565,39.6,28.67,-40.5,7,0.0,-35.5,1
2,7,322205,3.6734,39.6,28.67,-40.5,7,0.0,-35.5,1
2,7,322931,3.8987,39.6,28.67,-40.5,7,0.0,-35.5,1
2,7,323657,3.2677,39.6,28.67,-40.5,7,0.0,-35.5,1
2,7,324383,3.4706,39.6,28.67,-40.5,7,0.0,-35.5,1
2,7,325109,4.9354,39.6,28.66,-40.5,7,0.0,-35.5,1
2,7,325835,4.2142,39.6,28.67,-40.5,7,0.0,-35.5,1
2,7,326561,3.7635,39.6,28.66,-40.5,7,0.0,-35.5,1
2,7,327287,5.0255,39.6,28.67,-40.5,7,0.0,-35.5,1
2,7,328013,3.8762,39.6,28.67,-40.5,7,0.0,-35.5,1
2,7,328739,2.9072,38.6,28.67,-40.5,7,0.0,-35.5,1
2,7,329465,3.3579,39.6,28.67,-40.5,7,0.0,-35.5,1
2,7,330191,4.4621,38.6,28.67,-40.5,7,0.0,-35.5,1
2,7,330917,4.0114,38.6,28.67,-40.5,7,0.0,-35.5,1
2,7,331643,4.0114,38.6,28.67,-40.5,7,0.0,-35.5,1
2,7,332369,4.1466,38.6,28.67,-40.5,7,0.0,-35.5,1
2,7,333095,3.7635,39.6,28.67,-40.5,7,0.0,-35.5,1
2,7,333821,4.4847,39.6,28.67,-40.5,7,0.0,-35.5,1
2,7,334547,3.7861,39.6,28.67,-40.5,7,0.0,-35.5,1
2,7,335273,4.1016,39.6,28.67,-40.5,7,0.0,-35.5,1
2,7,335999,2.8846,39.6,28.67,-40.5,7,0.0,-35.5,1
2,7,336725,3.6508,39.6,28.67,-40.5,7,0.0,-35.5,1
2,7,337451,3.5832,39.6,28.67,-40.5,7,0.0,-35.5,1
2,7,338177,3.4931,38.6,28.67,-40.5,7,0.0,-35.5,1
2,7,338903,4.5748,39.6,28.67,-40.5,7,0.0,-35.5,1
2,7,339629,-0.2930,39.6,28.67,-40.5,7,0.0,-35.5,0
2,7,340355,4.7326,39.6,28.67,-40.5,7,0.0,-35.5,1
2,7,341081,3.0198,39.6,28.66,-40.5,7,0.0,-35.5,1
2,7,341807,3.0874,39.6,28.67,-40.5,7,0.0,-35.5,1
2,7,342533,3.9663,39.6,28.67,-40.5,7,0.0,-35.5,1
2,7,343259,3.8762,39.6,28.67,-40.5,7,0.0,-35.5,1
2,7,343985,3.8537,39.6,28.67,-40.5,7,0.0,-35.5,1
2,7,344711,3.0649,39.6,28.67,-40.5,7,0.0,-35.5,1
2,7,345437,3.4480,39.6,28.66,-40.5,7,0.0,-35.5,1
2,7,346163,3.8537,39.6,28.66,-40.5,7,0.0,-35.5,1
2,7,346889,3.2452,39.6,28.67,-40.5,7,0.0,-35.5,1
2,7,347615,3.2452,38.6,28.67,-40.5,7,0.0,-35.5,1
2,7,348341,3.8987,38.6,28.67,-40.5,7,0.0,-35.5,1
2,7,349067,3.8762,38.6,28.66,-40.5,7,0.0,-35.5,1
2,7,349793,4.0340,38.6,28.66,-40.5,7,0.0,-35.5,1
2,7,350519,3.1550,39.6,28.66,-40.5,7,0.0,-35.5,1
2,7,351245,3.7635,39.6,28.67,-40.5,7,0.0,-35.5,1
2,7,351971,3.4706,39.6,28.66,-40.5,7,0.0,-35.5,1
2,7,352697,3.8311,39.6,28.67,-40.5,7,0.0,-35.5,1
2,7,353423,3.9889,39.6,28.66,-40.5,7,0.0,-35.5,1
2,7,354149,4.7100,39.6,28.66,-40.5,7,0.0,-35.5,1
2,7,354875,2.9522,39.6,28.66,-40.5,7,0.0,-35.5,1
2,7,355601,2.9522,38.6,28.66,-40.5,7,0.0,-35.5,1
2,7,356327,4.3044,38.6,28.66,-40.5,7,0.0,-35.5,1
2,7,357053,3.9213,38.6,28.66,-40.5,7,0.0,-35.5,1
2,7,357779,3.8537,39.6,28.66,-40.5,7,0.0,-35.5,1
2,7,358505,3.4029,38.6,28.66,-40.5,7,0.0,-35.5,1
2,7,359231,4.2819,38.6,28.66,-40.5,7,0.0,-35.5,1
2,7,359957,3.6058,38.6,28.67,-40.5,7,0.0,-35.5,1
2,7,360683,3.5832,38.6,28.66,-40.5,7,0.0,-35.5,1
2,7,361409,4.4396,39.6,28.66,-40.5,7,0.0,-35.5,1
2,7,362135,3.8086,38.6,28.67,-40.5,7,0.0,-35.5,1
2,7,362861,3.9889,39.6,28.66,-40.5,7,0.0,-35.5,1
2,7,363587,3.9889,39.6,28.66,-40.5,7,0.0,-35.5,1
2,7,364313,3.1550,39.6,28.66,-40.5,7,0.0,-35.5,1
2,7,365039,3.4706,39.6,28.66,-40.5,7,0.0,-35.5,1
2,7,365765,3.2677,39.6,28.67,-40.5,7,0.0,-35.5,1
2,8,3490,4.5974,35.6,28.65,-40.5,8,0.0,-35.5,1
2,8,4217,3.7635,35.6,28.66,-40.5,8,0.0,-35.5,1
2,8,4943,4.5072,36.6,28.66,-40.5,8,0.0,-35.5,1
2,8,5669,3.0198,37.6,28.66,-40.5,8,0.0,-35.5,1
2,8,6395,2.8170,37.6,28.66,-40.5,8,0.0,-35.5,1
2,8,7121,2.9297,38.6,28.67,-40.5,8,0.0,-35.5,1
2,8,7847,3.4255,38.6,28.66,-40.5,8,0.0,-35.5,1
2,8,8573,3.2677,38.6,28.67,-40.5,8,0.0,-35.5,1
2,8,9299,4.1016,38.6,28.67,-41.0,8,0.0,-35.5,1
2,8,10025,3.9663,38.6,28.66,-40.5,8,0.0,-35.5,1
2,8,10751,3.6283,37.6,28.67,-40.5,8,0.0,-35.5,1
2,8,11477,2.8621,37.6,28.67,-40.5,8,0.0,-35.5,1
2,8,12203,3.0198,37.6,28.67,-40.5,8,0.0,-35.5,1
2,8,12929,3.8086,37.6,28.68,-40.5,8,0.0,-35.5,1
2,8,13655,2.6818,37.6,28.67,-40.5,8,0.0,-35.5,1
2,8,14381,3.1550,37.6,28.67,-40.5,8,0.0,-35.5,1
2,8,15107,3.2677,38.6,28.67,-40.5,8,0.0,-35.5,1
2,8,15833,1.1493,38.6,28.68,-40.5,8,0.0,-35.5,1
2,8,16559,4.6650,38.6,28.67,-40.5,8,0.0,-35.5,1
2,8,17285,3.4480,38.6,28.67,-40.5,8,0.0,-35.5,1
2,8,18011,3.7410,38.6,28.67,-40.5,8,0.0,-35.5,1
2,8,18737,3.1776,38.6,28.67,-40.5,8,0.0,-35.5,1
2,8,19463,3.2452,38.6,28.68,-40.5,8,0.0,-35.5,1
2,8,20189,2.8395,38.6,28.68,-40.5,8,0.0,-35.5,1
2,8,20915,2.2761,37.6,28.68,-40.5,8,0.0,-35.5,1
2,8,21641,3.3579,38.6,28.68,-40.5,8,0.0,-35.5,1
2,8,22367,3.7861,38.6,28.68,-40.5,8,0.0,-35.5,1
2,8,23093,2.7269,38.6,28.68,-40.5,8,0.0,-35.5,1
2,8,23819,2.7269,38.6,28.68,-40.5,8,0.0,-35.5,1
2,8,24545,3.3353,38.6,28.68,-40.5,8,0.0,-35.5,1
2,8,25271,3.2227,38.6,28.68,-40.5,8,0.0,-35.5,1
2,8,25997,3.0424,38.6,28.68,-40.5,8,0.0,-35.5,1
2,8,26723,3.6959,38.6,28.68,-40.5,8,0.0,-35.5,1
2,8,27449,3.3353,38.6,28.68,-40.5,8,0.0,-35.5,1
2,8,28175,3.2227,39.6,28.68,-40.5,8,0.0,-35.5,1
2,8,28901,2.7494,38.6,28.68,-40.5,8,0.0,-35.5,1
2,8,29627,3.5832,38.6,28.68,-40.5,8,0.0,-35.5,1
2,8,30353,2.9522,38.6,28.68,-40.5,8,0.0,-35.5,1
2,8,31079,3.4706,38.6,28.69,-40.5,8,0.0,-35.5,1
2,8,31805,3.4706,38.6,28.68,-40.5,8,0.0,-35.5,1
2,8,32531,3.5607,38.6,28.68,-40.5,8,0.0,-35.5,1
2,8,33257,2.7945,39.6,28.68,-40.5,8,0.0,-35.5,1
2,8,33983,3.3128,39.6,28.69,-40.5,8,0.0,-35.5,1
2,8,34709,4.4621,38.6,28.68,-40.5,8,0.0,-35.5,1
2,8,35435,4.1016,39.6,28.68,-40.5,8,0.0,-35.5,1
2,8,36161,4.5072,39.6,28.68,-40.5,8,0.0,-35.5,1
2,8,36887,2.5240,39.6,28.69,-40.5,8,0.0,-35.5,1
2,8,37613,3.0874,38.6,28.68,-40.5,8,0.0,-35.5,1
2,8,38339,4.3945,38.6,28.68,-40.5,8,0.0,-35.5,1
2,8,39065,3.8987,38.6,28.68,-40.5,8,0.0,-35.5,1
2,8,39791,3.8987,38.6,28.68,-40.5,8,0.0,-35.5,1
2,8,40517,3.4255,38.6,28.68,-40.5,8,0.0,-35.5,1
2,8,41243,3.0874,38.6,28.68,-40.5,8,0.0,-35.5,1
2,8,41969,3.1776,38.6,28.69,-40.5,8,0.0,-35.5,1
2,8,42695,3.7861,38.6,28.68,-40.5,8,0.0,-35.5,1
2,8,43421,2.8621,38.6,28.68,-40.5,8,0.0,-35.5,1
2,8,44147,3.5156,38.6,28.68,-40.5,8,0.0,-35.5,1
2,8,44873,3.9663,38.6,28.69,-40.5,8,0.0,-35.5,1
2,8,45599,2.8395,38.6,28.69,-40.5,8,0.0,-35.5,1
2,8,46325,4.0565,39.6,28.69,-40.5,8,0.0,-35.5,1
2,8,47051,3.7184,39.6,28.69,-40.5,8,0.0,-35.5,1
2,8,47777,3.7184,39.6,28.69,-40.5,8,0.0,-35.5,1
2,8,48503,4.5523,39.6,28.69,-40.5,8,0.0,-35.5,1
2,8,49229,3.7184,39.6,28.68,-40.5,8,0.0,-35.5,1
2,8,49955,2.9072,39.6,28.68,-40.5,8,0.0,-35.5,1
2,8,50681,2.7945,39.6,28.69,-40.5,8,0.0,-35.5,1
2,8,51407,2.6367,39.6,28.69,-40.5,8,0.0,-35.5,1
2,8,52133,3.1325,39.6,28.69,-40.5,8,0.0,-35.5,1
2,8,52859,2.5916,38.6,28.69,-40.5,8,0.0,-35.5,1
2,8,53585,3.2452,38.6,28.69,-40.5,8,0.0,-35.5,1
2,8,54311,3.3804,38.6,28.69,-40.5,8,0.0,-35.5,1
2,8,55037,3.6508,38.6,28.69,-40.5,8,0.0,-35.5,1
2,8,55763,3.6508,38.6,28.69,-40.5,8,0.0,-35.5,1
2,8,56489,3.8537,38.6,28.69,-40.5,8,0.0,-35.5,1
2,8,57215,3.6734,38.6,28.69,-40.5,8,0.0,-35.5,1
2,8,57941,2.5916,38.6,28.69,-40.5,8,0.0,-35.5,1
2,8,58667,3.3804,38.6,28.69,-40.5,8,0.0,-35.5,1
2,8,59393,3.3128,38.6,28.69,-40.5,8,0.0,-35.5,1
2,8,60119,3.8537,38.6,28.69,-40.5,8,0.0,-35.5,1
2,8,60845,2.9748,38.6,28.69,-40.5,8,0.0,-35.5,1
2,8,61571,3.5382,39.6,28.69,-40.5,8,0.0,-35.5,1
2,8,62297,3.9663,39.6,28.68,-40.5,8,0.0,-35.5,1
2,8,63023,3.2452,38.6,28.69,-40.5,8,0.0,-35.5,1
2,8,63749,3.1550,39.6,28.69,-40.5,8,0.0,-35.5,1
2,8,64475,3.4931,39.6,28.69,-40.5,8,0.0,-35.5,1
2,8,65201,3.6734,39.6,28.69,-40.5,8,0.0,-35.5,1
2,8,65927,4.2368,39.6,28.69,-40.5,8,0.0,-35.5,1
2,8,66653,3.7410,39.6,28.69,-40.5,8,0.0,-35.5,1
2,8,67379,3.3128,39.6,28.69,-40.5,8,0.0,-35.5,1
2,8,68105,3.8537,39.6,28.69,-40.5,8,0.0,-35.5,1
2,8,68831,2.8395,39.6,28.69,-40.5,8,0.0,-35.5,1
2,8,69557,2.6818,39.6,28.70,-40.5,8,0.0,-35.5,1
2,8,70283,3.8086,39.6,28.69,-40.5,8,0.0,-35.5,1
2,8,71009,4.4621,39.6,28.69,-40.5,8,0.0,-35.5,1
2,8,71735,3.8537,39.6,28.70,-40.5,8,0.0,-35.5,1
2,8,72461,3.8762,39.6,28.69,-40.5,8,0.0,-35.5,1
2,8,73187,3.6959,38.6,28.69,-40.5,8,0.0,-35.5,1
2,8,73913,4.5974,38.6,28.69,-40.5,8,0.0,-35.5,1
2,8,74639,2.9973,39.6,28.69,-40.5,8,0.0,-35.5,1
2,8,75365,4.1241,39.6,28.69,-40.5,8,0.0,-35.5,1
2,8,76091,2.8621,39.6,28.69,-40.5,8,0.0,-35.5,1
2,8,76817,2.9297,39.6,28.69,-40.5,8,0.0,-35.5,1
2,8,77543,2.9297,39.6,28.69,-40.5,8,0.0,-35.5,1
2,8,78269,2.8395,39.6,28.70,-40.5,8,0.0,-35.5,1
2,8,78995,3.7635,39.6,28.69,-40.5,8,0.0,-35.5,1
2,8,79721,3.1325,39.6,28.69,-40.5,8,0.0,-35.5,1
2,8,80447,2.9072,39.6,28.69,-40.5,8,0.0,-35.5,1
2,8,81173,3.0649,39.6,28.70,-40.5,8,0.0,-35.5,1
2,8,81899,3.2227,39.6,28.69,-40.5,8,0.0,-35.5,1
2,8,82625,2.9973,39.6,28.69,-40.5,8,0.0,-35.5,1
2,8,83351,2.7945,39.6,28.69,-40.5,8,0.0,-35.5,1
2,8,84077,3.2001,39.6,28.69,-40.5,8,0.0,-35.5,1
2,8,84803,3.2001,39.6,28.69,-40.5,8,0.0,-35.5,1
2,8,85529,3.2001,39.6,28.69,-40.5,8,0.0,-35.5,1
2,8,86255,3.5607,39.6,28.69,-40.5,8,0.0,-35.5,1
2,8,86981,4.1917,38.6,28.69,-40.5,8,0.0,-35.5,1
2,8,87707,3.4931,38.6,28.69,-40.5,8,0.0,-35.5,1
2,8,88433,3.4255,38.6,28.69,-40.5,8,0.0,-35.5,1
2,8,89159,3.6283,37.6,28.69,-40.5,8,0.0,-35.5,1
2,8,89885,4.0790,38.6,28.69,-40.5,8,0.0,-35.5,1
2,8,90611,4.3720,38.6,28.69,-40.5,8,0.0,-35.5,1
2,8,91337,4.7100,38.6,28.69,-40.5,8,0.0,-35.5,1
2,8,92063,3.6734,38.6,28.69,-40.5,8,0.0,-35.5,1
2,8,92789,2.7945,39.6,28.69,-40.5,8,0.0,-35.5,1
2,8,93515,2.7945,39.6,28.69,-40.5,8,0.0,-35.5,1
2,8,94241,2.7494,39.6,28.69,-40.5,8,0.0,-35.5,1
2,8,94967,3.4255,39.6,28.69,-40.5,8,0.0,-35.5,1
2,8,95693,3.4480,39.6,28.69,-40.5,8,0.0,-35.5,1
2,8,96419,2.7043,39.6,28.69,-40.5,8,0.0,-35.5,1
2,8,97145,3.6959,39.6,28.68,-40.5,8,0.0,-35.5,1
2,8,97871,3.0424,39.6,28.69,-40.5,8,0.0,-35.5,1
2,8,98597,3.3128,39.6,28.69,-40.5,8,0.0,-35.5,1
2,8,99323,3.7861,38.6,28.69,-40.5,8,0.0,-35.5,1
2,8,100049,2.9522,38.6,28.69,-40.5,8,0.0,-35.5,1
2,8,100775,3.8762,39.6,28.69,-40.5,8,0.0,-35.5,1
2,8,101501,3.8762,39.6,28.69,-40.5,8,0.0,-35.5,1
2,8,102227,2.8621,39.6,28.69,-40.5,8,0.0,-35.5,1
2,8,102953,2.9973,39.6,28.69,-40.5,8,0.0,-35.5,1
2,8,103679,2.8170,39.6,28.69,-40.5,8,0.0,-35.5,1
2,8,104405,4.0114,38.6,28.69,-40.5,8,0.0,-35.5,1
2,8,105131,3.6283,38.6,28.69,-40.5,8,0.0,-35.5,1
2,8,105857,3.4029,39.6,28.69,-40.5,8,0.0,-35.5,1
2,8,106583,3.4931,38.6,28.69,-40.5,8,0.0,-35.5,1
2,8,107309,4.0565,38.6,28.69,-40.5,8,0.0,-35.5,1
2,8,108035,2.7945,38.6,28.69,-40.5,8,0.0,-35.5,1
2,8,108761,3.8762,38.6,28.69,-40.5,8,0.0,-35.5,1
2,8,109487,3.8762,39.6,28.69,-40.5,8,0.0,-35.5,1
2,8,110213,4.6424,39.6,28.69,-40.5,8,0.0,-35.5,1
2,8,110939,3.4480,39.6,28.69,-40.5,8,0.0,-35.5,1
2,8,111665,4.5748,39.6,28.69,-40.5,8,0.0,-35.5,1
2,8,112391,3.2227,39.6,28.69,-40.5,8,0.0,-35.5,1
2,8,113117,4.0340,39.6,28.69,-40.5,8,0.0,-35.5,1
2,8,113843,2.9522,39.6,28.69,-40.5,8,0.0,-35.5,1
2,8,114569,3.7410,38.6,28.69,-40.5,8,0.0,-35.5,1
2,8,115295,3.9889,39.6,28.69,-40.5,8,0.0,-35.5,1
2,8,116021,3.3579,38.6,28.69,-40.5,8,0.0,-35.5,1
2,8,116747,2.9297,38.6,28.69,-40.5,8,0.0,-35.5,1
2,8,117473,4.1692,38.6,28.69,-40.5,8,0.0,-35.5,1
2,8,118199,3.6283,39.6,28.69,-40.5,8,0.0,-35.5,1
2,8,118925,3.7861,39.6,28.69,-40.5,8,0.0,-35.5,1
2,8,119651,3.1100,39.6,28.69,-40.5,8,0.0,-35.5,1
2,8,120377,2.9973,39.6,28.69,-40.5,8,0.0,-35.5,1
2,8,121103,3.0874,38.6,28.69,-40.5,8,0.0,-35.5,1
2,8,121829,3.8086,38.6,28.69,-40.5,8,0.0,-35.5,1
2,8,122555,2.8395,38.6,28.70,-40.5,8,0.0,-35.5,1
2,8,123281,3.4931,38.6,28.69,-40.5,8,0.0,-35.5,1
2,8,124007,4.1241,38.6,28.69,-40.5,8,0.0,-35.5,1
2,8,124733,3.0424,38.6,28.69,-40.5,8,0.0,-35.5,1
2,8,125459,3.5156,38.6,28.68,-40.5,8,0.0,-35.5,1
2,8,126185,4.4171,39.6,28.69,-40.5,8,0.0,-35.5,1
2,8,126911,3.7861,38.6,28.68,-40.5,8,0.0,-35.5,1
2,8,127637,2.8170,38.6,28.69,-40.5,8,0.0,-35.5,1
2,8,128363,3.8537,39.6,28.68,-40.5,8,0.0,-35.5,1
2,8,129089,3.0424,38.6,28.68,-40.5,8,0.0,-35.5,1
2,8,129815,3.8762,38.6,28.69,-40.5,8,0.0,-35.5,1
2,8,130541,3.0424,38.6,28.69,-40.5,8,0.0,-35.5,1
2,8,131267,3.0424,38.6,28.69,-40.5,8,0.0,-35.5,1
2,8,131993,3.8762,38.6,28.69,-40.5,8,0.0,-35.5,1
2,8,132719,3.0198,38.6,28.69,-40.5,8,0.0,-35.5,1
2,8,133445,2.7043,39.6,28.69,-40.5,8,0.0,-35.5,1
2,8,134171,3.5156,39.6,28.69,-40.5,8,0.0,-35.5,1
2,8,134897,3.6058,39.6,28.68,-40.5,8,0.0,-35.5,1
2,8,135623,4.2142,39.6,28.69,-40.5,8,0.0,-35.5,1
2,8,136349,3.6734,39.6,28.69,-40.5,8,0.0,-35.5,1
2,8,137075,3.1100,39.6,28.69,-40.5,8,0.0,-35.5,1
2,8,137801,3.8762,39.6,28.69,-40.5,8,0.0,-35.5,1
2,8,138527,3.2452,39.6,28.68,-40.5,8,0.0,-35.5,1
2,8,139253,3.2452,39.6,28.68,-40.5,8,0.0,-35.5,1
2,8,139979,2.7494,39.6,28.68,-40.5,8,0.0,-35.5,1
2,8,140705,3.6959,39.6,28.69,-40.5,8,0.0,-35.5,1
2,8,141431,3.8537,39.6,28.68,-40.5,8,0.0,-35.5,1
2,8,142157,2.9522,40.6,28.68,-40.5,8,0.0,-35.5,1
2,8,142883,3.7861,39.6,28.68,-40.5,8,0.0,-35.5,1
2,8,143609,2.9072,39.6,28.68,-40.5,8,0.0,-35.5,1
2,8,144335,4.5297,39.6,28.68,-40.5,8,0.0,-35.5,1
2,8,145061,2.9748,39.6,28.68,-40.5,8,0.0,-35.5,1
2,8,145787,3.5832,39.6,28.68,-40.5,8,0.0,-35.5,1
2,8,146513,3.8762,38.6,28.68,-40.5,8,0.0,-35.5,1
2,8,147239,3.8762,38.6,28.68,-40.5,8,0.0,-35.5,1
2,8,147965,3.6283,38.6,28.68,-40.5,8,0.0,-35.5,1
2,8,148691,3.0649,38.6,28.68,-40.5,8,0.0,-35.5,1
2,8,149417,3.8086,38.6,28.68,-40.5,8,0.0,-35.5,1
2,8,150143,2.8846,39.6,28.69,-40.5,8,0.0,-35.5,1
2,8,150869,2.9973,39.6,28.69,-40.5,8,0.0,-35.5,1
2,8,151595,3.9889,38.6,28.68,-40.5,8,0.0,-35.5,1
2,8,152321,3.4931,38.6,28.69,-40.5,8,0.0,-35.5,1
2,8,153047,3.5382,38.6,28.68,-40.5,8,0.0,-35.5,1
2,8,153773,3.7410,39.6,28.68,-40.5,8,0.0,-35.5,1
2,8,154499,4.6199,39.6,28.68,-40.5,8,0.0,-35.5,1
2,8,155225,4.6199,38.6,28.68,-40.5,8,0.0,-35.5,1
2,8,155951,4.4171,38.6,28.68,-40.5,8,0.0,-35.5,1
2,8,156677,2.9072,38.6,28.68,-40.5,8,0.0,-35.5,1
2,8,157403,2.9297,39.6,28.68,-40.5,8,0.0,-35.5,1
2,8,158129,3.6508,39.6,28.68,-40.5,8,0.0,-35.5,1
2,8,158855,4.4621,38.6,28.68,-40.5,8,0.0,-35.5,1
2,8,159581,3.1550,38.6,28.68,-40.5,8,0.0,-35.5,1
2,8,160307,4.7326,38.6,28.68,-40.5,8,0.0,-35.5,1
2,8,161033,2.7719,38.6,28.68,-40.5,8,0.0,-35.5,1
2,8,161759,4.5974,38.6,28.68,-40.5,8,0.0,-35.5,1
2,8,162485,4.3044,39.6,28.68,-40.5,8,0.0,-35.5,1
2,8,163211,4.3044,39.6,28.68,-40.5,8,0.0,-35.5,1
2,8,163937,3.7410,39.6,28.68,-40.5,8,0.0,-35.5,1
2,8,164663,2.9973,38.6,28.68,-40.5,8,0.0,-35.5,1
2,8,165389,3.7184,38.6,28.68,-40.5,8,0.0,-35.5,1
2,8,166115,4.2368,38.6,28.69,-40.5,8,0.0,-35.5,1
2,8,166841,4.4396,39.6,28.68,-40.5,8,0.0,-35.5,1
2,8,167567,3.8311,38.6,28.68,-40.5,8,0.0,-35.5,1
2,8,168293,3.2677,38.6,28.68,-40.5,8,0.0,-35.5,1
2,8,169019,4.1016,39.6,28.68,-40.5,8,0.0,-35.5,1
2,8,169745,3.0874,39.6,28.68,-40.5,8,0.0,-35.5,1
2,8,170471,2.8846,39.6,28.68,-40.5,8,0.0,-35.5,1
2,8,171197,3.5607,39.6,28.69,-40.5,8,0.0,-35.5,1
2,8,171923,2.9072,38.6,28.68,-40.5,8,0.0,-35.5,1
2,8,172649,3.6508,38.6,28.68,-40.5,8,0.0,-35.5,1
2,8,173375,4.2819,39.6,28.68,-40.5,8,0.0,-35.5,1
2,8,174101,3.1550,39.6,28.68,-40.5,8,0.0,-35.5,1
2,8,174827,4.3269,39.6,28.68,-40.5,8,0.0,-35.5,1
2,8,175553,3.6734,39.6,28.67,-40.5,8,0.0,-35.5,1
2,8,176279,3.4029,38.6,28.67,-40.5,8,0.0,-35.5,1
2,8,177005,3.5156,39.6,28.68,-40.5,8,0.0,-35.5,1
2,8,177731,4.2142,38.6,28.68,-40.5,8,0.0,-35.5,1
2,8,178457,2.9297,39.6,28.68,-40.5,8,0.0,-35.5,1
2,8,179183,4.1016,38.6,28.68,-40.5,8,0.0,-35.5,1
2,8,179909,3.4706,38.6,28.68,-40.5,8,0.0,-35.5,1
2,8,180635,3.4706,38.6,28.67,-40.5,8,0.0,-35.5,1
2,8,181361,3.8086,39.6,28.68,-40.5,8,0.0,-35.5,1
2,8,182087,3.8537,39.6,28.67,-40.5,8,0.0,-35.5,1
2,8,182813,3.8311,39.6,28.68,-40.5,8,0.0,-35.5,1
2,8,183539,2.9973,38.6,28.68,-40.5,8,0.0,-35.5,1
2,8,184265,3.1100,39.6,28.67,-40.5,8,0.0,-35.5,1
2,8,184991,3.1100,39.6,28.67,-40.5,8,0.0,-35.5,1
2,8,185717,4.3269,38.6,28.67,-40.5,8,0.0,-35.5,1
2,8,186443,3.6734,38.6,28.67,-40.5,8,0.0,-35.5,1
2,8,187169,2.7945,38.6,28.67,-40.5,8,0.0,-35.5,1
2,8,187895,3.8987,39.6,28.67,-40.5,8,0.0,-35.5,1
2,8,188621,3.9438,39.6,28.67,-40.5,8,0.0,-35.5,1
2,8,189347,3.6734,39.6,28.67,-40.5,8,0.0,-35.5,1
2,8,190073,2.9072,38.6,28.67,-40.5,8,0.0,-35.5,1
2,8,190799,3.5607,38.6,28.67,-40.5,8,0.0,-35.5,1
2,8,191525,4.5297,38.6,28.67,-40.5,8,0.0,-35.5,1
2,8,192251,3.5832,39.6,28.67,-40.5,8,0.0,-35.5,1
2,8,192977,3.5832,39.6,28.67,-40.5,8,0.0,-35.5,1
2,8,193703,3.4029,38.6,28.67,-40.5,8,0.0,-35.5,1
2,8,194429,2.7494,38.6,28.67,-40.5,8,0.0,-35.5,1
2,8,195155,2.5916,38.6,28.67,-40.5,8,0.0,-35.5,1
2,8,195881,3.6283,38.6,28.66,-40.5,8,0.0,-35.5,1
2,8,196607,4.4171,38.6,28.67,-40.5,8,0.0,-35.5,1
2,8,197333,2.9973,38.6,28.67,-41.0,8,0.0,-35.5,1
2,8,198059,3.6058,38.6,28.67,-40.5,8,0.0,-35.5,1
2,8,198785,3.8537,39.6,28.67,-40.5,8,0.0,-35.5,1
2,8,199511,3.0424,38.6,28.67,-40.5,8,0.0,-35.5,1
2,8,200237,3.6058,38.6,28.67,-40.5,8,0.0,-35.5,1
2,8,200963,3.6058,38.6,28.66,-40.5,8,0.0,-35.5,1
2,8,201689,3.9663,38.6,28.66,-40.5,8,0.0,-35.5,1
2,8,202415,3.7635,38.6,28.67,-40.5,8,0.0,-35.5,1
2,8,203141,3.4931,39.6,28.67,-40.5,8,0.0,-35.5,1
2,8,203867,3.8311,39.6,28.67,-40.5,8,0.0,-35.5,1
2,8,204593,3.3128,39.6,28.67,-40.5,8,0.0,-35.5,1
2,8,205319,3.7861,39.6,28.66,-40.5,8,0.0,-35.5,1
2,8,206045,2.9973,39.6,28.67,-40.5,8,0.0,-35.5,1
2,8,206771,3.5382,39.6,28.67,-40.5,8,0.0,-35.5,1
2,8,207497,3.2001,39.6,28.67,-40.5,8,0.0,-35.5,1
2,8,208223,3.4255,39.6,28.67,-40.5,8,0.0,-35.5,1
2,8,208949,3.4255,38.6,28.66,-40.5,8,0.0,-35.5,1
2,8,209675,2.6818,38.6,28.67,-40.5,8,0.0,-35.5,1
2,8,210401,3.6734,39.6,28.67,-40.5,8,0.0,-35.5,1
2,8,211127,4.6199,39.6,28.66,-40.5,8,0.0,-35.5,1
2,8,211853,3.8537,39.6,28.67,-40.5,8,0.0,-35.5,1
2,8,212579,2.8621,39.6,28.67,-40.5,8,0.0,-35.5,1
2,8,213305,3.6959,39.6,28.67,-40.5,8,0.0,-35.5,1
2,8,214031,2.7945,39.6,28.66,-40.5,8,0.0,-35.5,1
2,8,214757,3.7635,39.6,28.66,-40.5,8,0.0,-35.5,1
2,8,215483,3.5607,39.6,28.66,-40.5,8,0.0,-35.5,1
2,8,216209,3.7861,39.6,28.66,-40.5,8,0.0,-35.5,1
2,8,216935,3.7861,39.6,28.67,-40.5,8,0.0,-35.5,1
2,8,217661,3.3579,39.6,28.67,-40.5,8,0.0,-35.5,1
2,8,218387,4.4847,39.6,28.67,-40.5,8,0.0,-35.5,1
2,8,219113,3.2001,39.6,28.66,-40.5,8,0.0,-35.5,1
2,8,219839,3.7184,39.6,28.67,-40.5,8,0.0,-35.5,1
2,8,220565,4.2593,39.6,28.66,-40.5,8,0.0,-35.5,1
2,8,221291,3.6734,39.6,28.66,-40.5,8,0.0,-35.5,1
2,8,222017,3.7410,38.6,28.66,-40.5,8,0.0,-35.5,1
2,8,222743,2.7043,38.6,28.66,-40.5,8,0.0,-35.5,1
2,8,223469,3.8987,38.6,28.66,-40.5,8,0.0,-35.5,1
2,8,224195,3.5832,38.6,28.66,-40.5,8,0.0,-35.5,1
2,8,224921,3.5832,38.6,28.66,-40.5,8,0.0,-35.5,1
2,8,225647,3.5382,38.6,28.66,-40.5,8,0.0,-35.5,1
2,8,226373,3.7184,38.6,28.66,-40.5,8,0.0,-35.5,1
2,8,227099,3.1776,38.6,28.66,-40.5,8,0.0,-35.5,1
2,8,227825,4.2142,38.6,28.66,-40.5,8,0.0,-35.5,1
2,8,228551,2.8395,39.6,28.66,-40.5,8,0.0,-35.5,1
2,8,229277,3.0649,39.6,28.66,-40.5,8,0.0,-35.5,1
2,8,230003,3.2227,39.6,28.67,-40.5,8,0.0,-35.5,1
2,8,230729,2.8621,39.6,28.66,-40.5,8,0.0,-35.5,1
2,8,231455,2.7945,39.6,28.66,-40.5,8,0.0,-35.5,1
2,8,232181,3.5607,39.6,28.66,-40.5,8,0.0,-35.5,1
2,8,232907,2.7945,38.6,28.66,-40.5,8,0.0,-35.5,1
2,8,233633,3.9889,38.6,28.66,-40.5,8,0.0,-35.5,1
2,8,234359,3.4255,38.6,28.66,-40.5,8,0.0,-35.5,1
2,8,235085,3.4706,38.6,28.66,-40.5,8,0.0,-35.5,1
2,8,235811,3.8537,39.6,28.66,-40.5,8,0.0,-35.5,1
2,8,236537,4.0114,39.6,28.66,-40.5,8,0.0,-35.5,1
2,8,237263,3.4029,39.6,28.66,-40.5,8,0.0,-35.5,1
2,8,237989,4.6424,39.6,28.66,-40.5,8,0.0,-35.5,1
2,8,238715,1.7127,39.6,28.66,-40.5,8,0.0,-35.5,1
2,8,239441,2.6593,39.6,28.66,-40.5,8,0.0,-35.5,1
2,8,240167,2.9522,39.6,28.65,-40.5,8,0.0,-35.5,1
2,8,240893,3.6283,39.6,28.65,-40.5,8,0.0,-35.5,1
2,8,241619,3.1325,39.6,28.65,-40.5,8,0.0,-35.5,1
2,8,242345,2.9297,39.6,28.66,-40.5,8,0.0,-35.5,1
2,8,243071,3.4931,39.6,28.66,-40.5,8,0.0,-35.5,1
2,8,243797,4.0565,39.6,28.66,-40.5,8,0.0,-35.5,1
2,8,244523,3.8762,39.6,28.66,-40.5,8,0.0,-35.5,1
2,8,245249,3.6283,38.6,28.66,-40.5,8,0.0,-35.5,1
2,8,245975,3.9889,39.6,28.66,-40.5,8,0.0,-35.5,1
2,8,246701,3.9889,38.6,28.65,-40.5,8,0.0,-35.5,1
2,8,247427,2.9072,38.6,28.65,-40.5,8,0.0,-35.5,1
2,8,248153,4.1241,38.6,28.66,-40.5,8,0.0,-35.5,1
2,8,248879,3.0424,39.6,28.65,-40.5,8,0.0,-35.5,1
2,8,249605,4.1241,38.6,28.66,-40.5,8,0.0,-35.5,1
2,8,250331,3.6058,38.6,28.66,-40.5,8,0.0,-35.5,1
2,8,251057,2.9522,39.6,28.65,-40.5,8,0.0,-35.5,1
2,8,251783,3.7861,38.6,28.66,-40.5,8,0.0,-35.5,1
2,8,252509,3.2903,38.6,28.65,-40.5,8,0.0,-35.5,1
2,8,253235,3.4931,38.6,28.65,-40.5,8,0.0,-35.5,1
2,8,253961,4.4171,39.6,28.65,-40.5,8,0.0,-35.5,1
2,8,254687,4.4171,39.6,28.65,-40.5,8,0.0,-35.5,1
2,8,255413,2.8846,39.6,28.65,-40.5,8,0.0,-35.5,1
2,8,256139,4.5072,38.6,28.65,-40.5,8,0.0,-35.5,1
2,8,256865,2.8846,38.6,28.65,-40.5,8,0.0,-35.5,1
2,8,257591,4.3269,38.6,28.65,-40.5,8,0.0,-35.5,1
2,8,258317,3.1325,38.6,28.65,-40.5,8,0.0,-35.5,1
2,8,259043,3.2903,39.6,28.65,-40.5,8,0.0,-35.5,1
2,8,259769,3.8987,39.6,28.65,-40.5,8,0.0,-35.5,1
2,8,260495,4.2142,39.6,28.65,-40.5,8,0.0,-35.5,1
2,8,261221,4.3720,39.6,28.65,-40.5,8,0.0,-35.5,1
2,8,261947,3.4480,38.6,28.65,-40.5,8,0.0,-35.5,1
2,8,262673,3.4480,39.6,28.65,-40.5,8,0.0,-35.5,1
2,8,263399,3.2452,39.6,28.65,-40.5,8,0.0,-35.5,1
2,8,264125,3.4480,39.6,28.65,-40.5,8,0.0,-35.5,1
2,8,264851,2.8621,38.6,28.65,-40.5,8,0.0,-35.5,1
2,8,265577,3.0649,39.6,28.65,-40.5,8,0.0,-35.5,1
2,8,266303,3.1776,39.6,28.65,-40.5,8,0.0,-35.5,1
2,8,267029,3.9889,39.6,28.66,-40.5,8,0.0,-35.5,1
2,8,267755,3.6058,38.6,28.65,-40.5,8,0.0,-35.5,1
2,8,268481,3.2452,39.6,28.65,-40.5,8,0.0,-35.5,1
2,8,269207,4.1241,39.6,28.65,-40.5,8,0.0,-35.5,1
2,8,269933,3.2001,39.6,28.65,-40.5,8,0.0,-35.5,1
2,8,270659,3.2001,38.6,28.65,-40.5,8,0.0,-35.5,1
2,8,271385,2.9072,38.6,28.65,-40.5,8,0.0,-35.5,1
2,8,272111,3.6508,38.6,28.65,-40.5,8,0.0,-35.5,1
2,8,272837,3.9889,38.6,28.65,-40.5,8,0.0,-35.5,1
2,8,273563,4.3044,38.6,28.65,-40.5,8,0.0,-35.5,1
2,8,274289,2.6818,39.6,28.65,-40.5,8,0.0,-35.5,1
2,8,275015,3.7410,39.6,28.65,-40.5,8,0.0,-35.5,1
2,8,275741,4.5072,38.6,28.65,-40.5,8,0.0,-35.5,1
2,8,276467,3.8311,38.6,28.65,-40.5,8,0.0,-35.5,1
2,8,277193,4.5974,38.6,28.65,-40.5,8,0.0,-35.5,1
2,8,277919,3.1325,39.6,28.65,-40.5,8,0.0,-35.5,1
2,8,278645,3.1325,38.6,28.65,-40.5,8,0.0,-35.5,1
2,8,279371,4.3269,38.6,28.64,-40.5,8,0.0,-35.5,1
2,8,280097,2.8395,39.6,28.65,-40.5,8,0.0,-35.5,1
2,8,280823,3.1776,39.6,28.65,-40.5,8,0.0,-35.5,1
2,8,281549,2.7494,39.6,28.65,-40.5,8,0.0,-35.5,1
2,8,282275,4.5297,39.6,28.65,-40.5,8,0.0,-35.5,1
2,8,283001,2.7043,38.6,28.65,-40.5,8,0.0,-35.5,1
2,8,283727,2.5466,39.6,28.65,-40.5,8,0.0,-35.5,1
2,8,284453,4.4621,38.6,28.65,-40.5,8,0.0,-35.5,1
2,8,285179,2.6367,38.6,28.65,-40.5,8,0.0,-35.5,1
2,8,285905,2.8621,39.6,28.65,-40.5,8,0.0,-35.5,1
2,8,286631,4.7326,39.6,28.65,-40.5,8,0.0,-35.5,1
2,8,287357,2.5691,39.6,28.65,-40.5,8,0.0,-35.5,1
2,8,288083,3.7410,39.6,28.65,-40.5,8,0.0,-35.5,1
2,8,288809,3.8086,38.6,28.65,-40.5,8,0.0,-35.5,1
2,8,289535,3.0198,39.6,28.65,-40.5,8,0.0,-35.5,1
2,8,290261,4.0790,38.6,28.65,-40.5,8,0.0,-35.5,1
2,8,290987,4.7326,39.6,28.65,-40.5,8,0.0,-35.5,1
2,8,291713,4.8002,39.6,28.65,-40.5,8,0.0,-35.5,1
2,8,292439,2.2536,39.6,28.65,-40.5,8,0.0,-35.5,1
2,8,293165,3.7635,39.6,28.65,-40.5,8,0.0,-35.5,1
2,8,293891,3.1776,38.6,28.65,-40.5,8,0.0,-35.5,1
2,8,294617,3.4480,38.6,28.65,-40.5,8,0.0,-35.5,1
2,8,295343,3.4480,39.6,28.65,-40.5,8,0.0,-35.5,1
2,8,296069,4.0114,39.6,28.65,-40.5,8,0.0,-35.5,1
2,8,296795,3.5382,39.6,28.65,-40.5,8,0.0,-35.5,1
2,8,297521,2.9973,39.6,28.65,-40.5,8,0.0,-35.5,1
2,8,298247,4.0114,39.6,28.65,-40.5,8,0.0,-35.5,1
2,8,298973,3.6283,38.6,28.64,-40.5,8,0.0,-35.5,1
2,8,299699,3.6283,39.6,28.65,-40.5,8,0.0,-35.5,1
2,8,300425,3.6283,38.6,28.65,-40.5,8,0.0,-35.5,1
2,8,301151,4.5523,39.6,28.65,-40.5,8,0.0,-35.5,1
2,8,301877,2.9297,39.6,28.64,-40.5,8,0.0,-35.5,1
2,8,302603,3.7410,39.6,28.65,-40.5,8,0.0,-35.5,1
2,8,303329,3.3804,38.6,28.65,-40.5,8,0.0,-35.5,1
2,8,304055,2.8846,39.6,28.65,-40.5,8,0.0,-35.5,1
2,8,304781,3.7184,39.6,28.65,-40.5,8,0.0,-35.5,1
2,8,305507,3.9889,39.6,28.65,-40.5,8,0.0,-35.5,1
2,8,306233,3.1100,39.6,28.65,-40.5,8,0.0,-35.5,1
2,8,306959,3.3128,39.6,28.64,-40.5,8,0.0,-35.5,1
2,8,307685,3.1100,39.6,28.64,-40.5,8,0.0,-35.5,1
2,8,308411,3.1100,39.6,28.64,-40.5,8,0.0,-35.5,1
2,8,309137,3.2001,38.6,28.64,-40.5,8,0.0,-35.5,1
2,8,309863,4.5974,38.6,28.64,-40.5,8,0.0,-35.5,1
2,8,310589,4.0114,39.6,28.64,-40.5,8,0.0,-35.5,1
2,8,311315,3.6058,39.6,28.64,-40.5,8,0.0,-35.5,1
2,8,312041,3.1550,38.6,28.64,-40.5,8,0.0,-35.5,1
2,8,312767,3.3353,38.6,28.65,-40.5,8,0.0,-35.5,1
2,8,313493,2.4339,39.6,28.64,-40.5,8,0.0,-35.5,1
2,8,314219,2.9072,39.6,28.65,-40.5,8,0.0,-35.5,1
2,8,314945,4.5072,39.6,28.64,-40.5,8,0.0,-35.5,1
2,8,315671,3.8086,39.6,28.65,-40.5,8,0.0,-35.5,1
2,8,316397,3.8086,39.6,28.65,-40.5,8,0.0,-35.5,1
2,8,317123,3.5832,38.6,28.65,-40.5,8,0.0,-35.5,1
2,8,317849,2.9522,38.6,28.64,-40.5,8,0.0,-35.5,1
2,8,318575,2.8846,38.6,28.64,-40.5,8,0.0,-35.5,1
2,8,319301,2.6367,39.6,28.64,-40.5,8,0.0,-35.5,1
2,8,320027,3.7861,39.6,28.64,-40.5,8,0.0,-35.5,1
2,8,320753,4.2819,39.6,28.64,-40.5,8,0.0,-35.5,1
2,8,321479,3.6283,39.6,28.64,-40.5,8,0.0,-35.5,1
2,8,322205,3.6283,39.6,28.64,-40.5,8,0.0,-35.5,1
2,8,322931,3.5832,38.6,28.64,-40.5,8,0.0,-35.5,1
2,8,323657,4.1917,38.6,28.64,-40.5,8,0.0,-35.5,1
2,8,324383,4.1917,38.6,28.64,-40.5,8,0.0,-35.5,1
2,8,325109,3.0649,38.6,28.64,-40.5,8,0.0,-35.5,1
2,8,325835,3.4931,39.6,28.64,-40.5,8,0.0,-35.5,1
2,8,326561,3.5382,38.6,28.65,-40.5,8,0.0,-35.5,1
2,8,327287,4.6199,38.6,28.65,-40.5,8,0.0,-35.5,1
2,8,328013,3.1550,38.6,28.64,-40.5,8,0.0,-35.5,1
2,8,328739,3.4706,38.6,28.64,-40.5,8,0.0,-35.5,1
2,8,329465,3.7861,38.6,28.64,-40.5,8,0.0,-35.5,1
2,8,330191,2.9522,38.6,28.64,-40.5,8,0.0,-35.5,1
2,8,330917,3.5607,38.6,28.64,-40.5,8,0.0,-35.5,1
2,8,331643,4.0114,38.6,28.64,-40.5,8,0.0,-35.5,1
2,8,332369,4.0114,38.6,28.64,-40.5,8,0.0,-35.5,1
2,8,333095,3.6959,38.6,28.64,-40.5,8,0.0,-35.5,1
2,8,333821,3.3579,38.6,28.64,-40.5,8,0.0,-35.5,1
2,8,334547,3.8537,38.6,28.63,-40.5,8,0.0,-35.5,1
2,8,335273,3.0198,38.6,28.64,-40.5,8,0.0,-35.5,1
2,8,335999,4.3044,38.6,28.64,-40.5,8,0.0,-35.5,1
2,8,336725,3.6959,38.6,28.64,-40.5,8,0.0,-35.5,1
2,8,337451,4.4171,38.6,28.64,-40.5,8,0.0,-35.5,1
2,8,338177,3.0874,38.6,28.64,-40.5,8,0.0,-35.5,1
2,8,338903,2.9072,38.6,28.64,-40.5,8,0.0,-35.5,1
2,8,339629,3.4255,38.6,28.63,-40.5,8,0.0,-35.5,1
2,8,340355,2.8621,38.6,28.63,-40.5,8,0.0,-35.5,1
2,8,341081,2.9973,39.6,28.64,-40.5,8,0.0,-35.5,1
2,8,341807,3.4706,39.6,28.63,-40.5,8,0.0,-35.5,1
2,8,342533,4.5974,39.6,28.64,-40.5,8,0.0,-35.5,1
2,8,343259,4.3044,39.6,28.64,-40.5,8,0.0,-35.5,1
2,8,343985,2.7043,40.6,28.64,-40.5,8,0.0,-35.5,1
2,8,344711,4.3720,39.6,28.64,-40.5,8,0.0,-35.5,1
2,8,345437,2.6142,39.6,28.64,-40.5,8,0.0,-35.5,1
2,8,346163,2.9072,39.6,28.64,-40.5,8,0.0,-35.5,1
2,8,346889,3.2452,39.6,28.64,-40.5,8,0.0,-35.5,1
2,8,347615,3.2001,38.6,28.64,-40.5,8,0.0,-35.5,1
2,8,348341,3.1100,38.6,28.64,-40.5,8,0.0,-35.5,1
2,8,349067,2.7494,39.6,28.64,-40.5,8,0.0,-35.5,1
2,8,349793,3.3353,38.6,28.64,-40.5,8,0.0,-35.5,1
2,8,350519,2.6818,38.6,28.64,-40.5,8,0.0,-35.5,1
2,8,351245,3.7410,38.6,28.64,-40.5,8,0.0,-35.5,1
2,8,351971,3.7635,38.6,28.64,-40.5,8,0.0,-35.5,1
2,8,352697,3.3128,38.6,28.64,-40.5,8,0.0,-35.5,1
2,8,353423,2.5916,39.6,28.63,-40.5,8,0.0,-35.5,1
2,8,354149,2.5916,39.6,28.64,-40.5,8,0.0,-35.5,1
2,8,354875,3.5832,38.6,28.64,-40.5,8,0.0,-35.5,1
2,8,355601,4.5748,38.6,28.64,-40.5,8,0.0,-35.5,1
2,8,356327,3.8537,38.6,28.64,-40.5,8,0.0,-35.5,1
2,8,357053,3.8987,38.6,28.63,-40.5,8,0.0,-35.5,1
2,8,357779,3.6283,39.6,28.63,-40.5,8,0.0,-35.5,1
2,8,358505,2.5466,39.6,28.64,-40.5,8,0.0,-35.5,1
2,8,359231,2.8621,39.6,28.63,-40.5,8,0.0,-35.5,1
2,8,359957,3.8987,39.6,28.64,-40.5,8,0.0,-35.5,1
2,8,360683,2.8395,39.6,28.63,-40.5,8,0.0,-35.5,1
2,8,361409,3.7184,39.6,28.64,-40.5,8,0.0,-35.5,1
2,8,362135,3.7184,39.6,28.64,-40.5,8,0.0,-35.5,1
2,8,362861,3.4931,38.6,28.64,-40.5,8,0.0,-35.5,1
2,8,363587,2.6142,38.6,28.63,-40.5,8,0.0,-35.5,1
2,8,364313,3.4480,39.6,28.63,-40.5,8,0.0,-35.5,1
2,8,365039,3.5156,39.6,28.64,-40.5,8,0.0,-35.5,1
2,8,365765,3.4931,38.6,28.64,-40.5,8,0.0,-35.5,1
2,9,5668,4.1917,38.6,28.63,-41.0,9,0.0,-35.5,1
2,9,6394,2.9973,38.6,28.63,-40.5,9,0.0,-35.5,1
2,9,7120,3.4931,38.6,28.63,-40.5,9,0.0,-35.5,1
2,9,7846,4.7100,38.6,28.63,-40.5,9,0.0,-35.5,1
2,9,8572,3.8537,38.6,28.63,-40.5,9,0.0,-35.5,1
2,9,9298,3.7184,38.6,28.64,-40.5,9,0.0,-35.5,1
2,9,10024,4.3269,38.6,28.64,-41.0,9,0.0,-35.5,1
2,9,10750,4.0340,39.6,28.63,-40.5,9,0.0,-35.5,1
2,9,11476,3.3804,38.6,28.63,-41.0,9,0.0,-35.5,1
2,9,12202,3.5156,38.6,28.63,-40.5,9,0.0,-35.5,1
2,9,12928,3.7184,38.6,28.63,-40.5,9,0.0,-35.5,1
2,9,13654,3.0198,38.6,28.64,-40.5,9,0.0,-35.5,1
2,9,14380,4.6875,38.6,28.64,-40.5,9,0.0,-35.5,1
2,9,15106,3.7410,38.6,28.64,-41.0,9,0.0,-35.5,1
2,9,15832,4.1692,38.6,28.64,-40.5,9,0.0,-35.5,1
2,9,16558,3.4931,38.6,28.63,-40.5,9,0.0,-35.5,1
2,9,17284,3.6058,39.6,28.63,-40.5,9,0.0,-35.5,1
2,9,18010,4.5523,39.6,28.64,-40.5,9,0.0,-35.5,1
2,9,18736,4.5523,38.6,28.64,-40.5,9,0.0,-35.5,1
2,9,19462,4.5072,39.6,28.64,-41.0,9,0.0,-35.5,1
2,9,20188,3.9663,38.6,28.64,-40.5,9,0.0,-35.5,1
2,9,20914,3.4480,38.6,28.64,-40.5,9,0.0,-35.5,1
2,9,21640,4.3044,39.6,28.64,-40.5,9,0.0,-35.5,1
2,9,22366,3.0424,38.6,28.64,-40.5,9,0.0,-35.5,1
2,9,23092,3.0874,38.6,28.64,-40.5,9,0.0,-35.5,1
2,9,23818,3.8086,38.6,28.64,-40.5,9,0.0,-35.5,1
2,9,24544,3.6283,38.6,28.64,-40.5,9,0.0,-35.5,1
2,9,25270,2.8621,38.6,28.64,-40.5,9,0.0,-35.5,1
2,9,25996,3.1550,38.6,28.64,-40.5,9,0.0,-35.5,1
2,9,26722,3.1550,38.6,28.65,-40.5,9,0.0,-35.5,1
2,9,27448,3.6959,38.6,28.65,-40.5,9,0.0,-35.5,1
2,9,28174,3.1550,39.6,28.65,-40.5,9,0.0,-35.5,1
2,9,28900,2.7269,38.6,28.65,-40.5,9,0.0,-35.5,1
2,9,29626,4.2819,38.6,28.65,-40.5,9,0.0,-35.5,1
2,9,30352,3.8987,39.6,28.64,-40.5,9,0.0,-35.5,1
2,9,31078,3.3579,38.6,28.65,-40.5,9,0.0,-35.5,1
2,9,31804,3.8537,39.6,28.65,-40.5,9,0.0,-35.5,1
2,9,32530,4.7551,39.6,28.65,-41.0,9,0.0,-35.5,1
2,9,33256,3.5156,38.6,28.65,-40.5,9,0.0,-35.5,1
2,9,33982,2.5691,39.6,28.65,-40.5,9,0.0,-35.5,1
2,9,34708,2.5691,38.6,28.65,-40.5,9,0.0,-35.5,1
2,9,35434,3.4931,39.6,28.65,-41.0,9,0.0,-35.5,1
2,9,36160,3.7635,39.6,28.65,-40.5,9,0.0,-35.5,1
2,9,36886,3.5607,38.6,28.66,-40.5,9,0.0,-35.5,1
2,9,37612,4.4847,39.6,28.66,-40.5,9,0.0,-35.5,1
2,9,38338,3.6058,38.6,28.65,-41.0,9,0.0,-35.5,1
2,9,39064,4.3945,38.6,28.65,-40.5,9,0.0,-35.5,1
2,9,39790,3.7635,38.6,28.65,-40.5,9,0.0,-35.5,1
2,9,40516,4.1466,39.6,28.65,-40.5,9,0.0,-35.5,1
2,9,41242,3.5607,39.6,28.65,-40.5,9,0.0,-35.5,1
2,9,41968,2.9522,38.6,28.65,-40.5,9,0.0,-35.5,1
2,9,42694,2.9522,38.6,28.65,-40.5,9,0.0,-35.5,1
2,9,43420,4.1466,39.6,28.66,-40.5,9,0.0,-35.5,1
2,9,44146,3.4931,39.6,28.65,-40.5,9,0.0,-35.5,1
2,9,44872,2.7719,39.6,28.66,-40.5,9,0.0,-35.5,1
2,9,45598,3.5382,39.6,28.66,-40.5,9,0.0,-35.5,1
2,9,46324,3.2452,39.6,28.66,-40.5,9,0.0,-35.5,1
2,9,47050,4.3945,39.6,28.66,-40.5,9,0.0,-35.5,1
2,9,47776,3.1550,39.6,28.66,-40.5,9,0.0,-35.5,1
2,9,48502,3.5832,39.6,28.66,-40.5,9,0.0,-35.5,1
2,9,49228,2.8621,39.6,28.66,-40.5,9,0.0,-35.5,1
2,9,49954,3.0424,38.6,28.66,-40.5,9,0.0,-35.5,1
2,9,50680,3.0424,38.6,28.66,-40.5,9,0.0,-35.5,1
2,9,51406,3.6959,39.6,28.66,-40.5,9,0.0,-35.5,1
2,9,52132,3.6508,38.6,28.66,-40.5,9,0.0,-35.5,1
2,9,52858,2.6593,38.6,28.66,-40.5,9,0.0,-35.5,1
2,9,53584,2.7494,38.6,28.66,-40.5,9,0.0,-35.5,1
2,9,54310,3.5382,39.6,28.66,-40.5,9,0.0,-35.5,1
2,9,55036,3.6508,38.6,28.66,-40.5,9,0.0,-35.5,1
2,9,55762,3.7635,38.6,28.66,-40.5,9,0.0,-35.5,1
2,9,56488,2.9973,39.6,28.66,-40.5,9,0.0,-35.5,1
2,9,57214,4.4847,38.6,28.65,-40.5,9,0.0,-35.5,1
2,9,57940,4.2142,39.6,28.66,-40.5,9,0.0,-35.5,1
2,9,58666,4.2142,39.6,28.66,-40.5,9,0.0,-35.5,1
2,9,59392,3.9438,38.6,28.66,-40.5,9,0.0,-35.5,1
2,9,60118,2.7043,38.6,28.67,-40.5,9,0.0,-35.5,1
2,9,60844,2.7719,38.6,28.66,-40.5,9,0.0,-35.5,1
2,9,61570,3.8311,38.6,28.66,-40.5,9,0.0,-35.5,1
2,9,62296,2.7494,38.6,28.66,-40.5,9,0.0,-35.5,1
2,9,63022,3.9663,39.6,28.67,-40.5,9,0.0,-35.5,1
2,9,63748,3.0874,38.6,28.67,-41.0,9,0.0,-35.5,1
2,9,64474,3.4706,38.6,28.66,-40.5,9,0.0,-35.5,1
2,9,65200,3.8086,38.6,28.66,-40.5,9,0.0,-35.5,1
2,9,65926,3.0198,38.6,28.66,-40.5,9,0.0,-35.5,1
2,9,66652,4.4171,38.6,28.66,-40.5,9,0.0,-35.5,1
2,9,67378,2.7945,39.6,28.66,-40.5,9,0.0,-35.5,1
2,9,68104,2.8170,39.6,28.66,-40.5,9,0.0,-35.5,1
2,9,68830,3.5607,39.6,28.67,-40.5,9,0.0,-35.5,1
2,9,69556,4.3720,38.6,28.66,-40.5,9,0.0,-35.5,1
2,9,70282,3.5607,39.6,28.66,-40.5,9,0.0,-35.5,1
2,9,71008,3.5156,38.6,28.66,-40.5,9,0.0,-35.5,1
2,9,71734,3.3353,38.6,28.66,-40.5,9,0.0,-35.5,1
2,9,72460,-4.8002,38.6,28.66,-40.5,9,0.0,-35.5,0
2,9,73186,3.6734,39.6,28.66,-40.5,9,0.0,-35.5,1
2,9,73912,3.5607,38.6,28.66,-40.5,9,0.0,-35.5,1
2,9,74638,4.5748,38.6,28.66,-41.0,9,0.0,-35.5,1
2,9,75364,3.1325,38.6,28.66,-40.5,9,0.0,-35.5,1
2,9,76090,3.3128,39.6,28.66,-40.5,9,0.0,-35.5,1
2,9,76816,4.1241,39.6,28.66,-40.5,9,0.0,-35.5,1
2,9,77542,3.7410,38.6,28.66,-40.5,9,0.0,-35.5,1
2,9,78268,3.9438,39.6,28.66,-40.5,9,0.0,-35.5,1
2,9,78994,4.2819,38.6,28.66,-40.5,9,0.0,-35.5,1
2,9,79720,3.4480,38.6,28.66,-40.5,9,0.0,-35.5,1
2,9,80446,3.4480,39.6,28.66,-40.5,9,0.0,-35.5,1
2,9,81172,4.0565,39.6,28.66,-40.5,9,0.0,-35.5,1
2,9,81898,2.6593,39.6,28.66,-40.5,9,0.0,-35.5,1
2,9,82624,3.1100,39.6,28.66,-40.5,9,0.0,-35.5,1
2,9,83350,3.8762,39.6,28.66,-40.5,9,0.0,-35.5,1
2,9,84076,3.5382,39.6,28.66,-40.5,9,0.0,-35.5,1
2,9,84802,3.8987,38.6,28.66,-40.5,9,0.0,-35.5,1
2,9,85528,3.9889,38.6,28.66,-40.5,9,0.0,-35.5,1
2,9,86254,3.7184,38.6,28.66,-40.5,9,0.0,-35.5,1
2,9,86980,3.6058,38.6,28.66,-40.5,9,0.0,-35.5,1
2,9,87706,3.5607,38.6,28.66,-40.5,9,0.0,-35.5,1
2,9,88432,3.5607,38.6,28.66,-40.5,9,0.0,-35.5,1
2,9,89158,4.3720,38.6,28.67,-41.0,9,0.0,-35.5,1
2,9,89884,3.0874,38.6,28.67,-40.5,9,0.0,-35.5,1
2,9,90610,3.3804,38.6,28.66,-40.5,9,0.0,-35.5,1
2,9,91336,3.4480,39.6,28.66,-40.5,9,0.0,-35.5,1
2,9,92062,2.6818,38.6,28.66,-41.0,9,0.0,-35.5,1
2,9,92788,3.4931,38.6,28.67,-41.0,9,0.0,-35.5,1
2,9,93514,3.4480,38.6,28.67,-40.5,9,0.0,-35.5,1
2,9,94240,4.5297,39.6,28.67,-40.5,9,0.0,-35.5,1
2,9,94966,3.9889,39.6,28.67,-40.5,9,0.0,-35.5,1
2,9,95692,4.2593,39.6,28.67,-41.0,9,0.0,-35.5,1
2,9,96418,4.2593,39.6,28.67,-41.0,9,0.0,-35.5,1
2,9,97144,3.4480,39.6,28.67,-40.5,9,0.0,-35.5,1
2,9,97870,2.5916,38.6,28.67,-40.5,9,0.0,-35.5,1
2,9,98596,3.9663,39.6,28.67,-40.5,9,0.0,-35.5,1
2,9,99322,3.4480,38.6,28.66,-40.5,9,0.0,-35.5,1
2,9,100048,2.5691,38.6,28.66,-40.5,9,0.0,-35.5,1
2,9,100774,3.5382,39.6,28.66,-40.5,9,0.0,-35.5,1
2,9,101500,2.5916,39.6,28.67,-40.5,9,0.0,-35.5,1
2,9,102226,3.9889,39.6,28.67,-40.5,9,0.0,-35.5,1
2,9,102952,4.7326,39.6,28.66,-41.0,9,0.0,-35.5,1
2,9,103678,3.5832,39.6,28.66,-41.0,9,0.0,-35.5,1
2,9,104404,3.5832,39.6,28.66,-41.0,9,0.0,-35.5,1
2,9,105130,4.4847,38.6,28.67,-40.5,9,0.0,-35.5,1
2,9,105856,2.9522,38.6,28.67,-40.5,9,0.0,-35.5,1
2,9,106582,2.4339,38.6,28.66,-40.5,9,0.0,-35.5,1
2,9,107308,4.3269,39.6,28.67,-40.5,9,0.0,-35.5,1
2,9,108034,4.5072,39.6,28.66,-41.0,9,0.0,-35.5,1
2,9,108760,4.3495,39.6,28.66,-40.5,9,0.0,-35.5,1
2,9,109486,4.1241,38.6,28.66,-40.5,9,0.0,-35.5,1
2,9,110212,3.1100,38.6,28.66,-40.5,9,0.0,-35.5,1
2,9,110938,3.1776,39.6,28.66,-40.5,9,0.0,-35.5,1
2,9,111664,3.2227,39.6,28.66,-40.5,9,0.0,-35.5,1
2,9,112390,3.2227,38.6,28.66,-40.5,9,0.0,-35.5,1
2,9,113116,2.9973,38.6,28.66,-41.0,9,0.0,-35.5,1
2,9,113842,3.5607,38.6,28.66,-40.5,9,0.0,-35.5,1
2,9,114568,2.4339,38.6,28.66,-40.5,9,0.0,-35.5,1
2,9,115294,3.8311,38.6,28.66,-40.5,9,0.0,-35.5,1
2,9,116020,2.8621,39.6,28.66,-40.5,9,0.0,-35.5,1
2,9,116746,3.1776,39.6,28.66,-40.5,9,0.0,-35.5,1
2,9,117472,3.6058,38.6,28.66,-40.5,9,0.0,-35.5,1
2,9,118198,3.8762,39.6,28.66,-40.5,9,0.0,-35.5,1
2,9,118924,3.8086,39.6,28.66,-40.5,9,0.0,-35.5,1
2,9,119650,3.4706,39.6,28.66,-40.5,9,0.0,-35.5,1
2,9,120376,4.5748,38.6,28.66,-41.0,9,0.0,-35.5,1
2,9,121102,4.6650,38.6,28.66,-40.5,9,0.0,-35.5,1
2,9,121828,4.5523,38.6,28.66,-41.0,9,0.0,-35.5,1
2,9,122554,3.6058,39.6,28.66,-40.5,9,0.0,-35.5,1
2,9,123280,3.6058,39.6,28.66,-40.5,9,0.0,-35.5,1
2,9,124006,3.4029,38.6,28.66,-40.5,9,0.0,-35.5,1
2,9,124732,3.1550,39.6,28.66,-40.5,9,0.0,-35.5,1
2,9,125458,3.6508,38.6,28.66,-40.5,9,0.0,-35.5,1
2,9,126184,2.3663,39.6,28.66,-40.5,9,0.0,-35.5,1
2,9,126910,3.0424,38.6,28.65,-40.5,9,0.0,-35.5,1
2,9,127636,2.9973,38.6,28.65,-40.5,9,0.0,-35.5,1
2,9,128362,2.9748,38.6,28.65,-40.5,9,0.0,-35.5,1
2,9,129088,4.0565,38.6,28.66,-40.5,9,0.0,-35.5,1
2,9,129814,3.4255,38.6,28.65,-40.5,9,0.0,-35.5,1
2,9,130540,3.4029,39.6,28.65,-40.5,9,0.0,-35.5,1
2,9,131266,3.6959,39.6,28.66,-41.0,9,0.0,-35.5,1
2,9,131992,3.5607,38.6,28.66,-40.5,9,0.0,-35.5,1
2,9,132718,3.6959,38.6,28.66,-40.5,9,0.0,-35.5,1
2,9,133444,3.3804,38.6,28.65,-40.5,9,0.0,-35.5,1
2,9,134170,3.3804,39.6,28.65,-40.5,9,0.0,-35.5,1
2,9,134896,4.3495,39.6,28.65,-40.5,9,0.0,-35.5,1
2,9,135622,3.5156,39.6,28.66,-41.0,9,0.0,-35.5,1
2,9,136348,3.2452,38.6,28.66,-40.5,9,0.0,-35.5,1
2,9,137074,3.8762,38.6,28.66,-40.5,9,0.0,-35.5,1
2,9,137800,2.9973,38.6,28.66,-40.5,9,0.0,-35.5,1
2,9,138526,3.6058,38.6,28.66,-40.5,9,0.0,-35.5,1
2,9,139252,4.5748,38.6,28.66,-40.5,9,0.0,-35.5,1
2,9,139978,2.7719,38.6,28.66,-40.5,9,0.0,-35.5,1
2,9,140704,2.9072,39.6,28.66,-40.5,9,0.0,-35.5,1
2,9,141430,3.1776,39.6,28.66,-40.5,9,0.0,-35.5,1
2,9,142156,3.1776,39.6,28.66,-40.5,9,0.0,-35.5,1
2,9,142882,4.2142,38.6,28.66,-40.5,9,0.0,-35.5,1
2,9,143608,3.4706,38.6,28.66,-40.5,9,0.0,-35.5,1
2,9,144334,4.1917,38.6,28.66,-40.5,9,0.0,-35.5,1
2,9,145060,2.8170,38.6,28.66,-40.5,9,0.0,-35.5,1
2,9,145786,2.9297,38.6,28.66,-40.5,9,0.0,-35.5,1
2,9,146512,3.2227,38.6,28.66,-40.5,9,0.0,-35.5,1
2,9,147238,3.4255,38.6,28.66,-40.5,9,0.0,-35.5,1
2,9,147964,2.9973,38.6,28.66,-40.5,9,0.0,-35.5,1
2,9,148690,3.3128,38.6,28.66,-40.5,9,0.0,-35.5,1
2,9,149416,3.4706,38.6,28.66,-40.5,9,0.0,-35.5,1
2,9,150142,3.4706,38.6,28.66,-40.5,9,0.0,-35.5,1
2,9,150868,2.9297,38.6,28.66,-40.5,9,0.0,-35.5,1
2,9,151594,3.1100,38.6,28.66,-40.5,9,0.0,-35.5,1
2,9,152320,3.6959,39.6,28.66,-40.5,9,0.0,-35.5,1
2,9,153046,2.7043,39.6,28.66,-40.5,9,0.0,-35.5,1
2,9,153772,3.4931,39.6,28.66,-40.5,9,0.0,-35.5,1
2,9,154498,4.4171,39.6,28.66,-40.5,9,0.0,-35.5,1
2,9,155224,3.4480,39.6,28.66,-40.5,9,0.0,-35.5,1
2,9,155950,3.5156,39.6,28.66,-40.5,9,0.0,-35.5,1
2,9,156676,3.4255,39.6,28.66,-40.5,9,0.0,-35.5,1
2,9,157402,3.8086,39.6,28.65,-40.5,9,0.0,-35.5,1
2,9,158128,3.8086,38.6,28.66,-40.5,9,0.0,-35.5,1
2,9,158854,3.7184,38.6,28.66,-40.5,9,0.0,-35.5,1
2,9,159580,3.5832,38.6,28.66,-40.5,9,0.0,-35.5,1
2,9,160306,3.8311,38.6,28.66,-40.5,9,0.0,-35.5,1
2,9,161032,2.7945,38.6,28.65,-40.5,9,0.0,-35.5,1
2,9,161758,3.7635,38.6,28.65,-40.5,9,0.0,-35.5,1
2,9,162484,3.6734,38.6,28.66,-40.5,9,0.0,-35.5,1
2,9,163210,4.1692,39.6,28.66,-40.5,9,0.0,-35.5,1
2,9,163936,3.4029,38.6,28.66,-40.5,9,0.0,-35.5,1
2,9,164662,3.6283,38.6,28.66,-40.5,9,0.0,-35.5,1
2,9,165388,3.4931,39.6,28.65,-40.5,9,0.0,-35.5,1
2,9,166114,3.4931,39.6,28.65,-40.5,9,0.0,-35.5,1
2,9,166840,4.2819,39.6,28.65,-40.5,9,0.0,-35.5,1
2,9,167566,3.8311,38.6,28.66,-40.5,9,0.0,-35.5,1
2,9,168292,3.9213,38.6,28.65,-40.5,9,0.0,-35.5,1
2,9,169018,3.9438,38.6,28.66,-40.5,9,0.0,-35.5,1
2,9,169744,3.5156,38.6,28.65,-40.5,9,0.0,-35.5,1
2,9,170470,2.2987,38.6,28.66,-40.5,9,0.0,-35.5,1
2,9,171196,3.9213,38.6,28.66,-40.5,9,0.0,-35.5,1
2,9,171922,3.8311,39.6,28.65,-41.0,9,0.0,-35.5,1
2,9,172648,3.1776,39.6,28.65,-41.0,9,0.0,-35.5,1
2,9,173374,3.7635,39.6,28.66,-40.5,9,0.0,-35.5,1
2,9,174100,3.1550,39.6,28.65,-40.5,9,0.0,-35.5,1
2,9,174826,3.2001,39.6,28.65,-40.5,9,0.0,-35.5,1
2,9,175552,4.5297,38.6,28.65,-40.5,9,0.0,-35.5,1
2,9,176278,3.8311,38.6,28.65,-40.5,9,0.0,-35.5,1
2,9,177004,2.8846,38.6,28.65,-40.5,9,0.0,-35.5,1
2,9,177730,2.6818,38.6,28.65,-40.5,9,0.0,-35.5,1
2,9,178456,4.2593,38.6,28.65,-40.5,9,0.0,-35.5,1
2,9,179182,3.9663,38.6,28.65,-40.5,9,0.0,-35.5,1
2,9,179908,3.7861,39.6,28.65,-40.5,9,0.0,-35.5,1
2,9,180634,3.5832,39.6,28.65,-40.5,9,0.0,-35.5,1
2,9,181360,3.6058,39.6,28.65,-40.5,9,0.0,-35.5,1
2,9,182086,4.1241,39.6,28.65,-40.5,9,0.0,-35.5,1
2,9,182812,3.6959,39.6,28.65,-40.5,9,0.0,-35.5,1
2,9,183538,3.7410,39.6,28.65,-40.5,9,0.0,-35.5,1
2,9,184264,2.9072,39.6,28.65,-40.5,9,0.0,-35.5,1
2,9,184990,3.4480,39.6,28.65,-40.5,9,0.0,-35.5,1
2,9,185716,3.4480,39.6,28.65,-40.5,9,0.0,-35.5,1
2,9,186442,3.2903,39.6,28.65,-40.5,9,0.0,-35.5,1
2,9,187168,2.9522,39.6,28.64,-40.5,9,0.0,-35.5,1
2,9,187894,2.9522,38.6,28.64,-40.5,9,0.0,-35.5,1
2,9,188620,3.3128,38.6,28.65,-40.5,9,0.0,-35.5,1
2,9,189346,4.0565,38.6,28.65,-40.5,9,0.0,-35.5,1
2,9,190072,2.5466,39.6,28.64,-40.5,9,0.0,-35.5,1
2,9,190798,2.7719,38.6,28.65,-40.5,9,0.0,-35.5,1
2,9,191524,2.9522,38.6,28.64,-40.5,9,0.0,-35.5,1
2,9,192250,3.6058,38.6,28.65,-40.5,9,0.0,-35.5,1
2,9,192976,2.7269,38.6,28.64,-40.5,9,0.0,-35.5,1
2,9,193702,4.1016,38.6,28.64,-40.5,9,0.0,-35.5,1
2,9,194428,3.4480,38.6,28.64,-40.5,9,0.0,-35.5,1
2,9,195154,3.4255,38.6,28.64,-40.5,9,0.0,-35.5,1
2,9,195880,3.4255,38.6,28.64,-40.5,9,0.0,-35.5,1
2,9,196606,3.5607,39.6,28.65,-40.5,9,0.0,-35.5,1
2,9,197332,4.3945,39.6,28.65,-40.5,9,0.0,-35.5,1
2,9,198058,4.5748,39.6,28.65,-40.5,9,0.0,-35.5,1
2,9,198784,2.7494,39.6,28.64,-40.5,9,0.0,-35.5,1
2,9,199510,3.4029,39.6,28.64,-40.5,9,0.0,-35.5,1
2,9,200236,4.4171,39.6,28.64,-40.5,9,0.0,-35.5,1
2,9,200962,4.3720,38.6,28.65,-40.5,9,0.0,-35.5,1
2,9,201688,3.7635,38.6,28.64,-41.0,9,0.0,-35.5,1
2,9,202414,4.4171,38.6,28.64,-41.0,9,0.0,-35.5,1
2,9,203140,4.3269,38.6,28.64,-41.0,9,0.0,-35.5,1
2,9,203866,4.3269,38.6,28.64,-41.0,9,0.0,-35.5,1
2,9,204592,3.6508,39.6,28.65,-40.5,9,0.0,-35.5,1
2,9,205318,3.0424,39.6,28.65,-41.0,9,0.0,-35.5,1
2,9,206044,2.8170,39.6,28.65,-40.5,9,0.0,-35.5,1
2,9,206770,3.5832,39.6,28.65,-40.5,9,0.0,-35.5,1
2,9,207496,3.3128,39.6,28.64,-40.5,9,0.0,-35.5,1
2,9,208222,4.5974,39.6,28.64,-40.5,9,0.0,-35.5,1
2,9,208948,4.6199,39.6,28.64,-40.5,9,0.0,-35.5,1
2,9,209674,2.4564,39.6,28.64,-40.5,9,0.0,-35.5,1
2,9,210400,4.2142,39.6,28.64,-40.5,9,0.0,-35.5,1
2,9,211126,4.1241,39.6,28.64,-40.5,9,0.0,-35.5,1
2,9,211852,4.1241,39.6,28.64,-40.5,9,0.0,-35.5,1
2,9,212578,3.4931,38.6,28.64,-40.5,9,0.0,-35.5,1
2,9,213304,2.5240,39.6,28.64,-40.5,9,0.0,-35.5,1
2,9,214030,3.6283,39.6,28.64,-40.5,9,0.0,-35.5,1
2,9,214756,4.0340,39.6,28.64,-40.5,9,0.0,-35.5,1
2,9,215482,3.4480,39.6,28.65,-40.5,9,0.0,-35.5,1
2,9,216208,2.6818,38.6,28.64,-40.5,9,0.0,-35.5,1
2,9,216934,2.9973,39.6,28.64,-40.5,9,0.0,-35.5,1
2,9,217660,3.2677,38.6,28.64,-40.5,9,0.0,-35.5,1
2,9,218386,3.7410,38.6,28.64,-41.0,9,0.0,-35.5,1
2,9,219112,4.3945,39.6,28.64,-41.0,9,0.0,-35.5,1
2,9,219838,4.3945,38.6,28.65,-41.0,9,0.0,-35.5,1
2,9,220564,4.2593,39.6,28.64,-40.5,9,0.0,-35.5,1
2,9,221290,3.9213,38.6,28.64,-40.5,9,0.0,-35.5,1
2,9,222016,3.6959,38.6,28.64,-40.5,9,0.0,-35.5,1
2,9,222742,4.3269,38.6,28.64,-40.5,9,0.0,-35.5,1
2,9,223468,4.5297,39.6,28.64,-40.5,9,0.0,-35.5,1
2,9,224194,2.8621,39.6,28.64,-40.5,9,0.0,-35.5,1
2,9,224920,2.7043,38.6,28.64,-40.5,9,0.0,-35.5,1
2,9,225646,4.1692,38.6,28.65,-40.5,9,0.0,-35.5,1
2,9,226372,3.4029,38.6,28.64,-40.5,9,0.0,-35.5,1
2,9,227098,4.4621,38.6,28.63,-41.0,9,0.0,-35.5,1
2,9,227824,3.9889,38.6,28.64,-40.5,9,0.0,-35.5,1
2,9,228550,2.9522,38.6,28.64,-40.5,9,0.0,-35.5,1
2,9,229276,3.6058,38.6,28.64,-40.5,9,0.0,-35.5,1
2,9,230002,4.4847,38.6,28.64,-41.0,9,0.0,-35.5,1
2,9,230728,3.8311,38.6,28.64,-40.5,9,0.0,-35.5,1
2,9,231454,4.1466,39.6,28.64,-40.5,9,0.0,-35.5,1
2,9,232180,2.7945,39.6,28.64,-40.5,9,0.0,-35.5,1
2,9,232906,4.2593,39.6,28.64,-40.5,9,0.0,-35.5,1
2,9,233632,3.2677,39.6,28.64,-40.5,9,0.0,-35.5,1
2,9,234358,2.5466,39.6,28.64,-40.5,9,0.0,-35.5,1
2,9,235084,3.4706,39.6,28.64,-40.5,9,0.0,-35.5,1
2,9,235810,3.6959,39.6,28.64,-40.5,9,0.0,-35.5,1
2,9,236536,4.5974,39.6,28.64,-40.5,9,0.0,-35.5,1
2,9,237262,3.7184,38.6,28.64,-40.5,9,0.0,-35.5,1
2,9,237988,3.3579,39.6,28.64,-40.5,9,0.0,-35.5,1
2,9,238714,2.9522,39.6,28.64,-40.5,9,0.0,-35.5,1
2,9,239440,3.8311,38.6,28.64,-40.5,9,0.0,-35.5,1
2,9,240166,3.5156,38.6,28.63,-40.5,9,0.0,-35.5,1
2,9,240892,2.6367,38.6,28.64,-40.5,9,0.0,-35.5,1
2,9,241618,2.6367,38.6,28.63,-40.5,9,0.0,-35.5,1
2,9,242344,4.1917,38.6,28.64,-40.5,9,0.0,-35.5,1
2,9,243070,3.5382,38.6,28.63,-40.5,9,0.0,-35.5,1
2,9,243796,3.1550,38.6,28.63,-40.5,9,0.0,-35.5,1
2,9,244522,3.1100,39.6,28.63,-40.5,9,0.0,-35.5,1
2,9,245248,2.8846,38.6,28.63,-40.5,9,0.0,-35.5,1
2,9,245974,3.7635,39.6,28.63,-40.5,9,0.0,-35.5,1
2,9,246700,3.1100,39.6,28.63,-40.5,9,0.0,-35.5,1
2,9,247426,3.8311,39.6,28.63,-40.5,9,0.0,-35.5,1
2,9,248152,3.8311,39.6,28.63,-40.5,9,0.0,-35.5,1
2,9,248878,3.9889,39.6,28.63,-40.5,9,0.0,-35.5,1
2,9,249604,3.9889,39.6,28.63,-40.5,9,0.0,-35.5,1
2,9,250330,3.6058,38.6,28.63,-40.5,9,0.0,-35.5,1
2,9,251056,3.6508,38.6,28.63,-40.5,9,0.0,-35.5,1
2,9,251782,4.0565,38.6,28.63,-40.5,9,0.0,-35.5,1
2,9,252508,3.8311,38.6,28.63,-40.5,9,0.0,-35.5,1
2,9,253234,2.9072,38.6,28.63,-40.5,9,0.0,-35.5,1
2,9,253960,3.9889,39.6,28.63,-40.5,9,0.0,-35.5,1
2,9,254686,3.2677,39.6,28.63,-40.5,9,0.0,-35.5,1
2,9,255412,4.4847,39.6,28.62,-40.5,9,0.0,-35.5,1
2,9,256138,2.8846,39.6,28.63,-40.5,9,0.0,-35.5,1
2,9,256864,4.0340,39.6,28.63,-40.5,9,0.0,-35.5,1
2,9,257590,4.0340,38.6,28.63,-40.5,9,0.0,-35.5,1
2,9,258316,2.9072,38.6,28.63,-40.5,9,0.0,-35.5,1
2,9,259042,2.4114,38.6,28.63,-40.5,9,0.0,-35.5,1
2,9,259768,3.0198,38.6,28.63,-40.5,9,0.0,-35.5,1
2,9,260494,4.3495,39.6,28.63,-40.5,9,0.0,-35.5,1
2,9,261220,3.4706,39.6,28.63,-40.5,9,0.0,-35.5,1
2,9,261946,3.4255,39.6,28.63,-40.5,9,0.0,-35.5,1
2,9,262672,3.7861,38.6,28.63,-40.5,9,0.0,-35.5,1
2,9,263398,4.1016,38.6,28.63,-40.5,9,0.0,-35.5,1
2,9,264124,3.5832,38.6,28.63,-40.5,9,0.0,-35.5,1
2,9,264850,2.7269,38.6,28.63,-40.5,9,0.0,-35.5,1
2,9,265576,2.7269,39.6,28.63,-40.5,9,0.0,-35.5,1
2,9,266302,3.6959,39.6,28.63,-40.5,9,0.0,-35.5,1
2,9,267028,3.0874,38.6,28.64,-40.5,9,0.0,-35.5,1
2,9,267754,3.4706,38.6,28.63,-40.5,9,0.0,-35.5,1
2,9,268480,4.1241,38.6,28.63,-40.5,9,0.0,-35.5,1
2,9,269206,2.7043,38.6,28.62,-40.5,9,0.0,-35.5,1
2,9,269932,2.9522,38.6,28.62,-40.5,9,0.0,-35.5,1
2,9,270658,3.7635,39.6,28.62,-40.5,9,0.0,-35.5,1
2,9,271384,2.8170,39.6,28.62,-40.5,9,0.0,-35.5,1
2,9,272110,2.8170,38.6,28.63,-40.5,9,0.0,-35.5,1
2,9,272836,4.2593,38.6,28.62,-40.5,9,0.0,-35.5,1
2,9,273562,4.2593,38.6,28.62,-40.5,9,0.0,-35.5,1
2,9,274288,4.6199,39.6,28.62,-40.5,9,0.0,-35.5,1
2,9,275014,3.2001,39.6,28.62,-40.5,9,0.0,-35.5,1
2,9,275740,4.1466,38.6,28.63,-41.0,9,0.0,-35.5,1
2,9,276466,3.8987,39.6,28.62,-40.5,9,0.0,-35.5,1
2,9,277192,3.4931,38.6,28.62,-40.5,9,0.0,-35.5,1
2,9,277918,4.5523,38.6,28.62,-41.0,9,0.0,-35.5,1
2,9,278644,3.0198,39.6,28.63,-40.5,9,0.0,-35.5,1
2,9,279370,3.2452,39.6,28.63,-40.5,9,0.0,-35.5,1
2,9,280096,3.5156,38.6,28.63,-40.5,9,0.0,-35.5,1
2,9,280822,3.5156,39.6,28.63,-40.5,9,0.0,-35.5,1
2,9,281548,3.5156,38.6,28.62,-40.5,9,0.0,-35.5,1
2,9,282274,2.6593,39.6,28.62,-40.5,9,0.0,-35.5,1
2,9,283000,3.1325,39.6,28.62,-40.5,9,0.0,-35.5,1
2,9,283726,3.5607,39.6,28.62,-40.5,9,0.0,-35.5,1
2,9,284452,3.4480,39.6,28.62,-40.5,9,0.0,-35.5,1
2,9,285178,3.7635,39.6,28.62,-40.5,9,0.0,-35.5,1
2,9,285904,3.6283,38.6,28.62,-40.5,9,0.0,-35.5,1
2,9,286630,4.1917,39.6,28.62,-40.5,9,0.0,-35.5,1
2,9,287356,3.8537,38.6,28.62,-40.5,9,0.0,-35.5,1
2,9,288082,3.6734,38.6,28.62,-40.5,9,0.0,-35.5,1
2,9,288808,3.8762,39.6,28.62,-40.5,9,0.0,-35.5,1
2,9,289534,4.2142,39.6,28.62,-40.5,9,0.0,-35.5,1
2,9,290260,3.0198,38.6,28.62,-40.5,9,0.0,-35.5,1
2,9,290986,4.5072,38.6,28.62,-40.5,9,0.0,-35.5,1
2,9,291712,4.0790,38.6,28.62,-40.5,9,0.0,-35.5,1
2,9,292438,4.4847,39.6,28.62,-40.5,9,0.0,-35.5,1
2,9,293164,4.0114,38.6,28.62,-41.0,9,0.0,-35.5,1
2,9,293890,3.6508,38.6,28.63,-40.5,9,0.0,-35.5,1
2,9,294616,4.3495,39.6,28.62,-40.5,9,0.0,-35.5,1
2,9,295342,-6.1523,39.6,28.62,-40.5,9,0.0,-35.5,0
2,9,296068,4.3945,39.6,28.62,-40.5,9,0.0,-35.5,1
2,9,296794,4.3269,39.6,28.62,-40.5,9,0.0,-35.5,1
2,9,297520,4.0565,39.6,28.62,-40.5,9,0.0,-35.5,1
2,9,298246,3.7410,39.6,28.62,-40.5,9,0.0,-35.5,1
2,9,298972,4.0114,38.6,28.61,-40.5,9,0.0,-35.5,1
2,9,299698,2.6593,38.6,28.62,-40.5,9,0.0,-35.5,1
2,9,300424,3.5382,38.6,28.62,-40.5,9,0.0,-35.5,1
2,9,301150,3.6508,38.6,28.62,-40.5,9,0.0,-35.5,1
2,9,301876,4.3044,39.6,28.62,-40.5,9,0.0,-35.5,1
2,9,302602,3.5156,39.6,28.62,-40.5,9,0.0,-35.5,1
2,9,303328,3.5156,38.6,28.62,-40.5,9,0.0,-35.5,1
2,9,304054,4.5523,39.6,28.62,-41.0,9,0.0,-35.5,1
2,9,304780,2.9973,39.6,28.62,-41.0,9,0.0,-35.5,1
2,9,305506,3.7635,38.6,28.62,-41.0,9,0.0,-35.5,1
2,9,306232,4.5297,38.6,28.62,-40.5,9,0.0,-35.5,1
2,9,306958,3.3804,38.6,28.62,-40.5,9,0.0,-35.5,1
2,9,307684,2.4339,38.6,28.62,-40.5,9,0.0,-35.5,1
2,9,308410,3.9438,39.6,28.62,-40.5,9,0.0,-35.5,1
2,9,309136,3.7410,39.6,28.62,-40.5,9,0.0,-35.5,1
2,9,309862,2.5015,38.6,28.62,-40.5,9,0.0,-35.5,1
2,9,310588,3.0649,38.6,28.62,-40.5,9,0.0,-35.5,1
2,9,311314,3.0649,38.6,28.62,-40.5,9,0.0,-35.5,1
2,9,312040,3.7635,38.6,28.61,-40.5,9,0.0,-35.5,1
2,9,312766,3.8311,38.6,28.61,-40.5,9,0.0,-35.5,1
2,9,313492,2.9522,38.6,28.61,-40.5,9,0.0,-35.5,1
2,9,314218,3.3804,38.6,28.61,-40.5,9,0.0,-35.5,1
2,9,314944,3.7184,38.6,28.62,-40.5,9,0.0,-35.5,1
2,9,315670,3.7635,39.6,28.62,-41.0,9,0.0,-35.5,1
2,9,316396,2.7043,39.6,28.62,-40.5,9,0.0,-35.5,1
2,9,317122,3.9438,39.6,28.62,-41.0,9,0.0,-35.5,1
2,9,317848,3.3579,39.6,28.62,-40.5,9,0.0,-35.5,1
2,9,318574,3.2677,38.6,28.62,-40.5,9,0.0,-35.5,1
2,9,319300,3.2677,39.6,28.62,-40.5,9,0.0,-35.5,1
2,9,320026,2.4114,39.6,28.62,-40.5,9,0.0,-35.5,1
2,9,320752,3.6959,39.6,28.62,-40.5,9,0.0,-35.5,1
2,9,321478,3.5156,39.6,28.62,-40.5,9,0.0,-35.5,1
2,9,322204,2.9297,38.6,28.62,-40.5,9,0.0,-35.5,1
2,9,322930,3.1776,39.6,28.62,-40.5,9,0.0,-35.5,1
2,9,323656,4.4171,38.6,28.62,-40.5,9,0.0,-35.5,1
2,9,324382,3.2452,38.6,28.62,-40.5,9,0.0,-35.5,1
2,9,325108,3.6959,38.6,28.62,-40.5,9,0.0,-35.5,1
2,9,325834,2.8846,38.6,28.62,-40.5,9,0.0,-35.5,1
2,9,326560,3.6283,39.6,28.62,-40.5,9,0.0,-35.5,1
2,9,327286,3.6283,39.6,28.62,-40.5,9,0.0,-35.5,1
2,9,328012,3.8086,39.6,28.62,-40.5,9,0.0,-35.5,1
2,9,328738,3.6959,39.6,28.62,-41.0,9,0.0,-35.5,1
2,9,329464,3.6058,38.6,28.62,-40.5,9,0.0,-35.5,1
2,9,330190,2.5240,39.6,28.62,-40.5,9,0.0,-35.5,1
2,9,330916,3.8762,39.6,28.62,-40.5,9,0.0,-35.5,1
2,9,331642,3.7861,39.6,28.62,-40.5,9,0.0,-35.5,1
2,9,332368,3.7184,38.6,28.62,-40.5,9,0.0,-35.5,1
2,9,333094,2.8170,39.6,28.62,-40.5,9,0.0,-35.5,1
2,9,333820,2.6593,39.6,28.62,-40.5,9,0.0,-35.5,1
2,9,334546,3.8537,39.6,28.62,-40.5,9,0.0,-35.5,1
2,9,335272,3.8537,38.6,28.62,-40.5,9,0.0,-35.5,1
2,9,335998,3.3128,39.6,28.61,-40.5,9,0.0,-35.5,1
2,9,336724,4.0114,38.6,28.62,-40.5,9,0.0,-35.5,1
2,9,337450,3.4480,38.6,28.62,-40.5,9,0.0,-35.5,1
2,9,338176,3.6283,38.6,28.61,-40.5,9,0.0,-35.5,1
2,9,338902,2.8395,38.6,28.62,-40.5,9,0.0,-35.5,1
2,9,339628,2.3663,38.6,28.62,-40.5,9,0.0,-35.5,1
2,9,340354,3.7861,39.6,28.62,-40.5,9,0.0,-35.5,1
2,9,341080,3.2001,39.6,28.62,-40.5,9,0.0,-35.5,1
2,9,341806,4.1917,38.6,28.62,-40.5,9,0.0,-35.5,1
2,9,342532,3.7184,38.6,28.62,-40.5,9,0.0,-35.5,1
2,9,343258,3.5607,38.6,28.61,-41.0,9,0.0,-35.5,1
2,9,343984,3.2227,38.6,28.62,-40.5,9,0.0,-35.5,1
2,9,344710,4.1917,38.6,28.62,-40.5,9,0.0,-35.5,1
2,9,345436,3.3804,38.6,28.61,-40.5,9,0.0,-35.5,1
2,9,346162,4.1466,38.6,28.61,-40.5,9,0.0,-35.5,1
2,9,346888,3.8537,39.6,28.61,-40.5,9,0.0,-35.5,1
2,9,347614,2.5691,39.6,28.61,-40.5,9,0.0,-35.5,1
2,9,348340,3.4480,39.6,28.61,-40.5,9,0.0,-35.5,1
2,9,349066,2.5466,39.6,28.61,-40.5,9,0.0,-35.5,1
2,9,349792,4.6199,39.6,28.61,-40.5,9,0.0,-35.5,1
2,9,350518,4.4396,39.6,28.61,-41.0,9,0.0,-35.5,1
2,9,351244,3.6058,39.6,28.61,-40.5,9,0.0,-35.5,1
2,9,351970,4.4396,39.6,28.61,-40.5,9,0.0,-35.5,1
2,9,352696,3.4255,39.6,28.61,-41.0,9,0.0,-35.5,1
2,9,353422,3.8086,39.6,28.61,-40.5,9,0.0,-35.5,1
2,9,354148,4.4171,39.6,28.61,-40.5,9,0.0,-35.5,1
2,9,354874,4.2368,38.6,28.62,-40.5,9,0.0,-35.5,1
2,9,355600,4.0565,38.6,28.61,-41.0,9,0.0,-35.5,1
2,9,356326,4.6199,39.6,28.61,-40.5,9,0.0,-35.5,1
2,9,357052,4.6199,39.6,28.61,-40.5,9,0.0,-35.5,1
2,9,357778,3.2677,38.6,28.61,-40.5,9,0.0,-35.5,1
2,9,358504,2.6593,38.6,28.61,-40.5,9,0.0,-35.5,1
2,9,359230,3.2452,38.6,28.61,-40.5,9,0.0,-35.5,1
2,9,359956,4.4621,39.6,28.61,-40.5,9,0.0,-35.5,1
2,9,360682,4.5748,39.6,28.61,-40.5,9,0.0,-35.5,1
2,9,361408,3.3353,39.6,28.61,-40.5,9,0.0,-35.5,1
2,9,362134,3.5607,39.6,28.61,-40.5,9,0.0,-35.5,1
2,9,362860,3.6508,39.6,28.61,-40.5,9,0.0,-35.5,1
2,9,363586,3.3579,39.6,28.61,-40.5,9,0.0,-35.5,1
2,9,364312,3.6734,38.6,28.61,-40.5,9,0.0,-35.5,1
2,9,365038,3.6734,38.6,28.61,-40.5,9,0.0,-35.5,1
2,9,365764,3.4480,38.6,28.60,-41.0,9,0.0,-35.5,1
2,9,366490,3.5607,38.6,28.61,-40.5,9,0.0,-35.5,1
2,9,367216,2.5691,38.6,28.60,-40.5,9,0.0,-35.5,1
2,9,367942,2.8170,38.6,28.61,-40.5,9,0.0,-35.5,1
2,10,6394,5.5664,38.6,28.60,-41.0,10,0.0,-35.5,1
2,10,7120,4.8453,38.6,28.61,-41.0,10,0.0,-35.5,1
2,10,7846,4.8227,38.6,28.60,-41.0,10,0.0,-35.5,1
2,10,8572,3.8762,38.6,28.61,-41.0,10,0.0,-35.5,1
2,10,9298,5.3636,38.6,28.60,-40.5,10,0.0,-35.5,1
2,10,10024,4.1241,38.6,28.60,-41.0,10,0.0,-35.5,1
2,10,10750,5.5213,38.6,28.61,-41.0,10,0.0,-35.5,1
2,10,11476,5.8368,38.6,28.61,-41.0,10,0.0,-35.5,1
2,10,12202,4.8903,38.6,28.61,-41.0,10,0.0,-35.5,1
2,10,12928,4.5072,38.6,28.61,-41.0,10,0.0,-35.5,1
2,10,13654,4.5072,38.6,28.61,-41.0,10,0.0,-35.5,1
2,10,14380,4.2142,38.6,28.60,-41.0,10,0.0,-35.5,1
2,10,15106,4.7326,38.6,28.61,-41.0,10,0.0,-35.5,1
2,10,15832,4.1466,38.6,28.61,-41.0,10,0.0,-35.5,1
2,10,16558,4.9354,38.6,28.61,-41.0,10,0.0,-35.5,1
2,10,17284,4.7551,38.6,28.61,-41.0,10,0.0,-35.5,1
2,10,18010,5.2960,38.6,28.61,-41.0,10,0.0,-35.5,1
2,10,18736,4.4171,38.6,28.61,-41.0,10,0.0,-35.5,1
2,10,19462,4.1917,38.6,28.61,-41.0,10,0.0,-35.5,1
2,10,20188,5.4312,38.6,28.62,-40.5,10,0.0,-35.5,1
2,10,20914,4.5748,39.6,28.62,-41.0,10,0.0,-35.5,1
2,10,21640,4.5748,38.6,28.61,-41.0,10,0.0,-35.5,1
2,10,22366,3.6734,38.6,28.61,-41.0,10,0.0,-35.5,1
2,10,23092,4.5748,39.6,28.62,-41.0,10,0.0,-35.5,1
2,10,23818,5.0706,38.6,28.62,-41.0,10,0.0,-35.5,1
2,10,24544,5.3410,38.6,28.62,-41.0,10,0.0,-35.5,1
2,10,25270,3.5382,38.6,28.62,-41.0,10,0.0,-35.5,1
2,10,25996,4.9354,38.6,28.62,-41.0,10,0.0,-35.5,1
2,10,26722,4.7326,38.6,28.62,-41.0,10,0.0,-35.5,1
2,10,27448,5.0481,38.6,28.62,-41.0,10,0.0,-35.5,1
2,10,28174,4.4847,38.6,28.62,-41.0,10,0.0,-35.5,1
2,10,28900,4.7776,38.6,28.62,-41.0,10,0.0,-35.5,1
2,10,29626,4.7776,38.6,28.62,-41.0,10,0.0,-35.5,1
2,10,30352,3.7635,38.6,28.62,-40.5,10,0.0,-35.5,1
2,10,31078,3.7635,38.6,28.62,-41.0,10,0.0,-35.5,1
2,10,31804,4.6424,38.6,28.62,-41.0,10,0.0,-35.5,1
2,10,32530,5.0931,38.6,28.62,-40.5,10,0.0,-35.5,1
2,10,33256,5.5439,38.6,28.62,-41.0,10,0.0,-35.5,1
2,10,33982,5.2509,38.6,28.63,-41.0,10,0.0,-35.5,1
2,10,34708,4.0790,39.6,28.63,-41.0,10,0.0,-35.5,1
2,10,35434,4.9354,39.6,28.63,-41.0,10,0.0,-35.5,1
2,10,36160,5.4763,38.6,28.62,-41.0,10,0.0,-35.5,1
2,10,36886,4.6424,38.6,28.63,-41.0,10,0.0,-35.5,1
2,10,37612,4.6424,38.6,28.62,-41.0,10,0.0,-35.5,1
2,10,38338,5.4312,38.6,28.63,-41.0,10,0.0,-35.5,1
2,10,39064,4.8453,38.6,28.63,-41.0,10,0.0,-35.5,1
2,10,39790,5.0481,38.6,28.63,-41.0,10,0.0,-35.5,1
2,10,40516,5.5213,38.6,28.63,-40.5,10,0.0,-35.5,1
2,10,41242,4.7551,39.6,28.63,-41.0,10,0.0,-35.5,1
2,10,41968,4.9354,38.6,28.63,-41.0,10,0.0,-35.5,1
2,10,42694,3.8537,38.6,28.63,-41.0,10,0.0,-35.5,1
2,10,43420,4.9579,39.6,28.63,-41.0,10,0.0,-35.5,1
2,10,44146,4.3044,39.6,28.62,-41.0,10,0.0,-35.5,1
2,10,44872,4.8453,39.6,28.63,-41.0,10,0.0,-35.5,1
2,10,45598,5.2058,38.6,28.63,-41.0,10,0.0,-35.5,1
2,10,46324,4.2368,38.6,28.62,-41.0,10,0.0,-35.5,1
2,10,47050,5.0931,39.6,28.63,-41.0,10,0.0,-35.5,1
2,10,47776,4.8227,39.6,28.63,-41.0,10,0.0,-35.5,1
2,10,48502,5.2960,38.6,28.63,-41.0,10,0.0,-35.5,1
2,10,49228,4.5297,39.6,28.63,-41.0,10,0.0,-35.5,1
2,10,49954,4.3044,39.6,28.63,-41.0,10,0.0,-35.5,1
2,10,50680,4.8678,39.6,28.63,-41.0,10,0.0,-35.5,1
2,10,51406,3.7861,39.6,28.63,-41.0,10,0.0,-35.5,1
2,10,52132,5.7016,39.6,28.63,-40.5,10,0.0,-35.5,1
2,10,52858,4.2819,39.6,28.63,-41.0,10,0.0,-35.5,1
2,10,53584,4.5748,39.6,28.63,-41.0,10,0.0,-35.5,1
2,10,54310,4.4396,38.6,28.63,-41.0,10,0.0,-35.5,1
2,10,55036,4.9129,38.6,28.63,-41.0,10,0.0,-35.5,1
2,10,55762,4.3044,38.6,28.63,-41.0,10,0.0,-35.5,1
2,10,56488,4.9129,38.6,28.64,-41.0,10,0.0,-35.5,1
2,10,57214,3.8762,38.6,28.63,-41.0,10,0.0,-35.5,1
2,10,57940,4.7776,38.6,28.63,-41.0,10,0.0,-35.5,1
2,10,58666,5.3861,38.6,28.63,-40.5,10,0.0,-35.5,1
2,10,59392,5.3861,38.6,28.64,-40.5,10,0.0,-35.5,1
2,10,60118,5.8368,38.6,28.63,-41.0,10,0.0,-35.5,1
2,10,60844,4.8453,38.6,28.63,-41.0,10,0.0,-35.5,1
2,10,61570,4.8002,38.6,28.63,-41.0,10,0.0,-35.5,1
2,10,62296,5.4537,38.6,28.63,-41.0,10,0.0,-35.5,1
2,10,63022,5.5889,38.6,28.62,-41.0,10,0.0,-35.5,1
2,10,63748,4.3720,38.6,28.63,-41.0,10,0.0,-35.5,1
2,10,64474,5.6115,38.6,28.63,-41.0,10,0.0,-35.5,1
2,10,65200,4.0340,38.6,28.63,-41.0,10,0.0,-35.5,1
2,10,65926,4.1466,38.6,28.64,-41.0,10,0.0,-35.5,1
2,10,66652,5.2284,38.6,28.63,-41.0,10,0.0,-35.5,1
2,10,67378,5.2284,39.6,28.64,-41.0,10,0.0,-35.5,1
2,10,68104,5.0481,39.6,28.63,-40.5,10,0.0,-35.5,1
2,10,68830,3.8987,38.6,28.64,-41.0,10,0.0,-35.5,1
2,10,69556,4.5072,38.6,28.63,-40.5,10,0.0,-35.5,1
2,10,70282,5.3861,38.6,28.64,-41.0,10,0.0,-35.5,1
2,10,71008,4.7326,38.6,28.63,-41.0,10,0.0,-35.5,1
2,10,71734,5.0255,38.6,28.64,-41.0,10,0.0,-35.5,1
2,10,72460,4.6199,38.6,28.63,-41.0,10,0.0,-35.5,1
2,10,73186,4.5974,39.6,28.63,-41.0,10,0.0,-35.5,1
2,10,73912,4.7100,38.6,28.63,-41.0,10,0.0,-35.5,1
2,10,74638,3.7635,39.6,28.63,-41.0,10,0.0,-35.5,1
2,10,75364,3.7635,38.6,28.64,-41.0,10,0.0,-35.5,1
2,10,76090,5.2960,38.6,28.63,-41.0,10,0.0,-35.5,1
2,10,76816,4.8678,38.6,28.63,-41.0,10,0.0,-35.5,1
2,10,77542,4.9805,38.6,28.63,-41.0,10,0.0,-35.5,1
2,10,78268,4.8903,38.6,28.63,-41.0,10,0.0,-35.5,1
2,10,78994,5.1157,38.6,28.64,-40.5,10,0.0,-35.5,1
2,10,79720,4.5974,38.6,28.64,-41.0,10,0.0,-35.5,1
2,10,80446,4.9354,38.6,28.64,-41.0,10,0.0,-35.5,1
2,10,81172,5.0481,38.6,28.64,-41.0,10,0.0,-35.5,1
2,10,81898,5.4537,38.6,28.63,-40.5,10,0.0,-35.5,1
2,10,82624,5.1833,39.6,28.63,-41.0,10,0.0,-35.5,1
2,10,83350,5.1833,38.6,28.64,-41.0,10,0.0,-35.5,1
2,10,84076,4.0114,39.6,28.63,-41.0,10,0.0,-35.5,1
2,10,84802,4.6424,39.6,28.63,-41.0,10,0.0,-35.5,1
2,10,85528,4.5072,38.6,28.63,-40.5,10,0.0,-35.5,1
2,10,86254,5.2960,38.6,28.63,-41.0,10,0.0,-35.5,1
2,10,86980,5.3861,38.6,28.63,-41.0,10,0.0,-35.5,1
2,10,87706,4.8453,39.6,28.64,-41.0,10,0.0,-35.5,1
2,10,88432,4.9579,38.6,28.64,-41.0,10,0.0,-35.5,1
2,10,89158,5.4537,38.6,28.63,-41.0,10,0.0,-35.5,1
2,10,89884,4.2142,39.6,28.63,-41.0,10,0.0,-35.5,1
2,10,90610,5.8143,39.6,28.64,-41.0,10,0.0,-35.5,1
2,10,91336,5.8143,39.6,28.64,-41.0,10,0.0,-35.5,1
2,10,92062,3.9438,38.6,28.63,-41.0,10,0.0,-35.5,1
2,10,92788,4.7776,38.6,28.63,-41.0,10,0.0,-35.5,1
2,10,93514,3.7184,38.6,28.64,-41.0,10,0.0,-35.5,1
2,10,94240,5.2509,39.6,28.64,-41.0,10,0.0,-35.5,1
2,10,94966,4.3269,39.6,28.64,-41.0,10,0.0,-35.5,1
2,10,95692,5.2509,39.6,28.64,-41.0,10,0.0,-35.5,1
2,10,96418,5.5664,38.6,28.64,-41.0,10,0.0,-35.5,1
2,10,97144,3.7861,38.6,28.63,-41.0,10,0.0,-35.5,1
2,10,97870,4.1016,38.6,28.63,-41.0,10,0.0,-35.5,1
2,10,98596,4.8227,39.6,28.64,-41.0,10,0.0,-35.5,1
2,10,99322,5.3410,39.6,28.64,-41.0,10,0.0,-35.5,1
2,10,100048,5.3185,38.6,28.64,-41.0,10,0.0,-35.5,1
2,10,100774,5.4537,39.6,28.64,-41.0,10,0.0,-35.5,1
2,10,101500,5.3636,38.6,28.64,-40.5,10,0.0,-35.5,1
2,10,102226,4.6424,38.6,28.64,-41.0,10,0.0,-35.5,1
2,10,102952,4.5297,38.6,28.64,-41.0,10,0.0,-35.5,1
2,10,103678,5.4988,38.6,28.64,-41.0,10,0.0,-35.5,1
2,10,104404,4.0340,38.6,28.64,-41.0,10,0.0,-35.5,1
2,10,105130,4.8903,38.6,28.64,-41.0,10,0.0,-35.5,1
2,10,105856,4.5748,38.6,28.64,-41.0,10,0.0,-35.5,1
2,10,106582,4.8453,38.6,28.64,-41.0,10,0.0,-35.5,1
2,10,107308,4.8903,38.6,28.63,-41.0,10,0.0,-35.5,1
2,10,108034,4.8227,38.6,28.64,-41.0,10,0.0,-35.5,1
2,10,108760,4.5974,39.6,28.64,-41.0,10,0.0,-35.5,1
2,10,109486,4.5523,39.6,28.64,-41.0,10,0.0,-35.5,1
2,10,110212,3.8537,39.6,28.64,-41.0,10,0.0,-35.5,1
2,10,110938,4.4171,38.6,28.64,-41.0,10,0.0,-35.5,1
2,10,111664,5.2960,38.6,28.64,-40.5,10,0.0,-35.5,1
2,10,112390,5.2058,38.6,28.63,-41.0,10,0.0,-35.5,1
2,10,113116,5.2058,38.6,28.63,-41.0,10,0.0,-35.5,1
2,10,113842,5.7016,38.6,28.64,-41.0,10,0.0,-35.5,1
2,10,114568,3.7635,39.6,28.63,-41.0,10,0.0,-35.5,1
2,10,115294,4.6199,39.6,28.63,-41.0,10,0.0,-35.5,1
2,10,116020,4.1241,38.6,28.63,-41.0,10,0.0,-35.5,1
2,10,116746,4.5297,38.6,28.63,-41.0,10,0.0,-35.5,1
2,10,117472,4.6875,38.6,28.64,-41.0,10,0.0,-35.5,1
2,10,118198,4.3720,38.6,28.64,-40.5,10,0.0,-35.5,1
2,10,118924,4.7776,38.6,28.63,-41.0,10,0.0,-35.5,1
2,10,119650,4.6875,38.6,28.63,-41.0,10,0.0,-35.5,1
2,10,120376,5.6340,38.6,28.63,-41.0,10,0.0,-35.5,1
2,10,121102,5.6340,38.6,28.63,-41.0,10,0.0,-35.5,1
2,10,121828,4.8678,39.6,28.63,-41.0,10,0.0,-35.5,1
2,10,122554,4.1016,39.6,28.63,-41.0,10,0.0,-35.5,1
2,10,123280,4.7100,38.6,28.63,-41.0,10,0.0,-35.5,1
2,10,124006,4.7551,38.6,28.63,-41.0,10,0.0,-35.5,1
2,10,124732,4.5523,38.6,28.63,-41.0,10,0.0,-35.5,1
2,10,125458,4.8678,39.6,28.63,-41.0,10,0.0,-35.5,1
2,10,126184,4.1016,38.6,28.63,-41.0,10,0.0,-35.5,1
2,10,126910,5.1833,39.6,28.63,-41.0,10,0.0,-35.5,1
2,10,127636,4.5974,39.6,28.63,-41.0,10,0.0,-35.5,1
2,10,128362,5.3861,39.6,28.63,-41.0,10,0.0,-35.5,1
2,10,129088,5.3861,38.6,28.63,-41.0,10,0.0,-35.5,1
2,10,129814,4.5523,38.6,28.62,-41.0,10,0.0,-35.5,1
2,10,130540,5.4763,39.6,28.63,-41.0,10,0.0,-35.5,1
2,10,131266,4.7326,39.6,28.62,-41.0,10,0.0,-35.5,1
2,10,131992,5.3410,39.6,28.63,-41.0,10,0.0,-35.5,1
2,10,132718,5.0706,39.6,28.63,-41.0,10,0.0,-35.5,1
2,10,133444,4.3945,39.6,28.63,-41.0,10,0.0,-35.5,1
2,10,134170,5.4537,39.6,28.63,-41.0,10,0.0,-35.5,1
2,10,134896,4.7551,39.6,28.62,-41.0,10,0.0,-35.5,1
2,10,135622,4.9129,39.6,28.63,-41.0,10,0.0,-35.5,1
2,10,136348,4.5974,38.6,28.63,-41.0,10,0.0,-35.5,1
2,10,137074,4.5974,38.6,28.63,-41.0,10,0.0,-35.5,1
2,10,137800,5.3410,38.6,28.63,-41.0,10,0.0,-35.5,1
2,10,138526,3.9889,38.6,28.63,-41.0,10,0.0,-35.5,1
2,10,139252,4.7326,38.6,28.63,-41.0,10,0.0,-35.5,1
2,10,139978,4.3495,38.6,28.63,-41.0,10,0.0,-35.5,1
2,10,140704,4.5748,38.6,28.63,-41.0,10,0.0,-35.5,1
2,10,141430,4.7326,38.6,28.63,-41.0,10,0.0,-35.5,1
2,10,142156,4.8227,38.6,28.63,-41.0,10,0.0,-35.5,1
2,10,142882,5.7016,38.6,28.63,-41.0,10,0.0,-35.5,1
2,10,143608,4.7776,39.6,28.62,-40.5,10,0.0,-35.5,1
2,10,144334,5.6340,39.6,28.62,-41.0,10,0.0,-35.5,1
2,10,145060,5.6340,39.6,28.62,-41.0,10,0.0,-35.5,1
2,10,145786,4.5523,39.6,28.63,-41.0,10,0.0,-35.5,1
2,10,146512,4.5748,39.6,28.62,-41.0,10,0.0,-35.5,1
2,10,147238,4.3720,39.6,28.62,-40.5,10,0.0,-35.5,1
2,10,147964,4.4621,38.6,28.63,-40.5,10,0.0,-35.5,1
2,10,148690,5.4537,39.6,28.62,-41.0,10,0.0,-35.5,1
2,10,149416,4.8227,39.6,28.62,-41.0,10,0.0,-35.5,1
2,10,150142,5.4988,39.6,28.63,-41.0,10,0.0,-35.5,1
2,10,150868,4.8002,39.6,28.62,-41.0,10,0.0,-35.5,1
2,10,151594,4.5748,39.6,28.63,-41.0,10,0.0,-35.5,1
2,10,152320,5.4537,39.6,28.62,-41.0,10,0.0,-35.5,1
2,10,153046,5.1833,39.6,28.63,-41.0,10,0.0,-35.5,1
2,10,153772,5.6115,39.6,28.62,-41.0,10,0.0,-35.5,1
2,10,154498,4.9805,39.6,28.63,-41.0,10,0.0,-35.5,1
2,10,155224,5.9270,39.6,28.62,-41.0,10,0.0,-35.5,1
2,10,155950,3.9889,39.6,28.62,-41.0,10,0.0,-35.5,1
2,10,156676,5.2509,39.6,28.62,-41.0,10,0.0,-35.5,1
2,10,157402,4.8453,38.6,28.62,-41.0,10,0.0,-35.5,1
2,10,158128,4.7776,38.6,28.63,-41.0,10,0.0,-35.5,1
2,10,158854,4.5523,38.6,28.62,-41.0,10,0.0,-35.5,1
2,10,159580,3.6058,38.6,28.63,-40.5,10,0.0,-35.5,1
2,10,160306,4.9579,38.6,28.63,-41.0,10,0.0,-35.5,1
2,10,161032,5.0931,38.6,28.62,-41.0,10,0.0,-35.5,1
2,10,161758,4.5297,38.6,28.63,-41.0,10,0.0,-35.5,1
2,10,162484,4.4847,38.6,28.62,-41.0,10,0.0,-35.5,1
2,10,163210,5.5664,38.6,28.62,-40.5,10,0.0,-35.5,1
2,10,163936,4.7100,38.6,28.62,-41.0,10,0.0,-35.5,1
2,10,164662,3.9889,38.6,28.62,-41.0,10,0.0,-35.5,1
2,10,165388,4.6875,38.6,28.62,-41.0,10,0.0,-35.5,1
2,10,166114,4.4847,39.6,28.62,-41.0,10,0.0,-35.5,1
2,10,166840,4.4847,39.6,28.62,-41.0,10,0.0,-35.5,1
2,10,167566,4.9805,39.6,28.62,-40.5,10,0.0,-35.5,1
2,10,168292,4.7551,39.6,28.62,-41.0,10,0.0,-35.5,1
2,10,169018,3.6959,39.6,28.62,-41.0,10,0.0,-35.5,1
2,10,169744,4.5072,39.6,28.62,-41.0,10,0.0,-35.5,1
2,10,170470,4.1016,39.6,28.62,-41.0,10,0.0,-35.5,1
2,10,171196,5.1608,39.6,28.62,-41.0,10,0.0,-35.5,1
2,10,171922,4.4621,39.6,28.62,-41.0,10,0.0,-35.5,1
2,10,172648,5.5439,39.6,28.62,-41.0,10,0.0,-35.5,1
2,10,173374,4.9805,39.6,28.62,-41.0,10,0.0,-35.5,1
2,10,174100,3.8311,38.6,28.62,-41.0,10,0.0,-35.5,1
2,10,174826,3.8311,38.6,28.62,-41.0,10,0.0,-35.5,1
2,10,175552,3.8086,39.6,28.62,-41.0,10,0.0,-35.5,1
2,10,176278,4.8678,39.6,28.62,-41.0,10,0.0,-35.5,1
2,10,177004,4.1016,38.6,28.62,-41.0,10,0.0,-35.5,1
2,10,177730,5.3410,38.6,28.62,-41.0,10,0.0,-35.5,1
2,10,178456,4.5974,38.6,28.62,-41.0,10,0.0,-35.5,1
2,10,179182,4.1692,38.6,28.62,-41.0,10,0.0,-35.5,1
2,10,179908,5.3410,39.6,28.62,-41.0,10,0.0,-35.5,1
2,10,180634,5.0030,39.6,28.62,-41.0,10,0.0,-35.5,1
2,10,181360,4.5974,39.6,28.62,-41.0,10,0.0,-35.5,1
2,10,182086,4.6199,39.6,28.61,-41.0,10,0.0,-35.5,1
2,10,182812,4.6199,39.6,28.61,-41.0,10,0.0,-35.5,1
2,10,183538,4.1241,39.6,28.62,-41.0,10,0.0,-35.5,1
2,10,184264,5.2058,39.6,28.62,-41.0,10,0.0,-35.5,1
2,10,184990,4.3720,39.6,28.61,-41.0,10,0.0,-35.5,1
2,10,185716,3.9663,38.6,28.62,-41.0,10,0.0,-35.5,1
2,10,186442,4.6875,38.6,28.62,-41.0,10,0.0,-35.5,1
2,10,187168,4.9354,38.6,28.62,-41.0,10,0.0,-35.5,1
2,10,187894,5.3410,38.6,28.62,-41.0,10,0.0,-35.5,1
2,10,188620,4.5974,38.6,28.62,-41.0,10,0.0,-35.5,1
2,10,189346,5.4087,38.6,28.62,-41.0,10,0.0,-35.5,1
2,10,190072,4.5297,38.6,28.62,-41.0,10,0.0,-35.5,1
2,10,190798,4.5297,38.6,28.61,-41.0,10,0.0,-35.5,1
2,10,191524,4.0340,39.6,28.61,-41.0,10,0.0,-35.5,1
2,10,192250,4.7326,39.6,28.62,-41.0,10,0.0,-35.5,1
2,10,192976,4.7326,39.6,28.61,-41.0,10,0.0,-35.5,1
2,10,193702,4.5523,38.6,28.61,-41.0,10,0.0,-35.5,1
2,10,194428,4.2142,39.6,28.61,-41.0,10,0.0,-35.5,1
2,10,195154,4.4847,39.6,28.61,-41.0,10,0.0,-35.5,1
2,10,195880,5.0706,39.6,28.61,-41.0,10,0.0,-35.5,1
2,10,196606,4.3495,38.6,28.61,-41.0,10,0.0,-35.5,1
2,10,197332,4.5974,38.6,28.61,-41.0,10,0.0,-35.5,1
2,10,198058,5.3185,38.6,28.61,-41.0,10,0.0,-35.5,1
2,10,198784,5.3185,38.6,28.61,-41.0,10,0.0,-35.5,1
2,10,199510,4.4396,39.6,28.61,-40.5,10,0.0,-35.5,1
2,10,200236,5.4312,39.6,28.61,-41.0,10,0.0,-35.5,1
2,10,200962,3.8537,39.6,28.61,-41.0,10,0.0,-35.5,1
2,10,201688,3.9889,39.6,28.62,-41.0,10,0.0,-35.5,1
2,10,202414,5.3410,39.6,28.61,-41.0,10,0.0,-35.5,1
2,10,203140,4.2142,39.6,28.61,-41.0,10,0.0,-35.5,1
2,10,203866,4.9805,39.6,28.61,-40.5,10,0.0,-35.5,1
2,10,204592,4.3269,39.6,28.61,-41.0,10,0.0,-35.5,1
2,10,205318,4.8678,39.6,28.61,-41.0,10,0.0,-35.5,1
2,10,206044,3.5382,39.6,28.61,-41.0,10,0.0,-35.5,1
2,10,206770,3.5382,39.6,28.61,-41.0,10,0.0,-35.5,1
2,10,207496,5.7016,39.6,28.61,-41.0,10,0.0,-35.5,1
2,10,208222,4.7551,39.6,28.61,-41.0,10,0.0,-35.5,1
2,10,208948,5.5213,39.6,28.61,-41.0,10,0.0,-35.5,1
2,10,209674,4.5748,39.6,28.61,-41.0,10,0.0,-35.5,1
2,10,210400,4.4171,38.6,28.61,-41.0,10,0.0,-35.5,1
2,10,211126,5.2734,39.6,28.61,-40.5,10,0.0,-35.5,1
2,10,211852,4.9579,38.6,28.61,-41.0,10,0.0,-35.5,1
2,10,212578,4.6199,38.6,28.61,-41.0,10,0.0,-35.5,1
2,10,213304,4.1466,38.6,28.61,-40.5,10,0.0,-35.5,1
2,10,214030,4.7776,38.6,28.61,-41.0,10,0.0,-35.5,1
2,10,214756,5.0481,38.6,28.61,-41.0,10,0.0,-35.5,1
2,10,215482,5.4988,38.6,28.60,-41.0,10,0.0,-35.5,1
2,10,216208,4.6650,38.6,28.61,-41.0,10,0.0,-35.5,1
2,10,216934,5.0931,38.6,28.61,-41.0,10,0.0,-35.5,1
2,10,217660,4.7551,38.6,28.61,-41.0,10,0.0,-35.5,1
2,10,218386,5.3185,38.6,28.61,-40.5,10,0.0,-35.5,1
2,10,219112,4.0790,39.6,28.61,-41.0,10,0.0,-35.5,1
2,10,219838,4.0340,38.6,28.60,-41.0,10,0.0,-35.5,1
2,10,220564,-11.0427,38.6,28.60,-40.5,10,0.0,-35.5,0
2,10,221290,3.9889,38.6,28.60,-41.0,10,0.0,-35.5,1
2,10,222016,4.5974,38.6,28.61,-41.0,10,0.0,-35.5,1
2,10,222742,3.9889,38.6,28.60,-41.0,10,0.0,-35.5,1
2,10,223468,4.6199,38.6,28.61,-41.0,10,0.0,-35.5,1
2,10,224194,4.1016,38.6,28.61,-41.0,10,0.0,-35.5,1
2,10,224920,4.0114,39.6,28.60,-41.0,10,0.0,-35.5,1
2,10,225646,4.6199,39.6,28.61,-40.5,10,0.0,-35.5,1
2,10,226372,5.1608,39.6,28.61,-41.0,10,0.0,-35.5,1
2,10,227098,4.5072,39.6,28.60,-41.0,10,0.0,-35.5,1
2,10,227824,4.7326,39.6,28.61,-41.0,10,0.0,-35.5,1
2,10,228550,4.7326,38.6,28.61,-41.0,10,0.0,-35.5,1
2,10,229276,5.1608,38.6,28.61,-40.5,10,0.0,-35.5,1
2,10,230002,5.4087,39.6,28.61,-40.5,10,0.0,-35.5,1
2,10,230728,3.8311,39.6,28.61,-41.0,10,0.0,-35.5,1
2,10,231454,4.3495,39.6,28.61,-41.0,10,0.0,-35.5,1
2,10,232180,4.1466,39.6,28.61,-41.0,10,0.0,-35.5,1
2,10,232906,4.1016,38.6,28.61,-40.5,10,0.0,-35.5,1
2,10,233632,3.6959,38.6,28.61,-41.0,10,0.0,-35.5,1
2,10,234358,4.6875,38.6,28.61,-41.0,10,0.0,-35.5,1
2,10,235084,4.7326,39.6,28.60,-41.0,10,0.0,-35.5,1
2,10,235810,5.5213,38.6,28.61,-41.0,10,0.0,-35.5,1
2,10,236536,5.5213,38.6,28.61,-41.0,10,0.0,-35.5,1
2,10,237262,5.4087,39.6,28.61,-41.0,10,0.0,-35.5,1
2,10,237988,5.7467,39.6,28.61,-41.0,10,0.0,-35.5,1
2,10,238714,3.9213,39.6,28.61,-41.0,10,0.0,-35.5,1
2,10,239440,4.2368,38.6,28.60,-41.0,10,0.0,-35.5,1
2,10,240166,3.7184,38.6,28.61,-41.0,10,0.0,-35.5,1
2,10,240892,4.6424,39.6,28.61,-41.0,10,0.0,-35.5,1
2,10,241618,4.4621,39.6,28.60,-41.0,10,0.0,-35.5,1
2,10,242344,5.6565,39.6,28.60,-41.0,10,0.0,-35.5,1
2,10,243070,3.5832,39.6,28.61,-41.0,10,0.0,-35.5,1
2,10,243796,4.6650,39.6,28.61,-41.0,10,0.0,-35.5,1
2,10,244522,4.6650,39.6,28.60,-41.0,10,0.0,-35.5,1
2,10,245248,4.3720,39.6,28.60,-40.5,10,0.0,-35.5,1
2,10,245974,4.7776,39.6,28.61,-41.0,10,0.0,-35.5,1
2,10,246700,5.4087,39.6,28.60,-41.0,10,0.0,-35.5,1
2,10,247426,4.4171,39.6,28.61,-41.0,10,0.0,-35.5,1
2,10,248152,4.6199,39.6,28.60,-40.5,10,0.0,-35.5,1
2,10,248878,4.0340,39.6,28.60,-41.0,10,0.0,-35.5,1
2,10,249604,5.4537,39.6,28.60,-40.5,10,0.0,-35.5,1
2,10,250330,4.3495,39.6,28.60,-41.0,10,0.0,-35.5,1
2,10,251056,4.4171,39.6,28.60,-41.0,10,0.0,-35.5,1
2,10,251782,4.9805,39.6,28.60,-41.0,10,0.0,-35.5,1
2,10,252508,4.9805,39.6,28.60,-41.0,10,0.0,-35.5,1
2,10,253234,5.3861,39.6,28.60,-41.0,10,0.0,-35.5,1
2,10,253960,5.3410,39.6,28.60,-41.0,10,0.0,-35.5,1
2,10,254686,5.4087,38.6,28.60,-40.5,10,0.0,-35.5,1
2,10,255412,4.7100,39.6,28.60,-41.0,10,0.0,-35.5,1
2,10,256138,4.6650,38.6,28.60,-41.0,10,0.0,-35.5,1
2,10,256864,5.1608,38.6,28.60,-40.5,10,0.0,-35.5,1
2,10,257590,4.7551,38.6,28.60,-41.0,10,0.0,-35.5,1
2,10,258316,4.7551,38.6,28.60,-41.0,10,0.0,-35.5,1
2,10,259042,4.5523,39.6,28.60,-41.0,10,0.0,-35.5,1
2,10,259768,5.1157,39.6,28.60,-41.0,10,0.0,-35.5,1
2,10,260494,5.1157,39.6,28.60,-41.0,10,0.0,-35.5,1
2,10,261220,4.8453,39.6,28.60,-41.0,10,0.0,-35.5,1
2,10,261946,4.5072,38.6,28.60,-41.0,10,0.0,-35.5,1
2,10,262672,4.9129,38.6,28.60,-40.5,10,0.0,-35.5,1
2,10,263398,5.3861,38.6,28.60,-41.0,10,0.0,-35.5,1
2,10,264124,5.6340,39.6,28.60,-41.0,10,0.0,-35.5,1
2,10,264850,4.3044,39.6,28.60,-41.0,10,0.0,-35.5,1
2,10,265576,4.7551,39.6,28.60,-41.0,10,0.0,-35.5,1
2,10,266302,4.8227,39.6,28.60,-41.0,10,0.0,-35.5,1
2,10,267028,5.3185,39.6,28.60,-41.0,10,0.0,-35.5,1
2,10,267754,4.9129,39.6,28.60,-41.0,10,0.0,-35.5,1
2,10,268480,5.4763,39.6,28.60,-41.0,10,0.0,-35.5,1
2,10,269206,4.3044,38.6,28.60,-41.0,10,0.0,-35.5,1
2,10,269932,5.2960,39.6,28.60,-41.0,10,0.0,-35.5,1
2,10,270658,4.6199,38.6,28.60,-41.0,10,0.0,-35.5,1
2,10,271384,5.5213,39.6,28.60,-41.0,10,0.0,-35.5,1
2,10,272110,5.2734,39.6,28.60,-41.0,10,0.0,-35.5,1
2,10,272836,3.8762,39.6,28.60,-41.0,10,0.0,-35.5,1
2,10,273562,4.3945,38.6,28.60,-41.0,10,0.0,-35.5,1
2,10,274288,3.0649,38.6,28.60,-41.0,10,0.0,-35.5,1
2,10,275014,3.7861,39.6,28.60,-41.0,10,0.0,-35.5,1
2,10,275740,5.0706,39.6,28.60,-41.0,10,0.0,-35.5,1
2,10,276466,3.8762,39.6,28.60,-41.0,10,0.0,-35.5,1
2,10,277192,4.8678,38.6,28.60,-41.0,10,0.0,-35.5,1
2,10,277918,5.9044,38.6,28.59,-40.5,10,0.0,-35.5,1
2,10,278644,4.5974,39.6,28.60,-41.0,10,0.0,-35.5,1
2,10,279370,4.6424,38.6,28.59,-41.0,10,0.0,-35.5,1
2,10,280096,5.3185,38.6,28.60,-41.0,10,0.0,-35.5,1
2,10,280822,4.4847,38.6,28.59,-41.0,10,0.0,-35.5,1
2,10,281548,3.8311,38.6,28.59,-41.0,10,0.0,-35.5,1
2,10,282274,3.8311,38.6,28.60,-41.0,10,0.0,-35.5,1
2,10,283000,4.8453,38.6,28.60,-41.0,10,0.0,-35.5,1
2,10,283726,4.4396,39.6,28.60,-40.5,10,0.0,-35.5,1
2,10,284452,5.3861,38.6,28.60,-40.5,10,0.0,-35.5,1
2,10,285178,4.8453,39.6,28.60,-41.0,10,0.0,-35.5,1
2,10,285904,4.9579,39.6,28.60,-41.0,10,0.0,-35.5,1
2,10,286630,4.1016,39.6,28.60,-41.0,10,0.0,-35.5,1
2,10,287356,4.6424,39.6,28.60,-40.5,10,0.0,-35.5,1
2,10,288082,4.7551,39.6,28.60,-41.0,10,0.0,-35.5,1
2,10,288808,4.9579,39.6,28.60,-41.0,10,0.0,-35.5,1
2,10,289534,4.5974,39.6,28.60,-41.0,10,0.0,-35.5,1
2,10,290260,4.5974,39.6,28.59,-41.0,10,0.0,-35.5,1
2,10,290986,4.7551,39.6,28.60,-41.0,10,0.0,-35.5,1
2,10,291712,4.8002,39.6,28.60,-41.0,10,0.0,-35.5,1
2,10,292438,3.7635,39.6,28.60,-41.0,10,0.0,-35.5,1
2,10,293164,5.2734,39.6,28.60,-41.0,10,0.0,-35.5,1
2,10,293890,4.8227,39.6,28.59,-41.0,10,0.0,-35.5,1
2,10,294616,4.5297,39.6,28.60,-41.0,10,0.0,-35.5,1
2,10,295342,5.3410,39.6,28.60,-40.5,10,0.0,-35.5,1
2,10,296068,4.5748,39.6,28.60,-41.0,10,0.0,-35.5,1
2,10,296794,5.3861,39.6,28.60,-41.0,10,0.0,-35.5,1
2,10,297520,5.2058,39.6,28.60,-41.0,10,0.0,-35.5,1
2,10,298246,5.2058,38.6,28.60,-41.0,10,0.0,-35.5,1
2,10,298972,5.4988,38.6,28.60,-41.0,10,0.0,-35.5,1
2,10,299698,4.4847,38.6,28.59,-41.0,10,0.0,-35.5,1
2,10,300424,4.0114,38.6,28.59,-41.0,10,0.0,-35.5,1
2,10,301150,4.4396,38.6,28.59,-40.5,10,0.0,-35.5,1
2,10,301876,5.0255,38.6,28.60,-41.0,10,0.0,-35.5,1
2,10,302602,4.5072,39.6,28.60,-41.0,10,0.0,-35.5,1
2,10,303328,3.6058,39.6,28.60,-41.0,10,0.0,-35.5,1
2,10,304054,5.5664,39.6,28.59,-40.5,10,0.0,-35.5,1
2,10,304780,3.8537,39.6,28.60,-41.0,10,0.0,-35.5,1
2,10,305506,5.0706,39.6,28.59,-40.5,10,0.0,-35.5,1
2,10,306232,5.0706,38.6,28.60,-40.5,10,0.0,-35.5,1
2,10,306958,5.0481,38.6,28.59,-41.0,10,0.0,-35.5,1
2,10,307684,4.5523,38.6,28.59,-41.0,10,0.0,-35.5,1
2,10,308410,5.3861,38.6,28.60,-40.5,10,0.0,-35.5,1
2,10,309136,4.5974,39.6,28.60,-41.0,10,0.0,-35.5,1
2,10,309862,3.7184,39.6,28.59,-41.0,10,0.0,-35.5,1
2,10,310588,5.3861,39.6,28.59,-40.5,10,0.0,-35.5,1
2,10,311314,5.4087,39.6,28.59,-41.0,10,0.0,-35.5,1
2,10,312040,5.1608,39.6,28.59,-41.0,10,0.0,-35.5,1
2,10,312766,4.7326,39.6,28.59,-41.0,10,0.0,-35.5,1
2,10,313492,4.5072,39.6,28.59,-41.0,10,0.0,-35.5,1
2,10,314218,4.5072,39.6,28.59,-41.0,10,0.0,-35.5,1
2,10,314944,4.8227,38.6,28.59,-41.0,10,0.0,-35.5,1
2,10,315670,4.6199,38.6,28.59,-41.0,10,0.0,-35.5,1
2,10,316396,4.1241,38.6,28.59,-41.0,10,0.0,-35.5,1
2,10,317122,3.8762,38.6,28.59,-41.0,10,0.0,-35.5,1
2,10,317848,3.9438,38.6,28.59,-41.0,10,0.0,-35.5,1
2,10,318574,5.5439,38.6,28.59,-40.5,10,0.0,-35.5,1
2,10,319300,4.7100,38.6,28.60,-41.0,10,0.0,-35.5,1
2,10,320026,4.5297,38.6,28.59,-41.0,10,0.0,-35.5,1
2,10,320752,4.5523,39.6,28.59,-41.0,10,0.0,-35.5,1
2,10,321478,4.7776,39.6,28.58,-41.0,10,0.0,-35.5,1
2,10,322204,5.4087,38.6,28.59,-41.0,10,0.0,-35.5,1
2,10,322930,4.5523,39.6,28.58,-41.0,10,0.0,-35.5,1
2,10,323656,4.5297,39.6,28.59,-41.0,10,0.0,-35.5,1
2,10,324382,5.2960,39.6,28.59,-41.0,10,0.0,-35.5,1
2,10,325108,4.0340,39.6,28.59,-41.0,10,0.0,-35.5,1
2,10,325834,4.6424,38.6,28.58,-40.5,10,0.0,-35.5,1
2,10,326560,4.5523,38.6,28.58,-41.0,10,0.0,-35.5,1
2,10,327286,3.7861,38.6,28.58,-41.0,10,0.0,-35.5,1
2,10,328012,3.4931,38.6,28.58,-41.0,10,0.0,-35.5,1
2,10,328738,3.9663,38.6,28.59,-41.0,10,0.0,-35.5,1
2,10,329464,4.6199,38.6,28.59,-41.0,10,0.0,-35.5,1
2,10,330190,3.9213,39.6,28.59,-41.0,10,0.0,-35.5,1
2,10,330916,4.9579,38.6,28.59,-40.5,10,0.0,-35.5,1
2,10,331642,4.5297,39.6,28.58,-41.0,10,0.0,-35.5,1
2,10,332368,5.4312,38.6,28.59,-41.0,10,0.0,-35.5,1
2,10,333094,4.2593,39.6,28.58,-40.5,10,0.0,-35.5,1
2,10,333820,4.4847,38.6,28.59,-41.0,10,0.0,-35.5,1
2,10,334546,5.1382,38.6,28.59,-41.0,10,0.0,-35.5,1
2,10,335272,4.3945,38.6,28.59,-41.0,10,0.0,-35.5,1
2,10,335998,4.3945,38.6,28.58,-41.0,10,0.0,-35.5,1
2,10,336724,3.8537,39.6,28.58,-41.0,10,0.0,-35.5,1
2,10,337450,4.8002,38.6,28.58,-41.0,10,0.0,-35.5,1
2,10,338176,3.6058,38.6,28.58,-41.0,10,0.0,-35.5,1
2,10,338902,4.9129,38.6,28.58,-41.0,10,0.0,-35.5,1
2,10,339628,3.6283,38.6,28.59,-41.0,10,0.0,-35.5,1
2,10,340354,4.6875,39.6,28.58,-41.0,10,0.0,-35.5,1
2,10,341080,5.3636,39.6,28.58,-41.0,10,0.0,-35.5,1
2,10,341806,3.7410,39.6,28.59,-41.0,10,0.0,-35.5,1
2,10,342532,4.5523,39.6,28.59,-41.0,10,0.0,-35.5,1
2,10,343258,5.3410,38.6,28.59,-41.0,10,0.0,-35.5,1
2,10,343984,5.3410,38.6,28.59,-41.0,10,0.0,-35.5,1
2,10,344710,4.0340,38.6,28.59,-41.0,10,0.0,-35.5,1
2,10,345436,5.0030,38.6,28.59,-41.0,10,0.0,-35.5,1
2,10,346162,4.9579,38.6,28.58,-40.5,10,0.0,-35.5,1
2,10,346888,4.5072,39.6,28.58,-41.0,10,0.0,-35.5,1
2,10,347614,4.8453,38.6,28.58,-41.0,10,0.0,-35.5,1
2,10,348340,4.5523,39.6,28.58,-41.0,10,0.0,-35.5,1
2,10,349066,4.7326,39.6,28.58,-41.0,10,0.0,-35.5,1
2,10,349792,5.4763,38.6,28.58,-40.5,10,0.0,-35.5,1
2,10,350518,4.9579,38.6,28.58,-41.0,10,0.0,-35.5,1
2,10,351244,4.0565,38.6,28.58,-41.0,10,0.0,-35.5,1
2,10,351970,4.0565,38.6,28.58,-41.0,10,0.0,-35.5,1
2,10,352696,5.0481,39.6,28.58,-41.0,10,0.0,-35.5,1
2,10,353422,4.0340,38.6,28.58,-41.0,10,0.0,-35.5,1
2,10,354148,4.6875,38.6,28.58,-41.0,10,0.0,-35.5,1
2,10,354874,4.4396,38.6,28.58,-41.0,10,0.0,-35.5,1
2,10,355600,4.0340,38.6,28.58,-41.0,10,0.0,-35.5,1
2,10,356326,4.6424,38.6,28.58,-41.0,10,0.0,-35.5,1
2,10,357052,3.9438,38.6,28.58,-41.0,10,0.0,-35.5,1
2,10,357778,5.3185,38.6,28.58,-41.0,10,0.0,-35.5,1
2,10,358504,5.2284,39.6,28.57,-40.5,10,0.0,-35.5,1
2,10,359230,5.3636,39.6,28.57,-41.0,10,0.0,-35.5,1
2,10,359956,5.3636,38.6,28.58,-41.0,10,0.0,-35.5,1
2,10,360682,5.1608,39.6,28.57,-41.0,10,0.0,-35.5,1
2,10,361408,4.0114,38.6,28.58,-41.0,10,0.0,-35.5,1
2,10,362134,5.0706,38.6,28.58,-41.0,10,0.0,-35.5,1
2,10,362860,3.8086,38.6,28.58,-41.0,10,0.0,-35.5,1
2,10,363586,5.2284,38.6,28.58,-41.0,10,0.0,-35.5,1
2,10,364312,4.7100,39.6,28.58,-41.0,10,0.0,-35.5,1
2,10,365038,5.1382,39.6,28.58,-41.0,10,0.0,-35.5,1
2,10,365764,4.0790,39.6,28.57,-41.0,10,0.0,-35.5,1
2,10,366490,3.9438,39.6,28.58,-41.0,10,0.0,-35.5,1
2,10,367216,5.4988,39.6,28.58,-41.0,10,0.0,-35.5,1
2,10,367942,5.4988,39.6,28.57,-41.0,10,0.0,-35.5,1
2,10,368668,5.3185,38.6,28.57,-40.5,10,0.0,-35.5,1
2,11,6394,4.7776,37.6,28.58,-40.5,11,0.0,-35.5,1
2,11,7120,5.4537,38.6,28.57,-41.0,11,0.0,-35.5,1
2,11,7846,5.6115,37.6,28.57,-40.5,11,0.0,-35.5,1
2,11,8572,3.7861,37.6,28.57,-41.0,11,0.0,-35.5,1
2,11,9298,4.5072,37.6,28.57,-41.0,11,0.0,-35.5,1
2,11,10024,5.5664,38.6,28.57,-41.0,11,0.0,-35.5,1
2,11,10750,5.4988,38.6,28.57,-41.0,11,0.0,-35.5,1
2,11,11476,5.2960,37.6,28.58,-41.0,11,0.0,-35.5,1
2,11,12202,4.4171,37.6,28.58,-40.5,11,0.0,-35.5,1
2,11,12928,4.7326,38.6,28.58,-40.5,11,0.0,-35.5,1
2,11,13654,4.7326,38.6,28.58,-40.5,11,0.0,-35.5,1
2,11,14380,3.6508,38.6,28.58,-41.0,11,0.0,-35.5,1
2,11,15106,4.7551,38.6,28.58,-41.0,11,0.0,-35.5,1
2,11,15832,5.7242,38.6,28.58,-41.0,11,0.0,-35.5,1
2,11,16558,5.3861,38.6,28.58,-41.0,11,0.0,-35.5,1
2,11,17284,5.6565,38.6,28.59,-40.5,11,0.0,-35.5,1
2,11,18010,4.7100,38.6,28.59,-41.0,11,0.0,-35.5,1
2,11,18736,5.7692,38.6,28.59,-41.0,11,0.0,-35.5,1
2,11,19462,4.7551,38.6,28.59,-41.0,11,0.0,-35.5,1
2,11,20188,3.8762,39.6,28.59,-40.5,11,0.0,-35.5,1
2,11,20914,5.0481,39.6,28.59,-41.0,11,0.0,-35.5,1
2,11,21640,5.0481,38.6,28.59,-41.0,11,0.0,-35.5,1
2,11,22366,5.1833,38.6,28.59,-40.5,11,0.0,-35.5,1
2,11,23092,5.2058,39.6,28.59,-41.0,11,0.0,-35.5,1
2,11,23818,5.7016,38.6,28.59,-41.0,11,0.0,-35.5,1
2,11,24544,4.5072,38.6,28.59,-41.0,11,0.0,-35.5,1
2,11,25270,5.0931,39.6,28.59,-41.0,11,0.0,-35.5,1
2,11,25996,5.2509,38.6,28.59,-40.5,11,0.0,-35.5,1
2,11,26722,4.5072,38.6,28.59,-40.5,11,0.0,-35.5,1
2,11,27448,5.5889,38.6,28.59,-40.5,11,0.0,-35.5,1
2,11,28174,4.3044,38.6,28.59,-40.5,11,0.0,-35.5,1
2,11,28900,4.9354,39.6,28.60,-41.0,11,0.0,-35.5,1
2,11,29626,4.9354,38.6,28.59,-41.0,11,0.0,-35.5,1
2,11,30352,3.8762,38.6,28.59,-41.0,11,0.0,-35.5,1
2,11,31078,5.3185,38.6,28.59,-40.5,11,0.0,-35.5,1
2,11,31804,4.9129,38.6,28.60,-40.5,11,0.0,-35.5,1
2,11,32530,5.5213,38.6,28.59,-40.5,11,0.0,-35.5,1
2,11,33256,5.4763,38.6,28.59,-40.5,11,0.0,-35.5,1
2,11,33982,4.7551,39.6,28.60,-40.5,11,0.0,-35.5,1
2,11,34708,3.9663,39.6,28.60,-40.5,11,0.0,-35.5,1
2,11,35434,4.8903,38.6,28.60,-40.5,11,0.0,-35.5,1
2,11,36160,4.4847,39.6,28.60,-41.0,11,0.0,-35.5,1
2,11,36886,5.3410,38.6,28.60,-41.0,11,0.0,-35.5,1
2,11,37612,4.7551,38.6,28.60,-41.0,11,0.0,-35.5,1
2,11,38338,4.5297,38.6,28.60,-41.0,11,0.0,-35.5,1
2,11,39064,4.9805,38.6,28.60,-40.5,11,0.0,-35.5,1
2,11,39790,4.6424,38.6,28.60,-40.5,11,0.0,-35.5,1
2,11,40516,4.6424,38.6,28.60,-41.0,11,0.0,-35.5,1
2,11,41242,4.8678,38.6,28.60,-40.0,11,0.0,-35.5,1
2,11,41968,5.1382,39.6,28.60,-41.0,11,0.0,-35.5,1
2,11,42694,3.7184,39.6,28.60,-40.5,11,0.0,-35.5,1
2,11,43420,4.5523,38.6,28.60,-41.0,11,0.0,-35.5,1
2,11,44146,5.3861,38.6,28.60,-41.0,11,0.0,-35.5,1
2,11,44872,4.4171,38.6,28.61,-40.5,11,0.0,-35.5,1
2,11,45598,5.6791,37.6,28.61,-41.0,11,0.0,-35.5,1
2,11,46324,5.3410,38.6,28.60,-41.0,11,0.0,-35.5,1
2,11,47050,5.3861,38.6,28.60,-40.5,11,0.0,-35.5,1
2,11,47776,5.4537,38.6,28.60,-41.0,11,0.0,-35.5,1
2,11,48502,4.9805,38.6,28.60,-41.0,11,0.0,-35.5,1
2,11,49228,4.8678,38.6,28.61,-40.5,11,0.0,-35.5,1
2,11,49954,5.1608,38.6,28.61,-41.0,11,0.0,-35.5,1
2,11,50680,5.5213,39.6,28.61,-41.0,11,0.0,-35.5,1
2,11,51406,5.5213,39.6,28.61,-41.0,11,0.0,-35.5,1
2,11,52132,4.4171,39.6,28.60,-40.5,11,0.0,-35.5,1
2,11,52858,5.3185,39.6,28.61,-41.0,11,0.0,-35.5,1
2,11,53584,3.7410,39.6,28.61,-40.5,11,0.0,-35.5,1
2,11,54310,3.6283,38.6,28.61,-40.5,11,0.0,-35.5,1
2,11,55036,5.5439,38.6,28.61,-41.0,11,0.0,-35.5,1
2,11,55762,5.4087,38.6,28.61,-41.0,11,0.0,-35.5,1
2,11,56488,3.8311,38.6,28.61,-40.5,11,0.0,-35.5,1
2,11,57214,5.5213,38.6,28.61,-41.0,11,0.0,-35.5,1
2,11,57940,5.5664,39.6,28.61,-40.5,11,0.0,-35.5,1
2,11,58666,4.8227,38.6,28.61,-40.5,11,0.0,-35.5,1
2,11,59392,4.8227,38.6,28.61,-40.5,11,0.0,-35.5,1
2,11,60118,5.1833,38.6,28.61,-41.0,11,0.0,-35.5,1
2,11,60844,4.5974,38.6,28.61,-41.0,11,0.0,-35.5,1
2,11,61570,4.6424,39.6,28.61,-41.0,11,0.0,-35.5,1
2,11,62296,5.6115,38.6,28.61,-41.0,11,0.0,-35.5,1
2,11,63022,4.5523,39.6,28.61,-40.5,11,0.0,-35.5,1
2,11,63748,3.8762,39.6,28.61,-40.5,11,0.0,-35.5,1
2,11,64474,4.6424,39.6,28.61,-41.0,11,0.0,-35.5,1
2,11,65200,5.7016,38.6,28.61,-41.0,11,0.0,-35.5,1
2,11,65926,4.0790,39.6,28.61,-41.0,11,0.0,-35.5,1
2,11,66652,4.7326,39.6,28.61,-41.0,11,0.0,-35.5,1
2,11,67378,4.7326,39.6,28.61,-41.0,11,0.0,-35.5,1
2,11,68104,4.9354,39.6,28.61,-41.0,11,0.0,-35.5,1
2,11,68830,5.2960,38.6,28.61,-40.5,11,0.0,-35.5,1
2,11,69556,4.8002,38.6,28.61,-41.0,11,0.0,-35.5,1
2,11,70282,4.8453,39.6,28.61,-40.0,11,0.0,-35.5,1
2,11,71008,5.5664,39.6,28.61,-40.5,11,0.0,-35.5,1
2,11,71734,4.6875,38.6,28.61,-40.5,11,0.0,-35.5,1
2,11,72460,4.5523,38.6,28.61,-41.0,11,0.0,-35.5,1
2,11,73186,4.8002,39.6,28.61,-40.5,11,0.0,-35.5,1
2,11,73912,3.9438,39.6,28.61,-41.0,11,0.0,-35.5,1
2,11,74638,4.7776,39.6,28.61,-40.5,11,0.0,-35.5,1
2,11,75364,4.7776,39.6,28.61,-40.5,11,0.0,-35.5,1
2,11,76090,5.1833,38.6,28.61,-41.0,11,0.0,-35.5,1
2,11,76816,5.0706,38.6,28.61,-40.5,11,0.0,-35.5,1
2,11,77542,4.6875,39.6,28.61,-41.0,11,0.0,-35.5,1
2,11,78268,5.3185,38.6,28.61,-41.0,11,0.0,-35.5,1
2,11,78994,4.0114,38.6,28.61,-40.5,11,0.0,-35.5,1
2,11,79720,3.8311,39.6,28.61,-41.0,11,0.0,-35.5,1
2,11,80446,4.7326,39.6,28.61,-41.0,11,0.0,-35.5,1
2,11,81172,4.7326,39.6,28.61,-40.5,11,0.0,-35.5,1
2,11,81898,4.8002,39.6,28.61,-40.5,11,0.0,-35.5,1
2,11,82624,4.9805,39.6,28.61,-40.5,11,0.0,-35.5,1
2,11,83350,4.9805,38.6,28.61,-40.5,11,0.0,-35.5,1
2,11,84076,5.4312,39.6,28.61,-41.0,11,0.0,-35.5,1
2,11,84802,4.7551,39.6,28.61,-41.0,11,0.0,-35.5,1
2,11,85528,5.1382,39.6,28.61,-40.5,11,0.0,-35.5,1
2,11,86254,4.5748,38.6,28.61,-40.5,11,0.0,-35.5,1
2,11,86980,4.5974,39.6,28.61,-40.5,11,0.0,-35.5,1
2,11,87706,4.6199,39.6,28.61,-40.5,11,0.0,-35.5,1
2,11,88432,5.3185,39.6,28.61,-41.0,11,0.0,-35.5,1
2,11,89158,4.8002,39.6,28.61,-40.5,11,0.0,-35.5,1
2,11,89884,5.6115,38.6,28.61,-40.5,11,0.0,-35.5,1
2,11,90610,5.7016,38.6,28.61,-41.0,11,0.0,-35.5,1
2,11,91336,4.1917,38.6,28.61,-41.0,11,0.0,-35.5,1
2,11,92062,4.7551,39.6,28.61,-41.0,11,0.0,-35.5,1
2,11,92788,4.7551,38.6,28.61,-41.0,11,0.0,-35.5,1
2,11,93514,5.5664,38.6,28.61,-40.5,11,0.0,-35.5,1
2,11,94240,4.3945,38.6,28.61,-40.5,11,0.0,-35.5,1
2,11,94966,5.1833,39.6,28.61,-41.0,11,0.0,-35.5,1
2,11,95692,4.5974,39.6,28.61,-41.0,11,0.0,-35.5,1
2,11,96418,4.3044,39.6,28.61,-41.0,11,0.0,-35.5,1
2,11,97144,3.5832,39.6,28.61,-40.5,11,0.0,-35.5,1
2,11,97870,4.3720,38.6,28.61,-41.0,11,0.0,-35.5,1
2,11,98596,4.8002,38.6,28.61,-41.0,11,0.0,-35.5,1
2,11,99322,5.5664,38.6,28.61,-41.0,11,0.0,-35.5,1
2,11,100048,5.2734,38.6,28.61,-41.0,11,0.0,-35.5,1
2,11,100774,5.4763,38.6,28.61,-41.0,11,0.0,-35.5,1
2,11,101500,4.2819,39.6,28.61,-41.0,11,0.0,-35.5,1
2,11,102226,5.6565,38.6,28.61,-41.0,11,0.0,-35.5,1
2,11,102952,4.7100,38.6,28.61,-40.5,11,0.0,-35.5,1
2,11,103678,5.1608,39.6,28.61,-41.0,11,0.0,-35.5,1
2,11,104404,4.0565,39.6,28.61,-41.0,11,0.0,-35.5,1
2,11,105130,4.0565,39.6,28.61,-41.0,11,0.0,-35.5,1
2,11,105856,5.0706,38.6,28.61,-40.5,11,0.0,-35.5,1
2,11,106582,4.8678,38.6,28.61,-40.5,11,0.0,-35.5,1
2,11,107308,4.6424,38.6,28.61,-41.0,11,0.0,-35.5,1
2,11,108034,3.6508,38.6,28.61,-41.0,11,0.0,-35.5,1
2,11,108760,4.0790,39.6,28.61,-40.5,11,0.0,-35.5,1
2,11,109486,4.6424,39.6,28.61,-41.0,11,0.0,-35.5,1
2,11,110212,4.5974,39.6,28.61,-41.0,11,0.0,-35.5,1
2,11,110938,5.4537,39.6,28.61,-40.5,11,0.0,-35.5,1
2,11,111664,4.5748,38.6,28.61,-41.0,11,0.0,-35.5,1
2,11,112390,4.5974,38.6,28.60,-41.0,11,0.0,-35.5,1
2,11,113116,4.5974,38.6,28.61,-41.0,11,0.0,-35.5,1
2,11,113842,4.9805,38.6,28.60,-41.0,11,0.0,-35.5,1
2,11,114568,5.2509,38.6,28.61,-41.0,11,0.0,-35.5,1
2,11,115294,5.7692,38.6,28.60,-41.0,11,0.0,-35.5,1
2,11,116020,4.6650,38.6,28.61,-41.0,11,0.0,-35.5,1
2,11,116746,4.1466,38.6,28.61,-41.0,11,0.0,-35.5,1
2,11,117472,5.6791,38.6,28.61,-41.0,11,0.0,-35.5,1
2,11,118198,5.8368,39.6,28.60,-41.0,11,0.0,-35.5,1
2,11,118924,4.6875,39.6,28.60,-41.0,11,0.0,-35.5,1
2,11,119650,4.8453,39.6,28.61,-41.0,11,0.0,-35.5,1
2,11,120376,4.5072,39.6,28.60,-41.0,11,0.0,-35.5,1
2,11,121102,4.5072,39.6,28.60,-41.0,11,0.0,-35.5,1
2,11,121828,4.6424,39.6,28.60,-40.0,11,0.0,-35.5,1
2,11,122554,5.5889,38.6,28.60,-41.0,11,0.0,-35.5,1
2,11,123280,3.9889,38.6,28.60,-40.5,11,0.0,-35.5,1
2,11,124006,4.5748,38.6,28.60,-41.0,11,0.0,-35.5,1
2,11,124732,4.7100,38.6,28.60,-41.0,11,0.0,-35.5,1
2,11,125458,5.0481,39.6,28.60,-40.5,11,0.0,-35.5,1
2,11,126184,5.6115,38.6,28.60,-41.0,11,0.0,-35.5,1
2,11,126910,5.5664,38.6,28.60,-41.0,11,0.0,-35.5,1
2,11,127636,5.0255,39.6,28.60,-41.0,11,0.0,-35.5,1
2,11,128362,4.2368,38.6,28.60,-40.5,11,0.0,-35.5,1
2,11,129088,4.2368,38.6,28.61,-40.5,11,0.0,-35.5,1
2,11,129814,5.5664,39.6,28.60,-41.0,11,0.0,-35.5,1
2,11,130540,5.6791,39.6,28.60,-40.5,11,0.0,-35.5,1
2,11,131266,4.5748,39.6,28.60,-41.0,11,0.0,-35.5,1
2,11,131992,4.7551,39.6,28.60,-40.5,11,0.0,-35.5,1
2,11,132718,4.8453,39.6,28.60,-41.0,11,0.0,-35.5,1
2,11,133444,5.7016,39.6,28.60,-41.0,11,0.0,-35.5,1
2,11,134170,4.9354,38.6,28.60,-41.0,11,0.0,-35.5,1
2,11,134896,4.1466,39.6,28.60,-41.0,11,0.0,-35.5,1
2,11,135622,5.3636,38.6,28.60,-40.5,11,0.0,-35.5,1
2,11,136348,5.3410,38.6,28.60,-41.0,11,0.0,-35.5,1
2,11,137074,5.3410,38.6,28.60,-41.0,11,0.0,-35.5,1
2,11,137800,3.8762,38.6,28.60,-41.0,11,0.0,-35.5,1
2,11,138526,5.4537,38.6,28.60,-40.5,11,0.0,-35.5,1
2,11,139252,4.9354,38.6,28.60,-40.5,11,0.0,-35.5,1
2,11,139978,5.4763,39.6,28.60,-41.0,11,0.0,-35.5,1
2,11,140704,5.4537,39.6,28.60,-41.0,11,0.0,-35.5,1
2,11,141430,4.0565,38.6,28.60,-40.5,11,0.0,-35.5,1
2,11,142156,5.1833,38.6,28.60,-40.5,11,0.0,-35.5,1
2,11,142882,5.0255,38.6,28.61,-40.5,11,0.0,-35.5,1
2,11,143608,4.7326,39.6,28.60,-40.5,11,0.0,-35.5,1
2,11,144334,4.6650,38.6,28.60,-41.0,11,0.0,-35.5,1
2,11,145060,4.6650,38.6,28.60,-41.0,11,0.0,-35.5,1
2,11,145786,4.1917,39.6,28.60,-40.5,11,0.0,-35.5,1
2,11,146512,5.0255,39.6,28.60,-41.0,11,0.0,-35.5,1
2,11,147238,4.8002,39.6,28.60,-41.0,11,0.0,-35.5,1
2,11,147964,5.2734,38.6,28.60,-41.0,11,0.0,-35.5,1
2,11,148690,5.0481,39.6,28.60,-41.0,11,0.0,-35.5,1
2,11,149416,4.6875,39.6,28.60,-40.5,11,0.0,-35.5,1
2,11,150142,5.4312,38.6,28.60,-40.5,11,0.0,-35.5,1
2,11,150868,5.1608,38.6,28.61,-41.0,11,0.0,-35.5,1
2,11,151594,5.2058,38.6,28.60,-41.0,11,0.0,-35.5,1
2,11,152320,4.8002,38.6,28.61,-41.0,11,0.0,-35.5,1
2,11,153046,4.7551,38.6,28.60,-40.5,11,0.0,-35.5,1
2,11,153772,5.5213,39.6,28.60,-40.5,11,0.0,-35.5,1
2,11,154498,5.3410,39.6,28.60,-41.0,11,0.0,-35.5,1
2,11,155224,5.2058,39.6,28.60,-41.0,11,0.0,-35.5,1
2,11,155950,5.7016,39.6,28.60,-41.0,11,0.0,-35.5,1
2,11,156676,5.4087,39.6,28.60,-41.0,11,0.0,-35.5,1
2,11,157402,5.2509,39.6,28.60,-41.0,11,0.0,-35.5,1
2,11,158128,5.5664,39.6,28.60,-41.0,11,0.0,-35.5,1
2,11,158854,4.6424,38.6,28.60,-41.0,11,0.0,-35.5,1
2,11,159580,3.7861,39.6,28.60,-40.5,11,0.0,-35.5,1
2,11,160306,4.2593,39.6,28.60,-41.0,11,0.0,-35.5,1
2,11,161032,5.3636,39.6,28.60,-41.0,11,0.0,-35.5,1
2,11,161758,3.8311,38.6,28.60,-40.5,11,0.0,-35.5,1
2,11,162484,3.7184,38.6,28.60,-40.5,11,0.0,-35.5,1
2,11,163210,4.4847,38.6,28.60,-41.0,11,0.0,-35.5,1
2,11,163936,4.4396,38.6,28.60,-41.0,11,0.0,-35.5,1
2,11,164662,4.9805,38.6,28.60,-41.0,11,0.0,-35.5,1
2,11,165388,4.6875,38.6,28.60,-41.0,11,0.0,-35.5,1
2,11,166114,4.5748,38.6,28.60,-41.0,11,0.0,-35.5,1
2,11,166840,4.5748,38.6,28.60,-41.0,11,0.0,-35.5,1
2,11,167566,3.5607,38.6,28.60,-40.5,11,0.0,-35.5,1
2,11,168292,5.6791,38.6,28.60,-41.0,11,0.0,-35.5,1
2,11,169018,5.5889,38.6,28.60,-40.5,11,0.0,-35.5,1
2,11,169744,3.9889,38.6,28.60,-41.0,11,0.0,-35.5,1
2,11,170470,4.7776,38.6,28.60,-40.5,11,0.0,-35.5,1
2,11,171196,4.7776,38.6,28.60,-41.0,11,0.0,-35.5,1
2,11,171922,5.1608,39.6,28.60,-41.0,11,0.0,-35.5,1
2,11,172648,4.0565,39.6,28.59,-40.5,11,0.0,-35.5,1
2,11,173374,4.4171,38.6,28.60,-41.0,11,0.0,-35.5,1
2,11,174100,4.9129,38.6,28.60,-41.0,11,0.0,-35.5,1
2,11,174826,4.9129,38.6,28.60,-41.0,11,0.0,-35.5,1
2,11,175552,4.8002,38.6,28.60,-40.5,11,0.0,-35.5,1
2,11,176278,4.0114,38.6,28.60,-41.0,11,0.0,-35.5,1
2,11,177004,5.6115,38.6,28.60,-41.0,11,0.0,-35.5,1
2,11,177730,4.8678,38.6,28.59,-41.0,11,0.0,-35.5,1
2,11,178456,5.2734,38.6,28.60,-41.0,11,0.0,-35.5,1
2,11,179182,5.4537,39.6,28.60,-40.5,11,0.0,-35.5,1
2,11,179908,3.6508,38.6,28.60,-40.5,11,0.0,-35.5,1
2,11,180634,4.4621,39.6,28.60,-41.0,11,0.0,-35.5,1
2,11,181360,4.7326,38.6,28.60,-41.0,11,0.0,-35.5,1
2,11,182086,5.6115,39.6,28.60,-40.5,11,0.0,-35.5,1
2,11,182812,5.6115,39.6,28.60,-40.5,11,0.0,-35.5,1
2,11,183538,4.8678,39.6,28.60,-41.0,11,0.0,-35.5,1
2,11,184264,3.8987,39.6,28.60,-41.0,11,0.0,-35.5,1
2,11,184990,4.7776,39.6,28.60,-41.0,11,0.0,-35.5,1
2,11,185716,5.0706,39.6,28.60,-40.5,11,0.0,-35.5,1
2,11,186442,4.5297,39.6,28.59,-41.0,11,0.0,-35.5,1
2,11,187168,5.2058,39.6,28.60,-41.0,11,0.0,-35.5,1
2,11,187894,5.5439,39.6,28.59,-41.0,11,0.0,-35.5,1
2,11,188620,4.7326,39.6,28.60,-41.0,11,0.0,-35.5,1
2,11,189346,4.2142,39.6,28.59,-41.0,11,0.0,-35.5,1
2,11,190072,4.5072,39.6,28.59,-40.5,11,0.0,-35.5,1
2,11,190798,4.5072,39.6,28.59,-40.5,11,0.0,-35.5,1
2,11,191524,5.4087,39.6,28.59,-41.0,11,0.0,-35.5,1
2,11,192250,4.3495,39.6,28.59,-40.5,11,0.0,-35.5,1
2,11,192976,4.9129,38.6,28.59,-41.0,11,0.0,-35.5,1
2,11,193702,5.2284,38.6,28.59,-41.0,11,0.0,-35.5,1
2,11,194428,5.2960,38.6,28.59,-41.0,11,0.0,-35.5,1
2,11,195154,5.4087,38.6,28.59,-40.5,11,0.0,-35.5,1
2,11,195880,5.2509,39.6,28.59,-41.0,11,0.0,-35.5,1
2,11,196606,4.8903,38.6,28.59,-40.5,11,0.0,-35.5,1
2,11,197332,3.9889,38.6,28.59,-40.5,11,0.0,-35.5,1
2,11,198058,5.4763,38.6,28.59,-40.5,11,0.0,-35.5,1
2,11,198784,5.4763,38.6,28.59,-40.5,11,0.0,-35.5,1
2,11,199510,4.9805,38.6,28.59,-40.5,11,0.0,-35.5,1
2,11,200236,4.5523,38.6,28.59,-40.5,11,0.0,-35.5,1
2,11,200962,5.1608,39.6,28.59,-41.0,11,0.0,-35.5,1
2,11,201688,5.4312,39.6,28.59,-41.0,11,0.0,-35.5,1
2,11,202414,5.7016,39.6,28.59,-41.0,11,0.0,-35.5,1
2,11,203140,3.9663,39.6,28.60,-41.0,11,0.0,-35.5,1
2,11,203866,4.5523,39.6,28.59,-40.5,11,0.0,-35.5,1
2,11,204592,4.9805,39.6,28.59,-41.0,11,0.0,-35.5,1
2,11,205318,5.0706,38.6,28.59,-40.5,11,0.0,-35.5,1
2,11,206044,5.5664,39.6,28.59,-41.0,11,0.0,-35.5,1
2,11,206770,5.1157,39.6,28.59,-41.0,11,0.0,-35.5,1
2,11,207496,5.3185,38.6,28.59,-41.0,11,0.0,-35.5,1
2,11,208222,4.6650,38.6,28.59,-40.5,11,0.0,-35.5,1
2,11,208948,4.8453,38.6,28.59,-41.0,11,0.0,-35.5,1
2,11,209674,4.5748,38.6,28.59,-41.0,11,0.0,-35.5,1
2,11,210400,5.1608,38.6,28.59,-41.0,11,0.0,-35.5,1
2,11,211126,5.3861,39.6,28.59,-41.0,11,0.0,-35.5,1
2,11,211852,5.0030,39.6,28.59,-40.5,11,0.0,-35.5,1
2,11,212578,5.7016,39.6,28.59,-41.0,11,0.0,-35.5,1
2,11,213304,4.0790,39.6,28.59,-40.5,11,0.0,-35.5,1
2,11,214030,5.2058,38.6,28.59,-41.0,11,0.0,-35.5,1
2,11,214756,4.4396,38.6,28.59,-40.5,11,0.0,-35.5,1
2,11,215482,5.2284,38.6,28.59,-41.0,11,0.0,-35.5,1
2,11,216208,4.6199,39.6,28.58,-40.5,11,0.0,-35.5,1
2,11,216934,4.0114,39.6,28.58,-41.0,11,0.0,-35.5,1
2,11,217660,5.7467,39.6,28.59,-41.0,11,0.0,-35.5,1
2,11,218386,4.7776,38.6,28.59,-41.0,11,0.0,-35.5,1
2,11,219112,5.1382,38.6,28.59,-41.0,11,0.0,-35.5,1
2,11,219838,5.2960,38.6,28.59,-41.0,11,0.0,-35.5,1
2,11,220564,5.2960,38.6,28.59,-41.0,11,0.0,-35.5,1
2,11,221290,5.2284,38.6,28.59,-41.0,11,0.0,-35.5,1
2,11,222016,4.9129,39.6,28.59,-40.5,11,0.0,-35.5,1
2,11,222742,4.2819,38.6,28.59,-40.5,11,0.0,-35.5,1
2,11,223468,4.7776,38.6,28.59,-41.0,11,0.0,-35.5,1
2,11,224194,5.3410,38.6,28.59,-40.5,11,0.0,-35.5,1
2,11,224920,4.0790,38.6,28.59,-40.5,11,0.0,-35.5,1
2,11,225646,5.4312,38.6,28.59,-41.0,11,0.0,-35.5,1
2,11,226372,5.5439,39.6,28.59,-40.5,11,0.0,-35.5,1
2,11,227098,5.5889,38.6,28.59,-40.5,11,0.0,-35.5,1
2,11,227824,4.8678,38.6,28.59,-40.5,11,0.0,-35.5,1
2,11,228550,4.8678,38.6,28.58,-40.5,11,0.0,-35.5,1
2,11,229276,5.0481,38.6,28.59,-40.5,11,0.0,-35.5,1
2,11,230002,5.4763,39.6,28.59,-41.0,11,0.0,-35.5,1
2,11,230728,4.0340,39.6,28.59,-41.0,11,0.0,-35.5,1
2,11,231454,4.7776,39.6,28.59,-41.0,11,0.0,-35.5,1
2,11,232180,4.1917,39.6,28.59,-40.5,11,0.0,-35.5,1
2,11,232906,4.3495,38.6,28.59,-40.5,11,0.0,-35.5,1
2,11,233632,4.7551,38.6,28.59,-40.5,11,0.0,-35.5,1
2,11,234358,4.8227,39.6,28.59,-41.0,11,0.0,-35.5,1
2,11,235084,4.7551,39.6,28.58,-41.0,11,0.0,-35.5,1
2,11,235810,4.5072,39.6,28.59,-41.0,11,0.0,-35.5,1
2,11,236536,4.5072,38.6,28.59,-41.0,11,0.0,-35.5,1
2,11,237262,4.5974,38.6,28.59,-40.5,11,0.0,-35.5,1
2,11,237988,4.7326,38.6,28.59,-41.0,11,0.0,-35.5,1
2,11,238714,4.8678,39.6,28.59,-40.5,11,0.0,-35.5,1
2,11,239440,3.9663,38.6,28.59,-41.0,11,0.0,-35.5,1
2,11,240166,4.7776,38.6,28.59,-40.5,11,0.0,-35.5,1
2,11,240892,4.6875,38.6,28.59,-40.5,11,0.0,-35.5,1
2,11,241618,4.5974,38.6,28.58,-41.0,11,0.0,-35.5,1
2,11,242344,5.4537,39.6,28.58,-40.5,11,0.0,-35.5,1
2,11,243070,4.4621,39.6,28.59,-41.0,11,0.0,-35.5,1
2,11,243796,4.8678,39.6,28.59,-41.0,11,0.0,-35.5,1
2,11,244522,4.8678,38.6,28.59,-41.0,11,0.0,-35.5,1
2,11,245248,5.4763,38.6,28.59,-40.5,11,0.0,-35.5,1
2,11,245974,4.8678,39.6,28.58,-41.0,11,0.0,-35.5,1
2,11,246700,4.4171,39.6,28.59,-41.0,11,0.0,-35.5,1
2,11,247426,4.5072,39.6,28.58,-41.0,11,0.0,-35.5,1
2,11,248152,3.9213,38.6,28.58,-41.0,11,0.0,-35.5,1
2,11,248878,5.4988,38.6,28.58,-40.5,11,0.0,-35.5,1
2,11,249604,4.7326,38.6,28.59,-41.0,11,0.0,-35.5,1
2,11,250330,5.2960,38.6,28.58,-41.0,11,0.0,-35.5,1
2,11,251056,4.9579,38.6,28.58,-41.0,11,0.0,-35.5,1
2,11,251782,4.8453,39.6,28.58,-41.0,11,0.0,-35.5,1
2,11,252508,4.8453,39.6,28.59,-41.0,11,0.0,-35.5,1
2,11,253234,5.0255,39.6,28.59,-40.5,11,0.0,-35.5,1
2,11,253960,5.4988,39.6,28.58,-41.0,11,0.0,-35.5,1
2,11,254686,5.5439,38.6,28.58,-41.0,11,0.0,-35.5,1
2,11,255412,5.4312,38.6,28.58,-40.5,11,0.0,-35.5,1
2,11,256138,5.6115,39.6,28.59,-41.0,11,0.0,-35.5,1
2,11,256864,4.9579,38.6,28.58,-40.5,11,0.0,-35.5,1
2,11,257590,4.7776,39.6,28.58,-41.0,11,0.0,-35.5,1
2,11,258316,4.6424,39.6,28.58,-40.5,11,0.0,-35.5,1
2,11,259042,4.2368,38.6,28.58,-41.0,11,0.0,-35.5,1
2,11,259768,4.9129,38.6,28.58,-41.0,11,0.0,-35.5,1
2,11,260494,5.3410,38.6,28.58,-41.0,11,0.0,-35.5,1
2,11,261220,3.8762,38.6,28.57,-40.5,11,0.0,-35.5,1
2,11,261946,5.8594,38.6,28.58,-41.0,11,0.0,-35.5,1
2,11,262672,5.0481,39.6,28.57,-41.0,11,0.0,-35.5,1
2,11,263398,4.5974,38.6,28.57,-41.0,11,0.0,-35.5,1
2,11,264124,5.3636,38.6,28.57,-41.0,11,0.0,-35.5,1
2,11,264850,4.4847,38.6,28.58,-41.0,11,0.0,-35.5,1
2,11,265576,4.3269,38.6,28.57,-41.0,11,0.0,-35.5,1
2,11,266302,4.6875,38.6,28.58,-41.0,11,0.0,-35.5,1
2,11,267028,4.4171,38.6,28.58,-41.0,11,0.0,-35.5,1
2,11,267754,4.3945,38.6,28.58,-40.5,11,0.0,-35.5,1
2,11,268480,4.8453,38.6,28.57,-41.0,11,0.0,-35.5,1
2,11,269206,5.6791,38.6,28.57,-41.0,11,0.0,-35.5,1
2,11,269932,4.1692,38.6,28.57,-40.5,11,0.0,-35.5,1
2,11,270658,5.5889,39.6,28.57,-41.0,11,0.0,-35.5,1
2,11,271384,4.7551,39.6,28.57,-41.0,11,0.0,-35.5,1
2,11,272110,4.9805,39.6,28.57,-40.5,11,0.0,-35.5,1
2,11,272836,4.8678,39.6,28.57,-40.5,11,0.0,-35.5,1
2,11,273562,4.7551,39.6,28.57,-41.0,11,0.0,-35.5,1
2,11,274288,4.7551,39.6,28.58,-41.0,11,0.0,-35.5,1
2,11,275014,4.5974,39.6,28.57,-40.0,11,0.0,-35.5,1
2,11,275740,4.3269,39.6,28.57,-41.0,11,0.0,-35.5,1
2,11,276466,4.6424,39.6,28.57,-41.0,11,0.0,-35.5,1
2,11,277192,5.4312,39.6,28.57,-40.5,11,0.0,-35.5,1
2,11,277918,5.5213,39.6,28.57,-41.0,11,0.0,-35.5,1
2,11,278644,5.4988,38.6,28.57,-40.5,11,0.0,-35.5,1
2,11,279370,4.9805,39.6,28.58,-41.0,11,0.0,-35.5,1
2,11,280096,5.5439,38.6,28.57,-41.0,11,0.0,-35.5,1
2,11,280822,3.7184,39.6,28.57,-40.5,11,0.0,-35.5,1
2,11,281548,5.2509,39.6,28.57,-41.0,11,0.0,-35.5,1
2,11,282274,5.2509,39.6,28.57,-41.0,11,0.0,-35.5,1
2,11,283000,3.8537,39.6,28.57,-40.5,11,0.0,-35.5,1
2,11,283726,5.2284,39.6,28.57,-40.5,11,0.0,-35.5,1
2,11,284452,4.8453,39.6,28.57,-40.5,11,0.0,-35.5,1
2,11,285178,4.9805,39.6,28.57,-40.5,11,0.0,-35.5,1
2,11,285904,5.9044,39.6,28.57,-41.0,11,0.0,-35.5,1
2,11,286630,5.3410,39.6,28.57,-41.0,11,0.0,-35.5,1
2,11,287356,4.5297,38.6,28.57,-40.5,11,0.0,-35.5,1
2,11,288082,5.3861,38.6,28.57,-41.0,11,0.0,-35.5,1
2,11,288808,4.7776,39.6,28.57,-41.0,11,0.0,-35.5,1
2,11,289534,4.1692,38.6,28.57,-40.5,11,0.0,-35.5,1
2,11,290260,4.1692,38.6,28.56,-40.5,11,0.0,-35.5,1
2,11,290986,5.3185,38.6,28.56,-41.0,11,0.0,-35.5,1
2,11,291712,4.9129,38.6,28.56,-41.0,11,0.0,-35.5,1
2,11,292438,5.5664,38.6,28.57,-41.0,11,0.0,-35.5,1
2,11,293164,4.6650,38.6,28.57,-40.5,11,0.0,-35.5,1
2,11,293890,4.8227,39.6,28.57,-40.5,11,0.0,-35.5,1
2,11,294616,4.9805,38.6,28.56,-41.0,11,0.0,-35.5,1
2,11,295342,5.5889,38.6,28.56,-41.0,11,0.0,-35.5,1
2,11,296068,5.6565,38.6,28.56,-41.0,11,0.0,-35.5,1
2,11,296794,5.3185,38.6,28.56,-41.0,11,0.0,-35.5,1
2,11,297520,4.6875,38.6,28.57,-40.5,11,0.0,-35.5,1
2,11,298246,4.6875,39.6,28.56,-40.5,11,0.0,-35.5,1
2,11,298972,3.7410,39.6,28.56,-41.0,11,0.0,-35.5,1
2,11,299698,4.9129,39.6,28.56,-41.0,11,0.0,-35.5,1
2,11,300424,5.4312,39.6,28.56,-41.0,11,0.0,-35.5,1
2,11,301150,4.2142,39.6,28.56,-40.5,11,0.0,-35.5,1
2,11,301876,5.8143,39.6,28.56,-41.0,11,0.0,-35.5,1
2,11,302602,3.6734,39.6,28.56,-40.5,11,0.0,-35.5,1
2,11,303328,4.7100,38.6,28.56,-41.0,11,0.0,-35.5,1
2,11,304054,4.1241,38.6,28.56,-40.5,11,0.0,-35.5,1
2,11,304780,4.6650,38.6,28.56,-41.0,11,0.0,-35.5,1
2,11,305506,5.3861,39.6,28.56,-41.0,11,0.0,-35.5,1
2,11,306232,5.3861,39.6,28.56,-41.0,11,0.0,-35.5,1
2,11,306958,3.7184,38.6,28.56,-40.5,11,0.0,-35.5,1
2,11,307684,4.7776,39.6,28.56,-41.0,11,0.0,-35.5,1
2,11,308410,4.9579,39.6,28.56,-41.0,11,0.0,-35.5,1
2,11,309136,5.2509,39.6,28.56,-41.0,11,0.0,-35.5,1
2,11,309862,3.9438,39.6,28.56,-40.5,11,0.0,-35.5,1
2,11,310588,5.4537,39.6,28.56,-41.0,11,0.0,-35.5,1
2,11,311314,5.7242,39.6,28.56,-41.0,11,0.0,-35.5,1
2,11,312040,4.8227,39.6,28.56,-41.0,11,0.0,-35.5,1
2,11,312766,4.7776,39.6,28.56,-40.5,11,0.0,-35.5,1
2,11,313492,5.5889,39.6,28.56,-41.0,11,0.0,-35.5,1
2,11,314218,4.7551,39.6,28.56,-41.0,11,0.0,-35.5,1
2,11,314944,5.3410,39.6,28.56,-41.0,11,0.0,-35.5,1
2,11,315670,4.8678,39.6,28.56,-41.0,11,0.0,-35.5,1
2,11,316396,4.1016,39.6,28.56,-41.0,11,0.0,-35.5,1
2,11,317122,5.4988,39.6,28.56,-41.0,11,0.0,-35.5,1
2,11,317848,5.4763,39.6,28.56,-41.0,11,0.0,-35.5,1
2,11,318574,5.3861,39.6,28.56,-40.0,11,0.0,-35.5,1
2,11,319300,4.6875,39.6,28.56,-41.0,11,0.0,-35.5,1
2,11,320026,5.1833,39.6,28.56,-41.0,11,0.0,-35.5,1
2,11,320752,5.1833,39.6,28.56,-41.0,11,0.0,-35.5,1
2,11,321478,4.6875,39.6,28.56,-40.5,11,0.0,-35.5,1
2,11,322204,4.7551,39.6,28.56,-41.0,11,0.0,-35.5,1
2,11,322930,4.6875,39.6,28.56,-40.5,11,0.0,-35.5,1
2,11,323656,4.6650,38.6,28.56,-41.0,11,0.0,-35.5,1
2,11,324382,4.4847,38.6,28.56,-41.0,11,0.0,-35.5,1
2,11,325108,4.8002,39.6,28.56,-41.0,11,0.0,-35.5,1
2,11,325834,4.5523,39.6,28.56,-40.5,11,0.0,-35.5,1
2,11,326560,4.8002,38.6,28.56,-41.0,11,0.0,-35.5,1
2,11,327286,3.8762,38.6,28.56,-40.5,11,0.0,-35.5,1
2,11,328012,3.8762,39.6,28.55,-40.5,11,0.0,-35.5,1
2,11,328738,4.3945,39.6,28.55,-40.5,11,0.0,-35.5,1
2,11,329464,5.7242,39.6,28.56,-41.0,11,0.0,-35.5,1
2,11,330190,4.9579,38.6,28.56,-41.0,11,0.0,-35.5,1
2,11,330916,5.7467,38.6,28.56,-41.0,11,0.0,-35.5,1
2,11,331642,4.3945,38.6,28.56,-41.0,11,0.0,-35.5,1
2,11,332368,4.4396,38.6,28.56,-41.0,11,0.0,-35.5,1
2,11,333094,3.7184,38.6,28.55,-41.0,11,0.0,-35.5,1
2,11,333820,4.1917,38.6,28.56,-41.0,11,0.0,-35.5,1
2,11,334546,4.5072,38.6,28.55,-40.5,11,0.0,-35.5,1
2,11,335272,5.6340,38.6,28.55,-41.0,11,0.0,-35.5,1
2,11,335998,5.6340,39.6,28.56,-41.0,11,0.0,-35.5,1
2,11,336724,4.6650,38.6,28.55,-40.5,11,0.0,-35.5,1
2,11,337450,4.5297,39.6,28.56,-41.0,11,0.0,-35.5,1
2,11,338176,3.7410,39.6,28.56,-41.0,11,0.0,-35.5,1
2,11,338902,4.9805,39.6,28.55,-41.0,11,0.0,-35.5,1
2,11,339628,5.2284,39.6,28.56,-41.0,11,0.0,-35.5,1
2,11,340354,4.6650,39.6,28.55,-41.0,11,0.0,-35.5,1
2,11,341080,3.8987,39.6,28.56,-40.5,11,0.0,-35.5,1
2,11,341806,5.5213,38.6,28.56,-41.0,11,0.0,-35.5,1
2,11,342532,5.7692,38.6,28.56,-41.0,11,0.0,-35.5,1
2,11,343258,5.0255,38.6,28.55,-40.5,11,0.0,-35.5,1
2,11,343984,5.0255,38.6,28.56,-40.5,11,0.0,-35.5,1
2,11,344710,4.5748,38.6,28.56,-41.0,11,0.0,-35.5,1
2,11,345436,4.2593,39.6,28.55,-41.0,11,0.0,-35.5,1
2,11,346162,5.6565,38.6,28.55,-41.0,11,0.0,-35.5,1
2,11,346888,5.3636,38.6,28.55,-41.0,11,0.0,-35.5,1
2,11,347614,5.3410,38.6,28.56,-41.0,11,0.0,-35.5,1
2,11,348340,5.4537,38.6,28.55,-41.0,11,0.0,-35.5,1
2,11,349066,5.6340,39.6,28.55,-41.0,11,0.0,-35.5,1
2,11,349792,4.0114,39.6,28.55,-41.0,11,0.0,-35.5,1
2,11,350518,5.2509,38.6,28.55,-41.0,11,0.0,-35.5,1
2,11,351244,4.6875,38.6,28.56,-40.5,11,0.0,-35.5,1
2,11,351970,4.6875,38.6,28.56,-40.5,11,0.0,-35.5,1
2,11,352696,4.6199,38.6,28.55,-41.0,11,0.0,-35.5,1
2,11,353422,4.4621,38.6,28.55,-40.5,11,0.0,-35.5,1
2,11,354148,5.5439,39.6,28.55,-40.5,11,0.0,-35.5,1
2,11,354874,4.0565,38.6,28.55,-41.0,11,0.0,-35.5,1
2,11,355600,4.6199,38.6,28.55,-40.5,11,0.0,-35.5,1
2,11,356326,4.7100,38.6,28.55,-40.5,11,0.0,-35.5,1
2,11,357052,4.8227,38.6,28.55,-40.5,11,0.0,-35.5,1
2,11,357778,5.4763,38.6,28.55,-41.0,11,0.0,-35.5,1
2,11,358504,4.3720,38.6,28.55,-41.0,11,0.0,-35.5,1
2,11,359230,5.3861,38.6,28.55,-40.0,11,0.0,-35.5,1
2,11,359956,5.3861,38.6,28.55,-40.0,11,0.0,-35.5,1
2,11,360682,5.0706,38.6,28.55,-41.0,11,0.0,-35.5,1
2,11,361408,4.6875,39.6,28.55,-40.5,11,0.0,-35.5,1
2,11,362134,4.8453,39.6,28.56,-41.0,11,0.0,-35.5,1
2,11,362860,5.0481,39.6,28.55,-40.5,11,0.0,-35.5,1
2,11,363586,4.0340,39.6,28.56,-41.0,11,0.0,-35.5,1
2,11,364312,4.8903,39.6,28.55,-41.0,11,0.0,-35.5,1
2,11,365038,4.8002,39.6,28.56,-40.5,11,0.0,-35.5,1
2,11,365764,3.5156,39.6,28.56,-41.0,11,0.0,-35.5,1
2,11,366490,4.7100,39.6,28.55,-41.0,11,0.0,-35.5,1
2,11,367216,5.5664,39.6,28.55,-41.0,11,0.0,-35.5,1
2,11,367942,5.5664,39.6,28.55,-41.0,11,0.0,-35.5,1
2,11,368668,4.6199,38.6,28.55,-41.0,11,0.0,-35.5,1
2,12,6394,3.8762,38.6,28.55,-41.0,12,0.0,-35.5,1
2,12,7120,5.0481,38.6,28.56,-41.0,12,0.0,-35.5,1
2,12,7846,4.4396,38.6,28.55,-40.5,12,0.0,-35.5,1
2,12,8572,5.1382,38.6,28.55,-41.0,12,0.0,-35.5,1
2,12,9298,5.1382,38.6,28.55,-41.0,12,0.0,-35.5,1
2,12,10024,3.7410,38.6,28.55,-41.0,12,0.0,-35.5,1
2,12,10750,4.2368,38.6,28.55,-41.0,12,0.0,-35.5,1
2,12,11476,4.3495,39.6,28.55,-41.0,12,0.0,-35.5,1
2,12,12202,3.8086,38.6,28.55,-40.5,12,0.0,-35.5,1
2,12,12928,4.4171,38.6,28.55,-41.0,12,0.0,-35.5,1
2,12,13654,5.0030,38.6,28.56,-41.0,12,0.0,-35.5,1
2,12,14380,3.7410,38.6,28.55,-41.0,12,0.0,-35.5,1
2,12,15106,4.5523,38.6,28.55,-40.5,12,0.0,-35.5,1
2,12,15832,4.9579,38.6,28.56,-41.0,12,0.0,-35.5,1
2,12,16558,4.2593,39.6,28.56,-41.0,12,0.0,-35.5,1
2,12,17284,4.2593,38.6,28.56,-41.0,12,0.0,-35.5,1
2,12,18010,3.6734,39.6,28.56,-41.0,12,0.0,-35.5,1
2,12,18736,5.0931,39.6,28.56,-41.0,12,0.0,-35.5,1
2,12,19462,5.2284,38.6,28.56,-41.0,12,0.0,-35.5,1
2,12,20188,3.9889,38.6,28.56,-41.0,12,0.0,-35.5,1
2,12,20914,4.4171,38.6,28.56,-41.0,12,0.0,-35.5,1
2,12,21640,5.2734,38.6,28.56,-41.0,12,0.0,-35.5,1
2,12,22366,4.7100,38.6,28.56,-41.0,12,0.0,-35.5,1
2,12,23092,3.9438,38.6,28.57,-41.0,12,0.0,-35.5,1
2,12,23818,4.4847,38.6,28.56,-41.0,12,0.0,-35.5,1
2,12,24544,4.2368,38.6,28.57,-41.0,12,0.0,-35.5,1
2,12,25270,4.8678,38.6,28.57,-41.0,12,0.0,-35.5,1
2,12,25996,4.7326,38.6,28.57,-41.0,12,0.0,-35.5,1
2,12,26722,4.5072,38.6,28.56,-41.0,12,0.0,-35.5,1
2,12,27448,4.6424,38.6,28.57,-41.0,12,0.0,-35.5,1
2,12,28174,4.4396,38.6,28.57,-41.0,12,0.0,-35.5,1
2,12,28900,3.6508,39.6,28.56,-41.0,12,0.0,-35.5,1
2,12,29626,3.6734,38.6,28.57,-41.0,12,0.0,-35.5,1
2,12,30352,5.7242,38.6,28.57,-41.0,12,0.0,-35.5,1
2,12,31078,5.6115,38.6,28.57,-41.0,12,0.0,-35.5,1
2,12,31804,4.9579,38.6,28.57,-41.0,12,0.0,-35.5,1
2,12,32530,5.3636,38.6,28.57,-41.0,12,0.0,-35.5,1
2,12,33256,4.5974,38.6,28.57,-41.0,12,0.0,-35.5,1
2,12,33982,4.3720,38.6,28.57,-41.0,12,0.0,-35.5,1
2,12,34708,4.6875,38.6,28.57,-41.0,12,0.0,-35.5,1
2,12,35434,3.8311,39.6,28.57,-40.5,12,0.0,-35.5,1
2,12,36160,4.3945,38.6,28.57,-40.5,12,0.0,-35.5,1
2,12,36886,4.6424,38.6,28.57,-40.5,12,0.0,-35.5,1
2,12,37612,5.3185,39.6,28.58,-41.0,12,0.0,-35.5,1
2,12,38338,4.9129,38.6,28.58,-40.5,12,0.0,-35.5,1
2,12,39064,4.9129,39.6,28.57,-40.5,12,0.0,-35.5,1
2,12,39790,4.6875,39.6,28.57,-41.0,12,0.0,-35.5,1
2,12,40516,5.5664,38.6,28.58,-41.0,12,0.0,-35.5,1
2,12,41242,4.0565,38.6,28.58,-41.0,12,0.0,-35.5,1
2,12,41968,4.0114,38.6,28.57,-41.0,12,0.0,-35.5,1
2,12,42694,3.7410,39.6,28.57,-41.0,12,0.0,-35.5,1
2,12,43420,5.2960,39.6,28.58,-41.0,12,0.0,-35.5,1
2,12,44146,4.6650,38.6,28.58,-41.0,12,0.0,-35.5,1
2,12,44872,5.5664,38.6,28.58,-41.0,12,0.0,-35.5,1
2,12,45598,4.5974,38.6,28.58,-41.0,12,0.0,-35.5,1
2,12,46324,4.6875,39.6,28.58,-41.0,12,0.0,-35.5,1
2,12,47050,4.6875,38.6,28.58,-41.0,12,0.0,-35.5,1
2,12,47776,5.3410,38.6,28.58,-41.0,12,0.0,-35.5,1
2,12,48502,4.2819,38.6,28.58,-41.0,12,0.0,-35.5,1
2,12,49228,4.6875,39.6,28.58,-41.0,12,0.0,-35.5,1
2,12,49954,4.7776,39.6,28.58,-41.0,12,0.0,-35.5,1
2,12,50680,4.3269,39.6,28.58,-41.0,12,0.0,-35.5,1
2,12,51406,3.7861,38.6,28.58,-41.0,12,0.0,-35.5,1
2,12,52132,4.2819,39.6,28.58,-40.5,12,0.0,-35.5,1
2,12,52858,4.6875,38.6,28.59,-41.0,12,0.0,-35.5,1
2,12,53584,3.8762,38.6,28.58,-41.0,12,0.0,-35.5,1
2,12,54310,3.4480,39.6,28.58,-41.0,12,0.0,-35.5,1
2,12,55036,3.4480,39.6,28.59,-41.0,12,0.0,-35.5,1
2,12,55762,4.8002,39.6,28.58,-41.0,12,0.0,-35.5,1
2,12,56488,4.6424,38.6,28.58,-41.0,12,0.0,-35.5,1
2,12,57214,5.4537,38.6,28.58,-41.0,12,0.0,-35.5,1
2,12,57940,4.4621,38.6,28.58,-41.0,12,0.0,-35.5,1
2,12,58666,4.6875,39.6,28.58,-41.0,12,0.0,-35.5,1
2,12,59392,3.8086,39.6,28.58,-41.0,12,0.0,-35.5,1
2,12,60118,4.6199,39.6,28.58,-41.0,12,0.0,-35.5,1
2,12,60844,3.6959,38.6,28.58,-40.5,12,0.0,-35.5,1
2,12,61570,4.6424,38.6,28.58,-40.5,12,0.0,-35.5,1
2,12,62296,4.6424,38.6,28.58,-41.0,12,0.0,-35.5,1
2,12,63022,4.6424,38.6,28.58,-41.0,12,0.0,-35.5,1
2,12,63748,4.5523,38.6,28.58,-41.0,12,0.0,-35.5,1
2,12,64474,5.7016,38.6,28.59,-41.0,12,0.0,-35.5,1
2,12,65200,3.7861,38.6,28.58,-41.0,12,0.0,-35.5,1
2,12,65926,4.2819,38.6,28.58,-41.0,12,0.0,-35.5,1
2,12,66652,4.7776,39.6,28.58,-41.0,12,0.0,-35.5,1
2,12,67378,4.5974,39.6,28.58,-41.0,12,0.0,-35.5,1
2,12,68104,4.8453,39.6,28.58,-41.0,12,0.0,-35.5,1
2,12,68830,4.3720,39.6,28.58,-41.0,12,0.0,-35.5,1
2,12,69556,4.7776,38.6,28.58,-41.0,12,0.0,-35.5,1
2,12,70282,5.5213,38.6,28.58,-41.0,12,0.0,-35.5,1
2,12,71008,5.5213,38.6,28.59,-41.0,12,0.0,-35.5,1
2,12,71734,4.8903,38.6,28.58,-41.0,12,0.0,-35.5,1
2,12,72460,4.5072,39.6,28.58,-41.0,12,0.0,-35.5,1
2,12,73186,5.5889,38.6,28.57,-41.0,12,0.0,-35.5,1
2,12,73912,3.6283,38.6,28.59,-40.5,12,0.0,-35.5,1
2,12,74638,3.6508,38.6,28.58,-40.5,12,0.0,-35.5,1
2,12,75364,4.4171,38.6,28.58,-41.0,12,0.0,-35.5,1
2,12,76090,4.6875,38.6,28.58,-41.0,12,0.0,-35.5,1
2,12,76816,5.8143,38.6,28.58,-41.0,12,0.0,-35.5,1
2,12,77542,3.8311,38.6,28.58,-41.0,12,0.0,-35.5,1
2,12,78268,5.4537,38.6,28.58,-41.0,12,0.0,-35.5,1
2,12,78994,5.3861,38.6,28.58,-41.0,12,0.0,-35.5,1
2,12,79720,4.5072,38.6,28.59,-41.0,12,0.0,-35.5,1
2,12,80446,5.3636,39.6,28.58,-41.0,12,0.0,-35.5,1
2,12,81172,4.3495,39.6,28.58,-41.0,12,0.0,-35.5,1
2,12,81898,4.7100,39.6,28.58,-41.0,12,0.0,-35.5,1
2,12,82624,4.9354,39.6,28.59,-41.0,12,0.0,-35.5,1
2,12,83350,3.6959,39.6,28.59,-40.5,12,0.0,-35.5,1
2,12,84076,3.8311,38.6,28.59,-41.0,12,0.0,-35.5,1
2,12,84802,4.4621,39.6,28.59,-41.0,12,0.0,-35.5,1
2,12,85528,4.5072,39.6,28.59,-41.0,12,0.0,-35.5,1
2,12,86254,3.9438,39.6,28.58,-40.5,12,0.0,-35.5,1
2,12,86980,5.5889,39.6,28.59,-41.0,12,0.0,-35.5,1
2,12,87706,4.5072,38.6,28.58,-41.0,12,0.0,-35.5,1
2,12,88432,5.2960,39.6,28.59,-41.0,12,0.0,-35.5,1
2,12,89158,4.1241,39.6,28.58,-40.5,12,0.0,-35.5,1
2,12,89884,5.4537,39.6,28.58,-41.0,12,0.0,-35.5,1
2,12,90610,4.4621,38.6,28.58,-41.0,12,0.0,-35.5,1
2,12,91336,4.6650,38.6,28.58,-41.0,12,0.0,-35.5,1
2,12,92062,4.9805,38.6,28.59,-41.0,12,0.0,-35.5,1
2,12,92788,4.9805,38.6,28.59,-41.0,12,0.0,-35.5,1
2,12,93514,5.1833,38.6,28.58,-41.0,12,0.0,-35.5,1
2,12,94240,4.6424,38.6,28.58,-41.0,12,0.0,-35.5,1
2,12,94966,5.0030,38.6,28.59,-41.0,12,0.0,-35.5,1
2,12,95692,3.9663,38.6,28.58,-41.0,12,0.0,-35.5,1
2,12,96418,4.6875,38.6,28.57,-41.0,12,0.0,-35.5,1
2,12,97144,5.4537,38.6,28.58,-41.0,12,0.0,-35.5,1
2,12,97870,4.6199,38.6,28.58,-41.0,12,0.0,-35.5,1
2,12,98596,4.5297,38.6,28.58,-41.0,12,0.0,-35.5,1
2,12,99322,4.5297,38.6,28.58,-41.0,12,0.0,-35.5,1
2,12,100048,3.8086,38.6,28.58,-41.0,12,0.0,-35.5,1
2,12,100774,3.8086,38.6,28.59,-41.0,12,0.0,-35.5,1
2,12,101500,4.8227,38.6,28.58,-41.0,12,0.0,-35.5,1
2,12,102226,3.6508,38.6,28.58,-41.0,12,0.0,-35.5,1
2,12,102952,4.0790,39.6,28.58,-41.0,12,0.0,-35.5,1
2,12,103678,4.5297,39.6,28.59,-41.0,12,0.0,-35.5,1
2,12,104404,4.0565,39.6,28.58,-41.0,12,0.0,-35.5,1
2,12,105130,4.9129,38.6,28.59,-41.0,12,0.0,-35.5,1
2,12,105856,4.6199,38.6,28.59,-40.5,12,0.0,-35.5,1
2,12,106582,4.6424,39.6,28.58,-41.0,12,0.0,-35.5,1
2,12,107308,5.2058,39.6,28.59,-41.0,12,0.0,-35.5,1
2,12,108034,4.1016,39.6,28.59,-41.0,12,0.0,-35.5,1
2,12,108760,4.1016,39.6,28.59,-41.0,12,0.0,-35.5,1
2,12,109486,4.8002,39.6,28.58,-41.0,12,0.0,-35.5,1
2,12,110212,4.9579,38.6,28.58,-41.0,12,0.0,-35.5,1
2,12,110938,4.8002,39.6,28.58,-41.0,12,0.0,-35.5,1
2,12,111664,4.1692,39.6,28.58,-41.0,12,0.0,-35.5,1
2,12,112390,4.5523,38.6,28.58,-40.5,12,0.0,-35.5,1
2,12,113116,4.6199,38.6,28.58,-41.0,12,0.0,-35.5,1
2,12,113842,4.6199,38.6,28.58,-41.0,12,0.0,-35.5,1
2,12,114568,4.9579,38.6,28.58,-41.0,12,0.0,-35.5,1
2,12,115294,4.8453,38.6,28.58,-41.0,12,0.0,-35.5,1
2,12,116020,4.9354,38.6,28.58,-41.0,12,0.0,-35.5,1
2,12,116746,4.9354,38.6,28.58,-41.0,12,0.0,-35.5,1
2,12,117472,4.9805,38.6,28.58,-41.0,12,0.0,-35.5,1
2,12,118198,4.9129,38.6,28.58,-41.0,12,0.0,-35.5,1
2,12,118924,5.5439,38.6,28.58,-41.0,12,0.0,-35.5,1
2,12,119650,4.1016,38.6,28.57,-41.0,12,0.0,-35.5,1
2,12,120376,3.5832,38.6,28.58,-41.0,12,0.0,-35.5,1
2,12,121102,4.5974,38.6,28.58,-41.0,12,0.0,-35.5,1
2,12,121828,3.6283,39.6,28.58,-41.0,12,0.0,-35.5,1
2,12,122554,4.9805,38.6,28.58,-41.0,12,0.0,-35.5,1
2,12,123280,4.8678,39.6,28.58,-41.0,12,0.0,-35.5,1
2,12,124006,4.0565,38.6,28.58,-41.0,12,0.0,-35.5,1
2,12,124732,4.0565,39.6,28.58,-41.0,12,0.0,-35.5,1
2,12,125458,3.9889,39.6,28.58,-40.5,12,0.0,-35.5,1
2,12,126184,5.6340,38.6,28.58,-41.0,12,0.0,-35.5,1
2,12,126910,4.8227,38.6,28.58,-41.0,12,0.0,-35.5,1
2,12,127636,4.6875,38.6,28.58,-41.0,12,0.0,-35.5,1
2,12,128362,4.1692,39.6,28.58,-41.0,12,0.0,-35.5,1
2,12,129088,3.4931,39.6,28.58,-41.0,12,0.0,-35.5,1
2,12,129814,4.7776,39.6,28.58,-41.0,12,0.0,-35.5,1
2,12,130540,5.2734,39.6,28.58,-41.0,12,0.0,-35.5,1
2,12,131266,3.8537,39.6,28.57,-41.0,12,0.0,-35.5,1
2,12,131992,3.9438,38.6,28.57,-41.0,12,0.0,-35.5,1
2,12,132718,3.9438,39.6,28.58,-41.0,12,0.0,-35.5,1
2,12,133444,3.7184,39.6,28.57,-41.0,12,0.0,-35.5,1
2,12,134170,4.4621,39.6,28.57,-41.0,12,0.0,-35.5,1
2,12,134896,4.1692,39.6,28.58,-41.0,12,0.0,-35.5,1
2,12,135622,4.3495,39.6,28.57,-41.0,12,0.0,-35.5,1
2,12,136348,4.5523,39.6,28.57,-40.5,12,0.0,-35.5,1
2,12,137074,3.8311,39.6,28.57,-41.0,12,0.0,-35.5,1
2,12,137800,5.0255,39.6,28.57,-41.0,12,0.0,-35.5,1
2,12,138526,4.0565,39.6,28.58,-41.0,12,0.0,-35.5,1
2,12,139252,4.8678,39.6,28.58,-41.0,12,0.0,-35.5,1
2,12,139978,4.1692,39.6,28.58,-41.0,12,0.0,-35.5,1
2,12,140704,4.0114,39.6,28.58,-41.0,12,0.0,-35.5,1
2,12,141430,4.0565,39.6,28.58,-41.0,12,0.0,-35.5,1
2,12,142156,4.8227,39.6,28.58,-41.0,12,0.0,-35.5,1
2,12,142882,4.5974,39.6,28.57,-41.0,12,0.0,-35.5,1
2,12,143608,4.4396,39.6,28.57,-40.5,12,0.0,-35.5,1
2,12,144334,5.0255,38.6,28.57,-41.0,12,0.0,-35.5,1
2,12,145060,3.6734,39.6,28.58,-41.0,12,0.0,-35.5,1
2,12,145786,4.7326,39.6,28.57,-41.0,12,0.0,-35.5,1
2,12,146512,15.1668,39.6,28.57,-40.5,12,0.0,-35.5,0
2,12,147238,4.6650,39.6,28.58,-40.5,12,0.0,-35.5,1
2,12,147964,3.7635,39.6,28.57,-40.5,12,0.0,-35.5,1
2,12,148690,3.8987,39.6,28.57,-40.5,12,0.0,-35.5,1
2,12,149416,4.7326,39.6,28.57,-40.5,12,0.0,-35.5,1
2,12,150142,4.7776,39.6,28.57,-41.0,12,0.0,-35.5,1
2,12,150868,4.7100,39.6,28.57,-41.0,12,0.0,-35.5,1
2,12,151594,5.5213,39.6,28.57,-41.0,12,0.0,-35.5,1
2,12,152320,5.1833,39.6,28.57,-41.0,12,0.0,-35.5,1
2,12,153046,3.8987,39.6,28.57,-41.0,12,0.0,-35.5,1
2,12,153772,4.6199,39.6,28.57,-41.0,12,0.0,-35.5,1
2,12,154498,4.6199,39.6,28.57,-41.0,12,0.0,-35.5,1
2,12,155224,4.0565,39.6,28.57,-41.0,12,0.0,-35.5,1
2,12,155950,3.9663,39.6,28.57,-40.5,12,0.0,-35.5,1
2,12,156676,4.9129,39.6,28.57,-41.0,12,0.0,-35.5,1
2,12,157402,4.7551,39.6,28.57,-41.0,12,0.0,-35.5,1
2,12,158128,4.4847,39.6,28.57,-41.0,12,0.0,-35.5,1
2,12,158854,4.5748,39.6,28.57,-41.0,12,0.0,-35.5,1
2,12,159580,4.8903,38.6,28.57,-41.0,12,0.0,-35.5,1
2,12,160306,5.2058,38.6,28.57,-41.0,12,0.0,-35.5,1
2,12,161032,5.3410,38.6,28.57,-41.0,12,0.0,-35.5,1
2,12,161758,4.5523,38.6,28.57,-41.0,12,0.0,-35.5,1
2,12,162484,4.5523,38.6,28.57,-41.0,12,0.0,-35.5,1
2,12,163210,4.6875,38.6,28.58,-41.0,12,0.0,-35.5,1
2,12,163936,5.2734,39.6,28.57,-41.0,12,0.0,-35.5,1
2,12,164662,3.9438,39.6,28.58,-40.5,12,0.0,-35.5,1
2,12,165388,5.5889,39.6,28.57,-41.0,12,0.0,-35.5,1
2,12,166114,5.7016,39.6,28.57,-41.0,12,0.0,-35.5,1
2,12,166840,4.7551,39.6,28.57,-41.0,12,0.0,-35.5,1
2,12,167566,3.8537,39.6,28.58,-40.5,12,0.0,-35.5,1
2,12,168292,5.4087,38.6,28.57,-41.0,12,0.0,-35.5,1
2,12,169018,4.7551,39.6,28.57,-41.0,12,0.0,-35.5,1
2,12,169744,4.0565,39.6,28.57,-41.0,12,0.0,-35.5,1
2,12,170470,4.0565,39.6,28.57,-41.0,12,0.0,-35.5,1
2,12,171196,4.0790,39.6,28.57,-41.0,12,0.0,-35.5,1
2,12,171922,3.9663,39.6,28.57,-41.0,12,0.0,-35.5,1
2,12,172648,4.9129,38.6,28.57,-41.0,12,0.0,-35.5,1
2,12,173374,5.4537,38.6,28.57,-41.0,12,0.0,-35.5,1
2,12,174100,4.3720,39.6,28.57,-41.0,12,0.0,-35.5,1
2,12,174826,4.3495,38.6,28.58,-41.0,12,0.0,-35.5,1
2,12,175552,5.9270,38.6,28.57,-41.0,12,0.0,-35.5,1
2,12,176278,4.5523,38.6,28.57,-41.0,12,0.0,-35.5,1
2,12,177004,3.2452,38.6,28.57,-40.5,12,0.0,-35.5,1
2,12,177730,5.1382,38.6,28.57,-41.0,12,0.0,-35.5,1
2,12,178456,5.1382,38.6,28.57,-41.0,12,0.0,-35.5,1
2,12,179182,5.2284,38.6,28.57,-41.0,12,0.0,-35.5,1
2,12,179908,5.2509,38.6,28.57,-41.0,12,0.0,-35.5,1
2,12,180634,4.8002,39.6,28.57,-41.0,12,0.0,-35.5,1
2,12,181360,5.6565,39.6,28.57,-41.0,12,0.0,-35.5,1
2,12,182086,5.2960,38.6,28.57,-41.0,12,0.0,-35.5,1
2,12,182812,4.2819,38.6,28.56,-41.0,12,0.0,-35.5,1
2,12,183538,5.1833,38.6,28.56,-41.0,12,0.0,-35.5,1
2,12,184264,4.1241,38.6,28.57,-41.0,12,0.0,-35.5,1
2,12,184990,4.4396,39.6,28.56,-40.5,12,0.0,-35.5,1
2,12,185716,3.7184,39.6,28.57,-41.0,12,0.0,-35.5,1
2,12,186442,3.7184,38.6,28.57,-41.0,12,0.0,-35.5,1
2,12,187168,4.5297,38.6,28.56,-41.0,12,0.0,-35.5,1
2,12,187894,4.5072,38.6,28.56,-41.0,12,0.0,-35.5,1
2,12,188620,4.4396,39.6,28.56,-41.0,12,0.0,-35.5,1
2,12,189346,4.7551,39.6,28.56,-41.0,12,0.0,-35.5,1
2,12,190072,4.6199,39.6,28.57,-41.0,12,0.0,-35.5,1
2,12,190798,5.6791,39.6,28.56,-40.5,12,0.0,-35.5,1
2,12,191524,5.4087,39.6,28.57,-40.5,12,0.0,-35.5,1
2,12,192250,4.4847,39.6,28.56,-41.0,12,0.0,-35.5,1
2,12,192976,3.9663,39.6,28.57,-41.0,12,0.0,-35.5,1
2,12,193702,4.7776,39.6,28.57,-41.0,12,0.0,-35.5,1
2,12,194428,5.0481,39.6,28.57,-41.0,12,0.0,-35.5,1
2,12,195154,3.8987,39.6,28.57,-41.0,12,0.0,-35.5,1
2,12,195880,4.1692,39.6,28.57,-41.0,12,0.0,-35.5,1
2,12,196606,4.0790,39.6,28.57,-41.0,12,0.0,-35.5,1
2,12,197332,4.2593,38.6,28.56,-41.0,12,0.0,-35.5,1
2,12,198058,4.6424,38.6,28.57,-41.0,12,0.0,-35.5,1
2,12,198784,5.4312,38.6,28.57,-41.0,12,0.0,-35.5,1
2,12,199510,3.8987,39.6,28.57,-40.5,12,0.0,-35.5,1
2,12,200236,4.9805,39.6,28.56,-40.5,12,0.0,-35.5,1
2,12,200962,4.1466,39.6,28.56,-41.0,12,0.0,-35.5,1
2,12,201688,4.3945,38.6,28.56,-41.0,12,0.0,-35.5,1
2,12,202414,4.3044,38.6,28.56,-41.0,12,0.0,-35.5,1
2,12,203140,3.9213,38.6,28.56,-40.5,12,0.0,-35.5,1
2,12,203866,5.4763,38.6,28.56,-41.0,12,0.0,-35.5,1
2,12,204592,4.8227,38.6,28.56,-41.0,12,0.0,-35.5,1
2,12,205318,5.4312,38.6,28.56,-40.5,12,0.0,-35.5,1
2,12,206044,4.5523,39.6,28.55,-40.5,12,0.0,-35.5,1
2,12,206770,4.7326,38.6,28.55,-41.0,12,0.0,-35.5,1
2,12,207496,4.4621,38.6,28.56,-41.0,12,0.0,-35.5,1
2,12,208222,4.4621,38.6,28.56,-41.0,12,0.0,-35.5,1
2,12,208948,5.3636,38.6,28.56,-41.0,12,0.0,-35.5,1
2,12,209674,4.6424,38.6,28.56,-41.0,12,0.0,-35.5,1
2,12,210400,4.6424,39.6,28.56,-41.0,12,0.0,-35.5,1
2,12,211126,3.8987,39.6,28.55,-41.0,12,0.0,-35.5,1
2,12,211852,5.5213,39.6,28.55,-41.0,12,0.0,-35.5,1
2,12,212578,4.5072,38.6,28.56,-41.0,12,0.0,-35.5,1
2,12,213304,4.5974,38.6,28.56,-41.0,12,0.0,-35.5,1
2,12,214030,4.3945,38.6,28.56,-41.0,12,0.0,-35.5,1
2,12,214756,5.2960,38.6,28.56,-41.0,12,0.0,-35.5,1
2,12,215482,4.3720,39.6,28.56,-41.0,12,0.0,-35.5,1
2,12,216208,4.3720,39.6,28.56,-41.0,12,0.0,-35.5,1
2,12,216934,3.8987,39.6,28.56,-41.0,12,0.0,-35.5,1
2,12,217660,4.6650,39.6,28.56,-41.0,12,0.0,-35.5,1
2,12,218386,4.8678,38.6,28.56,-41.0,12,0.0,-35.5,1
2,12,219112,3.6283,38.6,28.56,-41.0,12,0.0,-35.5,1
2,12,219838,4.8903,39.6,28.56,-41.0,12,0.0,-35.5,1
2,12,220564,4.4621,39.6,28.56,-40.5,12,0.0,-35.5,1
2,12,221290,4.4171,38.6,28.56,-41.0,12,0.0,-35.5,1
2,12,222016,4.8227,39.6,28.56,-41.0,12,0.0,-35.5,1
2,12,222742,4.6875,39.6,28.56,-41.0,12,0.0,-35.5,1
2,12,223468,5.4537,39.6,28.55,-41.0,12,0.0,-35.5,1
2,12,224194,5.4537,39.6,28.56,-41.0,12,0.0,-35.5,1
2,12,224920,3.7410,39.6,28.55,-41.0,12,0.0,-35.5,1
2,12,225646,4.1016,39.6,28.56,-41.0,12,0.0,-35.5,1
2,12,226372,5.2734,39.6,28.55,-41.0,12,0.0,-35.5,1
2,12,227098,4.6650,39.6,28.56,-41.0,12,0.0,-35.5,1
2,12,227824,4.3945,38.6,28.55,-41.0,12,0.0,-35.5,1
2,12,228550,3.8987,38.6,28.56,-41.0,12,0.0,-35.5,1
2,12,229276,3.9438,39.6,28.56,-40.5,12,0.0,-35.5,1
2,12,230002,3.9213,39.6,28.56,-41.0,12,0.0,-35.5,1
2,12,230728,4.1692,39.6,28.56,-41.0,12,0.0,-35.5,1
2,12,231454,4.5297,39.6,28.55,-41.0,12,0.0,-35.5,1
2,12,232180,4.5297,39.6,28.55,-41.0,12,0.0,-35.5,1
2,12,232906,4.2368,38.6,28.55,-41.0,12,0.0,-35.5,1
2,12,233632,4.6875,38.6,28.56,-41.0,12,0.0,-35.5,1
2,12,234358,4.8453,38.6,28.55,-41.0,12,0.0,-35.5,1
2,12,235084,4.0790,38.6,28.56,-41.0,12,0.0,-35.5,1
2,12,235810,4.1016,38.6,28.55,-41.0,12,0.0,-35.5,1
2,12,236536,5.2960,38.6,28.55,-41.0,12,0.0,-35.5,1
2,12,237262,5.2960,38.6,28.55,-41.0,12,0.0,-35.5,1
2,12,237988,4.6875,39.6,28.55,-41.0,12,0.0,-35.5,1
2,12,238714,4.0114,39.6,28.55,-41.0,12,0.0,-35.5,1
2,12,239440,3.9438,38.6,28.55,-41.0,12,0.0,-35.5,1
2,12,240166,3.9438,38.6,28.55,-41.0,12,0.0,-35.5,1
2,12,240892,4.9805,38.6,28.55,-41.0,12,0.0,-35.5,1
2,12,241618,4.0790,38.6,28.55,-41.0,12,0.0,-35.5,1
2,12,242344,4.4171,39.6,28.55,-41.0,12,0.0,-35.5,1
2,12,243070,4.8227,38.6,28.55,-41.0,12,0.0,-35.5,1
2,12,243796,4.3495,38.6,28.55,-41.0,12,0.0,-35.5,1
2,12,244522,4.3720,38.6,28.55,-41.0,12,0.0,-35.5,1
2,12,245248,3.7410,38.6,28.55,-41.0,12,0.0,-35.5,1
2,12,245974,4.0114,38.6,28.55,-41.0,12,0.0,-35.5,1
2,12,246700,5.7016,38.6,28.55,-41.0,12,0.0,-35.5,1
2,12,247426,4.6875,38.6,28.55,-41.0,12,0.0,-35.5,1
2,12,248152,5.0481,39.6,28.55,-40.5,12,0.0,-35.5,1
2,12,248878,3.6508,38.6,28.56,-40.5,12,0.0,-35.5,1
2,12,249604,4.3495,38.6,28.55,-41.0,12,0.0,-35.5,1
2,12,250330,4.7100,38.6,28.55,-41.0,12,0.0,-35.5,1
2,12,251056,3.8311,38.6,28.56,-41.0,12,0.0,-35.5,1
2,12,251782,5.4087,38.6,28.55,-40.5,12,0.0,-35.5,1
2,12,252508,5.2960,39.6,28.55,-41.0,12,0.0,-35.5,1
2,12,253234,3.4480,39.6,28.55,-40.5,12,0.0,-35.5,1
2,12,253960,5.3410,38.6,28.55,-41.0,12,0.0,-35.5,1
2,12,254686,4.3495,39.6,28.55,-41.0,12,0.0,-35.5,1
2,12,255412,4.1241,39.6,28.55,-41.0,12,0.0,-35.5,1
2,12,256138,4.7776,39.6,28.56,-41.0,12,0.0,-35.5,1
2,12,256864,4.8002,38.6,28.56,-41.0,12,0.0,-35.5,1
2,12,257590,5.0255,38.6,28.55,-41.0,12,0.0,-35.5,1
2,12,258316,4.7551,38.6,28.55,-41.0,12,0.0,-35.5,1
2,12,259042,4.3720,38.6,28.56,-41.0,12,0.0,-35.5,1
2,12,259768,4.5523,38.6,28.55,-41.0,12,0.0,-35.5,1
2,12,260494,4.5523,38.6,28.55,-41.0,12,0.0,-35.5,1
2,12,261220,4.6199,39.6,28.55,-41.0,12,0.0,-35.5,1
2,12,261946,4.6199,39.6,28.55,-41.0,12,0.0,-35.5,1
2,12,262672,5.1382,39.6,28.55,-41.0,12,0.0,-35.5,1
2,12,263398,5.2734,39.6,28.55,-41.0,12,0.0,-35.5,1
2,12,264124,5.3861,39.6,28.55,-40.5,12,0.0,-35.5,1
2,12,264850,4.5974,38.6,28.55,-41.0,12,0.0,-35.5,1
2,12,265576,5.5439,38.6,28.55,-41.0,12,0.0,-35.5,1
2,12,266302,4.0565,38.6,28.55,-41.0,12,0.0,-35.5,1
2,12,267028,4.1692,38.6,28.55,-41.0,12,0.0,-35.5,1
2,12,267754,4.7551,38.6,28.55,-41.0,12,0.0,-35.5,1
2,12,268480,3.9213,39.6,28.55,-41.0,12,0.0,-35.5,1
2,12,269206,4.9805,39.6,28.55,-41.0,12,0.0,-35.5,1
2,12,269932,4.9805,39.6,28.55,-41.0,12,0.0,-35.5,1
2,12,270658,4.8453,39.6,28.55,-41.0,12,0.0,-35.5,1
2,12,271384,4.5072,39.6,28.55,-41.0,12,0.0,-35.5,1
2,12,272110,5.1608,39.6,28.55,-41.0,12,0.0,-35.5,1
2,12,272836,4.8903,39.6,28.55,-41.0,12,0.0,-35.5,1
2,12,273562,4.5297,39.6,28.55,-41.0,12,0.0,-35.5,1
2,12,274288,4.5748,39.6,28.55,-41.0,12,0.0,-35.5,1
2,12,275014,4.2819,39.6,28.55,-41.0,12,0.0,-35.5,1
2,12,275740,4.8678,39.6,28.55,-40.5,12,0.0,-35.5,1
2,12,276466,4.5748,39.6,28.55,-41.0,12,0.0,-35.5,1
2,12,277192,4.8453,39.6,28.55,-41.0,12,0.0,-35.5,1
2,12,277918,4.8453,38.6,28.54,-41.0,12,0.0,-35.5,1
2,12,278644,4.0790,38.6,28.55,-41.0,12,0.0,-35.5,1
2,12,279370,5.6115,39.6,28.55,-41.0,12,0.0,-35.5,1
2,12,280096,3.8311,39.6,28.54,-40.5,12,0.0,-35.5,1
2,12,280822,5.4087,39.6,28.54,-41.0,12,0.0,-35.5,1
2,12,281548,3.6508,39.6,28.54,-41.0,12,0.0,-35.5,1
2,12,282274,5.3410,39.6,28.54,-41.0,12,0.0,-35.5,1
2,12,283000,5.6115,38.6,28.54,-41.0,12,0.0,-35.5,1
2,12,283726,5.4763,39.6,28.54,-41.0,12,0.0,-35.5,1
2,12,284452,4.9805,39.6,28.54,-41.0,12,0.0,-35.5,1
2,12,285178,4.8002,38.6,28.54,-41.0,12,0.0,-35.5,1
2,12,285904,4.8002,39.6,28.54,-41.0,12,0.0,-35.5,1
2,12,286630,4.5748,39.6,28.53,-41.0,12,0.0,-35.5,1
2,12,287356,4.7776,39.6,28.53,-41.0,12,0.0,-35.5,1
2,12,288082,5.3185,39.6,28.54,-41.0,12,0.0,-35.5,1
2,12,288808,4.2819,39.6,28.53,-41.0,12,0.0,-35.5,1
2,12,289534,4.7100,39.6,28.53,-41.0,12,0.0,-35.5,1
2,12,290260,4.8678,39.6,28.53,-41.0,12,0.0,-35.5,1
2,12,290986,5.5889,39.6,28.54,-41.0,12,0.0,-35.5,1
2,12,291712,5.2960,39.6,28.53,-41.0,12,0.0,-35.5,1
2,12,292438,4.7100,39.6,28.53,-41.0,12,0.0,-35.5,1
2,12,293164,4.8903,38.6,28.53,-41.0,12,0.0,-35.5,1
2,12,293890,4.8903,39.6,28.54,-41.0,12,0.0,-35.5,1
2,12,294616,4.0340,39.6,28.53,-41.0,12,0.0,-35.5,1
2,12,295342,5.3410,39.6,28.54,-41.0,12,0.0,-35.5,1
2,12,296068,5.1608,39.6,28.53,-41.0,12,0.0,-35.5,1
2,12,296794,4.1016,39.6,28.53,-41.0,12,0.0,-35.5,1
2,12,297520,4.7100,39.6,28.53,-41.0,12,0.0,-35.5,1
2,12,298246,4.2368,39.6,28.53,-41.0,12,0.0,-35.5,1
2,12,298972,5.4763,38.6,28.53,-41.0,12,0.0,-35.5,1
2,12,299698,4.9129,39.6,28.54,-41.0,12,0.0,-35.5,1
2,12,300424,4.5748,38.6,28.53,-40.5,12,0.0,-35.5,1
2,12,301150,4.0114,38.6,28.53,-41.0,12,0.0,-35.5,1
2,12,301876,4.7100,38.6,28.53,-41.0,12,0.0,-35.5,1
2,12,302602,3.4480,38.6,28.53,-41.0,12,0.0,-35.5,1
2,12,303328,3.7184,38.6,28.53,-41.0,12,0.0,-35.5,1
2,12,304054,4.6650,38.6,28.53,-41.0,12,0.0,-35.5,1
2,12,304780,4.7776,38.6,28.53,-41.0,12,0.0,-35.5,1
2,12,305506,3.6058,38.6,28.53,-41.0,12,0.0,-35.5,1
2,12,306232,5.0030,39.6,28.53,-41.0,12,0.0,-35.5,1
2,12,306958,4.8002,39.6,28.53,-41.0,12,0.0,-35.5,1
2,12,307684,4.6875,38.6,28.54,-41.0,12,0.0,-35.5,1
2,12,308410,4.4171,38.6,28.53,-41.0,12,0.0,-35.5,1
2,12,309136,4.5748,38.6,28.53,-41.0,12,0.0,-35.5,1
2,12,309862,4.9129,38.6,28.53,-41.0,12,0.0,-35.5,1
2,12,310588,5.4988,38.6,28.53,-41.0,12,0.0,-35.5,1
2,12,311314,4.1241,39.6,28.53,-41.0,12,0.0,-35.5,1
2,12,312040,5.0030,39.6,28.53,-41.0,12,0.0,-35.5,1
2,12,312766,3.9438,38.6,28.53,-41.0,12,0.0,-35.5,1
2,12,313492,5.7692,38.6,28.53,-41.0,12,0.0,-35.5,1
2,12,314218,4.3044,38.6,28.53,-41.0,12,0.0,-35.5,1
2,12,314944,3.8537,38.6,28.53,-41.0,12,0.0,-35.5,1
2,12,315670,3.8537,38.6,28.53,-41.0,12,0.0,-35.5,1
2,12,316396,3.6508,38.6,28.53,-41.0,12,0.0,-35.5,1
2,12,317122,4.7326,39.6,28.53,-41.0,12,0.0,-35.5,1
2,12,317848,4.0790,38.6,28.53,-41.0,12,0.0,-35.5,1
2,12,318574,5.3636,39.6,28.53,-41.0,12,0.0,-35.5,1
2,12,319300,4.5297,38.6,28.53,-41.0,12,0.0,-35.5,1
2,12,320026,4.4171,38.6,28.53,-41.0,12,0.0,-35.5,1
2,12,320752,5.2058,39.6,28.53,-41.0,12,0.0,-35.5,1
2,12,321478,3.6959,38.6,28.53,-41.0,12,0.0,-35.5,1
2,12,322204,3.8762,38.6,28.53,-41.0,12,0.0,-35.5,1
2,12,322930,4.7776,39.6,28.53,-41.0,12,0.0,-35.5,1
2,12,323656,4.7776,39.6,28.53,-41.0,12,0.0,-35.5,1
2,12,324382,5.2058,38.6,28.53,-41.0,12,0.0,-35.5,1
2,12,325108,4.5523,38.6,28.53,-41.0,12,0.0,-35.5,1
2,12,325834,4.0790,38.6,28.54,-41.0,12,0.0,-35.5,1
2,12,326560,5.2734,38.6,28.54,-41.0,12,0.0,-35.5,1
2,12,327286,5.4087,38.6,28.54,-41.0,12,0.0,-35.5,1
2,12,328012,4.8002,38.6,28.53,-41.0,12,0.0,-35.5,1
2,12,328738,4.9354,38.6,28.53,-41.0,12,0.0,-35.5,1
2,12,329464,3.9438,38.6,28.53,-41.0,12,0.0,-35.5,1
2,12,330190,3.8086,38.6,28.53,-41.0,12,0.0,-35.5,1
2,12,330916,4.3945,38.6,28.53,-41.0,12,0.0,-35.5,1
2,12,331642,4.3945,38.6,28.53,-41.0,12,0.0,-35.5,1
2,12,332368,4.5523,38.6,28.53,-41.0,12,0.0,-35.5,1
2,12,333094,4.7551,38.6,28.53,-41.0,12,0.0,-35.5,1
2,12,333820,4.6424,38.6,28.52,-41.0,12,0.0,-35.5,1
2,12,334546,5.4537,38.6,28.52,-41.0,12,0.0,-35.5,1
2,12,335272,4.6875,37.6,28.52,-41.0,12,0.0,-35.5,1
2,12,335998,4.8453,38.6,28.53,-41.0,12,0.0,-35.5,1
2,12,336724,4.3720,38.6,28.52,-41.0,12,0.0,-35.5,1
2,12,337450,4.8002,38.6,28.53,-41.0,12,0.0,-35.5,1
2,12,338176,4.5297,38.6,28.53,-41.0,12,0.0,-35.5,1
2,12,338902,4.5748,39.6,28.53,-40.5,12,0.0,-35.5,1
2,12,339628,4.5748,38.6,28.53,-40.5,12,0.0,-35.5,1
2,12,340354,3.9438,39.6,28.53,-41.0,12,0.0,-35.5,1
2,12,341080,4.7326,39.6,28.53,-41.0,12,0.0,-35.5,1
2,12,341806,4.5748,39.6,28.53,-41.0,12,0.0,-35.5,1
2,12,342532,5.0255,38.6,28.53,-41.0,12,0.0,-35.5,1
2,12,343258,4.9354,38.6,28.52,-41.0,12,0.0,-35.5,1
2,12,343984,3.7861,38.6,28.53,-41.0,12,0.0,-35.5,1
2,12,344710,4.5748,39.6,28.53,-41.0,12,0.0,-35.5,1
2,12,345436,5.4763,39.6,28.53,-41.0,12,0.0,-35.5,1
2,12,346162,3.8762,39.6,28.53,-41.0,12,0.0,-35.5,1
2,12,346888,5.7467,39.6,28.53,-41.0,12,0.0,-35.5,1
2,12,347614,5.7467,39.6,28.53,-41.0,12,0.0,-35.5,1
2,12,348340,4.7776,39.6,28.52,-41.0,12,0.0,-35.5,1
2,12,349066,5.0255,38.6,28.52,-41.0,12,0.0,-35.5,1
2,12,349792,5.8819,38.6,28.52,-41.0,12,0.0,-35.5,1
2,12,350518,5.2960,38.6,28.52,-41.0,12,0.0,-35.5,1
2,12,351244,3.9213,39.6,28.52,-40.5,12,0.0,-35.5,1
2,12,351970,5.2960,39.6,28.52,-41.0,12,0.0,-35.5,1
2,12,352696,5.7467,38.6,28.53,-41.0,12,0.0,-35.5,1
2,12,353422,4.6199,39.6,28.53,-41.0,12,0.0,-35.5,1
2,12,354148,5.2058,39.6,28.52,-40.5,12,0.0,-35.5,1
2,12,354874,4.4396,39.6,28.53,-41.0,12,0.0,-35.5,1
2,12,355600,5.0706,39.6,28.53,-40.5,12,0.0,-35.5,1
2,12,356326,4.5297,39.6,28.53,-41.0,12,0.0,-35.5,1
2,12,357052,4.1917,38.6,28.53,-41.0,12,0.0,-35.5,1
2,12,357778,4.5748,39.6,28.52,-41.0,12,0.0,-35.5,1
2,12,358504,4.7776,39.6,28.52,-41.0,12,0.0,-35.5,1
2,12,359230,4.9805,38.6,28.53,-41.0,12,0.0,-35.5,1
2,12,359956,5.1608,39.6,28.52,-41.0,12,0.0,-35.5,1
2,12,360682,4.9579,39.6,28.52,-41.0,12,0.0,-35.5,1
2,12,361408,4.0790,39.6,28.52,-41.0,12,0.0,-35.5,1
2,12,362134,4.3495,39.6,28.52,-41.0,12,0.0,-35.5,1
2,12,362860,3.7861,38.6,28.52,-41.0,12,0.0,-35.5,1
2,12,363586,3.8987,39.6,28.53,-41.0,12,0.0,-35.5,1
2,12,364312,4.2819,39.6,28.52,-40.5,12,0.0,-35.5,1
2,12,365038,4.3495,39.6,28.52,-41.0,12,0.0,-35.5,1
2,12,365764,5.0931,38.6,28.52,-41.0,12,0.0,-35.5,1
2,12,366490,4.6875,38.6,28.52,-41.0,12,0.0,-35.5,1
2,12,367216,4.8678,38.6,28.53,-41.0,12,0.0,-35.5,1
2,12,367942,4.5297,38.6,28.52,-41.0,12,0.0,-35.5,1
2,12,368668,4.0114,38.6,28.52,-41.0,12,0.0,-35.5,1
2,13,6394,4.9129,38.6,28.53,-41.0,13,0.0,-35.5,1
2,13,7120,4.6199,38.6,28.52,-40.5,13,0.0,-35.5,1
2,13,7846,4.5297,38.6,28.52,-40.5,13,0.0,-35.5,1
2,13,8572,5.5213,38.6,28.52,-41.0,13,0.0,-35.5,1
2,13,9298,4.5297,38.6,28.52,-40.5,13,0.0,-35.5,1
2,13,10024,4.1917,38.6,28.52,-40.5,13,0.0,-35.5,1
2,13,10750,5.3410,38.6,28.52,-40.5,13,0.0,-35.5,1
2,13,11476,5.3410,38.6,28.53,-41.0,13,0.0,-35.5,1
2,13,12202,5.2058,38.6,28.52,-41.0,13,0.0,-35.5,1
2,13,12928,5.2509,38.6,28.53,-40.5,13,0.0,-35.5,1
2,13,13654,3.6283,38.6,28.53,-40.5,13,0.0,-35.5,1
2,13,14380,4.4847,38.6,28.53,-40.5,13,0.0,-35.5,1
2,13,15106,7.4594,38.6,28.53,-41.0,13,0.0,-35.5,1
2,13,15832,4.1466,38.6,28.53,-40.5,13,0.0,-35.5,1
2,13,16558,5.0255,38.6,28.53,-40.5,13,0.0,-35.5,1
2,13,17284,4.4847,38.6,28.53,-41.0,13,0.0,-35.5,1
2,13,18010,4.2819,38.6,28.53,-41.0,13,0.0,-35.5,1
2,13,18736,5.1157,37.6,28.53,-40.5,13,0.0,-35.5,1
2,13,19462,4.7551,38.6,28.53,-41.0,13,0.0,-35.5,1
2,13,20188,4.7551,38.6,28.53,-40.5,13,0.0,-35.5,1
2,13,20914,4.6199,38.6,28.53,-41.0,13,0.0,-35.5,1
2,13,21640,3.7861,38.6,28.53,-41.0,13,0.0,-35.5,1
2,13,22366,4.5748,38.6,28.53,-40.5,13,0.0,-35.5,1
2,13,23092,4.5748,38.6,28.53,-40.5,13,0.0,-35.5,1
2,13,23818,4.3720,38.6,28.54,-40.5,13,0.0,-35.5,1
2,13,24544,5.4087,38.6,28.54,-40.5,13,0.0,-35.5,1
2,13,25270,4.3269,38.6,28.54,-41.0,13,0.0,-35.5,1
2,13,25996,4.5748,38.6,28.54,-40.5,13,0.0,-35.5,1
2,13,26722,4.7100,38.6,28.54,-41.0,13,0.0,-35.5,1
2,13,27448,4.7551,39.6,28.54,-41.0,13,0.0,-35.5,1
2,13,28174,4.4621,38.6,28.54,-40.5,13,0.0,-35.5,1
2,13,28900,4.5297,39.6,28.54,-40.5,13,0.0,-35.5,1
2,13,29626,4.4847,38.6,28.54,-41.0,13,0.0,-35.5,1
2,13,30352,5.2734,38.6,28.54,-41.0,13,0.0,-35.5,1
2,13,31078,5.2734,38.6,28.54,-41.0,13,0.0,-35.5,1
2,13,31804,5.3410,38.6,28.54,-41.0,13,0.0,-35.5,1
2,13,32530,5.5213,38.6,28.54,-41.0,13,0.0,-35.5,1
2,13,33256,4.7776,38.6,28.54,-41.0,13,0.0,-35.5,1
2,13,33982,4.7326,38.6,28.54,-40.5,13,0.0,-35.5,1
2,13,34708,4.8903,38.6,28.55,-40.5,13,0.0,-35.5,1
2,13,35434,4.4396,38.6,28.55,-41.0,13,0.0,-35.5,1
2,13,36160,5.5889,39.6,28.55,-41.0,13,0.0,-35.5,1
2,13,36886,4.9805,38.6,28.55,-41.0,13,0.0,-35.5,1
2,13,37612,5.4312,38.6,28.55,-40.5,13,0.0,-35.5,1
2,13,38338,5.4763,38.6,28.55,-41.0,13,0.0,-35.5,1
2,13,39064,5.4763,38.6,28.55,-41.0,13,0.0,-35.5,1
2,13,39790,4.8227,38.6,28.55,-41.0,13,0.0,-35.5,1
2,13,40516,5.6340,38.6,28.54,-40.5,13,0.0,-35.5,1
2,13,41242,4.0790,38.6,28.55,-40.5,13,0.0,-35.5,1
2,13,41968,4.6650,38.6,28.55,-40.5,13,0.0,-35.5,1
2,13,42694,5.0030,38.6,28.55,-41.0,13,0.0,-35.5,1
2,13,43420,4.7326,38.6,28.55,-41.0,13,0.0,-35.5,1
2,13,44146,4.5297,39.6,28.55,-41.0,13,0.0,-35.5,1
2,13,44872,4.6199,38.6,28.55,-41.0,13,0.0,-35.5,1
2,13,45598,5.3185,38.6,28.55,-40.5,13,0.0,-35.5,1
2,13,46324,5.1608,38.6,28.55,-41.0,13,0.0,-35.5,1
2,13,47050,5.1608,38.6,28.55,-41.0,13,0.0,-35.5,1
2,13,47776,4.9579,38.6,28.55,-40.5,13,0.0,-35.5,1
2,13,48502,5.6565,38.6,28.55,-41.0,13,0.0,-35.5,1
2,13,49228,5.4988,38.6,28.55,-41.0,13,0.0,-35.5,1
2,13,49954,4.6424,38.6,28.55,-40.5,13,0.0,-35.5,1
2,13,50680,4.7551,38.6,28.55,-41.0,13,0.0,-35.5,1
2,13,51406,4.7551,38.6,28.55,-40.5,13,0.0,-35.5,1
2,13,52132,5.7242,38.6,28.55,-41.0,13,0.0,-35.5,1
2,13,52858,4.6875,39.6,28.55,-40.5,13,0.0,-35.5,1
2,13,53584,4.8678,38.6,28.55,-40.5,13,0.0,-35.5,1
2,13,54310,3.7635,38.6,28.55,-40.5,13,0.0,-35.5,1
2,13,55036,3.7635,38.6,28.55,-40.5,13,0.0,-35.5,1
2,13,55762,4.5748,38.6,28.55,-41.0,13,0.0,-35.5,1
2,13,56488,4.4847,39.6,28.55,-41.0,13,0.0,-35.5,1
2,13,57214,5.2734,38.6,28.55,-41.0,13,0.0,-35.5,1
2,13,57940,5.1608,38.6,28.55,-41.0,13,0.0,-35.5,1
2,13,58666,5.7016,38.6,28.56,-40.5,13,0.0,-35.5,1
2,13,59392,4.4171,39.6,28.55,-41.0,13,0.0,-35.5,1
2,13,60118,4.3044,39.6,28.55,-41.0,13,0.0,-35.5,1
2,13,60844,3.8311,39.6,28.55,-41.0,13,0.0,-35.5,1
2,13,61570,4.8002,39.6,28.56,-40.5,13,0.0,-35.5,1
2,13,62296,4.8002,39.6,28.55,-41.0,13,0.0,-35.5,1
2,13,63022,4.9354,39.6,28.55,-40.5,13,0.0,-35.5,1
2,13,63748,4.6875,38.6,28.55,-41.0,13,0.0,-35.5,1
2,13,64474,4.4621,38.6,28.55,-41.0,13,0.0,-35.5,1
2,13,65200,4.4171,38.6,28.55,-40.5,13,0.0,-35.5,1
2,13,65926,3.8987,38.6,28.55,-41.0,13,0.0,-35.5,1
2,13,66652,4.8002,39.6,28.56,-41.0,13,0.0,-35.5,1
2,13,67378,5.4763,39.6,28.56,-40.5,13,0.0,-35.5,1
2,13,68104,5.2509,39.6,28.55,-40.5,13,0.0,-35.5,1
2,13,68830,3.1776,38.6,28.56,-41.0,13,0.0,-35.5,1
2,13,69556,4.5523,38.6,28.56,-41.0,13,0.0,-35.5,1
2,13,70282,4.5974,38.6,28.55,-41.0,13,0.0,-35.5,1
2,13,71008,4.9805,38.6,28.55,-40.5,13,0.0,-35.5,1
2,13,71734,5.1608,38.6,28.56,-40.5,13,0.0,-35.5,1
2,13,72460,5.5439,39.6,28.56,-41.0,13,0.0,-35.5,1
2,13,73186,3.8762,39.6,28.56,-41.0,13,0.0,-35.5,1
2,13,73912,5.2058,38.6,28.56,-41.0,13,0.0,-35.5,1
2,13,74638,4.2368,38.6,28.56,-40.5,13,0.0,-35.5,1
2,13,75364,4.5072,38.6,28.55,-41.0,13,0.0,-35.5,1
2,13,76090,4.6199,38.6,28.55,-41.0,13,0.0,-35.5,1
2,13,76816,4.6199,38.6,28.56,-41.0,13,0.0,-35.5,1
2,13,77542,4.0340,38.6,28.56,-40.5,13,0.0,-35.5,1
2,13,78268,4.8678,38.6,28.55,-41.0,13,0.0,-35.5,1
2,13,78994,4.6424,38.6,28.55,-41.0,13,0.0,-35.5,1
2,13,79720,5.3861,38.6,28.55,-40.5,13,0.0,-35.5,1
2,13,80446,4.7551,39.6,28.55,-41.0,13,0.0,-35.5,1
2,13,81172,5.4763,39.6,28.55,-40.5,13,0.0,-35.5,1
2,13,81898,5.2284,39.6,28.55,-41.0,13,0.0,-35.5,1
2,13,82624,4.7551,39.6,28.55,-41.0,13,0.0,-35.5,1
2,13,83350,4.3044,39.6,28.56,-41.0,13,0.0,-35.5,1
2,13,84076,3.7635,39.6,28.55,-40.5,13,0.0,-35.5,1
2,13,84802,3.7635,39.6,28.55,-40.5,13,0.0,-35.5,1
2,13,85528,5.3185,39.6,28.56,-40.5,13,0.0,-35.5,1
2,13,86254,3.8762,39.6,28.56,-40.5,13,0.0,-35.5,1
2,13,86980,3.9213,39.6,28.55,-41.0,13,0.0,-35.5,1
2,13,87706,4.7551,39.6,28.56,-41.0,13,0.0,-35.5,1
2,13,88432,4.6424,39.6,28.55,-41.0,13,0.0,-35.5,1
2,13,89158,5.5439,39.6,28.55,-41.0,13,0.0,-35.5,1
2,13,89884,5.2058,39.6,28.55,-41.0,13,0.0,-35.5,1
2,13,90610,4.5748,39.6,28.56,-41.0,13,0.0,-35.5,1
2,13,91336,5.5213,39.6,28.55,-41.0,13,0.0,-35.5,1
2,13,92062,4.7551,39.6,28.55,-41.0,13,0.0,-35.5,1
2,13,92788,4.7551,38.6,28.55,-41.0,13,0.0,-35.5,1
2,13,93514,4.3495,38.6,28.55,-41.0,13,0.0,-35.5,1
2,13,94240,4.0340,39.6,28.55,-41.0,13,0.0,-35.5,1
2,13,94966,5.4312,38.6,28.56,-40.5,13,0.0,-35.5,1
2,13,95692,5.3636,38.6,28.55,-40.5,13,0.0,-35.5,1
2,13,96418,3.8086,38.6,28.56,-40.5,13,0.0,-35.5,1
2,13,97144,4.1692,38.6,28.56,-41.0,13,0.0,-35.5,1
2,13,97870,4.6650,38.6,28.56,-41.0,13,0.0,-35.5,1
2,13,98596,4.6424,38.6,28.56,-41.0,13,0.0,-35.5,1
2,13,99322,5.5664,38.6,28.56,-40.5,13,0.0,-35.5,1
2,13,100048,4.6199,39.6,28.56,-40.5,13,0.0,-35.5,1
2,13,100774,4.6199,38.6,28.55,-40.5,13,0.0,-35.5,1
2,13,101500,5.6791,38.6,28.55,-40.5,13,0.0,-35.5,1
2,13,102226,5.4763,39.6,28.56,-41.0,13,0.0,-35.5,1
2,13,102952,5.4087,39.6,28.56,-41.0,13,0.0,-35.5,1
2,13,103678,4.8903,39.6,28.55,-41.0,13,0.0,-35.5,1
2,13,104404,3.9889,39.6,28.55,-41.0,13,0.0,-35.5,1
2,13,105130,4.3495,39.6,28.56,-40.5,13,0.0,-35.5,1
2,13,105856,4.9805,38.6,28.55,-41.0,13,0.0,-35.5,1
2,13,106582,4.9129,38.6,28.56,-41.0,13,0.0,-35.5,1
2,13,107308,4.8227,39.6,28.55,-40.5,13,0.0,-35.5,1
2,13,108034,4.7326,38.6,28.55,-40.5,13,0.0,-35.5,1
2,13,108760,4.7326,38.6,28.55,-40.5,13,0.0,-35.5,1
2,13,109486,4.6424,38.6,28.55,-40.5,13,0.0,-35.5,1
2,13,110212,5.4537,38.6,28.55,-40.5,13,0.0,-35.5,1
2,13,110938,5.2284,38.6,28.55,-40.5,13,0.0,-35.5,1
2,13,111664,5.4537,38.6,28.55,-41.0,13,0.0,-35.5,1
2,13,112390,3.8311,38.6,28.55,-41.0,13,0.0,-35.5,1
2,13,113116,5.4537,38.6,28.55,-41.0,13,0.0,-35.5,1
2,13,113842,4.8903,38.6,28.55,-41.0,13,0.0,-35.5,1
2,13,114568,5.4763,38.6,28.55,-41.0,13,0.0,-35.5,1
2,13,115294,5.3861,38.6,28.55,-41.0,13,0.0,-35.5,1
2,13,116020,4.5974,38.6,28.55,-41.0,13,0.0,-35.5,1
2,13,116746,4.6875,39.6,28.55,-41.0,13,0.0,-35.5,1
2,13,117472,5.1608,38.6,28.55,-41.0,13,0.0,-35.5,1
2,13,118198,5.1608,39.6,28.55,-40.5,13,0.0,-35.5,1
2,13,118924,4.7776,39.6,28.55,-41.0,13,0.0,-35.5,1
2,13,119650,5.3410,39.6,28.55,-40.5,13,0.0,-35.5,1
2,13,120376,4.1016,39.6,28.55,-41.0,13,0.0,-35.5,1
2,13,121102,5.4537,38.6,28.55,-41.0,13,0.0,-35.5,1
2,13,121828,4.9805,38.6,28.55,-40.5,13,0.0,-35.5,1
2,13,122554,4.1016,38.6,28.55,-40.5,13,0.0,-35.5,1
2,13,123280,4.0340,38.6,28.56,-41.0,13,0.0,-35.5,1
2,13,124006,4.6199,39.6,28.55,-41.0,13,0.0,-35.5,1
2,13,124732,5.8143,38.6,28.55,-40.5,13,0.0,-35.5,1
2,13,125458,4.7551,38.6,28.55,-41.0,13,0.0,-35.5,1
2,13,126184,5.1608,38.6,28.55,-40.5,13,0.0,-35.5,1
2,13,126910,5.2058,38.6,28.55,-41.0,13,0.0,-35.5,1
2,13,127636,3.8987,38.6,28.55,-41.0,13,0.0,-35.5,1
2,13,128362,4.8453,39.6,28.55,-41.0,13,0.0,-35.5,1
2,13,129088,5.7242,38.6,28.55,-41.0,13,0.0,-35.5,1
2,13,129814,4.6199,38.6,28.55,-40.5,13,0.0,-35.5,1
2,13,130540,4.6199,38.6,28.55,-40.5,13,0.0,-35.5,1
2,13,131266,4.0114,38.6,28.55,-41.0,13,0.0,-35.5,1
2,13,131992,4.0340,38.6,28.55,-40.5,13,0.0,-35.5,1
2,13,132718,4.2142,38.6,28.55,-41.0,13,0.0,-35.5,1
2,13,133444,4.9354,38.6,28.55,-41.0,13,0.0,-35.5,1
2,13,134170,4.8453,38.6,28.55,-40.5,13,0.0,-35.5,1
2,13,134896,4.4621,38.6,28.55,-40.5,13,0.0,-35.5,1
2,13,135622,5.2509,39.6,28.55,-40.5,13,0.0,-35.5,1
2,13,136348,4.9354,39.6,28.55,-41.0,13,0.0,-35.5,1
2,13,137074,5.4087,39.6,28.55,-40.5,13,0.0,-35.5,1
2,13,137800,5.8819,39.6,28.55,-41.0,13,0.0,-35.5,1
2,13,138526,5.8819,38.6,28.55,-41.0,13,0.0,-35.5,1
2,13,139252,4.8227,38.6,28.55,-41.0,13,0.0,-35.5,1
2,13,139978,4.7551,38.6,28.55,-41.0,13,0.0,-35.5,1
2,13,140704,4.3044,38.6,28.55,-41.0,13,0.0,-35.5,1
2,13,141430,5.3861,38.6,28.55,-41.0,13,0.0,-35.5,1
2,13,142156,4.6875,39.6,28.55,-41.0,13,0.0,-35.5,1
2,13,142882,4.5748,38.6,28.55,-40.5,13,0.0,-35.5,1
2,13,143608,4.8678,38.6,28.54,-40.5,13,0.0,-35.5,1
2,13,144334,4.8903,38.6,28.54,-41.0,13,0.0,-35.5,1
2,13,145060,4.8002,38.6,28.55,-41.0,13,0.0,-35.5,1
2,13,145786,5.4988,38.6,28.55,-41.0,13,0.0,-35.5,1
2,13,146512,5.4988,39.6,28.54,-41.0,13,0.0,-35.5,1
2,13,147238,3.9438,39.6,28.55,-40.5,13,0.0,-35.5,1
2,13,147964,5.4763,39.6,28.55,-41.0,13,0.0,-35.5,1
2,13,148690,5.6340,38.6,28.54,-41.0,13,0.0,-35.5,1
2,13,149416,5.7016,39.6,28.55,-41.0,13,0.0,-35.5,1
2,13,150142,4.5072,38.6,28.54,-40.5,13,0.0,-35.5,1
2,13,150868,4.4847,38.6,28.54,-40.5,13,0.0,-35.5,1
2,13,151594,4.5974,38.6,28.55,-41.0,13,0.0,-35.5,1
2,13,152320,5.3861,39.6,28.55,-41.0,13,0.0,-35.5,1
2,13,153046,4.0790,39.6,28.55,-40.5,13,0.0,-35.5,1
2,13,153772,4.4396,38.6,28.54,-40.5,13,0.0,-35.5,1
2,13,154498,4.4396,39.6,28.54,-40.5,13,0.0,-35.5,1
2,13,155224,4.1241,39.6,28.55,-41.0,13,0.0,-35.5,1
2,13,155950,4.7326,39.6,28.55,-41.0,13,0.0,-35.5,1
2,13,156676,4.4171,39.6,28.54,-41.0,13,0.0,-35.5,1
2,13,157402,3.8987,39.6,28.54,-40.5,13,0.0,-35.5,1
2,13,158128,4.3044,38.6,28.54,-41.0,13,0.0,-35.5,1
2,13,158854,4.0565,38.6,28.54,-40.5,13,0.0,-35.5,1
2,13,159580,3.8987,39.6,28.55,-41.0,13,0.0,-35.5,1
2,13,160306,4.6875,39.6,28.54,-41.0,13,0.0,-35.5,1
2,13,161032,4.4847,39.6,28.54,-41.0,13,0.0,-35.5,1
2,13,161758,4.0565,39.6,28.54,-41.0,13,0.0,-35.5,1
2,13,162484,4.0565,38.6,28.55,-41.0,13,0.0,-35.5,1
2,13,163210,4.6875,38.6,28.54,-41.0,13,0.0,-35.5,1
2,13,163936,4.7100,39.6,28.55,-41.0,13,0.0,-35.5,1
2,13,164662,4.9354,38.6,28.54,-41.0,13,0.0,-35.5,1
2,13,165388,4.7551,38.6,28.54,-41.0,13,0.0,-35.5,1
2,13,166114,5.6115,39.6,28.54,-41.0,13,0.0,-35.5,1
2,13,166840,4.6875,39.6,28.54,-41.0,13,0.0,-35.5,1
2,13,167566,3.6959,38.6,28.54,-41.0,13,0.0,-35.5,1
2,13,168292,4.8903,39.6,28.54,-41.0,13,0.0,-35.5,1
2,13,169018,4.5974,39.6,28.55,-41.0,13,0.0,-35.5,1
2,13,169744,5.0255,38.6,28.54,-40.5,13,0.0,-35.5,1
2,13,170470,5.0481,39.6,28.54,-40.5,13,0.0,-35.5,1
2,13,171196,5.6791,38.6,28.54,-40.5,13,0.0,-35.5,1
2,13,171922,4.7326,38.6,28.54,-40.5,13,0.0,-35.5,1
2,13,172648,4.2368,38.6,28.54,-41.0,13,0.0,-35.5,1
2,13,173374,4.0114,38.6,28.54,-41.0,13,0.0,-35.5,1
2,13,174100,5.2509,39.6,28.55,-40.5,13,0.0,-35.5,1
2,13,174826,4.7100,38.6,28.54,-41.0,13,0.0,-35.5,1
2,13,175552,4.6424,38.6,28.55,-41.0,13,0.0,-35.5,1
2,13,176278,4.9129,38.6,28.54,-41.0,13,0.0,-35.5,1
2,13,177004,4.5297,39.6,28.54,-41.0,13,0.0,-35.5,1
2,13,177730,5.2509,39.6,28.53,-40.5,13,0.0,-35.5,1
2,13,178456,5.5439,39.6,28.54,-41.0,13,0.0,-35.5,1
2,13,179182,5.4988,39.6,28.54,-40.5,13,0.0,-35.5,1
2,13,179908,4.7776,39.6,28.53,-41.0,13,0.0,-35.5,1
2,13,180634,5.0931,39.6,28.54,-40.5,13,0.0,-35.5,1
2,13,181360,4.3945,39.6,28.54,-41.0,13,0.0,-35.5,1
2,13,182086,5.2058,39.6,28.53,-41.0,13,0.0,-35.5,1
2,13,182812,4.2368,39.6,28.54,-41.0,13,0.0,-35.5,1
2,13,183538,4.8002,39.6,28.54,-40.5,13,0.0,-35.5,1
2,13,184264,4.8002,39.6,28.53,-40.5,13,0.0,-35.5,1
2,13,184990,4.8002,39.6,28.54,-40.5,13,0.0,-35.5,1
2,13,185716,3.9213,39.6,28.54,-41.0,13,0.0,-35.5,1
2,13,186442,5.7692,39.6,28.53,-41.0,13,0.0,-35.5,1
2,13,187168,5.4087,38.6,28.54,-41.0,13,0.0,-35.5,1
2,13,187894,4.2593,39.6,28.54,-41.0,13,0.0,-35.5,1
2,13,188620,5.1833,38.6,28.54,-40.5,13,0.0,-35.5,1
2,13,189346,3.9889,39.6,28.54,-40.5,13,0.0,-35.5,1
2,13,190072,5.2058,39.6,28.54,-41.0,13,0.0,-35.5,1
2,13,190798,4.0114,39.6,28.54,-41.0,13,0.0,-35.5,1
2,13,191524,5.0481,38.6,28.54,-40.5,13,0.0,-35.5,1
2,13,192250,5.0481,38.6,28.54,-40.5,13,0.0,-35.5,1
2,13,192976,5.4312,38.6,28.54,-41.0,13,0.0,-35.5,1
2,13,193702,4.5523,38.6,28.54,-40.5,13,0.0,-35.5,1
2,13,194428,4.8453,38.6,28.54,-41.0,13,0.0,-35.5,1
2,13,195154,5.5439,38.6,28.53,-41.0,13,0.0,-35.5,1
2,13,195880,5.5213,38.6,28.53,-40.5,13,0.0,-35.5,1
2,13,196606,5.8368,38.6,28.53,-41.0,13,0.0,-35.5,1
2,13,197332,5.2058,38.6,28.54,-40.5,13,0.0,-35.5,1
2,13,198058,4.6424,38.6,28.53,-41.0,13,0.0,-35.5,1
2,13,198784,5.5664,38.6,28.54,-40.5,13,0.0,-35.5,1
2,13,199510,4.7551,39.6,28.53,-40.5,13,0.0,-35.5,1
2,13,200236,4.7551,39.6,28.53,-40.5,13,0.0,-35.5,1
2,13,200962,4.7326,39.6,28.53,-41.0,13,0.0,-35.5,1
2,13,201688,4.0790,39.6,28.54,-41.0,13,0.0,-35.5,1
2,13,202414,5.1833,39.6,28.54,-40.5,13,0.0,-35.5,1
2,13,203140,3.9663,39.6,28.53,-41.0,13,0.0,-35.5,1
2,13,203866,5.0255,39.6,28.53,-41.0,13,0.0,-35.5,1
2,13,204592,4.7776,38.6,28.53,-40.5,13,0.0,-35.5,1
2,13,205318,5.8143,38.6,28.53,-41.0,13,0.0,-35.5,1
2,13,206044,4.6650,39.6,28.53,-41.0,13,0.0,-35.5,1
2,13,206770,5.0931,39.6,28.53,-40.5,13,0.0,-35.5,1
2,13,207496,3.9213,38.6,28.53,-41.0,13,0.0,-35.5,1
2,13,208222,3.9213,38.6,28.53,-41.0,13,0.0,-35.5,1
2,13,208948,4.5297,39.6,28.53,-41.0,13,0.0,-35.5,1
2,13,209674,4.7326,39.6,28.53,-41.0,13,0.0,-35.5,1
2,13,210400,4.8678,39.6,28.53,-41.0,13,0.0,-35.5,1
2,13,211126,4.2593,39.6,28.53,-41.0,13,0.0,-35.5,1
2,13,211852,5.5439,38.6,28.53,-41.0,13,0.0,-35.5,1
2,13,212578,3.8987,39.6,28.53,-41.0,13,0.0,-35.5,1
2,13,213304,5.0030,39.6,28.53,-41.0,13,0.0,-35.5,1
2,13,214030,4.8678,39.6,28.53,-40.5,13,0.0,-35.5,1
2,13,214756,5.0481,39.6,28.53,-41.0,13,0.0,-35.5,1
2,13,215482,5.5664,39.6,28.53,-40.5,13,0.0,-35.5,1
2,13,216208,5.5664,38.6,28.53,-40.5,13,0.0,-35.5,1
2,13,216934,4.5523,38.6,28.53,-40.5,13,0.0,-35.5,1
2,13,217660,4.5748,38.6,28.53,-40.5,13,0.0,-35.5,1
2,13,218386,4.4621,38.6,28.53,-40.5,13,0.0,-35.5,1
2,13,219112,3.6058,38.6,28.53,-41.0,13,0.0,-35.5,1
2,13,219838,3.7861,38.6,28.53,-41.0,13,0.0,-35.5,1
2,13,220564,4.5297,38.6,28.53,-41.0,13,0.0,-35.5,1
2,13,221290,4.9354,38.6,28.53,-41.0,13,0.0,-35.5,1
2,13,222016,4.7100,38.6,28.53,-40.5,13,0.0,-35.5,1
2,13,222742,4.6875,38.6,28.53,-41.0,13,0.0,-35.5,1
2,13,223468,4.6199,38.6,28.53,-40.5,13,0.0,-35.5,1
2,13,224194,5.0706,38.6,28.53,-40.5,13,0.0,-35.5,1
2,13,224920,4.6650,38.6,28.53,-40.5,13,0.0,-35.5,1
2,13,225646,5.1382,38.6,28.53,-41.0,13,0.0,-35.5,1
2,13,226372,4.6650,38.6,28.53,-41.0,13,0.0,-35.5,1
2,13,227098,3.7410,39.6,28.53,-41.0,13,0.0,-35.5,1
2,13,227824,5.2284,38.6,28.53,-41.0,13,0.0,-35.5,1
2,13,228550,4.8002,39.6,28.53,-40.5,13,0.0,-35.5,1
2,13,229276,5.4988,39.6,28.53,-41.0,13,0.0,-35.5,1
2,13,230002,4.8453,38.6,28.53,-40.5,13,0.0,-35.5,1
2,13,230728,4.7100,38.6,28.53,-41.0,13,0.0,-35.5,1
2,13,231454,5.5213,38.6,28.53,-41.0,13,0.0,-35.5,1
2,13,232180,4.5974,38.6,28.53,-41.0,13,0.0,-35.5,1
2,13,232906,3.8987,38.6,28.53,-41.0,13,0.0,-35.5,1
2,13,233632,4.9354,38.6,28.53,-41.0,13,0.0,-35.5,1
2,13,234358,4.6875,38.6,28.53,-41.0,13,0.0,-35.5,1
2,13,235084,3.8086,38.6,28.53,-41.0,13,0.0,-35.5,1
2,13,235810,4.8453,37.6,28.53,-40.5,13,0.0,-35.5,1
2,13,236536,5.0706,38.6,28.53,-40.5,13,0.0,-35.5,1
2,13,237262,4.7100,38.6,28.53,-41.0,13,0.0,-35.5,1
2,13,237988,-10.9300,38.6,28.52,-29.5,13,0.0,-35.5,0
2,13,238714,4.8453,38.6,28.53,-41.0,13,0.0,-35.5,1
2,13,239440,4.6199,38.6,28.52,-41.0,13,0.0,-35.5,1
2,13,240166,4.3044,38.6,28.53,-41.0,13,0.0,-35.5,1
2,13,240892,3.7410,38.6,28.52,-40.5,13,0.0,-35.5,1
2,13,241618,4.1241,38.6,28.52,-41.0,13,0.0,-35.5,1
2,13,242344,5.5439,38.6,28.52,-41.0,13,0.0,-35.5,1
2,13,243070,4.0340,38.6,28.52,-41.0,13,0.0,-35.5,1
2,13,243796,4.9805,38.6,28.52,-40.5,13,0.0,-35.5,1
2,13,244522,4.8227,38.6,28.52,-40.5,13,0.0,-35.5,1
2,13,245248,3.9663,38.6,28.52,-40.5,13,0.0,-35.5,1
2,13,245974,3.9663,38.6,28.52,-40.5,13,0.0,-35.5,1
2,13,246700,5.3410,38.6,28.53,-41.0,13,0.0,-35.5,1
2,13,247426,4.0790,38.6,28.52,-41.0,13,0.0,-35.5,1
2,13,248152,4.8678,38.6,28.52,-41.0,13,0.0,-35.5,1
2,13,248878,5.6791,39.6,28.52,-41.0,13,0.0,-35.5,1
2,13,249604,4.4171,39.6,28.52,-41.0,13,0.0,-35.5,1
2,13,250330,5.3636,39.6,28.52,-41.0,13,0.0,-35.5,1
2,13,251056,5.2960,39.6,28.52,-40.5,13,0.0,-35.5,1
2,13,251782,4.6875,39.6,28.52,-41.0,13,0.0,-35.5,1
2,13,252508,4.0340,39.6,28.52,-40.5,13,0.0,-35.5,1
2,13,253234,4.4847,39.6,28.52,-41.0,13,0.0,-35.5,1
2,13,253960,4.4847,39.6,28.52,-41.0,13,0.0,-35.5,1
2,13,254686,3.8762,39.6,28.52,-41.0,13,0.0,-35.5,1
2,13,255412,4.5297,39.6,28.52,-41.0,13,0.0,-35.5,1
2,13,256138,4.6424,38.6,28.52,-40.5,13,0.0,-35.5,1
2,13,256864,4.3044,39.6,28.53,-41.0,13,0.0,-35.5,1
2,13,257590,4.9805,38.6,28.52,-41.0,13,0.0,-35.5,1
2,13,258316,5.4763,38.6,28.52,-41.0,13,0.0,-35.5,1
2,13,259042,5.2509,38.6,28.52,-41.0,13,0.0,-35.5,1
2,13,259768,5.0706,38.6,28.52,-41.0,13,0.0,-35.5,1
2,13,260494,4.6875,39.6,28.52,-40.5,13,0.0,-35.5,1
2,13,261220,5.1833,39.6,28.52,-41.0,13,0.0,-35.5,1
2,13,261946,5.1833,38.6,28.52,-41.0,13,0.0,-35.5,1
2,13,262672,5.2509,39.6,28.52,-41.0,13,0.0,-35.5,1
2,13,263398,4.5072,38.6,28.52,-41.0,13,0.0,-35.5,1
2,13,264124,5.3185,39.6,28.52,-41.0,13,0.0,-35.5,1
2,13,264850,3.5156,38.6,28.52,-40.5,13,0.0,-35.5,1
2,13,265576,3.8762,39.6,28.52,-40.5,13,0.0,-35.5,1
2,13,266302,5.2058,39.6,28.52,-40.5,13,0.0,-35.5,1
2,13,267028,3.9889,38.6,28.52,-41.0,13,0.0,-35.5,1
2,13,267754,5.3185,39.6,28.52,-41.0,13,0.0,-35.5,1
2,13,268480,4.6875,38.6,28.51,-40.5,13,0.0,-35.5,1
2,13,269206,4.5297,38.6,28.52,-41.0,13,0.0,-35.5,1
2,13,269932,4.5297,38.6,28.51,-41.0,13,0.0,-35.5,1
2,13,270658,5.2960,38.6,28.52,-41.0,13,0.0,-35.5,1
2,13,271384,5.1382,38.6,28.52,-41.0,13,0.0,-35.5,1
2,13,272110,5.0030,39.6,28.52,-40.5,13,0.0,-35.5,1
2,13,272836,5.7242,39.6,28.52,-41.0,13,0.0,-35.5,1
2,13,273562,5.5664,39.6,28.52,-41.0,13,0.0,-35.5,1
2,13,274288,3.8762,39.6,28.52,-41.0,13,0.0,-35.5,1
2,13,275014,4.6424,39.6,28.52,-41.0,13,0.0,-35.5,1
2,13,275740,4.6650,39.6,28.52,-40.5,13,0.0,-35.5,1
2,13,276466,4.5748,39.6,28.52,-41.0,13,0.0,-35.5,1
2,13,277192,5.2058,38.6,28.52,-41.0,13,0.0,-35.5,1
2,13,277918,5.2058,39.6,28.51,-41.0,13,0.0,-35.5,1
2,13,278644,4.5523,39.6,28.52,-40.5,13,0.0,-35.5,1
2,13,279370,5.6115,38.6,28.51,-41.0,13,0.0,-35.5,1
2,13,280096,3.8987,39.6,28.52,-40.5,13,0.0,-35.5,1
2,13,280822,5.1382,38.6,28.52,-41.0,13,0.0,-35.5,1
2,13,281548,4.4396,38.6,28.52,-41.0,13,0.0,-35.5,1
2,13,282274,4.7551,38.6,28.51,-41.0,13,0.0,-35.5,1
2,13,283000,4.1016,39.6,28.51,-41.0,13,0.0,-35.5,1
2,13,283726,5.2509,38.6,28.52,-41.0,13,0.0,-35.5,1
2,13,284452,4.6875,38.6,28.52,-40.5,13,0.0,-35.5,1
2,13,285178,5.0931,38.6,28.52,-40.5,13,0.0,-35.5,1
2,13,285904,5.0931,38.6,28.51,-41.0,13,0.0,-35.5,1
2,13,286630,5.5889,39.6,28.52,-41.0,13,0.0,-35.5,1
2,13,287356,4.8678,38.6,28.52,-41.0,13,0.0,-35.5,1
2,13,288082,3.7184,39.6,28.51,-40.5,13,0.0,-35.5,1
2,13,288808,4.7776,38.6,28.51,-40.5,13,0.0,-35.5,1
2,13,289534,5.4537,39.6,28.52,-40.5,13,0.0,-35.5,1
2,13,290260,4.5974,39.6,28.52,-40.5,13,0.0,-35.5,1
2,13,290986,4.6424,39.6,28.52,-41.0,13,0.0,-35.5,1
2,13,291712,2.1184,39.6,28.52,-41.0,13,0.0,-35.5,0
2,13,292438,3.8987,39.6,28.51,-41.0,13,0.0,-35.5,1
2,13,293164,3.6734,39.6,28.52,-41.0,13,0.0,-35.5,1
2,13,293890,4.2593,39.6,28.52,-41.0,13,0.0,-35.5,1
2,13,294616,5.6115,38.6,28.51,-41.0,13,0.0,-35.5,1
2,13,295342,5.2058,38.6,28.51,-41.0,13,0.0,-35.5,1
2,13,296068,4.0790,38.6,28.51,-41.0,13,0.0,-35.5,1
2,13,296794,4.9579,38.6,28.51,-40.5,13,0.0,-35.5,1
2,13,297520,5.7918,39.6,28.51,-41.0,13,0.0,-35.5,1
2,13,298246,5.2509,39.6,28.51,-40.5,13,0.0,-35.5,1
2,13,298972,4.5072,39.6,28.51,-41.0,13,0.0,-35.5,1
2,13,299698,4.5072,39.6,28.51,-41.0,13,0.0,-35.5,1
2,13,300424,5.8819,38.6,28.51,-41.0,13,0.0,-35.5,1
2,13,301150,5.6791,38.6,28.51,-41.0,13,0.0,-35.5,1
2,13,301876,4.5523,39.6,28.51,-40.5,13,0.0,-35.5,1
2,13,302602,5.0706,38.6,28.51,-41.0,13,0.0,-35.5,1
2,13,303328,3.8311,38.6,28.51,-41.0,13,0.0,-35.5,1
2,13,304054,4.7100,38.6,28.51,-41.0,13,0.0,-35.5,1
2,13,304780,4.5974,38.6,28.51,-41.0,13,0.0,-35.5,1
2,13,305506,5.3861,38.6,28.51,-41.0,13,0.0,-35.5,1
2,13,306232,4.6650,38.6,28.52,-41.0,13,0.0,-35.5,1
2,13,306958,4.6650,39.6,28.51,-40.5,13,0.0,-35.5,1
2,13,307684,4.6650,38.6,28.51,-40.5,13,0.0,-35.5,1
2,13,308410,4.5072,39.6,28.50,-40.5,13,0.0,-35.5,1
2,13,309136,5.2734,39.6,28.51,-41.0,13,0.0,-35.5,1
2,13,309862,4.7100,39.6,28.51,-40.5,13,0.0,-35.5,1
2,13,310588,3.9213,38.6,28.51,-41.0,13,0.0,-35.5,1
2,13,311314,5.7918,38.6,28.51,-41.0,13,0.0,-35.5,1
2,13,312040,4.4621,38.6,28.51,-40.5,13,0.0,-35.5,1
2,13,312766,4.5523,38.6,28.51,-41.0,13,0.0,-35.5,1
2,13,313492,4.0340,38.6,28.51,-41.0,13,0.0,-35.5,1
2,13,314218,4.7100,38.6,28.51,-41.0,13,0.0,-35.5,1
2,13,314944,5.4087,39.6,28.51,-41.0,13,0.0,-35.5,1
2,13,315670,5.4087,39.6,28.52,-41.0,13,0.0,-35.5,1
2,13,316396,4.4171,39.6,28.51,-40.5,13,0.0,-35.5,1
2,13,317122,4.5748,38.6,28.51,-41.0,13,0.0,-35.5,1
2,13,317848,4.5523,39.6,28.51,-41.0,13,0.0,-35.5,1
2,13,318574,4.7100,38.6,28.51,-41.0,13,0.0,-35.5,1
2,13,319300,5.0931,38.6,28.51,-41.0,13,0.0,-35.5,1
2,13,320026,5.4087,38.6,28.51,-40.5,13,0.0,-35.5,1
2,13,320752,4.7776,38.6,28.51,-41.0,13,0.0,-35.5,1
2,13,321478,5.2509,38.6,28.52,-41.0,13,0.0,-35.5,1
2,13,322204,5.2734,38.6,28.52,-41.0,13,0.0,-35.5,1
2,13,322930,4.8453,38.6,28.51,-41.0,13,0.0,-35.5,1
2,13,323656,4.8453,39.6,28.52,-41.0,13,0.0,-35.5,1
2,13,324382,3.8086,39.6,28.51,-41.0,13,0.0,-35.5,1
2,13,325108,4.6424,39.6,28.52,-40.5,13,0.0,-35.5,1
2,13,325834,4.4171,39.6,28.52,-41.0,13,0.0,-35.5,1
2,13,326560,4.7100,39.6,28.52,-41.0,13,0.0,-35.5,1
2,13,327286,5.2960,39.6,28.51,-41.0,13,0.0,-35.5,1
2,13,328012,4.4621,38.6,28.51,-41.0,13,0.0,-35.5,1
2,13,328738,3.8086,38.6,28.51,-40.5,13,0.0,-35.5,1
2,13,329464,5.1833,38.6,28.51,-41.0,13,0.0,-35.5,1
2,13,330190,5.1608,38.6,28.51,-40.5,13,0.0,-35.5,1
2,13,330916,3.9889,38.6,28.51,-41.0,13,0.0,-35.5,1
2,13,331642,3.9889,38.6,28.51,-41.0,13,0.0,-35.5,1
2,13,332368,5.0255,38.6,28.51,-41.0,13,0.0,-35.5,1
2,13,333094,5.3636,38.6,28.51,-41.0,13,0.0,-35.5,1
2,13,333820,3.7184,38.6,28.51,-40.5,13,0.0,-35.5,1
2,13,334546,4.1692,39.6,28.51,-41.0,13,0.0,-35.5,1
2,13,335272,4.1692,39.6,28.51,-40.5,13,0.0,-35.5,1
2,13,335998,4.5072,38.6,28.51,-41.0,13,0.0,-35.5,1
2,13,336724,4.5297,38.6,28.51,-41.0,13,0.0,-35.5,1
2,13,337450,3.8086,38.6,28.51,-41.0,13,0.0,-35.5,1
2,13,338176,3.7410,38.6,28.51,-41.0,13,0.0,-35.5,1
2,13,338902,4.8002,38.6,28.51,-41.0,13,0.0,-35.5,1
2,13,339628,5.6565,39.6,28.51,-41.0,13,0.0,-35.5,1
2,13,340354,5.2284,39.6,28.51,-40.5,13,0.0,-35.5,1
2,13,341080,5.4087,38.6,28.51,-41.0,13,0.0,-35.5,1
2,13,341806,5.5889,38.6,28.51,-41.0,13,0.0,-35.5,1
2,13,342532,5.5439,38.6,28.51,-40.5,13,0.0,-35.5,1
2,13,343258,4.5748,39.6,28.51,-40.5,13,0.0,-35.5,1
2,13,343984,4.5523,38.6,28.51,-40.5,13,0.0,-35.5,1
2,13,344710,4.5748,38.6,28.51,-41.0,13,0.0,-35.5,1
2,13,345436,3.9213,39.6,28.51,-40.5,13,0.0,-35.5,1
2,13,346162,4.3044,38.6,28.51,-41.0,13,0.0,-35.5,1
2,13,346888,4.3945,38.6,28.51,-41.0,13,0.0,-35.5,1
2,13,347614,4.7326,39.6,28.50,-41.0,13,0.0,-35.5,1
2,13,348340,5.5664,39.6,28.51,-41.0,13,0.0,-35.5,1
2,13,349066,4.7551,38.6,28.51,-41.0,13,0.0,-35.5,1
2,13,349792,5.0030,38.6,28.51,-41.0,13,0.0,-35.5,1
2,13,350518,4.9129,38.6,28.51,-40.5,13,0.0,-35.5,1
2,13,351244,3.7184,38.6,28.51,-41.0,13,0.0,-35.5,1
2,13,351970,5.4087,38.6,28.51,-41.0,13,0.0,-35.5,1
2,13,352696,5.7242,38.6,28.51,-41.0,13,0.0,-35.5,1
2,13,353422,5.7242,38.6,28.51,-41.0,13,0.0,-35.5,1
2,13,354148,3.9213,39.6,28.51,-41.0,13,0.0,-35.5,1
2,13,354874,4.6650,38.6,28.51,-41.0,13,0.0,-35.5,1
2,13,355600,3.8762,38.6,28.51,-41.0,13,0.0,-35.5,1
2,13,356326,3.6959,38.6,28.51,-41.0,13,0.0,-35.5,1
2,13,357052,4.8002,38.6,28.51,-40.5,13,0.0,-35.5,1
2,13,357778,4.6650,38.6,28.51,-40.5,13,0.0,-35.5,1
2,13,358504,3.9213,38.6,28.51,-40.5,13,0.0,-35.5,1
2,13,359230,4.5297,38.6,28.51,-41.0,13,0.0,-35.5,1
2,13,359956,4.8903,38.6,28.52,-41.0,13,0.0,-35.5,1
2,13,360682,3.9213,38.6,28.51,-41.0,13,0.0,-35.5,1
2,13,361408,3.9213,39.6,28.51,-41.0,13,0.0,-35.5,1
2,13,362134,4.2368,39.6,28.51,-41.0,13,0.0,-35.5,1
2,13,362860,3.9663,38.6,28.51,-40.5,13,0.0,-35.5,1
2,13,363586,4.2593,38.6,28.51,-40.5,13,0.0,-35.5,1
2,13,364312,5.3636,38.6,28.51,-40.5,13,0.0,-35.5,1
2,13,365038,4.7776,39.6,28.51,-40.5,13,0.0,-35.5,1
2,13,365764,4.5748,39.6,28.51,-41.0,13,0.0,-35.5,1
2,13,366490,4.6875,39.6,28.51,-41.0,13,0.0,-35.5,1
2,13,367216,6.0397,39.6,28.51,-41.0,13,0.0,-35.5,1
2,13,367942,4.2593,38.6,28.51,-41.0,13,0.0,-35.5,1
2,13,368668,5.3636,38.6,28.50,-41.0,13,0.0,-35.5,1
3,13,6394,3.7635,38.6,28.50,-40.5,13,0.0,-35.5,1
3,13,7120,3.7635,38.6,28.50,-40.5,13,0.0,-35.5,1
3,13,7846,4.6650,38.6,28.50,-41.0,13,0.0,-35.5,1
3,13,8572,4.7100,38.6,28.50,-40.5,13,0.0,-35.5,1
3,13,9298,4.7776,38.6,28.50,-41.0,13,0.0,-35.5,1
3,13,10024,4.3269,39.6,28.50,-41.0,13,0.0,-35.5,1
3,13,10750,5.4763,38.6,28.50,-41.0,13,0.0,-35.5,1
3,13,11476,5.1608,38.6,28.50,-41.0,13,0.0,-35.5,1
3,13,12202,4.3269,38.6,28.50,-41.0,13,0.0,-35.5,1
3,13,12928,5.0481,38.6,28.50,-41.0,13,0.0,-35.5,1
3,13,13654,4.0790,38.6,28.50,-41.0,13,0.0,-35.5,1
3,13,14380,3.7184,38.6,28.50,-40.5,13,0.0,-35.5,1
3,13,15106,3.7184,38.6,28.49,-40.5,13,0.0,-35.5,1
3,13,15832,5.2284,38.6,28.49,-40.5,13,0.0,-35.5,1
3,13,16558,4.9805,38.6,28.50,-41.0,13,0.0,-35.5,1
3,13,17284,4.5748,38.6,28.49,-40.5,13,0.0,-35.5,1
3,13,18010,5.0255,38.6,28.50,-40.5,13,0.0,-35.5,1
3,13,18736,5.1833,38.6,28.49,-41.0,13,0.0,-35.5,1
3,13,19462,4.7776,38.6,28.49,-40.5,13,0.0,-35.5,1
3,13,20188,4.1692,38.6,28.49,-40.5,13,0.0,-35.5,1
3,13,20914,3.8762,38.6,28.50,-41.0,13,0.0,-35.5,1
3,13,21640,4.8903,38.6,28.49,-41.0,13,0.0,-35.5,1
3,13,22366,3.7635,38.6,28.50,-41.0,13,0.0,-35.5,1
3,13,23092,3.7635,38.6,28.50,-41.0,13,0.0,-35.5,1
3,13,23818,4.9805,39.6,28.49,-41.0,13,0.0,-35.5,1
3,13,24544,4.2819,38.6,28.49,-41.0,13,0.0,-35.5,1
3,13,25270,3.9213,38.6,28.49,-41.0,13,0.0,-35.5,1
3,13,25996,5.4087,38.6,28.50,-40.5,13,0.0,-35.5,1
3,13,26722,4.6650,38.6,28.49,-40.5,13,0.0,-35.5,1
3,13,27448,5.7016,38.6,28.49,-40.5,13,0.0,-35.5,1
3,13,28174,4.6650,38.6,28.49,-40.5,13,0.0,-35.5,1
3,13,28900,5.5213,38.6,28.50,-41.0,13,0.0,-35.5,1
3,13,29626,4.2142,38.6,28.50,-40.5,13,0.0,-35.5,1
3,13,30352,5.3861,38.6,28.49,-41.0,13,0.0,-35.5,1
3,13,31078,5.3861,38.6,28.49,-41.0,13,0.0,-35.5,1
3,13,31804,5.5889,38.6,28.49,-40.5,13,0.0,-35.5,1
3,13,32530,4.5072,38.6,28.49,-40.5,13,0.0,-35.5,1
3,13,33256,4.6424,38.6,28.49,-40.5,13,0.0,-35.5,1
3,13,33982,4.6650,39.6,28.49,-41.0,13,0.0,-35.5,1
3,13,34708,3.8086,39.6,28.49,-41.0,13,0.0,-35.5,1
3,13,35434,4.7326,39.6,28.49,-41.0,13,0.0,-35.5,1
3,13,36160,3.9213,39.6,28.49,-41.0,13,0.0,-35.5,1
3,13,36886,4.2368,39.6,28.49,-40.5,13,0.0,-35.5,1
3,13,37612,5.2734,39.6,28.49,-41.0,13,0.0,-35.5,1
3,13,38338,4.6875,39.6,28.49,-40.5,13,0.0,-35.5,1
3,13,39064,4.2819,39.6,28.49,-40.5,13,0.0,-35.5,1
3,13,39790,4.4171,39.6,28.49,-40.5,13,0.0,-35.5,1
3,13,40516,4.8678,39.6,28.49,-41.0,13,0.0,-35.5,1
3,13,41242,3.5832,38.6,28.49,-41.0,13,0.0,-35.5,1
3,13,41968,5.1382,38.6,28.49,-41.0,13,0.0,-35.5,1
3,13,42694,5.5439,38.6,28.49,-41.0,13,0.0,-35.5,1
3,13,43420,4.6199,38.6,28.49,-41.0,13,0.0,-35.5,1
3,13,44146,4.5297,39.6,28.49,-41.0,13,0.0,-35.5,1
3,13,44872,4.1692,38.6,28.49,-41.0,13,0.0,-35.5,1
3,13,45598,5.0255,38.6,28.49,-41.0,13,0.0,-35.5,1
3,13,46324,3.8987,38.6,28.49,-41.0,13,0.0,-35.5,1
3,13,47050,5.4087,38.6,28.49,-40.5,13,0.0,-35.5,1
3,13,47776,3.8537,38.6,28.49,-40.5,13,0.0,-35.5,1
3,13,48502,4.3945,38.6,28.49,-41.0,13,0.0,-35.5,1
3,13,49228,5.3861,38.6,28.49,-41.0,13,0.0,-35.5,1
3,13,49954,5.2509,38.6,28.49,-41.0,13,0.0,-35.5,1
3,13,50680,5.2058,38.6,28.49,-41.0,13,0.0,-35.5,1
3,13,51406,4.9579,38.6,28.49,-41.0,13,0.0,-35.5,1
3,13,52132,5.4763,38.6,28.49,-41.0,13,0.0,-35.5,1
3,13,52858,5.4763,38.6,28.49,-41.0,13,0.0,-35.5,1
3,13,53584,4.9354,38.6,28.49,-41.0,13,0.0,-35.5,1
3,13,54310,4.4847,38.6,28.48,-41.0,13,0.0,-35.5,1
3,13,55036,3.4931,38.6,28.49,-41.0,13,0.0,-35.5,1
3,13,55762,5.4763,38.6,28.49,-40.5,13,0.0,-35.5,1
3,13,56488,5.6115,38.6,28.49,-41.0,13,0.0,-35.5,1
3,13,57214,5.4537,38.6,28.49,-40.5,13,0.0,-35.5,1
3,13,57940,5.4537,38.6,28.49,-41.0,13,0.0,-35.5,1
3,13,58666,5.0030,38.6,28.49,-41.0,13,0.0,-35.5,1
3,13,59392,4.7776,38.6,28.49,-41.0,13,0.0,-35.5,1
3,13,60118,4.9805,38.6,28.49,-41.0,13,0.0,-35.5,1
3,13,60844,4.9805,38.6,28.49,-41.0,13,0.0,-35.5,1
3,13,61570,4.0114,38.6,28.49,-41.0,13,0.0,-35.5,1
3,13,62296,4.2142,38.6,28.48,-41.0,13,0.0,-35.5,1
3,13,63022,4.6199,38.6,28.49,-41.0,13,0.0,-35.5,1
3,13,63748,4.7551,38.6,28.48,-41.0,13,0.0,-35.5,1
3,13,64474,4.9579,37.6,28.49,-40.5,13,0.0,-35.5,1
3,13,65200,5.2284,38.6,28.49,-41.0,13,0.0,-35.5,1
3,13,65926,5.1157,38.6,28.48,-40.5,13,0.0,-35.5,1
3,13,66652,4.3044,38.6,28.49,-40.5,13,0.0,-35.5,1
3,13,67378,5.0255,38.6,28.48,-41.0,13,0.0,-35.5,1
3,13,68104,4.5072,38.6,28.48,-40.5,13,0.0,-35.5,1
3,13,68830,4.5072,38.6,28.49,-40.5,13,0.0,-35.5,1
3,13,69556,4.9579,38.6,28.49,-41.0,13,0.0,-35.5,1
3,13,70282,4.6875,39.6,28.49,-40.5,13,0.0,-35.5,1
3,13,71008,5.3410,39.6,28.49,-41.0,13,0.0,-35.5,1
3,13,71734,3.6508,38.6,28.49,-41.0,13,0.0,-35.5,1
3,13,72460,3.7635,38.6,28.49,-40.5,13,0.0,-35.5,1
3,13,73186,5.2734,38.6,28.49,-41.0,13,0.0,-35.5,1
3,13,73912,5.3861,38.6,28.49,-40.5,13,0.0,-35.5,1
3,13,74638,5.2058,38.6,28.49,-40.5,13,0.0,-35.5,1
3,13,75364,4.5297,38.6,28.49,-41.0,13,0.0,-35.5,1
3,13,76090,4.8002,38.6,28.49,-41.0,13,0.0,-35.5,1
3,13,76816,4.8002,38.6,28.49,-41.0,13,0.0,-35.5,1
3,13,77542,4.7326,38.6,28.49,-41.0,13,0.0,-35.5,1
3,13,78268,3.8987,38.6,28.49,-41.0,13,0.0,-35.5,1
3,13,78994,4.6875,38.6,28.49,-40.5,13,0.0,-35.5,1
3,13,79720,4.7326,38.6,28.49,-41.0,13,0.0,-35.5,1
3,13,80446,4.6199,38.6,28.48,-41.0,13,0.0,-35.5,1
3,13,81172,4.7551,38.6,28.48,-40.5,13,0.0,-35.5,1
3,13,81898,4.5297,38.6,28.48,-40.5,13,0.0,-35.5,1
3,13,82624,4.5523,39.6,28.48,-40.5,13,0.0,-35.5,1
3,13,83350,4.4621,39.6,28.48,-41.0,13,0.0,-35.5,1
3,13,84076,5.0931,38.6,28.48,-41.0,13,0.0,-35.5,1
3,13,84802,5.0931,38.6,28.48,-41.0,13,0.0,-35.5,1
3,13,85528,4.9805,38.6,28.48,-41.0,13,0.0,-35.5,1
3,13,86254,3.8987,38.6,28.48,-40.5,13,0.0,-35.5,1
3,13,86980,4.5523,38.6,28.49,-41.0,13,0.0,-35.5,1
3,13,87706,3.7635,38.6,28.49,-41.0,13,0.0,-35.5,1
3,13,88432,4.1016,38.6,28.48,-40.5,13,0.0,-35.5,1
3,13,89158,5.4312,38.6,28.48,-41.0,13,0.0,-35.5,1
3,13,89884,5.6115,38.6,28.49,-41.0,13,0.0,-35.5,1
3,13,90610,4.1466,38.6,28.49,-41.0,13,0.0,-35.5,1
3,13,91336,4.0790,39.6,28.48,-41.0,13,0.0,-35.5,1
3,13,92062,4.6875,39.6,28.48,-40.5,13,0.0,-35.5,1
3,13,92788,4.7551,38.6,28.48,-41.0,13,0.0,-35.5,1
3,13,93514,4.7776,38.6,28.48,-41.0,13,0.0,-35.5,1
3,13,94240,5.0481,38.6,28.48,-41.0,13,0.0,-35.5,1
3,13,94966,3.7635,38.6,28.48,-40.5,13,0.0,-35.5,1
3,13,95692,5.3861,38.6,28.48,-40.5,13,0.0,-35.5,1
3,13,96418,4.4847,38.6,28.48,-41.0,13,0.0,-35.5,1
3,13,97144,5.4988,38.6,28.48,-41.0,13,0.0,-35.5,1
3,13,97870,3.9438,39.6,28.48,-40.5,13,0.0,-35.5,1
3,13,98596,3.6734,39.6,28.48,-40.5,13,0.0,-35.5,1
3,13,99322,5.0255,38.6,28.48,-40.5,13,0.0,-35.5,1
3,13,100048,5.2058,38.6,28.48,-40.5,13,0.0,-35.5,1
3,13,100774,4.1016,38.6,28.48,-40.5,13,0.0,-35.5,1
3,13,101500,5.0706,38.6,28.49,-40.5,13,0.0,-35.5,1
3,13,102226,3.6959,38.6,28.48,-40.5,13,0.0,-35.5,1
3,13,102952,4.6424,38.6,28.48,-41.0,13,0.0,-35.5,1
3,13,103678,4.7551,38.6,28.49,-41.0,13,0.0,-35.5,1
3,13,104404,5.2509,38.6,28.48,-40.5,13,0.0,-35.5,1
3,13,105130,4.6875,39.6,28.49,-41.0,13,0.0,-35.5,1
3,13,105856,5.1382,38.6,28.48,-41.0,13,0.0,-35.5,1
3,13,106582,5.1382,38.6,28.48,-41.0,13,0.0,-35.5,1
3,13,107308,4.5297,38.6,28.49,-41.0,13,0.0,-35.5,1
3,13,108034,5.4312,39.6,28.48,-40.5,13,0.0,-35.5,1
3,13,108760,4.7100,38.6,28.48,-40.5,13,0.0,-35.5,1
3,13,109486,5.3410,38.6,28.49,-40.5,13,0.0,-35.5,1
3,13,110212,5.2960,38.6,28.49,-41.0,13,0.0,-35.5,1
3,13,110938,4.4171,38.6,28.48,-40.5,13,0.0,-35.5,1
3,13,111664,5.6565,39.6,28.48,-41.0,13,0.0,-35.5,1
3,13,112390,4.0114,39.6,28.48,-41.0,13,0.0,-35.5,1
3,13,113116,3.9889,39.6,28.48,-41.0,13,0.0,-35.5,1
3,13,113842,4.6199,38.6,28.48,-40.5,13,0.0,-35.5,1
3,13,114568,4.6199,39.6,28.48,-40.5,13,0.0,-35.5,1
3,13,115294,4.7776,39.6,28.48,-41.0,13,0.0,-35.5,1
3,13,116020,4.3720,38.6,28.48,-41.0,13,0.0,-35.5,1
3,13,116746,5.4087,38.6,28.48,-41.0,13,0.0,-35.5,1
3,13,117472,3.8311,38.6,28.48,-41.0,13,0.0,-35.5,1
3,13,118198,4.3945,38.6,28.48,-40.5,13,0.0,-35.5,1
3,13,118924,4.4396,38.6,28.48,-41.0,13,0.0,-35.5,1
3,13,119650,5.4087,38.6,28.48,-40.5,13,0.0,-35.5,1
3,13,120376,5.2284,38.6,28.48,-41.0,13,0.0,-35.5,1
3,13,121102,5.7016,38.6,28.48,-41.0,13,0.0,-35.5,1
3,13,121828,3.6508,38.6,28.48,-41.0,13,0.0,-35.5,1
3,13,122554,3.6508,38.6,28.48,-41.0,13,0.0,-35.5,1
3,13,123280,4.4847,39.6,28.48,-41.0,13,0.0,-35.5,1
3,13,124006,5.3410,39.6,28.48,-41.0,13,0.0,-35.5,1
3,13,124732,4.6875,39.6,28.48,-40.5,13,0.0,-35.5,1
3,13,125458,5.2734,39.6,28.48,-41.0,13,0.0,-35.5,1
3,13,126184,5.3410,39.6,28.48,-41.0,13,0.0,-35.5,1
3,13,126910,4.5748,38.6,28.48,-40.5,13,0.0,-35.5,1
3,13,127636,3.9438,38.6,28.48,-41.0,13,0.0,-35.5,1
3,13,128362,4.6424,38.6,28.48,-40.5,13,0.0,-35.5,1
3,13,129088,4.8678,38.6,28.48,-40.5,13,0.0,-35.5,1
3,13,129814,4.8227,38.6,28.48,-41.0,13,0.0,-35.5,1
3,13,130540,4.8227,38.6,28.48,-41.0,13,0.0,-35.5,1
3,13,131266,4.2819,38.6,28.48,-41.0,13,0.0,-35.5,1
3,13,131992,4.4396,39.6,28.48,-41.0,13,0.0,-35.5,1
3,13,132718,4.1016,38.6,28.48,-41.0,13,0.0,-35.5,1
3,13,133444,4.5523,38.6,28.48,-41.0,13,0.0,-35.5,1
3,13,134170,5.6340,38.6,28.48,-41.0,13,0.0,-35.5,1
3,13,134896,5.2734,39.6,28.48,-41.0,13,0.0,-35.5,1
3,13,135622,5.8819,39.6,28.48,-41.0,13,0.0,-35.5,1
3,13,136348,4.2819,38.6,28.48,-41.0,13,0.0,-35.5,1
3,13,137074,4.9129,38.6,28.48,-41.0,13,0.0,-35.5,1
3,13,137800,4.3945,38.6,28.47,-40.5,13,0.0,-35.5,1
3,13,138526,4.3945,39.6,28.48,-40.5,13,0.0,-35.5,1
3,13,139252,5.0931,38.6,28.48,-40.5,13,0.0,-35.5,1
3,13,139978,5.4763,38.6,28.48,-40.5,13,0.0,-35.5,1
3,13,140704,4.5072,38.6,28.48,-41.0,13,0.0,-35.5,1
3,13,141430,5.0481,39.6,28.48,-41.0,13,0.0,-35.5,1
3,13,142156,5.4763,38.6,28.48,-40.5,13,0.0,-35.5,1
3,13,142882,4.8453,38.6,28.48,-40.5,13,0.0,-35.5,1
3,13,143608,5.2509,38.6,28.48,-41.0,13,0.0,-35.5,1
3,13,144334,3.3804,38.6,28.48,-40.5,13,0.0,-35.5,1
3,13,145060,3.7635,38.6,28.47,-40.5,13,0.0,-35.5,1
3,13,145786,5.6565,38.6,28.48,-41.0,13,0.0,-35.5,1
3,13,146512,5.6565,39.6,28.48,-41.0,13,0.0,-35.5,1
3,13,147238,5.5213,39.6,28.47,-40.5,13,0.0,-35.5,1
3,13,147964,4.6424,38.6,28.48,-41.0,13,0.0,-35.5,1
3,13,148690,3.7861,38.6,28.48,-40.5,13,0.0,-35.5,1
3,13,149416,4.9579,38.6,28.48,-41.0,13,0.0,-35.5,1
3,13,150142,4.5523,38.6,28.48,-41.0,13,0.0,-35.5,1
3,13,150868,4.4396,38.6,28.48,-41.0,13,0.0,-35.5,1
3,13,151594,4.3495,38.6,28.48,-41.0,13,0.0,-35.5,1
3,13,152320,5.5664,39.6,28.48,-41.0,13,0.0,-35.5,1
3,13,153046,5.5889,39.6,28.48,-41.0,13,0.0,-35.5,1
3,13,153772,5.5439,39.6,28.48,-41.0,13,0.0,-35.5,1
3,13,154498,4.3945,39.6,28.48,-41.0,13,0.0,-35.5,1
3,13,155224,5.5889,38.6,28.47,-41.0,13,0.0,-35.5,1
3,13,155950,4.4847,39.6,28.48,-41.0,13,0.0,-35.5,1
3,13,156676,4.5297,38.6,28.47,-41.0,13,0.0,-35.5,1
3,13,157402,5.1157,38.6,28.47,-41.0,13,0.0,-35.5,1
3,13,158128,5.5439,38.6,28.47,-41.0,13,0.0,-35.5,1
3,13,158854,5.6115,38.6,28.47,-41.0,13,0.0,-35.5,1
3,13,159580,4.6199,39.6,28.47,-41.0,13,0.0,-35.5,1
3,13,160306,-3.3579,38.6,28.47,-41.0,13,0.0,-35.5,0
3,13,161032,3.5607,38.6,28.47,-41.0,13,0.0,-35.5,1
3,13,161758,4.4847,38.6,28.47,-40.5,13,0.0,-35.5,1
3,13,162484,3.8537,38.6,28.47,-41.0,13,0.0,-35.5,1
3,13,163210,4.4847,39.6,28.47,-41.0,13,0.0,-35.5,1
3,13,163936,4.9354,38.6,28.48,-40.5,13,0.0,-35.5,1
3,13,164662,4.2593,38.6,28.48,-41.0,13,0.0,-35.5,1
3,13,165388,5.4763,38.6,28.47,-41.0,13,0.0,-35.5,1
3,13,166114,4.8453,38.6,28.47,-41.0,13,0.0,-35.5,1
3,13,166840,3.9889,38.6,28.48,-41.0,13,0.0,-35.5,1
3,13,167566,4.7551,38.6,28.47,-40.5,13,0.0,-35.5,1
3,13,168292,4.7551,38.6,28.47,-40.5,13,0.0,-35.5,1
3,13,169018,4.5974,38.6,28.47,-40.5,13,0.0,-35.5,1
3,13,169744,5.3861,38.6,28.47,-41.0,13,0.0,-35.5,1
3,13,170470,5.3861,38.6,28.47,-40.5,13,0.0,-35.5,1
3,13,171196,5.5439,38.6,28.47,-40.5,13,0.0,-35.5,1
3,13,171922,5.5664,38.6,28.47,-41.0,13,0.0,-35.5,1
3,13,172648,4.9354,38.6,28.47,-41.0,13,0.0,-35.5,1
3,13,173374,5.2734,38.6,28.47,-40.5,13,0.0,-35.5,1
3,13,174100,5.4763,39.6,28.47,-40.5,13,0.0,-35.5,1
3,13,174826,5.4763,39.6,28.47,-40.5,13,0.0,-35.5,1
3,13,175552,4.6424,39.6,28.47,-41.0,13,0.0,-35.5,1
3,13,176278,4.6424,39.6,28.47,-41.0,13,0.0,-35.5,1
3,13,177004,4.4171,39.6,28.47,-40.5,13,0.0,-35.5,1
3,13,177730,5.2284,39.6,28.47,-41.0,13,0.0,-35.5,1
3,13,178456,5.4988,39.6,28.47,-40.5,13,0.0,-35.5,1
3,13,179182,4.5523,39.6,28.47,-40.5,13,0.0,-35.5,1
3,13,179908,4.6875,39.6,28.47,-40.5,13,0.0,-35.5,1
3,13,180634,3.8987,38.6,28.47,-40.5,13,0.0,-35.5,1
3,13,181360,4.7776,38.6,28.47,-40.5,13,0.0,-35.5,1
3,13,182086,4.1016,38.6,28.47,-40.5,13,0.0,-35.5,1
3,13,182812,5.0481,38.6,28.47,-40.5,13,0.0,-35.5,1
3,13,183538,3.9213,38.6,28.47,-40.5,13,0.0,-35.5,1
3,13,184264,3.9213,38.6,28.47,-40.5,13,0.0,-35.5,1
3,13,184990,4.5297,38.6,28.47,-41.0,13,0.0,-35.5,1
3,13,185716,4.8227,38.6,28.47,-41.0,13,0.0,-35.5,1
3,13,186442,4.2142,38.6,28.47,-40.5,13,0.0,-35.5,1
3,13,187168,5.4087,38.6,28.47,-41.0,13,0.0,-35.5,1
3,13,187894,4.5523,38.6,28.47,-40.5,13,0.0,-35.5,1
3,13,188620,5.1608,38.6,28.47,-40.5,13,0.0,-35.5,1
3,13,189346,5.5664,39.6,28.47,-40.5,13,0.0,-35.5,1
3,13,190072,5.0030,39.6,28.47,-41.0,13,0.0,-35.5,1
3,13,190798,4.3044,39.6,28.47,-40.5,13,0.0,-35.5,1
3,13,191524,5.2058,39.6,28.47,-40.5,13,0.0,-35.5,1
3,13,192250,5.2058,39.6,28.47,-40.5,13,0.0,-35.5,1
3,13,192976,4.5748,39.6,28.47,-41.0,13,0.0,-35.5,1
3,13,193702,5.3861,39.6,28.47,-40.5,13,0.0,-35.5,1
3,13,194428,5.1833,39.6,28.47,-40.5,13,0.0,-35.5,1
3,13,195154,5.0255,39.6,28.47,-41.0,13,0.0,-35.5,1
3,13,195880,5.6791,39.6,28.47,-40.5,13,0.0,-35.5,1
3,13,196606,4.9354,38.6,28.47,-40.5,13,0.0,-35.5,1
3,13,197332,4.0114,39.6,28.47,-41.0,13,0.0,-35.5,1
3,13,198058,4.7100,39.6,28.47,-40.5,13,0.0,-35.5,1
3,13,198784,5.5889,39.6,28.47,-41.0,13,0.0,-35.5,1
3,13,199510,4.2819,38.6,28.47,-41.0,13,0.0,-35.5,1
3,13,200236,4.2819,39.6,28.47,-41.0,13,0.0,-35.5,1
3,13,200962,3.7410,39.6,28.47,-40.5,13,0.0,-35.5,1
3,13,201688,4.8678,39.6,28.47,-41.0,13,0.0,-35.5,1
3,13,202414,4.5523,38.6,28.47,-41.0,13,0.0,-35.5,1
3,13,203140,3.9889,38.6,28.47,-41.0,13,0.0,-35.5,1
3,13,203866,4.7100,38.6,28.47,-41.0,13,0.0,-35.5,1
3,13,204592,4.9805,39.6,28.47,-40.5,13,0.0,-35.5,1
3,13,205318,4.5072,39.6,28.47,-41.0,13,0.0,-35.5,1
3,13,206044,4.5297,38.6,28.47,-40.5,13,0.0,-35.5,1
3,13,206770,4.7326,38.6,28.47,-41.0,13,0.0,-35.5,1
3,13,207496,5.0030,38.6,28.47,-41.0,13,0.0,-35.5,1
3,13,208222,5.9044,38.6,28.47,-40.5,13,0.0,-35.5,1
3,13,208948,5.0931,38.6,28.47,-41.0,13,0.0,-35.5,1
3,13,209674,4.7551,38.6,28.47,-40.5,13,0.0,-35.5,1
3,13,210400,5.2960,38.6,28.47,-41.0,13,0.0,-35.5,1
3,13,211126,4.8453,38.6,28.47,-41.0,13,0.0,-35.5,1
3,13,211852,5.1608,38.6,28.47,-40.5,13,0.0,-35.5,1
3,13,212578,5.2058,39.6,28.47,-41.0,13,0.0,-35.5,1
3,13,213304,4.4396,39.6,28.47,-40.5,13,0.0,-35.5,1
3,13,214030,4.2368,39.6,28.47,-41.0,13,0.0,-35.5,1
3,13,214756,4.3720,39.6,28.47,-41.0,13,0.0,-35.5,1
3,13,215482,5.3636,39.6,28.46,-40.5,13,0.0,-35.5,1
3,13,216208,5.3636,39.6,28.47,-41.0,13,0.0,-35.5,1
3,13,216934,5.1833,39.6,28.46,-40.5,13,0.0,-35.5,1
3,13,217660,3.9889,39.6,28.47,-40.5,13,0.0,-35.5,1
3,13,218386,4.6199,39.6,28.47,-41.0,13,0.0,-35.5,1
3,13,219112,4.8678,39.6,28.47,-41.0,13,0.0,-35.5,1
3,13,219838,4.2368,38.6,28.47,-40.5,13,0.0,-35.5,1
3,13,220564,4.0340,38.6,28.47,-41.0,13,0.0,-35.5,1
3,13,221290,4.4847,38.6,28.47,-41.0,13,0.0,-35.5,1
3,13,222016,4.4847,39.6,28.47,-41.0,13,0.0,-35.5,1
3,13,222742,4.5297,39.6,28.47,-40.5,13,0.0,-35.5,1
3,13,223468,4.0340,38.6,28.47,-40.5,13,0.0,-35.5,1
3,13,224194,4.0790,38.6,28.46,-41.0,13,0.0,-35.5,1
3,13,224920,5.4537,38.6,28.46,-41.0,13,0.0,-35.5,1
3,13,225646,5.2058,38.6,28.47,-41.0,13,0.0,-35.5,1
3,13,226372,5.1157,38.6,28.47,-41.0,13,0.0,-35.5,1
3,13,227098,4.7551,38.6,28.46,-41.0,13,0.0,-35.5,1
3,13,227824,5.6115,38.6,28.47,-41.0,13,0.0,-35.5,1
3,13,228550,4.5523,38.6,28.46,-40.5,13,0.0,-35.5,1
3,13,229276,5.1608,38.6,28.47,-41.0,13,0.0,-35.5,1
3,13,230002,5.1608,38.6,28.46,-41.0,13,0.0,-35.5,1
3,13,230728,5.5213,39.6,28.47,-41.0,13,0.0,-35.5,1
3,13,231454,3.7861,38.6,28.46,-41.0,13,0.0,-35.5,1
3,13,232180,4.9805,38.6,28.46,-41.0,13,0.0,-35.5,1
3,13,232906,5.2734,38.6,28.47,-41.0,13,0.0,-35.5,1
3,13,233632,4.9805,38.6,28.46,-40.5,13,0.0,-35.5,1
3,13,234358,5.0481,38.6,28.47,-41.0,13,0.0,-35.5,1
3,13,235084,5.7467,38.6,28.47,-41.0,13,0.0,-35.5,1
3,13,235810,4.1016,38.6,28.46,-41.0,13,0.0,-35.5,1
3,13,236536,5.4537,39.6,28.47,-41.0,13,0.0,-35.5,1
3,13,237262,5.5213,39.6,28.46,-40.5,13,0.0,-35.5,1
3,13,237988,5.5213,39.6,28.46,-40.5,13,0.0,-35.5,1
3,13,238714,4.8002,39.6,28.47,-40.5,13,0.0,-35.5,1
3,13,239440,5.0030,39.6,28.46,-41.0,13,0.0,-35.5,1
3,13,240166,5.7242,39.6,28.46,-41.0,13,0.0,-35.5,1
3,13,240892,3.8987,38.6,28.46,-40.5,13,0.0,-35.5,1
3,13,241618,3.9213,38.6,28.46,-41.0,13,0.0,-35.5,1
3,13,242344,4.6875,38.6,28.46,-40.5,13,0.0,-35.5,1
3,13,243070,4.1016,39.6,28.47,-41.0,13,0.0,-35.5,1
3,13,243796,6.1073,39.6,28.46,-41.0,13,0.0,-35.5,1
3,13,244522,4.0114,39.6,28.46,-40.5,13,0.0,-35.5,1
3,13,245248,4.5748,39.6,28.47,-41.0,13,0.0,-35.5,1
3,13,245974,4.5748,38.6,28.46,-41.0,13,0.0,-35.5,1
3,13,246700,5.2284,38.6,28.46,-40.5,13,0.0,-35.5,1
3,13,247426,4.0114,38.6,28.46,-40.5,13,0.0,-35.5,1
3,13,248152,4.1692,38.6,28.46,-41.0,13,0.0,-35.5,1
3,13,248878,4.6424,39.6,28.46,-41.0,13,0.0,-35.5,1
3,13,249604,4.4847,38.6,28.47,-41.0,13,0.0,-35.5,1
3,13,250330,5.2509,38.6,28.47,-40.5,13,0.0,-35.5,1
3,13,251056,4.7551,38.6,28.47,-41.0,13,0.0,-35.5,1
3,13,251782,4.3495,38.6,28.47,-41.0,13,0.0,-35.5,1
3,13,252508,5.6565,38.6,28.47,-41.0,13,0.0,-35.5,1
3,13,253234,5.5889,38.6,28.47,-40.5,13,0.0,-35.5,1
3,13,253960,5.5889,38.6,28.46,-40.5,13,0.0,-35.5,1
3,13,254686,4.5748,38.6,28.46,-41.0,13,0.0,-35.5,1
3,13,255412,5.1157,38.6,28.47,-41.0,13,0.0,-35.5,1
3,13,256138,5.1157,38.6,28.46,-40.5,13,0.0,-35.5,1
3,13,256864,4.1917,38.6,28.47,-41.0,13,0.0,-35.5,1
3,13,257590,4.7776,38.6,28.47,-41.0,13,0.0,-35.5,1
3,13,258316,5.1833,38.6,28.46,-41.0,13,0.0,-35.5,1
3,13,259042,5.5439,38.6,28.47,-41.0,13,0.0,-35.5,1
3,13,259768,5.5213,38.6,28.46,-40.5,13,0.0,-35.5,1
3,13,260494,4.7551,38.6,28.46,-41.0,13,0.0,-35.5,1
3,13,261220,5.7242,37.6,28.46,-41.0,13,0.0,-35.5,1
3,13,261946,5.0255,38.6,28.46,-41.0,13,0.0,-35.5,1
3,13,262672,4.9805,38.6,28.46,-40.5,13,0.0,-35.5,1
3,13,263398,3.8762,38.6,28.46,-41.0,13,0.0,-35.5,1
3,13,264124,5.1157,38.6,28.46,-40.5,13,0.0,-35.5,1
3,13,264850,4.5748,38.6,28.46,-40.5,13,0.0,-35.5,1
3,13,265576,4.8453,39.6,28.46,-41.0,13,0.0,-35.5,1
3,13,266302,4.7100,39.6,28.46,-40.5,13,0.0,-35.5,1
3,13,267028,5.3861,38.6,28.46,-41.0,13,0.0,-35.5,1
3,13,267754,4.6199,38.6,28.46,-40.5,13,0.0,-35.5,1
3,13,268480,4.4171,38.6,28.46,-41.0,13,0.0,-35.5,1
3,13,269206,4.4171,38.6,28.46,-41.0,13,0.0,-35.5,1
3,13,269932,4.7776,38.6,28.46,-40.5,13,0.0,-35.5,1
3,13,270658,3.8762,38.6,28.46,-41.0,13,0.0,-35.5,1
3,13,271384,3.8311,39.6,28.46,-41.0,13,0.0,-35.5,1
3,13,272110,4.3044,39.6,28.46,-41.0,13,0.0,-35.5,1
3,13,272836,4.0114,39.6,28.46,-41.0,13,0.0,-35.5,1
3,13,273562,5.3861,39.6,28.46,-41.0,13,0.0,-35.5,1
3,13,274288,4.7326,39.6,28.46,-41.0,13,0.0,-35.5,1
3,13,275014,4.3495,38.6,28.46,-41.0,13,0.0,-35.5,1
3,13,275740,4.3495,38.6,28.47,-41.0,13,0.0,-35.5,1
3,13,276466,4.0790,38.6,28.46,-41.0,13,0.0,-35.5,1
3,13,277192,4.7100,39.6,28.46,-41.0,13,0.0,-35.5,1
3,13,277918,5.6791,39.6,28.46,-40.5,13,0.0,-35.5,1
3,13,278644,5.5213,39.6,28.46,-41.0,13,0.0,-35.5,1
3,13,279370,5.5213,39.6,28.46,-41.0,13,0.0,-35.5,1
3,13,280096,4.0114,38.6,28.46,-41.0,13,0.0,-35.5,1
3,13,280822,5.0030,38.6,28.46,-41.0,13,0.0,-35.5,1
3,13,281548,4.1016,39.6,28.46,-41.0,13,0.0,-35.5,1
3,13,282274,4.7551,39.6,28.46,-41.0,13,0.0,-35.5,1
3,13,283000,5.5889,38.6,28.45,-40.5,13,0.0,-35.5,1
3,13,283726,5.5889,38.6,28.46,-40.5,13,0.0,-35.5,1
3,13,284452,5.0481,38.6,28.46,-41.0,13,0.0,-35.5,1
3,13,285178,4.4171,38.6,28.46,-41.0,13,0.0,-35.5,1
3,13,285904,5.5664,38.6,28.46,-40.5,13,0.0,-35.5,1
3,13,286630,4.5297,39.6,28.46,-41.0,13,0.0,-35.5,1
3,13,287356,5.5664,39.6,28.46,-41.0,13,0.0,-35.5,1
3,13,288082,4.6424,38.6,28.46,-41.0,13,0.0,-35.5,1
3,13,288808,4.7326,38.6,28.46,-41.0,13,0.0,-35.5,1
3,13,289534,5.1157,38.6,28.46,-41.0,13,0.0,-35.5,1
3,13,290260,5.1608,39.6,28.47,-40.5,13,0.0,-35.5,1
3,13,290986,4.6875,38.6,28.46,-41.0,13,0.0,-35.5,1
3,13,291712,4.6875,38.6,28.46,-41.0,13,0.0,-35.5,1
3,13,292438,4.1016,39.6,28.45,-41.0,13,0.0,-35.5,1
3,13,293164,5.2960,39.6,28.46,-41.0,13,0.0,-35.5,1
3,13,293890,4.6650,38.6,28.46,-41.0,13,0.0,-35.5,1
3,13,294616,4.4171,38.6,28.46,-41.0,13,0.0,-35.5,1
3,13,295342,5.4312,38.6,28.46,-41.0,13,0.0,-35.5,1
3,13,296068,5.2960,38.6,28.46,-40.5,13,0.0,-35.5,1
3,13,296794,4.7100,38.6,28.46,-41.0,13,0.0,-35.5,1
3,13,297520,3.9213,38.6,28.46,-41.0,13,0.0,-35.5,1
3,13,298246,4.1917,38.6,28.46,-41.0,13,0.0,-35.5,1
3,13,298972,5.0030,38.6,28.46,-40.5,13,0.0,-35.5,1
3,13,299698,5.0030,38.6,28.46,-40.5,13,0.0,-35.5,1
3,13,300424,4.7326,38.6,28.46,-40.5,13,0.0,-35.5,1
3,13,301150,4.0790,39.6,28.45,-41.0,13,0.0,-35.5,1
3,13,301876,5.4537,39.6,28.46,-41.0,13,0.0,-35.5,1
3,13,302602,4.5072,39.6,28.46,-40.5,13,0.0,-35.5,1
3,13,303328,4.7100,39.6,28.46,-40.5,13,0.0,-35.5,1
3,13,304054,5.0255,38.6,28.46,-41.0,13,0.0,-35.5,1
3,13,304780,4.9579,38.6,28.46,-41.0,13,0.0,-35.5,1
3,13,305506,4.1692,38.6,28.46,-40.5,13,0.0,-35.5,1
3,13,306232,4.6199,38.6,28.46,-40.5,13,0.0,-35.5,1
3,13,306958,4.8903,38.6,28.46,-40.5,13,0.0,-35.5,1
3,13,307684,4.8903,38.6,28.46,-40.5,13,0.0,-35.5,1
3,13,308410,5.2734,38.6,28.46,-40.5,13,0.0,-35.5,1
3,13,309136,5.5213,38.6,28.46,-41.0,13,0.0,-35.5,1
3,13,309862,4.6199,39.6,28.46,-41.0,13,0.0,-35.5,1
3,13,310588,5.7016,39.6,28.45,-40.5,13,0.0,-35.5,1
3,13,311314,5.2960,39.6,28.46,-41.0,13,0.0,-35.5,1
3,13,312040,4.5523,39.6,28.45,-41.0,13,0.0,-35.5,1
3,13,312766,5.2509,39.6,28.46,-41.0,13,0.0,-35.5,1
3,13,313492,4.1016,39.6,28.46,-41.0,13,0.0,-35.5,1
3,13,314218,5.6340,39.6,28.45,-40.5,13,0.0,-35.5,1
3,13,314944,4.5072,38.6,28.46,-41.0,13,0.0,-35.5,1
3,13,315670,4.6650,38.6,28.45,-41.0,13,0.0,-35.5,1
3,13,316396,5.4763,39.6,28.46,-41.0,13,0.0,-35.5,1
3,13,317122,5.9044,39.6,28.46,-41.0,13,0.0,-35.5,1
3,13,317848,4.3495,39.6,28.46,-41.0,13,0.0,-35.5,1
3,13,318574,4.9805,39.6,28.46,-40.5,13,0.0,-35.5,1
3,13,319300,4.7100,39.6,28.46,-41.0,13,0.0,-35.5,1
3,13,320026,5.4988,39.6,28.46,-41.0,13,0.0,-35.5,1
3,13,320752,4.9129,38.6,28.45,-41.0,13,0.0,-35.5,1
3,13,321478,4.1016,38.6,28.46,-40.5,13,0.0,-35.5,1
3,13,322204,4.8227,39.6,28.46,-40.5,13,0.0,-35.5,1
3,13,322930,4.0114,39.6,28.46,-40.5,13,0.0,-35.5,1
3,13,323656,4.9354,39.6,28.46,-41.0,13,0.0,-35.5,1
3,13,324382,4.1466,38.6,28.46,-41.0,13,0.0,-35.5,1
3,13,325108,4.1016,38.6,28.46,-41.0,13,0.0,-35.5,1
3,13,325834,4.0790,38.6,28.46,-41.0,13,0.0,-35.5,1
3,13,326560,4.4621,38.6,28.46,-40.5,13,0.0,-35.5,1
3,13,327286,5.2284,38.6,28.46,-40.5,13,0.0,-35.5,1
3,13,328012,5.4763,39.6,28.46,-40.5,13,0.0,-35.5,1
3,13,328738,5.4087,39.6,28.46,-41.0,13,0.0,-35.5,1
3,13,329464,5.4087,39.6,28.46,-41.0,13,0.0,-35.5,1
3,13,330190,5.5213,38.6,28.46,-41.0,13,0.0,-35.5,1
3,13,330916,4.1016,39.6,28.46,-41.0,13,0.0,-35.5,1
3,13,331642,4.4171,38.6,28.46,-41.0,13,0.0,-35.5,1
3,13,332368,4.7776,38.6,28.46,-41.0,13,0.0,-35.5,1
3,13,333094,4.8453,38.6,28.46,-40.5,13,0.0,-35.5,1
3,13,333820,4.4847,38.6,28.46,-41.0,13,0.0,-35.5,1
3,13,334546,4.8678,38.6,28.46,-40.5,13,0.0,-35.5,1
3,13,335272,4.3720,38.6,28.45,-40.5,13,0.0,-35.5,1
3,13,335998,4.8453,38.6,28.46,-41.0,13,0.0,-35.5,1
3,13,336724,5.3410,38.6,28.46,-41.0,13,0.0,-35.5,1
3,13,337450,5.3410,38.6,28.46,-41.0,13,0.0,-35.5,1
3,13,338176,4.5748,38.6,28.46,-40.5,13,0.0,-35.5,1
3,13,338902,4.3495,38.6,28.46,-41.0,13,0.0,-35.5,1
3,13,339628,5.5889,38.6,28.45,-41.0,13,0.0,-35.5,1
3,13,340354,4.6199,38.6,28.46,-41.0,13,0.0,-35.5,1
3,13,341080,5.4312,38.6,28.46,-41.0,13,0.0,-35.5,1
3,13,341806,5.3410,38.6,28.46,-41.0,13,0.0,-35.5,1
3,13,342532,4.7100,38.6,28.45,-40.5,13,0.0,-35.5,1
3,13,343258,5.8368,39.6,28.45,-40.5,13,0.0,-35.5,1
3,13,343984,4.6199,39.6,28.46,-41.0,13,0.0,-35.5,1
3,13,344710,3.9213,39.6,28.45,-41.0,13,0.0,-35.5,1
3,13,345436,3.9213,38.6,28.45,-41.0,13,0.0,-35.5,1
3,13,346162,4.8227,38.6,28.46,-40.5,13,0.0,-35.5,1
3,13,346888,4.6199,39.6,28.45,-41.0,13,0.0,-35.5,1
3,13,347614,4.6650,39.6,28.45,-41.0,13,0.0,-35.5,1
3,13,348340,5.6340,39.6,28.45,-40.5,13,0.0,-35.5,1
3,13,349066,5.3636,39.6,28.45,-41.0,13,0.0,-35.5,1
3,13,349792,4.6875,39.6,28.45,-40.5,13,0.0,-35.5,1
3,13,350518,5.7918,39.6,28.45,-41.0,13,0.0,-35.5,1
3,13,351244,4.9354,39.6,28.46,-41.0,13,0.0,-35.5,1
3,13,351970,5.4988,39.6,28.45,-41.0,13,0.0,-35.5,1
3,13,352696,4.8002,39.6,28.46,-40.5,13,0.0,-35.5,1
3,13,353422,4.8002,39.6,28.46,-40.5,13,0.0,-35.5,1
3,13,354148,5.7467,39.6,28.45,-40.5,13,0.0,-35.5,1
3,13,354874,5.3410,39.6,28.45,-40.5,13,0.0,-35.5,1
3,13,355600,4.7776,38.6,28.45,-40.5,13,0.0,-35.5,1
3,13,356326,3.9213,38.6,28.45,-41.0,13,0.0,-35.5,1
3,13,357052,4.0340,38.6,28.45,-41.0,13,0.0,-35.5,1
3,13,357778,4.8227,38.6,28.45,-40.5,13,0.0,-35.5,1
3,13,358504,4.7551,38.6,28.45,-41.0,13,0.0,-35.5,1
3,13,359230,5.4763,38.6,28.45,-40.5,13,0.0,-35.5,1
3,13,359956,4.7551,38.6,28.45,-41.0,13,0.0,-35.5,1
3,13,360682,4.1466,38.6,28.45,-41.0,13,0.0,-35.5,1
3,13,361408,4.1466,38.6,28.45,-41.0,13,0.0,-35.5,1
3,13,362134,4.7326,39.6,28.45,-40.5,13,0.0,-35.5,1
3,13,362860,5.5889,39.6,28.45,-40.5,13,0.0,-35.5,1
3,13,363586,5.4988,39.6,28.45,-41.0,13,0.0,-35.5,1
3,13,364312,5.5889,39.6,28.45,-41.0,13,0.0,-35.5,1
3,13,365038,5.0030,38.6,28.45,-40.5,13,0.0,-35.5,1
3,13,365764,3.8987,38.6,28.45,-41.0,13,0.0,-35.5,1
3,13,366490,4.9354,39.6,28.45,-40.5,13,0.0,-35.5,1
3,13,367216,4.5523,39.6,28.45,-41.0,13,0.0,-35.5,1
3,13,367942,5.1833,39.6,28.45,-41.0,13,0.0,-35.5,1
3,13,368668,4.8903,39.6,28.45,-41.0,13,0.0,-35.5,1
3,12,6394,5.2058,36.6,28.46,-41.0,12,0.0,-35.5,1
3,12,7120,3.6058,37.6,28.46,-41.0,12,0.0,-35.5,1
3,12,7846,4.1917,38.6,28.46,-41.0,12,0.0,-35.5,1
3,12,8572,4.3495,38.6,28.45,-41.0,12,0.0,-35.5,1
3,12,9298,4.5297,38.6,28.46,-41.0,12,0.0,-35.5,1
3,12,10024,4.4621,37.6,28.46,-40.5,12,0.0,-35.5,1
3,12,10750,4.3495,38.6,28.46,-41.0,12,0.0,-35.5,1
3,12,11476,5.3636,38.6,28.45,-41.0,12,0.0,-35.5,1
3,12,12202,3.5832,38.6,28.46,-41.0,12,0.0,-35.5,1
3,12,12928,3.7635,38.6,28.46,-40.5,12,0.0,-35.5,1
3,12,13654,4.2368,38.6,28.46,-41.0,12,0.0,-35.5,1
3,12,14380,3.4931,38.6,28.46,-40.5,12,0.0,-35.5,1
3,12,15106,3.4931,38.6,28.46,-40.5,12,0.0,-35.5,1
3,12,15832,3.8537,38.6,28.46,-41.0,12,0.0,-35.5,1
3,12,16558,4.4171,38.6,28.46,-41.0,12,0.0,-35.5,1
3,12,17284,5.0030,38.6,28.47,-41.0,12,0.0,-35.5,1
3,12,18010,3.6734,38.6,28.46,-41.0,12,0.0,-35.5,1
3,12,18736,4.4396,39.6,28.46,-41.0,12,0.0,-35.5,1
3,12,19462,3.8086,39.6,28.47,-41.0,12,0.0,-35.5,1
3,12,20188,3.8086,38.6,28.46,-41.0,12,0.0,-35.5,1
3,12,20914,3.7184,38.6,28.47,-40.5,12,0.0,-35.5,1
3,12,21640,5.1157,38.6,28.47,-41.0,12,0.0,-35.5,1
3,12,22366,4.9129,38.6,28.47,-40.5,12,0.0,-35.5,1
3,12,23092,4.9129,38.6,28.47,-40.5,12,0.0,-35.5,1
3,12,23818,4.4171,38.6,28.46,-41.0,12,0.0,-35.5,1
3,12,24544,5.0931,38.6,28.47,-41.0,12,0.0,-35.5,1
3,12,25270,4.4396,38.6,28.47,-41.0,12,0.0,-35.5,1
3,12,25996,4.4396,38.6,28.47,-41.0,12,0.0,-35.5,1
3,12,26722,5.1833,38.6,28.47,-41.0,12,0.0,-35.5,1
3,12,27448,3.5156,38.6,28.47,-41.0,12,0.0,-35.5,1
3,12,28174,4.0340,38.6,28.47,-41.0,12,0.0,-35.5,1
3,12,28900,4.2368,38.6,28.47,-41.0,12,0.0,-35.5,1
3,12,29626,3.6508,38.6,28.47,-41.0,12,0.0,-35.5,1
3,12,30352,5.0255,38.6,28.47,-41.0,12,0.0,-35.5,1
3,12,31078,5.0255,38.6,28.47,-41.0,12,0.0,-35.5,1
3,12,31804,4.7326,38.6,28.47,-41.0,12,0.0,-35.5,1
3,12,32530,4.4396,38.6,28.48,-41.0,12,0.0,-35.5,1
3,12,33256,4.4847,38.6,28.48,-41.0,12,0.0,-35.5,1
3,12,33982,4.9805,38.6,28.48,-41.0,12,0.0,-35.5,1
3,12,34708,4.6424,38.6,28.47,-41.0,12,0.0,-35.5,1
3,12,35434,4.7100,38.6,28.47,-41.0,12,0.0,-35.5,1
3,12,36160,4.3720,38.6,28.47,-41.0,12,0.0,-35.5,1
3,12,36886,5.2960,38.6,28.47,-41.0,12,0.0,-35.5,1
3,12,37612,5.2509,38.6,28.48,-41.0,12,0.0,-35.5,1
3,12,38338,4.3495,38.6,28.48,-41.0,12,0.0,-35.5,1
3,12,39064,4.3495,38.6,28.48,-41.0,12,0.0,-35.5,1
3,12,39790,4.8453,38.6,28.48,-41.0,12,0.0,-35.5,1
3,12,40516,3.5607,38.6,28.48,-41.0,12,0.0,-35.5,1
3,12,41242,4.3269,38.6,28.48,-40.5,12,0.0,-35.5,1
3,12,41968,5.2960,39.6,28.48,-41.0,12,0.0,-35.5,1
3,12,42694,4.7776,38.6,28.48,-41.0,12,0.0,-35.5,1
3,12,43420,4.4396,39.6,28.48,-41.0,12,0.0,-35.5,1
3,12,44146,4.4621,38.6,28.48,-41.0,12,0.0,-35.5,1
3,12,44872,5.4988,38.6,28.47,-41.0,12,0.0,-35.5,1
3,12,45598,4.5748,38.6,28.48,-41.0,12,0.0,-35.5,1
3,12,46324,4.5974,38.6,28.48,-41.0,12,0.0,-35.5,1
3,12,47050,4.5974,38.6,28.48,-41.0,12,0.0,-35.5,1
3,12,47776,5.0481,39.6,28.47,-41.0,12,0.0,-35.5,1
3,12,48502,5.3636,39.6,28.48,-41.0,12,0.0,-35.5,1
3,12,49228,4.6875,38.6,28.48,-41.0,12,0.0,-35.5,1
3,12,49954,4.6199,38.6,28.48,-41.0,12,0.0,-35.5,1
3,12,50680,4.1692,38.6,28.48,-41.0,12,0.0,-35.5,1
3,12,51406,4.1692,38.6,28.48,-41.0,12,0.0,-35.5,1
3,12,52132,4.7100,39.6,28.48,-41.0,12,0.0,-35.5,1
3,12,52858,5.4537,39.6,28.48,-41.0,12,0.0,-35.5,1
3,12,53584,4.2368,38.6,28.48,-41.0,12,0.0,-35.5,1
3,12,54310,3.5832,38.6,28.48,-41.0,12,0.0,-35.5,1
3,12,55036,3.5832,38.6,28.48,-41.0,12,0.0,-35.5,1
3,12,55762,4.7551,38.6,28.48,-40.5,12,0.0,-35.5,1
3,12,56488,4.7326,38.6,28.48,-41.0,12,0.0,-35.5,1
3,12,57214,4.6875,38.6,28.48,-41.0,12,0.0,-35.5,1
3,12,57940,3.7410,38.6,28.48,-41.0,12,0.0,-35.5,1
3,12,58666,4.1466,38.6,28.48,-41.0,12,0.0,-35.5,1
3,12,59392,4.7776,38.6,28.48,-41.0,12,0.0,-35.5,1
3,12,60118,5.4763,38.6,28.48,-41.0,12,0.0,-35.5,1
3,12,60844,4.6199,38.6,28.48,-41.0,12,0.0,-35.5,1
3,12,61570,3.8762,38.6,28.48,-41.0,12,0.0,-35.5,1
3,12,62296,4.9354,38.6,28.48,-41.0,12,0.0,-35.5,1
3,12,63022,5.4537,38.6,28.48,-41.0,12,0.0,-35.5,1
3,12,63748,5.7016,38.6,28.48,-41.0,12,0.0,-35.5,1
3,12,64474,5.4087,38.6,28.48,-41.0,12,0.0,-35.5,1
3,12,65200,4.6650,38.6,28.48,-41.0,12,0.0,-35.5,1
3,12,65926,3.7635,38.6,28.48,-41.0,12,0.0,-35.5,1
3,12,66652,4.1241,39.6,28.48,-41.0,12,0.0,-35.5,1
3,12,67378,5.0255,38.6,28.48,-41.0,12,0.0,-35.5,1
3,12,68104,4.5748,38.6,28.48,-41.0,12,0.0,-35.5,1
3,12,68830,1.6451,38.6,28.48,-40.5,12,0.0,-35.5,1
3,12,69556,5.2284,38.6,28.48,-41.0,12,0.0,-35.5,1
3,12,70282,3.7410,39.6,28.48,-41.0,12,0.0,-35.5,1
3,12,71008,4.9579,39.6,28.48,-41.0,12,0.0,-35.5,1
3,12,71734,5.4312,39.6,28.48,-41.0,12,0.0,-35.5,1
3,12,72460,3.3804,38.6,28.49,-41.0,12,0.0,-35.5,1
3,12,73186,4.9129,38.6,28.48,-41.0,12,0.0,-35.5,1
3,12,73912,5.2284,38.6,28.48,-41.0,12,0.0,-35.5,1
3,12,74638,5.4087,39.6,28.48,-40.5,12,0.0,-35.5,1
3,12,75364,4.8002,38.6,28.49,-41.0,12,0.0,-35.5,1
3,12,76090,5.6340,38.6,28.48,-41.0,12,0.0,-35.5,1
3,12,76816,5.6340,38.6,28.48,-41.0,12,0.0,-35.5,1
3,12,77542,3.9213,38.6,28.48,-40.5,12,0.0,-35.5,1
3,12,78268,5.2734,39.6,28.48,-41.0,12,0.0,-35.5,1
3,12,78994,4.0340,39.6,28.48,-40.5,12,0.0,-35.5,1
3,12,79720,4.5748,39.6,28.48,-41.0,12,0.0,-35.5,1
3,12,80446,3.8762,38.6,28.48,-41.0,12,0.0,-35.5,1
3,12,81172,3.8086,38.6,28.48,-41.0,12,0.0,-35.5,1
3,12,81898,4.5974,38.6,28.48,-41.0,12,0.0,-35.5,1
3,12,82624,4.4847,38.6,28.48,-41.0,12,0.0,-35.5,1
3,12,83350,4.2142,38.6,28.49,-41.0,12,0.0,-35.5,1
3,12,84076,4.4847,38.6,28.48,-41.0,12,0.0,-35.5,1
3,12,84802,4.4847,38.6,28.48,-41.0,12,0.0,-35.5,1
3,12,85528,3.7861,38.6,28.49,-41.0,12,0.0,-35.5,1
3,12,86254,4.6199,38.6,28.48,-41.0,12,0.0,-35.5,1
3,12,86980,3.8987,38.6,28.49,-40.5,12,0.0,-35.5,1
3,12,87706,5.6565,38.6,28.48,-41.0,12,0.0,-35.5,1
3,12,88432,3.8537,38.6,28.48,-41.0,12,0.0,-35.5,1
3,12,89158,3.7861,39.6,28.48,-40.5,12,0.0,-35.5,1
3,12,89884,5.1382,39.6,28.48,-41.0,12,0.0,-35.5,1
3,12,90610,4.0114,39.6,28.48,-41.0,12,0.0,-35.5,1
3,12,91336,4.7100,38.6,28.48,-41.0,12,0.0,-35.5,1
3,12,92062,4.5297,38.6,28.48,-41.0,12,0.0,-35.5,1
3,12,92788,4.5297,38.6,28.49,-41.0,12,0.0,-35.5,1
3,12,93514,4.0790,38.6,28.48,-41.0,12,0.0,-35.5,1
3,12,94240,4.9805,38.6,28.48,-41.0,12,0.0,-35.5,1
3,12,94966,5.3185,38.6,28.48,-41.0,12,0.0,-35.5,1
3,12,95692,5.1157,38.6,28.48,-41.0,12,0.0,-35.5,1
3,12,96418,3.6508,38.6,28.48,-41.0,12,0.0,-35.5,1
3,12,97144,3.9889,39.6,28.48,-41.0,12,0.0,-35.5,1
3,12,97870,3.5607,39.6,28.48,-41.0,12,0.0,-35.5,1
3,12,98596,4.5072,38.6,28.48,-41.0,12,0.0,-35.5,1
3,12,99322,4.9354,38.6,28.48,-41.0,12,0.0,-35.5,1
3,12,100048,4.5297,38.6,28.49,-40.5,12,0.0,-35.5,1
3,12,100774,4.5297,38.6,28.48,-40.5,12,0.0,-35.5,1
3,12,101500,3.9663,38.6,28.48,-41.0,12,0.0,-35.5,1
3,12,102226,5.6565,38.6,28.48,-41.0,12,0.0,-35.5,1
3,12,102952,3.6734,38.6,28.48,-41.0,12,0.0,-35.5,1
3,12,103678,4.8002,38.6,28.48,-41.0,12,0.0,-35.5,1
3,12,104404,4.6424,38.6,28.49,-40.5,12,0.0,-35.5,1
3,12,105130,5.2509,39.6,28.49,-41.0,12,0.0,-35.5,1
3,12,105856,3.8311,38.6,28.48,-41.0,12,0.0,-35.5,1
3,12,106582,4.2142,38.6,28.48,-41.0,12,0.0,-35.5,1
3,12,107308,3.8311,38.6,28.48,-41.0,12,0.0,-35.5,1
3,12,108034,4.7326,38.6,28.48,-41.0,12,0.0,-35.5,1
3,12,108760,4.7326,38.6,28.48,-41.0,12,0.0,-35.5,1
3,12,109486,4.5297,38.6,28.48,-41.0,12,0.0,-35.5,1
3,12,110212,4.9354,38.6,28.48,-41.0,12,0.0,-35.5,1
3,12,110938,4.3495,38.6,28.48,-41.0,12,0.0,-35.5,1
3,12,111664,4.6650,38.6,28.48,-41.0,12,0.0,-35.5,1
3,12,112390,5.2058,38.6,28.48,-41.0,12,0.0,-35.5,1
3,12,113116,3.6959,38.6,28.48,-41.0,12,0.0,-35.5,1
3,12,113842,5.7467,38.6,28.48,-41.0,12,0.0,-35.5,1
3,12,114568,4.2142,39.6,28.48,-41.0,12,0.0,-35.5,1
3,12,115294,4.5297,38.6,28.48,-41.0,12,0.0,-35.5,1
3,12,116020,4.5748,38.6,28.48,-41.0,12,0.0,-35.5,1
3,12,116746,3.8311,38.6,28.48,-41.0,12,0.0,-35.5,1
3,12,117472,5.2509,38.6,28.48,-41.0,12,0.0,-35.5,1
3,12,118198,4.5974,38.6,28.48,-40.5,12,0.0,-35.5,1
3,12,118924,5.5439,38.6,28.48,-41.0,12,0.0,-35.5,1
3,12,119650,4.0565,38.6,28.49,-41.0,12,0.0,-35.5,1
3,12,120376,4.5523,38.6,28.48,-41.0,12,0.0,-35.5,1
3,12,121102,4.3720,39.6,28.48,-40.5,12,0.0,-35.5,1
3,12,121828,5.2058,39.6,28.49,-41.0,12,0.0,-35.5,1
3,12,122554,4.0565,39.6,28.48,-41.0,12,0.0,-35.5,1
3,12,123280,4.7326,39.6,28.48,-41.0,12,0.0,-35.5,1
3,12,124006,4.9129,38.6,28.48,-41.0,12,0.0,-35.5,1
3,12,124732,4.6199,38.6,28.48,-41.0,12,0.0,-35.5,1
3,12,125458,4.9805,38.6,28.48,-41.0,12,0.0,-35.5,1
3,12,126184,4.0340,38.6,28.48,-40.5,12,0.0,-35.5,1
3,12,126910,4.1241,38.6,28.48,-41.0,12,0.0,-35.5,1
3,12,127636,4.1917,38.6,28.48,-40.5,12,0.0,-35.5,1
3,12,128362,4.6424,38.6,28.47,-41.0,12,0.0,-35.5,1
3,12,129088,4.5523,38.6,28.48,-41.0,12,0.0,-35.5,1
3,12,129814,4.5297,38.6,28.48,-41.0,12,0.0,-35.5,1
3,12,130540,4.5297,38.6,28.48,-41.0,12,0.0,-35.5,1
3,12,131266,4.3945,38.6,28.47,-41.0,12,0.0,-35.5,1
3,12,131992,4.0114,38.6,28.48,-41.0,12,0.0,-35.5,1
3,12,132718,4.5523,39.6,28.47,-41.0,12,0.0,-35.5,1
3,12,133444,5.0931,39.6,28.48,-41.0,12,0.0,-35.5,1
3,12,134170,4.9129,39.6,28.48,-41.0,12,0.0,-35.5,1
3,12,134896,4.6199,39.6,28.48,-41.0,12,0.0,-35.5,1
3,12,135622,4.5523,39.6,28.48,-41.0,12,0.0,-35.5,1
3,12,136348,4.5297,38.6,28.48,-41.0,12,0.0,-35.5,1
3,12,137074,4.5748,38.6,28.48,-40.5,12,0.0,-35.5,1
3,12,137800,4.9579,38.6,28.48,-41.0,12,0.0,-35.5,1
3,12,138526,4.9579,39.6,28.48,-41.0,12,0.0,-35.5,1
3,12,139252,4.7776,38.6,28.48,-41.0,12,0.0,-35.5,1
3,12,139978,3.8762,39.6,28.48,-41.0,12,0.0,-35.5,1
3,12,140704,4.7326,39.6,28.48,-41.0,12,0.0,-35.5,1
3,12,141430,5.3410,38.6,28.48,-41.0,12,0.0,-35.5,1
3,12,142156,4.9354,39.6,28.48,-40.5,12,0.0,-35.5,1
3,12,142882,5.0706,39.6,28.48,-41.0,12,0.0,-35.5,1
3,12,143608,5.3636,39.6,28.48,-41.0,12,0.0,-35.5,1
3,12,144334,4.6199,39.6,28.48,-41.0,12,0.0,-35.5,1
3,12,145060,4.4396,38.6,28.48,-40.5,12,0.0,-35.5,1
3,12,145786,4.0790,39.6,28.47,-41.0,12,0.0,-35.5,1
3,12,146512,4.0790,38.6,28.48,-41.0,12,0.0,-35.5,1
3,12,147238,4.5748,38.6,28.48,-41.0,12,0.0,-35.5,1
3,12,147964,5.0706,38.6,28.48,-41.0,12,0.0,-35.5,1
3,12,148690,4.5748,38.6,28.48,-41.0,12,0.0,-35.5,1
3,12,149416,4.5523,38.6,28.47,-41.0,12,0.0,-35.5,1
3,12,150142,3.6508,39.6,28.48,-41.0,12,0.0,-35.5,1
3,12,150868,4.5523,38.6,28.48,-41.0,12,0.0,-35.5,1
3,12,151594,4.4621,38.6,28.48,-41.0,12,0.0,-35.5,1
3,12,152320,4.8678,39.6,28.48,-40.5,12,0.0,-35.5,1
3,12,153046,4.4396,38.6,28.48,-41.0,12,0.0,-35.5,1
3,12,153772,3.4255,38.6,28.48,-41.0,12,0.0,-35.5,1
3,12,154498,3.4255,38.6,28.48,-41.0,12,0.0,-35.5,1
3,12,155224,5.5439,38.6,28.48,-41.0,12,0.0,-35.5,1
3,12,155950,3.8086,39.6,28.48,-40.5,12,0.0,-35.5,1
3,12,156676,4.8678,39.6,28.48,-40.5,12,0.0,-35.5,1
3,12,157402,4.5523,38.6,28.47,-41.0,12,0.0,-35.5,1
3,12,158128,4.1241,38.6,28.47,-41.0,12,0.0,-35.5,1
3,12,158854,4.1917,38.6,28.48,-41.0,12,0.0,-35.5,1
3,12,159580,4.4171,38.6,28.48,-41.0,12,0.0,-35.5,1
3,12,160306,3.4255,38.6,28.47,-41.0,12,0.0,-35.5,1
3,12,161032,4.8678,37.6,28.48,-41.0,12,0.0,-35.5,1
3,12,161758,4.1016,38.6,28.47,-41.0,12,0.0,-35.5,1
3,12,162484,4.1016,38.6,28.48,-41.0,12,0.0,-35.5,1
3,12,163210,3.7635,38.6,28.47,-41.0,12,0.0,-35.5,1
3,12,163936,4.8227,38.6,28.47,-41.0,12,0.0,-35.5,1
3,12,164662,4.4171,38.6,28.47,-41.0,12,0.0,-35.5,1
3,12,165388,4.9805,39.6,28.48,-41.0,12,0.0,-35.5,1
3,12,166114,4.5072,38.6,28.48,-41.0,12,0.0,-35.5,1
3,12,166840,5.0481,39.6,28.47,-41.0,12,0.0,-35.5,1
3,12,167566,5.9270,39.6,28.48,-41.0,12,0.0,-35.5,1
3,12,168292,4.8453,39.6,28.48,-40.5,12,0.0,-35.5,1
3,12,169018,4.7776,38.6,28.47,-41.0,12,0.0,-35.5,1
3,12,169744,4.1917,38.6,28.48,-41.0,12,0.0,-35.5,1
3,12,170470,4.1016,38.6,28.48,-41.0,12,0.0,-35.5,1
3,12,171196,4.9354,38.6,28.48,-41.0,12,0.0,-35.5,1
3,12,171922,5.0931,39.6,28.48,-41.0,12,0.0,-35.5,1
3,12,172648,5.0030,39.6,28.48,-41.0,12,0.0,-35.5,1
3,12,173374,4.7776,38.6,28.48,-41.0,12,0.0,-35.5,1
3,12,174100,4.5297,39.6,28.47,-40.5,12,0.0,-35.5,1
3,12,174826,4.0114,38.6,28.47,-41.0,12,0.0,-35.5,1
3,12,175552,3.7635,38.6,28.47,-41.0,12,0.0,-35.5,1
3,12,176278,3.8987,38.6,28.47,-41.0,12,0.0,-35.5,1
3,12,177004,4.2819,38.6,28.47,-41.0,12,0.0,-35.5,1
3,12,177730,4.8002,38.6,28.47,-41.0,12,0.0,-35.5,1
3,12,178456,4.4621,39.6,28.47,-41.0,12,0.0,-35.5,1
3,12,179182,3.8762,39.6,28.47,-41.0,12,0.0,-35.5,1
3,12,179908,5.1833,39.6,28.47,-40.5,12,0.0,-35.5,1
3,12,180634,4.9129,38.6,28.47,-41.0,12,0.0,-35.5,1
3,12,181360,5.3410,39.6,28.47,-41.0,12,0.0,-35.5,1
3,12,182086,4.8002,39.6,28.47,-41.0,12,0.0,-35.5,1
3,12,182812,4.8002,38.6,28.47,-41.0,12,0.0,-35.5,1
3,12,183538,5.3410,38.6,28.47,-41.0,12,0.0,-35.5,1
3,12,184264,5.3410,38.6,28.48,-41.0,12,0.0,-35.5,1
3,12,184990,4.0114,38.6,28.47,-40.5,12,0.0,-35.5,1
3,12,185716,4.3495,39.6,28.47,-41.0,12,0.0,-35.5,1
3,12,186442,4.6875,38.6,28.47,-41.0,12,0.0,-35.5,1
3,12,187168,3.8762,38.6,28.47,-41.0,12,0.0,-35.5,1
3,12,187894,4.2368,38.6,28.47,-41.0,12,0.0,-35.5,1
3,12,188620,3.8086,38.6,28.47,-41.0,12,0.0,-35.5,1
3,12,189346,4.0114,38.6,28.46,-40.5,12,0.0,-35.5,1
3,12,190072,3.7861,38.6,28.46,-41.0,12,0.0,-35.5,1
3,12,190798,4.0565,38.6,28.47,-41.0,12,0.0,-35.5,1
3,12,191524,4.3495,38.6,28.47,-41.0,12,0.0,-35.5,1
3,12,192250,4.3495,38.6,28.47,-41.0,12,0.0,-35.5,1
3,12,192976,3.7184,38.6,28.47,-41.0,12,0.0,-35.5,1
3,12,193702,3.7861,38.6,28.47,-41.0,12,0.0,-35.5,1
3,12,194428,3.8537,38.6,28.47,-41.0,12,0.0,-35.5,1
3,12,195154,5.7692,38.6,28.46,-41.0,12,0.0,-35.5,1
3,12,195880,4.6424,38.6,28.46,-41.0,12,0.0,-35.5,1
3,12,196606,5.1608,38.6,28.46,-41.0,12,0.0,-35.5,1
3,12,197332,5.0030,38.6,28.46,-41.0,12,0.0,-35.5,1
3,12,198058,4.8678,38.6,28.47,-41.0,12,0.0,-35.5,1
3,12,198784,5.3185,38.6,28.47,-41.0,12,0.0,-35.5,1
3,12,199510,4.3495,38.6,28.47,-41.0,12,0.0,-35.5,1
3,12,200236,4.3495,38.6,28.46,-41.0,12,0.0,-35.5,1
3,12,200962,4.7326,38.6,28.46,-41.0,12,0.0,-35.5,1
3,12,201688,4.2819,38.6,28.47,-41.0,12,0.0,-35.5,1
3,12,202414,5.6340,39.6,28.46,-41.0,12,0.0,-35.5,1
3,12,203140,4.5523,38.6,28.46,-41.0,12,0.0,-35.5,1
3,12,203866,5.5213,38.6,28.46,-41.0,12,0.0,-35.5,1
3,12,204592,5.5664,38.6,28.46,-41.0,12,0.0,-35.5,1
3,12,205318,3.8086,38.6,28.46,-41.0,12,0.0,-35.5,1
3,12,206044,3.6959,39.6,28.47,-41.0,12,0.0,-35.5,1
3,12,206770,5.8594,39.6,28.46,-41.0,12,0.0,-35.5,1
3,12,207496,4.6199,38.6,28.47,-41.0,12,0.0,-35.5,1
3,12,208222,4.6199,39.6,28.46,-41.0,12,0.0,-35.5,1
3,12,208948,4.6424,38.6,28.46,-41.0,12,0.0,-35.5,1
3,12,209674,3.9438,39.6,28.46,-41.0,12,0.0,-35.5,1
3,12,210400,3.9663,38.6,28.46,-40.5,12,0.0,-35.5,1
3,12,211126,4.1692,38.6,28.46,-41.0,12,0.0,-35.5,1
3,12,211852,4.7100,38.6,28.46,-41.0,12,0.0,-35.5,1
3,12,212578,4.8002,38.6,28.46,-41.0,12,0.0,-35.5,1
3,12,213304,4.5974,38.6,28.47,-41.0,12,0.0,-35.5,1
3,12,214030,4.5523,38.6,28.46,-41.0,12,0.0,-35.5,1
3,12,214756,4.4171,38.6,28.46,-41.0,12,0.0,-35.5,1
3,12,215482,4.2819,38.6,28.46,-41.0,12,0.0,-35.5,1
3,12,216208,4.2819,38.6,28.47,-41.0,12,0.0,-35.5,1
3,12,216934,3.9889,38.6,28.46,-41.0,12,0.0,-35.5,1
3,12,217660,4.6199,38.6,28.46,-41.0,12,0.0,-35.5,1
3,12,218386,4.5974,38.6,28.46,-41.0,12,0.0,-35.5,1
3,12,219112,5.1608,38.6,28.46,-41.0,12,0.0,-35.5,1
3,12,219838,5.4087,38.6,28.46,-41.0,12,0.0,-35.5,1
3,12,220564,4.7776,39.6,28.46,-41.0,12,0.0,-35.5,1
3,12,221290,4.7100,39.6,28.46,-41.0,12,0.0,-35.5,1
3,12,222016,3.7635,39.6,28.46,-41.0,12,0.0,-35.5,1
3,12,222742,4.3495,39.6,28.46,-41.0,12,0.0,-35.5,1
3,12,223468,4.0565,38.6,28.46,-41.0,12,0.0,-35.5,1
3,12,224194,5.2509,38.6,28.46,-41.0,12,0.0,-35.5,1
3,12,224920,4.2593,38.6,28.46,-41.0,12,0.0,-35.5,1
3,12,225646,5.5889,38.6,28.46,-41.0,12,0.0,-35.5,1
3,12,226372,4.4171,38.6,28.46,-40.5,12,0.0,-35.5,1
3,12,227098,4.2819,38.6,28.46,-40.5,12,0.0,-35.5,1
3,12,227824,5.4763,38.6,28.46,-41.0,12,0.0,-35.5,1
3,12,228550,4.6424,39.6,28.46,-41.0,12,0.0,-35.5,1
3,12,229276,4.6650,38.6,28.46,-40.5,12,0.0,-35.5,1
3,12,230002,4.5974,38.6,28.46,-41.0,12,0.0,-35.5,1
3,12,230728,4.1466,39.6,28.46,-41.0,12,0.0,-35.5,1
3,12,231454,4.5523,39.6,28.46,-41.0,12,0.0,-35.5,1
3,12,232180,4.1241,39.6,28.46,-41.0,12,0.0,-35.5,1
3,12,232906,3.7184,38.6,28.45,-41.0,12,0.0,-35.5,1
3,12,233632,4.3044,38.6,28.46,-41.0,12,0.0,-35.5,1
3,12,234358,4.9805,38.6,28.45,-41.0,12,0.0,-35.5,1
3,12,235084,4.0340,38.6,28.45,-40.5,12,0.0,-35.5,1
3,12,235810,4.5072,38.6,28.45,-41.0,12,0.0,-35.5,1
3,12,236536,3.8537,39.6,28.46,-41.0,12,0.0,-35.5,1
3,12,237262,5.5213,38.6,28.46,-41.0,12,0.0,-35.5,1
3,12,237988,5.5213,38.6,28.46,-41.0,12,0.0,-35.5,1
3,12,238714,4.8453,38.6,28.45,-41.0,12,0.0,-35.5,1
3,12,239440,4.6650,39.6,28.45,-41.0,12,0.0,-35.5,1
3,12,240166,4.9805,38.6,28.45,-41.0,12,0.0,-35.5,1
3,12,240892,5.2058,39.6,28.45,-41.0,12,0.0,-35.5,1
3,12,241618,4.6199,38.6,28.46,-41.0,12,0.0,-35.5,1
3,12,242344,5.5213,38.6,28.46,-40.5,12,0.0,-35.5,1
3,12,243070,4.6199,38.6,28.46,-41.0,12,0.0,-35.5,1
3,12,243796,4.5297,38.6,28.45,-41.0,12,0.0,-35.5,1
3,12,244522,3.8086,38.6,28.45,-41.0,12,0.0,-35.5,1
3,12,245248,4.0790,38.6,28.46,-40.5,12,0.0,-35.5,1
3,12,245974,4.0790,38.6,28.45,-40.5,12,0.0,-35.5,1
3,12,246700,5.6340,38.6,28.45,-41.0,12,0.0,-35.5,1
3,12,247426,4.4396,39.6,28.45,-41.0,12,0.0,-35.5,1
3,12,248152,4.2819,39.6,28.45,-41.0,12,0.0,-35.5,1
3,12,248878,3.8762,39.6,28.46,-41.0,12,0.0,-35.5,1
3,12,249604,4.3044,39.6,28.45,-41.0,12,0.0,-35.5,1
3,12,250330,4.6650,38.6,28.45,-41.0,12,0.0,-35.5,1
3,12,251056,3.8987,38.6,28.45,-41.0,12,0.0,-35.5,1
3,12,251782,3.5382,38.6,28.45,-41.0,12,0.0,-35.5,1
3,12,252508,4.5072,39.6,28.45,-41.0,12,0.0,-35.5,1
3,12,253234,4.1016,38.6,28.46,-41.0,12,0.0,-35.5,1
3,12,253960,4.1016,38.6,28.45,-41.0,12,0.0,-35.5,1
3,12,254686,5.4988,38.6,28.46,-41.0,12,0.0,-35.5,1
3,12,255412,4.9805,38.6,28.46,-41.0,12,0.0,-35.5,1
3,12,256138,5.1157,39.6,28.46,-41.0,12,0.0,-35.5,1
3,12,256864,4.8453,39.6,28.46,-41.0,12,0.0,-35.5,1
3,12,257590,5.0481,38.6,28.46,-41.0,12,0.0,-35.5,1
3,12,258316,4.6875,38.6,28.46,-41.0,12,0.0,-35.5,1
3,12,259042,5.0481,39.6,28.45,-41.0,12,0.0,-35.5,1
3,12,259768,4.0790,39.6,28.46,-41.0,12,0.0,-35.5,1
3,12,260494,4.9129,38.6,28.46,-41.0,12,0.0,-35.5,1
3,12,261220,4.0340,39.6,28.46,-41.0,12,0.0,-35.5,1
3,12,261946,4.0340,38.6,28.46,-41.0,12,0.0,-35.5,1
3,12,262672,4.8227,38.6,28.46,-41.0,12,0.0,-35.5,1
3,12,263398,3.9438,39.6,28.46,-41.0,12,0.0,-35.5,1
3,12,264124,4.6199,38.6,28.46,-41.0,12,0.0,-35.5,1
3,12,264850,5.3185,38.6,28.45,-41.0,12,0.0,-35.5,1
3,12,265576,4.7776,38.6,28.45,-40.5,12,0.0,-35.5,1
3,12,266302,4.0114,38.6,28.46,-40.5,12,0.0,-35.5,1
3,12,267028,4.1241,39.6,28.46,-41.0,12,0.0,-35.5,1
3,12,267754,4.5523,38.6,28.45,-41.0,12,0.0,-35.5,1
3,12,268480,5.3636,38.6,28.46,-40.5,12,0.0,-35.5,1
3,12,269206,4.3720,38.6,28.46,-41.0,12,0.0,-35.5,1
3,12,269932,4.3720,38.6,28.45,-41.0,12,0.0,-35.5,1
3,12,270658,4.6424,38.6,28.45,-41.0,12,0.0,-35.5,1
3,12,271384,5.2734,39.6,28.45,-41.0,12,0.0,-35.5,1
3,12,272110,4.5072,39.6,28.45,-41.0,12,0.0,-35.5,1
3,12,272836,4.6424,38.6,28.45,-41.0,12,0.0,-35.5,1
3,12,273562,3.7635,38.6,28.45,-41.0,12,0.0,-35.5,1
3,12,274288,4.5297,38.6,28.45,-41.0,12,0.0,-35.5,1
3,12,275014,5.4763,37.6,28.45,-41.0,12,0.0,-35.5,1
3,12,275740,4.2819,37.6,28.45,-41.0,12,0.0,-35.5,1
3,12,276466,5.0481,37.6,28.45,-41.0,12,0.0,-35.5,1
3,12,277192,3.6734,38.6,28.45,-41.0,12,0.0,-35.5,1
3,12,277918,4.0790,38.6,28.45,-41.0,12,0.0,-35.5,1
3,12,278644,4.4396,38.6,28.45,-41.0,12,0.0,-35.5,1
3,12,279370,4.6650,38.6,28.45,-41.0,12,0.0,-35.5,1
3,12,280096,4.5523,38.6,28.45,-41.0,12,0.0,-35.5,1
3,12,280822,4.7100,39.6,28.45,-41.0,12,0.0,-35.5,1
3,12,281548,4.9354,38.6,28.45,-41.0,12,0.0,-35.5,1
3,12,282274,3.4255,39.6,28.45,-41.0,12,0.0,-35.5,1
3,12,283000,4.7326,38.6,28.45,-41.0,12,0.0,-35.5,1
3,12,283726,4.9354,38.6,28.45,-41.0,12,0.0,-35.5,1
3,12,284452,5.1833,38.6,28.45,-40.5,12,0.0,-35.5,1
3,12,285178,5.1382,39.6,28.45,-41.0,12,0.0,-35.5,1
3,12,285904,4.2368,39.6,28.45,-41.0,12,0.0,-35.5,1
3,12,286630,5.0030,39.6,28.45,-41.0,12,0.0,-35.5,1
3,12,287356,4.8903,38.6,28.45,-41.0,12,0.0,-35.5,1
3,12,288082,4.5748,38.6,28.45,-41.0,12,0.0,-35.5,1
3,12,288808,5.3861,38.6,28.45,-41.0,12,0.0,-35.5,1
3,12,289534,3.7410,39.6,28.45,-41.0,12,0.0,-35.5,1
3,12,290260,3.8987,39.6,28.44,-41.0,12,0.0,-35.5,1
3,12,290986,3.7410,38.6,28.45,-41.0,12,0.0,-35.5,1
3,12,291712,-3.8762,38.6,28.44,-29.5,12,0.0,-35.5,0
3,12,292438,4.2142,38.6,28.45,-41.0,12,0.0,-35.5,1
3,12,293164,3.8086,38.6,28.45,-41.0,12,0.0,-35.5,1
3,12,293890,5.3185,38.6,28.45,-41.0,12,0.0,-35.5,1
3,12,294616,4.6875,38.6,28.45,-41.0,12,0.0,-35.5,1
3,12,295342,3.8987,38.6,28.45,-41.0,12,0.0,-35.5,1
3,12,296068,3.9438,38.6,28.45,-41.0,12,0.0,-35.5,1
3,12,296794,5.4988,38.6,28.45,-41.0,12,0.0,-35.5,1
3,12,297520,5.5439,39.6,28.45,-41.0,12,0.0,-35.5,1
3,12,298246,4.0340,39.6,28.45,-41.0,12,0.0,-35.5,1
3,12,298972,4.5523,38.6,28.45,-41.0,12,0.0,-35.5,1
3,12,299698,4.5523,38.6,28.44,-41.0,12,0.0,-35.5,1
3,12,300424,5.2960,38.6,28.44,-41.0,12,0.0,-35.5,1
3,12,301150,4.0565,38.6,28.44,-41.0,12,0.0,-35.5,1
3,12,301876,4.4847,39.6,28.44,-40.5,12,0.0,-35.5,1
3,12,302602,4.6199,38.6,28.44,-41.0,12,0.0,-35.5,1
3,12,303328,5.2509,38.6,28.44,-41.0,12,0.0,-35.5,1
3,12,304054,4.4171,38.6,28.44,-41.0,12,0.0,-35.5,1
3,12,304780,4.0790,39.6,28.44,-41.0,12,0.0,-35.5,1
3,12,305506,5.4537,38.6,28.44,-41.0,12,0.0,-35.5,1
3,12,306232,4.8002,39.6,28.44,-41.0,12,0.0,-35.5,1
3,12,306958,4.9354,39.6,28.44,-41.0,12,0.0,-35.5,1
3,12,307684,4.9354,38.6,28.44,-41.0,12,0.0,-35.5,1
3,12,308410,4.8678,38.6,28.45,-41.0,12,0.0,-35.5,1
3,12,309136,4.6875,39.6,28.44,-41.0,12,0.0,-35.5,1
3,12,309862,5.2509,38.6,28.44,-41.0,12,0.0,-35.5,1
3,12,310588,3.6734,38.6,28.44,-41.0,12,0.0,-35.5,1
3,12,311314,4.8453,38.6,28.44,-41.0,12,0.0,-35.5,1
3,12,312040,4.1917,38.6,28.44,-41.0,12,0.0,-35.5,1
3,12,312766,4.9354,38.6,28.44,-40.5,12,0.0,-35.5,1
3,12,313492,5.4312,38.6,28.44,-41.0,12,0.0,-35.5,1
3,12,314218,4.1917,38.6,28.44,-41.0,12,0.0,-35.5,1
3,12,314944,3.9213,39.6,28.44,-40.5,12,0.0,-35.5,1
3,12,315670,3.9213,38.6,28.44,-40.5,12,0.0,-35.5,1
3,12,316396,4.3495,38.6,28.44,-41.0,12,0.0,-35.5,1
3,12,317122,4.7551,39.6,28.44,-41.0,12,0.0,-35.5,1
3,12,317848,4.6424,39.6,28.44,-41.0,12,0.0,-35.5,1
3,12,318574,4.0114,38.6,28.44,-41.0,12,0.0,-35.5,1
3,12,319300,3.9663,38.6,28.44,-41.0,12,0.0,-35.5,1
3,12,320026,4.3945,38.6,28.44,-41.0,12,0.0,-35.5,1
3,12,320752,4.1466,38.6,28.44,-41.0,12,0.0,-35.5,1
3,12,321478,5.0255,38.6,28.44,-41.0,12,0.0,-35.5,1
3,12,322204,5.4537,38.6,28.44,-41.0,12,0.0,-35.5,1
3,12,322930,4.0340,38.6,28.44,-41.0,12,0.0,-35.5,1
3,12,323656,4.0340,38.6,28.44,-41.0,12,0.0,-35.5,1
3,12,324382,4.3720,38.6,28.44,-41.0,12,0.0,-35.5,1
3,12,325108,4.5523,38.6,28.44,-41.0,12,0.0,-35.5,1
3,12,325834,5.2509,38.6,28.44,-41.0,12,0.0,-35.5,1
3,12,326560,4.8903,39.6,28.44,-41.0,12,0.0,-35.5,1
3,12,327286,4.5523,38.6,28.44,-41.0,12,0.0,-35.5,1
3,12,328012,3.7410,38.6,28.44,-41.0,12,0.0,-35.5,1
3,12,328738,4.8002,38.6,28.44,-41.0,12,0.0,-35.5,1
3,12,329464,4.0114,38.6,28.44,-41.0,12,0.0,-35.5,1
3,12,330190,5.6340,38.6,28.44,-41.0,12,0.0,-35.5,1
3,12,330916,3.7410,39.6,28.44,-40.5,12,0.0,-35.5,1
3,12,331642,3.7410,38.6,28.44,-40.5,12,0.0,-35.5,1
3,12,332368,3.4931,38.6,28.43,-40.5,12,0.0,-35.5,1
3,12,333094,5.2734,38.6,28.44,-41.0,12,0.0,-35.5,1
3,12,333820,5.1382,38.6,28.43,-41.0,12,0.0,-35.5,1
3,12,334546,5.0706,39.6,28.44,-41.0,12,0.0,-35.5,1
3,12,335272,5.2734,39.6,28.44,-41.0,12,0.0,-35.5,1
3,12,335998,5.3185,38.6,28.44,-41.0,12,0.0,-35.5,1
3,12,336724,4.4847,39.6,28.43,-41.0,12,0.0,-35.5,1
3,12,337450,3.5832,39.6,28.44,-41.0,12,0.0,-35.5,1
3,12,338176,3.9663,39.6,28.44,-41.0,12,0.0,-35.5,1
3,12,338902,3.9663,39.6,28.44,-41.0,12,0.0,-35.5,1
3,12,339628,5.6340,39.6,28.44,-41.0,12,0.0,-35.5,1
3,12,340354,4.1466,39.6,28.44,-40.5,12,0.0,-35.5,1
3,12,341080,4.6650,38.6,28.44,-41.0,12,0.0,-35.5,1
3,12,341806,3.9889,38.6,28.44,-41.0,12,0.0,-35.5,1
3,12,342532,4.5072,38.6,28.44,-41.0,12,0.0,-35.5,1
3,12,343258,4.7100,38.6,28.44,-41.0,12,0.0,-35.5,1
3,12,343984,4.6875,38.6,28.44,-41.0,12,0.0,-35.5,1
3,12,344710,4.6199,38.6,28.44,-41.0,12,0.0,-35.5,1
3,12,345436,5.5213,38.6,28.44,-41.0,12,0.0,-35.5,1
3,12,346162,4.9805,39.6,28.44,-41.0,12,0.0,-35.5,1
3,12,346888,4.8678,39.6,28.44,-41.0,12,0.0,-35.5,1
3,12,347614,4.7100,39.6,28.44,-41.0,12,0.0,-35.5,1
3,12,348340,3.9438,39.6,28.44,-41.0,12,0.0,-35.5,1
3,12,349066,3.9213,38.6,28.44,-41.0,12,0.0,-35.5,1
3,12,349792,4.1692,38.6,28.44,-41.0,12,0.0,-35.5,1
3,12,350518,3.7184,38.6,28.44,-41.0,12,0.0,-35.5,1
3,12,351244,5.5213,38.6,28.44,-41.0,12,0.0,-35.5,1
3,12,351970,4.6650,38.6,28.44,-41.0,12,0.0,-35.5,1
3,12,352696,4.8227,38.6,28.44,-41.0,12,0.0,-35.5,1
3,12,353422,4.8227,38.6,28.44,-41.0,12,0.0,-35.5,1
3,12,354148,4.7776,38.6,28.44,-41.0,12,0.0,-35.5,1
3,12,354874,4.5523,38.6,28.43,-40.5,12,0.0,-35.5,1
3,12,355600,4.0340,38.6,28.44,-41.0,12,0.0,-35.5,1
3,12,356326,4.6875,39.6,28.44,-40.5,12,0.0,-35.5,1
3,12,357052,4.7100,39.6,28.43,-41.0,12,0.0,-35.5,1
3,12,357778,3.7410,39.6,28.43,-41.0,12,0.0,-35.5,1
3,12,358504,5.2960,39.6,28.43,-41.0,12,0.0,-35.5,1
3,12,359230,3.7410,39.6,28.43,-41.0,12,0.0,-35.5,1
3,12,359956,4.9129,39.6,28.43,-41.0,12,0.0,-35.5,1
3,12,360682,4.8002,39.6,28.43,-41.0,12,0.0,-35.5,1
3,12,361408,4.8002,39.6,28.44,-41.0,12,0.0,-35.5,1
3,12,362134,4.7551,39.6,28.43,-41.0,12,0.0,-35.5,1
3,12,362860,4.6199,38.6,28.43,-41.0,12,0.0,-35.5,1
3,12,363586,4.9354,38.6,28.43,-41.0,12,0.0,-35.5,1
3,12,364312,4.0790,38.6,28.43,-41.0,12,0.0,-35.5,1
3,12,365038,4.5297,38.6,28.43,-41.0,12,0.0,-35.5,1
3,12,365764,4.8002,38.6,28.43,-41.0,12,0.0,-35.5,1
3,12,366490,4.9354,38.6,28.43,-41.0,12,0.0,-35.5,1
3,12,367216,4.5748,39.6,28.43,-41.0,12,0.0,-35.5,1
3,12,367942,4.7326,39.6,28.43,-41.0,12,0.0,-35.5,1
3,12,368668,5.3861,39.6,28.43,-41.0,12,0.0,-35.5,1
3,11,6394,4.4396,38.6,28.43,-40.5,11,0.0,-35.5,1
3,11,7120,4.6875,38.6,28.43,-40.5,11,0.0,-35.5,1
3,11,7846,4.4396,38.6,28.43,-40.5,11,0.0,-35.5,1
3,11,8572,4.8227,38.6,28.43,-40.5,11,0.0,-35.5,1
3,11,9298,3.7861,38.6,28.43,-41.0,11,0.0,-35.5,1
3,11,10024,5.2284,38.6,28.43,-41.0,11,0.0,-35.5,1
3,11,10750,4.2593,38.6,28.43,-40.5,11,0.0,-35.5,1
3,11,11476,4.3044,38.6,28.44,-40.5,11,0.0,-35.5,1
3,11,12202,5.2734,38.6,28.43,-41.0,11,0.0,-35.5,1
3,11,12928,3.6508,38.6,28.43,-40.5,11,0.0,-35.5,1
3,11,13654,4.6199,38.6,28.43,-40.5,11,0.0,-35.5,1
3,11,14380,3.4029,38.6,28.44,-41.0,11,0.0,-35.5,1
3,11,15106,1.0367,37.6,28.44,-40.5,11,0.0,-35.5,0
3,11,15832,3.7184,37.6,28.43,-41.0,11,0.0,-35.5,1
3,11,16558,5.4312,37.6,28.44,-41.0,11,0.0,-35.5,1
3,11,17284,4.8678,38.6,28.44,-41.0,11,0.0,-35.5,1
3,11,18010,3.8762,38.6,28.44,-41.0,11,0.0,-35.5,1
3,11,18736,3.6058,38.6,28.44,-40.5,11,0.0,-35.5,1
3,11,19462,4.6424,38.6,28.44,-41.0,11,0.0,-35.5,1
3,11,20188,5.1157,38.6,28.44,-41.0,11,0.0,-35.5,1
3,11,20914,4.4621,38.6,28.44,-40.5,11,0.0,-35.5,1
3,11,21640,4.5748,38.6,28.44,-41.0,11,0.0,-35.5,1
3,11,22366,3.7410,38.6,28.44,-41.0,11,0.0,-35.5,1
3,11,23092,3.7410,38.6,28.44,-41.0,11,0.0,-35.5,1
3,11,23818,3.3804,38.6,28.44,-40.5,11,0.0,-35.5,1
3,11,24544,5.0706,38.6,28.45,-41.0,11,0.0,-35.5,1
3,11,25270,3.7861,38.6,28.45,-40.5,11,0.0,-35.5,1
3,11,25996,3.9213,38.6,28.44,-40.5,11,0.0,-35.5,1
3,11,26722,4.7100,38.6,28.44,-41.0,11,0.0,-35.5,1
3,11,27448,4.7326,38.6,28.44,-41.0,11,0.0,-35.5,1
3,11,28174,4.7551,38.6,28.45,-41.0,11,0.0,-35.5,1
3,11,28900,5.2058,38.6,28.45,-40.5,11,0.0,-35.5,1
3,11,29626,4.6199,38.6,28.45,-40.5,11,0.0,-35.5,1
3,11,30352,4.6199,38.6,28.45,-41.0,11,0.0,-35.5,1
3,11,31078,4.6199,38.6,28.45,-41.0,11,0.0,-35.5,1
3,11,31804,4.7776,38.6,28.45,-40.5,11,0.0,-35.5,1
3,11,32530,4.6650,38.6,28.45,-41.0,11,0.0,-35.5,1
3,11,33256,4.6199,38.6,28.45,-41.0,11,0.0,-35.5,1
3,11,33982,4.7551,38.6,28.45,-41.0,11,0.0,-35.5,1
3,11,34708,4.1917,38.6,28.45,-41.0,11,0.0,-35.5,1
3,11,35434,4.4171,38.6,28.45,-41.0,11,0.0,-35.5,1
3,11,36160,4.1692,38.6,28.45,-41.0,11,0.0,-35.5,1
3,11,36886,4.1241,38.6,28.45,-41.0,11,0.0,-35.5,1
3,11,37612,4.5297,38.6,28.45,-41.0,11,0.0,-35.5,1
3,11,38338,4.6199,39.6,28.45,-41.0,11,0.0,-35.5,1
3,11,39064,4.6199,38.6,28.45,-41.0,11,0.0,-35.5,1
3,11,39790,4.6199,38.6,28.45,-41.0,11,0.0,-35.5,1
3,11,40516,5.4087,38.6,28.45,-41.0,11,0.0,-35.5,1
3,11,41242,5.4763,38.6,28.45,-41.0,11,0.0,-35.5,1
3,11,41968,3.4706,38.6,28.45,-41.0,11,0.0,-35.5,1
3,11,42694,3.5832,38.6,28.45,-41.0,11,0.0,-35.5,1
3,11,43420,4.5072,38.6,28.45,-41.0,11,0.0,-35.5,1
3,11,44146,4.6424,38.6,28.46,-41.0,11,0.0,-35.5,1
3,11,44872,5.2734,38.6,28.45,-41.0,11,0.0,-35.5,1
3,11,45598,5.2058,38.6,28.45,-41.0,11,0.0,-35.5,1
3,11,46324,4.5072,38.6,28.45,-40.5,11,0.0,-35.5,1
3,11,47050,4.5072,37.6,28.46,-40.5,11,0.0,-35.5,1
3,11,47776,4.6424,38.6,28.46,-40.5,11,0.0,-35.5,1
3,11,48502,4.9805,38.6,28.46,-41.0,11,0.0,-35.5,1
3,11,49228,3.6959,38.6,28.45,-40.5,11,0.0,-35.5,1
3,11,49954,4.8678,38.6,28.46,-40.5,11,0.0,-35.5,1
3,11,50680,4.2819,38.6,28.46,-41.0,11,0.0,-35.5,1
3,11,51406,4.3269,38.6,28.46,-41.0,11,0.0,-35.5,1
3,11,52132,4.5297,38.6,28.45,-40.5,11,0.0,-35.5,1
3,11,52858,4.2368,38.6,28.46,-41.0,11,0.0,-35.5,1
3,11,53584,4.7100,38.6,28.46,-41.0,11,0.0,-35.5,1
3,11,54310,4.2819,38.6,28.46,-41.0,11,0.0,-35.5,1
3,11,55036,4.2819,38.6,28.46,-41.0,11,0.0,-35.5,1
3,11,55762,4.5523,38.6,28.46,-41.0,11,0.0,-35.5,1
3,11,56488,4.5297,38.6,28.45,-41.0,11,0.0,-35.5,1
3,11,57214,4.5748,38.6,28.45,-41.0,11,0.0,-35.5,1
3,11,57940,5.2734,38.6,28.46,-40.5,11,0.0,-35.5,1
3,11,58666,3.9663,38.6,28.46,-41.0,11,0.0,-35.5,1
3,11,59392,3.7184,38.6,28.46,-40.5,11,0.0,-35.5,1
3,11,60118,4.1466,38.6,28.46,-41.0,11,0.0,-35.5,1
3,11,60844,5.3410,38.6,28.46,-41.0,11,0.0,-35.5,1
3,11,61570,4.9354,38.6,28.46,-40.5,11,0.0,-35.5,1
3,11,62296,4.6199,38.6,28.46,-41.0,11,0.0,-35.5,1
3,11,63022,4.7326,38.6,28.46,-41.0,11,0.0,-35.5,1
3,11,63748,4.8227,38.6,28.46,-41.0,11,0.0,-35.5,1
3,11,64474,5.1608,38.6,28.46,-41.0,11,0.0,-35.5,1
3,11,65200,4.7326,38.6,28.46,-40.5,11,0.0,-35.5,1
3,11,65926,4.6875,38.6,28.46,-40.5,11,0.0,-35.5,1
3,11,66652,4.6199,38.6,28.46,-40.5,11,0.0,-35.5,1
3,11,67378,4.6650,38.6,28.46,-41.0,11,0.0,-35.5,1
3,11,68104,4.2142,38.6,28.46,-40.5,11,0.0,-35.5,1
3,11,68830,4.6875,38.6,28.46,-41.0,11,0.0,-35.5,1
3,11,69556,3.6058,39.6,28.46,-41.0,11,0.0,-35.5,1
3,11,70282,4.7776,38.6,28.46,-40.5,11,0.0,-35.5,1
3,11,71008,4.6875,37.6,28.46,-40.5,11,0.0,-35.5,1
3,11,71734,4.6424,38.6,28.46,-41.0,11,0.0,-35.5,1
3,11,72460,4.6875,38.6,28.46,-41.0,11,0.0,-35.5,1
3,11,73186,5.0030,38.6,28.46,-41.0,11,0.0,-35.5,1
3,11,73912,5.0481,38.6,28.46,-41.0,11,0.0,-35.5,1
3,11,74638,5.6791,38.6,28.46,-40.0,11,0.0,-35.5,1
3,11,75364,5.0255,38.6,28.46,-40.5,11,0.0,-35.5,1
3,11,76090,4.8453,38.6,28.46,-41.0,11,0.0,-35.5,1
3,11,76816,4.8453,38.6,28.46,-41.0,11,0.0,-35.5,1
3,11,77542,4.5072,38.6,28.46,-41.0,11,0.0,-35.5,1
3,11,78268,5.4537,38.6,28.46,-41.0,11,0.0,-35.5,1
3,11,78994,4.7776,38.6,28.47,-41.0,11,0.0,-35.5,1
3,11,79720,4.6424,38.6,28.47,-40.5,11,0.0,-35.5,1
3,11,80446,4.3495,38.6,28.46,-40.5,11,0.0,-35.5,1
3,11,81172,4.8002,38.6,28.47,-41.0,11,0.0,-35.5,1
3,11,81898,5.2509,38.6,28.46,-41.0,11,0.0,-35.5,1
3,11,82624,4.6424,38.6,28.47,-41.0,11,0.0,-35.5,1
3,11,83350,4.7326,38.6,28.47,-40.5,11,0.0,-35.5,1
3,11,84076,4.5297,38.6,28.47,-40.5,11,0.0,-35.5,1
3,11,84802,4.5297,38.6,28.46,-40.5,11,0.0,-35.5,1
3,11,85528,5.1382,39.6,28.47,-41.0,11,0.0,-35.5,1
3,11,86254,3.9438,39.6,28.47,-41.0,11,0.0,-35.5,1
3,11,86980,5.5213,39.6,28.47,-41.0,11,0.0,-35.5,1
3,11,87706,5.5889,38.6,28.46,-41.0,11,0.0,-35.5,1
3,11,88432,5.8368,38.6,28.46,-40.5,11,0.0,-35.5,1
3,11,89158,5.4988,38.6,28.47,-41.0,11,0.0,-35.5,1
3,11,89884,4.5297,38.6,28.47,-41.0,11,0.0,-35.5,1
3,11,90610,4.5974,38.6,28.46,-41.0,11,0.0,-35.5,1
3,11,91336,5.2284,38.6,28.46,-41.0,11,0.0,-35.5,1
3,11,92062,4.9354,38.6,28.46,-41.0,11,0.0,-35.5,1
3,11,92788,4.9354,38.6,28.46,-41.0,11,0.0,-35.5,1
3,11,93514,5.4087,38.6,28.47,-40.5,11,0.0,-35.5,1
3,11,94240,4.3044,38.6,28.46,-41.0,11,0.0,-35.5,1
3,11,94966,4.6650,38.6,28.47,-40.5,11,0.0,-35.5,1
3,11,95692,4.7326,38.6,28.46,-41.0,11,0.0,-35.5,1
3,11,96418,4.4621,38.6,28.46,-41.0,11,0.0,-35.5,1
3,11,97144,5.5439,38.6,28.46,-41.0,11,0.0,-35.5,1
3,11,97870,4.6199,38.6,28.46,-41.0,11,0.0,-35.5,1
3,11,98596,4.8903,38.6,28.46,-41.0,11,0.0,-35.5,1
3,11,99322,4.5297,38.6,28.47,-41.0,11,0.0,-35.5,1
3,11,100048,4.4621,38.6,28.46,-41.0,11,0.0,-35.5,1
3,11,100774,4.4621,38.6,28.46,-41.0,11,0.0,-35.5,1
3,11,101500,4.4847,38.6,28.46,-41.0,11,0.0,-35.5,1
3,11,102226,5.3410,38.6,28.46,-41.0,11,0.0,-35.5,1
3,11,102952,5.2734,38.6,28.46,-41.0,11,0.0,-35.5,1
3,11,103678,5.0481,38.6,28.46,-41.0,11,0.0,-35.5,1
3,11,104404,4.5523,38.6,28.46,-40.5,11,0.0,-35.5,1
3,11,105130,5.0255,38.6,28.46,-41.0,11,0.0,-35.5,1
3,11,105856,5.8143,38.6,28.47,-41.0,11,0.0,-35.5,1
3,11,106582,4.5523,38.6,28.46,-41.0,11,0.0,-35.5,1
3,11,107308,4.6199,38.6,28.46,-40.5,11,0.0,-35.5,1
3,11,108034,3.8537,38.6,28.46,-40.5,11,0.0,-35.5,1
3,11,108760,3.8537,38.6,28.46,-40.5,11,0.0,-35.5,1
3,11,109486,4.1917,38.6,28.46,-41.0,11,0.0,-35.5,1
3,11,110212,4.8002,38.6,28.46,-41.0,11,0.0,-35.5,1
3,11,110938,4.8903,38.6,28.46,-41.0,11,0.0,-35.5,1
3,11,111664,5.7467,38.6,28.45,-40.5,11,0.0,-35.5,1
3,11,112390,5.4763,38.6,28.46,-41.0,11,0.0,-35.5,1
3,11,113116,4.1016,38.6,28.46,-40.5,11,0.0,-35.5,1
3,11,113842,5.8819,38.6,28.46,-41.0,11,0.0,-35.5,1
3,11,114568,4.7326,38.6,28.46,-40.5,11,0.0,-35.5,1
3,11,115294,4.2819,38.6,28.46,-41.0,11,0.0,-35.5,1
3,11,116020,4.9805,38.6,28.46,-41.0,11,0.0,-35.5,1
3,11,116746,5.8594,39.6,28.46,-40.5,11,0.0,-35.5,1
3,11,117472,4.3720,39.6,28.46,-41.0,11,0.0,-35.5,1
3,11,118198,4.7551,39.6,28.46,-41.0,11,0.0,-35.5,1
3,11,118924,5.1157,39.6,28.46,-41.0,11,0.0,-35.5,1
3,11,119650,4.5072,39.6,28.45,-41.0,11,0.0,-35.5,1
3,11,120376,4.7326,38.6,28.46,-40.5,11,0.0,-35.5,1
3,11,121102,5.0706,38.6,28.46,-41.0,11,0.0,-35.5,1
3,11,121828,5.2284,38.6,28.46,-41.0,11,0.0,-35.5,1
3,11,122554,4.9579,38.6,28.46,-41.0,11,0.0,-35.5,1
3,11,123280,3.6734,38.6,28.46,-41.0,11,0.0,-35.5,1
3,11,124006,4.2368,38.6,28.46,-41.0,11,0.0,-35.5,1
3,11,124732,5.5664,38.6,28.46,-41.0,11,0.0,-35.5,1
3,11,125458,5.4312,38.6,28.46,-41.0,11,0.0,-35.5,1
3,11,126184,5.7918,38.6,28.46,-41.0,11,0.0,-35.5,1
3,11,126910,4.1016,39.6,28.46,-41.0,11,0.0,-35.5,1
3,11,127636,4.5974,39.6,28.46,-41.0,11,0.0,-35.5,1
3,11,128362,5.1382,38.6,28.46,-41.0,11,0.0,-35.5,1
3,11,129088,4.7326,38.6,28.46,-40.5,11,0.0,-35.5,1
3,11,129814,5.0706,38.6,28.46,-40.5,11,0.0,-35.5,1
3,11,130540,5.0706,38.6,28.46,-40.5,11,0.0,-35.5,1
3,11,131266,5.2509,39.6,28.46,-41.0,11,0.0,-35.5,1
3,11,131992,5.3185,38.6,28.46,-41.0,11,0.0,-35.5,1
3,11,132718,5.4312,38.6,28.46,-41.0,11,0.0,-35.5,1
3,11,133444,5.3185,38.6,28.46,-41.0,11,0.0,-35.5,1
3,11,134170,4.7551,38.6,28.46,-41.0,11,0.0,-35.5,1
3,11,134896,5.5439,39.6,28.46,-41.0,11,0.0,-35.5,1
3,11,135622,4.7551,39.6,28.45,-40.5,11,0.0,-35.5,1
3,11,136348,4.8678,38.6,28.45,-40.5,11,0.0,-35.5,1
3,11,137074,4.5072,39.6,28.46,-40.5,11,0.0,-35.5,1
3,11,137800,5.3861,38.6,28.45,-41.0,11,0.0,-35.5,1
3,11,138526,5.3861,38.6,28.45,-41.0,11,0.0,-35.5,1
3,11,139252,5.4087,38.6,28.46,-41.0,11,0.0,-35.5,1
3,11,139978,4.8453,38.6,28.45,-41.0,11,0.0,-35.5,1
3,11,140704,4.3495,38.6,28.45,-40.5,11,0.0,-35.5,1
3,11,141430,5.5889,38.6,28.46,-41.0,11,0.0,-35.5,1
3,11,142156,3.6058,38.6,28.46,-40.5,11,0.0,-35.5,1
3,11,142882,3.7635,38.6,28.45,-40.5,11,0.0,-35.5,1
3,11,143608,5.2509,38.6,28.45,-41.0,11,0.0,-35.5,1
3,11,144334,4.5523,38.6,28.46,-41.0,11,0.0,-35.5,1
3,11,145060,5.7918,38.6,28.45,-41.0,11,0.0,-35.5,1
3,11,145786,4.4847,38.6,28.46,-41.0,11,0.0,-35.5,1
3,11,146512,4.4847,39.6,28.45,-41.0,11,0.0,-35.5,1
3,11,147238,4.8227,39.6,28.45,-41.0,11,0.0,-35.5,1
3,11,147964,4.6424,39.6,28.45,-40.5,11,0.0,-35.5,1
3,11,148690,5.4312,38.6,28.45,-40.5,11,0.0,-35.5,1
3,11,149416,4.8903,38.6,28.45,-40.5,11,0.0,-35.5,1
3,11,150142,5.0706,38.6,28.45,-41.0,11,0.0,-35.5,1
3,11,150868,5.4312,38.6,28.45,-41.0,11,0.0,-35.5,1
3,11,151594,4.7551,38.6,28.45,-40.5,11,0.0,-35.5,1
3,11,152320,4.8678,39.6,28.45,-41.0,11,0.0,-35.5,1
3,11,153046,4.9579,38.6,28.45,-41.0,11,0.0,-35.5,1
3,11,153772,5.3861,38.6,28.45,-41.0,11,0.0,-35.5,1
3,11,154498,5.3861,38.6,28.45,-41.0,11,0.0,-35.5,1
3,11,155224,5.5439,38.6,28.45,-40.5,11,0.0,-35.5,1
3,11,155950,5.2960,38.6,28.45,-41.0,11,0.0,-35.5,1
3,11,156676,5.2284,38.6,28.45,-41.0,11,0.0,-35.5,1
3,11,157402,4.9354,38.6,28.45,-40.5,11,0.0,-35.5,1
3,11,158128,4.9129,38.6,28.45,-41.0,11,0.0,-35.5,1
3,11,158854,4.7326,39.6,28.45,-41.0,11,0.0,-35.5,1
3,11,159580,4.4621,38.6,28.45,-40.5,11,0.0,-35.5,1
3,11,160306,4.6875,38.6,28.45,-41.0,11,0.0,-35.5,1
3,11,161032,3.6058,39.6,28.45,-40.5,11,0.0,-35.5,1
3,11,161758,4.8678,39.6,28.45,-40.5,11,0.0,-35.5,1
3,11,162484,4.8678,39.6,28.45,-40.5,11,0.0,-35.5,1
3,11,163210,4.2593,39.6,28.45,-41.0,11,0.0,-35.5,1
3,11,163936,4.7100,39.6,28.45,-41.0,11,0.0,-35.5,1
3,11,164662,5.6115,39.6,28.45,-41.0,11,0.0,-35.5,1
3,11,165388,5.7467,39.6,28.45,-41.0,11,0.0,-35.5,1
3,11,166114,3.8987,39.6,28.45,-41.0,11,0.0,-35.5,1
3,11,166840,4.6875,39.6,28.46,-40.5,11,0.0,-35.5,1
3,11,167566,4.7776,38.6,28.45,-41.0,11,0.0,-35.5,1
3,11,168292,4.6650,38.6,28.45,-40.5,11,0.0,-35.5,1
3,11,169018,4.5072,37.6,28.45,-40.5,11,0.0,-35.5,1
3,11,169744,4.5748,38.6,28.45,-41.0,11,0.0,-35.5,1
3,11,170470,4.7551,38.6,28.45,-41.0,11,0.0,-35.5,1
3,11,171196,4.4847,38.6,28.45,-41.0,11,0.0,-35.5,1
3,11,171922,4.1917,38.6,28.45,-40.5,11,0.0,-35.5,1
3,11,172648,4.9129,38.6,28.45,-41.0,11,0.0,-35.5,1
3,11,173374,4.4847,38.6,28.45,-41.0,11,0.0,-35.5,1
3,11,174100,4.5748,38.6,28.45,-40.5,11,0.0,-35.5,1
3,11,174826,4.6199,38.6,28.45,-40.5,11,0.0,-35.5,1
3,11,175552,4.6199,38.6,28.45,-41.0,11,0.0,-35.5,1
3,11,176278,4.7551,38.6,28.45,-41.0,11,0.0,-35.5,1
3,11,177004,4.6424,38.6,28.45,-41.0,11,0.0,-35.5,1
3,11,177730,4.0340,38.6,28.45,-41.0,11,0.0,-35.5,1
3,11,178456,4.5748,39.6,28.45,-40.5,11,0.0,-35.5,1
3,11,179182,4.5072,38.6,28.45,-40.5,11,0.0,-35.5,1
3,11,179908,4.9805,38.6,28.45,-41.0,11,0.0,-35.5,1
3,11,180634,5.2058,38.6,28.45,-40.5,11,0.0,-35.5,1
3,11,181360,5.5889,38.6,28.45,-41.0,11,0.0,-35.5,1
3,11,182086,4.5297,38.6,28.45,-41.0,11,0.0,-35.5,1
3,11,182812,6.0622,38.6,28.45,-41.0,11,0.0,-35.5,1
3,11,183538,5.4087,38.6,28.45,-41.0,11,0.0,-35.5,1
3,11,184264,5.4087,38.6,28.45,-41.0,11,0.0,-35.5,1
3,11,184990,5.0706,38.6,28.45,-41.0,11,0.0,-35.5,1
3,11,185716,5.3410,38.6,28.45,-40.5,11,0.0,-35.5,1
3,11,186442,4.5974,38.6,28.45,-40.5,11,0.0,-35.5,1
3,11,187168,4.0114,38.6,28.45,-40.5,11,0.0,-35.5,1
3,11,187894,5.7467,38.6,28.45,-41.0,11,0.0,-35.5,1
3,11,188620,4.3495,38.6,28.45,-41.0,11,0.0,-35.5,1
3,11,189346,5.2509,38.6,28.45,-41.0,11,0.0,-35.5,1
3,11,190072,5.4988,38.6,28.45,-41.0,11,0.0,-35.5,1
3,11,190798,3.8086,38.6,28.45,-41.0,11,0.0,-35.5,1
3,11,191524,4.4396,39.6,28.45,-40.5,11,0.0,-35.5,1
3,11,192250,4.4396,39.6,28.45,-40.5,11,0.0,-35.5,1
3,11,192976,3.7635,38.6,28.45,-40.5,11,0.0,-35.5,1
3,11,193702,4.5523,38.6,28.45,-41.0,11,0.0,-35.5,1
3,11,194428,4.8678,38.6,28.45,-40.5,11,0.0,-35.5,1
3,11,195154,5.0931,38.6,28.45,-41.0,11,0.0,-35.5,1
3,11,195880,4.6875,38.6,28.45,-41.0,11,0.0,-35.5,1
3,11,196606,4.0790,39.6,28.45,-40.5,11,0.0,-35.5,1
3,11,197332,3.4480,38.6,28.45,-40.5,11,0.0,-35.5,1
3,11,198058,4.4621,38.6,28.45,-40.5,11,0.0,-35.5,1
3,11,198784,5.0706,38.6,28.45,-40.5,11,0.0,-35.5,1
3,11,199510,5.8594,39.6,28.45,-41.0,11,0.0,-35.5,1
3,11,200236,5.8594,38.6,28.45,-41.0,11,0.0,-35.5,1
3,11,200962,4.5748,38.6,28.45,-41.0,11,0.0,-35.5,1
3,11,201688,4.3720,38.6,28.45,-41.0,11,0.0,-35.5,1
3,11,202414,4.4171,38.6,28.45,-40.5,11,0.0,-35.5,1
3,11,203140,4.8002,38.6,28.45,-40.5,11,0.0,-35.5,1
3,11,203866,4.8227,38.6,28.45,-41.0,11,0.0,-35.5,1
3,11,204592,4.3495,38.6,28.45,-41.0,11,0.0,-35.5,1
3,11,205318,5.5664,39.6,28.45,-41.0,11,0.0,-35.5,1
3,11,206044,5.2734,38.6,28.45,-40.5,11,0.0,-35.5,1
3,11,206770,4.5974,38.6,28.44,-41.0,11,0.0,-35.5,1
3,11,207496,5.4087,38.6,28.45,-40.5,11,0.0,-35.5,1
3,11,208222,5.4087,38.6,28.44,-40.5,11,0.0,-35.5,1
3,11,208948,5.7918,38.6,28.44,-40.5,11,0.0,-35.5,1
3,11,209674,4.5974,38.6,28.45,-40.5,11,0.0,-35.5,1
3,11,210400,4.8678,38.6,28.44,-41.0,11,0.0,-35.5,1
3,11,211126,3.4255,38.6,28.45,-40.5,11,0.0,-35.5,1
3,11,211852,4.4621,38.6,28.44,-41.0,11,0.0,-35.5,1
3,11,212578,4.4171,38.6,28.45,-40.5,11,0.0,-35.5,1
3,11,213304,4.6424,38.6,28.45,-41.0,11,0.0,-35.5,1
3,11,214030,4.7776,38.6,28.45,-40.5,11,0.0,-35.5,1
3,11,214756,5.4763,38.6,28.45,-41.0,11,0.0,-35.5,1
3,11,215482,4.2819,38.6,28.45,-41.0,11,0.0,-35.5,1
3,11,216208,4.2819,38.6,28.44,-41.0,11,0.0,-35.5,1
3,11,216934,4.0565,39.6,28.44,-41.0,11,0.0,-35.5,1
3,11,217660,5.1157,38.6,28.44,-40.5,11,0.0,-35.5,1
3,11,218386,4.6199,38.6,28.44,-40.5,11,0.0,-35.5,1
3,11,219112,3.9213,38.6,28.44,-40.5,11,0.0,-35.5,1
3,11,219838,5.3636,38.6,28.44,-41.0,11,0.0,-35.5,1
3,11,220564,5.5439,38.6,28.45,-41.0,11,0.0,-35.5,1
3,11,221290,5.3185,38.6,28.44,-40.5,11,0.0,-35.5,1
3,11,222016,4.4847,38.6,28.44,-41.0,11,0.0,-35.5,1
3,11,222742,4.4621,38.6,28.43,-40.5,11,0.0,-35.5,1
3,11,223468,4.5523,39.6,28.44,-41.0,11,0.0,-35.5,1
3,11,224194,4.5523,39.6,28.44,-41.0,11,0.0,-35.5,1
3,11,224920,5.1157,39.6,28.44,-41.0,11,0.0,-35.5,1
3,11,225646,4.3945,38.6,28.44,-41.0,11,0.0,-35.5,1
3,11,226372,5.5213,38.6,28.44,-41.0,11,0.0,-35.5,1
3,11,227098,4.9579,38.6,28.44,-41.0,11,0.0,-35.5,1
3,11,227824,4.5748,38.6,28.44,-40.5,11,0.0,-35.5,1
3,11,228550,4.0565,38.6,28.44,-40.5,11,0.0,-35.5,1
3,11,229276,5.4988,38.6,28.44,-40.5,11,0.0,-35.5,1
3,11,230002,4.5072,38.6,28.44,-41.0,11,0.0,-35.5,1
3,11,230728,3.9438,38.6,28.44,-40.5,11,0.0,-35.5,1
3,11,231454,4.5974,38.6,28.44,-41.0,11,0.0,-35.5,1
3,11,232180,4.9805,38.6,28.44,-41.0,11,0.0,-35.5,1
3,11,232906,5.1157,39.6,28.44,-41.0,11,0.0,-35.5,1
3,11,233632,5.2058,39.6,28.44,-41.0,11,0.0,-35.5,1
3,11,234358,4.6875,39.6,28.44,-41.0,11,0.0,-35.5,1
3,11,235084,4.5523,38.6,28.44,-40.5,11,0.0,-35.5,1
3,11,235810,5.2058,38.6,28.44,-41.0,11,0.0,-35.5,1
3,11,236536,5.3410,39.6,28.43,-41.0,11,0.0,-35.5,1
3,11,237262,5.7016,39.6,28.43,-41.0,11,0.0,-35.5,1
3,11,237988,-2.4114,39.6,28.44,-40.5,11,0.0,-35.5,0
3,11,238714,4.7551,39.6,28.44,-41.0,11,0.0,-35.5,1
3,11,239440,4.0114,39.6,28.44,-40.5,11,0.0,-35.5,1
3,11,240166,5.2960,38.6,28.44,-41.0,11,0.0,-35.5,1
3,11,240892,4.8678,38.6,28.44,-41.0,11,0.0,-35.5,1
3,11,241618,3.9663,38.6,28.44,-41.0,11,0.0,-35.5,1
3,11,242344,4.5974,38.6,28.44,-41.0,11,0.0,-35.5,1
3,11,243070,5.3861,38.6,28.44,-41.0,11,0.0,-35.5,1
3,11,243796,4.4396,38.6,28.44,-41.0,11,0.0,-35.5,1
3,11,244522,5.2284,38.6,28.44,-41.0,11,0.0,-35.5,1
3,11,245248,5.0706,38.6,28.44,-40.5,11,0.0,-35.5,1
3,11,245974,5.0706,39.6,28.44,-40.5,11,0.0,-35.5,1
3,11,246700,5.4312,38.6,28.44,-40.5,11,0.0,-35.5,1
3,11,247426,4.1692,38.6,28.44,-41.0,11,0.0,-35.5,1
3,11,248152,4.1917,38.6,28.44,-40.5,11,0.0,-35.5,1
3,11,248878,3.6508,38.6,28.44,-40.5,11,0.0,-35.5,1
3,11,249604,4.6650,38.6,28.44,-40.5,11,0.0,-35.5,1
3,11,250330,3.8987,38.6,28.44,-40.5,11,0.0,-35.5,1
3,11,251056,4.5297,39.6,28.44,-41.0,11,0.0,-35.5,1
3,11,251782,5.7016,38.6,28.44,-41.0,11,0.0,-35.5,1
3,11,252508,4.5072,38.6,28.43,-40.5,11,0.0,-35.5,1
3,11,253234,4.0114,38.6,28.43,-41.0,11,0.0,-35.5,1
3,11,253960,4.0114,38.6,28.43,-41.0,11,0.0,-35.5,1
3,11,254686,5.2509,38.6,28.43,-41.0,11,0.0,-35.5,1
3,11,255412,5.4988,38.6,28.43,-41.0,11,0.0,-35.5,1
3,11,256138,5.5889,38.6,28.43,-41.0,11,0.0,-35.5,1
3,11,256864,5.1157,38.6,28.44,-40.5,11,0.0,-35.5,1
3,11,257590,4.7100,38.6,28.43,-40.5,11,0.0,-35.5,1
3,11,258316,5.1833,38.6,28.43,-40.5,11,0.0,-35.5,1
3,11,259042,4.3720,38.6,28.43,-41.0,11,0.0,-35.5,1
3,11,259768,5.0481,38.6,28.44,-41.0,11,0.0,-35.5,1
3,11,260494,4.5748,38.6,28.43,-41.0,11,0.0,-35.5,1
3,11,261220,4.6650,38.6,28.43,-41.0,11,0.0,-35.5,1
3,11,261946,4.6650,38.6,28.43,-41.0,11,0.0,-35.5,1
3,11,262672,5.4537,38.6,28.43,-41.0,11,0.0,-35.5,1
3,11,263398,5.7692,38.6,28.43,-41.0,11,0.0,-35.5,1
3,11,264124,5.3861,38.6,28.43,-41.0,11,0.0,-35.5,1
3,11,264850,5.5889,38.6,28.43,-41.0,11,0.0,-35.5,1
3,11,265576,5.5889,38.6,28.43,-41.0,11,0.0,-35.5,1
3,11,266302,4.4396,38.6,28.43,-40.5,11,0.0,-35.5,1
3,11,267028,4.8227,38.6,28.43,-41.0,11,0.0,-35.5,1
3,11,267754,4.8453,37.6,28.43,-41.0,11,0.0,-35.5,1
3,11,268480,5.2734,38.6,28.43,-41.0,11,0.0,-35.5,1
3,11,269206,3.9438,38.6,28.43,-40.5,11,0.0,-35.5,1
3,11,269932,3.9438,38.6,28.43,-40.5,11,0.0,-35.5,1
3,11,270658,4.5974,38.6,28.43,-41.0,11,0.0,-35.5,1
3,11,271384,4.1917,39.6,28.43,-40.5,11,0.0,-35.5,1
3,11,272110,4.8227,39.6,28.43,-40.5,11,0.0,-35.5,1
3,11,272836,3.7861,39.6,28.42,-40.5,11,0.0,-35.5,1
3,11,273562,3.9663,39.6,28.42,-40.5,11,0.0,-35.5,1
3,11,274288,5.5889,39.6,28.43,-41.0,11,0.0,-35.5,1
3,11,275014,5.5889,38.6,28.43,-40.5,11,0.0,-35.5,1
3,11,275740,4.2368,39.6,28.42,-41.0,11,0.0,-35.5,1
3,11,276466,5.3861,39.6,28.43,-41.0,11,0.0,-35.5,1
3,11,277192,5.4537,38.6,28.43,-41.0,11,0.0,-35.5,1
3,11,277918,5.4537,38.6,28.43,-41.0,11,0.0,-35.5,1
3,11,278644,4.0340,38.6,28.43,-40.5,11,0.0,-35.5,1
3,11,279370,4.5523,38.6,28.43,-41.0,11,0.0,-35.5,1
3,11,280096,4.5748,39.6,28.43,-41.0,11,0.0,-35.5,1
3,11,280822,4.7100,38.6,28.43,-40.5,11,0.0,-35.5,1
3,11,281548,4.7551,38.6,28.43,-41.0,11,0.0,-35.5,1
3,11,282274,4.7776,38.6,28.42,-40.5,11,0.0,-35.5,1
3,11,283000,5.1833,39.6,28.43,-41.0,11,0.0,-35.5,1
3,11,283726,4.4847,39.6,28.42,-40.5,11,0.0,-35.5,1
3,11,284452,5.2284,38.6,28.42,-40.5,11,0.0,-35.5,1
3,11,285178,4.2142,38.6,28.43,-41.0,11,0.0,-35.5,1
3,11,285904,4.5974,38.6,28.43,-40.5,11,0.0,-35.5,1
3,11,286630,4.6424,38.6,28.43,-40.5,11,0.0,-35.5,1
3,11,287356,4.7100,38.6,28.43,-41.0,11,0.0,-35.5,1
3,11,288082,5.4763,38.6,28.43,-41.0,11,0.0,-35.5,1
3,11,288808,4.5748,38.6,28.42,-40.5,11,0.0,-35.5,1
3,11,289534,5.2960,38.6,28.43,-40.5,11,0.0,-35.5,1
3,11,290260,4.7326,39.6,28.43,-41.0,11,0.0,-35.5,1
3,11,290986,3.9438,39.6,28.43,-40.5,11,0.0,-35.5,1
3,11,291712,3.8537,39.6,28.43,-41.0,11,0.0,-35.5,1
3,11,292438,5.4087,38.6,28.42,-41.0,11,0.0,-35.5,1
3,11,293164,5.6340,38.6,28.43,-41.0,11,0.0,-35.5,1
3,11,293890,4.7551,38.6,28.43,-40.5,11,0.0,-35.5,1
3,11,294616,3.8762,38.6,28.43,-41.0,11,0.0,-35.5,1
3,11,295342,3.6959,38.6,28.43,-41.0,11,0.0,-35.5,1
3,11,296068,4.7551,38.6,28.43,-41.0,11,0.0,-35.5,1
3,11,296794,4.4847,38.6,28.42,-40.5,11,0.0,-35.5,1
3,11,297520,4.1917,38.6,28.43,-40.5,11,0.0,-35.5,1
3,11,298246,5.0030,38.6,28.42,-41.0,11,0.0,-35.5,1
3,11,298972,5.2058,38.6,28.42,-41.0,11,0.0,-35.5,1
3,11,299698,5.2058,38.6,28.43,-41.0,11,0.0,-35.5,1
3,11,300424,4.6424,38.6,28.43,-41.0,11,0.0,-35.5,1
3,11,301150,4.0565,38.6,28.42,-40.5,11,0.0,-35.5,1
3,11,301876,4.6199,38.6,28.42,-40.5,11,0.0,-35.5,1
3,11,302602,5.3861,38.6,28.43,-41.0,11,0.0,-35.5,1
3,11,303328,5.0255,38.6,28.43,-40.5,11,0.0,-35.5,1
3,11,304054,4.3720,38.6,28.42,-40.5,11,0.0,-35.5,1
3,11,304780,4.8002,38.6,28.43,-41.0,11,0.0,-35.5,1
3,11,305506,5.0931,38.6,28.42,-41.0,11,0.0,-35.5,1
3,11,306232,4.5523,39.6,28.42,-41.0,11,0.0,-35.5,1
3,11,306958,4.3044,39.6,28.43,-41.0,11,0.0,-35.5,1
3,11,307684,4.3044,38.6,28.42,-41.0,11,0.0,-35.5,1
3,11,308410,3.8762,38.6,28.42,-40.5,11,0.0,-35.5,1
3,11,309136,5.7918,38.6,28.42,-41.0,11,0.0,-35.5,1
3,11,309862,4.9805,38.6,28.42,-41.0,11,0.0,-35.5,1
3,11,310588,4.2593,38.6,28.42,-40.5,11,0.0,-35.5,1
3,11,311314,5.4763,38.6,28.42,-41.0,11,0.0,-35.5,1
3,11,312040,4.8227,38.6,28.42,-40.5,11,0.0,-35.5,1
3,11,312766,4.8227,38.6,28.42,-41.0,11,0.0,-35.5,1
3,11,313492,5.4312,38.6,28.42,-41.0,11,0.0,-35.5,1
3,11,314218,4.5523,38.6,28.42,-41.0,11,0.0,-35.5,1
3,11,314944,3.7410,38.6,28.42,-40.5,11,0.0,-35.5,1
3,11,315670,3.7410,39.6,28.43,-40.5,11,0.0,-35.5,1
3,11,316396,4.5974,39.6,28.42,-41.0,11,0.0,-35.5,1
3,11,317122,5.4763,38.6,28.42,-41.0,11,0.0,-35.5,1
3,11,317848,5.2509,38.6,28.42,-41.0,11,0.0,-35.5,1
3,11,318574,5.2058,38.6,28.43,-41.0,11,0.0,-35.5,1
3,11,319300,4.6424,38.6,28.42,-40.5,11,0.0,-35.5,1
3,11,320026,3.6734,38.6,28.42,-40.5,11,0.0,-35.5,1
3,11,320752,4.7551,39.6,28.42,-41.0,11,0.0,-35.5,1
3,11,321478,4.6650,39.6,28.42,-40.5,11,0.0,-35.5,1
3,11,322204,4.1466,39.6,28.42,-41.0,11,0.0,-35.5,1
3,11,322930,5.0255,39.6,28.42,-40.5,11,0.0,-35.5,1
3,11,323656,5.0255,39.6,28.42,-40.5,11,0.0,-35.5,1
3,11,324382,3.8086,39.6,28.42,-40.5,11,0.0,-35.5,1
3,11,325108,4.6875,38.6,28.42,-41.0,11,0.0,-35.5,1
3,11,325834,5.3861,38.6,28.42,-41.0,11,0.0,-35.5,1
3,11,326560,4.8002,38.6,28.42,-41.0,11,0.0,-35.5,1
3,11,327286,4.9579,38.6,28.42,-40.5,11,0.0,-35.5,1
3,11,328012,5.2509,38.6,28.42,-40.5,11,0.0,-35.5,1
3,11,328738,5.4087,38.6,28.42,-41.0,11,0.0,-35.5,1
3,11,329464,4.7776,38.6,28.42,-40.5,11,0.0,-35.5,1
3,11,330190,5.0030,39.6,28.42,-41.0,11,0.0,-35.5,1
3,11,330916,5.3185,39.6,28.42,-41.0,11,0.0,-35.5,1
3,11,331642,5.3185,38.6,28.42,-41.0,11,0.0,-35.5,1
3,11,332368,4.5974,38.6,28.42,-40.5,11,0.0,-35.5,1
3,11,333094,4.6875,39.6,28.42,-40.5,11,0.0,-35.5,1
3,11,333820,4.5297,39.6,28.42,-41.0,11,0.0,-35.5,1
3,11,334546,3.4029,39.6,28.42,-40.5,11,0.0,-35.5,1
3,11,335272,5.7016,38.6,28.42,-41.0,11,0.0,-35.5,1
3,11,335998,4.0114,38.6,28.42,-40.5,11,0.0,-35.5,1
3,11,336724,3.8987,38.6,28.42,-41.0,11,0.0,-35.5,1
3,11,337450,5.4087,38.6,28.42,-41.0,11,0.0,-35.5,1
3,11,338176,5.2509,38.6,28.42,-41.0,11,0.0,-35.5,1
3,11,338902,5.6340,38.6,28.42,-41.0,11,0.0,-35.5,1
3,11,339628,5.7242,38.6,28.42,-41.0,11,0.0,-35.5,1
3,11,340354,5.2734,38.6,28.42,-41.0,11,0.0,-35.5,1
3,11,341080,4.2368,38.6,28.42,-41.0,11,0.0,-35.5,1
3,11,341806,3.9438,39.6,28.42,-41.0,11,0.0,-35.5,1
3,11,342532,5.7467,39.6,28.41,-41.0,11,0.0,-35.5,1
3,11,343258,4.3495,39.6,28.41,-40.5,11,0.0,-35.5,1
3,11,343984,4.5523,39.6,28.41,-41.0,11,0.0,-35.5,1
3,11,344710,5.6340,38.6,28.41,-41.0,11,0.0,-35.5,1
3,11,345436,3.9889,38.6,28.41,-40.5,11,0.0,-35.5,1
3,11,346162,5.3636,38.6,28.42,-41.0,11,0.0,-35.5,1
3,11,346888,4.2368,38.6,28.42,-41.0,11,0.0,-35.5,1
3,11,347614,5.6565,38.6,28.41,-40.5,11,0.0,-35.5,1
3,11,348340,4.3720,38.6,28.41,-41.0,11,0.0,-35.5,1
3,11,349066,5.3861,38.6,28.41,-41.0,11,0.0,-35.5,1
3,11,349792,5.0030,38.6,28.41,-40.5,11,0.0,-35.5,1
3,11,350518,4.8903,38.6,28.41,-40.5,11,0.0,-35.5,1
3,11,351244,4.5523,39.6,28.41,-40.5,11,0.0,-35.5,1
3,11,351970,4.6424,39.6,28.41,-41.0,11,0.0,-35.5,1
3,11,352696,4.0565,39.6,28.41,-41.0,11,0.0,-35.5,1
3,11,353422,4.0565,39.6,28.41,-41.0,11,0.0,-35.5,1
3,11,354148,4.8227,38.6,28.41,-41.0,11,0.0,-35.5,1
3,11,354874,4.8678,38.6,28.41,-41.0,11,0.0,-35.5,1
3,11,355600,5.3636,38.6,28.41,-41.0,11,0.0,-35.5,1
3,11,356326,3.7184,38.6,28.41,-40.5,11,0.0,-35.5,1
3,11,357052,4.5974,38.6,28.41,-41.0,11,0.0,-35.5,1
3,11,357778,4.3269,37.6,28.41,-41.0,11,0.0,-35.5,1
3,11,358504,3.8086,38.6,28.41,-40.5,11,0.0,-35.5,1
3,11,359230,5.4312,38.6,28.41,-41.0,11,0.0,-35.5,1
3,11,359956,3.9213,38.6,28.41,-40.5,11,0.0,-35.5,1
3,11,360682,4.2142,39.6,28.41,-41.0,11,0.0,-35.5,1
3,11,361408,4.2142,38.6,28.41,-41.0,11,0.0,-35.5,1
3,11,362134,4.5748,38.6,28.41,-40.5,11,0.0,-35.5,1
3,11,362860,4.7100,39.6,28.41,-41.0,11,0.0,-35.5,1
3,11,363586,5.3410,39.6,28.41,-41.0,11,0.0,-35.5,1
3,11,364312,5.5889,38.6,28.41,-41.0,11,0.0,-35.5,1
3,11,365038,4.5297,38.6,28.41,-40.5,11,0.0,-35.5,1
3,11,365764,5.4087,38.6,28.41,-40.5,11,0.0,-35.5,1
3,11,366490,5.2058,38.6,28.41,-41.0,11,0.0,-35.5,1
3,11,367216,5.0931,39.6,28.42,-40.5,11,0.0,-35.5,1
3,11,367942,5.6115,38.6,28.42,-40.5,11,0.0,-35.5,1
3,11,368668,4.8678,38.6,28.42,-40.5,11,0.0,-35.5,1
3,10,6394,5.4988,37.6,28.41,-41.0,10,0.0,-35.5,1
3,10,7120,5.3410,38.6,28.41,-41.0,10,0.0,-35.5,1
3,10,7846,4.3720,37.6,28.41,-41.0,10,0.0,-35.5,1
3,10,8572,4.3720,38.6,28.41,-41.0,10,0.0,-35.5,1
3,10,9298,3.8762,38.6,28.41,-41.0,10,0.0,-35.5,1
3,10,10024,3.6283,38.6,28.41,-40.5,10,0.0,-35.5,1
3,10,10750,5.2284,38.6,28.41,-41.0,10,0.0,-35.5,1
3,10,11476,4.6199,37.6,28.42,-41.0,10,0.0,-35.5,1
3,10,12202,4.5974,38.6,28.42,-41.0,10,0.0,-35.5,1
3,10,12928,5.5889,38.6,28.42,-41.0,10,0.0,-35.5,1
3,10,13654,4.2593,38.6,28.42,-41.0,10,0.0,-35.5,1
3,10,14380,5.2509,38.6,28.42,-41.0,10,0.0,-35.5,1
3,10,15106,4.5297,38.6,28.42,-41.0,10,0.0,-35.5,1
3,10,15832,5.2734,38.6,28.41,-41.0,10,0.0,-35.5,1
3,10,16558,5.2734,38.6,28.42,-41.0,10,0.0,-35.5,1
3,10,17284,4.7551,39.6,28.42,-41.0,10,0.0,-35.5,1
3,10,18010,4.9129,38.6,28.42,-41.0,10,0.0,-35.5,1
3,10,18736,3.8311,38.6,28.42,-41.0,10,0.0,-35.5,1
3,10,19462,3.6734,38.6,28.42,-41.0,10,0.0,-35.5,1
3,10,20188,5.4087,38.6,28.42,-41.0,10,0.0,-35.5,1
3,10,20914,4.5297,38.6,28.42,-41.0,10,0.0,-35.5,1
3,10,21640,3.7861,38.6,28.42,-41.0,10,0.0,-35.5,1
3,10,22366,5.2960,38.6,28.42,-41.0,10,0.0,-35.5,1
3,10,23092,4.7776,38.6,28.42,-41.0,10,0.0,-35.5,1
3,10,23818,4.7100,38.6,28.42,-41.0,10,0.0,-35.5,1
3,10,24544,4.7100,38.6,28.42,-41.0,10,0.0,-35.5,1
3,10,25270,5.2509,38.6,28.43,-40.5,10,0.0,-35.5,1
3,10,25996,3.7861,38.6,28.42,-41.0,10,0.0,-35.5,1
3,10,26722,4.9579,38.6,28.43,-41.0,10,0.0,-35.5,1
3,10,27448,4.2593,38.6,28.42,-41.0,10,0.0,-35.5,1
3,10,28174,4.3269,38.6,28.42,-41.0,10,0.0,-35.5,1
3,10,28900,4.6424,38.6,28.43,-41.0,10,0.0,-35.5,1
3,10,29626,5.1833,38.6,28.43,-41.0,10,0.0,-35.5,1
3,10,30352,5.4312,38.6,28.43,-41.0,10,0.0,-35.5,1
3,10,31078,4.9805,38.6,28.43,-40.5,10,0.0,-35.5,1
3,10,31804,3.5382,38.6,28.43,-41.0,10,0.0,-35.5,1
3,10,32530,3.5382,38.6,28.43,-41.0,10,0.0,-35.5,1
3,10,33256,3.5156,38.6,28.43,-41.0,10,0.0,-35.5,1
3,10,33982,5.0931,38.6,28.43,-41.0,10,0.0,-35.5,1
3,10,34708,4.6875,38.6,28.43,-40.5,10,0.0,-35.5,1
3,10,35434,5.3861,38.6,28.43,-41.0,10,0.0,-35.5,1
3,10,36160,5.0255,38.6,28.43,-41.0,10,0.0,-35.5,1
3,10,36886,4.5523,38.6,28.44,-41.0,10,0.0,-35.5,1
3,10,37612,3.4029,38.6,28.44,-41.0,10,0.0,-35.5,1
3,10,38338,4.6424,38.6,28.44,-41.0,10,0.0,-35.5,1
3,10,39064,4.1692,38.6,28.43,-41.0,10,0.0,-35.5,1
3,10,39790,4.8002,38.6,28.44,-41.0,10,0.0,-35.5,1
3,10,40516,5.7918,38.6,28.44,-41.0,10,0.0,-35.5,1
3,10,41242,3.7410,38.6,28.44,-41.0,10,0.0,-35.5,1
3,10,41968,3.9438,38.6,28.44,-41.0,10,0.0,-35.5,1
3,10,42694,4.0790,38.6,28.44,-41.0,10,0.0,-35.5,1
3,10,43420,4.3495,38.6,28.44,-41.0,10,0.0,-35.5,1
3,10,44146,5.0706,38.6,28.44,-41.0,10,0.0,-35.5,1
3,10,44872,5.3410,38.6,28.44,-41.0,10,0.0,-35.5,1
3,10,45598,5.2058,38.6,28.44,-41.0,10,0.0,-35.5,1
3,10,46324,3.3804,38.6,28.44,-41.0,10,0.0,-35.5,1
3,10,47050,4.1016,39.6,28.44,-41.0,10,0.0,-35.5,1
3,10,47776,4.7776,38.6,28.44,-41.0,10,0.0,-35.5,1
3,10,48502,4.4847,38.6,28.44,-41.0,10,0.0,-35.5,1
3,10,49228,4.8678,38.6,28.44,-41.0,10,0.0,-35.5,1
3,10,49954,5.1157,38.6,28.44,-41.0,10,0.0,-35.5,1
3,10,50680,5.3410,38.6,28.44,-41.0,10,0.0,-35.5,1
3,10,51406,5.4988,38.6,28.44,-41.0,10,0.0,-35.5,1
3,10,52132,4.3495,38.6,28.44,-40.5,10,0.0,-35.5,1
3,10,52858,4.1241,38.6,28.44,-41.0,10,0.0,-35.5,1
3,10,53584,5.5439,38.6,28.44,-41.0,10,0.0,-35.5,1
3,10,54310,5.5439,38.6,28.44,-41.0,10,0.0,-35.5,1
3,10,55036,4.5974,38.6,28.44,-41.0,10,0.0,-35.5,1
3,10,55762,4.4171,38.6,28.44,-41.0,10,0.0,-35.5,1
3,10,56488,4.5523,38.6,28.44,-41.0,10,0.0,-35.5,1
3,10,57214,4.3945,38.6,28.44,-41.0,10,0.0,-35.5,1
3,10,57940,3.8537,38.6,28.44,-41.0,10,0.0,-35.5,1
3,10,58666,4.1241,38.6,28.44,-41.0,10,0.0,-35.5,1
3,10,59392,4.2593,39.6,28.44,-41.0,10,0.0,-35.5,1
3,10,60118,4.6199,39.6,28.44,-41.0,10,0.0,-35.5,1
3,10,60844,4.5072,39.6,28.45,-41.0,10,0.0,-35.5,1
3,10,61570,4.8678,39.6,28.44,-41.0,10,0.0,-35.5,1
3,10,62296,4.8678,38.6,28.44,-41.0,10,0.0,-35.5,1
3,10,63022,3.8987,38.6,28.44,-41.0,10,0.0,-35.5,1
3,10,63748,4.3495,38.6,28.44,-41.0,10,0.0,-35.5,1
3,10,64474,4.9579,38.6,28.45,-41.0,10,0.0,-35.5,1
3,10,65200,4.3720,39.6,28.45,-40.5,10,0.0,-35.5,1
3,10,65926,4.5748,38.6,28.45,-41.0,10,0.0,-35.5,1
3,10,66652,4.4847,38.6,28.44,-41.0,10,0.0,-35.5,1
3,10,67378,5.5439,38.6,28.45,-41.0,10,0.0,-35.5,1
3,10,68104,3.8762,38.6,28.45,-41.0,10,0.0,-35.5,1
3,10,68830,5.2284,38.6,28.44,-41.0,10,0.0,-35.5,1
3,10,69556,4.3720,38.6,28.44,-41.0,10,0.0,-35.5,1
3,10,70282,4.3720,38.6,28.45,-41.0,10,0.0,-35.5,1
3,10,71008,4.1016,38.6,28.44,-41.0,10,0.0,-35.5,1
3,10,71734,4.5297,38.6,28.45,-41.0,10,0.0,-35.5,1
3,10,72460,4.5974,38.6,28.44,-41.0,10,0.0,-35.5,1
3,10,73186,4.5748,38.6,28.45,-41.0,10,0.0,-35.5,1
3,10,73912,4.3945,38.6,28.45,-40.5,10,0.0,-35.5,1
3,10,74638,4.6650,38.6,28.45,-41.0,10,0.0,-35.5,1
3,10,75364,3.6508,38.6,28.44,-41.0,10,0.0,-35.5,1
3,10,76090,4.5974,39.6,28.45,-41.0,10,0.0,-35.5,1
3,10,76816,5.1157,38.6,28.45,-41.0,10,0.0,-35.5,1
3,10,77542,4.4171,38.6,28.44,-41.0,10,0.0,-35.5,1
3,10,78268,4.4171,38.6,28.44,-41.0,10,0.0,-35.5,1
3,10,78994,4.3044,38.6,28.45,-41.0,10,0.0,-35.5,1
3,10,79720,3.6283,38.6,28.45,-41.0,10,0.0,-35.5,1
3,10,80446,4.8002,38.6,28.45,-41.0,10,0.0,-35.5,1
3,10,81172,3.7635,39.6,28.45,-41.0,10,0.0,-35.5,1
3,10,81898,4.1466,38.6,28.44,-41.0,10,0.0,-35.5,1
3,10,82624,4.2819,39.6,28.44,-41.0,10,0.0,-35.5,1
3,10,83350,4.6424,39.6,28.45,-40.5,10,0.0,-35.5,1
3,10,84076,5.1608,39.6,28.44,-41.0,10,0.0,-35.5,1
3,10,84802,4.8002,38.6,28.45,-41.0,10,0.0,-35.5,1
3,10,85528,4.1917,38.6,28.45,-41.0,10,0.0,-35.5,1
3,10,86254,4.1917,38.6,28.45,-41.0,10,0.0,-35.5,1
3,10,86980,4.3495,39.6,28.45,-41.0,10,0.0,-35.5,1
3,10,87706,5.1608,38.6,28.45,-41.0,10,0.0,-35.5,1
3,10,88432,4.5523,38.6,28.45,-41.0,10,0.0,-35.5,1
3,10,89158,5.2960,38.6,28.45,-40.5,10,0.0,-35.5,1
3,10,89884,4.9129,38.6,28.45,-41.0,10,0.0,-35.5,1
3,10,90610,4.5072,39.6,28.45,-41.0,10,0.0,-35.5,1
3,10,91336,5.2960,39.6,28.45,-40.5,10,0.0,-35.5,1
3,10,92062,5.7242,38.6,28.45,-40.5,10,0.0,-35.5,1
3,10,92788,4.5974,38.6,28.45,-41.0,10,0.0,-35.5,1
3,10,93514,4.5523,38.6,28.44,-41.0,10,0.0,-35.5,1
3,10,94240,4.5523,38.6,28.44,-41.0,10,0.0,-35.5,1
3,10,94966,5.2284,38.6,28.44,-40.5,10,0.0,-35.5,1
3,10,95692,4.3945,38.6,28.45,-41.0,10,0.0,-35.5,1
3,10,96418,4.3495,38.6,28.44,-41.0,10,0.0,-35.5,1
3,10,97144,3.7184,38.6,28.44,-41.0,10,0.0,-35.5,1
3,10,97870,5.4988,38.6,28.45,-41.0,10,0.0,-35.5,1
3,10,98596,3.6058,38.6,28.44,-40.5,10,0.0,-35.5,1
3,10,99322,5.7242,38.6,28.45,-41.0,10,0.0,-35.5,1
3,10,100048,5.0481,38.6,28.44,-41.0,10,0.0,-35.5,1
3,10,100774,4.0340,38.6,28.44,-41.0,10,0.0,-35.5,1
3,10,101500,4.5974,38.6,28.44,-41.0,10,0.0,-35.5,1
3,10,102226,3.7861,38.6,28.44,-41.0,10,0.0,-35.5,1
3,10,102952,4.4847,38.6,28.44,-41.0,10,0.0,-35.5,1
3,10,103678,5.5664,38.6,28.44,-41.0,10,0.0,-35.5,1
3,10,104404,3.5156,38.6,28.44,-41.0,10,0.0,-35.5,1
3,10,105130,4.1692,39.6,28.44,-41.0,10,0.0,-35.5,1
3,10,105856,4.0114,39.6,28.44,-41.0,10,0.0,-35.5,1
3,10,106582,5.4537,39.6,28.44,-40.5,10,0.0,-35.5,1
3,10,107308,4.6650,38.6,28.45,-41.0,10,0.0,-35.5,1
3,10,108034,3.4706,38.6,28.44,-41.0,10,0.0,-35.5,1
3,10,108760,4.4396,38.6,28.44,-41.0,10,0.0,-35.5,1
3,10,109486,4.7100,38.6,28.44,-41.0,10,0.0,-35.5,1
3,10,110212,4.6199,38.6,28.44,-41.0,10,0.0,-35.5,1
3,10,110938,4.5297,38.6,28.44,-41.0,10,0.0,-35.5,1
3,10,111664,5.2284,38.6,28.44,-41.0,10,0.0,-35.5,1
3,10,112390,4.3945,38.6,28.44,-41.0,10,0.0,-35.5,1
3,10,113116,4.4396,38.6,28.44,-41.0,10,0.0,-35.5,1
3,10,113842,4.7326,38.6,28.44,-41.0,10,0.0,-35.5,1
3,10,114568,4.5072,38.6,28.44,-41.0,10,0.0,-35.5,1
3,10,115294,4.4621,38.6,28.44,-41.0,10,0.0,-35.5,1
3,10,116020,4.4621,38.6,28.44,-41.0,10,0.0,-35.5,1
3,10,116746,4.7326,38.6,28.44,-41.0,10,0.0,-35.5,1
3,10,117472,4.4847,38.6,28.44,-41.0,10,0.0,-35.5,1
3,10,118198,4.7776,38.6,28.44,-40.5,10,0.0,-35.5,1
3,10,118924,3.7861,39.6,28.44,-41.0,10,0.0,-35.5,1
3,10,119650,4.5297,39.6,28.44,-41.0,10,0.0,-35.5,1
3,10,120376,4.1917,39.6,28.44,-41.0,10,0.0,-35.5,1
3,10,121102,4.8453,39.6,28.44,-40.5,10,0.0,-35.5,1
3,10,121828,3.6959,38.6,28.44,-41.0,10,0.0,-35.5,1
3,10,122554,4.7326,39.6,28.44,-41.0,10,0.0,-35.5,1
3,10,123280,5.2284,38.6,28.43,-41.0,10,0.0,-35.5,1
3,10,124006,5.2284,38.6,28.44,-41.0,10,0.0,-35.5,1
3,10,124732,4.3945,38.6,28.43,-41.0,10,0.0,-35.5,1
3,10,125458,4.6424,38.6,28.44,-40.5,10,0.0,-35.5,1
3,10,126184,3.4029,38.6,28.44,-41.0,10,0.0,-35.5,1
3,10,126910,4.3269,38.6,28.43,-41.0,10,0.0,-35.5,1
3,10,127636,3.8987,38.6,28.44,-41.0,10,0.0,-35.5,1
3,10,128362,4.7551,38.6,28.44,-41.0,10,0.0,-35.5,1
3,10,129088,4.5523,38.6,28.44,-41.0,10,0.0,-35.5,1
3,10,129814,5.5664,38.6,28.44,-41.0,10,0.0,-35.5,1
3,10,130540,3.8086,39.6,28.44,-41.0,10,0.0,-35.5,1
3,10,131266,4.5748,38.6,28.44,-41.0,10,0.0,-35.5,1
3,10,131992,4.5748,38.6,28.44,-41.0,10,0.0,-35.5,1
3,10,132718,4.3945,38.6,28.44,-41.0,10,0.0,-35.5,1
3,10,133444,4.7776,38.6,28.44,-41.0,10,0.0,-35.5,1
3,10,134170,4.1466,38.6,28.44,-41.0,10,0.0,-35.5,1
3,10,134896,5.5213,39.6,28.44,-41.0,10,0.0,-35.5,1
3,10,135622,5.5439,39.6,28.44,-41.0,10,0.0,-35.5,1
3,10,136348,4.1917,38.6,28.44,-41.0,10,0.0,-35.5,1
3,10,137074,4.8002,39.6,28.43,-41.0,10,0.0,-35.5,1
3,10,137800,4.1466,38.6,28.44,-41.0,10,0.0,-35.5,1
3,10,138526,4.5523,38.6,28.44,-41.0,10,0.0,-35.5,1
3,10,139252,4.6424,38.6,28.43,-40.5,10,0.0,-35.5,1
3,10,139978,4.6424,38.6,28.44,-40.5,10,0.0,-35.5,1
3,10,140704,5.0931,38.6,28.44,-41.0,10,0.0,-35.5,1
3,10,141430,4.4847,38.6,28.43,-41.0,10,0.0,-35.5,1
3,10,142156,5.2960,38.6,28.43,-41.0,10,0.0,-35.5,1
3,10,142882,4.1241,38.6,28.43,-41.0,10,0.0,-35.5,1
3,10,143608,5.2058,38.6,28.43,-41.0,10,0.0,-35.5,1
3,10,144334,3.9889,38.6,28.43,-41.0,10,0.0,-35.5,1
3,10,145060,5.5664,38.6,28.44,-41.0,10,0.0,-35.5,1
3,10,145786,3.9889,38.6,28.43,-41.0,10,0.0,-35.5,1
3,10,146512,4.6650,38.6,28.43,-41.0,10,0.0,-35.5,1
3,10,147238,4.4171,38.6,28.43,-41.0,10,0.0,-35.5,1
3,10,147964,4.4171,38.6,28.43,-41.0,10,0.0,-35.5,1
3,10,148690,4.6875,38.6,28.43,-41.0,10,0.0,-35.5,1
3,10,149416,4.2368,38.6,28.44,-41.0,10,0.0,-35.5,1
3,10,150142,5.1382,38.6,28.43,-41.0,10,0.0,-35.5,1
3,10,150868,5.2734,38.6,28.43,-41.0,10,0.0,-35.5,1
3,10,151594,3.9213,38.6,28.43,-41.0,10,0.0,-35.5,1
3,10,152320,4.8678,38.6,28.44,-41.0,10,0.0,-35.5,1
3,10,153046,4.7100,39.6,28.43,-41.0,10,0.0,-35.5,1
3,10,153772,4.0790,38.6,28.43,-41.0,10,0.0,-35.5,1
3,10,154498,4.5974,39.6,28.43,-41.0,10,0.0,-35.5,1
3,10,155224,4.4171,38.6,28.43,-41.0,10,0.0,-35.5,1
3,10,155950,4.1466,39.6,28.43,-41.0,10,0.0,-35.5,1
3,10,156676,5.3410,39.6,28.43,-41.0,10,0.0,-35.5,1
3,10,157402,6.0397,39.6,28.43,-41.0,10,0.0,-35.5,1
3,10,158128,5.3636,39.6,28.44,-41.0,10,0.0,-35.5,1
3,10,158854,4.2819,39.6,28.43,-41.0,10,0.0,-35.5,1
3,10,159580,4.5072,38.6,28.43,-41.0,10,0.0,-35.5,1
3,10,160306,3.9213,38.6,28.44,-41.0,10,0.0,-35.5,1
3,10,161032,5.4087,38.6,28.43,-41.0,10,0.0,-35.5,1
3,10,161758,4.9805,38.6,28.43,-41.0,10,0.0,-35.5,1
3,10,162484,4.4621,38.6,28.43,-41.0,10,0.0,-35.5,1
3,10,163210,4.9805,38.6,28.43,-41.0,10,0.0,-35.5,1
3,10,163936,5.3636,38.6,28.43,-41.0,10,0.0,-35.5,1
3,10,164662,3.7184,39.6,28.43,-41.0,10,0.0,-35.5,1
3,10,165388,4.0340,39.6,28.43,-41.0,10,0.0,-35.5,1
3,10,166114,5.5213,38.6,28.43,-41.0,10,0.0,-35.5,1
3,10,166840,5.2960,39.6,28.43,-41.0,10,0.0,-35.5,1
3,10,167566,4.6875,39.6,28.43,-41.0,10,0.0,-35.5,1
3,10,168292,4.9805,38.6,28.44,-41.0,10,0.0,-35.5,1
3,10,169018,4.3945,39.6,28.43,-41.0,10,0.0,-35.5,1
3,10,169744,4.3945,38.6,28.43,-41.0,10,0.0,-35.5,1
3,10,170470,5.0255,38.6,28.43,-41.0,10,0.0,-35.5,1
3,10,171196,3.7410,38.6,28.43,-41.0,10,0.0,-35.5,1
3,10,171922,4.9129,38.6,28.43,-41.0,10,0.0,-35.5,1
3,10,172648,3.9438,38.6,28.43,-41.0,10,0.0,-35.5,1
3,10,173374,4.2142,38.6,28.44,-41.0,10,0.0,-35.5,1
3,10,174100,3.8086,38.6,28.43,-41.0,10,0.0,-35.5,1
3,10,174826,5.0931,38.6,28.43,-41.0,10,0.0,-35.5,1
3,10,175552,4.8227,38.6,28.43,-41.0,10,0.0,-35.5,1
3,10,176278,4.6875,38.6,28.43,-41.0,10,0.0,-35.5,1
3,10,177004,3.6734,38.6,28.43,-41.0,10,0.0,-35.5,1
3,10,177730,3.6734,38.6,28.43,-41.0,10,0.0,-35.5,1
3,10,178456,4.7551,38.6,28.43,-41.0,10,0.0,-35.5,1
3,10,179182,3.9213,38.6,28.43,-41.0,10,0.0,-35.5,1
3,10,179908,3.7410,38.6,28.44,-41.0,10,0.0,-35.5,1
3,10,180634,4.6199,38.6,28.43,-41.0,10,0.0,-35.5,1
3,10,181360,4.0340,38.6,28.44,-41.0,10,0.0,-35.5,1
3,10,182086,4.0565,38.6,28.44,-41.0,10,0.0,-35.5,1
3,10,182812,4.8678,38.6,28.43,-41.0,10,0.0,-35.5,1
3,10,183538,5.5889,38.6,28.44,-41.0,10,0.0,-35.5,1
3,10,184264,5.3861,39.6,28.43,-41.0,10,0.0,-35.5,1
3,10,184990,5.8143,39.6,28.43,-41.0,10,0.0,-35.5,1
3,10,185716,5.8143,38.6,28.43,-41.0,10,0.0,-35.5,1
3,10,186442,4.3495,39.6,28.43,-41.0,10,0.0,-35.5,1
3,10,187168,4.9129,38.6,28.43,-41.0,10,0.0,-35.5,1
3,10,187894,5.2960,38.6,28.43,-41.0,10,0.0,-35.5,1
3,10,188620,4.5748,38.6,28.43,-41.0,10,0.0,-35.5,1
3,10,189346,4.4171,38.6,28.43,-40.5,10,0.0,-35.5,1
3,10,190072,5.2509,37.6,28.43,-41.0,10,0.0,-35.5,1
3,10,190798,5.0030,38.6,28.43,-41.0,10,0.0,-35.5,1
3,10,191524,4.8678,38.6,28.43,-41.0,10,0.0,-35.5,1
3,10,192250,5.2960,38.6,28.43,-40.5,10,0.0,-35.5,1
3,10,192976,4.8227,38.6,28.43,-41.0,10,0.0,-35.5,1
3,10,193702,4.8227,38.6,28.44,-41.0,10,0.0,-35.5,1
3,10,194428,4.6875,38.6,28.43,-41.0,10,0.0,-35.5,1
3,10,195154,5.0030,38.6,28.43,-41.0,10,0.0,-35.5,1
3,10,195880,4.5523,38.6,28.43,-41.0,10,0.0,-35.5,1
3,10,196606,4.8903,38.6,28.43,-41.0,10,0.0,-35.5,1
3,10,197332,3.9438,38.6,28.43,-41.0,10,0.0,-35.5,1
3,10,198058,4.5974,38.6,28.43,-41.0,10,0.0,-35.5,1
3,10,198784,5.3861,38.6,28.43,-41.0,10,0.0,-35.5,1
3,10,199510,4.5523,39.6,28.43,-41.0,10,0.0,-35.5,1
3,10,200236,4.7776,38.6,28.43,-41.0,10,0.0,-35.5,1
3,10,200962,4.6875,39.6,28.43,-41.0,10,0.0,-35.5,1
3,10,201688,4.6875,39.6,28.43,-41.0,10,0.0,-35.5,1
3,10,202414,5.6340,39.6,28.43,-40.5,10,0.0,-35.5,1
3,10,203140,4.0114,39.6,28.43,-41.0,10,0.0,-35.5,1
3,10,203866,4.7776,38.6,28.43,-41.0,10,0.0,-35.5,1
3,10,204592,4.6424,39.6,28.43,-41.0,10,0.0,-35.5,1
3,10,205318,4.6424,38.6,28.43,-41.0,10,0.0,-35.5,1
3,10,206044,5.3410,38.6,28.43,-41.0,10,0.0,-35.5,1
3,10,206770,4.5072,38.6,28.43,-41.0,10,0.0,-35.5,1
3,10,207496,5.0706,38.6,28.42,-41.0,10,0.0,-35.5,1
3,10,208222,4.3720,38.6,28.43,-41.0,10,0.0,-35.5,1
3,10,208948,5.3410,38.6,28.42,-40.5,10,0.0,-35.5,1
3,10,209674,4.6650,38.6,28.42,-41.0,10,0.0,-35.5,1
3,10,210400,4.5523,39.6,28.42,-41.0,10,0.0,-35.5,1
3,10,211126,5.4087,39.6,28.42,-40.5,10,0.0,-35.5,1
3,10,211852,4.4171,39.6,28.42,-41.0,10,0.0,-35.5,1
3,10,212578,4.5523,39.6,28.42,-41.0,10,0.0,-35.5,1
3,10,213304,4.8002,38.6,28.42,-41.0,10,0.0,-35.5,1
3,10,214030,3.7184,38.6,28.43,-41.0,10,0.0,-35.5,1
3,10,214756,5.4087,38.6,28.42,-41.0,10,0.0,-35.5,1
3,10,215482,4.7100,38.6,28.43,-41.0,10,0.0,-35.5,1
3,10,216208,4.6875,38.6,28.43,-41.0,10,0.0,-35.5,1
3,10,216934,3.9663,38.6,28.42,-41.0,10,0.0,-35.5,1
3,10,217660,4.7551,38.6,28.42,-41.0,10,0.0,-35.5,1
3,10,218386,4.8903,39.6,28.42,-41.0,10,0.0,-35.5,1
3,10,219112,4.4621,39.6,28.43,-41.0,10,0.0,-35.5,1
3,10,219838,4.4171,38.6,28.43,-41.0,10,0.0,-35.5,1
3,10,220564,4.4621,39.6,28.43,-41.0,10,0.0,-35.5,1
3,10,221290,4.4171,38.6,28.42,-41.0,10,0.0,-35.5,1
3,10,222016,4.6650,38.6,28.43,-41.0,10,0.0,-35.5,1
3,10,222742,4.7100,38.6,28.42,-40.5,10,0.0,-35.5,1
3,10,223468,4.7100,38.6,28.43,-40.5,10,0.0,-35.5,1
3,10,224194,4.5748,38.6,28.43,-41.0,10,0.0,-35.5,1
3,10,224920,4.2368,39.6,28.42,-41.0,10,0.0,-35.5,1
3,10,225646,4.4847,38.6,28.42,-41.0,10,0.0,-35.5,1
3,10,226372,4.7776,38.6,28.42,-41.0,10,0.0,-35.5,1
3,10,227098,4.1692,38.6,28.42,-41.0,10,0.0,-35.5,1
3,10,227824,4.8002,38.6,28.42,-41.0,10,0.0,-35.5,1
3,10,228550,5.7692,38.6,28.42,-41.0,10,0.0,-35.5,1
3,10,229276,4.5974,38.6,28.42,-41.0,10,0.0,-35.5,1
3,10,230002,5.6791,38.6,28.42,-40.5,10,0.0,-35.5,1
3,10,230728,3.8311,38.6,28.42,-41.0,10,0.0,-35.5,1
3,10,231454,3.8311,38.6,28.42,-41.0,10,0.0,-35.5,1
3,10,232180,5.7242,38.6,28.42,-41.0,10,0.0,-35.5,1
3,10,232906,5.5664,39.6,28.42,-41.0,10,0.0,-35.5,1
3,10,233632,4.6199,38.6,28.42,-41.0,10,0.0,-35.5,1
3,10,234358,5.4537,39.6,28.42,-41.0,10,0.0,-35.5,1
3,10,235084,5.4537,38.6,28.41,-41.0,10,0.0,-35.5,1
3,10,235810,3.9663,39.6,28.42,-41.0,10,0.0,-35.5,1
3,10,236536,5.1608,39.6,28.41,-40.5,10,0.0,-35.5,1
3,10,237262,5.7467,38.6,28.42,-41.0,10,0.0,-35.5,1
3,10,237988,4.7551,38.6,28.42,-40.5,10,0.0,-35.5,1
3,10,238714,5.7242,38.6,28.42,-41.0,10,0.0,-35.5,1
3,10,239440,5.7242,38.6,28.42,-41.0,10,0.0,-35.5,1
3,10,240166,5.4537,38.6,28.42,-41.0,10,0.0,-35.5,1
3,10,240892,4.1466,38.6,28.41,-41.0,10,0.0,-35.5,1
3,10,241618,3.7861,39.6,28.42,-41.0,10,0.0,-35.5,1
3,10,242344,4.8002,38.6,28.41,-41.0,10,0.0,-35.5,1
3,10,243070,4.3720,38.6,28.42,-40.5,10,0.0,-35.5,1
3,10,243796,4.4621,38.6,28.41,-41.0,10,0.0,-35.5,1
3,10,244522,4.5748,38.6,28.41,-41.0,10,0.0,-35.5,1
3,10,245248,4.4171,38.6,28.41,-41.0,10,0.0,-35.5,1
3,10,245974,4.1466,38.6,28.41,-41.0,10,0.0,-35.5,1
3,10,246700,4.7551,38.6,28.41,-41.0,10,0.0,-35.5,1
3,10,247426,4.7551,39.6,28.41,-41.0,10,0.0,-35.5,1
3,10,248152,4.8903,39.6,28.41,-41.0,10,0.0,-35.5,1
3,10,248878,5.7016,39.6,28.41,-41.0,10,0.0,-35.5,1
3,10,249604,5.3185,38.6,28.42,-41.0,10,0.0,-35.5,1
3,10,250330,5.0030,39.6,28.41,-41.0,10,0.0,-35.5,1
3,10,251056,5.1157,39.6,28.41,-41.0,10,0.0,-35.5,1
3,10,251782,4.8227,38.6,28.41,-40.5,10,0.0,-35.5,1
3,10,252508,4.9129,38.6,28.41,-41.0,10,0.0,-35.5,1
3,10,253234,3.9663,38.6,28.41,-41.0,10,0.0,-35.5,1
3,10,253960,5.4763,38.6,28.41,-41.0,10,0.0,-35.5,1
3,10,254686,4.5748,38.6,28.41,-40.5,10,0.0,-35.5,1
3,10,255412,4.5748,38.6,28.41,-40.5,10,0.0,-35.5,1
3,10,256138,4.9805,38.6,28.41,-41.0,10,0.0,-35.5,1
3,10,256864,5.5664,38.6,28.41,-41.0,10,0.0,-35.5,1
3,10,257590,4.3044,38.6,28.41,-40.5,10,0.0,-35.5,1
3,10,258316,4.9129,38.6,28.42,-40.5,10,0.0,-35.5,1
3,10,259042,4.8678,38.6,28.41,-41.0,10,0.0,-35.5,1
3,10,259768,4.1692,38.6,28.41,-41.0,10,0.0,-35.5,1
3,10,260494,5.3185,38.6,28.42,-41.0,10,0.0,-35.5,1
3,10,261220,5.0706,38.6,28.42,-41.0,10,0.0,-35.5,1
3,10,261946,5.3861,38.6,28.41,-41.0,10,0.0,-35.5,1
3,10,262672,5.2284,38.6,28.42,-40.5,10,0.0,-35.5,1
3,10,263398,4.2593,38.6,28.41,-41.0,10,0.0,-35.5,1
3,10,264124,5.6791,38.6,28.41,-41.0,10,0.0,-35.5,1
3,10,264850,4.3044,38.6,28.41,-41.0,10,0.0,-35.5,1
3,10,265576,5.0481,38.6,28.42,-41.0,10,0.0,-35.5,1
3,10,266302,4.2142,38.6,28.41,-41.0,10,0.0,-35.5,1
3,10,267028,3.6734,38.6,28.41,-41.0,10,0.0,-35.5,1
3,10,267754,4.7100,38.6,28.42,-41.0,10,0.0,-35.5,1
3,10,268480,5.5664,38.6,28.41,-41.0,10,0.0,-35.5,1
3,10,269206,4.4171,38.6,28.41,-41.0,10,0.0,-35.5,1
3,10,269932,5.7242,38.6,28.41,-41.0,10,0.0,-35.5,1
3,10,270658,4.6650,38.6,28.41,-41.0,10,0.0,-35.5,1
3,10,271384,5.6791,38.6,28.41,-40.5,10,0.0,-35.5,1
3,10,272110,5.5664,38.6,28.41,-41.0,10,0.0,-35.5,1
3,10,272836,3.8086,38.6,28.41,-41.0,10,0.0,-35.5,1
3,10,273562,4.0114,38.6,28.41,-41.0,10,0.0,-35.5,1
3,10,274288,4.5748,38.6,28.41,-41.0,10,0.0,-35.5,1
3,10,275014,5.2960,38.6,28.41,-41.0,10,0.0,-35.5,1
3,10,275740,5.0030,38.6,28.41,-41.0,10,0.0,-35.5,1
3,10,276466,4.8678,38.6,28.41,-41.0,10,0.0,-35.5,1
3,10,277192,4.8678,39.6,28.41,-41.0,10,0.0,-35.5,1
3,10,277918,5.0931,39.6,28.41,-41.0,10,0.0,-35.5,1
3,10,278644,4.2142,39.6,28.41,-41.0,10,0.0,-35.5,1
3,10,279370,4.7551,38.6,28.41,-41.0,10,0.0,-35.5,1
3,10,280096,5.3410,38.6,28.41,-40.5,10,0.0,-35.5,1
3,10,280822,5.0481,38.6,28.41,-41.0,10,0.0,-35.5,1
3,10,281548,5.6791,38.6,28.41,-41.0,10,0.0,-35.5,1
3,10,282274,4.5523,38.6,28.41,-41.0,10,0.0,-35.5,1
3,10,283000,5.2734,38.6,28.41,-40.5,10,0.0,-35.5,1
3,10,283726,4.6424,38.6,28.40,-41.0,10,0.0,-35.5,1
3,10,284452,4.6199,38.6,28.41,-41.0,10,0.0,-35.5,1
3,10,285178,4.6199,39.6,28.40,-41.0,10,0.0,-35.5,1
3,10,285904,5.2284,39.6,28.40,-40.5,10,0.0,-35.5,1
3,10,286630,4.7100,38.6,28.40,-41.0,10,0.0,-35.5,1
3,10,287356,4.7326,39.6,28.40,-41.0,10,0.0,-35.5,1
3,10,288082,3.9663,38.6,28.40,-41.0,10,0.0,-35.5,1
3,10,288808,4.3044,39.6,28.41,-41.0,10,0.0,-35.5,1
3,10,289534,4.9129,39.6,28.40,-41.0,10,0.0,-35.5,1
3,10,290260,3.8086,39.6,28.41,-41.0,10,0.0,-35.5,1
3,10,290986,4.4396,38.6,28.40,-41.0,10,0.0,-35.5,1
3,10,291712,4.5523,38.6,28.40,-41.0,10,0.0,-35.5,1
3,10,292438,4.1692,38.6,28.40,-41.0,10,0.0,-35.5,1
3,10,293164,4.1692,39.6,28.40,-41.0,10,0.0,-35.5,1
3,10,293890,4.9354,38.6,28.41,-41.0,10,0.0,-35.5,1
3,10,294616,4.6875,38.6,28.40,-41.0,10,0.0,-35.5,1
3,10,295342,4.1016,38.6,28.41,-41.0,10,0.0,-35.5,1
3,10,296068,4.2142,39.6,28.40,-41.0,10,0.0,-35.5,1
3,10,296794,3.9663,39.6,28.41,-41.0,10,0.0,-35.5,1
3,10,297520,4.7326,38.6,28.40,-41.0,10,0.0,-35.5,1
3,10,298246,3.9438,39.6,28.40,-41.0,10,0.0,-35.5,1
3,10,298972,5.6340,38.6,28.40,-41.0,10,0.0,-35.5,1
3,10,299698,5.7918,38.6,28.40,-41.0,10,0.0,-35.5,1
3,10,300424,5.6565,38.6,28.41,-41.0,10,0.0,-35.5,1
3,10,301150,5.6565,38.6,28.41,-41.0,10,0.0,-35.5,1
3,10,301876,4.0790,38.6,28.41,-41.0,10,0.0,-35.5,1
3,10,302602,3.8762,38.6,28.41,-41.0,10,0.0,-35.5,1
3,10,303328,4.4171,38.6,28.40,-41.0,10,0.0,-35.5,1
3,10,304054,4.4847,39.6,28.40,-41.0,10,0.0,-35.5,1
3,10,304780,5.7016,38.6,28.40,-41.0,10,0.0,-35.5,1
3,10,305506,3.9889,38.6,28.40,-41.0,10,0.0,-35.5,1
3,10,306232,4.0790,38.6,28.41,-41.0,10,0.0,-35.5,1
3,10,306958,5.5664,38.6,28.40,-41.0,10,0.0,-35.5,1
3,10,307684,5.0931,38.6,28.40,-41.0,10,0.0,-35.5,1
3,10,308410,3.7184,39.6,28.40,-41.0,10,0.0,-35.5,1
3,10,309136,3.7184,38.6,28.40,-41.0,10,0.0,-35.5,1
3,10,309862,5.6565,38.6,28.40,-41.0,10,0.0,-35.5,1
3,10,310588,4.6424,38.6,28.40,-41.0,10,0.0,-35.5,1
3,10,311314,3.8086,38.6,28.40,-41.0,10,0.0,-35.5,1
3,10,312040,5.2734,38.6,28.40,-41.0,10,0.0,-35.5,1
3,10,312766,4.5072,38.6,28.40,-41.0,10,0.0,-35.5,1
3,10,313492,5.4988,38.6,28.39,-41.0,10,0.0,-35.5,1
3,10,314218,5.7467,38.6,28.40,-41.0,10,0.0,-35.5,1
3,10,314944,4.7551,38.6,28.40,-40.5,10,0.0,-35.5,1
3,10,315670,5.1608,38.6,28.40,-41.0,10,0.0,-35.5,1
3,10,316396,5.2284,39.6,28.40,-40.5,10,0.0,-35.5,1
3,10,317122,5.2284,38.6,28.40,-40.5,10,0.0,-35.5,1
3,10,317848,5.0030,38.6,28.40,-41.0,10,0.0,-35.5,1
3,10,318574,4.9354,38.6,28.40,-41.0,10,0.0,-35.5,1
3,10,319300,4.6650,38.6,28.40,-41.0,10,0.0,-35.5,1
3,10,320026,5.7692,38.6,28.40,-41.0,10,0.0,-35.5,1
3,10,320752,5.2509,38.6,28.40,-41.0,10,0.0,-35.5,1
3,10,321478,5.0030,38.6,28.40,-41.0,10,0.0,-35.5,1
3,10,322204,4.5297,38.6,28.40,-41.0,10,0.0,-35.5,1
3,10,322930,5.6565,38.6,28.40,-41.0,10,0.0,-35.5,1
3,10,323656,4.7776,38.6,28.39,-41.0,10,0.0,-35.5,1
3,10,324382,4.2142,38.6,28.40,-41.0,10,0.0,-35.5,1
3,10,325108,5.9044,38.6,28.40,-41.0,10,0.0,-35.5,1
3,10,325834,4.8002,38.6,28.40,-41.0,10,0.0,-35.5,1
3,10,326560,4.4621,38.6,28.40,-41.0,10,0.0,-35.5,1
3,10,327286,4.5523,38.6,28.40,-41.0,10,0.0,-35.5,1
3,10,328012,4.6199,39.6,28.40,-41.0,10,0.0,-35.5,1
3,10,328738,5.3636,38.6,28.40,-41.0,10,0.0,-35.5,1
3,10,329464,4.9129,39.6,28.40,-40.5,10,0.0,-35.5,1
3,10,330190,4.3720,39.6,28.39,-41.0,10,0.0,-35.5,1
3,10,330916,-3.3804,38.6,28.40,-41.0,10,0.0,-35.5,0
3,10,331642,4.7776,38.6,28.40,-41.0,10,0.0,-35.5,1
3,10,332368,5.3861,38.6,28.39,-41.0,10,0.0,-35.5,1
3,10,333094,4.6875,38.6,28.40,-41.0,10,0.0,-35.5,1
3,10,333820,3.8762,38.6,28.40,-41.0,10,0.0,-35.5,1
3,10,334546,4.7326,38.6,28.39,-41.0,10,0.0,-35.5,1
3,10,335272,5.2960,38.6,28.39,-40.5,10,0.0,-35.5,1
3,10,335998,4.5072,38.6,28.40,-41.0,10,0.0,-35.5,1
3,10,336724,5.2058,38.6,28.40,-41.0,10,0.0,-35.5,1
3,10,337450,5.8368,38.6,28.39,-41.0,10,0.0,-35.5,1
3,10,338176,5.5439,38.6,28.39,-41.0,10,0.0,-35.5,1
3,10,338902,5.5439,38.6,28.39,-41.0,10,0.0,-35.5,1
3,10,339628,5.1608,38.6,28.40,-41.0,10,0.0,-35.5,1
3,10,340354,3.7410,38.6,28.40,-41.0,10,0.0,-35.5,1
3,10,341080,4.5748,38.6,28.39,-41.0,10,0.0,-35.5,1
3,10,341806,5.2960,39.6,28.40,-41.0,10,0.0,-35.5,1
3,10,342532,5.5213,39.6,28.39,-41.0,10,0.0,-35.5,1
3,10,343258,5.1382,38.6,28.39,-41.0,10,0.0,-35.5,1
3,10,343984,4.5523,38.6,28.39,-41.0,10,0.0,-35.5,1
3,10,344710,5.3410,39.6,28.39,-41.0,10,0.0,-35.5,1
3,10,345436,3.9889,39.6,28.40,-41.0,10,0.0,-35.5,1
3,10,346162,4.7326,39.6,28.39,-41.0,10,0.0,-35.5,1
3,10,346888,4.7326,39.6,28.40,-41.0,10,0.0,-35.5,1
3,10,347614,5.5213,38.6,28.40,-41.0,10,0.0,-35.5,1
3,10,348340,3.8987,38.6,28.40,-41.0,10,0.0,-35.5,1
3,10,349066,4.2819,38.6,28.40,-41.0,10,0.0,-35.5,1
3,10,349792,5.5439,38.6,28.39,-41.0,10,0.0,-35.5,1
3,10,350518,5.5439,38.6,28.39,-41.0,10,0.0,-35.5,1
3,10,351244,4.8678,39.6,28.39,-40.5,10,0.0,-35.5,1
3,10,351970,4.5523,39.6,28.39,-41.0,10,0.0,-35.5,1
3,10,352696,4.6650,39.6,28.39,-41.0,10,0.0,-35.5,1
3,10,353422,3.7861,38.6,28.39,-41.0,10,0.0,-35.5,1
3,10,354148,5.4988,38.6,28.39,-41.0,10,0.0,-35.5,1
3,10,354874,5.4988,38.6,28.39,-41.0,10,0.0,-35.5,1
3,10,355600,5.7692,38.6,28.39,-41.0,10,0.0,-35.5,1
3,10,356326,4.6875,38.6,28.39,-41.0,10,0.0,-35.5,1
3,10,357052,4.3269,38.6,28.39,-41.0,10,0.0,-35.5,1
3,10,357778,4.4621,38.6,28.39,-41.0,10,0.0,-35.5,1
3,10,358504,5.1608,38.6,28.39,-41.0,10,0.0,-35.5,1
3,10,359230,5.0931,38.6,28.39,-41.0,10,0.0,-35.5,1
3,10,359956,3.6734,38.6,28.39,-41.0,10,0.0,-35.5,1
3,10,360682,4.7326,39.6,28.39,-41.0,10,0.0,-35.5,1
3,10,361408,4.9805,39.6,28.39,-40.5,10,0.0,-35.5,1
3,10,362134,4.4847,39.6,28.39,-41.0,10,0.0,-35.5,1
3,10,362860,4.4847,38.6,28.39,-41.0,10,0.0,-35.5,1
3,10,363586,4.7326,39.6,28.40,-41.0,10,0.0,-35.5,1
3,10,364312,5.2960,38.6,28.39,-41.0,10,0.0,-35.5,1
3,10,365038,4.4847,38.6,28.39,-41.0,10,0.0,-35.5,1
3,10,365764,4.5748,38.6,28.39,-41.0,10,0.0,-35.5,1
3,10,366490,4.0340,38.6,28.39,-41.0,10,0.0,-35.5,1
3,10,367216,5.4763,39.6,28.39,-41.0,10,0.0,-35.5,1
3,10,367942,4.5523,39.6,28.39,-41.0,10,0.0,-35.5,1
3,10,368668,5.2509,39.6,28.39,-40.5,10,0.0,-35.5,1
3,9,6394,3.5832,37.6,28.39,-40.5,9,0.0,-35.5,1
3,9,7120,3.5382,38.6,28.39,-40.5,9,0.0,-35.5,1
3,9,7846,3.5156,38.6,28.39,-40.5,9,0.0,-35.5,1
3,9,8572,3.4029,38.6,28.39,-41.0,9,0.0,-35.5,1
3,9,9298,4.3945,38.6,28.39,-40.5,9,0.0,-35.5,1
3,9,10024,3.1776,38.6,28.39,-40.5,9,0.0,-35.5,1
3,9,10750,3.4931,38.6,28.39,-40.5,9,0.0,-35.5,1
3,9,11476,3.3128,38.6,28.39,-41.0,9,0.0,-35.5,1
3,9,12202,3.4480,38.6,28.39,-40.5,9,0.0,-35.5,1
3,9,12928,4.0340,38.6,28.40,-41.0,9,0.0,-35.5,1
3,9,13654,2.9748,38.6,28.39,-40.5,9,0.0,-35.5,1
3,9,14380,2.5466,38.6,28.39,-40.5,9,0.0,-35.5,1
3,9,15106,2.2085,38.6,28.40,-40.5,9,0.0,-35.5,1
3,9,15832,2.6142,38.6,28.40,-40.5,9,0.0,-35.5,1
3,9,16558,2.8170,38.6,28.39,-40.5,9,0.0,-35.5,1
3,9,17284,2.8846,38.6,28.39,-40.5,9,0.0,-35.5,1
3,9,18010,3.4029,38.6,28.40,-40.5,9,0.0,-35.5,1
3,9,18736,3.3128,38.6,28.40,-40.5,9,0.0,-35.5,1
3,9,19462,4.2819,38.6,28.40,-40.5,9,0.0,-35.5,1
3,9,20188,2.6593,38.6,28.40,-40.5,9,0.0,-35.5,1
3,9,20914,3.4255,38.6,28.40,-40.5,9,0.0,-35.5,1
3,9,21640,2.6142,38.6,28.40,-40.5,9,0.0,-35.5,1
3,9,22366,3.1325,38.6,28.40,-41.0,9,0.0,-35.5,1
3,9,23092,3.8762,38.6,28.40,-40.5,9,0.0,-35.5,1
3,9,23818,2.8621,38.6,28.41,-41.0,9,0.0,-35.5,1
3,9,24544,2.8621,39.6,28.41,-41.0,9,0.0,-35.5,1
3,9,25270,3.4255,38.6,28.41,-40.5,9,0.0,-35.5,1
3,9,25996,3.5832,38.6,28.41,-40.5,9,0.0,-35.5,1
3,9,26722,3.2227,38.6,28.41,-40.5,9,0.0,-35.5,1
3,9,27448,3.1776,38.6,28.41,-40.5,9,0.0,-35.5,1
3,9,28174,3.4480,38.6,28.41,-40.5,9,0.0,-35.5,1
3,9,28900,3.7184,38.6,28.41,-40.5,9,0.0,-35.5,1
3,9,29626,4.2593,38.6,28.41,-40.5,9,0.0,-35.5,1
3,9,30352,3.9663,38.6,28.41,-40.5,9,0.0,-35.5,1
3,9,31078,2.6818,38.6,28.41,-40.5,9,0.0,-35.5,1
3,9,31804,3.1325,38.6,28.41,-40.5,9,0.0,-35.5,1
3,9,32530,3.1325,38.6,28.42,-40.5,9,0.0,-35.5,1
3,9,33256,3.5832,38.6,28.41,-40.5,9,0.0,-35.5,1
3,9,33982,4.2819,38.6,28.42,-40.5,9,0.0,-35.5,1
3,9,34708,3.1776,38.6,28.42,-41.0,9,0.0,-35.5,1
3,9,35434,3.1776,38.6,28.42,-40.5,9,0.0,-35.5,1
3,9,36160,4.0114,38.6,28.41,-40.5,9,0.0,-35.5,1
3,9,36886,3.2677,38.6,28.42,-40.5,9,0.0,-35.5,1
3,9,37612,3.5832,38.6,28.42,-40.5,9,0.0,-35.5,1
3,9,38338,3.4029,38.6,28.42,-40.5,9,0.0,-35.5,1
3,9,39064,3.7184,38.6,28.42,-40.5,9,0.0,-35.5,1
3,9,39790,4.1692,38.6,28.42,-40.5,9,0.0,-35.5,1
3,9,40516,4.1692,38.6,28.43,-40.5,9,0.0,-35.5,1
3,9,41242,2.7269,38.6,28.42,-40.5,9,0.0,-35.5,1
3,9,41968,3.4480,38.6,28.42,-40.5,9,0.0,-35.5,1
3,9,42694,2.3888,38.6,28.42,-40.5,9,0.0,-35.5,1
3,9,43420,3.1100,38.6,28.42,-40.5,9,0.0,-35.5,1
3,9,44146,3.7635,38.6,28.42,-40.5,9,0.0,-35.5,1
3,9,44872,2.3212,38.6,28.42,-40.5,9,0.0,-35.5,1
3,9,45598,3.5832,38.6,28.42,-40.5,9,0.0,-35.5,1
3,9,46324,3.3128,38.6,28.42,-40.5,9,0.0,-35.5,1
3,9,47050,3.2001,38.6,28.42,-40.5,9,0.0,-35.5,1
3,9,47776,3.3579,39.6,28.42,-40.5,9,0.0,-35.5,1
3,9,48502,3.3579,38.6,28.42,-40.5,9,0.0,-35.5,1
3,9,49228,4.2819,38.6,28.42,-40.5,9,0.0,-35.5,1
3,9,49954,3.3353,38.6,28.42,-40.5,9,0.0,-35.5,1
3,9,50680,3.7410,38.6,28.42,-40.5,9,0.0,-35.5,1
3,9,51406,2.6367,38.6,28.42,-40.5,9,0.0,-35.5,1
3,9,52132,3.4029,38.6,28.42,-40.5,9,0.0,-35.5,1
3,9,52858,3.1776,38.6,28.42,-40.5,9,0.0,-35.5,1
3,9,53584,3.3353,38.6,28.42,-40.5,9,0.0,-35.5,1
3,9,54310,3.5156,38.6,28.42,-40.5,9,0.0,-35.5,1
3,9,55036,3.3579,38.6,28.42,-40.5,9,0.0,-35.5,1
3,9,55762,3.0874,38.6,28.42,-40.5,9,0.0,-35.5,1
3,9,56488,3.0874,38.6,28.43,-40.5,9,0.0,-35.5,1
3,9,57214,3.4706,38.6,28.42,-40.5,9,0.0,-35.5,1
3,9,57940,3.3128,38.6,28.42,-40.5,9,0.0,-35.5,1
3,9,58666,3.9438,39.6,28.42,-41.0,9,0.0,-35.5,1
3,9,59392,2.9072,39.6,28.42,-40.5,9,0.0,-35.5,1
3,9,60118,3.9663,38.6,28.42,-40.5,9,0.0,-35.5,1
3,9,60844,2.9297,38.6,28.43,-40.5,9,0.0,-35.5,1
3,9,61570,3.2452,38.6,28.43,-40.5,9,0.0,-35.5,1
3,9,62296,4.1917,38.6,28.43,-41.0,9,0.0,-35.5,1
3,9,63022,3.2903,39.6,28.43,-40.5,9,0.0,-35.5,1
3,9,63748,2.9748,38.6,28.42,-40.5,9,0.0,-35.5,1
3,9,64474,2.7494,38.6,28.42,-41.0,9,0.0,-35.5,1
3,9,65200,3.3579,38.6,28.42,-40.5,9,0.0,-35.5,1
3,9,65926,3.5156,38.6,28.42,-40.5,9,0.0,-35.5,1
3,9,66652,3.1100,38.6,28.43,-41.0,9,0.0,-35.5,1
3,9,67378,2.7945,38.6,28.42,-40.5,9,0.0,-35.5,1
3,9,68104,3.2903,38.6,28.43,-40.5,9,0.0,-35.5,1
3,9,68830,3.4931,39.6,28.42,-40.5,9,0.0,-35.5,1
3,9,69556,3.4931,39.6,28.42,-40.5,9,0.0,-35.5,1
3,9,70282,3.3804,38.6,28.42,-40.5,9,0.0,-35.5,1
3,9,71008,3.9663,38.6,28.42,-40.5,9,0.0,-35.5,1
3,9,71734,3.6508,38.6,28.42,-40.5,9,0.0,-35.5,1
3,9,72460,3.5832,38.6,28.42,-40.5,9,0.0,-35.5,1
3,9,73186,2.5466,38.6,28.42,-40.5,9,0.0,-35.5,1
3,9,73912,4.2368,38.6,28.42,-40.5,9,0.0,-35.5,1
3,9,74638,4.3495,38.6,28.42,-40.5,9,0.0,-35.5,1
3,9,75364,3.9438,38.6,28.42,-40.5,9,0.0,-35.5,1
3,9,76090,3.3128,38.6,28.42,-40.5,9,0.0,-35.5,1
3,9,76816,3.4029,38.6,28.42,-40.5,9,0.0,-35.5,1
3,9,77542,3.3353,39.6,28.42,-40.5,9,0.0,-35.5,1
3,9,78268,3.3353,38.6,28.42,-40.5,9,0.0,-35.5,1
3,9,78994,3.2001,38.6,28.42,-40.5,9,0.0,-35.5,1
3,9,79720,2.8621,38.6,28.42,-40.5,9,0.0,-35.5,1
3,9,80446,3.5382,38.6,28.41,-40.5,9,0.0,-35.5,1
3,9,81172,2.8395,38.6,28.42,-40.5,9,0.0,-35.5,1
3,9,81898,4.0790,38.6,28.42,-40.5,9,0.0,-35.5,1
3,9,82624,2.8621,38.6,28.42,-40.5,9,0.0,-35.5,1
3,9,83350,3.9889,38.6,28.42,-40.5,9,0.0,-35.5,1
3,9,84076,3.4706,38.6,28.42,-40.5,9,0.0,-35.5,1
3,9,84802,2.8846,38.6,28.42,-40.5,9,0.0,-35.5,1
3,9,85528,2.9973,38.6,28.42,-40.5,9,0.0,-35.5,1
3,9,86254,2.9973,38.6,28.42,-40.5,9,0.0,-35.5,1
3,9,86980,3.8987,38.6,28.42,-40.5,9,0.0,-35.5,1
3,9,87706,3.3804,38.6,28.42,-40.5,9,0.0,-35.5,1
3,9,88432,3.6058,38.6,28.42,-40.5,9,0.0,-35.5,1
3,9,89158,3.4480,38.6,28.42,-40.5,9,0.0,-35.5,1
3,9,89884,2.6818,38.6,28.42,-40.5,9,0.0,-35.5,1
3,9,90610,3.4706,38.6,28.42,-40.5,9,0.0,-35.5,1
3,9,91336,3.6734,38.6,28.42,-41.0,9,0.0,-35.5,1
3,9,92062,2.8621,38.6,28.42,-40.5,9,0.0,-35.5,1
3,9,92788,3.6734,38.6,28.42,-41.0,9,0.0,-35.5,1
3,9,93514,2.1635,38.6,28.43,-40.5,9,0.0,-35.5,1
3,9,94240,2.1635,38.6,28.42,-40.5,9,0.0,-35.5,1
3,9,94966,3.8311,38.6,28.42,-40.5,9,0.0,-35.5,1
3,9,95692,4.6199,38.6,28.42,-40.5,9,0.0,-35.5,1
3,9,96418,2.7945,38.6,28.42,-40.5,9,0.0,-35.5,1
3,9,97144,4.7100,38.6,28.42,-40.5,9,0.0,-35.5,1
3,9,97870,3.5832,38.6,28.42,-40.5,9,0.0,-35.5,1
3,9,98596,3.8537,39.6,28.42,-40.5,9,0.0,-35.5,1
3,9,99322,2.7043,38.6,28.42,-40.5,9,0.0,-35.5,1
3,9,100048,2.7494,38.6,28.42,-40.5,9,0.0,-35.5,1
3,9,100774,4.1016,38.6,28.42,-40.5,9,0.0,-35.5,1
3,9,101500,3.5382,38.6,28.42,-40.5,9,0.0,-35.5,1
3,9,102226,3.5382,38.6,28.43,-40.5,9,0.0,-35.5,1
3,9,102952,3.4480,38.6,28.43,-40.5,9,0.0,-35.5,1
3,9,103678,3.4255,38.6,28.42,-41.0,9,0.0,-35.5,1
3,9,104404,4.0565,38.6,28.42,-40.5,9,0.0,-35.5,1
3,9,105130,3.4706,38.6,28.43,-40.5,9,0.0,-35.5,1
3,9,105856,2.5240,38.6,28.42,-40.5,9,0.0,-35.5,1
3,9,106582,4.1016,38.6,28.43,-40.5,9,0.0,-35.5,1
3,9,107308,2.4790,38.6,28.42,-40.5,9,0.0,-35.5,1
3,9,108034,2.5916,38.6,28.42,-40.5,9,0.0,-35.5,1
3,9,108760,3.5607,38.6,28.43,-40.5,9,0.0,-35.5,1
3,9,109486,3.2001,38.6,28.42,-40.5,9,0.0,-35.5,1
3,9,110212,3.2001,38.6,28.42,-40.5,9,0.0,-35.5,1
3,9,110938,3.5156,38.6,28.42,-40.5,9,0.0,-35.5,1
3,9,111664,2.5240,38.6,28.42,-40.5,9,0.0,-35.5,1
3,9,112390,2.7043,39.6,28.42,-40.5,9,0.0,-35.5,1
3,9,113116,3.2227,38.6,28.42,-40.5,9,0.0,-35.5,1
3,9,113842,3.5382,38.6,28.42,-40.5,9,0.0,-35.5,1
3,9,114568,4.2593,38.6,28.42,-40.5,9,0.0,-35.5,1
3,9,115294,4.2142,38.6,28.42,-40.5,9,0.0,-35.5,1
3,9,116020,3.3579,38.6,28.42,-40.5,9,0.0,-35.5,1
3,9,116746,3.8311,38.6,28.42,-40.5,9,0.0,-35.5,1
3,9,117472,3.7410,38.6,28.43,-40.5,9,0.0,-35.5,1
3,9,118198,2.9748,38.6,28.43,-40.5,9,0.0,-35.5,1
3,9,118924,3.3579,38.6,28.42,-40.5,9,0.0,-35.5,1
3,9,119650,4.1241,38.6,28.42,-40.5,9,0.0,-35.5,1
3,9,120376,4.2142,38.6,28.42,-40.5,9,0.0,-35.5,1
3,9,121102,3.9663,38.6,28.42,-41.0,9,0.0,-35.5,1
3,9,121828,3.6283,39.6,28.42,-40.5,9,0.0,-35.5,1
3,9,122554,2.7945,38.6,28.42,-40.5,9,0.0,-35.5,1
3,9,123280,4.3720,38.6,28.42,-40.5,9,0.0,-35.5,1
3,9,124006,4.2819,39.6,28.42,-40.5,9,0.0,-35.5,1
3,9,124732,4.3495,38.6,28.42,-40.5,9,0.0,-35.5,1
3,9,125458,3.6283,38.6,28.42,-40.5,9,0.0,-35.5,1
3,9,126184,3.8537,38.6,28.42,-40.5,9,0.0,-35.5,1
3,9,126910,4.1016,38.6,28.42,-40.5,9,0.0,-35.5,1
3,9,127636,3.2677,38.6,28.42,-40.5,9,0.0,-35.5,1
3,9,128362,3.4255,38.6,28.42,-41.0,9,0.0,-35.5,1
3,9,129088,3.8311,38.6,28.42,-40.5,9,0.0,-35.5,1
3,9,129814,2.5015,38.6,28.42,-40.5,9,0.0,-35.5,1
3,9,130540,3.7635,38.6,28.42,-40.5,9,0.0,-35.5,1
3,9,131266,2.7043,38.6,28.42,-40.5,9,0.0,-35.5,1
3,9,131992,-19.9895,38.6,28.42,-40.5,9,0.0,-35.5,0
3,9,132718,3.3128,38.6,28.42,-40.5,9,0.0,-35.5,1
3,9,133444,2.9297,38.6,28.42,-40.5,9,0.0,-35.5,1
3,9,134170,4.3720,38.6,28.42,-40.5,9,0.0,-35.5,1
3,9,134896,4.1692,38.6,28.42,-40.5,9,0.0,-35.5,1
3,9,135622,4.0565,38.6,28.42,-40.5,9,0.0,-35.5,1
3,9,136348,2.7945,38.6,28.41,-40.5,9,0.0,-35.5,1
3,9,137074,4.3269,38.6,28.41,-41.0,9,0.0,-35.5,1
3,9,137800,3.0874,38.6,28.42,-41.0,9,0.0,-35.5,1
3,9,138526,2.7494,38.6,28.41,-40.5,9,0.0,-35.5,1
3,9,139252,2.9072,38.6,28.41,-40.5,9,0.0,-35.5,1
3,9,139978,2.9072,38.6,28.42,-40.5,9,0.0,-35.5,1
3,9,140704,3.8537,38.6,28.42,-40.5,9,0.0,-35.5,1
3,9,141430,3.6734,38.6,28.42,-40.5,9,0.0,-35.5,1
3,9,142156,2.8170,38.6,28.42,-40.5,9,0.0,-35.5,1
3,9,142882,3.7635,38.6,28.42,-41.0,9,0.0,-35.5,1
3,9,143608,2.8395,38.6,28.42,-40.5,9,0.0,-35.5,1
3,9,144334,4.5072,39.6,28.42,-40.5,9,0.0,-35.5,1
3,9,145060,2.9072,38.6,28.41,-40.5,9,0.0,-35.5,1
3,9,145786,2.9748,38.6,28.41,-40.5,9,0.0,-35.5,1
3,9,146512,3.8537,38.6,28.41,-40.5,9,0.0,-35.5,1
3,9,147238,3.5607,38.6,28.41,-40.5,9,0.0,-35.5,1
3,9,147964,3.5607,38.6,28.41,-40.5,9,0.0,-35.5,1
3,9,148690,2.7043,38.6,28.41,-40.5,9,0.0,-35.5,1
3,9,149416,2.7945,38.6,28.41,-40.5,9,0.0,-35.5,1
3,9,150142,2.8170,38.6,28.41,-40.5,9,0.0,-35.5,1
3,9,150868,3.1550,37.6,28.41,-40.5,9,0.0,-35.5,1
3,9,151594,3.8311,38.6,28.41,-40.5,9,0.0,-35.5,1
3,9,152320,4.0790,38.6,28.41,-40.5,9,0.0,-35.5,1
3,9,153046,4.2819,38.6,28.41,-40.5,9,0.0,-35.5,1
3,9,153772,3.7184,38.6,28.41,-40.5,9,0.0,-35.5,1
3,9,154498,4.4847,38.6,28.41,-40.5,9,0.0,-35.5,1
3,9,155224,3.4255,38.6,28.41,-40.5,9,0.0,-35.5,1
3,9,155950,3.4255,38.6,28.41,-40.5,9,0.0,-35.5,1
3,9,156676,4.1016,38.6,28.41,-41.0,9,0.0,-35.5,1
3,9,157402,3.7861,39.6,28.41,-40.5,9,0.0,-35.5,1
3,9,158128,3.6508,38.6,28.41,-40.5,9,0.0,-35.5,1
3,9,158854,2.5466,38.6,28.41,-40.5,9,0.0,-35.5,1
3,9,159580,2.2987,39.6,28.41,-40.5,9,0.0,-35.5,1
3,9,160306,3.2677,39.6,28.41,-40.5,9,0.0,-35.5,1
3,9,161032,2.7269,39.6,28.41,-40.5,9,0.0,-35.5,1
3,9,161758,2.9973,39.6,28.41,-40.5,9,0.0,-35.5,1
3,9,162484,4.2819,39.6,28.41,-40.5,9,0.0,-35.5,1
3,9,163210,3.5156,39.6,28.42,-40.5,9,0.0,-35.5,1
3,9,163936,3.5156,38.6,28.41,-40.5,9,0.0,-35.5,1
3,9,164662,4.1241,38.6,28.41,-41.0,9,0.0,-35.5,1
3,9,165388,3.9663,38.6,28.41,-41.0,9,0.0,-35.5,1
3,9,166114,3.4255,38.6,28.41,-40.5,9,0.0,-35.5,1
3,9,166840,2.5240,39.6,28.41,-40.5,9,0.0,-35.5,1
3,9,167566,4.5297,38.6,28.40,-40.5,9,0.0,-35.5,1
3,9,168292,3.6058,38.6,28.41,-41.0,9,0.0,-35.5,1
3,9,169018,2.7494,38.6,28.41,-40.5,9,0.0,-35.5,1
3,9,169744,2.4339,38.6,28.41,-40.5,9,0.0,-35.5,1
3,9,170470,3.7635,38.6,28.41,-41.0,9,0.0,-35.5,1
3,9,171196,3.8762,38.6,28.41,-40.5,9,0.0,-35.5,1
3,9,171922,3.8762,38.6,28.41,-40.5,9,0.0,-35.5,1
3,9,172648,3.9438,38.6,28.40,-41.0,9,0.0,-35.5,1
3,9,173374,3.9213,38.6,28.41,-40.5,9,0.0,-35.5,1
3,9,174100,3.4255,38.6,28.41,-40.5,9,0.0,-35.5,1
3,9,174826,3.4255,38.6,28.41,-41.0,9,0.0,-35.5,1
3,9,175552,4.3269,38.6,28.40,-40.5,9,0.0,-35.5,1
3,9,176278,2.8170,38.6,28.40,-40.5,9,0.0,-35.5,1
3,9,177004,3.8987,38.6,28.41,-40.5,9,0.0,-35.5,1
3,9,177730,3.5607,38.6,28.40,-40.5,9,0.0,-35.5,1
3,9,178456,2.5240,39.6,28.41,-40.5,9,0.0,-35.5,1
3,9,179182,3.5832,38.6,28.41,-40.5,9,0.0,-35.5,1
3,9,179908,3.8086,38.6,28.40,-41.0,9,0.0,-35.5,1
3,9,180634,3.5607,38.6,28.40,-40.5,9,0.0,-35.5,1
3,9,181360,3.4931,38.6,28.41,-40.5,9,0.0,-35.5,1
3,9,182086,2.8621,38.6,28.41,-40.5,9,0.0,-35.5,1
3,9,182812,4.6199,39.6,28.40,-41.0,9,0.0,-35.5,1
3,9,183538,2.9973,38.6,28.41,-40.5,9,0.0,-35.5,1
3,9,184264,2.9748,38.6,28.40,-40.5,9,0.0,-35.5,1
3,9,184990,4.3044,39.6,28.41,-40.5,9,0.0,-35.5,1
3,9,185716,3.3579,39.6,28.41,-40.5,9,0.0,-35.5,1
3,9,186442,3.8987,39.6,28.41,-40.5,9,0.0,-35.5,1
3,9,187168,4.2368,39.6,28.41,-40.5,9,0.0,-35.5,1
3,9,187894,4.4847,38.6,28.40,-40.5,9,0.0,-35.5,1
3,9,188620,3.5382,39.6,28.41,-40.5,9,0.0,-35.5,1
3,9,189346,2.3663,39.6,28.40,-40.5,9,0.0,-35.5,1
3,9,190072,3.6508,39.6,28.40,-40.5,9,0.0,-35.5,1
3,9,190798,3.9663,38.6,28.40,-40.5,9,0.0,-35.5,1
3,9,191524,2.7043,38.6,28.40,-40.5,9,0.0,-35.5,1
3,9,192250,3.3579,38.6,28.40,-40.5,9,0.0,-35.5,1
3,9,192976,3.2227,39.6,28.40,-40.5,9,0.0,-35.5,1
3,9,193702,3.2227,38.6,28.40,-40.5,9,0.0,-35.5,1
3,9,194428,3.3353,38.6,28.40,-40.5,9,0.0,-35.5,1
3,9,195154,4.3044,39.6,28.40,-40.5,9,0.0,-35.5,1
3,9,195880,3.7184,38.6,28.40,-40.5,9,0.0,-35.5,1
3,9,196606,3.5832,39.6,28.40,-40.5,9,0.0,-35.5,1
3,9,197332,3.1325,39.6,28.40,-40.5,9,0.0,-35.5,1
3,9,198058,2.7719,39.6,28.40,-40.5,9,0.0,-35.5,1
3,9,198784,2.5240,38.6,28.40,-40.5,9,0.0,-35.5,1
3,9,199510,3.8762,38.6,28.40,-40.5,9,0.0,-35.5,1
3,9,200236,3.4931,38.6,28.40,-41.0,9,0.0,-35.5,1
3,9,200962,4.1466,38.6,28.40,-40.5,9,0.0,-35.5,1
3,9,201688,4.1466,39.6,28.40,-40.5,9,0.0,-35.5,1
3,9,202414,4.3495,39.6,28.40,-40.5,9,0.0,-35.5,1
3,9,203140,3.3804,38.6,28.40,-40.5,9,0.0,-35.5,1
3,9,203866,4.6424,38.6,28.40,-40.5,9,0.0,-35.5,1
3,9,204592,3.2001,38.6,28.40,-40.5,9,0.0,-35.5,1
3,9,205318,3.3353,38.6,28.40,-40.5,9,0.0,-35.5,1
3,9,206044,4.3269,38.6,28.40,-40.5,9,0.0,-35.5,1
3,9,206770,4.1016,38.6,28.40,-40.5,9,0.0,-35.5,1
3,9,207496,3.4931,39.6,28.40,-40.5,9,0.0,-35.5,1
3,9,208222,4.3495,38.6,28.40,-40.5,9,0.0,-35.5,1
3,9,208948,3.3353,38.6,28.40,-40.5,9,0.0,-35.5,1
3,9,209674,3.3353,38.6,28.40,-40.5,9,0.0,-35.5,1
3,9,210400,2.8170,39.6,28.40,-40.5,9,0.0,-35.5,1
3,9,211126,2.6818,38.6,28.40,-40.5,9,0.0,-35.5,1
3,9,211852,2.7043,38.6,28.40,-40.5,9,0.0,-35.5,1
3,9,212578,2.5691,38.6,28.40,-40.5,9,0.0,-35.5,1
3,9,213304,3.2227,38.6,28.40,-40.5,9,0.0,-35.5,1
3,9,214030,2.7043,38.6,28.40,-40.5,9,0.0,-35.5,1
3,9,214756,3.4931,38.6,28.39,-41.0,9,0.0,-35.5,1
3,9,215482,4.3044,38.6,28.40,-40.5,9,0.0,-35.5,1
3,9,216208,4.6199,38.6,28.39,-40.5,9,0.0,-35.5,1
3,9,216934,3.4029,38.6,28.39,-40.5,9,0.0,-35.5,1
3,9,217660,3.4029,38.6,28.39,-40.5,9,0.0,-35.5,1
3,9,218386,4.5072,38.6,28.39,-40.5,9,0.0,-35.5,1
3,9,219112,3.6058,39.6,28.39,-40.5,9,0.0,-35.5,1
3,9,219838,4.3044,38.6,28.40,-40.5,9,0.0,-35.5,1
3,9,220564,4.2819,38.6,28.40,-40.5,9,0.0,-35.5,1
3,9,221290,3.7635,38.6,28.39,-41.0,9,0.0,-35.5,1
3,9,222016,3.5832,39.6,28.39,-41.0,9,0.0,-35.5,1
3,9,222742,4.0565,38.6,28.39,-40.5,9,0.0,-35.5,1
3,9,223468,3.8086,38.6,28.39,-40.5,9,0.0,-35.5,1
3,9,224194,3.9213,38.6,28.39,-40.5,9,0.0,-35.5,1
3,9,224920,2.8395,38.6,28.39,-40.5,9,0.0,-35.5,1
3,9,225646,2.8395,39.6,28.39,-40.5,9,0.0,-35.5,1
3,9,226372,2.8395,39.6,28.39,-40.5,9,0.0,-35.5,1
3,9,227098,4.7326,39.6,28.39,-40.5,9,0.0,-35.5,1
3,9,227824,3.5382,38.6,28.40,-40.5,9,0.0,-35.5,1
3,9,228550,3.6058,38.6,28.39,-40.5,9,0.0,-35.5,1
3,9,229276,3.6959,38.6,28.39,-40.5,9,0.0,-35.5,1
3,9,230002,3.5607,38.6,28.39,-40.5,9,0.0,-35.5,1
3,9,230728,2.5916,38.6,28.39,-40.5,9,0.0,-35.5,1
3,9,231454,4.0340,39.6,28.39,-41.0,9,0.0,-35.5,1
3,9,232180,4.1692,38.6,28.39,-40.5,9,0.0,-35.5,1
3,9,232906,4.4171,38.6,28.39,-41.0,9,0.0,-35.5,1
3,9,233632,4.4621,38.6,28.39,-40.5,9,0.0,-35.5,1
3,9,234358,2.8395,38.6,28.40,-40.5,9,0.0,-35.5,1
3,9,235084,3.5832,38.6,28.40,-40.5,9,0.0,-35.5,1
3,9,235810,3.1325,38.6,28.40,-40.5,9,0.0,-35.5,1
3,9,236536,2.5691,38.6,28.39,-40.5,9,0.0,-35.5,1
3,9,237262,3.2677,38.6,28.40,-40.5,9,0.0,-35.5,1
3,9,237988,3.9438,38.6,28.40,-40.5,9,0.0,-35.5,1
3,9,238714,2.6818,38.6,28.39,-40.5,9,0.0,-35.5,1
3,9,239440,3.6508,38.6,28.39,-40.5,9,0.0,-35.5,1
3,9,240166,3.4931,38.6,28.39,-40.5,9,0.0,-35.5,1
3,9,240892,3.6508,38.6,28.39,-40.5,9,0.0,-35.5,1
3,9,241618,3.5832,38.6,28.39,-40.5,9,0.0,-35.5,1
3,9,242344,3.8987,38.6,28.39,-40.5,9,0.0,-35.5,1
3,9,243070,3.3804,37.6,28.39,-40.5,9,0.0,-35.5,1
3,9,243796,3.4706,38.6,28.39,-40.5,9,0.0,-35.5,1
3,9,244522,2.6142,38.6,28.39,-40.5,9,0.0,-35.5,1
3,9,245248,3.5382,38.6,28.39,-40.5,9,0.0,-35.5,1
3,9,245974,3.9213,38.6,28.39,-40.5,9,0.0,-35.5,1
3,9,246700,4.0790,38.6,28.39,-40.5,9,0.0,-35.5,1
3,9,247426,4.0790,38.6,28.38,-40.5,9,0.0,-35.5,1
3,9,248152,2.7043,38.6,28.39,-40.5,9,0.0,-35.5,1
3,9,248878,4.5072,38.6,28.39,-41.0,9,0.0,-35.5,1
3,9,249604,3.2452,38.6,28.39,-40.5,9,0.0,-35.5,1
3,9,250330,4.0340,39.6,28.38,-40.5,9,0.0,-35.5,1
3,9,251056,3.9889,39.6,28.39,-41.0,9,0.0,-35.5,1
3,9,251782,3.4706,38.6,28.39,-40.5,9,0.0,-35.5,1
3,9,252508,3.7635,38.6,28.39,-40.5,9,0.0,-35.5,1
3,9,253234,2.9072,38.6,28.38,-40.5,9,0.0,-35.5,1
3,9,253960,3.3353,38.6,28.38,-40.5,9,0.0,-35.5,1
3,9,254686,3.8086,38.6,28.38,-41.0,9,0.0,-35.5,1
3,9,255412,3.8086,38.6,28.38,-41.0,9,0.0,-35.5,1
3,9,256138,2.8170,39.6,28.38,-40.5,9,0.0,-35.5,1
3,9,256864,2.9748,39.6,28.38,-40.5,9,0.0,-35.5,1
3,9,257590,2.8846,38.6,28.38,-40.5,9,0.0,-35.5,1
3,9,258316,3.5832,38.6,28.38,-40.5,9,0.0,-35.5,1
3,9,259042,3.1100,38.6,28.39,-40.5,9,0.0,-35.5,1
3,9,259768,3.3579,38.6,28.39,-40.5,9,0.0,-35.5,1
3,9,260494,3.4255,38.6,28.39,-40.5,9,0.0,-35.5,1
3,9,261220,3.5382,38.6,28.38,-40.5,9,0.0,-35.5,1
3,9,261946,3.4931,38.6,28.38,-40.5,9,0.0,-35.5,1
3,9,262672,2.6593,38.6,28.38,-40.5,9,0.0,-35.5,1
3,9,263398,2.6593,38.6,28.39,-40.5,9,0.0,-35.5,1
3,9,264124,2.9297,38.6,28.38,-40.5,9,0.0,-35.5,1
3,9,264850,2.6818,38.6,28.38,-40.5,9,0.0,-35.5,1
3,9,265576,4.0565,38.6,28.39,-40.5,9,0.0,-35.5,1
3,9,266302,3.4931,38.6,28.39,-40.5,9,0.0,-35.5,1
3,9,267028,2.7494,38.6,28.38,-40.5,9,0.0,-35.5,1
3,9,267754,3.2227,38.6,28.38,-40.5,9,0.0,-35.5,1
3,9,268480,2.9072,38.6,28.39,-40.5,9,0.0,-35.5,1
3,9,269206,2.5691,38.6,28.38,-40.5,9,0.0,-35.5,1
3,9,269932,3.2677,38.6,28.39,-40.5,9,0.0,-35.5,1
3,9,270658,3.6058,39.6,28.38,-40.5,9,0.0,-35.5,1
3,9,271384,3.6058,38.6,28.38,-40.5,9,0.0,-35.5,1
3,9,272110,4.3044,38.6,28.38,-40.5,9,0.0,-35.5,1
3,9,272836,4.3945,39.6,28.38,-40.5,9,0.0,-35.5,1
3,9,273562,4.3044,39.6,28.38,-40.5,9,0.0,-35.5,1
3,9,274288,3.4029,39.6,28.39,-40.5,9,0.0,-35.5,1
3,9,275014,3.5382,39.6,28.38,-40.5,9,0.0,-35.5,1
3,9,275740,3.7635,39.6,28.38,-40.5,9,0.0,-35.5,1
3,9,276466,2.5466,38.6,28.38,-40.5,9,0.0,-35.5,1
3,9,277192,3.6283,38.6,28.38,-40.5,9,0.0,-35.5,1
3,9,277918,3.4255,38.6,28.38,-40.5,9,0.0,-35.5,1
3,9,278644,3.3804,38.6,28.38,-40.5,9,0.0,-35.5,1
3,9,279370,3.3804,38.6,28.38,-40.5,9,0.0,-35.5,1
3,9,280096,3.6959,38.6,28.38,-40.5,9,0.0,-35.5,1
3,9,280822,4.6424,39.6,28.38,-40.5,9,0.0,-35.5,1
3,9,281548,3.2903,39.6,28.38,-40.5,9,0.0,-35.5,1
3,9,282274,4.5297,39.6,28.38,-40.5,9,0.0,-35.5,1
3,9,283000,3.7635,39.6,28.38,-40.5,9,0.0,-35.5,1
3,9,283726,2.7719,38.6,28.38,-40.5,9,0.0,-35.5,1
3,9,284452,2.5916,38.6,28.38,-40.5,9,0.0,-35.5,1
3,9,285178,3.0649,38.6,28.38,-40.5,9,0.0,-35.5,1
3,9,285904,3.6734,38.6,28.38,-40.5,9,0.0,-35.5,1
3,9,286630,4.3044,38.6,28.38,-40.5,9,0.0,-35.5,1
3,9,287356,3.6508,38.6,28.38,-40.5,9,0.0,-35.5,1
3,9,288082,3.8537,38.6,28.38,-40.5,9,0.0,-35.5,1
3,9,288808,4.4847,39.6,28.38,-41.0,9,0.0,-35.5,1
3,9,289534,4.5523,39.6,28.38,-41.0,9,0.0,-35.5,1
3,9,290260,3.6283,38.6,28.38,-40.5,9,0.0,-35.5,1
3,9,290986,3.6959,38.6,28.37,-40.5,9,0.0,-35.5,1
3,9,291712,3.5156,38.6,28.38,-40.5,9,0.0,-35.5,1
3,9,292438,3.5382,38.6,28.38,-40.5,9,0.0,-35.5,1
3,9,293164,2.3437,38.6,28.38,-40.5,9,0.0,-35.5,1
3,9,293890,3.5156,38.6,28.38,-40.5,9,0.0,-35.5,1
3,9,294616,2.4790,38.6,28.37,-40.5,9,0.0,-35.5,1
3,9,295342,3.8086,38.6,28.37,-40.5,9,0.0,-35.5,1
3,9,296068,2.4114,38.6,28.37,-40.5,9,0.0,-35.5,1
3,9,296794,2.7494,38.6,28.37,-40.5,9,0.0,-35.5,1
3,9,297520,3.5382,39.6,28.37,-40.5,9,0.0,-35.5,1
3,9,298246,2.7043,38.6,28.38,-40.5,9,0.0,-35.5,1
3,9,298972,3.5156,38.6,28.38,-40.5,9,0.0,-35.5,1
3,9,299698,3.5382,38.6,28.38,-40.5,9,0.0,-35.5,1
3,9,300424,4.2368,38.6,28.38,-40.5,9,0.0,-35.5,1
3,9,301150,4.2368,38.6,28.38,-40.5,9,0.0,-35.5,1
3,9,301876,4.3495,38.6,28.38,-40.5,9,0.0,-35.5,1
3,9,302602,3.6058,38.6,28.38,-41.0,9,0.0,-35.5,1
3,9,303328,2.7719,38.6,28.38,-40.5,9,0.0,-35.5,1
3,9,304054,2.8621,38.6,28.37,-40.5,9,0.0,-35.5,1
3,9,304780,4.1692,39.6,28.38,-41.0,9,0.0,-35.5,1
3,9,305506,3.5156,38.6,28.38,-40.5,9,0.0,-35.5,1
3,9,306232,3.4706,39.6,28.38,-40.5,9,0.0,-35.5,1
3,9,306958,3.4931,38.6,28.37,-40.5,9,0.0,-35.5,1
3,9,307684,4.5748,38.6,28.38,-41.0,9,0.0,-35.5,1
3,9,308410,4.3945,38.6,28.38,-40.5,9,0.0,-35.5,1
3,9,309136,4.3945,39.6,28.38,-40.5,9,0.0,-35.5,1
3,9,309862,2.8846,39.6,28.37,-40.5,9,0.0,-35.5,1
3,9,310588,3.6058,39.6,28.37,-40.5,9,0.0,-35.5,1
3,9,311314,3.5832,38.6,28.38,-40.5,9,0.0,-35.5,1
3,9,312040,4.3495,38.6,28.37,-40.5,9,0.0,-35.5,1
3,9,312766,3.4480,38.6,28.37,-40.5,9,0.0,-35.5,1
3,9,313492,3.6508,38.6,28.37,-40.5,9,0.0,-35.5,1
3,9,314218,4.1917,38.6,28.38,-40.5,9,0.0,-35.5,1
3,9,314944,4.2368,38.6,28.37,-40.5,9,0.0,-35.5,1
3,9,315670,4.0114,38.6,28.38,-40.5,9,0.0,-35.5,1
3,9,316396,3.5832,39.6,28.37,-40.5,9,0.0,-35.5,1
3,9,317122,3.5832,39.6,28.37,-40.5,9,0.0,-35.5,1
3,9,317848,3.4029,39.6,28.37,-40.5,9,0.0,-35.5,1
3,9,318574,3.1776,38.6,28.37,-40.5,9,0.0,-35.5,1
3,9,319300,4.3720,39.6,28.37,-40.5,9,0.0,-35.5,1
3,9,320026,4.1016,39.6,28.37,-40.5,9,0.0,-35.5,1
3,9,320752,4.0340,38.6,28.37,-40.5,9,0.0,-35.5,1
3,9,321478,3.2452,38.6,28.37,-41.0,9,0.0,-35.5,1
3,9,322204,4.3945,38.6,28.37,-40.5,9,0.0,-35.5,1
3,9,322930,3.0649,38.6,28.37,-40.5,9,0.0,-35.5,1
3,9,323656,3.2903,38.6,28.37,-40.5,9,0.0,-35.5,1
3,9,324382,4.0790,38.6,28.37,-40.5,9,0.0,-35.5,1
3,9,325108,4.0790,38.6,28.37,-40.5,9,0.0,-35.5,1
3,9,325834,2.5691,38.6,28.37,-40.5,9,0.0,-35.5,1
3,9,326560,2.9973,39.6,28.37,-41.0,9,0.0,-35.5,1
3,9,327286,3.5832,39.6,28.37,-40.5,9,0.0,-35.5,1
3,9,328012,3.8537,39.6,28.37,-40.5,9,0.0,-35.5,1
3,9,328738,3.8987,39.6,28.37,-40.5,9,0.0,-35.5,1
3,9,329464,2.9973,38.6,28.37,-40.5,9,0.0,-35.5,1
3,9,330190,3.6283,38.6,28.37,-41.0,9,0.0,-35.5,1
3,9,330916,3.4480,38.6,28.37,-40.5,9,0.0,-35.5,1
3,9,331642,4.1692,38.6,28.37,-40.5,9,0.0,-35.5,1
3,9,332368,4.1241,38.6,28.37,-40.5,9,0.0,-35.5,1
3,9,333094,4.1241,38.6,28.37,-40.5,9,0.0,-35.5,1
3,9,333820,3.5607,38.6,28.37,-40.5,9,0.0,-35.5,1
3,9,334546,4.5297,38.6,28.37,-40.5,9,0.0,-35.5,1
3,9,335272,3.2001,39.6,28.38,-40.5,9,0.0,-35.5,1
3,9,335998,3.6734,39.6,28.37,-40.5,9,0.0,-35.5,1
3,9,336724,3.6283,39.6,28.37,-40.5,9,0.0,-35.5,1
3,9,337450,3.5607,39.6,28.37,-40.5,9,0.0,-35.5,1
3,9,338176,3.9438,38.6,28.37,-40.5,9,0.0,-35.5,1
3,9,338902,2.8846,38.6,28.37,-40.5,9,0.0,-35.5,1
3,9,339628,3.6058,38.6,28.37,-40.5,9,0.0,-35.5,1
3,9,340354,3.8086,38.6,28.37,-41.0,9,0.0,-35.5,1
3,9,341080,4.9805,38.6,28.37,-40.5,9,0.0,-35.5,1
3,9,341806,3.0874,38.6,28.37,-40.5,9,0.0,-35.5,1
3,9,342532,3.0424,39.6,28.37,-40.5,9,0.0,-35.5,1
3,9,343258,3.5607,39.6,28.37,-40.5,9,0.0,-35.5,1
3,9,343984,3.7635,39.6,28.37,-40.5,9,0.0,-35.5,1
3,9,344710,2.5466,39.6,28.37,-40.5,9,0.0,-35.5,1
3,9,345436,3.5156,39.6,28.37,-40.5,9,0.0,-35.5,1
3,9,346162,4.5748,38.6,28.37,-40.5,9,0.0,-35.5,1
3,9,346888,4.0790,39.6,28.37,-40.5,9,0.0,-35.5,1
3,9,347614,4.1917,39.6,28.37,-40.5,9,0.0,-35.5,1
3,9,348340,4.4171,39.6,28.37,-40.5,9,0.0,-35.5,1
3,9,349066,4.0114,38.6,28.38,-40.5,9,0.0,-35.5,1
3,9,349792,2.7494,38.6,28.37,-40.5,9,0.0,-35.5,1
3,9,350518,2.8395,38.6,28.37,-40.5,9,0.0,-35.5,1
3,9,351244,2.7719,38.6,28.38,-40.5,9,0.0,-35.5,1
3,9,351970,4.1466,38.6,28.37,-40.5,9,0.0,-35.5,1
3,9,352696,3.5832,38.6,28.38,-40.5,9,0.0,-35.5,1
3,9,353422,2.6593,38.6,28.37,-41.0,9,0.0,-35.5,1
3,9,354148,3.8537,39.6,28.37,-40.5,9,0.0,-35.5,1
3,9,354874,14.5583,39.6,28.37,-33.0,9,0.0,-35.5,0
3,9,355600,2.7043,38.6,28.37,-40.5,9,0.0,-35.5,1
3,9,356326,4.4847,38.6,28.36,-40.5,9,0.0,-35.5,1
3,9,357052,3.9663,38.6,28.36,-40.5,9,0.0,-35.5,1
3,9,357778,3.0649,38.6,28.36,-40.5,9,0.0,-35.5,1
3,9,358504,4.5297,38.6,28.36,-40.5,9,0.0,-35.5,1
3,9,359230,3.4706,38.6,28.36,-40.5,9,0.0,-35.5,1
3,9,359956,4.1016,38.6,28.37,-40.5,9,0.0,-35.5,1
3,9,360682,3.0424,38.6,28.37,-40.5,9,0.0,-35.5,1
3,9,361408,3.3579,38.6,28.36,-40.5,9,0.0,-35.5,1
3,9,362134,2.7269,38.6,28.37,-40.5,9,0.0,-35.5,1
3,9,362860,2.7269,38.6,28.37,-40.5,9,0.0,-35.5,1
3,9,363586,4.4847,38.6,28.36,-40.5,9,0.0,-35.5,1
3,9,364312,3.0198,38.6,28.36,-40.5,9,0.0,-35.5,1
3,9,365038,3.7184,39.6,28.37,-40.5,9,0.0,-35.5,1
3,9,365764,3.8086,38.6,28.37,-40.5,9,0.0,-35.5,1
3,9,366490,3.6959,38.6,28.37,-40.5,9,0.0,-35.5,1
3,9,367216,4.0340,38.6,28.37,-40.5,9,0.0,-35.5,1
3,9,367942,3.8762,38.6,28.37,-40.5,9,0.0,-35.5,1
3,9,368668,4.2142,38.6,28.37,-40.5,9,0.0,-35.5,1
3,8,6394,3.3579,37.6,28.37,-40.5,8,0.0,-35.5,1
3,8,7120,3.6283,38.6,28.37,-40.5,8,0.0,-35.5,1
3,8,7846,3.0424,38.6,28.38,-40.5,8,0.0,-35.5,1
3,8,8572,3.5382,38.6,28.38,-40.5,8,0.0,-35.5,1
3,8,9298,4.0565,38.6,28.37,-40.5,8,0.0,-35.5,1
3,8,10024,2.3888,38.6,28.37,-40.5,8,0.0,-35.5,1
3,8,10750,2.3888,37.6,28.37,-40.5,8,0.0,-35.5,1
3,8,11476,2.6367,38.6,28.37,-40.5,8,0.0,-35.5,1
3,8,12202,2.6142,38.6,28.37,-40.5,8,0.0,-35.5,1
3,8,12928,2.3888,38.6,28.37,-40.5,8,0.0,-35.5,1
3,8,13654,3.4029,38.6,28.37,-40.5,8,0.0,-35.5,1
3,8,14380,3.5156,38.6,28.37,-40.5,8,0.0,-35.5,1
3,8,15106,2.8170,38.6,28.37,-40.5,8,0.0,-35.5,1
3,8,15832,2.5240,38.6,28.37,-40.5,8,0.0,-35.5,1
3,8,16558,4.3269,38.6,28.37,-40.5,8,0.0,-35.5,1
3,8,17284,2.7719,38.6,28.37,-40.5,8,0.0,-35.5,1
3,8,18010,2.8621,38.6,28.38,-40.5,8,0.0,-35.5,1
3,8,18736,2.8621,38.6,28.38,-40.5,8,0.0,-35.5,1
3,8,19462,3.5607,38.6,28.38,-40.5,8,0.0,-35.5,1
3,8,20188,2.7945,38.6,28.38,-40.5,8,0.0,-35.5,1
3,8,20914,2.7269,38.6,28.38,-40.5,8,0.0,-35.5,1
3,8,21640,4.3720,38.6,28.38,-40.5,8,0.0,-35.5,1
3,8,22366,2.6367,38.6,28.38,-40.5,8,0.0,-35.5,1
3,8,23092,3.6058,38.6,28.37,-40.5,8,0.0,-35.5,1
3,8,23818,3.6508,38.6,28.38,-40.5,8,0.0,-35.5,1
3,8,24544,3.4931,38.6,28.38,-40.5,8,0.0,-35.5,1
3,8,25270,3.4255,38.6,28.38,-40.5,8,0.0,-35.5,1
3,8,25996,2.8621,38.6,28.39,-40.5,8,0.0,-35.5,1
3,8,26722,2.6367,38.6,28.38,-40.5,8,0.0,-35.5,1
3,8,27448,4.4171,38.6,28.38,-40.5,8,0.0,-35.5,1
3,8,28174,3.7184,38.6,28.39,-40.5,8,0.0,-35.5,1
3,8,28900,3.4931,38.6,28.38,-40.5,8,0.0,-35.5,1
3,8,29626,2.8621,38.6,28.39,-40.5,8,0.0,-35.5,1
3,8,30352,2.6593,38.6,28.39,-40.5,8,0.0,-35.5,1
3,8,31078,3.8537,38.6,28.39,-40.5,8,0.0,-35.5,1
3,8,31804,2.9973,38.6,28.39,-40.5,8,0.0,-35.5,1
3,8,32530,2.7494,38.6,28.39,-40.5,8,0.0,-35.5,1
3,8,33256,3.8762,38.6,28.39,-40.5,8,0.0,-35.5,1
3,8,33982,3.6058,38.6,28.39,-40.5,8,0.0,-35.5,1
3,8,34708,2.5466,38.6,28.38,-40.5,8,0.0,-35.5,1
3,8,35434,3.4931,38.6,28.38,-40.5,8,0.0,-35.5,1
3,8,36160,3.5382,38.6,28.39,-40.5,8,0.0,-35.5,1
3,8,36886,3.4706,38.6,28.39,-40.5,8,0.0,-35.5,1
3,8,37612,2.7719,38.6,28.39,-40.5,8,0.0,-35.5,1
3,8,38338,3.3579,38.6,28.39,-40.5,8,0.0,-35.5,1
3,8,39064,2.6367,38.6,28.39,-40.5,8,0.0,-35.5,1
3,8,39790,3.4480,38.6,28.39,-40.5,8,0.0,-35.5,1
3,8,40516,3.4480,38.6,28.39,-40.5,8,0.0,-35.5,1
3,8,41242,3.2903,38.6,28.39,-40.5,8,0.0,-35.5,1
3,8,41968,3.6508,38.6,28.38,-40.5,8,0.0,-35.5,1
3,8,42694,4.2819,38.6,28.39,-40.5,8,0.0,-35.5,1
3,8,43420,3.2001,38.6,28.39,-40.5,8,0.0,-35.5,1
3,8,44146,2.9522,38.6,28.40,-40.5,8,0.0,-35.5,1
3,8,44872,2.7494,38.6,28.39,-40.5,8,0.0,-35.5,1
3,8,45598,2.8621,38.6,28.39,-40.5,8,0.0,-35.5,1
3,8,46324,3.3579,38.6,28.39,-40.5,8,0.0,-35.5,1
3,8,47050,3.0649,38.6,28.39,-40.5,8,0.0,-35.5,1
3,8,47776,2.4790,39.6,28.39,-40.5,8,0.0,-35.5,1
3,8,48502,2.4790,38.6,28.39,-40.5,8,0.0,-35.5,1
3,8,49228,3.0424,38.6,28.39,-40.5,8,0.0,-35.5,1
3,8,49954,2.8846,38.6,28.39,-40.5,8,0.0,-35.5,1
3,8,50680,3.8086,38.6,28.39,-40.5,8,0.0,-35.5,1
3,8,51406,3.5156,38.6,28.38,-40.5,8,0.0,-35.5,1
3,8,52132,3.1550,38.6,28.39,-40.5,8,0.0,-35.5,1
3,8,52858,2.7269,38.6,28.39,-40.5,8,0.0,-35.5,1
3,8,53584,3.4480,38.6,28.39,-40.5,8,0.0,-35.5,1
3,8,54310,2.1860,38.6,28.39,-40.5,8,0.0,-35.5,1
3,8,55036,2.4564,38.6,28.39,-40.5,8,0.0,-35.5,1
3,8,55762,4.0565,38.6,28.39,-40.5,8,0.0,-35.5,1
3,8,56488,4.0565,37.6,28.39,-40.5,8,0.0,-35.5,1
3,8,57214,4.1692,38.6,28.39,-40.5,8,0.0,-35.5,1
3,8,57940,2.9748,38.6,28.39,-40.5,8,0.0,-35.5,1
3,8,58666,3.5156,38.6,28.39,-40.5,8,0.0,-35.5,1
3,8,59392,4.2368,38.6,28.39,-40.5,8,0.0,-35.5,1
3,8,60118,3.4029,38.6,28.39,-40.5,8,0.0,-35.5,1
3,8,60844,2.7269,38.6,28.39,-40.5,8,0.0,-35.5,1
3,8,61570,3.6508,38.6,28.39,-40.5,8,0.0,-35.5,1
3,8,62296,2.6142,38.6,28.39,-40.5,8,0.0,-35.5,1
3,8,63022,4.1016,38.6,28.39,-40.5,8,0.0,-35.5,1
3,8,63748,3.8311,38.6,28.39,-40.5,8,0.0,-35.5,1
3,8,64474,3.8311,38.6,28.39,-40.5,8,0.0,-35.5,1
3,8,65200,3.8086,38.6,28.39,-40.5,8,0.0,-35.5,1
3,8,65926,3.1325,38.6,28.39,-40.5,8,0.0,-35.5,1
3,8,66652,3.0874,38.6,28.39,-40.5,8,0.0,-35.5,1
3,8,67378,2.5916,38.6,28.39,-40.5,8,0.0,-35.5,1
3,8,68104,2.3663,38.6,28.39,-40.5,8,0.0,-35.5,1
3,8,68830,3.3353,38.6,28.39,-40.5,8,0.0,-35.5,1
3,8,69556,3.0198,38.6,28.39,-40.5,8,0.0,-35.5,1
3,8,70282,2.9072,38.6,28.39,-40.5,8,0.0,-35.5,1
3,8,71008,2.4790,38.6,28.39,-40.5,8,0.0,-35.5,1
3,8,71734,3.0424,38.6,28.39,-40.5,8,0.0,-35.5,1
3,8,72460,3.0424,38.6,28.40,-40.5,8,0.0,-35.5,1
3,8,73186,3.5382,38.6,28.40,-40.5,8,0.0,-35.5,1
3,8,73912,3.3353,38.6,28.40,-40.5,8,0.0,-35.5,1
3,8,74638,2.5466,38.6,28.40,-40.5,8,0.0,-35.5,1
3,8,75364,2.7494,38.6,28.40,-40.5,8,0.0,-35.5,1
3,8,76090,3.6283,38.6,28.40,-40.5,8,0.0,-35.5,1
3,8,76816,3.6959,38.6,28.39,-40.5,8,0.0,-35.5,1
3,8,77542,2.4114,38.6,28.39,-40.5,8,0.0,-35.5,1
3,8,78268,2.5916,38.6,28.39,-40.5,8,0.0,-35.5,1
3,8,78994,3.4029,38.6,28.39,-40.5,8,0.0,-35.5,1
3,8,79720,3.0874,38.6,28.40,-40.5,8,0.0,-35.5,1
3,8,80446,3.6058,38.6,28.40,-40.5,8,0.0,-35.5,1
3,8,81172,3.0198,38.6,28.39,-40.5,8,0.0,-35.5,1
3,8,81898,3.4029,38.6,28.39,-40.5,8,0.0,-35.5,1
3,8,82624,3.5156,38.6,28.39,-40.5,8,0.0,-35.5,1
3,8,83350,3.6283,38.6,28.40,-40.5,8,0.0,-35.5,1
3,8,84076,3.6058,38.6,28.40,-40.5,8,0.0,-35.5,1
3,8,84802,2.5916,39.6,28.40,-40.5,8,0.0,-35.5,1
3,8,85528,3.5382,38.6,28.40,-40.5,8,0.0,-35.5,1
3,8,86254,3.9663,38.6,28.40,-40.5,8,0.0,-35.5,1
3,8,86980,2.6818,38.6,28.40,-40.5,8,0.0,-35.5,1
3,8,87706,3.5832,38.6,28.40,-40.5,8,0.0,-35.5,1
3,8,88432,3.1325,38.6,28.39,-40.5,8,0.0,-35.5,1
3,8,89158,2.6593,38.6,28.39,-40.5,8,0.0,-35.5,1
3,8,89884,2.8621,38.6,28.39,-40.5,8,0.0,-35.5,1
3,8,90610,2.5466,38.6,28.39,-40.5,8,0.0,-35.5,1
3,8,91336,3.7410,38.6,28.39,-40.5,8,0.0,-35.5,1
3,8,92062,3.3353,39.6,28.39,-40.5,8,0.0,-35.5,1
3,8,92788,3.4706,38.6,28.39,-40.5,8,0.0,-35.5,1
3,8,93514,3.3353,38.6,28.39,-40.5,8,0.0,-35.5,1
3,8,94240,3.3353,38.6,28.39,-40.5,8,0.0,-35.5,1
3,8,94966,3.2903,38.6,28.39,-40.5,8,0.0,-35.5,1
3,8,95692,3.0649,38.6,28.39,-40.5,8,0.0,-35.5,1
3,8,96418,3.1325,38.6,28.39,-40.5,8,0.0,-35.5,1
3,8,97144,3.3579,38.6,28.39,-40.5,8,0.0,-35.5,1
3,8,97870,3.4931,38.6,28.39,-40.5,8,0.0,-35.5,1
3,8,98596,4.1466,38.6,28.39,-40.5,8,0.0,-35.5,1
3,8,99322,3.3353,38.6,28.39,-40.5,8,0.0,-35.5,1
3,8,100048,2.6593,39.6,28.39,-40.5,8,0.0,-35.5,1
3,8,100774,3.6508,38.6,28.39,-40.5,8,0.0,-35.5,1
3,8,101500,3.4029,38.6,28.39,-40.5,8,0.0,-35.5,1
3,8,102226,3.4029,38.6,28.39,-40.5,8,0.0,-35.5,1
3,8,102952,2.5916,38.6,28.39,-40.5,8,0.0,-35.5,1
3,8,103678,2.8846,38.6,28.39,-40.5,8,0.0,-35.5,1
3,8,104404,3.6734,38.6,28.39,-40.5,8,0.0,-35.5,1
3,8,105130,4.3720,38.6,28.39,-40.5,8,0.0,-35.5,1
3,8,105856,3.1550,38.6,28.39,-40.5,8,0.0,-35.5,1
3,8,106582,4.5523,39.6,28.39,-40.5,8,0.0,-35.5,1
3,8,107308,2.8170,38.6,28.39,-40.5,8,0.0,-35.5,1
3,8,108034,2.4790,38.6,28.39,-40.5,8,0.0,-35.5,1
3,8,108760,3.7861,38.6,28.39,-40.5,8,0.0,-35.5,1
3,8,109486,3.6058,38.6,28.40,-40.5,8,0.0,-35.5,1
3,8,110212,3.6058,38.6,28.39,-40.5,8,0.0,-35.5,1
3,8,110938,3.7861,38.6,28.40,-40.5,8,0.0,-35.5,1
3,8,111664,3.2452,39.6,28.40,-40.5,8,0.0,-35.5,1
3,8,112390,2.7945,39.6,28.39,-40.5,8,0.0,-35.5,1
3,8,113116,2.9297,39.6,28.40,-40.5,8,0.0,-35.5,1
3,8,113842,2.2987,38.6,28.39,-40.5,8,0.0,-35.5,1
3,8,114568,3.4706,38.6,28.40,-40.5,8,0.0,-35.5,1
3,8,115294,3.8987,38.6,28.39,-40.5,8,0.0,-35.5,1
3,8,116020,3.4029,39.6,28.39,-40.5,8,0.0,-35.5,1
3,8,116746,3.7184,38.6,28.39,-40.5,8,0.0,-35.5,1
3,8,117472,3.5832,38.6,28.39,-40.5,8,0.0,-35.5,1
3,8,118198,3.5832,38.6,28.39,-40.5,8,0.0,-35.5,1
3,8,118924,2.8395,38.6,28.40,-40.5,8,0.0,-35.5,1
3,8,119650,3.5607,39.6,28.39,-40.5,8,0.0,-35.5,1
3,8,120376,4.7100,38.6,28.39,-40.5,8,0.0,-35.5,1
3,8,121102,3.3804,38.6,28.39,-40.5,8,0.0,-35.5,1
3,8,121828,3.6058,38.6,28.39,-40.5,8,0.0,-35.5,1
3,8,122554,3.8537,38.6,28.39,-40.5,8,0.0,-35.5,1
3,8,123280,3.5607,38.6,28.39,-40.5,8,0.0,-35.5,1
3,8,124006,3.4029,38.6,28.39,-40.5,8,0.0,-35.5,1
3,8,124732,2.9072,38.6,28.39,-40.5,8,0.0,-35.5,1
3,8,125458,3.2001,38.6,28.40,-40.5,8,0.0,-35.5,1
3,8,126184,3.2001,38.6,28.39,-40.5,8,0.0,-35.5,1
3,8,126910,3.1550,38.6,28.40,-40.5,8,0.0,-35.5,1
3,8,127636,3.7410,38.6,28.39,-40.5,8,0.0,-35.5,1
3,8,128362,4.1917,38.6,28.39,-40.5,8,0.0,-35.5,1
3,8,129088,2.5916,38.6,28.40,-40.5,8,0.0,-35.5,1
3,8,129814,3.7861,38.6,28.40,-40.5,8,0.0,-35.5,1
3,8,130540,3.0874,38.6,28.39,-40.5,8,0.0,-35.5,1
3,8,131266,2.2761,38.6,28.39,-40.5,8,0.0,-35.5,1
3,8,131992,2.6818,38.6,28.40,-40.5,8,0.0,-35.5,1
3,8,132718,3.2452,38.6,28.40,-40.5,8,0.0,-35.5,1
3,8,133444,2.5691,38.6,28.39,-40.5,8,0.0,-35.5,1
3,8,134170,4.4171,38.6,28.39,-40.5,8,0.0,-35.5,1
3,8,134896,3.1776,38.6,28.40,-40.5,8,0.0,-35.5,1
3,8,135622,3.4255,38.6,28.39,-40.5,8,0.0,-35.5,1
3,8,136348,3.6508,38.6,28.39,-40.5,8,0.0,-35.5,1
3,8,137074,3.9438,38.6,28.39,-40.5,8,0.0,-35.5,1
3,8,137800,3.2001,38.6,28.39,-40.5,8,0.0,-35.5,1
3,8,138526,4.5297,37.6,28.40,-40.5,8,0.0,-35.5,1
3,8,139252,2.9072,38.6,28.39,-40.5,8,0.0,-35.5,1
3,8,139978,2.7269,38.6,28.40,-40.5,8,0.0,-35.5,1
3,8,140704,4.3495,38.6,28.39,-23.5,8,0.0,-35.5,1
3,8,141430,2.7043,38.6,28.40,-40.5,8,0.0,-35.5,1
3,8,142156,3.5156,38.6,28.39,-40.5,8,0.0,-35.5,1
3,8,142882,3.7184,39.6,28.39,-40.5,8,0.0,-35.5,1
3,8,143608,3.4931,38.6,28.39,-40.5,8,0.0,-35.5,1
3,8,144334,2.7043,38.6,28.39,-40.5,8,0.0,-35.5,1
3,8,145060,3.6959,38.6,28.39,-40.5,8,0.0,-35.5,1
3,8,145786,3.7861,38.6,28.39,-40.5,8,0.0,-35.5,1
3,8,146512,2.5691,38.6,28.39,-40.5,8,0.0,-35.5,1
3,8,147238,2.8621,38.6,28.39,-40.5,8,0.0,-35.5,1
3,8,147964,-31.3927,38.6,28.39,-40.5,8,0.0,-35.5,0
3,8,148690,3.3353,38.6,28.39,-40.5,8,0.0,-35.5,1
3,8,149416,2.3437,39.6,28.39,-40.5,8,0.0,-35.5,1
3,8,150142,3.0649,38.6,28.39,-40.5,8,0.0,-35.5,1
3,8,150868,3.3579,39.6,28.39,-40.5,8,0.0,-35.5,1
3,8,151594,3.2452,39.6,28.39,-40.5,8,0.0,-35.5,1
3,8,152320,3.8987,39.6,28.39,-40.5,8,0.0,-35.5,1
3,8,153046,2.9748,38.6,28.38,-40.5,8,0.0,-35.5,1
3,8,153772,2.7719,39.6,28.39,-40.5,8,0.0,-35.5,1
3,8,154498,3.9663,39.6,28.39,-40.5,8,0.0,-35.5,1
3,8,155224,3.7635,39.6,28.39,-40.5,8,0.0,-35.5,1
3,8,155950,3.7635,39.6,28.38,-40.5,8,0.0,-35.5,1
3,8,156676,3.0198,38.6,28.39,-40.5,8,0.0,-35.5,1
3,8,157402,2.8621,38.6,28.39,-40.5,8,0.0,-35.5,1
3,8,158128,4.5748,38.6,28.39,-40.5,8,0.0,-35.5,1
3,8,158854,2.7269,38.6,28.39,-40.5,8,0.0,-35.5,1
3,8,159580,4.2819,38.6,28.39,-40.5,8,0.0,-35.5,1
3,8,160306,3.2677,38.6,28.39,-40.5,8,0.0,-35.5,1
3,8,161032,3.5832,38.6,28.39,-40.5,8,0.0,-35.5,1
3,8,161758,3.5156,38.6,28.38,-40.5,8,0.0,-35.5,1
3,8,162484,2.9072,38.6,28.38,-40.5,8,0.0,-35.5,1
3,8,163210,3.1550,39.6,28.38,-40.5,8,0.0,-35.5,1
3,8,163936,3.1550,39.6,28.38,-40.5,8,0.0,-35.5,1
3,8,164662,2.7043,38.6,28.38,-40.5,8,0.0,-35.5,1
3,8,165388,3.0198,39.6,28.38,-40.5,8,0.0,-35.5,1
3,8,166114,4.5072,39.6,28.38,-40.5,8,0.0,-35.5,1
3,8,166840,3.2001,38.6,28.38,-40.5,8,0.0,-35.5,1
3,8,167566,2.6367,38.6,28.38,-40.5,8,0.0,-35.5,1
3,8,168292,3.3804,38.6,28.38,-40.5,8,0.0,-35.5,1
3,8,169018,3.8311,38.6,28.38,-40.5,8,0.0,-35.5,1
3,8,169744,3.6508,38.6,28.37,-40.5,8,0.0,-35.5,1
3,8,170470,2.6593,38.6,28.38,-40.5,8,0.0,-35.5,1
3,8,171196,3.7635,38.6,28.38,-40.5,8,0.0,-35.5,1
3,8,171922,3.7635,38.6,28.38,-40.5,8,0.0,-35.5,1
3,8,172648,4.0565,39.6,28.38,-40.5,8,0.0,-35.5,1
3,8,173374,3.4255,39.6,28.38,-40.5,8,0.0,-35.5,1
3,8,174100,2.9522,39.6,28.38,-40.5,8,0.0,-35.5,1
3,8,174826,4.1016,39.6,28.38,-40.5,8,0.0,-35.5,1
3,8,175552,3.5156,38.6,28.38,-40.5,8,0.0,-35.5,1
3,8,176278,3.2677,38.6,28.38,-40.5,8,0.0,-35.5,1
3,8,177004,4.0340,38.6,28.37,-40.5,8,0.0,-35.5,1
3,8,177730,3.6058,38.6,28.38,-40.5,8,0.0,-35.5,1
3,8,178456,3.1100,37.6,28.38,-40.5,8,0.0,-35.5,1
3,8,179182,4.2142,37.6,28.38,-40.5,8,0.0,-35.5,1
3,8,179908,4.2142,38.6,28.38,-40.5,8,0.0,-35.5,1
3,8,180634,3.3128,38.6,28.37,-40.5,8,0.0,-35.5,1
3,8,181360,2.3437,38.6,28.38,-40.5,8,0.0,-35.5,1
3,8,182086,3.7410,38.6,28.38,-40.5,8,0.0,-35.5,1
3,8,182812,2.9748,38.6,28.38,-40.5,8,0.0,-35.5,1
3,8,183538,4.3720,38.6,28.38,-40.5,8,0.0,-35.5,1
3,8,184264,3.2677,38.6,28.38,-40.5,8,0.0,-35.5,1
3,8,184990,2.7945,38.6,28.38,-40.5,8,0.0,-35.5,1
3,8,185716,3.4931,38.6,28.38,-40.5,8,0.0,-35.5,1
3,8,186442,2.9748,39.6,28.38,-40.5,8,0.0,-35.5,1
3,8,187168,3.8537,39.6,28.37,-40.5,8,0.0,-35.5,1
3,8,187894,3.8537,38.6,28.37,-40.5,8,0.0,-35.5,1
3,8,188620,3.6508,38.6,28.37,-40.5,8,0.0,-35.5,1
3,8,189346,3.8311,38.6,28.37,-40.5,8,0.0,-35.5,1
3,8,190072,4.5974,38.6,28.37,-40.5,8,0.0,-35.5,1
3,8,190798,4.1241,38.6,28.37,-40.5,8,0.0,-35.5,1
3,8,191524,4.0340,38.6,28.37,-40.5,8,0.0,-35.5,1
3,8,192250,3.8311,38.6,28.37,-40.5,8,0.0,-35.5,1
3,8,192976,4.2819,38.6,28.37,-40.5,8,0.0,-35.5,1
3,8,193702,3.3579,39.6,28.37,-40.5,8,0.0,-35.5,1
3,8,194428,2.7494,39.6,28.37,-40.5,8,0.0,-35.5,1
3,8,195154,2.7043,39.6,28.38,-40.5,8,0.0,-35.5,1
3,8,195880,3.8311,39.6,28.38,-40.5,8,0.0,-35.5,1
3,8,196606,3.4255,39.6,28.38,-40.5,8,0.0,-35.5,1
3,8,197332,2.8621,39.6,28.38,-40.5,8,0.0,-35.5,1
3,8,198058,3.4255,39.6,28.38,-40.5,8,0.0,-35.5,1
3,8,198784,2.2536,39.6,28.38,-40.5,8,0.0,-35.5,1
3,8,199510,4.0790,39.6,28.37,-40.5,8,0.0,-35.5,1
3,8,200236,3.2903,38.6,28.37,-40.5,8,0.0,-35.5,1
3,8,200962,3.8311,38.6,28.37,-40.5,8,0.0,-35.5,1
3,8,201688,3.2001,38.6,28.37,-40.5,8,0.0,-35.5,1
3,8,202414,3.5832,38.6,28.38,-40.5,8,0.0,-35.5,1
3,8,203140,3.4706,38.6,28.38,-40.5,8,0.0,-35.5,1
3,8,203866,3.4255,38.6,28.38,-40.5,8,0.0,-35.5,1
3,8,204592,3.6283,38.6,28.38,-40.5,8,0.0,-35.5,1
3,8,205318,3.7861,38.6,28.38,-40.5,8,0.0,-35.5,1
3,8,206044,3.6508,38.6,28.37,-40.5,8,0.0,-35.5,1
3,8,206770,3.3353,38.6,28.37,-40.5,8,0.0,-35.5,1
3,8,207496,2.9748,38.6,28.38,-40.5,8,0.0,-35.5,1
3,8,208222,2.7269,38.6,28.38,-40.5,8,0.0,-35.5,1
3,8,208948,2.9748,38.6,28.38,-40.5,8,0.0,-35.5,1
3,8,209674,2.9748,38.6,28.37,-40.5,8,0.0,-35.5,1
3,8,210400,3.2903,38.6,28.38,-40.5,8,0.0,-35.5,1
3,8,211126,3.3579,38.6,28.38,-40.5,8,0.0,-35.5,1
3,8,211852,2.7945,38.6,28.37,-40.5,8,0.0,-35.5,1
3,8,212578,3.5382,38.6,28.37,-40.5,8,0.0,-35.5,1
3,8,213304,3.7861,38.6,28.37,-40.5,8,0.0,-35.5,1
3,8,214030,3.1325,38.6,28.37,-40.5,8,0.0,-35.5,1
3,8,214756,2.6593,38.6,28.37,-40.5,8,0.0,-35.5,1
3,8,215482,4.1466,38.6,28.37,-40.5,8,0.0,-35.5,1
3,8,216208,3.8987,37.6,28.37,-40.5,8,0.0,-35.5,1
3,8,216934,2.9973,37.6,28.37,-40.5,8,0.0,-35.5,1
3,8,217660,2.9973,38.6,28.37,-40.5,8,0.0,-35.5,1
3,8,218386,3.9438,38.6,28.37,-40.5,8,0.0,-35.5,1
3,8,219112,3.8086,38.6,28.37,-40.5,8,0.0,-35.5,1
3,8,219838,3.7184,38.6,28.37,-40.5,8,0.0,-35.5,1
3,8,220564,3.3353,38.6,28.37,-40.5,8,0.0,-35.5,1
3,8,221290,3.8987,38.6,28.37,-40.5,8,0.0,-35.5,1
3,8,222016,2.8621,38.6,28.37,-40.5,8,0.0,-35.5,1
3,8,222742,3.2001,38.6,28.38,-40.5,8,0.0,-35.5,1
3,8,223468,3.6508,38.6,28.37,-40.5,8,0.0,-35.5,1
3,8,224194,3.6283,38.6,28.37,-40.5,8,0.0,-35.5,1
3,8,224920,3.4931,38.6,28.37,-40.5,8,0.0,-35.5,1
3,8,225646,3.4931,38.6,28.37,-40.5,8,0.0,-35.5,1
3,8,226372,4.3044,38.6,28.37,-40.5,8,0.0,-35.5,1
3,8,227098,2.7043,39.6,28.37,-40.5,8,0.0,-35.5,1
3,8,227824,2.7043,38.6,28.37,-40.5,8,0.0,-35.5,1
3,8,228550,3.6283,38.6,28.37,-40.5,8,0.0,-35.5,1
3,8,229276,4.7776,38.6,28.37,-40.5,8,0.0,-35.5,1
3,8,230002,2.9973,38.6,28.37,-40.5,8,0.0,-35.5,1
3,8,230728,3.5832,39.6,28.37,-40.5,8,0.0,-35.5,1
3,8,231454,3.7410,38.6,28.37,-40.5,8,0.0,-35.5,1
3,8,232180,3.4029,38.6,28.37,-40.5,8,0.0,-35.5,1
3,8,232906,3.8086,38.6,28.37,-40.5,8,0.0,-35.5,1
3,8,233632,3.8086,38.6,28.37,-40.5,8,0.0,-35.5,1
3,8,234358,2.7719,38.6,28.37,-40.5,8,0.0,-35.5,1
3,8,235084,2.7719,38.6,28.37,-40.5,8,0.0,-35.5,1
3,8,235810,3.7184,38.6,28.37,-40.5,8,0.0,-35.5,1
3,8,236536,3.4480,38.6,28.37,-40.5,8,0.0,-35.5,1
3,8,237262,2.7945,39.6,28.37,-40.5,8,0.0,-35.5,1
3,8,237988,3.4931,38.6,28.37,-40.5,8,0.0,-35.5,1
3,8,238714,3.7410,38.6,28.37,-40.5,8,0.0,-35.5,1
3,8,239440,3.4706,38.6,28.37,-40.5,8,0.0,-35.5,1
3,8,240166,3.6058,38.6,28.37,-40.5,8,0.0,-35.5,1
3,8,240892,3.6508,38.6,28.37,-40.5,8,0.0,-35.5,1
3,8,241618,3.6508,38.6,28.37,-40.5,8,0.0,-35.5,1
3,8,242344,4.0340,38.6,28.37,-40.5,8,0.0,-35.5,1
3,8,243070,3.5607,38.6,28.37,-40.5,8,0.0,-35.5,1
3,8,243796,2.5691,38.6,28.37,-40.5,8,0.0,-35.5,1
3,8,244522,2.9522,38.6,28.37,-40.5,8,0.0,-35.5,1
3,8,245248,2.7945,39.6,28.37,-40.5,8,0.0,-35.5,1
3,8,245974,3.4706,39.6,28.37,-40.5,8,0.0,-35.5,1
3,8,246700,2.8395,39.6,28.37,-40.5,8,0.0,-35.5,1
3,8,247426,3.5607,38.6,28.37,-40.5,8,0.0,-35.5,1
3,8,248152,3.2452,38.6,28.37,-40.5,8,0.0,-35.5,1
3,8,248878,3.6508,38.6,28.36,-40.5,8,0.0,-35.5,1
3,8,249604,2.9973,38.6,28.36,-40.5,8,0.0,-35.5,1
3,8,250330,2.5240,38.6,28.36,-40.5,8,0.0,-35.5,1
3,8,251056,2.8846,38.6,28.36,-40.5,8,0.0,-35.5,1
3,8,251782,4.0114,38.6,28.36,-40.5,8,0.0,-35.5,1
3,8,252508,3.2227,38.6,28.36,-40.5,8,0.0,-35.5,1
3,8,253234,3.6959,38.6,28.36,-40.5,8,0.0,-35.5,1
3,8,253960,3.6508,38.6,28.37,-40.5,8,0.0,-35.5,1
3,8,254686,4.4621,38.6,28.36,-40.5,8,0.0,-35.5,1
3,8,255412,2.7719,37.6,28.37,-40.5,8,0.0,-35.5,1
3,8,256138,3.2677,37.6,28.37,-40.5,8,0.0,-35.5,1
3,8,256864,3.2452,38.6,28.37,-40.5,8,0.0,-35.5,1
3,8,257590,3.9213,38.6,28.37,-40.5,8,0.0,-35.5,1
3,8,258316,3.2677,38.6,28.36,-40.5,8,0.0,-35.5,1
3,8,259042,3.6959,37.6,28.36,-40.5,8,0.0,-35.5,1
3,8,259768,3.7635,38.6,28.37,-40.5,8,0.0,-35.5,1
3,8,260494,2.5691,38.6,28.37,-40.5,8,0.0,-35.5,1
3,8,261220,3.4480,38.6,28.37,-40.5,8,0.0,-35.5,1
3,8,261946,3.5607,38.6,28.37,-40.5,8,0.0,-35.5,1
3,8,262672,3.2677,38.6,28.36,-40.5,8,0.0,-35.5,1
3,8,263398,3.2677,39.6,28.37,-40.5,8,0.0,-35.5,1
3,8,264124,4.1917,38.6,28.36,-40.5,8,0.0,-35.5,1
3,8,264850,2.7269,38.6,28.36,-40.5,8,0.0,-35.5,1
3,8,265576,3.6959,38.6,28.36,-40.5,8,0.0,-35.5,1
3,8,266302,3.6058,38.6,28.36,-40.5,8,0.0,-35.5,1
3,8,267028,4.5748,38.6,28.36,-40.5,8,0.0,-35.5,1
3,8,267754,2.7945,38.6,28.36,-40.5,8,0.0,-35.5,1
3,8,268480,4.5072,38.6,28.36,-40.5,8,0.0,-35.5,1
3,8,269206,4.0565,38.6,28.36,-40.5,8,0.0,-35.5,1
3,8,269932,3.5607,38.6,28.36,-40.5,8,0.0,-35.5,1
3,8,270658,3.6058,38.6,28.36,-40.5,8,0.0,-35.5,1
3,8,271384,3.6058,39.6,28.36,-40.5,8,0.0,-35.5,1
3,8,272110,2.9297,39.6,28.36,-40.5,8,0.0,-35.5,1
3,8,272836,3.6283,39.6,28.36,-40.5,8,0.0,-35.5,1
3,8,273562,3.5382,39.6,28.36,-40.5,8,0.0,-35.5,1
3,8,274288,2.5240,39.6,28.36,-40.5,8,0.0,-35.5,1
3,8,275014,2.8621,38.6,28.36,-40.5,8,0.0,-35.5,1
3,8,275740,3.6959,38.6,28.36,-40.5,8,0.0,-35.5,1
3,8,276466,2.8621,38.6,28.36,-40.5,8,0.0,-35.5,1
3,8,277192,3.1100,38.6,28.36,-40.5,8,0.0,-35.5,1
3,8,277918,3.5607,38.6,28.36,-40.5,8,0.0,-35.5,1
3,8,278644,3.4255,38.6,28.36,-40.5,8,0.0,-35.5,1
3,8,279370,3.4255,38.6,28.36,-40.5,8,0.0,-35.5,1
3,8,280096,4.0114,38.6,28.36,-40.5,8,0.0,-35.5,1
3,8,280822,2.9748,38.6,28.36,-40.5,8,0.0,-35.5,1
3,8,281548,4.3945,38.6,28.36,-40.5,8,0.0,-35.5,1
3,8,282274,2.5916,38.6,28.36,-40.5,8,0.0,-35.5,1
3,8,283000,2.7719,38.6,28.36,-40.5,8,0.0,-35.5,1
3,8,283726,3.6058,38.6,28.36,-40.5,8,0.0,-35.5,1
3,8,284452,3.0198,38.6,28.36,-40.5,8,0.0,-35.5,1
3,8,285178,3.1550,38.6,28.36,-40.5,8,0.0,-35.5,1
3,8,285904,3.1100,38.6,28.35,-40.5,8,0.0,-35.5,1
3,8,286630,3.4931,38.6,28.36,-40.5,8,0.0,-35.5,1
3,8,287356,3.4931,38.6,28.36,-40.5,8,0.0,-35.5,1
3,8,288082,3.1550,38.6,28.36,-40.5,8,0.0,-35.5,1
3,8,288808,3.6508,38.6,28.35,-40.5,8,0.0,-35.5,1
3,8,289534,3.6734,38.6,28.35,-40.5,8,0.0,-35.5,1
3,8,290260,2.5691,39.6,28.35,-40.5,8,0.0,-35.5,1
3,8,290986,3.8537,39.6,28.35,-40.5,8,0.0,-35.5,1
3,8,291712,3.4931,38.6,28.36,-40.5,8,0.0,-35.5,1
3,8,292438,3.4480,38.6,28.36,-40.5,8,0.0,-35.5,1
3,8,293164,4.5523,39.6,28.35,-40.5,8,0.0,-35.5,1
3,8,293890,3.5382,38.6,28.36,-40.5,8,0.0,-35.5,1
3,8,294616,3.6058,38.6,28.35,-40.5,8,0.0,-35.5,1
3,8,295342,3.6058,38.6,28.36,-40.5,8,0.0,-35.5,1
3,8,296068,2.6818,38.6,28.36,-40.5,8,0.0,-35.5,1
3,8,296794,3.0649,38.6,28.36,-40.5,8,0.0,-35.5,1
3,8,297520,3.1325,39.6,28.35,-40.5,8,0.0,-35.5,1
3,8,298246,3.7410,38.6,28.36,-40.5,8,0.0,-35.5,1
3,8,298972,3.5382,39.6,28.36,-40.5,8,0.0,-35.5,1
3,8,299698,4.1466,39.6,28.35,-40.5,8,0.0,-35.5,1
3,8,300424,4.1917,38.6,28.35,-40.5,8,0.0,-35.5,1
3,8,301150,3.2227,38.6,28.36,-40.5,8,0.0,-35.5,1
3,8,301876,3.0198,38.6,28.36,-40.5,8,0.0,-35.5,1
3,8,302602,2.9748,38.6,28.35,-40.5,8,0.0,-35.5,1
3,8,303328,4.0565,39.6,28.35,-40.5,8,0.0,-35.5,1
3,8,304054,4.8002,39.6,28.35,-40.5,8,0.0,-35.5,1
3,8,304780,3.3353,39.6,28.35,-40.5,8,0.0,-35.5,1
3,8,305506,4.0114,38.6,28.36,-40.5,8,0.0,-35.5,1
3,8,306232,3.7861,39.6,28.35,-40.5,8,0.0,-35.5,1
3,8,306958,3.5382,38.6,28.35,-40.5,8,0.0,-35.5,1
3,8,307684,4.2142,38.6,28.35,-40.5,8,0.0,-35.5,1
3,8,308410,2.5466,38.6,28.35,-40.5,8,0.0,-35.5,1
3,8,309136,3.6959,39.6,28.35,-40.5,8,0.0,-35.5,1
3,8,309862,3.5607,39.6,28.35,-40.5,8,0.0,-35.5,1
3,8,310588,3.6283,38.6,28.35,-40.5,8,0.0,-35.5,1
3,8,311314,4.0790,39.6,28.35,-40.5,8,0.0,-35.5,1
3,8,312040,3.4931,39.6,28.35,-40.5,8,0.0,-35.5,1
3,8,312766,4.2819,39.6,28.35,-40.5,8,0.0,-35.5,1
3,8,313492,2.6367,38.6,28.35,-40.5,8,0.0,-35.5,1
3,8,314218,3.5832,38.6,28.36,-40.5,8,0.0,-35.5,1
3,8,314944,3.4029,38.6,28.35,-40.5,8,0.0,-35.5,1
3,8,315670,3.0424,38.6,28.35,-40.5,8,0.0,-35.5,1
3,8,316396,4.2819,38.6,28.35,-40.5,8,0.0,-35.5,1
3,8,317122,4.2819,38.6,28.35,-40.5,8,0.0,-35.5,1
3,8,317848,3.5832,39.6,28.36,-40.5,8,0.0,-35.5,1
3,8,318574,2.9748,39.6,28.35,-40.5,8,0.0,-35.5,1
3,8,319300,4.5974,39.6,28.35,-40.5,8,0.0,-35.5,1
3,8,320026,3.5832,39.6,28.35,-40.5,8,0.0,-35.5,1
3,8,320752,3.7861,39.6,28.35,-40.5,8,0.0,-35.5,1
3,8,321478,3.2903,39.6,28.35,-40.5,8,0.0,-35.5,1
3,8,322204,3.8987,38.6,28.35,-40.5,8,0.0,-35.5,1
3,8,322930,3.1776,38.6,28.35,-40.5,8,0.0,-35.5,1
3,8,323656,3.6058,38.6,28.35,-40.5,8,0.0,-35.5,1
3,8,324382,2.8170,38.6,28.35,-40.5,8,0.0,-35.5,1
3,8,325108,2.8170,38.6,28.35,-40.5,8,0.0,-35.5,1
3,8,325834,3.5382,38.6,28.35,-40.5,8,0.0,-35.5,1
3,8,326560,4.3269,39.6,28.34,-40.5,8,0.0,-35.5,1
3,8,327286,3.8987,38.6,28.35,-40.5,8,0.0,-35.5,1
3,8,328012,3.3128,38.6,28.35,-40.5,8,0.0,-35.5,1
3,8,328738,3.9663,38.6,28.35,-40.5,8,0.0,-35.5,1
3,8,329464,3.7861,38.6,28.35,-40.5,8,0.0,-35.5,1
3,8,330190,4.2819,38.6,28.35,-40.5,8,0.0,-35.5,1
3,8,330916,3.9889,39.6,28.35,-40.5,8,0.0,-35.5,1
3,8,331642,3.3804,38.6,28.35,-40.5,8,0.0,-35.5,1
3,8,332368,3.5607,38.6,28.35,-40.5,8,0.0,-35.5,1
3,8,333094,3.5607,38.6,28.34,-40.5,8,0.0,-35.5,1
3,8,333820,2.6593,38.6,28.35,-40.5,8,0.0,-35.5,1
3,8,334546,4.4847,38.6,28.35,-40.5,8,0.0,-35.5,1
3,8,335272,3.6959,39.6,28.35,-40.5,8,0.0,-35.5,1
3,8,335998,4.2593,38.6,28.35,-40.5,8,0.0,-35.5,1
3,8,336724,3.4255,38.6,28.35,-40.5,8,0.0,-35.5,1
3,8,337450,4.7326,38.6,28.35,-40.5,8,0.0,-35.5,1
3,8,338176,3.5382,38.6,28.35,-40.5,8,0.0,-35.5,1
3,8,338902,3.0874,38.6,28.35,-40.5,8,0.0,-35.5,1
3,8,339628,3.0649,38.6,28.35,-40.5,8,0.0,-35.5,1
3,8,340354,2.9973,39.6,28.35,-40.5,8,0.0,-35.5,1
3,8,341080,2.9973,38.6,28.35,-40.5,8,0.0,-35.5,1
3,8,341806,3.7410,38.6,28.35,-40.5,8,0.0,-35.5,1
3,8,342532,2.9522,38.6,28.35,-40.5,8,0.0,-35.5,1
3,8,343258,2.9072,38.6,28.35,-40.5,8,0.0,-35.5,1
3,8,343984,2.7043,39.6,28.35,-40.5,8,0.0,-35.5,1
3,8,344710,3.6058,39.6,28.35,-40.5,8,0.0,-35.5,1
3,8,345436,3.5156,38.6,28.35,-40.5,8,0.0,-35.5,1
3,8,346162,3.5832,38.6,28.35,-40.5,8,0.0,-35.5,1
3,8,346888,3.2452,38.6,28.35,-40.5,8,0.0,-35.5,1
3,8,347614,3.9663,38.6,28.34,-40.5,8,0.0,-35.5,1
3,8,348340,3.3579,38.6,28.35,-40.5,8,0.0,-35.5,1
3,8,349066,3.3579,38.6,28.35,-40.5,8,0.0,-35.5,1
3,8,349792,3.2903,38.6,28.35,-40.5,8,0.0,-35.5,1
3,8,350518,2.7719,38.6,28.35,-40.5,8,0.0,-35.5,1
3,8,351244,3.3353,38.6,28.35,-40.5,8,0.0,-35.5,1
3,8,351970,3.5156,38.6,28.34,-40.5,8,0.0,-35.5,1
3,8,352696,4.2819,38.6,28.35,-40.5,8,0.0,-35.5,1
3,8,353422,3.3128,38.6,28.35,-40.5,8,0.0,-35.5,1
3,8,354148,3.9213,38.6,28.35,-40.5,8,0.0,-35.5,1
3,8,354874,3.6283,38.6,28.35,-40.5,8,0.0,-35.5,1
3,8,355600,4.3044,38.6,28.34,-40.5,8,0.0,-35.5,1
3,8,356326,4.1241,38.6,28.34,-40.5,8,0.0,-35.5,1
3,8,357052,4.1692,38.6,28.35,-40.5,8,0.0,-35.5,1
3,8,357778,4.4171,38.6,28.35,-40.5,8,0.0,-35.5,1
3,8,358504,4.0790,38.6,28.35,-40.5,8,0.0,-35.5,1
3,8,359230,2.8846,38.6,28.34,-40.5,8,0.0,-35.5,1
3,8,359956,2.8170,38.6,28.35,-40.5,8,0.0,-35.5,1
3,8,360682,2.8395,38.6,28.35,-40.5,8,0.0,-35.5,1
3,8,361408,4.3945,38.6,28.35,-40.5,8,0.0,-35.5,1
3,8,362134,2.9973,38.6,28.34,-40.5,8,0.0,-35.5,1
3,8,362860,3.2903,38.6,28.35,-40.5,8,0.0,-35.5,1
3,8,363586,3.5607,38.6,28.35,-40.5,8,0.0,-35.5,1
3,8,364312,2.8846,38.6,28.35,-40.5,8,0.0,-35.5,1
3,8,365038,3.2001,38.6,28.35,-40.5,8,0.0,-35.5,1
3,8,365764,3.8311,38.6,28.35,-40.5,8,0.0,-35.5,1
3,8,366490,2.7945,38.6,28.34,-40.5,8,0.0,-35.5,1
3,8,367216,4.2142,38.6,28.35,-40.5,8,0.0,-35.5,1
3,8,367942,4.3269,38.6,28.35,-40.5,8,0.0,-35.5,1
3,8,368668,3.7184,38.6,28.35,-40.5,8,0.0,-35.5,1
3,7,6394,2.9522,37.6,28.34,-40.5,7,0.0,-35.5,1
3,7,7120,4.0565,38.6,28.34,-40.5,7,0.0,-35.5,1
3,7,7846,3.8762,38.6,28.34,-40.5,7,0.0,-35.5,1
3,7,8572,3.5156,37.6,28.35,-40.5,7,0.0,-35.5,1
3,7,9298,4.1241,37.6,28.34,-40.5,7,0.0,-35.5,1
3,7,10024,3.3579,38.6,28.34,-40.5,7,0.0,-35.5,1
3,7,10750,3.4931,38.6,28.34,-40.5,7,0.0,-35.5,1
3,7,11476,3.8086,38.6,28.34,-40.5,7,0.0,-35.5,1
3,7,12202,4.0340,38.6,28.35,-40.5,7,0.0,-35.5,1
3,7,12928,3.8762,38.6,28.35,-40.5,7,0.0,-35.5,1
3,7,13654,3.2677,38.6,28.35,-40.5,7,0.0,-35.5,1
3,7,14380,3.7635,38.6,28.35,-40.5,7,0.0,-35.5,1
3,7,15106,2.7043,38.6,28.35,-40.5,7,0.0,-35.5,1
3,7,15832,3.8537,38.6,28.35,-40.5,7,0.0,-35.5,1
3,7,16558,3.4029,38.6,28.35,-40.5,7,0.0,-35.5,1
3,7,17284,3.4480,38.6,28.35,-40.5,7,0.0,-35.5,1
3,7,18010,3.5156,38.6,28.35,-40.5,7,0.0,-35.5,1
3,7,18736,4.0790,38.6,28.35,-40.5,7,0.0,-35.5,1
3,7,19462,3.2001,38.6,28.35,-40.5,7,0.0,-35.5,1
3,7,20188,3.0424,39.6,28.35,-40.5,7,0.0,-35.5,1
3,7,20914,3.6283,38.6,28.36,-40.5,7,0.0,-35.5,1
3,7,21640,2.8846,38.6,28.36,-40.5,7,0.0,-35.5,1
3,7,22366,3.0424,38.6,28.35,-40.5,7,0.0,-35.5,1
3,7,23092,3.5382,38.6,28.36,-40.5,7,0.0,-35.5,1
3,7,23818,3.6734,38.6,28.36,-40.5,7,0.0,-35.5,1
3,7,24544,4.3269,38.6,28.36,-40.5,7,0.0,-35.5,1
3,7,25270,3.5156,38.6,28.36,-40.5,7,0.0,-35.5,1
3,7,25996,4.2142,38.6,28.36,-40.5,7,0.0,-35.5,1
3,7,26722,4.2142,38.6,28.36,-40.5,7,0.0,-35.5,1
3,7,27448,3.5607,38.6,28.36,-40.5,7,0.0,-35.5,1
3,7,28174,3.1550,38.6,28.36,-40.5,7,0.0,-35.5,1
3,7,28900,3.2677,38.6,28.36,-40.5,7,0.0,-35.5,1
3,7,29626,4.3720,38.6,28.36,-40.5,7,0.0,-35.5,1
3,7,30352,2.9973,38.6,28.36,-40.5,7,0.0,-35.5,1
3,7,31078,3.4029,38.6,28.36,-40.5,7,0.0,-35.5,1
3,7,31804,3.9663,38.6,28.36,-40.5,7,0.0,-35.5,1
3,7,32530,3.4706,38.6,28.36,-40.5,7,0.0,-35.5,1
3,7,33256,3.8086,38.6,28.36,-40.5,7,0.0,-35.5,1
3,7,33982,4.2819,38.6,28.36,-40.5,7,0.0,-35.5,1
3,7,34708,4.2819,38.6,28.36,-40.5,7,0.0,-35.5,1
3,7,35434,3.7635,38.6,28.36,-40.5,7,0.0,-35.5,1
3,7,36160,4.1241,38.6,28.36,-40.5,7,0.0,-35.5,1
3,7,36886,4.3044,37.6,28.36,-40.5,7,0.0,-35.5,1
3,7,37612,3.5832,37.6,28.36,-40.5,7,0.0,-35.5,1
3,7,38338,3.5156,38.6,28.36,-40.5,7,0.0,-35.5,1
3,7,39064,3.4706,38.6,28.36,-40.5,7,0.0,-35.5,1
3,7,39790,3.5832,38.6,28.37,-40.5,7,0.0,-35.5,1
3,7,40516,3.4706,38.6,28.37,-40.5,7,0.0,-35.5,1
3,7,41242,4.0114,38.6,28.37,-40.5,7,0.0,-35.5,1
3,7,41968,4.0565,38.6,28.37,-40.5,7,0.0,-35.5,1
3,7,42694,4.0565,38.6,28.37,-40.5,7,0.0,-35.5,1
3,7,43420,2.7494,38.6,28.37,-40.5,7,0.0,-35.5,1
3,7,44146,4.2819,38.6,28.37,-40.5,7,0.0,-35.5,1
3,7,44872,3.5156,38.6,28.37,-40.5,7,0.0,-35.5,1
3,7,45598,3.7410,38.6,28.37,-40.5,7,0.0,-35.5,1
3,7,46324,3.9438,38.6,28.37,-40.5,7,0.0,-35.5,1
3,7,47050,3.5382,38.6,28.37,-40.5,7,0.0,-35.5,1
3,7,47776,4.5748,38.6,28.37,-40.5,7,0.0,-35.5,1
3,7,48502,3.9889,38.6,28.37,-40.5,7,0.0,-35.5,1
3,7,49228,3.6734,38.6,28.37,-40.5,7,0.0,-35.5,1
3,7,49954,2.9072,39.6,28.37,-40.5,7,0.0,-35.5,1
3,7,50680,2.9072,38.6,28.37,-40.5,7,0.0,-35.5,1
3,7,51406,3.4480,38.6,28.37,-40.5,7,0.0,-35.5,1
3,7,52132,3.5832,39.6,28.37,-40.5,7,0.0,-35.5,1
3,7,52858,3.2903,39.6,28.37,-40.5,7,0.0,-35.5,1
3,7,53584,3.3128,38.6,28.37,-40.5,7,0.0,-35.5,1
3,7,54310,3.6734,38.6,28.37,-40.5,7,0.0,-35.5,1
3,7,55036,3.3804,38.6,28.37,-40.5,7,0.0,-35.5,1
3,7,55762,3.8086,38.6,28.37,-40.5,7,0.0,-35.5,1
3,7,56488,3.7861,38.6,28.37,-40.5,7,0.0,-35.5,1
3,7,57214,4.4847,38.6,28.37,-40.5,7,0.0,-35.5,1
3,7,57940,4.3044,38.6,28.37,-40.5,7,0.0,-35.5,1
3,7,58666,4.3044,38.6,28.37,-40.5,7,0.0,-35.5,1
3,7,59392,4.2593,39.6,28.37,-40.5,7,0.0,-35.5,1
3,7,60118,3.8086,38.6,28.37,-40.5,7,0.0,-35.5,1
3,7,60844,4.6875,38.6,28.37,-40.5,7,0.0,-35.5,1
3,7,61570,3.4480,38.6,28.37,-40.5,7,0.0,-35.5,1
3,7,62296,3.3128,38.6,28.37,-40.5,7,0.0,-35.5,1
3,7,63022,4.7100,38.6,28.38,-40.5,7,0.0,-35.5,1
3,7,63748,4.1692,38.6,28.37,-40.5,7,0.0,-35.5,1
3,7,64474,3.5382,38.6,28.37,-40.5,7,0.0,-35.5,1
3,7,65200,2.8395,38.6,28.37,-40.5,7,0.0,-35.5,1
3,7,65926,2.8170,38.6,28.38,-40.5,7,0.0,-35.5,1
3,7,66652,3.1325,38.6,28.38,-40.5,7,0.0,-35.5,1
3,7,67378,3.9213,38.6,28.38,-40.5,7,0.0,-35.5,1
3,7,68104,4.4847,38.6,28.38,-40.5,7,0.0,-35.5,1
3,7,68830,3.1550,38.6,28.37,-40.5,7,0.0,-35.5,1
3,7,69556,3.7410,38.6,28.37,-40.5,7,0.0,-35.5,1
3,7,70282,3.7410,38.6,28.38,-40.5,7,0.0,-35.5,1
3,7,71008,2.6593,38.6,28.37,-40.5,7,0.0,-35.5,1
3,7,71734,2.9297,39.6,28.37,-40.5,7,0.0,-35.5,1
3,7,72460,2.8170,38.6,28.38,-40.5,7,0.0,-35.5,1
3,7,73186,4.1016,39.6,28.37,-40.5,7,0.0,-35.5,1
3,7,73912,3.2227,39.6,28.37,-40.5,7,0.0,-35.5,1
3,7,74638,2.4564,39.6,28.38,-40.5,7,0.0,-35.5,1
3,7,75364,3.5832,39.6,28.37,-40.5,7,0.0,-35.5,1
3,7,76090,3.5382,38.6,28.38,-40.5,7,0.0,-35.5,1
3,7,76816,4.3044,38.6,28.38,-40.5,7,0.0,-35.5,1
3,7,77542,4.4396,38.6,28.37,-40.5,7,0.0,-35.5,1
3,7,78268,3.8311,38.6,28.37,-40.5,7,0.0,-35.5,1
3,7,78994,2.8846,38.6,28.38,-40.5,7,0.0,-35.5,1
3,7,79720,2.9297,38.6,28.37,-40.5,7,0.0,-35.5,1
3,7,80446,2.9297,38.6,28.37,-40.5,7,0.0,-35.5,1
3,7,81172,4.3044,39.6,28.37,-40.5,7,0.0,-35.5,1
3,7,81898,2.9973,38.6,28.38,-40.5,7,0.0,-35.5,1
3,7,82624,3.4029,38.6,28.37,-40.5,7,0.0,-35.5,1
3,7,83350,4.7551,38.6,28.38,-40.5,7,0.0,-35.5,1
3,7,84076,3.2677,38.6,28.37,-40.5,7,0.0,-35.5,1
3,7,84802,4.6424,38.6,28.37,-40.5,7,0.0,-35.5,1
3,7,85528,3.2001,38.6,28.37,-40.5,7,0.0,-35.5,1
3,7,86254,2.6593,38.6,28.37,-40.5,7,0.0,-35.5,1
3,7,86980,4.1016,39.6,28.37,-40.5,7,0.0,-35.5,1
3,7,87706,3.7184,38.6,28.37,-40.5,7,0.0,-35.5,1
3,7,88432,3.7184,38.6,28.37,-40.5,7,0.0,-35.5,1
3,7,89158,2.7269,38.6,28.37,-40.5,7,0.0,-35.5,1
3,7,89884,2.6367,38.6,28.37,-40.5,7,0.0,-35.5,1
3,7,90610,2.4790,38.6,28.37,-40.5,7,0.0,-35.5,1
3,7,91336,3.8086,38.6,28.38,-40.5,7,0.0,-35.5,1
3,7,92062,3.5607,38.6,28.38,-40.5,7,0.0,-35.5,1
3,7,92788,3.8987,38.6,28.38,-40.5,7,0.0,-35.5,1
3,7,93514,3.5156,38.6,28.37,-40.5,7,0.0,-35.5,1
3,7,94240,3.6283,38.6,28.37,-40.5,7,0.0,-35.5,1
3,7,94966,3.4706,38.6,28.37,-40.5,7,0.0,-35.5,1
3,7,95692,3.2452,39.6,28.37,-40.5,7,0.0,-35.5,1
3,7,96418,3.2452,38.6,28.37,-40.5,7,0.0,-35.5,1
3,7,97144,3.5607,38.6,28.37,-40.5,7,0.0,-35.5,1
3,7,97870,3.6508,39.6,28.37,-40.5,7,0.0,-35.5,1
3,7,98596,3.4706,39.6,28.37,-40.5,7,0.0,-35.5,1
3,7,99322,3.3128,38.6,28.37,-40.5,7,0.0,-35.5,1
3,7,100048,4.0790,38.6,28.38,-40.5,7,0.0,-35.5,1
3,7,100774,4.3044,38.6,28.37,-40.5,7,0.0,-35.5,1
3,7,101500,3.6283,38.6,28.38,-40.5,7,0.0,-35.5,1
3,7,102226,2.7719,38.6,28.38,-40.5,7,0.0,-35.5,1
3,7,102952,3.6508,39.6,28.37,-40.5,7,0.0,-35.5,1
3,7,103678,4.4396,38.6,28.37,-40.5,7,0.0,-35.5,1
3,7,104404,4.4396,38.6,28.37,-40.5,7,0.0,-35.5,1
3,7,105130,3.7861,38.6,28.37,-40.5,7,0.0,-35.5,1
3,7,105856,3.5607,38.6,28.37,-40.5,7,0.0,-35.5,1
3,7,106582,4.4396,38.6,28.37,-40.5,7,0.0,-35.5,1
3,7,107308,3.4029,38.6,28.37,-40.5,7,0.0,-35.5,1
3,7,108034,4.5072,38.6,28.37,-40.5,7,0.0,-35.5,1
3,7,108760,3.4480,38.6,28.37,-40.5,7,0.0,-35.5,1
3,7,109486,3.2227,38.6,28.37,-40.5,7,0.0,-35.5,1
3,7,110212,3.6283,38.6,28.37,-40.5,7,0.0,-35.5,1
3,7,110938,4.0114,38.6,28.37,-40.5,7,0.0,-35.5,1
3,7,111664,3.6734,38.6,28.37,-40.5,7,0.0,-35.5,1
3,7,112390,3.6734,38.6,28.38,-40.5,7,0.0,-35.5,1
3,7,113116,3.9213,38.6,28.38,-40.5,7,0.0,-35.5,1
3,7,113842,3.8311,38.6,28.38,-40.5,7,0.0,-35.5,1
3,7,114568,3.4480,38.6,28.37,-40.5,7,0.0,-35.5,1
3,7,115294,3.9889,38.6,28.37,-40.5,7,0.0,-35.5,1
3,7,116020,4.1692,38.6,28.37,-40.5,7,0.0,-35.5,1
3,7,116746,4.2142,38.6,28.37,-40.5,7,0.0,-35.5,1
3,7,117472,4.3269,38.6,28.37,-40.5,7,0.0,-35.5,1
3,7,118198,3.4029,37.6,28.37,-40.5,7,0.0,-35.5,1
3,7,118924,3.6283,37.6,28.37,-40.5,7,0.0,-35.5,1
3,7,119650,3.8537,38.6,28.37,-40.5,7,0.0,-35.5,1
3,7,120376,3.6734,37.6,28.37,-40.5,7,0.0,-35.5,1
3,7,121102,3.2227,38.6,28.37,-40.5,7,0.0,-35.5,1
3,7,121828,3.7410,38.6,28.37,-40.5,7,0.0,-35.5,1
3,7,122554,4.2142,38.6,28.37,-40.5,7,0.0,-35.5,1
3,7,123280,3.8762,38.6,28.37,-40.5,7,0.0,-35.5,1
3,7,124006,4.3495,38.6,28.37,-40.5,7,0.0,-35.5,1
3,7,124732,4.0340,38.6,28.37,-40.5,7,0.0,-35.5,1
3,7,125458,3.0649,38.6,28.37,-40.5,7,0.0,-35.5,1
3,7,126184,3.9438,38.6,28.37,-40.5,7,0.0,-35.5,1
3,7,126910,4.2142,38.6,28.37,-40.5,7,0.0,-35.5,1
3,7,127636,4.0114,39.6,28.37,-40.5,7,0.0,-35.5,1
3,7,128362,4.7100,39.6,28.37,-40.5,7,0.0,-35.5,1
3,7,129088,2.9072,38.6,28.37,-40.5,7,0.0,-35.5,1
3,7,129814,4.0340,38.6,28.37,-40.5,7,0.0,-35.5,1
3,7,130540,3.4029,38.6,28.37,-40.5,7,0.0,-35.5,1
3,7,131266,3.7861,38.6,28.37,-40.5,7,0.0,-35.5,1
3,7,131992,3.6734,39.6,28.37,-40.5,7,0.0,-35.5,1
3,7,132718,3.6058,38.6,28.37,-40.5,7,0.0,-35.5,1
3,7,133444,4.1917,38.6,28.37,-40.5,7,0.0,-35.5,1
3,7,134170,4.1917,38.6,28.37,-40.5,7,0.0,-35.5,1
3,7,134896,3.9889,38.6,28.37,-40.5,7,0.0,-35.5,1
3,7,135622,3.5832,38.6,28.37,-40.5,7,0.0,-35.5,1
3,7,136348,4.6650,38.6,28.37,-40.5,7,0.0,-35.5,1
3,7,137074,3.8537,38.6,28.37,-40.5,7,0.0,-35.5,1
3,7,137800,2.6367,38.6,28.37,-40.5,7,0.0,-35.5,1
3,7,138526,2.9072,38.6,28.37,-40.5,7,0.0,-35.5,1
3,7,139252,3.9889,38.6,28.37,-40.5,7,0.0,-35.5,1
3,7,139978,3.5156,38.6,28.37,-40.5,7,0.0,-35.5,1
3,7,140704,4.1692,38.6,28.37,-40.5,7,0.0,-35.5,1
3,7,141430,3.6734,38.6,28.37,-40.5,7,0.0,-35.5,1
3,7,142156,3.6734,38.6,28.37,-40.5,7,0.0,-35.5,1
3,7,142882,4.4171,38.6,28.37,-40.5,7,0.0,-35.5,1
3,7,143608,2.7494,38.6,28.37,-40.5,7,0.0,-35.5,1
3,7,144334,3.6959,38.6,28.37,-40.5,7,0.0,-35.5,1
3,7,145060,3.5832,38.6,28.37,-40.5,7,0.0,-35.5,1
3,7,145786,3.0424,38.6,28.37,-40.5,7,0.0,-35.5,1
3,7,146512,3.6734,38.6,28.37,-40.5,7,0.0,-35.5,1
3,7,147238,3.0874,38.6,28.36,-40.5,7,0.0,-35.5,1
3,7,147964,3.6734,38.6,28.36,-40.5,7,0.0,-35.5,1
3,7,148690,4.3720,39.6,28.36,-40.5,7,0.0,-35.5,1
3,7,149416,3.8311,39.6,28.37,-40.5,7,0.0,-35.5,1
3,7,150142,3.8311,38.6,28.37,-40.5,7,0.0,-35.5,1
3,7,150868,3.9889,38.6,28.36,-40.5,7,0.0,-35.5,1
3,7,151594,3.0198,38.6,28.36,-40.5,7,0.0,-35.5,1
3,7,152320,3.6283,38.6,28.36,-40.5,7,0.0,-35.5,1
3,7,153046,3.0874,38.6,28.36,-40.5,7,0.0,-35.5,1
3,7,153772,3.4255,38.6,28.36,-40.5,7,0.0,-35.5,1
3,7,154498,3.3128,38.6,28.36,-40.5,7,0.0,-35.5,1
3,7,155224,3.8086,38.6,28.36,-40.5,7,0.0,-35.5,1
3,7,155950,4.2819,38.6,28.36,-40.5,7,0.0,-35.5,1
3,7,156676,3.7410,38.6,28.36,-40.5,7,0.0,-35.5,1
3,7,157402,4.5748,38.6,28.36,-40.5,7,0.0,-35.5,1
3,7,158128,4.5748,38.6,28.37,-40.5,7,0.0,-35.5,1
3,7,158854,3.5832,38.6,28.36,-40.5,7,0.0,-35.5,1
3,7,159580,3.6508,38.6,28.36,-40.5,7,0.0,-35.5,1
3,7,160306,4.1241,38.6,28.36,-40.5,7,0.0,-35.5,1
3,7,161032,3.4931,38.6,28.36,-40.5,7,0.0,-35.5,1
3,7,161758,2.9973,38.6,28.36,-40.5,7,0.0,-35.5,1
3,7,162484,4.8227,38.6,28.36,-40.5,7,0.0,-35.5,1
3,7,163210,3.6283,38.6,28.36,-40.5,7,0.0,-35.5,1
3,7,163936,2.9297,37.6,28.37,-40.5,7,0.0,-35.5,1
3,7,164662,4.4847,38.6,28.36,-40.5,7,0.0,-35.5,1
3,7,165388,4.1016,38.6,28.36,-40.5,7,0.0,-35.5,1
3,7,166114,4.1016,38.6,28.37,-40.5,7,0.0,-35.5,1
3,7,166840,3.8762,38.6,28.37,-40.5,7,0.0,-35.5,1
3,7,167566,4.1466,38.6,28.36,-40.5,7,0.0,-35.5,1
3,7,168292,3.5156,38.6,28.36,-40.5,7,0.0,-35.5,1
3,7,169018,2.9748,39.6,28.36,-40.5,7,0.0,-35.5,1
3,7,169744,3.9438,39.6,28.37,-40.5,7,0.0,-35.5,1
3,7,170470,4.3269,39.6,28.36,-40.5,7,0.0,-35.5,1
3,7,171196,3.7861,38.6,28.36,-40.5,7,0.0,-35.5,1
3,7,171922,3.4029,38.6,28.36,-40.5,7,0.0,-35.5,1
3,7,172648,2.6818,38.6,28.36,-40.5,7,0.0,-35.5,1
3,7,173374,3.0649,38.6,28.37,-40.5,7,0.0,-35.5,1
3,7,174100,3.0649,39.6,28.36,-40.5,7,0.0,-35.5,1
3,7,174826,4.0565,39.6,28.36,-40.5,7,0.0,-35.5,1
3,7,175552,3.8987,38.6,28.36,-40.5,7,0.0,-35.5,1
3,7,176278,4.3044,39.6,28.36,-40.5,7,0.0,-35.5,1
3,7,177004,3.6283,38.6,28.36,-40.5,7,0.0,-35.5,1
3,7,177730,4.2142,38.6,28.36,-40.5,7,0.0,-35.5,1
3,7,178456,5.0481,38.6,28.36,-40.5,7,0.0,-35.5,1
3,7,179182,3.7861,38.6,28.36,-40.5,7,0.0,-35.5,1
3,7,179908,4.2593,38.6,28.36,-40.5,7,0.0,-35.5,1
3,7,180634,2.5916,38.6,28.36,-40.5,7,0.0,-35.5,1
3,7,181360,2.6593,38.6,28.36,-40.5,7,0.0,-35.5,1
3,7,182086,3.8537,38.6,28.36,-40.5,7,0.0,-35.5,1
3,7,182812,4.1016,38.6,28.36,-40.5,7,0.0,-35.5,1
3,7,183538,2.8395,38.6,28.36,-40.5,7,0.0,-35.5,1
3,7,184264,3.2452,38.6,28.36,-40.5,7,0.0,-35.5,1
3,7,184990,4.1917,38.6,28.36,-40.5,7,0.0,-35.5,1
3,7,185716,3.6058,38.6,28.36,-40.5,7,0.0,-35.5,1
3,7,186442,3.5156,38.6,28.35,-40.5,7,0.0,-35.5,1
3,7,187168,4.0565,38.6,28.35,-40.5,7,0.0,-35.5,1
3,7,187894,4.0565,38.6,28.36,-40.5,7,0.0,-35.5,1
3,7,188620,3.6058,38.6,28.36,-40.5,7,0.0,-35.5,1
3,7,189346,3.0198,38.6,28.36,-40.5,7,0.0,-35.5,1
3,7,190072,4.8002,38.6,28.36,-40.5,7,0.0,-35.5,1
3,7,190798,3.2903,38.6,28.36,-40.5,7,0.0,-35.5,1
3,7,191524,3.8762,38.6,28.36,-40.5,7,0.0,-35.5,1
3,7,192250,3.4480,38.6,28.35,-40.5,7,0.0,-35.5,1
3,7,192976,4.0114,38.6,28.36,-40.5,7,0.0,-35.5,1
3,7,193702,3.1550,38.6,28.36,-40.5,7,0.0,-35.5,1
3,7,194428,3.8311,38.6,28.36,-40.5,7,0.0,-35.5,1
3,7,195154,2.7494,38.6,28.36,-40.5,7,0.0,-35.5,1
3,7,195880,2.7494,38.6,28.36,-40.5,7,0.0,-35.5,1
3,7,196606,3.6058,38.6,28.36,-40.5,7,0.0,-35.5,1
3,7,197332,3.9663,39.6,28.36,-40.5,7,0.0,-35.5,1
3,7,198058,3.8762,38.6,28.36,-40.5,7,0.0,-35.5,1
3,7,198784,3.1325,38.6,28.35,-40.5,7,0.0,-35.5,1
3,7,199510,2.9072,38.6,28.36,-40.5,7,0.0,-35.5,1
3,7,200236,3.6959,39.6,28.35,-40.5,7,0.0,-35.5,1
3,7,200962,3.2452,38.6,28.36,-40.5,7,0.0,-35.5,1
3,7,201688,3.6508,38.6,28.36,-40.5,7,0.0,-35.5,1
3,7,202414,3.5156,38.6,28.36,-40.5,7,0.0,-35.5,1
3,7,203140,4.3495,38.6,28.36,-40.5,7,0.0,-35.5,1
3,7,203866,4.3495,38.6,28.35,-40.5,7,0.0,-35.5,1
3,7,204592,4.0565,39.6,28.36,-40.5,7,0.0,-35.5,1
3,7,205318,3.8762,39.6,28.36,-40.5,7,0.0,-35.5,1
3,7,206044,3.5156,39.6,28.36,-40.5,7,0.0,-35.5,1
3,7,206770,3.8537,39.6,28.36,-40.5,7,0.0,-35.5,1
3,7,207496,4.6424,38.6,28.36,-40.5,7,0.0,-35.5,1
3,7,208222,4.7100,38.6,28.36,-40.5,7,0.0,-35.5,1
3,7,208948,3.1100,38.6,28.36,-40.5,7,0.0,-35.5,1
3,7,209674,4.2142,38.6,28.36,-40.5,7,0.0,-35.5,1
3,7,210400,2.9748,38.6,28.35,-40.5,7,0.0,-35.5,1
3,7,211126,4.1016,38.6,28.35,-40.5,7,0.0,-35.5,1
3,7,211852,4.1016,38.6,28.35,-40.5,7,0.0,-35.5,1
3,7,212578,3.7184,38.6,28.35,-40.5,7,0.0,-35.5,1
3,7,213304,3.8762,38.6,28.35,-40.5,7,0.0,-35.5,1
3,7,214030,3.1550,38.6,28.35,-40.5,7,0.0,-35.5,1
3,7,214756,3.7184,38.6,28.35,-40.5,7,0.0,-35.5,1
3,7,215482,4.4396,39.6,28.35,-40.5,7,0.0,-35.5,1
3,7,216208,2.9072,39.6,28.35,-40.5,7,0.0,-35.5,1
3,7,216934,3.1776,38.6,28.35,-40.5,7,0.0,-35.5,1
3,7,217660,3.2903,38.6,28.35,-40.5,7,0.0,-35.5,1
3,7,218386,3.1325,38.6,28.35,-40.5,7,0.0,-35.5,1
3,7,219112,3.0649,38.6,28.35,-40.5,7,0.0,-35.5,1
3,7,219838,3.0649,38.6,28.35,-40.5,7,0.0,-35.5,1
3,7,220564,3.1100,38.6,28.35,-40.5,7,0.0,-35.5,1
3,7,221290,3.9438,38.6,28.35,-40.5,7,0.0,-35.5,1
3,7,222016,3.7410,38.6,28.35,-40.5,7,0.0,-35.5,1
3,7,222742,3.2903,38.6,28.35,-40.5,7,0.0,-35.5,1
3,7,223468,3.9889,38.6,28.35,-40.5,7,0.0,-35.5,1
3,7,224194,2.9973,38.6,28.35,-40.5,7,0.0,-35.5,1
3,7,224920,3.6283,38.6,28.35,-40.5,7,0.0,-35.5,1
3,7,225646,4.6424,38.6,28.35,-40.5,7,0.0,-35.5,1
3,7,226372,4.0114,38.6,28.35,-40.5,7,0.0,-35.5,1
3,7,227098,3.5832,38.6,28.35,-40.5,7,0.0,-35.5,1
3,7,227824,3.5832,38.6,28.35,-40.5,7,0.0,-35.5,1
3,7,228550,3.3804,38.6,28.35,-40.5,7,0.0,-35.5,1
3,7,229276,3.2001,38.6,28.35,-40.5,7,0.0,-35.5,1
3,7,230002,4.2142,38.6,28.35,-40.5,7,0.0,-35.5,1
3,7,230728,3.2227,38.6,28.35,-40.5,7,0.0,-35.5,1
3,7,231454,2.5466,39.6,28.35,-40.5,7,0.0,-35.5,1
3,7,232180,3.6508,39.6,28.35,-40.5,7,0.0,-35.5,1
3,7,232906,3.6959,38.6,28.35,-40.5,7,0.0,-35.5,1
3,7,233632,4.5072,38.6,28.35,-40.5,7,0.0,-35.5,1
3,7,234358,4.3495,39.6,28.34,-40.5,7,0.0,-35.5,1
3,7,235084,3.0424,39.6,28.34,-40.5,7,0.0,-35.5,1
3,7,235810,3.7410,39.6,28.34,-40.5,7,0.0,-35.5,1
3,7,236536,3.5607,38.6,28.34,-40.5,7,0.0,-35.5,1
3,7,237262,3.0424,39.6,28.35,-40.5,7,0.0,-35.5,1
3,7,237988,3.9889,38.6,28.34,-40.5,7,0.0,-35.5,1
3,7,238714,3.6508,38.6,28.35,-40.5,7,0.0,-35.5,1
3,7,239440,4.3945,38.6,28.34,-40.5,7,0.0,-35.5,1
3,7,240166,3.9663,38.6,28.34,-40.5,7,0.0,-35.5,1
3,7,240892,3.8987,38.6,28.35,-40.5,7,0.0,-35.5,1
3,7,241618,-10.0060,38.6,28.35,-40.5,7,0.0,-35.5,0
3,7,242344,3.4255,38.6,28.35,-40.5,7,0.0,-35.5,1
3,7,243070,3.7635,38.6,28.35,-40.5,7,0.0,-35.5,1
3,7,243796,3.2452,38.6,28.34,-40.5,7,0.0,-35.5,1
3,7,244522,3.3804,38.6,28.35,-40.5,7,0.0,-35.5,1
3,7,245248,3.7861,38.6,28.35,-40.5,7,0.0,-35.5,1
3,7,245974,4.4396,38.6,28.35,-40.5,7,0.0,-35.5,1
3,7,246700,4.3044,39.6,28.35,-40.5,7,0.0,-35.5,1
3,7,247426,3.1550,38.6,28.35,-40.5,7,0.0,-35.5,1
3,7,248152,3.8086,38.6,28.34,-40.5,7,0.0,-35.5,1
3,7,248878,2.8170,38.6,28.35,-40.5,7,0.0,-35.5,1
3,7,249604,2.8170,38.6,28.34,-40.5,7,0.0,-35.5,1
3,7,250330,3.8762,38.6,28.34,-40.5,7,0.0,-35.5,1
3,7,251056,3.8086,38.6,28.35,-40.5,7,0.0,-35.5,1
3,7,251782,3.2452,39.6,28.35,-40.5,7,0.0,-35.5,1
3,7,252508,2.9973,38.6,28.34,-40.5,7,0.0,-35.5,1
3,7,253234,4.4171,38.6,28.35,-40.5,7,0.0,-35.5,1
3,7,253960,3.4255,38.6,28.35,-40.5,7,0.0,-35.5,1
3,7,254686,4.2368,38.6,28.34,-40.5,7,0.0,-35.5,1
3,7,255412,3.0874,38.6,28.34,-40.5,7,0.0,-35.5,1
3,7,256138,3.0198,38.6,28.34,-40.5,7,0.0,-35.5,1
3,7,256864,3.6283,38.6,28.34,-40.5,7,0.0,-35.5,1
3,7,257590,3.6283,38.6,28.34,-40.5,7,0.0,-35.5,1
3,7,258316,3.0198,38.6,28.34,-40.5,7,0.0,-35.5,1
3,7,259042,3.6283,38.6,28.34,-40.5,7,0.0,-35.5,1
3,7,259768,4.1241,38.6,28.34,-40.5,7,0.0,-35.5,1
3,7,260494,3.5382,38.6,28.34,-40.5,7,0.0,-35.5,1
3,7,261220,3.4706,39.6,28.34,-40.5,7,0.0,-35.5,1
3,7,261946,4.4171,38.6,28.34,-40.5,7,0.0,-35.5,1
3,7,262672,3.7184,39.6,28.34,-40.5,7,0.0,-35.5,1
3,7,263398,3.0649,39.6,28.34,-40.5,7,0.0,-35.5,1
3,7,264124,3.7861,39.6,28.34,-40.5,7,0.0,-35.5,1
3,7,264850,2.8170,39.6,28.33,-40.5,7,0.0,-35.5,1
3,7,265576,2.8170,39.6,28.34,-40.5,7,0.0,-35.5,1
3,7,266302,3.1100,38.6,28.34,-40.5,7,0.0,-35.5,1
3,7,267028,4.6875,38.6,28.34,-40.5,7,0.0,-35.5,1
3,7,267754,4.2142,38.6,28.34,-40.5,7,0.0,-35.5,1
3,7,268480,3.3353,38.6,28.34,-40.5,7,0.0,-35.5,1
3,7,269206,3.9663,38.6,28.34,-40.5,7,0.0,-35.5,1
3,7,269932,4.0565,38.6,28.34,-40.5,7,0.0,-35.5,1
3,7,270658,3.2001,38.6,28.34,-40.5,7,0.0,-35.5,1
3,7,271384,3.5607,39.6,28.33,-40.5,7,0.0,-35.5,1
3,7,272110,3.8311,39.6,28.34,-40.5,7,0.0,-35.5,1
3,7,272836,3.4029,38.6,28.34,-40.5,7,0.0,-35.5,1
3,7,273562,3.4029,38.6,28.33,-40.5,7,0.0,-35.5,1
3,7,274288,3.8537,38.6,28.33,-40.5,7,0.0,-35.5,1
3,7,275014,2.8170,38.6,28.34,-40.5,7,0.0,-35.5,1
3,7,275740,3.7410,38.6,28.34,-40.5,7,0.0,-35.5,1
3,7,276466,3.6734,38.6,28.34,-40.5,7,0.0,-35.5,1
3,7,277192,3.2903,37.6,28.34,-40.5,7,0.0,-35.5,1
3,7,277918,3.4480,38.6,28.33,-40.5,7,0.0,-35.5,1
3,7,278644,4.0565,38.6,28.34,-40.5,7,0.0,-35.5,1
3,7,279370,3.6058,38.6,28.33,-40.5,7,0.0,-35.5,1
3,7,280096,3.8311,38.6,28.34,-40.5,7,0.0,-35.5,1
3,7,280822,3.9213,38.6,28.34,-40.5,7,0.0,-35.5,1
3,7,281548,3.9213,37.6,28.33,-40.5,7,0.0,-35.5,1
3,7,282274,2.7945,38.6,28.33,-40.5,7,0.0,-35.5,1
3,7,283000,3.5382,38.6,28.33,-40.5,7,0.0,-35.5,1
3,7,283726,5.2058,38.6,28.34,-40.5,7,0.0,-35.5,1
3,7,284452,4.5974,38.6,28.33,-40.5,7,0.0,-35.5,1
3,7,285178,3.8311,38.6,28.34,-40.5,7,0.0,-35.5,1
3,7,285904,3.2001,38.6,28.34,-40.5,7,0.0,-35.5,1
3,7,286630,3.1550,38.6,28.34,-40.5,7,0.0,-35.5,1
3,7,287356,3.1776,38.6,28.34,-40.5,7,0.0,-35.5,1
3,7,288082,4.3044,38.6,28.34,-40.5,7,0.0,-35.5,1
3,7,288808,3.3353,38.6,28.33,-40.5,7,0.0,-35.5,1
3,7,289534,3.1776,38.6,28.34,-40.5,7,0.0,-35.5,1
3,7,290260,4.5297,38.6,28.33,-40.5,7,0.0,-35.5,1
3,7,290986,2.8846,38.6,28.34,-40.5,7,0.0,-35.5,1
3,7,291712,3.8537,38.6,28.33,-40.5,7,0.0,-35.5,1
3,7,292438,4.3269,38.6,28.34,-40.5,7,0.0,-35.5,1
3,7,293164,3.5607,39.6,28.34,-40.5,7,0.0,-35.5,1
3,7,293890,4.6875,38.6,28.33,-40.5,7,0.0,-35.5,1
3,7,294616,3.5832,38.6,28.33,-40.5,7,0.0,-35.5,1
3,7,295342,3.0874,38.6,28.33,-40.5,7,0.0,-35.5,1
3,7,296068,4.3720,38.6,28.33,-40.5,7,0.0,-35.5,1
3,7,296794,3.1776,38.6,28.33,-40.5,7,0.0,-35.5,1
3,7,297520,4.7326,39.6,28.33,-40.5,7,0.0,-35.5,1
3,7,298246,3.8987,38.6,28.33,-40.5,7,0.0,-35.5,1
3,7,298972,4.0114,38.6,28.33,-40.5,7,0.0,-35.5,1
3,7,299698,3.3579,38.6,28.32,-40.5,7,0.0,-35.5,1
3,7,300424,3.7184,38.6,28.32,-40.5,7,0.0,-35.5,1
3,7,301150,2.9973,38.6,28.32,-40.5,7,0.0,-35.5,1
3,7,301876,3.5832,38.6,28.33,-40.5,7,0.0,-35.5,1
3,7,302602,2.6142,38.6,28.33,-40.5,7,0.0,-35.5,1
3,7,303328,2.6142,38.6,28.32,-40.5,7,0.0,-35.5,1
3,7,304054,3.8762,38.6,28.33,-40.5,7,0.0,-35.5,1
3,7,304780,4.7326,38.6,28.33,-40.5,7,0.0,-35.5,1
3,7,305506,4.8453,38.6,28.33,-40.5,7,0.0,-35.5,1
3,7,306232,3.5156,38.6,28.33,-40.5,7,0.0,-35.5,1
3,7,306958,3.8762,38.6,28.33,-40.5,7,0.0,-35.5,1
3,7,307684,3.3353,38.6,28.33,-40.5,7,0.0,-35.5,1
3,7,308410,4.6424,38.6,28.33,-40.5,7,0.0,-35.5,1
3,7,309136,2.8170,38.6,28.32,-40.5,7,0.0,-35.5,1
3,7,309862,4.4847,38.6,28.32,-40.5,7,0.0,-35.5,1
3,7,310588,3.7861,38.6,28.33,-40.5,7,0.0,-35.5,1
3,7,311314,3.7861,38.6,28.33,-40.5,7,0.0,-35.5,1
3,7,312040,4.6650,38.6,28.32,-40.5,7,0.0,-35.5,1
3,7,312766,3.5382,38.6,28.33,-40.5,7,0.0,-35.5,1
3,7,313492,3.5832,38.6,28.32,-40.5,7,0.0,-35.5,1
3,7,314218,3.8762,38.6,28.32,-40.5,7,0.0,-35.5,1
3,7,314944,2.9522,38.6,28.33,-40.5,7,0.0,-35.5,1
3,7,315670,3.7635,38.6,28.32,-40.5,7,0.0,-35.5,1
3,7,316396,4.4171,38.6,28.33,-40.5,7,0.0,-35.5,1
3,7,317122,3.3128,39.6,28.33,-40.5,7,0.0,-35.5,1
3,7,317848,3.9438,38.6,28.33,-40.5,7,0.0,-35.5,1
3,7,318574,3.8311,38.6,28.32,-40.5,7,0.0,-35.5,1
3,7,319300,3.8311,38.6,28.32,-40.5,7,0.0,-35.5,1
3,7,320026,4.5297,38.6,28.33,-40.5,7,0.0,-35.5,1
3,7,320752,3.4706,38.6,28.32,-40.5,7,0.0,-35.5,1
3,7,321478,3.2227,38.6,28.32,-40.5,7,0.0,-35.5,1
3,7,322204,3.6283,39.6,28.32,-40.5,7,0.0,-35.5,1
3,7,322930,4.8453,39.6,28.32,-40.5,7,0.0,-35.5,1
3,7,323656,4.5974,38.6,28.33,-40.5,7,0.0,-35.5,1
3,7,324382,3.1100,38.6,28.33,-40.5,7,0.0,-35.5,1
3,7,325108,2.9748,38.6,28.33,-40.5,7,0.0,-35.5,1
3,7,325834,3.8762,38.6,28.32,-40.5,7,0.0,-35.5,1
3,7,326560,3.8987,38.6,28.32,-40.5,7,0.0,-35.5,1
3,7,327286,3.8987,38.6,28.32,-40.5,7,0.0,-35.5,1
3,7,328012,3.5607,38.6,28.32,-40.5,7,0.0,-35.5,1
3,7,328738,3.4255,38.6,28.33,-40.5,7,0.0,-35.5,1
3,7,329464,3.5156,38.6,28.32,-40.5,7,0.0,-35.5,1
3,7,330190,2.9522,39.6,28.33,-40.5,7,0.0,-35.5,1
3,7,330916,3.6283,38.6,28.32,-40.5,7,0.0,-35.5,1
3,7,331642,4.0114,38.6,28.32,-40.5,7,0.0,-35.5,1
3,7,332368,3.6959,38.6,28.32,-40.5,7,0.0,-35.5,1
3,7,333094,4.0114,38.6,28.32,-40.5,7,0.0,-35.5,1
3,7,333820,3.8311,38.6,28.32,-40.5,7,0.0,-35.5,1
3,7,334546,2.7269,38.6,28.33,-40.5,7,0.0,-35.5,1
3,7,335272,2.7269,38.6,28.33,-40.5,7,0.0,-35.5,1
3,7,335998,3.8987,38.6,28.33,-40.5,7,0.0,-35.5,1
3,7,336724,4.6650,38.6,28.33,-40.5,7,0.0,-35.5,1
3,7,337450,3.4480,38.6,28.33,-40.5,7,0.0,-35.5,1
3,7,338176,3.9213,38.6,28.32,-40.5,7,0.0,-35.5,1
3,7,338902,3.6508,38.6,28.32,-40.5,7,0.0,-35.5,1
3,7,339628,4.5748,39.6,28.32,-40.5,7,0.0,-35.5,1
3,7,340354,3.0198,38.6,28.32,-40.5,7,0.0,-35.5,1
3,7,341080,3.9889,38.6,28.32,-40.5,7,0.0,-35.5,1
3,7,341806,3.4480,38.6,28.33,-40.5,7,0.0,-35.5,1
3,7,342532,3.6283,37.6,28.32,-40.5,7,0.0,-35.5,1
3,7,343258,3.2452,37.6,28.32,-40.5,7,0.0,-35.5,1
3,7,343984,2.3888,38.6,28.32,-40.5,7,0.0,-35.5,1
3,7,344710,2.7269,38.6,28.32,-40.5,7,0.0,-35.5,1
3,7,345436,3.8537,38.6,28.33,-40.5,7,0.0,-35.5,1
3,7,346162,4.6424,38.6,28.32,-40.5,7,0.0,-35.5,1
3,7,346888,4.0565,38.6,28.32,-40.5,7,0.0,-35.5,1
3,7,347614,3.5607,38.6,28.32,-40.5,7,0.0,-35.5,1
3,7,348340,2.8621,38.6,28.32,-40.5,7,0.0,-35.5,1
3,7,349066,3.6734,37.6,28.32,-40.5,7,0.0,-35.5,1
3,7,349792,3.4480,38.6,28.32,-40.5,7,0.0,-35.5,1
3,7,350518,4.1241,38.6,28.32,-40.5,7,0.0,-35.5,1
3,7,351244,3.8762,38.6,28.33,-40.5,7,0.0,-35.5,1
3,7,351970,3.8086,38.6,28.32,-40.5,7,0.0,-35.5,1
3,7,352696,3.8987,38.6,28.32,-40.5,7,0.0,-35.5,1
3,7,353422,4.5072,38.6,28.32,-40.5,7,0.0,-35.5,1
3,7,354148,3.6959,38.6,28.32,-40.5,7,0.0,-35.5,1
3,7,354874,2.7945,38.6,28.32,-40.5,7,0.0,-35.5,1
3,7,355600,4.3495,38.6,28.32,-40.5,7,0.0,-35.5,1
3,7,356326,2.9072,38.6,28.32,-40.5,7,0.0,-35.5,1
3,7,357052,2.9072,38.6,28.32,-40.5,7,0.0,-35.5,1
3,7,357778,2.7945,38.6,28.32,-40.5,7,0.0,-35.5,1
3,7,358504,4.3269,38.6,28.32,-40.5,7,0.0,-35.5,1
3,7,359230,3.6734,38.6,28.32,-40.5,7,0.0,-35.5,1
3,7,359956,2.9522,38.6,28.32,-40.5,7,0.0,-35.5,1
3,7,360682,3.6283,38.6,28.32,-40.5,7,0.0,-35.5,1
3,7,361408,4.5974,38.6,28.32,-40.5,7,0.0,-35.5,1
3,7,362134,4.1692,38.6,28.32,-40.5,7,0.0,-35.5,1
3,7,362860,3.7635,38.6,28.32,-40.5,7,0.0,-35.5,1
3,7,363586,5.0255,38.6,28.32,-40.5,7,0.0,-35.5,1
3,7,364312,3.3804,38.6,28.32,-40.5,7,0.0,-35.5,1
3,7,365038,3.3804,38.6,28.32,-40.5,7,0.0,-35.5,1
3,7,365764,4.1692,38.6,28.32,-40.5,7,0.0,-35.5,1
3,7,366490,3.5156,38.6,28.32,-40.5,7,0.0,-35.5,1
3,7,367216,3.6058,38.6,28.32,-40.5,7,0.0,-35.5,1
3,7,367942,3.0424,38.6,28.31,-40.5,7,0.0,-35.5,1
3,7,368668,2.8621,38.6,28.32,-40.5,7,0.0,-35.5,1
3,6,5668,2.2311,36.6,28.32,-41.0,6,0.0,-35.5,1
3,6,6394,2.1635,36.6,28.32,-41.0,6,0.0,-35.5,1
3,6,7120,1.6902,37.6,28.32,-41.0,6,0.0,-35.5,1
3,6,7846,2.9522,37.6,28.32,-41.0,6,0.0,-35.5,1
3,6,8572,2.7719,38.6,28.32,-41.0,6,0.0,-35.5,1
3,6,9298,2.2085,38.6,28.32,-41.0,6,0.0,-35.5,1
3,6,10024,2.8170,38.6,28.32,-41.0,6,0.0,-35.5,1
3,6,10750,2.7269,38.6,28.32,-41.0,6,0.0,-35.5,1
3,6,11476,2.6142,38.6,28.32,-41.0,6,0.0,-35.5,1
3,6,12202,1.5775,38.6,28.32,-41.0,6,0.0,-35.5,1
3,6,12928,1.5775,38.6,28.32,-41.0,6,0.0,-35.5,1
3,6,13654,2.2311,38.6,28.32,-41.0,6,0.0,-35.5,1
3,6,14380,1.1493,38.6,28.32,-41.0,6,0.0,-35.5,1
3,6,15106,1.2620,38.6,28.32,-41.0,6,0.0,-35.5,1
3,6,15832,1.6677,38.6,28.32,-41.0,6,0.0,-35.5,1
3,6,16558,2.9973,38.6,28.32,-41.0,6,0.0,-35.5,1
3,6,17284,2.2987,38.6,28.32,-41.0,6,0.0,-35.5,1
3,6,18010,1.1944,38.6,28.32,-41.0,6,0.0,-35.5,1
3,6,18736,2.1635,38.6,28.33,-41.0,6,0.0,-35.5,1
3,6,19462,1.3522,38.6,28.33,-41.0,6,0.0,-35.5,1
3,6,20188,2.3663,38.6,28.33,-41.0,6,0.0,-35.5,1
3,6,20914,2.3663,38.6,28.33,-41.0,6,0.0,-35.5,1
3,6,21640,1.6451,38.6,28.33,-41.0,6,0.0,-35.5,1
3,6,22366,2.5916,38.6,28.33,-41.0,6,0.0,-35.5,1
3,6,23092,2.9973,38.6,28.33,-41.0,6,0.0,-35.5,1
3,6,23818,2.2987,38.6,28.33,-41.0,6,0.0,-35.5,1
3,6,24544,2.2311,38.6,28.33,-41.0,6,0.0,-35.5,1
3,6,25270,0.9691,38.6,28.32,-41.0,6,0.0,-35.5,1
3,6,25996,1.1493,38.6,28.33,-41.0,6,0.0,-35.5,1
3,6,26722,2.1860,38.6,28.33,-41.0,6,0.0,-35.5,1
3,6,27448,1.8480,38.6,28.33,-41.0,6,0.0,-35.5,1
3,6,28174,1.8480,38.6,28.34,-41.0,6,0.0,-35.5,1
3,6,28900,1.7803,38.6,28.34,-41.0,6,0.0,-35.5,1
3,6,29626,1.3296,38.6,28.34,-41.0,6,0.0,-35.5,1
3,6,30352,2.5015,38.6,28.34,-41.0,6,0.0,-35.5,1
3,6,31078,1.7353,38.6,28.34,-41.0,6,0.0,-35.5,1
3,6,31804,3.0198,38.6,28.34,-41.0,6,0.0,-35.5,1
3,6,32530,2.8170,38.6,28.34,-41.0,6,0.0,-35.5,1
3,6,33256,2.0282,38.6,28.34,-41.0,6,0.0,-35.5,1
3,6,33982,1.9606,38.6,28.33,-41.0,6,0.0,-35.5,1
3,6,34708,2.0733,37.6,28.34,-41.0,6,0.0,-35.5,1
3,6,35434,2.1184,38.6,28.34,-41.0,6,0.0,-35.5,1
3,6,36160,2.4114,38.6,28.34,-41.0,6,0.0,-35.5,1
3,6,36886,2.1635,38.6,28.34,-41.0,6,0.0,-35.5,1
3,6,37612,2.2987,38.6,28.34,-41.0,6,0.0,-35.5,1
3,6,38338,1.5550,38.6,28.34,-41.0,6,0.0,-35.5,1
3,6,39064,2.9072,38.6,28.34,-41.0,6,0.0,-35.5,1
3,6,39790,1.7127,38.6,28.34,-41.0,6,0.0,-35.5,1
3,6,40516,2.4790,38.6,28.35,-41.0,6,0.0,-35.5,1
3,6,41242,2.1184,38.6,28.34,-40.5,6,0.0,-35.5,1
3,6,41968,1.5775,38.6,28.34,-41.0,6,0.0,-35.5,1
3,6,42694,1.5775,38.6,28.34,-41.0,6,0.0,-35.5,1
3,6,43420,2.3663,38.6,28.35,-41.0,6,0.0,-35.5,1
3,6,44146,1.0592,38.6,28.35,-41.0,6,0.0,-35.5,1
3,6,44872,2.4114,38.6,28.35,-41.0,6,0.0,-35.5,1
3,6,45598,2.0733,38.6,28.34,-41.0,6,0.0,-35.5,1
3,6,46324,2.0733,38.6,28.34,-41.0,6,0.0,-35.5,1
3,6,47050,1.5775,38.6,28.34,-41.0,6,0.0,-35.5,1
3,6,47776,3.5382,38.6,28.35,-41.0,6,0.0,-35.5,1
3,6,48502,1.6226,38.6,28.34,-41.0,6,0.0,-35.5,1
3,6,49228,1.1944,38.6,28.34,-41.0,6,0.0,-35.5,1
3,6,49954,2.0057,38.6,28.34,-41.0,6,0.0,-35.5,1
3,6,50680,2.0057,38.6,28.34,-41.0,6,0.0,-35.5,1
3,6,51406,2.4790,38.6,28.34,-41.0,6,0.0,-35.5,1
3,6,52132,1.9606,38.6,28.35,-41.0,6,0.0,-35.5,1
3,6,52858,2.3212,38.6,28.34,-41.0,6,0.0,-35.5,1
3,6,53584,2.3212,38.6,28.34,-41.0,6,0.0,-35.5,1
3,6,54310,1.6001,38.6,28.34,-41.0,6,0.0,-35.5,1
3,6,55036,2.2085,38.6,28.34,-41.0,6,0.0,-35.5,1
3,6,55762,1.9381,38.6,28.34,-41.0,6,0.0,-35.5,1
3,6,56488,2.2311,39.6,28.34,-41.0,6,0.0,-35.5,1
3,6,57214,1.6677,38.6,28.34,-41.0,6,0.0,-35.5,1
3,6,57940,1.9156,37.6,28.35,-41.0,6,0.0,-35.5,1
3,6,58666,1.9156,38.6,28.34,-41.0,6,0.0,-35.5,1
3,6,59392,2.3888,38.6,28.35,-41.0,6,0.0,-35.5,1
3,6,60118,2.5466,38.6,28.34,-41.0,6,0.0,-35.5,1
3,6,60844,2.6142,38.6,28.34,-41.0,6,0.0,-35.5,1
3,6,61570,2.3437,38.6,28.35,-41.0,6,0.0,-35.5,1
3,6,62296,1.8480,38.6,28.35,-41.0,6,0.0,-35.5,1
3,6,63022,1.4648,38.6,28.34,-41.0,6,0.0,-35.5,1
3,6,63748,1.3071,38.6,28.34,-41.0,6,0.0,-35.5,1
3,6,64474,1.8029,38.6,28.35,-41.0,6,0.0,-35.5,1
3,6,65200,2.0057,38.6,28.34,-41.0,6,0.0,-35.5,1
3,6,65926,1.3296,38.6,28.34,-41.0,6,0.0,-35.5,1
3,6,66652,1.3296,38.6,28.34,-41.0,6,0.0,-35.5,1
3,6,67378,1.7127,38.6,28.34,-41.0,6,0.0,-35.5,1
3,6,68104,2.9297,38.6,28.34,-41.0,6,0.0,-35.5,1
3,6,68830,2.0508,38.6,28.35,-41.0,6,0.0,-35.5,1
3,6,69556,2.9297,38.6,28.34,-41.0,6,0.0,-35.5,1
3,6,70282,1.5775,38.6,28.34,-41.0,6,0.0,-35.5,1
3,6,71008,1.9381,38.6,28.34,-41.0,6,0.0,-35.5,1
3,6,71734,2.0959,38.6,28.34,-41.0,6,0.0,-35.5,1
3,6,72460,1.7578,38.6,28.35,-41.0,6,0.0,-35.5,1
3,6,73186,2.4564,38.6,28.35,-41.0,6,0.0,-35.5,1
3,6,73912,1.7578,38.6,28.34,-41.0,6,0.0,-35.5,1
3,6,74638,1.7578,38.6,28.35,-41.0,6,0.0,-35.5,1
3,6,75364,2.3212,38.6,28.34,-41.0,6,0.0,-35.5,1
3,6,76090,2.4790,38.6,28.35,-41.0,6,0.0,-35.5,1
3,6,76816,2.6142,39.6,28.35,-41.0,6,0.0,-35.5,1
3,6,77542,1.9381,38.6,28.34,-41.0,6,0.0,-35.5,1
3,6,78268,2.2311,38.6,28.35,-41.0,6,0.0,-35.5,1
3,6,78994,1.3522,38.6,28.35,-41.0,6,0.0,-35.5,1
3,6,79720,2.3212,38.6,28.34,-41.0,6,0.0,-35.5,1
3,6,80446,1.9832,38.6,28.35,-41.0,6,0.0,-35.5,1
3,6,81172,1.6902,38.6,28.35,-41.0,6,0.0,-35.5,1
3,6,81898,1.3747,38.6,28.35,-41.0,6,0.0,-35.5,1
3,6,82624,2.6593,38.6,28.35,-41.0,6,0.0,-35.5,1
3,6,83350,1.3522,38.6,28.35,-41.0,6,0.0,-35.5,1
3,6,84076,3.3353,38.6,28.35,-41.0,6,0.0,-35.5,1
3,6,84802,2.0733,38.6,28.35,-41.0,6,0.0,-35.5,1
3,6,85528,2.2761,38.6,28.35,-41.0,6,0.0,-35.5,1
3,6,86254,1.8930,38.6,28.35,-41.0,6,0.0,-35.5,1
3,6,86980,2.2536,39.6,28.35,-41.0,6,0.0,-35.5,1
3,6,87706,1.8254,38.6,28.35,-41.0,6,0.0,-35.5,1
3,6,88432,1.3972,38.6,28.35,-41.0,6,0.0,-35.5,1
3,6,89158,2.0733,38.6,28.34,-41.0,6,0.0,-35.5,1
3,6,89884,2.7269,38.6,28.35,-41.0,6,0.0,-35.5,1
3,6,90610,2.4339,38.6,28.34,-41.0,6,0.0,-35.5,1
3,6,91336,2.0057,38.6,28.34,-41.0,6,0.0,-35.5,1
3,6,92062,1.1043,38.6,28.35,-41.0,6,0.0,-35.5,1
3,6,92788,2.3212,38.6,28.35,-41.0,6,0.0,-35.5,1
3,6,93514,1.2846,38.6,28.35,-41.0,6,0.0,-35.5,1
3,6,94240,3.4255,38.6,28.35,-41.0,6,0.0,-35.5,1
3,6,94966,3.1776,38.6,28.35,-41.0,6,0.0,-35.5,1
3,6,95692,2.1409,38.6,28.35,-41.0,6,0.0,-35.5,1
3,6,96418,2.1409,38.6,28.35,-41.0,6,0.0,-35.5,1
3,6,97144,1.1944,38.6,28.35,-41.0,6,0.0,-35.5,1
3,6,97870,1.4198,38.6,28.35,-41.0,6,0.0,-35.5,1
3,6,98596,1.8029,38.6,28.35,-41.0,6,0.0,-35.5,1
3,6,99322,1.3296,38.6,28.35,-41.0,6,0.0,-35.5,1
3,6,100048,1.5775,38.6,28.35,-41.0,6,0.0,-35.5,1
3,6,100774,2.5916,38.6,28.35,-41.0,6,0.0,-35.5,1
3,6,101500,1.4423,38.6,28.34,-41.0,6,0.0,-35.5,1
3,6,102226,1.9606,38.6,28.35,-41.0,6,0.0,-35.5,1
3,6,102952,1.3972,38.6,28.35,-41.0,6,0.0,-35.5,1
3,6,103678,2.9297,38.6,28.35,-41.0,6,0.0,-35.5,1
3,6,104404,2.9297,38.6,28.35,-41.0,6,0.0,-35.5,1
3,6,105130,2.1860,38.6,28.35,-41.0,6,0.0,-35.5,1
3,6,105856,1.8705,38.6,28.35,-41.0,6,0.0,-35.5,1
3,6,106582,2.6367,38.6,28.35,-41.0,6,0.0,-35.5,1
3,6,107308,2.5691,38.6,28.35,-41.0,6,0.0,-35.5,1
3,6,108034,1.7353,38.6,28.35,-41.0,6,0.0,-35.5,1
3,6,108760,2.2987,38.6,28.34,-41.0,6,0.0,-35.5,1
3,6,109486,2.3212,38.6,28.35,-41.0,6,0.0,-35.5,1
3,6,110212,2.2987,38.6,28.35,-41.0,6,0.0,-35.5,1
3,6,110938,2.4114,38.6,28.35,-41.0,6,0.0,-35.5,1
3,6,111664,2.0508,38.6,28.35,-41.0,6,0.0,-35.5,1
3,6,112390,2.0508,38.6,28.35,-41.0,6,0.0,-35.5,1
3,6,113116,2.4339,38.6,28.35,-41.0,6,0.0,-35.5,1
3,6,113842,2.0282,38.6,28.35,-41.0,6,0.0,-35.5,1
3,6,114568,2.2987,38.6,28.34,-41.0,6,0.0,-35.5,1
3,6,115294,1.1944,38.6,28.35,-41.0,6,0.0,-35.5,1
3,6,116020,1.9381,38.6,28.34,-41.0,6,0.0,-35.5,1
3,6,116746,1.9832,38.6,28.34,-41.0,6,0.0,-35.5,1
3,6,117472,1.3522,38.6,28.35,-41.0,6,0.0,-35.5,1
3,6,118198,1.4423,38.6,28.35,-41.0,6,0.0,-35.5,1
3,6,118924,2.1860,38.6,28.35,-41.0,6,0.0,-35.5,1
3,6,119650,1.7803,38.6,28.34,-41.0,6,0.0,-35.5,1
3,6,120376,1.7803,38.6,28.34,-41.0,6,0.0,-35.5,1
3,6,121102,2.1860,38.6,28.34,-41.0,6,0.0,-35.5,1
3,6,121828,1.8254,38.6,28.34,-41.0,6,0.0,-35.5,1
3,6,122554,1.7578,38.6,28.34,-41.0,6,0.0,-35.5,1
3,6,123280,2.7945,38.6,28.34,-41.0,6,0.0,-35.5,1
3,6,124006,1.9156,38.6,28.34,-40.5,6,0.0,-35.5,1
3,6,124732,2.2311,38.6,28.35,-41.0,6,0.0,-35.5,1
3,6,125458,2.0959,38.6,28.34,-40.5,6,0.0,-35.5,1
3,6,126184,1.4648,38.6,28.34,-41.0,6,0.0,-35.5,1
3,6,126910,1.2620,38.6,28.34,-41.0,6,0.0,-35.5,1
3,6,127636,2.1860,38.6,28.34,-41.0,6,0.0,-35.5,1
3,6,128362,2.1860,38.6,28.34,-41.0,6,0.0,-35.5,1
3,6,129088,2.8621,38.6,28.34,-41.0,6,0.0,-35.5,1
3,6,129814,1.6226,38.6,28.34,-41.0,6,0.0,-35.5,1
3,6,130540,1.3747,38.6,28.34,-41.0,6,0.0,-35.5,1
3,6,131266,2.9522,38.6,28.34,-41.0,6,0.0,-35.5,1
3,6,131992,1.7127,38.6,28.34,-41.0,6,0.0,-35.5,1
3,6,132718,2.7043,38.6,28.35,-41.0,6,0.0,-35.5,1
3,6,133444,3.2227,38.6,28.34,-40.5,6,0.0,-35.5,1
3,6,134170,2.2987,38.6,28.35,-41.0,6,0.0,-35.5,1
3,6,134896,1.0817,38.6,28.35,-41.0,6,0.0,-35.5,1
3,6,135622,2.8170,38.6,28.34,-41.0,6,0.0,-35.5,1
3,6,136348,1.4648,38.6,28.34,-41.0,6,0.0,-35.5,1
3,6,137074,2.7494,38.6,28.34,-41.0,6,0.0,-35.5,1
3,6,137800,2.9748,38.6,28.34,-41.0,6,0.0,-35.5,1
3,6,138526,2.5240,38.6,28.34,-41.0,6,0.0,-35.5,1
3,6,139252,1.9381,38.6,28.34,-41.0,6,0.0,-35.5,1
3,6,139978,2.0733,38.6,28.34,-41.0,6,0.0,-35.5,1
3,6,140704,1.5099,38.6,28.34,-41.0,6,0.0,-35.5,1
3,6,141430,2.3437,38.6,28.34,-41.0,6,0.0,-35.5,1
3,6,142156,2.7945,37.6,28.34,-41.0,6,0.0,-35.5,1
3,6,142882,1.4198,38.6,28.34,-41.0,6,0.0,-35.5,1
3,6,143608,2.9297,38.6,28.34,-41.0,6,0.0,-35.5,1
3,6,144334,2.7719,38.6,28.34,-41.0,6,0.0,-35.5,1
3,6,145060,2.6818,38.6,28.34,-41.0,6,0.0,-35.5,1
3,6,145786,1.8930,38.6,28.34,-41.0,6,0.0,-35.5,1
3,6,146512,2.1409,38.6,28.34,-41.0,6,0.0,-35.5,1
3,6,147238,2.8846,38.6,28.34,-41.0,6,0.0,-35.5,1
3,6,147964,2.6367,39.6,28.34,-41.0,6,0.0,-35.5,1
3,6,148690,2.5015,38.6,28.34,-41.0,6,0.0,-35.5,1
3,6,149416,1.5550,38.6,28.34,-41.0,6,0.0,-35.5,1
3,6,150142,1.5550,38.6,28.34,-41.0,6,0.0,-35.5,1
3,6,150868,2.7945,39.6,28.34,-41.0,6,0.0,-35.5,1
3,6,151594,2.2536,39.6,28.34,-41.0,6,0.0,-35.5,1
3,6,152320,2.0282,39.6,28.34,-41.0,6,0.0,-35.5,1
3,6,153046,1.9156,38.6,28.34,-41.0,6,0.0,-35.5,1
3,6,153772,1.8480,38.6,28.34,-41.0,6,0.0,-35.5,1
3,6,154498,1.0817,38.6,28.34,-41.0,6,0.0,-35.5,1
3,6,155224,2.6142,39.6,28.34,-41.0,6,0.0,-35.5,1
3,6,155950,2.1860,38.6,28.34,-41.0,6,0.0,-35.5,1
3,6,156676,1.4423,39.6,28.34,-41.0,6,0.0,-35.5,1
3,6,157402,1.9156,38.6,28.34,-40.5,6,0.0,-35.5,1
3,6,158128,1.9156,38.6,28.33,-40.5,6,0.0,-35.5,1
3,6,158854,1.8480,38.6,28.34,-41.0,6,0.0,-35.5,1
3,6,159580,1.3296,38.6,28.34,-41.0,6,0.0,-35.5,1
3,6,160306,2.4114,38.6,28.34,-41.0,6,0.0,-35.5,1
3,6,161032,1.1944,38.6,28.34,-41.0,6,0.0,-35.5,1
3,6,161758,2.4790,38.6,28.34,-41.0,6,0.0,-35.5,1
3,6,162484,2.5916,38.6,28.33,-41.0,6,0.0,-35.5,1
3,6,163210,1.4198,39.6,28.34,-41.0,6,0.0,-35.5,1
3,6,163936,1.4648,38.6,28.34,-41.0,6,0.0,-35.5,1
3,6,164662,2.8170,38.6,28.34,-41.0,6,0.0,-35.5,1
3,6,165388,2.3888,38.6,28.34,-41.0,6,0.0,-35.5,1
3,6,166114,2.3888,39.6,28.33,-41.0,6,0.0,-35.5,1
3,6,166840,1.1944,38.6,28.34,-41.0,6,0.0,-35.5,1
3,6,167566,1.7803,38.6,28.33,-41.0,6,0.0,-35.5,1
3,6,168292,2.4564,38.6,28.33,-41.0,6,0.0,-35.5,1
3,6,169018,1.1493,38.6,28.33,-41.0,6,0.0,-35.5,1
3,6,169744,2.1635,38.6,28.33,-41.0,6,0.0,-35.5,1
3,6,170470,2.5015,38.6,28.33,-41.0,6,0.0,-35.5,1
3,6,171196,1.4423,38.6,28.33,-41.0,6,0.0,-35.5,1
3,6,171922,2.1860,38.6,28.33,-41.0,6,0.0,-35.5,1
3,6,172648,1.4423,38.6,28.33,-41.0,6,0.0,-35.5,1
3,6,173374,1.2846,38.6,28.34,-41.0,6,0.0,-35.5,1
3,6,174100,1.2846,38.6,28.33,-41.0,6,0.0,-35.5,1
3,6,174826,1.5099,38.6,28.34,-41.0,6,0.0,-35.5,1
3,6,175552,2.1184,39.6,28.34,-41.0,6,0.0,-35.5,1
3,6,176278,2.3437,39.6,28.34,-41.0,6,0.0,-35.5,1
3,6,177004,2.6818,39.6,28.34,-41.0,6,0.0,-35.5,1
3,6,177730,1.3071,38.6,28.33,-41.0,6,0.0,-35.5,1
3,6,178456,2.0508,38.6,28.34,-41.0,6,0.0,-35.5,1
3,6,179182,2.3437,38.6,28.33,-41.0,6,0.0,-35.5,1
3,6,179908,1.4648,38.6,28.33,-41.0,6,0.0,-35.5,1
3,6,180634,1.7353,38.6,28.33,-41.0,6,0.0,-35.5,1
3,6,181360,2.4339,38.6,28.33,-41.0,6,0.0,-35.5,1
3,6,182086,2.4339,38.6,28.33,-41.0,6,0.0,-35.5,1
3,6,182812,2.6593,38.6,28.33,-41.0,6,0.0,-35.5,1
3,6,183538,3.0424,39.6,28.33,-41.0,6,0.0,-35.5,1
3,6,184264,1.6677,38.6,28.33,-41.0,6,0.0,-35.5,1
3,6,184990,2.0733,38.6,28.33,-41.0,6,0.0,-35.5,1
3,6,185716,2.0057,38.6,28.33,-41.0,6,0.0,-35.5,1
3,6,186442,1.9156,38.6,28.33,-41.0,6,0.0,-35.5,1
3,6,187168,1.3972,39.6,28.33,-41.0,6,0.0,-35.5,1
3,6,187894,1.3071,38.6,28.33,-41.0,6,0.0,-35.5,1
3,6,188620,2.4790,39.6,28.33,-41.0,6,0.0,-35.5,1
3,6,189346,1.9381,39.6,28.33,-41.0,6,0.0,-35.5,1
3,6,190072,2.2536,39.6,28.33,-41.0,6,0.0,-35.5,1
3,6,190798,1.1043,38.6,28.34,-41.0,6,0.0,-35.5,1
3,6,191524,2.8846,38.6,28.33,-41.0,6,0.0,-35.5,1
3,6,192250,2.2761,38.6,28.33,-41.0,6,0.0,-35.5,1
3,6,192976,2.6367,38.6,28.34,-41.0,6,0.0,-35.5,1
3,6,193702,1.6451,38.6,28.33,-41.0,6,0.0,-35.5,1
3,6,194428,1.1268,38.6,28.33,-41.0,6,0.0,-35.5,1
3,6,195154,1.6677,38.6,28.33,-41.0,6,0.0,-35.5,1
3,6,195880,1.7578,38.6,28.33,-41.0,6,0.0,-35.5,1
3,6,196606,2.3437,38.6,28.32,-41.0,6,0.0,-35.5,1
3,6,197332,1.5099,38.6,28.33,-41.0,6,0.0,-35.5,1
3,6,198058,2.4114,37.6,28.33,-41.0,6,0.0,-35.5,1
3,6,198784,1.7803,37.6,28.33,-41.0,6,0.0,-35.5,1
3,6,199510,2.6142,37.6,28.33,-41.0,6,0.0,-35.5,1
3,6,200236,2.0508,38.6,28.33,-41.0,6,0.0,-35.5,1
3,6,200962,1.1944,38.6,28.32,-41.0,6,0.0,-35.5,1
3,6,201688,2.0057,38.6,28.32,-41.0,6,0.0,-35.5,1
3,6,202414,3.1325,38.6,28.33,-41.0,6,0.0,-35.5,1
3,6,203140,2.3437,38.6,28.33,-41.0,6,0.0,-35.5,1
3,6,203866,2.3437,38.6,28.33,-41.0,6,0.0,-35.5,1
3,6,204592,2.6818,38.6,28.32,-41.0,6,0.0,-35.5,1
3,6,205318,2.4339,38.6,28.32,-41.0,6,0.0,-35.5,1
3,6,206044,2.4114,38.6,28.32,-41.0,6,0.0,-35.5,1
3,6,206770,1.4648,38.6,28.33,-41.0,6,0.0,-35.5,1
3,6,207496,1.3522,38.6,28.32,-41.0,6,0.0,-35.5,1
3,6,208222,1.1493,38.6,28.32,-41.0,6,0.0,-35.5,1
3,6,208948,2.2311,38.6,28.32,-41.0,6,0.0,-35.5,1
3,6,209674,2.1184,38.6,28.32,-41.0,6,0.0,-35.5,1
3,6,210400,3.1325,38.6,28.33,-41.0,6,0.0,-35.5,1
3,6,211126,1.8930,38.6,28.33,-41.0,6,0.0,-35.5,1
3,6,211852,1.8930,38.6,28.32,-41.0,6,0.0,-35.5,1
3,6,212578,1.9381,38.6,28.32,-41.0,6,0.0,-35.5,1
3,6,213304,2.4114,38.6,28.33,-41.0,6,0.0,-35.5,1
3,6,214030,2.9522,38.6,28.32,-41.0,6,0.0,-35.5,1
3,6,214756,2.2536,38.6,28.32,-41.0,6,0.0,-35.5,1
3,6,215482,3.1776,38.6,28.32,-41.0,6,0.0,-35.5,1
3,6,216208,3.2677,38.6,28.32,-41.0,6,0.0,-35.5,1
3,6,216934,1.8930,38.6,28.32,-41.0,6,0.0,-35.5,1
3,6,217660,2.0959,38.6,28.32,-41.0,6,0.0,-35.5,1
3,6,218386,2.2085,38.6,28.32,-41.0,6,0.0,-35.5,1
3,6,219112,2.3212,38.6,28.32,-41.0,6,0.0,-35.5,1
3,6,219838,2.3212,38.6,28.32,-41.0,6,0.0,-35.5,1
3,6,220564,2.3437,38.6,28.32,-41.0,6,0.0,-35.5,1
3,6,221290,1.0367,38.6,28.32,-41.0,6,0.0,-35.5,1
3,6,222016,1.3972,38.6,28.32,-41.0,6,0.0,-35.5,1
3,6,222742,0.9014,38.6,28.32,-41.0,6,0.0,-35.5,1
3,6,223468,3.0649,38.6,28.32,-41.0,6,0.0,-35.5,1
3,6,224194,1.7127,38.6,28.32,-41.0,6,0.0,-35.5,1
3,6,224920,1.6902,37.6,28.32,-41.0,6,0.0,-35.5,1
3,6,225646,1.3972,38.6,28.32,-41.0,6,0.0,-35.5,1
3,6,226372,2.8170,38.6,28.32,-41.0,6,0.0,-35.5,1
3,6,227098,1.5550,38.6,28.32,-41.0,6,0.0,-35.5,1
3,6,227824,1.5550,38.6,28.32,-41.0,6,0.0,-35.5,1
3,6,228550,2.3663,38.6,28.32,-41.0,6,0.0,-35.5,1
3,6,229276,2.8395,38.6,28.32,-41.0,6,0.0,-35.5,1
3,6,230002,2.4790,38.6,28.32,-41.0,6,0.0,-35.5,1
3,6,230728,2.3212,38.6,28.31,-41.0,6,0.0,-35.5,1
3,6,231454,1.6677,38.6,28.32,-41.0,6,0.0,-35.5,1
3,6,232180,1.8480,38.6,28.31,-41.0,6,0.0,-35.5,1
3,6,232906,1.2169,38.6,28.32,-41.0,6,0.0,-35.5,1
3,6,233632,1.8480,39.6,28.32,-41.0,6,0.0,-35.5,1
3,6,234358,2.7494,38.6,28.31,-41.0,6,0.0,-35.5,1
3,6,235084,1.3972,38.6,28.32,-41.0,6,0.0,-35.5,1
3,6,235810,1.3972,38.6,28.32,-41.0,6,0.0,-35.5,1
3,6,236536,1.4423,38.6,28.31,-41.0,6,0.0,-35.5,1
3,6,237262,1.2395,38.6,28.31,-41.0,6,0.0,-35.5,1
3,6,237988,2.9748,38.6,28.31,-41.0,6,0.0,-35.5,1
3,6,238714,2.3212,38.6,28.32,-41.0,6,0.0,-35.5,1
3,6,239440,2.6142,38.6,28.32,-41.0,6,0.0,-35.5,1
3,6,240166,2.8170,38.6,28.32,-41.0,6,0.0,-35.5,1
3,6,240892,1.0141,39.6,28.32,-41.0,6,0.0,-35.5,1
3,6,241618,2.5466,39.6,28.32,-41.0,6,0.0,-35.5,1
3,6,242344,1.6001,38.6,28.32,-41.0,6,0.0,-35.5,1
3,6,243070,2.1860,38.6,28.31,-41.0,6,0.0,-35.5,1
3,6,243796,2.1860,38.6,28.32,-41.0,6,0.0,-35.5,1
3,6,244522,2.0057,38.6,28.32,-41.0,6,0.0,-35.5,1
3,6,245248,1.9156,39.6,28.32,-41.0,6,0.0,-35.5,1
3,6,245974,1.9381,39.6,28.31,-41.0,6,0.0,-35.5,1
3,6,246700,3.3804,39.6,28.31,-41.0,6,0.0,-35.5,1
3,6,247426,1.8029,38.6,28.31,-41.0,6,0.0,-35.5,1
3,6,248152,2.0508,38.6,28.32,-41.0,6,0.0,-35.5,1
3,6,248878,2.0508,38.6,28.32,-41.0,6,0.0,-35.5,1
3,6,249604,1.8480,38.6,28.32,-41.0,6,0.0,-35.5,1
3,6,250330,1.4874,38.6,28.31,-41.0,6,0.0,-35.5,1
3,6,251056,2.3663,38.6,28.32,-41.0,6,0.0,-35.5,1
3,6,251782,2.2536,38.6,28.31,-41.0,6,0.0,-35.5,1
3,6,252508,1.3972,38.6,28.31,-41.0,6,0.0,-35.5,1
3,6,253234,2.7719,38.6,28.32,-41.0,6,0.0,-35.5,1
3,6,253960,1.9832,38.6,28.31,-41.0,6,0.0,-35.5,1
3,6,254686,1.8930,38.6,28.31,-41.0,6,0.0,-35.5,1
3,6,255412,1.0141,37.6,28.31,-41.0,6,0.0,-35.5,1
3,6,256138,1.1493,37.6,28.31,-41.0,6,0.0,-35.5,1
3,6,256864,1.8705,38.6,28.31,-41.0,6,0.0,-35.5,1
3,6,257590,1.7803,38.6,28.31,-41.0,6,0.0,-35.5,1
3,6,258316,2.3663,38.6,28.31,-41.0,6,0.0,-35.5,1
3,6,259042,3.5607,39.6,28.31,-41.0,6,0.0,-35.5,1
3,6,259768,2.0057,38.6,28.32,-41.0,6,0.0,-35.5,1
3,6,260494,1.9381,39.6,28.31,-41.0,6,0.0,-35.5,1
3,6,261220,1.4198,39.6,28.31,-41.0,6,0.0,-35.5,1
3,6,261946,3.5607,39.6,28.31,-41.0,6,0.0,-35.5,1
3,6,262672,2.9522,38.6,28.31,-41.0,6,0.0,-35.5,1
3,6,263398,2.1860,39.6,28.32,-41.0,6,0.0,-35.5,1
3,6,264124,2.3437,38.6,28.31,-41.0,6,0.0,-35.5,1
3,6,264850,0.9916,38.6,28.32,-41.0,6,0.0,-35.5,1
3,6,265576,0.9916,38.6,28.31,-41.0,6,0.0,-35.5,1
3,6,266302,1.9606,38.6,28.31,-41.0,6,0.0,-35.5,1
3,6,267028,1.5099,38.6,28.32,-41.0,6,0.0,-35.5,1
3,6,267754,2.9072,38.6,28.32,-41.0,6,0.0,-35.5,1
3,6,268480,1.9156,38.6,28.32,-41.0,6,0.0,-35.5,1
3,6,269206,2.2536,38.6,28.32,-41.0,6,0.0,-35.5,1
3,6,269932,1.3747,38.6,28.32,-41.0,6,0.0,-35.5,1
3,6,270658,1.8029,38.6,28.32,-41.0,6,0.0,-35.5,1
3,6,271384,1.1719,38.6,28.31,-41.0,6,0.0,-35.5,1
3,6,272110,2.6142,38.6,28.31,-41.0,6,0.0,-35.5,1
3,6,272836,1.2846,38.6,28.31,-41.0,6,0.0,-35.5,1
3,6,273562,1.2846,38.6,28.31,-41.0,6,0.0,-35.5,1
3,6,274288,2.2761,38.6,28.31,-41.0,6,0.0,-35.5,1
3,6,275014,2.1184,38.6,28.31,-41.0,6,0.0,-35.5,1
3,6,275740,2.0959,38.6,28.31,-41.0,6,0.0,-35.5,1
3,6,276466,2.6142,38.6,28.31,-41.0,6,0.0,-35.5,1
3,6,277192,2.2761,38.6,28.32,-41.0,6,0.0,-35.5,1
3,6,277918,2.4790,38.6,28.32,-41.0,6,0.0,-35.5,1
3,6,278644,2.6818,38.6,28.31,-41.0,6,0.0,-35.5,1
3,6,279370,1.0817,38.6,28.31,-41.0,6,0.0,-35.5,1
3,6,280096,2.3212,39.6,28.31,-41.0,6,0.0,-35.5,1
3,6,280822,1.6902,38.6,28.31,-41.0,6,0.0,-35.5,1
3,6,281548,1.6902,38.6,28.31,-41.0,6,0.0,-35.5,1
3,6,282274,2.3212,38.6,28.31,-41.0,6,0.0,-35.5,1
3,6,283000,2.1860,37.6,28.31,-41.0,6,0.0,-35.5,1
3,6,283726,1.3296,38.6,28.32,-41.0,6,0.0,-35.5,1
3,6,284452,2.2536,38.6,28.31,-41.0,6,0.0,-35.5,1
3,6,285178,1.8705,38.6,28.31,-41.0,6,0.0,-35.5,1
3,6,285904,2.3212,38.6,28.31,-41.0,6,0.0,-35.5,1
3,6,286630,2.2085,38.6,28.31,-41.0,6,0.0,-35.5,1
3,6,287356,2.5691,38.6,28.31,-41.0,6,0.0,-35.5,1
3,6,288082,1.6226,38.6,28.31,-41.0,6,0.0,-35.5,1
3,6,288808,2.9522,38.6,28.31,-41.0,6,0.0,-35.5,1
3,6,289534,2.9522,38.6,28.31,-41.0,6,0.0,-35.5,1
3,6,290260,1.1043,38.6,28.31,-41.0,6,0.0,-35.5,1
3,6,290986,2.5240,38.6,28.31,-41.0,6,0.0,-35.5,1
3,6,291712,1.2169,38.6,28.31,-41.0,6,0.0,-35.5,1
3,6,292438,1.6001,38.6,28.31,-41.0,6,0.0,-35.5,1
3,6,293164,1.7578,38.6,28.31,-41.0,6,0.0,-35.5,1
3,6,293890,1.0817,38.6,28.30,-41.0,6,0.0,-35.5,1
3,6,294616,2.0508,38.6,28.30,-41.0,6,0.0,-35.5,1
3,6,295342,1.6226,38.6,28.31,-41.0,6,0.0,-35.5,1
3,6,296068,1.7353,38.6,28.31,-41.0,6,0.0,-35.5,1
3,6,296794,2.4339,38.6,28.31,-41.0,6,0.0,-35.5,1
3,6,297520,2.4339,38.6,28.30,-41.0,6,0.0,-35.5,1
3,6,298246,2.6593,38.6,28.31,-41.0,6,0.0,-35.5,1
3,6,298972,2.9973,38.6,28.31,-41.0,6,0.0,-35.5,1
3,6,299698,2.1409,38.6,28.31,-41.0,6,0.0,-35.5,1
3,6,300424,2.0282,38.6,28.31,-41.0,6,0.0,-35.5,1
3,6,301150,2.4114,38.6,28.31,-41.0,6,0.0,-35.5,1
3,6,301876,2.0508,38.6,28.30,-41.0,6,0.0,-35.5,1
3,6,302602,1.6677,38.6,28.31,-41.0,6,0.0,-35.5,1
3,6,303328,1.8705,38.6,28.30,-41.0,6,0.0,-35.5,1
3,6,304054,1.4648,38.6,28.31,-41.0,6,0.0,-35.5,1
3,6,304780,1.5325,38.6,28.31,-41.0,6,0.0,-35.5,1
3,6,305506,3.2227,38.6,28.30,-41.0,6,0.0,-35.5,1
3,6,306232,2.7269,38.6,28.30,-41.0,6,0.0,-35.5,1
3,6,306958,2.2761,38.6,28.30,-41.0,6,0.0,-35.5,1
3,6,307684,1.0817,38.6,28.30,-41.0,6,0.0,-35.5,1
3,6,308410,2.1635,38.6,28.31,-41.0,6,0.0,-35.5,1
3,6,309136,1.7578,38.6,28.30,-41.0,6,0.0,-35.5,1
3,6,309862,1.8930,38.6,28.31,-41.0,6,0.0,-35.5,1
3,6,310588,2.1184,38.6,28.30,-41.0,6,0.0,-35.5,1
3,6,311314,1.3747,38.6,28.30,-41.0,6,0.0,-35.5,1
3,6,312040,1.3296,38.6,28.30,-41.0,6,0.0,-35.5,1
3,6,312766,2.9072,38.6,28.30,-41.0,6,0.0,-35.5,1
3,6,313492,1.6001,38.6,28.30,-41.0,6,0.0,-35.5,1
3,6,314218,2.3437,38.6,28.30,-41.0,6,0.0,-35.5,1
3,6,314944,1.5550,38.6,28.30,-41.0,6,0.0,-35.5,1
3,6,315670,1.9832,38.6,28.30,-41.0,6,0.0,-35.5,1
3,6,316396,1.8480,38.6,28.30,-41.0,6,0.0,-35.5,1
3,6,317122,1.5099,38.6,28.30,-41.0,6,0.0,-35.5,1
3,6,317848,1.4423,38.6,28.30,-41.0,6,0.0,-35.5,1
3,6,318574,2.0508,39.6,28.30,-41.0,6,0.0,-35.5,1
3,6,319300,2.0508,38.6,28.30,-41.0,6,0.0,-35.5,1
3,6,320026,1.4648,38.6,28.30,-41.0,6,0.0,-35.5,1
3,6,320752,2.5015,38.6,28.30,-41.0,6,0.0,-35.5,1
3,6,321478,1.4423,38.6,28.30,-41.0,6,0.0,-35.5,1
3,6,322204,1.5775,39.6,28.30,-41.0,6,0.0,-35.5,1
3,6,322930,2.2761,38.6,28.30,-41.0,6,0.0,-35.5,1
3,6,323656,2.0282,39.6,28.30,-41.0,6,0.0,-35.5,1
3,6,324382,2.2987,38.6,28.30,-41.0,6,0.0,-35.5,1
3,6,325108,2.6593,38.6,28.30,-41.0,6,0.0,-35.5,1
3,6,325834,1.9381,38.6,28.30,-41.0,6,0.0,-35.5,1
3,6,326560,1.9156,38.6,28.30,-41.0,6,0.0,-35.5,1
3,6,327286,1.9156,38.6,28.30,-41.0,6,0.0,-35.5,1
3,6,328012,1.5775,38.6,28.30,-41.0,6,0.0,-35.5,1
3,6,328738,2.4114,38.6,28.30,-41.0,6,0.0,-35.5,1
3,6,329464,2.5691,38.6,28.30,-41.0,6,0.0,-35.5,1
3,6,330190,2.2311,38.6,28.30,-41.0,6,0.0,-35.5,1
3,6,330916,1.6451,38.6,28.30,-41.0,6,0.0,-35.5,1
3,6,331642,1.2846,38.6,28.30,-41.0,6,0.0,-35.5,1
3,6,332368,1.3071,38.6,28.30,-41.0,6,0.0,-35.5,1
3,6,333094,1.4648,38.6,28.30,-41.0,6,0.0,-35.5,1
3,6,333820,2.7945,38.6,28.30,-41.0,6,0.0,-35.5,1
3,6,334546,2.3663,38.6,28.30,-41.0,6,0.0,-35.5,1
3,6,335272,2.3663,38.6,28.30,-41.0,6,0.0,-35.5,1
3,6,335998,1.4423,38.6,28.30,-41.0,6,0.0,-35.5,1
3,6,336724,2.0282,38.6,28.30,-41.0,6,0.0,-35.5,1
3,6,337450,2.1184,38.6,28.30,-41.0,6,0.0,-35.5,1
3,6,338176,1.3071,38.6,28.30,-41.0,6,0.0,-35.5,1
3,6,338902,1.7353,39.6,28.30,-41.0,6,0.0,-35.5,1
3,6,339628,1.8930,38.6,28.30,-41.0,6,0.0,-35.5,1
3,6,340354,1.5325,38.6,28.30,-41.0,6,0.0,-35.5,1
3,6,341080,2.6818,38.6,28.30,-41.0,6,0.0,-35.5,1
3,6,341806,1.3522,38.6,28.30,-41.0,6,0.0,-35.5,1
3,6,342532,2.1184,39.6,28.29,-41.0,6,0.0,-35.5,1
3,6,343258,2.1184,39.6,28.30,-41.0,6,0.0,-35.5,1
3,6,343984,1.2395,39.6,28.30,-41.0,6,0.0,-35.5,1
3,6,344710,1.3747,38.6,28.30,-41.0,6,0.0,-35.5,1
3,6,345436,2.5015,38.6,28.30,-41.0,6,0.0,-35.5,1
3,6,346162,2.5466,38.6,28.30,-41.0,6,0.0,-35.5,1
3,6,346888,2.1409,38.6,28.30,-41.0,6,0.0,-35.5,1
3,6,347614,1.8705,38.6,28.30,-41.0,6,0.0,-35.5,1
3,6,348340,2.3663,39.6,28.30,-41.0,6,0.0,-35.5,1
3,6,349066,1.2846,38.6,28.30,-41.0,6,0.0,-35.5,1
3,6,349792,2.1409,38.6,28.30,-41.0,6,0.0,-35.5,1
3,6,350518,2.3663,38.6,28.30,-41.0,6,0.0,-35.5,1
3,6,351244,2.3663,39.6,28.30,-41.0,6,0.0,-35.5,1
3,6,351970,2.6367,38.6,28.29,-41.0,6,0.0,-35.5,1
3,6,352696,2.3437,38.6,28.29,-41.0,6,0.0,-35.5,1
3,6,353422,2.4339,39.6,28.30,-41.0,6,0.0,-35.5,1
3,6,354148,1.1719,39.6,28.29,-41.0,6,0.0,-35.5,1
3,6,354874,2.0282,39.6,28.30,-41.0,6,0.0,-35.5,1
3,6,355600,2.0508,39.6,28.30,-41.0,6,0.0,-35.5,1
3,6,356326,1.6226,39.6,28.30,-41.0,6,0.0,-35.5,1
3,6,357052,2.0959,39.6,28.30,-41.0,6,0.0,-35.5,1
3,6,357778,1.3296,38.6,28.30,-41.0,6,0.0,-35.5,1
3,6,358504,1.8930,38.6,28.30,-41.0,6,0.0,-35.5,1
3,6,359230,2.9072,38.6,28.30,-41.0,6,0.0,-35.5,1
3,6,359956,2.4790,39.6,28.29,-41.0,6,0.0,-35.5,1
3,6,360682,2.0057,38.6,28.29,-41.0,6,0.0,-35.5,1
3,6,361408,2.6367,38.6,28.29,-41.0,6,0.0,-35.5,1
3,6,362134,2.7494,38.6,28.29,-41.0,6,0.0,-35.5,1
3,6,362860,2.8621,39.6,28.29,-41.0,6,0.0,-35.5,1
3,6,363586,2.4114,39.6,28.30,-41.0,6,0.0,-35.5,1
3,6,364312,2.5916,38.6,28.29,-41.0,6,0.0,-35.5,1
3,6,365038,2.0282,38.6,28.29,-41.0,6,0.0,-35.5,1
3,6,365764,2.5916,38.6,28.29,-41.0,6,0.0,-35.5,1
3,6,366490,1.2169,38.6,28.29,-41.0,6,0.0,-35.5,1
3,6,367216,2.0508,38.6,28.29,-41.0,6,0.0,-35.5,1
3,6,367942,1.9832,38.6,28.29,-41.0,6,0.0,-35.5,1
3,5,6394,2.1409,38.6,28.29,-40.5,5,0.0,-35.5,1
3,5,7120,2.1184,38.6,28.29,-40.5,5,0.0,-35.5,1
3,5,7846,1.4874,38.6,28.29,-41.0,5,0.0,-35.5,1
3,5,8572,2.2085,38.6,28.29,-40.5,5,0.0,-35.5,1
3,5,9298,2.1635,38.6,28.29,-40.5,5,0.0,-35.5,1
3,5,10024,2.6367,38.6,28.30,-40.5,5,0.0,-35.5,1
3,5,10750,3.3128,38.6,28.30,-40.5,5,0.0,-35.5,1
3,5,11476,1.7578,38.6,28.30,-40.5,5,0.0,-35.5,1
3,5,12202,2.4564,38.6,28.30,-40.5,5,0.0,-35.5,1
3,5,12928,2.1409,38.6,28.30,-40.5,5,0.0,-35.5,1
3,5,13654,2.1409,38.6,28.30,-40.5,5,0.0,-35.5,1
3,5,14380,1.6001,38.6,28.30,-40.5,5,0.0,-35.5,1
3,5,15106,1.2169,38.6,28.30,-40.5,5,0.0,-35.5,1
3,5,15832,3.0424,38.6,28.30,-40.5,5,0.0,-35.5,1
3,5,16558,1.7578,38.6,28.30,-40.5,5,0.0,-35.5,1
3,5,17284,1.6677,38.6,28.30,-41.0,5,0.0,-35.5,1
3,5,18010,2.0057,37.6,28.30,-41.0,5,0.0,-35.5,1
3,5,18736,2.5015,38.6,28.30,-40.5,5,0.0,-35.5,1
3,5,19462,2.7269,37.6,28.30,-40.5,5,0.0,-35.5,1
3,5,20188,2.5466,37.6,28.31,-40.5,5,0.0,-35.5,1
3,5,20914,2.5240,37.6,28.31,-40.5,5,0.0,-35.5,1
3,5,21640,2.5240,38.6,28.30,-40.5,5,0.0,-35.5,1
3,5,22366,1.6677,38.6,28.30,-40.5,5,0.0,-35.5,1
3,5,23092,2.2761,38.6,28.30,-40.5,5,0.0,-35.5,1
3,5,23818,2.2761,38.6,28.30,-40.5,5,0.0,-35.5,1
3,5,24544,1.8705,38.6,28.30,-40.5,5,0.0,-35.5,1
3,5,25270,2.6818,38.6,28.30,-40.5,5,0.0,-35.5,1
3,5,25996,3.5607,38.6,28.30,-40.5,5,0.0,-35.5,1
3,5,26722,1.8705,38.6,28.30,-40.5,5,0.0,-35.5,1
3,5,27448,2.9072,38.6,28.30,-40.5,5,0.0,-35.5,1
3,5,28174,2.2311,38.6,28.30,-40.5,5,0.0,-35.5,1
3,5,28900,0.6986,38.6,28.31,-40.5,5,0.0,-35.5,1
3,5,29626,2.0508,38.6,28.31,-40.5,5,0.0,-35.5,1
3,5,30352,2.7043,38.6,28.31,-40.5,5,0.0,-35.5,1
3,5,31078,2.4790,38.6,28.31,-40.5,5,0.0,-35.5,1
3,5,31804,1.1268,38.6,28.31,-40.5,5,0.0,-35.5,1
3,5,32530,2.7269,38.6,28.31,-40.5,5,0.0,-35.5,1
3,5,33256,1.3296,38.6,28.31,-40.5,5,0.0,-35.5,1
3,5,33982,2.1860,38.6,28.31,-40.5,5,0.0,-35.5,1
3,5,34708,2.4564,38.6,28.31,-40.5,5,0.0,-35.5,1
3,5,35434,1.7127,38.6,28.31,-41.0,5,0.0,-35.5,1
3,5,36160,1.8480,38.6,28.31,-40.5,5,0.0,-35.5,1
3,5,36886,2.6367,38.6,28.31,-40.5,5,0.0,-35.5,1
3,5,37612,1.7127,38.6,28.31,-40.5,5,0.0,-35.5,1
3,5,38338,2.3212,38.6,28.32,-40.5,5,0.0,-35.5,1
3,5,39064,3.9438,38.6,28.31,-41.0,5,0.0,-35.5,1
3,5,39790,1.1493,38.6,28.31,-40.5,5,0.0,-35.5,1
3,5,40516,2.1409,38.6,28.31,-40.5,5,0.0,-35.5,1
3,5,41242,1.9381,38.6,28.32,-40.5,5,0.0,-35.5,1
3,5,41968,1.7127,38.6,28.31,-40.5,5,0.0,-35.5,1
3,5,42694,3.2227,38.6,28.32,-41.0,5,0.0,-35.5,1
3,5,43420,3.2227,38.6,28.32,-41.0,5,0.0,-35.5,1
3,5,44146,1.6001,38.6,28.32,-40.5,5,0.0,-35.5,1
3,5,44872,2.6818,39.6,28.32,-40.5,5,0.0,-35.5,1
3,5,45598,2.9973,38.6,28.32,-41.0,5,0.0,-35.5,1
3,5,46324,2.0733,38.6,28.32,-40.5,5,0.0,-35.5,1
3,5,47050,2.4790,38.6,28.32,-40.5,5,0.0,-35.5,1
3,5,47776,0.8789,38.6,28.32,-40.5,5,0.0,-35.5,1
3,5,48502,2.0508,38.6,28.32,-40.5,5,0.0,-35.5,1
3,5,49228,3.1776,38.6,28.32,-41.0,5,0.0,-35.5,1
3,5,49954,2.2085,38.6,28.32,-40.5,5,0.0,-35.5,1
3,5,50680,1.5550,38.6,28.32,-40.5,5,0.0,-35.5,1
3,5,51406,1.5550,37.6,28.32,-40.5,5,0.0,-35.5,1
3,5,52132,1.0367,38.6,28.32,-41.0,5,0.0,-35.5,1
3,5,52858,2.3437,38.6,28.32,-40.5,5,0.0,-35.5,1
3,5,53584,2.1184,38.6,28.32,-40.5,5,0.0,-35.5,1
3,5,54310,1.3522,38.6,28.32,-40.5,5,0.0,-35.5,1
3,5,55036,1.3972,38.6,28.32,-40.5,5,0.0,-35.5,1
3,5,55762,2.9973,38.6,28.33,-40.5,5,0.0,-35.5,1
3,5,56488,2.2761,38.6,28.32,-40.5,5,0.0,-35.5,1
3,5,57214,1.9606,38.6,28.32,-40.5,5,0.0,-35.5,1
3,5,57940,1.6677,38.6,28.32,-40.5,5,0.0,-35.5,1
3,5,58666,1.1043,38.6,28.32,-40.5,5,0.0,-35.5,1
3,5,59392,1.1043,38.6,28.32,-40.5,5,0.0,-35.5,1
3,5,60118,3.4029,38.6,28.32,-40.5,5,0.0,-35.5,1
3,5,60844,3.5382,38.6,28.32,-40.5,5,0.0,-35.5,1
3,5,61570,1.8254,38.6,28.32,-41.0,5,0.0,-35.5,1
3,5,62296,2.0057,38.6,28.32,-40.5,5,0.0,-35.5,1
3,5,63022,2.0733,38.6,28.32,-40.5,5,0.0,-35.5,1
3,5,63748,1.6451,38.6,28.32,-40.5,5,0.0,-35.5,1
3,5,64474,1.3972,38.6,28.32,-40.5,5,0.0,-35.5,1
3,5,65200,2.5466,38.6,28.32,-40.5,5,0.0,-35.5,1
3,5,65926,0.9916,38.6,28.32,-40.5,5,0.0,-35.5,1
3,5,66652,2.0057,38.6,28.32,-40.5,5,0.0,-35.5,1
3,5,67378,2.0057,39.6,28.32,-40.5,5,0.0,-35.5,1
3,5,68104,2.5015,39.6,28.32,-40.5,5,0.0,-35.5,1
3,5,68830,2.5240,38.6,28.32,-40.5,5,0.0,-35.5,1
3,5,69556,0.6310,39.6,28.32,-40.5,5,0.0,-35.5,1
3,5,70282,1.1944,38.6,28.32,-40.5,5,0.0,-35.5,1
3,5,71008,1.1043,38.6,28.32,-40.5,5,0.0,-35.5,1
3,5,71734,1.9156,38.6,28.32,-40.5,5,0.0,-35.5,1
3,5,72460,1.0367,38.6,28.32,-40.5,5,0.0,-35.5,1
3,5,73186,1.1268,38.6,28.32,-40.5,5,0.0,-35.5,1
3,5,73912,1.9156,38.6,28.32,-40.5,5,0.0,-35.5,1
3,5,74638,1.4423,38.6,28.32,-40.5,5,0.0,-35.5,1
3,5,75364,1.4423,38.6,28.32,-40.5,5,0.0,-35.5,1
3,5,76090,2.6593,38.6,28.32,-40.5,5,0.0,-35.5,1
3,5,76816,2.9973,39.6,28.32,-40.5,5,0.0,-35.5,1
3,5,77542,2.1409,38.6,28.32,-40.5,5,0.0,-35.5,1
3,5,78268,3.4255,38.6,28.32,-41.0,5,0.0,-35.5,1
3,5,78994,1.0367,38.6,28.33,-40.5,5,0.0,-35.5,1
3,5,79720,1.0141,38.6,28.33,-40.5,5,0.0,-35.5,1
3,5,80446,1.8254,38.6,28.32,-40.5,5,0.0,-35.5,1
3,5,81172,1.8480,38.6,28.32,-40.5,5,0.0,-35.5,1
3,5,81898,1.6226,38.6,28.32,-40.5,5,0.0,-35.5,1
3,5,82624,2.0733,38.6,28.33,-40.5,5,0.0,-35.5,1
3,5,83350,2.0733,38.6,28.32,-40.5,5,0.0,-35.5,1
3,5,84076,1.8930,38.6,28.32,-40.5,5,0.0,-35.5,1
3,5,84802,1.9606,38.6,28.32,-40.5,5,0.0,-35.5,1
3,5,85528,2.4564,38.6,28.32,-40.5,5,0.0,-35.5,1
3,5,86254,1.8480,38.6,28.32,-40.5,5,0.0,-35.5,1
3,5,86980,2.5015,38.6,28.32,-40.5,5,0.0,-35.5,1
3,5,87706,1.5550,38.6,28.32,-40.5,5,0.0,-35.5,1
3,5,88432,1.6226,38.6,28.33,-40.5,5,0.0,-35.5,1
3,5,89158,2.2311,38.6,28.32,-40.5,5,0.0,-35.5,1
3,5,89884,1.9606,38.6,28.33,-40.5,5,0.0,-35.5,1
3,5,90610,2.1635,38.6,28.33,-40.5,5,0.0,-35.5,1
3,5,91336,2.0508,38.6,28.32,-40.5,5,0.0,-35.5,1
3,5,92062,1.1944,39.6,28.33,-40.5,5,0.0,-35.5,1
3,5,92788,1.9156,38.6,28.32,-40.5,5,0.0,-35.5,1
3,5,93514,2.9748,38.6,28.32,-40.5,5,0.0,-35.5,1
3,5,94240,2.5916,38.6,28.32,-40.5,5,0.0,-35.5,1
3,5,94966,2.6142,38.6,28.33,-40.5,5,0.0,-35.5,1
3,5,95692,2.4790,39.6,28.32,-40.5,5,0.0,-35.5,1
3,5,96418,2.0282,38.6,28.32,-41.0,5,0.0,-35.5,1
3,5,97144,-29.6349,38.6,28.33,-40.5,5,0.0,-35.5,0
3,5,97870,1.4648,38.6,28.32,-40.5,5,0.0,-35.5,1
3,5,98596,2.7494,38.6,28.32,-40.5,5,0.0,-35.5,1
3,5,99322,1.6001,38.6,28.32,-41.0,5,0.0,-35.5,1
3,5,100048,2.2085,38.6,28.32,-40.5,5,0.0,-35.5,1
3,5,100774,2.9072,38.6,28.32,-40.5,5,0.0,-35.5,1
3,5,101500,3.1550,38.6,28.32,-40.5,5,0.0,-35.5,1
3,5,102226,1.6677,38.6,28.32,-40.5,5,0.0,-35.5,1
3,5,102952,2.6367,38.6,28.32,-40.5,5,0.0,-35.5,1
3,5,103678,2.5240,38.6,28.32,-40.5,5,0.0,-35.5,1
3,5,104404,3.9889,38.6,28.33,-40.5,5,0.0,-35.5,1
3,5,105130,3.9889,38.6,28.32,-40.5,5,0.0,-35.5,1
3,5,105856,2.4114,39.6,28.32,-40.5,5,0.0,-35.5,1
3,5,106582,1.7578,38.6,28.32,-40.5,5,0.0,-35.5,1
3,5,107308,3.3128,38.6,28.32,-40.5,5,0.0,-35.5,1
3,5,108034,2.3437,38.6,28.32,-40.5,5,0.0,-35.5,1
3,5,108760,1.2846,39.6,28.32,-41.0,5,0.0,-35.5,1
3,5,109486,1.7127,38.6,28.32,-41.0,5,0.0,-35.5,1
3,5,110212,1.2620,38.6,28.32,-40.5,5,0.0,-35.5,1
3,5,110938,2.2987,38.6,28.32,-40.5,5,0.0,-35.5,1
3,5,111664,0.7437,38.6,28.32,-40.5,5,0.0,-35.5,1
3,5,112390,2.0959,38.6,28.32,-40.5,5,0.0,-35.5,1
3,5,113116,2.0959,39.6,28.32,-40.5,5,0.0,-35.5,1
3,5,113842,2.9072,38.6,28.32,-40.5,5,0.0,-35.5,1
3,5,114568,2.3663,39.6,28.32,-40.5,5,0.0,-35.5,1
3,5,115294,1.3747,38.6,28.32,-40.5,5,0.0,-35.5,1
3,5,116020,1.6902,38.6,28.32,-40.5,5,0.0,-35.5,1
3,5,116746,2.2536,38.6,28.32,-40.5,5,0.0,-35.5,1
3,5,117472,2.4564,38.6,28.32,-40.5,5,0.0,-35.5,1
3,5,118198,2.0508,38.6,28.31,-40.5,5,0.0,-35.5,1
3,5,118924,1.7803,38.6,28.32,-40.5,5,0.0,-35.5,1
3,5,119650,1.1268,38.6,28.32,-41.0,5,0.0,-35.5,1
3,5,120376,1.3071,38.6,28.31,-40.5,5,0.0,-35.5,1
3,5,121102,1.3071,38.6,28.32,-40.5,5,0.0,-35.5,1
3,5,121828,2.0733,38.6,28.32,-40.5,5,0.0,-35.5,1
3,5,122554,1.8705,38.6,28.32,-41.0,5,0.0,-35.5,1
3,5,123280,2.6593,38.6,28.32,-40.5,5,0.0,-35.5,1
3,5,124006,2.2987,38.6,28.32,-40.5,5,0.0,-35.5,1
3,5,124732,2.9748,38.6,28.32,-40.5,5,0.0,-35.5,1
3,5,125458,1.7127,38.6,28.32,-40.5,5,0.0,-35.5,1
3,5,126184,3.1776,38.6,28.32,-40.5,5,0.0,-35.5,1
3,5,126910,2.6142,38.6,28.32,-41.0,5,0.0,-35.5,1
3,5,127636,2.7494,38.6,28.32,-40.5,5,0.0,-35.5,1
3,5,128362,0.7662,38.6,28.32,-40.5,5,0.0,-35.5,1
3,5,129088,0.7662,38.6,28.32,-40.5,5,0.0,-35.5,1
3,5,129814,1.8930,38.6,28.32,-40.5,5,0.0,-35.5,1
3,5,130540,1.6001,38.6,28.32,-40.5,5,0.0,-35.5,1
3,5,131266,1.9381,38.6,28.32,-40.5,5,0.0,-35.5,1
3,5,131992,1.7127,38.6,28.32,-40.5,5,0.0,-35.5,1
3,5,132718,2.1409,38.6,28.32,-41.0,5,0.0,-35.5,1
3,5,133444,1.9606,38.6,28.32,-40.5,5,0.0,-35.5,1
3,5,134170,2.3437,39.6,28.32,-40.5,5,0.0,-35.5,1
3,5,134896,1.7803,38.6,28.32,-40.5,5,0.0,-35.5,1
3,5,135622,2.4564,38.6,28.32,-40.5,5,0.0,-35.5,1
3,5,136348,1.0141,38.6,28.32,-40.5,5,0.0,-35.5,1
3,5,137074,1.0141,39.6,28.32,-40.5,5,0.0,-35.5,1
3,5,137800,2.0733,38.6,28.32,-40.5,5,0.0,-35.5,1
3,5,138526,2.0282,38.6,28.32,-40.5,5,0.0,-35.5,1
3,5,139252,1.6902,38.6,28.32,-40.5,5,0.0,-35.5,1
3,5,139978,2.3212,38.6,28.32,-40.5,5,0.0,-35.5,1
3,5,140704,1.6677,39.6,28.32,-40.5,5,0.0,-35.5,1
3,5,141430,1.2395,39.6,28.31,-40.5,5,0.0,-35.5,1
3,5,142156,1.9606,38.6,28.31,-40.5,5,0.0,-35.5,1
3,5,142882,2.1184,38.6,28.32,-40.5,5,0.0,-35.5,1
3,5,143608,0.9916,38.6,28.31,-40.5,5,0.0,-35.5,1
3,5,144334,1.9156,38.6,28.31,-40.5,5,0.0,-35.5,1
3,5,145060,1.1493,39.6,28.31,-40.5,5,0.0,-35.5,1
3,5,145786,2.1409,38.6,28.32,-41.0,5,0.0,-35.5,1
3,5,146512,2.0057,38.6,28.32,-40.5,5,0.0,-35.5,1
3,5,147238,1.6451,38.6,28.31,-40.5,5,0.0,-35.5,1
3,5,147964,2.4790,38.6,28.31,-40.5,5,0.0,-35.5,1
3,5,148690,1.8480,38.6,28.31,-41.0,5,0.0,-35.5,1
3,5,149416,2.8846,38.6,28.31,-40.5,5,0.0,-35.5,1
3,5,150142,1.8480,38.6,28.31,-40.5,5,0.0,-35.5,1
3,5,150868,2.8395,38.6,28.32,-40.5,5,0.0,-35.5,1
3,5,151594,1.9832,38.6,28.31,-40.5,5,0.0,-35.5,1
3,5,152320,2.6818,38.6,28.31,-41.0,5,0.0,-35.5,1
3,5,153046,0.5859,39.6,28.31,-40.5,5,0.0,-35.5,1
3,5,153772,2.3437,38.6,28.31,-40.5,5,0.0,-35.5,1
3,5,154498,1.6677,38.6,28.31,-40.5,5,0.0,-35.5,1
3,5,155224,2.0508,38.6,28.31,-40.5,5,0.0,-35.5,1
3,5,155950,2.5691,38.6,28.31,-40.5,5,0.0,-35.5,1
3,5,156676,1.6226,38.6,28.31,-40.5,5,0.0,-35.5,1
3,5,157402,2.0057,38.6,28.31,-40.5,5,0.0,-35.5,1
3,5,158128,1.4198,38.6,28.31,-40.5,5,0.0,-35.5,1
3,5,158854,1.4198,38.6,28.31,-40.5,5,0.0,-35.5,1
3,5,159580,1.1043,38.6,28.31,-40.5,5,0.0,-35.5,1
3,5,160306,1.4423,38.6,28.31,-40.5,5,0.0,-35.5,1
3,5,161032,3.6959,38.6,28.31,-40.5,5,0.0,-35.5,1
3,5,161758,0.8564,38.6,28.31,-40.5,5,0.0,-35.5,1
3,5,162484,0.9916,38.6,28.31,-40.5,5,0.0,-35.5,1
3,5,163210,2.0057,38.6,28.31,-40.5,5,0.0,-35.5,1
3,5,163936,2.4790,38.6,28.30,-40.5,5,0.0,-35.5,1
3,5,164662,1.6451,38.6,28.31,-41.0,5,0.0,-35.5,1
3,5,165388,3.3128,38.6,28.31,-40.5,5,0.0,-35.5,1
3,5,166114,1.4198,38.6,28.31,-40.5,5,0.0,-35.5,1
3,5,166840,1.4198,38.6,28.31,-40.5,5,0.0,-35.5,1
3,5,167566,1.7578,38.6,28.31,-41.0,5,0.0,-35.5,1
3,5,168292,1.2620,38.6,28.30,-41.0,5,0.0,-35.5,1
3,5,169018,2.1635,38.6,28.31,-41.0,5,0.0,-35.5,1
3,5,169744,1.8705,39.6,28.31,-40.5,5,0.0,-35.5,1
3,5,170470,1.1493,38.6,28.31,-40.5,5,0.0,-35.5,1
3,5,171196,1.8705,39.6,28.31,-40.5,5,0.0,-35.5,1
3,5,171922,1.9832,38.6,28.30,-40.5,5,0.0,-35.5,1
3,5,172648,0.8789,39.6,28.30,-40.5,5,0.0,-35.5,1
3,5,173374,2.4339,38.6,28.31,-40.5,5,0.0,-35.5,1
3,5,174100,1.5550,38.6,28.31,-40.5,5,0.0,-35.5,1
3,5,174826,1.5550,38.6,28.31,-40.5,5,0.0,-35.5,1
3,5,175552,2.9748,38.6,28.30,-41.0,5,0.0,-35.5,1
3,5,176278,3.3353,39.6,28.31,-40.5,5,0.0,-35.5,1
3,5,177004,2.9973,39.6,28.31,-40.5,5,0.0,-35.5,1
3,5,177730,2.2311,38.6,28.30,-40.5,5,0.0,-35.5,1
3,5,178456,1.9606,38.6,28.31,-40.5,5,0.0,-35.5,1
3,5,179182,1.5099,38.6,28.31,-40.5,5,0.0,-35.5,1
3,5,179908,3.1100,38.6,28.30,-40.5,5,0.0,-35.5,1
3,5,180634,1.6226,38.6,28.31,-41.0,5,0.0,-35.5,1
3,5,181360,1.5550,38.6,28.31,-40.5,5,0.0,-35.5,1
3,5,182086,2.4339,39.6,28.31,-40.5,5,0.0,-35.5,1
3,5,182812,2.4339,38.6,28.31,-40.5,5,0.0,-35.5,1
3,5,183538,2.0508,38.6,28.30,-40.5,5,0.0,-35.5,1
3,5,184264,1.8930,38.6,28.31,-40.5,5,0.0,-35.5,1
3,5,184990,3.4706,38.6,28.31,-40.5,5,0.0,-35.5,1
3,5,185716,2.0057,38.6,28.31,-40.5,5,0.0,-35.5,1
3,5,186442,2.7719,38.6,28.31,-40.5,5,0.0,-35.5,1
3,5,187168,3.8086,39.6,28.31,-40.5,5,0.0,-35.5,1
3,5,187894,1.7578,38.6,28.31,-40.5,5,0.0,-35.5,1
3,5,188620,1.7578,38.6,28.31,-40.5,5,0.0,-35.5,1
3,5,189346,2.1184,39.6,28.31,-40.5,5,0.0,-35.5,1
3,5,190072,1.2395,39.6,28.31,-40.5,5,0.0,-35.5,1
3,5,190798,1.2395,38.6,28.30,-40.5,5,0.0,-35.5,1
3,5,191524,2.9748,38.6,28.30,-40.5,5,0.0,-35.5,1
3,5,192250,1.9832,38.6,28.31,-40.5,5,0.0,-35.5,1
3,5,192976,1.7578,38.6,28.30,-40.5,5,0.0,-35.5,1
3,5,193702,0.6085,38.6,28.30,-40.5,5,0.0,-35.5,1
3,5,194428,2.2536,38.6,28.30,-40.5,5,0.0,-35.5,1
3,5,195154,2.5015,38.6,28.30,-40.5,5,0.0,-35.5,1
3,5,195880,2.5916,38.6,28.31,-40.5,5,0.0,-35.5,1
3,5,196606,2.0508,38.6,28.30,-40.5,5,0.0,-35.5,1
3,5,197332,1.8705,38.6,28.31,-40.5,5,0.0,-35.5,1
3,5,198058,2.0733,38.6,28.30,-40.5,5,0.0,-35.5,1
3,5,198784,2.3663,38.6,28.30,-41.0,5,0.0,-35.5,1
3,5,199510,2.2987,37.6,28.30,-41.0,5,0.0,-35.5,1
3,5,200236,3.1100,38.6,28.30,-40.5,5,0.0,-35.5,1
3,5,200962,2.2536,38.6,28.30,-40.5,5,0.0,-35.5,1
3,5,201688,2.0733,38.6,28.30,-40.5,5,0.0,-35.5,1
3,5,202414,1.3522,38.6,28.30,-40.5,5,0.0,-35.5,1
3,5,203140,2.4790,38.6,28.30,-40.5,5,0.0,-35.5,1
3,5,203866,1.7803,38.6,28.31,-40.5,5,0.0,-35.5,1
3,5,204592,0.3380,38.6,28.30,-40.5,5,0.0,-35.5,1
3,5,205318,1.1493,38.6,28.31,-40.5,5,0.0,-35.5,1
3,5,206044,2.4790,38.6,28.31,-40.5,5,0.0,-35.5,1
3,5,206770,1.4423,38.6,28.31,-40.5,5,0.0,-35.5,1
3,5,207496,1.6451,38.6,28.31,-40.5,5,0.0,-35.5,1
3,5,208222,2.5015,38.6,28.30,-40.5,5,0.0,-35.5,1
3,5,208948,1.2395,38.6,28.30,-40.5,5,0.0,-35.5,1
3,5,209674,1.8480,38.6,28.31,-40.5,5,0.0,-35.5,1
3,5,210400,1.3972,38.6,28.31,-40.5,5,0.0,-35.5,1
3,5,211126,2.2311,38.6,28.31,-40.5,5,0.0,-35.5,1
3,5,211852,1.9832,38.6,28.31,-40.5,5,0.0,-35.5,1
3,5,212578,1.9832,38.6,28.30,-40.5,5,0.0,-35.5,1
3,5,213304,1.1719,38.6,28.31,-40.5,5,0.0,-35.5,1
3,5,214030,1.3522,38.6,28.31,-40.5,5,0.0,-35.5,1
3,5,214756,1.6902,38.6,28.30,-40.5,5,0.0,-35.5,1
3,5,215482,0.7212,38.6,28.30,-40.5,5,0.0,-35.5,1
3,5,216208,3.4706,38.6,28.31,-40.5,5,0.0,-35.5,1
3,5,216934,2.2761,38.6,28.30,-41.0,5,0.0,-35.5,1
3,5,217660,2.0959,38.6,28.31,-40.5,5,0.0,-35.5,1
3,5,218386,1.1268,38.6,28.30,-40.5,5,0.0,-35.5,1
3,5,219112,1.4198,38.6,28.30,-40.5,5,0.0,-35.5,1
3,5,219838,1.8930,38.6,28.30,-40.5,5,0.0,-35.5,1
3,5,220564,1.8930,38.6,28.30,-40.5,5,0.0,-35.5,1
3,5,221290,1.7803,38.6,28.30,-40.5,5,0.0,-35.5,1
3,5,222016,1.7353,38.6,28.30,-40.5,5,0.0,-35.5,1
3,5,222742,3.5607,38.6,28.30,-40.5,5,0.0,-35.5,1
3,5,223468,1.6677,38.6,28.30,-40.5,5,0.0,-35.5,1
3,5,224194,1.2846,38.6,28.30,-40.5,5,0.0,-35.5,1
3,5,224920,2.0959,38.6,28.30,-40.5,5,0.0,-35.5,1
3,5,225646,2.4339,38.6,28.30,-40.5,5,0.0,-35.5,1
3,5,226372,2.7269,38.6,28.30,-40.5,5,0.0,-35.5,1
3,5,227098,1.7578,38.6,28.30,-40.5,5,0.0,-35.5,1
3,5,227824,0.8789,39.6,28.29,-40.5,5,0.0,-35.5,1
3,5,228550,0.8789,38.6,28.29,-40.5,5,0.0,-35.5,1
3,5,229276,2.4114,38.6,28.30,-40.5,5,0.0,-35.5,1
3,5,230002,1.3747,38.6,28.29,-40.5,5,0.0,-35.5,1
3,5,230728,1.6226,38.6,28.29,-40.5,5,0.0,-35.5,1
3,5,231454,2.4339,38.6,28.30,-41.0,5,0.0,-35.5,1
3,5,232180,1.6677,38.6,28.30,-40.5,5,0.0,-35.5,1
3,5,232906,1.3747,38.6,28.30,-40.5,5,0.0,-35.5,1
3,5,233632,2.7043,38.6,28.30,-40.5,5,0.0,-35.5,1
3,5,234358,1.2169,38.6,28.30,-40.5,5,0.0,-35.5,1
3,5,235084,2.0282,38.6,28.29,-40.5,5,0.0,-35.5,1
3,5,235810,0.9465,38.6,28.30,-40.5,5,0.0,-35.5,1
3,5,236536,0.9465,38.6,28.30,-40.5,5,0.0,-35.5,1
3,5,237262,2.9973,38.6,28.30,-40.5,5,0.0,-35.5,1
3,5,237988,2.2536,38.6,28.29,-40.5,5,0.0,-35.5,1
3,5,238714,2.8170,37.6,28.30,-40.5,5,0.0,-35.5,1
3,5,239440,2.6818,37.6,28.29,-40.5,5,0.0,-35.5,1
3,5,240166,2.0508,38.6,28.29,-41.0,5,0.0,-35.5,1
3,5,240892,2.5691,37.6,28.30,-40.5,5,0.0,-35.5,1
3,5,241618,1.7127,37.6,28.29,-40.5,5,0.0,-35.5,1
3,5,242344,1.6226,37.6,28.29,-40.5,5,0.0,-35.5,1
3,5,243070,2.7719,38.6,28.30,-40.5,5,0.0,-35.5,1
3,5,243796,2.8621,38.6,28.29,-40.5,5,0.0,-35.5,1
3,5,244522,2.8621,38.6,28.30,-40.5,5,0.0,-35.5,1
3,5,245248,1.4198,38.6,28.29,-40.5,5,0.0,-35.5,1
3,5,245974,2.2536,38.6,28.29,-40.5,5,0.0,-35.5,1
3,5,246700,1.9381,39.6,28.29,-40.5,5,0.0,-35.5,1
3,5,247426,2.7494,39.6,28.29,-40.0,5,0.0,-35.5,1
3,5,248152,2.0959,38.6,28.29,-40.5,5,0.0,-35.5,1
3,5,248878,1.4874,38.6,28.29,-40.5,5,0.0,-35.5,1
3,5,249604,1.5099,38.6,28.29,-40.5,5,0.0,-35.5,1
3,5,250330,1.8480,38.6,28.29,-41.0,5,0.0,-35.5,1
3,5,251056,2.2311,38.6,28.29,-40.5,5,0.0,-35.5,1
3,5,251782,1.8930,38.6,28.29,-40.5,5,0.0,-35.5,1
3,5,252508,1.6226,38.6,28.29,-40.5,5,0.0,-35.5,1
3,5,253234,2.7945,38.6,28.29,-40.5,5,0.0,-35.5,1
3,5,253960,1.9832,38.6,28.29,-41.0,5,0.0,-35.5,1
3,5,254686,1.2169,38.6,28.29,-40.5,5,0.0,-35.5,1
3,5,255412,1.1719,38.6,28.28,-40.5,5,0.0,-35.5,1
3,5,256138,3.2227,38.6,28.29,-40.5,5,0.0,-35.5,1
3,5,256864,3.3128,38.6,28.29,-40.5,5,0.0,-35.5,1
3,5,257590,2.2536,38.6,28.29,-40.5,5,0.0,-35.5,1
3,5,258316,2.0733,38.6,28.28,-40.5,5,0.0,-35.5,1
3,5,259042,0.6310,38.6,28.28,-40.5,5,0.0,-35.5,1
3,5,259768,2.2536,38.6,28.29,-40.5,5,0.0,-35.5,1
3,5,260494,2.2987,38.6,28.29,-40.5,5,0.0,-35.5,1
3,5,261220,1.1493,38.6,28.29,-40.5,5,0.0,-35.5,1
3,5,261946,2.1409,38.6,28.29,-40.5,5,0.0,-35.5,1
3,5,262672,1.6226,38.6,28.29,-40.5,5,0.0,-35.5,1
3,5,263398,2.5691,38.6,28.29,-40.5,5,0.0,-35.5,1
3,5,264124,1.4423,38.6,28.29,-40.5,5,0.0,-35.5,1
3,5,264850,2.3212,38.6,28.29,-40.5,5,0.0,-35.5,1
3,5,265576,1.5325,38.6,28.29,-40.5,5,0.0,-35.5,1
3,5,266302,1.5325,38.6,28.29,-40.5,5,0.0,-35.5,1
3,5,267028,1.5550,38.6,28.29,-40.5,5,0.0,-35.5,1
3,5,267754,1.2169,38.6,28.28,-40.5,5,0.0,-35.5,1
3,5,268480,3.2001,38.6,28.29,-40.5,5,0.0,-35.5,1
3,5,269206,1.7127,38.6,28.29,-40.5,5,0.0,-35.5,1
3,5,269932,2.7945,38.6,28.29,-40.5,5,0.0,-35.5,1
3,5,270658,1.2620,38.6,28.29,-40.5,5,0.0,-35.5,1
3,5,271384,2.5916,38.6,28.28,-41.0,5,0.0,-35.5,1
3,5,272110,1.7127,38.6,28.29,-40.5,5,0.0,-35.5,1
3,5,272836,2.1184,38.6,28.29,-40.5,5,0.0,-35.5,1
3,5,273562,2.5466,38.6,28.29,-40.5,5,0.0,-35.5,1
3,5,274288,2.5466,38.6,28.29,-40.5,5,0.0,-35.5,1
3,5,275014,1.8705,38.6,28.28,-40.5,5,0.0,-35.5,1
3,5,275740,0.9691,38.6,28.28,-40.5,5,0.0,-35.5,1
3,5,276466,2.9522,37.6,28.28,-40.5,5,0.0,-35.5,1
3,5,277192,1.3972,38.6,28.28,-40.5,5,0.0,-35.5,1
3,5,277918,1.6226,38.6,28.28,-40.5,5,0.0,-35.5,1
3,5,278644,1.3296,38.6,28.29,-40.5,5,0.0,-35.5,1
3,5,279370,2.1184,38.6,28.29,-41.0,5,0.0,-35.5,1
3,5,280096,1.8705,38.6,28.28,-41.0,5,0.0,-35.5,1
3,5,280822,1.6677,38.6,28.29,-40.5,5,0.0,-35.5,1
3,5,281548,1.1719,38.6,28.29,-41.0,5,0.0,-35.5,1
3,5,282274,1.1719,38.6,28.29,-41.0,5,0.0,-35.5,1
3,5,283000,1.8029,38.6,28.29,-40.5,5,0.0,-35.5,1
3,5,283726,1.7803,38.6,28.29,-41.0,5,0.0,-35.5,1
3,5,284452,1.9606,38.6,28.29,-40.5,5,0.0,-35.5,1
3,5,285178,2.3212,38.6,28.29,-40.5,5,0.0,-35.5,1
3,5,285904,2.7494,38.6,28.28,-40.5,5,0.0,-35.5,1
3,5,286630,1.1043,38.6,28.28,-40.5,5,0.0,-35.5,1
3,5,287356,2.6142,38.6,28.28,-40.5,5,0.0,-35.5,1
3,5,288082,1.4874,38.6,28.28,-40.5,5,0.0,-35.5,1
3,5,288808,2.1184,38.6,28.28,-40.5,5,0.0,-35.5,1
3,5,289534,1.8254,38.6,28.28,-40.5,5,0.0,-35.5,1
3,5,290260,1.8254,38.6,28.28,-40.5,5,0.0,-35.5,1
3,5,290986,1.0592,38.6,28.28,-40.5,5,0.0,-35.5,1
3,5,291712,1.7353,38.6,28.28,-40.5,5,0.0,-35.5,1
3,5,292438,1.9606,38.6,28.28,-40.5,5,0.0,-35.5,1
3,5,293164,1.1719,38.6,28.28,-40.5,5,0.0,-35.5,1
3,5,293890,2.4790,38.6,28.29,-40.5,5,0.0,-35.5,1
3,5,294616,1.1268,38.6,28.28,-40.5,5,0.0,-35.5,1
3,5,295342,1.2846,38.6,28.28,-40.5,5,0.0,-35.5,1
3,5,296068,1.8930,38.6,28.28,-40.5,5,0.0,-35.5,1
3,5,296794,2.3888,39.6,28.28,-40.5,5,0.0,-35.5,1
3,5,297520,2.4114,39.6,28.28,-40.5,5,0.0,-35.5,1
3,5,298246,2.4114,38.6,28.28,-40.5,5,0.0,-35.5,1
3,5,298972,3.1550,38.6,28.28,-40.5,5,0.0,-35.5,1
3,5,299698,2.9522,38.6,28.28,-40.5,5,0.0,-35.5,1
3,5,300424,1.3522,38.6,28.28,-40.5,5,0.0,-35.5,1
3,5,301150,1.3747,38.6,28.28,-40.5,5,0.0,-35.5,1
3,5,301876,2.6142,38.6,28.28,-41.0,5,0.0,-35.5,1
3,5,302602,1.4423,38.6,28.28,-40.5,5,0.0,-35.5,1
3,5,303328,2.3437,38.6,28.28,-40.5,5,0.0,-35.5,1
3,5,304054,1.2395,38.6,28.28,-40.5,5,0.0,-35.5,1
3,5,304780,2.4790,38.6,28.28,-40.5,5,0.0,-35.5,1
3,5,305506,1.6677,38.6,28.28,-40.5,5,0.0,-35.5,1
3,5,306232,1.5775,38.6,28.28,-40.5,5,0.0,-35.5,1
3,5,306958,1.9832,38.6,28.28,-41.0,5,0.0,-35.5,1
3,5,307684,2.7043,39.6,28.28,-40.5,5,0.0,-35.5,1
3,5,308410,1.0367,38.6,28.28,-40.5,5,0.0,-35.5,1
3,5,309136,2.3888,38.6,28.28,-40.5,5,0.0,-35.5,1
3,5,309862,1.4198,38.6,28.28,-40.5,5,0.0,-35.5,1
3,5,310588,0.6986,38.6,28.28,-40.5,5,0.0,-35.5,1
3,5,311314,2.8395,38.6,28.28,-40.5,5,0.0,-35.5,1
3,5,312040,2.2987,38.6,28.28,-40.5,5,0.0,-35.5,1
3,5,312766,2.0057,38.6,28.28,-40.5,5,0.0,-35.5,1
3,5,313492,2.4790,39.6,28.27,-40.5,5,0.0,-35.5,1
3,5,314218,1.7127,39.6,28.28,-41.0,5,0.0,-35.5,1
3,5,314944,2.6142,39.6,28.28,-40.5,5,0.0,-35.5,1
3,5,315670,3.5607,38.6,28.28,-40.5,5,0.0,-35.5,1
3,5,316396,2.9973,38.6,28.28,-40.5,5,0.0,-35.5,1
3,5,317122,1.3747,38.6,28.28,-40.5,5,0.0,-35.5,1
3,5,317848,2.5916,38.6,28.28,-40.5,5,0.0,-35.5,1
3,5,318574,2.3663,38.6,28.28,-41.0,5,0.0,-35.5,1
3,5,319300,2.0282,38.6,28.28,-40.5,5,0.0,-35.5,1
3,5,320026,-19.8993,38.6,28.28,-40.5,5,0.0,-35.5,0
3,5,320752,3.2452,38.6,28.28,-41.0,5,0.0,-35.5,1
3,5,321478,1.3071,38.6,28.28,-41.0,5,0.0,-35.5,1
3,5,322204,1.0367,38.6,28.28,-40.5,5,0.0,-35.5,1
3,5,322930,1.0817,38.6,28.28,-40.5,5,0.0,-35.5,1
3,5,323656,3.0198,38.6,28.28,-41.0,5,0.0,-35.5,1
3,5,324382,2.9973,38.6,28.27,-40.5,5,0.0,-35.5,1
3,5,325108,1.6451,38.6,28.28,-40.5,5,0.0,-35.5,1
3,5,325834,2.9072,38.6,28.28,-40.5,5,0.0,-35.5,1
3,5,326560,2.5015,38.6,28.27,-40.5,5,0.0,-35.5,1
3,5,327286,2.5015,38.6,28.28,-40.5,5,0.0,-35.5,1
3,5,328012,2.5015,39.6,28.28,-40.5,5,0.0,-35.5,1
3,5,328738,2.0959,38.6,28.28,-40.5,5,0.0,-35.5,1
3,5,329464,2.8621,38.6,28.28,-40.5,5,0.0,-35.5,1
3,5,330190,1.9156,38.6,28.28,-40.5,5,0.0,-35.5,1
3,5,330916,2.9072,38.6,28.28,-40.5,5,0.0,-35.5,1
3,5,331642,2.1860,38.6,28.28,-40.5,5,0.0,-35.5,1
3,5,332368,3.4480,39.6,28.28,-40.5,5,0.0,-35.5,1
3,5,333094,2.2761,39.6,28.28,-40.5,5,0.0,-35.5,1
3,5,333820,1.3296,39.6,28.28,-40.5,5,0.0,-35.5,1
3,5,334546,2.3437,38.6,28.28,-40.5,5,0.0,-35.5,1
3,5,335272,2.8395,39.6,28.28,-40.5,5,0.0,-35.5,1
3,5,335998,2.8395,38.6,28.27,-40.5,5,0.0,-35.5,1
3,5,336724,2.4564,38.6,28.28,-41.0,5,0.0,-35.5,1
3,5,337450,1.5550,39.6,28.28,-40.5,5,0.0,-35.5,1
3,5,338176,3.3128,38.6,28.27,-40.5,5,0.0,-35.5,1
3,5,338902,3.4480,38.6,28.28,-41.0,5,0.0,-35.5,1
3,5,339628,0.9691,38.6,28.27,-40.5,5,0.0,-35.5,1
3,5,340354,1.7127,38.6,28.28,-40.5,5,0.0,-35.5,1
3,5,341080,2.3888,38.6,28.28,-40.5,5,0.0,-35.5,1
3,5,341806,2.9973,38.6,28.27,-41.0,5,0.0,-35.5,1
3,5,342532,1.4423,38.6,28.28,-40.5,5,0.0,-35.5,1
3,5,343258,1.9156,38.6,28.27,-40.5,5,0.0,-35.5,1
3,5,343984,1.9156,38.6,28.28,-40.5,5,0.0,-35.5,1
3,5,344710,1.8480,38.6,28.28,-40.5,5,0.0,-35.5,1
3,5,345436,1.7353,38.6,28.27,-40.5,5,0.0,-35.5,1
3,5,346162,1.9156,38.6,28.27,-40.5,5,0.0,-35.5,1
3,5,346888,2.7494,38.6,28.27,-40.5,5,0.0,-35.5,1
3,5,347614,2.5916,38.6,28.27,-40.5,5,0.0,-35.5,1
3,5,348340,2.0733,38.6,28.27,-41.0,5,0.0,-35.5,1
3,5,349066,2.4339,38.6,28.27,-40.5,5,0.0,-35.5,1
3,5,349792,1.9606,39.6,28.27,-40.5,5,0.0,-35.5,1
3,5,350518,2.3212,38.6,28.27,-40.5,5,0.0,-35.5,1
3,5,351244,3.2452,39.6,28.27,-40.5,5,0.0,-35.5,1
3,5,351970,3.2452,38.6,28.28,-40.5,5,0.0,-35.5,1
3,5,352696,2.0508,39.6,28.27,-40.5,5,0.0,-35.5,1
3,5,353422,1.9156,39.6,28.27,-40.5,5,0.0,-35.5,1
3,5,354148,2.6367,38.6,28.27,-40.5,5,0.0,-35.5,1
3,5,354874,2.6367,39.6,28.27,-40.5,5,0.0,-35.5,1
3,5,355600,1.1719,38.6,28.27,-41.0,5,0.0,-35.5,1
3,5,356326,2.9522,39.6,28.27,-40.5,5,0.0,-35.5,1
3,5,357052,3.0874,38.6,28.27,-40.5,5,0.0,-35.5,1
3,5,357778,1.6451,38.6,28.28,-40.5,5,0.0,-35.5,1
3,5,358504,1.0592,38.6,28.28,-40.5,5,0.0,-35.5,1
3,5,359230,0.8564,38.6,28.27,-40.5,5,0.0,-35.5,1
3,5,359956,0.8564,38.6,28.27,-40.5,5,0.0,-35.5,1
3,5,360682,2.4114,38.6,28.27,-40.5,5,0.0,-35.5,1
3,5,361408,1.0592,38.6,28.27,-40.5,5,0.0,-35.5,1
3,5,362134,2.2085,38.6,28.27,-40.5,5,0.0,-35.5,1
3,5,362860,1.6902,38.6,28.27,-40.5,5,0.0,-35.5,1
3,5,363586,1.8480,38.6,28.27,-40.5,5,0.0,-35.5,1
3,5,364312,2.0057,38.6,28.27,-40.5,5,0.0,-35.5,1
3,5,365038,1.4198,38.6,28.27,-40.5,5,0.0,-35.5,1
3,5,365764,3.1550,38.6,28.27,-40.5,5,0.0,-35.5,1
3,5,366490,2.5466,38.6,28.27,-40.5,5,0.0,-35.5,1
3,5,367216,1.9156,38.6,28.27,-40.5,5,0.0,-35.5,1
3,5,367942,2.2987,38.6,28.27,-40.5,5,0.0,-35.5,1
3,5,368668,1.4648,38.6,28.27,-40.5,5,0.0,-35.5,1
3,4,6394,1.3747,38.6,28.27,-41.0,4,0.0,-35.5,1
3,4,7120,0.7662,37.6,28.27,-40.5,4,0.0,-35.5,1
3,4,7846,0.4282,38.6,28.27,-41.0,4,0.0,-35.5,1
3,4,8572,1.1268,38.6,28.27,-41.0,4,0.0,-35.5,1
3,4,9298,2.0959,38.6,28.27,-41.0,4,0.0,-35.5,1
3,4,10024,1.4648,38.6,28.27,-41.0,4,0.0,-35.5,1
3,4,10750,2.3437,38.6,28.27,-40.5,4,0.0,-35.5,1
3,4,11476,1.1268,38.6,28.27,-41.0,4,0.0,-35.5,1
3,4,12202,1.0592,38.6,28.27,-41.0,4,0.0,-35.5,1
3,4,12928,2.1184,38.6,28.27,-41.0,4,0.0,-35.5,1
3,4,13654,2.1184,38.6,28.27,-41.0,4,0.0,-35.5,1
3,4,14380,2.1184,38.6,28.27,-41.0,4,0.0,-35.5,1
3,4,15106,1.4648,38.6,28.27,-41.0,4,0.0,-35.5,1
3,4,15832,0.9916,38.6,28.27,-41.0,4,0.0,-35.5,1
3,4,16558,1.8705,38.6,28.27,-41.0,4,0.0,-35.5,1
3,4,17284,1.9156,38.6,28.27,-41.0,4,0.0,-35.5,1
3,4,18010,0.8789,38.6,28.27,-41.0,4,0.0,-35.5,1
3,4,18736,2.4564,38.6,28.28,-41.0,4,0.0,-35.5,1
3,4,19462,3.3804,38.6,28.27,-41.0,4,0.0,-35.5,1
3,4,20188,1.4423,38.6,28.28,-40.5,4,0.0,-35.5,1
3,4,20914,0.9691,38.6,28.28,-40.5,4,0.0,-35.5,1
3,4,21640,1.8029,38.6,28.28,-40.5,4,0.0,-35.5,1
3,4,22366,2.1409,38.6,28.28,-41.0,4,0.0,-35.5,1
3,4,23092,2.3888,38.6,28.28,-41.0,4,0.0,-35.5,1
3,4,23818,2.9522,38.6,28.28,-40.5,4,0.0,-35.5,1
3,4,24544,0.7888,38.6,28.28,-40.5,4,0.0,-35.5,1
3,4,25270,1.9156,38.6,28.28,-41.0,4,0.0,-35.5,1
3,4,25996,1.8930,38.6,28.28,-41.0,4,0.0,-35.5,1
3,4,26722,2.0282,38.6,28.29,-41.0,4,0.0,-35.5,1
3,4,27448,1.6451,38.6,28.28,-40.5,4,0.0,-35.5,1
3,4,28174,1.0592,38.6,28.28,-41.0,4,0.0,-35.5,1
3,4,28900,1.0817,38.6,28.29,-40.5,4,0.0,-35.5,1
3,4,29626,2.0282,38.6,28.28,-41.0,4,0.0,-35.5,1
3,4,30352,1.6001,38.6,28.29,-41.0,4,0.0,-35.5,1
3,4,31078,1.3972,38.6,28.29,-41.0,4,0.0,-35.5,1
3,4,31804,2.5240,38.6,28.28,-41.0,4,0.0,-35.5,1
3,4,32530,2.2987,38.6,28.29,-40.5,4,0.0,-35.5,1
3,4,33256,2.1409,38.6,28.29,-40.5,4,0.0,-35.5,1
3,4,33982,1.1493,38.6,28.29,-41.0,4,0.0,-35.5,1
3,4,34708,2.3663,38.6,28.29,-41.0,4,0.0,-35.5,1
3,4,35434,2.3663,38.6,28.29,-41.0,4,0.0,-35.5,1
3,4,36160,1.7127,38.6,28.29,-41.0,4,0.0,-35.5,1
3,4,36886,1.1268,38.6,28.29,-41.0,4,0.0,-35.5,1
3,4,37612,1.8029,38.6,28.29,-40.5,4,0.0,-35.5,1
3,4,38338,1.9606,38.6,28.29,-41.0,4,0.0,-35.5,1
3,4,39064,0.8338,38.6,28.29,-41.0,4,0.0,-35.5,1
3,4,39790,1.4198,38.6,28.29,-41.0,4,0.0,-35.5,1
3,4,40516,1.2395,38.6,28.29,-41.0,4,0.0,-35.5,1
3,4,41242,1.8029,38.6,28.29,-41.0,4,0.0,-35.5,1
3,4,41968,2.2085,38.6,28.29,-40.5,4,0.0,-35.5,1
3,4,42694,1.2169,38.6,28.29,-41.0,4,0.0,-35.5,1
3,4,43420,1.2169,38.6,28.29,-41.0,4,0.0,-35.5,1
3,4,44146,1.4874,38.6,28.29,-41.0,4,0.0,-35.5,1
3,4,44872,1.0592,38.6,28.29,-40.5,4,0.0,-35.5,1
3,4,45598,2.7494,38.6,28.29,-41.0,4,0.0,-35.5,1
3,4,46324,2.0733,38.6,28.30,-41.0,4,0.0,-35.5,1
3,4,47050,2.0282,38.6,28.29,-41.0,4,0.0,-35.5,1
3,4,47776,2.2987,38.6,28.29,-41.0,4,0.0,-35.5,1
3,4,48502,2.8170,38.6,28.29,-41.0,4,0.0,-35.5,1
3,4,49228,0.5859,38.6,28.29,-40.5,4,0.0,-35.5,1
3,4,49954,1.9832,38.6,28.30,-41.0,4,0.0,-35.5,1
3,4,50680,0.8113,38.6,28.29,-41.0,4,0.0,-35.5,1
3,4,51406,0.8113,38.6,28.29,-41.0,4,0.0,-35.5,1
3,4,52132,-0.6761,38.6,28.29,-41.0,4,0.0,-35.5,1
3,4,52858,-0.2930,38.6,28.29,-41.0,4,0.0,-35.5,1
3,4,53584,1.8705,38.6,28.29,-41.0,4,0.0,-35.5,1
3,4,54310,0.9240,38.6,28.29,-41.0,4,0.0,-35.5,1
3,4,55036,1.8480,38.6,28.29,-40.5,4,0.0,-35.5,1
3,4,55762,3.4706,38.6,28.29,-41.0,4,0.0,-35.5,1
3,4,56488,1.3071,38.6,28.29,-41.0,4,0.0,-35.5,1
3,4,57214,2.9297,38.6,28.29,-41.0,4,0.0,-35.5,1
3,4,57940,2.0057,38.6,28.29,-40.5,4,0.0,-35.5,1
3,4,58666,2.6142,38.6,28.29,-40.5,4,0.0,-35.5,1
3,4,59392,2.6142,38.6,28.29,-40.5,4,0.0,-35.5,1
3,4,60118,0.4282,38.6,28.30,-41.0,4,0.0,-35.5,1
3,4,60844,1.9606,38.6,28.30,-41.0,4,0.0,-35.5,1
3,4,61570,1.8254,38.6,28.29,-40.5,4,0.0,-35.5,1
3,4,62296,2.4790,37.6,28.29,-41.0,4,0.0,-35.5,1
3,4,63022,0.9014,38.6,28.29,-41.0,4,0.0,-35.5,1
3,4,63748,2.4114,37.6,28.30,-41.0,4,0.0,-35.5,1
3,4,64474,2.5691,37.6,28.30,-41.0,4,0.0,-35.5,1
3,4,65200,2.4564,38.6,28.30,-41.0,4,0.0,-35.5,1
3,4,65926,2.2085,38.6,28.30,-41.0,4,0.0,-35.5,1
3,4,66652,1.9156,38.6,28.30,-41.0,4,0.0,-35.5,1
3,4,67378,1.9156,38.6,28.30,-41.0,4,0.0,-35.5,1
3,4,68104,2.9973,38.6,28.30,-41.0,4,0.0,-35.5,1
3,4,68830,1.8254,38.6,28.30,-40.5,4,0.0,-35.5,1
3,4,69556,1.9606,38.6,28.30,-41.0,4,0.0,-35.5,1
3,4,70282,3.9663,39.6,28.30,-41.0,4,0.0,-35.5,1
3,4,71008,1.0367,39.6,28.30,-40.5,4,0.0,-35.5,1
3,4,71734,1.6226,38.6,28.30,-40.5,4,0.0,-35.5,1
3,4,72460,1.5099,38.6,28.30,-41.0,4,0.0,-35.5,1
3,4,73186,2.3212,38.6,28.29,-40.5,4,0.0,-35.5,1
3,4,73912,2.6818,38.6,28.30,-41.0,4,0.0,-35.5,1
3,4,74638,1.7127,38.6,28.29,-40.5,4,0.0,-35.5,1
3,4,75364,1.8480,38.6,28.29,-40.5,4,0.0,-35.5,1
3,4,76090,2.4114,38.6,28.29,-41.0,4,0.0,-35.5,1
3,4,76816,1.4423,38.6,28.29,-41.0,4,0.0,-35.5,1
3,4,77542,1.0817,38.6,28.30,-41.0,4,0.0,-35.5,1
3,4,78268,1.8480,38.6,28.29,-41.0,4,0.0,-35.5,1
3,4,78994,2.3212,38.6,28.30,-40.5,4,0.0,-35.5,1
3,4,79720,1.7127,38.6,28.29,-40.5,4,0.0,-35.5,1
3,4,80446,1.7127,38.6,28.29,-41.0,4,0.0,-35.5,1
3,4,81172,3.1550,38.6,28.29,-40.5,4,0.0,-35.5,1
3,4,81898,1.5099,38.6,28.29,-41.0,4,0.0,-35.5,1
3,4,82624,2.2536,38.6,28.29,-41.0,4,0.0,-35.5,1
3,4,83350,0.9465,38.6,28.29,-41.0,4,0.0,-35.5,1
3,4,84076,2.3888,38.6,28.29,-41.0,4,0.0,-35.5,1
3,4,84802,2.2311,38.6,28.30,-41.0,4,0.0,-35.5,1
3,4,85528,2.1184,38.6,28.29,-40.5,4,0.0,-35.5,1
3,4,86254,1.6001,38.6,28.30,-41.0,4,0.0,-35.5,1
3,4,86980,0.6761,38.6,28.29,-41.0,4,0.0,-35.5,1
3,4,87706,1.3972,39.6,28.29,-41.0,4,0.0,-35.5,1
3,4,88432,0.6986,38.6,28.29,-41.0,4,0.0,-35.5,1
3,4,89158,0.6986,38.6,28.29,-41.0,4,0.0,-35.5,1
3,4,89884,1.3747,38.6,28.30,-41.0,4,0.0,-35.5,1
3,4,90610,1.7353,38.6,28.29,-41.0,4,0.0,-35.5,1
3,4,91336,3.8537,38.6,28.29,-41.0,4,0.0,-35.5,1
3,4,92062,1.7127,38.6,28.30,-41.0,4,0.0,-35.5,1
3,4,92788,2.0508,38.6,28.29,-41.0,4,0.0,-35.5,1
3,4,93514,2.6593,38.6,28.29,-40.5,4,0.0,-35.5,1
3,4,94240,1.6677,38.6,28.30,-40.5,4,0.0,-35.5,1
3,4,94966,2.5015,38.6,28.30,-41.0,4,0.0,-35.5,1
3,4,95692,0.9014,38.6,28.29,-41.0,4,0.0,-35.5,1
3,4,96418,3.4029,38.6,28.29,-41.0,4,0.0,-35.5,1
3,4,97144,3.4029,38.6,28.29,-41.0,4,0.0,-35.5,1
3,4,97870,2.0508,38.6,28.30,-41.0,4,0.0,-35.5,1
3,4,98596,3.5607,38.6,28.29,-40.5,4,0.0,-35.5,1
3,4,99322,2.8846,38.6,28.29,-41.0,4,0.0,-35.5,1
3,4,100048,1.2169,38.6,28.29,-41.0,4,0.0,-35.5,1
3,4,100774,1.3296,38.6,28.30,-41.0,4,0.0,-35.5,1
3,4,101500,0.4282,38.6,28.29,-40.5,4,0.0,-35.5,1
3,4,102226,0.9014,38.6,28.30,-41.0,4,0.0,-35.5,1
3,4,102952,2.8170,39.6,28.30,-41.0,4,0.0,-35.5,1
3,4,103678,0.8113,39.6,28.29,-41.0,4,0.0,-35.5,1
3,4,104404,2.6818,39.6,28.29,-41.0,4,0.0,-35.5,1
3,4,105130,2.6818,38.6,28.29,-41.0,4,0.0,-35.5,1
3,4,105856,2.1409,39.6,28.29,-41.0,4,0.0,-35.5,1
3,4,106582,0.1803,38.6,28.29,-41.0,4,0.0,-35.5,1
3,4,107308,1.8029,38.6,28.29,-41.0,4,0.0,-35.5,1
3,4,108034,1.9381,38.6,28.29,-40.5,4,0.0,-35.5,1
3,4,108760,1.6451,38.6,28.29,-41.0,4,0.0,-35.5,1
3,4,109486,1.1268,38.6,28.29,-41.0,4,0.0,-35.5,1
3,4,110212,2.3212,38.6,28.29,-41.0,4,0.0,-35.5,1
3,4,110938,1.1719,38.6,28.29,-41.0,4,0.0,-35.5,1
3,4,111664,1.1719,38.6,28.29,-40.5,4,0.0,-35.5,1
3,4,112390,2.0508,38.6,28.30,-41.0,4,0.0,-35.5,1
3,4,113116,2.0508,38.6,28.29,-41.0,4,0.0,-35.5,1
3,4,113842,2.9522,38.6,28.30,-41.0,4,0.0,-35.5,1
3,4,114568,1.1493,38.6,28.29,-40.5,4,0.0,-35.5,1
3,4,115294,1.4648,38.6,28.29,-41.0,4,0.0,-35.5,1
3,4,116020,1.3747,38.6,28.29,-41.0,4,0.0,-35.5,1
3,4,116746,0.9240,38.6,28.29,-41.0,4,0.0,-35.5,1
3,4,117472,3.1776,38.6,28.29,-41.0,4,0.0,-35.5,1
3,4,118198,1.6001,38.6,28.29,-41.0,4,0.0,-35.5,1
3,4,118924,2.3663,38.6,28.29,-41.0,4,0.0,-35.5,1
3,4,119650,0.9916,38.6,28.29,-41.0,4,0.0,-35.5,1
3,4,120376,2.0733,39.6,28.29,-41.0,4,0.0,-35.5,1
3,4,121102,2.0733,38.6,28.29,-41.0,4,0.0,-35.5,1
3,4,121828,1.2620,38.6,28.29,-41.0,4,0.0,-35.5,1
3,4,122554,3.9663,38.6,28.29,-40.5,4,0.0,-35.5,1
3,4,123280,1.4198,38.6,28.29,-41.0,4,0.0,-35.5,1
3,4,124006,3.7861,38.6,28.29,-41.0,4,0.0,-35.5,1
3,4,124732,0.7437,38.6,28.29,-41.0,4,0.0,-35.5,1
3,4,125458,1.7803,38.6,28.29,-41.0,4,0.0,-35.5,1
3,4,126184,2.3663,38.6,28.29,-41.0,4,0.0,-35.5,1
3,4,126910,3.0424,38.6,28.29,-41.0,4,0.0,-35.5,1
3,4,127636,2.7269,38.6,28.29,-41.0,4,0.0,-35.5,1
3,4,128362,0.5634,38.6,28.29,-41.0,4,0.0,-35.5,1
3,4,129088,3.1325,38.6,28.28,-40.5,4,0.0,-35.5,1
3,4,129814,0.9465,38.6,28.29,-41.0,4,0.0,-35.5,1
3,4,130540,3.1550,39.6,28.29,-41.0,4,0.0,-35.5,1
3,4,131266,1.6902,38.6,28.29,-41.0,4,0.0,-35.5,1
3,4,131992,0.3606,38.6,28.29,-41.0,4,0.0,-35.5,1
3,4,132718,1.1268,38.6,28.29,-41.0,4,0.0,-35.5,1
3,4,133444,2.0282,38.6,28.29,-41.0,4,0.0,-35.5,1
3,4,134170,-0.3155,38.6,28.29,-40.5,4,0.0,-35.5,1
3,4,134896,1.4874,37.6,28.29,-41.0,4,0.0,-35.5,1
3,4,135622,1.7578,38.6,28.29,-40.5,4,0.0,-35.5,1
3,4,136348,1.5099,38.6,28.29,-41.0,4,0.0,-35.5,1
3,4,137074,1.6001,38.6,28.29,-40.5,4,0.0,-35.5,1
3,4,137800,2.2987,38.6,28.29,-41.0,4,0.0,-35.5,1
3,4,138526,1.6902,38.6,28.29,-41.0,4,0.0,-35.5,1
3,4,139252,-0.1127,38.6,28.29,-40.5,4,0.0,-35.5,1
3,4,139978,2.3663,38.6,28.29,-40.5,4,0.0,-35.5,1
3,4,140704,1.2169,38.6,28.29,-41.0,4,0.0,-35.5,1
3,4,141430,2.8170,38.6,28.29,-40.5,4,0.0,-35.5,1
3,4,142156,1.0367,38.6,28.29,-41.0,4,0.0,-35.5,1
3,4,142882,1.0367,38.6,28.29,-41.0,4,0.0,-35.5,1
3,4,143608,2.1635,37.6,28.29,-41.0,4,0.0,-35.5,1
3,4,144334,2.4564,38.6,28.29,-41.0,4,0.0,-35.5,1
3,4,145060,2.3212,38.6,28.29,-41.0,4,0.0,-35.5,1
3,4,145786,1.8480,38.6,28.28,-41.0,4,0.0,-35.5,1
3,4,146512,1.4874,38.6,28.28,-40.5,4,0.0,-35.5,1
3,4,147238,2.0057,38.6,28.28,-41.0,4,0.0,-35.5,1
3,4,147964,2.4790,38.6,28.28,-40.5,4,0.0,-35.5,1
3,4,148690,0.5183,38.6,28.29,-41.0,4,0.0,-35.5,1
3,4,149416,0.8564,39.6,28.29,-41.0,4,0.0,-35.5,1
3,4,150142,1.3747,39.6,28.29,-41.0,4,0.0,-35.5,1
3,4,150868,1.3747,39.6,28.29,-41.0,4,0.0,-35.5,1
3,4,151594,1.8029,39.6,28.29,-41.0,4,0.0,-35.5,1
3,4,152320,2.0057,38.6,28.29,-41.0,4,0.0,-35.5,1
3,4,153046,0.5409,38.6,28.29,-40.5,4,0.0,-35.5,1
3,4,153772,1.3522,38.6,28.29,-41.0,4,0.0,-35.5,1
3,4,154498,2.1635,38.6,28.29,-41.0,4,0.0,-35.5,1
3,4,155224,2.2311,38.6,28.28,-41.0,4,0.0,-35.5,1
3,4,155950,1.7353,38.6,28.29,-41.0,4,0.0,-35.5,1
3,4,156676,2.3888,38.6,28.29,-40.5,4,0.0,-35.5,1
3,4,157402,0.8338,38.6,28.29,-41.0,4,0.0,-35.5,1
3,4,158128,3.0649,38.6,28.29,-41.0,4,0.0,-35.5,1
3,4,158854,3.0649,39.6,28.29,-41.0,4,0.0,-35.5,1
3,4,159580,2.7043,39.6,28.28,-41.0,4,0.0,-35.5,1
3,4,160306,2.3888,38.6,28.29,-40.5,4,0.0,-35.5,1
3,4,161032,1.3522,38.6,28.29,-41.0,4,0.0,-35.5,1
3,4,161758,1.2846,38.6,28.29,-40.5,4,0.0,-35.5,1
3,4,162484,1.6226,38.6,28.29,-41.0,4,0.0,-35.5,1
3,4,163210,1.4874,38.6,28.29,-41.0,4,0.0,-35.5,1
3,4,163936,2.1184,38.6,28.28,-41.0,4,0.0,-35.5,1
3,4,164662,1.6902,38.6,28.29,-40.5,4,0.0,-35.5,1
3,4,165388,1.9381,38.6,28.29,-41.0,4,0.0,-35.5,1
3,4,166114,1.2620,38.6,28.29,-41.0,4,0.0,-35.5,1
3,4,166840,1.2620,38.6,28.29,-41.0,4,0.0,-35.5,1
3,4,167566,0.6085,38.6,28.29,-40.5,4,0.0,-35.5,1
3,4,168292,1.9832,38.6,28.29,-41.0,4,0.0,-35.5,1
3,4,169018,2.0282,38.6,28.29,-41.0,4,0.0,-35.5,1
3,4,169744,1.0817,38.6,28.29,-40.5,4,0.0,-35.5,1
3,4,170470,2.0733,38.6,28.29,-41.0,4,0.0,-35.5,1
3,4,171196,1.8705,38.6,28.29,-41.0,4,0.0,-35.5,1
3,4,171922,2.7719,39.6,28.29,-41.0,4,0.0,-35.5,1
3,4,172648,1.5099,38.6,28.29,-41.0,4,0.0,-35.5,1
3,4,173374,2.4339,38.6,28.29,-41.0,4,0.0,-35.5,1
3,4,174100,0.6761,38.6,28.29,-41.0,4,0.0,-35.5,1
3,4,174826,0.6761,38.6,28.29,-41.0,4,0.0,-35.5,1
3,4,175552,0.9916,38.6,28.29,-40.5,4,0.0,-35.5,1
3,4,176278,0.4507,38.6,28.29,-41.0,4,0.0,-35.5,1
3,4,177004,2.1860,38.6,28.29,-41.0,4,0.0,-35.5,1
3,4,177730,1.8705,38.6,28.29,-41.0,4,0.0,-35.5,1
3,4,178456,3.4480,38.6,28.29,-41.5,4,0.0,-35.5,1
3,4,179182,0.9014,38.6,28.29,-41.0,4,0.0,-35.5,1
3,4,179908,3.0874,38.6,28.29,-41.0,4,0.0,-35.5,1
3,4,180634,2.0959,38.6,28.29,-41.0,4,0.0,-35.5,1
3,4,181360,0.6761,38.6,28.29,-41.0,4,0.0,-35.5,1
3,4,182086,1.6226,38.6,28.29,-41.0,4,0.0,-35.5,1
3,4,182812,0.2254,38.6,28.29,-41.0,4,0.0,-35.5,1
3,4,183538,0.6310,38.6,28.29,-41.0,4,0.0,-35.5,1
3,4,184264,1.1268,38.6,28.29,-41.0,4,0.0,-35.5,1
3,4,184990,2.2311,38.6,28.29,-40.5,4,0.0,-35.5,1
3,4,185716,1.8705,38.6,28.29,-41.0,4,0.0,-35.5,1
3,4,186442,2.1184,38.6,28.28,-41.5,4,0.0,-35.5,1
3,4,187168,0.7212,38.6,28.29,-41.0,4,0.0,-35.5,1
3,4,187894,1.6226,38.6,28.29,-40.5,4,0.0,-35.5,1
3,4,188620,2.4564,38.6,28.29,-41.0,4,0.0,-35.5,1
3,4,189346,1.2169,38.6,28.29,-41.0,4,0.0,-35.5,1
3,4,190072,1.0817,38.6,28.29,-40.5,4,0.0,-35.5,1
3,4,190798,2.3888,38.6,28.29,-40.5,4,0.0,-35.5,1
3,4,191524,2.2085,38.6,28.28,-41.0,4,0.0,-35.5,1
3,4,192250,1.8254,38.6,28.28,-41.0,4,0.0,-35.5,1
3,4,192976,2.3212,38.6,28.28,-41.0,4,0.0,-35.5,1
3,4,193702,2.5240,38.6,28.28,-40.5,4,0.0,-35.5,1
3,4,194428,1.1493,38.6,28.28,-40.5,4,0.0,-35.5,1
3,4,195154,1.6451,38.6,28.28,-40.5,4,0.0,-35.5,1
3,4,195880,2.7043,38.6,28.28,-41.0,4,0.0,-35.5,1
3,4,196606,2.7043,38.6,28.28,-41.0,4,0.0,-35.5,1
3,4,197332,2.5916,38.6,28.28,-40.5,4,0.0,-35.5,1
3,4,198058,1.9156,38.6,28.28,-41.0,4,0.0,-35.5,1
3,4,198784,2.5916,38.6,28.28,-41.0,4,0.0,-35.5,1
3,4,199510,1.0817,38.6,28.28,-41.0,4,0.0,-35.5,1
3,4,200236,1.2169,38.6,28.28,-41.0,4,0.0,-35.5,1
3,4,200962,1.4423,38.6,28.28,-41.0,4,0.0,-35.5,1
3,4,201688,-0.3155,38.6,28.28,-41.0,4,0.0,-35.5,1
3,4,202414,2.6593,38.6,28.28,-41.0,4,0.0,-35.5,1
3,4,203140,0.8564,38.6,28.28,-40.5,4,0.0,-35.5,1
3,4,203866,1.6226,38.6,28.28,-41.0,4,0.0,-35.5,1
3,4,204592,1.6226,38.6,28.28,-41.0,4,0.0,-35.5,1
3,4,205318,2.7494,38.6,28.27,-41.0,4,0.0,-35.5,1
3,4,206044,1.7578,38.6,28.28,-41.0,4,0.0,-35.5,1
3,4,206770,2.7269,38.6,28.28,-41.0,4,0.0,-35.5,1
3,4,207496,2.6593,38.6,28.28,-40.5,4,0.0,-35.5,1
3,4,208222,1.4648,38.6,28.28,-40.5,4,0.0,-35.5,1
3,4,208948,1.9156,38.6,28.28,-40.5,4,0.0,-35.5,1
3,4,209674,2.3437,38.6,28.28,-40.5,4,0.0,-35.5,1
3,4,210400,2.7945,38.6,28.28,-40.5,4,0.0,-35.5,1
3,4,211126,2.6593,38.6,28.28,-40.5,4,0.0,-35.5,1
3,4,211852,1.7578,39.6,28.28,-41.0,4,0.0,-35.5,1
3,4,212578,1.7578,38.6,28.28,-41.0,4,0.0,-35.5,1
3,4,213304,0.8789,39.6,28.28,-41.0,4,0.0,-35.5,1
3,4,214030,3.5156,38.6,28.28,-41.0,4,0.0,-35.5,1
3,4,214756,1.1719,38.6,28.28,-40.5,4,0.0,-35.5,1
3,4,215482,2.1409,38.6,28.28,-41.0,4,0.0,-35.5,1
3,4,216208,0.4056,38.6,28.28,-41.0,4,0.0,-35.5,1
3,4,216934,3.0198,38.6,28.28,-41.0,4,0.0,-35.5,1
3,4,217660,1.8480,38.6,28.28,-41.0,4,0.0,-35.5,1
3,4,218386,1.8254,38.6,28.27,-41.0,4,0.0,-35.5,1
3,4,219112,-0.0225,38.6,28.27,-41.0,4,0.0,-35.5,1
3,4,219838,3.1325,38.6,28.27,-41.0,4,0.0,-35.5,1
3,4,220564,3.1325,38.6,28.27,-41.0,4,0.0,-35.5,1
3,4,221290,1.4423,38.6,28.27,-41.0,4,0.0,-35.5,1
3,4,222016,0.4507,38.6,28.27,-41.0,4,0.0,-35.5,1
3,4,222742,0.6986,38.6,28.27,-41.0,4,0.0,-35.5,1
3,4,223468,0.6761,38.6,28.27,-41.0,4,0.0,-35.5,1
3,4,224194,1.4874,38.6,28.28,-40.5,4,0.0,-35.5,1
3,4,224920,2.0508,38.6,28.27,-41.5,4,0.0,-35.5,1
3,4,225646,0.7437,38.6,28.27,-40.5,4,0.0,-35.5,1
3,4,226372,0.7662,38.6,28.27,-41.0,4,0.0,-35.5,1
3,4,227098,1.9606,38.6,28.28,-40.5,4,0.0,-35.5,1
3,4,227824,0.3831,38.6,28.27,-41.0,4,0.0,-35.5,1
3,4,228550,0.3831,38.6,28.27,-41.0,4,0.0,-35.5,1
3,4,229276,2.6142,38.6,28.27,-41.0,4,0.0,-35.5,1
3,4,230002,0.9240,38.6,28.27,-41.0,4,0.0,-35.5,1
3,4,230728,2.4790,39.6,28.27,-41.0,4,0.0,-35.5,1
3,4,231454,1.0141,38.6,28.27,-41.0,4,0.0,-35.5,1
3,4,232180,0.8564,38.6,28.27,-40.5,4,0.0,-35.5,1
3,4,232906,2.0282,38.6,28.26,-41.0,4,0.0,-35.5,1
3,4,233632,1.1719,38.6,28.27,-41.0,4,0.0,-35.5,1
3,4,234358,1.8705,38.6,28.27,-41.0,4,0.0,-35.5,1
3,4,235084,2.8170,38.6,28.27,-41.0,4,0.0,-35.5,1
3,4,235810,1.2395,38.6,28.27,-41.0,4,0.0,-35.5,1
3,4,236536,1.2395,38.6,28.27,-41.0,4,0.0,-35.5,1
3,4,237262,1.7127,38.6,28.27,-40.5,4,0.0,-35.5,1
3,4,237988,2.2311,38.6,28.27,-40.5,4,0.0,-35.5,1
3,4,238714,1.3296,38.6,28.27,-40.5,4,0.0,-35.5,1
3,4,239440,0.0451,38.6,28.27,-41.0,4,0.0,-35.5,1
3,4,240166,1.6677,38.6,28.27,-40.5,4,0.0,-35.5,1
3,4,240892,2.7494,38.6,28.27,-40.5,4,0.0,-35.5,1
3,4,241618,2.2311,38.6,28.27,-41.0,4,0.0,-35.5,1
3,4,242344,1.8930,38.6,28.26,-41.0,4,0.0,-35.5,1
3,4,243070,3.0874,38.6,28.26,-40.5,4,0.0,-35.5,1
3,4,243796,2.8170,38.6,28.27,-41.0,4,0.0,-35.5,1
3,4,244522,2.4114,38.6,28.27,-41.0,4,0.0,-35.5,1
3,4,245248,1.2620,38.6,28.26,-41.0,4,0.0,-35.5,1
3,4,245974,1.4874,38.6,28.27,-41.5,4,0.0,-35.5,1
3,4,246700,2.5466,39.6,28.26,-41.0,4,0.0,-35.5,1
3,4,247426,1.1944,38.6,28.26,-41.0,4,0.0,-35.5,1
3,4,248152,2.4339,38.6,28.26,-41.0,4,0.0,-35.5,1
3,4,248878,2.9973,39.6,28.27,-41.0,4,0.0,-35.5,1
3,4,249604,2.5240,38.6,28.27,-41.0,4,0.0,-35.5,1
3,4,250330,14.0625,38.6,28.27,-40.5,4,0.0,-35.5,0
3,4,251056,1.7578,38.6,28.27,-40.5,4,0.0,-35.5,1
3,4,251782,1.3522,38.6,28.26,-41.0,4,0.0,-35.5,1
3,4,252508,1.0367,38.6,28.27,-40.5,4,0.0,-35.5,1
3,4,253234,1.1043,38.6,28.26,-41.0,4,0.0,-35.5,1
3,4,253960,2.0959,38.6,28.26,-41.0,4,0.0,-35.5,1
3,4,254686,0.2254,38.6,28.27,-41.0,4,0.0,-35.5,1
3,4,255412,0.1803,38.6,28.26,-41.0,4,0.0,-35.5,1
3,4,256138,2.9297,38.6,28.27,-40.5,4,0.0,-35.5,1
3,4,256864,1.0592,38.6,28.26,-41.0,4,0.0,-35.5,1
3,4,257590,3.2452,38.6,28.26,-41.0,4,0.0,-35.5,1
3,4,258316,3.2452,38.6,28.26,-41.0,4,0.0,-35.5,1
3,4,259042,3.0424,38.6,28.27,-41.0,4,0.0,-35.5,1
3,4,259768,1.8930,38.6,28.26,-41.0,4,0.0,-35.5,1
3,4,260494,2.3663,38.6,28.26,-41.0,4,0.0,-35.5,1
3,4,261220,1.3747,38.6,28.26,-41.0,4,0.0,-35.5,1
3,4,261946,2.1860,38.6,28.27,-41.0,4,0.0,-35.5,1
3,4,262672,1.8480,38.6,28.26,-40.5,4,0.0,-35.5,1
3,4,263398,2.0057,38.6,28.27,-40.5,4,0.0,-35.5,1
3,4,264124,1.5775,38.6,28.26,-41.0,4,0.0,-35.5,1
3,4,264850,1.2846,38.6,28.26,-41.0,4,0.0,-35.5,1
3,4,265576,2.9973,39.6,28.26,-40.5,4,0.0,-35.5,1
3,4,266302,2.9973,38.6,28.26,-40.5,4,0.0,-35.5,1
3,4,267028,1.7578,39.6,28.27,-41.0,4,0.0,-35.5,1
3,4,267754,1.2169,38.6,28.27,-40.5,4,0.0,-35.5,1
3,4,268480,2.6818,38.6,28.26,-41.0,4,0.0,-35.5,1
3,4,269206,1.4198,38.6,28.26,-40.5,4,0.0,-35.5,1
3,4,269932,2.0508,38.6,28.27,-41.0,4,0.0,-35.5,1
3,4,270658,0.7212,38.6,28.26,-41.0,4,0.0,-35.5,1
3,4,271384,2.4790,38.6,28.26,-41.0,4,0.0,-35.5,1
3,4,272110,3.1325,38.6,28.26,-41.0,4,0.0,-35.5,1
3,4,272836,1.3972,38.6,28.26,-41.0,4,0.0,-35.5,1
3,4,273562,0.6761,38.6,28.27,-41.0,4,0.0,-35.5,1
3,4,274288,0.6761,38.6,28.26,-41.0,4,0.0,-35.5,1
3,4,275014,1.3296,38.6,28.26,-41.0,4,0.0,-35.5,1
3,4,275740,1.5099,39.6,28.26,-41.0,4,0.0,-35.5,1
3,4,276466,2.7494,38.6,28.26,-41.0,4,0.0,-35.5,1
3,4,277192,2.0733,38.6,28.26,-41.0,4,0.0,-35.5,1
3,4,277918,1.3972,38.6,28.26,-40.5,4,0.0,-35.5,1
3,4,278644,2.2761,38.6,28.26,-41.0,4,0.0,-35.5,1
3,4,279370,2.0959,38.6,28.26,-41.0,4,0.0,-35.5,1
3,4,280096,1.0592,38.6,28.26,-41.0,4,0.0,-35.5,1
3,4,280822,1.5550,38.6,28.26,-41.0,4,0.0,-35.5,1
3,4,281548,1.7803,38.6,28.26,-41.0,4,0.0,-35.5,1
3,4,282274,1.7803,38.6,28.26,-41.0,4,0.0,-35.5,1
3,4,283000,2.0733,38.6,28.25,-41.0,4,0.0,-35.5,1
3,4,283726,2.8846,38.6,28.26,-41.0,4,0.0,-35.5,1
3,4,284452,0.6085,38.6,28.26,-40.5,4,0.0,-35.5,1
3,4,285178,0.6310,38.6,28.26,-41.0,4,0.0,-35.5,1
3,4,285904,0.4958,38.6,28.26,-41.0,4,0.0,-35.5,1
3,4,286630,1.0367,38.6,28.26,-40.5,4,0.0,-35.5,1
3,4,287356,2.0508,38.6,28.25,-41.0,4,0.0,-35.5,1
3,4,288082,2.2761,38.6,28.26,-41.0,4,0.0,-35.5,1
3,4,288808,1.3296,38.6,28.26,-41.0,4,0.0,-35.5,1
3,4,289534,3.9889,38.6,28.26,-41.0,4,0.0,-35.5,1
3,4,290260,3.9889,39.6,28.25,-41.0,4,0.0,-35.5,1
3,4,290986,2.7945,39.6,28.25,-41.0,4,0.0,-35.5,1
3,4,291712,1.0592,38.6,28.25,-41.0,4,0.0,-35.5,1
3,4,292438,2.3888,38.6,28.25,-41.0,4,0.0,-35.5,1
3,4,293164,1.3972,38.6,28.25,-41.0,4,0.0,-35.5,1
3,4,293890,2.5240,38.6,28.25,-41.0,4,0.0,-35.5,1
3,4,294616,0.7888,37.6,28.25,-41.0,4,0.0,-35.5,1
3,4,295342,2.1860,38.6,28.25,-40.5,4,0.0,-35.5,1
3,4,296068,0.3155,38.6,28.25,-40.5,4,0.0,-35.5,1
3,4,296794,0.7662,37.6,28.25,-41.0,4,0.0,-35.5,1
3,4,297520,0.7437,37.6,28.26,-41.0,4,0.0,-35.5,1
3,4,298246,1.6902,37.6,28.26,-41.0,4,0.0,-35.5,1
3,4,298972,1.8480,38.6,28.26,-41.0,4,0.0,-35.5,1
3,4,299698,2.2536,38.6,28.26,-41.0,4,0.0,-35.5,1
3,4,300424,3.2452,38.6,28.25,-41.0,4,0.0,-35.5,1
3,4,301150,-0.6535,38.6,28.25,-41.0,4,0.0,-35.5,1
3,4,301876,2.4114,38.6,28.25,-40.5,4,0.0,-35.5,1
3,4,302602,2.6593,38.6,28.25,-41.0,4,0.0,-35.5,1
3,4,303328,1.6001,38.6,28.26,-41.0,4,0.0,-35.5,1
3,4,304054,-0.3606,38.6,28.25,-41.0,4,0.0,-35.5,1
3,4,304780,0.8564,38.6,28.26,-41.0,4,0.0,-35.5,1
3,4,305506,1.0592,38.6,28.25,-41.0,4,0.0,-35.5,1
3,4,306232,2.6367,38.6,28.25,-40.5,4,0.0,-35.5,1
3,4,306958,1.3522,38.6,28.25,-41.0,4,0.0,-35.5,1
3,4,307684,0.5409,38.6,28.25,-41.0,4,0.0,-35.5,1
3,4,308410,0.9465,38.6,28.25,-41.0,4,0.0,-35.5,1
3,4,309136,2.7719,38.6,28.25,-41.0,4,0.0,-35.5,1
3,4,309862,0.5409,38.6,28.25,-41.0,4,0.0,-35.5,1
3,4,310588,3.1325,38.6,28.25,-41.0,4,0.0,-35.5,1
3,4,311314,1.5325,38.6,28.25,-41.0,4,0.0,-35.5,1
3,4,312040,1.5325,38.6,28.25,-41.0,4,0.0,-35.5,1
3,4,312766,3.8987,38.6,28.26,-41.0,4,0.0,-35.5,1
3,4,313492,2.5916,38.6,28.25,-41.0,4,0.0,-35.5,1
3,4,314218,2.3212,38.6,28.25,-41.0,4,0.0,-35.5,1
3,4,314944,0.6535,38.6,28.26,-40.5,4,0.0,-35.5,1
3,4,315670,3.2677,38.6,28.25,-41.0,4,0.0,-35.5,1
3,4,316396,1.6902,38.6,28.25,-41.0,4,0.0,-35.5,1
3,4,317122,1.0367,38.6,28.25,-40.5,4,0.0,-35.5,1
3,4,317848,2.8170,38.6,28.26,-40.5,4,0.0,-35.5,1
3,4,318574,2.4114,38.6,28.26,-40.5,4,0.0,-35.5,1
3,4,319300,1.0367,38.6,28.25,-41.0,4,0.0,-35.5,1
3,4,320026,1.0367,38.6,28.25,-41.0,4,0.0,-35.5,1
3,4,320752,2.3888,38.6,28.25,-41.0,4,0.0,-35.5,1
3,4,321478,2.8395,39.6,28.25,-40.5,4,0.0,-35.5,1
3,4,322204,2.9522,39.6,28.25,-41.0,4,0.0,-35.5,1
3,4,322930,1.1719,39.6,28.25,-41.0,4,0.0,-35.5,1
3,4,323656,1.7127,39.6,28.25,-41.0,4,0.0,-35.5,1
3,4,324382,2.8846,39.6,28.25,-41.0,4,0.0,-35.5,1
3,4,325108,2.1860,38.6,28.25,-41.0,4,0.0,-35.5,1
3,4,325834,1.3747,38.6,28.25,-41.0,4,0.0,-35.5,1
3,4,326560,1.5099,38.6,28.25,-41.0,4,0.0,-35.5,1
3,4,327286,1.1268,38.6,28.25,-40.5,4,0.0,-35.5,1
3,4,328012,1.1268,38.6,28.25,-40.5,4,0.0,-35.5,1
3,4,328738,-0.2704,38.6,28.25,-41.0,4,0.0,-35.5,1
3,4,329464,2.3888,39.6,28.24,-41.0,4,0.0,-35.5,1
3,4,330190,1.3972,38.6,28.25,-41.0,4,0.0,-35.5,1
3,4,330916,5.6340,38.6,28.25,-41.0,4,0.0,-35.5,1
3,4,331642,2.4790,38.6,28.25,-41.0,4,0.0,-35.5,1
3,4,332368,2.4114,38.6,28.25,-41.0,4,0.0,-35.5,1
3,4,333094,1.8254,38.6,28.25,-41.0,4,0.0,-35.5,1
3,4,333820,3.2001,38.6,28.24,-41.0,4,0.0,-35.5,1
3,4,334546,2.7719,38.6,28.24,-41.0,4,0.0,-35.5,1
3,4,335272,1.9606,38.6,28.25,-41.0,4,0.0,-35.5,1
3,4,335998,1.9606,38.6,28.24,-41.0,4,0.0,-35.5,1
3,4,336724,0.8338,38.6,28.25,-41.0,4,0.0,-35.5,1
3,4,337450,1.2620,38.6,28.24,-41.0,4,0.0,-35.5,1
3,4,338176,0.2028,38.6,28.24,-40.5,4,0.0,-35.5,1
3,4,338902,1.1944,38.6,28.24,-41.0,4,0.0,-35.5,1
3,4,339628,1.5099,38.6,28.24,-40.5,4,0.0,-35.5,1
3,4,340354,3.8987,38.6,28.24,-41.0,4,0.0,-35.5,1
3,4,341080,2.3437,38.6,28.25,-40.5,4,0.0,-35.5,1
3,4,341806,0.6986,38.6,28.25,-40.5,4,0.0,-35.5,1
3,4,342532,2.9748,38.6,28.24,-40.5,4,0.0,-35.5,1
3,4,343258,2.6367,38.6,28.24,-41.0,4,0.0,-35.5,1
3,4,343984,2.6367,38.6,28.25,-41.0,4,0.0,-35.5,1
3,4,344710,1.7803,38.6,28.24,-41.0,4,0.0,-35.5,1
3,4,345436,1.8480,38.6,28.24,-41.0,4,0.0,-35.5,1
3,4,346162,1.4648,38.6,28.24,-41.0,4,0.0,-35.5,1
3,4,346888,2.1860,38.6,28.24,-41.0,4,0.0,-35.5,1
3,4,347614,2.0282,38.6,28.25,-41.0,4,0.0,-35.5,1
3,4,348340,4.4396,38.6,28.25,-41.0,4,0.0,-35.5,1
3,4,349066,1.8480,38.6,28.25,-41.0,4,0.0,-35.5,1
3,4,349792,2.3663,38.6,28.24,-40.5,4,0.0,-35.5,1
3,4,350518,-0.0676,39.6,28.24,-41.0,4,0.0,-35.5,1
3,4,351244,1.5550,38.6,28.24,-40.5,4,0.0,-35.5,1
3,4,351970,1.8029,38.6,28.24,-41.0,4,0.0,-35.5,1
3,4,352696,0.7662,38.6,28.24,-41.0,4,0.0,-35.5,1
3,4,353422,1.1493,38.6,28.24,-41.0,4,0.0,-35.5,1
3,4,354148,2.0057,38.6,28.24,-40.5,4,0.0,-35.5,1
3,4,354874,1.7353,38.6,28.24,-40.5,4,0.0,-35.5,1
3,4,355600,1.3071,38.6,28.24,-41.0,4,0.0,-35.5,1
3,4,356326,2.9748,38.6,28.25,-41.0,4,0.0,-35.5,1
3,4,357052,1.8705,38.6,28.24,-41.0,4,0.0,-35.5,1
3,4,357778,0.8564,38.6,28.24,-40.5,4,0.0,-35.5,1
3,4,358504,0.5409,38.6,28.24,-40.5,4,0.0,-35.5,1
3,4,359230,1.6451,38.6,28.24,-41.0,4,0.0,-35.5,1
3,4,359956,1.7578,38.6,28.24,-41.0,4,0.0,-35.5,1
3,4,360682,2.2987,38.6,28.24,-40.5,4,0.0,-35.5,1
3,4,361408,1.6226,38.6,28.24,-41.0,4,0.0,-35.5,1
3,4,362134,1.7578,38.6,28.24,-41.0,4,0.0,-35.5,1
3,4,362860,0.6310,38.6,28.24,-40.5,4,0.0,-35.5,1
3,4,363586,1.1944,38.6,28.24,-41.0,4,0.0,-35.5,1
3,4,365038,2.0508,38.6,28.24,-40.5,4,0.0,-35.5,1
3,4,365764,2.0508,38.6,28.24,-40.5,4,0.0,-35.5,1
3,4,366490,2.5691,38.6,28.24,-41.0,4,0.0,-35.5,1
3,4,367216,3.3579,38.6,28.24,-41.0,4,0.0,-35.5,1
3,4,367942,2.3212,38.6,28.23,-41.0,4,0.0,-35.5,1
3,4,368668,1.5550,38.6,28.24,-41.0,4,0.0,-35.5,1
3,4,369394,1.3747,39.6,28.23,-41.0,4,0.0,-35.5,1
3,3,6394,2.5691,37.6,28.23,-41.0,3,0.0,-35.5,1
3,3,7120,2.9297,38.6,28.23,-41.0,3,0.0,-35.5,1
3,3,7846,2.3437,38.6,28.23,-41.0,3,0.0,-35.5,1
3,3,8572,2.4339,38.6,28.23,-40.5,3,0.0,-35.5,1
3,3,9298,1.4648,38.6,28.24,-41.5,3,0.0,-35.5,1
3,3,10024,2.5916,38.6,28.24,-41.0,3,0.0,-35.5,1
3,3,10750,2.7945,38.6,28.24,-41.5,3,0.0,-35.5,1
3,3,11476,1.4648,38.6,28.24,-41.5,3,0.0,-35.5,1
3,3,12202,2.7945,37.6,28.24,-41.0,3,0.0,-35.5,1
3,3,12928,2.7945,38.6,28.24,-41.0,3,0.0,-35.5,1
3,3,13654,-0.2028,38.6,28.24,-41.0,3,0.0,-35.5,1
3,3,14380,2.8621,38.6,28.24,-41.0,3,0.0,-35.5,1
3,3,15106,2.7945,38.6,28.24,-40.5,3,0.0,-35.5,1
3,3,15832,3.8987,37.6,28.24,-41.0,3,0.0,-35.5,1
3,3,16558,1.7803,38.6,28.26,-41.0,3,0.0,-35.5,1
3,3,17284,0.9014,38.6,28.25,-41.5,3,0.0,-35.5,1
3,3,18010,1.2620,38.6,28.25,-41.5,3,0.0,-35.5,1
3,3,18736,0.3831,38.6,28.25,-41.5,3,0.0,-35.5,1
3,3,19462,1.2395,38.6,28.25,-41.0,3,0.0,-35.5,1
3,3,20188,1.1493,38.6,28.25,-41.5,3,0.0,-35.5,1
3,3,20914,1.1493,38.6,28.25,-41.5,3,0.0,-35.5,1
3,3,21640,1.3071,38.6,28.25,-41.0,3,0.0,-35.5,1
3,3,22366,3.0649,38.6,28.25,-41.5,3,0.0,-35.5,1
3,3,23092,1.6902,38.6,28.26,-41.5,3,0.0,-35.5,1
3,3,23818,1.4198,38.6,28.25,-41.5,3,0.0,-35.5,1
3,3,24544,2.3437,38.6,28.26,-41.0,3,0.0,-35.5,1
3,3,25270,0.4507,38.6,28.26,-41.5,3,0.0,-35.5,1
3,3,25996,2.2761,38.6,28.26,-41.0,3,0.0,-35.5,1
3,3,26722,1.9832,38.6,28.26,-41.5,3,0.0,-35.5,1
3,3,27448,2.1184,38.6,28.26,-41.5,3,0.0,-35.5,1
3,3,28174,2.0508,38.6,28.26,-41.5,3,0.0,-35.5,1
3,3,28900,2.0508,38.6,28.26,-41.5,3,0.0,-35.5,1
3,3,29626,1.8480,38.6,28.26,-41.0,3,0.0,-35.5,1
3,3,30352,0.7437,38.6,28.26,-41.0,3,0.0,-35.5,1
3,3,31078,5.4312,38.6,28.26,-41.5,3,0.0,-35.5,1
3,3,31804,4.3269,38.6,28.26,-41.5,3,0.0,-35.5,1
3,3,32530,3.1776,38.6,28.26,-41.0,3,0.0,-35.5,1
3,3,33256,0.0676,38.6,28.26,-41.0,3,0.0,-35.5,1
3,3,33982,1.5099,38.6,28.26,-41.5,3,0.0,-35.5,1
3,3,34708,2.6593,38.6,28.26,-41.0,3,0.0,-35.5,1
3,3,35434,1.3972,38.6,28.26,-41.0,3,0.0,-35.5,1
3,3,36160,2.7945,38.6,28.26,-41.0,3,0.0,-35.5,1
3,3,36886,2.7945,38.6,28.26,-41.0,3,0.0,-35.5,1
3,3,37612,1.2395,38.6,28.27,-41.5,3,0.0,-35.5,1
3,3,38338,2.9748,38.6,28.26,-41.5,3,0.0,-35.5,1
3,3,39064,-1.0817,38.6,28.26,-41.0,3,0.0,-35.5,1
3,3,39790,1.5550,38.6,28.26,-41.0,3,0.0,-35.5,1
3,3,40516,1.9606,38.6,28.27,-41.5,3,0.0,-35.5,1
3,3,41242,1.5775,38.6,28.27,-40.5,3,0.0,-35.5,1
3,3,41968,1.3296,38.6,28.27,-41.0,3,0.0,-35.5,1
3,3,42694,4.3720,38.6,28.27,-41.0,3,0.0,-35.5,1
3,3,43420,0.3380,38.6,28.26,-41.0,3,0.0,-35.5,1
3,3,44146,3.1100,38.6,28.27,-41.0,3,0.0,-35.5,1
3,3,44872,1.8029,38.6,28.27,-41.5,3,0.0,-35.5,1
3,3,45598,0.6761,38.6,28.27,-41.0,3,0.0,-35.5,1
3,3,46324,2.5015,37.6,28.27,-41.0,3,0.0,-35.5,1
3,3,47050,0.4056,38.6,28.26,-41.5,3,0.0,-35.5,1
3,3,47776,0.4056,38.6,28.27,-41.0,3,0.0,-35.5,1
3,3,48502,1.3522,38.6,28.27,-41.5,3,0.0,-35.5,1
3,3,49228,1.5099,38.6,28.27,-41.0,3,0.0,-35.5,1
3,3,49954,0.2028,38.6,28.27,-41.0,3,0.0,-35.5,1
3,3,50680,1.3747,38.6,28.27,-41.0,3,0.0,-35.5,1
3,3,51406,0.0676,38.6,28.27,-40.5,3,0.0,-35.5,1
3,3,52132,2.2987,38.6,28.27,-41.0,3,0.0,-35.5,1
3,3,52858,4.5072,38.6,28.27,-41.0,3,0.0,-35.5,1
3,3,53584,0.9691,38.6,28.27,-41.0,3,0.0,-35.5,1
3,3,54310,-0.2704,38.6,28.27,-41.0,3,0.0,-35.5,1
3,3,55036,1.3522,38.6,28.28,-41.0,3,0.0,-35.5,1
3,3,55762,2.0057,38.6,28.27,-41.5,3,0.0,-35.5,1
3,3,56488,1.0367,38.6,28.28,-41.0,3,0.0,-35.5,1
3,3,57214,2.5916,38.6,28.27,-41.0,3,0.0,-35.5,1
3,3,57940,0.4282,38.6,28.27,-41.0,3,0.0,-35.5,1
3,3,58666,0.4282,38.6,28.27,-41.0,3,0.0,-35.5,1
3,3,59392,2.3437,38.6,28.27,-41.0,3,0.0,-35.5,1
3,3,60118,2.3212,38.6,28.27,-41.5,3,0.0,-35.5,1
3,3,60844,1.8930,38.6,28.27,-41.0,3,0.0,-35.5,1
3,3,61570,1.1719,38.6,28.27,-41.0,3,0.0,-35.5,1
3,3,62296,2.4114,38.6,28.28,-41.5,3,0.0,-35.5,1
3,3,63022,2.5466,38.6,28.27,-41.5,3,0.0,-35.5,1
3,3,63748,0.9465,38.6,28.27,-41.0,3,0.0,-35.5,1
3,3,64474,1.9832,38.6,28.27,-41.0,3,0.0,-35.5,1
3,3,65200,3.0649,38.6,28.27,-41.5,3,0.0,-35.5,1
3,3,65926,3.2452,38.6,28.26,-41.0,3,0.0,-35.5,1
3,3,66652,3.2452,38.6,28.26,-41.0,3,0.0,-35.5,1
3,3,67378,3.0874,38.6,28.27,-41.0,3,0.0,-35.5,1
3,3,68104,1.6677,38.6,28.27,-41.5,3,0.0,-35.5,1
3,3,68830,4.3495,38.6,28.27,-41.0,3,0.0,-35.5,1
3,3,69556,1.4874,38.6,28.27,-41.5,3,0.0,-35.5,1
3,3,70282,-0.0451,38.6,28.27,-41.0,3,0.0,-35.5,1
3,3,71008,1.1493,38.6,28.27,-41.5,3,0.0,-35.5,1
3,3,71734,0.1803,38.6,28.27,-41.0,3,0.0,-35.5,1
3,3,72460,2.0282,38.6,28.27,-40.5,3,0.0,-35.5,1
3,3,73186,0.9916,38.6,28.27,-41.0,3,0.0,-35.5,1
3,3,73912,0.0451,39.6,28.28,-41.5,3,0.0,-35.5,1
3,3,74638,0.0451,39.6,28.27,-41.5,3,0.0,-35.5,1
3,3,75364,1.5775,38.6,28.27,-41.0,3,0.0,-35.5,1
3,3,76090,1.1268,38.6,28.27,-41.0,3,0.0,-35.5,1
3,3,76816,1.8480,38.6,28.27,-41.0,3,0.0,-35.5,1
3,3,77542,2.4790,38.6,28.27,-41.0,3,0.0,-35.5,1
3,3,78268,-0.3831,37.6,28.27,-41.5,3,0.0,-35.5,1
3,3,78994,4.1692,38.6,28.27,-41.5,3,0.0,-35.5,1
3,3,79720,1.1268,38.6,28.27,-40.5,3,0.0,-35.5,1
3,3,80446,-0.6085,38.6,28.27,-41.5,3,0.0,-35.5,1
3,3,81172,1.5099,39.6,28.27,-41.0,3,0.0,-35.5,1
3,3,81898,0.4282,38.6,28.27,-42.0,3,0.0,-35.5,1
3,3,82624,0.4282,38.6,28.27,-42.0,3,0.0,-35.5,1
3,3,83350,0.0451,38.6,28.27,-41.0,3,0.0,-35.5,1
3,3,84076,1.6226,38.6,28.27,-41.5,3,0.0,-35.5,1
3,3,84802,1.5325,38.6,28.27,-42.0,3,0.0,-35.5,1
3,3,85528,0.0225,38.6,28.27,-41.0,3,0.0,-35.5,1
3,3,86254,4.9805,38.6,28.27,-41.0,3,0.0,-35.5,1
3,3,86980,1.0141,38.6,28.27,-40.5,3,0.0,-35.5,1
3,3,87706,1.4423,38.6,28.27,-41.5,3,0.0,-35.5,1
3,3,88432,2.6818,38.6,28.27,-41.5,3,0.0,-35.5,1
3,3,89158,3.0874,38.6,28.27,-41.5,3,0.0,-35.5,1
3,3,89884,1.0367,38.6,28.27,-41.0,3,0.0,-35.5,1
3,3,90610,1.0367,38.6,28.28,-41.0,3,0.0,-35.5,1
3,3,91336,2.1635,38.6,28.27,-41.5,3,0.0,-35.5,1
3,3,92062,3.1100,38.6,28.27,-41.0,3,0.0,-35.5,1
3,3,92788,3.3579,38.6,28.27,-41.5,3,0.0,-35.5,1
3,3,93514,1.2395,38.6,28.27,-41.0,3,0.0,-35.5,1
3,3,94240,1.0367,38.6,28.27,-41.0,3,0.0,-35.5,1
3,3,94966,1.2395,38.6,28.27,-41.0,3,0.0,-35.5,1
3,3,95692,2.8395,38.6,28.27,-41.0,3,0.0,-35.5,1
3,3,96418,1.5099,38.6,28.27,-41.0,3,0.0,-35.5,1
3,3,97144,2.5691,38.6,28.27,-42.0,3,0.0,-35.5,1
3,3,97870,1.3071,38.6,28.27,-41.5,3,0.0,-35.5,1
3,3,98596,-0.5859,38.6,28.27,-41.0,3,0.0,-35.5,1
3,3,99322,2.8621,38.6,28.27,-41.0,3,0.0,-35.5,1
3,3,100048,3.3353,38.6,28.27,-41.0,3,0.0,-35.5,1
3,3,100774,1.9381,38.6,28.27,-41.0,3,0.0,-35.5,1
3,3,101500,2.5691,38.6,28.27,-41.0,3,0.0,-35.5,1
3,3,102226,0.5634,38.6,28.27,-41.0,3,0.0,-35.5,1
3,3,102952,2.6367,38.6,28.27,-41.5,3,0.0,-35.5,1
3,3,103678,0.7437,38.6,28.27,-41.0,3,0.0,-35.5,1
3,3,104404,1.0592,38.6,28.27,-41.0,3,0.0,-35.5,1
3,3,105130,2.2536,38.6,28.27,-41.0,3,0.0,-35.5,1
3,3,105856,0.7662,38.6,28.27,-41.0,3,0.0,-35.5,1
3,3,106582,1.0817,38.6,28.27,-41.5,3,0.0,-35.5,1
3,3,107308,1.6451,38.6,28.27,-41.0,3,0.0,-35.5,1
3,3,108034,1.3296,38.6,28.27,-41.5,3,0.0,-35.5,1
3,3,108760,4.2142,38.6,28.27,-41.5,3,0.0,-35.5,1
3,3,109486,2.3663,39.6,28.27,-41.5,3,0.0,-35.5,1
3,3,110212,1.5099,38.6,28.27,-41.5,3,0.0,-35.5,1
3,3,110938,2.3437,38.6,28.27,-41.5,3,0.0,-35.5,1
3,3,111664,1.9832,38.6,28.27,-41.0,3,0.0,-35.5,1
3,3,112390,1.9832,38.6,28.27,-41.0,3,0.0,-35.5,1
3,3,113116,1.6902,38.6,28.26,-41.5,3,0.0,-35.5,1
3,3,113842,0.3380,38.6,28.26,-41.5,3,0.0,-35.5,1
3,3,114568,2.9072,38.6,28.27,-41.5,3,0.0,-35.5,1
3,3,115294,-1.0367,38.6,28.27,-41.0,3,0.0,-35.5,1
3,3,116020,2.6818,38.6,28.27,-41.5,3,0.0,-35.5,1
3,3,116746,1.6451,38.6,28.27,-41.0,3,0.0,-35.5,1
3,3,117472,2.3663,38.6,28.27,-41.0,3,0.0,-35.5,1
3,3,118198,1.6226,38.6,28.27,-41.5,3,0.0,-35.5,1
3,3,118924,-0.8338,38.6,28.27,-41.0,3,0.0,-35.5,1
3,3,119650,1.8254,38.6,28.26,-41.5,3,0.0,-35.5,1
3,3,120376,1.8254,38.6,28.27,-41.5,3,0.0,-35.5,1
3,3,121102,0.6310,38.6,28.27,-41.0,3,0.0,-35.5,1
3,3,121828,1.3522,38.6,28.27,-41.0,3,0.0,-35.5,1
3,3,122554,2.7043,38.6,28.26,-41.0,3,0.0,-35.5,1
3,3,123280,0.3155,38.6,28.26,-41.5,3,0.0,-35.5,1
3,3,124006,1.1493,38.6,28.27,-41.5,3,0.0,-35.5,1
3,3,124732,1.4198,38.6,28.27,-41.0,3,0.0,-35.5,1
3,3,125458,2.5691,38.6,28.26,-41.5,3,0.0,-35.5,1
3,3,126184,4.1692,38.6,28.27,-41.0,3,0.0,-35.5,1
3,3,126910,1.4198,39.6,28.27,-41.0,3,0.0,-35.5,1
3,3,127636,0.7437,38.6,28.27,-41.0,3,0.0,-35.5,1
3,3,128362,0.7437,38.6,28.27,-41.0,3,0.0,-35.5,1
3,3,129088,0.9916,38.6,28.27,-41.0,3,0.0,-35.5,1
3,3,129814,1.2846,38.6,28.27,-41.5,3,0.0,-35.5,1
3,3,130540,3.4255,38.6,28.27,-41.5,3,0.0,-35.5,1
3,3,131266,2.9748,38.6,28.27,-41.0,3,0.0,-35.5,1
3,3,131992,4.1016,38.6,28.27,-41.0,3,0.0,-35.5,1
3,3,132718,0.7212,38.6,28.27,-41.5,3,0.0,-35.5,1
3,3,133444,1.4648,38.6,28.27,-41.0,3,0.0,-35.5,1
3,3,134170,2.6367,38.6,28.27,-41.5,3,0.0,-35.5,1
3,3,134896,2.7945,39.6,28.26,-41.0,3,0.0,-35.5,1
3,3,135622,2.1635,38.6,28.27,-41.5,3,0.0,-35.5,1
3,3,136348,2.1635,38.6,28.27,-41.5,3,0.0,-35.5,1
3,3,137074,1.9381,38.6,28.27,-41.5,3,0.0,-35.5,1
3,3,137800,1.0141,37.6,28.27,-41.0,3,0.0,-35.5,1
3,3,138526,1.8705,37.6,28.27,-41.5,3,0.0,-35.5,1
3,3,139252,0.2479,38.6,28.26,-41.5,3,0.0,-35.5,1
3,3,139978,4.1241,38.6,28.27,-41.0,3,0.0,-35.5,1
3,3,140704,1.8254,38.6,28.27,-41.0,3,0.0,-35.5,1
3,3,141430,1.3071,38.6,28.27,-41.0,3,0.0,-35.5,1
3,3,142156,3.2677,38.6,28.27,-41.0,3,0.0,-35.5,1
3,3,142882,2.6818,38.6,28.26,-41.0,3,0.0,-35.5,1
3,3,143608,1.2395,39.6,28.26,-41.0,3,0.0,-35.5,1
3,3,144334,1.2395,38.6,28.26,-41.0,3,0.0,-35.5,1
3,3,145060,3.1100,39.6,28.26,-41.0,3,0.0,-35.5,1
3,3,145786,1.8480,39.6,28.26,-41.0,3,0.0,-35.5,1
3,3,146512,1.2846,39.6,28.27,-41.0,3,0.0,-35.5,1
3,3,147238,-0.1578,39.6,28.26,-41.0,3,0.0,-35.5,1
3,3,147964,2.9522,38.6,28.26,-41.0,3,0.0,-35.5,1
3,3,148690,1.3972,38.6,28.27,-41.5,3,0.0,-35.5,1
3,3,149416,3.2452,38.6,28.26,-41.0,3,0.0,-35.5,1
3,3,150142,4.6875,38.6,28.26,-41.5,3,0.0,-35.5,1
3,3,150868,2.3212,38.6,28.26,-41.5,3,0.0,-35.5,1
3,3,151594,-0.1127,38.6,28.26,-41.5,3,0.0,-35.5,1
3,3,152320,-0.1127,38.6,28.26,-41.5,3,0.0,-35.5,1
3,3,153046,-1.1944,38.6,28.26,-41.0,3,0.0,-35.5,1
3,3,153772,1.1944,38.6,28.26,-41.0,3,0.0,-35.5,1
3,3,154498,2.7719,38.6,28.26,-41.5,3,0.0,-35.5,1
3,3,155224,-2.2536,39.6,28.27,-41.0,3,0.0,-35.5,1
3,3,155950,1.5775,38.6,28.27,-41.5,3,0.0,-35.5,1
3,3,156676,1.4198,38.6,28.27,-41.0,3,0.0,-35.5,1
3,3,157402,0.7437,39.6,28.27,-41.0,3,0.0,-35.5,1
3,3,158128,-0.2704,39.6,28.27,-41.0,3,0.0,-35.5,1
3,3,158854,1.6902,39.6,28.27,-41.0,3,0.0,-35.5,1
3,3,159580,1.3522,38.6,28.27,-40.5,3,0.0,-35.5,1
3,3,160306,2.5015,38.6,28.26,-41.5,3,0.0,-35.5,1
3,3,161032,2.0733,39.6,28.26,-41.5,3,0.0,-35.5,1
3,3,161758,0.5409,38.6,28.27,-41.0,3,0.0,-35.5,1
3,3,162484,0.8113,38.6,28.27,-41.5,3,0.0,-35.5,1
3,3,163210,1.0592,38.6,28.26,-41.0,3,0.0,-35.5,1
3,3,163936,1.5099,38.6,28.26,-41.5,3,0.0,-35.5,1
3,3,164662,0.9465,38.6,28.26,-41.0,3,0.0,-35.5,1
3,3,165388,0.3155,38.6,28.26,-41.0,3,0.0,-35.5,1
3,3,166114,-5.2058,38.6,28.26,-40.5,3,0.0,-35.5,0
3,3,166840,1.9606,38.6,28.26,-41.0,3,0.0,-35.5,1
3,3,167566,4.7326,39.6,28.26,-41.5,3,0.0,-35.5,1
3,3,168292,0.3831,38.6,28.26,-41.5,3,0.0,-35.5,1
3,3,169018,2.0959,38.6,28.26,-41.0,3,0.0,-35.5,1
3,3,169744,0.6310,38.6,28.26,-41.0,3,0.0,-35.5,1
3,3,170470,2.0733,38.6,28.26,-41.5,3,0.0,-35.5,1
3,3,171196,4.3495,38.6,28.26,-41.0,3,0.0,-35.5,1
3,3,171922,1.7803,38.6,28.26,-41.0,3,0.0,-35.5,1
3,3,172648,1.9381,38.6,28.26,-41.0,3,0.0,-35.5,1
3,3,173374,0.5409,38.6,28.26,-41.5,3,0.0,-35.5,1
3,3,174100,0.5409,38.6,28.26,-41.5,3,0.0,-35.5,1
3,3,174826,3.2227,38.6,28.26,-41.5,3,0.0,-35.5,1
3,3,175552,0.9691,38.6,28.26,-41.0,3,0.0,-35.5,1
3,3,176278,3.2227,38.6,28.26,-41.5,3,0.0,-35.5,1
3,3,177004,-0.4958,38.6,28.26,-41.0,3,0.0,-35.5,1
3,3,177730,0.2930,38.6,28.26,-40.5,3,0.0,-35.5,1
3,3,178456,1.7127,38.6,28.26,-40.5,3,0.0,-35.5,1
3,3,179182,4.8678,38.6,28.26,-41.5,3,0.0,-35.5,1
3,3,179908,0.9691,38.6,28.26,-41.5,3,0.0,-35.5,1
3,3,180634,-1.9606,38.6,28.26,-41.5,3,0.0,-35.5,1
3,3,181360,1.1944,38.6,28.26,-41.0,3,0.0,-35.5,1
3,3,182086,1.1944,39.6,28.26,-41.0,3,0.0,-35.5,1
3,3,182812,2.1184,39.6,28.26,-41.0,3,0.0,-35.5,1
3,3,183538,1.4423,38.6,28.26,-41.5,3,0.0,-35.5,1
3,3,184264,3.8987,39.6,28.26,-40.5,3,0.0,-35.5,1
3,3,184990,1.3071,38.6,28.26,-40.5,3,0.0,-35.5,1
3,3,185716,1.3972,38.6,28.26,-41.5,3,0.0,-35.5,1
3,3,186442,2.0282,38.6,28.26,-40.5,3,0.0,-35.5,1
3,3,187168,0.4507,38.6,28.26,-41.0,3,0.0,-35.5,1
3,3,187894,1.3296,38.6,28.25,-41.0,3,0.0,-35.5,1
3,3,188620,2.0282,38.6,28.25,-41.5,3,0.0,-35.5,1
3,3,189346,0.6761,38.6,28.25,-41.0,3,0.0,-35.5,1
3,3,190072,0.6761,38.6,28.26,-41.0,3,0.0,-35.5,1
3,3,190798,0.9916,38.6,28.25,-41.5,3,0.0,-35.5,1
3,3,191524,1.8705,38.6,28.25,-41.0,3,0.0,-35.5,1
3,3,192250,2.0733,38.6,28.25,-41.0,3,0.0,-35.5,1
3,3,192976,0.8564,37.6,28.25,-41.0,3,0.0,-35.5,1
3,3,193702,1.9606,37.6,28.25,-40.5,3,0.0,-35.5,1
3,3,194428,1.4648,37.6,28.25,-41.0,3,0.0,-35.5,1
3,3,195154,1.6451,38.6,28.25,-41.5,3,0.0,-35.5,1
3,3,195880,2.2761,38.6,28.25,-41.0,3,0.0,-35.5,1
3,3,196606,0.8338,38.6,28.26,-41.0,3,0.0,-35.5,1
3,3,197332,1.8480,38.6,28.26,-40.5,3,0.0,-35.5,1
3,3,198058,1.8480,38.6,28.26,-40.5,3,0.0,-35.5,1
3,3,198784,1.6451,39.6,28.26,-41.0,3,0.0,-35.5,1
3,3,199510,1.4648,38.6,28.25,-41.5,3,0.0,-35.5,1
3,3,200236,1.3296,38.6,28.25,-41.5,3,0.0,-35.5,1
3,3,200962,0.2479,38.6,28.25,-41.0,3,0.0,-35.5,1
3,3,201688,1.3522,38.6,28.25,-41.5,3,0.0,-35.5,1
3,3,202414,1.0592,38.6,28.25,-41.0,3,0.0,-35.5,1
3,3,203140,0.4733,38.6,28.25,-41.5,3,0.0,-35.5,1
3,3,203866,1.9832,39.6,28.24,-41.0,3,0.0,-35.5,1
3,3,204592,-0.1578,38.6,28.24,-41.5,3,0.0,-35.5,1
3,3,205318,1.3522,38.6,28.24,-41.5,3,0.0,-35.5,1
3,3,206044,1.3522,39.6,28.24,-41.5,3,0.0,-35.5,1
3,3,206770,0.6761,38.6,28.24,-41.5,3,0.0,-35.5,1
3,3,207496,-0.1578,38.6,28.24,-41.5,3,0.0,-35.5,1
3,3,208222,0.7212,38.6,28.25,-41.5,3,0.0,-35.5,1
3,3,208948,1.9381,38.6,28.24,-41.0,3,0.0,-35.5,1
3,3,209674,0.5409,38.6,28.24,-41.0,3,0.0,-35.5,1
3,3,210400,3.1776,38.6,28.24,-41.0,3,0.0,-35.5,1
3,3,211126,3.4255,38.6,28.24,-41.0,3,0.0,-35.5,1
3,3,211852,2.0959,38.6,28.25,-41.5,3,0.0,-35.5,1
3,3,212578,0.9691,38.6,28.25,-41.0,3,0.0,-35.5,1
3,3,213304,2.7719,38.6,28.24,-41.0,3,0.0,-35.5,1
3,3,214030,1.7127,38.6,28.25,-41.0,3,0.0,-35.5,1
3,3,214756,2.1184,38.6,28.25,-41.5,3,0.0,-35.5,1
3,3,215482,3.0874,38.6,28.25,-41.5,3,0.0,-35.5,1
3,3,216208,1.0367,38.6,28.25,-41.0,3,0.0,-35.5,1
3,3,216934,1.8930,38.6,28.25,-41.0,3,0.0,-35.5,1
3,3,217660,0.3606,39.6,28.24,-42.0,3,0.0,-35.5,1
3,3,218386,1.7578,39.6,28.25,-41.0,3,0.0,-35.5,1
3,3,219112,2.0057,38.6,28.25,-41.5,3,0.0,-35.5,1
3,3,219838,-2.2987,38.6,28.25,-41.5,3,0.0,-35.5,1
3,3,220564,-0.5409,38.6,28.25,-41.5,3,0.0,-35.5,1
3,3,221290,0.8564,38.6,28.25,-41.0,3,0.0,-35.5,1
3,3,222016,2.5691,38.6,28.25,-40.5,3,0.0,-35.5,1
3,3,222742,3.5607,39.6,28.24,-41.0,3,0.0,-35.5,1
3,3,223468,3.2227,38.6,28.25,-41.0,3,0.0,-35.5,1
3,3,224194,1.3522,39.6,28.25,-41.0,3,0.0,-35.5,1
3,3,224920,2.0508,39.6,28.25,-41.0,3,0.0,-35.5,1
3,3,225646,-0.1578,39.6,28.25,-41.5,3,0.0,-35.5,1
3,3,226372,-1.1043,39.6,28.25,-41.0,3,0.0,-35.5,1
3,3,227098,3.3353,38.6,28.25,-41.0,3,0.0,-35.5,1
3,3,227824,3.3353,38.6,28.24,-41.0,3,0.0,-35.5,1
3,3,228550,0.9240,38.6,28.24,-41.5,3,0.0,-35.5,1
3,3,229276,2.3212,38.6,28.25,-41.5,3,0.0,-35.5,1
3,3,230002,1.2620,38.6,28.25,-40.5,3,0.0,-35.5,1
3,3,230728,1.9156,38.6,28.24,-41.5,3,0.0,-35.5,1
3,3,231454,0.9240,38.6,28.24,-41.0,3,0.0,-35.5,1
3,3,232180,3.4029,38.6,28.24,-41.5,3,0.0,-35.5,1
3,3,232906,1.6226,38.6,28.24,-41.5,3,0.0,-35.5,1
3,3,233632,-0.0225,38.6,28.24,-41.5,3,0.0,-35.5,1
3,3,234358,0.2704,38.6,28.24,-41.0,3,0.0,-35.5,1
3,3,235084,0.5634,38.6,28.24,-41.5,3,0.0,-35.5,1
3,3,235810,0.5634,38.6,28.24,-41.5,3,0.0,-35.5,1
3,3,236536,5.1608,38.6,28.24,-41.5,3,0.0,-35.5,1
3,3,237262,1.0367,38.6,28.24,-41.0,3,0.0,-35.5,1
3,3,237988,1.2846,38.6,28.24,-41.5,3,0.0,-35.5,1
3,3,238714,2.1409,38.6,28.24,-41.5,3,0.0,-35.5,1
3,3,239440,3.4931,38.6,28.24,-41.5,3,0.0,-35.5,1
3,3,240166,1.6451,38.6,28.24,-41.5,3,0.0,-35.5,1
3,3,240892,1.7353,38.6,28.24,-41.0,3,0.0,-35.5,1
3,3,241618,1.1719,38.6,28.24,-41.0,3,0.0,-35.5,1
3,3,242344,-0.4056,38.6,28.24,-41.0,3,0.0,-35.5,1
3,3,243070,2.5015,38.6,28.24,-41.0,3,0.0,-35.5,1
3,3,243796,2.5015,39.6,28.24,-41.0,3,0.0,-35.5,1
3,3,244522,2.6367,39.6,28.24,-41.5,3,0.0,-35.5,1
3,3,245248,-0.5859,38.6,28.24,-41.5,3,0.0,-35.5,1
3,3,245974,3.4029,38.6,28.24,-41.5,3,0.0,-35.5,1
3,3,246700,3.8762,38.6,28.24,-41.0,3,0.0,-35.5,1
3,3,247426,-0.2028,38.6,28.24,-41.0,3,0.0,-35.5,1
3,3,248152,3.6959,38.6,28.24,-40.5,3,0.0,-35.5,1
3,3,248878,2.2085,38.6,28.24,-41.0,3,0.0,-35.5,1
3,3,249604,0.7662,38.6,28.24,-41.0,3,0.0,-35.5,1
3,3,250330,0.8789,38.6,28.24,-41.0,3,0.0,-35.5,1
3,3,251056,1.5550,38.6,28.24,-41.5,3,0.0,-35.5,1
3,3,251782,1.5550,38.6,28.24,-41.5,3,0.0,-35.5,1
3,3,252508,1.4423,38.6,28.24,-41.0,3,0.0,-35.5,1
3,3,253234,-0.5183,38.6,28.24,-41.0,3,0.0,-35.5,1
3,3,253960,1.6226,38.6,28.23,-41.0,3,0.0,-35.5,1
3,3,254686,2.3663,38.6,28.24,-41.5,3,0.0,-35.5,1
3,3,255412,1.0367,38.6,28.23,-41.0,3,0.0,-35.5,1
3,3,256138,2.2987,38.6,28.23,-41.5,3,0.0,-35.5,1
3,3,256864,3.4931,38.6,28.23,-41.5,3,0.0,-35.5,1
3,3,257590,0.8113,38.6,28.24,-41.5,3,0.0,-35.5,1
3,3,258316,1.1944,38.6,28.23,-41.0,3,0.0,-35.5,1
3,3,259042,1.1719,38.6,28.23,-42.0,3,0.0,-35.5,1
3,3,259768,1.1719,38.6,28.24,-42.0,3,0.0,-35.5,1
3,3,260494,4.4396,38.6,28.24,-40.5,3,0.0,-35.5,1
3,3,261220,2.9522,38.6,28.23,-41.0,3,0.0,-35.5,1
3,3,261946,0.7212,38.6,28.23,-41.0,3,0.0,-35.5,1
3,3,262672,0.9014,38.6,28.23,-41.5,3,0.0,-35.5,1
3,3,263398,-0.7437,38.6,28.23,-41.5,3,0.0,-35.5,1
3,3,264124,3.3353,38.6,28.23,-41.0,3,0.0,-35.5,1
3,3,264850,1.8930,38.6,28.23,-41.5,3,0.0,-35.5,1
3,3,265576,1.2620,38.6,28.23,-41.0,3,0.0,-35.5,1
3,3,266302,0.8564,38.6,28.23,-40.5,3,0.0,-35.5,1
3,3,267028,2.3212,38.6,28.23,-41.0,3,0.0,-35.5,1
3,3,267754,0.6535,39.6,28.23,-41.5,3,0.0,-35.5,1
3,3,268480,-1.3296,39.6,28.23,-41.5,3,0.0,-35.5,1
3,3,269206,1.6902,38.6,28.23,-41.0,3,0.0,-35.5,1
3,3,269932,1.4648,39.6,28.23,-41.0,3,0.0,-35.5,1
3,3,270658,2.2987,38.6,28.23,-41.5,3,0.0,-35.5,1
3,3,271384,1.2846,39.6,28.23,-41.0,3,0.0,-35.5,1
3,3,272110,1.4198,38.6,28.23,-42.0,3,0.0,-35.5,1
3,3,272836,1.4423,39.6,28.23,-41.0,3,0.0,-35.5,1
3,3,273562,1.3522,38.6,28.23,-41.0,3,0.0,-35.5,1
3,3,274288,0.2479,38.6,28.23,-41.5,3,0.0,-35.5,1
3,3,275014,1.0367,38.6,28.23,-41.0,3,0.0,-35.5,1
3,3,275740,2.6142,38.6,28.23,-41.0,3,0.0,-35.5,1
3,3,276466,0.4733,37.6,28.23,-41.0,3,0.0,-35.5,1
3,3,277192,2.2761,38.6,28.23,-41.0,3,0.0,-35.5,1
3,3,277918,0.0451,38.6,28.23,-41.0,3,0.0,-35.5,1
3,3,278644,0.5634,38.6,28.23,-41.5,3,0.0,-35.5,1
3,3,279370,0.5634,38.6,28.23,-41.5,3,0.0,-35.5,1
3,3,280096,0.9691,38.6,28.23,-41.0,3,0.0,-35.5,1
3,3,280822,1.1268,38.6,28.23,-42.0,3,0.0,-35.5,1
3,3,281548,1.1268,37.6,28.23,-42.0,3,0.0,-35.5,1
3,3,282274,1.1043,38.6,28.23,-42.0,3,0.0,-35.5,1
3,3,283000,0.0225,37.6,28.23,-41.5,3,0.0,-35.5,1
3,3,283726,1.2395,37.6,28.22,-41.0,3,0.0,-35.5,1
3,3,284452,2.7945,38.6,28.23,-41.0,3,0.0,-35.5,1
3,3,285178,0.1803,38.6,28.23,-41.0,3,0.0,-35.5,1
3,3,285904,0.8338,38.6,28.23,-41.0,3,0.0,-35.5,1
3,3,286630,0.9014,38.6,28.23,-41.0,3,0.0,-35.5,1
3,3,287356,1.5775,38.6,28.23,-40.5,3,0.0,-35.5,1
3,3,288082,1.8480,38.6,28.22,-41.0,3,0.0,-35.5,1
3,3,288808,2.3212,38.6,28.23,-41.0,3,0.0,-35.5,1
3,3,289534,2.3212,38.6,28.23,-41.0,3,0.0,-35.5,1
3,3,290260,1.6001,38.6,28.23,-41.0,3,0.0,-35.5,1
3,3,290986,0.5409,38.6,28.23,-41.5,3,0.0,-35.5,1
3,3,291712,1.0817,38.6,28.23,-41.0,3,0.0,-35.5,1
3,3,292438,5.0255,38.6,28.23,-41.5,3,0.0,-35.5,1
3,3,293164,3.2677,38.6,28.23,-41.5,3,0.0,-35.5,1
3,3,293890,1.4874,38.6,28.23,-41.5,3,0.0,-35.5,1
3,3,294616,0.5634,39.6,28.23,-41.0,3,0.0,-35.5,1
3,3,295342,5.0706,39.6,28.23,-41.5,3,0.0,-35.5,1
3,3,296068,2.2536,38.6,28.23,-41.5,3,0.0,-35.5,1
3,3,296794,-0.3155,38.6,28.23,-41.5,3,0.0,-35.5,1
3,3,297520,-0.3155,38.6,28.23,-41.5,3,0.0,-35.5,1
3,3,298246,3.9663,39.6,28.23,-41.5,3,0.0,-35.5,1
3,3,298972,-0.8338,38.6,28.23,-41.5,3,0.0,-35.5,1
3,3,299698,1.5325,38.6,28.23,-41.5,3,0.0,-35.5,1
3,3,300424,1.3522,39.6,28.23,-41.0,3,0.0,-35.5,1
3,3,301150,0.3831,38.6,28.23,-41.0,3,0.0,-35.5,1
3,3,301876,1.0367,39.6,28.23,-41.0,3,0.0,-35.5,1
3,3,302602,0.7662,39.6,28.23,-41.0,3,0.0,-35.5,1
3,3,303328,0.9465,38.6,28.23,-41.5,3,0.0,-35.5,1
3,3,304054,0.8113,38.6,28.22,-40.5,3,0.0,-35.5,1
3,3,304780,2.1860,38.6,28.22,-41.0,3,0.0,-35.5,1
3,3,305506,2.1860,38.6,28.22,-41.0,3,0.0,-35.5,1
3,3,306232,0.6761,38.6,28.23,-41.0,3,0.0,-35.5,1
3,3,306958,1.5550,38.6,28.23,-41.5,3,0.0,-35.5,1
3,3,307684,1.5099,38.6,28.23,-41.0,3,0.0,-35.5,1
3,3,308410,-0.2930,38.6,28.22,-41.5,3,0.0,-35.5,1
3,3,309136,0.9691,38.6,28.22,-41.0,3,0.0,-35.5,1
3,3,309862,2.7945,39.6,28.22,-41.5,3,0.0,-35.5,1
3,3,310588,1.0367,38.6,28.22,-40.5,3,0.0,-35.5,1
3,3,311314,-0.5634,38.6,28.22,-41.0,3,0.0,-35.5,1
3,3,312040,2.6367,38.6,28.22,-41.0,3,0.0,-35.5,1
3,3,312766,1.2395,38.6,28.22,-41.5,3,0.0,-35.5,1
3,3,313492,1.2395,38.6,28.23,-41.5,3,0.0,-35.5,1
3,3,314218,1.8930,38.6,28.23,-41.0,3,0.0,-35.5,1
3,3,314944,1.5325,38.6,28.22,-41.0,3,0.0,-35.5,1
3,3,315670,0.9240,38.6,28.23,-41.0,3,0.0,-35.5,1
3,3,316396,0.0451,38.6,28.22,-41.0,3,0.0,-35.5,1
3,3,317122,0.6761,38.6,28.22,-41.0,3,0.0,-35.5,1
3,3,317848,2.1860,38.6,28.22,-41.5,3,0.0,-35.5,1
3,3,318574,0.5409,38.6,28.22,-41.5,3,0.0,-35.5,1
3,3,319300,2.4339,37.6,28.22,-41.5,3,0.0,-35.5,1
3,3,320026,1.9156,38.6,28.22,-41.0,3,0.0,-35.5,1
3,3,320752,1.3972,38.6,28.22,-41.5,3,0.0,-35.5,1
3,3,321478,0.4958,38.6,28.22,-41.0,3,0.0,-35.5,1
3,3,322204,1.5775,38.6,28.22,-41.5,3,0.0,-35.5,1
3,3,322930,1.4423,38.6,28.22,-42.0,3,0.0,-35.5,1
3,3,323656,1.0817,38.6,28.22,-41.5,3,0.0,-35.5,1
3,3,324382,1.3522,38.6,28.22,-41.0,3,0.0,-35.5,1
3,3,325108,1.7803,38.6,28.22,-41.5,3,0.0,-35.5,1
3,3,325834,1.2395,38.6,28.22,-41.0,3,0.0,-35.5,1
3,3,326560,2.6818,38.6,28.22,-41.0,3,0.0,-35.5,1
3,3,327286,1.2395,38.6,28.22,-41.0,3,0.0,-35.5,1
3,3,328012,0.1803,38.6,28.22,-41.0,3,0.0,-35.5,1
3,3,328738,1.7353,38.6,28.22,-41.5,3,0.0,-35.5,1
3,3,329464,3.3804,38.6,28.22,-40.5,3,0.0,-35.5,1
3,3,330190,0.4733,38.6,28.22,-41.5,3,0.0,-35.5,1
3,3,330916,2.1409,38.6,28.22,-41.0,3,0.0,-35.5,1
3,3,331642,1.9156,38.6,28.22,-41.0,3,0.0,-35.5,1
3,3,332368,0.8338,38.6,28.22,-41.0,3,0.0,-35.5,1
3,3,333094,0.0901,38.6,28.22,-41.0,3,0.0,-35.5,1
3,3,333820,1.2395,38.6,28.22,-41.5,3,0.0,-35.5,1
3,3,334546,0.3606,39.6,28.22,-41.5,3,0.0,-35.5,1
3,3,335272,0.3606,39.6,28.22,-41.5,3,0.0,-35.5,1
3,3,335998,0.8789,38.6,28.22,-41.5,3,0.0,-35.5,1
3,3,336724,1.4648,38.6,28.22,-41.0,3,0.0,-35.5,1
3,3,337450,4.1466,38.6,28.22,-41.0,3,0.0,-35.5,1
3,3,338176,0.9691,38.6,28.22,-41.5,3,0.0,-35.5,1
3,3,338902,1.5550,38.6,28.21,-41.5,3,0.0,-35.5,1
3,3,339628,0.4507,38.6,28.22,-41.5,3,0.0,-35.5,1
3,3,340354,0.3155,38.6,28.22,-41.5,3,0.0,-35.5,1
3,3,341080,2.4114,37.6,28.22,-41.5,3,0.0,-35.5,1
3,3,341806,1.9156,38.6,28.22,-41.5,3,0.0,-35.5,1
3,3,342532,1.5099,38.6,28.21,-41.5,3,0.0,-35.5,1
3,3,343258,1.5099,38.6,28.21,-41.5,3,0.0,-35.5,1
3,3,343984,1.3522,38.6,28.22,-41.5,3,0.0,-35.5,1
3,3,344710,4.4847,38.6,28.22,-41.5,3,0.0,-35.5,1
3,3,345436,1.9606,38.6,28.22,-41.5,3,0.0,-35.5,1
3,3,346162,-1.2620,38.6,28.22,-41.5,3,0.0,-35.5,1
3,3,346888,3.1100,38.6,28.22,-42.0,3,0.0,-35.5,1
3,3,347614,0.9916,39.6,28.22,-41.0,3,0.0,-35.5,1
3,3,348340,-1.1043,38.6,28.22,-40.5,3,0.0,-35.5,1
3,3,349066,1.2846,38.6,28.22,-41.0,3,0.0,-35.5,1
3,3,349792,1.0367,38.6,28.22,-41.0,3,0.0,-35.5,1
3,3,350518,3.6058,38.6,28.21,-41.0,3,0.0,-35.5,1
3,3,351244,3.6058,38.6,28.22,-41.0,3,0.0,-35.5,1
3,3,351970,0.2254,38.6,28.22,-41.0,3,0.0,-35.5,1
3,3,352696,2.8395,38.6,28.21,-41.0,3,0.0,-35.5,1
3,3,353422,0.4282,38.6,28.21,-41.0,3,0.0,-35.5,1
3,3,354148,2.3663,39.6,28.21,-41.0,3,0.0,-35.5,1
3,3,354874,3.5832,39.6,28.21,-41.0,3,0.0,-35.5,1
3,3,355600,2.1860,38.6,28.22,-41.0,3,0.0,-35.5,1
3,3,356326,3.8086,38.6,28.22,-41.5,3,0.0,-35.5,1
3,3,357052,1.2846,38.6,28.21,-41.0,3,0.0,-35.5,1
3,3,357778,1.0592,38.6,28.21,-41.5,3,0.0,-35.5,1
3,3,358504,3.3579,38.6,28.21,-41.5,3,0.0,-35.5,1
3,3,359230,3.3579,38.6,28.21,-41.5,3,0.0,-35.5,1
3,3,359956,1.7353,38.6,28.22,-41.0,3,0.0,-35.5,1
3,3,360682,1.5775,38.6,28.22,-41.0,3,0.0,-35.5,1
3,3,361408,2.9748,38.6,28.22,-41.5,3,0.0,-35.5,1
3,3,362134,3.5832,38.6,28.22,-41.5,3,0.0,-35.5,1
3,3,362860,3.2001,38.6,28.21,-41.0,3,0.0,-35.5,1
3,3,363586,0.2028,38.6,28.22,-41.5,3,0.0,-35.5,1
3,3,364312,1.4874,38.6,28.22,-41.5,3,0.0,-35.5,1
3,3,365038,2.4790,38.6,28.21,-41.0,3,0.0,-35.5,1
3,3,365764,1.0817,38.6,28.21,-41.5,3,0.0,-35.5,1
3,3,366490,1.2169,38.6,28.21,-41.5,3,0.0,-35.5,1
3,3,367216,1.2169,38.6,28.22,-41.5,3,0.0,-35.5,1
3,3,367942,0.1352,38.6,28.22,-41.0,3,0.0,-35.5,1
3,3,368668,-0.4958,38.6,28.21,-41.5,3,0.0,-35.5,1
3,2,6394,0.3155,37.6,28.21,-42.0,2,0.0,-35.5,1
3,2,7120,0.3155,38.6,28.21,-42.0,2,0.0,-35.5,1
3,2,7846,1.2169,38.6,28.21,-41.0,2,0.0,-35.5,1
3,2,8572,2.1635,38.6,28.21,-41.0,2,0.0,-35.5,1
3,2,9298,1.2395,38.6,28.21,-41.0,2,0.0,-35.5,1
3,2,10024,7.3017,38.6,28.21,-41.5,2,0.0,-35.5,1
3,2,10750,-2.6593,38.6,28.21,-42.0,2,0.0,-35.5,1
3,2,11476,3.3353,38.6,28.21,-41.5,2,0.0,-35.5,1
3,2,12202,1.9832,38.6,28.21,-42.0,2,0.0,-35.5,1
3,2,12928,-0.1578,38.6,28.21,-41.0,2,0.0,-35.5,1
3,2,13654,3.2677,37.6,28.21,-42.5,2,0.0,-35.5,1
3,2,14380,-0.4056,38.6,28.21,-41.0,2,0.0,-35.5,1
3,2,15106,1.0817,38.6,28.22,-41.0,2,0.0,-35.5,1
3,2,15832,-1.9156,38.6,28.22,-41.5,2,0.0,-35.5,1
3,2,16558,1.7578,38.6,28.22,-42.0,2,0.0,-35.5,1
3,2,17284,-2.9072,38.6,28.22,-41.0,2,0.0,-35.5,1
3,2,18010,3.6734,38.6,28.22,-42.0,2,0.0,-35.5,1
3,2,18736,1.5550,38.6,28.22,-42.5,2,0.0,-35.5,1
3,2,19462,2.1184,38.6,28.22,-41.5,2,0.0,-35.5,1
3,2,20188,2.8621,38.6,28.22,-42.0,2,0.0,-35.5,1
3,2,20914,3.8762,38.6,28.22,-42.0,2,0.0,-35.5,1
3,2,21640,0.8338,38.6,28.22,-40.0,2,0.0,-35.5,1
3,2,22366,2.3437,38.6,28.22,-41.5,2,0.0,-35.5,1
3,2,23092,-2.1184,38.6,28.22,-41.5,2,0.0,-35.5,1
3,2,23818,1.6001,38.6,28.22,-41.5,2,0.0,-35.5,1
3,2,24544,3.9889,38.6,28.22,-42.0,2,0.0,-35.5,1
3,2,25270,4.0340,38.6,28.22,-41.0,2,0.0,-35.5,1
3,2,25996,2.3437,38.6,28.22,-42.0,2,0.0,-35.5,1
3,2,26722,-1.4874,38.6,28.22,-41.5,2,0.0,-35.5,1
3,2,27448,-1.1944,38.6,28.23,-42.0,2,0.0,-35.5,1
3,2,28174,1.2395,38.6,28.23,-41.5,2,0.0,-35.5,1
3,2,28900,1.2395,38.6,28.23,-41.5,2,0.0,-35.5,1
3,2,29626,-1.6902,38.6,28.23,-41.5,2,0.0,-35.5,1
3,2,30352,0.5409,38.6,28.23,-41.5,2,0.0,-35.5,1
3,2,31078,-2.2987,38.6,28.23,-41.5,2,0.0,-35.5,1
3,2,31804,0.4507,38.6,28.23,-41.0,2,0.0,-35.5,1
3,2,32530,2.1409,38.6,28.23,-41.0,2,0.0,-35.5,1
3,2,33256,1.4874,38.6,28.23,-41.5,2,0.0,-35.5,1
3,2,33982,2.1860,38.6,28.22,-41.0,2,0.0,-35.5,1
3,2,34708,2.3663,38.6,28.23,-41.0,2,0.0,-35.5,1
3,2,35434,1.5775,38.6,28.23,-40.5,2,0.0,-35.5,1
3,2,36160,0.9465,38.6,28.23,-42.5,2,0.0,-35.5,1
3,2,36886,0.9465,38.6,28.23,-42.5,2,0.0,-35.5,1
3,2,37612,-1.1268,38.6,28.23,-42.0,2,0.0,-35.5,1
3,2,38338,4.2819,38.6,28.23,-42.0,2,0.0,-35.5,1
3,2,39064,-2.3437,38.6,28.23,-41.5,2,0.0,-35.5,1
3,2,39790,3.7184,38.6,28.23,-41.5,2,0.0,-35.5,1
3,2,40516,3.0649,38.6,28.23,-41.5,2,0.0,-35.5,1
3,2,41242,2.9297,37.6,28.23,-41.5,2,0.0,-35.5,1
3,2,41968,-0.5409,37.6,28.23,-40.5,2,0.0,-35.5,1
3,2,42694,1.0367,38.6,28.23,-42.0,2,0.0,-35.5,1
3,2,43420,-1.4423,38.6,28.24,-41.0,2,0.0,-35.5,1
3,2,44146,0.6761,38.6,28.24,-41.5,2,0.0,-35.5,1
3,2,44872,0.6761,38.6,28.24,-41.5,2,0.0,-35.5,1
3,2,45598,-1.0592,38.6,28.23,-40.5,2,0.0,-35.5,1
3,2,46324,2.2536,38.6,28.23,-42.0,2,0.0,-35.5,1
3,2,47050,3.2452,38.6,28.23,-41.0,2,0.0,-35.5,1
3,2,47776,-0.0225,38.6,28.23,-42.0,2,0.0,-35.5,1
3,2,48502,1.0367,38.6,28.23,-41.5,2,0.0,-35.5,1
3,2,49228,1.4423,38.6,28.23,-41.5,2,0.0,-35.5,1
3,2,49954,0.6761,38.6,28.23,-41.5,2,0.0,-35.5,1
3,2,50680,0.7888,38.6,28.23,-42.0,2,0.0,-35.5,1
3,2,51406,2.2761,38.6,28.23,-40.5,2,0.0,-35.5,1
3,2,52132,1.1043,38.6,28.23,-41.0,2,0.0,-35.5,1
3,2,52858,1.1043,38.6,28.23,-41.0,2,0.0,-35.5,1
3,2,53584,1.2395,38.6,28.23,-42.0,2,0.0,-35.5,1
3,2,54310,-1.0592,38.6,28.23,-41.0,2,0.0,-35.5,1
3,2,55036,-0.0676,38.6,28.24,-42.0,2,0.0,-35.5,1
3,2,55762,-0.9014,38.6,28.24,-40.5,2,0.0,-35.5,1
3,2,56488,-0.5183,38.6,28.23,-42.0,2,0.0,-35.5,1
3,2,57214,3.9663,38.6,28.24,-42.0,2,0.0,-35.5,1
3,2,57940,1.3071,38.6,28.23,-41.0,2,0.0,-35.5,1
3,2,58666,-1.3522,38.6,28.24,-42.0,2,0.0,-35.5,1
3,2,59392,-0.7662,39.6,28.24,-42.0,2,0.0,-35.5,1
3,2,60118,-1.0141,38.6,28.24,-42.0,2,0.0,-35.5,1
3,2,60844,-1.0141,38.6,28.23,-42.0,2,0.0,-35.5,1
3,2,61570,2.9297,38.6,28.24,-40.5,2,0.0,-35.5,1
3,2,62296,1.1268,38.6,28.24,-41.5,2,0.0,-35.5,1
3,2,63022,1.1493,38.6,28.24,-41.0,2,0.0,-35.5,1
3,2,63748,1.4423,38.6,28.24,-41.0,2,0.0,-35.5,1
3,2,64474,3.2903,38.6,28.24,-41.5,2,0.0,-35.5,1
3,2,65200,-0.4507,38.6,28.24,-42.0,2,0.0,-35.5,1
3,2,65926,-0.7662,38.6,28.25,-40.5,2,0.0,-35.5,1
3,2,66652,3.3128,38.6,28.24,-41.5,2,0.0,-35.5,1
3,2,67378,-2.9748,38.6,28.25,-41.5,2,0.0,-35.5,1
3,2,68104,-3.5156,38.6,28.25,-41.5,2,0.0,-35.5,1
3,2,68830,-3.5156,38.6,28.25,-41.5,2,0.0,-35.5,1
3,2,69556,0.5183,38.6,28.24,-42.5,2,0.0,-35.5,1
3,2,70282,1.6451,38.6,28.24,-41.0,2,0.0,-35.5,1
3,2,71008,-0.8564,38.6,28.24,-41.0,2,0.0,-35.5,1
3,2,71734,-1.3296,38.6,28.24,-40.5,2,0.0,-35.5,1
3,2,72460,-3.6734,38.6,28.24,-41.0,2,0.0,-35.5,1
3,2,73186,2.3888,38.6,28.24,-40.5,2,0.0,-35.5,1
3,2,73912,-1.3296,38.6,28.24,-41.5,2,0.0,-35.5,1
3,2,74638,-1.0141,38.6,28.24,-42.0,2,0.0,-35.5,1
3,2,75364,1.7127,38.6,28.24,-41.0,2,0.0,-35.5,1
3,2,76090,3.6508,38.6,28.24,-41.0,2,0.0,-35.5,1
3,2,76816,4.2368,38.6,28.24,-41.5,2,0.0,-35.5,1
3,2,77542,-1.7803,38.6,28.23,-41.0,2,0.0,-35.5,1
3,2,78268,0.2704,38.6,28.24,-41.5,2,0.0,-35.5,1
3,2,78994,0.9916,38.6,28.24,-41.0,2,0.0,-35.5,1
3,2,79720,-0.3606,38.6,28.24,-41.5,2,0.0,-35.5,1
3,2,80446,0.4282,38.6,28.24,-42.0,2,0.0,-35.5,1
3,2,81172,1.4423,38.6,28.24,-41.5,2,0.0,-35.5,1
3,2,81898,1.4874,38.6,28.24,-40.0,2,0.0,-35.5,1
3,2,82624,-7.0989,38.6,28.24,-41.5,2,0.0,-35.5,1
3,2,83350,3.7635,39.6,28.23,-41.0,2,0.0,-35.5,1
3,2,84076,0.9240,38.6,28.24,-42.0,2,0.0,-35.5,1
3,2,84802,-0.5634,38.6,28.24,-42.0,2,0.0,-35.5,1
3,2,85528,4.3044,39.6,28.24,-41.5,2,0.0,-35.5,1
3,2,86254,2.3212,38.6,28.24,-42.0,2,0.0,-35.5,1
3,2,86980,1.1493,38.6,28.24,-40.0,2,0.0,-35.5,1
3,2,87706,-1.6001,38.6,28.24,-41.5,2,0.0,-35.5,1
3,2,88432,-1.7127,37.6,28.24,-41.0,2,0.0,-35.5,1
3,2,89158,0.3606,38.6,28.24,-41.5,2,0.0,-35.5,1
3,2,89884,1.3071,38.6,28.24,-42.0,2,0.0,-35.5,1
3,2,90610,1.3071,38.6,28.24,-42.0,2,0.0,-35.5,1
3,2,91336,2.0733,38.6,28.24,-41.5,2,0.0,-35.5,1
3,2,92062,-0.2254,38.6,28.23,-41.0,2,0.0,-35.5,1
3,2,92788,1.3522,38.6,28.24,-40.5,2,0.0,-35.5,1
3,2,93514,2.2761,38.6,28.24,-41.5,2,0.0,-35.5,1
3,2,94240,-0.4958,38.6,28.24,-41.0,2,0.0,-35.5,1
3,2,94966,-1.3972,38.6,28.24,-41.5,2,0.0,-35.5,1
3,2,95692,0.8564,38.6,28.24,-41.0,2,0.0,-35.5,1
3,2,96418,0.9014,38.6,28.24,-41.0,2,0.0,-35.5,1
3,2,97144,-1.4198,38.6,28.24,-41.5,2,0.0,-35.5,1
3,2,97870,3.1550,38.6,28.24,-42.0,2,0.0,-35.5,1
3,2,98596,3.1550,38.6,28.24,-42.0,2,0.0,-35.5,1
3,2,99322,-1.6001,38.6,28.24,-41.5,2,0.0,-35.5,1
3,2,100048,2.2536,38.6,28.24,-41.5,2,0.0,-35.5,1
3,2,100774,1.2395,38.6,28.24,-41.5,2,0.0,-35.5,1
3,2,101500,1.2620,38.6,28.24,-41.5,2,0.0,-35.5,1
3,2,102226,2.6367,38.6,28.24,-42.0,2,0.0,-35.5,1
3,2,102952,0.0676,38.6,28.24,-41.0,2,0.0,-35.5,1
3,2,103678,1.0367,38.6,28.24,-41.5,2,0.0,-35.5,1
3,2,104404,0.3380,38.6,28.24,-40.5,2,0.0,-35.5,1
3,2,105130,1.7578,38.6,28.23,-41.5,2,0.0,-35.5,1
3,2,105856,2.6367,38.6,28.24,-41.5,2,0.0,-35.5,1
3,2,106582,2.6367,38.6,28.24,-41.5,2,0.0,-35.5,1
3,2,107308,5.7242,38.6,28.24,-41.5,2,0.0,-35.5,1
3,2,108034,1.9156,38.6,28.24,-41.5,2,0.0,-35.5,1
3,2,108760,3.3128,38.6,28.24,-41.5,2,0.0,-35.5,1
3,2,109486,1.6001,38.6,28.24,-41.0,2,0.0,-35.5,1
3,2,110212,1.4648,38.6,28.24,-40.5,2,0.0,-35.5,1
3,2,110938,-1.2620,38.6,28.24,-41.5,2,0.0,-35.5,1
3,2,111664,3.2001,38.6,28.24,-41.5,2,0.0,-35.5,1
3,2,112390,1.0817,38.6,28.24,-42.0,2,0.0,-35.5,1
3,2,113116,7.1665,38.6,28.24,-40.0,2,0.0,-35.5,1
3,2,113842,3.1550,38.6,28.24,-41.5,2,0.0,-35.5,1
3,2,114568,3.1550,39.6,28.24,-41.5,2,0.0,-35.5,1
3,2,115294,0.6986,39.6,28.24,-42.0,2,0.0,-35.5,1
3,2,116020,4.3044,39.6,28.24,-42.5,2,0.0,-35.5,1
3,2,116746,2.2761,38.6,28.24,-41.5,2,0.0,-35.5,1
3,2,117472,-1.6001,38.6,28.23,-42.0,2,0.0,-35.5,1
3,2,118198,0.5859,38.6,28.23,-41.0,2,0.0,-35.5,1
3,2,118924,0.1803,38.6,28.24,-42.0,2,0.0,-35.5,1
3,2,119650,1.7803,38.6,28.24,-41.5,2,0.0,-35.5,1
3,2,120376,1.3071,38.6,28.23,-41.0,2,0.0,-35.5,1
3,2,121102,1.9606,38.6,28.23,-41.5,2,0.0,-35.5,1
3,2,121828,0.9916,38.6,28.24,-41.5,2,0.0,-35.5,1
3,2,122554,0.9916,38.6,28.24,-41.5,2,0.0,-35.5,1
3,2,123280,0.8338,38.6,28.23,-42.0,2,0.0,-35.5,1
3,2,124006,6.1749,38.6,28.24,-41.5,2,0.0,-35.5,1
3,2,124732,0.5634,38.6,28.23,-41.0,2,0.0,-35.5,1
3,2,125458,0.4733,38.6,28.23,-42.0,2,0.0,-35.5,1
3,2,126184,0.5634,38.6,28.23,-41.5,2,0.0,-35.5,1
3,2,126910,-0.8789,38.6,28.23,-41.5,2,0.0,-35.5,1
3,2,127636,0.5634,38.6,28.23,-41.5,2,0.0,-35.5,1
3,2,128362,-3.1100,38.6,28.23,-41.0,2,0.0,-35.5,1
3,2,129088,7.8651,38.6,28.23,-41.5,2,0.0,-35.5,1
3,2,129814,2.8846,38.6,28.23,-42.0,2,0.0,-35.5,1
3,2,130540,-0.2254,38.6,28.23,-41.5,2,0.0,-35.5,1
3,2,131266,0.6310,38.6,28.23,-41.5,2,0.0,-35.5,1
3,2,131992,4.7776,38.6,28.23,-41.0,2,0.0,-35.5,1
3,2,132718,2.1184,38.6,28.23,-41.5,2,0.0,-35.5,1
3,2,133444,2.9072,38.6,28.23,-41.5,2,0.0,-35.5,1
3,2,134170,3.4931,38.6,28.23,-41.5,2,0.0,-35.5,1
3,2,134896,4.4847,38.6,28.23,-41.0,2,0.0,-35.5,1
3,2,135622,2.0508,38.6,28.23,-41.5,2,0.0,-35.5,1
3,2,136348,-1.8705,38.6,28.23,-41.5,2,0.0,-35.5,1
3,2,137074,0.4733,38.6,28.23,-41.0,2,0.0,-35.5,1
3,2,138526,5.1157,38.6,28.23,-41.5,2,0.0,-35.5,1
3,2,139252,3.8987,38.6,28.23,-41.0,2,0.0,-35.5,1
3,2,139978,0.8113,38.6,28.23,-41.5,2,0.0,-35.5,1
3,2,140704,2.5240,38.6,28.23,-41.5,2,0.0,-35.5,1
3,2,141430,1.3747,38.6,28.23,-40.5,2,0.0,-35.5,1
3,2,142156,0.7662,38.6,28.23,-42.0,2,0.0,-35.5,1
3,2,142882,1.4198,38.6,28.23,-42.0,2,0.0,-35.5,1
3,2,143608,-3.5607,38.6,28.23,-40.5,2,0.0,-35.5,1
3,2,144334,-3.5607,38.6,28.23,-40.5,2,0.0,-35.5,1
3,2,145060,-5.4988,38.6,28.23,-41.5,2,0.0,-35.5,1
3,2,145786,4.2819,38.6,28.23,-41.5,2,0.0,-35.5,1
3,2,146512,-0.9465,38.6,28.23,-41.5,2,0.0,-35.5,1
3,2,147238,3.7410,38.6,28.23,-42.0,2,0.0,-35.5,1
3,2,147964,-3.5607,38.6,28.23,-41.5,2,0.0,-35.5,1
3,2,148690,1.0592,38.6,28.22,-42.0,2,0.0,-35.5,1
3,2,149416,-4.4396,38.6,28.23,-41.5,2,0.0,-35.5,1
3,2,150142,1.9832,38.6,28.23,-41.5,2,0.0,-35.5,1
3,2,150868,2.4790,38.6,28.22,-41.5,2,0.0,-35.5,1
3,2,151594,0.7888,38.6,28.23,-42.5,2,0.0,-35.5,1
3,2,152320,0.7888,38.6,28.23,-42.5,2,0.0,-35.5,1
3,2,153046,-0.3380,38.6,28.23,-41.5,2,0.0,-35.5,1
3,2,153772,-1.6226,38.6,28.23,-41.5,2,0.0,-35.5,1
3,2,154498,1.6451,38.6,28.23,-41.5,2,0.0,-35.5,1
3,2,155224,4.3044,38.6,28.23,-41.5,2,0.0,-35.5,1
3,2,155950,-3.4706,38.6,28.22,-41.0,2,0.0,-35.5,1
3,2,156676,-0.0901,38.6,28.23,-40.5,2,0.0,-35.5,1
3,2,157402,1.9832,38.6,28.23,-42.5,2,0.0,-35.5,1
3,2,158128,0.7662,38.6,28.23,-41.0,2,0.0,-35.5,1
3,2,158854,1.0817,38.6,28.23,-41.0,2,0.0,-35.5,1
3,2,159580,4.1241,38.6,28.23,-41.5,2,0.0,-35.5,1
3,2,160306,4.1241,38.6,28.23,-41.5,2,0.0,-35.5,1
3,2,161032,2.9297,39.6,28.23,-42.0,2,0.0,-35.5,1
3,2,161758,1.8029,38.6,28.23,-41.0,2,0.0,-35.5,1
3,2,162484,2.3212,38.6,28.23,-40.5,2,0.0,-35.5,1
3,2,163210,2.5015,38.6,28.22,-41.0,2,0.0,-35.5,1
3,2,163936,2.4564,38.6,28.22,-41.0,2,0.0,-35.5,1
3,2,164662,-3.3128,38.6,28.23,-41.0,2,0.0,-35.5,1
3,2,165388,-0.2479,38.6,28.22,-41.5,2,0.0,-35.5,1
3,2,166114,-0.1578,38.6,28.22,-41.5,2,0.0,-35.5,1
3,2,166840,-4.9579,38.6,28.22,-42.5,2,0.0,-35.5,1
3,2,167566,1.5775,38.6,28.22,-41.5,2,0.0,-35.5,1
3,2,168292,1.5775,38.6,28.22,-41.5,2,0.0,-35.5,1
3,2,169018,4.3720,38.6,28.22,-41.5,2,0.0,-35.5,1
3,2,169744,-1.1493,38.6,28.22,-41.0,2,0.0,-35.5,1
3,2,170470,-0.5409,38.6,28.22,-41.5,2,0.0,-35.5,1
3,2,171196,6.4228,38.6,28.22,-40.5,2,0.0,-35.5,1
3,2,171922,-0.2028,37.6,28.22,-41.0,2,0.0,-35.5,1
3,2,172648,2.2536,37.6,28.22,-41.5,2,0.0,-35.5,1
3,2,173374,0.1578,38.6,28.22,-41.0,2,0.0,-35.5,1
3,2,174100,-0.4282,38.6,28.22,-42.0,2,0.0,-35.5,1
3,2,174826,1.7353,38.6,28.22,-41.5,2,0.0,-35.5,1
3,2,175552,2.1409,38.6,28.22,-41.5,2,0.0,-35.5,1
3,2,176278,2.1409,38.6,28.23,-41.5,2,0.0,-35.5,1
3,2,177004,0.6535,38.6,28.22,-41.5,2,0.0,-35.5,1
3,2,177730,0.1352,38.6,28.22,-41.5,2,0.0,-35.5,1
3,2,178456,4.2368,38.6,28.22,-41.0,2,0.0,-35.5,1
3,2,179182,5.0255,38.6,28.22,-40.5,2,0.0,-35.5,1
3,2,179908,1.6001,38.6,28.22,-42.0,2,0.0,-35.5,1
3,2,180634,0.6085,38.6,28.22,-42.0,2,0.0,-35.5,1
3,2,181360,-0.6085,38.6,28.22,-42.0,2,0.0,-35.5,1
3,2,182086,0.3831,37.6,28.22,-41.0,2,0.0,-35.5,1
3,2,182812,2.3437,37.6,28.22,-41.5,2,0.0,-35.5,1
3,2,183538,-0.2704,38.6,28.22,-42.0,2,0.0,-35.5,1
3,2,184264,1.9832,38.6,28.22,-41.5,2,0.0,-35.5,1
3,2,184990,4.3495,38.6,28.22,-41.0,2,0.0,-35.5,1
3,2,185716,0.3606,38.6,28.22,-42.0,2,0.0,-35.5,1
3,2,186442,2.2311,38.6,28.22,-42.0,2,0.0,-35.5,1
3,2,187168,0.5634,38.6,28.22,-41.5,2,0.0,-35.5,1
3,2,187894,0.6761,38.6,28.22,-42.0,2,0.0,-35.5,1
3,2,188620,1.6902,38.6,28.22,-41.5,2,0.0,-35.5,1
3,2,189346,-0.3831,38.6,28.22,-41.0,2,0.0,-35.5,1
3,2,190072,-2.8395,38.6,28.21,-41.0,2,0.0,-35.5,1
3,2,190798,0.9465,38.6,28.22,-41.5,2,0.0,-35.5,1
3,2,191524,0.2930,38.6,28.22,-41.5,2,0.0,-35.5,1
3,2,192250,2.2536,38.6,28.22,-41.0,2,0.0,-35.5,1
3,2,192976,1.9606,38.6,28.22,-41.5,2,0.0,-35.5,1
3,2,193702,2.0508,38.6,28.21,-41.5,2,0.0,-35.5,1
3,2,194428,3.3579,38.6,28.22,-41.5,2,0.0,-35.5,1
3,2,195154,-1.5775,38.6,28.22,-41.5,2,0.0,-35.5,1
3,2,195880,-0.1127,38.6,28.22,-42.0,2,0.0,-35.5,1
3,2,196606,1.6902,38.6,28.22,-41.0,2,0.0,-35.5,1
3,2,197332,1.1043,38.6,28.22,-40.5,2,0.0,-35.5,1
3,2,198058,1.1043,38.6,28.22,-40.5,2,0.0,-35.5,1
3,2,198784,-0.2479,39.6,28.22,-42.0,2,0.0,-35.5,1
3,2,199510,3.1550,39.6,28.22,-41.5,2,0.0,-35.5,1
3,2,200236,1.9832,38.6,28.22,-42.0,2,0.0,-35.5,1
3,2,200962,0.8564,38.6,28.22,-41.5,2,0.0,-35.5,1
3,2,201688,0.9240,38.6,28.21,-41.0,2,0.0,-35.5,1
3,2,202414,4.3044,38.6,28.22,-41.5,2,0.0,-35.5,1
3,2,203140,1.0141,38.6,28.21,-41.5,2,0.0,-35.5,1
3,2,204592,0.6761,38.6,28.22,-42.0,2,0.0,-35.5,1
3,2,205318,-0.3380,38.6,28.21,-41.5,2,0.0,-35.5,1
3,2,206044,-0.3380,38.6,28.21,-41.5,2,0.0,-35.5,1
3,2,206770,2.1184,38.6,28.22,-41.5,2,0.0,-35.5,1
3,2,207496,-2.4790,38.6,28.22,-41.5,2,0.0,-35.5,1
3,2,208222,0.2028,39.6,28.22,-40.5,2,0.0,-35.5,1
3,2,208948,0.7212,39.6,28.22,-42.0,2,0.0,-35.5,1
3,2,209674,0.9916,38.6,28.22,-41.0,2,0.0,-35.5,1
3,2,210400,1.5550,38.6,28.21,-41.5,2,0.0,-35.5,1
3,2,211126,-0.0676,38.6,28.22,-41.5,2,0.0,-35.5,1
3,2,211852,1.4198,38.6,28.22,-41.5,2,0.0,-35.5,1
3,2,212578,1.9606,38.6,28.22,-41.0,2,0.0,-35.5,1
3,2,213304,0.3380,39.6,28.21,-42.0,2,0.0,-35.5,1
3,2,214030,0.3380,38.6,28.22,-42.0,2,0.0,-35.5,1
3,2,214756,1.9381,38.6,28.22,-41.5,2,0.0,-35.5,1
3,2,215482,1.8480,38.6,28.22,-40.5,2,0.0,-35.5,1
3,2,216208,-1.7353,38.6,28.21,-41.0,2,0.0,-35.5,1
3,2,216934,-2.3663,38.6,28.21,-42.0,2,0.0,-35.5,1
3,2,217660,0.9014,38.6,28.22,-42.0,2,0.0,-35.5,1
3,2,218386,0.7212,38.6,28.21,-41.5,2,0.0,-35.5,1
3,2,219112,2.5015,38.6,28.21,-41.0,2,0.0,-35.5,1
3,2,219838,2.1635,38.6,28.22,-40.5,2,0.0,-35.5,1
3,2,220564,4.1692,38.6,28.22,-41.5,2,0.0,-35.5,1
3,2,221290,1.8254,38.6,28.22,-41.5,2,0.0,-35.5,1
3,2,222016,1.8254,38.6,28.21,-41.5,2,0.0,-35.5,1
3,2,222742,3.5832,38.6,28.21,-41.5,2,0.0,-35.5,1
3,2,223468,-3.4706,38.6,28.21,-41.5,2,0.0,-35.5,1
3,2,224194,1.6226,38.6,28.21,-41.5,2,0.0,-35.5,1
3,2,224920,1.5775,38.6,28.22,-41.5,2,0.0,-35.5,1
3,2,225646,5.5664,38.6,28.21,-40.0,2,0.0,-35.5,1
3,2,226372,0.1578,38.6,28.21,-42.0,2,0.0,-35.5,1
3,2,227098,1.1268,38.6,28.21,-41.5,2,0.0,-35.5,1
3,2,227824,5.0481,38.6,28.21,-42.0,2,0.0,-35.5,1
3,2,228550,0.2479,38.6,28.21,-42.0,2,0.0,-35.5,1
3,2,229276,5.8594,38.6,28.21,-41.5,2,0.0,-35.5,1
3,2,230002,5.8594,37.6,28.21,-41.5,2,0.0,-35.5,1
3,2,230728,3.6734,38.6,28.21,-41.0,2,0.0,-35.5,1
3,2,231454,4.0790,38.6,28.21,-41.5,2,0.0,-35.5,1
3,2,232180,2.4339,38.6,28.21,-41.5,2,0.0,-35.5,1
3,2,232906,2.2536,38.6,28.21,-41.5,2,0.0,-35.5,1
3,2,233632,2.2536,38.6,28.21,-41.5,2,0.0,-35.5,1
3,2,234358,-0.6986,38.6,28.21,-41.5,2,0.0,-35.5,1
3,2,235084,1.5325,38.6,28.21,-41.0,2,0.0,-35.5,1
3,2,235810,1.8930,38.6,28.21,-41.5,2,0.0,-35.5,1
3,2,236536,4.5974,39.6,28.21,-41.5,2,0.0,-35.5,1
3,2,237262,1.3747,38.6,28.21,-41.0,2,0.0,-35.5,1
3,2,237988,1.4423,38.6,28.21,-42.0,2,0.0,-35.5,1
3,2,238714,-0.0901,38.6,28.21,-41.0,2,0.0,-35.5,1
3,2,239440,0.4282,38.6,28.21,-41.5,2,0.0,-35.5,1
3,2,240166,-0.2028,38.6,28.21,-41.0,2,0.0,-35.5,1
3,2,240892,3.2227,38.6,28.21,-41.5,2,0.0,-35.5,1
3,2,241618,3.0424,38.6,28.21,-42.0,2,0.0,-35.5,1
3,2,242344,-1.5099,38.6,28.21,-41.5,2,0.0,-35.5,1
3,2,243070,3.3804,38.6,28.20,-41.5,2,0.0,-35.5,1
3,2,243796,5.0931,38.6,28.21,-41.5,2,0.0,-35.5,1
3,2,244522,0.9465,38.6,28.20,-42.0,2,0.0,-35.5,1
3,2,245248,2.5015,38.6,28.21,-41.5,2,0.0,-35.5,1
3,2,245974,2.2987,38.6,28.21,-42.0,2,0.0,-35.5,1
3,2,246700,-0.2930,38.6,28.20,-41.0,2,0.0,-35.5,1
3,2,247426,0.2479,38.6,28.21,-41.5,2,0.0,-35.5,1
3,2,248152,1.9156,38.6,28.21,-41.5,2,0.0,-35.5,1
3,2,248878,-0.0676,38.6,28.20,-40.5,2,0.0,-35.5,1
3,2,249604,3.4255,38.6,28.21,-42.0,2,0.0,-35.5,1
3,2,250330,0.3380,38.6,28.20,-42.0,2,0.0,-35.5,1
3,2,252508,-1.7127,39.6,28.20,-41.5,2,0.0,-35.5,1
3,2,253234,1.2169,39.6,28.20,-41.5,2,0.0,-35.5,1
3,2,253960,-0.0451,39.6,28.20,-42.0,2,0.0,-35.5,1
3,2,254686,1.6451,39.6,28.20,-41.0,2,0.0,-35.5,1
3,2,255412,1.3747,38.6,28.21,-41.0,2,0.0,-35.5,1
3,2,256138,-2.2311,38.6,28.20,-41.5,2,0.0,-35.5,1
3,2,256864,1.0817,39.6,28.21,-42.0,2,0.0,-35.5,1
3,2,257590,-0.1127,38.6,28.20,-41.0,2,0.0,-35.5,1
3,2,258316,-0.8113,38.6,28.20,-41.0,2,0.0,-35.5,1
3,2,259042,1.3071,39.6,28.20,-41.5,2,0.0,-35.5,1
3,2,259768,1.3071,39.6,28.20,-41.5,2,0.0,-35.5,1
3,2,260494,1.1719,39.6,28.20,-41.5,2,0.0,-35.5,1
3,2,261220,2.5015,39.6,28.20,-41.5,2,0.0,-35.5,1
3,2,261946,1.6226,39.6,28.20,-40.5,2,0.0,-35.5,1
3,2,262672,-2.6593,38.6,28.20,-41.5,2,0.0,-35.5,1
3,2,263398,1.8705,38.6,28.20,-41.0,2,0.0,-35.5,1
3,2,264124,-1.0592,38.6,28.20,-40.5,2,0.0,-35.5,1
3,2,264850,-1.4423,38.6,28.20,-40.5,2,0.0,-35.5,1
3,2,265576,-0.6761,38.6,28.20,-41.5,2,0.0,-35.5,1
3,2,266302,-1.8480,38.6,28.20,-41.0,2,0.0,-35.5,1
3,2,267028,-2.4564,38.6,28.20,-41.5,2,0.0,-35.5,1
3,2,267754,-2.4564,38.6,28.20,-41.5,2,0.0,-35.5,1
3,2,268480,2.6367,38.6,28.20,-41.0,2,0.0,-35.5,1
3,2,269206,0.2028,38.6,28.20,-41.0,2,0.0,-35.5,1
3,2,269932,0.9916,38.6,28.20,-40.5,2,0.0,-35.5,1
3,2,270658,-0.0451,38.6,28.20,-41.5,2,0.0,-35.5,1
3,2,271384,0.1127,38.6,28.20,-41.0,2,0.0,-35.5,1
3,2,272110,2.2987,38.6,28.20,-41.0,2,0.0,-35.5,1
3,2,272836,-0.2930,38.6,28.20,-42.0,2,0.0,-35.5,1
3,2,273562,-0.1803,38.6,28.20,-40.5,2,0.0,-35.5,1
3,2,274288,0.5409,38.6,28.20,-41.5,2,0.0,-35.5,1
3,2,275014,0.8789,38.6,28.20,-42.0,2,0.0,-35.5,1
3,2,275740,0.8789,38.6,28.20,-42.0,2,0.0,-35.5,1
3,2,276466,4.7100,38.6,28.20,-40.5,2,0.0,-35.5,1
3,2,277192,-0.6085,39.6,28.20,-41.0,2,0.0,-35.5,1
3,2,277918,1.9156,38.6,28.20,-41.0,2,0.0,-35.5,1
3,2,278644,3.2677,37.6,28.20,-41.0,2,0.0,-35.5,1
3,2,279370,1.1493,38.6,28.20,-41.5,2,0.0,-35.5,1
3,2,280096,-0.0451,38.6,28.20,-40.5,2,0.0,-35.5,1
3,2,280822,5.8368,38.6,28.20,-41.5,2,0.0,-35.5,1
3,2,281548,1.5099,38.6,28.20,-41.5,2,0.0,-35.5,1
3,2,282274,-1.1493,38.6,28.20,-40.5,2,0.0,-35.5,1
3,2,283000,1.2846,37.6,28.20,-41.5,2,0.0,-35.5,1
3,2,283726,1.2846,38.6,28.20,-41.5,2,0.0,-35.5,1
3,2,284452,5.9044,37.6,28.20,-41.5,2,0.0,-35.5,1
3,2,285178,1.2169,38.6,28.20,-42.0,2,0.0,-35.5,1
3,2,285904,4.9129,37.6,28.20,-41.5,2,0.0,-35.5,1
3,2,286630,0.7437,38.6,28.20,-41.5,2,0.0,-35.5,1
3,2,287356,0.7888,38.6,28.19,-41.5,2,0.0,-35.5,1
3,2,288082,2.8846,38.6,28.20,-42.0,2,0.0,-35.5,1
3,2,288808,1.8029,38.6,28.19,-41.5,2,0.0,-35.5,1
3,2,289534,-0.2930,38.6,28.19,-42.0,2,0.0,-35.5,1
3,2,290260,-0.1127,39.6,28.19,-42.0,2,0.0,-35.5,1
3,2,290986,1.3071,38.6,28.19,-42.0,2,0.0,-35.5,1
3,2,291712,1.3071,38.6,28.19,-42.0,2,0.0,-35.5,1
3,2,292438,0.5859,38.6,28.19,-42.0,2,0.0,-35.5,1
3,2,293164,0.0451,38.6,28.19,-41.0,2,0.0,-35.5,1
3,2,293890,3.3128,38.6,28.20,-41.5,2,0.0,-35.5,1
3,2,294616,2.2761,38.6,28.20,-41.5,2,0.0,-35.5,1
3,2,295342,1.9156,38.6,28.19,-41.0,2,0.0,-35.5,1
3,2,296068,-0.6085,38.6,28.20,-42.0,2,0.0,-35.5,1
3,2,296794,2.4790,38.6,28.19,-41.5,2,0.0,-35.5,1
3,2,297520,1.1268,38.6,28.19,-41.0,2,0.0,-35.5,1
3,2,298246,2.6367,38.6,28.19,-41.0,2,0.0,-35.5,1
3,2,298972,4.0565,38.6,28.20,-42.0,2,0.0,-35.5,1
3,2,299698,2.3888,39.6,28.19,-41.5,2,0.0,-35.5,1
3,2,300424,-0.3380,39.6,28.20,-42.0,2,0.0,-35.5,1
3,2,301150,2.8170,38.6,28.19,-41.5,2,0.0,-35.5,1
3,2,301876,2.1860,38.6,28.20,-41.0,2,0.0,-35.5,1
3,2,302602,2.6593,38.6,28.20,-41.0,2,0.0,-35.5,1
3,2,303328,-1.3972,38.6,28.20,-42.0,2,0.0,-35.5,1
3,2,304054,3.1325,38.6,28.20,-42.5,2,0.0,-35.5,1
3,2,304780,-1.8705,38.6,28.19,-41.5,2,0.0,-35.5,1
3,2,305506,-5.4763,38.6,28.20,-41.5,2,0.0,-35.5,1
3,2,306232,-0.6535,38.6,28.20,-41.5,2,0.0,-35.5,1
3,2,306958,-0.1127,38.6,28.20,-41.5,2,0.0,-35.5,1
3,2,307684,3.4255,38.6,28.20,-41.5,2,0.0,-35.5,1
3,2,308410,-0.2930,38.6,28.19,-41.0,2,0.0,-35.5,1
3,2,309136,0.7437,38.6,28.19,-41.0,2,0.0,-35.5,1
3,2,309862,0.6986,38.6,28.19,-42.0,2,0.0,-35.5,1
3,2,310588,0.5409,38.6,28.20,-41.0,2,0.0,-35.5,1
3,2,311314,-2.3663,38.6,28.19,-41.0,2,0.0,-35.5,1
3,2,312040,-1.2620,38.6,28.19,-41.5,2,0.0,-35.5,1
3,2,312766,-5.5213,38.6,28.20,-42.0,2,0.0,-35.5,1
3,2,313492,-5.5213,38.6,28.19,-42.0,2,0.0,-35.5,1
3,2,314218,-2.0959,38.6,28.19,-42.0,2,0.0,-35.5,1
3,2,314944,2.2987,38.6,28.19,-41.0,2,0.0,-35.5,1
3,2,315670,7.1214,38.6,28.19,-41.0,2,0.0,-35.5,1
3,2,316396,1.8029,38.6,28.19,-41.0,2,0.0,-35.5,1
3,2,317122,-1.9606,39.6,28.19,-42.0,2,0.0,-35.5,1
3,2,317848,-0.3380,39.6,28.19,-42.5,2,0.0,-35.5,1
3,2,318574,1.5550,39.6,28.20,-41.5,2,0.0,-35.5,1
3,2,319300,1.7353,39.6,28.19,-41.5,2,0.0,-35.5,1
3,2,320026,-2.3663,38.6,28.19,-41.5,2,0.0,-35.5,1
3,2,320752,1.7578,37.6,28.19,-41.5,2,0.0,-35.5,1
3,2,321478,1.7578,38.6,28.20,-41.5,2,0.0,-35.5,1
3,2,322204,-0.5634,38.6,28.19,-40.5,2,0.0,-35.5,1
3,2,322930,-2.4114,38.6,28.19,-42.0,2,0.0,-35.5,1
3,2,323656,0.7437,38.6,28.20,-41.5,2,0.0,-35.5,1
3,2,324382,1.7127,38.6,28.19,-41.5,2,0.0,-35.5,1
3,2,325108,-3.8762,38.6,28.19,-41.0,2,0.0,-35.5,1
3,2,325834,1.1043,38.6,28.19,-41.5,2,0.0,-35.5,1
3,2,326560,3.5156,38.6,28.19,-41.5,2,0.0,-35.5,1
3,2,327286,-1.0592,38.6,28.19,-41.0,2,0.0,-35.5,1
3,2,328012,-0.3155,38.6,28.19,-41.5,2,0.0,-35.5,1
3,2,328738,1.6226,38.6,28.19,-41.5,2,0.0,-35.5,1
3,2,329464,1.6226,38.6,28.19,-41.5,2,0.0,-35.5,1
3,2,330190,1.9381,38.6,28.19,-41.0,2,0.0,-35.5,1
3,2,330916,7.1439,38.6,28.19,-41.5,2,0.0,-35.5,1
3,2,331642,0.8338,38.6,28.19,-40.0,2,0.0,-35.5,1
3,2,332368,0.9014,39.6,28.19,-42.0,2,0.0,-35.5,1
3,2,333094,2.2987,38.6,28.19,-41.5,2,0.0,-35.5,1
3,2,333820,2.7043,38.6,28.19,-41.5,2,0.0,-35.5,1
3,2,334546,5.1608,38.6,28.19,-42.0,2,0.0,-35.5,1
3,2,335272,-0.9240,38.6,28.19,-41.0,2,0.0,-35.5,1
3,2,335998,2.8170,38.6,28.19,-40.0,2,0.0,-35.5,1
3,2,336724,0.6761,38.6,28.19,-41.5,2,0.0,-35.5,1
3,2,337450,0.6761,38.6,28.19,-41.5,2,0.0,-35.5,1
3,2,338176,3.9889,38.6,28.19,-40.5,2,0.0,-35.5,1
3,2,338902,0.8113,38.6,28.19,-41.5,2,0.0,-35.5,1
3,2,339628,-1.3972,38.6,28.19,-41.5,2,0.0,-35.5,1
3,2,340354,4.0790,38.6,28.19,-41.5,2,0.0,-35.5,1
3,2,341806,4.8002,38.6,28.19,-41.5,2,0.0,-35.5,1
3,2,342532,0.0901,38.6,28.19,-42.0,2,0.0,-35.5,1
3,2,343258,1.3522,39.6,28.19,-42.0,2,0.0,-35.5,1
3,2,343984,1.6226,39.6,28.18,-41.5,2,0.0,-35.5,1
3,2,344710,-0.4958,39.6,28.19,-41.5,2,0.0,-35.5,1
3,2,345436,-0.4958,38.6,28.19,-41.5,2,0.0,-35.5,1
3,2,346162,1.6677,39.6,28.19,-42.0,2,0.0,-35.5,1
3,2,346888,0.0451,38.6,28.19,-41.0,2,0.0,-35.5,1
3,2,347614,4.3044,38.6,28.19,-41.5,2,0.0,-35.5,1
3,2,348340,1.8254,38.6,28.19,-42.0,2,0.0,-35.5,1
3,2,349066,-0.5183,38.6,28.19,-41.5,2,0.0,-35.5,1
3,2,349792,-4.3720,38.6,28.18,-41.5,2,0.0,-35.5,1
3,2,350518,-2.3888,38.6,28.18,-41.5,2,0.0,-35.5,1
3,2,351244,5.4988,39.6,28.18,-41.5,2,0.0,-35.5,1
3,2,351970,2.3212,38.6,28.19,-40.5,2,0.0,-35.5,1
3,2,352696,1.7578,38.6,28.19,-42.0,2,0.0,-35.5,1
3,2,353422,-1.0592,38.6,28.19,-41.5,2,0.0,-35.5,1
3,2,354148,-0.1578,38.6,28.18,-41.5,2,0.0,-35.5,1
3,2,354874,2.1409,37.6,28.18,-41.5,2,0.0,-35.5,1
3,2,355600,2.7269,37.6,28.18,-41.0,2,0.0,-35.5,1
3,2,356326,0.2254,37.6,28.18,-41.5,2,0.0,-35.5,1
3,2,357052,0.9916,37.6,28.18,-41.5,2,0.0,-35.5,1
3,2,357778,1.1268,38.6,28.18,-41.5,2,0.0,-35.5,1
3,2,358504,2.8395,38.6,28.19,-41.0,2,0.0,-35.5,1
3,2,359230,1.2169,38.6,28.19,-42.5,2,0.0,-35.5,1
3,2,359956,-0.6986,38.6,28.19,-40.5,2,0.0,-35.5,1
3,2,361408,-3.8987,38.6,28.19,-41.0,2,0.0,-35.5,1
3,2,362134,2.3437,38.6,28.19,-41.5,2,0.0,-35.5,1
3,2,362860,0.2479,38.6,28.19,-42.0,2,0.0,-35.5,1
3,2,363586,1.5325,38.6,28.19,-42.5,2,0.0,-35.5,1
3,2,364312,-1.3972,38.6,28.19,-42.0,2,0.0,-35.5,1
3,2,365038,4.5072,38.6,28.18,-42.0,2,0.0,-35.5,1
3,2,365764,5.5213,38.6,28.18,-41.5,2,0.0,-35.5,1
3,2,366490,0.5183,38.6,28.19,-42.0,2,0.0,-35.5,1
3,2,367216,0.5183,38.6,28.18,-42.0,2,0.0,-35.5,1
3,2,367942,2.2085,38.6,28.18,-41.0,2,0.0,-35.5,1
3,2,368668,0.0225,38.6,28.18,-41.5,2,0.0,-35.5,1
3,2,369394,1.7803,38.6,28.18,-41.0,2,0.0,-35.5,1
3,2,370120,-1.7578,38.6,28.18,-42.0,2,0.0,-35.5,1
3,2,370846,-0.1127,38.6,28.18,-42.0,2,0.0,-35.5,1
3,2,371572,2.8621,38.6,28.18,-41.5,2,0.0,-35.5,1
3,2,372298,-1.3522,38.6,28.18,-41.0,2,0.0,-35.5,1
3,2,373024,-0.1352,39.6,28.18,-42.0,2,0.0,-35.5,1
3,1,6394,0.1127,37.6,28.18,-42.0,1,0.0,-35.5,1
3,1,7120,13.5216,38.6,28.18,-42.0,1,0.0,-35.5,1
3,1,7846,13.5216,38.6,28.18,-42.0,1,0.0,-35.5,1
3,1,8572,13.5216,38.6,28.18,-42.0,1,0.0,-35.5,1
3,1,9298,6.4228,38.6,28.18,-42.0,1,0.0,-35.5,1
3,1,10024,0.6085,38.6,28.18,-42.5,1,0.0,-35.5,1
3,1,10750,0.6085,38.6,28.19,-42.5,1,0.0,-35.5,1
3,1,11476,6.0397,38.6,28.18,-42.0,1,0.0,-35.5,1
3,1,12202,6.0397,38.6,28.19,-42.0,1,0.0,-35.5,1
3,1,12928,0.1127,38.6,28.19,-42.0,1,0.0,-35.5,1
3,1,13654,-4.9354,38.6,28.19,-42.0,1,0.0,-35.5,1
3,1,14380,5.8368,38.6,28.19,-42.5,1,0.0,-35.5,1
3,1,15106,-0.4282,38.6,28.19,-42.0,1,0.0,-35.5,1
3,1,15832,-1.0592,38.6,28.19,-42.5,1,0.0,-35.5,1
3,1,16558,-1.0592,38.6,28.19,-42.5,1,0.0,-35.5,1
3,1,17284,2.1635,38.6,28.20,-42.5,1,0.0,-35.5,1
3,1,18010,-1.8480,38.6,28.20,-42.5,1,0.0,-35.5,1
3,1,18736,-1.8480,38.6,28.19,-42.5,1,0.0,-35.5,1
3,1,19462,-0.1803,38.6,28.20,-42.0,1,0.0,-35.5,1
3,1,20188,-0.1803,38.6,28.19,-42.0,1,0.0,-35.5,1
3,1,20914,-1.0367,38.6,28.20,-42.5,1,0.0,-35.5,1
3,1,21640,-1.3071,38.6,28.20,-42.0,1,0.0,-35.5,1
3,1,22366,0.4507,38.6,28.20,-42.0,1,0.0,-35.5,1
3,1,23092,-0.8564,38.6,28.19,-42.0,1,0.0,-35.5,1
3,1,23818,-0.8564,38.6,28.20,-42.0,1,0.0,-35.5,1
3,1,24544,-6.9411,38.6,28.20,-42.0,1,0.0,-35.5,1
3,1,25270,3.7410,38.6,28.20,-42.0,1,0.0,-35.5,1
3,1,25996,1.1719,38.6,28.20,-42.5,1,0.0,-35.5,1
3,1,26722,1.1719,37.6,28.20,-42.5,1,0.0,-35.5,1
3,1,27448,2.7269,38.6,28.20,-42.5,1,0.0,-35.5,1
3,1,28174,2.7269,38.6,28.20,-42.5,1,0.0,-35.5,1
3,1,28900,2.7269,38.6,28.20,-42.5,1,0.0,-35.5,1
3,1,29626,2.7269,38.6,28.20,-42.5,1,0.0,-35.5,1
3,1,30352,0.7437,38.6,28.20,-42.0,1,0.0,-35.5,1
3,1,31078,0.7437,38.6,28.20,-42.0,1,0.0,-35.5,1
3,1,31804,1.9606,38.6,28.20,-42.5,1,0.0,-35.5,1
3,1,32530,5.4763,38.6,28.20,-42.5,1,0.0,-35.5,1
3,1,33256,5.4763,38.6,28.20,-42.5,1,0.0,-35.5,1
3,1,33982,-2.0733,38.6,28.21,-42.0,1,0.0,-35.5,1
3,1,34708,-2.0733,38.6,28.21,-42.0,1,0.0,-35.5,1
3,1,35434,-2.0733,38.6,28.21,-42.0,1,0.0,-35.5,1
3,1,36160,-2.0733,38.6,28.20,-42.0,1,0.0,-35.5,1
3,1,36886,5.6565,38.6,28.21,-42.5,1,0.0,-35.5,1
3,1,37612,5.6565,38.6,28.21,-42.5,1,0.0,-35.5,1
3,1,38338,5.6565,37.6,28.21,-42.5,1,0.0,-35.5,1
3,1,39064,2.8170,38.6,28.20,-42.0,1,0.0,-35.5,1
3,1,39790,-2.9522,38.6,28.21,-42.5,1,0.0,-35.5,1
3,1,40516,-2.9522,38.6,28.21,-42.5,1,0.0,-35.5,1
3,1,41242,-2.9522,38.6,28.21,-42.5,1,0.0,-35.5,1
3,1,41968,-2.9522,38.6,28.21,-42.5,1,0.0,-35.5,1
3,1,42694,-3.9889,38.6,28.21,-42.0,1,0.0,-35.5,1
3,1,43420,6.5129,38.6,28.20,-42.0,1,0.0,-35.5,1
3,1,44146,1.9606,38.6,28.20,-42.0,1,0.0,-35.5,1
3,1,44872,5.5439,38.6,28.20,-42.5,1,0.0,-35.5,1
3,1,45598,-2.0508,38.6,28.20,-43.0,1,0.0,-35.5,1
3,1,46324,-2.0508,38.6,28.20,-43.0,1,0.0,-35.5,1
3,1,47050,-7.5496,38.6,28.20,-42.5,1,0.0,-35.5,1
3,1,47776,0.1352,38.6,28.20,-42.5,1,0.0,-35.5,1
3,1,48502,1.8705,39.6,28.21,-43.0,1,0.0,-35.5,1
3,1,49228,2.2311,38.6,28.20,-42.0,1,0.0,-35.5,1
3,1,49954,3.5832,38.6,28.21,-42.0,1,0.0,-35.5,1
3,1,50680,3.5832,39.6,28.21,-42.0,1,0.0,-35.5,1
3,1,51406,3.5832,38.6,28.21,-42.0,1,0.0,-35.5,1
3,1,52132,3.5832,38.6,28.21,-42.0,1,0.0,-35.5,1
3,1,52858,2.3437,38.6,28.21,-42.5,1,0.0,-35.5,1
3,1,53584,2.3437,38.6,28.21,-42.5,1,0.0,-35.5,1
3,1,54310,-0.1803,38.6,28.21,-42.0,1,0.0,-35.5,1
3,1,55036,-0.1803,38.6,28.21,-42.0,1,0.0,-35.5,1
3,1,55762,3.2903,38.6,28.21,-42.0,1,0.0,-35.5,1
3,1,56488,3.2903,38.6,28.21,-42.0,1,0.0,-35.5,1
3,1,57214,3.2903,38.6,28.21,-42.0,1,0.0,-35.5,1
3,1,57940,3.2903,38.6,28.21,-42.0,1,0.0,-35.5,1
3,1,58666,8.2707,38.6,28.21,-42.0,1,0.0,-35.5,1
3,1,59392,8.2707,38.6,28.21,-42.0,1,0.0,-35.5,1
3,1,60118,2.4114,38.6,28.21,-42.0,1,0.0,-35.5,1
3,1,60844,2.1409,38.6,28.21,-43.0,1,0.0,-35.5,1
3,1,61570,2.9522,38.6,28.21,-43.5,1,0.0,-35.5,1
3,1,62296,2.9522,38.6,28.21,-43.5,1,0.0,-35.5,1
3,1,63022,-4.7776,38.6,28.21,-42.0,1,0.0,-35.5,1
3,1,63748,-3.6508,38.6,28.21,-42.0,1,0.0,-35.5,1
3,1,64474,-3.6508,38.6,28.21,-42.0,1,0.0,-35.5,1
3,1,65200,-6.7608,38.6,28.21,-42.0,1,0.0,-35.5,1
3,1,65926,-6.7608,38.6,28.21,-42.0,1,0.0,-35.5,1
3,1,66652,-6.7608,38.6,28.21,-42.0,1,0.0,-35.5,1
3,1,67378,-6.7608,38.6,28.21,-42.0,1,0.0,-35.5,1
3,1,68104,-1.7353,38.6,28.21,-42.5,1,0.0,-35.5,1
3,1,68830,-1.7353,38.6,28.20,-42.5,1,0.0,-35.5,1
3,1,69556,1.2620,38.6,28.21,-42.0,1,0.0,-35.5,1
3,1,70282,5.0030,38.6,28.21,-42.0,1,0.0,-35.5,1
3,1,71008,5.0030,38.6,28.21,-42.0,1,0.0,-35.5,1
3,1,71734,-4.1692,38.6,28.21,-42.0,1,0.0,-35.5,1
3,1,72460,-4.1692,38.6,28.21,-42.0,1,0.0,-35.5,1
3,1,73186,2.2536,38.6,28.21,-42.0,1,0.0,-35.5,1
3,1,73912,-5.5213,38.6,28.21,-42.0,1,0.0,-35.5,1
3,1,74638,-5.5213,38.6,28.21,-42.0,1,0.0,-35.5,1
3,1,75364,-5.5213,38.6,28.20,-42.0,1,0.0,-35.5,1
3,1,76090,-5.5213,38.6,28.20,-42.0,1,0.0,-35.5,1
3,1,76816,1.9381,38.6,28.20,-42.0,1,0.0,-35.5,1
3,1,77542,1.9381,38.6,28.21,-42.0,1,0.0,-35.5,1
3,1,78268,1.9381,38.6,28.21,-42.0,1,0.0,-35.5,1
3,1,78994,1.7353,38.6,28.21,-42.0,1,0.0,-35.5,1
3,1,79720,1.7353,38.6,28.21,-42.0,1,0.0,-35.5,1
3,1,80446,1.7353,38.6,28.21,-42.0,1,0.0,-35.5,1
3,1,81172,1.7353,38.6,28.21,-42.0,1,0.0,-35.5,1
3,1,81898,1.7353,38.6,28.21,-42.0,1,0.0,-35.5,1
3,1,82624,4.8453,39.6,28.21,-42.0,1,0.0,-35.5,1
3,1,83350,4.8453,38.6,28.21,-42.0,1,0.0,-35.5,1
3,1,84076,4.8453,38.6,28.20,-42.0,1,0.0,-35.5,1
3,1,84802,0.9916,38.6,28.21,-42.0,1,0.0,-35.5,1
3,1,85528,-5.1157,38.6,28.21,-42.5,1,0.0,-35.5,1
3,1,86254,-5.1157,38.6,28.21,-42.5,1,0.0,-35.5,1
3,1,86980,-15.0992,38.6,28.21,-42.0,1,0.0,-35.5,1
3,1,87706,-15.0992,38.6,28.21,-42.0,1,0.0,-35.5,1
3,1,88432,-15.0992,38.6,28.21,-42.0,1,0.0,-35.5,1
3,1,89158,-1.8705,38.6,28.21,-42.0,1,0.0,-35.5,1
3,1,89884,-11.8990,38.6,28.21,-42.0,1,0.0,-35.5,1
3,1,90610,10.0060,38.6,28.21,-42.0,1,0.0,-35.5,1
3,1,91336,10.0060,38.6,28.21,-42.0,1,0.0,-35.5,1
3,1,92062,10.0060,38.6,28.20,-42.0,1,0.0,-35.5,1
3,1,92788,-6.4904,38.6,28.20,-42.5,1,0.0,-35.5,1
3,1,93514,-6.4904,38.6,28.21,-42.5,1,0.0,-35.5,1
3,1,94240,-6.4904,38.6,28.21,-42.5,1,0.0,-35.5,1
3,1,94966,0.6310,38.6,28.21,-42.5,1,0.0,-35.5,1
3,1,95692,-2.3888,38.6,28.21,-42.0,1,0.0,-35.5,1
3,1,96418,5.9495,38.6,28.21,-42.0,1,0.0,-35.5,1
3,1,97144,2.9973,38.6,28.20,-42.5,1,0.0,-35.5,1
3,1,97870,-2.6367,38.6,28.21,-42.0,1,0.0,-35.5,1
3,1,98596,-3.5607,38.6,28.20,-42.0,1,0.0,-35.5,1
3,1,99322,-1.5550,38.6,28.20,-42.0,1,0.0,-35.5,1
3,1,100048,-1.5550,38.6,28.21,-42.0,1,0.0,-35.5,1
3,1,100774,-1.5550,38.6,28.20,-42.0,1,0.0,-35.5,1
3,1,101500,-0.1578,38.6,28.21,-42.0,1,0.0,-35.5,1
3,1,102226,-0.4056,38.6,28.20,-42.0,1,0.0,-35.5,1
3,1,102952,-5.7918,38.6,28.20,-43.0,1,0.0,-35.5,1
3,1,103678,-12.8005,38.6,28.20,-42.0,1,0.0,-35.5,1
3,1,104404,2.0733,38.6,28.20,-42.0,1,0.0,-35.5,1
3,1,105130,-1.9606,38.6,28.21,-43.0,1,0.0,-35.5,1
3,1,105856,-1.9606,38.6,28.21,-43.0,1,0.0,-35.5,1
3,1,106582,-1.9606,38.6,28.21,-43.0,1,0.0,-35.5,1
3,1,107308,-1.9606,38.6,28.20,-43.0,1,0.0,-35.5,1
3,1,108034,1.5325,38.6,28.21,-43.5,1,0.0,-35.5,1
3,1,108760,-1.8254,37.6,28.20,-42.0,1,0.0,-35.5,1
3,1,109486,6.2650,38.6,28.21,-42.0,1,0.0,-35.5,1
3,1,110212,6.2650,38.6,28.21,-42.0,1,0.0,-35.5,1
3,1,110938,-3.9889,38.6,28.20,-42.0,1,0.0,-35.5,1
3,1,111664,-3.4029,38.6,28.21,-42.0,1,0.0,-35.5,1
3,1,112390,1.6902,38.6,28.20,-42.0,1,0.0,-35.5,1
3,1,113116,1.6902,38.6,28.21,-42.0,1,0.0,-35.5,1
3,1,113842,1.6902,38.6,28.21,-42.0,1,0.0,-35.5,1
3,1,114568,-6.2876,38.6,28.20,-42.0,1,0.0,-35.5,1
3,1,115294,-6.2876,38.6,28.21,-42.0,1,0.0,-35.5,1
3,1,116020,1.6451,38.6,28.21,-42.0,1,0.0,-35.5,1
3,1,116746,-6.4453,38.6,28.20,-42.0,1,0.0,-35.5,1
3,1,117472,-2.2987,38.6,28.20,-42.0,1,0.0,-35.5,1
3,1,118198,-2.2987,38.6,28.21,-42.0,1,0.0,-35.5,1
3,1,118924,-2.2987,38.6,28.21,-42.0,1,0.0,-35.5,1
3,1,119650,5.5664,38.6,28.21,-42.0,1,0.0,-35.5,1
3,1,120376,5.5664,38.6,28.21,-42.0,1,0.0,-35.5,1
3,1,121102,0.4507,38.6,28.21,-42.0,1,0.0,-35.5,1
3,1,121828,-1.3972,38.6,28.21,-42.0,1,0.0,-35.5,1
3,1,122554,-1.3972,38.6,28.21,-42.0,1,0.0,-35.5,1
3,1,123280,-1.3972,38.6,28.20,-42.0,1,0.0,-35.5,1
3,1,124006,-1.3972,38.6,28.21,-42.0,1,0.0,-35.5,1
3,1,124732,-1.3972,38.6,28.20,-42.0,1,0.0,-35.5,1
3,1,125458,-1.3972,38.6,28.20,-42.0,1,0.0,-35.5,1
3,1,126184,-1.3972,38.6,28.20,-42.0,1,0.0,-35.5,1
3,1,126910,-3.0424,38.6,28.21,-42.5,1,0.0,-35.5,1
3,1,127636,-1.6226,38.6,28.21,-42.0,1,0.0,-35.5,1
3,1,128362,9.4426,38.6,28.21,-42.0,1,0.0,-35.5,1
3,1,129088,5.5664,38.6,28.20,-42.5,1,0.0,-35.5,1
3,1,129814,-5.3636,38.6,28.20,-42.0,1,0.0,-35.5,1
3,1,130540,-5.3636,38.6,28.21,-42.0,1,0.0,-35.5,1
3,1,131266,-5.3636,38.6,28.20,-42.0,1,0.0,-35.5,1
3,1,131992,-3.7184,38.6,28.20,-42.0,1,0.0,-35.5,1
3,1,132718,-3.7184,38.6,28.20,-42.0,1,0.0,-35.5,1
3,1,133444,4.4396,38.6,28.21,-42.0,1,0.0,-35.5,1
3,1,134170,4.4396,38.6,28.20,-42.0,1,0.0,-35.5,1
3,1,134896,-4.7100,37.6,28.21,-42.0,1,0.0,-35.5,1
3,1,135622,-4.7100,38.6,28.21,-42.0,1,0.0,-35.5,1
3,1,136348,-5.5889,38.6,28.21,-42.0,1,0.0,-35.5,1
3,1,137074,-5.5889,38.6,28.21,-42.0,1,0.0,-35.5,1
3,1,137800,0.3831,38.6,28.20,-42.5,1,0.0,-35.5,1
3,1,138526,0.8338,38.6,28.20,-43.0,1,0.0,-35.5,1
3,1,139252,0.8338,38.6,28.20,-43.0,1,0.0,-35.5,1
3,1,139978,4.3269,38.6,28.20,-42.0,1,0.0,-35.5,1
3,1,140704,-1.0367,38.6,28.21,-42.0,1,0.0,-35.5,1
3,1,141430,-3.6734,38.6,28.21,-42.0,1,0.0,-35.5,1
3,1,142156,-3.6734,38.6,28.20,-42.0,1,0.0,-35.5,1
3,1,142882,-3.6734,38.6,28.20,-42.0,1,0.0,-35.5,1
3,1,143608,-3.7635,38.6,28.21,-42.0,1,0.0,-35.5,1
3,1,144334,-3.0424,38.6,28.20,-42.0,1,0.0,-35.5,1
3,1,145060,-3.0424,38.6,28.20,-42.0,1,0.0,-35.5,1
3,1,145786,-3.0424,38.6,28.20,-42.0,1,0.0,-35.5,1
3,1,146512,8.9919,38.6,28.20,-42.5,1,0.0,-35.5,1
3,1,147238,-0.2028,38.6,28.20,-43.0,1,0.0,-35.5,1
3,1,147964,-0.2028,38.6,28.20,-43.0,1,0.0,-35.5,1
3,1,148690,3.4931,39.6,28.21,-42.0,1,0.0,-35.5,1
3,1,149416,3.4931,38.6,28.21,-42.0,1,0.0,-35.5,1
3,1,150142,3.4931,38.6,28.20,-42.0,1,0.0,-35.5,1
3,1,150868,3.4931,38.6,28.21,-42.0,1,0.0,-35.5,1
3,1,151594,1.7353,38.6,28.20,-42.0,1,0.0,-35.5,1
3,1,152320,-2.3888,38.6,28.21,-42.0,1,0.0,-35.5,1
3,1,153046,-2.3888,38.6,28.21,-42.0,1,0.0,-35.5,1
3,1,153772,-2.3888,38.6,28.21,-42.0,1,0.0,-35.5,1
3,1,154498,17.8711,38.6,28.21,-42.0,1,0.0,-35.5,1
3,1,155224,-3.4029,38.6,28.20,-43.0,1,0.0,-35.5,1
3,1,155950,2.9297,38.6,28.21,-42.0,1,0.0,-35.5,1
3,1,156676,2.9297,38.6,28.20,-42.0,1,0.0,-35.5,1
3,1,157402,-2.2536,38.6,28.20,-42.0,1,0.0,-35.5,1
3,1,158128,-0.3380,38.6,28.20,-42.0,1,0.0,-35.5,1
3,1,158854,3.0198,38.6,28.20,-43.0,1,0.0,-35.5,1
3,1,159580,3.0198,38.6,28.20,-43.0,1,0.0,-35.5,1
3,1,160306,3.0198,38.6,28.20,-43.0,1,0.0,-35.5,1
3,1,161032,3.0198,38.6,28.20,-43.0,1,0.0,-35.5,1
3,1,161758,3.0198,38.6,28.20,-43.0,1,0.0,-35.5,1
3,1,162484,-2.0733,38.6,28.20,-42.0,1,0.0,-35.5,1
3,1,163210,-2.0733,38.6,28.20,-42.0,1,0.0,-35.5,1
3,1,163936,-2.0733,38.6,28.20,-42.0,1,0.0,-35.5,1
3,1,164662,4.8002,39.6,28.20,-42.0,1,0.0,-35.5,1
3,1,165388,-4.8002,39.6,28.20,-43.0,1,0.0,-35.5,1
3,1,166114,5.2734,39.6,28.20,-42.0,1,0.0,-35.5,1
3,1,166840,10.2764,38.6,28.20,-42.0,1,0.0,-35.5,1
3,1,167566,10.2764,38.6,28.20,-42.0,1,0.0,-35.5,1
3,1,168292,10.2764,38.6,28.20,-42.0,1,0.0,-35.5,1
3,1,169018,10.2764,38.6,28.20,-42.0,1,0.0,-35.5,1
3,1,169744,2.0057,38.6,28.20,-42.5,1,0.0,-35.5,1
3,1,170470,2.0959,39.6,28.20,-43.0,1,0.0,-35.5,1
3,1,171196,1.3522,39.6,28.20,-42.0,1,0.0,-35.5,1
3,1,171922,1.3522,39.6,28.20,-42.0,1,0.0,-35.5,1
3,1,172648,5.5213,38.6,28.20,-42.0,1,0.0,-35.5,1
3,1,173374,5.5213,38.6,28.20,-42.0,1,0.0,-35.5,1
3,1,174100,5.5213,38.6,28.20,-42.0,1,0.0,-35.5,1
3,1,174826,-6.8735,38.6,28.20,-42.0,1,0.0,-35.5,1
3,1,175552,1.0141,38.6,28.20,-42.0,1,0.0,-35.5,1
3,1,176278,5.0255,38.6,28.20,-42.0,1,0.0,-35.5,1
3,1,177004,1.4874,38.6,28.20,-42.0,1,0.0,-35.5,1
3,1,177730,-4.4847,38.6,28.20,-43.0,1,0.0,-35.5,1
3,1,178456,5.1608,38.6,28.19,-42.0,1,0.0,-35.5,1
3,1,179182,0.8564,38.6,28.20,-42.0,1,0.0,-35.5,1
3,1,179908,0.8564,38.6,28.20,-42.0,1,0.0,-35.5,1
3,1,180634,-3.9438,38.6,28.20,-42.0,1,0.0,-35.5,1
3,1,181360,2.5466,38.6,28.20,-42.0,1,0.0,-35.5,1
3,1,182086,0.3155,38.6,28.20,-42.0,1,0.0,-35.5,1
3,1,182812,0.3155,38.6,28.20,-42.0,1,0.0,-35.5,1
3,1,183538,7.9778,38.6,28.20,-42.0,1,0.0,-35.5,1
3,1,184264,2.6593,38.6,28.20,-42.0,1,0.0,-35.5,1
3,1,184990,2.6593,38.6,28.20,-42.0,1,0.0,-35.5,1
3,1,185716,2.2536,38.6,28.20,-42.0,1,0.0,-35.5,1
3,1,186442,10.9976,38.6,28.20,-42.0,1,0.0,-35.5,1
3,1,187168,5.4763,38.6,28.20,-42.0,1,0.0,-35.5,1
3,1,187894,5.4763,37.6,28.20,-42.0,1,0.0,-35.5,1
3,1,188620,-0.6761,38.6,28.20,-42.0,1,0.0,-35.5,1
3,1,189346,-0.6761,38.6,28.19,-42.0,1,0.0,-35.5,1
3,1,190072,-1.9606,37.6,28.19,-42.0,1,0.0,-35.5,1
3,1,190798,-1.9606,38.6,28.20,-42.0,1,0.0,-35.5,1
3,1,191524,-2.7719,38.6,28.19,-43.0,1,0.0,-35.5,1
3,1,192250,-1.4198,38.6,28.19,-42.0,1,0.0,-35.5,1
3,1,192976,-2.9522,38.6,28.20,-42.0,1,0.0,-35.5,1
3,1,193702,4.3495,38.6,28.19,-42.0,1,0.0,-35.5,1
3,1,194428,4.3495,38.6,28.20,-42.0,1,0.0,-35.5,1
3,1,195154,0.1127,38.6,28.20,-42.0,1,0.0,-35.5,1
3,1,195880,0.1127,38.6,28.20,-42.0,1,0.0,-35.5,1
3,1,196606,-3.9438,38.6,28.20,-43.0,1,0.0,-35.5,1
3,1,197332,-3.4480,38.6,28.19,-42.0,1,0.0,-35.5,1
3,1,198058,-0.1127,38.6,28.20,-43.5,1,0.0,-35.5,1
3,1,198784,5.1382,38.6,28.20,-42.0,1,0.0,-35.5,1
3,1,199510,5.1382,38.6,28.19,-42.0,1,0.0,-35.5,1
3,1,200236,5.1382,38.6,28.19,-42.0,1,0.0,-35.5,1
3,1,200962,5.1382,38.6,28.20,-42.0,1,0.0,-35.5,1
3,1,201688,5.1382,38.6,28.19,-42.0,1,0.0,-35.5,1
3,1,202414,2.8621,38.6,28.19,-43.0,1,0.0,-35.5,1
3,1,203140,2.8621,38.6,28.19,-43.0,1,0.0,-35.5,1
3,1,203866,2.8621,38.6,28.19,-43.0,1,0.0,-35.5,1
3,1,204592,9.9159,38.6,28.19,-42.0,1,0.0,-35.5,1
3,1,205318,0.2028,38.6,28.19,-42.0,1,0.0,-35.5,1
3,1,206044,2.5015,38.6,28.19,-42.0,1,0.0,-35.5,1
3,1,206770,2.5015,38.6,28.19,-42.0,1,0.0,-35.5,1
3,1,207496,-2.9973,38.6,28.19,-42.5,1,0.0,-35.5,1
3,1,208222,-2.9973,39.6,28.19,-42.5,1,0.0,-35.5,1
3,1,208948,-5.0931,38.6,28.19,-42.0,1,0.0,-35.5,1
3,1,209674,6.7834,38.6,28.19,-42.0,1,0.0,-35.5,1
3,1,210400,2.0733,39.6,28.19,-42.5,1,0.0,-35.5,1
3,1,211126,2.0733,38.6,28.19,-42.5,1,0.0,-35.5,1
3,1,211852,2.0733,38.6,28.19,-42.5,1,0.0,-35.5,1
3,1,212578,-6.3552,38.6,28.19,-42.0,1,0.0,-35.5,1
3,1,213304,6.9636,38.6,28.19,-42.5,1,0.0,-35.5,1
3,1,214030,6.9636,38.6,28.19,-42.5,1,0.0,-35.5,1
3,1,214756,-5.3410,38.6,28.19,-42.0,1,0.0,-35.5,1
3,1,215482,8.0904,38.6,28.19,-42.5,1,0.0,-35.5,1
3,1,216208,-0.0451,38.6,28.19,-43.0,1,0.0,-35.5,1
3,1,216934,-0.0451,38.6,28.19,-43.0,1,0.0,-35.5,1
3,1,217660,2.0508,38.6,28.18,-42.0,1,0.0,-35.5,1
3,1,218386,2.6818,38.6,28.19,-42.5,1,0.0,-35.5,1
3,1,219112,-1.3747,38.6,28.19,-42.5,1,0.0,-35.5,1
3,1,219838,1.8705,38.6,28.19,-42.0,1,0.0,-35.5,1
3,1,220564,1.8705,38.6,28.19,-42.0,1,0.0,-35.5,1
3,1,221290,6.6707,39.6,28.19,-42.0,1,0.0,-35.5,1
3,1,222016,0.9014,38.6,28.19,-43.0,1,0.0,-35.5,1
3,1,222742,-2.3663,38.6,28.19,-42.0,1,0.0,-35.5,1
3,1,223468,-4.2819,38.6,28.19,-42.0,1,0.0,-35.5,1
3,1,224194,5.7242,38.6,28.19,-42.0,1,0.0,-35.5,1
3,1,224920,5.7242,38.6,28.19,-42.0,1,0.0,-35.5,1
3,1,225646,5.7242,38.6,28.19,-42.0,1,0.0,-35.5,1
3,1,226372,5.7242,38.6,28.18,-42.0,1,0.0,-35.5,1
3,1,227098,4.1466,38.6,28.19,-42.0,1,0.0,-35.5,1
3,1,227824,0.8564,38.6,28.19,-42.0,1,0.0,-35.5,1
3,1,228550,-1.7127,38.6,28.19,-42.5,1,0.0,-35.5,1
3,1,229276,0.6085,38.6,28.19,-42.5,1,0.0,-35.5,1
3,1,230002,-2.7719,38.6,28.19,-42.0,1,0.0,-35.5,1
3,1,230728,-2.7719,38.6,28.19,-42.0,1,0.0,-35.5,1
3,1,231454,3.7635,38.6,28.19,-42.0,1,0.0,-35.5,1
3,1,232180,-10.7948,38.6,28.18,-43.0,1,0.0,-35.5,1
3,1,232906,0.1352,38.6,28.18,-42.5,1,0.0,-35.5,1
3,1,233632,0.1352,38.6,28.19,-42.5,1,0.0,-35.5,1
3,1,234358,0.1352,38.6,28.19,-42.5,1,0.0,-35.5,1
3,1,235084,-0.7212,39.6,28.19,-42.0,1,0.0,-35.5,1
3,1,235810,-2.7043,39.6,28.19,-42.5,1,0.0,-35.5,1
3,1,236536,6.4904,38.6,28.18,-43.0,1,0.0,-35.5,1
3,1,237262,6.4904,39.6,28.18,-43.0,1,0.0,-35.5,1
3,1,237988,1.7803,38.6,28.18,-42.0,1,0.0,-35.5,1
3,1,238714,1.7803,38.6,28.19,-42.0,1,0.0,-35.5,1
3,1,239440,-1.0141,38.6,28.18,-42.0,1,0.0,-35.5,1
3,1,240166,2.4339,39.6,28.18,-42.0,1,0.0,-35.5,1
3,1,240892,-0.0901,38.6,28.18,-42.0,1,0.0,-35.5,1
3,1,241618,-0.0901,38.6,28.18,-42.0,1,0.0,-35.5,1
3,1,242344,-4.7776,38.6,28.18,-42.0,1,0.0,-35.5,1
3,1,243070,-4.7776,38.6,28.19,-42.0,1,0.0,-35.5,1
3,1,243796,-4.5072,38.6,28.18,-42.0,1,0.0,-35.5,1
3,1,244522,0.1578,38.6,28.18,-43.0,1,0.0,-35.5,1
3,1,245248,1.2620,38.6,28.18,-42.0,1,0.0,-35.5,1
3,1,245974,-1.9381,38.6,28.18,-42.5,1,0.0,-35.5,1
3,1,246700,7.4144,38.6,28.18,-42.0,1,0.0,-35.5,1
3,1,247426,-1.9381,38.6,28.18,-42.0,1,0.0,-35.5,1
3,1,248152,0.1352,38.6,28.18,-42.5,1,0.0,-35.5,1
3,1,248878,0.1352,38.6,28.18,-42.5,1,0.0,-35.5,1
3,1,249604,0.1352,38.6,28.18,-42.5,1,0.0,-35.5,1
3,1,250330,1.3296,38.6,28.18,-42.0,1,0.0,-35.5,1
3,1,251056,1.3296,38.6,28.18,-42.0,1,0.0,-35.5,1
3,1,251782,-4.3044,39.6,28.18,-42.0,1,0.0,-35.5,1
3,1,252508,-2.0282,38.6,28.18,-42.0,1,0.0,-35.5,1
3,1,253234,-2.7945,38.6,28.19,-42.5,1,0.0,-35.5,1
3,1,253960,-2.9297,38.6,28.18,-42.0,1,0.0,-35.5,1
3,1,254686,7.0312,38.6,28.18,-43.0,1,0.0,-35.5,1
3,1,255412,-6.6932,38.6,28.18,-42.0,1,0.0,-35.5,1
3,1,256138,-6.6932,38.6,28.18,-42.0,1,0.0,-35.5,1
3,1,256864,-6.6932,38.6,28.18,-42.0,1,0.0,-35.5,1
3,1,257590,-6.6932,38.6,28.18,-42.0,1,0.0,-35.5,1
3,1,258316,-6.6932,38.6,28.18,-42.0,1,0.0,-35.5,1
3,1,259042,-6.6932,38.6,28.18,-42.0,1,0.0,-35.5,1
3,1,259768,-0.9916,38.6,28.18,-42.5,1,0.0,-35.5,1
3,1,260494,-0.5183,38.6,28.18,-42.0,1,0.0,-35.5,1
3,1,261220,-0.5183,38.6,28.18,-42.0,1,0.0,-35.5,1
3,1,261946,1.6677,38.6,28.18,-42.5,1,0.0,-35.5,1
3,1,262672,1.6677,37.6,28.18,-42.5,1,0.0,-35.5,1
3,1,263398,1.6677,38.6,28.18,-42.5,1,0.0,-35.5,1
3,1,264124,-3.6734,38.6,28.18,-42.0,1,0.0,-35.5,1
3,1,264850,-3.6734,38.6,28.18,-42.0,1,0.0,-35.5,1
3,1,265576,-3.8086,38.6,28.18,-42.0,1,0.0,-35.5,1
3,1,266302,-3.8086,38.6,28.18,-42.0,1,0.0,-35.5,1
3,1,267028,-3.8086,38.6,28.18,-42.0,1,0.0,-35.5,1
3,1,267754,4.1692,38.6,28.18,-42.5,1,0.0,-35.5,1
3,1,268480,-2.7719,39.6,28.18,-42.0,1,0.0,-35.5,1
3,1,269206,-2.7719,39.6,28.18,-42.0,1,0.0,-35.5,1
3,1,269932,-0.4958,38.6,28.18,-42.5,1,0.0,-35.5,1
3,1,270658,-0.4958,38.6,28.18,-42.5,1,0.0,-35.5,1
3,1,271384,-12.4624,38.6,28.18,-42.0,1,0.0,-35.5,1
3,1,272110,5.6791,38.6,28.18,-42.5,1,0.0,-35.5,1
3,1,272836,5.6791,38.6,28.18,-42.5,1,0.0,-35.5,1
3,1,273562,5.6791,38.6,28.18,-42.5,1,0.0,-35.5,1
3,1,274288,5.6791,39.6,28.18,-42.5,1,0.0,-35.5,1
3,1,275014,4.6875,38.6,28.18,-42.0,1,0.0,-35.5,1
3,1,275740,4.6875,38.6,28.17,-42.0,1,0.0,-35.5,1
3,1,276466,6.0622,39.6,28.18,-42.0,1,0.0,-35.5,1
3,1,277192,-1.6001,38.6,28.17,-42.5,1,0.0,-35.5,1
3,1,277918,-1.6001,39.6,28.18,-42.5,1,0.0,-35.5,1
3,1,278644,-1.6001,39.6,28.18,-42.5,1,0.0,-35.5,1
3,1,279370,-1.6001,39.6,28.18,-42.5,1,0.0,-35.5,1
3,1,280096,-5.0931,38.6,28.18,-42.0,1,0.0,-35.5,1
3,1,280822,-0.8789,38.6,28.18,-42.0,1,0.0,-35.5,1
3,1,281548,-2.8395,38.6,28.18,-43.5,1,0.0,-35.5,1
3,1,282274,3.6058,38.6,28.17,-42.5,1,0.0,-35.5,1
3,1,283000,-2.6367,38.6,28.17,-42.5,1,0.0,-35.5,1
3,1,283726,-0.8338,38.6,28.18,-42.0,1,0.0,-35.5,1
3,1,284452,-0.8338,38.6,28.18,-42.0,1,0.0,-35.5,1
3,1,285178,-0.8338,38.6,28.18,-42.0,1,0.0,-35.5,1
3,1,285904,-6.4678,38.6,28.17,-43.0,1,0.0,-35.5,1
3,1,286630,-5.4312,38.6,28.17,-42.5,1,0.0,-35.5,1
3,1,287356,-5.4312,38.6,28.17,-42.5,1,0.0,-35.5,1
3,1,288082,-5.4312,38.6,28.17,-42.5,1,0.0,-35.5,1
3,1,288808,-5.4312,38.6,28.17,-42.5,1,0.0,-35.5,1
3,1,289534,-4.5748,38.6,28.17,-42.5,1,0.0,-35.5,1
3,1,290260,-4.5748,38.6,28.17,-42.5,1,0.0,-35.5,1
3,1,290986,7.9778,38.6,28.17,-42.0,1,0.0,-35.5,1
3,1,291712,7.9778,38.6,28.17,-42.0,1,0.0,-35.5,1
3,1,292438,7.9778,38.6,28.17,-42.0,1,0.0,-35.5,1
3,1,293164,7.9778,38.6,28.17,-42.0,1,0.0,-35.5,1
3,1,293890,-4.8678,39.6,28.18,-42.5,1,0.0,-35.5,1
3,1,294616,-4.8678,39.6,28.17,-42.5,1,0.0,-35.5,1
3,1,295342,-4.8678,38.6,28.17,-42.5,1,0.0,-35.5,1
3,1,296068,-4.8678,38.6,28.18,-42.5,1,0.0,-35.5,1
3,1,296794,4.7776,38.6,28.17,-42.0,1,0.0,-35.5,1
3,1,297520,0.5859,38.6,28.17,-42.0,1,0.0,-35.5,1
3,1,298246,-0.5183,38.6,28.17,-42.0,1,0.0,-35.5,1
3,1,298972,1.4874,38.6,28.17,-42.0,1,0.0,-35.5,1
3,1,299698,1.4874,38.6,28.18,-42.0,1,0.0,-35.5,1
3,1,300424,1.9156,39.6,28.17,-42.0,1,0.0,-35.5,1
3,1,301150,-1.2169,38.6,28.17,-42.0,1,0.0,-35.5,1
3,1,301876,-2.5240,38.6,28.17,-42.0,1,0.0,-35.5,1
3,1,302602,1.1719,38.6,28.17,-42.0,1,0.0,-35.5,1
3,1,303328,1.1719,38.6,28.17,-42.0,1,0.0,-35.5,1
3,1,304054,6.6932,38.6,28.17,-42.0,1,0.0,-35.5,1
3,1,304780,6.6932,38.6,28.17,-42.0,1,0.0,-35.5,1
3,1,305506,-3.8987,38.6,28.17,-43.0,1,0.0,-35.5,1
3,1,306232,-7.2115,38.6,28.17,-43.0,1,0.0,-35.5,1
3,1,306958,-7.2115,38.6,28.17,-43.0,1,0.0,-35.5,1
3,1,307684,-6.8510,38.6,28.17,-42.0,1,0.0,-35.5,1
3,1,308410,-6.8510,38.6,28.17,-42.0,1,0.0,-35.5,1
3,1,309136,-6.8510,38.6,28.17,-42.0,1,0.0,-35.5,1
3,1,309862,-6.8510,38.6,28.17,-42.0,1,0.0,-35.5,1
3,1,310588,2.9297,38.6,28.17,-42.0,1,0.0,-35.5,1
3,1,311314,2.9297,38.6,28.17,-42.0,1,0.0,-35.5,1
3,1,312040,2.9297,38.6,28.17,-42.0,1,0.0,-35.5,1
3,1,312766,-13.9724,38.6,28.17,-42.0,1,0.0,-35.5,1
3,1,313492,-13.9724,38.6,28.17,-42.0,1,0.0,-35.5,1
3,1,314218,-2.7719,38.6,28.17,-43.0,1,0.0,-35.5,1
3,1,314944,-2.7719,38.6,28.17,-43.0,1,0.0,-35.5,1
3,1,315670,-2.7719,38.6,28.17,-43.0,1,0.0,-35.5,1
3,1,316396,-3.0649,38.6,28.17,-42.0,1,0.0,-35.5,1
3,1,317122,-3.0649,38.6,28.17,-42.0,1,0.0,-35.5,1
3,1,317848,-3.0649,38.6,28.17,-42.0,1,0.0,-35.5,1
3,1,318574,-3.0649,38.6,28.17,-42.0,1,0.0,-35.5,1
3,1,319300,6.4228,38.6,28.17,-42.0,1,0.0,-35.5,1
3,1,320026,6.4228,38.6,28.17,-42.0,1,0.0,-35.5,1
3,1,320752,6.4228,38.6,28.17,-42.0,1,0.0,-35.5,1
3,1,321478,4.3945,38.6,28.17,-43.0,1,0.0,-35.5,1
3,1,322204,4.3945,38.6,28.17,-43.0,1,0.0,-35.5,1
3,1,322930,4.3945,38.6,28.17,-43.0,1,0.0,-35.5,1
3,1,323656,4.3945,38.6,28.17,-43.0,1,0.0,-35.5,1
3,1,324382,4.3945,38.6,28.17,-43.0,1,0.0,-35.5,1
3,1,325108,-6.5129,38.6,28.17,-42.0,1,0.0,-35.5,1
3,1,325834,7.8651,39.6,28.17,-42.0,1,0.0,-35.5,1
3,1,326560,4.6650,39.6,28.17,-42.0,1,0.0,-35.5,1
3,1,327286,1.3972,38.6,28.17,-42.0,1,0.0,-35.5,1
3,1,328012,7.2791,38.6,28.17,-42.0,1,0.0,-35.5,1
3,1,328738,7.2791,38.6,28.17,-42.0,1,0.0,-35.5,1
3,1,329464,7.2791,38.6,28.17,-42.0,1,0.0,-35.5,1
3,1,330190,0.5859,38.6,28.17,-42.0,1,0.0,-35.5,1
3,1,330916,4.4847,38.6,28.17,-43.0,1,0.0,-35.5,1
3,1,331642,-0.6310,38.6,28.17,-42.0,1,0.0,-35.5,1
3,1,332368,5.0255,38.6,28.17,-42.0,1,0.0,-35.5,1
3,1,333094,5.0255,38.6,28.17,-42.0,1,0.0,-35.5,1
3,1,333820,-4.0114,39.6,28.17,-42.5,1,0.0,-35.5,1
3,1,334546,-4.0114,39.6,28.17,-42.5,1,0.0,-35.5,1
3,1,335272,1.4874,39.6,28.17,-42.0,1,0.0,-35.5,1
3,1,335998,8.4736,39.6,28.17,-42.0,1,0.0,-35.5,1
3,1,336724,-1.4648,38.6,28.17,-42.5,1,0.0,-35.5,1
3,1,337450,-0.6986,38.6,28.17,-42.0,1,0.0,-35.5,1
3,1,338176,-0.6986,37.6,28.17,-42.0,1,0.0,-35.5,1
3,1,338902,-0.6986,38.6,28.17,-42.0,1,0.0,-35.5,1
3,1,339628,-0.6986,38.6,28.16,-42.0,1,0.0,-35.5,1
3,1,340354,-0.6986,38.6,28.16,-42.0,1,0.0,-35.5,1
3,1,341080,-0.6986,38.6,28.17,-42.0,1,0.0,-35.5,1
3,1,341806,-0.2704,38.6,28.17,-42.0,1,0.0,-35.5,1
3,1,342532,0.8564,37.6,28.17,-43.5,1,0.0,-35.5,1
3,1,343258,-5.2284,36.6,28.16,-42.0,1,0.0,-35.5,1
3,1,343984,-5.2284,38.6,28.16,-42.0,1,0.0,-35.5,1
3,1,344710,-5.2284,38.6,28.16,-42.0,1,0.0,-35.5,1
3,1,345436,7.8200,38.6,28.16,-42.5,1,0.0,-35.5,1
3,1,346162,7.8200,38.6,28.16,-42.5,1,0.0,-35.5,1
3,1,346888,1.4423,38.6,28.17,-42.0,1,0.0,-35.5,1
3,1,347614,2.8846,38.6,28.16,-42.5,1,0.0,-35.5,1
3,1,348340,7.7749,38.6,28.16,-42.0,1,0.0,-35.5,1
3,1,349066,7.7749,38.6,28.16,-42.0,1,0.0,-35.5,1
3,1,349792,7.7749,38.6,28.16,-42.0,1,0.0,-35.5,1
3,1,350518,0.7437,38.6,28.16,-42.0,1,0.0,-35.5,1
3,1,351244,0.6535,38.6,28.16,-42.5,1,0.0,-35.5,1
3,1,351970,-2.7269,38.6,28.17,-42.0,1,0.0,-35.5,1
3,1,352696,-0.0901,38.6,28.16,-42.0,1,0.0,-35.5,1
3,1,353422,2.9297,38.6,28.16,-42.5,1,0.0,-35.5,1
3,1,354148,2.9297,38.6,28.16,-42.5,1,0.0,-35.5,1
3,1,354874,4.9805,38.6,28.16,-42.0,1,0.0,-35.5,1
3,1,355600,4.6875,38.6,28.16,-42.0,1,0.0,-35.5,1
3,1,356326,4.6875,38.6,28.16,-42.0,1,0.0,-35.5,1
3,1,357052,4.6875,38.6,28.16,-42.0,1,0.0,-35.5,1
3,1,357778,-3.9663,38.6,28.16,-42.0,1,0.0,-35.5,1
3,1,358504,5.1157,38.6,28.16,-42.0,1,0.0,-35.5,1
3,1,359230,-1.4423,38.6,28.17,-42.0,1,0.0,-35.5,1
3,1,359956,1.8705,38.6,28.16,-42.5,1,0.0,-35.5,1
3,1,360682,1.8705,38.6,28.16,-42.5,1,0.0,-35.5,1
3,1,361408,1.5775,38.6,28.16,-42.5,1,0.0,-35.5,1
3,1,362134,3.7184,38.6,28.16,-43.0,1,0.0,-35.5,1
3,1,362860,3.7184,38.6,28.16,-43.0,1,0.0,-35.5,1
3,1,363586,1.3071,39.6,28.16,-43.0,1,0.0,-35.5,1
3,1,364312,-0.5409,38.6,28.16,-42.5,1,0.0,-35.5,1
3,1,365038,-0.5409,38.6,28.16,-42.5,1,0.0,-35.5,1
3,1,365764,5.2058,38.6,28.16,-42.5,1,0.0,-35.5,1
3,1,366490,0.3380,38.6,28.16,-42.5,1,0.0,-35.5,1
3,1,367216,0.3380,38.6,28.16,-42.5,1,0.0,-35.5,1
3,1,367942,0.3380,38.6,28.16,-42.5,1,0.0,-35.5,1
3,1,368668,0.7662,38.6,28.16,-42.0,1,0.0,-35.5,1
