--- Terminal on /dev/ttyACM1 | 115200 8-N-1
--- Available filters and text transformations: debug, default, direct, esp32_exception_decoder, hexlify, log2file, nocontrol, printable, send_on_enter, time
--- More details at https://bit.ly/pio-monitor-filters
--- Quit: Ctrl+C | Menu: Ctrl+T | Help: Ctrl+T followed by Ctrl+H
6017,0.0000,29.3,26.57
6738,0.0000,29.3,26.56
7459,0.0000,30.3,26.57
8180,0.0000,29.3,26.57
8901,0.0000,30.3,26.57
9622,0.0000,29.3,26.57
10343,0.0000,29.3,26.57
11064,0.0000,30.3,26.58
11785,0.0000,30.3,26.57
12506,0.0000,30.3,26.58
12948,-7.3693,30.3,26.58
13669,-6.1749,30.3,26.58
14390,-6.4678,30.3,26.58
15111,-6.5805,30.3,26.58
15832,-7.0989,30.3,26.58
16553,-6.9862,30.3,26.58
17274,-6.6256,30.3,26.58
17995,-6.2425,30.3,26.59
18716,-7.7975,30.3,26.59
19437,-6.3552,30.3,26.60
20158,-7.1665,30.3,26.60
20879,-7.8876,30.3,26.60
21600,-5.9946,30.3,26.60
22321,-6.3326,30.3,26.61
23042,-7.0312,30.3,26.60
23763,-7.0312,30.3,26.60
24484,-7.0312,30.3,26.60
25205,-7.0312,30.3,26.61
25926,-7.0312,30.3,26.61
26647,-7.0312,30.3,26.61
27368,-7.0312,30.3,26.61
28089,-7.0312,31.3,26.61
28810,-7.0312,31.3,26.62
29531,-7.0312,31.3,26.62
30252,-7.0312,31.3,26.61
30973,-7.0312,31.3,26.62
31694,-7.0312,31.3,26.62
32415,-7.0312,31.3,26.62
33136,-7.0312,31.3,26.63
33857,-7.0312,30.3,26.63
34578,-7.0312,31.3,26.63
35299,-7.0312,31.3,26.63
36020,-7.0312,31.3,26.63
36741,-7.0312,31.3,26.63
37462,-7.0312,31.3,26.63
38183,-7.0312,31.3,26.63
38904,-7.0312,32.3,26.64
39625,-5.9495,31.3,26.64
40346,-6.1974,31.3,26.63
41067,-5.7016,31.3,26.64
41788,-5.6115,32.3,26.64
42509,-5.4988,31.3,26.64
43230,-6.1749,32.3,26.64
43951,-6.6932,31.3,26.64
44672,-6.1974,31.3,26.64
45393,-6.2650,31.3,26.65
46114,-5.5664,32.3,26.65
46835,-6.8284,31.3,26.65
47556,-6.6932,31.3,26.65
48277,-5.9721,31.3,26.65
48998,-6.2876,31.3,26.65
49719,-5.8368,31.3,26.65
50440,-5.8368,32.3,26.65
51161,-5.8368,31.3,26.66
51882,-5.8368,31.3,26.66
52603,-5.8368,32.3,26.66
53324,-5.8368,32.3,26.66
54045,-5.8368,31.3,26.66
54766,-5.8368,32.3,26.66
55487,-5.8368,32.3,26.66
56208,-5.8368,32.3,26.66
56929,-5.8368,32.3,26.66
57650,-5.8368,32.3,26.67
58371,-5.8368,32.3,26.66
59092,-5.8368,31.3,26.67
59813,-5.8368,32.3,26.67
60534,-5.8368,32.3,26.67
61255,-5.8368,32.3,26.67
61976,-5.8368,32.3,26.67
62697,-5.8368,32.3,26.67
63418,-5.8368,32.3,26.67
64139,-5.8368,32.3,26.68
64860,-5.8368,32.3,26.67
65581,-5.8368,32.3,26.68
66302,-6.5355,32.3,26.68
67023,-6.7608,32.3,26.68
67744,-6.3552,32.3,26.68
68465,-6.4002,32.3,26.68
69186,-6.8960,32.3,26.68
69907,-6.9186,32.3,26.69
70628,-6.2200,32.3,26.68
71349,-6.5129,33.3,26.69
72070,-6.6031,33.3,26.69
72791,-7.0538,33.3,26.69
73512,-6.6256,32.3,26.69
74233,-6.5129,32.3,26.69
74954,-7.1890,33.3,26.69
# [n=100] mean=-5.6327 m  sigma=2.2412 m  die=33.3 C  CalVal=-35
75675,-6.4678,32.3,26.69
76396,-6.5129,33.3,26.69
77117,-6.5129,33.3,26.70
77838,-6.5129,33.3,26.69
78559,-6.5129,32.3,26.70
79280,-6.5129,33.3,26.70
80001,-6.5129,33.3,26.70
80722,-6.5129,33.3,26.70
81443,-6.5129,33.3,26.70
82164,-6.5129,33.3,26.70
82885,-6.5129,33.3,26.70
83606,-6.5129,33.3,26.70
84327,-6.5129,33.3,26.70
85048,-6.5129,33.3,26.70
85769,-6.5129,33.3,26.71
86490,-6.5129,33.3,26.71
87211,-6.5129,33.3,26.71
87932,-6.5129,33.3,26.71
88653,-6.5129,33.3,26.71
89374,-6.5129,33.3,26.71
90095,-6.5129,33.3,26.72
90816,-6.5129,33.3,26.71
91537,-6.5129,33.3,26.72
92258,-6.5129,33.3,26.72
92979,-6.5805,33.3,26.72
93700,-6.8960,33.3,26.72
94421,-6.8960,34.3,26.72
95142,-6.5355,34.3,26.72
95863,-7.3693,33.3,26.72
96584,-7.2115,33.3,26.72
97305,-6.9186,33.3,26.72
98026,-6.3101,34.3,26.72
98747,-6.2876,33.3,26.72
99468,-7.4820,33.3,26.72
100189,-6.6707,33.3,26.73
100910,-7.8876,34.3,26.72
101631,-7.0989,33.3,26.73
102352,-6.5805,33.3,26.73
103073,-7.3242,33.3,26.73
103794,-7.3242,33.3,26.73
104515,-7.3242,33.3,26.73
105236,-7.3242,33.3,26.74
105957,-7.3242,33.3,26.74
106678,-7.3242,33.3,26.73
107399,-7.3242,33.3,26.73
108120,-7.3242,34.3,26.73
108841,-7.3242,33.3,26.74
109562,-7.3242,34.3,26.74
110283,-7.3242,33.3,26.74
111004,-7.3242,34.3,26.74
111725,-7.3242,33.3,26.74
112446,-7.3242,33.3,26.73
113167,-7.3242,33.3,26.74
113888,-7.3242,33.3,26.74
114609,-7.3242,34.3,26.75
115330,-7.3242,34.3,26.75
116051,-7.3242,33.3,26.75
116772,-7.3242,34.3,26.75
117493,-7.3242,34.3,26.75
118214,-7.3242,34.3,26.75
118935,-7.3242,34.3,26.75
119656,-6.4453,33.3,26.75
120377,-7.4144,34.3,26.75
121098,-6.7383,34.3,26.75
121819,-7.5270,34.3,26.75
122540,-7.1439,34.3,26.76
123261,-7.6848,34.3,26.76
123982,-6.9411,34.3,26.75
124703,-7.5045,34.3,26.75
125424,-7.7299,34.3,26.76
126145,-6.9636,34.3,26.76
126866,-7.4594,34.3,26.76
127587,-7.5270,34.3,26.76
128308,-7.5496,34.3,26.76
129029,-7.9778,34.3,26.76
129750,-6.9636,34.3,26.76
130471,-6.9636,34.3,26.76
131192,-6.9636,34.3,26.76
131913,-6.9636,34.3,26.76
132634,-6.9636,34.3,26.77
133355,-6.9636,34.3,26.77
134076,-6.9636,34.3,26.77
134797,-6.9636,34.3,26.77
135518,-6.9636,34.3,26.77
136239,-6.9636,34.3,26.77
136960,-6.9636,34.3,26.77
137681,-6.9636,34.3,26.77
138402,-6.9636,34.3,26.77
139123,-6.9636,34.3,26.77
139844,-6.9636,34.3,26.78
140565,-6.9636,34.3,26.78
141286,-6.9636,34.3,26.78
142007,-6.9636,34.3,26.78
142728,-6.9636,34.3,26.77
143449,-6.9636,34.3,26.78
144170,-6.9636,34.3,26.78
144891,-6.9636,34.3,26.78
145612,-6.9636,34.3,26.78
146333,-5.6791,34.3,26.78
147054,-6.8284,34.3,26.78
# [n=200] mean=-6.3000 m  sigma=1.7435 m  die=34.3 C  CalVal=-39
147775,-7.5270,34.3,26.79
148496,-6.8960,34.3,26.78
149217,-6.6256,34.3,26.79
149938,-6.9411,34.3,26.79
150659,-7.5496,34.3,26.79
151380,-7.0087,34.3,26.79
152101,-7.1439,34.3,26.78
152822,-7.4369,34.3,26.79
153543,-7.7975,34.3,26.79
154264,-7.4820,34.3,26.79
154985,-7.1665,34.3,26.79
155706,-7.2791,34.3,26.79
156427,-7.2566,34.3,26.80
157148,-7.2566,34.3,26.80
157869,-7.2566,34.3,26.79
158590,-7.2566,34.3,26.80
159311,-7.2566,34.3,26.80
160032,-7.2566,34.3,26.80
160753,-7.2566,34.3,26.80
161474,-7.2566,34.3,26.80
162195,-7.2566,34.3,26.80
162916,-7.2566,34.3,26.81
163637,-7.2566,34.3,26.81
164358,-7.2566,34.3,26.80
165079,-7.2566,34.3,26.81
165800,-7.2566,34.3,26.80
166521,-7.2566,34.3,26.81
167242,-7.2566,34.3,26.81
167963,-7.2566,34.3,26.81
168684,-7.2566,34.3,26.81
169405,-7.2566,34.3,26.81
170126,-7.2566,34.3,26.81
170847,-7.2566,34.3,26.81
171568,-7.2566,34.3,26.81
172289,-7.2566,34.3,26.82
173010,-6.7834,34.3,26.82
173731,-6.2425,34.3,26.81
174452,-7.8876,34.3,26.82
175173,-7.2566,35.3,26.82
175894,-7.0312,34.3,26.82
176615,-6.8059,34.3,26.82
177336,-6.9636,34.3,26.81
178057,-7.7524,34.3,26.82
178778,-6.3777,34.3,26.82
179499,-6.6256,34.3,26.82
180220,-7.5045,34.3,26.82
180941,-7.0312,34.3,26.82
181662,-7.1214,34.3,26.82
182383,-6.9186,34.3,26.82
183104,-6.9411,34.3,26.82
183825,-6.9411,34.3,26.82
184546,-6.9411,34.3,26.82
185267,-6.9411,34.3,26.83
185988,-6.9411,34.3,26.83
186709,-6.9411,34.3,26.83
187430,-6.9411,34.3,26.83
188151,-6.9411,34.3,26.83
188872,-6.9411,34.3,26.83
189593,-6.9411,34.3,26.83
190314,-6.9411,34.3,26.83
191035,-6.9411,35.3,26.83
191756,-6.9411,35.3,26.83
192477,-6.9411,35.3,26.84
193198,-6.9411,35.3,26.84
193919,-6.9411,34.3,26.84
194640,-6.9411,34.3,26.84
195361,-6.9411,35.3,26.83
196082,-6.9411,34.3,26.84
196803,-6.9411,35.3,26.84
197524,-6.9411,34.3,26.84
198245,-6.9411,34.3,26.84
198966,-6.9411,34.3,26.84
199687,-7.8651,34.3,26.84
200408,-7.9102,34.3,26.84
201129,-7.6848,34.3,26.84
201850,-7.8200,34.3,26.85
202571,-7.8651,34.3,26.85
203292,-7.6848,34.3,26.85
204013,-7.6623,35.3,26.85
204734,-7.3693,35.3,26.85
205455,-7.9552,35.3,26.85
206176,-6.9186,35.3,26.85
206897,-7.1665,35.3,26.85
207618,-6.9411,34.3,26.86
208339,-7.2115,34.3,26.86
209060,-7.3918,34.3,26.85
209781,-7.4594,34.3,26.86
210502,-7.4594,34.3,26.86
211223,-7.4594,34.3,26.86
211944,-7.4594,34.3,26.86
212665,-7.4594,34.3,26.86
213386,-7.4594,34.3,26.86
214107,-7.4594,34.3,26.86
214828,-7.4594,34.3,26.86
215549,-7.4594,34.3,26.87
216270,-7.4594,34.3,26.86
216991,-7.4594,34.3,26.86
217712,-7.4594,34.3,26.87
218433,-7.4594,34.3,26.87
219154,-7.4594,34.3,26.87
# [n=300] mean=-6.6052 m  sigma=1.4992 m  die=34.3 C  CalVal=-40
219875,-7.4594,34.3,26.87
220596,-7.4594,34.3,26.87
221317,-7.4594,35.3,26.87
222038,-7.4594,34.3,26.87
222759,-7.4594,34.3,26.87
223480,-7.4594,34.3,26.88
224201,-7.4594,34.3,26.87
224922,-7.4594,34.3,26.88
225643,-7.4594,35.3,26.87
226364,-7.4144,34.3,26.88
227085,-7.0312,34.3,26.87
227806,-7.4144,35.3,26.88
228527,-7.3017,35.3,26.88
229248,-7.2341,35.3,26.88
229969,-7.3468,35.3,26.88
230690,-7.8425,34.3,26.88
231411,-7.6848,34.3,26.89
232132,-7.8876,35.3,26.88
232853,-7.7073,35.3,26.88
233574,-8.1581,35.3,26.88
234295,-7.4369,35.3,26.88
235016,-7.8200,35.3,26.88
235737,-7.7975,34.3,26.89
236458,-6.1974,34.3,26.89
237179,-6.1974,35.3,26.89
237900,-6.1974,35.3,26.88
238621,-6.1974,35.3,26.89
239342,-6.1974,35.3,26.88
240063,-6.1974,35.3,26.89
240784,-6.1974,34.3,26.89
241505,-6.1974,35.3,26.89
242226,-6.1974,34.3,26.89
242947,-6.1974,35.3,26.89
243668,-6.1974,35.3,26.89
244389,-6.1974,35.3,26.89
245110,-6.1974,35.3,26.89
245831,-6.1974,35.3,26.90
246552,-6.1974,35.3,26.89
247273,-6.1974,35.3,26.90
247994,-6.1974,35.3,26.89
248715,-6.1974,35.3,26.90
249436,-6.1974,35.3,26.90
250157,-6.1974,35.3,26.90
250878,-6.1974,35.3,26.90
251599,-6.1974,35.3,26.90
252320,-6.1974,35.3,26.90
253041,-6.6707,34.3,26.90
253762,-7.0312,34.3,26.90
254483,-6.6932,35.3,26.90
255204,-7.3242,35.3,26.91
255925,-7.1665,35.3,26.91
256646,-7.2115,35.3,26.91
257367,-7.2115,35.3,26.91
258088,-7.9327,35.3,26.90
258809,-6.9411,35.3,26.91
259530,-7.2341,35.3,26.91
260251,-7.2791,35.3,26.91
260972,-7.0538,35.3,26.91
261693,-7.1214,35.3,26.92
262414,-7.3017,35.3,26.91
263135,-7.1665,35.3,26.92
263856,-7.1665,35.3,26.92
264577,-7.1665,35.3,26.92
265298,-7.1665,35.3,26.92
266019,-7.1665,35.3,26.92
266740,-7.1665,35.3,26.93
267461,-7.1665,35.3,26.92
268182,-7.1665,35.3,26.93
268903,-7.1665,35.3,26.93
269624,-7.1665,35.3,26.93
270345,-7.1665,35.3,26.92
271066,-7.1665,35.3,26.92
271787,-7.1665,35.3,26.92
272508,-7.1665,35.3,26.93
273229,-7.1665,35.3,26.93
273950,-7.1665,35.3,26.93
274671,-7.1665,35.3,26.93
275392,-7.1665,35.3,26.93
276113,-7.1665,35.3,26.93
276834,-7.1665,35.3,26.93
277555,-7.1665,35.3,26.93
278276,-7.1665,35.3,26.93
278997,-7.1665,35.3,26.93
279718,-7.4820,35.3,26.93
280439,-7.0538,35.3,26.94
281160,-7.5721,35.3,26.93
281881,-7.7975,35.3,26.93
282602,-7.4144,35.3,26.94
283323,-7.6623,35.3,26.94
284044,-7.3242,35.3,26.94
284765,-7.4820,35.3,26.94
285486,-7.2341,35.3,26.94
286207,-7.2791,35.3,26.94
286928,-7.4144,35.3,26.94
287649,-7.2115,35.3,26.94
288370,-7.5045,35.3,26.94
289091,-7.5045,35.3,26.94
289812,-7.2566,35.3,26.94
290533,-7.2566,35.3,26.94
291254,-7.2566,35.3,26.94
# [n=400] mean=-6.7201 m  sigma=1.3395 m  die=35.3 C  CalVal=-41
291975,-7.2566,35.3,26.94
292696,-7.2566,35.3,26.94
293417,-7.2566,35.3,26.95
294138,-7.2566,35.3,26.95
294859,-7.2566,35.3,26.95
295580,-7.2566,35.3,26.95
296301,-7.2566,35.3,26.95
297022,-7.2566,35.3,26.95
297743,-7.2566,35.3,26.95
298464,-7.2566,35.3,26.95
299185,-7.2566,35.3,26.95
299906,-7.2566,35.3,26.95
300627,-7.2566,35.3,26.95
301348,-7.2566,35.3,26.95
302069,-7.2566,35.3,26.95
302790,-7.2566,35.3,26.96
303511,-7.2566,36.3,26.95
304232,-7.2566,36.3,26.96
304953,-7.2566,35.3,26.96
305674,-7.2566,35.3,26.96
306395,-6.7834,35.3,26.96
307116,-7.2115,35.3,26.96
307837,-6.9186,35.3,26.96
308558,-6.5355,36.3,26.96
309279,-7.0312,35.3,26.96
310000,-6.7157,35.3,26.96
310721,-7.1214,35.3,26.96
311442,-6.6256,35.3,26.96
312163,-7.3918,35.3,26.96
312884,-6.7383,35.3,26.97
313605,-7.1214,35.3,26.97
314326,-7.7073,35.3,26.97
315047,-6.4228,35.3,26.97
315768,-7.7524,35.3,26.97
316489,-7.4820,35.3,26.97
317210,-7.4820,35.3,26.96
317931,-7.4820,35.3,26.97
318652,-7.4820,35.3,26.97
319373,-7.4820,35.3,26.97
320094,-7.4820,35.3,26.97
320815,-7.4820,35.3,26.97
321536,-7.4820,35.3,26.97
322257,-7.4820,35.3,26.97
322978,-7.4820,35.3,26.97
323699,-7.4820,35.3,26.97
324420,-7.4820,35.3,26.97
325141,-7.4820,35.3,26.97
325862,-7.4820,35.3,26.97
326583,-7.4820,36.3,26.97
327304,-7.4820,36.3,26.97
328025,-7.4820,35.3,26.97
328746,-7.4820,35.3,26.98
329467,-7.4820,35.3,26.98
330188,-7.4820,35.3,26.98
330909,-7.4820,35.3,26.98
331630,-7.4820,35.3,26.98
332351,-7.4820,35.3,26.98
333072,-6.8735,35.3,26.98
333793,-7.4594,35.3,26.98
334514,-7.3693,35.3,26.98
335235,-6.7383,36.3,26.98
335956,-8.1806,36.3,26.98
336677,-7.4820,36.3,26.99
337398,-7.2566,36.3,26.99
338119,-7.3242,36.3,26.98
338840,-7.4820,36.3,26.98
339561,-7.4144,36.3,26.98
340282,-7.3693,36.3,26.98
341003,-6.2876,35.3,26.98
341724,-6.6481,35.3,26.99
342445,-7.1665,35.3,26.98
343166,-7.4369,36.3,26.99
343887,-7.4369,35.3,26.99
344608,-7.4369,35.3,26.99
345329,-7.4369,35.3,26.99
346050,-7.4369,35.3,26.99
346771,-7.4369,36.3,26.99
347492,-7.4369,36.3,26.99
348213,-7.4369,36.3,26.99
348934,-7.4369,36.3,27.00
349655,-7.4369,36.3,27.00
350376,-7.4369,36.3,27.00
351097,-7.4369,35.3,27.00
351818,-7.4369,35.3,26.99
352539,-7.4369,35.3,27.00
353260,-7.4369,35.3,26.99
353981,-7.4369,35.3,26.99
354702,-7.4369,35.3,26.99
355423,-7.4369,35.3,26.99
356144,-7.4369,36.3,26.99
356865,-7.4369,36.3,27.00
357586,-7.4369,36.3,27.00
358307,-7.4369,36.3,27.00
359028,-7.4369,36.3,27.00
359749,-7.3918,35.3,27.01
360470,-7.2566,35.3,27.01
361191,-7.7299,35.3,27.00
361912,-7.4369,35.3,27.00
362633,-7.4144,35.3,27.00
363354,-7.4594,35.3,27.01
# [n=500] mean=-6.8402 m  sigma=1.2282 m  die=35.3 C  CalVal=-42
364075,-8.0228,35.3,27.01
364796,-6.6031,36.3,27.00
365517,-7.9327,36.3,27.00
366238,-7.5270,36.3,27.01
366959,-6.9862,36.3,27.01
367680,-7.0312,36.3,27.01
368401,-7.4144,36.3,27.00
369122,-6.6256,35.3,27.01
369843,-6.4453,35.3,27.01
370564,-6.4453,35.3,27.01
371285,-6.4453,36.3,27.01
372006,-6.4453,36.3,27.01
372727,-6.4453,36.3,27.01
373448,-6.4453,35.3,27.01
374169,-6.4453,35.3,27.01
374890,-6.4453,35.3,27.01
375611,-6.4453,35.3,27.01
376332,-6.4453,36.3,27.01
377053,-6.4453,35.3,27.01
377774,-6.4453,35.3,27.01
378495,-6.4453,36.3,27.01
379216,-6.4453,36.3,27.02
379937,-6.4453,35.3,27.02
380658,-6.4453,36.3,27.02
381379,-6.4453,36.3,27.02
382100,-6.4453,36.3,27.02
382821,-6.4453,36.3,27.02
383542,-6.4453,36.3,27.02
384263,-6.4453,36.3,27.03
384984,-6.4453,35.3,27.03
385705,-6.4453,35.3,27.03
386426,-6.6256,36.3,27.03
387147,-7.7524,36.3,27.03
387868,-6.6031,36.3,27.03
388589,-7.1439,36.3,27.03
389310,-6.9862,36.3,27.03
390031,-6.9636,36.3,27.03
390752,-7.3017,36.3,27.03
391473,-6.6707,36.3,27.03
392194,-7.5721,36.3,27.03
392915,-8.0228,36.3,27.03
393636,-6.9862,35.3,27.03
394357,-6.5129,36.3,27.03
395078,-6.4453,35.3,27.04
395799,-7.0538,36.3,27.03
396520,-6.7834,36.3,27.04
397241,-6.7834,36.3,27.04
397962,-6.7834,36.3,27.03
398683,-6.7834,36.3,27.04
399404,-6.7834,35.3,27.03
400125,-6.7834,36.3,27.04
400846,-6.7834,36.3,27.04
401567,-6.7834,36.3,27.04
402288,-6.7834,36.3,27.04
403009,-6.7834,36.3,27.04
403730,-6.7834,36.3,27.04
404451,-6.7834,35.3,27.04
405172,-6.7834,36.3,27.04
405893,-6.7834,36.3,27.05
406614,-6.7834,36.3,27.05
407335,-6.7834,36.3,27.04
408056,-6.7834,36.3,27.04
408777,-6.7834,36.3,27.04
409498,-6.7834,36.3,27.05
410219,-6.7834,36.3,27.05
410940,-6.7834,36.3,27.04
411661,-6.7834,36.3,27.04
412382,-6.7834,36.3,27.05
413103,-7.9778,36.3,27.05
413824,-6.8960,36.3,27.05
414545,-6.9411,36.3,27.05
415266,-7.1665,36.3,27.05
415987,-7.4594,36.3,27.05
416708,-7.6397,36.3,27.05
417429,-5.8819,36.3,27.06
418150,-7.5045,36.3,27.06
418871,-7.0763,36.3,27.05
419592,-5.7016,36.3,27.06
420313,-7.2341,36.3,27.05
421034,-5.8819,36.3,27.05
421755,-7.3693,36.3,27.05
422476,-5.9721,36.3,27.05
423197,-7.2341,36.3,27.06
423918,-7.2341,36.3,27.06
424639,-7.2341,36.3,27.06
425360,-7.2341,36.3,27.06
426081,-7.2341,35.3,27.06
426802,-7.2341,36.3,27.06
427523,-7.2341,35.3,27.06
428244,-7.2341,36.3,27.06
428965,-7.2341,36.3,27.06
429686,-7.2341,36.3,27.06
430407,-7.2341,36.3,27.06
431128,-7.2341,35.3,27.06
431849,-7.2341,36.3,27.07
432570,-7.2341,35.3,27.07
433291,-7.2341,36.3,27.07
434012,-7.2341,35.3,27.07
434733,-7.2341,35.3,27.07
435454,-7.2341,36.3,27.07
# [n=600] mean=-6.8468 m  sigma=1.1365 m  die=36.3 C  CalVal=-42
436175,-7.2341,36.3,27.07
436896,-7.2341,36.3,27.07
437617,-7.2341,36.3,27.06
438338,-7.2341,36.3,27.07
439059,-7.2341,35.3,27.06
439780,-7.5270,36.3,27.07
440501,-6.5580,36.3,27.07
441222,-6.4228,36.3,27.07
441943,-5.9946,36.3,27.07
442664,-8.5412,36.3,27.08
443385,-7.7975,36.3,27.07
444106,-7.2791,35.3,27.07
444827,-6.3326,36.3,27.07
445548,-6.5129,36.3,27.08
446269,-7.1439,36.3,27.07
446990,-7.5045,36.3,27.07
447711,-6.6031,36.3,27.07
448432,-7.7524,36.3,27.08
449153,-6.9411,36.3,27.07
449874,-6.9862,36.3,27.08
450595,-6.9862,36.3,27.07
451316,-6.9862,36.3,27.07
452037,-6.9862,36.3,27.07
452758,-6.9862,36.3,27.08
453479,-6.9862,36.3,27.08
454200,-6.9862,36.3,27.08
454921,-6.9862,35.3,27.08
455642,-6.9862,36.3,27.08
456363,-6.9862,36.3,27.08
457084,-6.9862,36.3,27.08
457805,-6.9862,36.3,27.08
458526,-6.9862,36.3,27.08
459247,-6.9862,36.3,27.08
459968,-6.9862,36.3,27.08
460689,-6.9862,36.3,27.08
461410,-6.9862,36.3,27.08
462131,-6.9862,36.3,27.09
462852,-6.9862,36.3,27.09
463573,-6.9862,36.3,27.09
464294,-6.9862,36.3,27.09
465015,-6.9862,36.3,27.09
465736,-6.9862,35.3,27.09
466457,-6.9411,36.3,27.09
467178,-7.7975,36.3,27.09
467899,-6.7157,36.3,27.09
468620,-7.2791,36.3,27.09
469341,-6.7383,36.3,27.09
470062,-6.7608,36.3,27.09
470783,-6.5129,36.3,27.09
471504,-7.4594,36.3,27.09
472225,-7.0312,36.3,27.10
472946,-6.6707,36.3,27.10
473667,-6.2200,36.3,27.10
474388,-7.5270,36.3,27.10
475109,-6.7834,36.3,27.10
475830,-6.8284,36.3,27.10
476551,-7.3242,36.3,27.09
477272,-7.3242,36.3,27.10
477993,-7.3242,36.3,27.10
478714,-7.3242,36.3,27.10
479435,-7.3242,36.3,27.10
480156,-7.3242,36.3,27.09
480877,-7.3242,36.3,27.10
481598,-7.3242,36.3,27.10
482319,-7.3242,36.3,27.10
483040,-7.3242,36.3,27.10
483761,-7.3242,36.3,27.10
484482,-7.3242,36.3,27.10
485203,-7.3242,36.3,27.10
485924,-7.3242,36.3,27.10
486645,-7.3242,36.3,27.10
487366,-7.3242,36.3,27.10
488087,-7.3242,36.3,27.10
488808,-7.3242,36.3,27.11
489529,-7.3242,36.3,27.11
490250,-7.3242,35.3,27.11
490971,-7.3242,35.3,27.11
491692,-7.3242,36.3,27.11
492413,-7.3242,36.3,27.11
493134,-6.4453,36.3,27.11
493855,-7.6172,36.3,27.11
494576,-6.3101,36.3,27.11
495297,-7.6623,36.3,27.11
496018,-7.1439,36.3,27.11
496739,-7.2566,36.3,27.11
497460,-6.4002,36.3,27.11
498181,-6.7157,36.3,27.11
498902,-6.8510,36.3,27.11
499623,-7.5721,36.3,27.11
500344,-7.0989,36.3,27.11
501065,-5.9495,36.3,27.11
501786,-7.4820,36.3,27.11
502507,-7.0989,36.3,27.12
503228,-7.2566,36.3,27.12
503949,-7.2566,36.3,27.12
504670,-7.2566,36.3,27.12
505391,-7.2566,36.3,27.11
506112,-7.2566,36.3,27.12
506833,-7.2566,36.3,27.12
507554,-7.2566,36.3,27.11
# [n=700] mean=-6.8828 m  sigma=1.0661 m  die=36.3 C  CalVal=-42
508275,-7.2566,36.3,27.12
508996,-7.2566,36.3,27.12
509717,-7.2566,36.3,27.12
510438,-7.2566,36.3,27.12
511159,-7.2566,36.3,27.12
511880,-7.2566,36.3,27.11
512601,-7.2566,36.3,27.12
513322,-7.2566,36.3,27.12
514043,-7.2566,36.3,27.12
514764,-7.2566,36.3,27.12
515485,-7.2566,36.3,27.12
516206,-7.2566,36.3,27.12
516927,-7.2566,36.3,27.12
517648,-7.2566,36.3,27.13
518369,-7.2566,36.3,27.12
519090,-5.9495,36.3,27.12
519811,-7.4369,36.3,27.13
520532,-6.5805,36.3,27.13
521253,-8.2257,36.3,27.13
521974,-6.0397,36.3,27.13
522695,-6.6707,36.3,27.13
523416,-6.8284,36.3,27.13
524137,-7.3693,36.3,27.13
524858,-7.5045,36.3,27.13
525579,-6.5805,36.3,27.13
526300,-7.3918,36.3,27.13
527021,-8.2031,36.3,27.13
527742,-7.3918,36.3,27.13
528463,-7.1214,36.3,27.13
529184,-6.4678,36.3,27.13
529905,-10.0285,36.3,27.14
530626,-10.0285,36.3,27.13
531347,-10.0285,36.3,27.14
532068,-10.0285,36.3,27.13
532789,-10.0285,36.3,27.13
533510,-10.0285,36.3,27.13
534231,-10.0285,36.3,27.13
534952,-10.0285,36.3,27.13
535673,-10.0285,36.3,27.13
536394,-10.0285,36.3,27.13
537115,-10.0285,36.3,27.13
537836,-10.0285,36.3,27.14
538557,-10.0285,36.3,27.14
539278,-10.0285,36.3,27.14
539999,-10.0285,36.3,27.13
540720,-10.0285,36.3,27.14
541441,-10.0285,36.3,27.14
542162,-10.0285,36.3,27.14
542883,-10.0285,36.3,27.14
543604,-10.0285,36.3,27.14
544325,-10.0285,36.3,27.14
545046,-10.0285,36.3,27.14
545767,-6.8735,36.3,27.14
546488,-7.2115,36.3,27.14
547209,-6.5129,36.3,27.14
547930,-6.9186,36.3,27.14
548651,-6.5129,36.3,27.14
549372,-6.5580,36.3,27.14
550093,-6.8059,36.3,27.14
550814,-7.1439,36.3,27.14
551535,-6.8735,36.3,27.14
552256,-6.7608,36.3,27.14
552977,-6.5805,36.3,27.14
553698,-6.1974,36.3,27.14
554419,-6.5355,36.3,27.14
555140,-7.2341,36.3,27.14
555861,-6.5580,37.3,27.15
# outlier -29.0940 die=36.3
# outlier -29.0940 die=36.3
# outlier -29.0940 die=36.3
# outlier -29.0940 die=36.3
# outlier -29.0940 die=36.3
# outlier -29.0940 die=35.3
# outlier -29.0940 die=36.3
# outlier -29.0940 die=36.3
# outlier -29.0940 die=36.3
# outlier -29.0940 die=36.3
# outlier -29.0940 die=37.3
# outlier -29.0940 die=37.3
# outlier -29.0940 die=37.3
# outlier -29.0940 die=37.3
# outlier -29.0940 die=36.3
# outlier -29.0940 die=37.3
# outlier -29.0940 die=37.3
# outlier -29.0940 die=36.3
# outlier -29.0940 die=36.3
# outlier -29.0940 die=36.3
# outlier -29.0940 die=37.3
# outlier -29.0940 die=37.3
572444,-7.2115,36.3,27.15
573165,-7.4144,36.3,27.15
573886,-6.2876,36.3,27.16
574607,-6.5580,36.3,27.15
575328,-7.4369,36.3,27.15
576049,-7.1214,36.3,27.15
576770,-6.6031,36.3,27.16
577491,-6.5355,36.3,27.16
578212,-7.0087,36.3,27.16
578933,-6.2876,36.3,27.16
579654,-6.6031,36.3,27.16
580375,-7.4820,36.3,27.16
581096,-7.2566,36.3,27.16
581817,-7.3918,36.3,27.16
582538,-7.2791,36.3,27.16
583259,-7.2791,36.3,27.16
583980,-7.2791,36.3,27.16
584701,-7.2791,36.3,27.16
585422,-7.2791,36.3,27.16
586143,-7.2791,36.3,27.16
586864,-7.2791,36.3,27.16
587585,-7.2791,37.3,27.16
588306,-7.2791,37.3,27.16
589027,-7.2791,36.3,27.16
589748,-7.2791,36.3,27.17
590469,-7.2791,36.3,27.17
591190,-7.2791,36.3,27.16
591911,-7.2791,36.3,27.16
592632,-7.2791,37.3,27.16
593353,-7.2791,37.3,27.17
594074,-7.2791,37.3,27.17
594795,-7.2791,37.3,27.17
595516,-7.2791,36.3,27.17
# [n=800] mean=-6.9875 m  sigma=1.1295 m  die=36.3 C  CalVal=-43
596237,-7.2791,36.3,27.17
596958,-7.2791,36.3,27.17
597679,-7.2791,36.3,27.17
598400,-7.2791,36.3,27.16
599121,-7.3017,36.3,27.17
599842,-6.3552,36.3,27.17
600563,-6.3326,37.3,27.17
601284,-7.3468,36.3,27.17
602005,-7.3242,36.3,27.17
602726,-7.6172,36.3,27.17
603447,-7.3918,36.3,27.17
604168,-7.3693,36.3,27.17
604889,-8.2257,36.3,27.17
605610,-6.3101,36.3,27.17
606331,-6.3326,36.3,27.17
607052,-7.5721,36.3,27.17
607773,-6.9186,36.3,27.17
608494,-7.3468,36.3,27.17
609215,-7.8876,36.3,27.17
609936,-7.8876,36.3,27.17
610657,-7.8876,36.3,27.17
611378,-7.8876,36.3,27.17
612099,-7.8876,36.3,27.17
612820,-7.8876,36.3,27.17
613541,-7.8876,36.3,27.18
614262,-7.8876,36.3,27.18
614983,-7.8876,36.3,27.18
615704,-7.8876,36.3,27.18
616425,-7.8876,36.3,27.18
617146,-7.8876,36.3,27.18
617867,-7.8876,36.3,27.18
618588,-7.8876,37.3,27.18
619309,-7.8876,36.3,27.18
620030,-7.8876,36.3,27.18
620751,-7.8876,36.3,27.18
621472,-7.8876,36.3,27.18
622193,-7.8876,36.3,27.18
622914,-7.8876,36.3,27.18
623635,-7.8876,37.3,27.18
624356,-7.8876,37.3,27.18
625077,-7.8876,36.3,27.18
625798,-7.0312,36.3,27.18
626519,-6.4228,36.3,27.18
627240,-7.2791,36.3,27.18
627961,-8.2707,36.3,27.18
628682,-6.6932,36.3,27.18
629403,-7.3242,36.3,27.18
630124,-7.5045,37.3,27.18
630845,-6.5129,37.3,27.19
631566,-6.4904,37.3,27.19
632287,-7.5496,36.3,27.18
633008,-7.6172,37.3,27.19
633729,-7.2791,36.3,27.19
634450,-7.0763,36.3,27.18
635171,-7.0312,36.3,27.19
635892,-6.5580,36.3,27.19
636613,-6.5580,37.3,27.19
637334,-6.5580,37.3,27.19
638055,-6.5580,36.3,27.18
638776,-6.5580,36.3,27.18
639497,-6.5580,36.3,27.19
640218,-6.5580,36.3,27.19
640939,-6.5580,36.3,27.19
641660,-6.5580,36.3,27.19
642381,-6.5580,36.3,27.19
643102,-6.5580,36.3,27.19
643823,-6.5580,36.3,27.19
644544,-6.5580,36.3,27.19
645265,-6.5580,36.3,27.19
645986,-6.5580,36.3,27.19
646707,-6.5580,36.3,27.19
647428,-6.5580,36.3,27.19
648149,-6.5580,36.3,27.19
648870,-6.5580,36.3,27.19
649591,-6.5580,36.3,27.20
650312,-6.5580,36.3,27.19
651033,-6.5580,36.3,27.19
651754,-6.5580,36.3,27.19
652475,-6.8960,36.3,27.19
653196,-7.1214,36.3,27.20
653917,-6.7157,36.3,27.20
654638,-6.8735,36.3,27.19
655359,-7.0763,36.3,27.19
656080,-7.4594,36.3,27.20
656801,-6.3552,36.3,27.20
657522,-6.7157,36.3,27.20
658243,-7.2791,36.3,27.20
658964,-7.2791,36.3,27.20
659685,-7.4820,36.3,27.20
660406,-7.5496,36.3,27.20
661127,-6.7834,36.3,27.20
661848,-6.7834,36.3,27.20
662569,-7.1214,36.3,27.20
663290,-7.1214,36.3,27.21
664011,-7.1214,36.3,27.20
664732,-7.1214,36.3,27.20
665453,-7.1214,36.3,27.20
666174,-7.1214,36.3,27.20
666895,-7.1214,36.3,27.20
667616,-7.1214,36.3,27.20
# [n=900] mean=-7.0072 m  sigma=1.0821 m  die=36.3 C  CalVal=-43
668337,-7.1214,36.3,27.20
669058,-7.1214,36.3,27.20
669779,-7.1214,36.3,27.20
670500,-7.1214,36.3,27.20
671221,-7.1214,36.3,27.20
671942,-7.1214,36.3,27.20
672663,-7.1214,36.3,27.21
673384,-7.1214,37.3,27.21
674105,-7.1214,37.3,27.20
674826,-7.1214,37.3,27.21
675547,-7.1214,37.3,27.21
676268,-7.1214,37.3,27.21
676989,-7.1214,36.3,27.21
677710,-7.1214,36.3,27.21
678431,-7.1214,36.3,27.20
679152,-7.4144,36.3,27.21
679873,-6.5129,36.3,27.21
680594,-6.2425,36.3,27.21
681315,-7.3468,36.3,27.21
682036,-6.4678,36.3,27.21
682757,-8.2031,36.3,27.21
683478,-7.2791,36.3,27.21
684199,-6.6707,36.3,27.21
684920,-6.6481,36.3,27.22
685641,-6.7608,36.3,27.21
686362,-7.4594,36.3,27.22
687083,-6.4678,36.3,27.21
687804,-6.5129,36.3,27.22
688525,-7.4144,36.3,27.21
689246,-6.7383,36.3,27.22
689967,-6.7383,36.3,27.21
690688,-6.7383,36.3,27.21
691409,-6.7383,36.3,27.21
692130,-6.7383,36.3,27.21
692851,-6.7383,36.3,27.22
693572,-6.7383,36.3,27.22
694293,-6.7383,36.3,27.22
695014,-6.7383,36.3,27.22
695735,-6.7383,36.3,27.22
696456,-6.7383,37.3,27.22
697177,-6.7383,36.3,27.22
697898,-6.7383,36.3,27.22
698619,-6.7383,36.3,27.22
699340,-6.7383,36.3,27.22
700061,-6.7383,36.3,27.22
700782,-6.7383,36.3,27.22
701503,-6.7383,36.3,27.22
702224,-6.7383,36.3,27.22
702945,-6.7383,36.3,27.22
703666,-6.7383,36.3,27.22
704387,-6.7383,36.3,27.23
705108,-6.7383,36.3,27.22
705829,-6.4904,36.3,27.22
706550,-6.6481,36.3,27.22
707271,-7.5270,36.3,27.22
707992,-6.9411,36.3,27.22
708713,-7.3242,36.3,27.22
709434,-6.5355,36.3,27.23
710155,-6.4228,36.3,27.22
710876,-6.6481,37.3,27.22
711597,-7.3693,36.3,27.23
712318,-6.5355,36.3,27.22
713039,-6.4904,36.3,27.22
713760,-6.4228,36.3,27.23
714481,-7.7524,36.3,27.23
715202,-6.5355,36.3,27.23
715923,-6.7608,36.3,27.22
716644,-6.7608,36.3,27.22
717365,-6.7608,36.3,27.22
718086,-6.7608,36.3,27.23
718807,-6.7608,37.3,27.23
719528,-6.7608,36.3,27.23
720249,-6.7608,36.3,27.23
720970,-6.7608,36.3,27.23
721691,-6.7608,36.3,27.23
722412,-6.7608,36.3,27.23
723133,-6.7608,36.3,27.23
723854,-6.7608,37.3,27.23
724575,-6.7608,37.3,27.23
725296,-6.7608,36.3,27.23
726017,-6.7608,36.3,27.23
726738,-6.7608,36.3,27.23
727459,-6.7608,36.3,27.23
728180,-6.7608,36.3,27.23
728901,-6.7608,36.3,27.23
729622,-6.7608,36.3,27.23
730343,-6.7608,36.3,27.23
731064,-6.7608,36.3,27.23
731785,-6.7608,36.3,27.23
732506,-6.8510,37.3,27.23
733227,-6.5580,36.3,27.23
733948,-6.5355,36.3,27.23
734669,-6.2876,36.3,27.23
735390,-7.3017,37.3,27.24
736111,-6.4453,36.3,27.24
736832,-7.4144,36.3,27.23
737553,-6.6932,36.3,27.24
738274,-7.3242,36.3,27.24
738995,-7.5496,36.3,27.24
739716,-6.8735,36.3,27.24
# [n=1000] mean=-6.9927 m  sigma=1.0326 m  die=36.3 C  CalVal=-43
740437,-6.0397,36.3,27.24
741158,-7.0989,36.3,27.23
741879,-6.6707,36.3,27.24
742600,-6.5129,36.3,27.24
743321,-6.5129,36.3,27.24
744042,-6.5129,36.3,27.24
744763,-6.5129,36.3,27.24
745484,-6.5129,37.3,27.24
746205,-6.5129,36.3,27.24
746926,-6.5129,36.3,27.24
747647,-6.5129,36.3,27.24
748368,-6.5129,36.3,27.25
749089,-6.5129,36.3,27.24
749810,-6.5129,37.3,27.24
750531,-6.5129,37.3,27.25
751252,-6.5129,36.3,27.24
751973,-6.5129,36.3,27.24
752694,-6.5129,36.3,27.25
753415,-6.5129,36.3,27.24
754136,-6.5129,36.3,27.24
754857,-6.5129,36.3,27.25
755578,-6.5129,36.3,27.24
756299,-6.5129,36.3,27.24
757020,-6.5129,36.3,27.25
757741,-6.5129,36.3,27.25
758462,-6.5129,36.3,27.24
759183,-7.3918,37.3,27.25
759904,-7.2791,37.3,27.25
760625,-7.4820,36.3,27.25
761346,-6.1974,36.3,27.25
762067,-7.4369,36.3,27.25
762788,-7.3918,36.3,27.25
763509,-7.5721,36.3,27.25
764230,-6.7383,36.3,27.25
764951,-7.2791,36.3,27.25
765672,-7.4594,37.3,27.25
766393,-7.3017,36.3,27.25
767114,-7.2791,36.3,27.25
767835,-7.9102,36.3,27.25
768556,-7.5721,36.3,27.26
769277,-6.8510,36.3,27.25
769998,-6.8510,36.3,27.25
770719,-6.8510,37.3,27.26
771440,-6.8510,37.3,27.26
772161,-6.8510,37.3,27.26
772882,-6.8510,37.3,27.26
773603,-6.8510,36.3,27.25
774324,-6.8510,36.3,27.26
775045,-6.8510,37.3,27.26
775766,-6.8510,37.3,27.26
776487,-6.8510,37.3,27.26
777208,-6.8510,37.3,27.25
777929,-6.8510,36.3,27.25
778650,-6.8510,37.3,27.26
779371,-6.8510,37.3,27.26
780092,-6.8510,37.3,27.26
780813,-6.8510,36.3,27.25
781534,-6.8510,36.3,27.25
782255,-6.8510,36.3,27.25
782976,-6.8510,36.3,27.26
783697,-6.8510,36.3,27.26
784418,-6.8510,36.3,27.26
785139,-6.8510,36.3,27.26
785860,-6.9862,37.3,27.26
786581,-7.5496,37.3,27.26
787302,-7.3017,37.3,27.26
788023,-7.3918,36.3,27.26
788744,-6.6932,37.3,27.26
789465,-6.9411,37.3,27.26
790186,-7.5496,37.3,27.26
790907,-6.5129,37.3,27.26
791628,-6.8284,37.3,27.26
792349,-7.7299,37.3,27.26
793070,-6.8510,37.3,27.26
793791,-7.6397,36.3,27.26
794512,-7.5947,37.3,27.26
795233,-7.3918,37.3,27.26
795954,-6.6707,37.3,27.26
796675,-6.6707,36.3,27.26
797396,-6.6707,36.3,27.26
798117,-6.6707,36.3,27.26
798838,-6.6707,36.3,27.26
799559,-6.6707,36.3,27.26
800280,-6.6707,36.3,27.27
801001,-6.6707,37.3,27.27
801722,-6.6707,36.3,27.26
802443,-6.6707,36.3,27.26
803164,-6.6707,37.3,27.26
803885,-6.6707,37.3,27.26
804606,-6.6707,37.3,27.26
805327,-6.6707,36.3,27.27
806048,-6.6707,37.3,27.26
806769,-6.6707,37.3,27.27
807490,-6.6707,37.3,27.27
808211,-6.6707,37.3,27.27
808932,-6.6707,36.3,27.27
809653,-6.6707,36.3,27.27
810374,-6.6707,36.3,27.27
811095,-6.6707,36.3,27.27
811816,-6.6707,36.3,27.27
# [n=1100] mean=-6.9787 m  sigma=0.9916 m  die=36.3 C  CalVal=-43
812537,-6.8735,36.3,27.27
813258,-6.6031,37.3,27.27
813979,-6.8059,37.3,27.27
814700,-6.2425,37.3,27.27
815421,-6.6481,37.3,27.27
816142,-6.4002,37.3,27.27
816863,-7.2341,37.3,27.27
817584,-7.4820,37.3,27.27
818305,-7.3918,37.3,27.27
819026,-7.6172,37.3,27.27
819747,-6.8735,37.3,27.27
820468,-6.7383,37.3,27.27
821189,-7.1214,37.3,27.27
821910,-7.5045,36.3,27.28
822631,-7.4594,37.3,27.28
823352,-7.4594,37.3,27.28
824073,-7.4594,36.3,27.27
824794,-7.4594,36.3,27.28
825515,-7.4594,37.3,27.27
826236,-7.4594,37.3,27.27
826957,-7.4594,37.3,27.28
827678,-7.4594,36.3,27.28
828399,-7.4594,36.3,27.27
829120,-7.4594,36.3,27.27
829841,-7.4594,36.3,27.27
830562,-7.4594,37.3,27.28
831283,-7.4594,37.3,27.28
832004,-7.4594,37.3,27.28
832725,-7.4594,37.3,27.28
833446,-7.4594,36.3,27.28
834167,-7.4594,37.3,27.28
834888,-7.4594,37.3,27.28
835609,-7.4594,37.3,27.28
836330,-7.4594,36.3,27.28
837051,-7.4594,36.3,27.28
837772,-7.4594,36.3,27.29
838493,-7.4594,37.3,27.29
839214,-7.3017,37.3,27.28
839935,-6.1073,37.3,27.28
840656,-6.8735,36.3,27.28
841377,-6.9186,37.3,27.28
842098,-7.7749,37.3,27.28
842819,-6.7834,37.3,27.28
843540,-7.3468,37.3,27.28
844261,-7.3468,37.3,27.29
844982,-7.7975,37.3,27.28
845703,-6.7383,37.3,27.29
846424,-8.0228,37.3,27.29
847145,-7.5270,37.3,27.29
847866,-6.6481,37.3,27.29
848587,-6.6707,37.3,27.28
849308,-7.4594,36.3,27.29
850029,-7.4594,36.3,27.28
850750,-7.4594,36.3,27.29
851471,-7.4594,37.3,27.29
852192,-7.4594,37.3,27.28
852913,-7.4594,36.3,27.28
853634,-7.4594,37.3,27.29
854355,-7.4594,37.3,27.28
855076,-7.4594,37.3,27.28
855797,-7.4594,37.3,27.29
856518,-7.4594,37.3,27.29
857239,-7.4594,37.3,27.28
857960,-7.4594,37.3,27.28
858681,-7.4594,37.3,27.28
859402,-7.4594,37.3,27.29
860123,-7.4594,36.3,27.29
860844,-7.4594,36.3,27.29
861565,-7.4594,36.3,27.28
862286,-7.4594,36.3,27.29
863007,-7.4594,37.3,27.29
863728,-7.4594,37.3,27.29
864449,-7.4594,37.3,27.29
865170,-7.4594,37.3,27.29
865891,-5.8594,37.3,27.29
866612,-6.2876,37.3,27.29
867333,-6.8960,37.3,27.29
868054,-6.6031,36.3,27.29
868775,-6.8960,37.3,27.29
869496,-8.2933,37.3,27.29
870217,-6.7834,37.3,27.29
870938,-7.5496,36.3,27.29
871659,-6.8960,36.3,27.29
872380,-7.2791,36.3,27.30
873101,-6.4002,36.3,27.29
873822,-7.0538,36.3,27.29
874543,-6.6256,36.3,27.30
875264,-6.8735,36.3,27.30
875985,-6.8059,36.3,27.29
876706,-6.8059,36.3,27.29
877427,-6.8059,36.3,27.29
878148,-6.8059,36.3,27.29
878869,-6.8059,36.3,27.29
879590,-6.8059,36.3,27.29
880311,-6.8059,36.3,27.29
881032,-6.8059,36.3,27.29
881753,-6.8059,36.3,27.29
882474,-6.8059,37.3,27.29
883195,-6.8059,37.3,27.29
883916,-6.8059,37.3,27.30
# [n=1200] mean=-6.9959 m  sigma=0.9589 m  die=37.3 C  CalVal=-43
884637,-6.8059,36.3,27.30
885358,-6.8059,36.3,27.30
886079,-6.8059,36.3,27.30
886800,-6.8059,36.3,27.29
887521,-6.8059,36.3,27.30
888242,-6.8059,36.3,27.30
888963,-6.8059,36.3,27.30
889684,-6.8059,36.3,27.29
890405,-6.8059,36.3,27.29
891126,-6.8059,36.3,27.30
891847,-6.8059,36.3,27.30
892568,-6.4453,36.3,27.29
893289,-7.3017,36.3,27.30
894010,-7.0538,36.3,27.30
894731,-7.3693,37.3,27.30
895452,-6.8510,36.3,27.30
896173,-6.8735,37.3,27.30
896894,-6.4453,37.3,27.30
897615,-6.1523,36.3,27.30
898336,-7.4144,37.3,27.30
899057,-7.5721,37.3,27.30
899778,-6.8735,37.3,27.30
900499,-7.0538,36.3,27.30
901220,-7.0087,37.3,27.30
901941,-6.2650,37.3,27.30
902662,-7.2791,36.3,27.30
903383,-7.2791,37.3,27.30
904104,-7.2791,37.3,27.30
904825,-7.2791,36.3,27.31
905546,-7.2791,37.3,27.30
906267,-7.2791,37.3,27.30
906988,-7.2791,37.3,27.30
907709,-7.2791,37.3,27.31
908430,-7.2791,37.3,27.31
909151,-7.2791,37.3,27.31
909872,-7.2791,37.3,27.31
910593,-7.2791,37.3,27.31
911314,-7.2791,37.3,27.31
912035,-7.2791,37.3,27.30
912756,-7.2791,37.3,27.31
913477,-7.2791,37.3,27.31
914198,-7.2791,36.3,27.31
914919,-7.2791,36.3,27.31
915640,-7.2791,37.3,27.31
916361,-7.2791,37.3,27.30
917082,-7.2791,37.3,27.31
917803,-7.2791,37.3,27.31
918524,-7.2791,36.3,27.31
919245,-7.3468,36.3,27.31
919966,-5.7692,36.3,27.31
920687,-7.3918,36.3,27.30
921408,-6.7157,37.3,27.31
922129,-7.1665,37.3,27.31
922850,-5.9946,37.3,27.31
923571,-7.7299,36.3,27.30
924292,-7.7073,37.3,27.31
925013,-6.2650,36.3,27.31
925734,-7.6623,37.3,27.30
926455,-6.7834,37.3,27.31
927176,-6.7383,37.3,27.31
927897,-7.3017,37.3,27.31
928618,-7.6397,37.3,27.30
929339,-6.3326,37.3,27.31
930060,-6.3326,37.3,27.31
930781,-6.3326,37.3,27.31
931502,-6.3326,37.3,27.31
932223,-6.3326,37.3,27.31
932944,-6.3326,37.3,27.31
933665,-6.3326,37.3,27.31
934386,-6.3326,37.3,27.31
935107,-6.3326,37.3,27.31
935828,-6.3326,37.3,27.31
936549,-6.3326,37.3,27.31
937270,-6.3326,36.3,27.31
937991,-6.3326,36.3,27.31
938712,-6.3326,36.3,27.32
939433,-6.3326,36.3,27.31
940154,-6.3326,37.3,27.31
940875,-6.3326,37.3,27.31
941596,-6.3326,37.3,27.31
942317,-6.3326,37.3,27.31
943038,-6.3326,37.3,27.32
943759,-6.3326,37.3,27.31
944480,-6.3326,37.3,27.31
945201,-6.3326,37.3,27.32
945922,-6.4228,37.3,27.32
946643,-7.3918,37.3,27.32
947364,-6.3552,37.3,27.32
948085,-6.7608,37.3,27.32
948806,-6.1298,37.3,27.31
949527,-6.7157,37.3,27.31
950248,-7.2791,37.3,27.32
950969,-7.0989,37.3,27.32
951690,-7.5496,36.3,27.32
952411,-7.2341,37.3,27.32
953132,-6.3101,37.3,27.32
953853,-7.2566,37.3,27.32
954574,-6.9411,37.3,27.32
955295,-7.4594,37.3,27.32
956016,-7.3918,36.3,27.32
# [n=1300] mean=-6.9863 m  sigma=0.9310 m  die=36.3 C  CalVal=-43
956737,-7.3918,37.3,27.32
957458,-7.3918,37.3,27.32
958179,-7.3918,37.3,27.32
958900,-7.3918,37.3,27.32
959621,-7.3918,37.3,27.32
960342,-7.3918,37.3,27.32
961063,-7.3918,37.3,27.32
961784,-7.3918,37.3,27.32
962505,-7.3918,37.3,27.32
963226,-7.3918,37.3,27.32
963947,-7.3918,37.3,27.32
964668,-7.3918,37.3,27.32
965389,-7.3918,37.3,27.32
966110,-7.3918,37.3,27.32
966831,-7.3918,37.3,27.32
967552,-7.3918,37.3,27.32
968273,-7.3918,37.3,27.32
968994,-7.3918,37.3,27.33
969715,-7.3918,37.3,27.32
970436,-7.3918,37.3,27.32
971157,-7.3918,37.3,27.33
971878,-7.3918,37.3,27.32
972599,-6.4678,37.3,27.33
973320,-7.3693,37.3,27.32
974041,-6.7157,37.3,27.32
974762,-6.6481,37.3,27.32
975483,-7.6623,37.3,27.32
976204,-6.7383,37.3,27.32
976925,-7.2341,37.3,27.32
977646,-7.5947,37.3,27.32
978367,-6.7834,37.3,27.32
979088,-6.4904,36.3,27.33
979809,-7.1214,37.3,27.32
980530,-6.6031,37.3,27.33
981251,-7.3017,37.3,27.33
981972,-6.6031,37.3,27.32
982693,-6.8510,37.3,27.32
983414,-6.8510,36.3,27.32
984135,-6.8510,37.3,27.32
984856,-6.8510,36.3,27.33
985577,-6.8510,37.3,27.32
986298,-6.8510,37.3,27.33
987019,-6.8510,37.3,27.33
987740,-6.8510,37.3,27.33
988461,-6.8510,37.3,27.32
989182,-6.8510,37.3,27.32
989903,-6.8510,36.3,27.33
990624,-6.8510,36.3,27.32
991345,-6.8510,36.3,27.33
992066,-6.8510,36.3,27.33
992787,-6.8510,36.3,27.33
993508,-6.8510,37.3,27.33
994229,-6.8510,37.3,27.33
994950,-6.8510,36.3,27.33
995671,-6.8510,36.3,27.33
996392,-6.8510,37.3,27.33
997113,-6.8510,37.3,27.33
997834,-6.8510,37.3,27.33
998555,-6.8510,37.3,27.33
999276,-6.6707,37.3,27.33
999997,-6.8510,37.3,27.33
1000718,-6.2425,37.3,27.33
1001439,-7.3242,36.3,27.33
1002160,-7.2115,37.3,27.33
1002881,-7.0538,37.3,27.33
1003602,-6.8059,37.3,27.33
1004323,-6.7834,37.3,27.33
1005044,-6.8510,36.3,27.33
1005765,-6.8284,36.3,27.33
1006486,-7.1214,36.3,27.33
1007207,-7.6848,36.3,27.33
1007928,-7.3017,37.3,27.33
1008649,-6.6932,37.3,27.34
1009370,-6.9636,36.3,27.33
1010091,-6.9636,36.3,27.33
1010812,-6.9636,37.3,27.33
1011533,-6.9636,37.3,27.33
1012254,-6.9636,37.3,27.33
1012975,-6.9636,37.3,27.33
1013696,-6.9636,37.3,27.33
1014417,-6.9636,37.3,27.33
1015138,-6.9636,37.3,27.33
1015859,-6.9636,37.3,27.33
1016580,-6.9636,37.3,27.33
1017301,-6.9636,37.3,27.33
1018022,-6.9636,37.3,27.34
1018743,-6.9636,36.3,27.33
1019464,-6.9636,36.3,27.33
1020185,-6.9636,36.3,27.33
1020906,-6.9636,36.3,27.33
1021627,-6.9636,36.3,27.33
1022348,-6.9636,36.3,27.33
1023069,-6.9636,36.3,27.33
1023790,-6.9636,37.3,27.34
1024511,-6.9636,37.3,27.34
1025232,-6.9636,37.3,27.34
1025953,-7.2566,36.3,27.34
1026674,-7.3468,36.3,27.34
1027395,-6.5129,36.3,27.34
1028116,-7.0763,36.3,27.34
# [n=1400] mean=-6.9896 m  sigma=0.9005 m  die=36.3 C  CalVal=-43
1028837,-7.7524,37.3,27.33
1029558,-6.9186,37.3,27.33
1030279,-7.5496,37.3,27.34
1031000,-6.3552,37.3,27.34
1031721,-6.9186,37.3,27.34
1032442,-7.6172,37.3,27.34
1033163,-7.6848,37.3,27.33
1033884,-7.1439,37.3,27.34
1034605,-6.2650,36.3,27.33
1035326,-7.2566,37.3,27.34
1036047,-8.1130,37.3,27.34
1036768,-8.1130,37.3,27.34
1037489,-8.1130,37.3,27.34
1038210,-8.1130,36.3,27.34
1038931,-8.1130,37.3,27.34
1039652,-8.1130,37.3,27.34
1040373,-8.1130,37.3,27.34
1041094,-8.1130,37.3,27.34
1041815,-8.1130,37.3,27.34
1042536,-8.1130,37.3,27.34
1043257,-8.1130,37.3,27.34
1043978,-8.1130,37.3,27.34
1044699,-8.1130,37.3,27.34
1045420,-8.1130,37.3,27.34
1046141,-8.1130,36.3,27.34
1046862,-8.1130,36.3,27.34
1047583,-8.1130,37.3,27.34
1048304,-8.1130,37.3,27.34
1049025,-8.1130,37.3,27.34
1049746,-8.1130,37.3,27.34
1050467,-8.1130,37.3,27.34
1051188,-8.1130,37.3,27.34
1051909,-8.1130,37.3,27.35
1052630,-8.3158,37.3,27.34
1053351,-7.0989,37.3,27.34
1054072,-7.5045,36.3,27.34
1054793,-7.9327,36.3,27.34
1055514,-7.1214,36.3,27.34
1056235,-6.8735,37.3,27.34
1056956,-7.5045,37.3,27.34
1057677,-7.5270,37.3,27.34
1058398,-7.4594,37.3,27.34
1059119,-6.5355,37.3,27.35
1059840,-6.7157,37.3,27.34
1060561,-8.0228,37.3,27.34
1061282,-6.8735,36.3,27.34
1062003,-6.4453,37.3,27.34
1062724,-7.0989,37.3,27.34
1063445,-7.0989,37.3,27.35
1064166,-7.0989,37.3,27.34
1064887,-7.0989,37.3,27.34
1065608,-7.0989,37.3,27.34
1066329,-7.0989,37.3,27.34
1067050,-7.0989,37.3,27.34
1067771,-7.0989,37.3,27.34
1068492,-7.0989,37.3,27.34
1069213,-7.0989,37.3,27.34
1069934,-7.0989,36.3,27.35
1070655,-7.0989,37.3,27.35
1071376,-7.0989,37.3,27.34
1072097,-7.0989,36.3,27.34
1072818,-7.0989,36.3,27.34
1073539,-7.0989,36.3,27.35
1074260,-7.0989,37.3,27.35
1074981,-7.0989,37.3,27.35
1075702,-7.0989,37.3,27.35
1076423,-7.0989,37.3,27.35
1077144,-7.0989,37.3,27.35
1077865,-7.0989,37.3,27.35
1078586,-7.3693,37.3,27.35
1079307,-7.1439,36.3,27.35
1080028,-6.7157,37.3,27.35
1080749,-7.4594,37.3,27.35
1081470,-7.4820,37.3,27.35
1082191,-6.8284,36.3,27.35
1082912,-7.7299,37.3,27.35
1083633,-7.7975,37.3,27.35
1084354,-6.9636,36.3,27.35
1085075,-7.3017,37.3,27.35
1085796,-7.3242,37.3,27.35
1086517,-6.6031,37.3,27.35
1087238,-7.1214,36.3,27.35
1087959,-7.2791,37.3,27.35
1088680,-6.9186,37.3,27.35
1089401,-6.2425,37.3,27.35
1090122,-6.2425,37.3,27.35
1090843,-6.2425,37.3,27.35
1091564,-6.2425,37.3,27.35
1092285,-6.2425,36.3,27.35
1093006,-6.2425,37.3,27.35
1093727,-6.2425,36.3,27.35
1094448,-6.2425,36.3,27.35
1095169,-6.2425,37.3,27.36
1095890,-6.2425,37.3,27.35
1096611,-6.2425,37.3,27.35
1097332,-6.2425,37.3,27.35
1098053,-6.2425,36.3,27.35
1098774,-6.2425,36.3,27.35
1099495,-6.2425,37.3,27.36
1100216,-6.2425,37.3,27.35
# [n=1500] mean=-7.0064 m  sigma=0.8883 m  die=37.3 C  CalVal=-43
1100937,-6.2425,36.3,27.35
1101658,-6.2425,37.3,27.35
1102379,-6.2425,37.3,27.35
1103100,-6.2425,36.3,27.36
1103821,-6.2425,37.3,27.35
1104542,-6.2425,37.3,27.35
1105263,-6.4228,37.3,27.35
1105984,-6.7608,36.3,27.35
1106705,-6.7383,36.3,27.35
1107426,-7.2341,37.3,27.35
1108147,-7.3918,37.3,27.36
1108868,-7.1439,37.3,27.35
1109589,-7.4369,36.3,27.35
1110310,-7.5721,36.3,27.35
1111031,-7.3468,37.3,27.36
1111752,-7.0763,37.3,27.36
1112473,-6.9411,37.3,27.35
1113194,-6.7157,37.3,27.35
1113915,-7.3693,36.3,27.35
1114636,-6.7157,37.3,27.35
1115357,-7.4820,37.3,27.35
# outlier -23.2797 die=37.3
# outlier -23.2797 die=37.3
# outlier -23.2797 die=37.3
# outlier -23.2797 die=37.3
# outlier -23.2797 die=37.3
# outlier -23.2797 die=37.3
# outlier -23.2797 die=37.3
# outlier -23.2797 die=37.3
# outlier -23.2797 die=37.3
# outlier -23.2797 die=37.3
# outlier -23.2797 die=37.3
# outlier -23.2797 die=37.3
# outlier -23.2797 die=37.3
# outlier -23.2797 die=37.3
# outlier -23.2797 die=37.3
# outlier -23.2797 die=37.3
# outlier -23.2797 die=37.3
# outlier -23.2797 die=37.3
# outlier -23.2797 die=37.3
# outlier -23.2797 die=37.3
# outlier -23.2797 die=37.3
# outlier -23.2797 die=37.3
1131940,-6.3101,37.3,27.36
1132661,-6.6481,36.3,27.36
1133382,-7.8425,37.3,27.36
1134103,-6.9186,37.3,27.36
1134824,-7.3918,37.3,27.36
1135545,-7.4144,37.3,27.36
1136266,-7.1890,37.3,27.36
1136987,-7.3918,37.3,27.36
1137708,-7.6397,37.3,27.36
1138429,-7.4369,37.3,27.36
1139150,-7.3017,37.3,27.36
1139871,-6.8735,37.3,27.36
1140592,-7.4144,37.3,27.36
1141313,-6.6256,37.3,27.36
1142034,-7.7749,37.3,27.36
1142755,-7.7749,37.3,27.36
1143476,-7.7749,37.3,27.36
1144197,-7.7749,37.3,27.36
1144918,-7.7749,37.3,27.36
1145639,-7.7749,37.3,27.36
1146360,-7.7749,37.3,27.36
1147081,-7.7749,37.3,27.36
1147802,-7.7749,37.3,27.36
1148523,-7.7749,37.3,27.36
1149244,-7.7749,37.3,27.36
1149965,-7.7749,37.3,27.36
1150686,-7.7749,36.3,27.36
1151407,-7.7749,37.3,27.36
1152128,-7.7749,36.3,27.36
1152849,-7.7749,36.3,27.36
1153570,-7.7749,36.3,27.36
1154291,-7.7749,36.3,27.36
1155012,-7.7749,36.3,27.36
1155733,-7.7749,37.3,27.36
1156454,-7.7749,37.3,27.36
1157175,-7.7749,37.3,27.36
1157896,-7.7749,36.3,27.36
1158617,-6.9862,37.3,27.36
1159338,-6.4904,36.3,27.37
1160059,-6.5805,37.3,27.36
1160780,-6.8284,37.3,27.36
1161501,-7.4594,37.3,27.36
1162222,-6.4678,37.3,27.36
1162943,-6.4453,37.3,27.36
1163664,-6.4453,37.3,27.37
1164385,-6.6707,37.3,27.37
1165106,-6.7608,37.3,27.37
1165827,-6.3777,37.3,27.37
1166548,-6.8735,37.3,27.37
1167269,-7.6397,37.3,27.37
1167990,-6.5805,37.3,27.36
1168711,-7.5270,37.3,27.36
1169432,-7.5270,37.3,27.37
1170153,-7.5270,37.3,27.36
1170874,-7.5270,37.3,27.36
1171595,-7.5270,37.3,27.36
1172316,-7.5270,37.3,27.37
1173037,-7.5270,37.3,27.36
1173758,-7.5270,36.3,27.37
1174479,-7.5270,36.3,27.37
1175200,-7.5270,36.3,27.37
1175921,-7.5270,36.3,27.37
1176642,-7.5270,37.3,27.37
1177363,-7.5270,37.3,27.37
1178084,-7.5270,37.3,27.36
1178805,-7.5270,37.3,27.37
1179526,-7.5270,37.3,27.37
1180247,-7.5270,37.3,27.37
1180968,-7.5270,37.3,27.37
1181689,-7.5270,37.3,27.37
1182410,-7.5270,37.3,27.37
1183131,-7.5270,37.3,27.37
1183852,-7.5270,37.3,27.37
1184573,-7.5270,37.3,27.37
1185294,-7.1890,37.3,27.37
1186015,-6.4453,37.3,27.37
1186736,-7.7524,37.3,27.37
1187457,-6.8059,37.3,27.37
1188178,-6.6256,37.3,27.37
# [n=1600] mean=-7.0220 m  sigma=0.8715 m  die=37.3 C  CalVal=-43
1188899,-6.4453,37.3,27.37
1189620,-6.8510,37.3,27.37
1190341,-7.2566,36.3,27.37
1191062,-6.4904,36.3,27.37
1191783,-7.3918,36.3,27.37
1192504,-8.2707,36.3,27.37
1193225,-7.6172,37.3,27.37
1193946,-7.4594,37.3,27.37
1194667,-6.1749,36.3,27.37
1195388,-7.2791,36.3,27.37
1196109,-7.2791,36.3,27.37
1196830,-7.2791,37.3,27.37
1197551,-7.2791,37.3,27.37
1198272,-7.2791,37.3,27.37
1198993,-7.2791,37.3,27.37
1199714,-7.2791,37.3,27.37
1200435,-7.2791,37.3,27.37
1201156,-7.2791,37.3,27.37
1201877,-7.2791,37.3,27.37
1202598,-7.2791,37.3,27.38
1203319,-7.2791,37.3,27.37
1204040,-7.2791,37.3,27.37
1204761,-7.2791,37.3,27.37
1205482,-7.2791,37.3,27.37
1206203,-7.2791,37.3,27.37
1206924,-7.2791,37.3,27.37
1207645,-7.2791,37.3,27.38
1208366,-7.2791,37.3,27.37
1209087,-7.2791,37.3,27.37
1209808,-7.2791,36.3,27.37
1210529,-7.2791,37.3,27.37
1211250,-7.2791,37.3,27.37
1211971,-6.7383,37.3,27.37
1212692,-7.4144,37.3,27.38
1213413,-7.5496,37.3,27.38
1214134,-7.4594,37.3,27.37
1214855,-7.2791,37.3,27.37
1215576,-7.5721,37.3,27.38
1216297,-7.5270,37.3,27.38
1217018,-6.5129,37.3,27.38
1217739,-6.8960,37.3,27.38
1218460,-7.5045,37.3,27.38
1219181,-7.0087,37.3,27.38
1219902,-6.5355,37.3,27.38
1220623,-6.7157,37.3,27.38
1221344,-6.2650,37.3,27.38
1222065,-7.4820,37.3,27.38
1222786,-7.4820,37.3,27.37
1223507,-7.4820,37.3,27.37
1224228,-7.4820,36.3,27.37
1224949,-7.4820,37.3,27.37
1225670,-7.4820,36.3,27.38
1226391,-7.4820,36.3,27.38
1227112,-7.4820,37.3,27.38
1227833,-7.4820,37.3,27.38
1228554,-7.4820,37.3,27.38
1229275,-7.4820,37.3,27.37
1229996,-7.4820,36.3,27.38
1230717,-7.4820,37.3,27.38
1231438,-7.4820,37.3,27.38
1232159,-7.4820,37.3,27.38
1232880,-7.4820,37.3,27.38
1233601,-7.4820,37.3,27.38
1234322,-7.4820,36.3,27.38
1235043,-7.4820,36.3,27.38
1235764,-7.4820,36.3,27.38
1236485,-7.4820,37.3,27.38
1237206,-7.4820,36.3,27.38
1237927,-7.4820,37.3,27.38
1238648,-7.2115,37.3,27.38
1239369,-7.5496,37.3,27.38
1240090,-6.9411,36.3,27.38
1240811,-6.5355,37.3,27.38
1241532,-7.5045,37.3,27.38
1242253,-7.3918,37.3,27.38
1242974,-7.3242,37.3,27.38
1243695,-6.6481,37.3,27.38
1244416,-6.9411,37.3,27.38
1245137,-7.3468,37.3,27.37
1245858,-7.5947,37.3,27.38
1246579,-7.1214,36.3,27.38
1247300,-7.0989,36.3,27.38
1248021,-6.7834,36.3,27.38
1248742,-6.7834,36.3,27.38
1249463,-6.7834,37.3,27.38
1250184,-6.7834,37.3,27.39
1250905,-6.7834,36.3,27.38
1251626,-6.7834,37.3,27.38
1252347,-6.7834,37.3,27.38
1253068,-6.7834,37.3,27.38
1253789,-6.7834,37.3,27.38
1254510,-6.7834,37.3,27.38
1255231,-6.7834,37.3,27.38
1255952,-6.7834,37.3,27.38
1256673,-6.7834,37.3,27.38
1257394,-6.7834,36.3,27.38
1258115,-6.7834,37.3,27.38
1258836,-6.7834,37.3,27.38
1259557,-6.7834,37.3,27.39
1260278,-6.7834,37.3,27.38
# [n=1700] mean=-7.0311 m  sigma=0.8507 m  die=37.3 C  CalVal=-43
1260999,-6.7834,37.3,27.39
1261720,-6.7834,37.3,27.38
1262441,-6.7834,37.3,27.38
1263162,-6.7834,37.3,27.38
1263883,-6.7834,37.3,27.38
1264604,-6.7834,37.3,27.39
1265325,-7.1665,37.3,27.38
1266046,-7.1439,37.3,27.38
1266767,-6.6707,37.3,27.39
1267488,-6.8735,37.3,27.39
1268209,-7.4144,37.3,27.39
1268930,-7.3017,37.3,27.39
1269651,-7.4820,37.3,27.39
1270372,-7.5270,37.3,27.39
1271093,-7.4369,37.3,27.39
1271814,-7.6848,37.3,27.39
1272535,-7.2566,37.3,27.38
1273256,-7.1214,37.3,27.39
1273977,-7.3468,37.3,27.39
1274698,-7.4144,37.3,27.39
1275419,-7.2791,37.3,27.39
1276140,-7.2791,37.3,27.39
1276861,-7.2791,36.3,27.39
1277582,-7.2791,37.3,27.39
1278303,-7.2791,36.3,27.39
1279024,-7.2791,37.3,27.39
1279745,-7.2791,37.3,27.39
1280466,-7.2791,37.3,27.39
1281187,-7.2791,37.3,27.39
1281908,-7.2791,37.3,27.39
1282629,-7.2791,37.3,27.39
1283350,-7.2791,37.3,27.39
1284071,-7.2791,37.3,27.39
1284792,-7.2791,37.3,27.39
1285513,-7.2791,36.3,27.39
1286234,-7.2791,36.3,27.39
1286955,-7.2791,37.3,27.39
1287676,-7.2791,37.3,27.39
1288397,-7.2791,37.3,27.39
1289118,-7.2791,37.3,27.39
1289839,-7.2791,37.3,27.39
1290560,-7.2791,37.3,27.39
1291281,-7.2791,37.3,27.39
1292002,-6.6031,37.3,27.39
1292723,-7.5721,37.3,27.39
1293444,-6.6481,37.3,27.39
1294165,-7.8200,37.3,27.38
1294886,-7.6623,37.3,27.39
1295607,-7.5947,37.3,27.39
1296328,-6.7834,37.3,27.39
1297049,-6.6256,37.3,27.39
1297770,-7.2341,37.3,27.38
1298491,-6.8059,37.3,27.39
1299212,-7.4820,37.3,27.39
1299933,-6.9862,36.3,27.39
1300654,-7.3693,36.3,27.38
1301375,-6.5129,37.3,27.39
1302096,-7.3017,37.3,27.38
1302817,-7.3017,36.3,27.39
1303538,-7.3017,37.3,27.39
1304259,-7.3017,37.3,27.40
1304980,-7.3017,36.3,27.39
1305701,-7.3017,37.3,27.39
1306422,-7.3017,37.3,27.40
1307143,-7.3017,37.3,27.39
1307864,-7.3017,37.3,27.39
1308585,-7.3017,37.3,27.39
1309306,-7.3017,37.3,27.39
1310027,-7.3017,37.3,27.39
1310748,-7.3017,37.3,27.40
1311469,-7.3017,36.3,27.40
1312190,-7.3017,37.3,27.39
1312911,-7.3017,37.3,27.39
1313632,-7.3017,37.3,27.39
1314353,-7.3017,37.3,27.40
1315074,-7.3017,37.3,27.39
1315795,-7.3017,37.3,27.39
1316516,-7.3017,37.3,27.39
1317237,-7.3017,37.3,27.39
1317958,-7.3017,36.3,27.39
1318679,-6.9411,37.3,27.39
1319400,-7.2791,37.3,27.40
1320121,-7.6397,37.3,27.40
1320842,-7.6172,37.3,27.40
1321563,-7.3693,37.3,27.39
1322284,-7.3242,37.3,27.39
1323005,-6.8510,37.3,27.39
1323726,-7.1214,37.3,27.40
1324447,-6.5805,37.3,27.39
1325168,-7.4594,37.3,27.40
1325889,-7.6397,37.3,27.40
1326610,-6.6031,37.3,27.40
1327331,-7.9552,37.3,27.40
1328052,-7.2566,37.3,27.40
1328773,-6.6932,37.3,27.40
1329494,-6.6932,37.3,27.40
1330215,-6.6932,37.3,27.40
1330936,-6.6932,37.3,27.40
1331657,-6.6932,37.3,27.40
1332378,-6.6932,37.3,27.40
# [n=1800] mean=-7.0402 m  sigma=0.8306 m  die=37.3 C  CalVal=-43
1333099,-6.6932,37.3,27.40
1333820,-6.6932,37.3,27.40
1334541,-6.6932,37.3,27.40
1335262,-6.6932,37.3,27.40
1335983,-6.6932,37.3,27.40
1336704,-6.6932,37.3,27.39
1337425,-6.6932,37.3,27.40
1338146,-6.6932,37.3,27.40
1338867,-6.6932,37.3,27.40
1339588,-6.6932,37.3,27.40
1340309,-6.6932,37.3,27.39
1341030,-6.6932,37.3,27.40
1341751,-6.6932,37.3,27.40
1342472,-6.6932,37.3,27.40
1343193,-6.6932,37.3,27.40
1343914,-6.6932,37.3,27.39
1344635,-6.6932,37.3,27.39
1345356,-6.4678,37.3,27.39
1346077,-6.8510,37.3,27.40
1346798,-6.4904,37.3,27.39
1347519,-7.5721,37.3,27.40
1348240,-6.8510,37.3,27.40
1348961,-6.4678,37.3,27.40
1349682,-7.1214,37.3,27.40
1350403,-7.6397,37.3,27.40
1351124,-7.2341,37.3,27.40
1351845,-6.7383,37.3,27.40
1352566,-7.4594,37.3,27.40
1353287,-6.6707,37.3,27.40
1354008,-7.3242,37.3,27.40
1354729,-7.4144,37.3,27.39
1355450,-7.4594,37.3,27.40
1356171,-7.4594,37.3,27.40
1356892,-7.4594,37.3,27.40
1357613,-7.4594,37.3,27.40
1358334,-7.4594,37.3,27.40
1359055,-7.4594,37.3,27.40
1359776,-7.4594,37.3,27.40
1360497,-7.4594,37.3,27.39
1361218,-7.4594,37.3,27.40
1361939,-7.4594,37.3,27.40
1362660,-7.4594,37.3,27.40
1363381,-7.4594,37.3,27.40
1364102,-7.4594,37.3,27.40
1364823,-7.4594,37.3,27.40
1365544,-7.4594,37.3,27.40
1366265,-7.4594,37.3,27.40
1366986,-7.4594,37.3,27.40
1367707,-7.4594,37.3,27.40
1368428,-7.4594,37.3,27.40
1369149,-7.4594,37.3,27.40
1369870,-7.4594,37.3,27.40
1370591,-7.4594,37.3,27.40
1371312,-7.4594,37.3,27.40
1372033,-6.4904,37.3,27.40
1372754,-6.4228,37.3,27.40
1373475,-7.3693,37.3,27.40
1374196,-6.4904,36.3,27.40
1374917,-6.9186,37.3,27.40
1375638,-6.5580,37.3,27.40
1376359,-6.6707,37.3,27.40
1377080,-7.4820,36.3,27.40
1377801,-6.8284,37.3,27.40
1378522,-6.9636,37.3,27.40
1379243,-6.6481,37.3,27.40
1379964,-6.6031,37.3,27.40
1380685,-7.7299,37.3,27.40
1381406,-6.8960,37.3,27.40
1382127,-6.6256,37.3,27.40
1382848,-6.6256,37.3,27.39
1383569,-6.6256,37.3,27.40
1384290,-6.6256,37.3,27.40
1385011,-6.6256,37.3,27.40
1385732,-6.6256,37.3,27.40
1386453,-6.6256,37.3,27.40
1387174,-6.6256,37.3,27.39
1387895,-6.6256,37.3,27.40
1388616,-6.6256,37.3,27.40
1389337,-6.6256,37.3,27.40
1390058,-6.6256,37.3,27.40
1390779,-6.6256,37.3,27.40
1391500,-6.6256,36.3,27.40
1392221,-6.6256,37.3,27.40
1392942,-6.6256,37.3,27.40
1393663,-6.6256,37.3,27.40
1394384,-6.6256,37.3,27.40
1395105,-6.6256,37.3,27.40
1395826,-6.6256,37.3,27.40
1396547,-6.6256,37.3,27.40
1397268,-6.6256,37.3,27.40
1397989,-6.6256,37.3,27.40
1398710,-6.4002,36.3,27.40
1399431,-7.5947,36.3,27.40
1400152,-7.3242,36.3,27.40
1400873,-6.5129,37.3,27.40
1401594,-6.5805,37.3,27.40
1402315,-7.3468,37.3,27.40
1403036,-7.2791,37.3,27.40
1403757,-6.8059,37.3,27.40
1404478,-6.7383,37.3,27.40
# [n=1900] mean=-7.0352 m  sigma=0.8138 m  die=37.3 C  CalVal=-43
1405199,-7.2341,37.3,27.40
1405920,-7.3918,37.3,27.40
1406641,-7.1890,37.3,27.40
1407362,-7.5045,37.3,27.40
1408083,-7.4369,37.3,27.40
1408804,-7.2791,37.3,27.40
1409525,-7.2791,37.3,27.40
1410246,-7.2791,37.3,27.40
1410967,-7.2791,37.3,27.40
1411688,-7.2791,37.3,27.40
1412409,-7.2791,36.3,27.40
1413130,-7.2791,37.3,27.40
1413851,-7.2791,37.3,27.39
1414572,-7.2791,36.3,27.40
1415293,-7.2791,37.3,27.40
1416014,-7.2791,37.3,27.40
1416735,-7.2791,37.3,27.40
1417456,-7.2791,37.3,27.39
1418177,-7.2791,36.3,27.39
1418898,-7.2791,37.3,27.39
1419619,-7.2791,36.3,27.39
1420340,-7.2791,37.3,27.40
1421061,-7.2791,37.3,27.39
1421782,-7.2791,36.3,27.40
1422503,-7.2791,37.3,27.39
1423224,-7.2791,37.3,27.39
1423945,-7.2791,37.3,27.40
1424666,-7.2791,37.3,27.39
1425387,-7.1439,36.3,27.40
1426108,-6.8059,36.3,27.39
1426829,-7.5045,36.3,27.39
1427550,-6.9636,36.3,27.40
1428271,-7.5496,36.3,27.39
1428992,-6.4904,37.3,27.39
1429713,-6.6932,37.3,27.39
1430434,-6.5355,37.3,27.39
1431155,-7.3918,37.3,27.39
1431876,-7.3693,37.3,27.39
1432597,-6.5805,36.3,27.39
1433318,-7.0312,37.3,27.39
1434039,-6.8735,36.3,27.39
1434760,-7.7524,37.3,27.39
1435481,-6.6481,37.3,27.39
1436202,-6.6481,37.3,27.39
1436923,-6.6481,37.3,27.39
1437644,-6.6481,37.3,27.39
1438365,-6.6481,36.3,27.39
1439086,-6.6481,37.3,27.39
1439807,-6.6481,37.3,27.39
1440528,-6.6481,37.3,27.39
1441249,-6.6481,37.3,27.38
1441970,-6.6481,37.3,27.39
1442691,-6.6481,37.3,27.39
1443412,-6.6481,37.3,27.39
1444133,-6.6481,37.3,27.39
1444854,-6.6481,37.3,27.39
1445575,-6.6481,37.3,27.39
1446296,-6.6481,36.3,27.39
1447017,-6.6481,36.3,27.39
1447738,-6.6481,37.3,27.39
1448459,-6.6481,36.3,27.39
1449180,-6.6481,36.3,27.39
1449901,-6.6481,37.3,27.39
1450622,-6.6481,37.3,27.39
1451343,-6.6481,37.3,27.39
1452064,-6.6481,37.3,27.39
1452785,-7.7073,37.3,27.39
1453506,-6.7608,37.3,27.39
1454227,-6.3326,37.3,27.38
1454948,-6.8284,37.3,27.38
1455669,-6.6256,37.3,27.39
1456390,-7.3468,37.3,27.39
1457111,-7.5045,37.3,27.39
1457832,-6.5805,37.3,27.39
1458553,-6.5355,37.3,27.38
1459274,-7.2791,37.3,27.38
1459995,-7.3918,37.3,27.38
1460716,-7.2791,37.3,27.38
1461437,-7.3693,37.3,27.38
1462158,-6.9411,37.3,27.39
1462879,-6.9411,37.3,27.38
1463600,-6.9411,37.3,27.38
1464321,-6.9411,37.3,27.38
1465042,-6.9411,37.3,27.38
1465763,-6.9411,37.3,27.39
1466484,-6.9411,37.3,27.38
1467205,-6.9411,37.3,27.39
1467926,-6.9411,37.3,27.38
1468647,-6.9411,37.3,27.38
1469368,-6.9411,37.3,27.38
1470089,-6.9411,37.3,27.38
1470810,-6.9411,37.3,27.38
1471531,-6.9411,37.3,27.38
1472252,-6.9411,37.3,27.38
1472973,-6.9411,37.3,27.37
1473694,-6.9411,37.3,27.38
1474415,-6.9411,37.3,27.38
1475136,-6.9411,37.3,27.38
1475857,-6.9411,37.3,27.37
1476578,-6.9411,37.3,27.38
# [n=2000] mean=-7.0333 m  sigma=0.7964 m  die=37.3 C  CalVal=-43
1477299,-6.9411,37.3,27.38
1478020,-6.9411,37.3,27.38
1478741,-7.6848,37.3,27.38
1479462,-6.7608,37.3,27.38
1480183,-7.4820,37.3,27.38
1480904,-7.1439,37.3,27.37
1481625,-7.6848,37.3,27.37
1482346,-6.8510,37.3,27.38
1483067,-7.5270,37.3,27.37
1483788,-7.5721,37.3,27.38
1484509,-6.8960,37.3,27.38
1485230,-7.3918,37.3,27.37
1485951,-7.4820,37.3,27.38
1486672,-7.4369,37.3,27.38
1487393,-7.5721,37.3,27.37
1488114,-7.1890,37.3,27.37
1488835,-6.4453,37.3,27.37
1489556,-6.4453,37.3,27.37
1490277,-6.4453,37.3,27.37
1490998,-6.4453,36.3,27.37
1491719,-6.4453,37.3,27.37
1492440,-6.4453,36.3,27.37
1493161,-6.4453,36.3,27.37
1493882,-6.4453,37.3,27.37
1494603,-6.4453,37.3,27.37
1495324,-6.4453,37.3,27.37
1496045,-6.4453,36.3,27.37
1496766,-6.4453,37.3,27.37
1497487,-6.4453,36.3,27.37
1498208,-6.4453,36.3,27.37
1498929,-6.4453,36.3,27.37
1499650,-6.4453,36.3,27.36
1500371,-6.4453,37.3,27.36
1501092,-6.4453,37.3,27.37
1501813,-6.4453,37.3,27.36
1502534,-6.4453,37.3,27.36
1503255,-6.4453,37.3,27.36
1503976,-6.4453,37.3,27.36
1504697,-6.4453,37.3,27.36
1505418,-6.7383,37.3,27.36
1506139,-6.7157,37.3,27.36
1506860,-7.2566,37.3,27.36
1507581,-7.2566,37.3,27.36
1508302,-7.4144,36.3,27.36
1509023,-7.3918,37.3,27.36
1509744,-7.5721,37.3,27.36
1510465,-7.5496,37.3,27.36
1511186,-6.9636,37.3,27.36
1511907,-6.5805,37.3,27.36
1512628,-7.2791,37.3,27.36
1513349,-6.7834,37.3,27.36
1514070,-7.3918,37.3,27.36
1514791,-7.0312,37.3,27.36
1515512,-6.6031,37.3,27.36
1516233,-6.6031,37.3,27.35
1516954,-6.6031,37.3,27.36
1517675,-6.6031,37.3,27.36
1518396,-6.6031,37.3,27.36
1519117,-6.6031,37.3,27.36
1519838,-6.6031,36.3,27.36
1520559,-6.6031,37.3,27.36
1521280,-6.6031,37.3,27.36
1522001,-6.6031,37.3,27.36
1522722,-6.6031,37.3,27.36
1523443,-6.6031,37.3,27.36
1524164,-6.6031,37.3,27.35
1524885,-6.6031,37.3,27.36
1525606,-6.6031,37.3,27.35
1526327,-6.6031,37.3,27.36
1527048,-6.6031,37.3,27.36
1527769,-6.6031,37.3,27.36
1528490,-6.6031,37.3,27.35
1529211,-6.6031,37.3,27.35
1529932,-6.6031,37.3,27.36
1530653,-6.6031,37.3,27.35
1531374,-6.6031,37.3,27.35
1532095,-6.8510,37.3,27.35
1532816,-7.4369,37.3,27.35
1533537,-7.4820,37.3,27.35
1534258,-6.6256,36.3,27.35
1534979,-7.5947,36.3,27.35
1535700,-7.4369,37.3,27.35
1536421,-7.4594,37.3,27.35
1537142,-6.5129,37.3,27.35
1537863,-7.4820,37.3,27.35
1538584,-7.3017,37.3,27.35
1539305,-6.6481,37.3,27.35
1540026,-6.8284,37.3,27.35
1540747,-6.4453,37.3,27.35
1541468,-7.5496,37.3,27.35
1542189,-6.4904,37.3,27.35
1542910,-6.4904,37.3,27.35
1543631,-6.4904,37.3,27.35
1544352,-6.4904,37.3,27.34
1545073,-6.4904,37.3,27.34
1545794,-6.4904,37.3,27.35
1546515,-6.4904,37.3,27.34
1547236,-6.4904,37.3,27.35
1547957,-6.4904,36.3,27.35
1548678,-6.4904,36.3,27.34
# [n=2100] mean=-7.0228 m  sigma=0.7838 m  die=36.3 C  CalVal=-43
1549399,-6.4904,37.3,27.34
1550120,-6.4904,37.3,27.34
1550841,-6.4904,37.3,27.34
1551562,-6.4904,37.3,27.34
1552283,-6.4904,37.3,27.34
1553004,-6.4904,37.3,27.34
1553725,-6.4904,37.3,27.34
1554446,-6.4904,37.3,27.34
1555167,-6.4904,37.3,27.34
1555888,-6.4904,37.3,27.34
1556609,-6.4904,37.3,27.33
1557330,-6.4904,36.3,27.34
1558051,-6.4904,36.3,27.34
1558772,-6.5129,37.3,27.34
1559493,-7.3017,37.3,27.34
1560214,-6.7834,37.3,27.34
1560935,-7.1214,37.3,27.34
1561656,-7.5721,37.3,27.33
1562377,-7.3468,36.3,27.33
1563098,-6.8735,36.3,27.33
1563819,-7.6623,36.3,27.33
1564540,-7.4369,36.3,27.33
1565261,-6.5805,36.3,27.33
1565982,-7.3017,37.3,27.33
1566703,-6.6031,36.3,27.33
1567424,-7.3693,36.3,27.33
1568145,-7.4369,36.3,27.33
1568866,-6.8510,37.3,27.33
1569587,-6.8510,37.3,27.33
1570308,-6.8510,37.3,27.33
1571029,-6.8510,37.3,27.33
1571750,-6.8510,37.3,27.33
1572471,-6.8510,36.3,27.33
1573192,-6.8510,36.3,27.33
1573913,-6.8510,36.3,27.33
1574634,-6.8510,37.3,27.33
1575355,-6.8510,37.3,27.33
1576076,-6.8510,37.3,27.33
1576797,-6.8510,37.3,27.33
1577518,-6.8510,37.3,27.33
1578239,-6.8510,37.3,27.33
1578960,-6.8510,37.3,27.33
1579681,-6.8510,37.3,27.32
1580402,-6.8510,37.3,27.32
1581123,-6.8510,37.3,27.32
1581844,-6.8510,36.3,27.33
1582565,-6.8510,37.3,27.33
1583286,-6.8510,37.3,27.32
1584007,-6.8510,37.3,27.32
1584728,-6.8510,37.3,27.32
1585449,-7.6172,37.3,27.32
1586170,-7.6172,37.3,27.32
1586891,-6.7834,37.3,27.32
1587612,-6.4228,37.3,27.32
1588333,-6.5805,37.3,27.32
1589054,-7.4144,37.3,27.31
1589775,-6.7157,37.3,27.32
1590496,-7.0763,37.3,27.32
1591217,-7.4594,37.3,27.31
1591938,-6.5805,37.3,27.31
1592659,-7.3242,37.3,27.31
1593380,-6.2425,37.3,27.32
1594101,-6.7608,37.3,27.32
1594822,-6.6481,37.3,27.31
1595543,-7.7749,37.3,27.32
1596264,-7.7749,37.3,27.31
1596985,-7.7749,37.3,27.31
1597706,-7.7749,37.3,27.31
1598427,-7.7749,36.3,27.31
1599148,-7.7749,36.3,27.31
1599869,-7.7749,37.3,27.31
1600590,-7.7749,36.3,27.31
1601311,-7.7749,36.3,27.31
1602032,-7.7749,36.3,27.31
1602753,-7.7749,36.3,27.31
1603474,-7.7749,36.3,27.31
1604195,-7.7749,37.3,27.31
1604916,-7.7749,36.3,27.31
1605637,-7.7749,36.3,27.31
1606358,-7.7749,36.3,27.31
1607079,-7.7749,37.3,27.31
1607800,-7.7749,37.3,27.31
1608521,-7.7749,36.3,27.31
1609242,-7.7749,37.3,27.30
1609963,-7.7749,37.3,27.31
1610684,-7.7749,37.3,27.31
1611405,-7.7749,37.3,27.31
1612126,-6.9636,37.3,27.30
1612847,-7.4820,37.3,27.31
1613568,-6.6031,37.3,27.30
1614289,-7.2566,36.3,27.30
1615010,-6.5805,37.3,27.30
1615731,-6.3552,37.3,27.31
1616452,-6.6707,37.3,27.30
1617173,-6.6256,37.3,27.30
1617894,-6.7834,37.3,27.30
1618615,-6.6481,37.3,27.30
1619336,-7.1665,37.3,27.30
1620057,-7.6397,37.3,27.30
1620778,-7.5496,37.3,27.30
# [n=2200] mean=-7.0255 m  sigma=0.7731 m  die=37.3 C  CalVal=-43
1621499,-6.4453,37.3,27.30
1622220,-6.6932,37.3,27.30
1622941,-6.6932,37.3,27.30
1623662,-6.6932,37.3,27.30
1624383,-6.6932,37.3,27.30
1625104,-6.6932,37.3,27.30
1625825,-6.6932,37.3,27.30
1626546,-6.6932,37.3,27.30
1627267,-6.6932,37.3,27.30
1627988,-6.6932,37.3,27.30
1628709,-6.6932,37.3,27.30
1629430,-6.6932,37.3,27.30
1630151,-6.6932,37.3,27.30
1630872,-6.6932,37.3,27.30
1631593,-6.6932,37.3,27.29
1632314,-6.6932,37.3,27.29
1633035,-6.6932,36.3,27.29
1633756,-6.6932,37.3,27.29
1634477,-6.6932,36.3,27.29
1635198,-6.6932,36.3,27.29
1635919,-6.6932,36.3,27.30
1636640,-6.6932,36.3,27.29
1637361,-6.6932,36.3,27.29
1638082,-6.6932,36.3,27.29
1638803,-7.0538,36.3,27.29
1639524,-6.1298,36.3,27.29
1640245,-6.4453,36.3,27.28
1640966,-6.8059,36.3,27.29
1641687,-7.2341,36.3,27.29
1642408,-7.4820,36.3,27.29
1643129,-7.3693,36.3,27.29
1643850,-6.3101,36.3,27.29
1644571,-6.3777,36.3,27.28
1645292,-7.1665,36.3,27.29
1646013,-7.0538,37.3,27.28
1646734,-6.6481,37.3,27.29
1647455,-6.9186,37.3,27.28
1648176,-6.9862,37.3,27.28
1648897,-6.6481,37.3,27.28
1649618,-6.6481,37.3,27.28
1650339,-6.6481,36.3,27.28
1651060,-6.6481,37.3,27.28
1651781,-6.6481,37.3,27.28
1652502,-6.6481,37.3,27.28
1653223,-6.6481,37.3,27.28
1653944,-6.6481,37.3,27.28
1654665,-6.6481,36.3,27.28
1655386,-6.6481,37.3,27.28
1656107,-6.6481,37.3,27.27
1656828,-6.6481,37.3,27.28
1657549,-6.6481,37.3,27.28
1658270,-6.6481,37.3,27.28
1658991,-6.6481,36.3,27.28
1659712,-6.6481,37.3,27.27
1660433,-6.6481,37.3,27.27
1661154,-6.6481,37.3,27.27
1661875,-6.6481,37.3,27.28
1662596,-6.6481,37.3,27.27
1663317,-6.6481,36.3,27.27
1664038,-6.6481,37.3,27.27
1664759,-6.2425,37.3,27.28
1665480,-7.1214,37.3,27.27
1666201,-6.8510,37.3,27.27
1666922,-6.4002,37.3,27.27
1667643,-7.4144,37.3,27.27
1668364,-6.6031,37.3,27.27
1669085,-6.7157,37.3,27.27
1669806,-7.4369,37.3,27.27
1670527,-6.8510,37.3,27.27
1671248,-7.0763,37.3,27.27
1671969,-6.9411,37.3,27.26
1672690,-7.5045,37.3,27.27
1673411,-6.7383,37.3,27.27
1674132,-6.7383,37.3,27.27
1674853,-7.2566,37.3,27.27
1675574,-9.6229,36.3,27.27
1676295,-9.6229,37.3,27.27
1677016,-9.6229,36.3,27.26
1677737,-9.6229,37.3,27.26
1678458,-9.6229,37.3,27.27
1679179,-9.6229,37.3,27.26
1679900,-9.6229,37.3,27.26
1680621,-9.6229,37.3,27.26
1681342,-9.6229,36.3,27.26
1682063,-9.6229,36.3,27.26
1682784,-9.6229,36.3,27.26
1683505,-9.6229,36.3,27.26
1684226,-9.6229,36.3,27.26
1684947,-9.6229,36.3,27.26
1685668,-9.6229,36.3,27.26
1686389,-9.6229,36.3,27.26
1687110,-9.6229,37.3,27.26
1687831,-9.6229,37.3,27.26
1688552,-9.6229,36.3,27.26
1689273,-9.6229,36.3,27.26
1689994,-9.6229,36.3,27.26
1690715,-9.6229,36.3,27.26
1691436,-7.2115,37.3,27.26
1692157,-6.7157,36.3,27.25
1692878,-7.0538,36.3,27.26
# [n=2300] mean=-7.0414 m  sigma=0.8004 m  die=36.3 C  CalVal=-43
1693599,-7.2791,36.3,27.25
1694320,-6.8284,36.3,27.26
1695041,-6.6707,36.3,27.25
1695762,-7.6172,37.3,27.26
1696483,-7.7073,37.3,27.25
1697204,-7.5947,37.3,27.26
1697925,-6.3777,37.3,27.26
1698646,-6.6932,37.3,27.25
1699367,-6.8735,37.3,27.25
1700088,-7.2791,37.3,27.25
1700809,-6.9186,37.3,27.25
1701530,-5.9721,37.3,27.25
# outlier -29.8828 die=37.3
# outlier -29.8828 die=37.3
# outlier -29.8828 die=37.3
# outlier -29.8828 die=36.3
# outlier -29.8828 die=36.3
# outlier -29.8828 die=37.3
# outlier -29.8828 die=37.3
# outlier -29.8828 die=36.3
# outlier -29.8828 die=37.3
# outlier -29.8828 die=37.3
# outlier -29.8828 die=37.3
# outlier -29.8828 die=36.3
# outlier -29.8828 die=36.3
# outlier -29.8828 die=37.3
# outlier -29.8828 die=36.3
# outlier -29.8828 die=36.3
# outlier -29.8828 die=36.3
# outlier -29.8828 die=36.3
# outlier -29.8828 die=36.3
# outlier -29.8828 die=36.3
# outlier -29.8828 die=36.3
# outlier -29.8828 die=36.3
1718113,-5.9270,36.3,27.24
1718834,-6.4453,37.3,27.23
1719555,-7.3918,37.3,27.24
1720276,-6.9186,36.3,27.23
1720997,-6.4904,36.3,27.23
1721718,-6.9862,36.3,27.23
1722439,-6.6256,36.3,27.23
1723160,-7.3017,36.3,27.24
1723881,-6.1974,36.3,27.23
1724602,-7.3242,36.3,27.23
1725323,-6.1073,36.3,27.23
1726044,-6.9636,36.3,27.23
1726765,-7.5045,36.3,27.23
1727486,-7.5496,36.3,27.23
1728207,-7.3468,36.3,27.23
1728928,-7.3468,36.3,27.23
1729649,-7.3468,36.3,27.23
1730370,-7.3468,36.3,27.23
1731091,-7.3468,36.3,27.23
1731812,-7.3468,37.3,27.23
1732533,-7.3468,37.3,27.23
1733254,-7.3468,37.3,27.23
1733975,-7.3468,36.3,27.23
1734696,-7.3468,37.3,27.23
1735417,-7.3468,36.3,27.23
1736138,-7.3468,36.3,27.22
1736859,-7.3468,36.3,27.23
1737580,-7.3468,37.3,27.22
1738301,-7.3468,37.3,27.22
1739022,-7.3468,37.3,27.23
1739743,-7.3468,37.3,27.23
1740464,-7.3468,37.3,27.23
1741185,-7.3468,37.3,27.22
1741906,-7.3468,37.3,27.23
1742627,-7.3468,36.3,27.22
1743348,-7.3468,36.3,27.23
1744069,-7.3468,37.3,27.22
1744790,-7.3468,37.3,27.22
1745511,-6.6256,37.3,27.22
1746232,-6.3326,37.3,27.22
1746953,-7.7749,37.3,27.21
1747674,-6.6707,37.3,27.21
1748395,-7.0538,37.3,27.21
1749116,-6.3552,37.3,27.21
1749837,-6.8960,37.3,27.22
1750558,-6.8284,37.3,27.22
1751279,-6.4002,37.3,27.22
1752000,-7.6397,36.3,27.21
1752721,-7.4369,37.3,27.21
1753442,-6.6256,37.3,27.22
1754163,-6.9186,37.3,27.21
1754884,-6.4228,37.3,27.21
1755605,-6.4228,37.3,27.21
1756326,-6.4228,36.3,27.21
1757047,-6.4228,37.3,27.21
1757768,-6.4228,36.3,27.21
1758489,-6.4228,36.3,27.21
1759210,-6.4228,36.3,27.21
1759931,-6.4228,37.3,27.21
1760652,-6.4228,36.3,27.21
1761373,-6.4228,36.3,27.21
1762094,-6.4228,36.3,27.21
1762815,-6.4228,36.3,27.21
1763536,-6.4228,36.3,27.21
1764257,-6.4228,37.3,27.21
1764978,-6.4228,37.3,27.21
1765699,-6.4228,37.3,27.21
1766420,-6.4228,37.3,27.21
1767141,-6.4228,37.3,27.21
1767862,-6.4228,37.3,27.21
1768583,-6.4228,37.3,27.21
1769304,-6.4228,37.3,27.21
1770025,-6.4228,37.3,27.21
1770746,-6.4228,37.3,27.21
1771467,-6.6932,37.3,27.20
1772188,-7.4144,36.3,27.21
1772909,-7.5045,36.3,27.21
1773630,-7.1439,36.3,27.20
1774351,-6.3326,36.3,27.21
1775072,-7.4594,36.3,27.20
1775793,-7.1439,36.3,27.20
1776514,-7.4369,36.3,27.20
1777235,-7.4820,36.3,27.20
1777956,-6.8059,37.3,27.21
1778677,-6.6707,36.3,27.20
1779398,-6.5580,36.3,27.20
1780119,-6.5355,36.3,27.20
1780840,-7.2566,36.3,27.20
# [n=2400] mean=-7.0362 m  sigma=0.7899 m  die=36.3 C  CalVal=-43
1781561,-6.1298,36.3,27.20
1782282,-6.1298,37.3,27.19
1783003,-6.1298,37.3,27.20
1783724,-6.1298,37.3,27.20
1784445,-6.1298,37.3,27.19
1785166,-6.1298,37.3,27.19
1785887,-6.1298,37.3,27.20
1786608,-6.1298,37.3,27.20
1787329,-6.1298,37.3,27.19
1788050,-6.1298,37.3,27.19
1788771,-6.1298,37.3,27.19
1789492,-6.1298,37.3,27.19
1790213,-6.1298,37.3,27.19
1790934,-6.1298,36.3,27.19
1791655,-6.1298,36.3,27.19
1792376,-6.1298,36.3,27.19
1793097,-6.1298,37.3,27.19
1793818,-6.1298,37.3,27.19
1794539,-6.1298,36.3,27.19
1795260,-6.1298,36.3,27.19
1795981,-6.1298,36.3,27.19
1796702,-6.1298,37.3,27.19
1797423,-6.1298,37.3,27.19
1798144,-6.8960,36.3,27.19
1798865,-6.1523,37.3,27.19
1799586,-7.3242,37.3,27.19
1800307,-6.9862,36.3,27.19
1801028,-6.2650,36.3,27.19
1801749,-6.7834,37.3,27.19
1802470,-6.9636,36.3,27.19
1803191,-6.7608,36.3,27.19
1803912,-7.4820,36.3,27.18
1804633,-7.0312,36.3,27.19
1805354,-7.2341,36.3,27.18
1806075,-6.7383,36.3,27.19
1806796,-7.4144,36.3,27.18
1807517,-5.9495,37.3,27.18
1808238,-6.7608,36.3,27.18
1808959,-6.7608,37.3,27.18
1809680,-6.7608,37.3,27.18
1810401,-6.7608,36.3,27.18
1811122,-6.7608,36.3,27.18
1811843,-6.7608,37.3,27.18
1812564,-6.7608,37.3,27.18
1813285,-6.7608,37.3,27.18
1814006,-6.7608,37.3,27.18
1814727,-6.7608,36.3,27.18
1815448,-6.7608,37.3,27.18
1816169,-6.7608,37.3,27.18
1816890,-6.7608,37.3,27.18
1817611,-6.7608,37.3,27.18
1818332,-6.7608,37.3,27.18
1819053,-6.7608,37.3,27.18
1819774,-6.7608,37.3,27.18
1820495,-6.7608,36.3,27.18
1821216,-6.7608,36.3,27.18
1821937,-6.7608,36.3,27.18
1822658,-6.7608,36.3,27.18
1823379,-6.7608,36.3,27.17
1824100,-6.7608,36.3,27.17
1824821,-7.4594,37.3,27.17
1825542,-7.0989,36.3,27.17
1826263,-6.4904,36.3,27.18
1826984,-6.4678,36.3,27.18
1827705,-7.4369,37.3,27.17
1828426,-7.0312,37.3,27.17
1829147,-6.7383,37.3,27.17
1829868,-6.8735,36.3,27.17
1830589,-6.8284,37.3,27.17
1831310,-6.9411,36.3,27.17
1832031,-6.8960,36.3,27.17
1832752,-7.0763,36.3,27.17
1833473,-7.4369,36.3,27.17
1834194,-7.5496,36.3,27.17
1834915,-6.9411,36.3,27.17
1835636,-6.9411,36.3,27.17
1836357,-6.9411,37.3,27.17
1837078,-6.9411,37.3,27.17
1837799,-6.9411,37.3,27.17
1838520,-6.9411,37.3,27.16
1839241,-6.9411,36.3,27.17
1839962,-6.9411,36.3,27.17
1840683,-6.9411,37.3,27.17
1841404,-6.9411,37.3,27.16
1842125,-6.9411,37.3,27.16
1842846,-6.9411,37.3,27.16
1843567,-6.9411,37.3,27.17
1844288,-6.9411,37.3,27.17
1845009,-6.9411,37.3,27.17
1845730,-6.9411,37.3,27.16
1846451,-6.9411,37.3,27.17
1847172,-6.9411,37.3,27.16
1847893,-6.9411,36.3,27.16
1848614,-6.9411,36.3,27.16
1849335,-6.9411,37.3,27.16
1850056,-6.9411,36.3,27.16
1850777,-6.9411,36.3,27.16
1851498,-6.3101,36.3,27.16
1852219,-7.3468,36.3,27.16
1852940,-7.3017,37.3,27.16
# [n=2500] mean=-7.0233 m  sigma=0.7806 m  die=37.3 C  CalVal=-43
1853661,-6.6031,37.3,27.16
1854382,-7.6623,37.3,27.16
1855103,-7.0538,37.3,27.16
1855824,-7.9102,36.3,27.15
1856545,-6.7157,37.3,27.16
1857266,-7.5045,37.3,27.16
1857987,-6.3552,37.3,27.16
1858708,-6.5355,37.3,27.16
1859429,-7.5270,37.3,27.16
1860150,-6.6932,37.3,27.16
1860871,-7.5947,36.3,27.16
1861592,-6.8960,36.3,27.16
1862313,-6.8960,36.3,27.15
1863034,-6.8960,36.3,27.16
1863755,-6.8960,36.3,27.16
1864476,-6.8960,37.3,27.15
1865197,-6.8960,37.3,27.16
1865918,-6.8960,37.3,27.15
1866639,-6.8960,37.3,27.15
1867360,-6.8960,37.3,27.15
1868081,-6.8960,36.3,27.15
1868802,-6.8960,37.3,27.16
1869523,-6.8960,37.3,27.16
1870244,-6.8960,36.3,27.15
1870965,-6.8960,37.3,27.15
1871686,-6.8960,37.3,27.15
1872407,-6.8960,37.3,27.15
1873128,-6.8960,37.3,27.15
1873849,-6.8960,37.3,27.15
1874570,-6.8960,36.3,27.15
1875291,-6.8960,36.3,27.16
1876012,-6.8960,36.3,27.15
1876733,-6.8960,37.3,27.15
1877454,-6.8960,36.3,27.15
1878175,-7.0989,36.3,27.15
1878896,-6.6932,37.3,27.15
1879617,-7.3017,37.3,27.15
1880338,-6.0622,37.3,27.15
1881059,-6.9411,37.3,27.15
1881780,-7.1890,37.3,27.15
1882501,-7.1214,36.3,27.15
1883222,-6.6932,36.3,27.15
1883943,-7.3242,36.3,27.15
1884664,-6.8510,36.3,27.14
1885385,-7.0763,37.3,27.15
1886106,-7.1665,36.3,27.14
1886827,-7.1214,36.3,27.14
1887548,-7.0763,37.3,27.15
1888269,-6.4678,37.3,27.15
1888990,-6.4678,37.3,27.14
1889711,-6.4678,37.3,27.14
1890432,-6.4678,37.3,27.14
1891153,-6.4678,37.3,27.14
1891874,-6.4678,37.3,27.14
1892595,-6.4678,37.3,27.14
1893316,-6.4678,36.3,27.14
1894037,-6.4678,36.3,27.14
1894758,-6.4678,37.3,27.14
1895479,-6.4678,37.3,27.14
1896200,-6.4678,37.3,27.14
1896921,-6.4678,36.3,27.14
1897642,-6.4678,37.3,27.14
1898363,-6.4678,37.3,27.14
1899084,-6.4678,37.3,27.14
1899805,-6.4678,37.3,27.14
1900526,-6.4678,37.3,27.14
1901247,-6.4678,37.3,27.14
1901968,-6.4678,37.3,27.14
1902689,-6.4678,37.3,27.13
1903410,-6.4678,37.3,27.14
1904131,-6.4678,36.3,27.14
1904852,-7.0989,36.3,27.14
1905573,-7.2341,36.3,27.13
1906294,-6.8284,36.3,27.13
1907015,-7.6848,37.3,27.13
1907736,-7.3918,37.3,27.13
1908457,-6.6707,36.3,27.13
1909178,-7.4369,36.3,27.13
1909899,-8.0904,37.3,27.13
1910620,-6.4678,37.3,27.13
1911341,-7.5947,36.3,27.13
1912062,-6.4678,36.3,27.13
1912783,-7.7299,36.3,27.13
1913504,-6.2876,36.3,27.13
1914225,-7.5496,36.3,27.13
1914946,-7.0989,36.3,27.13
1915667,-7.0989,36.3,27.13
1916388,-7.0989,36.3,27.13
1917109,-7.0989,36.3,27.13
1917830,-7.0989,36.3,27.13
1918551,-7.0989,36.3,27.13
1919272,-7.0989,36.3,27.13
1919993,-7.0989,36.3,27.13
1920714,-7.0989,36.3,27.13
1921435,-7.0989,36.3,27.13
1922156,-7.0989,36.3,27.13
1922877,-7.0989,36.3,27.13
1923598,-7.0989,36.3,27.13
1924319,-7.0989,36.3,27.13
1925040,-7.0989,36.3,27.13
# [n=2600] mean=-7.0187 m  sigma=0.7696 m  die=36.3 C  CalVal=-43
1925761,-7.0989,36.3,27.13
1926482,-7.0989,36.3,27.13
1927203,-7.0989,36.3,27.13
1927924,-7.0989,36.3,27.13
1928645,-7.0989,36.3,27.13
1929366,-7.0989,36.3,27.13
1930087,-7.0989,36.3,27.12
1930808,-7.0989,36.3,27.13
1931529,-7.3242,36.3,27.12
1932250,-7.0087,36.3,27.13
1932971,-6.9636,36.3,27.12
1933692,-6.9186,36.3,27.13
1934413,-7.5947,36.3,27.13
1935134,-6.6932,36.3,27.12
1935855,-6.7383,36.3,27.12
1936576,-7.7299,37.3,27.12
1937297,-7.4369,37.3,27.12
1938018,-7.4369,37.3,27.12
1938739,-6.8510,37.3,27.11
1939460,-7.4594,36.3,27.12
1940181,-7.3242,36.3,27.11
1940902,-6.5355,36.3,27.12
1941623,-7.5947,36.3,27.12
1942344,-7.5947,36.3,27.12
1943065,-7.5947,37.3,27.11
1943786,-7.5947,37.3,27.11
1944507,-7.5947,36.3,27.11
1945228,-7.5947,36.3,27.11
1945949,-7.5947,36.3,27.11
1946670,-7.5947,36.3,27.11
1947391,-7.5947,36.3,27.11
1948112,-7.5947,36.3,27.11
1948833,-7.5947,36.3,27.11
1949554,-7.5947,36.3,27.11
1950275,-7.5947,36.3,27.12
1950996,-7.5947,36.3,27.11
1951717,-7.5947,37.3,27.11
1952438,-7.5947,36.3,27.11
1953159,-7.5947,37.3,27.11
1953880,-7.5947,36.3,27.11
1954601,-7.5947,37.3,27.11
1955322,-7.5947,36.3,27.11
1956043,-7.5947,36.3,27.11
1956764,-7.5947,36.3,27.11
1957485,-7.5947,37.3,27.11
1958206,-6.5580,37.3,27.11
1958927,-6.8510,37.3,27.11
1959648,-7.3017,37.3,27.11
1960369,-7.2791,37.3,27.11
1961090,-7.0312,37.3,27.11
1961811,-7.4144,37.3,27.11
1962532,-6.6707,37.3,27.11
1963253,-7.6623,37.3,27.10
1963974,-6.4904,37.3,27.11
1964695,-8.1806,37.3,27.11
1965416,-6.5580,37.3,27.11
1966137,-7.1214,37.3,27.11
1966858,-7.5947,37.3,27.11
1967579,-7.1890,37.3,27.11
1968300,-7.3693,37.3,27.11
1969021,-7.3693,37.3,27.11
1969742,-7.3693,36.3,27.11
1970463,-7.3693,36.3,27.11
1971184,-7.3693,36.3,27.11
1971905,-7.3693,36.3,27.10
1972626,-7.3693,37.3,27.11
1973347,-7.3693,37.3,27.10
1974068,-7.3693,36.3,27.11
1974789,-7.3693,36.3,27.10
1975510,-7.3693,37.3,27.10
1976231,-7.3693,36.3,27.10
1976952,-7.3693,36.3,27.10
1977673,-7.3693,36.3,27.10
1978394,-7.3693,37.3,27.10
1979115,-7.3693,36.3,27.11
1979836,-7.3693,37.3,27.10
1980557,-7.3693,36.3,27.10
1981278,-7.3693,36.3,27.10
1981999,-7.3693,37.3,27.11
1982720,-7.3693,36.3,27.10
1983441,-7.3693,36.3,27.11
1984162,-7.3693,37.3,27.10
1984883,-6.3101,36.3,27.11
1985604,-7.5270,37.3,27.10
1986325,-7.1214,37.3,27.10
1987046,-7.5721,37.3,27.10
1987767,-7.8200,37.3,27.10
1988488,-7.4144,36.3,27.10
1989209,-7.4144,36.3,27.10
1989930,-7.4594,36.3,27.10
1990651,-7.3242,36.3,27.10
1991372,-6.7834,37.3,27.09
1992093,-7.3918,37.3,27.09
1992814,-7.4594,37.3,27.10
1993535,-7.4144,37.3,27.10
1994256,-7.1439,37.3,27.10
1994977,-7.7524,36.3,27.10
1995698,-7.7524,36.3,27.10
1996419,-7.7524,36.3,27.10
1997140,-7.7524,36.3,27.10
# [n=2700] mean=-7.0306 m  sigma=0.7602 m  die=36.3 C  CalVal=-43
1997861,-7.7524,36.3,27.10
1998582,-7.7524,36.3,27.09
1999303,-7.7524,36.3,27.09
2000024,-7.7524,36.3,27.09
2000745,-7.7524,36.3,27.10
2001466,-7.7524,36.3,27.10
2002187,-7.7524,36.3,27.10
2002908,-7.7524,36.3,27.09
2003629,-7.7524,36.3,27.09
2004350,-7.7524,36.3,27.09
2005071,-7.7524,36.3,27.09
2005792,-7.7524,36.3,27.09
2006513,-7.7524,36.3,27.09
2007234,-7.7524,36.3,27.09
2007955,-7.7524,36.3,27.09
2008676,-7.7524,36.3,27.09
2009397,-7.7524,36.3,27.09
2010118,-7.7524,36.3,27.09
2010839,-7.7524,37.3,27.09
2011560,-6.7157,36.3,27.09
2012281,-6.2650,36.3,27.09
2013002,-7.1665,37.3,27.09
2013723,-7.1214,36.3,27.09
2014444,-6.1298,37.3,27.09
2015165,-6.3777,37.3,27.09
2015886,-6.7157,37.3,27.09
2016607,-7.5721,36.3,27.09
2017328,-6.5580,36.3,27.08
2018049,-7.5045,36.3,27.09
2018770,-7.5947,36.3,27.09
2019491,-6.8284,36.3,27.09
2020212,-6.5355,36.3,27.08
2020933,-7.2791,36.3,27.09
2021654,-7.6848,36.3,27.09
2022375,-7.6848,36.3,27.09
2023096,-7.6848,36.3,27.08
2023817,-7.6848,36.3,27.09
2024538,-7.6848,36.3,27.09
2025259,-7.6848,36.3,27.08
2025980,-7.6848,36.3,27.09
2026701,-7.6848,36.3,27.09
2027422,-7.6848,36.3,27.09
2028143,-7.6848,37.3,27.09
2028864,-7.6848,36.3,27.09
2029585,-7.6848,36.3,27.09
2030306,-7.6848,36.3,27.09
2031027,-7.6848,36.3,27.09
2031748,-7.6848,36.3,27.08
2032469,-7.6848,36.3,27.09
2033190,-7.6848,37.3,27.09
2033911,-7.6848,37.3,27.09
2034632,-7.6848,37.3,27.09
2035353,-7.6848,37.3,27.09
2036074,-7.6848,37.3,27.09
2036795,-7.6848,37.3,27.09
2037516,-7.6848,37.3,27.09
2038237,-6.4228,36.3,27.09
2038958,-7.1439,36.3,27.09
2039679,-6.6932,36.3,27.09
2040400,-7.4594,36.3,27.08
2041121,-6.7383,36.3,27.09
2041842,-6.6707,36.3,27.09
2042563,-7.4594,36.3,27.08
2043284,-7.2791,36.3,27.08
2044005,-7.5045,36.3,27.09
2044726,-7.0087,36.3,27.09
2045447,-7.5045,36.3,27.08
2046168,-6.5355,36.3,27.09
2046889,-7.5721,37.3,27.09
2047610,-7.5721,37.3,27.09
2048331,-7.4369,36.3,27.09
2049052,-7.4369,37.3,27.09
2049773,-7.4369,37.3,27.08
2050494,-7.4369,37.3,27.09
2051215,-7.4369,37.3,27.09
2051936,-7.4369,37.3,27.09
2052657,-7.4369,37.3,27.09
2053378,-7.4369,37.3,27.09
2054099,-7.4369,36.3,27.08
2054820,-7.4369,36.3,27.09
2055541,-7.4369,36.3,27.09
2056262,-7.4369,36.3,27.08
2056983,-7.4369,36.3,27.09
2057704,-7.4369,36.3,27.09
2058425,-7.4369,36.3,27.09
2059146,-7.4369,37.3,27.09
2059867,-7.4369,37.3,27.08
2060588,-7.4369,36.3,27.08
2061309,-7.4369,36.3,27.08
2062030,-7.4369,36.3,27.08
2062751,-7.4369,36.3,27.09
2063472,-7.4369,36.3,27.09
2064193,-7.4369,36.3,27.08
2064914,-7.3242,36.3,27.09
2065635,-7.2341,37.3,27.09
2066356,-6.6031,37.3,27.08
2067077,-7.2791,37.3,27.09
2067798,-6.7157,37.3,27.08
2068519,-6.7608,37.3,27.09
2069240,-6.7608,36.3,27.09
# [n=2800] mean=-7.0437 m  sigma=0.7535 m  die=36.3 C  CalVal=-43
2069961,-6.6256,36.3,27.09
2070682,-6.8059,37.3,27.09
2071403,-7.2341,37.3,27.09
2072124,-7.3017,36.3,27.09
2072845,-7.2115,36.3,27.09
2073566,-7.3918,36.3,27.09
2074287,-6.7608,36.3,27.08
2075008,-7.3242,36.3,27.09
2075729,-7.3242,36.3,27.09
2076450,-7.3242,37.3,27.09
2077171,-7.3242,37.3,27.09
2077892,-7.3242,37.3,27.08
2078613,-7.3242,37.3,27.08
2079334,-7.3242,36.3,27.08
2080055,-7.3242,36.3,27.09
2080776,-7.3242,36.3,27.09
2081497,-7.3242,36.3,27.09
2082218,-7.3242,36.3,27.09
2082939,-7.3242,36.3,27.09
2083660,-7.3242,37.3,27.08
2084381,-7.3242,36.3,27.08
2085102,-7.3242,36.3,27.08
2085823,-7.3242,36.3,27.09
2086544,-7.3242,36.3,27.08
2087265,-7.3242,36.3,27.09
2087986,-7.3242,37.3,27.08
2088707,-7.3242,37.3,27.09
2089428,-7.3242,37.3,27.08
2090149,-7.3242,37.3,27.09
2090870,-7.3242,37.3,27.09
2091591,-7.2115,37.3,27.08
2092312,-6.4904,37.3,27.09
2093033,-7.2791,37.3,27.09
2093754,-6.7157,37.3,27.09
2094475,-7.3468,37.3,27.09
2095196,-7.3242,37.3,27.09
2095917,-7.3918,37.3,27.09
2096638,-6.4228,37.3,27.09
2097359,-7.4820,37.3,27.09
2098080,-7.5947,36.3,27.09
2098801,-6.6481,37.3,27.09
2099522,-7.1890,37.3,27.09
2100243,-7.2566,37.3,27.09
2100964,-7.5496,37.3,27.09
2101685,-6.8735,36.3,27.09
2102406,-6.8735,36.3,27.09
2103127,-6.8735,36.3,27.09
2103848,-6.8735,36.3,27.09
2104569,-6.8735,36.3,27.09
2105290,-6.8735,36.3,27.09
2106011,-6.8735,36.3,27.09
2106732,-6.8735,36.3,27.09
2107453,-6.8735,36.3,27.09
2108174,-6.8735,36.3,27.09
2108895,-6.8735,36.3,27.09
2109616,-6.8735,36.3,27.09
2110337,-6.8735,36.3,27.09
2111058,-6.8735,36.3,27.09
2111779,-6.8735,36.3,27.09
2112500,-6.8735,36.3,27.09
2113221,-6.8735,36.3,27.09
2113942,-6.8735,36.3,27.09
2114663,-6.8735,36.3,27.10
2115384,-6.8735,36.3,27.09
2116105,-6.8735,36.3,27.09
2116826,-6.8735,36.3,27.10
2117547,-6.8735,36.3,27.09
2118268,-7.0312,36.3,27.09
2118989,-7.2566,36.3,27.10
2119710,-7.2791,36.3,27.09
2120431,-7.4820,36.3,27.09
2121152,-6.8284,36.3,27.09
2121873,-7.3468,36.3,27.09
2122594,-7.3017,37.3,27.09
2123315,-7.6172,37.3,27.09
2124036,-6.4002,36.3,27.09
2124757,-7.4594,36.3,27.09
2125478,-7.4820,36.3,27.09
2126199,-6.8284,36.3,27.09
2126920,-6.6256,36.3,27.09
2127641,-7.1665,36.3,27.09
2128362,-6.7608,37.3,27.09
2129083,-6.7608,37.3,27.09
2129804,-6.7608,36.3,27.09
2130525,-6.7608,37.3,27.09
2131246,-6.7608,37.3,27.09
2131967,-6.7608,36.3,27.09
2132688,-6.7608,36.3,27.09
2133409,-6.7608,37.3,27.10
2134130,-6.7608,36.3,27.10
2134851,-6.7608,36.3,27.10
2135572,-6.7608,36.3,27.09
2136293,-6.7608,37.3,27.09
2137014,-6.7608,37.3,27.10
2137735,-6.7608,36.3,27.09
2138456,-6.7608,36.3,27.09
2139177,-6.7608,36.3,27.09
2139898,-6.7608,36.3,27.09
2140619,-6.7608,36.3,27.10
2141340,-6.7608,36.3,27.10
# [n=2900] mean=-7.0437 m  sigma=0.7424 m  die=36.3 C  CalVal=-43
2142061,-6.7608,36.3,27.10
2142782,-6.7608,36.3,27.10
2143503,-6.7608,36.3,27.10
2144224,-6.7608,36.3,27.10
2144945,-6.4002,36.3,27.10
2145666,-6.4904,36.3,27.10
2146387,-6.1749,36.3,27.10
2147108,-6.2650,37.3,27.10
2147829,-6.5355,37.3,27.10
2148550,-6.6256,37.3,27.10
2149271,-6.6932,37.3,27.10
2149992,-7.4369,36.3,27.10
2150713,-6.6481,36.3,27.10
2151434,-7.6623,36.3,27.10
2152155,-6.4678,36.3,27.10
2152876,-6.7834,36.3,27.10
2153597,-6.6256,37.3,27.10
2154318,-7.5270,36.3,27.10
2155039,-7.4369,36.3,27.10
2155760,-7.4369,36.3,27.10
2156481,-7.4369,37.3,27.10
2157202,-7.4369,36.3,27.10
2157923,-7.4369,36.3,27.10
2158644,-7.4369,36.3,27.10
2159365,-7.4369,36.3,27.10
2160086,-7.4369,36.3,27.10
2160807,-7.4369,36.3,27.11
2161528,-7.4369,36.3,27.10
2162249,-7.4369,36.3,27.10
2162970,-7.4369,36.3,27.10
2163691,-7.4369,37.3,27.10
2164412,-7.4369,37.3,27.10
2165133,-7.4369,37.3,27.10
2165854,-7.4369,36.3,27.11
2166575,-7.4369,36.3,27.10
2167296,-7.4369,36.3,27.10
2168017,-7.4369,36.3,27.11
2168738,-7.4369,37.3,27.10
2169459,-7.4369,37.3,27.11
2170180,-7.4369,37.3,27.10
2170901,-7.4369,37.3,27.11
2171622,-8.5412,37.3,27.11
2172343,-7.5270,37.3,27.11
2173064,-7.5270,37.3,27.10
2173785,-6.5355,37.3,27.11
2174506,-6.6256,37.3,27.11
2175227,-6.6932,36.3,27.10
2175948,-6.3101,36.3,27.11
2176669,-7.0312,36.3,27.10
2177390,-6.5355,36.3,27.10
2178111,-6.6481,36.3,27.11
2178832,-7.2566,36.3,27.11
2179553,-7.2115,36.3,27.11
2180274,-7.2566,36.3,27.11
2180995,-7.2115,36.3,27.11
2181716,-7.5721,36.3,27.11
2182437,-7.5721,36.3,27.10
2183158,-7.5721,37.3,27.10
2183879,-7.5721,36.3,27.11
2184600,-7.5721,36.3,27.11
2185321,-7.5721,36.3,27.11
2186042,-7.5721,36.3,27.11
2186763,-7.5721,36.3,27.11
2187484,-7.5721,37.3,27.11
2188205,-7.5721,37.3,27.11
2188926,-7.5721,36.3,27.11
2189647,-7.5721,37.3,27.11
2190368,-7.5721,36.3,27.11
2191089,-7.5721,36.3,27.11
2191810,-7.5721,36.3,27.11
2192531,-7.5721,37.3,27.11
2193252,-7.5721,37.3,27.11
2193973,-7.5721,37.3,27.11
2194694,-7.5721,37.3,27.12
2195415,-7.5721,36.3,27.12
2196136,-7.5721,36.3,27.11
2196857,-7.5721,37.3,27.11
2197578,-7.5721,36.3,27.11
2198299,-7.5045,36.3,27.12
2199020,-7.0989,36.3,27.12
2199741,-7.3918,36.3,27.12
2200462,-7.3017,36.3,27.11
2201183,-7.2341,37.3,27.12
2201904,-7.5496,37.3,27.11
2202625,-7.3918,37.3,27.12
2203346,-7.5721,36.3,27.11
2204067,-7.2566,36.3,27.12
2204788,-7.5947,36.3,27.12
2205509,-7.0763,36.3,27.12
2206230,-7.3017,37.3,27.12
2206951,-7.3017,37.3,27.11
2207672,-7.5947,37.3,27.12
2208393,-6.6031,37.3,27.12
2209114,-6.6031,36.3,27.12
2209835,-6.6031,36.3,27.12
2210556,-6.6031,36.3,27.12
2211277,-6.6031,37.3,27.12
2211998,-6.6031,37.3,27.12
2212719,-6.6031,36.3,27.12
2213440,-6.6031,36.3,27.12
# [n=3000] mean=-7.0494 m  sigma=0.7350 m  die=36.3 C  CalVal=-43
2214161,-6.6031,36.3,27.12
2214882,-6.6031,36.3,27.12
2215603,-6.6031,36.3,27.12
2216324,-6.6031,36.3,27.12
2217045,-6.6031,37.3,27.12
2217766,-6.6031,37.3,27.12
2218487,-6.6031,37.3,27.12
2219208,-6.6031,37.3,27.12
2219929,-6.6031,37.3,27.12
2220650,-6.6031,36.3,27.12
2221371,-6.6031,36.3,27.12
2222092,-6.6031,36.3,27.12
2222813,-6.6031,36.3,27.12
2223534,-6.6031,36.3,27.12
2224255,-7.1214,36.3,27.12
2224976,-7.1439,36.3,27.13
2225697,-6.7608,37.3,27.12
2226418,-6.3326,37.3,27.13
2227139,-7.1439,37.3,27.12
2227860,-7.3918,37.3,27.12
2228581,-7.7524,37.3,27.12
2229302,-7.0312,36.3,27.12
2230023,-7.5045,36.3,27.13
2230744,-7.5496,36.3,27.13
2231465,-6.6031,36.3,27.13
2232186,-7.5045,36.3,27.13
2232907,-6.8284,36.3,27.13
2233628,-6.9636,36.3,27.13
2234349,-7.4369,36.3,27.13
2235070,-6.4904,36.3,27.13
2235791,-6.4904,37.3,27.13
2236512,-6.4904,36.3,27.13
2237233,-6.4904,36.3,27.13
2237954,-6.4904,36.3,27.13
2238675,-6.4904,37.3,27.13
2239396,-6.4904,37.3,27.13
2240117,-6.4904,36.3,27.13
2240838,-6.4904,36.3,27.13
2241559,-6.4904,37.3,27.13
2242280,-6.4904,37.3,27.13
2243001,-6.4904,37.3,27.13
2243722,-6.4904,37.3,27.14
2244443,-6.4904,36.3,27.14
2245164,-6.4904,36.3,27.13
2245885,-6.4904,36.3,27.14
2246606,-6.4904,36.3,27.13
2247327,-6.4904,36.3,27.14
2248048,-6.4904,36.3,27.14
2248769,-6.4904,36.3,27.14
2249490,-6.4904,36.3,27.13
2250211,-6.4904,36.3,27.14
2250932,-7.4369,36.3,27.14
2251653,-7.4369,36.3,27.14
2252374,-6.6932,36.3,27.13
2253095,-7.3017,36.3,27.14
2253816,-6.9862,37.3,27.14
2254537,-6.0847,37.3,27.14
2255258,-7.2341,37.3,27.14
2255979,-7.2791,37.3,27.14
2256700,-7.1665,36.3,27.13
2257421,-6.6932,36.3,27.14
2258142,-6.8960,36.3,27.14
2258863,-7.4369,36.3,27.14
2259584,-6.8735,36.3,27.14
2260305,-7.1890,37.3,27.14
2261026,-6.4904,37.3,27.14
# outlier -25.2855 die=37.3
# outlier -25.2855 die=36.3
# outlier -25.2855 die=36.3
# outlier -25.2855 die=37.3
# outlier -25.2855 die=37.3
# outlier -25.2855 die=37.3
# outlier -25.2855 die=36.3
# outlier -25.2855 die=36.3
# outlier -25.2855 die=36.3
# outlier -25.2855 die=36.3
# outlier -25.2855 die=36.3
# outlier -25.2855 die=36.3
# outlier -25.2855 die=36.3
# outlier -25.2855 die=37.3
# outlier -25.2855 die=36.3
# outlier -25.2855 die=37.3
# outlier -25.2855 die=36.3
# outlier -25.2855 die=36.3
# outlier -25.2855 die=37.3
# outlier -25.2855 die=36.3
# outlier -25.2855 die=36.3
# outlier -25.2855 die=37.3
2277609,-6.6031,36.3,27.15
2278330,-7.2791,37.3,27.14
2279051,-7.5045,36.3,27.15
2279772,-7.5496,37.3,27.15
2280493,-7.5721,37.3,27.15
2281214,-6.7157,36.3,27.15
2281935,-7.4369,36.3,27.15
2282656,-6.3777,36.3,27.15
2283377,-6.8960,37.3,27.15
2284098,-6.7157,37.3,27.15
2284819,-7.4594,37.3,27.15
2285540,-7.6848,36.3,27.16
2286261,-7.1214,36.3,27.15
2286982,-6.6256,36.3,27.15
2287703,-6.7383,36.3,27.15
2288424,-6.7383,36.3,27.15
2289145,-6.7383,36.3,27.15
2289866,-6.7383,36.3,27.15
2290587,-6.7383,36.3,27.15
2291308,-6.7383,36.3,27.16
2292029,-6.7383,36.3,27.15
2292750,-6.7383,36.3,27.15
2293471,-6.7383,36.3,27.15
2294192,-6.7383,36.3,27.15
2294913,-6.7383,37.3,27.15
2295634,-6.7383,37.3,27.15
2296355,-6.7383,36.3,27.16
2297076,-6.7383,36.3,27.16
2297797,-6.7383,36.3,27.16
2298518,-6.7383,37.3,27.15
2299239,-6.7383,36.3,27.16
2299960,-6.7383,37.3,27.16
2300681,-6.7383,37.3,27.16
2301402,-6.7383,37.3,27.16
# [n=3100] mean=-7.0419 m  sigma=0.7271 m  die=37.3 C  CalVal=-43
2302123,-6.7383,37.3,27.16
2302844,-6.7383,37.3,27.15
2303565,-6.7383,37.3,27.16
2304286,-6.5580,37.3,27.16
2305007,-6.3101,37.3,27.16
2305728,-7.3017,37.3,27.16
2306449,-6.1073,36.3,27.16
2307170,-7.5270,36.3,27.16
2307891,-6.8735,36.3,27.16
2308612,-6.8510,37.3,27.16
2309333,-6.3552,37.3,27.16
2310054,-6.7608,37.3,27.16
2310775,-6.6481,37.3,27.16
2311496,-5.9270,36.3,27.16
2312217,-6.4002,37.3,27.16
2312938,-6.6707,37.3,27.16
2313659,-7.3693,37.3,27.16
2314380,-6.9186,37.3,27.16
2315101,-6.9186,37.3,27.16
2315822,-6.9186,37.3,27.16
2316543,-6.9186,37.3,27.16
2317264,-6.9186,37.3,27.16
2317985,-6.9186,37.3,27.16
2318706,-6.9186,37.3,27.16
2319427,-6.9186,36.3,27.16
2320148,-6.9186,37.3,27.17
2320869,-6.9186,37.3,27.17
2321590,-6.9186,37.3,27.17
2322311,-6.9186,37.3,27.17
2323032,-6.9186,37.3,27.17
2323753,-6.9186,37.3,27.17
2324474,-6.9186,37.3,27.17
2325195,-6.9186,37.3,27.17
2325916,-6.9186,37.3,27.17
2326637,-6.9186,36.3,27.16
2327358,-6.9186,36.3,27.17
2328079,-6.9186,36.3,27.17
2328800,-6.9186,36.3,27.17
2329521,-6.9186,36.3,27.17
2330242,-6.9186,36.3,27.17
2330963,-7.1665,36.3,27.17
2331684,-6.4678,36.3,27.17
2332405,-7.4369,36.3,27.17
2333126,-6.2876,37.3,27.17
2333847,-6.7157,37.3,27.17
2334568,-7.4144,37.3,27.17
2335289,-6.8735,36.3,27.17
2336010,-7.6172,36.3,27.17
2336731,-6.9862,36.3,27.17
2337452,-6.8059,37.3,27.17
2338173,-6.9186,37.3,27.17
2338894,-7.5947,36.3,27.17
2339615,-7.2791,36.3,27.17
2340336,-6.8735,36.3,27.17
2341057,-7.4144,36.3,27.17
2341778,-7.4144,36.3,27.17
2342499,-7.4144,36.3,27.18
2343220,-7.4144,36.3,27.17
2343941,-7.4144,36.3,27.18
2344662,-7.4144,36.3,27.17
2345383,-7.4144,37.3,27.18
2346104,-7.4144,36.3,27.17
2346825,-7.4144,37.3,27.18
2347546,-7.4144,37.3,27.18
2348267,-7.4144,36.3,27.18
2348988,-7.4144,36.3,27.18
2349709,-7.4144,36.3,27.18
2350430,-7.4144,36.3,27.17
2351151,-7.4144,36.3,27.18
2351872,-7.4144,36.3,27.17
2352593,-7.4144,36.3,27.18
2353314,-7.4144,36.3,27.18
2354035,-7.4144,36.3,27.18
2354756,-7.4144,36.3,27.17
2355477,-7.4144,36.3,27.18
2356198,-7.4144,36.3,27.18
2356919,-7.4144,37.3,27.18
2357640,-7.4144,37.3,27.18
2358361,-7.2566,37.3,27.18
2359082,-7.4144,37.3,27.19
2359803,-6.5580,37.3,27.18
2360524,-6.8284,36.3,27.18
2361245,-6.4904,37.3,27.18
2361966,-6.8510,36.3,27.18
2362687,-7.5045,36.3,27.18
2363408,-7.0087,36.3,27.19
2364129,-7.7073,36.3,27.19
2364850,-6.5129,36.3,27.19
2365571,-6.1749,36.3,27.19
2366292,-7.2791,36.3,27.19
2367013,-7.2566,36.3,27.19
2367734,-7.2566,37.3,27.19
2368455,-7.2566,37.3,27.19
2369176,-7.2566,37.3,27.19
2369897,-7.2566,37.3,27.18
2370618,-7.2566,36.3,27.18
2371339,-7.2566,36.3,27.18
2372060,-7.2566,36.3,27.19
2372781,-7.2566,36.3,27.19
2373502,-7.2566,36.3,27.19
# [n=3200] mean=-7.0423 m  sigma=0.7187 m  die=36.3 C  CalVal=-43
2374223,-7.2566,36.3,27.19
2374944,-7.2566,36.3,27.19
2375665,-7.2566,36.3,27.19
2376386,-7.2566,37.3,27.19
2377107,-7.2566,37.3,27.19
2377828,-7.2566,37.3,27.19
2378549,-7.2566,36.3,27.19
2379270,-7.2566,36.3,27.19
2379991,-7.2566,36.3,27.19
2380712,-7.2566,36.3,27.19
2381433,-7.2566,36.3,27.19
2382154,-7.2566,36.3,27.19
2382875,-7.2566,36.3,27.19
2383596,-7.2566,36.3,27.19
2384317,-6.3101,36.3,27.19
2385038,-7.0312,36.3,27.19
2385759,-6.4453,37.3,27.19
2386480,-7.3242,37.3,27.19
2387201,-6.7157,36.3,27.19
2387922,-7.6623,36.3,27.20
2388643,-7.5270,36.3,27.20
2389364,-6.6031,36.3,27.20
2390085,-6.8284,36.3,27.20
2390806,-6.4453,36.3,27.19
2391527,-7.6623,36.3,27.19
2392248,-7.1439,37.3,27.20
2392969,-6.6707,37.3,27.20
2393690,-6.9411,36.3,27.20
2394411,-8.0454,37.3,27.20
2395132,-8.0454,36.3,27.20
2395853,-8.0454,36.3,27.20
2396574,-8.0454,36.3,27.20
2397295,-8.0454,36.3,27.19
2398016,-8.0454,36.3,27.20
2398737,-8.0454,37.3,27.20
2399458,-8.0454,36.3,27.20
2400179,-8.0454,36.3,27.20
2400900,-8.0454,36.3,27.20
2401621,-8.0454,36.3,27.20
2402342,-8.0454,36.3,27.20
2403063,-8.0454,37.3,27.20
2403784,-8.0454,36.3,27.20
2404505,-8.0454,36.3,27.20
2405226,-8.0454,37.3,27.20
2405947,-8.0454,36.3,27.20
2406668,-8.0454,36.3,27.21
2407389,-8.0454,36.3,27.21
2408110,-8.0454,36.3,27.20
2408831,-8.0454,37.3,27.21
2409552,-8.0454,37.3,27.20
2410273,-8.0454,37.3,27.20
2410994,-6.6031,37.3,27.20
2411715,-6.8510,36.3,27.20
2412436,-6.6932,36.3,27.21
2413157,-6.8510,36.3,27.21
2413878,-7.4594,36.3,27.21
2414599,-6.4002,36.3,27.21
2415320,-6.9636,37.3,27.21
2416041,-6.6707,37.3,27.21
2416762,-7.5947,37.3,27.21
2417483,-6.0171,37.3,27.20
2418204,-7.2115,37.3,27.21
2418925,-6.6481,36.3,27.21
2419646,-6.6932,36.3,27.20
2420367,-7.5045,37.3,27.21
2421088,-6.1073,36.3,27.21
2421809,-6.1073,36.3,27.20
2422530,-6.1073,37.3,27.21
2423251,-6.1073,37.3,27.21
2423972,-6.1073,36.3,27.21
2424693,-6.1073,36.3,27.21
2425414,-6.1073,36.3,27.21
2426135,-6.1073,36.3,27.21
2426856,-6.1073,37.3,27.21
2427577,-6.1073,37.3,27.21
2428298,-6.1073,37.3,27.21
2429019,-6.1073,37.3,27.21
2429740,-6.1073,36.3,27.21
2430461,-6.1073,36.3,27.21
2431182,-6.1073,36.3,27.21
2431903,-6.1073,36.3,27.21
2432624,-6.1073,36.3,27.21
2433345,-6.1073,36.3,27.21
2434066,-6.1073,36.3,27.21
2434787,-6.1073,37.3,27.21
2435508,-6.1073,37.3,27.21
2436229,-6.1073,36.3,27.21
2436950,-6.1073,36.3,27.21
2437671,-6.1298,36.3,27.21
2438392,-7.2566,36.3,27.21
2439113,-7.4144,36.3,27.21
2439834,-7.4369,36.3,27.22
2440555,-7.3693,36.3,27.22
2441276,-7.3693,36.3,27.22
2441997,-7.3017,36.3,27.22
2442718,-7.0763,36.3,27.22
2443439,-7.2791,36.3,27.22
2444160,-5.8368,37.3,27.22
2444881,-7.3017,37.3,27.23
2445602,-6.4228,37.3,27.22
# [n=3300] mean=-7.0425 m  sigma=0.7190 m  die=37.3 C  CalVal=-43
2446323,-6.9862,37.3,27.22
2447044,-7.5045,37.3,27.22
2447765,-7.0538,36.3,27.22
2448486,-7.0538,36.3,27.22
2449207,-7.0538,36.3,27.22
2449928,-7.0538,36.3,27.22
2450649,-7.0538,37.3,27.22
2451370,-7.0538,37.3,27.22
2452091,-7.0538,36.3,27.22
2452812,-7.0538,37.3,27.22
2453533,-7.0538,36.3,27.22
2454254,-7.0538,36.3,27.22
2454975,-7.0538,36.3,27.23
2455696,-7.0538,36.3,27.23
2456417,-7.0538,36.3,27.22
2457138,-7.0538,36.3,27.22
2457859,-7.0538,36.3,27.23
2458580,-7.0538,36.3,27.23
2459301,-7.0538,36.3,27.23
2460022,-7.0538,36.3,27.22
2460743,-7.0538,36.3,27.23
2461464,-7.0538,36.3,27.23
2462185,-7.0538,37.3,27.22
2462906,-7.0538,37.3,27.23
2463627,-7.0538,37.3,27.23
2464348,-7.5947,37.3,27.23
2465069,-6.9186,37.3,27.22
2465790,-6.8735,37.3,27.23
2466511,-7.4820,37.3,27.23
2467232,-7.3468,37.3,27.23
2467953,-7.5721,37.3,27.22
2468674,-7.5721,37.3,27.23
2469395,-5.8819,37.3,27.23
2470116,-7.3468,36.3,27.23
2470837,-7.2341,37.3,27.23
2471558,-7.1665,36.3,27.22
2472279,-6.8735,36.3,27.23
2473000,-6.5129,36.3,27.23
2473721,-7.4144,36.3,27.23
2474442,-6.2876,36.3,27.23
2475163,-6.2876,36.3,27.23
2475884,-6.2876,36.3,27.23
2476605,-6.2876,37.3,27.23
2477326,-6.2876,37.3,27.23
2478047,-6.2876,36.3,27.23
2478768,-6.2876,36.3,27.23
2479489,-6.2876,36.3,27.23
2480210,-6.2876,36.3,27.23
2480931,-6.2876,36.3,27.23
2481652,-6.2876,37.3,27.23
2482373,-6.2876,37.3,27.23
2483094,-6.2876,37.3,27.23
2483815,-6.2876,37.3,27.24
2484536,-6.2876,37.3,27.23
2485257,-6.2876,37.3,27.23
2485978,-6.2876,37.3,27.23
2486699,-6.2876,36.3,27.23
2487420,-6.2876,36.3,27.23
2488141,-6.2876,36.3,27.23
2488862,-6.2876,36.3,27.23
2489583,-6.2876,36.3,27.23
2490304,-6.2876,36.3,27.23
2491025,-6.5805,36.3,27.23
2491746,-6.9186,36.3,27.23
2492467,-6.7383,36.3,27.23
2493188,-7.4369,36.3,27.23
2493909,-7.5721,37.3,27.23
2494630,-6.8284,37.3,27.24
2495351,-6.6031,37.3,27.24
2496072,-8.1130,36.3,27.24
2496793,-7.6397,37.3,27.24
2497514,-6.6256,36.3,27.24
2498235,-7.3242,36.3,27.24
2498956,-6.9411,36.3,27.24
2499677,-7.4820,36.3,27.25
2500398,-5.9946,36.3,27.26
2501119,-6.5580,36.3,27.27
2501840,-6.5580,37.3,27.27
2502561,-6.5580,37.3,27.29
2503282,-6.5580,36.3,27.29
2504003,-6.5580,36.3,27.30
2504724,-6.5580,36.3,27.30
2505445,-6.5580,36.3,27.31
2506166,-6.5580,36.3,27.32
2506887,-6.5580,36.3,27.33
2507608,-6.5580,36.3,27.33
2508329,-6.5580,37.3,27.33
2509050,-6.5580,37.3,27.34
2509771,-6.5580,36.3,27.34
2510492,-6.5580,36.3,27.34
2511213,-6.5580,36.3,27.35
2511934,-6.5580,36.3,27.35
2512655,-6.5580,37.3,27.35
2513376,-6.5580,37.3,27.35
2514097,-6.5580,37.3,27.36
2514818,-6.5580,37.3,27.36
2515539,-6.5580,37.3,27.37
2516260,-6.5580,37.3,27.37
2516981,-6.5580,37.3,27.38
2517702,-8.1355,37.3,27.38
# [n=3400] mean=-7.0350 m  sigma=0.7139 m  die=37.3 C  CalVal=-43
2518423,-6.8284,37.3,27.38
2519144,-6.9186,37.3,27.40
2519865,-6.4228,37.3,27.41
2520586,-7.4369,37.3,27.42
2521307,-6.9411,37.3,27.43
2522028,-7.4144,37.3,27.44
2522749,-6.5580,37.3,27.45
2523470,-7.4144,37.3,27.45
2524191,-6.8059,37.3,27.46
2524912,-7.0989,37.3,27.47
2525633,-7.5270,37.3,27.47
2526354,-7.3693,37.3,27.48
2527075,-7.6397,37.3,27.49
2527796,-7.7749,37.3,27.50
2528517,-7.7749,37.3,27.50
2529238,-7.7749,37.3,27.51
2529959,-7.7749,36.3,27.52
2530680,-7.7749,37.3,27.52
2531401,-7.7749,37.3,27.53
2532122,-7.7749,37.3,27.54
2532843,-7.7749,37.3,27.54
2533564,-7.7749,37.3,27.54
2534285,-7.7749,37.3,27.56
2535006,-7.7749,37.3,27.56
2535727,-7.7749,37.3,27.57
2536448,-7.7749,37.3,27.58
2537169,-7.7749,37.3,27.59
2537890,-7.7749,37.3,27.59
2538611,-7.7749,37.3,27.60
2539332,-7.7749,37.3,27.61
2540053,-7.7749,37.3,27.62
2540774,-7.7749,37.3,27.63
2541495,-7.7749,37.3,27.63
2542216,-7.7749,37.3,27.64
2542937,-7.7749,37.3,27.65
2543658,-7.7749,37.3,27.66
2544379,-8.4285,37.3,27.67
2545100,-7.7524,37.3,27.68
2545821,-7.7975,37.3,27.69
2546542,-8.5637,37.3,27.69
2547263,-6.2425,37.3,27.71
2547984,-7.6397,37.3,27.72
2548705,-7.2341,37.3,27.72
2549426,-7.6172,37.3,27.73
2550147,-7.7299,37.3,27.74
2550868,-7.0538,37.3,27.75
2551589,-7.8651,37.3,27.76
2552310,-7.3918,37.3,27.76
2553031,-7.1439,37.3,27.77
2553752,-7.5496,37.3,27.79
2554473,-7.7073,37.3,27.80
2555194,-7.7073,37.3,27.81
2555915,-7.7073,37.3,27.82
2556636,-7.7073,37.3,27.83
2557357,-7.7073,37.3,27.85
2558078,-7.7073,37.3,27.86
2558799,-7.7073,37.3,27.86
2559520,-7.7073,37.3,27.88
2560241,-7.7073,37.3,27.89
2560962,-7.7073,37.3,27.91
2561683,-7.7073,37.3,27.92
2562404,-7.7073,37.3,27.93
2563125,-7.7073,37.3,27.95
2563846,-7.7073,37.3,27.97
2564567,-7.7073,38.3,27.98
2565288,-7.7073,37.3,28.00
2566009,-7.7073,38.3,28.01
2566730,-7.7073,38.3,28.03
2567451,-7.7073,38.3,28.05
2568172,-7.7073,37.3,28.06
2568893,-7.7073,37.3,28.08
2569614,-7.7073,38.3,28.10
2570335,-7.7073,38.3,28.12
2571056,-7.1214,38.3,28.13
2571777,-8.2707,37.3,28.15
2572498,-8.0003,37.3,28.17
2573219,-7.0087,38.3,28.19
2573940,-7.6848,37.3,28.21
2574661,-8.0228,37.3,28.23
2575382,-7.3017,38.3,28.25
2576103,-8.1581,37.3,28.27
2576824,-7.6397,37.3,28.29
2577545,-8.0454,37.3,28.31
2578266,-8.5186,37.3,28.32
2578987,-7.4820,38.3,28.34
2579708,-6.9411,38.3,28.36
2580429,-8.0003,38.3,28.38
2581150,-7.6848,37.3,28.40
2581871,-7.6848,38.3,28.42
2582592,-7.6848,38.3,28.43
2583313,-7.6848,38.3,28.46
2584034,-7.6848,38.3,28.47
2584755,-7.6848,38.3,28.50
2585476,-7.6848,38.3,28.52
2586197,-7.6848,38.3,28.54
2586918,-7.6848,38.3,28.56
2587639,-7.6848,38.3,28.58
2588360,-7.6848,38.3,28.60
2589081,-7.6848,38.3,28.63
2589802,-7.6848,38.3,28.65
# [n=3500] mean=-7.0519 m  sigma=0.7132 m  die=38.3 C  CalVal=-43
2590523,-7.6848,38.3,28.67
2591244,-7.6848,38.3,28.69
2591965,-7.6848,38.3,28.72
2592686,-7.6848,38.3,28.74
2593407,-7.6848,38.3,28.76
2594128,-7.6848,38.3,28.78
2594849,-7.6848,38.3,28.80
2595570,-7.6848,38.3,28.83
2596291,-7.6848,38.3,28.86
2597012,-7.6848,38.3,28.88
2597733,-8.2707,38.3,28.91
2598454,-8.5186,38.3,28.93
2599175,-8.3834,38.3,28.96
2599896,-7.4144,38.3,28.98
2600617,-8.2031,38.3,29.00
2601338,-8.2257,38.3,29.03
2602059,-8.1806,38.3,29.05
2602780,-8.6764,38.3,29.08
2603501,-8.0904,38.3,29.10
2604222,-8.2482,38.3,29.13
2604943,-7.4144,38.3,29.16
2605664,-8.3383,38.3,29.23
2606385,-8.4961,38.3,29.30
2607106,-8.0228,38.3,29.38
2607827,-8.2482,38.3,29.48
2608548,-8.2482,38.3,29.65
2609269,-8.2482,38.3,29.78
2609990,-8.2482,38.3,29.91
2610711,-8.2482,38.3,30.01
2611432,-8.2482,39.3,30.10
2612153,-8.2482,38.3,30.21
2612874,-8.2482,38.3,30.31
2613595,-8.2482,38.3,30.38
2614316,-8.2482,38.3,30.45
2615037,-8.2482,38.3,30.52
2615758,-8.2482,38.3,30.57
2616479,-8.2482,39.3,30.63
2617200,-8.2482,39.3,30.69
2617921,-8.2482,38.3,30.73
2618642,-8.2482,39.3,30.78
2619363,-8.2482,39.3,30.82
2620084,-8.2482,39.3,30.86
2620805,-8.2482,39.3,30.91
2621526,-8.2482,39.3,30.94
2622247,-8.2482,39.3,30.98
2622968,-8.2482,39.3,31.02
2623689,-8.2482,39.3,31.06
2624410,-8.3609,39.3,31.10
2625131,-7.8651,39.3,31.16
2625852,-7.4594,40.3,31.20
2626573,-8.5637,40.3,31.25
2627294,-9.6680,40.3,31.30
2628015,-9.0595,39.3,31.35
2628736,-8.9919,40.3,31.41
2629457,-8.3383,40.3,31.47
2630178,-9.1046,40.3,31.52
2630899,-9.4877,40.3,31.58
2631620,-8.0679,39.3,31.63
2632341,-9.5102,39.3,31.68
2633062,-9.3525,39.3,31.74
2633783,-8.9919,40.3,31.79
2634504,-8.3158,40.3,31.84
2635225,-8.3158,40.3,31.90
2635946,-8.3158,40.3,31.95
2636667,-8.3158,40.3,32.00
2637388,-8.3158,40.3,32.05
2638109,-8.3158,40.3,32.11
2638830,-8.3158,40.3,32.15
2639551,-8.3158,41.3,32.21
2640272,-8.3158,41.3,32.25
2640993,-8.3158,41.3,32.31
2641714,-8.3158,40.3,32.35
2642435,-8.3158,40.3,32.39
2643156,-8.3158,40.3,32.46
2643877,-8.3158,40.3,32.50
2644598,-8.3158,41.3,32.55
2645319,-8.3158,41.3,32.59
2646040,-8.3158,41.3,32.63
2646761,-8.3158,40.3,32.68
2647482,-8.3158,41.3,32.75
2648203,-8.3158,41.3,32.82
2648924,-8.3158,41.3,32.88
2649645,-8.3158,41.3,32.95
2650366,-8.3158,41.3,33.00
2651087,-8.7665,41.3,33.06
2651808,-8.7215,41.3,33.13
2652529,-8.9017,41.3,33.18
2653250,-8.3834,41.3,33.24
2653971,-8.0904,41.3,33.30
2654692,-8.2031,41.3,33.35
2655413,-9.2849,41.3,33.41
2656134,-9.3299,41.3,33.49
2656855,-9.0144,41.3,33.54
2657576,-8.6989,41.3,33.60
2658297,-9.3975,41.3,33.67
2659018,-9.0595,41.3,33.72
2659739,-8.7665,41.3,33.79
2660460,-9.3975,42.3,33.85
2661181,-8.5637,42.3,33.90
2661902,-8.5637,42.3,33.97
# [n=3600] mean=-7.0883 m  sigma=0.7395 m  die=42.3 C  CalVal=-43
2662623,-8.5637,42.3,34.04
2663344,-8.5637,42.3,34.11
2664065,-8.5637,42.3,34.18
2664786,-8.5637,42.3,34.25
2665507,-8.5637,42.3,34.30
2666228,-8.5637,42.3,34.38
2666949,-8.5637,43.3,34.44
2667670,-8.5637,43.3,34.50
2668391,-8.5637,43.3,34.59
2669112,-8.5637,43.3,34.69
2669833,-8.5637,43.3,34.77
2670554,-8.5637,43.3,34.86
2671275,-8.5637,43.3,34.94
2671996,-8.5637,43.3,35.02
2672717,-8.5637,43.3,35.11
2673438,-8.5637,43.3,35.18
2674159,-8.5637,43.3,35.25
2674880,-8.5637,44.3,35.31
2675601,-8.5637,44.3,35.44
2676322,-8.5637,44.3,35.55
2677043,-8.5637,44.3,35.66
2677764,-10.0060,44.3,35.74
2678485,-10.0736,44.3,35.82
2679206,-9.1496,44.3,35.89
2679927,-10.5243,44.3,35.97
2680648,-10.0285,44.3,36.05
2681369,-9.6905,44.3,36.12
2682090,-10.1412,44.3,36.19
2682811,-10.1412,44.3,36.26
2683532,-9.8933,45.3,36.32
2684253,-10.2539,44.3,36.39
2684974,-10.4793,45.3,36.46
2685695,-9.2172,45.3,36.53
2686416,-9.8032,44.3,36.62
2687137,-9.5102,44.3,36.70
2687858,-9.6004,44.3,36.78
2688579,-9.6004,45.3,36.87
2689300,-9.6004,45.3,36.95
2690021,-9.6004,45.3,37.03
2690742,-9.6004,45.3,37.10
2691463,-9.6004,45.3,37.18
2692184,-9.6004,46.3,37.25
2692905,-9.6004,46.3,37.33
2693626,-9.6004,46.3,37.41
2694347,-9.6004,46.3,37.50
2695068,-9.6004,46.3,37.60
2695789,-9.6004,46.3,37.70
2696510,-9.6004,46.3,37.78
2697231,-9.6004,46.3,37.87
2697952,-9.6004,46.3,37.96
2698673,-9.6004,46.3,38.04
2699394,-9.6004,46.3,38.11
2700115,-9.6004,46.3,38.19
2700836,-9.6004,46.3,38.26
2701557,-9.6004,46.3,38.34
2702278,-9.6004,46.3,38.41
2702999,-9.6004,47.3,38.50
2703720,-9.6004,47.3,38.58
2704441,-10.8173,46.3,38.66
2705162,-11.7864,47.3,38.74
2705883,-10.9075,47.3,38.81
2706604,-11.9666,46.3,38.89
2707325,-10.7722,47.3,38.98
2708046,-10.9525,47.3,39.05
2708767,-10.6370,47.3,39.12
2709488,-10.1187,47.3,39.19
2710209,-10.4342,47.3,39.29
2710930,-10.1412,48.3,39.35
2711651,-10.9075,48.3,39.42
2712372,-10.4567,48.3,39.50
2713093,-10.4567,48.3,39.57
2713814,-11.2455,48.3,39.64
2714535,-10.4793,48.3,39.71
2715256,-10.4793,48.3,39.78
2715977,-10.4793,48.3,39.84
2716698,-10.4793,48.3,39.91
2717419,-10.4793,48.3,39.99
2718140,-10.4793,48.3,40.05
2718861,-10.4793,48.3,40.12
2719582,-10.4793,48.3,40.18
2720303,-10.4793,48.3,40.26
2721024,-10.4793,48.3,40.32
2721745,-10.4793,48.3,40.38
2722466,-10.4793,48.3,40.45
2723187,-10.4793,49.3,40.53
2723908,-10.4793,49.3,40.59
2724629,-10.4793,48.3,40.65
2725350,-10.4793,48.3,40.72
2726071,-10.4793,48.3,40.78
2726792,-10.4793,48.3,40.84
2727513,-10.4793,49.3,40.92
2728234,-10.4793,49.3,40.98
2728955,-10.4793,49.3,41.04
2729676,-10.4793,49.3,41.09
2730397,-10.4793,49.3,41.16
2731118,-11.4709,49.3,41.22
2731839,-11.6286,49.3,41.28
2732560,-11.0201,49.3,41.34
2733281,-12.0793,49.3,41.40
2734002,-11.6061,49.3,41.45
# [n=3700] mean=-7.1643 m  sigma=0.8727 m  die=49.3 C  CalVal=-44
2734723,-11.4934,49.3,41.50
2735444,-11.2230,49.3,41.57
2736165,-11.8540,49.3,41.62
2736886,-11.6061,49.3,41.67
2737607,-11.2230,49.3,41.73
2738328,-12.1019,50.3,41.78
2739049,-11.8765,50.3,41.84
2739770,-11.6061,50.3,41.89
2740491,-11.8540,49.3,41.94
2741212,-11.1779,50.3,42.01
2741933,-11.1779,50.3,42.05
2742654,-11.1779,50.3,42.10
2743375,-11.1779,50.3,42.15
2744096,-11.1779,50.3,42.21
2744817,-11.1779,50.3,42.26
2745538,-11.1779,50.3,42.31
2746259,-11.1779,50.3,42.36
2746980,-11.1779,50.3,42.40
2747701,-11.1779,50.3,42.45
2748422,-11.1779,50.3,42.51
2749143,-11.1779,51.3,42.55
2749864,-11.1779,51.3,42.59
2750585,-11.1779,51.3,42.64
2751306,-11.1779,51.3,42.68
2752027,-11.1779,51.3,42.73
2752748,-11.1779,51.3,42.77
2753469,-11.1779,51.3,42.81
2754190,-11.1779,51.3,42.86
2754911,-11.1779,50.3,42.90
2755632,-11.1779,51.3,42.95
2756353,-11.1779,51.3,42.99
2757074,-11.1779,51.3,43.03
2757795,-11.4032,51.3,43.07
2758516,-12.0793,51.3,43.11
2759237,-12.1244,51.3,43.16
2759958,-11.4934,51.3,43.19
2760679,-12.4399,51.3,43.23
2761400,-12.5751,51.3,43.26
2762121,-11.3582,51.3,43.30
2762842,-11.5835,51.3,43.34
2763563,-12.3723,51.3,43.38
2764284,-12.2596,51.3,43.41
2765005,-11.5835,51.3,43.45
2765726,-11.7864,51.3,43.49
2766447,-11.9892,51.3,43.53
2767168,-12.2596,51.3,43.56
2767889,-11.6962,51.3,43.60
2768610,-11.6962,51.3,43.63
2769331,-11.6962,51.3,43.66
2770052,-11.6962,51.3,43.70
2770773,-11.6962,51.3,43.74
2771494,-11.6962,52.3,43.77
2772215,-11.6962,52.3,43.80
2772936,-11.6962,52.3,43.83
2773657,-11.6962,51.3,43.86
2774378,-11.6962,51.3,43.89
2775099,-11.6962,51.3,43.92
2775820,-11.6962,51.3,43.96
2776541,-11.6962,52.3,43.98
2777262,-11.6962,52.3,44.01
2777983,-11.6962,52.3,44.04
2778704,-11.6962,52.3,44.07
2779425,-11.6962,52.3,44.09
2780146,-11.6962,52.3,44.11
2780867,-11.6962,52.3,44.15
2781588,-11.6962,52.3,44.18
2782309,-11.6962,52.3,44.20
2783030,-11.6962,52.3,44.23
2783751,-11.7187,51.3,44.25
2784472,-11.9441,51.3,44.28
2785193,-12.2822,51.3,44.31
2785914,-13.2512,51.3,44.33
2786635,-11.8314,52.3,44.35
2787356,-11.9892,52.3,44.38
2788077,-12.8906,52.3,44.40
2788798,-12.2371,52.3,44.43
2789519,-12.5751,53.3,44.45
2790240,-12.2822,52.3,44.48
2790961,-11.8540,52.3,44.50
2791682,-13.0258,52.3,44.52
2792403,-12.1920,52.3,44.54
2793124,-13.0258,53.3,44.56
2793845,-12.2371,52.3,44.58
2794566,-10.1863,52.3,44.60
2795287,-10.1863,52.3,44.62
2796008,-10.1863,52.3,44.65
2796729,-10.1863,52.3,44.66
2797450,-10.1863,52.3,44.68
2798171,-10.1863,52.3,44.70
2798892,-10.1863,52.3,44.72
2799613,-10.1863,52.3,44.73
2800334,-10.1863,53.3,44.76
2801055,-10.1863,53.3,44.78
2801776,-10.1863,52.3,44.80
2802497,-10.1863,52.3,44.82
2803218,-10.1863,52.3,44.83
2803939,-10.1863,52.3,44.85
2804660,-10.1863,53.3,44.87
2805381,-10.1863,53.3,44.88
2806102,-10.1863,53.3,44.89
# [n=3800] mean=-7.2771 m  sigma=1.1073 m  die=53.3 C  CalVal=-44
2806823,-10.1863,53.3,44.91
2807544,-10.1863,53.3,44.93
2808265,-10.1863,52.3,44.94
2808986,-10.1863,53.3,44.96
2809707,-10.1863,53.3,44.97
2810428,-11.9441,53.3,44.98
2811149,-12.5526,53.3,45.00
2811870,-12.4174,53.3,45.01
2812591,-12.7779,53.3,45.02
2813312,-12.9132,52.3,45.03
2814033,-12.1244,52.3,45.05
2814754,-12.0343,52.3,45.06
2815475,-12.3948,52.3,45.08
2816196,-11.9666,53.3,45.09
2816917,-11.7638,53.3,45.10
2817638,-11.1328,53.3,45.11
2818359,-11.9441,53.3,45.12
2819080,-10.9525,53.3,45.14
2819801,-11.5835,53.3,45.14
2820522,-10.8173,53.3,45.15
# outlier -20.8684 die=53.3
# outlier -20.8684 die=53.3
# outlier -20.8684 die=53.3
# outlier -20.8684 die=53.3
# outlier -20.8684 die=53.3
# outlier -20.8684 die=52.3
# outlier -20.8684 die=52.3
# outlier -20.8684 die=53.3
# outlier -20.8684 die=53.3
# outlier -20.8684 die=53.3
# outlier -20.8684 die=53.3
# outlier -20.8684 die=53.3
# outlier -20.8684 die=53.3
# outlier -20.8684 die=53.3
# outlier -20.8684 die=53.3
# outlier -20.8684 die=53.3
# outlier -20.8684 die=53.3
# outlier -20.8684 die=53.3
# outlier -20.8684 die=53.3
# outlier -20.8684 die=53.3
# outlier -20.8684 die=53.3
# outlier -20.8684 die=53.3
2837105,-11.0201,53.3,45.32
2837826,-9.9159,53.3,45.32
2838547,-10.7272,53.3,45.32
2839268,-9.6454,53.3,45.33
2839989,-10.7948,53.3,45.33
2840710,-9.8257,53.3,45.34
2841431,-11.0877,54.3,45.34
2842152,-10.4117,54.3,45.34
2842873,-11.0652,53.3,45.34
2843594,-11.2906,53.3,45.35
2844315,-9.7806,53.3,45.35
2845036,-10.8173,53.3,45.35
2845757,-9.5778,53.3,45.35
2846478,-11.0877,54.3,45.36
2847199,-10.7948,53.3,45.36
2847920,-10.7948,53.3,45.36
2848641,-10.7948,53.3,45.36
2849362,-10.7948,53.3,45.37
2850083,-10.7948,53.3,45.37
2850804,-10.7948,53.3,45.37
2851525,-10.7948,53.3,45.36
2852246,-10.7948,54.3,45.37
2852967,-10.7948,54.3,45.37
2853688,-10.7948,54.3,45.36
2854409,-10.7948,54.3,45.37
2855130,-10.7948,54.3,45.37
2855851,-10.7948,54.3,45.37
2856572,-10.7948,53.3,45.36
2857293,-10.7948,54.3,45.37
2858014,-10.7948,53.3,45.37
2858735,-10.7948,54.3,45.37
2859456,-10.7948,54.3,45.37
2860177,-10.7948,54.3,45.36
2860898,-10.7948,54.3,45.36
2861619,-10.7948,54.3,45.36
2862340,-10.7948,54.3,45.36
2863061,-10.7948,53.3,45.36
2863782,-9.2172,54.3,45.35
2864503,-10.2088,54.3,45.35
2865224,-9.3975,53.3,45.35
2865945,-8.8792,53.3,45.35
2866666,-9.8257,53.3,45.34
2867387,-10.2990,54.3,45.34
2868108,-9.9159,53.3,45.34
2868829,-8.2707,54.3,45.33
2869550,-8.8567,54.3,45.33
2870271,-8.1130,54.3,45.33
2870992,-8.2933,53.3,45.32
2871713,-8.4285,54.3,45.32
2872434,-8.3158,54.3,45.32
2873155,-8.7440,53.3,45.31
2873876,-9.1046,53.3,45.31
2874597,-9.1046,54.3,45.31
2875318,-9.1046,54.3,45.30
2876039,-9.1046,54.3,45.29
2876760,-9.1046,54.3,45.29
2877481,-9.1046,54.3,45.29
2878202,-9.1046,54.3,45.28
2878923,-9.1046,54.3,45.28
2879644,-9.1046,54.3,45.27
2880365,-9.1046,54.3,45.26
2881086,-9.1046,53.3,45.26
2881807,-9.1046,53.3,45.25
2882528,-9.1046,54.3,45.25
2883249,-9.1046,54.3,45.24
2883970,-9.1046,54.3,45.24
2884691,-9.1046,54.3,45.23
2885412,-9.1046,54.3,45.22
2886133,-9.1046,53.3,45.22
2886854,-9.1046,53.3,45.22
2887575,-9.1046,54.3,45.21
2888296,-9.1046,53.3,45.20
2889017,-9.1046,53.3,45.19
2889738,-9.1046,53.3,45.18
2890459,-8.5186,54.3,45.18
2891180,-8.7665,53.3,45.18
2891901,-8.0679,53.3,45.17
2892622,-7.2115,53.3,45.16
2893343,-8.6538,54.3,45.15
2894064,-7.6623,54.3,45.14
# [n=3900] mean=-7.3496 m  sigma=1.1967 m  die=54.3 C  CalVal=-45
2894785,-8.2482,54.3,45.14
2895506,-7.3242,53.3,45.13
2896227,-8.3158,54.3,45.12
2896948,-7.2341,54.3,45.11
2897669,-7.7524,54.3,45.10
2898390,-7.2341,54.3,45.09
2899111,-6.8510,54.3,45.09
2899832,-8.1581,54.3,45.08
2900553,-9.0144,54.3,45.07
2901274,-9.0144,53.3,45.06
2901995,-9.0144,53.3,45.05
2902716,-9.0144,54.3,45.04
2903437,-9.0144,54.3,45.03
2904158,-9.0144,53.3,45.02
2904879,-9.0144,54.3,45.01
2905600,-9.0144,54.3,45.00
2906321,-9.0144,53.3,44.99
2907042,-9.0144,53.3,44.98
2907763,-9.0144,53.3,44.97
2908484,-9.0144,53.3,44.97
2909205,-9.0144,53.3,44.95
2909926,-9.0144,53.3,44.94
2910647,-9.0144,53.3,44.93
2911368,-9.0144,53.3,44.92
2912089,-9.0144,53.3,44.92
2912810,-9.0144,53.3,44.91
2913531,-9.0144,53.3,44.90
2914252,-9.0144,54.3,44.89
2914973,-9.0144,54.3,44.88
2915694,-9.0144,54.3,44.86
2916415,-9.0144,53.3,44.85
2917136,-5.4763,54.3,44.84
2917857,-6.2200,53.3,44.84
2918578,-6.5355,53.3,44.82
2919299,-6.1073,53.3,44.81
2920020,-7.1890,53.3,44.80
2920741,-5.6565,53.3,44.79
2921462,-6.6481,53.3,44.77
2922183,-5.9721,53.3,44.75
2922904,-6.6256,53.3,44.74
2923625,-6.6481,53.3,44.73
2924346,-5.8594,53.3,44.72
2925067,-6.3101,53.3,44.71
2925788,-6.5805,53.3,44.70
2926509,-6.6256,53.3,44.69
2927230,-6.0397,53.3,44.67
2927951,-6.0397,53.3,44.66
2928672,-6.0397,53.3,44.65
2929393,-6.0397,53.3,44.64
2930114,-6.0397,53.3,44.63
2930835,-6.0397,53.3,44.62
2931556,-6.0397,53.3,44.61
2932277,-6.0397,53.3,44.60
2932998,-6.0397,54.3,44.58
2933719,-6.0397,53.3,44.57
2934440,-6.0397,53.3,44.56
2935161,-6.0397,54.3,44.55
2935882,-6.0397,53.3,44.53
2936603,-6.0397,53.3,44.52
2937324,-6.0397,53.3,44.51
2938045,-6.0397,53.3,44.50
2938766,-6.0397,53.3,44.49
2939487,-6.0397,52.3,44.47
2940208,-6.0397,53.3,44.46
2940929,-6.0397,53.3,44.45
2941650,-6.0397,53.3,44.43
2942371,-6.0397,53.3,44.42
2943092,-6.0397,53.3,44.40
2943813,-6.1523,53.3,44.39
2944534,-6.3777,53.3,44.37
2945255,-6.7383,53.3,44.37
2945976,-7.1214,53.3,44.35
2946697,-6.0171,53.3,44.33
2947418,-6.8059,53.3,44.32
2948139,-7.2115,53.3,44.31
2948860,-5.6791,53.3,44.30
2949581,-6.4228,52.3,44.29
2950302,-6.4678,53.3,44.27
2951023,-6.4904,53.3,44.26
2951744,-6.6256,53.3,44.24
2952465,-6.0622,53.3,44.23
2953186,-6.1974,53.3,44.21
2953907,-5.9044,53.3,44.20
2954628,-5.9044,53.3,44.19
2955349,-5.9044,53.3,44.17
2956070,-5.9044,52.3,44.16
2956791,-5.9044,53.3,44.14
2957512,-5.9044,53.3,44.13
2958233,-5.9044,52.3,44.11
2958954,-5.9044,52.3,44.10
2959675,-5.9044,52.3,44.08
2960396,-5.9044,52.3,44.07
2961117,-5.9044,53.3,44.06
2961838,-5.9044,53.3,44.04
2962559,-5.9044,53.3,44.03
2963280,-5.9044,53.3,44.01
2964001,-5.9044,53.3,44.00
2964722,-5.9044,53.3,43.99
2965443,-5.9044,53.3,43.98
2966164,-5.9044,53.3,43.96
# [n=4000] mean=-7.3390 m  sigma=1.2000 m  die=53.3 C  CalVal=-45
2966885,-5.9044,53.3,43.95
2967606,-5.9044,53.3,43.94
2968327,-5.9044,53.3,43.92
2969048,-5.9044,53.3,43.91
2969769,-5.9044,53.3,43.89
2970490,-6.2876,53.3,43.87
2971211,-6.4453,53.3,43.86
2971932,-6.1073,52.3,43.84
2972653,-6.5805,53.3,43.83
2973374,-6.4678,53.3,43.82
2974095,-6.5805,52.3,43.80
2974816,-6.3552,52.3,43.79
2975537,-6.3777,53.3,43.78
2976258,-5.9495,53.3,43.75
2976979,-5.6340,53.3,43.74
2977700,-5.9044,53.3,43.72
2978421,-6.4904,53.3,43.70
2979142,-5.7016,53.3,43.69
2979863,-5.8143,53.3,43.68
2980584,-6.7157,53.3,43.66
2981305,-6.7157,53.3,43.65
2982026,-6.7157,53.3,43.63
2982747,-6.7157,53.3,43.62
2983468,-6.7157,53.3,43.60
2984189,-6.7157,52.3,43.59
2984910,-6.7157,53.3,43.57
2985631,-6.7157,53.3,43.56
2986352,-6.7157,52.3,43.54
2987073,-6.7157,52.3,43.52
2987794,-6.7157,52.3,43.51
2988515,-6.7157,52.3,43.50
2989236,-6.7157,53.3,43.48
2989957,-6.7157,53.3,43.45
2990678,-6.7157,53.3,43.44
2991399,-6.7157,52.3,43.42
2992120,-6.7157,52.3,43.41
2992841,-6.7157,52.3,43.40
2993562,-6.7157,52.3,43.38
2994283,-6.7157,52.3,43.36
2995004,-6.7157,52.3,43.34
2995725,-6.7157,53.3,43.33
2996446,-6.7157,53.3,43.32
2997167,-6.3777,52.3,43.30
2997888,-6.3552,52.3,43.29
2998609,-6.3552,52.3,43.27
2999330,-7.0989,53.3,43.25
3000051,-5.7918,53.3,43.24
3000772,-6.5805,52.3,43.23
3001493,-7.2341,53.3,43.21
3002214,-5.9270,52.3,43.19
3002935,-5.6340,52.3,43.17
3003656,-6.8960,52.3,43.16
3004377,-6.6256,52.3,43.14
3005098,-6.4453,52.3,43.13
3005819,-6.0171,52.3,43.11
3006540,-7.5270,52.3,43.09
3007261,-6.6481,52.3,43.08
3007982,-6.6481,52.3,43.06
3008703,-6.6481,52.3,43.05
3009424,-6.6481,52.3,43.03
3010145,-6.6481,52.3,43.02
3010866,-6.6481,52.3,43.00
3011587,-6.6481,52.3,42.99
3012308,-6.6481,52.3,42.96
3013029,-6.6481,52.3,42.95
3013750,-6.6481,52.3,42.93
3014471,-6.6481,52.3,42.92
3015192,-6.6481,52.3,42.91
3015913,-6.6481,52.3,42.89
3016634,-6.6481,52.3,42.87
3017355,-6.6481,52.3,42.86
3018076,-6.6481,52.3,42.84
3018797,-6.6481,52.3,42.82
3019518,-6.6481,52.3,42.80
3020239,-6.6481,52.3,42.79
3020960,-6.6481,52.3,42.77
3021681,-6.6481,52.3,42.75
3022402,-6.6481,52.3,42.74
3023123,-6.6481,52.3,42.72
3023844,-6.2200,52.3,42.71
3024565,-5.7918,52.3,42.69
3025286,-5.2509,52.3,42.68
3026007,-6.1298,52.3,42.66
3026728,-6.2876,52.3,42.65
3027449,-6.2876,52.3,42.63
3028170,-6.1298,52.3,42.61
3028891,-6.4678,51.3,42.60
3029612,-7.0989,51.3,42.58
3030333,-6.2876,52.3,42.56
3031054,-6.2650,52.3,42.55
3031775,-6.5129,52.3,42.53
3032496,-6.6481,52.3,42.52
3033217,-5.9495,52.3,42.50
3033938,-6.0171,52.3,42.49
3034659,-6.0171,52.3,42.47
3035380,-6.0171,52.3,42.45
3036101,-6.0171,52.3,42.43
3036822,-6.0171,52.3,42.41
3037543,-6.0171,52.3,42.40
3038264,-6.0171,52.3,42.38
# [n=4100] mean=-7.3171 m  sigma=1.1948 m  die=52.3 C  CalVal=-44
3038985,-6.0171,52.3,42.37
3039706,-6.0171,51.3,42.35
3040427,-6.0171,51.3,42.33
3041148,-6.0171,51.3,42.31
3041869,-6.0171,52.3,42.30
3042590,-6.0171,52.3,42.28
3043311,-6.0171,51.3,42.27
3044032,-6.0171,51.3,42.25
3044753,-6.0171,51.3,42.24
3045474,-6.0171,51.3,42.22
3046195,-6.0171,51.3,42.20
3046916,-6.0171,51.3,42.19
3047637,-6.0171,51.3,42.17
3048358,-6.0171,51.3,42.14
3049079,-6.0171,51.3,42.13
3049800,-6.0171,52.3,42.11
3050521,-6.6707,52.3,42.10
3051242,-6.0847,52.3,42.07
3051963,-6.1974,52.3,42.06
3052684,-5.9721,52.3,42.05
3053405,-6.2650,52.3,42.03
3054126,-6.8510,52.3,42.01
3054847,-5.4087,52.3,42.00
3055568,-5.9495,51.3,41.98
3056289,-5.1608,52.3,41.96
3057010,-6.2650,52.3,41.95
3057731,-5.6340,52.3,41.94
3058452,-6.1298,51.3,41.92
3059173,-6.4228,51.3,41.90
3059894,-6.7157,51.3,41.88
3060615,-5.7242,51.3,41.87
3061336,-5.7242,51.3,41.85
3062057,-5.7242,51.3,41.83
3062778,-5.7242,51.3,41.81
3063499,-5.7242,51.3,41.80
3064220,-5.7242,51.3,41.78
3064941,-5.7242,51.3,41.77
3065662,-5.7242,51.3,41.75
3066383,-5.7242,51.3,41.74
3067104,-5.7242,51.3,41.72
3067825,-5.7242,51.3,41.70
3068546,-5.7242,51.3,41.69
3069267,-5.7242,51.3,41.67
3069988,-5.7242,51.3,41.65
3070709,-5.7242,51.3,41.64
3071430,-5.7242,51.3,41.62
3072151,-5.7242,51.3,41.61
3072872,-5.7242,51.3,41.59
3073593,-5.7242,51.3,41.57
3074314,-5.7242,51.3,41.56
3075035,-5.7242,51.3,41.54
3075756,-5.7242,51.3,41.52
3076477,-5.7242,51.3,41.51
3077198,-5.0030,51.3,41.49
3077919,-5.1833,51.3,41.47
3078640,-5.1157,51.3,41.45
3079361,-5.7016,51.3,41.44
3080082,-6.0622,51.3,41.43
3080803,-5.8368,51.3,41.41
3081524,-6.1073,51.3,41.40
3082245,-5.5213,51.3,41.38
3082966,-5.8819,51.3,41.36
3083687,-5.3410,51.3,41.35
3084408,-5.7918,51.3,41.33
3085129,-5.2058,51.3,41.31
3085850,-6.4904,51.3,41.29
3086571,-6.8735,51.3,41.28
3087292,-6.6707,51.3,41.27
3088013,-6.6707,51.3,41.25
3088734,-6.6707,51.3,41.23
3089455,-6.6707,51.3,41.22
3090176,-6.6707,51.3,41.20
3090897,-6.6707,51.3,41.19
3091618,-6.6707,51.3,41.16
3092339,-6.6707,51.3,41.15
3093060,-6.6707,51.3,41.13
3093781,-6.6707,51.3,41.12
3094502,-6.6707,51.3,41.11
3095223,-6.6707,51.3,41.08
3095944,-6.6707,51.3,41.07
3096665,-6.6707,51.3,41.05
3097386,-6.6707,51.3,41.04
3098107,-6.6707,51.3,41.02
3098828,-6.6707,51.3,41.01
3099549,-6.6707,51.3,40.99
3100270,-6.6707,51.3,40.97
3100991,-6.6707,51.3,40.96
3101712,-6.6707,51.3,40.94
3102433,-6.6707,51.3,40.93
3103154,-6.6707,51.3,40.91
3103875,-6.0622,50.3,40.90
3104596,-5.3636,51.3,40.88
3105317,-5.9044,51.3,40.86
3106038,-6.7383,51.3,40.84
3106759,-4.9805,51.3,40.83
3107480,-4.9129,50.3,40.81
3108201,-5.7016,50.3,40.80
3108922,-4.6875,50.3,40.78
3109643,-5.5439,50.3,40.76
3110364,-5.9495,51.3,40.75
# [n=4200] mean=-7.2864 m  sigma=1.1992 m  die=51.3 C  CalVal=-44
3111085,-5.3636,50.3,40.73
3111806,-5.7016,51.3,40.72
3112527,-5.5439,51.3,40.70
3113248,-6.8510,51.3,40.69
3113969,-5.8594,51.3,40.67
3114690,-5.8594,50.3,40.66
3115411,-5.8594,50.3,40.64
3116132,-5.8594,51.3,40.63
3116853,-5.8594,51.3,40.61
3117574,-5.8594,51.3,40.60
3118295,-5.8594,51.3,40.58
3119016,-5.8594,50.3,40.56
3119737,-5.8594,51.3,40.54
3120458,-5.8594,50.3,40.53
3121179,-5.8594,50.3,40.51
3121900,-5.8594,51.3,40.50
3122621,-5.8594,51.3,40.48
3123342,-5.8594,50.3,40.46
3124063,-5.8594,51.3,40.45
3124784,-5.8594,50.3,40.43
3125505,-5.8594,50.3,40.42
3126226,-5.8594,50.3,40.40
3126947,-5.8594,50.3,40.38
3127668,-5.8594,50.3,40.37
3128389,-5.8594,50.3,40.35
3129110,-5.8594,50.3,40.34
3129831,-5.8594,50.3,40.32
3130552,-6.1523,50.3,40.31
3131273,-6.2650,50.3,40.29
3131994,-4.6199,50.3,40.28
3132715,-4.6875,51.3,40.27
3133436,-4.4396,50.3,40.25
3134157,-4.8678,50.3,40.23
3134878,-5.9946,50.3,40.21
3135599,-5.1833,50.3,40.19
3136320,-5.3410,50.3,40.18
3137041,-4.4847,50.3,40.17
3137762,-4.2819,50.3,40.15
3138483,-5.4763,50.3,40.14
3139204,-5.3636,50.3,40.12
3139925,-4.3720,50.3,40.11
3140646,-4.5072,50.3,40.10
3141367,-4.5072,50.3,40.08
3142088,-4.5072,50.3,40.07
3142809,-4.5072,50.3,40.05
3143530,-4.5072,50.3,40.04
3144251,-4.5072,50.3,40.02
3144972,-4.5072,50.3,40.01
3145693,-4.5072,50.3,40.00
3146414,-4.5072,50.3,39.97
3147135,-4.5072,50.3,39.96
3147856,-4.5072,50.3,39.95
3148577,-4.5072,50.3,39.93
3149298,-4.5072,49.3,39.91
3150019,-4.5072,49.3,39.90
3150740,-4.5072,50.3,39.89
3151461,-4.5072,50.3,39.86
3152182,-4.5072,49.3,39.85
3152903,-4.5072,50.3,39.84
3153624,-4.5072,50.3,39.82
3154345,-4.5072,50.3,39.80
3155066,-4.5072,50.3,39.79
3155787,-4.5072,50.3,39.77
3156508,-4.5072,50.3,39.76
3157229,-4.1016,49.3,39.75
3157950,-4.3044,49.3,39.73
3158671,-4.6424,49.3,39.72
3159392,-5.4988,49.3,39.70
3160113,-5.2960,50.3,39.69
3160834,-5.0706,50.3,39.67
3161555,-4.5974,50.3,39.67
3162276,-5.2509,50.3,39.65
3162997,-4.2368,50.3,39.63
3163718,-4.7326,49.3,39.62
3164439,-5.2734,49.3,39.61
3165160,-4.9354,49.3,39.58
3165881,-5.2058,49.3,39.57
3166602,-4.3945,49.3,39.56
3167323,-5.0030,49.3,39.53
3168044,-5.0030,49.3,39.52
3168765,-5.0030,49.3,39.50
3169486,-5.0030,50.3,39.49
3170207,-5.0030,49.3,39.48
3170928,-5.0030,49.3,39.46
3171649,-5.0030,49.3,39.45
3172370,-5.0030,49.3,39.44
3173091,-5.0030,49.3,39.42
3173812,-5.0030,48.3,39.41
3174533,-5.0030,49.3,39.39
3175254,-5.0030,48.3,39.38
3175975,-5.0030,49.3,39.36
3176696,-5.0030,49.3,39.35
3177417,-5.0030,49.3,39.34
3178138,-5.0030,49.3,39.32
3178859,-5.0030,49.3,39.31
3179580,-5.0030,49.3,39.29
3180301,-5.0030,49.3,39.28
3181022,-5.0030,49.3,39.26
3181743,-5.0030,49.3,39.25
3182464,-5.0030,49.3,39.24
# [n=4300] mean=-7.2358 m  sigma=1.2331 m  die=49.3 C  CalVal=-44
3183185,-5.0030,49.3,39.22
3183906,-4.8903,49.3,39.21
3184627,-4.5297,49.3,39.19
3185348,-4.2368,49.3,39.17
3186069,-5.6115,49.3,39.16
3186790,-4.3495,49.3,39.15
3187511,-4.5748,49.3,39.13
3188232,-3.7861,49.3,39.12
3188953,-4.0790,48.3,39.11
3189674,-5.6115,49.3,39.09
3190395,-4.8227,49.3,39.08
3191116,-5.7242,49.3,39.07
3191837,-5.3861,49.3,39.05
3192558,-4.6875,48.3,39.03
3193279,-3.9438,48.3,39.03
3194000,-3.8086,49.3,39.01
3194721,-3.8086,49.3,38.99
3195442,-3.8086,48.3,38.98
3196163,-3.8086,49.3,38.97
3196884,-3.8086,49.3,38.95
3197605,-3.8086,49.3,38.94
3198326,-3.8086,48.3,38.92
3199047,-3.8086,48.3,38.91
3199768,-3.8086,48.3,38.89
3200489,-3.8086,48.3,38.88
3201210,-3.8086,48.3,38.87
3201931,-3.8086,48.3,38.85
3202652,-3.8086,49.3,38.84
3203373,-3.8086,49.3,38.83
3204094,-3.8086,48.3,38.82
3204815,-3.8086,48.3,38.80
3205536,-3.8086,48.3,38.79
3206257,-3.8086,48.3,38.77
3206978,-3.8086,49.3,38.76
3207699,-3.8086,49.3,38.75
3208420,-3.8086,48.3,38.73
3209141,-3.8086,48.3,38.72
3209862,-3.8086,49.3,38.71
3210583,-4.9579,48.3,38.69
3211304,-4.6650,48.3,38.68
3212025,-4.7326,48.3,38.66
3212746,-5.0931,48.3,38.65
3213467,-4.8227,48.3,38.64
3214188,-4.1241,48.3,38.63
3214909,-3.5156,48.3,38.61
3215630,-4.8678,48.3,38.60
3216351,-4.2593,48.3,38.59
3217072,-3.7861,48.3,38.56
3217793,-4.4847,49.3,38.55
3218514,-4.9579,48.3,38.54
3219235,-4.7326,48.3,38.53
3219956,-4.8453,49.3,38.51
3220677,-4.9805,48.3,38.50
3221398,-4.9805,48.3,38.49
3222119,-4.9805,48.3,38.48
3222840,-4.9805,48.3,38.46
3223561,-4.9805,48.3,38.45
3224282,-4.9805,48.3,38.44
3225003,-4.9805,48.3,38.42
3225724,-4.9805,48.3,38.41
3226445,-4.9805,48.3,38.39
3227166,-4.9805,48.3,38.38
3227887,-4.9805,48.3,38.37
3228608,-4.9805,48.3,38.35
3229329,-4.9805,48.3,38.34
3230050,-4.9805,48.3,38.33
3230771,-4.9805,48.3,38.31
3231492,-4.9805,48.3,38.30
3232213,-4.9805,48.3,38.29
3232934,-4.9805,48.3,38.27
3233655,-4.9805,48.3,38.26
3234376,-4.9805,48.3,38.24
3235097,-4.9805,48.3,38.22
3235818,-4.9805,48.3,38.21
3236539,-4.9805,48.3,38.20
3237260,-3.9889,48.3,38.19
3237981,-3.8762,48.3,38.17
3238702,-4.7776,48.3,38.16
3239423,-4.5748,48.3,38.14
3240144,-4.0114,48.3,38.13
3240865,-4.3945,48.3,38.12
3241586,-4.6650,48.3,38.11
3242307,-3.9663,48.3,38.10
3243028,-5.0030,48.3,38.08
3243749,-4.1692,48.3,38.07
3244470,-4.8903,48.3,38.06
3245191,-4.5072,48.3,38.04
3245912,-3.5832,48.3,38.03
3246633,-3.5607,48.3,38.02
3247354,-4.4396,48.3,38.00
3248075,-4.4396,48.3,37.99
3248796,-4.4396,48.3,37.98
3249517,-4.4396,48.3,37.97
3250238,-4.4396,48.3,37.95
3250959,-4.4396,48.3,37.94
3251680,-4.4396,48.3,37.93
3252401,-4.4396,48.3,37.91
3253122,-4.4396,48.3,37.90
3253843,-4.4396,48.3,37.89
3254564,-4.4396,48.3,37.87
# [n=4400] mean=-7.1728 m  sigma=1.2898 m  die=48.3 C  CalVal=-44
3255285,-4.4396,48.3,37.86
3256006,-4.4396,47.3,37.85
3256727,-4.4396,48.3,37.84
3257448,-4.4396,47.3,37.82
3258169,-4.4396,47.3,37.81
3258890,-4.4396,47.3,37.80
3259611,-4.4396,48.3,37.78
3260332,-4.4396,47.3,37.77
3261053,-4.4396,47.3,37.76
3261774,-4.4396,47.3,37.75
3262495,-4.4396,48.3,37.73
3263216,-4.4396,48.3,37.72
3263937,-3.1100,48.3,37.71
3264658,-3.5156,48.3,37.70
3265379,-3.7635,48.3,37.69
3266100,-4.5072,48.3,37.68
3266821,-4.3720,48.3,37.66
3267542,-3.6508,47.3,37.65
3268263,-3.2001,47.3,37.63
3268984,-3.4029,47.3,37.62
3269705,-4.1241,47.3,37.60
3270426,-4.3945,47.3,37.59
3271147,-4.4396,48.3,37.58
3271868,-4.5072,48.3,37.57
3272589,-3.4255,48.3,37.55
3273310,-3.7184,48.3,37.55
3274031,-3.7410,48.3,37.54
3274752,-3.7410,48.3,37.52
3275473,-3.7410,48.3,37.51
3276194,-3.7410,47.3,37.50
3276915,-3.7410,47.3,37.49
3277636,-3.7410,48.3,37.47
3278357,-3.7410,48.3,37.46
3279078,-3.7410,47.3,37.45
3279799,-3.7410,47.3,37.44
3280520,-3.7410,47.3,37.43
3281241,-3.7410,48.3,37.42
3281962,-3.7410,47.3,37.40
3282683,-3.7410,47.3,37.39
3283404,-3.7410,47.3,37.38
3284125,-3.7410,48.3,37.37
3284846,-3.7410,47.3,37.35
3285567,-3.7410,48.3,37.34
3286288,-3.7410,48.3,37.33
3287009,-3.7410,47.3,37.32
3287730,-3.7410,47.3,37.31
3288451,-3.7410,47.3,37.29
3289172,-3.7410,47.3,37.28
3289893,-3.7410,47.3,37.26
3290614,-3.6959,47.3,37.25
3291335,-3.6283,47.3,37.24
3292056,-3.6959,47.3,37.23
3292777,-3.2903,47.3,37.22
3293498,-4.0340,47.3,37.20
3294219,-2.9748,47.3,37.19
3294940,-2.1184,47.3,37.18
3295661,-2.8846,47.3,37.17
3296382,-3.7184,47.3,37.16
3297103,-3.5607,47.3,37.14
3297824,-3.6508,47.3,37.13
3298545,-3.6283,47.3,37.12
3299266,-4.0790,47.3,37.11
3299987,-2.4339,47.3,37.10
3300708,-3.8311,47.3,37.09
3301429,-3.8311,47.3,37.07
3302150,-3.8311,47.3,37.06
3302871,-3.8311,47.3,37.05
3303592,-3.8311,47.3,37.04
3304313,-3.8311,47.3,37.03
3305034,-3.8311,47.3,37.01
3305755,-3.8311,47.3,37.00
3306476,-3.8311,47.3,36.99
3307197,-3.8311,47.3,36.98
3307918,-3.8311,47.3,36.96
3308639,-3.8311,47.3,36.95
3309360,-3.8311,47.3,36.94
3310081,-3.8311,46.3,36.92
3310802,-3.8311,47.3,36.91
3311523,-3.8311,47.3,36.90
3312244,-3.8311,47.3,36.89
3312965,-3.8311,47.3,36.88
3313686,-3.8311,47.3,36.87
3314407,-3.8311,47.3,36.86
3315128,-3.8311,47.3,36.85
3315849,-3.8311,47.3,36.84
3316570,-3.8311,47.3,36.82
3317291,-4.2368,46.3,36.81
3318012,-3.9213,47.3,36.80
3318733,-5.2734,46.3,36.79
3319454,-4.6424,47.3,36.78
3320175,-5.1382,47.3,36.77
3320896,-4.9805,47.3,36.76
3321617,-4.8227,47.3,36.74
3322338,-4.8453,47.3,36.73
3323059,-4.9129,47.3,36.72
3323780,-4.9805,47.3,36.71
3324501,-5.3185,47.3,36.70
3325222,-5.9495,47.3,36.69
3325943,-5.4763,47.3,36.68
3326664,-5.1157,46.3,36.66
# [n=4500] mean=-7.1019 m  sigma=1.3620 m  die=46.3 C  CalVal=-43
3327385,-5.4763,47.3,36.66
3328106,-5.4763,46.3,36.65
3328827,-5.4763,46.3,36.63
3329548,-5.4763,46.3,36.61
3330269,-5.4763,47.3,36.60
3330990,-5.4763,46.3,36.59
3331711,-5.4763,47.3,36.58
3332432,-5.4763,47.3,36.57
3333153,-5.4763,47.3,36.56
3333874,-5.4763,47.3,36.55
3334595,-5.4763,47.3,36.54
3335316,-5.4763,47.3,36.52
3336037,-5.4763,47.3,36.52
3336758,-5.4763,47.3,36.51
3337479,-5.4763,46.3,36.49
3338200,-5.4763,46.3,36.48
3338921,-5.4763,46.3,36.47
3339642,-5.4763,46.3,36.46
3340363,-5.4763,46.3,36.45
3341084,-5.4763,46.3,36.44
3341805,-5.4763,46.3,36.43
3342526,-5.4763,46.3,36.42
3343247,-5.3410,46.3,36.41
3343968,-5.1833,46.3,36.40
3344689,-5.7242,46.3,36.39
3345410,-6.4678,46.3,36.37
3346131,-4.9805,46.3,36.37
3346852,-5.2284,46.3,36.36
3347573,-5.5664,46.3,36.35
3348294,-5.7692,46.3,36.33
3349015,-5.2960,46.3,36.32
3349736,-4.6875,46.3,36.31
3350457,-5.9721,46.3,36.30
3351178,-5.5439,46.3,36.29
3351899,-5.2509,46.3,36.27
3352620,-5.8819,46.3,36.27
3353341,-4.8678,46.3,36.26
3354062,-4.6199,45.3,36.24
3354783,-4.6199,46.3,36.24
3355504,-4.6199,45.3,36.23
3356225,-4.6199,46.3,36.22
3356946,-4.6199,46.3,36.21
3357667,-4.6199,46.3,36.19
3358388,-4.6199,46.3,36.18
3359109,-4.6199,46.3,36.18
3359830,-4.6199,46.3,36.17
3360551,-4.6199,46.3,36.15
3361272,-4.6199,45.3,36.14
3361993,-4.6199,46.3,36.13
3362714,-4.6199,46.3,36.13
3363435,-4.6199,46.3,36.12
3364156,-4.6199,46.3,36.11
3364877,-4.6199,46.3,36.10
3365598,-4.6199,46.3,36.09
3366319,-4.6199,46.3,36.08
3367040,-4.6199,46.3,36.07
3367761,-4.6199,46.3,36.05
3368482,-4.6199,46.3,36.05
3369203,-4.6199,46.3,36.04
3369924,-4.8903,46.3,36.02
3370645,-4.3044,46.3,36.02
3371366,-4.9579,45.3,36.00
3372087,-4.9354,45.3,35.99
3372808,-4.4396,46.3,35.98
3373529,-4.2142,45.3,35.97
3374250,-4.8453,46.3,35.96
3374971,-5.0255,45.3,35.94
3375692,-5.0481,46.3,35.94
3376413,-4.0340,46.3,35.92
3377134,-3.7861,46.3,35.92
3377855,-4.4847,46.3,35.91
3378576,-4.1016,45.3,35.89
3379297,-5.9946,46.3,35.88
3380018,-4.4171,45.3,35.88
# outlier -23.2572 die=46.3
# outlier -23.2572 die=46.3
# outlier -23.2572 die=46.3
# outlier -23.2572 die=46.3
# outlier -23.2572 die=46.3
# outlier -23.2572 die=46.3
# outlier -23.2572 die=45.3
# outlier -23.2572 die=45.3
# outlier -23.2572 die=46.3
# outlier -23.2572 die=45.3
# outlier -23.2572 die=45.3
# outlier -23.2572 die=45.3
# outlier -23.2572 die=46.3
# outlier -23.2572 die=46.3
# outlier -23.2572 die=46.3
# outlier -23.2572 die=46.3
# outlier -23.2572 die=46.3
# outlier -23.2572 die=45.3
# outlier -23.2572 die=45.3
# outlier -23.2572 die=45.3
# outlier -23.2572 die=45.3
# outlier -23.2572 die=45.3
3396601,-5.1608,45.3,35.64
3397322,-5.3410,45.3,35.63
3398043,-4.5297,45.3,35.61
3398764,-5.1157,45.3,35.61
3399485,-5.3410,45.3,35.60
3400206,-4.6875,45.3,35.59
3400927,-6.1523,45.3,35.58
3401648,-4.8002,45.3,35.57
3402369,-5.6791,46.3,35.57
3403090,-5.0255,46.3,35.55
3403811,-4.1241,46.3,35.54
3404532,-4.3044,45.3,35.54
3405253,-4.3044,45.3,35.52
3405974,-4.9129,45.3,35.51
3406695,-5.2734,45.3,35.51
3407416,-5.2734,45.3,35.49
3408137,-5.2734,45.3,35.49
3408858,-5.2734,45.3,35.48
3409579,-5.2734,45.3,35.47
3410300,-5.2734,45.3,35.46
3411021,-5.2734,45.3,35.45
3411742,-5.2734,45.3,35.44
3412463,-5.2734,45.3,35.43
3413184,-5.2734,45.3,35.42
3413905,-5.2734,45.3,35.41
3414626,-5.2734,45.3,35.40
# [n=4600] mean=-7.0576 m  sigma=1.3815 m  die=45.3 C  CalVal=-43
3415347,-5.2734,45.3,35.39
3416068,-5.2734,45.3,35.38
3416789,-5.2734,45.3,35.37
3417510,-5.2734,45.3,35.36
3418231,-5.2734,45.3,35.36
3418952,-5.2734,44.3,35.35
3419673,-5.2734,45.3,35.34
3420394,-5.2734,45.3,35.32
3421115,-5.2734,45.3,35.31
3421836,-5.2734,45.3,35.30
3422557,-5.2734,45.3,35.30
3423278,-4.8678,45.3,35.29
3423999,-4.6424,45.3,35.28
3424720,-5.2058,45.3,35.27
3425441,-5.4087,45.3,35.26
3426162,-4.2142,45.3,35.25
3426883,-5.0030,45.3,35.24
3427604,-5.4537,45.3,35.23
3428325,-5.2509,45.3,35.22
3429046,-5.0481,45.3,35.21
3429767,-4.7326,45.3,35.20
3430488,-5.3185,45.3,35.19
3431209,-4.4847,45.3,35.18
3431930,-5.0030,45.3,35.17
3432651,-5.0255,45.3,35.17
3433372,-5.2058,45.3,35.16
3434093,-5.2058,45.3,35.15
3434814,-5.2058,45.3,35.14
3435535,-5.2058,44.3,35.13
3436256,-5.2058,45.3,35.12
3436977,-5.2058,44.3,35.11
3437698,-5.2058,45.3,35.10
3438419,-5.2058,44.3,35.09
3439140,-5.2058,45.3,35.08
3439861,-5.2058,44.3,35.07
3440582,-5.2058,45.3,35.07
3441303,-5.2058,45.3,35.06
3442024,-5.2058,44.3,35.05
3442745,-5.2058,45.3,35.04
3443466,-5.2058,44.3,35.03
3444187,-5.2058,44.3,35.02
3444908,-5.2058,44.3,35.01
3445629,-5.2058,44.3,35.00
3446350,-5.2058,44.3,34.98
3447071,-5.2058,44.3,34.98
3447792,-5.2058,44.3,34.97
3448513,-5.2058,44.3,34.96
3449234,-5.2058,45.3,34.96
3449955,-4.9354,44.3,34.95
3450676,-4.6875,45.3,34.94
3451397,-5.0030,45.3,34.93
3452118,-5.3410,44.3,34.92
3452839,-4.6424,44.3,34.92
3453560,-4.9354,44.3,34.91
3454281,-5.5213,45.3,34.90
3455002,-4.6650,45.3,34.89
3455723,-5.9721,45.3,34.89
3456444,-6.1974,44.3,34.87
3457165,-5.7016,44.3,34.87
3457886,-5.4312,44.3,34.86
3458607,-5.4087,44.3,34.85
3459328,-4.9354,44.3,34.84
3460049,-5.2509,44.3,34.83
3460770,-5.2509,44.3,34.82
3461491,-5.2509,44.3,34.81
3462212,-5.2509,44.3,34.80
3462933,-5.2509,44.3,34.79
3463654,-5.2509,44.3,34.79
3464375,-5.2509,44.3,34.78
3465096,-5.2509,44.3,34.77
3465817,-5.2509,44.3,34.76
3466538,-5.2509,44.3,34.76
3467259,-5.2509,44.3,34.74
3467980,-5.2509,44.3,34.74
3468701,-5.2509,44.3,34.72
3469422,-5.2509,44.3,34.72
3470143,-5.2509,44.3,34.71
3470864,-5.2509,44.3,34.70
3471585,-5.2509,44.3,34.70
3472306,-5.2509,44.3,34.69
3473027,-5.2509,44.3,34.68
3473748,-5.2509,44.3,34.67
3474469,-5.2509,44.3,34.66
3475190,-5.2509,44.3,34.65
3475911,-5.2509,44.3,34.64
3476632,-4.9805,44.3,34.63
3477353,-5.2509,44.3,34.62
3478074,-5.2509,44.3,34.61
3478795,-6.0622,44.3,34.60
3479516,-5.4988,44.3,34.59
3480237,-5.7016,44.3,34.59
3480958,-5.6340,44.3,34.58
3481679,-5.0931,44.3,34.57
3482400,-6.3326,44.3,34.57
3483121,-5.0931,44.3,34.56
3483842,-5.5889,44.3,34.55
3484563,-5.2509,44.3,34.54
3485284,-5.6340,44.3,34.53
3486005,-4.8903,44.3,34.53
3486726,-5.4763,44.3,34.52
# [n=4700] mean=-7.0187 m  sigma=1.3926 m  die=44.3 C  CalVal=-43
3487447,-5.4763,44.3,34.51
3488168,-5.4763,44.3,34.50
3488889,-5.4763,44.3,34.49
3489610,-5.4763,44.3,34.48
3490331,-5.4763,44.3,34.48
3491052,-5.4763,44.3,34.47
3491773,-5.4763,44.3,34.46
3492494,-5.4763,44.3,34.45
3493215,-5.4763,44.3,34.44
3493936,-5.4763,44.3,34.43
3494657,-5.4763,44.3,34.43
3495378,-5.4763,44.3,34.42
3496099,-5.4763,44.3,34.41
3496820,-5.4763,44.3,34.40
3497541,-5.4763,44.3,34.39
3498262,-5.4763,44.3,34.39
3498983,-5.4763,44.3,34.37
3499704,-5.4763,44.3,34.37
3500425,-5.4763,44.3,34.36
3501146,-5.4763,44.3,34.35
3501867,-5.4763,44.3,34.34
3502588,-5.4763,44.3,34.33
3503309,-4.3720,44.3,34.32
3504030,-4.5748,44.3,34.31
3504751,-5.2058,44.3,34.30
3505472,-5.2734,44.3,34.29
3506193,-4.5974,44.3,34.29
3506914,-5.0481,44.3,34.29
3507635,-5.3185,44.3,34.28
3508356,-5.3410,43.3,34.27
3509077,-4.5072,44.3,34.26
3509798,-4.3945,44.3,34.25
3510519,-4.6650,44.3,34.24
3511240,-5.5439,44.3,34.24
3511961,-5.2284,44.3,34.23
3512682,-5.2734,44.3,34.22
3513403,-4.8227,44.3,34.21
3514124,-4.8227,44.3,34.20
3514845,-4.8227,44.3,34.19
3515566,-4.8227,44.3,34.19
3516287,-4.8227,44.3,34.18
3517008,-4.8227,44.3,34.18
3517729,-4.8227,44.3,34.17
3518450,-4.8227,44.3,34.16
3519171,-4.8227,44.3,34.15
3519892,-4.8227,44.3,34.14
3520613,-4.8227,44.3,34.13
3521334,-4.8227,44.3,34.13
3522055,-4.8227,44.3,34.12
3522776,-4.8227,44.3,34.12
3523497,-4.8227,44.3,34.11
3524218,-4.8227,43.3,34.10
3524939,-4.8227,43.3,34.09
3525660,-4.8227,44.3,34.09
3526381,-4.8227,44.3,34.08
3527102,-4.8227,44.3,34.07
3527823,-4.8227,44.3,34.06
3528544,-4.8227,44.3,34.05
3529265,-4.8227,43.3,34.05
3529986,-5.7016,44.3,34.04
3530707,-5.5213,44.3,34.03
3531428,-5.6340,43.3,34.02
3532149,-5.8143,44.3,34.01
3532870,-5.6791,44.3,34.01
3533591,-5.8594,44.3,34.00
3534312,-4.9579,44.3,33.99
3535033,-6.0847,44.3,33.98
3535754,-5.1608,44.3,33.98
3536475,-4.7326,44.3,33.97
3537196,-5.9044,44.3,33.96
3537917,-5.0030,44.3,33.95
3538638,-5.5889,43.3,33.95
3539359,-5.8819,44.3,33.94
3540080,-5.6791,44.3,33.93
3540801,-5.6791,44.3,33.92
3541522,-5.6791,44.3,33.92
3542243,-5.6791,44.3,33.92
3542964,-5.6791,43.3,33.90
3543685,-5.6791,43.3,33.90
3544406,-5.6791,43.3,33.89
3545127,-5.6791,43.3,33.88
3545848,-5.6791,43.3,33.88
3546569,-5.6791,43.3,33.87
3547290,-5.6791,44.3,33.86
3548011,-5.6791,44.3,33.85
3548732,-5.6791,43.3,33.85
3549453,-5.6791,43.3,33.84
3550174,-5.6791,43.3,33.84
3550895,-5.6791,43.3,33.83
3551616,-5.6791,43.3,33.81
3552337,-5.6791,43.3,33.81
3553058,-5.6791,43.3,33.81
3553779,-5.6791,44.3,33.80
3554500,-5.6791,44.3,33.79
3555221,-5.6791,43.3,33.78
3555942,-5.6791,44.3,33.78
3556663,-5.4537,43.3,33.77
3557384,-5.0931,43.3,33.76
3558105,-4.7326,44.3,33.75
3558826,-5.7918,43.3,33.75
# [n=4800] mean=-6.9829 m  sigma=1.4009 m  die=43.3 C  CalVal=-43
3559547,-6.4678,43.3,33.75
3560268,-5.7242,43.3,33.73
3560989,-4.8903,43.3,33.73
3561710,-6.6256,43.3,33.72
3562431,-6.4678,43.3,33.71
3563152,-6.5355,43.3,33.70
3563873,-5.9495,43.3,33.69
3564594,-5.6340,43.3,33.68
3565315,-5.5889,43.3,33.68
3566036,-6.4904,43.3,33.67
3566757,-5.8594,43.3,33.67
3567478,-5.8594,43.3,33.66
3568199,-5.8594,43.3,33.66
3568920,-5.8594,44.3,33.65
3569641,-5.8594,44.3,33.64
3570362,-5.8594,44.3,33.64
3571083,-5.8594,44.3,33.63
3571804,-5.8594,43.3,33.62
3572525,-5.8594,43.3,33.62
3573246,-5.8594,43.3,33.61
3573967,-5.8594,43.3,33.60
3574688,-5.8594,43.3,33.59
3575409,-5.8594,43.3,33.58
3576130,-5.8594,43.3,33.58
3576851,-5.8594,44.3,33.58
3577572,-5.8594,43.3,33.57
3578293,-5.8594,43.3,33.56
3579014,-5.8594,43.3,33.55
3579735,-5.8594,43.3,33.55
3580456,-5.8594,43.3,33.54
3581177,-5.8594,43.3,33.53
3581898,-5.8594,43.3,33.53
3582619,-5.8594,43.3,33.53
3583340,-5.4312,43.3,33.52
3584061,-6.5805,43.3,33.51
3584782,-6.3101,43.3,33.51
3585503,-5.3185,43.3,33.50
3586224,-5.6791,43.3,33.49
3586945,-4.6650,43.3,33.49
3587666,-5.5889,43.3,33.48
3588387,-4.7776,42.3,33.48
3589108,-5.0931,42.3,33.47
3589829,-4.9129,43.3,33.46
3590550,-6.4678,43.3,33.45
3591271,-5.4537,43.3,33.45
3591992,-6.2876,43.3,33.44
3592713,-5.3861,43.3,33.44
3593434,-5.7016,43.3,33.43
3594155,-5.7016,43.3,33.42
3594876,-5.7016,43.3,33.41
3595597,-5.7016,43.3,33.41
3596318,-5.7016,43.3,33.40
3597039,-5.7016,43.3,33.39
3597760,-5.7016,43.3,33.38
3598481,-5.7016,42.3,33.38
3599202,-5.7016,42.3,33.37
3599923,-5.7016,43.3,33.36
3600644,-5.7016,43.3,33.36
3601365,-5.7016,42.3,33.35
3602086,-5.7016,43.3,33.34
3602807,-5.7016,43.3,33.34
3603528,-5.7016,43.3,33.33
3604249,-5.7016,43.3,33.32
3604970,-5.7016,43.3,33.32
3605691,-5.7016,43.3,33.31
3606412,-5.7016,42.3,33.30
3607133,-5.7016,42.3,33.30
3607854,-5.7016,43.3,33.29
3608575,-5.7016,43.3,33.29
3609296,-5.7016,43.3,33.28
3610017,-6.4228,43.3,33.28
3610738,-5.5664,43.3,33.27
3611459,-5.9721,43.3,33.26
3612180,-5.7016,42.3,33.26
3612901,-5.1382,42.3,33.25
3613622,-6.1974,42.3,33.24
3614343,-6.7157,42.3,33.23
3615064,-6.1523,42.3,33.23
3615785,-6.1073,42.3,33.22
3616506,-5.9721,43.3,33.22
3617227,-6.4002,42.3,33.21
3617948,-5.8819,42.3,33.20
3618669,-6.8059,42.3,33.20
3619390,-6.9186,42.3,33.19
3620111,-5.9270,42.3,33.19
3620832,-5.9270,42.3,33.18
3621553,-5.9270,43.3,33.18
3622274,-5.9270,42.3,33.17
3622995,-5.9270,42.3,33.16
3623716,-5.9270,42.3,33.15
3624437,-5.9270,42.3,33.15
3625158,-5.9270,43.3,33.14
3625879,-5.9270,42.3,33.14
3626600,-5.9270,43.3,33.13
3627321,-5.9270,43.3,33.13
3628042,-5.9270,42.3,33.12
3628763,-5.9270,42.3,33.12
3629484,-5.9270,42.3,33.11
3630205,-5.9270,43.3,33.10
3630926,-5.9270,43.3,33.09
# [n=4900] mean=-6.9598 m  sigma=1.3968 m  die=43.3 C  CalVal=-42
3631647,-5.9270,43.3,33.09
3632368,-5.9270,43.3,33.08
3633089,-5.9270,42.3,33.07
3633810,-5.9270,43.3,33.07
3634531,-5.9270,43.3,33.06
3635252,-5.9270,42.3,33.05
3635973,-5.9270,43.3,33.05
3636694,-5.7918,42.3,33.04
3637415,-5.7918,42.3,33.03
3638136,-5.9495,42.3,33.03
3638857,-5.8143,42.3,33.02
3639578,-6.8960,42.3,33.02
3640299,-6.6481,42.3,33.01
3641020,-6.9862,42.3,33.00
3641741,-6.1298,42.3,33.00
3642462,-6.8510,41.3,32.99
3643183,-5.9270,42.3,32.99
3643904,-5.8819,42.3,32.98
3644625,-6.1523,42.3,32.97
3645346,-6.1523,43.3,32.97
3646067,-6.1974,42.3,32.96
3646788,-5.8143,43.3,32.96
3647509,-5.8143,42.3,32.95
3648230,-5.8143,42.3,32.94
3648951,-5.8143,42.3,32.94
3649672,-5.8143,42.3,32.93
3650393,-5.8143,42.3,32.93
3651114,-5.8143,42.3,32.92
3651835,-5.8143,42.3,32.92
3652556,-5.8143,42.3,32.91
3653277,-5.8143,42.3,32.90
3653998,-5.8143,42.3,32.90
3654719,-5.8143,42.3,32.90
3655440,-5.8143,42.3,32.89
3656161,-5.8143,42.3,32.88
3656882,-5.8143,42.3,32.87
3657603,-5.8143,42.3,32.87
3658324,-5.8143,43.3,32.87
3659045,-5.8143,42.3,32.86
3659766,-5.8143,42.3,32.86
3660487,-5.8143,42.3,32.85
3661208,-5.8143,42.3,32.85
3661929,-5.8143,42.3,32.84
3662650,-5.8143,42.3,32.83
3663371,-6.7608,42.3,32.82
3664092,-6.8735,42.3,32.81
3664813,-6.4904,42.3,32.81
3665534,-6.1974,42.3,32.81
3666255,-6.8284,42.3,32.80
3666976,-6.0847,42.3,32.79
3667697,-7.2566,42.3,32.79
3668418,-5.5664,42.3,32.79
3669139,-6.8284,42.3,32.78
3669860,-6.5355,42.3,32.78
3670581,-6.0171,42.3,32.77
3671302,-5.8819,42.3,32.77
3672023,-6.7157,41.3,32.76
3672744,-6.1073,41.3,32.75
3673465,-6.3552,41.3,32.75
3674186,-6.3552,42.3,32.74
3674907,-6.3552,41.3,32.73
3675628,-6.3552,42.3,32.73
3676349,-6.3552,42.3,32.72
3677070,-6.3552,42.3,32.72
3677791,-6.3552,42.3,32.71
3678512,-6.3552,42.3,32.71
3679233,-6.3552,42.3,32.70
3679954,-6.3552,42.3,32.70
3680675,-6.3552,43.3,32.69
3681396,-6.3552,42.3,32.69
3682117,-6.3552,42.3,32.68
3682838,-6.3552,42.3,32.67
3683559,-6.3552,42.3,32.67
3684280,-6.3552,42.3,32.66
3685001,-6.3552,42.3,32.65
3685722,-6.3552,41.3,32.65
3686443,-6.3552,41.3,32.65
3687164,-6.3552,42.3,32.64
3687885,-6.3552,42.3,32.64
3688606,-6.3552,41.3,32.63
3689327,-6.3552,41.3,32.62
3690048,-6.2200,42.3,32.62
3690769,-5.4763,41.3,32.62
3691490,-6.0171,42.3,32.61
3692211,-6.1749,42.3,32.61
3692932,-6.8960,41.3,32.60
3693653,-6.2200,41.3,32.59
3694374,-6.0622,41.3,32.59
3695095,-6.1974,41.3,32.59
3695816,-6.2425,42.3,32.58
3696537,-6.1974,42.3,32.57
3697258,-6.8960,42.3,32.56
3697979,-6.8735,42.3,32.56
3698700,-6.2425,43.3,32.56
3699421,-6.2876,42.3,32.55
3700142,-6.5355,42.3,32.54
3700863,-6.5355,42.3,32.54
3701584,-6.5355,42.3,32.53
3702305,-6.5355,42.3,32.53
3703026,-6.5355,42.3,32.52
# [n=5000] mean=-6.9445 m  sigma=1.3879 m  die=42.3 C  CalVal=-42
3703747,-6.5355,42.3,32.51
3704468,-6.5355,42.3,32.51
3705189,-6.5355,41.3,32.51
3705910,-6.5355,41.3,32.50
3706631,-6.5355,41.3,32.49
3707352,-6.5355,41.3,32.49
3708073,-6.5355,41.3,32.49
3708794,-6.5355,41.3,32.48
3709515,-6.5355,42.3,32.48
3710236,-6.5355,42.3,32.47
3710957,-6.5355,42.3,32.47
3711678,-6.5355,42.3,32.46
3712399,-6.5355,42.3,32.45
3713120,-6.5355,42.3,32.45
3713841,-6.5355,42.3,32.44
3714562,-6.5355,42.3,32.44
3715283,-6.5355,42.3,32.43
3716004,-6.5355,41.3,32.42
3716725,-6.0397,42.3,32.42
3717446,-6.3101,42.3,32.42
3718167,-5.9270,41.3,32.41
3718888,-6.1523,42.3,32.40
3719609,-6.1298,42.3,32.40
3720330,-6.8059,41.3,32.39
3721051,-5.9721,41.3,32.39
3721772,-6.0622,41.3,32.38
3722493,-6.9411,41.3,32.38
3723214,-6.8960,41.3,32.38
3723935,-7.1665,41.3,32.37
3724656,-6.9636,41.3,32.37
3725377,-6.8735,41.3,32.36
3726098,-6.2425,41.3,32.36
3726819,-6.0397,42.3,32.35
3727540,-6.0397,42.3,32.35
3728261,-6.0397,41.3,32.35
3728982,-6.0397,41.3,32.34
3729703,-6.0397,41.3,32.34
3730424,-6.0397,41.3,32.33
3731145,-6.0397,41.3,32.33
3731866,-6.0397,41.3,32.32
3732587,-6.0397,41.3,32.32
3733308,-6.0397,41.3,32.31
3734029,-6.0397,41.3,32.31
3734750,-6.0397,41.3,32.30
3735471,-6.0397,41.3,32.30
3736192,-6.0397,41.3,32.29
3736913,-6.0397,41.3,32.29
3737634,-6.0397,41.3,32.28
3738355,-6.0397,41.3,32.28
3739076,-6.0397,41.3,32.27
3739797,-6.0397,41.3,32.27
3740518,-6.0397,41.3,32.26
3741239,-6.0397,41.3,32.26
3741960,-6.0397,41.3,32.26
3742681,-6.0397,41.3,32.25
3743402,-6.2650,41.3,32.24
3744123,-6.5805,41.3,32.24
3744844,-6.1749,41.3,32.24
3745565,-6.8735,41.3,32.23
3746286,-5.9946,41.3,32.22
3747007,-6.1523,41.3,32.22
3747728,-6.8735,41.3,32.21
3748449,-7.0087,41.3,32.21
3749170,-7.0538,41.3,32.21
3749891,-6.1523,41.3,32.20
3750612,-6.1974,41.3,32.19
3751333,-6.9862,41.3,32.19
3752054,-5.9270,41.3,32.19
3752775,-5.9721,42.3,32.18
3753496,-6.1974,41.3,32.18
3754217,-6.1974,41.3,32.17
3754938,-6.1974,41.3,32.17
3755659,-6.1974,41.3,32.16
3756380,-6.1974,41.3,32.16
3757101,-6.1974,41.3,32.16
3757822,-6.1974,41.3,32.15
3758543,-6.1974,41.3,32.15
3759264,-6.1974,41.3,32.14
3759985,-6.1974,41.3,32.13
3760706,-6.1974,41.3,32.12
3761427,-6.1974,41.3,32.13
3762148,-6.1974,41.3,32.12
3762869,-6.1974,41.3,32.12
3763590,-6.1974,41.3,32.11
3764311,-6.1974,41.3,32.11
3765032,-6.1974,41.3,32.10
3765753,-6.1974,41.3,32.09
3766474,-6.1974,41.3,32.09
3767195,-6.1974,41.3,32.08
3767916,-6.1974,41.3,32.08
3768637,-6.1974,41.3,32.07
3769358,-6.1974,41.3,32.07
3770079,-6.1749,41.3,32.07
3770800,-5.7016,41.3,32.06
3771521,-6.3101,41.3,32.06
3772242,-6.7608,41.3,32.05
3772963,-6.9186,41.3,32.05
3773684,-6.4453,41.3,32.04
3774405,-6.4228,41.3,32.04
3775126,-7.0538,41.3,32.03
# [n=5100] mean=-6.9322 m  sigma=1.3777 m  die=41.3 C  CalVal=-42
3775847,-7.1439,41.3,32.03
3776568,-7.1890,41.3,32.02
3777289,-6.6031,41.3,32.02
3778010,-7.1439,41.3,32.02
3778731,-7.0312,41.3,32.01
3779452,-6.9411,41.3,32.01
3780173,-6.2200,41.3,32.00
3780894,-6.2200,41.3,32.00
3781615,-6.2200,41.3,31.99
3782336,-6.2200,41.3,31.99
3783057,-6.2200,41.3,31.98
3783778,-6.2200,41.3,31.98
3784499,-6.2200,41.3,31.98
3785220,-6.2200,41.3,31.97
3785941,-6.2200,41.3,31.97
3786662,-6.2200,41.3,31.96
3787383,-6.2200,41.3,31.96
3788104,-6.2200,41.3,31.95
3788825,-6.2200,41.3,31.95
3789546,-6.2200,41.3,31.95
3790267,-6.2200,41.3,31.94
3790988,-6.2200,41.3,31.94
3791709,-6.2200,41.3,31.93
3792430,-6.2200,41.3,31.93
3793151,-6.2200,41.3,31.92
3793872,-6.2200,41.3,31.92
3794593,-6.2200,41.3,31.91
3795314,-6.2200,41.3,31.91
3796035,-6.2200,41.3,31.90
3796756,-6.0397,41.3,31.90
3797477,-6.3777,41.3,31.90
3798198,-6.3552,41.3,31.89
3798919,-7.2115,41.3,31.89
3799640,-7.0989,41.3,31.88
3800361,-6.5580,41.3,31.88
3801082,-5.9270,41.3,31.87
3801803,-6.4228,41.3,31.88
3802524,-7.3468,41.3,31.87
3803245,-5.6565,41.3,31.86
3803966,-6.5129,41.3,31.86
3804687,-6.5580,41.3,31.86
3805408,-6.4678,41.3,31.85
3806129,-7.0538,41.3,31.85
3806850,-5.9721,41.3,31.84
3807571,-5.9721,41.3,31.84
3808292,-5.9721,41.3,31.83
3809013,-5.9721,41.3,31.83
3809734,-5.9721,41.3,31.82
3810455,-5.9721,41.3,31.82
3811176,-5.9721,41.3,31.82
3811897,-5.9721,41.3,31.81
3812618,-5.9721,41.3,31.80
3813339,-5.9721,41.3,31.80
3814060,-5.9721,41.3,31.80
3814781,-5.9721,41.3,31.80
3815502,-5.9721,41.3,31.78
3816223,-5.9721,41.3,31.78
3816944,-5.9721,41.3,31.77
3817665,-5.9721,41.3,31.77
3818386,-5.9721,41.3,31.77
3819107,-5.9721,41.3,31.76
3819828,-5.9721,41.3,31.76
3820549,-5.9721,41.3,31.75
3821270,-5.9721,41.3,31.75
3821991,-5.9721,41.3,31.75
3822712,-5.9721,41.3,31.74
3823433,-6.2200,41.3,31.74
3824154,-6.4002,41.3,31.73
3824875,-6.5805,41.3,31.72
3825596,-6.7608,41.3,31.72
3826317,-6.1298,41.3,31.72
3827038,-6.1974,41.3,31.71
3827759,-6.5355,41.3,31.70
3828480,-6.6031,41.3,31.70
3829201,-6.6031,41.3,31.70
3829922,-6.5129,41.3,31.69
3830643,-6.6256,41.3,31.70
3831364,-6.4002,41.3,31.69
3832085,-6.8059,41.3,31.69
3832806,-6.3777,41.3,31.68
3833527,-6.7383,41.3,31.67
3834248,-6.7383,41.3,31.67
3834969,-6.7383,41.3,31.67
3835690,-6.7383,41.3,31.66
3836411,-6.7383,41.3,31.66
3837132,-6.7383,41.3,31.65
3837853,-6.7383,41.3,31.65
3838574,-6.7383,41.3,31.64
3839295,-6.7383,41.3,31.64
3840016,-6.7383,41.3,31.64
3840737,-6.7383,41.3,31.63
3841458,-6.7383,41.3,31.63
3842179,-6.7383,41.3,31.63
3842900,-6.7383,41.3,31.62
3843621,-6.7383,41.3,31.62
3844342,-6.7383,41.3,31.61
3845063,-6.7383,41.3,31.61
3845784,-6.7383,41.3,31.60
3846505,-6.7383,41.3,31.60
3847226,-6.7383,41.3,31.60
# [n=5200] mean=-6.9218 m  sigma=1.3674 m  die=41.3 C  CalVal=-42
3847947,-6.7383,41.3,31.59
3848668,-6.7383,41.3,31.58
3849389,-6.7383,41.3,31.58
3850110,-7.1665,41.3,31.58
3850831,-5.9721,41.3,31.57
3851552,-6.9862,41.3,31.57
3852273,-6.4228,41.3,31.57
3852994,-6.4453,41.3,31.56
3853715,-6.2876,41.3,31.55
3854436,-6.8284,41.3,31.55
3855157,-6.5805,41.3,31.55
3855878,-6.2876,41.3,31.55
3856599,-6.8735,41.3,31.54
3857320,-7.0538,41.3,31.54
3858041,-6.5580,41.3,31.53
3858762,-6.1974,41.3,31.53
3859483,-6.1073,41.3,31.53
3860204,-7.4820,41.3,31.52
3860925,-7.4820,41.3,31.52
3861646,-7.4820,41.3,31.51
3862367,-7.4820,41.3,31.51
3863088,-7.4820,41.3,31.50
3863809,-7.4820,41.3,31.50
3864530,-7.4820,41.3,31.50
3865251,-7.4820,41.3,31.49
3865972,-7.4820,41.3,31.49
3866693,-7.4820,41.3,31.48
3867414,-7.4820,41.3,31.48
3868135,-7.4820,41.3,31.48
3868856,-7.4820,41.3,31.47
3869577,-7.4820,40.3,31.47
3870298,-7.4820,41.3,31.46
3871019,-7.4820,41.3,31.46
3871740,-7.4820,41.3,31.46
3872461,-7.4820,41.3,31.45
3873182,-7.4820,41.3,31.44
3873903,-7.4820,41.3,31.44
3874624,-7.4820,41.3,31.43
3875345,-7.4820,41.3,31.43
3876066,-7.4820,41.3,31.42
3876787,-6.8510,41.3,31.42
3877508,-6.0397,41.3,31.42
3878229,-7.5496,40.3,31.42
3878950,-7.0312,40.3,31.41
3879671,-6.8059,41.3,31.41
3880392,-6.7608,40.3,31.40
3881113,-6.3552,41.3,31.40
3881834,-6.7157,41.3,31.39
3882555,-5.7016,40.3,31.39
3883276,-6.7834,41.3,31.39
3883997,-7.3242,40.3,31.38
3884718,-6.2650,40.3,31.38
3885439,-6.4002,40.3,31.37
3886160,-7.0538,40.3,31.37
3886881,-6.8960,41.3,31.37
3887602,-6.8960,40.3,31.36
3888323,-6.8960,41.3,31.36
3889044,-6.8960,41.3,31.36
3889765,-6.8960,41.3,31.35
3890486,-6.8960,40.3,31.36
3891207,-6.8960,40.3,31.35
3891928,-6.8960,40.3,31.34
3892649,-6.8960,40.3,31.34
3893370,-6.8960,40.3,31.33
3894091,-6.8960,41.3,31.33
3894812,-6.8960,40.3,31.33
3895533,-6.8960,41.3,31.32
3896254,-6.8960,40.3,31.32
3896975,-6.8960,40.3,31.31
3897696,-6.8960,40.3,31.31
3898417,-6.8960,40.3,31.31
3899138,-6.8960,40.3,31.31
3899859,-6.8960,40.3,31.30
3900580,-6.8960,40.3,31.30
3901301,-6.8960,40.3,31.29
3902022,-6.8960,40.3,31.29
3902743,-6.8960,40.3,31.29
3903464,-6.5355,40.3,31.28
3904185,-7.0312,40.3,31.28
3904906,-7.4144,40.3,31.27
3905627,-6.7383,41.3,31.27
3906348,-7.4144,40.3,31.27
3907069,-7.7299,40.3,31.27
3907790,-7.0989,40.3,31.26
3908511,-6.6932,41.3,31.26
3909232,-7.1214,41.3,31.26
3909953,-6.4678,41.3,31.25
3910674,-6.6707,41.3,31.25
3911395,-6.7608,41.3,31.24
3912116,-6.5580,40.3,31.24
3912837,-6.5580,40.3,31.24
3913558,-6.5805,41.3,31.23
3914279,-6.5805,40.3,31.23
3915000,-6.5805,41.3,31.23
3915721,-6.5805,40.3,31.22
3916442,-6.5805,40.3,31.22
3917163,-6.5805,40.3,31.21
3917884,-6.5805,40.3,31.21
3918605,-6.5805,40.3,31.21
3919326,-6.5805,40.3,31.20
# [n=5300] mean=-6.9219 m  sigma=1.3557 m  die=40.3 C  CalVal=-42
3920047,-6.5805,40.3,31.20
3920768,-6.5805,40.3,31.20
3921489,-6.5805,40.3,31.19
3922210,-6.5805,40.3,31.19
3922931,-6.5805,40.3,31.19
3923652,-6.5805,40.3,31.19
3924373,-6.5805,40.3,31.18
3925094,-6.5805,40.3,31.18
3925815,-6.5805,40.3,31.17
3926536,-6.5805,40.3,31.17
3927257,-6.5805,40.3,31.17
3927978,-6.5805,40.3,31.16
3928699,-6.5805,40.3,31.16
3929420,-6.1298,40.3,31.16
3930141,-6.1298,40.3,31.15
3930862,-6.4002,40.3,31.15
3931583,-6.8284,40.3,31.15
3932304,-6.7383,40.3,31.14
3933025,-6.4228,40.3,31.14
3933746,-6.8284,40.3,31.13
3934467,-6.7608,40.3,31.13
3935188,-7.5270,40.3,31.12
3935909,-7.2566,40.3,31.11
3936630,-7.4594,40.3,31.11
3937351,-7.5270,40.3,31.12
3938072,-6.3101,40.3,31.11
3938793,-6.8284,40.3,31.10
3939514,-7.4144,40.3,31.10
3940235,-7.2791,40.3,31.10
3940956,-7.2791,40.3,31.10
3941677,-7.2791,40.3,31.09
3942398,-7.2791,40.3,31.09
3943119,-7.2791,40.3,31.08
3943840,-7.2791,40.3,31.08
3944561,-7.2791,40.3,31.08
3945282,-7.2791,40.3,31.07
3946003,-7.2791,40.3,31.07
3946724,-7.2791,40.3,31.07
3947445,-7.2791,40.3,31.07
3948166,-7.2791,40.3,31.06
3948887,-7.2791,40.3,31.06
3949608,-7.2791,40.3,31.05
3950329,-7.2791,40.3,31.05
3951050,-7.2791,40.3,31.05
3951771,-7.2791,40.3,31.05
3952492,-7.2791,40.3,31.04
3953213,-7.2791,39.3,31.04
3953934,-7.2791,39.3,31.03
3954655,-7.2791,40.3,31.03
3955376,-7.2791,40.3,31.03
3956097,-6.5355,40.3,31.03
3956818,-7.4369,40.3,31.02
3957539,-7.7524,40.3,31.02
3958260,-7.7749,40.3,31.02
3958981,-7.6848,40.3,31.02
3959702,-6.8510,40.3,31.01
3960423,-7.5721,40.3,31.01
3961144,-7.0312,40.3,31.00
3961865,-6.7608,40.3,31.00
3962586,-7.0087,40.3,31.00
3963307,-6.8960,40.3,30.99
3964028,-6.8510,40.3,30.99
3964749,-7.5721,40.3,30.99
3965470,-6.8735,40.3,30.99
3966191,-6.8735,40.3,30.98
3966912,-18.9754,40.3,30.98
3967633,-18.9754,40.3,30.97
3968354,-18.9754,40.3,30.97
3969075,-18.9754,40.3,30.97
3969796,-18.9754,40.3,30.96
3970517,-18.9754,40.3,30.96
3971238,-18.9754,40.3,30.95
3971959,-18.9754,40.3,30.96
3972680,-18.9754,40.3,30.95
3973401,-18.9754,40.3,30.95
3974122,-18.9754,40.3,30.95
3974843,-18.9754,40.3,30.94
3975564,-18.9754,40.3,30.94
3976285,-18.9754,40.3,30.93
3977006,-18.9754,40.3,30.93
3977727,-18.9754,40.3,30.92
3978448,-18.9754,40.3,30.92
3979169,-18.9754,40.3,30.92
3979890,-18.9754,40.3,30.92
3980611,-18.9754,40.3,30.91
3981332,-18.9754,40.3,30.91
3982053,-18.9754,40.3,30.90
3982774,-5.7692,40.3,30.90
3983495,-6.9186,40.3,30.90
3984216,-6.9186,40.3,30.90
3984937,-7.9327,40.3,30.89
3985658,-6.8960,40.3,30.89
3986379,-7.5270,40.3,30.89
3987100,-6.8059,40.3,30.88
3987821,-6.9186,40.3,30.88
3988542,-7.9327,40.3,30.88
3989263,-7.5045,40.3,30.88
3989984,-7.0763,40.3,30.87
3990705,-7.0763,40.3,30.88
3991426,-6.9186,40.3,30.87
# [n=5400] mean=-6.9725 m  sigma=1.5479 m  die=40.3 C  CalVal=-43
3992147,-6.5580,40.3,30.86
3992868,-6.5580,40.3,30.86
3993589,-6.5580,40.3,30.86
3994310,-6.5580,40.3,30.85
3995031,-6.5580,40.3,30.85
3995752,-6.5580,40.3,30.85
3996473,-6.5580,40.3,30.85
3997194,-6.5580,40.3,30.84
3997915,-6.5580,39.3,30.83
3998636,-6.5580,40.3,30.83
3999357,-6.5580,40.3,30.83
4000078,-6.5580,39.3,30.83
4000799,-6.5580,40.3,30.82
4001520,-6.5580,40.3,30.82
4002241,-6.5580,40.3,30.81
4002962,-6.5580,40.3,30.81
4003683,-6.5580,40.3,30.81
4004404,-6.5580,40.3,30.81
4005125,-6.5580,40.3,30.80
4005846,-6.5580,40.3,30.80
4006567,-6.5580,40.3,30.79
4007288,-6.5580,40.3,30.79
4008009,-6.5580,40.3,30.79
4008730,-6.5580,40.3,30.78
4009451,-6.7383,40.3,30.78
4010172,-7.7073,39.3,30.77
4010893,-7.2341,39.3,30.77
4011614,-7.3468,39.3,30.77
4012335,-7.0087,40.3,30.77
4013056,-6.7383,39.3,30.76
4013777,-7.0538,39.3,30.76
4014498,-7.4820,39.3,30.76
4015219,-7.8200,39.3,30.76
4015940,-7.7299,40.3,30.75
4016661,-6.9636,40.3,30.75
4017382,-6.9186,40.3,30.75
4018103,-7.7299,39.3,30.74
4018824,-7.7524,39.3,30.74
4019545,-7.5721,40.3,30.74
4020266,-7.5721,40.3,30.73
4020987,-7.5721,40.3,30.73
4021708,-7.5721,40.3,30.73
4022429,-7.5721,40.3,30.72
4023150,-7.5721,40.3,30.72
4023871,-7.5721,40.3,30.71
4024592,-7.5721,40.3,30.72
4025313,-7.5721,39.3,30.71
4026034,-7.5721,39.3,30.71
4026755,-7.5721,39.3,30.70
4027476,-7.5721,39.3,30.70
4028197,-7.5721,40.3,30.70
4028918,-7.5721,40.3,30.70
4029639,-7.5721,40.3,30.69
4030360,-7.5721,40.3,30.69
4031081,-7.5721,39.3,30.69
4031802,-7.5721,39.3,30.69
4032523,-7.5721,39.3,30.68
4033244,-7.5721,39.3,30.67
4033965,-7.5721,39.3,30.68
4034686,-7.5721,39.3,30.67
4035407,-7.5721,40.3,30.67
4036128,-6.3777,40.3,30.67
4036849,-7.7073,40.3,30.66
4037570,-7.4144,40.3,30.67
4038291,-7.8200,40.3,30.66
4039012,-6.9862,40.3,30.66
4039733,-7.5947,39.3,30.65
4040454,-7.6172,40.3,30.65
4041175,-7.4820,39.3,30.65
4041896,-6.2650,39.3,30.65
4042617,-7.1439,39.3,30.64
4043338,-7.6172,40.3,30.64
4044059,-7.7299,40.3,30.63
4044780,-7.0763,39.3,30.63
4045501,-7.5496,39.3,30.63
4046222,-7.6397,39.3,30.63
4046943,-7.6397,39.3,30.62
4047664,-7.6397,39.3,30.62
4048385,-7.6397,39.3,30.61
4049106,-7.6397,39.3,30.61
4049827,-7.6397,39.3,30.61
4050548,-7.6397,40.3,30.61
4051269,-7.6397,40.3,30.60
4051990,-7.6397,40.3,30.61
4052711,-7.6397,40.3,30.60
4053432,-7.6397,39.3,30.60
4054153,-7.6397,40.3,30.60
4054874,-7.6397,40.3,30.59
4055595,-7.6397,40.3,30.59
4056316,-7.6397,40.3,30.59
4057037,-7.6397,40.3,30.58
4057758,-7.6397,40.3,30.58
4058479,-7.6397,40.3,30.58
4059200,-7.6397,40.3,30.58
4059921,-7.6397,39.3,30.57
4060642,-7.6397,39.3,30.57
4061363,-7.6397,39.3,30.57
4062084,-7.6397,39.3,30.57
4062805,-6.6256,39.3,30.56
4063526,-7.6848,39.3,30.56
# [n=5500] mean=-6.9777 m  sigma=1.5356 m  die=39.3 C  CalVal=-43
4064247,-7.8651,39.3,30.55
4064968,-7.1890,39.3,30.56
4065689,-6.8059,40.3,30.55
4066410,-7.0312,40.3,30.55
4067131,-7.0312,40.3,30.55
4067852,-6.7608,39.3,30.54
4068573,-6.8735,40.3,30.54
4069294,-6.9411,39.3,30.54
4070015,-6.4453,40.3,30.53
4070736,-7.0087,39.3,30.53
4071457,-7.6623,40.3,30.53
4072178,-7.6397,40.3,30.52
4072899,-7.0087,40.3,30.52
4073620,-7.0087,39.3,30.52
4074341,-7.0087,39.3,30.51
4075062,-7.0087,39.3,30.51
4075783,-7.0087,39.3,30.50
4076504,-7.0087,39.3,30.51
4077225,-7.0087,39.3,30.50
4077946,-7.0087,39.3,30.50
4078667,-7.0087,39.3,30.50
4079388,-7.0087,39.3,30.49
4080109,-7.0087,39.3,30.50
4080830,-7.0087,39.3,30.49
4081551,-7.0087,40.3,30.48
4082272,-7.0087,40.3,30.48
4082993,-7.0087,40.3,30.48
4083714,-7.0087,40.3,30.48
4084435,-7.0087,39.3,30.48
4085156,-7.0087,40.3,30.47
4085877,-7.0087,39.3,30.47
4086598,-7.0087,39.3,30.47
4087319,-7.0087,39.3,30.46
4088040,-7.0087,40.3,30.46
4088761,-7.0087,40.3,30.46
4089482,-7.7749,40.3,30.46
4090203,-7.1890,40.3,30.45
4090924,-7.8876,40.3,30.45
4091645,-7.6623,40.3,30.45
4092366,-7.1665,40.3,30.44
4093087,-7.4144,39.3,30.43
4093808,-6.9186,39.3,30.43
4094529,-7.2566,39.3,30.44
4095250,-7.8200,39.3,30.43
4095971,-6.2650,39.3,30.42
4096692,-6.8960,39.3,30.42
4097413,-6.8284,39.3,30.42
4098134,-7.6172,39.3,30.42
4098855,-6.8735,40.3,30.41
4099576,-7.8876,39.3,30.41
4100297,-7.8876,39.3,30.41
4101018,-7.8876,39.3,30.41
4101739,-7.8876,39.3,30.40
4102460,-7.8876,39.3,30.40
4103181,-7.8876,39.3,30.40
4103902,-7.8876,39.3,30.40
4104623,-7.8876,39.3,30.39
4105344,-7.8876,39.3,30.39
4106065,-7.8876,39.3,30.38
4106786,-7.8876,39.3,30.38
4107507,-7.8876,39.3,30.38
4108228,-7.8876,40.3,30.38
4108949,-7.8876,39.3,30.38
4109670,-7.8876,39.3,30.38
4110391,-7.8876,40.3,30.37
4111112,-7.8876,39.3,30.37
4111833,-7.8876,39.3,30.36
4112554,-7.8876,40.3,30.36
4113275,-7.8876,39.3,30.36
4113996,-7.8876,39.3,30.35
4114717,-7.8876,40.3,30.36
4115438,-7.8876,39.3,30.35
4116159,-7.6623,39.3,30.35
4116880,-7.1665,39.3,30.35
4117601,-7.6848,39.3,30.34
4118322,-7.9327,39.3,30.34
4119043,-7.2341,39.3,30.34
4119764,-7.9552,39.3,30.34
4120485,-7.7524,39.3,30.33
4121206,-7.3242,39.3,30.33
4121927,-6.9411,39.3,30.33
4122648,-7.0312,39.3,30.32
4123369,-7.3918,39.3,30.33
4124090,-7.1439,39.3,30.32
4124811,-8.0454,39.3,30.32
4125532,-7.1665,40.3,30.32
4126253,-7.4594,40.3,30.31
4126974,-7.4594,39.3,30.31
4127695,-7.4594,39.3,30.31
4128416,-7.4594,39.3,30.31
4129137,-7.4594,39.3,30.31
4129858,-7.4594,39.3,30.30
4130579,-7.4594,39.3,30.30
4131300,-7.4594,39.3,30.30
4132021,-7.4594,39.3,30.30
4132742,-7.4594,39.3,30.29
4133463,-7.4594,39.3,30.29
4134184,-7.4594,39.3,30.29
4134905,-7.4594,39.3,30.28
4135626,-7.4594,39.3,30.28
# [n=5600] mean=-6.9850 m  sigma=1.5238 m  die=39.3 C  CalVal=-43
4136347,-7.4594,39.3,30.28
4137068,-7.4594,39.3,30.28
4137789,-7.4594,39.3,30.28
4138510,-7.4594,39.3,30.27
4139231,-7.4594,39.3,30.27
4139952,-7.4594,39.3,30.27
4140673,-7.4594,39.3,30.26
4141394,-7.4594,39.3,30.26
4142115,-7.4594,39.3,30.26
4142836,-7.0538,39.3,30.25
4143557,-8.0228,39.3,30.26
4144278,-8.3158,39.3,30.25
4144999,-8.1130,39.3,30.25
4145720,-7.6623,39.3,30.25
4146441,-7.3242,39.3,30.25
4147162,-7.4820,39.3,30.23
4147883,-6.9411,39.3,30.24
4148604,-8.0003,39.3,30.24
4149325,-7.4144,39.3,30.23
4150046,-7.7524,39.3,30.23
4150767,-7.8651,39.3,30.23
4151488,-7.4820,39.3,30.22
4152209,-6.1298,39.3,30.22
4152930,-7.3468,39.3,30.22
4153651,-7.3468,39.3,30.22
4154372,-7.3468,39.3,30.22
4155093,-7.3468,39.3,30.21
4155814,-7.3468,40.3,30.21
4156535,-7.3468,39.3,30.21
4157256,-7.3468,39.3,30.21
4157977,-7.3468,39.3,30.21
4158698,-7.3468,39.3,30.20
4159419,-7.3468,40.3,30.20
4160140,-7.3468,39.3,30.20
4160861,-7.3468,39.3,30.20
4161582,-7.3468,39.3,30.20
4162303,-7.3468,39.3,30.19
4163024,-7.3468,39.3,30.19
4163745,-7.3468,40.3,30.19
4164466,-7.3468,39.3,30.19
4165187,-7.3468,39.3,30.18
4165908,-7.3468,39.3,30.18
4166629,-7.3468,39.3,30.17
4167350,-7.3468,39.3,30.17
4168071,-7.3468,39.3,30.17
4168792,-7.3468,40.3,30.17
4169513,-7.8651,39.3,30.17
4170234,-6.4453,39.3,30.17
4170955,-7.4144,39.3,30.16
4171676,-8.0904,39.3,30.16
4172397,-7.2791,39.3,30.15
4173118,-6.4453,39.3,30.15
4173839,-7.3242,39.3,30.14
4174560,-7.0763,39.3,30.14
4175281,-5.8368,39.3,30.14
4176002,-7.4144,39.3,30.14
4176723,-7.4144,38.3,30.14
4177444,-8.2031,39.3,30.13
4178165,-7.5270,39.3,30.13
4178886,-7.0763,39.3,30.13
4179607,-7.8651,38.3,30.13
4180328,-7.8651,39.3,30.12
4181049,-7.8651,39.3,30.12
4181770,-7.8651,39.3,30.12
4182491,-7.8651,39.3,30.11
4183212,-7.8651,39.3,30.11
4183933,-7.8651,39.3,30.11
4184654,-7.8651,39.3,30.10
4185375,-7.8651,39.3,30.11
4186096,-7.8651,39.3,30.10
4186817,-7.8651,39.3,30.10
4187538,-7.8651,39.3,30.10
4188259,-7.8651,39.3,30.10
4188980,-7.8651,39.3,30.10
4189701,-7.8651,39.3,30.09
4190422,-7.8651,39.3,30.09
4191143,-7.8651,39.3,30.09
4191864,-7.8651,39.3,30.09
4192585,-7.8651,39.3,30.08
4193306,-7.8651,39.3,30.08
4194027,-7.8651,39.3,30.08
4194748,-7.8651,39.3,30.08
4195469,-7.8651,39.3,30.08
4196190,-7.1890,39.3,30.07
4196911,-7.7749,39.3,30.07
4197632,-6.8510,39.3,30.07
4198353,-6.3552,39.3,30.07
4199074,-6.4904,39.3,30.06
4199795,-6.4904,39.3,30.06
4200516,-6.6031,39.3,30.06
4201237,-7.4594,39.3,30.06
4201958,-7.0989,39.3,30.05
4202679,-7.1665,39.3,30.05
4203400,-7.8200,39.3,30.05
4204121,-7.2791,39.3,30.05
4204842,-7.3242,39.3,30.04
4205563,-6.4453,39.3,30.04
4206284,-7.5721,39.3,30.04
4207005,-7.5721,39.3,30.03
4207726,-7.5721,39.3,30.03
# [n=5700] mean=-6.9931 m  sigma=1.5128 m  die=39.3 C  CalVal=-43
4208447,-7.5721,39.3,30.03
4209168,-7.5721,39.3,30.03
4209889,-7.5721,39.3,30.02
4210610,-7.5721,39.3,30.02
4211331,-7.5721,39.3,30.02
4212052,-7.5721,39.3,30.02
4212773,-7.5721,39.3,30.02
4213494,-7.5721,39.3,30.01
4214215,-7.5721,39.3,30.01
4214936,-7.5721,39.3,30.01
4215657,-7.5721,39.3,30.01
4216378,-7.5721,39.3,30.00
4217099,-7.5721,39.3,30.01
4217820,-7.5721,39.3,30.00
4218541,-7.5721,39.3,30.00
4219262,-7.5721,39.3,29.99
4219983,-7.5721,39.3,29.99
4220704,-7.5721,39.3,30.00
4221425,-7.5721,39.3,29.99
4222146,-7.5721,39.3,29.99
4222867,-7.0538,39.3,29.99
4223588,-7.2791,39.3,29.98
4224309,-7.3468,39.3,29.98
4225030,-7.2791,39.3,29.97
4225751,-7.2791,39.3,29.97
4226472,-6.1749,39.3,29.97
4227193,-7.1890,39.3,29.97
4227914,-8.2031,39.3,29.97
4228635,-7.7299,39.3,29.97
4229356,-7.1890,39.3,29.96
4230077,-5.2734,39.3,29.96
4230798,-6.4904,39.3,29.96
4231519,-6.6707,39.3,29.96
4232240,-6.3101,39.3,29.96
4232961,-7.1439,38.3,29.96
4233682,-7.1439,39.3,29.95
4234403,-7.1439,39.3,29.95
4235124,-7.1439,39.3,29.95
4235845,-7.1439,38.3,29.95
4236566,-7.1439,39.3,29.94
4237287,-7.1439,39.3,29.94
4238008,-7.1439,39.3,29.94
4238729,-7.1439,39.3,29.93
4239450,-7.1439,39.3,29.93
4240171,-7.1439,39.3,29.93
4240892,-7.1439,39.3,29.92
4241613,-7.1439,39.3,29.92
4242334,-7.1439,39.3,29.92
4243055,-7.1439,39.3,29.92
4243776,-7.1439,39.3,29.92
4244497,-7.1439,39.3,29.91
4245218,-7.1439,39.3,29.91
4245939,-7.1439,39.3,29.92
4246660,-7.1439,38.3,29.91
4247381,-7.1439,38.3,29.90
4248102,-7.1439,38.3,29.90
4248823,-7.1439,39.3,29.90
4249544,-7.8651,38.3,29.90
4250265,-7.4369,39.3,29.90
4250986,-7.1665,39.3,29.89
4251707,-7.0087,39.3,29.89
4252428,-8.0904,39.3,29.89
4253149,-7.3017,38.3,29.89
4253870,-8.1130,39.3,29.88
4254591,-6.5805,39.3,29.89
4255312,-5.9044,39.3,29.88
4256033,-5.8594,39.3,29.89
4256754,-6.8510,39.3,29.88
4257475,-7.2791,39.3,29.88
4258196,-5.4537,39.3,29.88
4258917,-7.8876,39.3,29.87
4259638,-7.2115,39.3,29.87
4260359,-7.2115,39.3,29.87
4261080,-7.2115,39.3,29.87
4261801,-7.2115,39.3,29.86
4262522,-7.2115,39.3,29.86
4263243,-7.2115,39.3,29.85
4263964,-7.2115,39.3,29.85
4264685,-7.2115,39.3,29.85
4265406,-7.2115,39.3,29.85
4266127,-7.2115,39.3,29.85
4266848,-7.2115,39.3,29.85
4267569,-7.2115,39.3,29.84
4268290,-7.2115,38.3,29.84
4269011,-7.2115,39.3,29.83
4269732,-7.2115,38.3,29.83
4270453,-7.2115,39.3,29.83
4271174,-7.2115,38.3,29.83
4271895,-7.2115,38.3,29.82
4272616,-7.2115,38.3,29.83
4273337,-7.2115,38.3,29.83
4274058,-7.2115,38.3,29.82
4274779,-7.2115,39.3,29.82
4275500,-7.2115,39.3,29.82
4276221,-7.1665,39.3,29.82
4276942,-6.2425,39.3,29.81
4277663,-7.1890,38.3,29.81
4278384,-6.4678,38.3,29.81
4279105,-6.8735,38.3,29.81
4279826,-7.1890,38.3,29.81
# [n=5800] mean=-6.9965 m  sigma=1.5011 m  die=38.3 C  CalVal=-43
4280547,-6.1974,38.3,29.81
4281268,-7.3918,38.3,29.80
4281989,-7.3017,38.3,29.80
4282710,-7.3918,39.3,29.80
4283431,-8.3834,38.3,29.80
4284152,-6.2425,38.3,29.80
4284873,-7.4369,39.3,29.79
4285594,-7.8876,39.3,29.79
4286315,-7.8425,38.3,29.79
4287036,-7.8425,39.3,29.78
4287757,-7.8425,38.3,29.79
4288478,-7.8425,38.3,29.78
4289199,-7.8425,39.3,29.78
4289920,-7.8425,39.3,29.78
4290641,-7.8425,39.3,29.78
4291362,-7.8425,39.3,29.77
4292083,-7.8425,39.3,29.77
4292804,-7.8425,39.3,29.77
4293525,-7.8425,39.3,29.77
4294246,-7.8425,39.3,29.76
4294967,-7.8425,39.3,29.76
4295688,-7.8425,39.3,29.76
4296409,-7.8425,39.3,29.76
4297130,-7.8425,39.3,29.76
4297851,-7.8425,39.3,29.75
4298572,-7.8425,39.3,29.75
4299293,-7.8425,39.3,29.75
4300014,-7.8425,38.3,29.75
4300735,-7.8425,38.3,29.75
4301456,-7.8425,38.3,29.74
4302177,-7.8425,38.3,29.74
4302898,-7.6172,38.3,29.74
4303619,-6.1749,38.3,29.74
4304340,-6.4453,38.3,29.74
4305061,-7.3468,38.3,29.74
4305782,-6.4002,38.3,29.73
4306503,-7.1665,38.3,29.73
4307224,-7.0312,38.3,29.73
4307945,-6.9411,38.3,29.73
4308666,-7.4369,38.3,29.73
4309387,-7.3468,38.3,29.72
4310108,-7.9778,38.3,29.72
4310829,-7.2341,39.3,29.72
4311550,-7.4820,39.3,29.72
4312271,-7.4369,39.3,29.71
4312992,-7.3693,39.3,29.72
4313713,-7.3693,38.3,29.71
4314434,-7.3693,38.3,29.72
4315155,-7.3693,38.3,29.71
4315876,-7.3693,38.3,29.71
4316597,-7.3693,38.3,29.70
4317318,-7.3693,38.3,29.70
4318039,-7.3693,38.3,29.71
4318760,-7.3693,38.3,29.70
4319481,-7.3693,39.3,29.70
4320202,-7.3693,39.3,29.70
4320923,-7.3693,38.3,29.70
4321644,-7.3693,39.3,29.69
4322365,-7.3693,38.3,29.69
4323086,-7.3693,38.3,29.69
4323807,-7.3693,38.3,29.69
4324528,-7.3693,38.3,29.69
4325249,-7.3693,38.3,29.68
4325970,-7.3693,38.3,29.68
4326691,-7.3693,38.3,29.68
4327412,-7.3693,38.3,29.68
4328133,-7.3693,39.3,29.67
4328854,-7.3693,39.3,29.67
4329575,-7.5496,38.3,29.67
4330296,-7.2341,38.3,29.67
4331017,-6.4678,38.3,29.66
4331738,-8.0003,38.3,29.66
4332459,-6.3101,39.3,29.67
4333180,-6.9411,38.3,29.66
4333901,-7.1665,39.3,29.66
4334622,-6.5355,38.3,29.66
4335343,-6.4678,38.3,29.66
4336064,-7.3468,38.3,29.65
4336785,-6.6481,38.3,29.65
4337506,-7.0763,38.3,29.65
4338227,-8.0003,38.3,29.65
4338948,-6.7608,38.3,29.64
4339669,-7.3468,38.3,29.65
4340390,-7.3468,38.3,29.65
4341111,-7.3468,38.3,29.64
4341832,-7.3468,38.3,29.64
4342553,-7.3468,39.3,29.64
4343274,-7.3468,39.3,29.63
4343995,-7.3468,38.3,29.63
4344716,-7.3468,39.3,29.63
4345437,-7.3468,38.3,29.63
4346158,-7.3468,38.3,29.62
4346879,-7.3468,39.3,29.62
4347600,-7.3468,39.3,29.62
4348321,-7.3468,38.3,29.61
4349042,-7.3468,38.3,29.61
4349763,-7.3468,38.3,29.61
4350484,-7.3468,38.3,29.61
4351205,-7.3468,38.3,29.61
4351926,-7.3468,38.3,29.61
# [n=5900] mean=-7.0032 m  sigma=1.4903 m  die=38.3 C  CalVal=-43
4352647,-7.3468,38.3,29.61
4353368,-7.3468,38.3,29.61
4354089,-7.3468,38.3,29.60
4354810,-7.3468,38.3,29.60
4355531,-7.3468,39.3,29.60
4356252,-7.4369,39.3,29.60
4356973,-7.4820,38.3,29.59
4357694,-7.0538,39.3,29.59
4358415,-6.7834,39.3,29.59
4359136,-8.0904,39.3,29.59
4359857,-7.5947,39.3,29.59
4360578,-6.4904,39.3,29.58
4361299,-7.2341,39.3,29.58
4362020,-6.4453,39.3,29.58
4362741,-7.1439,39.3,29.57
4363462,-8.2031,39.3,29.57
4364183,-7.2341,38.3,29.58
4364904,-7.5947,39.3,29.58
4365625,-6.6481,39.3,29.58
4366346,-7.0538,39.3,29.57
4367067,-7.0538,39.3,29.57
4367788,-7.0538,38.3,29.57
4368509,-7.0538,39.3,29.57
4369230,-7.0538,39.3,29.57
4369951,-7.0538,39.3,29.56
4370672,-7.0538,38.3,29.56
4371393,-7.0538,38.3,29.55
4372114,-7.0538,38.3,29.55
4372835,-7.0538,38.3,29.55
4373556,-7.0538,38.3,29.55
4374277,-7.0538,39.3,29.55
4374998,-7.0538,39.3,29.55
4375719,-7.0538,39.3,29.55
4376440,-7.0538,39.3,29.54
4377161,-7.0538,38.3,29.54
4377882,-7.0538,38.3,29.54
4378603,-7.0538,38.3,29.54
4379324,-7.0538,38.3,29.54
4380045,-7.0538,38.3,29.54
4380766,-7.0538,38.3,29.54
4381487,-7.0538,38.3,29.53
4382208,-7.0538,38.3,29.53
4382929,-7.1665,38.3,29.53
4383650,-7.3693,38.3,29.53
4384371,-6.3326,38.3,29.53
4385092,-6.2425,39.3,29.53
4385813,-7.2341,39.3,29.52
4386534,-7.3693,39.3,29.52
4387255,-6.3326,39.3,29.51
4387976,-7.4144,39.3,29.51
4388697,-6.8960,38.3,29.51
4389418,-7.3017,38.3,29.51
4390139,-7.1214,38.3,29.51
4390860,-6.9411,39.3,29.51
4391581,-7.4369,38.3,29.50
4392302,-7.5496,38.3,29.50
4393023,-7.4369,38.3,29.50
4393744,-7.4369,38.3,29.49
4394465,-7.4369,38.3,29.49
4395186,-7.4369,38.3,29.49
4395907,-7.4369,38.3,29.49
4396628,-7.4369,38.3,29.49
4397349,-7.4369,38.3,29.49
4398070,-7.4369,38.3,29.48
4398791,-7.4369,38.3,29.48
4399512,-7.4369,38.3,29.48
4400233,-7.4369,38.3,29.47
4400954,-7.4369,38.3,29.47
4401675,-7.4369,38.3,29.47
4402396,-7.4369,38.3,29.47
4403117,-7.4369,38.3,29.47
4403838,-7.4369,38.3,29.47
4404559,-7.4369,38.3,29.47
4405280,-7.4369,38.3,29.47
4406001,-7.4369,38.3,29.47
4406722,-7.4369,38.3,29.46
4407443,-7.4369,38.3,29.46
4408164,-7.4369,38.3,29.46
4408885,-7.4369,38.3,29.46
4409606,-7.4594,38.3,29.46
4410327,-6.5805,38.3,29.46
4411048,-7.1890,38.3,29.45
4411769,-7.0989,38.3,29.45
4412490,-7.0763,38.3,29.45
4413211,-6.5129,38.3,29.45
4413932,-7.4820,38.3,29.44
4414653,-7.7073,38.3,29.44
4415374,-7.3693,38.3,29.44
4416095,-6.5355,38.3,29.44
4416816,-7.1665,38.3,29.44
4417537,-7.3468,38.3,29.44
4418258,-7.3693,39.3,29.43
4418979,-7.4144,38.3,29.43
4419700,-7.4820,38.3,29.43
4420421,-7.4820,38.3,29.43
4421142,-7.4820,39.3,29.43
4421863,-7.4820,39.3,29.42
4422584,-7.4820,38.3,29.43
4423305,-7.4820,38.3,29.42
4424026,-7.4820,38.3,29.42
# [n=6000] mean=-7.0069 m  sigma=1.4787 m  die=38.3 C  CalVal=-43
4424747,-7.4820,38.3,29.41
4425468,-7.4820,38.3,29.41
4426189,-7.4820,38.3,29.41
4426910,-7.4820,38.3,29.41
4427631,-7.4820,38.3,29.41
4428352,-7.4820,38.3,29.41
4429073,-7.4820,38.3,29.41
4429794,-7.4820,38.3,29.41
4430515,-7.4820,38.3,29.40
4431236,-7.4820,38.3,29.40
4431957,-7.4820,38.3,29.40
4432678,-7.4820,38.3,29.40
4433399,-7.4820,38.3,29.40
4434120,-7.4820,38.3,29.40
4434841,-7.4820,38.3,29.39
4435562,-7.4820,38.3,29.39
4436283,-6.9636,38.3,29.39
4437004,-7.3468,38.3,29.39
4437725,-7.0087,38.3,29.39
4438446,-7.3468,38.3,29.39
4439167,-7.3242,38.3,29.38
4439888,-7.3693,38.3,29.38
4440609,-6.4904,38.3,29.38
4441330,-7.8876,38.3,29.38
4442051,-6.4453,38.3,29.37
4442772,-7.3468,38.3,29.38
4443493,-6.2425,38.3,29.37
4444214,-8.0679,38.3,29.37
4444935,-6.3552,38.3,29.37
4445656,-7.1439,38.3,29.37
4446377,-6.8284,38.3,29.37
4447098,-6.8284,38.3,29.36
4447819,-6.8284,38.3,29.36
4448540,-6.8284,38.3,29.36
4449261,-6.8284,38.3,29.36
4449982,-6.8284,38.3,29.36
4450703,-6.8284,38.3,29.35
4451424,-6.8284,38.3,29.35
4452145,-6.8284,38.3,29.35
4452866,-6.8284,38.3,29.35
4453587,-6.8284,38.3,29.35
4454308,-6.8284,38.3,29.35
4455029,-6.8284,38.3,29.34
4455750,-6.8284,39.3,29.35
4456471,-6.8284,38.3,29.35
4457192,-6.8284,38.3,29.35
4457913,-6.8284,38.3,29.34
4458634,-6.8284,38.3,29.34
4459355,-6.8284,38.3,29.33
4460076,-6.8284,38.3,29.33
4460797,-6.8284,38.3,29.34
4461518,-6.8284,38.3,29.33
4462239,-6.8284,38.3,29.33
4462960,-7.5496,38.3,29.33
4463681,-7.4144,38.3,29.33
4464402,-6.6031,38.3,29.33
4465123,-7.3468,38.3,29.32
4465844,-6.7383,38.3,29.32
4466565,-8.2482,38.3,29.32
4467286,-8.0454,38.3,29.32
4468007,-7.2566,38.3,29.32
4468728,-6.7157,38.3,29.32
4469449,-7.3017,37.3,29.32
4470170,-6.8510,38.3,29.31
4470891,-6.6932,38.3,29.31
4471612,-7.4144,38.3,29.31
4472333,-7.4820,38.3,29.30
4473054,-7.3242,39.3,29.31
4473775,-7.3242,38.3,29.30
4474496,-7.3242,38.3,29.30
4475217,-7.3242,38.3,29.30
4475938,-7.3242,38.3,29.30
4476659,-7.3242,38.3,29.30
4477380,-7.3242,38.3,29.30
4478101,-7.3242,38.3,29.30
4478822,-7.3242,38.3,29.29
4479543,-7.3242,38.3,29.29
4480264,-7.3242,38.3,29.29
4480985,-7.3242,38.3,29.29
4481706,-7.3242,38.3,29.29
4482427,-7.3242,38.3,29.28
4483148,-7.3242,38.3,29.29
4483869,-7.3242,38.3,29.28
4484590,-7.3242,38.3,29.28
4485311,-7.3242,38.3,29.28
4486032,-7.3242,38.3,29.28
4486753,-7.3242,38.3,29.28
4487474,-7.3242,38.3,29.28
4488195,-7.3242,38.3,29.28
4488916,-7.3242,38.3,29.27
4489637,-7.5496,38.3,29.27
4490358,-8.0228,38.3,29.27
4491079,-7.6623,38.3,29.27
4491800,-7.2566,38.3,29.27
4492521,-7.2791,38.3,29.25
4493242,-6.3326,39.3,29.26
4493963,-7.4369,38.3,29.26
4494684,-7.3017,38.3,29.25
4495405,-7.4144,38.3,29.25
4496126,-7.3693,38.3,29.25
# [n=6100] mean=-7.0101 m  sigma=1.4675 m  die=38.3 C  CalVal=-43
4496847,-7.9778,38.3,29.25
4497568,-6.6707,38.3,29.26
4498289,-7.5496,39.3,29.25
4499010,-7.3918,39.3,29.25
4499731,-7.3017,38.3,29.25
4500452,-7.3017,38.3,29.25
4501173,-7.3017,38.3,29.24
4501894,-7.3017,38.3,29.24
4502615,-7.3017,38.3,29.24
4503336,-7.3017,38.3,29.24
4504057,-7.3017,38.3,29.24
4504778,-7.3017,38.3,29.24
4505499,-7.3017,38.3,29.24
4506220,-7.3017,38.3,29.23
4506941,-7.3017,38.3,29.23
4507662,-7.3017,38.3,29.23
4508383,-7.3017,38.3,29.23
4509104,-7.3017,38.3,29.23
4509825,-7.3017,38.3,29.23
4510546,-7.3017,38.3,29.23
4511267,-7.3017,37.3,29.22
4511988,-7.3017,37.3,29.22
4512709,-7.3017,38.3,29.21
4513430,-7.3017,38.3,29.22
4514151,-7.3017,38.3,29.22
4514872,-7.3017,38.3,29.21
4515593,-6.8510,38.3,29.21
4516314,-6.7608,38.3,29.21
4517035,-8.3609,38.3,29.21
4517756,-7.5721,38.3,29.21
4518477,-7.1214,38.3,29.21
4519198,-8.3609,38.3,29.21
4519919,-7.1439,38.3,29.21
4520640,-7.4369,38.3,29.20
4521361,-7.3468,38.3,29.20
4522082,-6.8284,38.3,29.19
4522803,-7.8425,38.3,29.20
4523524,-6.5355,38.3,29.19
4524245,-8.4736,38.3,29.20
4524966,-8.4059,38.3,29.20
4525687,-6.5129,38.3,29.19
4526408,-8.7665,38.3,29.19
4527129,-8.7665,38.3,29.18
4527850,-8.7665,38.3,29.19
4528571,-8.7665,38.3,29.18
4529292,-8.7665,38.3,29.18
4530013,-8.7665,38.3,29.18
4530734,-8.7665,38.3,29.18
4531455,-8.7665,38.3,29.17
4532176,-8.7665,38.3,29.17
4532897,-8.7665,38.3,29.17
4533618,-8.7665,38.3,29.17
4534339,-8.7665,38.3,29.17
4535060,-8.7665,38.3,29.16
4535781,-8.7665,38.3,29.17
4536502,-8.7665,38.3,29.17
4537223,-8.7665,38.3,29.16
4537944,-8.7665,38.3,29.16
4538665,-8.7665,38.3,29.16
4539386,-8.7665,38.3,29.16
4540107,-8.7665,38.3,29.16
4540828,-8.7665,38.3,29.15
4541549,-8.7665,38.3,29.16
4542270,-7.5721,38.3,29.15
4542991,-6.8960,38.3,29.15
4543712,-6.8735,38.3,29.15
4544433,-7.4144,38.3,29.15
4545154,-7.5270,38.3,29.15
4545875,-6.8284,38.3,29.15
4546596,-8.0679,38.3,29.14
4547317,-8.0003,38.3,29.14
4548038,-7.2791,38.3,29.14
4548759,-8.1355,38.3,29.13
4549480,-7.5496,38.3,29.13
4550201,-8.0454,38.3,29.13
4550922,-7.3017,38.3,29.14
4551643,-7.3468,38.3,29.13
4552364,-7.6623,38.3,29.13
4553085,4.8227,38.3,29.13
4553806,4.8227,38.3,29.12
4554527,4.8227,38.3,29.13
4555248,4.8227,38.3,29.13
4555969,4.8227,38.3,29.12
4556690,4.8227,38.3,29.12
4557411,4.8227,38.3,29.12
4558132,4.8227,38.3,29.11
4558853,4.8227,38.3,29.11
4559574,4.8227,38.3,29.11
4560295,4.8227,38.3,29.11
4561016,4.8227,38.3,29.11
4561737,4.8227,38.3,29.11
4562458,4.8227,38.3,29.11
4563179,4.8227,38.3,29.11
4563900,4.8227,37.3,29.10
4564621,4.8227,37.3,29.10
4565342,4.8227,37.3,29.10
4566063,4.8227,37.3,29.10
4566784,4.8227,38.3,29.10
4567505,4.8227,38.3,29.10
4568226,4.8227,38.3,29.09
# [n=6200] mean=-6.9778 m  sigma=1.6214 m  die=38.3 C  CalVal=-43
4568947,-6.9186,38.3,29.09
4569668,-7.1890,38.3,29.09
4570389,-6.6932,38.3,29.09
4571110,-6.8510,38.3,29.09
4571831,-7.3693,38.3,29.09
4572552,-7.6848,37.3,29.08
4573273,-7.4144,37.3,29.08
4573994,-7.6172,38.3,29.09
4574715,-6.4678,38.3,29.08
4575436,-7.3242,38.3,29.08
4576157,-8.1355,38.3,29.08
4576878,-7.9102,38.3,29.08
4577599,-8.0003,38.3,29.08
4578320,-6.3101,38.3,29.08
4579041,-8.1581,38.3,29.08
4579762,-8.1581,38.3,29.08
4580483,-8.1581,38.3,29.07
4581204,-8.1581,38.3,29.07
4581925,-8.1581,37.3,29.07
4582646,-8.1581,38.3,29.07
4583367,-8.1581,38.3,29.06
4584088,-8.1581,38.3,29.07
4584809,-8.1581,38.3,29.06
4585530,-8.1581,38.3,29.06
4586251,-8.1581,38.3,29.06
4586972,-8.1581,38.3,29.06
4587693,-8.1581,37.3,29.06
4588414,-8.1581,38.3,29.06
4589135,-8.1581,37.3,29.05
4589856,-8.1581,37.3,29.05
4590577,-8.1581,37.3,29.06
4591298,-8.1581,37.3,29.05
4592019,-8.1581,37.3,29.05
4592740,-8.1581,38.3,29.05
4593461,-8.1581,38.3,29.04
4594182,-8.1581,38.3,29.04
4594903,-8.1581,38.3,29.04
4595624,-7.4594,37.3,29.04
4596345,-8.3609,37.3,29.03
4597066,-8.0904,37.3,29.03
4597787,-7.1214,38.3,29.03
4598508,-8.2933,37.3,29.03
4599229,-6.9186,38.3,29.03
4599950,-7.4144,38.3,29.03
4600671,-7.8876,38.3,29.02
4601392,-8.1581,38.3,29.03
4602113,-7.6623,38.3,29.02
4602834,-7.6397,38.3,29.02
4603555,-7.6623,38.3,29.02
4604276,-7.6848,38.3,29.02
4604997,-7.3242,38.3,29.02
4605718,-7.1214,38.3,29.02
4606439,-7.1214,37.3,29.02
4607160,-7.1214,37.3,29.01
4607881,-7.1214,37.3,29.02
4608602,-7.1214,38.3,29.01
4609323,-7.1214,38.3,29.01
4610044,-7.1214,38.3,29.01
4610765,-7.1214,38.3,29.00
4611486,-7.1214,37.3,29.00
4612207,-7.1214,37.3,29.01
4612928,-7.1214,38.3,29.00
4613649,-7.1214,37.3,29.00
4614370,-7.1214,37.3,29.00
4615091,-7.1214,38.3,29.00
4615812,-7.1214,38.3,29.00
4616533,-7.1214,38.3,29.00
4617254,-7.1214,38.3,29.00
4617975,-7.1214,38.3,28.99
4618696,-7.1214,38.3,28.99
4619417,-7.1214,38.3,28.99
4620138,-7.1214,38.3,28.99
4620859,-7.1214,37.3,28.99
4621580,-7.1214,37.3,28.98
4622301,-6.2650,38.3,28.99
4623022,-7.3017,38.3,28.99
4623743,-6.4678,38.3,28.98
4624464,-6.4453,38.3,28.98
4625185,-7.8200,38.3,28.98
4625906,-7.6397,38.3,28.98
4626627,-7.7299,38.3,28.98
4627348,-6.7834,38.3,28.97
4628069,-7.2341,38.3,28.97
4628790,-6.6481,38.3,28.97
4629511,-8.2482,38.3,28.97
4630232,-8.0228,38.3,28.97
4630953,-6.3552,37.3,28.97
4631674,-7.4820,38.3,28.97
4632395,-8.2257,37.3,28.97
4633116,-8.2257,38.3,28.96
4633837,-8.2257,38.3,28.96
4634558,-8.2257,38.3,28.96
4635279,-8.2257,38.3,28.96
4636000,-8.2257,38.3,28.96
4636721,-8.2257,38.3,28.95
4637442,-8.2257,38.3,28.96
4638163,-8.2257,38.3,28.95
4638884,-8.2257,38.3,28.96
4639605,-8.2257,38.3,28.95
4640326,-8.2257,38.3,28.95
# [n=6300] mean=-6.9877 m  sigma=1.6120 m  die=38.3 C  CalVal=-43
4641047,-8.2257,38.3,28.95
4641768,-8.2257,38.3,28.94
4642489,-8.2257,38.3,28.94
4643210,-8.2257,38.3,28.94
4643931,-8.2257,38.3,28.94
4644652,-8.2257,38.3,28.94
4645373,-8.2257,38.3,28.94
4646094,-8.2257,38.3,28.94
4646815,-8.2257,38.3,28.93
4647536,-8.2257,38.3,28.93
4648257,-8.2257,37.3,28.94
4648978,-6.1749,37.3,28.93
4649699,-8.4059,38.3,28.94
4650420,-7.5496,37.3,28.93
4651141,-7.3468,37.3,28.93
4651862,-7.1890,38.3,28.93
4652583,-7.4369,38.3,28.93
4653304,-8.1355,38.3,28.93
4654025,-8.1130,38.3,28.93
4654746,-7.3918,38.3,28.92
4655467,-8.3158,38.3,28.92
4656188,-7.3693,38.3,28.92
4656909,-8.0003,38.3,28.92
4657630,-7.4820,38.3,28.92
4658351,-8.1355,38.3,28.91
4659072,-8.0904,38.3,28.91
4659793,-8.0904,38.3,28.92
4660514,-8.0904,38.3,28.91
4661235,-8.0904,38.3,28.91
4661956,-8.0904,38.3,28.91
4662677,-8.0904,37.3,28.90
4663398,-8.0904,38.3,28.90
4664119,-8.0904,38.3,28.91
4664840,-8.0904,38.3,28.90
4665561,-8.0904,38.3,28.90
4666282,-8.0904,38.3,28.90
4667003,-8.0904,38.3,28.90
4667724,-8.0904,38.3,28.90
4668445,-8.0904,38.3,28.89
4669166,-8.0904,38.3,28.89
4669887,-8.0904,38.3,28.89
4670608,-8.0904,37.3,28.89
4671329,-8.0904,38.3,28.89
4672050,-8.0904,38.3,28.89
4672771,-8.0904,38.3,28.89
4673492,-8.0904,38.3,28.89
4674213,-8.0904,37.3,28.89
4674934,-8.0904,38.3,28.89
4675655,-7.4369,37.3,28.88
4676376,-7.0538,37.3,28.88
4677097,-7.6397,37.3,28.88
4677818,-7.4144,37.3,28.88
4678539,-7.2791,37.3,28.88
4679260,-7.3693,37.3,28.88
4679981,-7.0763,37.3,28.87
4680702,-7.1214,37.3,28.87
4681423,-8.1581,37.3,28.87
4682144,-7.1439,38.3,28.87
4682865,-7.2791,38.3,28.87
4683586,-7.4144,38.3,28.87
4684307,-7.7524,38.3,28.86
4685028,-8.4510,38.3,28.86
4685749,-7.3017,38.3,28.86
4686470,-7.3017,38.3,28.86
4687191,-7.3017,38.3,28.86
4687912,-7.3017,37.3,28.86
4688633,-7.3017,37.3,28.86
4689354,-7.3017,37.3,28.86
4690075,-7.3017,37.3,28.86
4690796,-7.3017,37.3,28.85
4691517,-7.3017,37.3,28.85
4692238,-7.3017,37.3,28.85
4692959,-7.3017,37.3,28.85
4693680,-7.3017,38.3,28.85
4694401,-7.3017,38.3,28.85
4695122,-7.3017,37.3,28.84
4695843,-7.3017,37.3,28.84
4696564,-7.3017,37.3,28.84
4697285,-7.3017,38.3,28.83
4698006,-7.3017,38.3,28.84
4698727,-7.3017,38.3,28.83
4699448,-7.3017,38.3,28.83
4700169,-7.3017,37.3,28.83
4700890,-7.3017,38.3,28.83
4701611,-7.3017,37.3,28.83
4702332,-7.2115,37.3,28.83
4703053,-7.3693,37.3,28.83
4703774,-7.0312,37.3,28.83
4704495,-7.4144,37.3,28.83
4705216,-7.6848,37.3,28.83
4705937,-7.5496,37.3,28.82
4706658,-7.6848,38.3,28.83
4707379,-7.9778,38.3,28.82
4708100,-7.8876,38.3,28.82
4708821,-7.5947,38.3,28.82
4709542,-7.1890,37.3,28.81
4710263,-6.9411,37.3,28.82
4710984,-7.4369,37.3,28.82
4711705,-7.4144,37.3,28.81
4712426,-7.2115,38.3,28.81
# [n=6400] mean=-6.9985 m  sigma=1.6026 m  die=38.3 C  CalVal=-43
4713147,-7.2115,38.3,28.81
4713868,-7.2115,38.3,28.81
4714589,-7.2115,38.3,28.80
4715310,-7.2115,38.3,28.80
4716031,-7.2115,38.3,28.81
4716752,-7.2115,37.3,28.81
4717473,-7.2115,38.3,28.80
4718194,-7.2115,37.3,28.80
4718915,-7.2115,37.3,28.80
4719636,-7.2115,37.3,28.80
4720357,-7.2115,37.3,28.80
4721078,-7.2115,37.3,28.79
4721799,-7.2115,37.3,28.80
4722520,-7.2115,37.3,28.79
4723241,-7.2115,37.3,28.79
4723962,-7.2115,37.3,28.79
4724683,-7.2115,37.3,28.79
4725404,-7.2115,38.3,28.79
4726125,-7.2115,38.3,28.78
4726846,-7.2115,38.3,28.78
4727567,-7.2115,38.3,28.78
4728288,-7.2115,37.3,28.79
4729009,-7.8425,38.3,28.78
4729730,-7.6397,38.3,28.78
4730451,-7.6397,38.3,28.78
4731172,-8.0679,37.3,28.78
4731893,-7.3242,37.3,28.78
4732614,-7.2791,38.3,28.77
4733335,-7.3918,38.3,28.77
4734056,-6.1974,38.3,28.77
4734777,-7.8876,38.3,28.78
4735498,-7.3693,38.3,28.77
4736219,-7.4144,38.3,28.77
4736940,-7.2115,38.3,28.77
4737661,-7.9327,38.3,28.76
4738382,-7.1665,38.3,28.77
4739103,-7.8200,37.3,28.76
4739824,-7.8200,37.3,28.76
4740545,-7.8200,37.3,28.76
4741266,-7.8200,37.3,28.76
4741987,-7.8200,38.3,28.76
4742708,-7.8200,38.3,28.76
4743429,-7.8200,37.3,28.76
4744150,-7.8200,37.3,28.76
4744871,-7.8200,37.3,28.76
4745592,-7.8200,37.3,28.75
4746313,-7.8200,37.3,28.75
4747034,-7.8200,38.3,28.75
4747755,-7.8200,38.3,28.75
4748476,-7.8200,38.3,28.75
4749197,-7.8200,38.3,28.75
4749918,-7.8200,38.3,28.74
4750639,-7.8200,37.3,28.74
4751360,-7.8200,37.3,28.74
4752081,-7.8200,37.3,28.74
4752802,-7.8200,37.3,28.74
4753523,-7.8200,37.3,28.74
4754244,-7.8200,37.3,28.74
4754965,-7.8200,38.3,28.74
4755686,-7.4144,38.3,28.73
4756407,-7.7073,38.3,28.74
4757128,-7.3918,38.3,28.73
4757849,-7.4369,38.3,28.73
4758570,-7.6623,38.3,28.73
4759291,-7.4369,38.3,28.73
4760012,-7.1665,37.3,28.73
4760733,-7.4820,37.3,28.73
4761454,-7.5721,37.3,28.72
4762175,-8.2257,37.3,28.72
4762896,-7.7524,37.3,28.72
4763617,-8.2257,37.3,28.72
4764338,-8.1355,37.3,28.72
4765059,-7.6848,37.3,28.72
4765780,-7.5270,37.3,28.72
4766501,-7.5270,37.3,28.71
4767222,-7.5270,37.3,28.71
4767943,-7.5270,37.3,28.71
4768664,-7.5270,38.3,28.71
4769385,-7.5270,38.3,28.71
4770106,-7.5270,38.3,28.71
4770827,-7.5270,38.3,28.71
4771548,-7.5270,38.3,28.71
4772269,-7.5270,38.3,28.71
4772990,-7.5270,37.3,28.70
4773711,-7.5270,37.3,28.70
4774432,-7.5270,37.3,28.70
4775153,-7.5270,38.3,28.70
4775874,-7.5270,38.3,28.71
4776595,-7.5270,38.3,28.70
4777316,-7.5270,38.3,28.70
4778037,-7.5270,37.3,28.70
4778758,-7.5270,37.3,28.69
4779479,-7.5270,38.3,28.70
4780200,-7.5270,38.3,28.69
4780921,-7.5270,38.3,28.69
4781642,-7.5270,37.3,28.69
4782363,-7.8876,38.3,28.69
4783084,-8.2707,37.3,28.69
4783805,-7.9327,38.3,28.68
4784526,-7.3468,38.3,28.69
# [n=6500] mean=-7.0069 m  sigma=1.5921 m  die=38.3 C  CalVal=-43
4785247,-7.9327,37.3,28.68
4785968,-8.3158,38.3,28.68
4786689,-6.7383,38.3,28.68
4787410,-8.1355,38.3,28.67
4788131,-7.3468,37.3,28.67
4788852,-7.7524,38.3,28.67
4789573,-7.7524,38.3,28.67
4790294,-7.3017,37.3,28.67
4791015,-7.4594,37.3,28.67
4791736,-7.4144,37.3,28.67
4792457,-8.0454,37.3,28.67
4793178,-8.0454,37.3,28.67
4793899,-8.0454,37.3,28.66
4794620,-8.0454,37.3,28.66
4795341,-8.0454,37.3,28.66
4796062,-8.0454,37.3,28.67
4796783,-8.0454,37.3,28.66
4797504,-8.0454,37.3,28.66
4798225,-8.0454,37.3,28.66
4798946,-8.0454,37.3,28.65
4799667,-8.0454,37.3,28.66
4800388,-8.0454,37.3,28.66
4801109,-8.0454,37.3,28.65
4801830,-8.0454,37.3,28.65
4802551,-8.0454,37.3,28.65
4803272,-8.0454,37.3,28.65
4803993,-8.0454,37.3,28.65
4804714,-8.0454,37.3,28.64
4805435,-8.0454,37.3,28.65
4806156,-8.0454,37.3,28.64
4806877,-8.0454,37.3,28.64
4807598,-8.0454,37.3,28.64
4808319,-8.0454,37.3,28.64
4809040,-7.4820,37.3,28.64
4809761,-8.2257,37.3,28.65
4810482,-7.4594,37.3,28.64
4811203,-7.3468,37.3,28.63
4811924,-8.3609,37.3,28.63
4812645,-8.3158,37.3,28.63
4813366,-7.3918,37.3,28.63
4814087,-7.3918,37.3,28.63
4814808,-7.1214,37.3,28.63
4815529,-7.6623,37.3,28.63
4816250,-8.0454,37.3,28.63
4816971,-7.8200,37.3,28.62
4817692,-7.4820,37.3,28.62
4818413,-7.5270,37.3,28.62
4819134,-8.2257,37.3,28.62
4819855,-8.2257,37.3,28.62
4820576,-8.2257,37.3,28.62
4821297,-8.2257,37.3,28.62
4822018,-8.2257,37.3,28.61
4822739,-8.2257,37.3,28.61
4823460,-8.2257,37.3,28.61
4824181,-8.2257,37.3,28.61
4824902,-8.2257,37.3,28.61
4825623,-8.2257,37.3,28.61
4826344,-8.2257,37.3,28.61
4827065,-8.2257,37.3,28.62
4827786,-8.2257,37.3,28.61
4828507,-8.2257,37.3,28.61
4829228,-8.2257,37.3,28.60
4829949,-8.2257,37.3,28.60
4830670,-8.2257,37.3,28.61
4831391,-8.2257,37.3,28.60
4832112,-8.2257,37.3,28.61
4832833,-8.2257,38.3,28.60
4833554,-8.2257,38.3,28.60
4834275,-8.2257,38.3,28.60
4834996,-8.2257,37.3,28.60
4835717,-7.4369,37.3,28.59
4836438,-6.6481,37.3,28.59
4837159,-7.9778,37.3,28.59
4837880,-7.9778,37.3,28.59
4838601,-7.2115,37.3,28.59
4839322,-7.0312,37.3,28.59
4840043,-7.8651,37.3,28.59
4840764,-6.4002,37.3,28.59
4841485,-8.3609,37.3,28.58
4842206,-8.1355,37.3,28.58
4842927,-7.8651,37.3,28.58
4843648,-7.5496,37.3,28.58
4844369,-8.0679,37.3,28.58
4845090,-7.5947,37.3,28.58
4845811,-7.5496,37.3,28.58
4846532,-7.5496,37.3,28.58
4847253,-7.5496,37.3,28.58
4847974,-7.5496,38.3,28.57
4848695,-7.5496,38.3,28.58
4849416,-7.5496,37.3,28.57
4850137,-7.5496,37.3,28.57
4850858,-7.5496,37.3,28.57
4851579,-7.5496,37.3,28.57
4852300,-7.5496,37.3,28.57
4853021,-7.5496,37.3,28.57
4853742,-7.5496,37.3,28.57
4854463,-7.5496,37.3,28.57
4855184,-7.5496,37.3,28.56
4855905,-7.5496,37.3,28.56
4856626,-7.5496,37.3,28.56
# [n=6600] mean=-7.0197 m  sigma=1.5841 m  die=37.3 C  CalVal=-43
4857347,-7.5496,37.3,28.56
4858068,-7.5496,37.3,28.56
4858789,-7.5496,37.3,28.56
4859510,-7.5496,37.3,28.56
4860231,-7.5496,37.3,28.56
4860952,-7.5496,37.3,28.55
4861673,-7.5496,37.3,28.55
4862394,-7.6623,37.3,28.55
4863115,-7.3468,37.3,28.55
4863836,-7.7749,37.3,28.55
4864557,-8.0904,37.3,28.55
4865278,-7.2341,37.3,28.54
4865999,-7.6172,37.3,28.54
4866720,-7.9102,37.3,28.54
4867441,-7.0538,37.3,28.54
4868162,-8.0003,37.3,28.54
4868883,-6.3552,37.3,28.54
4869604,-8.1581,37.3,28.53
4870325,-8.2031,37.3,28.53
4871046,-6.8735,37.3,28.53
4871767,-7.2115,37.3,28.53
4872488,-7.3693,37.3,28.53
4873209,-7.3693,37.3,28.53
4873930,-7.3693,37.3,28.53
4874651,-7.3693,37.3,28.52
4875372,-7.3693,37.3,28.52
4876093,-7.3693,37.3,28.52
4876814,-7.3693,37.3,28.53
4877535,-7.3693,37.3,28.52
4878256,-7.3693,37.3,28.52
4878977,-7.3693,37.3,28.52
4879698,-7.3693,37.3,28.52
4880419,-7.3693,37.3,28.52
4881140,-7.3693,37.3,28.51
4881861,-7.3693,37.3,28.51
4882582,-7.3693,37.3,28.51
4883303,-7.3693,37.3,28.51
4884024,-7.3693,37.3,28.51
4884745,-7.3693,37.3,28.51
4885466,-7.3693,38.3,28.50
4886187,-7.3693,37.3,28.51
4886908,-7.3693,37.3,28.51
4887629,-7.3693,37.3,28.51
4888350,-7.3693,37.3,28.50
4889071,-6.7834,37.3,28.50
4889792,-7.9102,37.3,28.50
4890513,-7.0087,37.3,28.50
4891234,-8.3158,37.3,28.50
4891955,-7.8425,37.3,28.50
4892676,-7.8651,37.3,28.50
4893397,-7.6172,37.3,28.49
4894118,-7.5496,37.3,28.49
4894839,-7.4594,37.3,28.49
4895560,-7.7073,37.3,28.49
4896281,-8.2031,37.3,28.49
4897002,-7.0763,37.3,28.49
4897723,-7.2566,37.3,28.49
4898444,-7.3468,37.3,28.48
4899165,-7.3017,37.3,28.48
4899886,-7.3017,37.3,28.49
4900607,-7.3017,37.3,28.48
4901328,-7.3017,37.3,28.48
4902049,-7.3017,37.3,28.48
4902770,-7.3017,37.3,28.48
4903491,-7.3017,37.3,28.48
4904212,-7.3017,37.3,28.48
4904933,-7.3017,37.3,28.48
4905654,-7.3017,37.3,28.47
4906375,-7.3017,37.3,28.48
4907096,-7.3017,37.3,28.47
4907817,-7.3017,37.3,28.48
4908538,-7.3017,37.3,28.47
4909259,-7.3017,37.3,28.47
4909980,-7.3017,37.3,28.47
4910701,-7.3017,37.3,28.47
4911422,-7.3017,37.3,28.46
4912143,-7.3017,37.3,28.47
4912864,-7.3017,38.3,28.47
4913585,-7.3017,37.3,28.46
4914306,-7.3017,37.3,28.47
4915027,-7.3017,37.3,28.46
4915748,-7.9102,37.3,28.46
4916469,-7.0989,37.3,28.46
4917190,-8.2257,37.3,28.46
4917911,-7.6623,37.3,28.46
4918632,-7.2791,37.3,28.46
4919353,-7.5721,37.3,28.45
4920074,-7.4144,37.3,28.45
4920795,-8.1130,37.3,28.45
4921516,-8.3158,37.3,28.45
4922237,-7.5045,37.3,28.45
4922958,-7.2566,37.3,28.45
4923679,-6.9862,37.3,28.45
4924400,-8.3834,37.3,28.45
4925121,-8.2482,37.3,28.45
4925842,-7.8200,37.3,28.45
4926563,-7.8200,37.3,28.44
4927284,-7.8200,37.3,28.44
4928005,-7.8200,37.3,28.44
4928726,-7.8200,37.3,28.44
# [n=6700] mean=-7.0267 m  sigma=1.5738 m  die=37.3 C  CalVal=-43
4929447,-7.8200,37.3,28.44
4930168,-7.8200,37.3,28.44
4930889,-7.8200,37.3,28.44
4931610,-7.8200,37.3,28.44
4932331,-7.8200,37.3,28.43
4933052,-7.8200,37.3,28.43
4933773,-7.8200,37.3,28.43
4934494,-7.8200,37.3,28.43
4935215,-7.8200,37.3,28.43
4935936,-7.8200,37.3,28.43
4936657,-7.8200,37.3,28.43
4937378,-7.8200,37.3,28.42
4938099,-7.8200,37.3,28.42
4938820,-7.8200,37.3,28.42
4939541,-7.8200,37.3,28.42
4940262,-7.8200,37.3,28.42
4940983,-7.8200,37.3,28.41
4941704,-7.8200,37.3,28.41
4942425,-8.0454,37.3,28.41
4943146,-7.3017,37.3,28.41
4943867,-7.0989,37.3,28.42
4944588,-7.9102,37.3,28.41
4945309,-7.1665,37.3,28.41
4946030,-7.3693,38.3,28.41
4946751,-7.1439,38.3,28.41
4947472,-7.5496,37.3,28.41
4948193,-8.0679,37.3,28.41
4948914,-7.4144,37.3,28.41
4949635,-7.5496,37.3,28.41
4950356,-7.6623,37.3,28.40
4951077,-8.0454,37.3,28.40
4951798,-7.8651,37.3,28.40
4952519,-7.6623,37.3,28.40
4953240,-7.6623,37.3,28.39
4953961,-7.6623,37.3,28.40
4954682,-7.6623,37.3,28.40
4955403,-7.6623,37.3,28.40
4956124,-7.6623,37.3,28.40
4956845,-7.6623,37.3,28.40
4957566,-7.6623,37.3,28.39
4958287,-7.6623,37.3,28.39
4959008,-7.6623,37.3,28.39
4959729,-7.6623,37.3,28.39
4960450,-7.6623,37.3,28.39
4961171,-7.6623,37.3,28.39
4961892,-7.6623,37.3,28.38
4962613,-7.6623,37.3,28.39
4963334,-7.6623,37.3,28.38
4964055,-7.6623,37.3,28.39
4964776,-7.6623,37.3,28.39
4965497,-7.6623,37.3,28.38
4966218,-7.6623,37.3,28.38
4966939,-7.6623,37.3,28.38
4967660,-7.6623,37.3,28.38
4968381,-7.6623,37.3,28.38
4969102,-7.6848,37.3,28.37
4969823,-8.4961,37.3,28.37
4970544,-8.2933,37.3,28.37
4971265,-7.6623,37.3,28.37
4971986,-7.3017,37.3,28.38
4972707,-8.2031,37.3,28.37
4973428,-7.4594,37.3,28.37
4974149,-7.8425,37.3,28.37
4974870,-8.2257,37.3,28.37
4975591,-8.2257,37.3,28.37
4976312,-7.4144,37.3,28.36
4977033,-7.8876,37.3,28.36
4977754,-8.0679,37.3,28.36
4978475,-8.2257,38.3,28.36
4979196,-7.9778,37.3,28.36
4979917,-7.9778,37.3,28.36
4980638,-7.9778,37.3,28.36
4981359,-7.9778,37.3,28.36
4982080,-7.9778,37.3,28.36
4982801,-7.9778,37.3,28.36
4983522,-7.9778,37.3,28.36
4984243,-7.9778,37.3,28.35
4984964,-7.9778,37.3,28.35
4985685,-7.9778,37.3,28.35
4986406,-7.9778,37.3,28.35
4987127,-7.9778,37.3,28.35
4987848,-7.9778,37.3,28.35
4988569,-7.9778,37.3,28.35
4989290,-7.9778,37.3,28.34
4990011,-7.9778,37.3,28.34
4990732,-7.9778,37.3,28.34
4991453,-7.9778,37.3,28.34
4992174,-7.9778,37.3,28.34
4992895,-7.9778,37.3,28.34
4993616,-7.9778,37.3,28.34
4994337,-7.9778,37.3,28.33
4995058,-7.9778,37.3,28.34
4995779,-7.6397,37.3,28.34
4996500,-7.9327,37.3,28.33
4997221,-7.2341,37.3,28.33
4997942,-8.1130,37.3,28.33
4998663,-7.1439,37.3,28.33
4999384,-7.4369,37.3,28.33
5000105,-7.5947,37.3,28.33
5000826,-6.8735,37.3,28.32
# [n=6800] mean=-7.0377 m  sigma=1.5652 m  die=37.3 C  CalVal=-43
5001547,-8.0679,37.3,28.33
5002268,-7.6397,37.3,28.33
5002989,-7.5270,37.3,28.33
5003710,-7.5270,37.3,28.32
5004431,-7.1665,37.3,28.32
5005152,-7.6397,37.3,28.32
5005873,-7.9552,37.3,28.32
5006594,-7.9552,37.3,28.32
5007315,-7.9552,37.3,28.32
5008036,-7.9552,37.3,28.32
5008757,-7.9552,37.3,28.31
5009478,-7.9552,37.3,28.31
5010199,-7.9552,37.3,28.31
5010920,-7.9552,37.3,28.31
5011641,-7.9552,37.3,28.31
5012362,-7.9552,37.3,28.31
5013083,-7.9552,37.3,28.30
5013804,-7.9552,37.3,28.31
5014525,-7.9552,37.3,28.31
5015246,-7.9552,37.3,28.30
5015967,-7.9552,37.3,28.30
5016688,-7.9552,37.3,28.31
5017409,-7.9552,37.3,28.30
5018130,-7.9552,37.3,28.30
5018851,-7.9552,37.3,28.30
5019572,-7.9552,37.3,28.30
5020293,-7.9552,37.3,28.30
5021014,-7.9552,37.3,28.29
5021735,-7.9552,37.3,28.30
5022456,-6.8510,37.3,28.30
5023177,-7.5270,37.3,28.30
5023898,-7.7073,37.3,28.30
5024619,-8.2257,37.3,28.29
5025340,-7.7299,37.3,28.29
5026061,-7.3918,37.3,28.29
5026782,-7.3017,37.3,28.29
5027503,-8.2707,37.3,28.29
5028224,-7.3693,37.3,28.29
5028945,-7.2791,37.3,28.29
5029666,-7.4369,37.3,28.28
5030387,-8.2482,37.3,28.28
5031108,-7.4820,37.3,28.28
5031829,-8.0003,37.3,28.28
5032550,-8.1355,37.3,28.28
5033271,-8.1355,37.3,28.28
5033992,-8.1355,37.3,28.28
5034713,-8.1355,37.3,28.27
5035434,-8.1355,37.3,28.28
5036155,-8.1355,37.3,28.28
5036876,-8.1355,37.3,28.28
5037597,-8.1355,37.3,28.27
5038318,-8.1355,37.3,28.27
5039039,-8.1355,37.3,28.27
5039760,-8.1355,37.3,28.27
5040481,-8.1355,37.3,28.27
5041202,-8.1355,37.3,28.27
5041923,-8.1355,37.3,28.27
5042644,-8.1355,37.3,28.26
5043365,-8.1355,37.3,28.26
5044086,-8.1355,37.3,28.27
5044807,-8.1355,37.3,28.26
5045528,-8.1355,37.3,28.26
5046249,-8.1355,37.3,28.26
5046970,-8.1355,37.3,28.26
5047691,-8.1355,37.3,28.25
5048412,-8.1355,37.3,28.26
5049133,-7.7073,37.3,28.25
5049854,-8.3158,37.3,28.25
5050575,-8.0454,37.3,28.25
5051296,-7.0989,37.3,28.25
5052017,-7.4369,37.3,28.25
5052738,-7.3468,37.3,28.25
5053459,-7.5721,37.3,28.25
5054180,-7.3242,37.3,28.25
5054901,-7.2341,37.3,28.24
5055622,-7.3017,37.3,28.24
5056343,-7.4144,37.3,28.24
5057064,-6.7608,37.3,28.24
5057785,-6.8735,37.3,28.24
5058506,-7.5947,37.3,28.24
5059227,-7.3242,37.3,28.24
5059948,-7.3242,37.3,28.24
5060669,-7.3242,37.3,28.23
5061390,-7.3242,37.3,28.24
5062111,-7.3242,37.3,28.23
5062832,-7.3242,37.3,28.23
5063553,-7.3242,37.3,28.23
5064274,-7.3242,37.3,28.23
5064995,-7.3242,37.3,28.23
5065716,-7.3242,37.3,28.23
5066437,-7.3242,37.3,28.23
5067158,-7.3242,37.3,28.23
5067879,-7.3242,37.3,28.23
5068600,-7.3242,37.3,28.23
5069321,-7.3242,37.3,28.23
5070042,-7.3242,37.3,28.22
5070763,-7.3242,37.3,28.23
5071484,-7.3242,37.3,28.23
5072205,-7.3242,37.3,28.22
5072926,-7.3242,37.3,28.22
# [n=6900] mean=-7.0477 m  sigma=1.5567 m  die=37.3 C  CalVal=-43
5073647,-7.3242,37.3,28.22
5074368,-7.3242,37.3,28.22
5075089,-6.4453,37.3,28.22
5075810,-7.7299,37.3,28.22
5076531,-8.2031,37.3,28.22
5077252,-8.2707,37.3,28.21
5077973,-7.3017,37.3,28.21
5078694,-7.2341,37.3,28.21
5079415,-6.8735,37.3,28.21
5080136,-7.5947,37.3,28.21
5080857,-7.2341,37.3,28.20
5081578,-7.7524,37.3,28.20
5082299,-7.9102,37.3,28.20
5083020,-8.0904,37.3,28.20
5083741,-7.8651,37.3,28.20
5084462,-7.5045,37.3,28.20
5085183,-7.5721,37.3,28.20
5085904,-7.1665,37.3,28.20
5086625,-7.1665,37.3,28.20
5087346,-7.1665,37.3,28.19
5088067,-7.1665,37.3,28.19
5088788,-7.1665,37.3,28.20
5089509,-7.1665,37.3,28.20
5090230,-7.1665,37.3,28.20
5090951,-7.1665,37.3,28.19
5091672,-7.1665,37.3,28.19
5092393,-7.1665,37.3,28.18
5093114,-7.1665,37.3,28.19
5093835,-7.1665,37.3,28.18
5094556,-7.1665,37.3,28.18
5095277,-7.1665,37.3,28.18
5095998,-7.1665,37.3,28.18
5096719,-7.1665,37.3,28.18
5097440,-7.1665,37.3,28.18
5098161,-7.1665,37.3,28.18
5098882,-7.1665,37.3,28.18
5099603,-7.1665,37.3,28.18
5100324,-7.1665,37.3,28.18
5101045,-7.1665,37.3,28.18
5101766,-6.5129,37.3,28.17
5102487,-7.1665,37.3,28.17
5103208,-7.9102,37.3,28.17
5103929,-7.1214,37.3,28.17
5104650,-7.3918,37.3,28.17
5105371,-7.2341,37.3,28.17
5106092,-7.5947,37.3,28.17
5106813,-6.6932,37.3,28.17
5107534,-6.7157,37.3,28.17
5108255,-6.9186,37.3,28.17
5108976,-8.1806,37.3,28.17
5109697,-7.4369,37.3,28.16
5110418,-7.6848,37.3,28.17
5111139,-7.5496,37.3,28.16
5111860,-8.0904,37.3,28.16
5112581,-8.8792,37.3,28.16
5113302,-8.8792,37.3,28.16
5114023,-8.8792,37.3,28.16
5114744,-8.8792,37.3,28.16
5115465,-8.8792,37.3,28.16
5116186,-8.8792,37.3,28.16
5116907,-8.8792,37.3,28.16
5117628,-8.8792,37.3,28.15
5118349,-8.8792,37.3,28.15
5119070,-8.8792,37.3,28.15
5119791,-8.8792,37.3,28.15
5120512,-8.8792,37.3,28.15
5121233,-8.8792,37.3,28.15
5121954,-8.8792,37.3,28.15
5122675,-8.8792,37.3,28.15
5123396,-8.8792,37.3,28.15
5124117,-8.8792,37.3,28.14
5124838,-8.8792,37.3,28.14
5125559,-8.8792,37.3,28.14
5126280,-8.8792,37.3,28.14
5127001,-8.8792,37.3,28.14
5127722,-8.8792,37.3,28.14
5128443,-7.1439,37.3,28.14
5129164,-7.4144,37.3,28.14
5129885,-8.2933,37.3,28.14
5130606,-7.3242,37.3,28.14
5131327,-7.4594,37.3,28.14
5132048,-8.1130,37.3,28.13
5132769,-7.4594,37.3,28.14
5133490,-7.2791,37.3,28.14
5134211,-8.1581,37.3,28.13
5134932,-8.4510,37.3,28.13
5135653,-7.6397,37.3,28.13
5136374,-7.8651,37.3,28.13
5137095,-8.0003,37.3,28.13
5137816,-7.9327,37.3,28.13
5138537,-7.4820,37.3,28.13
5139258,-7.4820,37.3,28.13
5139979,-7.4820,37.3,28.12
5140700,-7.4820,37.3,28.13
5141421,-7.4820,37.3,28.12
5142142,-7.4820,37.3,28.12
5142863,-7.4820,37.3,28.12
5143584,-7.4820,37.3,28.12
5144305,-7.4820,37.3,28.12
5145026,-7.4820,37.3,28.12
# [n=7000] mean=-7.0577 m  sigma=1.5500 m  die=37.3 C  CalVal=-43
5145747,-7.4820,37.3,28.12
5146468,-7.4820,37.3,28.12
5147189,-7.4820,37.3,28.12
5147910,-7.4820,37.3,28.12
5148631,-7.4820,37.3,28.12
5149352,-7.4820,37.3,28.11
5150073,-7.4820,37.3,28.11
5150794,-7.4820,37.3,28.11
5151515,-7.4820,37.3,28.11
5152236,-7.4820,37.3,28.11
5152957,-7.4820,37.3,28.11
5153678,-7.4820,37.3,28.11
5154399,-7.4820,37.3,28.11
5155120,-6.8059,37.3,28.11
5155841,-7.3468,37.3,28.11
5156562,-7.5045,37.3,28.11
5157283,-8.1806,37.3,28.10
5158004,-7.5496,37.3,28.11
5158725,-7.2566,37.3,28.11
5159446,-7.0763,37.3,28.10
5160167,-8.3158,37.3,28.10
5160888,-8.2257,37.3,28.10
5161609,-8.3383,37.3,28.10
5162330,-8.0679,37.3,28.09
5163051,-7.5496,37.3,28.09
5163772,-7.3918,37.3,28.10
5164493,-7.4594,37.3,28.09
5165214,-7.4369,37.3,28.09
5165935,-7.4369,37.3,28.09
5166656,-7.4369,37.3,28.09
5167377,-7.4369,37.3,28.09
5168098,-7.4369,37.3,28.09
5168819,-7.4369,37.3,28.09
5169540,-7.4369,37.3,28.09
5170261,-7.4369,37.3,28.09
5170982,-7.4369,37.3,28.09
5171703,-7.4369,37.3,28.09
5172424,-7.4369,37.3,28.08
5173145,-7.4369,37.3,28.09
5173866,-7.4369,37.3,28.08
5174587,-7.4369,37.3,28.09
5175308,-7.4369,37.3,28.09
5176029,-7.4369,37.3,28.08
5176750,-7.4369,37.3,28.08
5177471,-7.4369,37.3,28.08
5178192,-7.4369,37.3,28.07
5178913,-7.4369,37.3,28.07
5179634,-7.4369,37.3,28.07
5180355,-7.4369,37.3,28.07
5181076,-7.4369,37.3,28.07
5181797,-7.4369,37.3,28.07
5182518,-7.4144,37.3,28.07
5183239,-7.7975,37.3,28.08
5183960,-7.3468,37.3,28.07
5184681,-8.3609,37.3,28.07
5185402,-7.9102,37.3,28.07
5186123,-7.4820,37.3,28.06
5186844,-8.2031,37.3,28.07
5187565,-7.1214,37.3,28.07
5188286,-7.5045,37.3,28.07
5189007,-7.7524,37.3,28.06
5189728,-7.5947,37.3,28.06
5190449,-7.4820,37.3,28.06
5191170,-7.6623,37.3,28.06
5191891,-8.2482,37.3,28.06
5192612,-8.2482,37.3,28.06
5193333,-8.2482,37.3,28.05
5194054,-8.2482,37.3,28.05
5194775,-8.2482,37.3,28.06
5195496,-8.2482,37.3,28.06
5196217,-8.2482,37.3,28.06
5196938,-8.2482,37.3,28.05
5197659,-8.2482,37.3,28.05
5198380,-8.2482,37.3,28.05
5199101,-8.2482,37.3,28.05
5199822,-8.2482,37.3,28.05
5200543,-8.2482,37.3,28.05
5201264,-8.2482,37.3,28.05
5201985,-8.2482,37.3,28.05
5202706,-8.2482,37.3,28.04
5203427,-8.2482,37.3,28.04
5204148,-8.2482,37.3,28.04
5204869,-8.2482,37.3,28.04
5205590,-8.2482,37.3,28.04
5206311,-8.2482,37.3,28.04
5207032,-8.2482,37.3,28.04
5207753,-8.2482,37.3,28.04
5208474,-7.8876,37.3,28.04
5209195,-7.3918,37.3,28.04
5209916,-7.5270,37.3,28.04
5210637,-7.1665,37.3,28.04
5211358,-8.0454,37.3,28.03
5212079,-7.9778,37.3,28.03
5212800,-8.0679,37.3,28.03
5213521,-7.6848,37.3,28.03
5214242,-8.0679,37.3,28.03
5214963,-8.0228,37.3,28.03
5215684,-7.5721,37.3,28.03
5216405,-8.2707,37.3,28.03
5217126,-8.2257,37.3,28.03
# [n=7100] mean=-7.0674 m  sigma=1.5418 m  die=37.3 C  CalVal=-43
5217847,-8.0679,37.3,28.03
5218568,-6.6256,37.3,28.02
5219289,-6.6256,37.3,28.02
5220010,-6.6256,37.3,28.02
5220731,-6.6256,37.3,28.02
5221452,-6.6256,37.3,28.02
5222173,-6.6256,37.3,28.03
5222894,-6.6256,37.3,28.02
5223615,-6.6256,37.3,28.02
5224336,-6.6256,37.3,28.02
5225057,-6.6256,37.3,28.02
5225778,-6.6256,37.3,28.02
5226499,-6.6256,37.3,28.02
5227220,-6.6256,37.3,28.01
5227941,-6.6256,37.3,28.01
5228662,-6.6256,37.3,28.01
5229383,-6.6256,37.3,28.01
5230104,-6.6256,37.3,28.01
5230825,-6.6256,37.3,28.01
5231546,-6.6256,37.3,28.01
5232267,-6.6256,37.3,28.01
5232988,-6.6256,37.3,28.00
5233709,-6.6256,37.3,28.01
5234430,-6.6256,37.3,28.00
5235151,-7.3017,37.3,28.00
5235872,-7.9102,37.3,28.01
5236593,-7.2115,37.3,28.00
5237314,-7.2341,37.3,28.00
5238035,-7.7299,37.3,28.00
5238756,-8.1355,37.3,28.00
5239477,-7.7073,37.3,28.00
5240198,-8.0228,37.3,28.00
5240919,-7.5721,37.3,28.00
5241640,-7.4144,37.3,27.99
5242361,-8.5186,37.3,27.99
5243082,-7.9327,37.3,27.99
5243803,-7.9778,37.3,27.99
5244524,-8.0679,37.3,27.99
5245245,-7.8200,37.3,27.99
5245966,-7.8200,37.3,27.99
5246687,-7.8200,37.3,27.99
5247408,-7.8200,37.3,27.98
5248129,-7.8200,37.3,27.99
5248850,-7.8200,37.3,27.98
5249571,-7.8200,37.3,27.99
5250292,-7.8200,37.3,27.99
5251013,-7.8200,37.3,27.99
5251734,-7.8200,37.3,27.99
5252455,-7.8200,37.3,27.98
5253176,-7.8200,37.3,27.98
5253897,-7.8200,37.3,27.98
5254618,-7.8200,37.3,27.98
5255339,-7.8200,37.3,27.98
5256060,-7.8200,37.3,27.98
5256781,-7.8200,37.3,27.98
5257502,-7.8200,37.3,27.98
5258223,-7.8200,37.3,27.98
5258944,-7.8200,37.3,27.98
5259665,-7.8200,37.3,27.98
5260386,-7.8200,37.3,27.97
5261107,-7.8200,37.3,27.97
5261828,-7.3693,36.3,27.97
5262549,-7.0087,37.3,27.97
5263270,-7.2341,37.3,27.97
5263991,-8.1355,37.3,27.96
5264712,-7.3017,37.3,27.97
5265433,-8.3158,37.3,27.96
5266154,-7.4144,37.3,27.96
5266875,-7.3017,37.3,27.97
5267596,-7.3693,37.3,27.97
5268317,-8.2257,37.3,27.96
5269038,-8.5862,37.3,27.96
5269759,-7.5045,37.3,27.95
5270480,-7.3918,37.3,27.95
5271201,-8.0454,37.3,27.96
5271922,-7.3468,37.3,27.96
5272643,-7.3468,37.3,27.96
5273364,-7.3468,37.3,27.96
5274085,-7.3468,37.3,27.95
5274806,-7.3468,37.3,27.95
5275527,-7.3468,37.3,27.95
5276248,-7.3468,37.3,27.96
5276969,-7.3468,37.3,27.95
5277690,-7.3468,37.3,27.95
5278411,-7.3468,37.3,27.95
5279132,-7.3468,37.3,27.95
5279853,-7.3468,37.3,27.94
5280574,-7.3468,37.3,27.94
5281295,-7.3468,37.3,27.94
5282016,-7.3468,37.3,27.94
5282737,-7.3468,37.3,27.94
5283458,-7.3468,37.3,27.94
5284179,-7.3468,37.3,27.94
5284900,-7.3468,37.3,27.94
5285621,-7.3468,37.3,27.94
5286342,-7.3468,37.3,27.94
5287063,-7.3468,37.3,27.93
5287784,-7.3468,37.3,27.94
5288505,-7.2791,37.3,27.93
5289226,-7.4820,37.3,27.93
# [n=7200] mean=-7.0720 m  sigma=1.5328 m  die=37.3 C  CalVal=-43
5289947,-8.0003,37.3,27.93
5290668,-7.5947,37.3,27.93
5291389,-7.5270,37.3,27.94
5292110,-8.1355,37.3,27.94
5292831,-8.4059,37.3,27.93
5293552,-7.9102,37.3,27.93
5294273,-7.3468,37.3,27.93
5294994,-7.3468,37.3,27.93
5295715,-8.4059,37.3,27.93
5296436,-7.5045,37.3,27.92
5297157,-7.3017,37.3,27.93
5297878,-7.3468,37.3,27.93
5298599,-7.9327,37.3,27.92
5299320,-7.9327,37.3,27.92
5300041,-7.9327,37.3,27.92
5300762,-7.9327,37.3,27.92
5301483,-7.9327,37.3,27.92
5302204,-7.9327,37.3,27.92
5302925,-7.9327,37.3,27.92
5303646,-7.9327,37.3,27.92
5304367,-7.9327,37.3,27.92
5305088,-7.9327,37.3,27.91
5305809,-7.9327,37.3,27.91
5306530,-7.9327,37.3,27.92
5307251,-7.9327,37.3,27.91
5307972,-7.9327,37.3,27.91
5308693,-7.9327,37.3,27.91
5309414,-7.9327,37.3,27.91
5310135,-7.9327,37.3,27.91
5310856,-7.9327,37.3,27.90
5311577,-7.9327,37.3,27.91
5312298,-7.9327,37.3,27.91
5313019,-7.9327,37.3,27.91
5313740,-7.9327,37.3,27.90
5314461,-7.9327,37.3,27.90
5315182,-7.6397,37.3,27.90
5315903,-7.2115,36.3,27.90
5316624,-7.5947,37.3,27.90
5317345,-8.2482,37.3,27.90
5318066,-7.4144,37.3,27.90
5318787,-7.5045,37.3,27.90
5319508,-7.2341,37.3,27.90
5320229,-7.3918,37.3,27.90
5320950,-7.3918,37.3,27.89
5321671,-6.6256,37.3,27.89
5322392,-7.5947,37.3,27.89
5323113,-7.5496,37.3,27.88
5323834,-7.6397,37.3,27.89
5324555,-7.3017,37.3,27.89
5325276,-7.7975,37.3,27.89
5325997,-7.7975,37.3,27.88
5326718,-7.7975,37.3,27.88
5327439,-7.7975,37.3,27.88
5328160,-7.7975,37.3,27.88
5328881,-7.7975,37.3,27.88
5329602,-7.7975,37.3,27.88
5330323,-7.7975,37.3,27.88
5331044,-7.7975,37.3,27.87
5331765,-7.7975,37.3,27.88
5332486,-7.7975,37.3,27.87
5333207,-7.7975,37.3,27.87
5333928,-7.7975,37.3,27.87
5334649,-7.7975,37.3,27.87
5335370,-7.7975,37.3,27.87
5336091,-7.7975,37.3,27.87
5336812,-7.7975,37.3,27.87
5337533,-7.7975,37.3,27.86
5338254,-7.7975,37.3,27.87
5338975,-7.7975,37.3,27.86
5339696,-7.7975,37.3,27.87
5340417,-7.7975,37.3,27.86
5341138,-7.7975,37.3,27.86
5341859,-7.1214,37.3,27.86
5342580,-7.3918,37.3,27.86
5343301,-7.5496,37.3,27.87
5344022,-7.3468,37.3,27.86
5344743,-8.1130,37.3,27.86
5345464,-7.9102,37.3,27.86
5346185,-7.6848,37.3,27.86
5346906,-7.3918,37.3,27.86
5347627,-8.1581,37.3,27.86
5348348,-6.4904,37.3,27.85
5349069,-7.4820,37.3,27.85
5349790,-7.5496,36.3,27.86
5350511,-7.3468,36.3,27.85
5351232,-7.3242,37.3,27.85
5351953,-7.5270,37.3,27.85
5352674,-7.5270,36.3,27.85
5353395,-7.5270,37.3,27.85
5354116,-7.5270,37.3,27.85
5354837,-7.5270,37.3,27.85
5355558,-7.5270,37.3,27.84
5356279,-7.5270,37.3,27.84
5357000,-7.5270,37.3,27.84
5357721,-7.5270,36.3,27.84
5358442,-7.5270,37.3,27.84
5359163,-7.5270,37.3,27.84
5359884,-7.5270,37.3,27.84
5360605,-7.5270,37.3,27.84
5361326,-7.5270,37.3,27.84
# [n=7300] mean=-7.0805 m  sigma=1.5244 m  die=37.3 C  CalVal=-43
5362047,-7.5270,37.3,27.84
5362768,-7.5270,37.3,27.83
5363489,-7.5270,37.3,27.83
5364210,-7.5270,37.3,27.83
5364931,-7.5270,37.3,27.83
5365652,-7.5270,37.3,27.83
5366373,-7.5270,37.3,27.83
5367094,-7.5270,37.3,27.83
5367815,-7.5270,37.3,27.83
5368536,-6.9862,37.3,27.82
5369257,-7.4144,37.3,27.82
5369978,-6.6932,37.3,27.82
5370699,-7.3468,37.3,27.82
5371420,-8.0904,37.3,27.82
5372141,-7.9778,37.3,27.81
5372862,-7.3017,37.3,27.81
5373583,-7.3242,37.3,27.82
5374304,-7.5496,37.3,27.81
5375025,-8.1581,37.3,27.81
5375746,-7.3242,37.3,27.81
5376467,-7.3468,37.3,27.81
5377188,-8.5186,37.3,27.81
5377909,-7.4369,37.3,27.81
5378630,-8.0228,37.3,27.81
5379351,-8.0228,37.3,27.81
5380072,-8.0228,36.3,27.81
5380793,-8.0228,37.3,27.81
5381514,-8.0228,37.3,27.81
5382235,-8.0228,37.3,27.81
5382956,-8.0228,37.3,27.80
5383677,-8.0228,37.3,27.80
5384398,-8.0228,37.3,27.80
5385119,-8.0228,37.3,27.80
5385840,-8.0228,37.3,27.80
5386561,-8.0228,37.3,27.80
5387282,-8.0228,37.3,27.80
5388003,-8.0228,36.3,27.80
5388724,-8.0228,37.3,27.80
5389445,-8.0228,37.3,27.80
5390166,-8.0228,37.3,27.80
5390887,-8.0228,37.3,27.79
5391608,-8.0228,37.3,27.79
5392329,-8.0228,37.3,27.80
5393050,-8.0228,37.3,27.79
5393771,-8.0228,37.3,27.79
5394492,-8.0228,36.3,27.79
5395213,-7.4144,36.3,27.78
5395934,-7.0538,36.3,27.79
5396655,-7.0312,36.3,27.79
5397376,-7.4144,37.3,27.79
5398097,-8.2257,37.3,27.79
5398818,-7.5496,37.3,27.78
5399539,-7.8200,37.3,27.79
5400260,-8.2482,37.3,27.78
5400981,-7.7073,37.3,27.78
5401702,-7.3242,37.3,27.78
5402423,-7.5947,37.3,27.78
5403144,-6.4904,37.3,27.78
5403865,-8.0454,37.3,27.78
5404586,-7.4369,37.3,27.78
5405307,-8.2031,37.3,27.78
5406028,-8.2031,37.3,27.77
5406749,-8.2031,37.3,27.77
5407470,-8.2031,37.3,27.77
5408191,-8.2031,37.3,27.77
5408912,-8.2031,37.3,27.77
5409633,-8.2031,37.3,27.77
5410354,-8.2031,37.3,27.77
5411075,-8.2031,37.3,27.77
5411796,-8.2031,37.3,27.77
5412517,-8.2031,37.3,27.77
5413238,-8.2031,37.3,27.76
5413959,-8.2031,37.3,27.76
5414680,-8.2031,37.3,27.76
5415401,-8.2031,37.3,27.76
5416122,-8.2031,37.3,27.76
5416843,-8.2031,37.3,27.76
5417564,-8.2031,37.3,27.76
5418285,-8.2031,37.3,27.76
5419006,-8.2031,37.3,27.76
5419727,-8.2031,37.3,27.76
5420448,-8.2031,37.3,27.76
5421169,-8.2031,37.3,27.76
5421890,-7.2791,37.3,27.75
5422611,-7.1439,37.3,27.76
5423332,-8.0904,37.3,27.75
5424053,-7.1665,37.3,27.75
5424774,-7.8876,37.3,27.75
5425495,-8.2257,37.3,27.75
5426216,-8.0904,37.3,27.75
5426937,-7.7299,37.3,27.75
5427658,-7.4820,37.3,27.75
5428379,-7.2341,37.3,27.75
5429100,-8.3158,37.3,27.75
5429821,-8.1581,37.3,27.75
5430542,-7.6397,37.3,27.75
5431263,-7.3242,37.3,27.75
5431984,-7.6397,37.3,27.75
5432705,-7.6397,37.3,27.74
5433426,-7.6397,37.3,27.74
# [n=7400] mean=-7.0905 m  sigma=1.5172 m  die=37.3 C  CalVal=-43
5434147,-7.6397,37.3,27.74
5434868,-7.6397,36.3,27.74
5435589,-7.6397,37.3,27.74
5436310,-7.6397,37.3,27.74
5437031,-7.6397,37.3,27.74
5437752,-7.6397,37.3,27.74
5438473,-7.6397,37.3,27.73
5439194,-7.6397,37.3,27.73
5439915,-7.6397,37.3,27.73
5440636,-7.6397,37.3,27.73
5441357,-7.6397,37.3,27.73
5442078,-7.6397,37.3,27.73
5442799,-7.6397,37.3,27.73
5443520,-7.6397,37.3,27.73
5444241,-7.6397,37.3,27.73
5444962,-7.6397,37.3,27.73
5445683,-7.6397,37.3,27.72
5446404,-7.6397,37.3,27.73
5447125,-7.6397,37.3,27.72
5447846,-7.6397,37.3,27.72
5448567,-7.5270,37.3,27.72
5449288,-7.3242,37.3,27.72
5450009,-7.5045,37.3,27.72
5450730,-7.6397,37.3,27.72
5451451,-7.9327,37.3,27.72
5452172,-8.2482,37.3,27.72
5452893,-7.9102,37.3,27.72
5453614,-8.2933,37.3,27.71
5454335,-8.0003,37.3,27.71
5455056,-8.1581,37.3,27.72
5455777,-7.5270,37.3,27.72
5456498,-8.0454,37.3,27.71
5457219,-7.6623,37.3,27.71
5457940,-7.5947,37.3,27.71
5458661,-8.1581,37.3,27.71
5459382,-8.1581,37.3,27.71
5460103,-8.1581,37.3,27.71
5460824,-8.1581,37.3,27.71
5461545,-8.1581,36.3,27.71
5462266,-8.1581,36.3,27.71
5462987,-8.1581,37.3,27.71
5463708,-8.1581,37.3,27.71
5464429,-8.1581,37.3,27.70
5465150,-8.1581,37.3,27.70
5465871,-8.1581,37.3,27.70
5466592,-8.1581,37.3,27.70
5467313,-8.1581,37.3,27.70
5468034,-8.1581,37.3,27.70
5468755,-8.1581,37.3,27.70
5469476,-8.1581,37.3,27.70
5470197,-8.1581,37.3,27.70
5470918,-8.1581,37.3,27.70
5471639,-8.1581,37.3,27.70
5472360,-8.1581,37.3,27.69
5473081,-8.1581,37.3,27.69
5473802,-8.1581,36.3,27.70
5474523,-8.1581,37.3,27.69
5475244,-8.2257,37.3,27.69
5475965,-6.7608,37.3,27.69
5476686,-7.4820,37.3,27.69
5477407,-7.7524,37.3,27.69
5478128,-7.5045,37.3,27.69
5478849,-7.9778,37.3,27.69
5479570,-7.4369,37.3,27.69
5480291,-8.0679,37.3,27.68
5481012,-8.3609,37.3,27.68
5481733,-7.3242,37.3,27.68
5482454,-7.5947,37.3,27.69
5483175,-7.6397,37.3,27.68
5483896,-8.3609,37.3,27.68
5484617,-7.5947,37.3,27.68
5485338,-7.9778,37.3,27.68
5486059,-7.9778,37.3,27.68
5486780,-7.9778,37.3,27.68
5487501,-7.9778,37.3,27.68
5488222,-7.9778,37.3,27.67
5488943,-7.9778,37.3,27.68
5489664,-7.9778,37.3,27.68
5490385,-7.9778,37.3,27.67
5491106,-7.9778,37.3,27.67
5491827,-7.9778,36.3,27.67
5492548,-7.9778,37.3,27.68
5493269,-7.9778,37.3,27.67
5493990,-7.9778,37.3,27.67
5494711,-7.9778,37.3,27.67
5495432,-7.9778,37.3,27.67
5496153,-7.9778,37.3,27.67
5496874,-7.9778,37.3,27.67
5497595,-7.9778,37.3,27.67
5498316,-7.9778,37.3,27.66
5499037,-7.9778,37.3,27.66
5499758,-7.9778,37.3,27.66
5500479,-7.9778,37.3,27.66
5501200,-7.9778,37.3,27.66
5501921,-7.9552,37.3,27.66
5502642,-7.9327,37.3,27.66
5503363,-7.2566,37.3,27.66
5504084,-7.9102,37.3,27.66
5504805,-7.9102,36.3,27.66
5505526,-7.0087,37.3,27.66
# [n=7500] mean=-7.1010 m  sigma=1.5101 m  die=37.3 C  CalVal=-43
5506247,-7.8651,37.3,27.66
5506968,-7.5270,37.3,27.66
5507689,-8.0454,37.3,27.65
5508410,-7.2566,37.3,27.65
5509131,-8.4510,36.3,27.65
5509852,-7.8651,36.3,27.65
5510573,-7.4369,37.3,27.65
5511294,-7.4369,37.3,27.65
5512015,-7.9327,37.3,27.65
5512736,-7.9327,37.3,27.65
5513457,-7.9327,37.3,27.65
5514178,-7.9327,37.3,27.64
5514899,-7.9327,37.3,27.65
5515620,-7.9327,37.3,27.64
5516341,-7.9327,37.3,27.64
5517062,-7.9327,37.3,27.64
5517783,-7.9327,37.3,27.64
5518504,-7.9327,37.3,27.64
5519225,-7.9327,37.3,27.64
5519946,-7.9327,37.3,27.64
5520667,-7.9327,37.3,27.64
5521388,-7.9327,37.3,27.64
5522109,-7.9327,37.3,27.63
5522830,-7.9327,37.3,27.63
5523551,-7.9327,37.3,27.63
5524272,-7.9327,36.3,27.63
5524993,-7.9327,36.3,27.63
5525714,-7.9327,36.3,27.63
5526435,-7.9327,36.3,27.63
5527156,-7.9327,37.3,27.63
5527877,-7.9327,37.3,27.63
5528598,-7.2791,37.3,27.63
5529319,-7.3468,37.3,27.63
5530040,-7.9327,37.3,27.63
5530761,-8.1130,37.3,27.62
5531482,-7.2115,37.3,27.63
5532203,-7.3468,37.3,27.62
5532924,-7.5496,36.3,27.62
5533645,-8.0228,36.3,27.62
5534366,-8.0454,36.3,27.62
5535087,-8.1130,37.3,27.62
5535808,-7.4594,37.3,27.62
5536529,-7.6623,37.3,27.62
5537250,-7.5947,37.3,27.62
5537971,-7.6397,37.3,27.61
5538692,-7.3468,37.3,27.61
5539413,-7.3468,36.3,27.61
5540134,-7.3468,37.3,27.61
5540855,-7.3468,37.3,27.61
5541576,-7.3468,37.3,27.61
5542297,-7.3468,37.3,27.61
5543018,-7.3468,37.3,27.61
5543739,-7.3468,37.3,27.61
5544460,-7.3468,37.3,27.61
5545181,-7.3468,37.3,27.61
5545902,-7.3468,37.3,27.61
5546623,-7.3468,37.3,27.61
5547344,-7.3468,37.3,27.60
5548065,-7.3468,36.3,27.60
5548786,-7.3468,37.3,27.60
5549507,-7.3468,37.3,27.60
5550228,-7.3468,37.3,27.60
5550949,-7.3468,37.3,27.60
5551670,-7.3468,37.3,27.60
5552391,-7.3468,36.3,27.60
5553112,-7.3468,37.3,27.60
5553833,-7.3468,37.3,27.60
5554554,-7.3468,36.3,27.60
5555275,-8.0228,36.3,27.60
5555996,-7.3017,36.3,27.60
5556717,-7.3017,36.3,27.59
5557438,-7.4820,36.3,27.59
5558159,-7.9102,36.3,27.59
5558880,-7.4594,36.3,27.59
5559601,-7.4144,37.3,27.59
5560322,-7.5721,37.3,27.59
5561043,-7.2791,37.3,27.59
5561764,-8.0454,37.3,27.59
5562485,-8.0003,37.3,27.58
5563206,-8.1355,36.3,27.59
5563927,-8.1355,36.3,27.59
5564648,-7.8876,36.3,27.59
5565369,-8.3158,36.3,27.58
5566090,-8.3158,36.3,27.58
5566811,-8.3158,36.3,27.58
5567532,-8.3158,36.3,27.58
5568253,-8.3158,37.3,27.58
5568974,-8.3158,37.3,27.58
5569695,-8.3158,37.3,27.58
5570416,-8.3158,37.3,27.58
5571137,-8.3158,37.3,27.58
5571858,-8.3158,37.3,27.58
5572579,-8.3158,37.3,27.58
5573300,-8.3158,37.3,27.57
5574021,-8.3158,37.3,27.58
5574742,-8.3158,37.3,27.57
5575463,-8.3158,37.3,27.57
5576184,-8.3158,37.3,27.57
5576905,-8.3158,37.3,27.57
5577626,-8.3158,37.3,27.58
# [n=7600] mean=-7.1099 m  sigma=1.5028 m  die=37.3 C  CalVal=-43
5578347,-8.3158,37.3,27.58
5579068,-8.3158,37.3,27.57
5579789,-8.3158,37.3,27.57
5580510,-8.3158,37.3,27.57
5581231,-8.3158,37.3,27.56
5581952,-7.2341,37.3,27.57
5582673,-8.1130,37.3,27.56
5583394,-7.5721,36.3,27.56
5584115,-8.2031,36.3,27.56
5584836,-7.3017,37.3,27.57
5585557,-8.0904,37.3,27.56
5586278,-7.4369,37.3,27.56
5586999,-7.8651,37.3,27.56
5587720,-7.6848,37.3,27.56
5588441,-7.3468,36.3,27.55
5589162,-7.8200,36.3,27.56
5589883,-8.3834,37.3,27.55
5590604,-7.9102,36.3,27.55
5591325,-7.5947,36.3,27.55
5592046,-7.4369,36.3,27.55
5592767,-7.4369,37.3,27.55
5593488,-7.4369,37.3,27.55
5594209,-7.4369,37.3,27.55
5594930,-7.4369,37.3,27.55
5595651,-7.4369,37.3,27.54
5596372,-7.4369,37.3,27.54
5597093,-7.4369,37.3,27.54
5597814,-7.4369,37.3,27.55
5598535,-7.4369,37.3,27.54
5599256,-7.4369,37.3,27.54
5599977,-7.4369,37.3,27.54
5600698,-7.4369,36.3,27.54
5601419,-7.4369,37.3,27.54
5602140,-7.4369,36.3,27.54
5602861,-7.4369,36.3,27.54
5603582,-7.4369,36.3,27.54
5604303,-7.4369,36.3,27.54
5605024,-7.4369,36.3,27.54
5605745,-7.4369,37.3,27.53
5606466,-7.4369,36.3,27.53
5607187,-7.4369,37.3,27.54
5607908,-7.4369,37.3,27.53
5608629,-7.5045,37.3,27.53
5609350,-8.1355,37.3,27.53
5610071,-8.0003,37.3,27.53
5610792,-8.4285,37.3,27.53
5611513,-7.5045,36.3,27.53
5612234,-7.9778,37.3,27.53
5612955,-7.9102,37.3,27.53
5613676,-7.7524,36.3,27.53
5614397,-7.3017,36.3,27.53
5615118,-7.8200,37.3,27.52
5615839,-7.4594,37.3,27.53
5616560,-8.1355,37.3,27.52
5617281,-7.2115,37.3,27.52
5618002,-7.9102,37.3,27.52
5618723,-7.3242,37.3,27.52
5619444,-7.3242,37.3,27.52
5620165,-7.3242,37.3,27.52
5620886,-7.3242,37.3,27.52
5621607,-7.3242,37.3,27.52
5622328,-7.3242,37.3,27.52
5623049,-7.3242,37.3,27.52
5623770,-7.3242,37.3,27.51
5624491,-7.3242,37.3,27.51
5625212,-7.3242,37.3,27.52
5625933,-7.3242,36.3,27.51
5626654,-7.3242,36.3,27.51
5627375,-7.3242,37.3,27.51
5628096,-7.3242,37.3,27.51
5628817,-7.3242,37.3,27.51
5629538,-7.3242,36.3,27.51
5630259,-7.3242,36.3,27.51
5630980,-7.3242,36.3,27.51
5631701,-7.3242,36.3,27.50
5632422,-7.3242,36.3,27.51
5633143,-7.3242,37.3,27.50
5633864,-7.3242,37.3,27.51
5634585,-7.3242,36.3,27.51
5635306,-6.8735,36.3,27.51
5636027,-7.9778,36.3,27.50
5636748,-7.4369,36.3,27.50
5637469,-8.0454,37.3,27.50
5638190,-7.9102,37.3,27.50
5638911,-7.0538,36.3,27.50
5639632,-7.7975,37.3,27.50
5640353,-7.3693,37.3,27.50
5641074,-8.1806,37.3,27.50
5641795,-8.2257,37.3,27.50
5642516,-7.4369,37.3,27.50
5643237,-7.9778,37.3,27.50
5643958,-7.2341,37.3,27.49
5644679,-7.5496,37.3,27.49
5645400,-6.5355,37.3,27.49
5646121,-6.5355,36.3,27.49
5646842,-6.5355,37.3,27.49
5647563,-6.5355,36.3,27.49
5648284,-6.5355,36.3,27.49
5649005,-6.5355,37.3,27.49
5649726,-6.5355,37.3,27.49
# [n=7700] mean=-7.1152 m  sigma=1.4945 m  die=37.3 C  CalVal=-43
5650447,-6.5355,37.3,27.49
5651168,-6.5355,37.3,27.49
5651889,-6.5355,36.3,27.49
5652610,-6.5355,36.3,27.48
5653331,-6.5355,37.3,27.48
5654052,-6.5355,37.3,27.48
5654773,-6.5355,37.3,27.48
5655494,-6.5355,37.3,27.48
5656215,-6.5355,37.3,27.48
5656936,-6.5355,37.3,27.48
5657657,-6.5355,37.3,27.47
5658378,-6.5355,37.3,27.48
5659099,-6.5355,37.3,27.48
5659820,-6.5355,37.3,27.48
5660541,-6.5355,37.3,27.47
5661262,-6.9411,37.3,27.47
5661983,-7.6172,37.3,27.47
5662704,-7.9327,37.3,27.47
5663425,-8.2031,37.3,27.47
5664146,-7.8876,37.3,27.47
5664867,-7.2566,36.3,27.47
5665588,-7.6397,36.3,27.47
5666309,-8.2707,36.3,27.47
5667030,-8.0228,36.3,27.47
5667751,-7.3468,36.3,27.47
5668472,-7.8651,36.3,27.47
5669193,-6.9636,36.3,27.47
5669914,-7.5270,36.3,27.47
5670635,-7.5947,37.3,27.47
5671356,-7.2341,37.3,27.46
5672077,-6.8735,37.3,27.46
5672798,-6.8735,37.3,27.46
5673519,-6.8735,36.3,27.46
5674240,-6.8735,37.3,27.46
5674961,-6.8735,37.3,27.46
5675682,-6.8735,37.3,27.46
5676403,-6.8735,37.3,27.46
5677124,-6.8735,37.3,27.46
5677845,-6.8735,37.3,27.46
5678566,-6.8735,36.3,27.45
5679287,-6.8735,36.3,27.45
5680008,-6.8735,37.3,27.45
5680729,-6.8735,37.3,27.45
5681450,-6.8735,36.3,27.45
5682171,-6.8735,36.3,27.45
5682892,-6.8735,36.3,27.45
5683613,-6.8735,37.3,27.45
5684334,-6.8735,36.3,27.45
5685055,-6.8735,36.3,27.45
5685776,-6.8735,36.3,27.45
5686497,-6.8735,36.3,27.45
5687218,-6.8735,37.3,27.45
5687939,-6.4453,37.3,27.45
5688660,-6.8960,37.3,27.45
5689381,-7.2566,37.3,27.45
5690102,-8.0003,37.3,27.45
5690823,-7.2115,37.3,27.45
5691544,-7.2791,37.3,27.44
5692265,-7.8200,37.3,27.44
5692986,-7.1890,36.3,27.44
5693707,-7.4820,36.3,27.44
5694428,-8.0454,36.3,27.44
5695149,-7.8876,37.3,27.44
5695870,-7.8876,36.3,27.44
5696591,-7.9102,36.3,27.44
5697312,-7.2115,36.3,27.44
5698033,-6.8960,37.3,27.44
5698754,4.4847,37.3,27.43
5699475,4.4847,37.3,27.44
5700196,4.4847,37.3,27.43
5700917,4.4847,36.3,27.44
5701638,4.4847,36.3,27.43
5702359,4.4847,36.3,27.43
5703080,4.4847,36.3,27.43
5703801,4.4847,36.3,27.43
5704522,4.4847,36.3,27.43
5705243,4.4847,36.3,27.43
5705964,4.4847,36.3,27.43
5706685,4.4847,36.3,27.43
5707406,4.4847,36.3,27.43
5708127,4.4847,37.3,27.43
5708848,4.4847,37.3,27.42
5709569,4.4847,36.3,27.43
5710290,4.4847,37.3,27.42
5711011,4.4847,37.3,27.42
5711732,4.4847,37.3,27.42
5712453,4.4847,37.3,27.42
5713174,4.4847,37.3,27.42
5713895,4.4847,36.3,27.42
5714616,-6.2650,36.3,27.42
5715337,-7.9102,36.3,27.42
5716058,-7.0989,36.3,27.41
5716779,-8.0904,37.3,27.42
5717500,-8.1130,37.3,27.42
5718221,-7.6172,37.3,27.41
5718942,-8.2933,36.3,27.42
5719663,-8.0454,37.3,27.41
5720384,-7.3468,36.3,27.42
5721105,-7.9778,36.3,27.41
5721826,-7.5045,36.3,27.41
# [n=7800] mean=-7.0830 m  sigma=1.6082 m  die=36.3 C  CalVal=-43
5722547,-8.2031,37.3,27.41
5723268,-8.0679,36.3,27.41
5723989,-7.4594,36.3,27.41
5724710,-7.0989,37.3,27.41
5725431,-7.0989,36.3,27.41
5726152,-7.0989,36.3,27.41
5726873,-7.0989,36.3,27.41
5727594,-7.0989,36.3,27.41
5728315,-7.0989,37.3,27.41
5729036,-7.0989,37.3,27.41
5729757,-7.0989,37.3,27.41
5730478,-7.0989,37.3,27.41
5731199,-7.0989,37.3,27.40
5731920,-7.0989,37.3,27.40
5732641,-7.0989,37.3,27.40
5733362,-7.0989,36.3,27.40
5734083,-7.0989,36.3,27.40
5734804,-7.0989,37.3,27.40
5735525,-7.0989,37.3,27.40
5736246,-7.0989,36.3,27.40
5736967,-7.0989,36.3,27.40
5737688,-7.0989,36.3,27.40
5738409,-7.0989,36.3,27.40
5739130,-7.0989,36.3,27.40
5739851,-7.0989,36.3,27.39
5740572,-7.0989,36.3,27.40
5741293,-7.2115,36.3,27.40
5742014,-7.1665,37.3,27.39
5742735,-6.9636,36.3,27.39
5743456,-7.3242,36.3,27.39
5744177,-7.0763,36.3,27.39
5744898,-8.1581,36.3,27.39
5745619,-7.9102,36.3,27.39
5746340,-7.6172,36.3,27.39
5747061,-7.9102,36.3,27.39
5747782,-7.5947,36.3,27.39
5748503,-7.0538,37.3,27.39
5749224,-8.2482,36.3,27.39
5749945,-8.0454,37.3,27.38
5750666,-7.3242,37.3,27.38
5751387,-8.1355,36.3,27.38
5752108,-8.1355,36.3,27.38
5752829,-8.1355,36.3,27.38
5753550,-8.1355,36.3,27.38
5754271,-8.1355,36.3,27.38
5754992,-8.1355,36.3,27.38
5755713,-8.1355,36.3,27.38
5756434,-8.1355,36.3,27.38
5757155,-8.1355,37.3,27.38
5757876,-8.1355,37.3,27.38
5758597,-8.1355,36.3,27.38
5759318,-8.1355,36.3,27.38
5760039,-8.1355,36.3,27.38
5760760,-8.1355,36.3,27.37
5761481,-8.1355,36.3,27.37
5762202,-8.1355,36.3,27.37
5762923,-8.1355,36.3,27.37
5763644,-8.1355,36.3,27.37
5764365,-8.1355,36.3,27.37
5765086,-8.1355,37.3,27.37
5765807,-8.1355,36.3,27.37
5766528,-8.1355,37.3,27.37
5767249,-8.1355,37.3,27.37
5767970,-7.3017,37.3,27.37
5768691,-7.5721,36.3,27.36
5769412,-8.0904,36.3,27.37
5770133,-8.2257,36.3,27.36
5770854,-7.3017,36.3,27.37
5771575,-7.5947,36.3,27.36
5772296,-7.4369,36.3,27.36
5773017,-7.5270,37.3,27.36
5773738,-8.2031,37.3,27.36
5774459,-7.1665,37.3,27.36
5775180,-7.9327,36.3,27.36
5775901,-8.6088,36.3,27.36
5776622,-7.5721,36.3,27.36
5777343,-7.7073,37.3,27.36
5778064,-8.1581,37.3,27.36
5778785,-8.1581,37.3,27.36
5779506,-8.1581,37.3,27.36
5780227,-8.1581,37.3,27.36
5780948,-8.1581,37.3,27.35
5781669,-8.1581,36.3,27.35
5782390,-8.1581,36.3,27.35
5783111,-8.1581,36.3,27.35
5783832,-8.1581,36.3,27.35
5784553,-8.1581,37.3,27.35
5785274,-8.1581,36.3,27.35
5785995,-8.1581,36.3,27.35
5786716,-8.1581,36.3,27.35
5787437,-8.1581,37.3,27.35
5788158,-8.1581,37.3,27.35
5788879,-8.1581,37.3,27.35
5789600,-8.1581,37.3,27.34
5790321,-8.1581,37.3,27.34
5791042,-8.1581,36.3,27.34
5791763,-8.1581,37.3,27.34
5792484,-8.1581,37.3,27.34
5793205,-8.1581,37.3,27.34
5793926,-8.1581,37.3,27.34
# [n=7900] mean=-7.0915 m  sigma=1.6007 m  die=37.3 C  CalVal=-43
5794647,-7.1214,36.3,27.34
5795368,-7.3242,36.3,27.34
5796089,-7.3468,36.3,27.34
5796810,-6.9186,36.3,27.34
5797531,-7.5270,36.3,27.34
5798252,-8.0679,37.3,27.34
5798973,-7.4820,36.3,27.34
5799694,-8.2482,36.3,27.33
5800415,-7.9327,36.3,27.33
5801136,-8.1130,36.3,27.33
5801857,-7.4594,36.3,27.33
5802578,-8.2031,36.3,27.33
5803299,-7.5045,37.3,27.33
5804020,-6.8284,37.3,27.33
5804741,-7.6848,37.3,27.33
5805462,-7.6848,36.3,27.33
5806183,-7.6848,36.3,27.33
5806904,-7.6848,37.3,27.33
5807625,-7.6848,37.3,27.32
5808346,-7.6848,37.3,27.32
5809067,-7.6848,36.3,27.33
5809788,-7.6848,36.3,27.32
5810509,-7.6848,36.3,27.32
5811230,-7.6848,36.3,27.32
5811951,-7.6848,36.3,27.33
5812672,-7.6848,36.3,27.32
5813393,-7.6848,36.3,27.32
5814114,-7.6848,37.3,27.33
5814835,-7.6848,37.3,27.32
5815556,-7.6848,37.3,27.32
5816277,-7.6848,37.3,27.32
5816998,-7.6848,37.3,27.32
5817719,-7.6848,37.3,27.32
5818440,-7.6848,37.3,27.32
5819161,-7.6848,37.3,27.32
5819882,-7.6848,37.3,27.32
5820603,-7.6848,37.3,27.32
5821324,-7.3468,37.3,27.32
5822045,-7.1890,37.3,27.31
5822766,-7.3017,37.3,27.31
5823487,-8.2482,37.3,27.31
5824208,-7.8200,37.3,27.31
5824929,-8.1130,36.3,27.31
5825650,-7.1890,36.3,27.31
5826371,-7.1665,36.3,27.31
5827092,-7.4594,36.3,27.30
5827813,-8.4285,36.3,27.31
5828534,-8.3158,36.3,27.30
5829255,-7.9102,36.3,27.30
5829976,-7.0538,36.3,27.30
5830697,-7.9552,36.3,27.31
5831418,-7.5721,37.3,27.31
5832139,-7.5721,36.3,27.30
5832860,-7.5721,36.3,27.30
5833581,-7.5721,36.3,27.30
5834302,-7.5721,37.3,27.30
5835023,-7.5721,37.3,27.30
5835744,-7.5721,37.3,27.30
5836465,-7.5721,37.3,27.30
5837186,-7.5721,37.3,27.30
5837907,-7.5721,37.3,27.30
5838628,-7.5721,36.3,27.30
5839349,-7.5721,36.3,27.29
5840070,-7.5721,36.3,27.30
5840791,-7.5721,36.3,27.30
5841512,-7.5721,36.3,27.29
5842233,-7.5721,36.3,27.30
5842954,-7.5721,36.3,27.29
5843675,-7.5721,36.3,27.29
5844396,-7.5721,36.3,27.29
5845117,-7.5721,36.3,27.29
5845838,-7.5721,36.3,27.29
5846559,-7.5721,36.3,27.29
5847280,-7.5721,36.3,27.29
5848001,-7.2341,36.3,27.29
5848722,-7.3918,36.3,27.29
5849443,-7.2341,37.3,27.28
5850164,-7.8200,36.3,27.29
5850885,-7.7975,37.3,27.29
5851606,-6.8735,36.3,27.28
5852327,-7.5045,36.3,27.28
5853048,-8.0003,36.3,27.28
5853769,-7.5947,36.3,27.28
5854490,-7.4594,36.3,27.28
5855211,-7.3693,37.3,27.28
5855932,-7.8651,37.3,27.28
5856653,-7.6848,36.3,27.28
5857374,-6.8960,37.3,27.28
5858095,-7.6397,37.3,27.28
5858816,-7.6397,36.3,27.28
5859537,-7.6397,36.3,27.28
5860258,-7.6397,37.3,27.28
5860979,-7.6397,37.3,27.27
5861700,-7.6397,37.3,27.27
5862421,-7.6397,37.3,27.28
5863142,-7.6397,37.3,27.27
5863863,-7.6397,36.3,27.27
5864584,-7.6397,37.3,27.27
5865305,-7.6397,36.3,27.27
5866026,-7.6397,36.3,27.27
# [n=8000] mean=-7.0980 m  sigma=1.5920 m  die=36.3 C  CalVal=-43
5866747,-7.6397,36.3,27.27
5867468,-7.6397,37.3,27.26
5868189,-7.6397,36.3,27.27
5868910,-7.6397,36.3,27.27
5869631,-7.6397,36.3,27.27
5870352,-7.6397,36.3,27.26
5871073,-7.6397,36.3,27.26
5871794,-7.6397,37.3,27.27
5872515,-7.6397,37.3,27.27
5873236,-7.6397,37.3,27.27
5873957,-7.6397,37.3,27.26
5874678,-7.8425,36.3,27.26
5875399,-7.0763,36.3,27.26
5876120,-7.4369,37.3,27.26
5876841,-8.0454,37.3,27.25
5877562,-8.1355,36.3,27.26
5878283,-7.9778,36.3,27.26
5879004,-7.1665,36.3,27.26
5879725,-7.3468,37.3,27.26
5880446,-7.0989,36.3,27.26
5881167,-7.2791,36.3,27.26
5881888,-8.0679,36.3,27.26
5882609,-8.1806,36.3,27.25
5883330,-7.6623,36.3,27.25
5884051,-8.2257,36.3,27.25
5884772,-7.4594,37.3,27.25
5885493,-7.4594,37.3,27.25
5886214,-7.4594,37.3,27.25
5886935,-7.4594,37.3,27.25
5887656,-7.4594,37.3,27.25
5888377,-7.4594,37.3,27.25
5889098,-7.4594,37.3,27.25
5889819,-7.4594,37.3,27.25
5890540,-7.4594,36.3,27.24
5891261,-7.4594,36.3,27.25
5891982,-7.4594,36.3,27.25
5892703,-7.4594,36.3,27.24
5893424,-7.4594,36.3,27.24
5894145,-7.4594,36.3,27.23
5894866,-7.4594,36.3,27.23
5895587,-7.4594,36.3,27.23
5896308,-7.4594,36.3,27.24
5897029,-7.4594,36.3,27.23
5897750,-7.4594,36.3,27.23
5898471,-7.4594,36.3,27.23
5899192,-7.4594,36.3,27.23
5899913,-7.4594,36.3,27.23
5900634,-7.4594,36.3,27.23
5901355,-6.6707,36.3,27.23
5902076,-7.5270,36.3,27.23
5902797,-7.3918,36.3,27.23
5903518,-8.4510,36.3,27.23
5904239,-7.2115,36.3,27.23
5904960,-7.9327,36.3,27.23
5905681,-7.5947,36.3,27.23
5906402,-7.4369,36.3,27.23
5907123,-7.8876,37.3,27.23
5907844,-7.1665,36.3,27.23
5908565,-7.3918,36.3,27.23
5909286,-7.5496,36.3,27.22
5910007,-7.7749,36.3,27.22
5910728,-7.6848,37.3,27.22
5911449,-8.2933,36.3,27.22
5912170,-8.2933,37.3,27.22
5912891,-8.2933,37.3,27.22
5913612,-8.2933,37.3,27.22
5914333,-8.2933,37.3,27.22
5915054,-8.2933,37.3,27.22
5915775,-8.2933,37.3,27.22
5916496,-8.2933,37.3,27.22
5917217,-8.2933,37.3,27.22
5917938,-8.2933,36.3,27.21
5918659,-8.2933,36.3,27.21
5919380,-8.2933,36.3,27.21
5920101,-8.2933,36.3,27.21
5920822,-8.2933,36.3,27.21
5921543,-8.2933,37.3,27.21
5922264,-8.2933,37.3,27.21
5922985,-8.2933,36.3,27.21
5923706,-8.2933,36.3,27.21
5924427,-8.2933,36.3,27.20
5925148,-8.2933,36.3,27.21
5925869,-8.2933,36.3,27.20
5926590,-8.2933,36.3,27.20
5927311,-8.2933,36.3,27.20
5928032,-7.0312,36.3,27.20
5928753,-8.0679,36.3,27.20
5929474,-7.6848,36.3,27.20
5930195,-8.0904,36.3,27.20
5930916,-7.4594,36.3,27.20
5931637,-8.3609,36.3,27.20
5932358,-8.1130,37.3,27.20
5933079,-8.0904,36.3,27.20
5933800,-7.8425,36.3,27.20
5934521,-8.0003,36.3,27.20
5935242,-8.3383,36.3,27.20
5935963,-7.0763,36.3,27.20
5936684,-8.0904,36.3,27.20
5937405,-8.0228,36.3,27.20
5938126,-7.9778,36.3,27.19
# [n=8100] mean=-7.1064 m  sigma=1.5846 m  die=36.3 C  CalVal=-43
5938847,-7.9778,36.3,27.19
5939568,-7.9778,36.3,27.19
5940289,-7.9778,36.3,27.19
5941010,-7.9778,36.3,27.19
5941731,-7.9778,36.3,27.19
5942452,-7.9778,36.3,27.19
5943173,-7.9778,36.3,27.19
5943894,-7.9778,36.3,27.19
5944615,-7.9778,36.3,27.19
5945336,-7.9778,36.3,27.19
5946057,-7.9778,36.3,27.18
5946778,-7.9778,36.3,27.18
5947499,-7.9778,36.3,27.19
5948220,-7.9778,36.3,27.18
5948941,-7.9778,36.3,27.18
5949662,-7.9778,36.3,27.18
5950383,-7.9778,36.3,27.18
5951104,-7.9778,36.3,27.18
5951825,-7.9778,37.3,27.18
5952546,-7.9778,37.3,27.18
5953267,-7.9778,36.3,27.18
5953988,-7.9778,36.3,27.18
5954709,-7.1665,36.3,27.18
5955430,-7.4820,36.3,27.18
5956151,-7.3693,36.3,27.18
5956872,-8.1355,36.3,27.18
5957593,-7.4594,36.3,27.18
5958314,-7.4144,36.3,27.18
5959035,-7.7975,36.3,27.17
5959756,-8.2257,36.3,27.18
5960477,-8.1355,36.3,27.17
5961198,-8.2257,36.3,27.18
5961919,-7.9102,36.3,27.18
5962640,-7.7975,36.3,27.18
5963361,-7.3918,36.3,27.17
5964082,-7.4820,36.3,27.17
5964803,-7.9778,36.3,27.17
5965524,-7.9778,36.3,27.17
5966245,-7.9778,36.3,27.17
5966966,-7.9778,36.3,27.17
5967687,-7.9778,36.3,27.16
5968408,-7.9778,36.3,27.17
5969129,-7.9778,36.3,27.17
5969850,-7.9778,36.3,27.17
5970571,-7.9778,36.3,27.17
5971292,-7.9778,36.3,27.17
5972013,-7.9778,36.3,27.17
5972734,-7.9778,36.3,27.16
5973455,-7.9778,36.3,27.16
5974176,-7.9778,36.3,27.16
5974897,-7.9778,37.3,27.16
5975618,-7.9778,36.3,27.16
5976339,-7.9778,36.3,27.16
5977060,-7.9778,36.3,27.16
5977781,-7.9778,37.3,27.16
5978502,-7.9778,37.3,27.16
5979223,-7.9778,36.3,27.16
5979944,-7.9778,36.3,27.16
5980665,-7.9778,36.3,27.15
5981386,-7.4820,36.3,27.15
5982107,-7.9778,36.3,27.15
5982828,-8.0228,36.3,27.15
5983549,-8.0679,36.3,27.16
5984270,-8.0003,37.3,27.15
5984991,-7.5496,37.3,27.15
5985712,-7.1439,37.3,27.15
5986433,-7.4369,36.3,27.15
5987154,-8.0904,36.3,27.15
5987875,-7.3918,36.3,27.15
5988596,-8.1581,36.3,27.15
5989317,-7.8876,37.3,27.15
5990038,-7.5045,37.3,27.15
5990759,-8.0228,37.3,27.15
5991480,-7.5045,37.3,27.15
5992201,-7.5045,37.3,27.15
5992922,-7.5045,37.3,27.14
5993643,-7.5045,36.3,27.14
5994364,-7.5045,36.3,27.14
5995085,-7.5045,36.3,27.14
5995806,-7.5045,36.3,27.14
5996527,-7.5045,36.3,27.15
5997248,-7.5045,36.3,27.14
5997969,-7.5045,36.3,27.14
5998690,-7.5045,36.3,27.14
5999411,-7.5045,36.3,27.15
6000132,-7.5045,37.3,27.14
6000853,-7.5045,37.3,27.14
6001574,-7.5045,36.3,27.14
6002295,-7.5045,36.3,27.14
6003016,-7.5045,36.3,27.14
6003737,-7.5045,36.3,27.14
6004458,-7.5045,36.3,27.14
6005179,-7.5045,36.3,27.14
6005900,-7.5045,36.3,27.13
6006621,-7.5045,36.3,27.14
6007342,-7.5045,36.3,27.13
6008063,-7.0538,36.3,27.14
6008784,-7.8651,36.3,27.14
6009505,-8.1581,36.3,27.13
6010226,-7.3693,36.3,27.13
# [n=8200] mean=-7.1147 m  sigma=1.5770 m  die=36.3 C  CalVal=-43
6010947,-8.2031,36.3,27.13
6011668,-7.9778,36.3,27.13
6012389,-7.0989,36.3,27.13
6013110,-7.2341,36.3,27.13
6013831,-7.2115,36.3,27.14
6014552,-7.8651,36.3,27.13
6015273,-7.9102,36.3,27.13
6015994,-8.0454,36.3,27.13
6016715,-7.1890,36.3,27.13
6017436,-8.0679,36.3,27.13
6018157,-7.9102,36.3,27.13
6018878,-7.9102,36.3,27.13
6019599,-7.9102,36.3,27.13
6020320,-7.9102,37.3,27.12
6021041,-7.9102,37.3,27.12
6021762,-7.9102,37.3,27.12
6022483,-7.9102,36.3,27.12
6023204,-7.9102,37.3,27.12
6023925,-7.9102,37.3,27.12
6024646,-7.9102,36.3,27.12
6025367,-7.9102,36.3,27.12
6026088,-7.9102,36.3,27.12
6026809,-7.9102,36.3,27.12
6027530,-7.9102,36.3,27.12
6028251,-7.9102,36.3,27.12
6028972,-7.9102,36.3,27.12
6029693,-7.9102,36.3,27.12
6030414,-7.9102,36.3,27.12
6031135,-7.9102,36.3,27.12
6031856,-7.9102,36.3,27.11
6032577,-7.9102,36.3,27.11
6033298,-7.9102,36.3,27.11
6034019,-7.9102,36.3,27.11
6034740,-7.6172,36.3,27.11
6035461,-7.3242,36.3,27.11
6036182,-7.8651,36.3,27.11
6036903,-7.4594,36.3,27.11
6037624,-8.2257,36.3,27.12
6038345,-7.5270,36.3,27.11
6039066,-7.4820,36.3,27.11
6039787,-7.6623,36.3,27.11
6040508,-7.1439,36.3,27.11
6041229,-8.1355,36.3,27.11
6041950,-7.3693,36.3,27.11
6042671,-7.3468,36.3,27.11
6043392,-7.0989,36.3,27.11
6044113,-7.7524,36.3,27.10
6044834,-7.8876,36.3,27.10
6045555,-7.8876,37.3,27.10
6046276,-7.8876,37.3,27.10
6046997,-7.8876,36.3,27.10
6047718,-7.8876,36.3,27.10
6048439,-7.8876,36.3,27.10
6049160,-7.8876,36.3,27.10
6049881,-7.8876,36.3,27.09
6050602,-7.8876,36.3,27.09
6051323,-7.8876,36.3,27.10
6052044,-7.8876,36.3,27.09
6052765,-7.8876,36.3,27.09
6053486,-7.8876,36.3,27.09
6054207,-7.8876,36.3,27.09
6054928,-7.8876,36.3,27.09
6055649,-7.8876,36.3,27.09
6056370,-7.8876,36.3,27.09
6057091,-7.8876,36.3,27.09
6057812,-7.8876,36.3,27.09
6058533,-7.8876,36.3,27.09
6059254,-7.8876,36.3,27.09
6059975,-7.8876,36.3,27.09
6060696,-7.8876,36.3,27.08
6061417,-7.7749,36.3,27.09
6062138,-7.5045,36.3,27.08
6062859,-7.9102,36.3,27.08
6063580,-7.5496,36.3,27.08
6064301,-6.9862,36.3,27.08
6065022,-7.3017,36.3,27.08
6065743,-7.5496,36.3,27.08
6066464,-7.0538,36.3,27.08
6067185,-8.2257,36.3,27.08
6067906,-7.9778,36.3,27.08
6068627,-7.9102,36.3,27.08
6069348,-7.9102,36.3,27.08
6070069,-7.5496,36.3,27.08
6070790,-7.9102,36.3,27.08
6071511,-8.0003,36.3,27.08
6072232,-8.0003,36.3,27.07
6072953,-8.0003,36.3,27.08
6073674,-8.0003,36.3,27.07
6074395,-8.0003,36.3,27.07
6075116,-8.0003,36.3,27.07
6075837,-8.0003,36.3,27.08
6076558,-8.0003,36.3,27.07
6077279,-8.0003,36.3,27.08
6078000,-8.0003,36.3,27.07
6078721,-8.0003,36.3,27.07
6079442,-8.0003,36.3,27.07
6080163,-8.0003,36.3,27.07
6080884,-8.0003,36.3,27.07
6081605,-8.0003,36.3,27.07
6082326,-8.0003,36.3,27.07
# [n=8300] mean=-7.1231 m  sigma=1.5696 m  die=36.3 C  CalVal=-43
6083047,-8.0003,36.3,27.07
6083768,-8.0003,36.3,27.06
6084489,-8.0003,36.3,27.07
6085210,-8.0003,36.3,27.06
6085931,-8.0003,36.3,27.07
6086652,-8.0003,36.3,27.07
6087373,-8.0003,36.3,27.07
6088094,-8.0454,36.3,27.06
6088815,-7.2566,37.3,27.06
6089536,-7.8200,37.3,27.06
6090257,-7.0087,37.3,27.07
6090978,-7.8876,37.3,27.07
6091699,-7.6397,36.3,27.06
6092420,-7.4369,36.3,27.07
6093141,-7.4144,36.3,27.06
6093862,-7.9102,36.3,27.06
6094583,-7.9552,36.3,27.06
6095304,-7.1665,36.3,27.07
6096025,-7.3017,36.3,27.06
6096746,-7.3468,36.3,27.06
6097467,-7.1439,36.3,27.06
6098188,-7.3918,36.3,27.06
6098909,-7.3918,36.3,27.06
6099630,-7.3918,36.3,27.06
6100351,-7.3918,36.3,27.05
6101072,-7.3918,36.3,27.06
6101793,-7.3918,36.3,27.05
6102514,-7.3918,36.3,27.05
6103235,-7.3918,36.3,27.05
6103956,-7.3918,36.3,27.05
6104677,-7.3918,37.3,27.05
6105398,-7.3918,36.3,27.05
6106119,-7.3918,36.3,27.05
6106840,-7.3918,36.3,27.05
6107561,-7.3918,36.3,27.05
6108282,-7.3918,36.3,27.05
6109003,-7.3918,37.3,27.05
6109724,-7.3918,36.3,27.05
6110445,-7.3918,37.3,27.05
6111166,-7.3918,36.3,27.05
6111887,-7.3918,36.3,27.04
6112608,-7.3918,36.3,27.05
6113329,-7.3918,36.3,27.05
6114050,-7.3918,36.3,27.04
6114771,-7.8876,36.3,27.05
6115492,-7.8876,36.3,27.04
6116213,-7.9778,36.3,27.04
6116934,-7.8876,36.3,27.04
6117655,-8.0228,36.3,27.04
6118376,-7.6848,36.3,27.04
6119097,-8.0679,36.3,27.04
6119818,-8.2707,36.3,27.04
6120539,-8.2257,36.3,27.04
6121260,-8.2031,36.3,27.04
6121981,-8.0228,36.3,27.04
6122702,-8.2933,36.3,27.03
6123423,-7.2341,36.3,27.04
6124144,-7.3468,36.3,27.04
6124865,-7.6623,37.3,27.03
6125586,-7.6623,36.3,27.03
6126307,-7.6623,36.3,27.03
6127028,-7.6623,36.3,27.03
6127749,-7.6623,36.3,27.04
6128470,-7.6623,36.3,27.03
6129191,-7.6623,36.3,27.03
6129912,-7.6623,36.3,27.03
6130633,-7.6623,36.3,27.03
6131354,-7.6623,36.3,27.03
6132075,-7.6623,36.3,27.03
6132796,-7.6623,36.3,27.03
6133517,-7.6623,36.3,27.03
6134238,-7.6623,36.3,27.02
6134959,-7.6623,36.3,27.03
6135680,-7.6623,36.3,27.02
6136401,-7.6623,36.3,27.03
6137122,-7.6623,36.3,27.03
6137843,-7.6623,36.3,27.03
6138564,-7.6623,36.3,27.03
6139285,-7.6623,36.3,27.03
6140006,-7.6623,36.3,27.03
6140727,-7.6623,36.3,27.02
6141448,-7.8876,36.3,27.02
6142169,-7.2115,36.3,27.02
6142890,-7.3017,36.3,27.02
6143611,-7.7073,36.3,27.02
6144332,-7.0989,36.3,27.02
6145053,-7.3017,36.3,27.02
6145774,-7.7524,36.3,27.02
6146495,-7.4369,35.3,27.01
6147216,-8.3158,36.3,27.02
6147937,-6.9186,36.3,27.01
6148658,-7.3017,36.3,27.02
6149379,-7.3017,36.3,27.01
6150100,-8.0003,35.3,27.01
6150821,-7.1890,36.3,27.02
6151542,-7.8876,36.3,27.01
6152263,-7.8876,36.3,27.01
6152984,-7.8876,36.3,27.01
6153705,-7.8876,37.3,27.01
6154426,-7.8876,36.3,27.01
# [n=8400] mean=-7.1291 m  sigma=1.5615 m  die=36.3 C  CalVal=-43
6155147,-7.8876,36.3,27.01
6155868,-7.8876,36.3,27.01
6156589,-7.8876,36.3,27.01
6157310,-7.8876,36.3,27.01
6158031,-7.8876,36.3,27.00
6158752,-7.8876,36.3,27.00
6159473,-7.8876,36.3,27.00
6160194,-7.8876,36.3,27.00
6160915,-7.8876,36.3,27.00
6161636,-7.8876,36.3,27.01
6162357,-7.8876,36.3,27.00
6163078,-7.8876,36.3,27.00
6163799,-7.8876,36.3,27.00
6164520,-7.8876,36.3,27.00
6165241,-7.8876,36.3,27.00
6165962,-7.8876,36.3,27.00
6166683,-7.8876,36.3,27.00
6167404,-7.8876,36.3,27.00
6168125,-6.7383,36.3,27.00
6168846,-7.3468,36.3,27.00
6169567,-8.1806,36.3,27.00
6170288,-7.7524,36.3,27.00
6171009,-8.1581,37.3,27.00
6171730,-6.9636,37.3,27.00
6172451,-7.9102,37.3,27.00
6173172,-6.9636,36.3,27.00
6173893,-7.5721,36.3,27.00
6174614,-8.2707,36.3,27.00
6175335,-7.8876,36.3,26.99
6176056,-7.8651,36.3,26.99
6176777,-7.4594,36.3,26.99
6177498,-7.8876,36.3,26.99
6178219,-7.5270,36.3,26.99
6178940,-7.5270,36.3,26.99
6179661,-7.5270,36.3,26.99
6180382,-7.5270,36.3,26.99
6181103,-7.5270,36.3,26.98
6181824,-7.5270,36.3,26.98
6182545,-7.5270,36.3,26.99
6183266,-7.5270,36.3,26.99
6183987,-7.5270,36.3,26.98
6184708,-7.5270,36.3,26.98
6185429,-7.5270,36.3,26.98
6186150,-7.5270,36.3,26.98
6186871,-7.5270,36.3,26.98
6187592,-7.5270,36.3,26.98
6188313,-7.5270,36.3,26.98
6189034,-7.5270,36.3,26.98
6189755,-7.5270,36.3,26.98
6190476,-7.5270,36.3,26.98
6191197,-7.5270,36.3,26.98
6191918,-7.5270,36.3,26.98
6192639,-7.5270,36.3,26.98
6193360,-7.5270,36.3,26.98
6194081,-7.5270,36.3,26.98
6194802,-7.1665,36.3,26.98
6195523,-8.0904,36.3,26.98
6196244,-7.4369,36.3,26.98
6196965,-7.5270,36.3,26.97
6197686,-8.2933,36.3,26.97
6198407,-7.1890,36.3,26.97
6199128,-8.1130,36.3,26.97
6199849,-8.0454,36.3,26.98
6200570,-7.5045,36.3,26.98
6201291,-7.4594,36.3,26.97
6202012,-7.8425,36.3,26.97
6202733,-7.3017,36.3,26.97
6203454,-7.1890,36.3,26.97
6204175,-7.8876,36.3,26.97
6204896,-7.0312,36.3,26.97
6205617,-7.0312,36.3,26.97
6206338,-7.0312,37.3,26.97
6207059,-7.0312,36.3,26.97
6207780,-7.0312,36.3,26.97
6208501,-7.0312,36.3,26.97
6209222,-7.0312,36.3,26.97
6209943,-7.0312,36.3,26.97
6210664,-7.0312,36.3,26.97
6211385,-7.0312,36.3,26.96
6212106,-7.0312,36.3,26.96
6212827,-7.0312,36.3,26.96
6213548,-7.0312,36.3,26.96
6214269,-7.0312,36.3,26.96
6214990,-7.0312,36.3,26.96
6215711,-7.0312,36.3,26.96
6216432,-7.0312,36.3,26.96
6217153,-7.0312,36.3,26.96
6217874,-7.0312,36.3,26.96
6218595,-7.0312,36.3,26.96
6219316,-7.0312,36.3,26.96
6220037,-7.0312,36.3,26.96
6220758,-7.4369,36.3,26.96
6221479,-8.0904,36.3,26.96
6222200,-7.5947,37.3,26.96
6222921,-7.0989,37.3,26.96
6223642,-6.9411,37.3,26.96
6224363,-7.0087,36.3,26.96
6225084,-7.2791,36.3,26.95
6225805,-7.4144,36.3,26.95
6226526,-7.1665,36.3,26.95
# [n=8500] mean=-7.1335 m  sigma=1.5533 m  die=36.3 C  CalVal=-43
6227247,-7.7299,36.3,26.95
6227968,-7.5496,36.3,26.95
6228689,-7.4594,36.3,26.95
6229410,-6.8510,36.3,26.95
6230131,-7.6848,36.3,26.95
6230852,-8.0904,36.3,26.95
6231573,-8.5637,36.3,26.95
6232294,-8.5637,36.3,26.95
6233015,-8.5637,36.3,26.94
6233736,-8.5637,36.3,26.94
6234457,-8.5637,36.3,26.95
6235178,-8.5637,36.3,26.94
6235899,-8.5637,36.3,26.94
6236620,-8.5637,36.3,26.94
6237341,-8.5637,36.3,26.94
6238062,-8.5637,36.3,26.94
6238783,-8.5637,36.3,26.94
6239504,-8.5637,36.3,26.94
6240225,-8.5637,36.3,26.94
6240946,-8.5637,36.3,26.94
6241667,-8.5637,36.3,26.94
6242388,-8.5637,36.3,26.94
6243109,-8.5637,35.3,26.94
6243830,-8.5637,36.3,26.94
6244551,-8.5637,36.3,26.94
6245272,-8.5637,36.3,26.94
6245993,-8.5637,36.3,26.94
6246714,-8.5637,36.3,26.94
6247435,-7.7299,35.3,26.94
6248156,-7.6623,35.3,26.94
6248877,-7.5947,36.3,26.94
6249598,-7.3242,36.3,26.94
6250319,-7.6172,36.3,26.94
6251040,-6.9186,37.3,26.93
6251761,-7.0989,37.3,26.93
6252482,-8.0904,37.3,26.93
6253203,-7.0538,36.3,26.93
6253924,-7.3017,36.3,26.94
6254645,-7.9778,36.3,26.93
6255366,-7.5270,36.3,26.93
6256087,-6.9636,36.3,26.93
6256808,-7.6623,36.3,26.93
6257529,-7.9778,36.3,26.93
6258250,-6.0171,36.3,26.93
6258971,-6.0171,36.3,26.93
6259692,-6.0171,36.3,26.93
6260413,-6.0171,36.3,26.93
6261134,-6.0171,36.3,26.93
6261855,-6.0171,36.3,26.93
6262576,-6.0171,36.3,26.93
6263297,-6.0171,36.3,26.93
6264018,-6.0171,36.3,26.92
6264739,-6.0171,36.3,26.92
6265460,-6.0171,36.3,26.92
6266181,-6.0171,36.3,26.92
6266902,-6.0171,36.3,26.92
6267623,-6.0171,36.3,26.92
6268344,-6.0171,36.3,26.92
6269065,-6.0171,36.3,26.92
6269786,-6.0171,36.3,26.92
6270507,-6.0171,36.3,26.92
6271228,-6.0171,36.3,26.92
6271949,-6.0171,36.3,26.92
6272670,-6.0171,36.3,26.92
6273391,-6.0171,36.3,26.92
6274112,-7.6623,36.3,26.91
6274833,-7.8651,36.3,26.91
6275554,-7.3017,36.3,26.91
6276275,-7.6397,36.3,26.91
6276996,-7.4820,36.3,26.92
6277717,-7.1890,36.3,26.91
6278438,-7.1890,36.3,26.91
6279159,-7.5045,36.3,26.91
6279880,-7.3693,36.3,26.91
6280601,-8.0003,36.3,26.91
6281322,-8.1355,36.3,26.91
6282043,-7.3468,36.3,26.91
6282764,-7.0763,36.3,26.90
6283485,-7.1890,36.3,26.90
6284206,-8.4285,36.3,26.91
6284927,-8.4285,36.3,26.91
6285648,-8.4285,36.3,26.90
6286369,-8.4285,37.3,26.90
6287090,-8.4285,37.3,26.90
6287811,-8.4285,36.3,26.90
6288532,-8.4285,36.3,26.90
6289253,-8.4285,36.3,26.90
6289974,-8.4285,36.3,26.89
6290695,-8.4285,36.3,26.90
6291416,-8.4285,36.3,26.90
6292137,-8.4285,36.3,26.90
6292858,-8.4285,36.3,26.90
6293579,-8.4285,36.3,26.90
6294300,-8.4285,35.3,26.90
6295021,-8.4285,36.3,26.89
6295742,-8.4285,36.3,26.90
6296463,-8.4285,36.3,26.89
6297184,-8.4285,36.3,26.90
6297905,-8.4285,36.3,26.89
6298626,-8.4285,36.3,26.89
# [n=8600] mean=-7.1390 m  sigma=1.5487 m  die=36.3 C  CalVal=-43
6299347,-8.4285,36.3,26.89
6300068,-8.4285,35.3,26.89
6300789,-7.2115,36.3,26.89
6301510,-6.4904,36.3,26.89
6302231,-7.2115,36.3,26.89
6302952,-7.6172,36.3,26.89
6303673,-7.9327,36.3,26.89
6304394,-7.6397,36.3,26.89
6305115,-7.5496,36.3,26.89
6305836,-7.5721,36.3,26.89
6306557,-8.0904,36.3,26.89
6307278,-7.0763,36.3,26.89
6307999,-8.1130,36.3,26.88
6308720,-7.9102,36.3,26.88
6309441,-7.8651,36.3,26.89
6310162,-7.6172,36.3,26.89
6310883,-8.0904,36.3,26.89
6311604,-8.0904,36.3,26.89
6312325,-8.0904,35.3,26.88
6313046,-8.0904,36.3,26.89
6313767,-8.0904,36.3,26.88
6314488,-8.0904,36.3,26.88
6315209,-8.0904,36.3,26.88
6315930,-8.0904,36.3,26.88
6316651,-8.0904,36.3,26.88
6317372,-8.0904,36.3,26.88
6318093,-8.0904,36.3,26.88
6318814,-8.0904,36.3,26.87
6319535,-8.0904,36.3,26.88
6320256,-8.0904,36.3,26.87
6320977,-8.0904,36.3,26.88
6321698,-8.0904,36.3,26.88
6322419,-8.0904,36.3,26.88
6323140,-8.0904,36.3,26.88
6323861,-8.0904,36.3,26.87
6324582,-8.0904,36.3,26.87
6325303,-8.0904,35.3,26.87
6326024,-8.0904,35.3,26.87
6326745,-8.0904,36.3,26.87
6327466,-7.0538,36.3,26.87
6328187,-7.8876,36.3,26.87
6328908,-7.5270,36.3,26.87
6329629,-7.9102,36.3,26.88
6330350,-7.5270,36.3,26.87
6331071,-7.3693,36.3,26.87
6331792,-8.2482,36.3,26.87
6332513,-7.3242,36.3,26.87
6333234,-7.9552,36.3,26.87
6333955,-7.3017,36.3,26.87
6334676,-6.8284,36.3,26.87
6335397,-7.4820,36.3,26.87
6336118,-7.4594,36.3,26.86
6336839,-7.8876,36.3,26.87
6337560,-8.0454,36.3,26.87
6338281,-8.0454,36.3,26.86
6339002,-8.0454,36.3,26.86
6339723,-8.0454,36.3,26.86
6340444,-8.0454,36.3,26.86
6341165,-8.0454,36.3,26.86
6341886,-8.0454,36.3,26.86
6342607,-8.0454,36.3,26.86
6343328,-8.0454,36.3,26.86
6344049,-8.0454,36.3,26.86
6344770,-8.0454,36.3,26.86
6345491,-8.0454,36.3,26.86
6346212,-8.0454,36.3,26.86
6346933,-8.0454,36.3,26.85
6347654,-8.0454,36.3,26.86
6348375,-8.0454,36.3,26.86
6349096,-8.0454,36.3,26.85
6349817,-8.0454,36.3,26.85
6350538,-8.0454,36.3,26.85
6351259,-8.0454,37.3,26.85
6351980,-8.0454,36.3,26.85
6352701,-8.0454,36.3,26.85
6353422,-8.0454,36.3,26.86
6354143,-6.9411,36.3,26.85
6354864,-7.6397,36.3,26.85
6355585,-6.9186,36.3,26.85
6356306,-7.8200,36.3,26.85
6357027,-7.4594,36.3,26.85
6357748,-7.6172,36.3,26.85
6358469,-7.3242,36.3,26.85
6359190,-7.3017,36.3,26.85
6359911,-7.4369,36.3,26.85
6360632,-7.7524,36.3,26.84
6361353,-7.0087,36.3,26.84
6362074,-6.9862,36.3,26.84
6362795,-7.9102,36.3,26.84
6363516,-7.9102,36.3,26.83
6364237,-7.3017,36.3,26.84
6364958,-7.3017,36.3,26.84
6365679,-7.3017,36.3,26.84
6366400,-7.3017,36.3,26.84
6367121,-7.3017,36.3,26.84
6367842,-7.3017,36.3,26.84
6368563,-7.3017,36.3,26.84
6369284,-7.3017,36.3,26.83
6370005,-7.3017,36.3,26.83
6370726,-7.3017,36.3,26.83
# [n=8700] mean=-7.1462 m  sigma=1.5418 m  die=36.3 C  CalVal=-43
6371447,-7.3017,36.3,26.83
6372168,-7.3017,36.3,26.83
6372889,-7.3017,36.3,26.83
6373610,-7.3017,36.3,26.83
6374331,-7.3017,36.3,26.83
6375052,-7.3017,36.3,26.83
6375773,-7.3017,36.3,26.83
6376494,-7.3017,36.3,26.83
6377215,-7.3017,36.3,26.83
6377936,-7.3017,36.3,26.83
6378657,-7.3017,36.3,26.83
6379378,-7.3017,36.3,26.82
6380099,-7.3017,36.3,26.83
6380820,-7.6397,36.3,26.82
6381541,-7.4369,36.3,26.82
6382262,-7.5947,36.3,26.83
6382983,-7.6397,36.3,26.83
6383704,-7.7749,36.3,26.83
6384425,-6.9862,36.3,26.83
6385146,-7.0538,36.3,26.83
6385867,-7.7073,36.3,26.83
6386588,-8.0228,36.3,26.82
6387309,-8.0904,36.3,26.82
6388030,-8.0454,36.3,26.83
6388751,-7.3918,36.3,26.83
6389472,-8.1806,36.3,26.82
6390193,-6.9862,36.3,26.82
6390914,-7.7073,36.3,26.82
6391635,-7.7073,36.3,26.82
6392356,-7.7073,36.3,26.82
6393077,-7.7073,36.3,26.82
6393798,-7.7073,36.3,26.82
6394519,-7.7073,36.3,26.82
6395240,-7.7073,36.3,26.82
6395961,-7.7073,36.3,26.82
6396682,-7.7073,36.3,26.82
6397403,-7.7073,36.3,26.82
6398124,-7.7073,36.3,26.81
6398845,-7.7073,36.3,26.82
6399566,-7.7073,36.3,26.81
6400287,-7.7073,36.3,26.81
6401008,-7.7073,36.3,26.81
6401729,-7.7073,36.3,26.81
6402450,-7.7073,36.3,26.80
6403171,-7.7073,36.3,26.81
6403892,-7.7073,36.3,26.81
6404613,-7.7073,36.3,26.81
6405334,-7.7073,36.3,26.81
6406055,-7.7073,36.3,26.80
6406776,-7.7073,36.3,26.81
6407497,-7.9102,36.3,26.81
6408218,-8.1355,36.3,26.80
6408939,-8.1355,36.3,26.80
6409660,-7.6623,36.3,26.80
6410381,-8.0228,36.3,26.80
6411102,-7.4820,36.3,26.80
6411823,-8.0003,36.3,26.80
6412544,-8.1581,36.3,26.80
6413265,-7.6848,36.3,26.80
6413986,-8.2707,36.3,26.80
6414707,-8.0228,36.3,26.80
6415428,-6.9636,36.3,26.80
6416149,-7.0538,36.3,26.80
6416870,-7.6848,35.3,26.80
6417591,-7.5721,35.3,26.80
6418312,-7.5721,36.3,26.80
6419033,-7.5721,36.3,26.80
6419754,-7.5721,36.3,26.80
6420475,-7.5721,36.3,26.80
6421196,-7.5721,36.3,26.80
6421917,-7.5721,36.3,26.80
6422638,-7.5721,36.3,26.80
6423359,-7.5721,36.3,26.80
6424080,-7.5721,36.3,26.79
6424801,-7.5721,36.3,26.79
6425522,-7.5721,36.3,26.80
6426243,-7.5721,36.3,26.80
6426964,-7.5721,36.3,26.80
6427685,-7.5721,36.3,26.79
6428406,-7.5721,35.3,26.79
6429127,-7.5721,35.3,26.80
6429848,-7.5721,36.3,26.80
6430569,-7.5721,36.3,26.79
6431290,-7.5721,36.3,26.79
6432011,-7.5721,35.3,26.79
6432732,-7.5721,35.3,26.79
6433453,-7.5721,35.3,26.79
6434174,-8.0003,36.3,26.79
6434895,-7.4369,36.3,26.79
6435616,-7.2566,36.3,26.79
6436337,-7.3242,36.3,26.78
6437058,-7.4144,36.3,26.79
6437779,-8.2482,36.3,26.79
6438500,-8.4285,36.3,26.79
6439221,-7.8876,36.3,26.78
6439942,-7.7975,36.3,26.78
6440663,-7.0538,36.3,26.79
6441384,-7.6848,36.3,26.78
6442105,-7.2791,36.3,26.78
6442826,-7.7749,36.3,26.78
# [n=8800] mean=-7.1515 m  sigma=1.5341 m  die=36.3 C  CalVal=-44
6443547,-7.3242,36.3,26.77
6444268,-7.7073,36.3,26.77
6444989,-7.7073,36.3,26.78
6445710,-7.7073,36.3,26.77
6446431,-7.7073,36.3,26.78
6447152,-7.7073,36.3,26.78
6447873,-7.7073,36.3,26.77
6448594,-7.7073,35.3,26.78
6449315,-7.7073,35.3,26.77
6450036,-7.7073,35.3,26.78
6450757,-7.7073,36.3,26.78
6451478,-7.7073,36.3,26.77
6452199,-7.7073,36.3,26.78
6452920,-7.7073,36.3,26.78
6453641,-7.7073,36.3,26.78
6454362,-7.7073,35.3,26.77
6455083,-7.7073,36.3,26.77
6455804,-7.7073,36.3,26.77
6456525,-7.7073,36.3,26.77
6457246,-7.7073,36.3,26.77
6457967,-7.7073,36.3,26.77
6458688,-7.7073,36.3,26.77
6459409,-7.7073,36.3,26.77
6460130,-7.7073,36.3,26.77
6460851,-8.0003,36.3,26.77
6461572,-7.1439,36.3,26.77
6462293,-7.1214,36.3,26.77
6463014,-8.2482,36.3,26.77
6463735,-6.8960,36.3,26.77
6464456,-7.1439,36.3,26.77
6465177,-8.2257,36.3,26.77
6465898,-7.6848,36.3,26.76
6466619,-8.0454,36.3,26.76
6467340,-8.0679,36.3,26.77
6468061,-8.0904,36.3,26.77
6468782,-7.8425,36.3,26.77
6469503,-7.6848,36.3,26.76
6470224,-7.3918,36.3,26.76
6470945,-7.3468,36.3,26.76
6471666,-7.3468,36.3,26.76
6472387,-7.3468,36.3,26.77
6473108,-7.3468,35.3,26.76
6473829,-7.3468,36.3,26.76
6474550,-7.3468,36.3,26.76
6475271,-7.3468,36.3,26.76
6475992,-7.3468,36.3,26.76
6476713,-7.3468,36.3,26.76
6477434,-7.3468,36.3,26.76
6478155,-7.3468,35.3,26.76
6478876,-7.3468,36.3,26.76
6479597,-7.3468,36.3,26.76
6480318,-7.3468,36.3,26.76
6481039,-7.3468,36.3,26.76
6481760,-7.3468,35.3,26.76
6482481,-7.3468,36.3,26.76
6483202,-7.3468,36.3,26.76
6483923,-7.3468,36.3,26.76
6484644,-7.3468,36.3,26.76
6485365,-7.3468,36.3,26.76
6486086,-7.3468,36.3,26.76
6486807,-7.3468,36.3,26.76
6487528,-7.2341,36.3,26.75
6488249,-7.9327,36.3,26.75
6488970,-7.4594,36.3,26.75
6489691,-7.4594,35.3,26.76
6490412,-7.4594,35.3,26.75
6491133,-7.6848,35.3,26.75
6491854,-7.1214,35.3,26.75
6492575,-8.2257,35.3,26.76
6493296,-7.7524,36.3,26.75
6494017,-7.9552,36.3,26.75
6494738,-7.4820,36.3,26.75
6495459,-7.2791,36.3,26.74
6496180,-8.2933,36.3,26.75
6496901,-8.0454,36.3,26.75
6497622,-7.7975,36.3,26.75
6498343,-7.7975,36.3,26.75
6499064,-7.7975,35.3,26.75
6499785,-7.7975,36.3,26.75
6500506,-7.7975,35.3,26.74
6501227,-7.7975,36.3,26.75
6501948,-7.7975,36.3,26.75
6502669,-7.7975,36.3,26.74
6503390,-7.7975,36.3,26.74
6504111,-7.7975,36.3,26.74
6504832,-7.7975,36.3,26.74
6505553,-7.7975,36.3,26.74
6506274,-7.7975,36.3,26.74
6506995,-7.7975,36.3,26.74
6507716,-7.7975,36.3,26.74
6508437,-7.7975,36.3,26.74
6509158,-7.7975,36.3,26.74
6509879,-7.7975,36.3,26.74
6510600,-7.7975,36.3,26.74
6511321,-7.7975,35.3,26.74
6512042,-7.7975,36.3,26.74
6512763,-7.7975,36.3,26.74
6513484,-7.7975,36.3,26.74
6514205,-7.7975,36.3,26.73
6514926,-7.1890,36.3,26.74
# [n=8900] mean=-7.1569 m  sigma=1.5266 m  die=36.3 C  CalVal=-44
6515647,-8.0454,36.3,26.74
6516368,-8.2707,36.3,26.73
6517089,-8.2257,36.3,26.74
6517810,-6.9411,36.3,26.73
6518531,-7.3468,36.3,26.73
6519252,-7.5496,36.3,26.73
6519973,-7.9102,36.3,26.73
6520694,-7.7749,36.3,26.74
6521415,-8.3158,36.3,26.73
6522136,-7.4144,36.3,26.73
6522857,-8.0679,36.3,26.73
6523578,-7.1665,36.3,26.73
6524299,-7.3693,36.3,26.73
6525020,-7.3693,36.3,26.73
6525741,-7.3693,36.3,26.73
6526462,-7.3693,35.3,26.73
6527183,-7.3693,35.3,26.73
6527904,-7.3693,35.3,26.73
6528625,-7.3693,36.3,26.73
6529346,-7.3693,36.3,26.73
6530067,-7.3693,35.3,26.73
6530788,-7.3693,35.3,26.73
6531509,-7.3693,36.3,26.73
6532230,-7.3693,36.3,26.72
6532951,-7.3693,36.3,26.73
6533672,-7.3693,36.3,26.73
6534393,-7.3693,36.3,26.73
6535114,-7.3693,36.3,26.73
6535835,-7.3693,36.3,26.73
6536556,-7.3693,36.3,26.72
6537277,-7.3693,36.3,26.73
6537998,-7.3693,36.3,26.72
6538719,-7.3693,36.3,26.73
6539440,-7.3693,36.3,26.73
6540161,-7.3693,35.3,26.73
6540882,-8.2482,36.3,26.72
6541603,-7.8876,36.3,26.72
6542324,-7.5270,36.3,26.72
6543045,-8.1130,36.3,26.72
6543766,-7.0538,36.3,26.72
6544487,-7.2791,36.3,26.72
6545208,-8.1806,36.3,26.72
6545929,-8.4285,36.3,26.72
6546650,-8.2933,36.3,26.72
6547371,-7.4594,36.3,26.72
6548092,-8.0454,36.3,26.72
6548813,-8.1130,36.3,26.72
6549534,-7.5270,36.3,26.72
6550255,-7.9327,36.3,26.72
6550976,-7.3468,36.3,26.72
6551697,-7.3468,36.3,26.71
6552418,-7.3468,36.3,26.71
6553139,-7.3468,36.3,26.71
6553860,-7.3468,36.3,26.71
6554581,-7.3468,36.3,26.71
6555302,-7.3468,36.3,26.71
6556023,-7.3468,35.3,26.71
6556744,-7.3468,36.3,26.71
6557465,-7.3468,36.3,26.71
6558186,-7.3468,36.3,26.71
6558907,-7.3468,36.3,26.71
6559628,-7.3468,35.3,26.71
6560349,-7.3468,36.3,26.71
6561070,-7.3468,36.3,26.71
6561791,-7.3468,36.3,26.71
6562512,-7.3468,36.3,26.71
6563233,-7.3468,36.3,26.71
6563954,-7.3468,36.3,26.71
6564675,-7.3468,36.3,26.71
6565396,-7.3468,36.3,26.71
6566117,-7.3468,35.3,26.71
6566838,-7.3468,36.3,26.71
6567559,-6.9636,36.3,26.71
6568280,-7.7073,36.3,26.71
6569001,-7.4144,36.3,26.70
6569722,-7.8876,36.3,26.71
6570443,-7.0538,36.3,26.71
6571164,-7.4144,36.3,26.70
6571885,-7.4144,36.3,26.70
6572606,-7.5947,36.3,26.71
6573327,-8.0228,36.3,26.70
6574048,-6.8059,35.3,26.70
6574769,-8.2257,36.3,26.70
6575490,-8.1130,36.3,26.70
6576211,-7.1665,36.3,26.70
6576932,-6.7834,36.3,26.70
6577653,-7.9327,36.3,26.70
6578374,-7.9327,35.3,26.70
6579095,-7.9327,35.3,26.70
6579816,-7.9327,36.3,26.70
6580537,-7.9327,36.3,26.70
6581258,-7.9327,36.3,26.70
6581979,-7.9327,36.3,26.70
6582700,-7.9327,36.3,26.70
6583421,-7.9327,36.3,26.70
6584142,-7.9327,36.3,26.70
6584863,-7.9327,36.3,26.70
6585584,-7.9327,36.3,26.70
6586305,-7.9327,36.3,26.70
6587026,-7.9327,36.3,26.70
# [n=9000] mean=-7.1615 m  sigma=1.5192 m  die=36.3 C  CalVal=-44
6587747,-7.9327,36.3,26.70
6588468,-7.9327,36.3,26.70
6589189,-7.9327,35.3,26.70
6589910,-7.9327,35.3,26.70
6590631,-7.9327,36.3,26.70
6591352,-7.9327,36.3,26.70
6592073,-7.9327,36.3,26.69
6592794,-7.9327,36.3,26.69
6593515,-7.9327,36.3,26.70
6594236,-7.3918,36.3,26.69
6594957,-6.4678,36.3,26.69
6595678,-8.0679,36.3,26.69
6596399,-8.0904,36.3,26.69
6597120,-7.7524,36.3,26.69
6597841,-7.6397,36.3,26.69
6598562,-8.0454,36.3,26.70
6599283,-8.0228,36.3,26.69
6600004,-7.5947,36.3,26.69
6600725,-8.2482,36.3,26.69
6601446,-7.5947,36.3,26.69
6602167,-7.7749,36.3,26.69
6602888,-7.0538,36.3,26.69
6603609,-7.4820,36.3,26.69
6604330,-7.7524,36.3,26.69
6605051,-7.7524,35.3,26.69
6605772,-7.7524,35.3,26.69
6606493,-7.7524,35.3,26.69
6607214,-7.7524,35.3,26.69
6607935,-7.7524,36.3,26.69
6608656,-7.7524,36.3,26.69
6609377,-7.7524,36.3,26.69
6610098,-7.7524,36.3,26.69
6610819,-7.7524,36.3,26.69
6611540,-7.7524,36.3,26.69
6612261,-7.7524,36.3,26.69
6612982,-7.7524,35.3,26.69
6613703,-7.7524,36.3,26.68
6614424,-7.7524,36.3,26.69
6615145,-7.7524,36.3,26.69
6615866,-7.7524,36.3,26.69
6616587,-7.7524,36.3,26.68
6617308,-7.7524,36.3,26.68
6618029,-7.7524,36.3,26.69
6618750,-7.7524,35.3,26.68
6619471,-7.7524,35.3,26.68
6620192,-7.7524,36.3,26.68
6620913,-7.4369,36.3,26.68
6621634,-8.1130,36.3,26.68
