--- Terminal on /dev/ttyACM2 | 115200 8-N-1
--- Available filters and text transformations: debug, default, direct, esp32_exception_decoder, hexlify, log2file, nocontrol, printable, send_on_enter, time
--- More details at https://bit.ly/pio-monitor-filters
--- Quit: Ctrl+C | Menu: Ctrl+T | Help: Ctrl+T followed by Ctrl+H
42573,3.4931,39.6,30.91
43295,3.6959,39.6,30.91
44017,4.2368,39.6,30.91
44739,4.3945,40.6,30.91
45461,3.5832,40.6,30.91
46183,4.4396,39.6,30.92
46905,2.8395,39.6,30.92
47627,3.3804,39.6,30.91
48349,2.6818,40.6,30.92
49071,3.9889,40.6,30.92
49793,3.4931,39.6,30.92
50515,4.3269,40.6,30.92
51237,3.9889,40.6,30.92
51959,2.6367,40.6,30.92
52681,2.5691,39.6,30.92
53403,3.4480,38.6,30.92
54125,3.3804,38.6,30.93
54847,2.5691,39.6,30.93
55569,3.3804,39.6,30.93
56291,3.1776,39.6,30.93
57013,2.6142,39.6,30.94
57735,4.2142,39.6,30.93
58457,3.3353,38.6,30.93
59179,3.3353,39.6,30.93
59901,3.6959,40.6,30.94
60623,3.3128,40.6,30.93
61345,2.9522,39.6,30.94
62067,3.6058,39.6,30.93
62789,4.1917,39.6,30.93
63511,3.7184,39.6,30.93
64233,2.8170,40.6,30.93
64955,2.8846,39.6,30.94
65677,3.9889,39.6,30.94
66399,3.5156,39.6,30.94
67121,2.7043,40.6,30.94
67843,4.1241,39.6,30.94
68565,3.8537,40.6,30.94
69287,2.3663,40.6,30.94
70009,2.8395,40.6,30.94
70731,2.7269,40.6,30.94
71453,2.5916,39.6,30.94
72175,2.5916,39.6,30.94
72897,2.4564,39.6,30.95
73619,3.1325,38.6,30.95
74341,4.1241,39.6,30.95
75063,3.1550,38.6,30.94
# [n=100] mean=3.2959 m  sigma=0.7932 m  die=38.6 C  CalVal=14
75785,3.1550,38.6,30.95
76507,2.7719,38.6,30.95
77229,1.5550,39.6,30.95
77951,3.7861,39.6,30.94
78673,3.6508,39.6,30.95
79395,2.8846,39.6,30.95
80117,2.7269,40.6,30.95
80839,2.2761,40.6,30.95
81561,2.7494,40.6,30.96
82283,3.6508,39.6,30.95
83005,2.7719,39.6,30.95
83727,3.4706,39.6,30.95
84449,3.0424,39.6,30.96
85171,3.4931,39.6,30.96
85893,2.7043,39.6,30.96
86615,2.0508,39.6,30.96
87337,3.3579,38.6,30.96
88059,2.9297,38.6,30.97
88781,2.9297,39.6,30.97
89503,2.4564,39.6,30.97
90225,3.3353,39.6,30.97
90947,2.5240,39.6,30.97
91669,2.7269,39.6,30.97
92391,1.3747,39.6,30.97
93113,3.5156,39.6,30.97
93835,2.1184,40.6,30.97
94557,2.6367,39.6,30.98
95279,2.7494,39.6,30.97
96001,3.1100,40.6,30.98
96723,2.2987,40.6,30.98
97445,2.2311,39.6,30.97
98167,2.7945,40.6,30.98
98889,3.4029,40.6,30.97
99611,2.5916,40.6,30.98
100333,2.1184,39.6,30.98
101055,2.1409,40.6,30.98
101777,2.6593,40.6,30.99
102499,3.0198,40.6,30.98
103221,3.2452,39.6,30.99
103943,1.9832,40.6,30.98
104665,2.6818,39.6,30.99
105387,2.6818,39.6,30.99
106109,3.2903,39.6,30.98
106831,2.5466,39.6,30.98
107553,2.4564,40.6,30.98
108275,3.6959,40.6,30.98
108997,2.7043,40.6,30.98
109719,2.6142,39.6,30.98
110441,1.7353,39.6,30.98
111163,3.3804,40.6,30.98
111885,2.4339,39.6,30.98
112607,2.6367,40.6,30.99
113329,3.2452,39.6,30.99
114051,2.6367,40.6,30.99
114773,3.4029,40.6,30.99
115495,2.6367,40.6,30.99
116217,2.4564,40.6,30.99
116939,1.8029,40.6,30.99
117661,3.1776,40.6,30.99
118383,2.0057,40.6,30.99
119105,3.2001,40.6,30.99
119827,3.2452,39.6,30.99
120549,2.8395,39.6,30.99
121271,1.9832,39.6,30.99
121993,1.9832,39.6,30.99
122715,2.7494,40.6,31.00
123437,2.9522,40.6,30.99
124159,2.9522,40.6,30.99
124881,2.9748,39.6,31.00
125603,3.4255,39.6,31.00
126325,2.8170,40.6,31.00
127047,2.4114,40.6,31.00
127769,2.7043,40.6,31.00
128491,3.3128,40.6,31.00
129213,2.8395,39.6,30.99
129935,2.7719,39.6,30.99
30.55
159537,2.4790,39.6,30.54
160259,2.9072,39.6,30.53
160981,2.6367,39.6,30.52
161703,1.6677,40.6,30.51
162425,3.8762,39.6,30.51
163147,2.8846,39.6,30.52
163869,2.2987,39.6,30.52
164591,3.9213,39.6,30.51
165313,3.5156,40.6,30.51
166035,3.0649,40.6,30.51
166757,2.6818,40.6,30.51
167479,2.9072,40.6,30.52
168201,2.9072,39.6,30.51
168923,3.8762,39.6,30.52
169645,2.9748,39.6,30.52
170367,3.0649,39.6,30.53
171089,1.7127,39.6,30.53
171811,4.0790,39.6,30.53
172533,3.3353,39.6,30.53
173255,2.9297,39.6,30.53
173977,2.5691,39.6,30.53
174699,2.7269,39.6,30.53
175421,3.3128,39.6,30.54
176143,3.4480,39.6,30.54
176865,2.5015,39.6,30.54
177587,3.3353,39.6,30.53
178309,2.7719,39.6,30.54
179031,2.7043,40.6,30.54
179753,2.8395,40.6,30.54
180475,2.6818,40.6,30.53
181197,2.6818,40.6,30.53
181919,2.6142,40.6,30.53
182641,2.9297,40.6,30.53
183363,2.5916,40.6,30.53
184085,1.9156,40.6,30.53
184807,1.9156,40.6,30.54
185529,3.1100,39.6,30.53
186251,2.1860,39.6,30.53
186973,3.0874,40.6,30.54
187695,2.9297,40.6,30.54
188417,2.3437,40.6,30.55
189139,2.5015,40.6,30.56
189861,1.3296,39.6,30.55
190583,3.3579,40.6,30.56
191305,3.2227,40.6,30.56
192027,1.6902,40.6,30.57
192749,2.6367,40.6,30.57
193471,2.5015,40.6,30.58
194193,3.1100,40.6,30.58
194915,3.2001,40.6,30.59
195637,2.5916,40.6,30.59
196359,2.3888,40.6,30.59
197081,2.8621,40.6,30.59
197803,2.8621,39.6,30.60
198525,3.2903,39.6,30.60
199247,2.2311,40.6,30.60
199969,3.0198,40.6,30.60
200691,1.7803,40.6,30.60
201413,0.7437,40.6,30.60
202135,3.0874,40.6,30.60
202857,2.6367,39.6,30.60
203579,2.3888,40.6,30.60
204301,1.7803,39.6,30.59
205023,1.8029,39.6,30.61
205745,3.2452,39.6,30.61
206467,1.6451,39.6,30.61
207189,3.3353,39.6,30.61
207911,2.0959,39.6,30.62
208633,3.0198,39.6,30.62
209355,2.5691,40.6,30.62
210077,3.1325,40.6,30.63
210799,2.3888,40.6,30.63
211521,1.4874,40.6,30.64
212243,2.9973,40.6,30.64
212965,2.7043,39.6,30.65
213687,2.5916,39.6,30.66
214409,2.5916,40.6,30.67
215131,2.6593,40.6,30.67
215853,2.7043,40.6,30.68
216575,2.2311,40.6,30.68
217297,2.1635,40.6,30.69
218019,2.4564,40.6,30.69
218741,2.4790,39.6,30.70
219463,2.6593,40.6,30.71
# [n=300] mean=2.9476 m  sigma=0.6910 m  die=40.6 C  CalVal=12
220185,3.0424,40.6,30.73
220907,3.3579,40.6,30.74
221629,1.8480,40.6,30.74
222351,3.5382,39.6,30.75
223073,2.7043,39.6,30.75
223795,1.8480,39.6,30.76
224517,2.3212,39.6,30.77
225239,2.2761,39.6,30.77
225961,2.8395,40.6,30.79
226683,3.2001,39.6,30.80
227405,2.4114,39.6,30.81
228127,3.0424,40.6,30.81
228849,2.5691,40.6,30.82
229571,2.2085,40.6,30.82
230293,4.1692,40.6,30.83
231015,4.1692,40.6,30.84
231737,2.6818,40.6,30.84
232459,1.7127,40.6,30.85
233181,2.5015,40.6,30.85
233903,3.0874,39.6,30.86
234625,3.2452,40.6,30.87
235347,2.7043,39.6,30.87
236069,2.9522,40.6,30.88
236791,3.7861,40.6,30.88
237513,4.9805,39.6,30.89
238235,4.4621,39.6,30.90
238957,4.1917,39.6,30.90
239679,4.8678,40.6,30.91
240401,3.6508,40.6,30.91
241123,4.3720,40.6,30.92
241845,3.5382,39.6,30.92
242567,3.5607,39.6,30.92
243289,4.6199,39.6,30.92
244011,4.6199,39.6,30.93
244733,5.2058,39.6,30.94
245455,4.8002,40.6,30.94
246177,5.2284,40.6,30.95
246899,4.6199,40.6,30.95
247621,-39.6635,40.6,30.95
248343,4.5297,40.6,30.95
249065,5.0255,40.6,30.94
249787,4.6424,40.6,30.95
250509,5.3410,40.6,30.96
251231,5.1382,40.6,30.96
251953,3.6959,40.6,30.97
252675,4.0340,39.6,30.97
253397,4.7551,39.6,30.98
254119,4.0565,39.6,30.97
254841,4.1692,39.6,30.96
255563,4.5523,39.6,30.97
256285,3.9438,39.6,30.98
257007,4.9579,39.6,30.99
257729,3.6734,39.6,30.99
258451,4.2368,40.6,31.00
259173,3.9438,40.6,31.00
259895,4.4621,40.6,30.98
260617,4.4621,40.6,30.91
261339,3.3353,39.6,30.85
262061,2.4339,39.6,30.82
262783,3.3353,39.6,30.80
263505,3.6283,39.6,30.74
264227,3.1100,39.6,30.73
264949,1.9832,39.6,30.69
265671,2.0733,39.6,30.65
266393,2.3437,39.6,30.62
267115,3.4029,39.6,30.58
267837,2.4339,39.6,30.54
268559,2.7719,39.6,30.56
269281,2.8395,39.6,30.53
270003,4.0565,38.6,30.48
270725,4.1241,38.6,30.41
271447,3.8537,38.6,30.35
272169,3.3353,38.6,30.30
272891,3.6283,37.6,30.31
273613,3.4255,37.6,30.32
274335,3.2452,38.6,30.33
275057,3.4480,38.6,30.32
275779,2.7945,38.6,30.30
276501,3.3579,38.6,30.28
277223,3.3579,38.6,30.08
277945,3.6959,38.6,30.01
278667,3.8311,38.6,30.02
279389,2.6367,38.6,29.91
280111,3.4706,38.6,29.79
280833,2.6593,38.6,29.62
281555,3.6734,37.6,29.48
282277,3.3804,37.6,29.47
282999,2.6818,37.6,29.27
283721,2.6367,37.6,29.09
284443,2.9072,36.6,28.92
285165,2.9973,36.6,28.76
285887,3.5832,36.6,28.65
286609,3.2903,36.6,28.53
287331,4.1241,36.6,28.39
288053,3.2001,36.6,28.24
288775,4.6199,36.6,28.15
289497,3.6734,36.6,27.98
290219,3.6734,36.6,27.80
290941,3.2677,36.6,27.66
291663,2.5466,36.6,27.55
# [n=400] mean=2.9851 m  sigma=2.2730 m  die=36.6 C  CalVal=13
292385,3.4706,36.6,27.37
293107,3.4480,35.6,27.27
293829,3.4480,35.6,27.17
294551,4.3945,35.6,27.01
295273,3.7635,35.6,26.92
295995,3.0649,34.6,26.75
296717,4.1466,34.6,26.60
297439,3.1550,34.6,26.49
298161,3.5607,34.6,26.36
298883,3.9889,34.6,26.21
299605,3.4706,34.6,26.06
300327,4.2142,34.6,25.91
301049,3.4480,34.6,25.73
301771,3.8537,34.6,25.64
302493,4.2819,33.6,25.50
303215,3.8086,33.6,25.41
303937,3.0424,33.6,25.38
304659,3.1325,34.6,25.28
305381,4.0114,33.6,25.12
306103,4.1917,34.6,24.99
306825,4.1917,34.6,24.91
307547,3.5382,34.6,24.85
308269,3.3579,34.6,24.70
308991,3.5832,34.6,24.56
309713,3.6959,33.6,24.47
310435,3.1100,33.6,24.42
311157,3.3579,33.6,24.30
311879,3.9213,32.6,24.20
312601,4.0114,32.6,24.13
313323,4.5523,33.6,24.04
314045,3.7410,32.6,23.86
314767,4.3945,32.6,23.72
315489,4.4847,32.6,23.64
316211,3.9663,32.6,23.55
316933,3.4931,32.6,23.43
317655,4.1016,33.6,23.31
318377,3.8086,32.6,23.20
319099,3.7861,31.6,23.08
319821,3.9663,31.6,22.97
320543,3.3804,31.6,22.82
321265,3.9438,31.6,22.71
321987,4.4621,31.6,22.63
322709,2.9973,31.6,22.52
323431,2.9973,31.6,22.41
324153,4.9805,31.6,22.33
324875,4.5297,31.6,22.26
325597,3.2903,31.6,22.20
326319,3.3353,31.6,22.07
327041,4.8002,31.6,21.96
327763,4.5748,31.6,21.87
328485,4.1016,31.6,21.77
329207,4.8002,30.6,21.70
329929,2.9748,31.6,21.62
330651,4.1241,30.6,21.53
331373,4.0565,30.6,21.41
332095,4.8227,31.6,21.35
332817,4.0790,30.6,21.24
333539,4.0340,31.6,21.14
334261,4.6199,30.6,21.05
334983,3.0874,30.6,20.94
335705,4.4171,30.6,20.89
336427,3.4480,29.6,20.79
337149,4.6199,29.6,20.69
337871,4.1016,30.6,20.63
338593,4.3044,30.6,20.58
339315,3.5832,30.6,20.47
340037,3.5832,30.6,20.36
340759,3.4029,30.6,20.28
341481,4.8453,30.6,20.22
342203,3.3579,30.6,20.15
342925,4.1016,30.6,20.06
343647,4.7326,30.6,20.02
344369,4.9579,30.6,19.93
345091,3.9663,29.6,19.86
345813,3.8762,30.6,19.77
346535,4.2368,29.6,19.69
347257,3.4931,29.6,19.59
347979,4.5297,28.6,19.52
348701,3.6283,29.6,19.43
349423,4.5072,29.6,19.33
350145,3.9889,29.6,19.25
350867,3.3804,29.6,19.16
351589,4.1466,29.6,19.12
352311,4.5748,29.6,19.11
353033,4.5748,29.6,19.02
353755,4.5748,28.6,18.99
354477,4.3269,28.6,18.88
355199,4.3495,28.6,18.80
355921,5.3185,28.6,18.74
356643,4.7551,28.6,18.66
357365,3.6283,28.6,18.58
358087,3.8762,29.6,18.54
358809,4.2368,28.6,18.50
359531,4.5748,28.6,18.42
360253,3.7635,28.6,18.36
360975,2.9522,28.6,18.29
361697,4.5523,28.6,18.22
362419,3.7410,28.6,18.15
363141,3.6734,28.6,18.10
363863,4.1016,28.6,18.04
# [n=500] mean=3.1796 m  sigma=2.0840 m  die=28.6 C  CalVal=14
364585,4.4396,28.6,17.99
365307,4.8453,28.6,17.89
366029,2.9072,28.6,17.82
366751,4.5974,28.6,17.79
367473,4.4847,27.6,17.71
368195,4.4171,27.6,17.66
368917,4.3044,27.6,17.61
369639,4.3044,27.6,17.54
370361,4.2593,27.6,17.47
371083,4.4621,27.6,17.41
371805,3.3128,27.6,17.36
372527,4.6650,26.6,17.27
373249,5.0030,27.6,17.21
373971,3.9663,27.6,17.15
374693,4.3044,27.6,17.10
375415,4.0114,27.6,17.06
376137,5.6115,27.6,16.98
376859,3.9213,26.6,16.90
377581,4.1466,26.6,16.84
378303,4.1692,26.6,16.78
379025,5.2509,26.6,16.72
379747,5.4763,26.6,16.66
380469,4.8453,26.6,16.60
381191,4.4171,26.6,16.53
381913,4.0114,26.6,16.55
382635,4.1917,26.6,16.54
383357,4.7776,26.6,16.50
384079,5.3410,26.6,16.42
384801,4.3044,26.6,16.36
385523,5.1608,26.6,16.32
386245,5.1608,26.6,16.28
386967,4.1241,26.6,16.28
387689,5.9721,26.6,16.20
388411,3.2903,26.6,16.11
389133,4.1466,27.6,16.10
389855,3.2227,26.6,16.07
390577,4.0340,26.6,16.01
391299,5.5889,25.6,15.98
392021,4.1241,26.6,15.91
392743,4.2593,26.6,15.92
393465,5.6791,25.6,15.92
394187,4.9354,25.6,15.86
394909,4.4621,26.6,15.82
395631,5.0030,26.6,15.77
396353,4.8903,26.6,15.71
397075,4.3720,25.6,15.69
397797,5.5889,25.6,15.65
398519,3.4706,25.6,15.62
399241,5.3636,25.6,15.54
399963,4.5974,25.6,15.50
400685,4.5523,25.6,15.46
401407,3.3353,25.6,15.41
402129,3.5607,25.6,15.38
402851,3.5607,25.6,15.31
403573,4.0565,26.6,15.27
404295,2.6593,26.6,15.21
405017,3.8762,26.6,15.19
405739,3.9213,26.6,15.16
406461,4.1917,25.6,15.18
407183,4.2819,25.6,15.13
407905,3.7861,25.6,15.09
408627,4.7326,25.6,15.05
409349,3.7184,25.6,15.02
410071,2.9973,25.6,14.98
410793,4.0340,25.6,14.93
411515,4.2368,25.6,14.86
412237,3.8762,25.6,14.81
412959,3.5832,25.6,14.78
413681,4.0340,24.6,14.79
414403,4.5072,24.6,14.77
415125,4.4847,24.6,14.75
415847,4.4847,24.6,14.72
416569,4.5974,24.6,14.66
417291,4.9354,24.6,14.61
418013,3.8987,24.6,14.56
418735,4.5523,24.6,14.55
419457,1.7353,24.6,14.50
420179,3.9889,24.6,14.44
420901,4.9805,24.6,14.40
421623,4.8903,24.6,14.38
422345,4.8002,24.6,14.36
423067,4.2819,24.6,14.30
423789,4.7100,24.6,14.27
424511,3.8537,24.6,14.23
425233,3.2677,24.6,14.20
425955,4.2142,24.6,14.20
426677,4.9129,24.6,14.16
427399,4.8002,24.6,14.10
428121,3.7410,24.6,14.09
428843,5.2284,24.6,14.05
429565,5.2734,24.6,14.02
430287,5.0255,24.6,13.99
431009,4.2819,24.6,13.99
431731,5.0030,24.6,13.96
432453,5.0030,24.6,13.90
433175,4.4847,24.6,13.89
433897,3.9663,23.6,13.86
434619,5.2284,23.6,13.82
435341,3.6058,23.6,13.80
436063,4.6424,23.6,13.77
# [n=600] mean=3.3773 m  sigma=1.9739 m  die=23.6 C  CalVal=15
436785,5.0931,23.6,13.71
437507,3.7861,23.6,13.66
438229,4.5523,23.6,13.64
438951,5.4087,23.6,13.61
439673,4.4396,24.6,13.57
440395,4.1917,23.6,13.56
441117,4.1692,23.6,13.53
441839,5.2058,23.6,13.48
442561,4.3044,23.6,13.45
443283,3.4480,23.6,13.40
444005,4.4621,24.6,13.38
444727,4.3945,24.6,13.36
445449,4.0114,24.6,13.34
446171,4.5072,24.6,13.30
446893,3.7184,23.6,13.27
447615,4.6650,23.6,13.25
448337,3.3579,23.6,13.21
449059,3.3579,23.6,13.18
449781,4.1466,23.6,13.12
450503,4.5974,23.6,13.11
451225,4.5974,23.6,13.07
451947,4.5523,23.6,13.03
452669,5.0481,23.6,12.99
453391,5.6565,23.6,12.97
454113,3.8311,23.6,12.96
454835,3.8537,23.6,12.94
455557,5.3636,23.6,12.93
456279,4.6424,23.6,12.88
457001,3.6734,23.6,12.87
457723,5.1833,23.6,12.83
458445,4.4171,23.6,12.81
459167,3.8987,23.6,12.78
459889,4.3495,23.6,12.74
460611,4.9354,23.6,12.74
461333,4.6875,23.6,12.70
462055,4.6875,23.6,12.67
462777,3.6058,23.6,12.64
463499,5.7242,22.6,12.62
464221,3.6734,23.6,12.60
464943,3.4931,23.6,12.57
465665,3.4931,22.6,12.54
466387,5.8819,22.6,12.52
467109,4.3269,22.6,12.49
467831,4.1241,22.6,12.48
468553,3.9663,22.6,12.44
469275,5.2058,22.6,12.44
469997,3.7861,22.6,12.43
470719,4.6424,22.6,12.43
471441,4.2593,22.6,12.41
472163,5.0706,22.6,12.39
472885,3.1325,22.6,12.38
473607,5.4537,22.6,12.36
474329,4.8903,22.6,12.34
475051,4.3269,22.6,12.31
475773,5.8819,22.6,12.30
476495,4.3044,22.6,12.30
477217,4.4621,22.6,12.29
477939,5.1608,22.6,12.26
478661,5.1608,22.6,12.22
479383,5.2284,22.6,12.19
480105,6.1073,22.6,12.18
480827,4.8453,22.6,12.20
481549,4.7100,23.6,12.16
482271,4.4396,22.6,12.14
482993,4.1692,22.6,12.13
483715,4.1917,22.6,12.10
484437,4.4396,22.6,12.07
485159,4.3720,22.6,12.09
485881,5.5213,22.6,12.06
486603,4.8227,22.6,12.03
487325,3.8311,22.6,12.02
488047,5.5889,22.6,12.03
488769,4.6199,22.6,12.05
489491,5.1382,21.6,12.03
490213,6.3552,21.6,12.01
490935,5.0481,21.6,11.99
491657,4.7776,21.6,11.95
492379,4.9354,21.6,11.93
493101,4.4621,21.6,11.92
493823,5.0030,21.6,11.93
494545,4.8227,21.6,11.94
495267,4.8227,22.6,11.95
495989,4.3720,21.6,11.95
496711,3.6734,22.6,11.92
497433,4.6650,22.6,11.93
498155,6.2876,22.6,11.93
498877,4.0114,22.6,11.88
499599,6.4453,22.6,11.87
500321,6.4904,21.6,11.87
501043,4.6199,21.6,11.82
501765,4.7551,21.6,11.84
502487,6.1523,21.6,11.81
503209,4.4171,21.6,11.79
503931,4.8453,21.6,11.78
504653,5.8143,21.6,11.76
505375,4.5072,21.6,11.75
506097,3.6959,21.6,11.72
506819,3.8762,21.6,11.71
507541,4.1917,21.6,11.69
508263,4.1917,21.6,11.68
# [n=700] mean=3.5555 m  sigma=1.8994 m  die=21.6 C  CalVal=16
508985,3.4931,21.6,11.69
509707,4.1241,20.6,11.67
510429,3.7635,20.6,11.62
511151,3.8762,21.6,11.60
511873,3.8762,21.6,11.60
512595,5.5889,21.6,11.59
513317,4.3720,21.6,11.60
514039,5.0255,21.6,11.56
514761,4.7326,21.6,11.53
515483,4.6424,21.6,11.52
516205,4.1917,21.6,11.48
516927,5.0931,20.6,11.47
517649,4.8453,20.6,11.49
518371,5.3410,20.6,11.46
519093,4.6875,20.6,11.48
519815,4.3720,20.6,11.49
520537,3.7635,20.6,11.45
521259,4.8903,20.6,11.41
521981,4.4621,20.6,11.39
522703,3.6058,20.6,11.38
523425,4.6650,20.6,11.36
524147,5.5213,20.6,11.32
524869,5.5213,20.6,11.30
525591,4.4621,20.6,11.30
526313,5.4988,20.6,11.31
527035,3.4480,20.6,11.30
527757,4.3495,20.6,11.27
528479,3.9663,20.6,11.26
529201,4.1016,20.6,11.23
529923,3.4706,20.6,11.23
530645,4.5974,20.6,11.22
531367,5.0931,20.6,11.19
532089,5.1382,20.6,11.21
532811,5.5664,20.6,11.18
533533,4.5072,20.6,11.15
534255,5.1833,20.6,11.15
534977,4.3495,20.6,11.17
535699,4.1692,20.6,11.13
536421,4.8227,20.6,11.13
537143,4.2142,20.6,11.11
537865,5.1382,20.6,11.11
538587,4.4621,20.6,11.09
539309,4.5974,20.6,11.07
540031,4.4621,20.6,11.06
540753,4.4396,20.6,11.09
541475,4.4396,20.6,11.09
542197,5.0481,20.6,11.05
542919,3.9438,20.6,11.03
543641,4.6650,20.6,11.02
544363,4.7551,20.6,11.01
545085,3.6734,20.6,10.98
545807,3.9438,20.6,10.99
546529,3.8762,20.6,10.97
547251,4.3269,20.6,10.97
547973,4.5974,20.6,10.96
548695,4.5523,21.6,10.94
549417,4.6424,20.6,10.91
550139,4.2593,20.6,10.90
550861,3.8311,20.6,10.88
551583,4.7100,20.6,10.86
552305,3.8762,20.6,10.88
553027,4.4171,20.6,10.83
553749,5.1157,20.6,10.81
554471,4.3945,20.6,10.79
555193,5.4537,20.6,10.79
555915,4.8903,20.6,10.78
556637,5.0030,20.6,10.76
557359,3.8537,20.6,10.75
558081,3.8537,20.6,10.73
558803,4.8002,20.6,10.73
559525,3.5607,20.6,10.71
560247,4.0340,20.6,10.68
560969,4.1917,20.6,10.67
561691,4.1692,20.6,10.64
562413,4.6424,20.6,10.65
563135,4.5748,19.6,10.62
563857,4.0340,19.6,10.60
564579,5.4537,19.6,10.58
565301,5.0481,19.6,10.57
566023,5.2284,19.6,10.55
566745,3.8311,19.6,10.53
567467,3.7410,19.6,10.53
568189,4.1466,19.6,10.53
568911,4.9579,19.6,10.53
569633,3.8537,19.6,10.51
570355,4.5974,19.6,10.49
571077,4.5974,19.6,10.47
571799,3.9438,19.6,10.48
572521,4.9129,19.6,10.45
573243,4.1692,19.6,10.43
573965,4.8903,19.6,10.45
574687,4.8903,19.6,10.42
575409,4.6199,19.6,10.40
576131,4.5072,19.6,10.39
576853,5.3185,19.6,10.38
577575,4.3044,19.6,10.36
578297,4.0565,20.6,10.33
579019,5.5889,20.6,10.32
579741,4.4621,20.6,10.30
580463,4.5748,20.6,10.28
# [n=800] mean=3.6739 m  sigma=1.8144 m  die=20.6 C  CalVal=17
581185,3.6959,19.6,10.27
581907,4.5523,19.6,10.26
582629,4.0565,19.6,10.25
583351,4.4396,19.6,10.23
584073,4.0340,19.6,10.25
584795,3.9213,19.6,10.25
585517,4.5072,19.6,10.23
586239,4.4171,19.6,10.20
586961,4.8002,19.6,10.20
587683,4.8002,19.6,10.21
588405,3.5156,19.6,10.22
589127,4.7776,19.6,10.21
589849,4.7326,19.6,10.19
590571,4.1692,19.6,10.17
591293,5.2734,20.6,10.16
592015,4.7551,19.6,10.13
592737,3.5607,19.6,10.14
593459,5.4537,20.6,10.14
594181,4.7326,20.6,10.15
594903,5.1833,19.6,10.12
595625,5.3861,19.6,10.12
596347,4.5072,19.6,10.11
597069,4.3945,19.6,10.10
597791,5.8594,19.6,10.11
598513,4.5297,19.6,10.10
599235,4.4847,19.6,10.09
599957,4.5974,19.6,10.09
600679,4.7100,18.6,10.07
601401,4.6199,18.6,10.07
602123,4.2142,18.6,10.04
602845,4.3495,18.6,10.03
603567,4.5974,19.6,10.03
604289,4.5974,19.6,10.00
605011,4.4621,19.6,10.01
605733,4.1692,19.6,10.00
606455,4.7326,19.6,9.98
607177,3.8762,19.6,9.96
607899,3.8762,19.6,9.95
608621,4.4171,19.6,9.93
609343,4.5974,18.6,9.94
610065,4.5523,18.6,9.98
610787,4.8002,18.6,9.99
611509,5.0481,18.6,9.98
612231,3.9213,18.6,9.96
612953,4.7326,19.6,9.97
613675,5.0255,18.6,9.99
614397,4.1016,19.6,9.98
615119,5.9495,19.6,9.96
615841,4.2142,19.6,9.94
616563,5.0030,18.6,9.94
617285,4.6199,18.6,9.95
618007,4.8002,18.6,9.93
618729,5.8368,18.6,9.90
619451,3.8311,18.6,9.88
620173,4.7776,18.6,9.87
620895,4.7776,17.6,9.86
621617,4.2368,18.6,9.85
622339,5.4087,18.6,9.86
623061,3.5832,18.6,9.89
623783,3.4480,18.6,9.88
624505,5.5213,18.6,9.85
625227,3.4255,18.6,9.84
625949,4.5072,18.6,9.85
626671,4.2368,18.6,9.85
627393,4.3269,18.6,9.86
628115,3.6508,18.6,9.84
628837,4.4621,18.6,9.81
629559,5.3636,18.6,9.79
630281,4.1241,18.6,9.77
631003,3.8987,19.6,9.76
631725,4.5297,18.6,9.74
632447,5.1382,18.6,9.71
633169,4.3945,18.6,9.69
633891,4.3945,18.6,9.70
634613,3.7184,18.6,9.74
635335,3.7861,18.6,9.71
636057,4.6424,18.6,9.70
636779,5.0706,18.6,9.69
637501,1.1043,18.6,9.68
638223,4.6650,18.6,9.67
638945,5.2284,18.6,9.67
639667,5.2509,18.6,9.66
640389,5.1382,18.6,9.65
641111,5.3636,18.6,9.65
641833,4.4396,18.6,9.70
642555,5.3861,18.6,9.67
643277,4.5974,18.6,9.67
643999,4.1466,18.6,9.65
644721,3.8987,18.6,9.64
645443,4.3269,18.6,9.62
646165,4.3044,18.6,9.59
646887,3.3804,19.6,9.58
647609,4.3720,18.6,9.56
648331,5.3410,18.6,9.56
649053,5.1382,18.6,9.58
649775,4.1241,18.6,9.60
650497,4.1241,18.6,9.61
651219,3.7861,17.6,9.58
651941,4.5974,18.6,9.55
652663,4.3720,18.6,9.56
# [n=900] mean=3.7649 m  sigma=1.7437 m  die=18.6 C  CalVal=17
653385,4.9805,18.6,9.57
654107,5.1382,18.6,9.54
654829,5.2509,18.6,9.53
655551,4.3495,17.6,9.54
656273,3.6734,17.6,9.58
656995,4.5748,18.6,9.57
657717,4.7326,17.6,9.61
658439,4.5297,17.6,9.58
659161,4.3044,17.6,9.54
659883,4.4396,17.6,9.53
660605,4.7551,18.6,9.54
661327,4.1692,18.6,9.52
662049,4.5072,18.6,9.50
662771,4.9354,18.6,9.48
663493,4.9805,18.6,9.49
664215,4.3269,17.6,9.49
664937,5.3185,17.6,9.49
665659,4.2819,17.6,9.47
666381,5.0481,17.6,9.48
667103,5.0481,17.6,9.49
667825,5.2509,17.6,9.49
668547,5.4537,17.6,9.47
669269,3.9438,17.6,9.49
669991,4.7326,17.6,9.46
670713,5.5664,18.6,9.45
671435,5.0030,17.6,9.43
672157,4.7776,17.6,9.42
672879,4.3044,17.6,9.45
673601,4.2819,18.6,9.43
674323,4.0114,17.6,9.41
675045,4.5297,18.6,9.40
675767,4.6650,18.6,9.38
676489,3.8311,17.6,9.39
677211,4.9805,18.6,9.37
677933,4.5523,17.6,9.38
678655,5.7016,17.6,9.42
679377,4.3044,17.6,9.41
680099,4.3044,17.6,9.38
680821,4.3945,17.6,9.39
681543,5.0255,18.6,9.37
682265,5.2509,17.6,9.36
682987,5.0931,17.6,9.36
683709,5.0931,17.6,9.34
684431,4.2593,17.6,9.33
685153,4.4847,17.6,9.33
685875,3.8987,17.6,9.37
686597,4.1016,18.6,9.36
687319,4.3269,18.6,9.33
688041,5.6115,17.6,9.31
688763,4.0340,17.6,9.33
689485,3.8987,17.6,9.33
690207,5.3636,18.6,9.32
690929,3.5832,18.6,9.32
691651,4.3269,18.6,9.34
692373,4.1241,17.6,9.33
693095,4.0340,17.6,9.33
693817,4.0565,17.6,9.36
694539,4.4396,17.6,9.36
695261,3.7410,17.6,9.36
695983,4.6650,17.6,9.35
696705,4.6650,17.6,9.36
697427,4.8002,17.6,9.38
698149,4.5974,17.6,9.36
698871,5.0030,17.6,9.38
699593,5.4988,17.6,9.36
700315,4.8002,17.6,9.35
701037,4.5072,16.6,9.34
701759,5.0706,16.6,9.32
702481,5.1157,16.6,9.29
703203,5.4537,17.6,9.29
703925,3.9438,17.6,9.28
704647,5.5439,17.6,9.30
705369,4.6875,17.6,9.32
706091,5.3636,17.6,9.33
706813,4.6650,17.6,9.35
707535,4.5748,16.6,9.36
708257,4.5748,17.6,9.37
708979,5.2509,17.6,9.35
709701,5.3861,17.6,9.35
710423,5.4763,17.6,9.36
711145,4.7100,17.6,9.36
711867,4.6875,17.6,9.37
712589,5.4763,17.6,9.36
713311,5.4763,16.6,9.38
714033,5.2284,17.6,9.38
714755,4.7776,17.6,9.37
715477,3.5156,16.6,9.39
716199,5.0706,17.6,9.41
716921,4.3269,17.6,9.41
717643,5.5889,17.6,9.42
718365,5.4537,17.6,9.43
719087,4.6424,18.6,9.43
719809,5.4312,17.6,9.44
720531,5.4087,17.6,9.46
721253,5.8143,17.6,9.48
721975,6.1298,17.6,9.51
722697,4.8227,17.6,9.52
723419,4.2593,17.6,9.54
724141,5.3861,17.6,9.56
724863,4.7551,17.6,9.59
# [n=1000] mean=3.8637 m  sigma=1.6897 m  die=17.6 C  CalVal=18
725585,4.3945,17.6,9.60
726307,4.7776,18.6,9.60
727029,5.1382,17.6,9.60
727751,4.6424,17.6,9.60
728473,5.4087,17.6,9.63
729195,4.3495,17.6,9.63
729917,4.3495,16.6,9.64
730639,5.3861,17.6,9.65
731361,5.5889,17.6,9.67
732083,5.3410,17.6,9.68
732805,4.1917,17.6,9.70
733527,5.2058,17.6,9.71
734249,4.4396,17.6,9.74
734971,4.4171,17.6,9.75
735693,4.5748,17.6,9.78
736415,4.6199,17.6,9.78
737137,4.3269,17.6,9.81
737859,5.2058,16.6,9.82
738581,5.4087,17.6,9.85
739303,3.9213,17.6,9.88
740025,5.0931,17.6,9.88
740747,5.6565,17.6,9.92
741469,5.3410,17.6,9.95
742191,5.6565,18.6,9.95
742913,5.6565,17.6,9.95
743635,5.1833,17.6,9.97
744357,5.9946,18.6,9.99
745079,5.1608,18.6,9.99
745801,4.9129,17.6,9.98
746523,0.8564,17.6,10.00
747245,5.3410,16.6,10.01
747967,5.7692,16.6,10.01
748689,5.1382,16.6,10.01
749411,4.7100,16.6,10.03
750133,5.0481,17.6,10.02
750855,4.3720,16.6,10.02
751577,4.2819,17.6,10.01
752299,4.1466,17.6,10.01
753021,5.1382,17.6,10.01
753743,5.2734,17.6,10.00
754465,4.6650,17.6,10.00
755187,4.7100,17.6,10.00
755909,4.9579,17.6,10.01
756631,3.6058,17.6,10.03
757353,4.2819,17.6,10.02
758075,5.5439,17.6,10.01
758797,4.9579,17.6,10.01
759519,4.9579,17.6,10.00
760241,4.1917,17.6,9.99
760963,4.5297,17.6,10.00
761685,4.6875,17.6,9.99
762407,4.6424,18.6,9.99
763129,5.6115,17.6,9.99
763851,5.3861,17.6,10.00
764573,4.6424,17.6,10.00
765295,4.3495,17.6,10.00
766017,4.6875,17.6,10.00
766739,4.8227,17.6,9.99
767461,3.9438,17.6,9.99
768183,5.4087,17.6,9.98
768905,4.7100,17.6,10.01
769627,4.3044,17.6,10.00
770349,5.2734,17.6,10.00
771071,4.7100,17.6,9.99
771793,5.3185,16.6,10.00
772515,5.5664,17.6,10.01
773237,4.5072,17.6,10.03
773959,4.9805,17.6,10.00
774681,3.6508,17.6,9.99
775403,4.5523,17.6,9.98
776125,4.5523,17.6,9.99
776847,4.1692,16.6,9.98
777569,3.8311,17.6,10.01
778291,5.2058,16.6,10.01
779013,5.0255,16.6,10.03
779735,5.1608,17.6,10.03
780457,4.5748,16.6,10.05
781179,5.2058,16.6,10.03
781901,4.3945,16.6,10.01
782623,5.0481,16.6,10.01
783345,4.9579,16.6,10.00
784067,3.7635,16.6,10.00
784789,4.2593,16.6,9.99
785511,3.9663,16.6,10.00
786233,4.9805,16.6,10.00
786955,5.4312,16.6,10.01
787677,4.8453,17.6,10.00
788399,4.7100,16.6,10.02
789121,4.7100,16.6,10.01
789843,4.1692,16.6,10.03
790565,4.5523,16.6,10.06
791287,4.9129,16.6,10.07
792009,5.2284,16.6,10.07
792731,5.2284,16.6,10.09
793453,5.6115,16.6,10.07
794175,5.0931,16.6,10.07
794897,4.2368,16.6,10.09
795619,4.3720,16.6,10.12
796341,5.4763,16.6,10.13
797063,5.7918,16.6,10.13
# [n=1100] mean=3.9489 m  sigma=1.6455 m  die=16.6 C  CalVal=18
797785,5.9495,16.6,10.11
798507,4.1917,16.6,10.13
799229,5.1608,16.6,10.14
799951,4.9805,16.6,10.15
800673,4.9579,16.6,10.16
801395,4.2142,16.6,10.16
802117,5.4988,16.6,10.17
802839,5.2734,16.6,10.19
803561,5.3410,16.6,10.18
804283,5.3636,16.6,10.19
805005,4.3044,16.6,10.17
805727,4.3044,16.6,10.17
806449,5.5439,16.6,10.18
807171,4.8002,16.6,10.18
807893,6.2876,16.6,10.18
808615,4.5523,16.6,10.17
809337,3.4480,16.6,10.19
810059,4.5523,16.6,10.20
810781,5.9495,16.6,10.20
811503,4.6650,16.6,10.18
812225,5.4763,16.6,10.16
812947,4.5748,16.6,10.16
813669,5.5213,16.6,10.17
814391,5.0931,16.6,10.17
815113,4.8227,16.6,10.16
815835,5.2058,16.6,10.19
816557,4.5748,16.6,10.21
817279,4.8227,16.6,10.22
818001,4.7551,16.6,10.23
818723,5.4087,16.6,10.23
819445,4.8453,16.6,10.25
820167,4.2142,16.6,10.26
820889,5.1608,16.6,10.24
821611,4.6424,16.6,10.26
822333,4.6424,16.6,10.22
823055,5.5664,16.6,10.25
823777,5.3636,16.6,10.26
824499,4.5297,16.6,10.26
825221,4.1917,16.6,10.24
825943,5.7467,16.6,10.22
826665,4.3720,16.6,10.22
827387,5.7918,16.6,10.19
828109,5.5889,16.6,10.21
828831,4.9354,16.6,10.19
829553,3.8537,16.6,10.19
830275,4.6875,16.6,10.18
830997,3.9889,16.6,10.17
831719,4.7776,16.6,10.19
832441,5.4763,17.6,10.20
833163,4.8903,16.6,10.18
833885,4.2142,16.6,10.17
834607,5.1833,16.6,10.18
835329,5.8819,16.6,10.16
836051,5.1608,16.6,10.15
836773,5.1608,16.6,10.16
837495,4.7100,16.6,10.16
838217,4.0340,16.6,10.18
838939,4.0340,16.6,10.19
839661,5.1157,16.6,10.18
840383,4.8903,16.6,10.19
841105,6.2650,16.6,10.20
841827,4.1917,16.6,10.21
842549,6.0622,17.6,10.23
843271,5.1382,16.6,10.22
843993,5.1608,16.6,10.24
844715,5.6340,16.6,10.23
845437,5.0931,16.6,10.22
846159,5.9946,16.6,10.25
846881,4.7551,16.6,10.25
847603,4.5072,16.6,10.25
848325,4.5748,16.6,10.22
849047,5.1382,16.6,10.21
849769,4.5523,16.6,10.20
850491,5.3861,16.6,10.20
851213,4.5072,16.6,10.18
851935,4.5072,16.6,10.18
852657,6.2425,16.6,10.19
853379,5.8368,16.6,10.20
854101,5.1157,16.6,10.22
854823,5.9946,16.6,10.26
855545,4.6875,16.6,10.27
856267,5.3636,16.6,10.27
856989,5.2734,16.6,10.26
857711,4.9805,16.6,10.27
858433,4.8903,16.6,10.26
859155,6.1298,16.6,10.26
859877,5.0931,16.6,10.24
860599,5.1157,16.6,10.23
861321,5.3185,16.6,10.21
862043,5.2734,16.6,10.19
862765,5.0931,16.6,10.19
863487,5.5439,16.6,10.17
864209,5.1157,16.6,10.15
864931,5.5664,16.6,10.16
865653,5.6791,16.6,10.17
866375,4.7551,16.6,10.18
867097,5.5213,16.6,10.18
867819,6.5355,16.6,10.19
868541,6.5355,16.6,10.20
869263,4.2142,16.6,10.18
# [n=1200] mean=4.0420 m  sigma=1.6154 m  die=16.6 C  CalVal=19
869985,5.4988,16.6,10.19
870707,5.1608,16.6,10.19
871429,4.3495,16.6,10.18
872151,6.2425,16.6,10.16
872873,5.3410,16.6,10.16
873595,5.7016,16.6,10.13
874317,4.7326,16.6,10.12
875039,6.1749,16.6,10.11
875761,4.5748,16.6,10.11
876483,5.9495,16.6,10.10
877205,6.8510,16.6,10.09
877927,4.3945,16.6,10.08
878649,5.8819,16.6,10.07
879371,5.0706,16.6,10.06
880093,4.7551,16.6,10.07
880815,4.6875,16.6,10.06
881537,5.2509,16.6,10.06
882259,6.1523,16.6,10.05
882981,5.7016,16.6,10.06
883703,4.1692,16.6,10.04
884425,5.1608,16.6,10.07
885147,5.1608,16.6,10.07
885869,6.2200,16.6,10.06
886591,5.1608,16.6,10.06
887313,4.9354,16.6,10.09
888035,5.2960,16.6,10.09
888757,4.9354,16.6,10.07
889479,4.5974,16.6,10.06
890201,4.8903,16.6,10.04
890923,4.7551,16.6,10.05
891645,4.9805,16.6,10.06
892367,3.8537,16.6,10.04
893089,3.9663,16.6,10.03
893811,3.8537,16.6,10.03
894533,4.9579,16.6,10.03
895255,5.4537,16.6,10.00
895977,3.8086,16.6,9.99
896699,4.4171,16.6,9.99
897421,4.7100,16.6,9.96
898143,4.7100,16.6,9.96
898865,4.3720,16.6,9.94
899587,4.5974,16.6,9.91
900309,4.3495,16.6,9.93
901031,5.6340,16.6,9.92
901753,5.6340,16.6,9.89
902475,5.2284,16.6,9.90
903197,5.1382,16.6,9.90
903919,6.4228,16.6,9.91
904641,4.8453,16.6,9.89
905363,4.1917,16.6,9.88
906085,5.3861,16.6,9.89
906807,5.2960,16.6,9.89
907529,5.4988,16.6,9.88
908251,4.3044,16.6,9.88
908973,5.2058,16.6,9.89
909695,4.9805,16.6,9.87
910417,4.9579,16.6,9.86
911139,4.9805,16.6,9.85
911861,5.3861,16.6,9.85
912583,5.2960,16.6,9.84
913305,5.7016,16.6,9.83
914027,5.2058,16.6,9.82
914749,5.2058,16.6,9.82
915471,5.9721,16.6,9.82
916193,5.7016,16.6,9.84
916915,4.5974,16.6,9.84
917637,4.4621,16.6,9.84
918359,5.1608,16.6,9.86
919081,4.7551,16.6,9.83
919803,4.9129,16.6,9.80
920525,4.1917,16.6,9.82
921247,5.2509,16.6,9.80
921969,4.9354,16.6,9.78
922691,4.3269,16.6,9.76
923413,4.0790,16.6,9.74
924135,4.5523,16.6,9.76
924857,5.3636,16.6,9.77
925579,5.4537,16.6,9.78
926301,5.3185,16.6,9.78
927023,5.3185,16.6,9.77
927745,4.3044,16.6,9.79
928467,4.4171,16.6,9.78
929189,5.2509,16.6,9.76
929911,4.3044,16.6,9.75
930633,4.9805,16.6,9.74
931355,4.9805,16.6,9.75
932077,3.2903,16.6,9.74
932799,4.1466,16.6,9.75
933521,5.0931,16.6,9.73
934243,3.8537,16.6,9.76
934965,3.6508,16.6,9.75
935687,3.8086,16.6,9.75
936409,3.4706,16.6,9.74
937131,4.2593,16.6,9.74
937853,3.5607,16.6,9.71
938575,3.1100,16.6,9.69
939297,4.3720,16.6,9.71
940019,3.7410,16.6,9.69
940741,3.4931,16.6,9.67
941463,3.4931,16.6,9.66
# [n=1300] mean=4.1051 m  sigma=1.5806 m  die=16.6 C  CalVal=19
942185,3.6283,16.6,9.65
942907,4.1692,16.6,9.63
943629,3.5382,16.6,9.62
944351,2.6593,16.6,9.61
945073,3.5156,16.6,9.58
945795,4.4396,16.6,9.56
946517,3.6734,16.6,9.57
947239,3.4255,16.6,9.58
947961,3.4255,16.6,9.58
948683,3.6283,16.6,9.60
949405,3.5156,16.6,9.59
950127,3.8311,16.6,9.58
950849,3.9889,16.6,9.59
951571,3.7861,16.6,9.59
952293,3.3353,16.6,9.56
953015,4.3269,16.6,9.54
953737,3.8086,16.6,9.54
954459,4.2593,16.6,9.53
955181,3.3579,16.6,9.53
955903,3.2227,16.6,9.53
956625,4.6199,16.6,9.51
957347,3.9889,16.6,9.51
958069,3.2677,16.6,9.50
958791,3.5607,16.6,9.53
959513,3.8311,16.6,9.55
960235,3.6283,16.6,9.52
960957,3.6283,16.6,9.51
961679,4.1016,16.6,9.52
962401,4.1016,16.6,9.51
963123,3.8762,16.6,9.52
963845,3.7184,16.6,9.52
964567,-21.9952,16.6,9.52
965289,3.6058,16.6,9.51
966011,4.0790,16.6,9.50
966733,4.7100,16.6,9.49
967455,4.5297,16.6,9.49
968177,3.6959,16.6,9.49
968899,5.1157,16.6,9.49
969621,3.9889,16.6,9.49
970343,4.0340,16.6,9.48
971065,3.9889,16.6,9.45
971787,4.1466,16.6,9.44
972509,4.3044,16.6,9.44
973231,4.6199,16.6,9.43
973953,3.2227,16.6,9.44
974675,4.1016,16.6,9.43
975397,4.3044,16.6,9.43
976119,4.1692,16.6,9.44
976841,3.6959,16.6,9.41
977563,3.6959,16.6,9.39
978285,3.7410,16.6,9.39
979007,4.7326,16.6,9.39
979729,4.3495,16.6,9.39
980451,4.8903,16.6,9.38
981173,5.4312,15.6,9.36
981895,4.0790,16.6,9.35
982617,4.6650,16.6,9.37
983339,4.3044,16.6,9.35
984061,4.3720,16.6,9.36
984783,4.0565,16.6,9.38
985505,5.0481,16.6,9.36
986227,5.3861,16.6,9.36
986949,5.2509,16.6,9.37
987671,4.2368,16.6,9.35
988393,4.0340,16.6,9.35
989115,4.4171,16.6,9.34
989837,3.4480,16.6,9.35
990559,5.1157,16.6,9.35
991281,5.3185,16.6,9.35
992003,4.3945,16.6,9.36
992725,4.2142,16.6,9.35
993447,5.2509,16.6,9.33
994169,5.2509,16.6,9.32
994891,3.5382,15.6,9.31
995613,5.1608,15.6,9.32
996335,4.2819,15.6,9.31
997057,3.6734,15.6,9.34
997779,4.2593,16.6,9.34
998501,3.2677,16.6,9.36
999223,4.5297,16.6,9.34
999945,3.8762,16.6,9.34
1000667,3.4706,16.6,9.32
1001389,4.7326,16.6,9.30
1002111,5.3636,16.6,9.30
1002833,4.5974,16.6,9.29
1003555,4.2593,16.6,9.28
1004277,4.2819,16.6,9.29
1004999,4.8903,16.6,9.29
1005721,4.0114,16.6,9.28
1006443,4.3269,16.6,9.26
1007165,4.3269,16.6,9.26
1007887,4.6199,16.6,9.29
1008609,4.7326,16.6,9.29
1009331,4.7100,16.6,9.30
1010053,3.9663,16.6,9.29
1010775,3.9663,16.6,9.28
1011497,3.3579,16.6,9.27
1012219,3.7861,16.6,9.29
1012941,4.8678,16.6,9.30
1013663,5.0481,16.6,9.31
# [n=1400] mean=4.0902 m  sigma=1.6826 m  die=16.6 C  CalVal=19
1014385,5.3636,16.6,9.31
1015107,4.1241,16.6,9.31
1015829,5.2734,16.6,9.31
1016551,3.6734,15.6,9.31
1017273,4.4847,15.6,9.28
1017995,4.9805,15.6,9.28
1018717,4.4847,16.6,9.27
1019439,4.0565,16.6,9.27
1020161,4.4396,16.6,9.25
1020883,3.8086,16.6,9.28
1021605,4.2368,16.6,9.27
1022327,3.5607,16.6,9.24
1023049,3.5156,16.6,9.23
1023771,3.5156,16.6,9.21
1024493,4.7551,16.6,9.20
1025215,4.3720,16.6,9.19
1025937,4.8453,16.6,9.21
1026659,4.4171,16.6,9.20
1027381,4.7776,16.6,9.17
1028103,3.1325,16.6,9.17
1028825,3.0424,15.6,9.19
1029547,4.2368,15.6,9.16
1030269,3.4480,16.6,9.15
1030991,4.5297,16.6,9.16
1031713,4.1241,16.6,9.13
1032435,2.7043,15.6,9.13
1033157,5.2734,15.6,9.15
1033879,5.0030,15.6,9.15
1034601,5.2058,16.6,9.12
1035323,4.3044,16.6,9.11
1036045,4.6875,16.6,9.12
1036767,4.6199,16.6,9.11
1037489,4.1692,16.6,9.11
1038211,4.4847,16.6,9.10
1038933,3.8987,16.6,9.09
1039655,4.0340,16.6,9.06
1040377,4.0340,16.6,9.05
1041099,4.0790,15.6,9.06
1041821,3.5156,16.6,9.06
1042543,3.9438,16.6,9.04
1043265,3.3353,16.6,9.03
1043987,3.0649,16.6,9.03
1044709,4.1466,15.6,9.04
1045431,4.3945,16.6,9.03
1046153,4.9354,16.6,9.02
1046875,4.3495,16.6,9.00
1047597,3.8537,15.6,8.99
1048319,4.0790,15.6,9.00
1049041,4.0790,15.6,9.02
1049763,3.8537,16.6,8.99
1050485,4.3720,16.6,8.98
1051207,3.4480,16.6,8.97
1051929,3.8987,16.6,8.96
1052651,4.8453,15.6,8.95
1053373,5.0255,15.6,8.95
1054095,3.8086,15.6,8.97
1054817,4.7551,15.6,8.97
1055539,5.0481,15.6,9.00
1056261,4.8002,15.6,9.00
1056983,4.8002,16.6,8.98
1057705,4.9129,15.6,8.97
1058427,4.8227,16.6,8.95
1059149,3.0198,16.6,8.94
1059871,4.1016,16.6,8.94
1060593,3.9438,16.6,8.94
1061315,3.1100,15.6,8.93
1062037,4.2593,15.6,8.93
1062759,4.6650,16.6,8.90
1063481,4.9129,16.6,8.90
1064203,4.3945,16.6,8.87
1064925,5.2960,16.6,8.87
1065647,4.1241,16.6,8.87
1066369,4.4847,16.6,8.87
1067091,3.9663,15.6,8.90
1067813,4.8903,15.6,8.89
1068535,4.5297,15.6,8.91
1069257,3.7410,15.6,8.92
1069979,3.7410,15.6,8.93
1070701,2.6818,15.6,8.90
1071423,3.8311,16.6,8.89
1072145,4.4621,16.6,8.88
1072867,3.6734,16.6,8.88
1073589,-12.1019,16.6,8.89
1074311,4.7776,15.6,8.89
1075033,4.8903,15.6,8.86
1075755,4.7551,15.6,8.85
1076477,3.8537,15.6,8.85
1077199,4.8002,15.6,8.85
1077921,5.2284,15.6,8.84
1078643,4.8227,15.6,8.82
1079365,4.8903,15.6,8.83
1080087,4.0114,15.6,8.83
1080809,3.8762,15.6,8.80
1081531,4.5974,15.6,8.82
1082253,4.0565,15.6,8.82
1082975,5.0255,16.6,8.81
1083697,4.9805,16.6,8.79
1084419,4.6424,16.6,8.77
1085141,4.7100,16.6,8.77
1085863,3.8762,16.6,8.78
# [n=1500] mean=4.0918 m  sigma=1.6864 m  die=16.6 C  CalVal=19
1086585,3.8762,16.6,8.76
1087307,3.9663,15.6,8.74
1088029,4.6875,16.6,8.74
1088751,3.2001,16.6,8.74
1089473,3.9438,15.6,8.74
1090195,4.8678,15.6,8.73
1090917,4.3720,15.6,8.76
1091639,4.9805,15.6,8.79
1092361,4.8227,16.6,8.78
1093083,4.5523,15.6,8.79
1093805,5.0030,15.6,8.80
1094527,4.6875,15.6,8.81
1095249,4.6424,15.6,8.78
1095971,4.9129,15.6,8.77
1096693,5.0481,15.6,8.77
1097415,3.7410,15.6,8.78
1098137,4.5072,15.6,8.77
1098859,4.5523,15.6,8.73
1099581,3.4931,15.6,8.71
1100303,4.7776,16.6,8.70
1101025,4.4396,15.6,8.70
1101747,4.7100,15.6,8.69
1102469,4.2142,15.6,8.68
1103191,4.2142,15.6,8.68
1103913,4.2819,16.6,8.69
1104635,5.0030,16.6,8.69
1105357,3.2227,16.6,8.67
1106079,4.7776,16.6,8.66
1106801,3.5156,16.6,8.66
1107523,4.1241,16.6,8.67
1108245,4.7551,15.6,8.66
1108967,3.1100,15.6,8.68
1109689,3.6283,16.6,8.66
1110411,4.5974,16.6,8.67
1111133,3.1100,15.6,8.66
1111855,4.9354,16.6,8.65
1112577,3.4706,16.6,8.67
1113299,3.4931,16.6,8.66
1114021,3.6508,15.6,8.64
1114743,3.2903,15.6,8.63
1115465,4.1692,15.6,8.64
1116187,4.1692,15.6,8.65
1116909,3.4931,15.6,8.64
1117631,4.0565,15.6,8.62
1118353,3.0874,15.6,8.61
1119075,4.6199,15.6,8.60
1119797,4.6199,15.6,8.62
1120519,3.0649,15.6,8.58
1121241,3.1776,16.6,8.57
1121963,3.1776,16.6,8.58
1122685,3.8086,16.6,8.58
1123407,4.9354,16.6,8.57
1124129,3.3804,15.6,8.57
1124851,4.5974,15.6,8.59
1125573,3.6283,15.6,8.57
1126295,3.3579,15.6,8.56
1127017,3.7184,15.6,8.56
1127739,3.8311,15.6,8.57
1128461,2.8170,15.6,8.58
1129183,3.1100,15.6,8.59
1129905,4.5523,15.6,8.61
1130627,3.8086,15.6,8.60
1131349,3.8987,15.6,8.60
1132071,3.7410,15.6,8.63
1132793,3.7410,15.6,8.62
1133515,4.9129,15.6,8.59
1134237,3.1100,15.6,8.58
1134959,4.0340,16.6,8.56
1135681,4.5297,16.6,8.55
1136403,3.1550,15.6,8.55
1137125,2.8170,15.6,8.52
1137847,3.9438,15.6,8.53
1138569,2.9297,15.6,8.51
1139291,3.8987,15.6,8.51
1140013,4.1241,15.6,8.50
1140735,4.6650,15.6,8.50
1141457,3.6508,15.6,8.50
1142179,4.9129,15.6,8.50
1142901,3.1325,15.6,8.49
1143623,3.6959,15.6,8.49
1144345,2.6142,16.6,8.49
1145067,3.8537,16.6,8.50
1145789,3.8762,16.6,8.51
1146511,4.6650,15.6,8.50
1147233,3.3128,16.6,8.49
1147955,4.7100,15.6,8.50
1148677,3.8311,15.6,8.49
1149399,3.8311,15.6,8.48
1150121,3.6959,16.6,8.47
1150843,3.5832,15.6,8.46
1151565,3.0198,15.6,8.47
1152287,3.8537,16.6,8.48
1153009,4.5072,15.6,8.48
1153731,4.8453,16.6,8.45
1154453,2.8621,15.6,8.44
1155175,3.5156,15.6,8.47
1155897,4.3720,15.6,8.48
1156619,4.4847,15.6,8.46
1157341,4.1016,15.6,8.45
1158063,4.5748,15.6,8.44
# [n=1600] mean=4.0856 m  sigma=1.6410 m  die=15.6 C  CalVal=19
1158785,2.9973,15.6,8.44
1159507,3.3128,15.6,8.43
1160229,4.7326,15.6,8.42
1160951,3.5832,15.6,8.41
1161673,4.0340,15.6,8.41
1162395,3.4480,15.6,8.42
1163117,3.7635,16.6,8.40
1163839,3.3579,15.6,8.38
1164561,3.9438,15.6,8.38
1165283,3.1776,15.6,8.37
1166005,3.1776,15.6,8.35
1166727,3.8311,15.6,8.33
1167449,2.4339,15.6,8.33
1168171,3.3353,15.6,8.33
1168893,4.0790,16.6,8.33
1169615,4.8002,15.6,8.32
1170337,3.0874,15.6,8.31
1171059,4.0565,15.6,8.29
1171781,4.0790,15.6,8.28
1172503,4.4847,15.6,8.27
1173225,2.6593,15.6,8.26
1173947,3.2452,15.6,8.25
1174669,3.6959,15.6,8.25
1175391,3.4029,15.6,8.24
1176113,2.9748,16.6,8.24
1176835,4.1917,16.6,8.24
1177557,3.4480,15.6,8.26
1178279,4.2819,15.6,8.26
1179001,4.2819,16.6,8.26
1179723,2.9748,16.6,8.26
1180445,3.4480,16.6,8.26
1181167,3.1325,16.6,8.24
1181889,3.8987,16.6,8.23
1182611,-8.1581,16.6,8.21
1183333,3.0874,15.6,8.23
1184055,3.4255,15.6,8.24
1184777,3.1776,15.6,8.22
1185499,3.9663,15.6,8.23
1186221,3.2001,15.6,8.23
1186943,4.1241,15.6,8.20
1187665,3.3353,15.6,8.19
1188387,4.0565,15.6,8.18
1189109,4.0114,15.6,8.18
1189831,3.0198,15.6,8.18
1190553,3.4255,15.6,8.20
1191275,2.9522,15.6,8.21
1191997,3.4931,15.6,8.22
1192719,3.3804,15.6,8.23
1193441,3.5156,15.6,8.22
1194163,3.5156,15.6,8.21
1194885,3.8311,15.6,8.20
1195607,3.8311,15.6,8.21
1196329,4.6650,15.6,8.20
1197051,3.5832,15.6,8.18
1197773,4.1466,16.6,8.18
1198495,3.9663,15.6,8.17
1199217,3.8762,15.6,8.18
1199939,4.1241,15.6,8.16
1200661,4.1692,15.6,8.14
1201383,3.0424,15.6,8.12
1202105,3.0198,15.6,8.11
1202827,3.3128,15.6,8.11
1203549,3.6734,15.6,8.12
1204271,3.6734,15.6,8.12
1204993,3.4255,15.6,8.13
1205715,3.9213,15.6,8.13
1206437,2.7719,15.6,8.12
1207159,3.1325,15.6,8.11
1207881,3.6058,15.6,8.10
1208603,4.1016,15.6,8.09
1209325,4.0565,15.6,8.08
1210047,3.7410,15.6,8.07
1210769,2.8395,15.6,8.06
1211491,3.7861,15.6,8.05
1212213,3.7861,15.6,8.05
1212935,4.4847,16.6,8.05
1213657,4.1016,15.6,8.05
1214379,3.5156,15.6,8.03
1215101,2.6593,15.6,8.04
1215823,2.6818,15.6,8.05
1216545,3.2001,16.6,8.04
1217267,3.5156,16.6,8.06
1217989,2.6818,15.6,8.07
1218711,3.1776,15.6,8.06
1219433,2.7269,15.6,8.06
1220155,3.3804,15.6,8.07
1220877,2.6818,15.6,8.05
1221599,2.6142,15.6,8.03
1222321,4.3495,16.6,8.04
1223043,3.5382,15.6,8.02
1223765,3.2903,15.6,8.02
1224487,3.6508,15.6,8.01
1225209,3.6508,15.6,8.01
1225931,3.4480,15.6,8.00
1226653,4.6199,15.6,7.99
1227375,4.1241,15.6,7.98
1228097,4.2819,15.6,7.96
1228819,4.2819,15.6,7.96
1229541,3.4931,14.6,7.95
1230263,4.1466,15.6,7.93
# [n=1700] mean=4.0496 m  sigma=1.6285 m  die=15.6 C  CalVal=19
1230985,3.5832,15.6,7.92
1231707,3.2227,15.6,7.91
1232429,3.2452,15.6,7.92
1233151,4.4171,15.6,7.90
1233873,3.0424,15.6,7.90
1234595,3.8086,15.6,7.92
1235317,3.5832,15.6,7.92
1236039,3.5832,15.6,7.92
1236761,3.4029,15.6,7.91
1237483,3.5832,16.6,7.91
1238205,4.2593,16.6,7.91
1238927,3.5156,15.6,7.92
1239649,3.7635,15.6,7.92
1240371,3.7184,15.6,7.91
1241093,3.4029,16.6,7.93
1241815,3.4029,16.6,7.91
1242537,2.4339,16.6,7.93
1243259,3.5832,16.6,7.92
1243981,3.3353,15.6,7.92
1244703,3.6734,15.6,7.91
1245425,1.9381,15.6,7.91
1246147,2.7494,15.6,7.93
1246869,3.9889,15.6,7.93
1247591,4.2593,15.6,7.92
1248313,3.7184,15.6,7.92
1249035,2.9072,15.6,7.92
1249757,3.5832,15.6,7.92
1250479,4.0114,15.6,7.90
1251201,3.9663,15.6,7.90
1251923,2.9522,16.6,7.93
1252645,3.3579,15.6,7.95
1253367,4.7551,15.6,7.93
1254089,4.1692,15.6,7.90
1254811,3.9213,15.6,7.91
1255533,3.2001,15.6,7.91
1256255,2.4564,15.6,7.91
1256977,3.8537,15.6,7.92
1257699,3.4706,15.6,7.93
1258421,3.4706,15.6,7.93
1259143,3.3128,15.6,7.92
1259865,3.1776,15.6,7.91
1260587,2.3888,15.6,7.90
1261309,3.0198,15.6,7.91
1262031,2.6818,15.6,7.91
1262753,2.5466,15.6,7.91
1263475,3.8311,15.6,7.89
1264197,3.1325,15.6,7.87
1264919,4.5523,15.6,7.86
1265641,2.6142,15.6,7.88
1266363,3.0649,15.6,7.87
1267085,4.0114,15.6,7.87
1267807,3.8086,15.6,7.87
1268529,2.8395,14.6,7.88
1269251,3.4029,15.6,7.87
1269973,3.1325,15.6,7.88
1270695,3.5156,15.6,7.87
1271417,3.9663,15.6,7.88
1272139,4.2819,15.6,7.86
1272861,3.8762,15.6,7.88
1273583,2.3888,15.6,7.89
1274305,3.6959,15.6,7.88
1275027,3.6959,15.6,7.88
1275749,3.6734,15.6,7.88
1276471,4.1917,15.6,7.85
1277193,2.9748,15.6,7.84
1277915,3.3804,16.6,7.83
1278637,3.6734,15.6,7.82
1279359,3.0649,15.6,7.81
1280081,2.9748,16.6,7.80
1280803,3.8311,15.6,7.81
1281525,4.2819,15.6,7.80
1282247,3.6734,15.6,7.82
1282969,4.5072,16.6,7.81
1283691,3.7410,15.6,7.81
1284413,3.5156,15.6,7.80
1285135,3.1550,15.6,7.78
1285857,4.1692,15.6,7.77
1286579,3.7861,15.6,7.79
1287301,4.0790,15.6,7.78
1288023,4.0790,15.6,7.77
1288745,3.8762,15.6,7.75
1289467,3.6959,15.6,7.75
1290189,2.5240,15.6,7.77
1290911,3.3128,14.6,7.77
1291633,1.6451,14.6,7.76
1292355,3.9213,14.6,7.75
1293077,3.7861,15.6,7.76
1293799,3.0424,15.6,7.77
1294521,3.0649,15.6,7.78
1295243,3.6734,15.6,7.78
1295965,3.4931,15.6,7.76
1296687,3.5607,15.6,7.75
1297409,2.5691,15.6,7.75
1298131,3.2452,15.6,7.74
1298853,3.2903,15.6,7.73
1299575,4.3269,15.6,7.73
1300297,3.5832,15.6,7.74
1301019,2.9297,15.6,7.75
1301741,3.5382,15.6,7.74
1302463,3.5607,15.6,7.74
# [n=1800] mean=4.0177 m  sigma=1.5937 m  die=15.6 C  CalVal=18
1303185,2.3663,15.6,7.73
1303907,3.6058,15.6,7.74
1304629,3.6058,14.6,7.76
1305351,3.4480,14.6,7.74
1306073,3.1776,15.6,7.74
1306795,3.3128,15.6,7.72
1307517,3.1325,15.6,7.73
1308239,4.6875,15.6,7.75
1308961,2.8846,15.6,7.75
1309683,4.4621,15.6,7.76
1310405,3.5832,15.6,7.76
1311127,4.3269,15.6,7.74
1311849,3.4029,15.6,7.74
1312571,3.1776,15.6,7.75
1313293,3.5156,15.6,7.75
1314015,3.4706,15.6,7.75
1314737,3.4480,15.6,7.74
1315459,2.9297,15.6,7.75
1316181,3.2677,16.6,7.74
1316903,3.8537,15.6,7.74
1317625,3.4706,15.6,7.73
1318347,3.8086,15.6,7.73
1319069,4.1917,15.6,7.74
1319791,3.4706,15.6,7.71
1320513,3.6508,15.6,7.71
1321235,3.6508,15.6,7.69
1321957,2.6142,15.6,7.70
1322679,3.4706,15.6,7.70
1323401,3.5156,15.6,7.70
1324123,3.4029,15.6,7.73
1324845,3.5382,15.6,7.74
1325567,4.0340,15.6,7.74
1326289,2.9072,15.6,7.74
1327011,4.1466,15.6,7.73
1327733,3.9889,15.6,7.71
1328455,2.9748,14.6,7.70
1329177,3.1776,14.6,7.71
1329899,3.7184,15.6,7.70
1330621,2.4564,15.6,7.71
1331343,3.9438,15.6,7.71
1332065,3.2227,15.6,7.69
1332787,4.3269,15.6,7.68
1333509,3.8311,15.6,7.68
1334231,4.5523,15.6,7.66
1334953,3.5607,15.6,7.64
1335675,3.0198,15.6,7.66
1336397,4.4847,15.6,7.66
1337119,3.7184,15.6,7.64
1337841,3.7184,14.6,7.62
1338563,3.9438,15.6,7.62
1339285,3.1776,14.6,7.62
1340007,4.4396,14.6,7.64
1340729,2.9297,14.6,7.67
1341451,2.5466,14.6,7.68
1342173,3.3353,14.6,7.71
1342895,2.6593,15.6,7.74
1343617,4.1241,14.6,7.74
1344339,4.1466,14.6,7.75
1345061,4.2368,14.6,7.78
1345783,3.8086,14.6,7.89
1346505,3.1325,14.6,8.04
1347227,3.0874,15.6,8.16
1347949,3.5156,15.6,8.40
1348671,4.3720,15.6,8.73
1349393,2.8170,15.6,9.21
1350115,3.4706,15.6,9.37
1350837,3.4706,16.6,9.54
1351559,3.4931,16.6,9.53
1352281,3.7635,16.6,9.58
1353003,3.5382,16.6,9.68
1353725,2.8621,16.6,9.85
1354447,0.9465,16.6,10.00
1355169,2.2987,16.6,10.18
1355891,3.5607,16.6,10.36
1356613,2.7719,16.6,10.44
1357335,3.7861,16.6,10.50
1358057,3.2452,16.6,10.58
1358779,2.7494,16.6,10.64
1359501,3.3353,16.6,10.73
1360223,3.1776,16.6,10.80
1360945,2.5015,16.6,10.87
1361667,1.9381,16.6,10.94
1362389,3.2227,16.6,11.04
1363111,2.4339,16.6,11.10
1363833,3.1550,18.6,11.19
1364555,4.1466,17.6,11.26
1365277,3.6058,17.6,11.36
1365999,3.3353,17.6,11.46
1366721,2.9748,17.6,11.70
1367443,2.9748,17.6,11.87
1368165,3.4255,18.6,12.01
1368887,3.8987,18.6,12.28
1369609,3.4931,18.6,12.39
1370331,3.1325,17.6,12.53
1371053,2.9748,18.6,12.63
1371775,3.4706,18.6,12.74
1372497,4.0790,19.6,12.84
1373219,2.2761,18.6,12.96
1373941,3.0874,18.6,13.06
1374663,1.8254,18.6,13.18
# [n=1900] mean=3.9846 m  sigma=1.5641 m  die=18.6 C  CalVal=18
1375385,2.4790,18.6,13.27
1376107,3.0874,18.6,13.39
1376829,3.3128,18.6,13.49
1377551,3.6283,18.6,13.59
1378273,4.4847,18.6,13.66
1378995,3.0424,18.6,13.74
1379717,3.8311,18.6,13.82
1380439,3.8987,19.6,13.91
1381161,2.8170,19.6,13.99
1381883,3.0874,19.6,14.06
1382605,2.2311,20.6,14.15
1383327,2.7494,19.6,14.21
1384049,2.7494,19.6,14.28
1384771,2.5466,19.6,14.34
1385493,2.9748,19.6,14.42
1386215,2.9297,19.6,14.48
1386937,2.4339,19.6,14.55
1387659,3.3353,19.6,14.60
1388381,2.7494,20.6,14.66
1389103,2.5015,20.6,14.73
1389825,4.0114,20.6,14.79
1390547,3.4255,20.6,14.85
1391269,2.4790,20.6,14.91
1391991,3.0198,19.6,14.97
1392713,2.5015,20.6,15.03
1393435,2.5691,20.6,15.09
1394157,2.0282,20.6,15.14
1394879,1.8930,20.6,15.19
1395601,2.4564,20.6,15.25
1396323,4.0114,20.6,15.31
1397045,4.0114,20.6,15.36
1397767,3.9213,20.6,15.42
1398489,3.9213,20.6,15.48
1399211,4.2368,20.6,15.54
1399933,5.0255,20.6,15.59
1400655,5.0255,20.6,15.64
1401377,3.8311,20.6,15.70
1402099,3.8762,20.6,15.75
1402821,3.7410,20.6,15.80
1403543,3.3128,20.6,15.86
1404265,4.8678,20.6,15.90
1404987,3.8311,20.6,15.95
1405709,4.9579,20.6,15.99
1406431,3.2001,20.6,16.05
1407153,4.3945,20.6,16.10
1407875,3.6283,20.6,16.14
1408597,4.2142,20.6,16.19
1409319,3.9663,20.6,16.23
1410041,3.6734,20.6,16.28
1410763,3.8311,21.6,16.33
1411485,2.4114,21.6,16.38
1412207,3.4706,21.6,16.42
1412929,3.6283,21.6,16.47
1413651,3.6283,21.6,16.51
1414373,2.4339,21.6,16.57
1415095,3.7635,21.6,16.60
1415817,2.9973,21.6,16.64
1416539,3.0874,21.6,16.69
1417261,3.6508,21.6,16.73
1417983,3.3804,21.6,16.77
1418705,3.0424,21.6,16.80
1419427,2.6593,21.6,16.85
1420149,3.5832,22.6,16.88
1420871,3.0649,21.6,16.92
1421593,3.3579,22.6,16.95
1422315,4.2142,22.6,17.00
1423037,3.3579,22.6,17.03
1423759,2.5691,22.6,17.07
1424481,4.3945,22.6,17.10
1425203,3.9438,22.6,17.14
1425925,4.0114,21.6,17.17
1426647,3.6058,21.6,17.20
1427369,4.3945,22.6,17.23
1428091,2.2311,23.6,17.26
1428813,3.1100,22.6,17.29
1429535,3.0198,22.6,17.33
1430257,3.0198,22.6,17.36
1430979,4.1016,22.6,17.39
1431701,4.2142,22.6,17.42
1432423,2.9072,22.6,17.46
1433145,3.0649,22.6,17.50
1433867,3.2227,22.6,17.52
1434589,3.5156,22.6,17.55
1435311,3.5156,23.6,17.59
1436033,4.1692,23.6,17.63
1436755,3.8086,23.6,17.66
1437477,2.7945,23.6,17.70
1438199,2.8621,23.6,17.73
1438921,3.3579,23.6,17.76
1439643,2.8846,22.6,17.79
1440365,2.5466,23.6,17.82
1441087,2.2311,23.6,17.86
1441809,4.1692,23.6,17.88
1442531,3.2677,23.6,17.91
1443253,3.3804,23.6,17.94
1443975,2.9973,23.6,17.97
1444697,4.3720,23.6,17.99
1445419,2.8395,23.6,18.02
1446141,4.1016,23.6,18.05
1446863,4.1016,23.6,18.07
# [n=2000] mean=3.9550 m  sigma=1.5380 m  die=23.6 C  CalVal=18
1447585,3.4255,23.6,18.10
1448307,3.6058,23.6,18.13
1449029,2.7719,23.6,18.16
1449751,4.5072,23.6,18.18
1450473,3.2452,23.6,18.22
1451195,3.0198,23.6,18.24
1451917,5.0481,23.6,18.27
1452639,2.9973,23.6,18.30
1453361,2.4339,23.6,18.34
1454083,2.8395,23.6,18.37
1454805,3.1550,23.6,18.40
1455527,2.2761,23.6,18.42
1456249,2.8170,23.6,18.46
1456971,3.1776,23.6,18.48
1457693,3.5607,23.6,18.51
1458415,3.4480,23.6,18.55
1459137,3.1776,23.6,18.58
1459859,3.1776,23.6,18.62
1460581,2.7945,23.6,18.64
1461303,3.4706,24.6,18.67
1462025,2.9297,23.6,18.69
1462747,2.6142,24.6,18.72
1463469,1.7803,24.6,18.75
1464191,3.0874,24.6,18.78
1464913,4.0114,24.6,18.80
1465635,2.9297,23.6,18.83
1466357,3.2227,23.6,18.86
1467079,3.8537,24.6,18.88
1467801,4.1692,24.6,18.92
1468523,4.1241,24.6,18.94
1469245,3.4255,24.6,18.97
1469967,2.8621,24.6,19.00
1470689,2.9522,24.6,19.03
1471411,2.4114,24.6,19.05
1472133,3.4255,25.6,19.09
1472855,3.0874,25.6,19.12
1473577,3.0649,24.6,19.14
1474299,3.9438,24.6,19.17
1475021,2.9522,24.6,19.20
1475743,3.0649,24.6,19.22
1476465,3.0649,25.6,19.25
1477187,3.5607,24.6,19.27
1477909,3.5382,24.6,19.30
1478631,3.6508,24.6,19.33
1479353,2.4339,24.6,19.35
1480075,3.5832,24.6,19.39
1480797,2.3888,24.6,19.42
1481519,3.5382,24.6,19.45
1482241,3.2227,24.6,19.48
1482963,2.2311,25.6,19.50
1483685,2.7719,25.6,19.53
1484407,2.5691,25.6,19.56
1485129,3.0649,25.6,19.59
1485851,3.8987,25.6,19.61
1486573,3.6508,25.6,19.64
1487295,2.1409,26.6,19.66
1488017,3.6734,26.6,19.69
1488739,3.1100,26.6,19.72
1489461,3.1550,25.6,19.75
1490183,3.3579,25.6,19.77
1490905,3.2903,25.6,19.80
1491627,2.5691,25.6,19.83
1492349,3.6959,25.6,19.85
1493071,3.6959,26.6,19.87
1493793,3.8311,25.6,19.90
1494515,3.4480,26.6,19.93
1495237,3.4480,25.6,19.95
1495959,3.6508,26.6,19.98
1496681,3.6734,26.6,20.00
1497403,3.1325,26.6,20.03
1498125,3.1325,26.6,20.05
1498847,3.1325,25.6,20.08
1499569,2.2085,25.6,20.10
1500291,3.9438,25.6,20.13
1501013,2.9973,26.6,20.15
1501735,3.0874,26.6,20.17
1502457,3.9663,25.6,20.20
1503179,3.1100,26.6,20.22
1503901,4.0340,26.6,20.25
1504623,2.8846,26.6,20.28
1505345,3.1100,26.6,20.30
1506067,3.1100,26.6,20.32
1506789,2.9522,25.6,20.35
1507511,2.9072,25.6,20.37
1508233,3.5607,25.6,20.39
1508955,2.9748,26.6,20.41
1509677,2.9748,26.6,20.43
1510399,3.7184,26.6,20.46
1511121,2.7494,26.6,20.49
1511843,2.2987,27.6,20.51
1512565,2.5916,26.6,20.54
1513287,2.4339,26.6,20.56
1514009,2.4114,27.6,20.58
1514731,3.0424,27.6,20.61
1515453,2.0733,26.6,20.63
1516175,2.2987,27.6,20.66
1516897,3.0874,26.6,20.68
1517619,3.0424,26.6,20.71
1518341,2.0057,26.6,20.74
1519063,3.5382,26.6,20.77
# [n=2100] mean=3.9168 m  sigma=1.5156 m  die=26.6 C  CalVal=18
1519785,2.7494,27.6,20.79
1520507,2.3437,27.6,20.81
1521229,3.6959,27.6,20.83
1521951,3.7410,27.6,20.85
1522673,3.7410,26.6,20.87
1523395,3.8987,26.6,20.89
1524117,3.0198,27.6,20.91
1524839,2.5240,27.6,20.93
1525561,2.7945,26.6,20.95
1526283,2.8846,26.6,20.97
1527005,2.9748,27.6,21.00
1527727,2.5015,27.6,21.02
1528449,3.7410,27.6,21.04
1529171,3.0649,27.6,21.06
1529893,3.1325,27.6,21.08
1530615,2.7494,27.6,21.11
1531337,2.5691,26.6,21.13
1532059,3.0874,26.6,21.15
1532781,1.9381,27.6,21.17
1533503,3.3353,27.6,21.20
1534225,2.1409,27.6,21.21
1534947,2.7269,27.6,21.23
1535669,2.2761,26.6,21.25
1536391,2.7043,27.6,21.27
1537113,2.9072,26.6,21.28
1537835,2.1184,27.6,21.31
1538557,2.7269,27.6,21.34
1539279,2.7269,27.6,21.35
1540001,2.7494,27.6,21.38
1540723,2.2085,27.6,21.40
1541445,2.1409,27.6,21.42
1542167,2.5466,27.6,21.44
1542889,2.0057,28.6,21.45
1543611,3.2677,27.6,21.46
1544333,2.9072,27.6,21.48
1545055,2.6818,27.6,21.50
1545777,3.1550,27.6,21.52
1546499,2.4339,27.6,21.54
1547221,1.8480,27.6,21.55
1547943,2.5466,27.6,21.58
1548665,1.9832,27.6,21.59
1549387,2.3212,27.6,21.61
1550109,1.7353,27.6,21.63
1550831,2.0733,27.6,21.65
1551553,3.6959,27.6,21.67
1552275,2.8846,28.6,21.69
1552997,2.4339,27.6,21.72
1553719,2.4114,28.6,21.73
1554441,2.6593,28.6,21.75
1555163,3.2903,28.6,21.76
1555885,3.2903,27.6,21.77
1556607,1.9606,27.6,21.79
1557329,2.7945,27.6,21.81
1558051,1.9156,28.6,21.83
1558773,1.3972,27.6,21.84
1559495,1.9832,28.6,21.86
1560217,1.9156,28.6,21.88
1560939,2.3437,28.6,21.90
1561661,2.8846,28.6,21.91
1562383,3.5607,27.6,21.93
1563105,2.9973,28.6,21.95
1563827,2.0508,28.6,21.96
1564549,4.0340,28.6,21.97
1565271,4.7326,28.6,21.99
1565993,1.8930,28.6,22.01
1566715,3.7184,28.6,22.02
1567437,2.8395,28.6,22.04
1568159,3.6734,29.6,22.04
1568881,3.6734,28.6,22.06
1569603,3.2001,28.6,22.07
1570325,3.3804,28.6,22.09
1571047,3.9438,28.6,22.10
1571769,2.2085,28.6,22.11
1572491,4.2593,28.6,22.13
1573213,3.4480,28.6,22.15
1573935,3.6959,28.6,22.17
1574657,2.5240,27.6,22.19
1575379,3.4255,27.6,22.20
1576101,4.5748,27.6,22.21
1576823,4.3720,28.6,22.23
1577545,3.9438,28.6,22.24
1578267,3.4255,27.6,22.26
1578989,3.6734,28.6,22.28
1579711,4.4621,28.6,22.29
1580433,2.6818,28.6,22.30
1581155,4.1466,28.6,22.32
1581877,2.0282,29.6,22.33
1582599,3.6959,28.6,22.35
1583321,2.3437,29.6,22.36
1584043,3.0198,29.6,22.38
1584765,2.5466,29.6,22.39
1585487,2.5466,29.6,22.40
1586209,3.7635,28.6,22.41
1586931,3.0424,28.6,22.43
1587653,2.9522,28.6,22.44
1588375,3.0198,28.6,22.45
1589097,2.9748,28.6,22.47
1589819,2.9522,28.6,22.48
1590541,2.1184,28.6,22.50
1591263,2.0057,29.6,22.51
# [n=2200] mean=3.8710 m  sigma=1.5033 m  die=29.6 C  CalVal=18
1591985,2.8170,29.6,22.52
1592707,3.8086,29.6,22.53
1593429,3.5607,29.6,22.54
1594151,3.8311,29.6,22.56
1594873,3.8311,29.6,22.57
1595595,3.1550,29.6,22.58
1596317,3.4480,29.6,22.59
1597039,4.5072,29.6,22.60
1597761,3.0198,29.6,22.62
1598483,2.7269,29.6,22.63
1599205,2.5015,29.6,22.64
1599927,3.3579,29.6,22.65
1600649,3.3128,29.6,22.67
1601371,2.7269,29.6,22.67
1602093,2.7269,28.6,22.68
1602815,3.1776,29.6,22.70
1603537,2.9072,29.6,22.71
1604259,2.7945,29.6,22.72
1604981,3.0874,29.6,22.73
1605703,2.8170,29.6,22.73
1606425,2.4114,29.6,22.74
1607147,2.5015,29.6,22.76
1607869,2.5240,29.6,22.77
1608591,4.0340,29.6,22.78
1609313,1.9156,30.6,22.80
1610035,3.4480,30.6,22.80
1610757,2.3888,29.6,22.82
1611479,3.2677,29.6,22.83
1612201,2.7945,29.6,22.84
1612923,2.6818,29.6,22.85
1613645,3.4706,29.6,22.86
1614367,2.7494,29.6,22.87
1615089,2.7494,29.6,22.88
1615811,2.6367,29.6,22.89
1616533,2.3437,29.6,22.91
1617255,1.9832,29.6,22.91
1617977,3.0649,29.6,22.92
1618699,3.0649,29.6,22.94
1619421,2.6367,29.6,22.95
1620143,3.1100,29.6,22.97
1620865,2.2085,29.6,22.98
1621587,3.3353,29.6,22.99
1622309,3.0874,30.6,23.00
1623031,2.7043,30.6,23.01
1623753,2.4790,30.6,23.02
1624475,4.1917,30.6,23.03
1625197,3.0874,30.6,23.04
1625919,3.2903,30.6,23.05
1626641,3.3353,30.6,23.07
1627363,3.4931,30.6,23.08
1628085,2.9297,30.6,23.10
1628807,2.5691,30.6,23.11
1629529,3.0198,30.6,23.12
1630251,2.5466,30.6,23.13
1630973,4.2142,29.6,23.14
1631695,4.2142,29.6,23.15
1632417,3.5156,30.6,23.16
1633139,3.2677,30.6,23.17
1633861,2.5466,30.6,23.19
1634583,4.0565,30.6,23.19
1635305,2.4790,30.6,23.20
1636027,2.5240,29.6,23.21
1636749,4.6199,30.6,23.22
1637471,2.5916,30.6,23.22
1638193,3.3804,30.6,23.23
1638915,4.1241,29.6,23.23
1639637,3.3128,30.6,23.24
1640359,3.4255,30.6,23.26
1641081,3.2452,30.6,23.26
1641803,3.4029,30.6,23.28
1642525,4.3044,30.6,23.29
1643247,3.4255,30.6,23.30
1643969,2.2311,29.6,23.30
1644691,3.3804,29.6,23.31
1645413,3.7184,30.6,23.32
1646135,4.1917,30.6,23.33
1646857,2.8395,30.6,23.33
1647579,4.4847,30.6,23.34
1648301,4.4847,30.6,23.35
1649023,2.0282,31.6,23.36
1649745,3.5382,31.6,23.36
1650467,3.9663,31.6,23.37
1651189,3.0649,30.6,23.38
1651911,2.4564,30.6,23.39
1652633,3.4029,30.6,23.40
1653355,2.5916,30.6,23.40
1654077,4.1241,30.6,23.41
1654799,3.6058,30.6,23.43
1655521,2.5691,30.6,23.43
1656243,2.8170,31.6,23.44
1656965,3.3579,30.6,23.45
1657687,2.1860,31.6,23.45
1658409,3.3353,31.6,23.46
1659131,4.0114,31.6,23.47
1659853,3.8762,30.6,23.47
1660575,2.6367,30.6,23.48
1661297,3.5156,30.6,23.49
1662019,3.4255,30.6,23.49
1662741,3.3353,30.6,23.50
1663463,2.2987,29.6,23.51
# [n=2300] mean=3.8402 m  sigma=1.4832 m  die=29.6 C  CalVal=17
1664185,2.9522,30.6,23.52
1664907,2.9522,30.6,23.52
1665629,2.9748,30.6,23.53
1666351,3.2001,30.6,23.54
1667073,3.8086,30.6,23.55
1667795,2.2311,30.6,23.55
1668517,2.2987,30.6,23.56
1669239,3.7184,30.6,23.57
1669961,3.5382,31.6,23.57
1670683,2.7494,31.6,23.58
1671405,3.8311,30.6,23.58
1672127,2.9748,31.6,23.59
1672849,3.9213,31.6,23.60
1673571,3.0198,31.6,23.61
1674293,2.4339,31.6,23.61
1675015,3.4029,31.6,23.61
1675737,2.4790,31.6,23.62
1676459,2.7269,31.6,23.63
1677181,3.7410,31.6,23.64
1677903,3.7410,31.6,23.65
1678625,3.8762,31.6,23.65
1679347,2.8621,31.6,23.66
1680069,3.9889,31.6,23.67
1680791,2.3888,31.6,23.67
1681513,-15.9555,30.6,23.68
1682235,1.9832,30.6,23.68
1682957,3.0198,30.6,23.69
1683679,3.6959,30.6,23.70
1684401,3.8086,31.6,23.71
1685123,2.1860,31.6,23.71
1685845,2.3663,31.6,23.72
1686567,4.2819,31.6,23.73
1687289,2.7719,30.6,23.74
1688011,4.2142,31.6,23.75
1688733,2.9748,31.6,23.75
1689455,3.5382,31.6,23.76
1690177,3.2227,31.6,23.77
1690899,3.3579,31.6,23.78
1691621,3.9213,31.6,23.78
1692343,3.3353,31.6,23.79
1693065,3.8987,31.6,23.79
1693787,3.3804,31.6,23.80
1694509,3.3804,31.6,23.80
1695231,4.3720,31.6,23.81
1695953,3.1325,31.6,23.81
1696675,3.8762,31.6,23.82
1697397,2.8395,31.6,23.83
1698119,3.4931,31.6,23.83
1698841,3.7635,31.6,23.84
1699563,4.0790,31.6,23.84
1700285,3.7410,31.6,23.85
1701007,3.4480,31.6,23.86
1701729,2.0733,31.6,23.86
1702451,3.1325,31.6,23.86
1703173,2.2085,31.6,23.87
1703895,4.5297,31.6,23.87
1704617,2.9973,31.6,23.88
1705339,3.6283,31.6,23.88
1706061,3.4931,31.6,23.89
1706783,2.3663,31.6,23.89
1707505,3.3128,31.6,23.90
1708227,2.4564,31.6,23.90
1708949,3.4706,31.6,23.91
1709671,4.0565,31.6,23.91
1710393,3.5156,31.6,23.92
1711115,3.5156,31.6,23.92
1711837,2.7494,31.6,23.93
1712559,3.4931,31.6,23.94
1713281,3.2227,31.6,23.94
1714003,3.1325,31.6,23.94
1714725,3.4480,32.6,23.95
1715447,3.5156,32.6,23.95
1716169,3.0874,32.6,23.96
1716891,4.0114,31.6,23.96
1717613,3.6734,32.6,23.96
1718335,4.0565,32.6,23.97
1719057,3.5832,32.6,23.98
1719779,3.1100,31.6,23.98
1720501,4.3269,31.6,23.99
1721223,2.7945,32.6,23.99
1721945,2.3663,31.6,23.99
1722667,3.3128,31.6,24.00
1723389,3.7184,31.6,24.01
1724111,3.7184,31.6,24.01
1724833,4.0114,31.6,24.01
1725555,3.8987,31.6,24.02
1726277,3.1325,31.6,24.02
1726999,4.0114,32.6,24.03
1727721,4.0114,31.6,24.03
1728443,4.1241,31.6,24.04
1729165,2.7494,31.6,24.05
1729887,3.2227,32.6,24.05
1730609,3.0649,31.6,24.05
1731331,2.2761,31.6,24.06
1732053,3.4029,31.6,24.07
1732775,3.9889,31.6,24.07
1733497,3.5156,31.6,24.08
1734219,4.4396,31.6,24.09
1734941,3.2001,31.6,24.09
1735663,4.3945,31.6,24.09
# [n=2400] mean=3.8116 m  sigma=1.5152 m  die=31.6 C  CalVal=17
1736385,3.6734,31.6,24.10
1737107,4.3495,32.6,24.11
1737829,3.4029,31.6,24.11
1738551,3.6734,31.6,24.12
1739273,4.0114,31.6,24.12
1739995,3.6508,31.6,24.13
1740717,3.6508,32.6,24.14
1741439,2.8395,32.6,24.14
1742161,4.1241,32.6,24.15
1742883,3.4255,32.6,24.16
1743605,3.4931,32.6,24.16
1744327,1.1944,31.6,24.16
1745049,3.0874,32.6,24.17
1745771,3.0424,32.6,24.17
1746493,3.6508,32.6,24.17
1747215,3.0424,31.6,24.18
1747937,3.9213,32.6,24.18
1748659,4.4621,32.6,24.18
1749381,3.3804,31.6,24.19
1750103,2.1860,32.6,24.19
1750825,3.8311,32.6,24.20
1751547,3.6058,32.6,24.20
1752269,3.6959,31.6,24.20
1752991,3.4029,32.6,24.21
1753713,3.7861,31.6,24.22
1754435,2.8846,31.6,24.22
1755157,3.5607,32.6,24.22
1755879,3.6734,32.6,24.23
1756601,4.1917,32.6,24.23
1757323,4.1917,32.6,24.24
1758045,2.4114,32.6,24.24
1758767,3.4706,32.6,24.25
1759489,3.3353,32.6,24.25
1760211,3.3579,31.6,24.26
1760933,3.4029,31.6,24.26
1761655,4.2819,31.6,24.27
1762377,3.0649,31.6,24.27
1763099,4.1917,32.6,24.28
1763821,2.7269,32.6,24.28
1764543,3.9213,32.6,24.28
1765265,2.6593,32.6,24.29
1765987,4.4396,32.6,24.29
1766709,4.0565,32.6,24.30
1767431,3.5156,31.6,24.30
1768153,3.6959,31.6,24.30
1768875,3.3579,32.6,24.31
1769597,3.2227,32.6,24.31
1770319,3.2903,32.6,24.32
1771041,3.6959,31.6,24.32
1771763,3.3579,31.6,24.33
1772485,2.8846,31.6,24.34
1773207,3.5832,32.6,24.34
1773929,3.5832,32.6,24.34
1774651,3.2677,32.6,24.35
1775373,3.4706,32.6,24.35
1776095,3.9213,32.6,24.36
1776817,4.2142,32.6,24.36
1777539,2.9297,32.6,24.36
1778261,3.8086,32.6,24.37
1778983,3.1325,33.6,24.37
1779705,4.1241,33.6,24.38
1780427,3.7184,32.6,24.38
1781149,3.0198,32.6,24.39
1781871,3.8537,32.6,24.40
1782593,4.6875,32.6,24.40
1783315,3.6508,32.6,24.41
1784037,4.0565,32.6,24.41
1784759,4.2368,33.6,24.42
1785481,3.9213,32.6,24.42
1786203,3.3128,32.6,24.43
1786925,3.3128,32.6,24.43
1787647,3.8762,32.6,24.44
1788369,3.0424,32.6,24.44
1789091,3.9438,32.6,24.44
1789813,4.6875,32.6,24.45
1790535,-20.7557,32.6,24.45
1791257,3.3128,32.6,24.45
1791979,3.9663,32.6,24.45
1792701,2.8621,32.6,24.46
1793423,4.7776,32.6,24.47
1794145,2.9072,31.6,24.47
1794867,3.6283,32.6,24.48
1795589,3.6058,32.6,24.48
1796311,3.9438,32.6,24.49
1797033,4.4171,32.6,24.49
1797755,4.3720,31.6,24.49
1798477,4.4621,31.6,24.50
1799199,4.6650,32.6,24.51
1799921,2.7494,32.6,24.51
1800643,3.5607,32.6,24.52
1801365,2.9748,32.6,24.52
1802087,3.0198,33.6,24.53
1802809,2.9748,33.6,24.53
1803531,2.9748,33.6,24.53
1804253,2.8846,32.6,24.54
1804975,3.4029,33.6,24.54
1805697,3.0874,32.6,24.54
1806419,3.7635,32.6,24.55
1807141,3.5382,32.6,24.55
1807863,3.7184,33.6,24.56
# [n=2500] mean=3.7918 m  sigma=1.5687 m  die=33.6 C  CalVal=17
1808585,3.5156,33.6,24.56
1809307,3.2227,33.6,24.57
1810029,3.7861,33.6,24.57
1810751,3.2227,33.6,24.57
1811473,3.3353,32.6,24.58
1812195,2.8395,32.6,24.59
1812917,3.7861,32.6,24.59
1813639,4.0114,32.6,24.59
1814361,4.2819,33.6,24.60
1815083,3.9889,32.6,24.60
1815805,3.5156,33.6,24.60
1816527,3.5156,32.6,24.61
1817249,3.3804,32.6,24.61
1817971,3.0874,32.6,24.62
1818693,3.4931,32.6,24.62
1819415,3.9213,33.6,24.63
1820137,2.7719,33.6,24.63
1820859,4.3945,33.6,24.63
1821581,2.7719,33.6,24.64
1822303,3.3353,33.6,24.64
1823025,3.9663,33.6,24.64
1823747,3.2452,32.6,24.64
1824469,3.8987,33.6,24.65
1825191,4.3269,33.6,24.66
1825913,3.0649,32.6,24.66
1826635,3.4706,33.6,24.66
1827357,2.7945,33.6,24.67
1828079,3.6058,33.6,24.67
1828801,4.2593,32.6,24.67
1829523,4.3720,33.6,24.68
1830245,3.9663,32.6,24.68
1830967,3.8987,33.6,24.68
1831689,3.5156,32.6,24.69
1832411,4.0790,32.6,24.69
1833133,4.0790,33.6,24.70
1833855,4.4171,33.6,24.71
1834577,4.1241,33.6,24.71
1835299,3.3579,33.6,24.72
1836021,2.9748,33.6,24.72
1836743,3.8537,32.6,24.72
1837465,4.3269,33.6,24.73
1838187,3.5382,32.6,24.73
1838909,3.1325,33.6,24.73
1839631,4.5974,33.6,24.74
1840353,3.9213,33.6,24.74
1841075,3.1776,33.6,24.75
1841797,4.2142,33.6,24.75
1842519,4.6199,33.6,24.76
1843241,5.3410,33.6,24.76
1843963,3.9213,33.6,24.76
1844685,3.9213,33.6,24.77
1845407,4.6424,33.6,24.77
1846129,4.6424,33.6,24.78
1846851,2.8846,33.6,24.78
1847573,4.0790,33.6,24.79
1848295,4.4171,33.6,24.79
1849017,3.6508,32.6,24.80
1849739,3.5832,32.6,24.80
1850461,4.5974,32.6,24.81
1851183,4.4621,33.6,24.82
1851905,4.0340,33.6,24.82
1852627,4.4621,32.6,24.82
1853349,3.0874,32.6,24.82
1854071,4.2142,33.6,24.82
1854793,3.9213,33.6,24.82
1855515,2.5916,33.6,24.82
1856237,3.6959,33.6,24.83
1856959,3.5382,33.6,24.83
1857681,4.6875,33.6,24.83
1858403,3.8311,33.6,24.83
1859125,3.8537,34.6,24.83
1859847,4.4396,33.6,24.83
1860569,4.0114,34.6,24.85
1861291,4.4621,33.6,24.84
1862013,3.8537,33.6,24.85
1862735,3.8537,32.6,24.86
1863457,3.7861,33.6,24.85
1864179,2.9748,33.6,24.86
1864901,3.4480,33.6,24.86
1865623,4.3044,33.6,24.87
1866345,5.0481,33.6,24.88
1867067,3.4931,33.6,24.87
1867789,3.8086,33.6,24.87
1868511,3.7410,33.6,24.88
1869233,4.4396,33.6,24.87
1869955,4.5523,33.6,24.88
1870677,3.8086,33.6,24.89
1871399,4.4847,33.6,24.89
1872121,3.3353,33.6,24.89
1872843,3.5156,33.6,24.91
1873565,4.1917,34.6,24.90
1874287,3.3353,33.6,24.91
1875009,4.6424,33.6,24.91
1875731,3.5156,32.6,24.91
1876453,4.5523,32.6,24.92
1877175,3.9663,33.6,24.92
1877897,4.7551,33.6,24.93
1878619,3.4480,33.6,24.93
1879341,3.4480,32.6,24.94
1880063,3.8311,33.6,24.94
# [n=2600] mean=3.7937 m  sigma=1.5421 m  die=33.6 C  CalVal=17
1880785,3.9213,34.6,24.94
1881507,4.5072,34.6,24.95
1882229,4.0565,34.6,24.95
1882951,3.3804,33.6,24.96
1883673,3.8537,33.6,24.96
1884395,4.5974,33.6,24.96
1885117,4.1016,33.6,24.96
1885839,3.3804,33.6,24.97
1886561,3.9213,33.6,24.97
1887283,3.5607,33.6,24.98
1888005,3.5382,33.6,24.99
1888727,3.9663,33.6,24.99
1889449,4.6650,33.6,25.00
1890171,3.8311,33.6,25.00
1890893,3.4480,33.6,25.00
1891615,4.2142,33.6,25.01
1892337,4.2142,33.6,25.01
1893059,3.9438,34.6,25.02
1893781,4.1917,33.6,25.02
1894503,3.4029,32.6,25.03
1895225,3.9213,33.6,25.04
1895947,3.9213,33.6,25.04
1896669,4.4396,33.6,25.05
1897391,4.6424,33.6,25.05
1898113,3.2001,33.6,25.06
1898835,4.3269,33.6,25.06
1899557,2.9973,33.6,25.07
1900279,4.1241,33.6,25.07
1901001,4.8227,32.6,25.07
1901723,3.7410,33.6,25.08
1902445,4.6650,33.6,25.08
1903167,3.4029,33.6,25.08
1903889,2.9748,33.6,25.09
1904611,4.1016,33.6,25.09
1905333,3.6734,33.6,25.09
1906055,2.7945,33.6,25.10
1906777,3.1100,34.6,25.10
1907499,2.9522,34.6,25.10
1908221,4.5974,34.6,25.11
1908943,4.5974,34.6,25.11
1909665,4.5072,33.6,25.11
1910387,3.9663,33.6,25.11
1911109,3.8311,33.6,25.12
1911831,3.2903,34.6,25.13
1912553,2.9072,33.6,25.12
1913275,2.7494,33.6,25.13
1913997,3.0198,33.6,25.13
1914719,4.3495,34.6,25.14
1915441,3.9663,33.6,25.14
1916163,3.8987,33.6,25.14
1916885,3.9438,34.6,25.14
1917607,3.3128,34.6,25.14
1918329,4.1692,34.6,25.15
1919051,4.7100,34.6,25.15
1919773,4.8453,34.6,25.15
1920495,4.1466,34.6,25.15
1921217,4.1016,34.6,25.16
1921939,3.7184,33.6,25.15
1922661,4.1016,33.6,25.15
1923383,4.2142,33.6,25.15
1924105,4.4621,33.6,25.15
1924827,3.0874,34.6,25.15
1925549,3.0874,33.6,25.15
1926271,3.1776,33.6,25.16
1926993,3.6959,33.6,25.16
1927715,4.9354,34.6,25.17
1928437,3.2903,33.6,25.17
1929159,4.4171,33.6,25.17
1929881,4.1241,33.6,25.18
1930603,3.8537,33.6,25.18
1931325,4.3044,33.6,25.18
1932047,3.9438,34.6,25.18
1932769,3.7410,34.6,25.18
1933491,4.7100,33.6,25.19
1934213,4.1692,33.6,25.19
1934935,4.6875,34.6,25.20
1935657,3.4480,34.6,25.20
1936379,5.3185,33.6,25.19
1937101,4.2142,33.6,25.20
1937823,4.0565,34.6,25.21
1938545,3.6283,34.6,25.20
1939267,3.8086,34.6,25.21
1939989,3.7184,34.6,25.21
1940711,4.0114,33.6,25.22
1941433,3.9438,33.6,25.22
1942155,3.9438,33.6,25.22
1942877,4.4396,34.6,25.22
1943599,4.2819,34.6,25.22
1944321,2.7945,33.6,25.22
1945043,4.3269,33.6,25.22
1945765,4.3720,33.6,25.22
1946487,4.1241,34.6,25.22
1947209,3.5382,34.6,25.22
1947931,5.3636,34.6,25.22
1948653,4.1692,34.6,25.22
1949375,5.2284,33.6,25.22
1950097,3.1100,34.6,25.23
1950819,4.4396,34.6,25.22
1951541,4.1241,34.6,25.22
1952263,5.2509,34.6,25.23
# [n=2700] mean=3.8001 m  sigma=1.5179 m  die=34.6 C  CalVal=17
1952985,4.3269,34.6,25.23
1953707,4.8903,33.6,25.23
1954429,4.5748,33.6,25.23
1955151,4.5748,33.6,25.24
1955873,4.6650,34.6,25.23
1956595,4.0340,34.6,25.23
1957317,3.4255,33.6,25.23
1958039,4.0340,34.6,25.23
1958761,1.1944,33.6,25.23
1959483,3.7861,34.6,25.23
1960205,3.3579,34.6,25.23
1960927,3.0198,34.6,25.23
1961649,4.7100,34.6,25.23
1962371,4.4171,34.6,25.24
1963093,4.0790,34.6,25.24
1963815,3.5382,33.6,25.24
1964537,5.0255,34.6,25.24
1965259,4.8227,34.6,25.24
1965981,4.2368,34.6,25.25
1966703,3.7635,34.6,25.25
1967425,4.3495,34.6,25.25
1968147,3.8311,34.6,25.25
1968869,3.7635,34.6,25.25
1969591,4.5523,33.6,25.25
1970313,5.1608,34.6,25.25
1971035,4.1692,34.6,25.25
1971757,4.1692,34.6,25.26
1972479,3.6959,34.6,25.25
1973201,4.1466,34.6,25.26
1973923,3.9663,34.6,25.26
1974645,3.2452,34.6,25.27
1975367,3.6058,34.6,25.26
1976089,3.8987,34.6,25.27
1976811,4.3044,34.6,25.27
1977533,4.5072,34.6,25.27
1978255,3.6734,33.6,25.27
1978977,4.0790,33.6,25.27
1979699,3.7861,34.6,25.27
1980421,4.3945,33.6,25.28
1981143,5.1382,34.6,25.28
1981865,3.6283,34.6,25.27
1982587,4.7326,33.6,25.28
1983309,3.7635,33.6,25.28
1984031,4.2142,34.6,25.29
1984753,4.7100,33.6,25.29
1985475,3.0874,34.6,25.29
1986197,3.2227,33.6,25.29
1986919,4.6424,34.6,25.29
1987641,3.8086,33.6,25.29
1988363,3.8086,34.6,25.30
1989085,3.9438,34.6,25.30
1989807,4.5523,34.6,25.29
1990529,3.7861,34.6,25.30
1991251,4.9129,33.6,25.30
1991973,4.0790,34.6,25.30
1992695,3.2001,33.6,25.30
1993417,4.8678,34.6,25.31
1994139,3.6734,34.6,25.31
1994861,3.4931,34.6,25.31
1995583,3.6283,34.6,25.31
1996305,3.4255,34.6,25.32
1997027,4.2593,34.6,25.32
1997749,4.1241,34.6,25.32
1998471,3.4706,33.6,25.33
1999193,4.4621,33.6,25.33
1999915,4.0790,33.6,25.34
2000637,4.0565,33.6,25.34
2001359,4.0565,34.6,25.34
2002081,2.9522,34.6,25.33
2002803,3.6058,34.6,25.33
2003525,3.8762,33.6,25.33
2004247,3.7410,33.6,25.34
2004969,3.7410,33.6,25.34
2005691,4.3269,34.6,25.34
2006413,4.9129,34.6,25.35
2007135,4.0114,34.6,25.35
2007857,3.6508,34.6,25.35
2008579,3.9889,34.6,25.36
2009301,3.1325,33.6,25.36
2010023,4.6199,34.6,25.36
2010745,3.2677,34.6,25.36
2011467,3.8762,34.6,25.37
2012189,3.7861,34.6,25.37
2012911,3.2452,33.6,25.37
2013633,3.8537,34.6,25.37
2014355,4.1016,34.6,25.37
2015077,3.0649,34.6,25.37
2015799,3.9889,33.6,25.37
2016521,5.2058,33.6,25.37
2017243,4.1917,34.6,25.37
2017965,4.1917,33.6,25.36
2018687,3.8762,34.6,25.36
2019409,3.8537,33.6,25.36
2020131,4.3945,34.6,25.36
2020853,4.2368,34.6,25.36
2021575,2.5240,34.6,25.36
2022297,4.0565,34.6,25.36
2023019,4.2819,34.6,25.35
2023741,4.5974,34.6,25.35
2024463,4.2368,34.6,25.35
# [n=2800] mean=3.8073 m  sigma=1.4953 m  die=34.6 C  CalVal=17
2025185,4.8903,34.6,25.35
2025907,4.1466,34.6,25.35
2026629,4.3945,34.6,25.35
2027351,4.6650,34.6,25.34
2028073,3.8311,34.6,25.34
2028795,4.4171,34.6,25.34
2029517,3.7861,34.6,25.35
2030239,3.2227,34.6,25.34
2030961,4.9354,34.6,25.34
2031683,3.5382,34.6,25.35
2032405,4.0340,34.6,25.34
2033127,4.9354,34.6,25.34
2033849,4.1466,33.6,25.33
2034571,4.1466,34.6,25.34
2035293,4.3269,34.6,25.34
2036015,4.4847,34.6,25.34
2036737,4.5523,34.6,25.34
2037459,3.8987,34.6,25.34
2038181,4.8227,34.6,25.34
2038903,4.8227,34.6,25.33
2039625,3.3353,34.6,25.33
2040347,4.0565,34.6,25.33
2041069,4.5072,34.6,25.33
2041791,3.1100,34.6,25.33
2042513,3.7861,34.6,25.34
2043235,3.4480,34.6,25.35
2043957,4.1241,34.6,25.36
2044679,4.2819,34.6,25.35
2045401,4.9579,34.6,25.36
2046123,4.7776,34.6,25.36
2046845,4.5297,34.6,25.37
2047567,4.9805,34.6,25.38
2048289,3.8311,34.6,25.38
2049011,4.6875,34.6,25.38
2049733,4.4621,34.6,25.38
2050455,3.7635,34.6,25.38
2051177,3.7635,34.6,25.39
2051899,3.9213,34.6,25.39
2052621,3.4706,34.6,25.39
2053343,3.2677,34.6,25.38
2054065,4.6199,34.6,25.39
2054787,3.8086,34.6,25.40
2055509,3.3128,34.6,25.41
2056231,4.0340,34.6,25.41
2056953,3.9438,34.6,25.42
2057675,3.4480,34.6,25.43
2058397,3.3579,34.6,25.44
2059119,4.3945,34.6,25.45
2059841,3.2227,34.6,25.45
2060563,3.1776,34.6,25.46
2061285,4.8002,34.6,25.47
2062007,4.2819,34.6,25.48
2062729,3.1325,34.6,25.50
2063451,4.8227,34.6,25.51
2064173,4.8227,34.6,25.53
2064895,3.8762,34.6,25.54
2065617,4.0340,34.6,25.56
2066339,3.9438,34.6,25.58
2067061,3.2903,34.6,25.61
2067783,-40.7903,33.6,25.62
2068505,4.6199,33.6,25.63
2069227,4.7776,34.6,25.66
2069949,4.3495,34.6,25.67
2070671,3.3579,34.6,25.70
2071393,3.3353,33.6,25.70
2072115,4.0565,34.6,25.72
2072837,4.0340,34.6,25.74
2073559,3.4029,34.6,25.75
2074281,3.9438,34.6,25.77
2075003,3.4706,34.6,25.78
2075725,4.1466,35.6,25.80
2076447,4.7551,35.6,25.82
2077169,4.2819,35.6,25.84
2077891,5.1608,34.6,25.86
2078613,4.6424,35.6,25.87
2079335,4.2593,35.6,25.89
2080057,3.7861,35.6,25.90
2080779,3.7861,35.6,25.91
2081501,4.3495,35.6,25.92
2082223,4.5974,34.6,25.94
2082945,3.8311,34.6,25.95
2083667,4.3495,34.6,25.97
2084389,3.7635,35.6,25.98
2085111,5.2509,35.6,26.00
2085833,4.2593,35.6,26.01
2086555,4.5297,34.6,26.02
2087277,3.6734,34.6,26.04
2087999,4.0565,35.6,26.05
2088721,4.2142,35.6,26.07
2089443,3.9213,35.6,26.08
2090165,4.2593,35.6,26.10
2090887,4.7326,35.6,26.11
2091609,3.9438,35.6,26.13
2092331,4.1917,35.6,26.14
2093053,4.5297,35.6,26.15
2093775,4.7551,35.6,26.17
2094497,4.1917,35.6,26.18
2095219,3.6283,35.6,26.19
2095941,4.9805,34.6,26.20
2096663,3.5156,35.6,26.21
# [n=2900] mean=3.8030 m  sigma=1.6906 m  die=35.6 C  CalVal=17
2097385,3.5156,35.6,26.22
2098107,4.2819,35.6,26.23
2098829,4.0790,35.6,26.25
2099551,3.5607,35.6,26.25
2100273,4.3720,34.6,26.27
2100995,4.5523,35.6,26.28
2101717,5.1382,35.6,26.29
2102439,3.7861,35.6,26.30
2103161,4.3044,35.6,26.32
2103883,3.7184,35.6,26.33
2104605,3.9663,35.6,26.34
2105327,3.2452,35.6,26.36
2106049,4.3945,34.6,26.37
2106771,3.1776,35.6,26.39
2107493,3.5607,34.6,26.40
2108215,3.0424,35.6,26.41
2108937,4.1692,35.6,26.42
2109659,4.1692,36.6,26.43
2110381,4.1692,35.6,26.44
2111103,4.4621,35.6,26.45
2111825,4.3269,35.6,26.46
2112547,4.6875,35.6,26.47
2113269,4.4396,35.6,26.48
2113991,4.4396,34.6,26.49
2114713,4.6199,35.6,26.50
2115435,4.9354,36.6,26.51
2116157,3.1325,35.6,26.52
2116879,4.8002,34.6,26.53
2117601,4.7100,35.6,26.55
2118323,4.7776,35.6,26.56
2119045,3.8762,35.6,26.57
2119767,3.6283,36.6,26.58
2120489,5.2058,35.6,26.59
2121211,4.0114,35.6,26.60
2121933,3.7861,35.6,26.62
2122655,3.8537,36.6,26.64
2123377,3.4931,35.6,26.66
2124099,3.2677,35.6,26.67
2124821,4.5072,35.6,26.68
2125543,4.0790,35.6,26.69
2126265,4.0565,36.6,26.69
2126987,4.0565,36.6,26.71
2127709,3.3128,35.6,26.72
2128431,4.0565,36.6,26.74
2129153,4.0340,36.6,26.75
2129875,4.0565,36.6,26.75
2130597,0.8338,35.6,26.77
2131319,3.8762,35.6,26.78
2132041,3.9663,36.6,26.78
2132763,3.7635,36.6,26.79
2133485,3.9889,36.6,26.80
2134207,3.5156,35.6,26.81
2134929,3.7410,36.6,26.82
2135651,4.4396,35.6,26.83
2136373,3.9663,36.6,26.83
2137095,4.0114,36.6,26.85
2137817,4.3044,35.6,26.86
2138539,3.8086,36.6,26.87
2139261,3.8537,36.6,26.88
2139983,3.2001,36.6,26.89
2140705,4.5974,37.6,26.91
2141427,4.7551,37.6,26.91
2142149,3.4255,37.6,26.93
2142871,4.5297,35.6,26.94
2143593,4.5297,36.6,26.96
2144315,4.4171,35.6,26.97
2145037,3.3579,35.6,26.99
2145759,4.1917,36.6,27.01
2146481,4.6199,36.6,27.02
2147203,3.1100,36.6,27.03
2147925,3.9438,35.6,27.05
2148647,4.5072,36.6,27.07
2149369,3.5156,36.6,27.08
2150091,4.1016,36.6,27.10
2150813,3.8537,37.6,27.11
2151535,4.1692,35.6,27.12
2152257,4.4847,36.6,27.14
2152979,4.1692,36.6,27.15
2153701,3.8537,36.6,27.17
2154423,3.6959,36.6,27.18
2155145,4.2819,36.6,27.19
2155867,3.2677,36.6,27.21
2156589,4.3269,36.6,27.22
2157311,4.5974,35.6,27.23
2158033,4.4621,36.6,27.25
2158755,4.5072,36.6,27.26
2159477,3.7184,37.6,27.28
2160199,3.7184,37.6,27.29
2160921,3.0424,37.6,27.31
2161643,4.6424,36.6,27.32
2162365,3.8311,36.6,27.32
2163087,4.0114,36.6,27.33
2163809,4.1241,37.6,27.33
2164531,3.9663,36.6,27.35
2165253,3.6508,36.6,27.36
2165975,3.8537,36.6,27.37
2166697,4.8453,37.6,27.37
2167419,3.7184,37.6,27.38
2168141,3.5607,36.6,27.39
2168863,3.6959,36.6,27.40
# [n=3000] mean=3.8098 m  sigma=1.6659 m  die=36.6 C  CalVal=17
2169585,3.5156,36.6,27.42
2170307,3.7410,35.6,27.43
2171029,4.4396,36.6,27.44
2171751,4.8903,37.6,27.45
2172473,4.5297,36.6,27.46
2173195,4.5297,36.6,27.48
2173917,4.2142,37.6,27.49
2174639,3.9213,37.6,27.50
2175361,4.7551,37.6,27.51
2176083,3.8537,36.6,27.52
2176805,-4.7776,36.6,27.54
2177527,2.6593,37.6,27.55
2178249,4.4847,37.6,27.56
2178971,4.5748,37.6,27.57
2179693,4.8002,37.6,27.58
2180415,3.2001,37.6,27.59
2181137,4.6875,36.6,27.61
2181859,5.1608,37.6,27.63
2182581,4.4396,37.6,27.64
2183303,3.7410,36.6,27.65
2184025,3.9663,36.6,27.66
2184747,4.3269,37.6,27.68
2185469,3.0874,37.6,27.69
2186191,4.4847,36.6,27.70
2186913,4.8903,37.6,27.71
2187635,4.1016,37.6,27.72
2188357,3.5607,37.6,27.73
2189079,3.5607,36.6,27.75
2189801,3.5607,36.6,27.76
2190523,4.2368,36.6,27.77
2191245,3.5832,36.6,27.78
2191967,3.8537,36.6,27.79
2192689,3.7635,36.6,27.80
2193411,3.7861,36.6,27.81
2194133,3.2227,37.6,27.82
2194855,4.3945,36.6,27.83
2195577,4.6650,36.6,27.84
2196299,2.7043,36.6,27.85
2197021,4.0790,37.6,27.86
2197743,3.8086,37.6,27.87
2198465,4.6199,37.6,27.88
2199187,4.1241,37.6,27.89
2199909,3.7184,36.6,27.90
2200631,4.6199,36.6,27.91
2201353,4.0114,36.6,27.91
2202075,4.3495,36.6,27.92
2202797,3.7184,37.6,27.94
2203519,2.8395,37.6,27.95
2204241,3.2001,36.6,27.96
2204963,4.0565,37.6,27.97
2205685,4.9129,36.6,27.98
2206407,4.9129,36.6,27.98
2207129,4.8453,37.6,27.98
2207851,4.8453,37.6,28.00
2208573,3.9213,37.6,28.00
2209295,4.7100,38.6,28.01
2210017,2.7043,38.6,28.02
2210739,3.1776,38.6,28.03
2211461,4.6875,38.6,28.04
2212183,4.5974,37.6,28.05
2212905,4.0340,37.6,28.05
2213627,3.3128,37.6,28.07
2214349,4.0114,37.6,28.07
2215071,3.6283,37.6,28.08
2215793,3.4255,37.6,28.08
2216515,3.6283,36.6,28.10
2217237,2.9072,37.6,28.10
2217959,3.0874,37.6,28.11
2218681,3.8086,37.6,28.12
2219403,4.6199,37.6,28.13
2220125,4.3269,37.6,28.14
2220847,3.9438,37.6,28.14
2221569,3.9889,37.6,28.15
2222291,3.8987,37.6,28.16
2223013,3.8987,37.6,28.17
2223735,4.4847,37.6,28.18
2224457,3.8537,36.6,28.18
2225179,2.9748,36.6,28.19
2225901,3.1100,36.6,28.19
2226623,3.3128,36.6,28.19
2227345,3.7861,37.6,28.19
2228067,3.6734,37.6,28.19
2228789,4.0340,38.6,28.20
2229511,3.7410,37.6,28.20
2230233,3.9663,37.6,28.21
2230955,4.5974,37.6,28.21
2231677,3.6283,37.6,28.21
2232399,4.0790,37.6,28.21
2233121,3.5382,37.6,28.21
2233843,4.3269,37.6,28.22
2234565,4.2593,37.6,28.22
2235287,3.0424,38.6,28.22
2236009,3.0424,38.6,28.23
2236731,4.8678,38.6,28.23
2237453,3.6283,38.6,28.23
2238175,4.2368,38.6,28.23
2238897,4.2142,38.6,28.23
2239619,3.5156,37.6,28.24
2240341,3.1776,38.6,28.25
2241063,2.9973,38.6,28.25
# [n=3100] mean=3.8115 m  sigma=1.6498 m  die=38.6 C  CalVal=17
2241785,4.2819,38.6,28.26
2242507,3.5156,38.6,28.27
2243229,3.8086,38.6,28.27
2243951,4.1466,38.6,28.27
2244673,3.7184,37.6,28.28
2245395,3.5607,37.6,28.28
2246117,4.6424,37.6,28.29
2246839,4.0790,38.6,28.29
2247561,3.9438,38.6,28.30
2248283,4.3044,38.6,28.30
2249005,3.6734,38.6,28.31
2249727,2.9297,37.6,28.31
2250449,4.3945,37.6,28.31
2251171,3.6959,37.6,28.32
2251893,3.8537,38.6,28.32
2252615,3.8537,37.6,28.33
2253337,4.4621,38.6,28.33
2254059,4.8227,38.6,28.33
2254781,2.6367,37.6,28.34
2255503,4.2368,38.6,28.34
2256225,3.1325,38.6,28.35
2256947,4.2368,38.6,28.35
2257669,2.9072,37.6,28.35
2258391,2.9072,38.6,28.36
2259113,2.5916,38.6,28.36
2259835,4.1016,38.6,28.37
2260557,3.2227,38.6,28.38
2261279,2.9748,37.6,28.39
2262001,4.6199,38.6,28.39
2262723,3.1550,38.6,28.39
2263445,3.2001,38.6,28.40
2264167,4.7100,38.6,28.41
2264889,3.1550,38.6,28.41
2265611,4.1917,38.6,28.42
2266333,3.3128,38.6,28.42
2267055,3.5607,38.6,28.43
2267777,3.6508,38.6,28.43
2268499,3.0198,38.6,28.42
2269221,3.0198,38.6,28.42
2269943,2.2085,38.6,28.43
2270665,3.8762,38.6,28.44
2271387,3.3353,38.6,28.44
2272109,4.3044,38.6,28.45
2272831,3.6734,38.6,28.44
2273553,4.3269,38.6,28.44
2274275,3.4029,38.6,28.45
2274997,3.7410,38.6,28.45
2275719,3.9438,38.6,28.45
2276441,3.3353,38.6,28.45
2277163,3.6283,38.6,28.45
2277885,3.8762,38.6,28.45
2278607,4.4171,38.6,28.45
2279329,3.4931,37.6,28.46
2280051,4.4171,38.6,28.46
2280773,3.7861,38.6,28.46
2281495,3.9663,38.6,28.46
2282217,3.9663,38.6,28.46
2282939,2.7043,38.6,28.46
2283661,3.4480,38.6,28.47
2284383,2.5691,38.6,28.47
2285105,2.8170,38.6,28.47
2285827,2.8170,37.6,28.47
2286549,2.2311,37.6,28.47
2287271,4.3720,37.6,28.46
2287993,4.2593,37.6,28.47
2288715,2.8395,37.6,28.47
2289437,4.5748,37.6,28.47
2290159,3.7861,38.6,28.47
2290881,3.6959,38.6,28.47
2291603,4.1241,38.6,28.47
2292325,2.8846,38.6,28.48
2293047,3.2227,38.6,28.47
2293769,4.4621,38.6,28.47
2294491,4.2593,38.6,28.47
2295213,4.7326,38.6,28.47
2295935,4.1016,37.6,28.47
2296657,4.0565,38.6,28.48
2297379,3.4029,38.6,28.48
2298101,4.1692,38.6,28.48
2298823,4.1692,38.6,28.48
2299545,3.2001,38.6,28.48
2300267,2.9748,38.6,28.48
2300989,2.9522,37.6,28.48
2301711,2.5916,38.6,28.48
2302433,2.5916,38.6,28.48
2303155,3.7410,38.6,28.49
2303877,3.8987,38.6,28.48
2304599,3.5832,38.6,28.49
2305321,3.7184,38.6,28.48
2306043,3.0649,38.6,28.48
2306765,2.3888,38.6,28.48
2307487,2.8846,38.6,28.49
2308209,2.7494,38.6,28.49
2308931,2.7043,38.6,28.48
2309653,4.0340,38.6,28.48
2310375,2.8621,38.6,28.48
2311097,3.1100,38.6,28.48
2311819,2.6367,38.6,28.48
2312541,2.9973,38.6,28.48
2313263,2.9522,37.6,28.48
# [n=3200] mean=3.8040 m  sigma=1.6283 m  die=37.6 C  CalVal=17
2313985,2.8170,37.6,28.48
2314707,3.5607,37.6,28.48
2315429,3.5607,38.6,28.48
2316151,4.0565,38.6,28.48
2316873,3.1100,38.6,28.48
2317595,3.5832,38.6,28.48
2318317,2.5015,38.6,28.48
2319039,3.2001,38.6,28.48
2319761,3.2001,38.6,28.48
2320483,4.1016,38.6,28.48
2321205,3.1325,38.6,28.48
2321927,4.2593,38.6,28.49
2322649,3.1100,38.6,28.49
2323371,2.2311,38.6,28.49
2324093,2.4339,38.6,28.49
2324815,3.0424,38.6,28.49
2325537,3.6734,38.6,28.49
2326259,2.9748,38.6,28.50
2326981,2.6142,38.6,28.50
2327703,3.4029,38.6,28.50
2328425,3.5607,38.6,28.50
2329147,3.0424,38.6,28.51
2329869,2.4339,38.6,28.51
2330591,3.1100,38.6,28.51
2331313,2.6593,38.6,28.51
2332035,2.6593,38.6,28.52
2332757,2.5015,38.6,28.51
2333479,3.0424,38.6,28.51
2334201,3.7410,38.6,28.52
2334923,3.4480,38.6,28.51
2335645,2.6142,38.6,28.52
2336367,3.4255,38.6,28.52
2337089,3.2227,38.6,28.53
2337811,2.7269,38.6,28.52
2338533,2.3212,38.6,28.53
2339255,3.5156,39.6,28.53
2339977,2.8170,38.6,28.54
2340699,2.8846,39.6,28.54
2341421,4.5523,38.6,28.54
2342143,2.3888,38.6,28.54
2342865,3.1550,38.6,28.55
2343587,4.0340,38.6,28.55
2344309,2.8846,38.6,28.55
2345031,2.8846,38.6,28.55
2345753,3.1776,38.6,28.55
2346475,3.3579,38.6,28.56
2347197,3.4706,38.6,28.56
2347919,3.4931,38.6,28.56
2348641,0.5634,38.6,28.56
2349363,3.0424,38.6,28.56
2350085,3.5607,38.6,28.56
2350807,3.7184,39.6,28.56
2351529,3.8311,38.6,28.57
2352251,3.4931,39.6,28.57
2352973,2.7269,39.6,28.57
2353695,2.8170,38.6,28.58
2354417,3.3804,38.6,28.58
2355139,3.7184,38.6,28.57
2355861,2.8395,38.6,28.58
2356583,3.8762,38.6,28.58
2357305,2.9973,38.6,28.58
2358027,3.8537,38.6,28.59
2358749,3.2677,38.6,28.58
2359471,3.6058,38.6,28.58
2360193,3.8086,38.6,28.58
2360915,3.4029,38.6,28.58
2361637,3.4029,38.6,28.59
2362359,3.1550,38.6,28.59
2363081,3.8762,39.6,28.59
2363803,3.5607,39.6,28.59
2364525,3.1325,39.6,28.59
2365247,2.3437,38.6,28.59
2365969,2.9973,38.6,28.59
2366691,2.7043,39.6,28.59
2367413,2.8170,39.6,28.59
2368135,3.9213,39.6,28.59
2368857,3.3353,39.6,28.59
2369579,3.3128,38.6,28.60
2370301,3.8987,38.6,28.60
2371023,4.0114,38.6,28.60
2371745,3.2001,38.6,28.61
2372467,2.8846,39.6,28.60
2373189,3.6508,39.6,28.61
2373911,2.7269,39.6,28.62
2374633,4.5523,39.6,28.61
2375355,3.3579,38.6,28.61
2376077,2.1409,38.6,28.61
2376799,2.9297,38.6,28.61
2377521,2.0959,38.6,28.61
2378243,2.0959,38.6,28.62
2378965,3.0198,38.6,28.61
2379687,2.2311,38.6,28.62
2380409,3.2227,38.6,28.61
2381131,3.0198,39.6,28.62
2381853,2.9072,38.6,28.62
2382575,3.5156,38.6,28.62
2383297,2.9522,38.6,28.63
2384019,2.9297,38.6,28.64
2384741,2.0057,38.6,28.64
2385463,3.4255,38.6,28.65
# [n=3300] mean=3.7843 m  sigma=1.6107 m  die=38.6 C  CalVal=17
2386185,3.5832,38.6,28.65
2386907,2.7945,38.6,28.66
2387629,2.5916,39.6,28.66
2388351,3.5832,39.6,28.67
2389073,3.8762,39.6,28.68
2389795,3.1776,39.6,28.68
2390517,2.8846,39.6,28.68
2391239,2.8846,39.6,28.69
2391961,2.9973,39.6,28.69
2392683,2.5015,39.6,28.70
2393405,2.0508,39.6,28.70
2394127,3.9889,39.6,28.70
2394849,3.9889,39.6,28.71
2395571,3.1325,38.6,28.71
2396293,3.7635,38.6,28.72
2397015,2.4790,38.6,28.73
2397737,3.3804,39.6,28.73
2398459,2.8395,39.6,28.74
2399181,2.5916,38.6,28.75
2399903,3.3128,38.6,28.75
2400625,3.5607,38.6,28.76
2401347,4.9129,38.6,28.76
2402069,3.8762,38.6,28.77
2402791,3.8762,38.6,28.78
2403513,3.6508,38.6,28.78
2404235,3.4931,39.6,28.79
2404957,4.6199,38.6,28.80
2405679,4.4621,39.6,28.80
2406401,3.8987,38.6,28.82
2407123,3.1776,39.6,28.82
2407845,3.1776,38.6,28.83
2408567,4.0565,39.6,28.84
2409289,4.7100,38.6,28.84
2410011,2.8846,38.6,28.85
2410733,5.3861,39.6,28.85
2411455,3.2452,38.6,28.86
2412177,5.2058,38.6,28.87
2412899,5.8368,38.6,28.88
2413621,4.7551,39.6,28.88
2414343,4.2142,39.6,28.89
2415065,5.6791,39.6,28.90
2415787,5.6115,38.6,28.91
2416509,5.0255,38.6,28.91
2417231,4.3945,39.6,28.92
2417953,5.0255,39.6,28.93
2418675,5.0481,39.6,28.93
2419397,5.1157,39.6,28.94
2420119,4.9354,39.6,28.95
2420841,5.4087,39.6,28.95
2421563,4.1692,38.6,28.96
2422285,4.9805,38.6,28.96
2423007,5.7692,38.6,28.98
2423729,5.2734,38.6,28.99
2424451,5.2734,39.6,28.99
2425173,4.5072,38.6,29.00
2425895,5.8368,38.6,29.00
2426617,5.6340,38.6,29.01
2427339,5.2509,39.6,29.01
2428061,4.4396,39.6,29.02
2428783,5.3410,39.6,29.02
2429505,4.7326,39.6,29.03
2430227,5.0255,39.6,29.04
2430949,4.9354,39.6,29.05
2431671,5.0931,39.6,29.05
2432393,5.2509,39.6,29.06
2433115,4.5297,39.6,29.07
2433837,3.8762,39.6,29.07
2434559,5.1608,39.6,29.08
2435281,4.5748,39.6,29.09
2436003,5.3410,38.6,29.09
2436725,4.8678,39.6,29.10
2437447,5.0931,39.6,29.11
2438169,4.2819,39.6,29.11
2438891,4.1917,39.6,29.12
2439613,5.5889,39.6,29.12
2440335,5.0931,39.6,29.13
2441057,5.0931,39.6,29.14
2441779,5.3185,39.6,29.14
2442501,5.3185,39.6,29.15
2443223,4.6650,39.6,29.15
2443945,4.4396,39.6,29.16
2444667,4.3495,39.6,29.16
2445389,5.0706,39.6,29.17
2446111,5.5889,39.6,29.17
2446833,5.3861,39.6,29.18
2447555,4.7326,39.6,29.19
2448277,4.9129,38.6,29.19
2448999,3.9213,38.6,29.20
2449721,3.8537,38.6,29.20
2450443,5.2960,39.6,29.21
2451165,4.6199,39.6,29.21
2451887,4.7776,38.6,29.22
2452609,4.7551,38.6,29.22
2453331,3.6959,39.6,29.23
2454053,3.6959,39.6,29.24
2454775,4.1466,39.6,29.25
2455497,4.4621,39.6,29.25
2456219,3.5607,39.6,29.26
2456941,5.2058,39.6,29.27
2457663,-1.7127,39.6,29.28
# [n=3400] mean=3.7998 m  sigma=1.6004 m  die=39.6 C  CalVal=17
2458385,4.2819,39.6,29.28
2459107,4.1917,39.6,29.29
2459829,4.3720,39.6,29.29
2460551,5.2058,38.6,29.30
2461273,3.9663,38.6,29.30
2461995,5.4537,38.6,29.31
2462717,5.6115,39.6,29.32
2463439,4.6424,39.6,29.33
2464161,3.9889,38.6,29.33
2464883,5.3410,39.6,29.34
2465605,3.4029,39.6,29.34
2466327,4.7551,39.6,29.35
2467049,4.8453,39.6,29.35
2467771,4.4171,39.6,29.36
2468493,5.0931,39.6,29.36
2469215,3.8987,39.6,29.37
2469937,4.8227,39.6,29.37
2470659,4.8227,38.6,29.38
2471381,3.9889,39.6,29.38
2472103,5.5213,38.6,29.39
2472825,5.0030,38.6,29.39
2473547,5.4087,38.6,29.40
2474269,3.4255,39.6,29.40
2474991,4.2593,39.6,29.41
2475713,4.6199,39.6,29.42
2476435,4.5072,39.6,29.43
2477157,4.8227,40.6,29.43
2477879,3.9663,40.6,29.44
2478601,4.4396,40.6,29.45
2479323,5.2058,39.6,29.46
2480045,4.5748,39.6,29.46
2480767,3.6508,39.6,29.47
2481489,4.5748,39.6,29.47
2482211,5.4537,39.6,29.47
2482933,3.8762,38.6,29.48
2483655,5.2734,38.6,29.49
2484377,5.1608,38.6,29.50
2485099,5.0030,39.6,29.50
2485821,5.4312,39.6,29.50
2486543,3.9889,39.6,29.51
2487265,3.9889,39.6,29.51
2487987,5.4988,39.6,29.52
2488709,3.6959,39.6,29.52
2489431,3.9663,38.6,29.53
2490153,4.7551,39.6,29.54
2490875,3.9663,39.6,29.55
2491597,4.4621,39.6,29.55
2492319,4.7326,39.6,29.56
2493041,4.8678,39.6,29.56
2493763,4.4171,39.6,29.57
2494485,5.6565,39.6,29.57
2495207,4.1466,39.6,29.58
2495929,4.0340,39.6,29.58
2496651,4.8002,39.6,29.59
2497373,5.3410,39.6,29.60
2498095,4.3495,39.6,29.60
2498817,4.0114,39.6,29.61
2499539,4.5523,40.6,29.61
2500261,4.5523,39.6,29.62
2500983,5.6115,39.6,29.62
2501705,5.3861,39.6,29.63
2502427,5.4988,39.6,29.63
2503149,4.4171,38.6,29.64
2503871,4.4171,39.6,29.64
2504593,4.6199,39.6,29.65
2505315,4.8002,39.6,29.65
2506037,4.5297,39.6,29.66
2506759,4.4847,39.6,29.66
2507481,5.5213,39.6,29.66
2508203,4.2368,39.6,29.67
2508925,3.9438,39.6,29.67
2509647,4.2819,38.6,29.68
2510369,4.8678,38.6,29.68
2511091,4.6424,39.6,29.68
2511813,3.5607,39.6,29.69
2512535,4.7551,39.6,29.69
2513257,5.4312,39.6,29.70
2513979,4.4171,39.6,29.70
2514701,5.3636,39.6,29.70
2515423,4.7100,39.6,29.70
2516145,4.5523,39.6,29.71
2516867,4.5523,39.6,29.71
2517589,4.8453,39.6,29.72
2518311,4.7551,39.6,29.72
2519033,4.4621,39.6,29.73
2519755,5.3636,39.6,29.72
2520477,3.0424,38.6,29.73
2521199,5.0255,39.6,29.73
2521921,4.8227,39.6,29.73
2522643,4.6424,40.6,29.73
2523365,4.9354,39.6,29.74
2524087,4.3720,40.6,29.74
2524809,3.8537,39.6,29.75
2525531,4.3044,40.6,29.75
2526253,3.8762,40.6,29.76
2526975,3.5607,40.6,29.76
2527697,4.5748,39.6,29.77
2528419,4.7326,39.6,29.77
2529141,4.6199,39.6,29.77
2529863,3.3804,39.6,29.77
# [n=3500] mean=3.8223 m  sigma=1.5859 m  die=39.6 C  CalVal=17
2530585,4.5297,39.6,29.77
2531307,4.5748,38.6,29.78
2532029,4.0114,39.6,29.78
2532751,3.7635,39.6,29.78
2533473,3.7635,39.6,29.78
2534195,4.8903,39.6,29.79
2534917,4.2819,39.6,29.79
2535639,3.4029,39.6,29.80
2536361,4.9129,38.6,29.80
2537083,4.6650,38.6,29.80
2537805,3.1550,39.6,29.81
2538527,3.8086,39.6,29.81
2539249,4.5523,39.6,29.82
2539971,5.0255,40.6,29.82
2540693,3.7184,40.6,29.82
2541415,4.2142,39.6,29.82
2542137,4.7326,39.6,29.83
2542859,4.3044,40.6,29.83
2543581,4.6424,39.6,29.83
2544303,4.8903,39.6,29.84
2545025,4.3495,39.6,29.85
2545747,5.0706,39.6,29.85
2546469,5.6340,39.6,29.85
2547191,4.7326,39.6,29.86
2547913,3.4480,39.6,29.86
2548635,5.3861,40.6,29.87
2549357,4.6650,40.6,29.88
2550079,4.6650,40.6,29.88
2550801,4.8002,40.6,29.89
2551523,4.5974,40.6,29.89
2552245,4.1016,40.6,29.89
2552967,4.1241,40.6,29.90
2553689,4.1241,40.6,29.90
2554411,3.3353,39.6,29.90
2555133,4.4171,40.6,29.91
2555855,4.1692,40.6,29.91
2556577,3.5832,40.6,29.91
2557299,3.8311,40.6,29.92
2558021,3.6959,40.6,29.92
2558743,4.0790,40.6,29.92
2559465,4.7326,40.6,29.93
2560187,4.7100,40.6,29.93
2560909,4.4171,40.6,29.94
2561631,5.4087,39.6,29.94
2562353,3.8762,39.6,29.95
2563075,3.8762,40.6,29.95
2563797,5.3185,39.6,29.95
2564519,4.5297,39.6,29.95
2565241,4.2368,40.6,29.96
2565963,4.2142,40.6,29.96
2566685,-26.5024,40.6,29.96
2567407,5.2284,39.6,29.97
2568129,4.5748,39.6,29.97
2568851,4.5297,40.6,29.97
2569573,4.8227,39.6,29.97
2570295,4.7776,40.6,29.97
2571017,4.8903,40.6,29.97
2571739,4.9354,40.6,29.98
2572461,4.4396,40.6,29.98
2573183,5.0255,40.6,29.98
2573905,3.5382,40.6,29.98
2574627,5.1382,40.6,29.98
2575349,4.2368,39.6,29.98
2576071,3.8762,39.6,29.98
2576793,4.0565,39.6,29.98
2577515,4.4621,39.6,29.99
2578237,3.4706,40.6,29.99
2578959,4.9354,40.6,29.99
2579681,4.9354,40.6,30.00
2580403,4.2593,40.6,30.00
2581125,3.8086,40.6,30.00
2581847,4.6650,40.6,30.00
2582569,5.4988,40.6,30.00
2583291,4.9129,40.6,30.01
2584013,4.3044,40.6,30.01
2584735,4.3495,40.6,30.01
2585457,4.1692,40.6,30.02
2586179,5.0030,40.6,30.02
2586901,4.1466,40.6,30.03
2587623,3.9889,40.6,30.03
2588345,3.5382,40.6,30.03
2589067,3.7635,39.6,30.03
2589789,4.1917,40.6,30.03
2590511,4.1692,39.6,30.04
2591233,3.8987,39.6,30.04
2591955,3.8311,39.6,30.04
2592677,5.2284,39.6,30.04
2593399,4.5748,40.6,30.04
2594121,4.0340,40.6,30.04
2594843,4.2819,39.6,30.05
2595565,4.1692,40.6,30.05
2596287,4.1692,40.6,30.05
2597009,4.2819,39.6,30.05
2597731,4.4171,40.6,30.05
2598453,4.2142,40.6,30.05
2599175,4.4396,40.6,30.05
2599897,4.3269,39.6,30.05
2600619,4.5974,39.6,30.05
2601341,3.6058,40.6,30.05
2602063,5.1382,40.6,30.05
# [n=3600] mean=3.8293 m  sigma=1.6483 m  die=40.6 C  CalVal=17
2602785,4.3945,39.6,30.05
2603507,3.4480,40.6,30.06
2604229,4.1016,39.6,30.06
2604951,3.5832,39.6,30.06
2605673,5.2058,39.6,30.06
2606395,3.5156,39.6,30.06
2607117,3.2227,39.6,30.06
2607839,4.8903,40.6,30.06
2608561,4.5523,40.6,30.07
2609283,4.5523,40.6,30.06
2610005,4.7100,40.6,30.07
2610727,4.9354,41.6,30.07
2611449,4.2142,40.6,30.07
2612171,3.8987,40.6,30.07
2612893,3.8987,40.6,30.07
2613615,4.4621,41.6,30.07
2614337,4.0114,40.6,30.08
2615059,5.2960,40.6,30.08
2615781,4.3044,40.6,30.08
2616503,4.7776,40.6,30.09
2617225,3.7635,40.6,30.09
2617947,4.6875,40.6,30.09
2618669,3.6058,39.6,30.09
2619391,4.6424,39.6,30.09
2620113,4.1241,40.6,30.09
2620835,4.3044,40.6,30.10
2621557,3.8762,40.6,30.10
2622279,5.1833,40.6,30.10
2623001,3.7635,40.6,30.10
2623723,3.5382,40.6,30.10
2624445,4.5072,40.6,30.10
2625167,4.4847,40.6,30.10
2625889,4.4847,40.6,30.10
2626611,3.3804,40.6,30.10
2627333,4.8678,40.6,30.10
2628055,3.8762,41.6,30.10
2628777,3.4255,40.6,30.11
2629499,2.7494,40.6,30.11
2630221,4.6650,40.6,30.11
2630943,4.4396,40.6,30.11
2631665,4.3945,40.6,30.11
2632387,4.1241,40.6,30.11
2633109,3.9889,40.6,30.12
2633831,5.1608,40.6,30.12
2634553,4.5974,40.6,30.12
2635275,5.3636,40.6,30.12
2635997,3.5607,40.6,30.12
2636719,4.2368,40.6,30.12
2637441,4.1016,39.6,30.12
2638163,3.9213,39.6,30.12
2638885,3.5607,39.6,30.13
2639607,3.7410,40.6,30.13
2640329,3.4255,40.6,30.13
2641051,3.8537,40.6,30.13
2641773,4.1466,40.6,30.13
2642495,4.1466,40.6,30.14
2643217,2.8170,40.6,30.13
2643939,4.5072,39.6,30.13
2644661,3.4029,39.6,30.14
2645383,3.4706,39.6,30.14
2646105,3.3128,39.6,30.14
2646827,4.4396,40.6,30.15
2647549,5.1157,40.6,30.14
2648271,4.4171,40.6,30.14
2648993,4.4847,40.6,30.15
2649715,5.1608,40.6,30.15
2650437,4.1692,40.6,30.15
2651159,4.1917,40.6,30.15
2651881,3.5382,40.6,30.15
2652603,4.0340,40.6,30.15
2653325,4.0790,40.6,30.16
2654047,5.3636,40.6,30.15
2654769,4.2142,40.6,30.16
2655491,4.0114,40.6,30.16
2656213,5.1608,39.6,30.16
2656935,4.6875,40.6,30.16
2657657,3.8987,40.6,30.16
2658379,3.8762,40.6,30.17
2659101,3.8762,40.6,30.17
2659823,5.0931,40.6,30.17
2660545,4.7551,40.6,30.18
2661267,4.4396,40.6,30.18
2661989,5.1157,39.6,30.18
2662711,4.6199,40.6,30.18
2663433,4.5297,40.6,30.18
2664155,4.0340,40.6,30.17
2664877,4.4847,41.6,30.17
2665599,4.4621,40.6,30.17
2666321,2.8621,40.6,30.18
2667043,5.0706,39.6,30.18
2667765,4.3269,40.6,30.18
2668487,4.1466,40.6,30.18
2669209,3.9889,40.6,30.18
2669931,4.4171,39.6,30.18
2670653,4.5523,39.6,30.18
2671375,4.6875,39.6,30.18
2672097,4.6875,39.6,30.18
2672819,5.0030,40.6,30.19
2673541,5.0481,40.6,30.18
2674263,4.9805,40.6,30.18
# [n=3700] mean=3.8410 m  sigma=1.6302 m  die=40.6 C  CalVal=17
2674985,3.9663,40.6,30.18
2675707,3.9663,40.6,30.18
2676429,3.7861,40.6,30.18
2677151,4.1241,40.6,30.18
2677873,4.6875,39.6,30.18
2678595,4.6875,39.6,30.18
2679317,3.8762,40.6,30.18
2680039,3.8987,40.6,30.18
2680761,4.8903,41.6,30.18
2681483,5.2058,41.6,30.18
2682205,4.8678,40.6,30.18
2682927,3.5607,39.6,30.18
2683649,4.5974,40.6,30.19
2684371,4.2593,40.6,30.19
2685093,4.3945,40.6,30.19
2685815,3.8311,40.6,30.19
2686537,3.3579,40.6,30.19
2687259,4.5523,41.6,30.19
2687981,4.3269,40.6,30.19
2688703,4.3269,41.6,30.19
2689425,3.6058,40.6,30.20
2690147,4.9354,40.6,30.20
2690869,3.6508,40.6,30.20
2691591,4.0565,41.6,30.20
2692313,4.5523,40.6,30.20
2693035,4.5072,40.6,30.20
2693757,3.2227,40.6,30.20
2694479,4.7100,39.6,30.20
2695201,4.5297,39.6,30.20
2695923,5.1157,39.6,30.20
2696645,4.2819,40.6,30.20
2697367,3.7635,40.6,30.21
2698089,3.8311,40.6,30.21
2698811,4.1917,40.6,30.21
2699533,3.6734,41.6,30.21
2700255,3.8086,40.6,30.21
2700977,4.0340,41.6,30.21
2701699,5.2509,40.6,30.21
2702421,4.2368,41.6,30.21
2703143,4.3945,40.6,30.22
2703865,4.5974,40.6,30.22
2704587,4.2593,40.6,30.22
2705309,4.2593,39.6,30.22
2706031,4.2142,40.6,30.22
2706753,3.2001,39.6,30.22
2707475,3.8762,39.6,30.22
2708197,4.3945,39.6,30.22
2708919,3.7635,39.6,30.22
2709641,4.4621,40.6,30.22
2710363,4.0340,40.6,30.22
2711085,3.9438,40.6,30.22
2711807,4.3495,40.6,30.22
2712529,5.4763,41.6,30.22
2713251,4.3495,41.6,30.22
2713973,4.9805,39.6,30.22
2714695,4.3945,40.6,30.22
2715417,5.2058,39.6,30.22
2716139,5.2734,39.6,30.22
2716861,3.9889,40.6,30.22
2717583,3.8311,40.6,30.22
2718305,4.7776,40.6,30.22
2719027,4.1917,40.6,30.22
2719749,4.2819,40.6,30.22
2720471,4.8453,40.6,30.22
2721193,3.9438,40.6,30.22
2721915,3.9438,41.6,30.22
2722637,3.5607,41.6,30.22
2723359,4.5974,41.6,30.22
2724081,3.6734,41.6,30.23
2724803,4.4171,40.6,30.23
2725525,5.3410,41.6,30.23
2726247,4.5297,40.6,30.23
2726969,4.3495,40.6,30.23
2727691,4.7551,40.6,30.23
2728413,5.1382,40.6,30.23
2729135,4.3720,40.6,30.23
2729857,4.1917,40.6,30.23
2730579,5.0255,40.6,30.23
2731301,4.1241,40.6,30.23
2732023,4.6424,41.6,30.24
2732745,4.3945,41.6,30.24
2733467,5.2734,41.6,30.24
2734189,4.1241,41.6,30.24
2734911,4.1241,41.6,30.24
2735633,4.4621,41.6,30.24
2736355,4.5748,41.6,30.24
2737077,4.5974,40.6,30.25
2737799,3.1325,40.6,30.25
2738521,4.2593,40.6,30.25
2739243,4.7100,40.6,30.25
2739965,5.3410,40.6,30.25
2740687,4.5072,40.6,30.25
2741409,4.5974,40.6,30.25
2742131,4.0790,41.6,30.26
2742853,3.6058,41.6,30.26
2743575,4.5523,41.6,30.26
2744297,3.9889,41.6,30.26
2745019,3.6734,41.6,30.26
2745741,3.8086,41.6,30.27
2746463,4.2593,40.6,30.26
# [n=3800] mean=3.8533 m  sigma=1.6125 m  die=40.6 C  CalVal=18
2747185,4.6650,41.6,30.27
2747907,2.4790,41.6,30.26
2748629,4.5974,41.6,30.27
2749351,4.8002,41.6,30.27
2750073,3.7184,40.6,30.27
2750795,4.4621,40.6,30.28
2751517,4.4621,40.6,30.28
2752239,3.3128,40.6,30.28
2752961,3.8086,40.6,30.29
2753683,3.5607,41.6,30.28
2754405,4.5523,40.6,30.29
2755127,4.0114,40.6,30.30
2755849,5.2734,40.6,30.30
2756571,3.8537,40.6,30.30
2757293,3.2227,39.6,30.30
2758015,4.5523,39.6,30.30
2758737,3.9889,40.6,30.30
2759459,4.5072,40.6,30.31
2760181,3.4706,40.6,30.31
2760903,3.8086,40.6,30.31
2761625,4.4621,40.6,30.32
2762347,4.7100,40.6,30.32
2763069,4.3044,40.6,30.33
2763791,3.9889,41.6,30.33
2764513,4.1917,41.6,30.33
2765235,3.3353,41.6,30.33
2765957,3.0874,41.6,30.33
2766679,3.5832,41.6,30.33
2767401,4.7776,41.6,30.34
2768123,4.7776,41.6,30.34
2768845,3.3128,41.6,30.35
2769567,3.8086,41.6,30.35
2770289,3.6959,41.6,30.35
2771011,4.4396,41.6,30.35
2771733,4.1917,41.6,30.36
2772455,4.2819,41.6,30.36
2773177,4.2142,41.6,30.36
2773899,3.4706,41.6,30.37
2774621,2.6367,40.6,30.37
2775343,4.5974,41.6,30.37
2776065,3.4931,40.6,30.37
2776787,4.4396,40.6,30.37
2777509,4.5297,40.6,30.37
2778231,4.8678,41.6,30.37
2778953,4.6875,41.6,30.38
2779675,3.0649,41.6,30.38
2780397,4.3945,40.6,30.39
2781119,4.3945,40.6,30.39
2781841,4.2593,41.6,30.39
2782563,4.3269,40.6,30.39
2783285,5.1608,40.6,30.39
2784007,4.9805,40.6,30.40
2784729,4.9805,41.6,30.40
2785451,4.1241,40.6,30.40
2786173,3.1550,41.6,30.40
2786895,5.1833,41.6,30.41
2787617,3.9889,41.6,30.41
2788339,4.9129,41.6,30.41
2789061,4.4171,41.6,30.41
2789783,4.9579,41.6,30.41
2790505,2.7945,41.6,30.41
2791227,4.1241,40.6,30.41
2791949,4.4396,41.6,30.41
2792671,4.6875,41.6,30.41
2793393,4.0114,41.6,30.41
2794115,3.8987,41.6,30.41
2794837,4.6199,41.6,30.41
2795559,2.9522,41.6,30.41
2796281,3.8311,40.6,30.42
2797003,4.0790,40.6,30.42
2797725,4.0790,40.6,30.42
2798447,4.8678,40.6,30.42
2799169,3.5382,40.6,30.42
2799891,4.2593,40.6,30.42
2800613,3.6959,40.6,30.41
2801335,3.0874,40.6,30.42
2802057,4.3044,40.6,30.42
2802779,3.6283,40.6,30.42
2803501,3.5832,40.6,30.43
2804223,4.1016,41.6,30.42
2804945,4.3269,40.6,30.43
2805667,4.2819,40.6,30.43
2806389,4.3269,40.6,30.44
2807111,3.8086,40.6,30.44
2807833,4.0340,40.6,30.44
2808555,4.2142,40.6,30.44
2809277,3.4029,40.6,30.44
2809999,5.0255,40.6,30.44
2810721,4.1692,40.6,30.45
2811443,4.0340,41.6,30.45
2812165,3.6058,41.6,30.45
2812887,3.7861,40.6,30.46
2813609,3.9663,40.6,30.46
2814331,3.9663,40.6,30.46
2815053,4.5523,41.6,30.46
2815775,4.0340,41.6,30.46
2816497,4.7100,41.6,30.46
2817219,4.1692,40.6,30.47
2817941,4.2593,40.6,30.47
2818663,4.2819,41.6,30.47
# [n=3900] mean=3.8599 m  sigma=1.5950 m  die=41.6 C  CalVal=18
2819385,4.8453,40.6,30.48
2820107,5.0481,41.6,30.48
2820829,3.5607,41.6,30.47
2821551,3.4931,41.6,30.48
2822273,5.4988,40.6,30.49
2822995,4.5748,40.6,30.48
2823717,3.5156,40.6,30.49
2824439,3.5382,40.6,30.49
2825161,3.3353,40.6,30.49
2825883,3.4706,41.6,30.50
2826605,4.1692,41.6,30.50
2827327,4.7551,40.6,30.50
2828049,3.9663,40.6,30.50
2828771,3.8086,40.6,30.50
2829493,4.3945,41.6,30.51
2830215,4.1241,40.6,30.51
2830937,4.1241,40.6,30.51
2831659,3.7184,41.6,30.52
2832381,4.6199,41.6,30.52
2833103,4.1466,41.6,30.52
2833825,4.2368,40.6,30.52
2834547,4.3720,40.6,30.52
2835269,3.6058,40.6,30.52
2835991,4.9354,40.6,30.53
2836713,3.4706,40.6,30.53
2837435,4.0565,41.6,30.53
2838157,5.2960,41.6,30.53
2838879,3.8987,41.6,30.53
2839601,4.3495,41.6,30.53
2840323,4.4621,40.6,30.53
2841045,3.1550,40.6,30.53
2841767,2.8846,39.6,30.54
2842489,4.5297,40.6,30.53
2843211,5.1157,40.6,30.54
2843933,5.1157,40.6,30.54
2844655,4.0565,40.6,30.54
2845377,6.1298,40.6,30.54
2846099,3.5382,40.6,30.53
2846821,4.1466,40.6,30.54
2847543,1.1268,40.6,30.54
2848265,3.8311,40.6,30.54
2848987,3.7410,40.6,30.55
2849709,4.1241,40.6,30.55
2850431,3.8987,41.6,30.55
2851153,4.3495,40.6,30.55
2851875,4.1241,39.6,30.55
2852597,4.9354,40.6,30.56
2853319,4.0790,40.6,30.56
2854041,3.3804,40.6,30.56
2854763,4.4396,40.6,30.56
2855485,2.8170,41.6,30.56
2856207,4.3495,40.6,30.56
2856929,4.1466,41.6,30.57
2857651,4.2819,41.6,30.57
2858373,4.4171,41.6,30.58
2859095,4.4171,40.6,30.58
2859817,4.9805,41.6,30.59
2860539,4.9805,41.6,30.59
2861261,4.1241,41.6,30.60
2861983,4.3269,41.6,30.60
2862705,3.9663,41.6,30.61
2863427,4.3945,41.6,30.62
2864149,3.7184,41.6,30.62
2864871,4.9354,41.6,30.63
2865593,4.1692,40.6,30.64
2866315,4.3720,40.6,30.64
2867037,4.9805,40.6,30.65
2867759,3.5607,40.6,30.66
2868481,3.8537,40.6,30.66
2869203,4.7326,40.6,30.67
2869925,4.3720,41.6,30.68
2870647,4.9579,41.6,30.69
2871369,4.1692,40.6,30.69
2872091,4.3044,40.6,30.70
2872813,3.6508,40.6,30.71
2873535,4.0340,40.6,30.72
2874257,4.3945,41.6,30.72
2874979,4.2819,41.6,30.73
2875701,3.9438,41.6,30.74
2876423,3.5832,41.6,30.75
2877145,3.5832,41.6,30.76
2877867,3.9663,40.6,30.77
2878589,3.7410,41.6,30.77
2879311,4.1016,40.6,30.78
2880033,5.2058,40.6,30.78
2880755,3.7410,40.6,30.79
2881477,2.9297,40.6,30.80
2882199,4.0340,40.6,30.80
2882921,4.2142,40.6,30.81
2883643,3.4255,40.6,30.82
2884365,4.8227,41.6,30.82
2885087,4.5297,41.6,30.83
2885809,5.1382,41.6,30.84
2886531,4.4396,41.6,30.84
2887253,4.3720,41.6,30.85
2887975,3.8987,40.6,30.85
2888697,4.9129,41.6,30.86
2889419,4.6875,41.6,30.86
2890141,4.6875,41.6,30.87
2890863,3.5832,40.6,30.88
# [n=4000] mean=3.8677 m  sigma=1.5791 m  die=40.6 C  CalVal=18
2891585,3.4931,40.6,30.88
2892307,3.8762,40.6,30.89
2893029,4.3945,40.6,30.90
2893751,4.3945,40.6,30.90
2894473,4.0114,40.6,30.91
2895195,4.6424,40.6,30.91
2895917,4.5523,40.6,30.92
2896639,4.1466,41.6,30.92
2897361,4.3720,41.6,30.93
2898083,3.1325,41.6,30.94
2898805,4.1692,41.6,30.94
2899527,3.9213,41.6,30.94
2900249,4.1241,41.6,30.95
2900971,4.5974,41.6,30.95
2901693,3.7861,41.6,30.96
2902415,3.6283,41.6,30.96
2903137,4.3495,41.6,30.97
2903859,4.3945,41.6,30.97
2904581,3.7861,41.6,30.98
2905303,4.7326,41.6,30.98
2906025,3.4480,41.6,30.99
2906747,3.4480,41.6,30.99
2907469,4.4621,41.6,31.00
2908191,4.0790,41.6,31.00
2908913,4.1917,41.6,31.01
2909635,4.5072,41.6,31.01
2910357,3.5832,41.6,31.02
2911079,4.3269,41.6,31.02
2911801,4.8678,40.6,31.03
2912523,5.2284,40.6,31.03
2913245,3.7861,41.6,31.04
2913967,4.3044,41.6,31.04
2914689,3.6283,41.6,31.04
2915411,3.5156,41.6,31.04
2916133,2.8846,41.6,31.05
2916855,4.1016,41.6,31.06
2917577,4.4847,41.6,31.06
2918299,3.2903,41.6,31.07
2919021,4.0114,41.6,31.07
2919743,4.0565,41.6,31.08
2920465,4.3044,41.6,31.08
2921187,3.4931,41.6,31.08
2921909,3.2001,41.6,31.09
2922631,4.1692,41.6,31.09
2923353,4.1692,41.6,31.10
2924075,3.4706,41.6,31.10
2924797,4.3269,41.6,31.11
2925519,4.1692,41.6,31.11
2926241,3.8987,41.6,31.11
2926963,3.4255,41.6,31.12
2927685,3.9213,41.6,31.12
2928407,5.0030,41.6,31.12
2929129,3.4480,41.6,31.13
2929851,3.7635,41.6,31.13
2930573,3.6734,40.6,31.14
2931295,3.8762,41.6,31.14
2932017,4.3269,41.6,31.15
2932739,4.2142,41.6,31.16
2933461,3.8987,41.6,31.16
2934183,4.2368,41.6,31.16
2934905,4.1016,41.6,31.17
2935627,3.1325,41.6,31.17
2936349,2.6818,40.6,31.18
2937071,4.0565,39.6,31.18
2937793,3.9663,40.6,31.19
2938515,3.9663,40.6,31.19
2939237,5.2284,41.6,31.19
2939959,5.2284,40.6,31.20
2940681,4.1917,41.6,31.20
2941403,4.7776,40.6,31.21
2942125,4.5748,40.6,31.22
2942847,3.7184,41.6,31.22
2943569,3.9663,40.6,31.23
2944291,3.5382,40.6,31.23
2945013,3.9663,41.6,31.23
2945735,4.1016,41.6,31.23
2946457,3.7410,41.6,31.24
2947179,4.7100,41.6,31.24
2947901,3.9213,41.6,31.25
2948623,4.5297,41.6,31.25
2949345,4.2593,41.6,31.25
2950067,4.7326,41.6,31.26
2950789,3.8537,41.6,31.26
2951511,4.6424,41.6,31.27
2952233,4.9354,41.6,31.28
2952955,4.9354,41.6,31.28
2953677,3.2227,41.6,31.28
2954399,4.3495,41.6,31.28
2955121,3.9663,41.6,31.28
2955843,3.7861,41.6,31.29
2956565,0.1127,40.6,31.29
2957287,3.7184,41.6,31.29
2958009,3.4931,41.6,31.30
2958731,3.7410,41.6,31.30
2959453,3.8987,41.6,31.30
2960175,4.2142,40.6,31.31
2960897,3.2227,40.6,31.31
2961619,4.2368,40.6,31.31
2962341,3.2903,41.6,31.32
2963063,4.1466,40.6,31.33
# [n=4100] mean=3.8711 m  sigma=1.5631 m  die=40.6 C  CalVal=18
2963785,4.3495,41.6,31.33
2964507,4.1466,41.6,31.34
2965229,3.1100,41.6,31.34
2965951,4.8002,41.6,31.34
2966673,3.0649,41.6,31.35
2967395,3.6508,41.6,31.35
2968117,3.7184,40.6,31.35
2968839,3.8311,41.6,31.36
2969561,3.8311,41.6,31.36
2970283,4.8903,40.6,31.37
2971005,3.4706,40.6,31.37
2971727,4.8453,40.6,31.37
2972449,4.4621,41.6,31.38
2973171,3.4706,41.6,31.39
2973893,4.7551,40.6,31.39
2974615,3.8762,41.6,31.39
2975337,2.7494,41.6,31.39
2976059,3.4931,41.6,31.40
2976781,3.8537,41.6,31.40
2977503,2.8621,41.6,31.41
2978225,3.4480,41.6,31.41
2978947,4.6424,41.6,31.42
2979669,5.1157,41.6,31.42
2980391,3.4029,41.6,31.43
2981113,5.0931,41.6,31.43
2981835,3.8086,40.6,31.43
2982557,3.9663,41.6,31.43
2983279,3.5832,41.6,31.44
2984001,4.2819,41.6,31.44
2984723,2.3663,41.6,31.44
2985445,3.1550,41.6,31.45
2986167,3.1550,41.6,31.45
2986889,4.4396,41.6,31.45
2987611,3.7635,41.6,31.47
2988333,4.7551,41.6,31.47
2989055,3.7184,41.6,31.47
2989777,3.2452,41.6,31.47
2990499,3.3579,41.6,31.48
2991221,4.8678,40.6,31.48
2991943,2.5466,41.6,31.49
2992665,3.9889,40.6,31.49
2993387,3.8537,40.6,31.49
2994109,3.8086,40.6,31.49
2994831,3.9663,41.6,31.49
2995553,4.2368,40.6,31.50
2996275,2.7269,40.6,31.50
2996997,4.9805,40.6,31.50
2997719,4.1016,41.6,31.51
2998441,4.4171,41.6,31.51
2999163,4.4171,41.6,31.51
2999885,4.0340,41.6,31.51
3000607,3.7635,41.6,31.51
3001329,4.5748,41.6,31.52
3002051,4.0114,41.6,31.52
3002773,4.0114,41.6,31.52
3003495,4.2142,41.6,31.52
3004217,4.2819,41.6,31.53
3004939,4.1241,41.6,31.53
3005661,3.8762,40.6,31.53
3006383,3.4931,41.6,31.54
3007105,3.6959,41.6,31.53
3007827,4.7326,41.6,31.54
3008549,4.7100,41.6,31.54
3009271,3.7410,41.6,31.55
3009993,3.5382,41.6,31.55
3010715,3.3579,40.6,31.55
3011437,3.6508,41.6,31.56
3012159,4.2142,41.6,31.55
3012881,3.3353,41.6,31.56
3013603,4.2593,41.6,31.56
3014325,3.9663,41.6,31.56
3015047,3.0874,40.6,31.57
3015769,3.0874,41.6,31.57
3016491,4.3269,41.6,31.58
3017213,3.0424,41.6,31.58
3017935,3.9438,40.6,31.58
3018657,3.9438,41.6,31.58
3019379,3.0649,41.6,31.59
3020101,2.8846,41.6,31.59
3020823,4.1692,41.6,31.59
3021545,4.3044,41.6,31.59
3022267,3.4480,41.6,31.59
3022989,5.0481,41.6,31.60
3023711,4.1466,40.6,31.61
3024433,3.5156,40.6,31.61
3025155,4.5974,41.6,31.62
3025877,4.5748,41.6,31.62
3026599,3.1550,41.6,31.62
3027321,2.9297,41.6,31.62
3028043,3.2677,41.6,31.62
3028765,4.7326,41.6,31.63
3029487,4.8453,41.6,31.63
3030209,3.3128,41.6,31.63
3030931,3.5156,41.6,31.64
3031653,3.8987,41.6,31.63
3032375,3.8987,40.6,31.64
3033097,2.8846,41.6,31.64
3033819,4.7551,41.6,31.64
3034541,3.7635,41.6,31.65
3035263,3.0874,41.6,31.65
# [n=4200] mean=3.8711 m  sigma=1.5475 m  die=41.6 C  CalVal=18
3035985,3.9438,41.6,31.66
3036707,3.9213,41.6,31.66
3037429,4.7776,41.6,31.66
3038151,4.1466,41.6,31.66
3038873,4.1692,41.6,31.66
3039595,4.2142,41.6,31.66
3040317,3.1100,41.6,31.66
3041039,3.6508,41.6,31.67
3041761,4.0565,41.6,31.67
3042483,3.6508,41.6,31.67
3043205,3.8987,41.6,31.67
3043927,2.5916,40.6,31.67
3044649,5.0481,40.6,31.67
3045371,5.0030,40.6,31.67
3046093,3.3128,41.6,31.68
3046815,3.0874,41.6,31.67
3047537,4.7776,40.6,31.67
3048259,4.3495,41.6,31.68
3048981,4.3495,41.6,31.68
3049703,3.1776,41.6,31.68
3050425,3.2903,41.6,31.68
3051147,3.6283,41.6,31.68
3051869,4.3044,41.6,31.69
3052591,3.6283,41.6,31.68
3053313,4.6650,41.6,31.68
3054035,4.8678,41.6,31.68
3054757,3.0424,41.6,31.69
3055479,3.6959,41.6,31.69
3056201,4.3945,41.6,31.69
3056923,3.2452,40.6,31.69
3057645,4.4396,41.6,31.69
3058367,3.3579,41.6,31.69
3059089,4.0340,41.6,31.70
3059811,2.9748,41.6,31.69
3060533,3.3128,41.6,31.69
3061255,3.8537,41.6,31.70
3061977,3.8537,41.6,31.70
3062699,3.9438,40.6,31.70
3063421,3.3128,41.6,31.70
3064143,4.3720,41.6,31.70
3064865,3.1100,41.6,31.70
3065587,-39.0324,41.6,31.70
3066309,2.6367,41.6,31.70
3067031,4.0790,41.6,31.70
3067753,4.8227,41.6,31.70
3068475,3.6058,41.6,31.70
3069197,4.5297,41.6,31.70
3069919,4.0565,41.6,31.70
3070641,4.8903,41.6,31.71
3071363,4.3945,41.6,31.71
3072085,3.8086,41.6,31.71
3072807,3.9213,41.6,31.71
3073529,2.6593,41.6,31.71
3074251,4.6199,41.6,31.71
3074973,3.2903,41.6,31.71
3075695,3.2677,41.6,31.72
3076417,3.7861,41.6,31.72
3077139,3.2001,41.6,31.72
3077861,3.9438,41.6,31.72
3078583,3.9438,41.6,31.72
3079305,4.7100,41.6,31.72
3080027,4.6424,41.6,31.72
3080749,4.1016,41.6,31.72
3081471,4.3720,41.6,31.72
3082193,3.8311,41.6,31.72
3082915,4.0340,41.6,31.73
3083637,3.4029,41.6,31.73
3084359,5.0030,41.6,31.73
3085081,5.0030,41.6,31.73
3085803,4.3269,41.6,31.73
3086525,4.4396,41.6,31.73
3087247,3.4480,41.6,31.73
3087969,3.2227,41.6,31.74
3088691,3.6959,41.6,31.74
3089413,3.2452,41.6,31.74
3090135,3.8987,41.6,31.74
3090857,4.1241,41.6,31.74
3091579,4.2368,41.6,31.74
3092301,4.6424,41.6,31.74
3093023,3.9889,41.6,31.75
3093745,4.1241,41.6,31.75
3094467,4.7776,41.6,31.75
3095189,4.7776,40.6,31.75
3095911,3.8537,41.6,31.76
3096633,3.3579,41.6,31.75
3097355,2.6818,40.6,31.76
3098077,4.1241,41.6,31.76
3098799,3.2001,40.6,31.77
3099521,3.4931,41.6,31.77
3100243,3.2001,41.6,31.77
3100965,3.6959,41.6,31.77
3101687,4.0565,41.6,31.78
3102409,4.2142,41.6,31.78
3103131,4.1241,41.6,31.78
3103853,3.8086,41.6,31.78
3104575,3.8762,41.6,31.78
3105297,4.6650,41.6,31.78
3106019,4.6424,41.6,31.79
3106741,4.1016,41.6,31.79
3107463,3.9438,41.6,31.79
# [n=4300] mean=3.8625 m  sigma=1.6660 m  die=41.6 C  CalVal=18
3108185,3.9438,41.6,31.79
3108907,4.6650,41.6,31.79
3109629,4.1016,41.6,31.80
3110351,5.2284,41.6,31.80
3111073,2.8170,41.6,31.80
3111795,2.8170,40.6,31.80
3112517,3.5832,41.6,31.81
3113239,4.5748,41.6,31.81
3113961,2.9522,41.6,31.81
3114683,5.0255,41.6,31.81
3115405,2.7494,41.6,31.82
3116127,4.6424,41.6,31.81
3116849,3.9213,41.6,31.82
3117571,4.0114,41.6,31.82
3118293,4.3044,41.6,31.82
3119015,4.5523,41.6,31.82
3119737,3.2677,41.6,31.82
3120459,4.0114,41.6,31.82
3121181,3.0198,41.6,31.82
3121903,4.0565,41.6,31.82
3122625,3.6283,41.6,31.82
3123347,4.4396,41.6,31.82
3124069,2.6593,41.6,31.82
3124791,2.6593,41.6,31.82
3125513,3.3128,40.6,31.82
3126235,4.3269,40.6,31.82
3126957,3.3579,41.6,31.82
3127679,4.2142,41.6,31.82
3128401,2.7945,41.6,31.82
3129123,4.0340,41.6,31.82
3129845,4.6875,41.6,31.82
3130567,4.8002,41.6,31.82
3131289,4.9579,41.6,31.82
3132011,3.2452,41.6,31.82
3132733,5.1608,41.6,31.83
3133455,3.8762,41.6,31.83
3134177,3.6283,41.6,31.83
3134899,3.6959,41.6,31.83
3135621,5.0706,41.6,31.84
3136343,4.4621,41.6,31.84
3137065,3.9213,41.6,31.84
3137787,4.0565,41.6,31.84
3138509,3.3353,41.6,31.84
3139231,4.7326,41.6,31.84
3139953,4.0114,41.6,31.84
3140675,4.8678,40.6,31.84
3141397,4.8678,40.6,31.84
3142119,3.2903,40.6,31.84
3142841,4.5523,41.6,31.84
3143563,3.1776,41.6,31.84
3144285,4.6199,41.6,31.84
3145007,4.2819,41.6,31.84
3145729,3.6508,41.6,31.84
3146451,3.4029,40.6,31.84
3147173,4.3044,41.6,31.85
3147895,3.4255,41.6,31.85
3148617,4.8002,41.6,31.85
3149339,3.4255,41.6,31.85
3150061,3.7410,41.6,31.85
3150783,3.9438,41.6,31.85
3151505,3.4931,41.6,31.85
3152227,5.0255,41.6,31.85
3152949,3.2227,41.6,31.85
3153671,3.8987,40.6,31.85
3154393,4.8453,40.6,31.85
3155115,4.5974,40.6,31.85
3155837,3.0424,41.6,31.85
3156559,3.8537,41.6,31.85
3157281,5.0481,41.6,31.86
3158003,5.0481,41.6,31.86
3158725,4.0340,40.6,31.86
3159447,4.6424,41.6,31.86
3160169,3.9889,41.6,31.86
3160891,3.4029,41.6,31.86
3161613,4.6650,41.6,31.86
3162335,4.0790,41.6,31.86
3163057,4.7551,41.6,31.86
3163779,3.5832,41.6,31.86
3164501,3.5382,41.6,31.86
3165223,4.4621,41.6,31.86
3165945,3.9889,41.6,31.86
3166667,4.1917,40.6,31.86
3167389,3.4706,40.6,31.87
3168111,4.3945,41.6,31.87
3168833,3.8086,41.6,31.87
3169555,3.7184,41.6,31.87
3170277,3.6058,41.6,31.87
3170999,3.6058,41.6,31.87
3171721,3.4255,41.6,31.87
3172443,3.1325,41.6,31.87
3173165,3.9438,41.6,31.87
3173887,4.1241,41.6,31.87
3174609,4.1241,41.6,31.87
3175331,3.2227,41.6,31.87
3176053,3.5832,41.6,31.88
3176775,3.1776,41.6,31.88
3177497,3.8537,41.6,31.88
3178219,4.5974,41.6,31.88
3178941,3.8987,41.6,31.88
3179663,4.4171,41.6,31.89
# [n=4400] mean=3.8650 m  sigma=1.6499 m  die=41.6 C  CalVal=18
3180385,4.4847,41.6,31.88
3181107,4.7776,41.6,31.89
3181829,3.6058,40.6,31.89
3182551,3.7184,40.6,31.89
3183273,3.8537,41.6,31.89
3183995,3.6959,41.6,31.89
3184717,3.5832,41.6,31.89
3185439,3.6283,41.6,31.89
3186161,4.1016,41.6,31.89
3186883,3.9889,41.6,31.89
3187605,3.9889,41.6,31.89
3188327,4.1016,41.6,31.89
3189049,4.2819,41.6,31.89
3189771,4.2819,41.6,31.89
3190493,5.1382,41.6,31.89
3191215,4.4171,40.6,31.89
3191937,3.5382,41.6,31.89
3192659,3.8987,41.6,31.89
3193381,4.1917,41.6,31.89
3194103,4.4396,41.6,31.89
3194825,3.9438,41.6,31.89
3195547,4.9805,41.6,31.89
3196269,4.3720,41.6,31.89
3196991,3.4029,41.6,31.89
3197713,3.3353,41.6,31.89
3198435,3.3353,41.6,31.89
3199157,3.5832,41.6,31.89
3199879,3.9438,41.6,31.89
3200601,3.3804,41.6,31.89
3201323,4.2593,41.6,31.88
3202045,3.4706,41.6,31.89
3202767,3.2452,41.6,31.88
3203489,3.7635,41.6,31.88
3204211,3.7635,41.6,31.89
3204933,3.9663,41.6,31.88
3205655,4.8002,41.6,31.88
3206377,3.6058,41.6,31.88
3207099,3.0424,41.6,31.88
3207821,3.4255,41.6,31.88
3208543,3.5832,41.6,31.88
3209265,4.7100,41.6,31.88
3209987,4.7776,41.6,31.88
3210709,4.1692,41.6,31.87
3211431,4.4847,41.6,31.87
3212153,4.0114,41.6,31.87
3212875,3.8762,41.6,31.87
3213597,4.2593,41.6,31.87
3214319,4.2142,41.6,31.87
3215041,3.4255,41.6,31.87
3215763,4.9805,41.6,31.87
3216485,3.7861,41.6,31.87
3217207,4.7326,41.6,31.87
3217929,4.7100,41.6,31.87
3218651,3.9663,41.6,31.87
3219373,4.5974,41.6,31.87
3220095,4.6875,41.6,31.87
3220817,4.6875,41.6,31.87
3221539,3.5382,41.6,31.87
3222261,4.3495,41.6,31.87
3222983,3.0198,41.6,31.87
3223705,3.3804,41.6,31.87
3224427,3.9663,41.6,31.88
3225149,3.6058,41.6,31.88
3225871,3.6283,41.6,31.88
3226593,3.7635,41.6,31.88
3227315,4.0340,41.6,31.88
3228037,4.9354,41.6,31.88
3228759,4.1016,41.6,31.88
3229481,4.1016,41.6,31.88
3230203,4.0790,41.6,31.88
3230925,3.3804,41.6,31.88
3231647,3.8762,40.6,31.88
3232369,4.0114,40.6,31.89
3233091,4.4847,41.6,31.88
3233813,4.4847,41.6,31.88
3234535,4.3269,41.6,31.89
3235257,4.6875,41.6,31.89
3235979,3.1776,41.6,31.89
3236701,3.5607,41.6,31.89
3237423,3.7861,41.6,31.90
3238145,3.1325,41.6,31.89
3238867,4.1241,41.6,31.89
3239589,4.0565,41.6,31.89
3240311,2.9297,41.6,31.90
3241033,4.8678,41.6,31.90
3241755,3.8987,41.6,31.90
3242477,3.2452,41.6,31.90
3243199,4.3269,41.6,31.90
3243921,4.1692,41.6,31.90
3244643,4.5297,41.6,31.90
3245365,4.9805,41.6,31.90
3246087,3.5382,41.6,31.90
3246809,4.6875,41.6,31.90
3247531,3.7861,41.6,31.90
3248253,4.1241,41.6,31.91
3248975,4.2142,41.6,31.91
3249697,3.0649,41.6,31.91
3250419,3.0649,41.6,31.90
3251141,4.4847,41.6,31.91
3251863,4.1692,41.6,31.90
# [n=4500] mean=3.8681 m  sigma=1.6335 m  die=41.6 C  CalVal=18
3252585,3.2001,41.6,31.90
3253307,3.7635,41.6,31.90
3254029,4.9579,41.6,31.90
3254751,4.0565,41.6,31.91
3255473,4.8903,41.6,31.90
3256195,3.2677,41.6,31.90
3256917,3.0649,41.6,31.90
3257639,4.3720,41.6,31.90
3258361,4.2819,41.6,31.90
3259083,4.8453,41.6,31.91
3259805,3.5607,41.6,31.91
3260527,4.0565,41.6,31.90
3261249,4.3269,41.6,31.91
3261971,3.4931,41.6,31.90
3262693,4.9129,41.6,31.91
3263415,5.1382,41.6,31.91
3264137,4.0340,41.6,31.91
3264859,3.8311,40.6,31.91
3265581,3.8762,41.6,31.91
3266303,3.6959,40.6,31.91
3267025,3.6959,40.6,31.91
3267747,3.5832,41.6,31.92
3268469,4.1692,41.6,31.92
3269191,5.1157,41.6,31.92
3269913,4.2819,41.6,31.92
3270635,4.3044,41.6,31.92
3271357,4.8002,41.6,31.92
3272079,3.3579,41.6,31.92
3272801,4.0340,41.6,31.92
3273523,4.3044,41.6,31.92
3274245,4.3269,41.6,31.92
3274967,3.2452,41.6,31.93
3275689,4.5748,41.6,31.93
3276411,5.2284,41.6,31.93
3277133,4.6875,40.6,31.93
3277855,4.5297,41.6,31.93
3278577,4.5523,41.6,31.93
3279299,3.4480,40.6,31.94
3280021,3.4480,41.6,31.94
3280743,4.1241,41.6,31.94
3281465,3.8762,41.6,31.93
3282187,3.0198,40.6,31.94
3282909,4.6650,41.6,31.94
3283631,4.6650,41.6,31.94
3284353,3.4931,41.6,31.95
3285075,4.2142,41.6,31.95
3285797,5.0030,41.6,31.95
3286519,5.1833,41.6,31.94
3287241,3.7410,40.6,31.95
3287963,4.0565,41.6,31.95
3288685,4.1016,41.6,31.94
3289407,3.8311,41.6,31.95
3290129,4.5523,41.6,31.95
3290851,4.4396,41.6,31.95
3291573,4.1241,41.6,31.95
3292295,4.4171,41.6,31.96
3293017,4.0114,41.6,31.96
3293739,3.8762,41.6,31.96
3294461,3.2001,41.6,31.96
3295183,4.7100,41.6,31.96
3295905,3.7635,41.6,31.96
3296627,3.7635,41.6,31.96
3297349,3.8762,41.6,31.96
3298071,4.2819,41.6,31.96
3298793,3.9663,41.6,31.96
3299515,3.1776,41.6,31.96
3300237,3.2001,41.6,31.96
3300959,3.6508,41.6,31.97
3301681,4.2142,41.6,31.97
3302403,3.8987,41.6,31.97
3303125,3.7861,41.6,31.97
3303847,3.7635,41.6,31.97
3304569,4.0565,41.6,31.97
3305291,3.2001,41.6,31.98
3306013,3.5382,41.6,31.97
3306735,4.0790,41.6,31.97
3307457,3.3804,41.6,31.98
3308179,5.0255,41.6,31.98
3308901,4.1692,41.6,31.97
3309623,3.8311,41.6,31.98
3310345,3.2677,41.6,31.98
3311067,3.6508,41.6,31.98
3311789,4.3945,41.6,31.98
3312511,4.6199,41.6,31.98
3313233,4.6199,41.6,31.98
3313955,3.8762,41.6,31.98
3314677,4.1917,41.6,31.98
3315399,4.9129,41.6,31.98
3316121,3.3353,41.6,31.98
3316843,5.1608,41.6,31.98
3317565,3.4931,41.6,31.99
3318287,3.1100,41.6,31.99
3319009,4.4396,41.6,32.00
3319731,4.6875,41.6,31.99
3320453,4.3945,41.6,31.99
3321175,4.8002,41.6,32.00
3321897,4.6875,41.6,32.00
3322619,3.4706,41.6,32.00
3323341,3.9889,41.6,32.01
3324063,2.9748,41.6,32.00
# [n=4600] mean=3.8726 m  sigma=1.6181 m  die=41.6 C  CalVal=18
3324785,4.7326,41.6,32.01
3325507,3.2001,41.6,32.00
3326229,4.2368,41.6,32.01
3326951,4.8903,41.6,32.01
3327673,4.3269,41.6,32.02
3328395,3.3353,41.6,32.01
3329117,3.8762,41.6,32.02
3329839,3.8762,41.6,32.02
3330561,3.2903,41.6,32.02
3331283,4.2142,41.6,32.02
3332005,3.8762,41.6,32.03
3332727,3.4255,41.6,32.03
3333449,4.1241,41.6,32.03
3334171,4.5297,41.6,32.03
3334893,3.5156,41.6,32.04
3335615,3.3579,41.6,32.03
3336337,2.9522,41.6,32.04
3337059,3.9438,41.6,32.04
3337781,3.6959,41.6,32.04
3338503,2.6142,41.6,32.04
3339225,4.5072,41.6,32.05
3339947,3.1550,41.6,32.04
3340669,5.0931,41.6,32.05
3341391,3.4931,41.6,32.04
3342113,4.1241,41.6,32.05
3342835,4.1241,41.6,32.05
3343557,3.7861,41.6,32.06
3344279,4.7100,41.6,32.05
3345001,4.0565,41.6,32.05
3345723,4.4621,41.6,32.05
3346445,7.3468,41.6,32.05
3347167,4.4621,41.6,32.05
3347889,4.8903,41.6,32.05
3348611,4.0340,41.6,32.06
3349333,4.8903,41.6,32.06
3350055,4.0790,41.6,32.06
3350777,3.7184,41.6,32.05
3351499,2.8846,41.6,32.05
3352221,4.0565,41.6,32.06
3352943,3.0874,41.6,32.06
3353665,3.1325,41.6,32.06
3354387,3.5832,41.6,32.05
3355109,4.9354,41.6,32.06
3355831,4.2819,41.6,32.06
3356553,3.0874,41.6,32.06
3357275,3.2227,41.6,32.06
3357997,3.9438,41.6,32.06
3358719,3.2452,41.6,32.06
3359441,3.2452,41.6,32.06
3360163,2.5015,41.6,32.06
3360885,3.7635,41.6,32.05
3361607,4.6199,41.6,32.06
3362329,3.9889,41.6,32.06
3363051,4.2142,41.6,32.06
3363773,3.9663,41.6,32.06
3364495,2.9522,41.6,32.06
3365217,4.3945,41.6,32.06
3365939,4.3044,41.6,32.06
3366661,3.5156,40.6,32.06
3367383,4.2819,41.6,32.06
3368105,4.1466,41.6,32.06
3368827,3.1776,40.6,32.06
3369549,3.7635,41.6,32.06
3370271,3.6734,41.6,32.06
3370993,2.9297,41.6,32.06
3371715,3.5156,41.6,32.06
3372437,3.9438,41.6,32.06
3373159,3.9663,41.6,32.06
3373881,3.5382,41.6,32.06
3374603,3.3128,41.6,32.06
3375325,4.2593,41.6,32.06
3376047,4.2593,41.6,32.06
3376769,2.9072,41.6,32.06
3377491,3.1776,41.6,32.06
3378213,3.6283,41.6,32.06
3378935,4.9129,41.6,32.06
3379657,4.3495,41.6,32.06
3380379,3.2227,41.6,32.06
3381101,4.4171,41.6,32.06
3381823,4.2819,41.6,32.06
3382545,3.9438,41.6,32.06
3383267,3.4480,41.6,32.06
3383989,4.8002,41.6,32.06
3384711,4.4171,41.6,32.06
3385433,3.7861,41.6,32.06
3386155,3.8537,41.6,32.06
3386877,3.9438,41.6,32.06
3387599,3.9438,41.6,32.06
3388321,4.8453,41.6,32.06
3389043,4.8453,41.6,32.06
3389765,3.3804,41.6,32.06
3390487,4.7551,41.6,32.07
3391209,4.8678,41.6,32.06
3391931,3.2452,41.6,32.06
3392653,3.2452,41.6,32.06
3393375,4.7776,41.6,32.07
3394097,4.6424,41.6,32.06
3394819,4.1016,41.6,32.06
3395541,3.0649,41.6,32.06
3396263,4.5523,41.6,32.06
# [n=4700] mean=3.8740 m  sigma=1.6041 m  die=41.6 C  CalVal=18
3396985,3.9213,41.6,32.07
3397707,4.2593,41.6,32.07
3398429,3.6959,41.6,32.07
3399151,3.2001,41.6,32.07
3399873,4.1241,41.6,32.07
3400595,3.1550,41.6,32.07
3401317,3.1776,41.6,32.08
3402039,3.0874,41.6,32.08
3402761,3.4255,41.6,32.08
3403483,3.5832,40.6,32.08
3404205,4.4171,41.6,32.08
3404927,3.2677,41.6,32.08
3405649,3.2677,41.6,32.08
3406371,3.5832,41.6,32.08
3407093,3.9663,41.6,32.08
3407815,4.6875,41.6,32.07
3408537,3.3353,41.6,32.08
3409259,3.4255,42.6,32.08
3409981,3.6959,42.6,32.08
3410703,3.7861,41.6,32.08
3411425,3.3353,41.6,32.08
3412147,3.7635,41.6,32.08
3412869,3.8762,40.6,32.07
3413591,4.3044,41.6,32.08
3414313,4.8227,41.6,32.07
3415035,3.3128,41.6,32.07
3415757,4.6650,42.6,32.07
3416479,3.4029,41.6,32.07
3417201,3.0198,41.6,32.07
3417923,2.9748,41.6,32.07
3418645,3.2452,41.6,32.08
3419367,4.4396,41.6,32.07
3420089,2.9748,41.6,32.08
3420811,5.0030,41.6,32.08
3421533,3.9213,41.6,32.07
3422255,3.9213,41.6,32.08
3422977,3.9213,41.6,32.07
3423699,4.3720,41.6,32.08
3424421,4.6424,40.6,32.08
3425143,3.2452,41.6,32.08
3425865,4.3269,41.6,32.08
3426587,4.2819,40.6,32.08
3427309,3.7635,41.6,32.08
3428031,3.3804,41.6,32.08
3428753,2.9973,41.6,32.08
3429475,4.6650,41.6,32.09
3430197,4.1241,41.6,32.08
3430919,4.1016,41.6,32.08
3431641,3.4029,41.6,32.08
3432363,4.2368,41.6,32.08
3433085,2.8395,41.6,32.09
3433807,3.9663,41.6,32.09
3434529,4.2368,42.6,32.10
3435251,4.8453,42.6,32.11
3435973,3.9889,41.6,32.12
3436695,4.7100,41.6,32.13
3437417,3.2001,41.6,32.14
3438139,4.7551,41.6,32.14
3438861,4.7551,41.6,32.15
3439583,3.5832,41.6,32.16
3440305,4.6875,41.6,32.17
3441027,3.1100,41.6,32.18
3441749,3.8537,41.6,32.19
3442471,4.4847,41.6,32.19
3443193,4.4621,41.6,32.20
3443915,4.8903,41.6,32.21
3444637,4.5974,41.6,32.22
3445359,4.2368,41.6,32.23
3446081,4.1016,41.6,32.24
3446803,4.2142,41.6,32.25
3447525,4.3720,41.6,32.25
3448247,3.2677,41.6,32.25
3448969,3.5382,41.6,32.25
3449691,4.4396,41.6,32.26
3450413,4.0565,41.6,32.26
3451135,5.1608,41.6,32.26
3451857,5.1608,41.6,32.26
3452579,4.3044,41.6,32.27
3453301,4.3044,41.6,32.27
3454023,2.1184,41.6,32.27
3454745,3.8086,41.6,32.29
3455467,-33.6463,41.6,32.30
3456189,3.1100,41.6,32.31
3456911,4.0340,41.6,32.32
3457633,4.2142,41.6,32.33
3458355,4.5974,41.6,32.34
3459077,3.2903,41.6,32.34
3459799,4.2142,41.6,32.36
3460521,4.2142,41.6,32.37
3461243,3.8987,42.6,32.38
3461965,4.5523,41.6,32.38
3462687,3.0874,41.6,32.39
3463409,3.8762,41.6,32.40
3464131,3.9663,41.6,32.41
3464853,3.4706,41.6,32.42
3465575,4.7551,41.6,32.43
3466297,3.9889,41.6,32.45
3467019,3.7861,41.6,32.46
3467741,4.8227,41.6,32.47
3468463,4.8227,41.6,32.48
# [n=4800] mean=3.8676 m  sigma=1.6795 m  die=41.6 C  CalVal=18
3469185,3.4706,41.6,32.49
3469907,4.5297,41.6,32.49
3470629,3.8537,40.6,32.50
3471351,3.6283,40.6,32.51
3472073,4.1692,41.6,32.52
3472795,4.2142,41.6,32.52
3473517,4.7326,41.6,32.53
3474239,3.5832,41.6,32.54
3474961,4.5523,41.6,32.55
3475683,3.9663,41.6,32.56
3476405,3.9889,41.6,32.56
3477127,4.0114,41.6,32.57
3477849,3.6058,41.6,32.58
3478571,4.4847,41.6,32.58
3479293,3.9663,41.6,32.59
3480015,3.0198,41.6,32.59
3480737,3.7410,41.6,32.60
3481459,3.5832,41.6,32.61
3482181,4.1692,41.6,32.62
3482903,4.0790,41.6,32.62
3483625,3.6058,41.6,32.63
3484347,4.4847,41.6,32.64
3485069,4.4847,41.6,32.64
3485791,3.1325,41.6,32.65
3486513,4.4621,41.6,32.65
3487235,4.3720,41.6,32.66
3487957,4.4396,41.6,32.67
3488679,4.4396,41.6,32.68
3489401,4.0340,41.6,32.69
3490123,4.3945,41.6,32.69
3490845,4.8678,41.6,32.70
3491567,4.1466,41.6,32.71
3492289,3.7861,41.6,32.72
3493011,4.6424,41.6,32.72
3493733,3.8762,41.6,32.73
3494455,3.3128,41.6,32.74
3495177,3.2001,41.6,32.75
3495899,4.3720,41.6,32.76
3496621,3.2001,41.6,32.77
3497343,4.0114,41.6,32.78
3498065,4.0114,41.6,32.78
3498787,4.6424,41.6,32.79
3499509,4.1692,41.6,32.80
3500231,4.7100,41.6,32.80
3500953,3.7635,41.6,32.81
3501675,3.7635,41.6,32.82
3502397,2.8621,41.6,32.83
3503119,4.6199,41.6,32.84
3503841,3.6959,41.6,32.84
3504563,3.2677,41.6,32.85
3505285,4.8903,41.6,32.86
3506007,3.8086,41.6,32.87
3506729,3.9213,41.6,32.88
3507451,4.5974,41.6,32.89
3508173,3.9213,41.6,32.90
3508895,4.5297,41.6,32.90
3509617,4.7326,41.6,32.91
3510339,3.1100,41.6,32.92
3511061,3.6283,41.6,32.92
3511783,4.3720,41.6,32.93
3512505,4.1692,41.6,32.94
3513227,3.7635,41.6,32.95
3513949,3.6058,41.6,32.95
3514671,3.6058,41.6,32.96
3515393,3.5832,41.6,32.97
3516115,3.9213,41.6,32.98
3516837,3.7635,41.6,32.99
3517559,3.4480,41.6,32.99
3518281,1.7353,41.6,33.01
3519003,3.6508,41.6,33.02
3519725,3.3804,41.6,33.02
3520447,3.7410,42.6,33.03
3521169,4.7100,41.6,33.04
3521891,3.6283,41.6,33.04
3522613,4.8002,41.6,33.05
3523335,4.1917,41.6,33.05
3524057,3.1325,41.6,33.06
3524779,4.4396,41.6,33.07
3525501,3.9438,41.6,33.07
3526223,2.8170,41.6,33.09
3526945,3.8762,41.6,33.10
3527667,4.5974,41.6,33.10
3528389,3.9663,41.6,33.11
3529111,4.5523,41.6,33.12
3529833,4.3720,41.6,33.14
3530555,4.6424,42.6,33.14
3531277,4.6424,42.6,33.15
3531999,3.0649,41.6,33.16
3532721,4.7551,41.6,33.17
3533443,4.3269,42.6,33.17
3534165,3.6058,41.6,33.17
3534887,3.9213,42.6,33.18
3535609,2.9522,42.6,33.19
3536331,2.7043,42.6,33.19
3537053,4.6424,42.6,33.20
3537775,3.7635,41.6,33.21
3538497,4.4621,41.6,33.21
3539219,3.7635,41.6,33.22
3539941,4.8227,42.6,33.23
3540663,3.6734,41.6,33.24
# [n=4900] mean=3.8697 m  sigma=1.6644 m  die=41.6 C  CalVal=18
3541385,4.1241,42.6,33.24
3542107,4.2593,42.6,33.25
3542829,2.8621,41.6,33.26
3543551,3.6058,41.6,33.26
3544273,4.4171,41.6,33.28
3544995,2.9973,41.6,33.28
3545717,2.7945,41.6,33.29
3546439,4.6424,40.6,33.30
3547161,4.4621,41.6,33.31
3547883,4.4621,41.6,33.31
3548605,4.4396,41.6,33.32
3549327,2.8621,42.6,33.33
3550049,2.9522,41.6,33.33
3550771,4.5523,41.6,33.34
3551493,4.2819,41.6,33.35
3552215,3.6058,41.6,33.35
3552937,4.4621,42.6,33.35
3553659,4.4621,42.6,33.36
3554381,3.6283,42.6,33.37
3555103,3.8311,42.6,33.38
3555825,3.5156,41.6,33.39
3556547,3.1776,41.6,33.39
3557269,4.3269,42.6,33.40
3557991,3.7635,42.6,33.41
3558713,4.5974,41.6,33.42
3559435,2.9072,42.6,33.43
3560157,4.2593,42.6,33.43
3560879,4.2593,42.6,33.44
3561601,3.3353,42.6,33.44
3562323,4.0114,42.6,33.45
3563045,4.8453,42.6,33.45
3563767,4.7326,42.6,33.46
3564489,-22.4459,41.6,33.46
3565211,3.3353,41.6,33.47
3565933,4.5072,42.6,33.48
3566655,3.1100,42.6,33.48
3567377,2.9297,42.6,33.49
3568099,3.0649,42.6,33.49
3568821,4.8903,41.6,33.49
3569543,3.5832,42.6,33.50
3570265,3.9213,42.6,33.51
3570987,4.1241,42.6,33.52
3571709,3.2903,42.6,33.52
3572431,3.3353,42.6,33.52
3573153,3.1776,42.6,33.53
3573875,2.9748,41.6,33.54
3574597,3.2227,41.6,33.54
3575319,3.3128,41.6,33.54
3576041,3.5156,41.6,33.55
3576763,4.0790,41.6,33.56
3577485,4.0790,41.6,33.56
3578207,4.1917,41.6,33.57
3578929,4.1466,42.6,33.57
3579651,4.0340,42.6,33.58
3580373,3.9213,42.6,33.58
3581095,3.7861,42.6,33.59
3581817,3.5607,42.6,33.60
3582539,4.3720,42.6,33.60
3583261,4.6875,41.6,33.60
3583983,3.6283,42.6,33.61
3584705,4.3945,41.6,33.62
3585427,3.7635,41.6,33.62
3586149,4.0565,42.6,33.62
3586871,4.5072,42.6,33.63
3587593,3.3353,42.6,33.63
3588315,3.6058,42.6,33.64
3589037,3.6508,42.6,33.64
3589759,3.2677,41.6,33.65
3590481,4.6650,41.6,33.66
3591203,3.2227,41.6,33.66
3591925,4.6875,42.6,33.66
3592647,3.2001,42.6,33.66
3593369,4.5974,42.6,33.67
3594091,4.5974,42.6,33.68
3594813,3.8987,42.6,33.68
3595535,4.2593,42.6,33.68
3596257,4.8678,42.6,33.69
3596979,4.1016,41.6,33.70
3597701,3.8311,42.6,33.70
3598423,4.1241,42.6,33.71
3599145,3.5832,42.6,33.71
3599867,3.9213,42.6,33.72
3600589,3.5156,42.6,33.72
3601311,4.2368,42.6,33.73
3602033,3.8086,42.6,33.74
3602755,3.6959,42.6,33.74
3603477,3.2001,42.6,33.75
3604199,4.2142,42.6,33.76
3604921,3.4931,42.6,33.76
3605643,2.8621,42.6,33.77
3606365,3.6283,41.6,33.77
3607087,3.6283,41.6,33.78
3607809,4.1692,42.6,33.78
3608531,4.5748,42.6,33.78
3609253,4.5297,42.6,33.79
3609975,4.0565,42.6,33.80
3610697,4.0565,42.6,33.80
3611419,4.5974,42.6,33.80
3612141,3.4706,42.6,33.81
3612863,4.5523,42.6,33.81
# [n=5000] mean=3.8647 m  sigma=1.6910 m  die=42.6 C  CalVal=18
3613585,3.4480,42.6,33.82
3614307,3.4706,42.6,33.82
3615029,3.3353,42.6,33.83
3615751,4.2368,42.6,33.83
3616473,3.1776,42.6,33.84
3617195,3.8311,42.6,33.84
3617917,3.8537,42.6,33.85
3618639,4.0340,42.6,33.85
3619361,3.8762,42.6,33.85
3620083,2.7043,42.6,33.85
3620805,3.4255,42.6,33.86
3621527,3.5156,41.6,33.86
3622249,3.9889,41.6,33.86
3622971,3.9438,42.6,33.87
3623693,3.9438,41.6,33.87
3624415,4.0790,42.6,33.88
3625137,4.6875,42.6,33.88
3625859,3.5382,41.6,33.89
3626581,3.8311,41.6,33.89
3627303,3.9438,42.6,33.89
3628025,4.1917,41.6,33.90
3628747,3.7635,42.6,33.90
3629469,3.4931,42.6,33.91
3630191,3.7635,42.6,33.91
3630913,3.4255,41.6,33.91
3631635,3.9213,41.6,33.91
3632357,4.3495,42.6,33.92
3633079,4.7326,42.6,33.92
3633801,3.5832,41.6,33.92
3634523,4.7100,42.6,33.93
3635245,3.4029,42.6,33.93
3635967,3.3579,41.6,33.94
3636689,3.4480,42.6,33.94
3637411,3.6959,41.6,33.94
3638133,3.4255,42.6,33.95
3638855,4.5072,42.6,33.95
3639577,3.4706,42.6,33.95
3640299,3.4706,42.6,33.96
3641021,4.7551,42.6,33.96
3641743,3.5832,42.6,33.96
3642465,4.1692,42.6,33.97
3643187,2.9748,42.6,33.97
3643909,4.3269,42.6,33.97
3644631,4.0565,42.6,33.98
3645353,3.4706,41.6,33.98
3646075,4.1917,42.6,33.99
3646797,3.9213,42.6,33.99
3647519,4.7326,42.6,33.99
3648241,3.9213,42.6,33.99
3648963,2.8395,42.6,34.00
3649685,3.7635,42.6,34.00
3650407,4.3044,42.6,34.00
3651129,4.3269,42.6,34.01
3651851,4.0114,42.6,34.01
3652573,3.2001,42.6,34.01
3653295,3.7861,43.6,34.02
3654017,3.6959,42.6,34.02
3654739,4.0790,42.6,34.02
3655461,4.5523,43.6,34.03
3656183,3.9663,42.6,34.04
3656905,3.9663,42.6,34.04
3657627,3.8537,42.6,34.04
3658349,4.1241,42.6,34.05
3659071,3.6508,42.6,34.05
3659793,2.7494,42.6,34.06
3660515,3.0424,42.6,34.06
3661237,3.0424,41.6,34.06
3661959,3.0424,42.6,34.07
3662681,4.5523,42.6,34.06
3663403,3.8987,42.6,34.07
3664125,3.5156,42.6,34.07
3664847,3.6508,41.6,34.07
3665569,2.6818,42.6,34.08
3666291,2.6593,42.6,34.08
3667013,3.6734,42.6,34.08
3667735,3.4931,42.6,34.09
3668457,3.8537,42.6,34.09
3669179,3.4931,41.6,34.09
3669901,3.4931,42.6,34.10
3670623,3.6508,42.6,34.10
3671345,4.5072,42.6,34.11
3672067,2.6818,42.6,34.11
3672789,4.2593,43.6,34.11
3673511,4.2593,42.6,34.11
3674233,3.2903,43.6,34.12
3674955,2.9748,43.6,34.12
3675677,3.4931,43.6,34.13
3676399,2.6593,43.6,34.13
3677121,3.4029,43.6,34.13
3677843,3.5832,43.6,34.13
3678565,3.6508,42.6,34.13
3679287,3.6734,43.6,34.14
3680009,3.4255,43.6,34.14
3680731,4.2819,42.6,34.14
3681453,4.5297,43.6,34.15
3682175,3.8311,43.6,34.15
3682897,4.1241,42.6,34.16
3683619,2.8621,41.6,34.16
3684341,4.6424,41.6,34.16
3685063,4.1692,42.6,34.17
# [n=5100] mean=3.8624 m  sigma=1.6760 m  die=42.6 C  CalVal=18
3685785,2.7719,42.6,34.17
3686507,2.7719,42.6,34.17
3687229,4.5974,42.6,34.17
3687951,4.5974,42.6,34.18
3688673,3.6508,43.6,34.18
3689395,3.5832,42.6,34.19
3690117,2.1860,42.6,34.19
3690839,3.7410,42.6,34.19
3691561,4.0114,42.6,34.20
3692283,3.9438,42.6,34.20
3693005,4.4621,43.6,34.20
3693727,4.2368,43.6,34.20
3694449,4.3044,43.6,34.21
3695171,3.3353,42.6,34.21
3695893,3.0424,42.6,34.21
3696615,3.8762,41.6,34.22
3697337,3.4931,42.6,34.22
3698059,4.2593,42.6,34.22
3698781,4.3720,42.6,34.23
3699503,2.9522,43.6,34.23
3700225,4.3495,42.6,34.23
3700947,4.1692,42.6,34.23
3701669,3.6058,43.6,34.24
3702391,3.9889,43.6,34.24
3703113,3.9889,42.6,34.24
3703835,4.0114,43.6,34.25
3704557,2.6142,43.6,34.25
3705279,2.2987,42.6,34.25
3706001,3.2452,42.6,34.26
3706723,3.5156,42.6,34.25
3707445,2.7945,42.6,34.26
3708167,3.6283,42.6,34.26
3708889,3.6734,42.6,34.26
3709611,3.8537,42.6,34.27
3710333,3.5156,42.6,34.27
3711055,3.7861,43.6,34.27
3711777,2.6367,42.6,34.28
3712499,3.5156,42.6,34.28
3713221,3.2903,42.6,34.28
3713943,2.6142,42.6,34.29
3714665,2.7043,42.6,34.29
3715387,4.0790,42.6,34.30
3716109,3.8086,42.6,34.29
3716831,2.5015,42.6,34.30
3717553,4.3720,42.6,34.30
3718275,3.4480,43.6,34.30
3718997,3.5382,43.6,34.31
3719719,3.5382,43.6,34.31
3720441,4.3945,43.6,34.31
3721163,3.0649,42.6,34.32
3721885,3.2001,42.6,34.32
3722607,3.6058,43.6,34.33
3723329,4.2593,43.6,34.33
3724051,3.4931,43.6,34.33
3724773,4.0340,42.6,34.33
3725495,3.9889,42.6,34.33
3726217,3.8762,42.6,34.34
3726939,3.5156,42.6,34.34
3727661,3.2903,42.6,34.34
3728383,2.5916,41.6,34.35
3729105,3.3353,42.6,34.35
3729827,3.1100,42.6,34.35
3730549,3.8987,41.6,34.35
3731271,4.2593,42.6,34.36
3731993,2.6142,42.6,34.36
3732715,2.6142,42.6,34.37
3733437,3.5607,43.6,34.36
3734159,4.4847,43.6,34.37
3734881,4.1466,43.6,34.37
3735603,2.2085,43.6,34.38
3736325,0.5634,42.6,34.38
3737047,4.0565,42.6,34.38
3737769,4.3720,42.6,34.38
3738491,4.6424,42.6,34.39
3739213,2.8395,42.6,34.39
3739935,3.4706,43.6,34.40
3740657,3.7410,42.6,34.40
3741379,4.4171,43.6,34.40
3742101,2.8395,43.6,34.40
3742823,3.2227,43.6,34.40
3743545,2.5015,43.6,34.41
3744267,3.9438,43.6,34.41
3744989,4.1016,42.6,34.41
3745711,4.4621,43.6,34.42
3746433,2.8846,42.6,34.42
3747155,3.8537,43.6,34.42
3747877,4.4396,43.6,34.42
3748599,2.9748,43.6,34.43
3749321,2.9748,43.6,34.43
3750043,3.7410,43.6,34.43
3750765,4.4396,42.6,34.43
3751487,3.4706,42.6,34.44
3752209,3.9213,42.6,34.44
3752931,3.2452,42.6,34.44
3753653,3.6283,42.6,34.44
3754375,4.0790,43.6,34.44
3755097,4.1692,43.6,34.45
3755819,3.9438,43.6,34.45
3756541,3.7184,43.6,34.46
3757263,3.3128,43.6,34.46
# [n=5200] mean=3.8567 m  sigma=1.6630 m  die=43.6 C  CalVal=18
3757985,4.1466,43.6,34.46
3758707,3.3128,43.6,34.47
3759429,4.3495,43.6,34.47
3760151,3.4255,43.6,34.47
3760873,3.3579,43.6,34.47
3761595,2.8846,42.6,34.48
3762317,3.7635,42.6,34.48
3763039,3.4029,42.6,34.48
3763761,3.1776,42.6,34.48
3764483,3.5156,43.6,34.49
3765205,2.8846,43.6,34.48
3765927,2.8846,43.6,34.48
3766649,4.2142,43.6,34.49
3767371,3.7184,43.6,34.49
3768093,3.6508,43.6,34.49
3768815,4.0114,43.6,34.50
3769537,3.3579,43.6,34.50
3770259,3.2452,43.6,34.50
3770981,2.5240,43.6,34.50
3771703,3.8086,43.6,34.51
3772425,4.5974,43.6,34.51
3773147,3.7861,43.6,34.51
3773869,2.9522,42.6,34.52
3774591,3.7635,43.6,34.52
3775313,4.2142,42.6,34.51
3776035,3.2227,43.6,34.53
3776757,3.5156,42.6,34.53
3777479,3.2452,43.6,34.53
3778201,3.5156,43.6,34.53
3778923,3.5156,43.6,34.53
3779645,4.4396,43.6,34.53
3780367,4.4621,43.6,34.54
3781089,3.5832,43.6,34.54
3781811,4.2368,42.6,34.54
3782533,4.2368,42.6,34.54
3783255,3.3804,41.6,34.55
3783977,3.7861,42.6,34.55
3784699,4.1466,42.6,34.55
3785421,3.9438,42.6,34.56
3786143,2.7719,43.6,34.56
3786865,3.5382,42.6,34.56
3787587,3.3353,43.6,34.56
3788309,3.5382,43.6,34.56
3789031,3.2903,43.6,34.57
3789753,4.0790,43.6,34.57
3790475,3.3353,43.6,34.57
3791197,2.7719,43.6,34.58
3791919,2.7945,43.6,34.58
3792641,2.8170,43.6,34.58
3793363,2.4790,43.6,34.58
3794085,4.4847,43.6,34.59
3794807,3.5156,43.6,34.59
3795529,3.5156,43.6,34.59
3796251,4.3720,43.6,34.60
3796973,3.0874,42.6,34.60
3797695,4.1016,43.6,34.59
3798417,2.5015,43.6,34.60
3799139,3.9889,43.6,34.60
3799861,3.2452,43.6,34.60
3800583,2.8621,43.6,34.60
3801305,2.8846,43.6,34.61
3802027,3.4255,42.6,34.61
3802749,3.4706,43.6,34.61
3803471,4.0114,43.6,34.61
3804193,4.3269,43.6,34.62
3804915,3.6734,43.6,34.62
3805637,3.7410,43.6,34.62
3806359,3.1325,42.6,34.62
3807081,3.2227,42.6,34.63
3807803,3.5382,43.6,34.62
3808525,3.3804,42.6,34.63
3809247,2.9748,42.6,34.63
3809969,3.4029,42.6,34.63
3810691,4.2142,43.6,34.63
3811413,3.5607,42.6,34.64
3812135,3.5607,43.6,34.64
3812857,2.6142,42.6,34.64
3813579,4.2593,43.6,34.64
3814301,4.0565,43.6,34.64
3815023,2.9072,43.6,34.65
3815745,3.4480,43.6,34.65
3816467,3.6734,43.6,34.65
3817189,3.6508,42.6,34.65
3817911,3.9663,43.6,34.65
3818633,3.4480,43.6,34.65
3819355,3.4931,43.6,34.66
3820077,2.6818,43.6,34.66
3820799,3.1100,43.6,34.66
3821521,3.2677,43.6,34.66
3822243,3.8987,42.6,34.66
3822965,2.6367,43.6,34.67
3823687,4.3044,43.6,34.67
3824409,4.1917,43.6,34.67
3825131,4.3495,42.6,34.67
3825853,3.6283,42.6,34.68
3826575,3.6508,42.6,34.68
3827297,2.5916,42.6,34.68
3828019,4.2819,43.6,34.67
3828741,4.2819,43.6,34.68
3829463,2.6142,42.6,34.69
# [n=5300] mean=3.8508 m  sigma=1.6495 m  die=42.6 C  CalVal=18
3830185,3.0874,42.6,34.69
3830907,2.9973,42.6,34.69
3831629,4.6875,42.6,34.70
3832351,3.9889,42.6,34.70
3833073,4.2142,43.6,34.70
3833795,4.0340,43.6,34.71
3834517,2.6818,43.6,34.71
3835239,3.6734,43.6,34.70
3835961,2.7945,43.6,34.70
3836683,3.9663,42.6,34.71
3837405,3.1550,43.6,34.71
3838127,4.3495,43.6,34.72
3838849,3.7184,43.6,34.72
3839571,3.3128,43.6,34.72
3840293,4.0340,42.6,34.73
3841015,3.4029,43.6,34.73
3841737,3.4029,43.6,34.73
3842459,2.5240,42.6,34.73
3843181,3.0874,42.6,34.73
3843903,3.7184,42.6,34.74
3844625,3.2903,42.6,34.74
3845347,2.9522,43.6,34.74
3846069,4.0790,43.6,34.74
3846791,3.4029,42.6,34.74
3847513,3.5382,42.6,34.75
3848235,4.4847,42.6,34.75
3848957,4.3269,41.6,34.76
3849679,3.4255,42.6,34.75
3850401,3.4931,42.6,34.76
3851123,4.3044,43.6,34.76
3851845,3.9213,43.6,34.76
3852567,3.2227,43.6,34.76
3853289,3.5156,43.6,34.77
3854011,3.3353,43.6,34.77
3854733,2.8170,43.6,34.77
3855455,3.9213,42.6,34.77
3856177,4.3044,42.6,34.77
3856899,4.0790,43.6,34.78
3857621,4.4847,43.6,34.78
3858343,4.4847,43.6,34.78
3859065,3.4029,43.6,34.78
3859787,2.6367,43.6,34.79
3860509,3.1776,43.6,34.79
3861231,3.1550,43.6,34.79
3861953,4.0565,43.6,34.79
3862675,3.9663,43.6,34.79
3863397,3.2452,43.6,34.80
3864119,3.2903,43.6,34.80
3864841,3.5156,43.6,34.80
3865563,3.3804,43.6,34.80
3866285,2.5015,44.6,34.80
3867007,3.3128,43.6,34.81
3867729,3.3579,43.6,34.81
3868451,4.0790,43.6,34.81
3869173,4.2368,43.6,34.81
3869895,3.5607,42.6,34.81
3870617,3.5156,42.6,34.81
3871339,4.3044,42.6,34.81
3872061,3.4255,42.6,34.81
3872783,3.2677,43.6,34.82
3873505,3.4480,43.6,34.82
3874227,3.3353,43.6,34.82
3874949,3.3353,43.6,34.82
3875671,4.0565,43.6,34.83
3876393,3.2903,43.6,34.82
3877115,2.4790,43.6,34.82
3877837,4.1241,43.6,34.83
3878559,2.3663,43.6,34.83
3879281,4.4396,43.6,34.83
3880003,3.1776,43.6,34.84
3880725,3.6058,43.6,34.84
3881447,4.2142,43.6,34.84
3882169,2.8170,43.6,34.84
3882891,3.8537,43.6,34.84
3883613,3.2903,43.6,34.84
3884335,3.6283,43.6,34.84
3885057,4.1016,43.6,34.85
3885779,2.6818,43.6,34.85
3886501,4.0565,44.6,34.85
3887223,3.9889,44.6,34.85
3887945,3.9889,43.6,34.85
3888667,3.7184,42.6,34.85
3889389,4.5072,43.6,34.86
3890111,3.3353,43.6,34.86
3890833,3.2903,43.6,34.86
3891555,3.2903,43.6,34.86
3892277,3.3804,43.6,34.86
3892999,2.3437,43.6,34.86
3893721,4.3720,43.6,34.87
3894443,4.2819,43.6,34.87
3895165,3.3353,43.6,34.87
3895887,2.8170,44.6,34.87
3896609,3.4931,43.6,34.87
3897331,2.7945,43.6,34.87
3898053,2.2311,43.6,34.87
3898775,2.9072,43.6,34.87
3899497,3.0198,43.6,34.87
3900219,2.5691,43.6,34.87
3900941,3.8311,43.6,34.88
3901663,3.6058,43.6,34.88
# [n=5400] mean=3.8448 m  sigma=1.6366 m  die=43.6 C  CalVal=17
3902385,3.9438,43.6,34.88
3903107,2.8846,43.6,34.88
3903829,2.4790,43.6,34.88
3904551,2.4790,43.6,34.88
3905273,3.0649,44.6,34.88
3905995,3.0874,43.6,34.89
3906717,4.0790,43.6,34.89
3907439,3.2903,43.6,34.89
3908161,1.4874,43.6,34.89
3908883,4.0565,43.6,34.89
3909605,2.6367,43.6,34.90
3910327,3.7410,43.6,34.90
3911049,3.5832,43.6,34.90
3911771,3.2903,43.6,34.90
3912493,3.8086,43.6,34.90
3913215,3.2001,43.6,34.90
3913937,2.3437,43.6,34.91
3914659,3.4255,43.6,34.90
3915381,3.0198,43.6,34.91
3916103,3.2452,43.6,34.91
3916825,2.9072,43.6,34.91
3917547,4.1917,43.6,34.91
3918269,4.4396,43.6,34.91
3918991,3.8987,43.6,34.92
3919713,3.2227,43.6,34.92
3920435,2.6142,43.6,34.93
3921157,2.6142,42.6,34.92
3921879,3.4255,43.6,34.93
3922601,3.7861,43.6,34.92
3923323,3.1550,43.6,34.93
3924045,3.3128,43.6,34.94
3924767,3.0424,43.6,34.94
3925489,4.1016,43.6,34.94
3926211,3.2677,43.6,34.93
3926933,2.6142,43.6,34.94
3927655,3.3579,43.6,34.94
3928377,2.5240,43.6,34.94
3929099,2.5240,43.6,34.94
3929821,3.1325,43.6,34.94
3930543,2.9973,43.6,34.94
3931265,3.8762,43.6,34.95
3931987,3.8987,43.6,34.94
3932709,4.0565,43.6,34.95
3933431,3.1325,43.6,34.95
3934153,4.1016,43.6,34.95
3934875,3.4480,43.6,34.95
3935597,2.3437,43.6,34.95
3936319,2.4790,43.6,34.95
3937041,3.8987,42.6,34.96
3937763,3.8987,43.6,34.96
3938485,4.0565,42.6,34.96
3939207,3.8762,42.6,34.96
3939929,3.6959,43.6,34.96
3940651,3.0874,43.6,34.96
3941373,3.4706,43.6,34.96
3942095,3.1100,43.6,34.96
3942817,4.1241,44.6,34.96
3943539,3.7635,43.6,34.96
3944261,2.5240,43.6,34.96
3944983,3.1100,43.6,34.97
3945705,2.5240,43.6,34.97
3946427,3.1100,43.6,34.97
3947149,3.2903,43.6,34.98
3947871,4.2593,43.6,34.98
3948593,2.9973,42.6,34.98
3949315,3.5156,43.6,34.98
3950037,3.2001,43.6,34.98
3950759,3.2001,43.6,34.98
3951481,3.0649,42.6,34.98
3952203,3.8311,43.6,34.98
3952925,4.0340,43.6,34.99
3953647,3.1100,43.6,34.98
3954369,-11.7864,43.6,34.99
3955091,3.9889,43.6,34.99
3955813,3.0424,43.6,34.99
3956535,2.4339,43.6,35.00
3957257,2.8395,44.6,35.00
3957979,2.6142,44.6,35.00
3958701,4.2593,44.6,35.01
3959423,2.4114,44.6,35.01
3960145,3.1325,43.6,35.01
3960867,3.9438,43.6,35.01
3961589,3.0649,43.6,35.01
3962311,2.3212,44.6,35.01
3963033,3.8537,44.6,35.01
3963755,3.2001,43.6,35.01
3964477,4.0790,43.6,35.02
3965199,2.3212,43.6,35.02
3965921,3.2001,43.6,35.02
3966643,2.9522,43.6,35.02
3967365,2.9522,43.6,35.03
3968087,3.9889,42.6,35.03
3968809,3.0424,43.6,35.03
3969531,3.8762,43.6,35.03
3970253,3.2903,44.6,35.03
3970975,3.0874,44.6,35.04
3971697,3.2452,44.6,35.03
3972419,4.1466,43.6,35.03
3973141,3.4931,42.6,35.04
3973863,4.1016,43.6,35.04
# [n=5500] mean=3.8323 m  sigma=1.6387 m  die=43.6 C  CalVal=17
3974585,3.1100,43.6,35.04
3975307,2.8170,43.6,35.04
3976029,2.9522,44.6,35.04
3976751,2.8621,43.6,35.04
3977473,3.6959,44.6,35.04
3978195,2.9522,44.6,35.05
3978917,3.2677,44.6,35.04
3979639,3.8537,43.6,35.05
3980361,2.6593,42.6,35.05
3981083,3.4480,43.6,35.05
3981805,2.2085,43.6,35.05
3982527,2.9072,44.6,35.06
3983249,4.0114,43.6,35.05
3983971,4.0114,43.6,35.06
3984693,2.2311,43.6,35.06
3985415,3.0874,42.6,35.06
3986137,4.2142,43.6,35.06
3986859,4.1692,43.6,35.07
3987581,3.3353,43.6,35.07
3988303,2.7945,43.6,35.07
3989025,3.0198,43.6,35.07
3989747,3.8537,43.6,35.07
3990469,3.2452,44.6,35.07
3991191,4.2368,44.6,35.08
3991913,2.3212,44.6,35.08
3992635,3.2903,44.6,35.08
3993357,2.3663,43.6,35.08
3994079,3.1776,43.6,35.08
3994801,3.1550,44.6,35.08
3995523,2.4564,44.6,35.08
3996245,3.3804,44.6,35.08
3996967,3.3804,44.6,35.08
3997689,3.6058,44.6,35.08
3998411,3.2677,43.6,35.09
3999133,3.9663,43.6,35.08
3999855,3.3128,43.6,35.09
4000577,3.3128,43.6,35.09
4001299,3.2001,43.6,35.09
4002021,4.0790,44.6,35.09
4002743,2.3888,43.6,35.09
4003465,2.7043,44.6,35.09
4004187,4.0114,43.6,35.09
4004909,3.6283,43.6,35.10
4005631,4.2819,43.6,35.10
4006353,3.6508,43.6,35.11
4007075,3.4931,43.6,35.10
4007797,3.6283,43.6,35.11
4008519,3.9663,44.6,35.10
4009241,3.3804,44.6,35.11
4009963,2.5240,44.6,35.11
4010685,3.4480,43.6,35.11
4011407,4.1692,43.6,35.11
4012129,3.2227,43.6,35.11
4012851,3.6058,43.6,35.11
4013573,3.6058,44.6,35.12
4014295,2.6142,44.6,35.12
4015017,3.6734,44.6,35.12
4015739,2.3663,44.6,35.12
4016461,3.6959,44.6,35.12
4017183,2.0057,44.6,35.12
4017905,4.0114,44.6,35.12
4018627,3.5156,44.6,35.12
4019349,4.2593,44.6,35.11
4020071,2.5240,44.6,35.12
4020793,3.4706,44.6,35.12
4021515,2.9748,44.6,35.12
4022237,3.2452,44.6,35.13
4022959,3.8086,44.6,35.12
4023681,3.9213,43.6,35.12
4024403,4.1016,43.6,35.12
4025125,4.4621,43.6,35.12
4025847,4.3720,44.6,35.12
4026569,4.3945,43.6,35.13
4027291,4.2593,43.6,35.13
4028013,3.6058,43.6,35.13
4028735,3.9438,43.6,35.13
4029457,3.4255,43.6,35.13
4030179,3.4255,43.6,35.13
4030901,3.3804,43.6,35.13
4031623,3.6734,44.6,35.14
4032345,2.7269,43.6,35.14
4033067,3.3353,43.6,35.14
4033789,3.9438,43.6,35.14
4034511,3.9438,43.6,35.14
4035233,4.1016,43.6,35.14
4035955,4.2368,43.6,35.15
4036677,4.4847,43.6,35.15
4037399,3.9438,43.6,35.15
4038121,2.9748,43.6,35.15
4038843,2.6818,43.6,35.16
4039565,4.3269,44.6,35.15
4040287,3.3128,44.6,35.15
4041009,2.1184,44.6,35.16
4041731,4.2819,44.6,35.16
4042453,2.8846,44.6,35.16
4043175,4.4621,44.6,35.15
4043897,2.5466,43.6,35.16
4044619,3.6959,43.6,35.16
4045341,4.4171,43.6,35.16
4046063,3.1550,43.6,35.16
# [n=5600] mean=3.8252 m  sigma=1.6270 m  die=43.6 C  CalVal=17
4046785,3.1550,43.6,35.16
4047507,2.9072,43.6,35.17
4048229,3.7635,43.6,35.16
4048951,2.5240,43.6,35.17
4049673,3.3804,44.6,35.17
4050395,3.6508,43.6,35.17
4051117,3.2677,42.6,35.17
4051839,3.4255,43.6,35.17
4052561,4.5523,44.6,35.18
4053283,2.6818,44.6,35.18
4054005,3.2452,43.6,35.18
4054727,3.2227,43.6,35.18
4055449,3.9663,43.6,35.18
4056171,2.7494,43.6,35.18
4056893,3.3128,43.6,35.18
4057615,3.5382,43.6,35.18
4058337,3.7861,43.6,35.19
4059059,4.2368,43.6,35.19
4059781,4.2368,43.6,35.19
4060503,2.5916,43.6,35.19
4061225,3.4029,44.6,35.19
4061947,3.5382,44.6,35.20
4062669,3.2227,44.6,35.20
4063391,3.2227,44.6,35.20
4064113,3.6283,44.6,35.20
4064835,4.4847,44.6,35.20
4065557,3.7410,44.6,35.20
4066279,3.4480,43.6,35.20
4067001,3.8537,43.6,35.20
4067723,4.1466,43.6,35.20
4068445,4.0790,43.6,35.20
4069167,2.2761,44.6,35.21
4069889,3.2001,44.6,35.21
4070611,4.4396,44.6,35.21
4071333,3.8086,43.6,35.21
4072055,2.7494,43.6,35.21
4072777,4.2593,43.6,35.21
4073499,4.3945,43.6,35.21
4074221,2.8395,43.6,35.21
4074943,2.9072,43.6,35.21
4075665,4.1692,43.6,35.21
4076387,4.1692,43.6,35.21
4077109,3.2001,44.6,35.21
4077831,4.1466,44.6,35.22
4078553,3.7861,43.6,35.21
4079275,3.6734,43.6,35.22
4079997,3.8086,44.6,35.22
4080719,3.7184,44.6,35.22
4081441,3.7635,44.6,35.22
4082163,3.0874,43.6,35.22
4082885,2.2085,43.6,35.22
4083607,3.2903,43.6,35.23
4084329,3.2452,43.6,35.23
4085051,3.8537,43.6,35.23
4085773,3.6058,43.6,35.23
4086495,3.8762,44.6,35.23
4087217,3.3804,44.6,35.23
4087939,4.3269,44.6,35.23
4088661,3.5607,44.6,35.23
4089383,4.0114,44.6,35.24
4090105,3.3804,44.6,35.24
4090827,4.2368,44.6,35.23
4091549,3.2001,44.6,35.24
4092271,3.9889,44.6,35.23
4092993,3.9889,43.6,35.24
4093715,4.4396,44.6,35.24
4094437,3.5607,43.6,35.24
4095159,4.2593,44.6,35.24
4095881,2.6142,44.6,35.24
4096603,4.4396,44.6,35.24
4097325,3.0424,44.6,35.24
4098047,4.0565,44.6,35.24
4098769,3.2452,43.6,35.24
4099491,2.5015,44.6,35.24
4100213,3.7635,44.6,35.24
4100935,2.7719,44.6,35.24
4101657,2.5015,44.6,35.24
4102379,4.6650,44.6,35.25
4103101,3.1550,44.6,35.25
4103823,4.6650,43.6,35.25
4104545,2.4790,44.6,35.25
4105267,4.0565,44.6,35.25
4105989,3.6959,44.6,35.25
4106711,4.0340,44.6,35.25
4107433,3.8086,44.6,35.25
4108155,3.2903,43.6,35.25
4108877,3.4255,44.6,35.25
4109599,3.4255,43.6,35.26
4110321,4.1692,43.6,35.26
4111043,3.7635,44.6,35.26
4111765,4.1917,44.6,35.26
4112487,3.2903,44.6,35.26
4113209,3.9213,44.6,35.26
4113931,3.1776,44.6,35.26
4114653,3.4480,44.6,35.26
4115375,2.5015,44.6,35.26
4116097,3.3353,43.6,35.26
4116819,4.2819,43.6,35.26
4117541,3.6283,43.6,35.27
4118263,2.7945,44.6,35.27
# [n=5700] mean=3.8205 m  sigma=1.6149 m  die=44.6 C  CalVal=17
4118985,3.9438,44.6,35.27
4119707,2.5466,44.6,35.27
4120429,2.7043,44.6,35.27
4121151,2.3888,43.6,35.27
4121873,3.0874,43.6,35.27
4122595,3.0874,43.6,35.27
4123317,3.6508,43.6,35.27
4124039,3.9889,43.6,35.28
4124761,4.1917,44.6,35.28
4125483,3.7861,43.6,35.28
4126205,1.7578,43.6,35.28
4126927,3.0649,43.6,35.28
4127649,2.9748,43.6,35.28
4128371,3.1776,44.6,35.29
4129093,3.7861,43.6,35.29
4129815,3.1776,43.6,35.29
4130537,3.8086,44.6,35.29
4131259,1.9606,44.6,35.29
4131981,3.4255,44.6,35.30
4132703,2.6142,44.6,35.30
4133425,3.4029,43.6,35.30
4134147,4.0565,43.6,35.30
4134869,2.4790,43.6,35.30
4135591,2.4790,44.6,35.30
4136313,2.7719,43.6,35.30
4137035,4.1016,44.6,35.31
4137757,2.7269,44.6,35.31
4138479,2.9973,44.6,35.31
4139201,2.9973,44.6,35.31
4139923,3.5156,43.6,35.31
4140645,3.6959,43.6,35.31
4141367,2.7494,43.6,35.31
4142089,3.8311,43.6,35.32
4142811,3.6959,43.6,35.32
4143533,4.1917,43.6,35.32
4144255,2.8846,44.6,35.32
4144977,3.6058,43.6,35.31
4145699,3.0874,44.6,35.32
4146421,3.5156,44.6,35.32
4147143,3.3353,44.6,35.33
4147865,2.7043,44.6,35.32
4148587,3.9438,44.6,35.32
4149309,3.3804,44.6,35.32
4150031,2.8621,44.6,35.33
4150753,3.3128,43.6,35.33
4151475,4.0565,44.6,35.33
4152197,3.2227,44.6,35.33
4152919,3.9438,44.6,35.33
4153641,3.0198,44.6,35.34
4154363,3.1776,44.6,35.33
4155085,3.4480,44.6,35.33
4155807,3.4480,44.6,35.33
4156529,4.0340,44.6,35.34
4157251,3.1776,44.6,35.34
4157973,3.3128,44.6,35.33
4158695,3.8311,44.6,35.33
4159417,3.5156,44.6,35.34
4160139,3.2903,44.6,35.35
4160861,3.2001,44.6,35.34
4161583,3.3353,44.6,35.34
4162305,3.3579,44.6,35.35
4163027,3.0198,43.6,35.35
4163749,2.7269,42.6,35.34
4164471,3.3353,43.6,35.34
4165193,3.6058,43.6,35.35
4165915,3.0649,44.6,35.35
4166637,3.2001,44.6,35.35
4167359,3.0424,44.6,35.35
4168081,3.1325,44.6,35.35
4168803,3.1325,44.6,35.36
4169525,2.5691,44.6,35.36
4170247,2.9072,44.6,35.36
4170969,3.6508,44.6,35.35
4171691,3.4480,44.6,35.36
4172413,3.4480,44.6,35.36
4173135,3.4480,43.6,35.35
4173857,4.0340,44.6,35.36
4174579,3.2677,44.6,35.36
4175301,3.1550,44.6,35.36
4176023,3.0649,43.6,35.37
4176745,2.1860,43.6,35.36
4177467,3.5607,44.6,35.37
4178189,3.7410,44.6,35.37
4178911,3.4029,43.6,35.37
4179633,3.2001,43.6,35.38
4180355,4.4847,43.6,35.38
4181077,3.2903,44.6,35.38
4181799,3.4480,43.6,35.38
4182521,2.6142,43.6,35.38
4183243,3.9663,43.6,35.39
4183965,2.5240,43.6,35.39
4184687,3.7184,43.6,35.39
4185409,3.7184,43.6,35.39
4186131,4.1692,43.6,35.39
4186853,3.6058,44.6,35.39
4187575,4.2368,43.6,35.39
4188297,3.2227,43.6,35.39
4189019,2.7269,43.6,35.40
4189741,3.7861,44.6,35.40
4190463,3.5607,44.6,35.40
# [n=5800] mean=3.8118 m  sigma=1.6037 m  die=44.6 C  CalVal=17
4191185,2.7945,44.6,35.40
4191907,3.1550,43.6,35.40
4192629,3.9213,44.6,35.40
4193351,3.9213,44.6,35.40
4194073,3.7635,44.6,35.40
4194795,2.5015,44.6,35.40
4195517,2.5466,44.6,35.40
4196239,2.9522,44.6,35.41
4196961,3.6959,44.6,35.40
4197683,4.2819,44.6,35.40
4198405,3.2227,44.6,35.40
4199127,2.4114,44.6,35.40
4199849,3.3579,44.6,35.40
4200571,3.4029,44.6,35.40
4201293,2.7719,44.6,35.40
4202015,2.7719,44.6,35.40
4202737,3.8086,44.6,35.40
4203459,2.4114,44.6,35.40
4204181,3.1550,44.6,35.40
4204903,3.8537,44.6,35.41
4205625,4.1466,43.6,35.40
4206347,3.2903,43.6,35.40
4207069,2.3437,43.6,35.41
4207791,3.6058,43.6,35.41
4208513,3.7410,43.6,35.41
4209235,3.0649,43.6,35.40
4209957,3.8537,44.6,35.41
4210679,3.2227,44.6,35.41
4211401,2.5916,43.6,35.41
4212123,3.6959,44.6,35.41
4212845,2.6367,44.6,35.41
4213567,3.2677,44.6,35.41
4214289,3.8311,44.6,35.41
4215011,4.3495,44.6,35.42
4215733,2.5240,44.6,35.42
4216455,3.0424,44.6,35.42
4217177,3.6508,43.6,35.42
4217899,3.7410,44.6,35.42
4218621,3.7410,44.6,35.42
4219343,3.1550,44.6,35.42
4220065,2.7269,44.6,35.42
4220787,2.5916,44.6,35.42
4221509,3.0649,44.6,35.42
4222231,3.3579,44.6,35.43
4222953,3.3128,44.6,35.43
4223675,3.2452,44.6,35.43
4224397,3.9438,44.6,35.43
4225119,2.2311,44.6,35.43
4225841,2.8395,44.6,35.43
4226563,3.9889,44.6,35.43
4227285,3.5832,44.6,35.44
4228007,4.0114,44.6,35.44
4228729,2.9973,44.6,35.44
4229451,2.9297,44.6,35.43
4230173,3.7184,44.6,35.44
4230895,3.3579,43.6,35.44
4231617,3.3579,43.6,35.44
4232339,3.2677,43.6,35.44
4233061,3.4255,43.6,35.44
4233783,3.3353,43.6,35.44
4234505,3.9889,43.6,35.44
4235227,2.5015,44.6,35.45
4235949,3.2227,44.6,35.45
4236671,3.2903,43.6,35.44
4237393,3.9438,43.6,35.45
4238115,3.1325,43.6,35.45
4238837,4.0565,44.6,35.45
4239559,4.0114,44.6,35.45
4240281,3.9663,43.6,35.45
4241003,3.5382,43.6,35.45
4241725,3.4931,43.6,35.45
4242447,4.3269,43.6,35.46
4243169,3.3128,43.6,35.46
4243891,3.0874,44.6,35.46
4244613,3.2227,44.6,35.46
4245335,3.1325,44.6,35.45
4246057,3.9213,44.6,35.46
4246779,2.4564,44.6,35.46
4247501,2.5691,44.6,35.45
4248223,2.5691,43.6,35.46
4248945,3.0874,43.6,35.46
4249667,3.3128,43.6,35.45
4250389,3.2452,44.6,35.46
4251111,3.0874,44.6,35.46
4251833,2.6593,44.6,35.46
4252555,3.7184,44.6,35.46
4253277,3.9889,44.6,35.46
4253999,3.6283,44.6,35.47
4254721,4.1016,44.6,35.47
4255443,2.2761,44.6,35.47
4256165,4.1016,44.6,35.47
4256887,3.6058,44.6,35.47
4257609,4.1466,44.6,35.47
4258331,2.7269,44.6,35.47
4259053,3.1325,44.6,35.47
4259775,1.7803,44.6,35.47
4260497,3.1325,44.6,35.47
4261219,4.1917,44.6,35.47
4261941,2.9072,44.6,35.47
4262663,2.9072,44.6,35.46
# [n=5900] mean=3.8033 m  sigma=1.5931 m  die=44.6 C  CalVal=17
4263385,3.4706,44.6,35.47
4264107,3.1100,44.6,35.47
4264829,3.1100,44.6,35.47
4265551,3.3579,44.6,35.47
4266273,2.7269,44.6,35.47
4266995,3.3804,44.6,35.47
4267717,2.3888,43.6,35.47
4268439,4.0114,43.6,35.48
4269161,3.3579,43.6,35.48
4269883,3.7410,43.6,35.48
4270605,2.5015,44.6,35.48
4271327,4.0790,43.6,35.48
4272049,3.2001,43.6,35.48
4272771,4.2819,44.6,35.48
4273493,3.3128,44.6,35.48
4274215,2.2761,44.6,35.48
4274937,3.7861,44.6,35.49
4275659,2.9973,44.6,35.49
4276381,3.8987,44.6,35.48
4277103,3.1776,44.6,35.49
4277825,3.1776,44.6,35.49
4278547,4.0565,44.6,35.50
4279269,4.1241,43.6,35.49
4279991,4.1241,43.6,35.49
4280713,3.1325,43.6,35.49
4281435,3.1325,44.6,35.49
4282157,3.6734,44.6,35.49
4282879,4.2142,44.6,35.50
4283601,3.2452,44.6,35.50
4284323,2.7269,44.6,35.50
4285045,3.0874,43.6,35.50
4285767,3.4029,44.6,35.50
4286489,3.3353,44.6,35.50
4287211,3.3804,43.6,35.50
4287933,2.9072,43.6,35.50
4288655,3.3579,43.6,35.50
4289377,2.9748,43.6,35.51
4290099,4.4621,43.6,35.51
4290821,2.4114,43.6,35.51
4291543,2.9522,43.6,35.51
4292265,3.0424,43.6,35.51
4292987,3.2452,44.6,35.51
4293709,3.4706,44.6,35.51
4294431,3.4706,44.6,35.51
4295153,2.5240,43.6,35.51
4295875,2.8846,43.6,35.52
4296597,3.4029,43.6,35.52
4297319,3.2903,43.6,35.52
4298041,3.1550,44.6,35.52
4298763,3.2903,43.6,35.53
4299485,3.0874,44.6,35.53
4300207,4.0565,44.6,35.53
4300929,3.0198,44.6,35.53
4301651,3.0649,44.6,35.53
4302373,3.1100,44.6,35.53
4303095,2.6593,44.6,35.54
4303817,2.4339,43.6,35.54
4304539,3.4480,43.6,35.54
4305261,3.4029,44.6,35.54
4305983,3.4706,44.6,35.54
4306705,3.8987,44.6,35.54
4307427,2.3888,44.6,35.54
4308149,2.4114,44.6,35.55
4308871,3.7410,44.6,35.55
4309593,3.4706,44.6,35.55
4310315,2.6818,44.6,35.55
4311037,2.6818,44.6,35.54
4311759,2.2311,44.6,35.55
4312481,3.9889,44.6,35.55
4313203,2.4790,44.6,35.55
4313925,3.0198,43.6,35.55
4314647,2.9973,44.6,35.56
4315369,3.0198,43.6,35.56
4316091,3.0198,44.6,35.56
4316813,3.7861,43.6,35.56
4317535,4.1466,43.6,35.56
4318257,3.1325,44.6,35.56
4318979,3.3579,44.6,35.57
4319701,4.1241,44.6,35.57
4320423,3.6734,44.6,35.57
4321145,3.0198,44.6,35.57
4321867,3.7635,44.6,35.57
4322589,3.8311,44.6,35.57
4323311,3.4706,44.6,35.58
4324033,4.3495,44.6,35.58
4324755,3.1550,43.6,35.58
4325477,3.7184,43.6,35.58
4326199,4.4847,44.6,35.59
4326921,4.2819,44.6,35.59
4327643,4.2819,44.6,35.59
4328365,3.5156,44.6,35.59
4329087,3.6959,44.6,35.59
4329809,3.0649,44.6,35.59
4330531,4.0114,44.6,35.60
4331253,2.8395,43.6,35.60
4331975,2.8395,44.6,35.60
4332697,3.3128,44.6,35.60
4333419,3.3579,44.6,35.60
4334141,3.8086,44.6,35.60
4334863,2.7719,44.6,35.61
# [n=6000] mean=3.7954 m  sigma=1.5824 m  die=44.6 C  CalVal=17
4335585,3.1550,44.6,35.61
4336307,4.2819,44.6,35.61
4337029,2.7269,44.6,35.62
4337751,3.1776,44.6,35.61
4338473,3.8086,43.6,35.62
4339195,3.3804,44.6,35.62
4339917,4.1917,44.6,35.61
4340639,4.1917,44.6,35.62
4341361,3.7410,44.6,35.62
4342083,4.4847,44.6,35.63
4342805,3.3353,44.6,35.62
4343527,3.4480,44.6,35.62
4344249,-20.0571,43.6,35.63
4344971,2.5916,44.6,35.63
4345693,3.6508,43.6,35.62
4346415,3.5156,44.6,35.63
4347137,2.5691,44.6,35.63
4347859,2.8395,44.6,35.62
4348581,3.3353,44.6,35.63
4349303,4.2819,44.6,35.63
4350025,3.9438,44.6,35.63
4350747,2.5466,44.6,35.64
4351469,2.5240,44.6,35.63
4352191,3.7861,44.6,35.63
4352913,2.4564,44.6,35.63
4353635,2.5466,44.6,35.63
4354357,4.1917,44.6,35.64
4355079,2.2987,44.6,35.64
4355801,4.0790,44.6,35.63
4356523,3.8311,44.6,35.64
4357245,3.8311,44.6,35.63
4357967,4.1692,44.6,35.63
4358689,3.9213,44.6,35.64
4359411,2.4339,44.6,35.64
4360133,4.0114,44.6,35.64
4360855,2.7269,44.6,35.64
4361577,3.0424,44.6,35.64
4362299,3.0874,44.6,35.65
4363021,3.6508,44.6,35.65
4363743,4.0340,43.6,35.65
4364465,4.2819,44.6,35.65
4365187,3.3579,44.6,35.65
4365909,2.6818,44.6,35.65
4366631,3.1100,44.6,35.66
4367353,3.6959,44.6,35.65
4368075,3.3353,44.6,35.66
4368797,2.9973,45.6,35.66
4369519,3.0198,44.6,35.66
4370241,4.4396,45.6,35.66
4370963,4.2142,44.6,35.66
4371685,4.2142,44.6,35.67
4372407,4.4621,44.6,35.67
4373129,3.1100,44.6,35.67
4373851,3.1100,44.6,35.66
4374573,3.9213,44.6,35.67
4375295,2.5691,44.6,35.66
4376017,3.2452,44.6,35.66
4376739,2.7494,44.6,35.66
4377461,4.1016,44.6,35.66
4378183,3.0424,44.6,35.67
4378905,3.5832,44.6,35.67
4379627,3.4255,44.6,35.67
4380349,4.4621,44.6,35.67
4381071,3.3128,44.6,35.68
4381793,4.4171,44.6,35.67
4382515,3.5156,45.6,35.67
4383237,2.8395,44.6,35.67
4383959,3.2227,44.6,35.68
4384681,3.6058,44.6,35.68
4385403,2.9973,44.6,35.68
4386125,3.9438,44.6,35.68
4386847,3.9438,44.6,35.68
4387569,3.8086,44.6,35.68
4388291,4.2819,44.6,35.68
4389013,4.1466,43.6,35.68
4389735,4.0790,43.6,35.68
4390457,4.0790,44.6,35.67
4391179,3.1100,43.6,35.68
4391901,3.4931,43.6,35.68
4392623,2.7945,44.6,35.69
4393345,3.1100,44.6,35.68
4394067,3.2452,44.6,35.68
4394789,4.3044,44.6,35.69
4395511,4.4171,44.6,35.68
4396233,2.3888,44.6,35.69
4396955,3.4480,44.6,35.68
4397677,2.2536,44.6,35.68
4398399,4.1692,44.6,35.68
4399121,1.9381,43.6,35.69
4399843,3.8086,43.6,35.69
4400565,4.4171,44.6,35.69
4401287,3.5607,44.6,35.69
4402009,4.1692,44.6,35.68
4402731,4.0340,44.6,35.68
4403453,4.0340,44.6,35.69
4404175,3.4931,44.6,35.68
4404897,2.6142,44.6,35.69
4405619,3.6734,44.6,35.69
4406341,3.7861,44.6,35.68
4407063,2.7269,44.6,35.68
# [n=6100] mean=3.7867 m  sigma=1.6013 m  die=44.6 C  CalVal=17
4407785,3.3128,44.6,35.68
4408507,3.5832,43.6,35.68
4409229,3.5832,43.6,35.68
4409951,4.0565,44.6,35.68
4410673,4.1241,44.6,35.68
4411395,3.5382,44.6,35.68
4412117,3.0874,44.6,35.68
4412839,3.2903,45.6,35.68
4413561,4.0114,44.6,35.69
4414283,3.5607,44.6,35.69
4415005,4.1917,44.6,35.69
4415727,3.2001,44.6,35.70
4416449,4.1016,44.6,35.70
4417171,3.1776,44.6,35.70
4417893,3.2227,44.6,35.69
4418615,3.8762,44.6,35.70
4419337,3.6283,44.6,35.70
4420059,3.6283,44.6,35.70
4420781,3.6959,44.6,35.70
4421503,3.4255,44.6,35.70
4422225,2.0733,44.6,35.70
4422947,3.2452,43.6,35.70
4423669,3.8537,44.6,35.70
4424391,3.0424,44.6,35.70
4425113,3.1550,44.6,35.71
4425835,2.9522,44.6,35.71
4426557,3.7861,44.6,35.71
4427279,3.3353,44.6,35.70
4428001,4.0114,44.6,35.70
4428723,3.7861,44.6,35.70
4429445,3.3353,44.6,35.70
4430167,3.6508,44.6,35.71
4430889,3.5832,44.6,35.70
4431611,3.4029,44.6,35.70
4432333,4.1692,43.6,35.70
4433055,4.1466,44.6,35.71
4433777,3.1100,44.6,35.71
4434499,3.1776,44.6,35.70
4435221,3.6734,43.6,35.70
4435943,3.9213,44.6,35.71
4436665,3.9213,44.6,35.71
4437387,2.9748,44.6,35.71
4438109,3.2903,44.6,35.72
4438831,3.1550,44.6,35.71
4439553,3.5607,44.6,35.71
4440275,4.2819,44.6,35.72
4440997,4.1016,44.6,35.72
4441719,3.6283,44.6,35.71
4442441,3.9663,44.6,35.72
4443163,3.0649,43.6,35.72
4443885,2.3663,43.6,35.72
4444607,2.4564,43.6,35.72
4445329,2.5015,44.6,35.72
4446051,3.7410,43.6,35.72
4446773,3.9438,43.6,35.72
4447495,2.6367,44.6,35.72
4448217,3.4706,44.6,35.72
4448939,4.0114,44.6,35.72
4449661,4.0114,44.6,35.72
4450383,2.8395,43.6,35.73
4451105,3.3353,44.6,35.73
4451827,3.2903,44.6,35.73
4452549,2.9297,44.6,35.73
4453271,-29.0039,44.6,35.73
4453993,3.7184,45.6,35.73
4454715,3.1100,44.6,35.73
4455437,3.1100,44.6,35.73
4456159,4.3044,44.6,35.73
4456881,4.1692,44.6,35.73
4457603,3.4255,44.6,35.73
4458325,3.1550,44.6,35.73
4459047,2.6818,44.6,35.73
4459769,3.6959,44.6,35.73
4460491,3.2227,44.6,35.73
4461213,3.1325,44.6,35.73
4461935,3.8987,44.6,35.73
4462657,3.2903,44.6,35.73
4463379,3.9889,44.6,35.73
4464101,4.1917,44.6,35.73
4464823,3.2452,44.6,35.73
4465545,3.8537,44.6,35.73
4466267,3.8537,44.6,35.73
4466989,2.8170,44.6,35.74
4467711,3.2452,44.6,35.74
4468433,3.1100,44.6,35.74
4469155,3.7635,44.6,35.74
4469877,3.6959,44.6,35.74
4470599,4.1016,44.6,35.74
4471321,3.2677,44.6,35.74
4472043,3.4255,44.6,35.74
4472765,3.0874,44.6,35.74
4473487,3.0424,44.6,35.74
4474209,3.1776,44.6,35.74
4474931,3.7184,44.6,35.74
4475653,3.4029,44.6,35.74
4476375,4.1241,44.6,35.74
4477097,3.6283,44.6,35.74
4477819,4.1241,44.6,35.74
4478541,2.2987,44.6,35.74
4479263,3.0649,44.6,35.74
# [n=6200] mean=3.7765 m  sigma=1.6436 m  die=44.6 C  CalVal=17
4479985,3.2452,44.6,35.75
4480707,3.4255,44.6,35.75
4481429,2.5015,44.6,35.75
4482151,3.2677,44.6,35.75
4482873,3.2677,43.6,35.75
4483595,2.8395,44.6,35.75
4484317,3.2452,44.6,35.76
4485039,4.1466,44.6,35.75
4485761,3.2677,43.6,35.75
4486483,4.3495,44.6,35.75
4487205,2.2536,44.6,35.75
4487927,3.4255,44.6,35.76
4488649,3.6734,44.6,35.75
4489371,3.8537,44.6,35.75
4490093,3.0874,44.6,35.75
4490815,3.0874,45.6,35.75
4491537,3.2452,45.6,35.75
4492259,4.0790,44.6,35.75
4492981,3.4029,44.6,35.75
4493703,3.2677,44.6,35.75
4494425,3.2903,44.6,35.76
4495147,3.7861,43.6,35.75
4495869,3.7861,44.6,35.75
4496591,3.2227,44.6,35.75
4497313,2.5466,44.6,35.75
4498035,2.9522,44.6,35.75
4498757,2.9297,44.6,35.75
4499479,2.9297,44.6,35.75
4500201,3.1776,44.6,35.76
4500923,4.3044,43.6,35.75
4501645,3.2227,44.6,35.76
4502367,4.2819,44.6,35.76
4503089,3.6283,44.6,35.76
4503811,3.5832,44.6,35.76
4504533,3.3128,44.6,35.76
4505255,3.8762,44.6,35.77
4505977,3.7861,44.6,35.76
4506699,3.8537,44.6,35.76
4507421,4.2593,44.6,35.77
4508143,3.4706,44.6,35.76
4508865,3.9889,44.6,35.77
4509587,3.1550,44.6,35.76
4510309,4.3269,44.6,35.76
4511031,2.2761,44.6,35.77
4511753,3.8311,44.6,35.77
4512475,3.8311,44.6,35.77
4513197,3.2227,44.6,35.77
4513919,3.0874,44.6,35.77
4514641,3.1776,44.6,35.77
4515363,3.4029,44.6,35.77
4516085,2.3888,44.6,35.77
4516807,2.4339,44.6,35.77
4517529,3.7410,44.6,35.77
4518251,3.5156,44.6,35.77
4518973,2.8395,44.6,35.77
4519695,2.9748,43.6,35.77
4520417,2.7719,43.6,35.77
4521139,3.1100,44.6,35.77
4521861,2.9973,44.6,35.77
4522583,3.7635,44.6,35.77
4523305,2.9297,44.6,35.77
4524027,2.9748,44.6,35.77
4524749,3.8762,44.6,35.77
4525471,3.1776,44.6,35.76
4526193,2.5466,44.6,35.76
4526915,3.3579,44.6,35.77
4527637,3.6959,44.6,35.77
4528359,2.3437,44.6,35.77
4529081,2.3437,44.6,35.77
4529803,2.3212,44.6,35.77
4530525,2.3663,44.6,35.77
4531247,3.7184,45.6,35.77
4531969,2.7043,44.6,35.77
4532691,3.6058,45.6,35.77
4533413,3.2903,44.6,35.77
4534135,3.6959,44.6,35.77
4534857,3.9213,44.6,35.77
4535579,3.8311,44.6,35.77
4536301,2.2761,44.6,35.78
4537023,3.7861,43.6,35.77
4537745,3.0874,44.6,35.77
4538467,4.2368,44.6,35.77
4539189,4.0340,44.6,35.77
4539911,2.4339,44.6,35.77
4540633,3.4029,43.6,35.77
4541355,3.1100,43.6,35.77
4542077,3.3804,43.6,35.77
4542799,4.0340,43.6,35.77
4543521,3.4029,44.6,35.77
4544243,2.6367,44.6,35.77
4544965,3.3128,44.6,35.78
4545687,3.3128,44.6,35.77
4546409,3.6959,44.6,35.78
4547131,3.1550,44.6,35.78
4547853,4.0340,44.6,35.77
4548575,3.7184,44.6,35.78
4549297,3.9213,43.6,35.77
4550019,2.9973,44.6,35.78
4550741,2.7494,44.6,35.78
4551463,2.7494,44.6,35.78
# [n=6300] mean=3.7692 m  sigma=1.6329 m  die=44.6 C  CalVal=17
4552185,3.7635,44.6,35.77
4552907,3.8987,44.6,35.78
4553629,2.4564,44.6,35.78
4554351,2.6818,44.6,35.78
4555073,3.7861,44.6,35.78
4555795,4.2142,44.6,35.78
4556517,3.3353,44.6,35.78
4557239,3.3128,44.6,35.78
4557961,3.9889,44.6,35.79
4558683,3.9889,44.6,35.79
4559405,3.0198,44.6,35.78
4560127,3.1550,44.6,35.79
4560849,2.2311,44.6,35.79
4561571,2.9297,45.6,35.79
4562293,2.9297,45.6,35.79
4563015,4.2819,45.6,35.79
4563737,3.3353,45.6,35.79
4564459,4.1917,45.6,35.79
4565181,4.1466,44.6,35.79
4565903,2.5691,44.6,35.79
4566625,3.6058,44.6,35.80
4567347,2.7043,44.6,35.79
4568069,3.9213,44.6,35.80
4568791,3.7184,44.6,35.79
4569513,2.9973,44.6,35.80
4570235,3.0198,45.6,35.80
4570957,3.6734,45.6,35.80
4571679,2.5466,45.6,35.80
4572401,4.0565,44.6,35.80
4573123,3.3804,44.6,35.80
4573845,2.9072,45.6,35.80
4574567,3.3804,45.6,35.80
4575289,3.3804,45.6,35.81
4576011,4.0340,44.6,35.80
4576733,2.8846,45.6,35.80
4577455,2.9522,44.6,35.80
4578177,3.1550,44.6,35.80
4578899,2.2085,44.6,35.80
4579621,2.5466,44.6,35.80
4580343,3.8762,44.6,35.81
4581065,4.0790,44.6,35.81
4581787,2.7719,45.6,35.81
4582509,2.2761,44.6,35.81
4583231,2.5240,45.6,35.81
4583953,4.1466,44.6,35.81
4584675,2.3663,44.6,35.81
4585397,3.6283,44.6,35.81
4586119,3.0198,44.6,35.81
4586841,4.0565,44.6,35.81
4587563,3.9889,44.6,35.81
4588285,2.7269,44.6,35.81
4589007,2.2085,45.6,35.81
4589729,2.9973,44.6,35.81
4590451,2.9072,44.6,35.81
4591173,3.5832,44.6,35.81
4591895,3.5832,44.6,35.81
4592617,3.2227,44.6,35.81
4593339,3.8537,44.6,35.81
4594061,4.0790,44.6,35.82
4594783,3.9213,44.6,35.81
4595505,3.2227,43.6,35.81
4596227,3.6734,44.6,35.81
4596949,3.6283,44.6,35.81
4597671,3.6508,44.6,35.81
4598393,3.1776,44.6,35.82
4599115,1.9156,44.6,35.82
4599837,3.8987,44.6,35.82
4600559,3.9213,44.6,35.82
4601281,3.2001,44.6,35.82
4602003,3.6058,44.6,35.82
4602725,2.9973,44.6,35.82
4603447,2.5015,44.6,35.82
4604169,3.3353,44.6,35.83
4604891,3.2001,45.6,35.83
4605613,2.2987,45.6,35.83
4606335,2.5916,45.6,35.83
4607057,3.9213,44.6,35.83
4607779,2.2311,44.6,35.83
4608501,2.2311,45.6,35.83
4609223,3.3804,44.6,35.83
4609945,3.9213,44.6,35.82
4610667,4.1466,44.6,35.83
4611389,2.0282,44.6,35.83
4612111,3.2903,44.6,35.83
4612833,3.8086,44.6,35.83
4613555,3.6959,43.6,35.83
4614277,3.3128,44.6,35.83
4614999,3.6508,44.6,35.83
4615721,2.2987,44.6,35.83
4616443,2.6367,44.6,35.83
4617165,2.6142,45.6,35.83
4617887,2.3212,45.6,35.83
4618609,3.2677,45.6,35.83
4619331,4.0114,44.6,35.83
4620053,3.6058,44.6,35.84
4620775,3.9213,45.6,35.83
4621497,3.9213,44.6,35.83
4622219,3.6058,45.6,35.83
4622941,2.0733,45.6,35.84
4623663,3.4480,45.6,35.84
# [n=6400] mean=3.7615 m  sigma=1.6232 m  die=45.6 C  CalVal=17
4624385,3.9213,44.6,35.84
4625107,2.4790,44.6,35.84
4625829,4.1466,44.6,35.84
4626551,3.0649,43.6,35.84
4627273,3.8086,44.6,35.84
4627995,3.1100,44.6,35.84
4628717,3.8537,44.6,35.84
4629439,3.6734,44.6,35.84
4630161,2.7043,44.6,35.84
4630883,2.8170,44.6,35.84
4631605,3.4255,44.6,35.84
4632327,2.9072,45.6,35.85
4633049,3.0649,44.6,35.85
4633771,3.8311,44.6,35.85
4634493,3.9663,44.6,35.84
4635215,2.5691,44.6,35.84
4635937,3.0424,44.6,35.84
4636659,3.1100,44.6,35.84
4637381,2.9522,45.6,35.84
4638103,2.9522,44.6,35.85
4638825,2.9297,45.6,35.85
4639547,3.6734,44.6,35.85
4640269,4.1692,45.6,35.85
4640991,3.4029,44.6,35.85
4641713,1.9381,44.6,35.85
4642435,2.9072,44.6,35.86
4643157,2.9522,44.6,35.85
4643879,2.2311,44.6,35.85
4644601,2.4790,44.6,35.86
4645323,3.1100,44.6,35.86
4646045,3.0649,44.6,35.86
4646767,3.6508,44.6,35.86
4647489,3.2677,44.6,35.86
4648211,3.4255,44.6,35.86
4648933,3.4255,44.6,35.86
4649655,3.0424,44.6,35.86
4650377,2.4339,43.6,35.86
4651099,4.0790,44.6,35.86
4651821,3.6508,44.6,35.86
4652543,2.9748,43.6,35.87
4653265,3.8311,43.6,35.87
4653987,3.0874,44.6,35.87
4654709,3.0874,44.6,35.87
4655431,3.8086,44.6,35.87
4656153,2.9973,44.6,35.87
4656875,3.9438,44.6,35.87
4657597,2.8621,45.6,35.87
4658319,4.1917,45.6,35.87
4659041,3.4931,44.6,35.87
4659763,2.8170,44.6,35.87
4660485,3.8537,44.6,35.87
4661207,3.6959,44.6,35.87
4661929,2.2085,44.6,35.88
4662651,3.3804,44.6,35.87
4663373,3.2452,44.6,35.88
4664095,3.4931,45.6,35.88
4664817,3.2903,44.6,35.88
4665539,2.8395,44.6,35.88
4666261,3.7184,44.6,35.88
4666983,3.2227,44.6,35.88
4667705,3.2227,44.6,35.88
4668427,2.7269,45.6,35.88
4669149,3.8762,44.6,35.88
4669871,3.5607,45.6,35.88
4670593,2.4790,44.6,35.88
4671315,2.4790,44.6,35.89
4672037,3.2903,44.6,35.89
4672759,3.2001,44.6,35.89
4673481,3.5832,43.6,35.89
4674203,4.1241,44.6,35.89
4674925,3.4480,44.6,35.89
4675647,3.0424,44.6,35.89
4676369,3.0424,44.6,35.89
4677091,3.5832,44.6,35.89
4677813,2.6593,44.6,35.89
4678535,3.6734,44.6,35.90
4679257,2.9748,43.6,35.90
4679979,2.5691,44.6,35.90
4680701,2.7719,44.6,35.90
4681423,3.6734,43.6,35.90
4682145,2.1860,44.6,35.90
4682867,3.7635,44.6,35.90
4683589,3.7635,44.6,35.90
4684311,3.7635,44.6,35.90
4685033,3.7184,43.6,35.90
4685755,2.6818,43.6,35.90
4686477,3.3353,44.6,35.90
4687199,2.9072,44.6,35.91
4687921,3.4931,44.6,35.91
4688643,2.9072,44.6,35.91
4689365,2.5466,45.6,35.91
4690087,2.6593,44.6,35.91
4690809,2.8846,43.6,35.91
4691531,3.8086,44.6,35.91
4692253,2.5916,44.6,35.91
4692975,3.1550,44.6,35.91
4693697,3.6959,44.6,35.92
4694419,3.0198,44.6,35.92
4695141,4.1692,44.6,35.92
4695863,2.9522,44.6,35.92
# [n=6500] mean=3.7533 m  sigma=1.6132 m  die=44.6 C  CalVal=17
4696585,3.2227,45.6,35.92
4697307,4.1917,44.6,35.92
4698029,2.6818,44.6,35.93
4698751,3.6058,44.6,35.93
4699473,2.3888,44.6,35.93
4700195,3.4255,44.6,35.93
4700917,3.4255,44.6,35.93
4701639,4.0565,44.6,35.94
4702361,2.5466,44.6,35.94
4703083,2.5015,44.6,35.94
4703805,3.2677,44.6,35.94
4704527,3.4255,44.6,35.94
4705249,2.3437,44.6,35.94
4705971,2.7945,44.6,35.95
4706693,2.9973,44.6,35.95
4707415,3.2001,44.6,35.95
4708137,2.7043,44.6,35.96
4708859,3.3353,44.6,35.96
4709581,3.3804,43.6,35.95
4710303,3.0424,44.6,35.96
4711025,2.5691,44.6,35.96
4711747,4.1016,44.6,35.96
4712469,3.8762,44.6,35.95
4713191,3.2001,44.6,35.95
4713913,3.9889,44.6,35.95
4714635,3.6959,44.6,35.95
4715357,3.7410,44.6,35.95
4716079,3.2452,43.6,35.95
4716801,3.7861,44.6,35.95
4717523,3.7861,44.6,35.95
4718245,2.6142,44.6,35.95
4718967,2.2761,44.6,35.95
4719689,3.0874,43.6,35.95
4720411,3.0198,43.6,35.95
4721133,3.3128,44.6,35.95
4721855,3.6058,44.6,35.95
4722577,3.0874,44.6,35.95
4723299,3.5156,44.6,35.96
4724021,2.9748,44.6,35.95
4724743,3.6959,44.6,35.96
4725465,3.1325,44.6,35.96
4726187,3.4706,44.6,35.96
4726909,2.9297,44.6,35.96
4727631,2.5240,44.6,35.96
4728353,3.5607,44.6,35.96
4729075,2.9522,45.6,35.96
4729797,2.9748,44.6,35.96
4730519,2.9748,44.6,35.96
4731241,3.4480,44.6,35.97
4731963,3.5156,45.6,35.96
4732685,3.6508,44.6,35.96
4733407,3.1776,44.6,35.97
4734129,1.9606,44.6,35.97
4734851,3.7184,44.6,35.95
4735573,2.4339,44.6,35.93
4736295,3.9889,44.6,35.91
4737017,3.7861,44.6,35.90
4737739,2.9072,43.6,35.89
4738461,3.6734,44.6,35.88
4739183,4.4171,44.6,35.87
4739905,4.4396,44.6,35.86
4740627,3.4029,44.6,35.85
4741349,3.4255,44.6,35.84
4742071,4.3044,44.6,35.84
4742793,3.4480,44.6,35.83
4743515,2.8846,45.6,35.82
4744237,4.0340,45.6,35.81
4744959,2.4114,44.6,35.81
4745681,3.4706,44.6,35.79
4746403,3.6283,44.6,35.77
4747125,3.6283,44.6,35.77
4747847,3.9438,44.6,35.75
4748569,4.3044,44.6,35.74
4749291,3.5607,44.6,35.73
4750013,3.1776,44.6,35.72
4750735,4.0790,44.6,35.71
4751457,3.1776,44.6,35.70
4752179,3.0874,44.6,35.69
4752901,2.3888,44.6,35.68
4753623,3.1776,44.6,35.66
4754345,3.8311,44.6,35.65
4755067,4.1241,45.6,35.63
4755789,3.4931,45.6,35.63
4756511,3.5156,45.6,35.62
4757233,3.9663,45.6,35.61
4757955,3.4706,44.6,35.60
4758677,2.9072,44.6,35.59
4759399,3.9663,44.6,35.58
4760121,4.1917,44.6,35.58
4760843,3.9438,45.6,35.57
4761565,3.1100,44.6,35.56
4762287,3.2677,45.6,35.55
4763009,3.5382,44.6,35.54
4763731,3.5382,44.6,35.54
4764453,4.1466,44.6,35.53
4765175,4.2819,45.6,35.53
4765897,3.3579,44.6,35.52
4766619,3.0874,45.6,35.51
4767341,3.2001,45.6,35.51
4768063,4.1016,44.6,35.50
# [n=6600] mean=3.7477 m  sigma=1.6030 m  die=44.6 C  CalVal=17
4768785,3.1776,44.6,35.50
4769507,3.2001,44.6,35.49
4770229,3.4480,44.6,35.49
4770951,3.8762,44.6,35.48
4771673,4.2593,45.6,35.47
4772395,3.9438,45.6,35.47
4773117,3.1776,44.6,35.47
4773839,3.4480,44.6,35.46
4774561,4.0565,44.6,35.46
4775283,3.4480,45.6,35.45
4776005,3.0198,44.6,35.45
4776727,3.0198,45.6,35.44
4777449,2.2987,44.6,35.44
4778171,2.4114,44.6,35.43
4778893,3.3579,45.6,35.43
4779615,2.5916,44.6,35.42
4780337,2.5916,44.6,35.42
4781059,2.5240,44.6,35.41
4781781,3.2903,44.6,35.41
4782503,3.7410,45.6,35.40
4783225,3.1550,44.6,35.40
4783947,3.0198,44.6,35.40
4784669,2.3663,44.6,35.39
4785391,3.1100,44.6,35.39
4786113,3.3804,44.6,35.39
4786835,4.3044,44.6,35.38
4787557,3.3353,45.6,35.38
4788279,3.0874,44.6,35.38
4789001,3.9213,44.6,35.37
4789723,3.3128,45.6,35.38
4790445,3.1325,45.6,35.37
4791167,3.0198,44.6,35.37
4791889,2.3437,45.6,35.37
4792611,3.6508,45.6,35.37
4793333,3.6508,45.6,35.37
4794055,3.3128,45.6,35.37
4794777,4.1692,45.6,35.37
4795499,4.1692,44.6,35.36
4796221,4.0790,44.6,35.37
4796943,2.1184,44.6,35.36
4797665,3.5832,45.6,35.36
4798387,2.4564,44.6,35.36
4799109,3.7635,45.6,35.36
4799831,3.2903,45.6,35.36
4800553,3.3128,45.6,35.36
4801275,3.0198,44.6,35.35
4801997,4.1917,44.6,35.36
4802719,4.0565,44.6,35.35
4803441,4.3044,45.6,35.36
4804163,2.8170,45.6,35.36
4804885,3.0424,44.6,35.36
4805607,3.2452,45.6,35.36
4806329,2.7945,45.6,35.36
4807051,2.1184,45.6,35.35
4807773,3.8762,45.6,35.36
4808495,3.3128,45.6,35.36
4809217,2.1184,44.6,35.36
4809939,2.1184,44.6,35.36
4810661,4.2819,44.6,35.36
4811383,3.3353,45.6,35.36
4812105,3.4255,45.6,35.36
4812827,3.7410,44.6,35.37
4813549,3.7635,45.6,35.36
4814271,2.5916,45.6,35.36
4814993,3.6283,45.6,35.37
4815715,3.7635,45.6,35.37
4816437,3.7635,45.6,35.37
4817159,3.8762,45.6,35.37
4817881,3.7410,45.6,35.37
4818603,3.3353,45.6,35.38
4819325,3.6959,45.6,35.38
4820047,3.2452,45.6,35.38
4820769,3.4029,45.6,35.38
4821491,3.8537,44.6,35.38
4822213,3.6058,44.6,35.38
4822935,3.8311,44.6,35.38
4823657,2.8395,44.6,35.38
4824379,2.9522,45.6,35.39
4825101,3.4029,45.6,35.39
4825823,3.4480,44.6,35.39
4826545,3.4480,45.6,35.39
4827267,3.1550,45.6,35.39
4827989,2.5240,45.6,35.40
4828711,3.9438,45.6,35.40
4829433,2.2311,45.6,35.40
4830155,3.4255,45.6,35.41
4830877,3.5607,45.6,35.41
4831599,3.7861,45.6,35.42
4832321,2.8395,44.6,35.42
4833043,3.0649,44.6,35.42
4833765,2.9072,45.6,35.42
4834487,3.8086,45.6,35.43
4835209,3.1100,45.6,35.43
4835931,2.5240,45.6,35.43
4836653,2.8170,45.6,35.44
4837375,3.3128,45.6,35.44
4838097,3.2903,45.6,35.45
4838819,2.2536,45.6,35.45
4839541,2.2536,44.6,35.45
4840263,3.0649,44.6,35.46
# [n=6700] mean=3.7407 m  sigma=1.5935 m  die=44.6 C  CalVal=17
4840985,2.1184,45.6,35.46
4841707,2.0959,45.6,35.47
4842429,2.2536,45.6,35.47
4843151,-24.0910,45.6,35.47
4843873,2.0057,45.6,35.48
4844595,2.7945,45.6,35.48
4845317,1.8930,45.6,35.49
4846039,3.0198,45.6,35.49
4846761,2.8395,45.6,35.49
4847483,3.1550,45.6,35.50
4848205,2.3888,45.6,35.50
4848927,2.3437,45.6,35.51
4849649,1.8705,45.6,35.52
4850371,2.8170,45.6,35.52
4851093,2.1860,45.6,35.53
4851815,2.0057,45.6,35.53
4852537,2.0508,45.6,35.54
4853259,1.5775,45.6,35.54
4853981,2.4564,45.6,35.55
4854703,2.9748,44.6,35.55
4855425,2.4339,45.6,35.56
4856147,2.4339,45.6,35.56
4856869,2.1184,45.6,35.57
4857591,1.8480,45.6,35.57
4858313,2.8395,45.6,35.58
4859035,2.2536,45.6,35.58
4859757,3.4255,45.6,35.59
4860479,2.7494,45.6,35.60
4861201,3.6283,45.6,35.60
4861923,3.0198,45.6,35.61
4862645,3.3128,45.6,35.61
4863367,3.4706,45.6,35.62
4864089,3.4706,45.6,35.63
4864811,4.1917,45.6,35.63
4865533,3.5607,45.6,35.64
4866255,3.1550,45.6,35.64
4866977,3.7184,45.6,35.65
4867699,3.1550,45.6,35.66
4868421,2.9072,45.6,35.66
4869143,3.3579,45.6,35.67
4869865,4.3269,45.6,35.68
4870587,4.3495,44.6,35.68
4871309,4.3720,45.6,35.69
4872031,4.3044,45.6,35.70
4872753,4.3044,45.6,35.71
4873475,5.5664,45.6,35.71
4874197,3.3804,45.6,35.72
4874919,4.9579,45.6,35.73
4875641,4.9579,45.6,35.74
4876363,3.8987,45.6,35.74
4877085,3.5607,45.6,35.75
4877807,4.0340,45.6,35.76
4878529,4.8453,45.6,35.76
4879251,4.2593,45.6,35.77
4879973,3.3804,45.6,35.77
4880695,3.7861,45.6,35.78
4881417,4.6875,45.6,35.79
4882139,3.8537,45.6,35.80
4882861,4.4621,45.6,35.81
4883583,3.6734,45.6,35.81
4884305,4.2819,45.6,35.82
4885027,3.2677,45.6,35.83
4885749,3.2677,45.6,35.84
4886471,4.1241,45.6,35.84
4887193,4.0790,45.6,35.85
4887915,4.1241,45.6,35.86
4888637,4.6875,45.6,35.87
4889359,4.6875,45.6,35.88
4890081,2.8395,45.6,35.88
4890803,2.5015,45.6,35.89
4891525,2.3663,45.6,35.90
4892247,4.1692,45.6,35.91
4892969,4.3495,45.6,35.92
4893691,2.7719,45.6,35.93
4894413,2.5916,45.6,35.93
4895135,4.2819,45.6,35.95
4895857,3.0649,45.6,35.95
4896579,4.3269,45.6,35.96
4897301,2.4339,45.6,35.98
4898023,4.2593,45.6,35.99
4898745,3.6959,45.6,35.99
4899467,3.3353,46.6,36.00
4900189,3.2001,45.6,36.01
4900911,3.5607,45.6,36.02
4901633,3.2903,45.6,36.03
4902355,3.2903,45.6,36.03
4903077,4.2142,45.6,36.04
4903799,3.4255,45.6,36.05
4904521,3.9438,45.6,36.05
4905243,3.4706,45.6,36.06
4905965,2.1635,45.6,36.07
4906687,4.1917,46.6,36.08
4907409,3.4480,45.6,36.09
4908131,3.4029,45.6,36.10
4908853,3.6508,45.6,36.10
4909575,4.7100,45.6,36.11
4910297,3.4706,46.6,36.12
4911019,3.1100,46.6,36.13
4911741,3.3353,45.6,36.14
4912463,2.8846,46.6,36.15
# [n=6800] mean=3.7311 m  sigma=1.6213 m  die=46.6 C  CalVal=17
4913185,2.9297,45.6,36.16
4913907,3.2677,46.6,36.17
4914629,3.2001,45.6,36.17
4915351,3.9438,46.6,36.19
4916073,3.9663,46.6,36.19
4916795,4.1016,46.6,36.20
4917517,3.3353,46.6,36.21
4918239,3.7184,46.6,36.22
4918961,3.7184,45.6,36.23
4919683,3.1550,46.6,36.24
4920405,3.4706,46.6,36.26
4921127,2.5466,46.6,36.26
4921849,4.4847,45.6,36.28
4922571,3.3579,46.6,36.28
4923293,3.0874,46.6,36.29
4924015,3.3353,46.6,36.31
4924737,3.4706,46.6,36.31
4925459,2.9297,46.6,36.33
4926181,2.8395,46.6,36.34
4926903,3.7635,46.6,36.35
4927625,3.6734,46.6,36.36
4928347,2.7269,46.6,36.37
4929069,2.5015,46.6,36.38
4929791,2.7945,46.6,36.39
4930513,4.2142,46.6,36.40
4931235,3.5156,46.6,36.41
4931957,4.3720,46.6,36.43
4932679,4.0790,46.6,36.43
4933401,2.7945,46.6,36.45
4934123,2.6593,45.6,36.46
4934845,4.1692,46.6,36.47
4935567,4.1692,45.6,36.48
4936289,3.9438,45.6,36.49
4937011,3.6058,46.6,36.50
4937733,4.0565,46.6,36.51
4938455,3.6734,46.6,36.52
4939177,2.7269,46.6,36.53
4939899,3.4706,46.6,36.54
4940621,3.7410,46.6,36.55
4941343,2.8621,46.6,36.57
4942065,3.4931,46.6,36.57
4942787,2.6367,46.6,36.58
4943509,3.2452,47.6,36.59
4944231,2.5916,46.6,36.60
4944953,3.5832,46.6,36.61
4945675,3.6734,46.6,36.63
4946397,3.3128,47.6,36.64
4947119,3.3579,46.6,36.65
4947841,4.1016,46.6,36.66
4948563,4.1016,46.6,36.67
4949285,3.1325,47.6,36.68
4950007,1.8930,47.6,36.69
4950729,3.3353,47.6,36.69
4951451,2.2761,46.6,36.71
4952173,2.0959,46.6,36.72
4952895,2.8846,46.6,36.73
4953617,3.3804,46.6,36.74
4954339,3.2903,46.6,36.75
4955061,2.7043,46.6,36.76
4955783,2.5916,46.6,36.77
4956505,2.5015,47.6,36.78
4957227,2.3888,47.6,36.79
4957949,2.4339,46.6,36.80
4958671,2.7945,47.6,36.81
4959393,3.0424,46.6,36.82
4960115,3.9438,46.6,36.83
4960837,3.4029,46.6,36.84
4961559,2.7945,46.6,36.85
4962281,2.0057,47.6,36.86
4963003,4.1692,46.6,36.87
4963725,4.1241,46.6,36.88
4964447,2.2761,46.6,36.89
4965169,2.2761,46.6,36.90
4965891,1.5550,46.6,36.91
4966613,3.2452,46.6,36.92
4967335,2.0959,45.6,36.93
4968057,3.4706,46.6,36.93
4968779,3.1776,46.6,36.95
4969501,3.4706,47.6,36.95
4970223,3.0874,47.6,36.97
4970945,3.2903,47.6,36.98
4971667,2.2536,47.6,36.99
4972389,2.6367,46.6,36.99
4973111,3.1325,47.6,37.00
4973833,2.2987,47.6,37.00
4974555,3.7184,47.6,37.01
4975277,2.3663,46.6,37.01
4975999,3.1325,46.6,37.02
4976721,3.5832,46.6,37.03
4977443,3.7635,46.6,37.04
4978165,3.0874,47.6,37.05
4978887,2.8395,47.6,37.06
4979609,3.4931,47.6,37.07
4980331,3.5156,47.6,37.08
4981053,3.2227,47.6,37.09
4981775,3.2227,47.6,37.10
4982497,3.2452,47.6,37.11
4983219,2.5240,47.6,37.12
4983941,3.3804,47.6,37.13
4984663,2.5691,47.6,37.14
# [n=6900] mean=3.7233 m  sigma=1.6125 m  die=47.6 C  CalVal=17
4985385,2.9297,47.6,37.14
4986107,2.9973,47.6,37.16
4986829,3.6734,47.6,37.16
4987551,3.6058,47.6,37.17
4988273,2.5916,47.6,37.18
4988995,2.0282,47.6,37.20
4989717,2.6818,47.6,37.21
4990439,2.4339,47.6,37.22
4991161,2.3212,46.6,37.22
4991883,2.2085,46.6,37.24
4992605,2.3212,47.6,37.24
4993327,2.7719,47.6,37.25
4994049,3.9213,46.6,37.27
4994771,3.0424,47.6,37.28
4995493,3.2227,47.6,37.29
4996215,3.0424,47.6,37.30
4996937,3.4706,47.6,37.30
4997659,3.2452,47.6,37.32
4998381,3.2452,47.6,37.32
4999103,2.4790,47.6,37.33
4999825,3.6734,47.6,37.35
5000547,2.2311,47.6,37.35
5001269,3.2227,47.6,37.36
5001991,2.3212,47.6,37.37
5002713,3.5382,47.6,37.38
5003435,1.8254,47.6,37.39
5004157,2.5015,47.6,37.40
5004879,2.3888,47.6,37.41
5005601,2.7494,47.6,37.41
5006323,3.3804,47.6,37.42
5007045,3.1325,47.6,37.43
5007767,3.7861,47.6,37.44
5008489,3.6058,47.6,37.45
5009211,3.2903,47.6,37.46
5009933,3.0198,48.6,37.46
5010655,2.4339,47.6,37.48
5011377,2.4339,47.6,37.48
5012099,3.4029,48.6,37.49
5012821,2.7719,47.6,37.50
5013543,2.9973,48.6,37.51
5014265,3.1325,48.6,37.52
5014987,1.9832,48.6,37.53
5015709,2.4339,47.6,37.54
5016431,2.6593,48.6,37.55
5017153,2.6818,47.6,37.56
5017875,2.6367,47.6,37.57
5018597,2.2536,48.6,37.58
5019319,3.4029,47.6,37.59
5020041,2.8846,48.6,37.60
5020763,2.5240,48.6,37.61
5021485,3.2452,48.6,37.62
5022207,2.3888,47.6,37.63
5022929,1.6001,47.6,37.63
5023651,2.8621,46.6,37.64
5024373,2.2761,47.6,37.65
5025095,3.1100,47.6,37.66
5025817,2.5240,47.6,37.67
5026539,1.8705,47.6,37.68
5027261,2.3888,47.6,37.69
5027983,2.3888,47.6,37.70
5028705,2.7945,47.6,37.71
5029427,2.9297,48.6,37.71
5030149,2.8846,47.6,37.72
5030871,2.7269,47.6,37.73
5031593,3.6959,47.6,37.74
5032315,2.5466,47.6,37.75
5033037,2.4339,47.6,37.76
5033759,2.5015,47.6,37.77
5034481,2.7043,47.6,37.78
5035203,2.3437,47.6,37.79
5035925,2.9522,47.6,37.79
5036647,3.4931,48.6,37.80
5037369,2.8170,47.6,37.81
5038091,2.4339,48.6,37.82
5038813,2.2311,47.6,37.83
5039535,3.2452,48.6,37.83
5040257,2.9072,48.6,37.84
5040979,2.3663,48.6,37.85
5041701,2.7719,48.6,37.86
5042423,2.6142,48.6,37.87
5043145,2.7494,48.6,37.88
5043867,3.6058,47.6,37.89
5044589,3.6058,48.6,37.90
5045311,3.2001,48.6,37.90
5046033,2.0959,48.6,37.91
5046755,2.4339,48.6,37.92
5047477,3.2452,48.6,37.93
5048199,2.5916,48.6,37.94
5048921,3.0198,47.6,37.94
5049643,2.1635,47.6,37.95
5050365,3.6283,48.6,37.96
5051087,2.9072,47.6,37.97
5051809,3.4255,48.6,37.98
5052531,3.4931,48.6,37.99
5053253,1.5325,48.6,38.00
5053975,2.6142,47.6,38.01
5054697,1.8254,48.6,38.02
5055419,2.6367,48.6,38.02
5056141,1.8029,48.6,38.03
5056863,3.2903,48.6,38.04
# [n=7000] mean=3.7101 m  sigma=1.6059 m  die=48.6 C  CalVal=17
5057585,3.2903,48.6,38.04
5058307,2.8170,48.6,38.06
5059029,2.1409,48.6,38.07
5059751,3.1550,48.6,38.07
5060473,3.0424,48.6,38.08
5061195,3.0424,48.6,38.09
5061917,3.1550,47.6,38.09
5062639,1.4648,48.6,38.10
5063361,3.2227,48.6,38.11
5064083,2.2085,48.6,38.12
5064805,3.2677,48.6,38.13
5065527,2.7494,48.6,38.14
5066249,1.7578,48.6,38.15
5066971,2.2761,48.6,38.16
5067693,2.4114,48.6,38.16
5068415,2.5691,48.6,38.17
5069137,2.4114,48.6,38.18
5069859,2.7269,48.6,38.19
5070581,2.2536,48.6,38.20
5071303,1.8705,48.6,38.21
5072025,2.0282,48.6,38.21
5072747,3.2001,48.6,38.22
5073469,3.2001,48.6,38.23
5074191,3.2001,48.6,38.24
5074913,2.0959,48.6,38.25
5075635,3.4480,48.6,38.26
5076357,2.8395,48.6,38.27
5077079,1.4423,48.6,38.28
5077801,2.6593,48.6,38.30
5078523,3.0874,48.6,38.30
5079245,2.9072,48.6,38.31
5079967,2.6367,48.6,38.32
5080689,2.7269,48.6,38.33
5081411,3.1325,48.6,38.34
5082133,3.1325,48.6,38.35
5082855,2.5466,48.6,38.35
5083577,2.5015,48.6,38.37
5084299,3.2903,48.6,38.37
5085021,2.4564,48.6,38.38
5085743,3.0198,47.6,38.39
5086465,2.0959,48.6,38.40
5087187,3.5156,48.6,38.41
5087909,2.9973,48.6,38.41
5088631,2.7043,48.6,38.42
5089353,1.6677,48.6,38.42
5090075,2.4114,48.6,38.43
5090797,2.4114,48.6,38.44
5091519,2.7945,48.6,38.44
5092241,2.5916,48.6,38.45
5092963,2.7945,48.6,38.46
5093685,2.2987,48.6,38.47
5094407,1.9606,48.6,38.47
5095129,2.2987,48.6,38.48
5095851,2.3663,48.6,38.48
5096573,2.1409,48.6,38.50
5097295,2.5691,48.6,38.50
5098017,2.4564,48.6,38.51
5098739,2.8395,48.6,38.51
5099461,2.1860,48.6,38.52
5100183,2.5691,48.6,38.53
5100905,2.2987,48.6,38.53
5101627,2.5240,48.6,38.54
5102349,2.3437,48.6,38.55
5103071,2.4564,48.6,38.56
5103793,3.3804,48.6,38.56
5104515,2.7269,48.6,38.57
5105237,2.4564,48.6,38.57
5105959,2.9072,48.6,38.58
5106681,2.4564,48.6,38.59
5107403,2.4564,49.6,38.59
5108125,2.2085,48.6,38.59
5108847,3.4480,49.6,38.60
5109569,2.4114,48.6,38.60
5110291,2.6142,48.6,38.61
5111013,3.1550,48.6,38.61
5111735,3.2452,48.6,38.62
5112457,2.2761,48.6,38.63
5113179,2.2085,48.6,38.63
5113901,3.0649,48.6,38.64
5114623,1.6451,48.6,38.64
5115345,2.6142,48.6,38.65
5116067,2.9072,48.6,38.64
5116789,2.7494,48.6,38.64
5117511,1.8480,48.6,38.65
5118233,3.3128,48.6,38.65
5118955,2.5240,48.6,38.66
5119677,2.1409,48.6,38.67
5120399,2.1409,48.6,38.67
5121121,3.2227,48.6,38.67
5121843,2.9748,48.6,38.68
5122565,2.9973,48.6,38.68
5123287,2.9297,48.6,38.69
5124009,2.9973,48.6,38.69
5124731,2.3663,48.6,38.69
5125453,1.8029,47.6,38.69
5126175,2.7269,47.6,38.70
5126897,2.4339,47.6,38.70
5127619,1.7353,48.6,38.71
5128341,2.4114,48.6,38.70
5129063,2.7945,48.6,38.70
# [n=7100] mean=3.6946 m  sigma=1.6008 m  die=48.6 C  CalVal=17
5129785,2.0959,48.6,38.71
5130507,1.5325,48.6,38.71
5131229,2.7945,48.6,38.71
5131951,2.7945,48.6,38.71
5132673,1.9156,48.6,38.71
5133395,2.1860,48.6,38.71
5134117,2.6142,48.6,38.71
5134839,2.4564,48.6,38.71
5135561,2.9748,48.6,38.71
5136283,1.9381,48.6,38.71
5137005,1.9381,48.6,38.71
5137727,2.6142,48.6,38.71
5138449,3.4931,48.6,38.72
5139171,2.2761,49.6,38.71
5139893,1.6677,48.6,38.71
5140615,1.5325,48.6,38.72
5141337,2.5691,48.6,38.71
5142059,2.7719,48.6,38.71
5142781,1.8029,48.6,38.71
5143503,2.1860,48.6,38.72
5144225,3.0649,48.6,38.72
5144947,2.9072,48.6,38.72
5145669,3.2903,48.6,38.72
5146391,3.0424,48.6,38.71
5147113,1.7803,48.6,38.72
5147835,2.9522,48.6,38.72
5148557,2.2085,48.6,38.72
5149279,2.9973,48.6,38.72
5150001,3.3128,48.6,38.72
5150723,2.3663,48.6,38.72
5151445,1.6677,48.6,38.71
5152167,1.4874,48.6,38.71
5152889,3.1325,48.6,38.71
5153611,3.1325,48.6,38.71
5154333,2.2987,48.6,38.71
5155055,3.0424,48.6,38.71
5155777,2.9297,48.6,38.71
5156499,2.1635,48.6,38.71
5157221,2.7269,48.6,38.71
5157943,2.4790,48.6,38.70
5158665,2.2987,48.6,38.70
5159387,3.0198,48.6,38.70
5160109,1.3522,48.6,38.70
5160831,1.3522,48.6,38.70
5161553,2.5240,48.6,38.70
5162275,1.8930,48.6,38.69
5162997,1.9381,48.6,38.69
5163719,2.0959,48.6,38.69
5164441,2.1860,48.6,38.69
5165163,2.0733,48.6,38.68
5165885,3.4255,48.6,38.68
5166607,3.4255,48.6,38.69
5167329,2.9297,48.6,38.68
5168051,2.7269,48.6,38.68
5168773,3.0649,48.6,38.68
5169495,2.3437,48.6,38.67
5170217,2.3437,48.6,38.67
5170939,2.2311,48.6,38.67
5171661,3.0874,48.6,38.66
5172383,2.2085,48.6,38.66
5173105,2.6142,48.6,38.66
5173827,2.4564,48.6,38.66
5174549,2.2311,48.6,38.65
5175271,2.5240,48.6,38.65
5175993,2.0959,48.6,38.65
5176715,2.5015,48.6,38.64
5177437,2.2085,48.6,38.64
5178159,3.3579,48.6,38.64
5178881,2.2536,48.6,38.63
5179603,2.6367,49.6,38.63
5180325,2.4790,48.6,38.62
5181047,2.0282,48.6,38.62
5181769,2.8170,48.6,38.62
5182491,2.8621,48.6,38.62
5183213,2.8621,49.6,38.61
5183935,2.5240,48.6,38.61
5184657,2.6142,49.6,38.60
5185379,1.9832,48.6,38.60
5186101,2.9522,48.6,38.60
5186823,3.0198,48.6,38.60
5187545,2.0057,48.6,38.59
5188267,2.0057,48.6,38.59
5188989,1.7353,48.6,38.58
5189711,1.8029,48.6,38.58
5190433,1.4423,48.6,38.57
5191155,2.1184,48.6,38.57
5191877,2.1184,48.6,38.57
5192599,1.9606,48.6,38.57
5193321,3.4931,48.6,38.56
5194043,2.7043,48.6,38.55
5194765,2.6593,48.6,38.55
5195487,1.3522,48.6,38.54
5196209,2.3663,48.6,38.54
5196931,2.9973,48.6,38.53
5197653,2.2536,48.6,38.53
5198375,1.3522,48.6,38.52
5199097,1.8480,48.6,38.52
5199819,1.8480,48.6,38.52
5200541,2.8395,48.6,38.51
5201263,2.6593,48.6,38.50
# [n=7200] mean=3.6769 m  sigma=1.5979 m  die=48.6 C  CalVal=17
5201985,2.4339,48.6,38.50
5202707,2.5240,48.6,38.50
5203429,3.2903,48.6,38.48
5204151,1.3296,48.6,38.48
5204873,2.2761,48.6,38.47
5205595,2.3212,48.6,38.47
5206317,3.1550,48.6,38.47
5207039,2.4790,48.6,38.46
5207761,1.6226,48.6,38.46
5208483,1.9832,48.6,38.45
5209205,3.3804,47.6,38.45
5209927,3.3579,48.6,38.44
5210649,3.2903,48.6,38.44
5211371,3.2677,48.6,38.43
5212093,2.3212,48.6,38.43
5212815,2.6593,48.6,38.42
5213537,2.2987,48.6,38.42
5214259,2.3663,48.6,38.42
5214981,2.0508,48.6,38.41
5215703,2.2761,48.6,38.41
5216425,2.2761,48.6,38.40
5217147,2.4790,49.6,38.39
5217869,3.3128,48.6,38.39
5218591,2.6818,48.6,38.39
5219313,3.4029,48.6,38.38
5220035,3.4480,48.6,38.38
5220757,1.4874,48.6,38.37
5221479,2.3888,48.6,38.37
5222201,2.2536,48.6,38.36
5222923,2.4114,48.6,38.35
5223645,1.7353,48.6,38.35
5224367,3.2227,48.6,38.35
5225089,3.8086,48.6,38.35
5225811,3.1550,48.6,38.33
5226533,2.2085,49.6,38.33
5227255,3.3128,48.6,38.32
5227977,2.5466,48.6,38.32
5228699,1.3296,48.6,38.31
5229421,1.3296,48.6,38.31
5230143,1.3296,48.6,38.30
5230865,3.1776,48.6,38.30
5231587,2.6818,48.6,38.29
5232309,1.9832,48.6,38.29
5233031,2.3663,48.6,38.28
5233753,2.3888,48.6,38.28
5234475,2.6367,48.6,38.27
5235197,2.2761,48.6,38.26
5235919,2.1860,48.6,38.25
5236641,2.5916,48.6,38.24
5237363,2.9522,48.6,38.24
5238085,2.5466,48.6,38.24
5238807,1.6677,48.6,38.23
5239529,1.8254,48.6,38.23
5240251,1.9606,48.6,38.21
5240973,1.4423,48.6,38.21
5241695,2.8170,48.6,38.21
5242417,3.2001,48.6,38.20
5243139,1.9381,48.6,38.19
5243861,2.0282,48.6,38.19
5244583,3.5832,48.6,38.19
5245305,3.4480,48.6,38.19
5246027,3.4480,48.6,38.17
5246749,2.8170,48.6,38.17
5247471,2.0733,48.6,38.16
5248193,2.5691,48.6,38.16
5248915,2.1184,48.6,38.15
5249637,3.2903,48.6,38.15
5250359,2.0057,48.6,38.14
5251081,3.1100,48.6,38.13
5251803,2.1635,47.6,38.13
5252525,2.9072,48.6,38.13
5253247,3.4480,48.6,38.12
5253969,3.3128,48.6,38.11
5254691,2.8395,48.6,38.11
5255413,2.6142,48.6,38.10
5256135,2.7269,48.6,38.09
5256857,2.1860,48.6,38.09
5257579,2.0733,48.6,38.08
5258301,2.1409,48.6,38.08
5259023,2.2536,48.6,38.07
5259745,2.1860,48.6,38.07
5260467,2.9973,48.6,38.06
5261189,3.3128,48.6,38.05
5261911,2.0508,48.6,38.05
5262633,2.0508,48.6,38.04
5263355,3.3804,48.6,38.04
5264077,2.1860,48.6,38.03
5264799,2.5240,48.6,38.03
5265521,2.7719,48.6,38.02
5266243,3.4029,48.6,38.01
5266965,2.2311,48.6,38.01
5267687,1.8705,48.6,38.01
5268409,2.9973,48.6,38.00
5269131,2.0508,48.6,38.00
5269853,1.9381,48.6,37.99
5270575,2.5015,48.6,37.99
5271297,2.1409,48.6,37.98
5272019,3.2677,48.6,37.98
5272741,2.2987,48.6,37.97
5273463,2.4790,48.6,37.96
# [n=7300] mean=3.6612 m  sigma=1.5940 m  die=48.6 C  CalVal=16
5274185,1.7803,48.6,37.96
5274907,1.6226,48.6,37.96
5275629,1.6226,48.6,37.95
5276351,2.2761,48.6,37.94
5277073,1.4423,48.6,37.93
5277795,3.3804,48.6,37.93
5278517,3.0424,48.6,37.92
5279239,3.0424,48.6,37.92
5279961,2.4790,48.6,37.92
5280683,1.6902,48.6,37.92
5281405,2.3437,48.6,37.91
5282127,2.3663,48.6,37.91
5282849,2.4790,48.6,37.90
5283571,1.8254,48.6,37.89
5284293,2.5015,48.6,37.89
5285015,2.6367,48.6,37.87
5285737,2.5240,48.6,37.87
5286459,2.6367,48.6,37.87
5287181,2.5691,48.6,37.87
5287903,2.2085,48.6,37.86
5288625,2.7269,48.6,37.85
5289347,2.5916,48.6,37.84
5290069,2.4339,48.6,37.84
5290791,2.1860,48.6,37.84
5291513,2.3437,48.6,37.83
5292235,2.3437,47.6,37.83
5292957,2.5240,48.6,37.82
5293679,3.5832,48.6,37.82
5294401,2.9973,47.6,37.81
5295123,2.4339,48.6,37.81
5295845,1.7578,48.6,37.80
5296567,2.6142,48.6,37.79
5297289,2.9522,48.6,37.79
5298011,1.7803,48.6,37.79
5298733,2.5916,48.6,37.78
5299455,2.8170,48.6,37.78
5300177,2.8621,48.6,37.77
5300899,2.5240,48.6,37.77
5301621,1.7803,48.6,37.76
5302343,2.7719,48.6,37.75
5303065,2.7945,48.6,37.75
5303787,2.6593,48.6,37.75
5304509,2.2761,48.6,37.74
5305231,2.7269,48.6,37.73
5305953,2.9072,48.6,37.73
5306675,2.0959,48.6,37.72
5307397,3.3804,48.6,37.72
5308119,2.8170,48.6,37.71
5308841,2.8170,48.6,37.71
5309563,2.6818,48.6,37.70
5310285,2.2987,48.6,37.70
5311007,1.9606,48.6,37.69
5311729,2.4114,47.6,37.69
5312451,2.7945,48.6,37.68
5313173,3.0198,48.6,37.68
5313895,2.8395,48.6,37.67
5314617,2.6367,48.6,37.67
5315339,3.1325,48.6,37.66
5316061,3.0424,47.6,37.65
5316783,2.3663,47.6,37.65
5317505,3.1776,47.6,37.65
5318227,2.0508,48.6,37.64
5318949,1.9381,48.6,37.63
5319671,1.6451,48.6,37.63
5320393,2.9072,48.6,37.63
5321115,3.1550,48.6,37.62
5321837,1.9156,48.6,37.61
5322559,3.2677,48.6,37.60
5323281,2.4114,48.6,37.61
5324003,2.4790,48.6,37.59
5324725,2.1409,48.6,37.59
5325447,2.1409,48.6,37.58
5326169,2.8395,48.6,37.58
5326891,2.8846,48.6,37.58
5327613,2.0733,48.6,37.57
5328335,2.5015,48.6,37.57
5329057,2.1635,48.6,37.56
5329779,2.8621,47.6,37.55
5330501,3.3353,47.6,37.54
5331223,3.1325,48.6,37.54
5331945,2.6593,47.6,37.54
5332667,2.7494,48.6,37.54
5333389,2.2311,48.6,37.53
5334111,3.1776,48.6,37.52
5334833,2.0057,47.6,37.52
5335555,2.6367,47.6,37.51
5336277,2.8170,48.6,37.51
5336999,2.6142,48.6,37.50
5337721,3.3353,48.6,37.50
5338443,3.3353,48.6,37.49
5339165,2.2761,48.6,37.49
5339887,2.9297,47.6,37.48
5340609,2.2536,47.6,37.48
5341331,2.8846,48.6,37.47
5342053,-13.4991,48.6,37.47
5342775,1.8480,48.6,37.47
5343497,3.2452,48.6,37.46
5344219,2.1860,48.6,37.45
5344941,2.2085,48.6,37.45
5345663,3.4029,47.6,37.44
# [n=7400] mean=3.6440 m  sigma=1.6018 m  die=47.6 C  CalVal=16
5346385,2.3663,47.6,37.44
5347107,3.4255,47.6,37.44
5347829,2.0508,47.6,37.43
5348551,3.1325,47.6,37.43
5349273,2.7719,47.6,37.42
5349995,2.3437,48.6,37.41
5350717,1.3071,48.6,37.41
5351439,2.7945,48.6,37.41
5352161,2.8395,47.6,37.40
5352883,2.4114,47.6,37.40
5353605,2.0057,48.6,37.40
5354327,2.5466,48.6,37.39
5355049,2.5466,47.6,37.39
5355771,2.7719,47.6,37.38
5356493,2.8395,47.6,37.38
5357215,2.7494,47.6,37.37
5357937,3.3804,48.6,37.37
5358659,2.2536,48.6,37.37
5359381,5.8819,47.6,37.36
5360103,2.2987,47.6,37.36
5360825,3.1100,47.6,37.36
5361547,2.6593,47.6,37.35
5362269,2.6593,48.6,37.34
5362991,2.6367,48.6,37.35
5363713,2.5466,47.6,37.35
5364435,2.6593,48.6,37.34
5365157,2.4114,47.6,37.33
5365879,2.3663,47.6,37.33
5366601,2.7494,47.6,37.32
5367323,2.9522,48.6,37.32
5368045,2.7494,48.6,37.31
5368767,2.4339,48.6,37.31
5369489,3.4255,47.6,37.30
5370211,3.1325,48.6,37.29
5370933,1.5325,47.6,37.29
5371655,1.5325,47.6,37.29
5372377,1.7353,47.6,37.28
5373099,1.7578,47.6,37.28
5373821,2.4564,47.6,37.27
5374543,2.0959,47.6,37.27
5375265,2.7719,47.6,37.26
5375987,1.6902,47.6,37.26
5376709,1.4874,47.6,37.25
5377431,3.3804,47.6,37.24
5378153,3.4255,48.6,37.24
5378875,2.9072,48.6,37.24
5379597,2.1409,48.6,37.24
5380319,2.9973,48.6,37.23
5381041,3.2677,48.6,37.23
5381763,1.4874,48.6,37.23
5382485,2.5916,48.6,37.22
5383207,3.0198,48.6,37.22
5383929,2.9072,48.6,37.22
5384651,2.9072,48.6,37.21
5385373,3.1550,48.6,37.21
5386095,3.4255,48.6,37.21
5386817,2.5691,48.6,37.20
5387539,3.0649,48.6,37.20
5388261,3.0649,48.6,37.19
5388983,2.9973,48.6,37.18
5389705,2.4564,48.6,37.18
5390427,3.3128,48.6,37.17
5391149,2.6593,47.6,37.17
5391871,3.3579,48.6,37.17
5392593,2.3437,48.6,37.16
5393315,2.4114,48.6,37.15
5394037,1.4874,48.6,37.15
5394759,2.4564,47.6,37.15
5395481,1.5775,47.6,37.15
5396203,1.7803,48.6,37.13
5396925,2.6367,47.6,37.14
5397647,2.2311,47.6,37.13
5398369,2.2536,47.6,37.13
5399091,2.7269,47.6,37.12
5399813,2.2085,47.6,37.12
5400535,3.1325,47.6,37.11
5401257,3.1325,47.6,37.11
5401979,2.0959,47.6,37.11
5402701,2.1184,47.6,37.10
5403423,1.8254,47.6,37.10
5404145,2.5916,47.6,37.10
5404867,2.0282,48.6,37.09
5405589,3.3128,48.6,37.09
5406311,2.8846,48.6,37.08
5407033,2.4564,47.6,37.08
5407755,2.6142,47.6,37.08
5408477,2.5916,47.6,37.08
5409199,2.6367,47.6,37.07
5409921,3.1325,47.6,37.06
5410643,2.7719,47.6,37.06
5411365,1.3972,47.6,37.06
5412087,2.6142,47.6,37.05
5412809,3.4931,47.6,37.05
5413531,1.8930,47.6,37.05
5414253,2.6367,47.6,37.04
5414975,2.6593,47.6,37.04
5415697,3.2227,47.6,37.04
5416419,3.6508,48.6,37.03
5417141,2.9072,47.6,37.03
5417863,2.9072,47.6,37.03
# [n=7500] mean=3.6304 m  sigma=1.5970 m  die=47.6 C  CalVal=16
5418585,2.7494,47.6,37.02
5419307,2.2085,48.6,37.02
5420029,3.3128,48.6,37.01
5420751,2.6367,48.6,37.01
5421473,1.8705,48.6,37.00
5422195,2.9973,47.6,37.00
5422917,2.7719,47.6,37.00
5423639,2.4564,48.6,37.00
5424361,2.4790,48.6,36.99
5425083,1.7353,47.6,36.99
5425805,3.3128,47.6,36.98
5426527,2.3212,47.6,36.98
5427249,2.8621,47.6,36.97
5427971,2.5466,47.6,36.97
5428693,2.9973,47.6,36.97
5429415,2.9072,47.6,36.97
5430137,2.6142,47.6,36.96
5430859,3.4706,47.6,36.96
5431581,2.5916,47.6,36.95
5432303,2.6818,47.6,36.95
5433025,2.0057,47.6,36.94
5433747,3.1325,47.6,36.94
5434469,3.1325,47.6,36.94
5435191,3.6508,47.6,36.93
5435913,2.5015,48.6,36.93
5436635,3.5832,47.6,36.92
5437357,2.5916,47.6,36.92
5438079,2.7945,47.6,36.92
5438801,3.4029,48.6,36.91
5439523,3.2677,48.6,36.91
5440245,2.2761,48.6,36.90
5440967,2.6367,48.6,36.90
5441689,2.4564,48.6,36.90
5442411,2.8846,47.6,36.89
5443133,2.6367,48.6,36.89
5443855,1.7127,48.6,36.89
5444577,3.2452,47.6,36.88
5445299,2.2987,47.6,36.88
5446021,2.9973,47.6,36.88
5446743,2.3437,47.6,36.87
5447465,2.3437,48.6,36.87
5448187,2.2987,47.6,36.87
5448909,2.7719,47.6,36.86
5449631,2.6818,48.6,36.86
5450353,2.8621,47.6,36.86
5451075,2.8621,47.6,36.85
5451797,2.2761,47.6,36.85
5452519,2.0282,47.6,36.85
5453241,2.5916,48.6,36.84
5453963,2.7494,47.6,36.83
5454685,2.6367,47.6,36.84
5455407,2.4790,48.6,36.83
5456129,1.9381,47.6,36.83
5456851,2.5240,48.6,36.82
5457573,3.7184,47.6,36.82
5458295,1.9832,47.6,36.81
5459017,2.7269,47.6,36.81
5459739,2.3663,47.6,36.81
5460461,2.5240,47.6,36.81
5461183,2.1635,47.6,36.81
5461905,1.8480,48.6,36.80
5462627,2.5240,48.6,36.80
5463349,2.4114,48.6,36.80
5464071,2.4114,48.6,36.80
5464793,2.6367,48.6,36.79
5465515,2.1409,47.6,36.79
5466237,3.4255,47.6,36.78
5466959,2.7043,47.6,36.78
5467681,1.7127,48.6,36.78
5468403,1.9832,47.6,36.77
5469125,2.7269,47.6,36.77
5469847,2.1409,47.6,36.77
5470569,2.4114,47.6,36.77
5471291,2.5916,47.6,36.77
5472013,1.7578,46.6,36.76
5472735,1.9381,47.6,36.76
5473457,3.3353,47.6,36.75
5474179,3.6959,47.6,36.75
5474901,3.1776,47.6,36.74
5475623,3.3804,47.6,36.74
5476345,2.5015,47.6,36.74
5477067,3.2452,47.6,36.74
5477789,2.1635,47.6,36.73
5478511,2.7269,47.6,36.72
5479233,2.7269,47.6,36.72
5479955,3.2001,47.6,36.72
5480677,3.2001,47.6,36.72
5481399,2.2761,48.6,36.72
5482121,2.6593,47.6,36.71
5482843,2.9522,47.6,36.70
5483565,3.3353,47.6,36.70
5484287,1.6902,47.6,36.69
5485009,2.6818,47.6,36.69
5485731,3.2227,47.6,36.69
5486453,2.1860,47.6,36.69
5487175,2.5466,47.6,36.68
5487897,3.3579,47.6,36.68
5488619,2.0959,47.6,36.67
5489341,3.5382,47.6,36.67
5490063,2.5015,47.6,36.67
# [n=7600] mean=3.6176 m  sigma=1.5914 m  die=47.6 C  CalVal=16
5490785,2.5916,47.6,36.67
5491507,3.2677,47.6,36.66
5492229,3.0649,47.6,36.67
5492951,3.3128,47.6,36.66
5493673,3.3128,47.6,36.66
5494395,3.1100,48.6,36.66
5495117,3.0198,47.6,36.65
5495839,1.8254,47.6,36.65
5496561,2.2311,47.6,36.64
5497283,2.2311,47.6,36.64
5498005,2.5916,47.6,36.64
5498727,2.6367,47.6,36.64
5499449,3.3579,47.6,36.64
5500171,3.1776,47.6,36.63
5500893,2.7043,47.6,36.63
5501615,2.0959,47.6,36.62
5502337,1.7578,47.6,36.62
5503059,2.2761,47.6,36.62
5503781,2.9973,47.6,36.61
5504503,3.4931,47.6,36.60
5505225,3.4931,47.6,36.61
5505947,3.2677,47.6,36.60
5506669,2.6367,47.6,36.59
5507391,3.3579,46.6,36.59
5508113,2.2311,47.6,36.59
5508835,2.7945,46.6,36.59
5509557,2.4339,47.6,36.58
5510279,2.4339,47.6,36.58
5511001,2.5691,47.6,36.58
5511723,3.5832,47.6,36.57
5512445,2.6818,47.6,36.57
5513167,2.2536,46.6,36.57
5513889,3.0424,47.6,36.57
5514611,3.3128,47.6,36.57
5515333,3.1325,47.6,36.56
5516055,3.1325,47.6,36.56
5516777,3.2227,47.6,36.56
5517499,2.4564,47.6,36.56
5518221,2.4114,47.6,36.55
5518943,2.1409,47.6,36.55
5519665,2.9748,47.6,36.55
5520387,2.2761,47.6,36.55
5521109,2.0508,46.6,36.54
5521831,1.8254,47.6,36.54
5522553,2.4339,46.6,36.53
5523275,2.5015,47.6,36.53
5523997,3.1776,46.6,36.53
5524719,2.8395,46.6,36.53
5525441,3.2452,47.6,36.52
5526163,2.9072,47.6,36.52
5526885,2.9072,47.6,36.52
5527607,2.0959,47.6,36.52
5528329,3.6058,47.6,36.52
5529051,1.3972,47.6,36.51
5529773,2.6142,47.6,36.51
5530495,1.8480,47.6,36.50
5531217,3.3579,47.6,36.50
5531939,2.8170,47.6,36.50
5532661,2.7719,47.6,36.50
5533383,3.1776,47.6,36.50
5534105,3.0649,47.6,36.50
5534827,2.2761,47.6,36.49
5535549,2.8846,47.6,36.49
5536271,2.8395,47.6,36.49
5536993,1.8254,47.6,36.49
5537715,3.0649,47.6,36.49
5538437,2.4790,47.6,36.48
5539159,2.5015,47.6,36.48
5539881,2.6818,47.6,36.48
5540603,2.2987,47.6,36.48
5541325,3.5382,47.6,36.47
5542047,3.7635,47.6,36.47
5542769,2.4339,47.6,36.47
5543491,2.4339,47.6,36.47
5544213,3.1550,47.6,36.46
5544935,2.5916,47.6,36.47
5545657,2.4114,47.6,36.46
5546379,2.6367,47.6,36.46
5547101,3.2677,47.6,36.46
5547823,2.4114,47.6,36.45
5548545,3.3579,47.6,36.45
5549267,2.8846,47.6,36.45
5549989,2.1635,47.6,36.45
5550711,2.9522,47.6,36.45
5551433,2.3212,47.6,36.44
5552155,2.8621,46.6,36.44
5552877,3.0874,46.6,36.44
5553599,3.2227,46.6,36.44
5554321,1.8480,47.6,36.44
5555043,2.7494,47.6,36.43
5555765,3.3353,47.6,36.42
5556487,3.3353,47.6,36.43
5557209,3.2677,47.6,36.43
5557931,3.5156,47.6,36.42
5558653,3.1325,47.6,36.42
5559375,3.7184,46.6,36.42
5560097,3.7184,46.6,36.42
5560819,2.4790,46.6,36.42
5561541,2.3212,46.6,36.41
5562263,2.7269,46.6,36.41
# [n=7700] mean=3.6067 m  sigma=1.5850 m  die=46.6 C  CalVal=16
5562985,2.7719,46.6,36.41
5563707,2.0282,47.6,36.40
5564429,2.3212,47.6,36.40
5565151,2.9297,47.6,36.40
5565873,3.1776,47.6,36.40
5566595,2.4790,47.6,36.40
5567317,3.5607,47.6,36.40
5568039,3.1776,47.6,36.40
5568761,2.7043,46.6,36.40
5569483,1.9156,46.6,36.40
5570205,2.9072,47.6,36.39
5570927,3.6959,47.6,36.39
5571649,2.9522,47.6,36.39
5572371,2.0733,47.6,36.38
5573093,2.0733,47.6,36.38
5573815,2.9973,47.6,36.38
5574537,2.3888,47.6,36.38
5575259,2.3888,47.6,36.38
5575981,3.4931,47.6,36.37
5576703,2.5240,47.6,36.37
5577425,2.4339,47.6,36.37
5578147,3.1550,47.6,36.37
5578869,3.6734,47.6,36.37
5579591,3.3353,46.6,36.37
5580313,2.9973,46.6,36.36
5581035,2.9072,47.6,36.36
5581757,3.0198,47.6,36.36
5582479,2.1860,47.6,36.36
5583201,1.7578,47.6,36.36
5583923,2.5015,47.6,36.36
5584645,2.8621,47.6,36.36
5585367,1.6902,47.6,36.35
5586089,2.0057,47.6,36.35
5586811,3.1325,47.6,36.35
5587533,2.4114,47.6,36.35
5588255,3.0198,47.6,36.35
5588977,2.4114,47.6,36.35
5589699,2.4114,47.6,36.34
5590421,2.5466,47.6,36.34
5591143,2.9297,47.6,36.34
5591865,2.3212,47.6,36.33
5592587,3.2903,47.6,36.33
5593309,2.8846,46.6,36.33
5594031,2.1409,47.6,36.33
5594753,2.7494,47.6,36.33
5595475,3.3579,47.6,36.32
5596197,2.2987,47.6,36.33
5596919,2.1860,47.6,36.32
5597641,3.0198,47.6,36.31
5598363,2.0959,47.6,36.31
5599085,2.0733,47.6,36.30
5599807,3.4706,47.6,36.31
5600529,2.4114,47.6,36.30
5601251,3.1100,47.6,36.30
5601973,2.5916,47.6,36.30
5602695,3.0198,47.6,36.30
5603417,2.7494,46.6,36.30
5604139,2.3663,46.6,36.29
5604861,3.0874,46.6,36.29
5605583,1.7353,46.6,36.29
5606305,1.7353,47.6,36.29
5607027,3.4029,47.6,36.29
5607749,2.6142,47.6,36.28
5608471,3.2452,47.6,36.28
5609193,2.7494,47.6,36.28
5609915,2.9072,47.6,36.28
5610637,3.5607,47.6,36.28
5611359,2.7945,46.6,36.27
5612081,1.9156,47.6,36.27
5612803,2.2536,47.6,36.27
5613525,2.3437,47.6,36.27
5614247,2.1860,47.6,36.26
5614969,2.7043,46.6,36.26
5615691,2.2311,46.6,36.26
5616413,3.5382,46.6,36.26
5617135,2.7269,46.6,36.26
5617857,2.5916,47.6,36.26
5618579,3.4029,47.6,36.25
5619301,3.4029,47.6,36.25
5620023,2.5015,47.6,36.25
5620745,3.3804,47.6,36.25
5621467,3.4480,47.6,36.25
5622189,2.5466,47.6,36.24
5622911,1.8930,47.6,36.24
5623633,3.6283,47.6,36.24
5624355,2.9748,47.6,36.24
5625077,2.4114,46.6,36.24
5625799,2.7269,46.6,36.24
5626521,2.7043,47.6,36.24
5627243,2.7269,46.6,36.23
5627965,2.4790,47.6,36.23
5628687,2.4114,47.6,36.23
5629409,2.7719,47.6,36.23
5630131,3.4255,46.6,36.23
5630853,2.4339,47.6,36.23
5631575,3.3804,46.6,36.22
5632297,3.6058,47.6,36.22
5633019,3.2227,47.6,36.22
5633741,1.5099,47.6,36.21
5634463,2.4114,47.6,36.21
# [n=7800] mean=3.5953 m  sigma=1.5790 m  die=47.6 C  CalVal=16
5635185,2.6142,47.6,36.21
5635907,2.6142,47.6,36.21
5636629,2.6818,47.6,36.21
5637351,3.4255,47.6,36.20
5638073,2.8846,47.6,36.20
5638795,1.6451,47.6,36.20
5639517,2.4114,46.6,36.20
5640239,3.2227,46.6,36.20
5640961,2.6593,46.6,36.20
5641683,3.5382,46.6,36.20
5642405,2.7269,47.6,36.19
5643127,2.7269,46.6,36.19
5643849,2.6818,46.6,36.19
5644571,1.4648,47.6,36.19
5645293,2.1635,47.6,36.18
5646015,2.8395,46.6,36.18
5646737,3.4480,47.6,36.18
5647459,2.8846,46.6,36.18
5648181,3.2903,46.6,36.18
5648903,2.9072,47.6,36.18
5649625,2.5240,46.6,36.18
5650347,1.8480,47.6,36.18
5651069,2.6818,46.6,36.18
5651791,3.2452,46.6,36.17
5652513,3.2452,46.6,36.17
5653235,2.3663,46.6,36.17
5653957,2.1184,46.6,36.17
5654679,3.0649,47.6,36.17
5655401,3.2903,46.6,36.17
5656123,2.9297,46.6,36.17
5656845,3.3128,46.6,36.17
5657567,3.4706,46.6,36.16
5658289,2.7945,47.6,36.16
5659011,2.6142,47.6,36.16
5659733,3.2677,47.6,36.16
5660455,2.7043,47.6,36.16
5661177,3.2903,47.6,36.15
5661899,3.2677,47.6,36.15
5662621,1.8480,47.6,36.15
5663343,2.8170,47.6,36.15
5664065,2.6367,47.6,36.15
5664787,3.9438,46.6,36.15
5665509,3.9438,46.6,36.15
5666231,2.4114,47.6,36.14
5666953,2.4790,47.6,36.15
5667675,3.2001,47.6,36.14
5668397,2.5466,46.6,36.14
5669119,2.5466,47.6,36.14
5669841,3.6734,47.6,36.14
5670563,2.5240,46.6,36.14
5671285,2.2311,46.6,36.13
5672007,3.5382,47.6,36.14
5672729,2.8395,47.6,36.13
5673451,2.7269,47.6,36.13
5674173,2.6142,47.6,36.13
5674895,2.4790,47.6,36.13
5675617,2.8621,46.6,36.13
5676339,1.7127,46.6,36.13
5677061,2.9522,46.6,36.13
5677783,2.5916,46.6,36.13
5678505,2.9072,46.6,36.13
5679227,2.0959,47.6,36.12
5679949,2.8395,46.6,36.13
5680671,3.2452,46.6,36.12
5681393,1.9832,46.6,36.12
5682115,1.9832,46.6,36.12
5682837,3.6058,47.6,36.12
5683559,2.0282,47.6,36.12
5684281,3.4706,46.6,36.12
5685003,2.9072,46.6,36.12
5685725,2.3888,46.6,36.12
5686447,3.4931,46.6,36.11
5687169,2.9973,46.6,36.11
5687891,2.5691,47.6,36.11
5688613,2.8395,47.6,36.11
5689335,3.5832,47.6,36.11
5690057,2.2536,46.6,36.11
5690779,1.5550,47.6,36.10
5691501,2.9072,46.6,36.10
5692223,3.3579,46.6,36.10
5692945,2.9297,46.6,36.10
5693667,2.8170,46.6,36.10
5694389,2.4790,46.6,36.10
5695111,2.8395,46.6,36.10
5695833,2.1184,46.6,36.10
5696555,2.6142,46.6,36.09
5697277,3.4255,46.6,36.10
5697999,2.5466,46.6,36.10
5698721,2.5466,46.6,36.09
5699443,2.4790,45.6,36.09
5700165,3.2452,46.6,36.10
5700887,2.2761,46.6,36.09
5701609,3.5832,46.6,36.09
5702331,2.6593,46.6,36.09
5703053,1.9156,46.6,36.08
5703775,3.3353,46.6,36.08
5704497,2.4339,46.6,36.09
5705219,3.3579,46.6,36.08
5705941,2.5916,46.6,36.08
5706663,3.1100,46.6,36.08
# [n=7900] mean=3.5850 m  sigma=1.5728 m  die=46.6 C  CalVal=16
5707385,2.9522,46.6,36.08
5708107,3.5382,46.6,36.08
5708829,2.8170,46.6,36.08
5709551,2.8621,47.6,36.07
5710273,2.0733,46.6,36.07
5710995,2.8621,46.6,36.07
5711717,3.1776,46.6,36.07
5712439,2.0282,46.6,36.07
5713161,2.6367,46.6,36.07
5713883,2.3888,46.6,36.07
5714605,3.5382,46.6,36.07
5715327,3.5382,46.6,36.06
5716049,3.0874,46.6,36.06
5716771,2.2536,46.6,36.06
5717493,2.9072,46.6,36.06
5718215,2.4339,46.6,36.06
5718937,2.6593,46.6,36.06
5719659,2.0508,46.6,36.06
5720381,2.4339,46.6,36.06
5721103,2.2085,46.6,36.06
5721825,1.6001,46.6,36.05
5722547,2.8170,46.6,36.05
5723269,2.8170,46.6,36.05
5723991,2.2761,46.6,36.05
5724713,2.3888,46.6,36.05
5725435,2.0508,46.6,36.05
5726157,2.4339,45.6,36.05
5726879,2.0959,46.6,36.05
5727601,3.4480,45.6,36.05
5728323,3.4480,46.6,36.04
5729045,3.3353,46.6,36.04
5729767,3.0649,46.6,36.04
5730489,3.5607,46.6,36.04
5731211,3.1550,46.6,36.04
5731933,-15.1442,46.6,36.04
5732655,2.2536,46.6,36.04
5733377,2.5691,46.6,36.04
5734099,3.1550,46.6,36.03
5734821,2.9072,46.6,36.04
5735543,2.3888,46.6,36.03
5736265,1.8930,46.6,36.04
5736987,2.2311,46.6,36.03
5737709,4.5072,46.6,36.03
5738431,2.8170,46.6,36.03
5739153,2.0733,46.6,36.03
5739875,3.6959,46.6,36.03
5740597,3.4931,46.6,36.03
5741319,3.0424,46.6,36.03
5742041,1.8480,46.6,36.03
5742763,2.7043,46.6,36.03
5743485,2.9973,46.6,36.03
5744207,2.3663,46.6,36.03
5744929,2.3663,46.6,36.03
5745651,3.8086,46.6,36.02
5746373,3.6058,45.6,36.02
5747095,2.3663,45.6,36.02
5747817,3.2677,46.6,36.02
5748539,2.2536,46.6,36.02
5749261,3.6959,46.6,36.02
5749983,2.6593,46.6,36.02
5750705,2.5916,46.6,36.02
5751427,2.3888,47.6,36.02
5752149,1.8930,46.6,36.01
5752871,3.6734,46.6,36.01
5753593,3.1100,46.6,36.01
5754315,2.5015,46.6,36.01
5755037,3.1100,46.6,36.01
5755759,3.8762,46.6,36.01
5756481,3.6959,46.6,36.01
5757203,2.5691,46.6,36.01
5757925,3.2001,46.6,36.00
5758647,2.2085,46.6,36.00
5759369,2.6142,46.6,36.00
5760091,3.2452,46.6,35.99
5760813,1.9156,46.6,36.00
5761535,1.9156,46.6,35.99
5762257,3.1776,46.6,35.99
5762979,2.9072,46.6,36.00
5763701,2.4114,46.6,35.99
5764423,3.6508,46.6,35.99
5765145,3.0874,46.6,35.99
5765867,2.5691,46.6,35.99
5766589,3.6734,46.6,35.99
5767311,2.8621,46.6,35.98
5768033,2.5240,46.6,35.98
5768755,3.8987,46.6,35.98
5769477,3.2227,46.6,35.98
5770199,2.6142,46.6,35.98
5770921,3.1776,46.6,35.98
5771643,3.2001,46.6,35.98
5772365,3.2903,46.6,35.98
5773087,2.2761,46.6,35.98
5773809,2.0508,46.6,35.98
5774531,2.0508,46.6,35.98
5775253,2.2536,46.6,35.98
5775975,3.5382,47.6,35.98
5776697,3.2227,46.6,35.98
5777419,2.9072,47.6,35.97
5778141,2.9072,46.6,35.97
5778863,2.5240,46.6,35.98
# [n=8000] mean=3.5731 m  sigma=1.5805 m  die=46.6 C  CalVal=16
5779585,2.6593,47.6,35.97
5780307,3.4931,46.6,35.97
5781029,3.6508,46.6,35.96
5781751,2.5916,45.6,35.97
5782473,2.7719,46.6,35.97
5783195,3.5607,46.6,35.97
5783917,2.5916,47.6,35.97
5784639,3.4255,46.6,35.97
5785361,2.9748,46.6,35.96
5786083,2.8170,46.6,35.97
5786805,1.7127,46.6,35.96
5787527,2.4339,46.6,35.97
5788249,3.1550,46.6,35.97
5788971,3.2001,46.6,35.96
5789693,3.2452,46.6,35.97
5790415,2.7043,46.6,35.97
5791137,2.7043,46.6,35.97
5791859,3.4931,46.6,35.97
5792581,2.1184,46.6,35.97
5793303,2.9748,47.6,35.97
5794025,3.5607,46.6,35.97
5794747,1.8254,46.6,35.97
5795469,1.8930,45.6,35.97
5796191,3.6508,46.6,35.97
5796913,1.6902,46.6,35.97
5797635,3.1325,46.6,35.97
5798357,1.9156,46.6,35.97
5799079,2.1635,46.6,35.96
5799801,3.9889,46.6,35.97
5800523,2.0733,46.6,35.97
5801245,3.1550,46.6,35.97
5801967,3.2452,46.6,35.96
5802689,3.5607,46.6,35.97
5803411,2.6142,46.6,35.96
5804133,3.0424,46.6,35.96
5804855,2.5240,46.6,35.97
5805577,2.8846,46.6,35.96
5806299,2.2761,46.6,35.96
5807021,3.8537,47.6,35.96
5807743,3.8537,46.6,35.95
5808465,3.1550,46.6,35.96
5809187,2.5015,46.6,35.96
5809909,3.0874,46.6,35.96
5810631,2.4564,46.6,35.95
5811353,2.4114,46.6,35.95
5812075,3.3128,46.6,35.95
5812797,2.6593,46.6,35.95
5813519,2.1635,46.6,35.95
5814241,3.8086,46.6,35.95
5814963,3.7410,47.6,35.95
5815685,2.4790,46.6,35.94
5816407,3.4029,46.6,35.95
5817129,2.9297,46.6,35.94
5817851,2.4564,46.6,35.95
5818573,3.5607,46.6,35.94
5819295,3.3353,46.6,35.94
5820017,2.9522,46.6,35.94
5820739,3.6058,45.6,35.94
5821461,2.4564,46.6,35.94
5822183,2.5691,46.6,35.93
5822905,3.1100,47.6,35.93
5823627,2.0733,46.6,35.93
5824349,2.0733,46.6,35.93
5825071,2.5916,46.6,35.93
5825793,2.4114,46.6,35.93
5826515,3.2001,46.6,35.93
5827237,2.2987,46.6,35.93
5827959,2.7043,46.6,35.93
5828681,2.6818,46.6,35.92
5829403,1.9606,46.6,35.93
5830125,2.5691,45.6,35.92
5830847,2.9072,46.6,35.92
5831569,2.8846,45.6,35.92
5832291,3.6508,46.6,35.92
5833013,2.9522,45.6,35.91
5833735,3.2001,46.6,35.91
5834457,3.1776,46.6,35.91
5835179,2.8621,46.6,35.91
5835901,2.8621,46.6,35.91
5836623,2.3888,47.6,35.90
5837345,2.3888,46.6,35.90
5838067,3.0198,46.6,35.90
5838789,3.2001,46.6,35.89
5839511,2.2311,46.6,35.90
5840233,3.4029,46.6,35.89
5840955,3.4029,46.6,35.89
5841677,3.9438,46.6,35.88
5842399,2.8170,46.6,35.88
5843121,2.9748,46.6,35.88
5843843,2.0733,46.6,35.88
5844565,3.3353,46.6,35.87
5845287,2.0733,46.6,35.87
5846009,4.0565,46.6,35.87
5846731,3.1325,46.6,35.86
5847453,2.6142,46.6,35.86
5848175,2.8170,46.6,35.85
5848897,1.9156,46.6,35.85
5849619,3.2452,46.6,35.85
5850341,1.7578,46.6,35.85
5851063,2.7719,46.6,35.84
# [n=8100] mean=3.5643 m  sigma=1.5740 m  die=46.6 C  CalVal=16
5851785,3.5156,46.6,35.84
5852507,3.8311,46.6,35.84
5853229,2.6593,46.6,35.84
5853951,2.6593,46.6,35.83
5854673,3.6734,45.6,35.83
5855395,2.5240,45.6,35.83
5856117,1.6451,46.6,35.83
5856839,3.6734,46.6,35.82
5857561,2.4790,45.6,35.82
5858283,3.6508,45.6,35.81
5859005,2.0733,45.6,35.82
5859727,3.6058,46.6,35.81
5860449,3.6734,46.6,35.81
5861171,3.1776,46.6,35.80
5861893,3.6959,46.6,35.79
5862615,3.9213,46.6,35.79
5863337,2.5240,46.6,35.79
5864059,2.9973,46.6,35.78
5864781,2.3437,45.6,35.78
5865503,2.1409,46.6,35.78
5866225,3.2227,46.6,35.77
5866947,2.8846,46.6,35.77
5867669,2.7043,46.6,35.77
5868391,2.1635,46.6,35.77
5869113,3.5156,46.6,35.76
5869835,2.8621,46.6,35.75
5870557,2.8621,46.6,35.75
5871279,2.7269,46.6,35.74
5872001,2.4339,46.6,35.74
5872723,3.2677,46.6,35.73
5873445,3.9213,46.6,35.73
5874167,3.8537,46.6,35.72
5874889,2.7719,46.6,35.72
5875611,3.0198,46.6,35.72
5876333,4.0114,46.6,35.71
5877055,1.9832,46.6,35.71
5877777,2.9072,46.6,35.70
5878499,3.8537,46.6,35.70
5879221,3.5156,46.6,35.69
5879943,3.6283,46.6,35.68
5880665,1.9832,46.6,35.68
5881387,2.5916,46.6,35.67
5882109,3.1776,46.6,35.66
5882831,4.2142,45.6,35.66
5883553,2.4564,45.6,35.65
5884275,3.3579,45.6,35.65
5884997,3.5832,45.6,35.64
5885719,2.7719,46.6,35.64
5886441,2.3888,46.6,35.64
5887163,2.3888,46.6,35.63
5887885,4.0340,46.6,35.62
5888607,2.5240,46.6,35.62
5889329,3.4706,46.6,35.61
5890051,3.0874,46.6,35.61
5890773,2.7945,46.6,35.60
5891495,2.9072,46.6,35.60
5892217,4.3044,46.6,35.59
5892939,2.8621,46.6,35.59
5893661,3.1776,46.6,35.58
5894383,3.6734,46.6,35.58
5895105,2.9297,45.6,35.58
5895827,3.9438,46.6,35.57
5896549,3.2903,45.6,35.57
5897271,2.3437,45.6,35.56
5897993,2.5015,45.6,35.55
5898715,3.1100,46.6,35.54
5899437,3.2227,46.6,35.54
5900159,3.2227,46.6,35.53
5900881,2.8170,45.6,35.53
5901603,4.1466,45.6,35.52
5902325,2.8395,45.6,35.52
5903047,3.5607,45.6,35.51
5903769,3.2452,45.6,35.51
5904491,2.8621,45.6,35.50
5905213,3.0198,45.6,35.49
5905935,3.4255,45.6,35.49
5906657,3.8762,46.6,35.48
5907379,2.5691,46.6,35.47
5908101,3.1100,46.6,35.47
5908823,4.6199,46.6,35.46
5909545,3.0649,46.6,35.46
5910267,2.5691,45.6,35.45
5910989,3.0198,46.6,35.45
5911711,3.4029,46.6,35.44
5912433,3.0198,46.6,35.43
5913155,3.7184,46.6,35.43
5913877,2.5916,46.6,35.42
5914599,2.4339,46.6,35.41
5915321,3.0424,46.6,35.41
5916043,4.4396,46.6,35.40
5916765,4.4396,46.6,35.39
5917487,2.5691,46.6,35.38
5918209,3.2677,46.6,35.38
5918931,3.0198,45.6,35.37
5919653,2.9973,45.6,35.37
5920375,3.3353,45.6,35.36
5921097,3.6058,45.6,35.35
5921819,2.6367,45.6,35.35
5922541,3.1100,45.6,35.34
5923263,2.4790,45.6,35.33
# [n=8200] mean=3.5589 m  sigma=1.5666 m  die=45.6 C  CalVal=16
5923985,3.1550,45.6,35.33
5924707,2.4790,45.6,35.32
5925429,4.1692,45.6,35.31
5926151,3.9438,45.6,35.30
5926873,4.3269,45.6,35.30
5927595,3.8311,45.6,35.29
5928317,3.3804,45.6,35.28
5929039,3.6508,45.6,35.28
5929761,3.8311,45.6,35.27
5930483,2.9973,45.6,35.26
5931205,3.3128,45.6,35.25
5931927,4.6875,45.6,35.25
5932649,3.6058,45.6,35.24
5933371,3.6058,45.6,35.24
5934093,3.5607,45.6,35.23
5934815,3.4480,45.6,35.22
5935537,2.9522,45.6,35.22
5936259,2.4339,45.6,35.21
5936981,3.1776,45.6,35.20
5937703,2.9072,45.6,35.20
5938425,2.5916,45.6,35.19
5939147,4.1241,45.6,35.18
5939869,2.8621,45.6,35.18
5940591,2.7043,45.6,35.18
5941313,3.2903,45.6,35.17
5942035,3.0874,45.6,35.16
5942757,3.4255,45.6,35.15
5943479,3.0649,45.6,35.15
5944201,3.7861,46.6,35.14
5944923,3.7861,45.6,35.13
5945645,4.0114,45.6,35.12
5946367,4.0114,45.6,35.12
5947089,4.0340,45.6,35.11
5947811,3.4255,45.6,35.11
5948533,2.8621,45.6,35.10
5949255,2.9748,45.6,35.09
5949977,2.9748,45.6,35.08
5950699,3.9663,45.6,35.08
5951421,3.8311,45.6,35.07
5952143,4.8678,45.6,35.06
5952865,3.2227,45.6,35.05
5953587,4.0340,45.6,35.05
5954309,3.4706,45.6,35.04
5955031,4.1241,45.6,35.03
5955753,3.5382,45.6,35.02
5956475,3.0649,45.6,35.01
5957197,2.5691,45.6,35.00
5957919,3.6734,45.6,35.00
5958641,3.4255,45.6,34.99
5959363,3.8086,45.6,34.99
5960085,4.4847,45.6,34.98
5960807,3.1325,45.6,34.97
5961529,3.2452,45.6,34.96
5962251,3.1776,45.6,34.96
5962973,3.1776,45.6,34.95
5963695,3.7635,45.6,34.94
5964417,3.7861,45.6,34.93
5965139,2.9973,45.6,34.93
5965861,3.1100,45.6,34.92
5966583,3.8311,45.6,34.91
5967305,4.2142,45.6,34.90
5968027,4.0565,45.6,34.90
5968749,3.2903,45.6,34.89
5969471,5.1157,45.6,34.88
5970193,4.0790,45.6,34.87
5970915,4.4621,45.6,34.87
5971637,2.9522,45.6,34.86
5972359,3.6508,45.6,34.85
5973081,3.8537,44.6,34.84
5973803,2.9748,45.6,34.84
5974525,3.3353,45.6,34.83
5975247,4.1016,45.6,34.82
5975969,4.3945,45.6,34.82
5976691,4.4171,45.6,34.81
5977413,3.4706,44.6,34.80
5978135,3.0874,45.6,34.79
5978857,3.0649,45.6,34.79
5979579,3.0649,45.6,34.78
5980301,2.6367,45.6,34.77
5981023,4.3495,45.6,34.76
5981745,4.3495,44.6,34.76
5982467,2.5691,45.6,34.76
5983189,4.3945,45.6,34.75
5983911,4.0340,45.6,34.74
5984633,3.9889,45.6,34.73
5985355,3.7861,45.6,34.72
5986077,1.7127,45.6,34.71
5986799,3.1100,45.6,34.71
5987521,3.5382,45.6,34.70
5988243,2.4339,45.6,34.70
5988965,3.6508,45.6,34.69
5989687,3.2452,45.6,34.68
5990409,4.2819,45.6,34.67
5991131,3.1776,45.6,34.66
5991853,2.2761,45.6,34.66
5992575,1.6902,45.6,34.65
5993297,1.8254,45.6,34.64
5994019,3.1325,45.6,34.64
5994741,2.7269,45.6,34.63
5995463,2.2536,45.6,34.62
# [n=8300] mean=3.5576 m  sigma=1.5589 m  die=45.6 C  CalVal=16
5996185,2.2536,45.6,34.61
5996907,2.5916,45.6,34.60
5997629,2.3212,45.6,34.59
5998351,1.9832,45.6,34.59
5999073,2.0282,45.6,34.58
5999795,2.1409,45.6,34.57
6000517,2.2987,45.6,34.56
6001239,1.5325,45.6,34.56
6001961,1.0817,45.6,34.54
6002683,0.5183,45.6,34.53
6003405,1.7353,45.6,34.53
6004127,2.6367,45.6,34.52
6004849,2.9748,45.6,34.52
6005571,1.6451,45.6,34.51
6006293,2.0959,45.6,34.50
6007015,2.8846,45.6,34.49
6007737,1.8029,45.6,34.49
6008459,2.5015,45.6,34.48
6009181,2.5015,45.6,34.48
6009903,1.9381,45.6,34.47
6010625,1.0367,45.6,34.46
6011347,0.9465,44.6,34.45
6012069,1.8930,44.6,34.44
6012791,0.1127,45.6,34.44
6013513,2.1635,45.6,34.43
6014235,3.0198,45.6,34.42
6014957,1.8480,45.6,34.42
6015679,2.2987,45.6,34.41
6016401,1.2395,45.6,34.40
6017123,1.5325,45.6,34.39
6017845,1.2846,45.6,34.38
6018567,1.4198,45.6,34.37
6019289,1.9156,45.6,34.36
6020011,1.4648,45.6,34.36
6020733,1.9381,45.6,34.35
6021455,1.8930,45.6,34.34
6022177,3.1100,45.6,34.34
6022899,2.4564,44.6,34.33
6023621,2.1860,45.6,34.32
6024343,3.2227,45.6,34.32
6025065,1.1944,45.6,34.31
6025787,1.1944,45.6,34.30
6026509,2.1409,44.6,34.29
6027231,1.7578,45.6,34.29
6027953,1.5775,45.6,34.28
6028675,3.4480,45.6,34.27
6029397,1.7578,45.6,34.26
6030119,1.9832,45.6,34.26
6030841,3.5607,45.6,34.25
6031563,1.2846,45.6,34.24
6032285,1.7578,45.6,34.24
6033007,2.8621,45.6,34.23
6033729,2.4564,45.6,34.22
6034451,2.8846,45.6,34.21
6035173,2.1860,45.6,34.21
6035895,2.8621,45.6,34.20
6036617,2.6818,45.6,34.20
6037339,2.9522,45.6,34.19
6038061,3.4029,45.6,34.18
6038783,2.7494,45.6,34.18
6039505,0.8564,45.6,34.17
6040227,3.5607,45.6,34.16
6040949,3.0424,45.6,34.15
6041671,2.4339,45.6,34.15
6042393,2.4339,45.6,34.15
6043115,3.8762,45.6,34.14
6043837,3.9889,45.6,34.13
6044559,2.8621,45.6,34.13
6045281,2.4564,44.6,34.12
6046003,3.0649,45.6,34.11
6046725,3.2903,45.6,34.10
6047447,2.3663,45.6,34.10
6048169,2.6142,45.6,34.09
6048891,2.0508,45.6,34.09
6049613,2.9973,45.6,34.08
6050335,2.0282,45.6,34.07
6051057,3.2677,45.6,34.06
6051779,2.6367,45.6,34.05
6052501,2.4339,45.6,34.05
6053223,3.0649,45.6,34.04
6053945,2.1860,44.6,34.03
6054667,1.8480,44.6,34.02
6055389,1.8480,44.6,34.02
6056111,2.7043,45.6,34.01
6056833,2.8395,44.6,34.00
6057555,2.8170,44.6,34.00
6058277,1.8480,43.6,33.99
6058999,1.8480,44.6,33.99
6059721,3.2227,44.6,33.98
6060443,2.6818,45.6,33.97
6061165,3.6508,45.6,33.97
6061887,3.2001,45.6,33.96
6062609,2.2987,45.6,33.95
6063331,2.7719,45.6,33.95
6064053,2.9522,45.6,33.94
6064775,3.4255,45.6,33.93
6065497,1.8930,45.6,33.93
6066219,3.1100,44.6,33.92
6066941,2.2987,44.6,33.92
6067663,2.3212,45.6,33.92
# [n=8400] mean=3.5429 m  sigma=1.5575 m  die=45.6 C  CalVal=16
6068385,3.6058,44.6,33.91
6069107,2.5240,44.6,33.90
6069829,2.1184,44.6,33.89
6070551,1.6226,43.6,33.88
6071273,1.6677,44.6,33.88
6071995,1.6677,44.6,33.87
6072717,2.4339,45.6,33.87
6073439,2.5916,44.6,33.86
6074161,3.8987,44.6,33.86
6074883,4.0790,44.6,33.85
6075605,3.6734,44.6,33.84
6076327,2.7043,44.6,33.84
6077049,3.4255,44.6,33.83
6077771,3.9213,44.6,33.82
6078493,3.3579,45.6,33.81
6079215,3.2227,44.6,33.81
6079937,3.3353,44.6,33.81
6080659,1.8930,44.6,33.80
6081381,2.9072,44.6,33.79
6082103,3.5156,44.6,33.78
6082825,3.2903,44.6,33.78
6083547,2.6818,44.6,33.78
6084269,3.8086,44.6,33.77
6084991,2.4564,44.6,33.76
6085713,3.6058,43.6,33.76
6086435,2.6593,44.6,33.76
6087157,3.9213,43.6,33.75
6087879,2.8170,44.6,33.73
6088601,2.8170,44.6,33.73
6089323,3.1550,44.6,33.73
6090045,3.2227,44.6,33.72
6090767,2.8395,44.6,33.71
6091489,2.9973,44.6,33.71
6092211,3.2227,44.6,33.70
6092933,3.7184,44.6,33.70
6093655,3.5607,44.6,33.69
6094377,2.5466,44.6,33.67
6095099,2.2311,44.6,33.67
6095821,2.9973,44.6,33.67
6096543,2.9072,44.6,33.66
6097265,3.7410,44.6,33.65
6097987,3.0198,44.6,33.65
6098709,3.1325,44.6,33.64
6099431,3.8537,44.6,33.63
6100153,2.5240,44.6,33.63
6100875,2.7494,44.6,33.62
6101597,3.0198,44.6,33.61
6102319,1.5099,44.6,33.61
6103041,3.3128,44.6,33.60
6103763,3.3353,44.6,33.60
6104485,2.4790,44.6,33.59
6105207,2.4790,44.6,33.58
6105929,2.2311,44.6,33.57
6106651,1.9832,44.6,33.57
6107373,3.0649,44.6,33.56
6108095,1.7127,44.6,33.55
6108817,2.7494,44.6,33.55
6109539,3.5607,44.6,33.54
6110261,1.8480,44.6,33.53
6110983,3.9213,44.6,33.53
6111705,1.7578,44.6,33.52
6112427,3.1325,44.6,33.52
6113149,3.4255,44.6,33.51
6113871,1.7803,44.6,33.51
6114593,2.3437,44.6,33.50
6115315,3.0198,44.6,33.49
6116037,3.4706,43.6,33.49
6116759,3.4480,43.6,33.49
6117481,2.7043,44.6,33.47
6118203,2.7043,44.6,33.47
6118925,3.1776,44.6,33.46
6119647,2.9297,44.6,33.46
6120369,3.3128,44.6,33.45
6121091,2.0959,44.6,33.44
6121813,-23.5051,44.6,33.44
6122535,2.0733,44.6,33.43
6123257,3.7635,44.6,33.42
6123979,2.7494,43.6,33.42
6124701,3.6283,44.6,33.41
6125423,2.6367,44.6,33.40
6126145,3.8762,44.6,33.40
6126867,3.2227,44.6,33.39
6127589,2.9748,44.6,33.39
6128311,2.9973,44.6,33.38
6129033,2.7043,44.6,33.37
6129755,2.8621,44.6,33.36
6130477,3.6283,44.6,33.36
6131199,2.7719,44.6,33.35
6131921,3.1550,44.6,33.35
6132643,1.9156,44.6,33.35
6133365,3.1776,44.6,33.34
6134087,3.1776,44.6,33.33
6134809,3.1776,44.6,33.33
6135531,2.7945,43.6,33.32
6136253,1.9832,44.6,33.31
6136975,3.1550,43.6,33.30
6137697,2.8846,44.6,33.30
6138419,2.9748,43.6,33.29
6139141,1.6451,44.6,33.28
6139863,3.2001,44.6,33.28
# [n=8500] mean=3.5324 m  sigma=1.5787 m  die=44.6 C  CalVal=16
6140585,3.2001,44.6,33.28
6141307,3.5382,44.6,33.27
6142029,2.8395,43.6,33.26
6142751,3.9213,43.6,33.26
6143473,2.3888,43.6,33.25
6144195,3.7635,43.6,33.25
6144917,3.0649,44.6,33.24
6145639,2.6142,44.6,33.24
6146361,2.8621,43.6,33.23
6147083,3.0649,44.6,33.23
6147805,2.6593,43.6,33.22
6148527,3.5382,44.6,33.22
6149249,3.0198,44.6,33.21
6149971,3.5382,44.6,33.20
6150693,2.7269,44.6,33.20
6151415,2.7269,43.6,33.20
6152137,4.1466,43.6,33.19
6152859,3.8086,44.6,33.19
6153581,3.4255,44.6,33.18
6154303,2.2085,44.6,33.17
6155025,3.0198,44.6,33.17
6155747,3.6283,44.6,33.17
6156469,2.2761,44.6,33.16
6157191,2.7719,44.6,33.16
6157913,2.9522,44.6,33.15
6158635,3.8762,44.6,33.14
6159357,3.8987,43.6,33.14
6160079,2.6593,42.6,33.13
6160801,3.8762,43.6,33.13
6161523,2.8170,43.6,33.12
6162245,3.6959,43.6,33.12
6162967,2.2311,43.6,33.11
6163689,3.4480,43.6,33.11
6164411,3.4480,43.6,33.10
6165133,3.3128,43.6,33.10
6165855,2.2311,43.6,33.09
6166577,3.4706,43.6,33.09
6167299,2.6593,44.6,33.08
6168021,2.6593,44.6,33.07
6168743,3.8311,44.6,33.07
6169465,3.2227,44.6,33.06
6170187,2.0733,44.6,33.05
6170909,1.3522,43.6,33.05
6171631,2.0057,43.6,33.04
6172353,1.8705,43.6,33.04
6173075,3.8987,43.6,33.04
6173797,3.2903,43.6,33.03
6174519,2.6367,43.6,33.02
6175241,3.3353,44.6,33.02
6175963,3.4480,43.6,33.01
6176685,2.5466,43.6,33.01
6177407,3.7410,43.6,33.00
6178129,3.8311,43.6,33.00
6178851,3.6959,43.6,33.00
6179573,2.4339,43.6,32.99
6180295,2.5466,43.6,32.98
6181017,2.5466,43.6,32.98
6181739,4.1917,43.6,32.97
6182461,2.5916,43.6,32.97
6183183,4.0790,43.6,32.97
6183905,2.5691,43.6,32.96
6184627,1.5099,44.6,32.96
6185349,2.8395,43.6,32.95
6186071,2.9522,43.6,32.95
6186793,2.1409,44.6,32.95
6187515,3.6058,43.6,32.94
6188237,3.4931,44.6,32.93
6188959,2.8170,43.6,32.93
6189681,3.6508,43.6,32.93
6190403,3.5382,44.6,32.92
6191125,1.6226,44.6,32.91
6191847,4.0340,43.6,32.91
6192569,2.8621,43.6,32.91
6193291,3.8762,43.6,32.90
6194013,3.5832,43.6,32.89
6194735,2.8846,44.6,32.89
6195457,2.9973,44.6,32.89
6196179,2.8170,43.6,32.88
6196901,4.1241,43.6,32.88
6197623,4.1241,43.6,32.87
6198345,3.0649,43.6,32.87
6199067,3.6283,43.6,32.86
6199789,3.0649,43.6,32.85
6200511,3.0874,43.6,32.84
6201233,3.5382,42.6,32.84
6201955,2.8170,43.6,32.84
6202677,3.3804,43.6,32.83
6203399,2.8846,43.6,32.83
6204121,3.4255,44.6,32.82
6204843,2.9522,43.6,32.82
6205565,3.7410,43.6,32.82
6206287,2.2085,43.6,32.81
6207009,3.7635,43.6,32.80
6207731,2.6818,43.6,32.80
6208453,2.6593,43.6,32.79
6209175,2.2536,43.6,32.79
6209897,2.5691,43.6,32.78
6210619,3.6283,43.6,32.78
6211341,3.0649,44.6,32.78
6212063,3.8537,43.6,32.77
# [n=8600] mean=3.5273 m  sigma=1.5717 m  die=43.6 C  CalVal=16
6212785,3.0198,43.6,32.77
6213507,3.0649,43.6,32.77
6214229,3.0649,44.6,32.76
6214951,3.6283,44.6,32.75
6215673,2.8170,43.6,32.74
6216395,2.9072,43.6,32.74
6217117,3.3128,43.6,32.74
6217839,1.9832,43.6,32.73
6218561,2.9748,42.6,32.73
6219283,1.9832,43.6,32.72
6220005,2.9297,42.6,32.72
6220727,4.1241,43.6,32.71
6221449,2.3212,43.6,32.72
6222171,2.7494,43.6,32.71
6222893,3.6058,43.6,32.70
6223615,3.5607,43.6,32.70
6224337,3.0424,43.6,32.69
6225059,2.7269,43.6,32.69
6225781,2.9297,43.6,32.68
6226503,3.3128,43.6,32.68
6227225,3.3128,43.6,32.67
6227947,3.7410,42.6,32.67
6228669,4.1016,43.6,32.66
6229391,1.9381,43.6,32.66
6230113,2.0057,43.6,32.65
6230835,6.4678,43.6,32.66
6231557,2.8846,43.6,32.65
6232279,3.4706,43.6,32.64
6233001,3.0198,42.6,32.64
6233723,3.2001,43.6,32.63
6234445,3.0424,43.6,32.63
6235167,2.7719,43.6,32.62
6235889,2.4564,43.6,32.62
6236611,3.7635,43.6,32.61
6237333,3.2903,43.6,32.61
6238055,3.0424,43.6,32.61
6238777,3.5156,42.6,32.60
6239499,4.1466,43.6,32.60
6240221,3.0424,43.6,32.59
6240943,2.9297,43.6,32.59
6241665,3.5607,43.6,32.58
6242387,3.7861,43.6,32.58
6243109,2.2311,43.6,32.57
6243831,2.2311,43.6,32.57
6244553,4.0790,43.6,32.57
6245275,3.0424,43.6,32.56
6245997,3.0874,43.6,32.56
6246719,3.7410,43.6,32.56
6247441,2.5240,43.6,32.55
6248163,3.0198,42.6,32.55
6248885,2.9973,43.6,32.55
6249607,2.5015,43.6,32.54
6250329,3.8086,43.6,32.54
6251051,3.7861,43.6,32.54
6251773,2.0282,43.6,32.53
6252495,3.1100,43.6,32.53
6253217,2.7043,43.6,32.52
6253939,2.4339,43.6,32.52
6254661,3.7861,42.6,32.52
6255383,3.4255,43.6,32.51
6256105,3.6959,43.6,32.51
6256827,2.2536,43.6,32.50
6257549,3.0424,42.6,32.50
6258271,3.7635,42.6,32.49
6258993,3.3579,42.6,32.49
6259715,3.1100,42.6,32.48
6260437,3.1100,43.6,32.48
6261159,2.2085,43.6,32.47
6261881,3.6734,42.6,32.47
6262603,3.0198,42.6,32.46
6263325,3.4480,42.6,32.46
6264047,2.0959,43.6,32.46
6264769,2.2761,43.6,32.45
6265491,3.5382,43.6,32.44
6266213,2.8395,43.6,32.44
6266935,3.1550,43.6,32.43
6267657,2.7043,43.6,32.43
6268379,3.2227,43.6,32.42
6269101,3.8537,43.6,32.42
6269823,3.8086,43.6,32.42
6270545,3.0874,43.6,32.41
6271267,3.8311,42.6,32.41
6271989,3.6508,42.6,32.40
6272711,3.7410,42.6,32.40
6273433,3.7410,42.6,32.40
6274155,3.4029,43.6,32.40
6274877,3.3804,43.6,32.39
6275599,4.1692,43.6,32.38
6276321,3.8311,43.6,32.38
6277043,3.8311,42.6,32.38
6277765,3.6508,42.6,32.37
6278487,3.2903,43.6,32.37
6279209,3.9889,42.6,32.37
6279931,3.5832,42.6,32.36
6280653,2.4114,42.6,32.36
6281375,2.6593,42.6,32.36
6282097,2.4564,42.6,32.35
6282819,3.1776,43.6,32.35
6283541,3.9663,43.6,32.35
6284263,2.5691,42.6,32.34
# [n=8700] mean=3.5234 m  sigma=1.5647 m  die=42.6 C  CalVal=16
6284985,2.9522,41.6,32.34
6285707,3.0424,42.6,32.33
6286429,3.6283,42.6,32.33
6287151,2.4564,43.6,32.33
6287873,2.8395,43.6,32.33
6288595,2.5691,42.6,32.33
6289317,3.2903,42.6,32.33
6290039,3.2903,42.6,32.32
6290761,2.5466,43.6,32.31
6291483,3.3579,42.6,32.32
6292205,2.9297,43.6,32.31
6292927,2.9748,43.6,32.31
6293649,2.5691,43.6,32.30
6294371,2.9522,42.6,32.30
6295093,4.0565,43.6,32.30
6295815,3.3804,42.6,32.29
6296537,3.9438,43.6,32.29
6297259,4.5748,43.6,32.29
6297981,3.8987,42.6,32.28
6298703,3.4255,43.6,32.28
6299425,3.9889,42.6,32.28
6300147,3.8086,42.6,32.27
6300869,2.9748,42.6,32.27
6301591,3.1100,42.6,32.27
6302313,3.9438,42.6,32.26
6303035,3.0198,42.6,32.26
6303757,3.4480,42.6,32.26
6304479,2.9522,42.6,32.26
6305201,3.3579,41.6,32.26
6305923,3.2903,42.6,32.25
6306645,3.2903,42.6,32.25
6307367,4.2819,41.6,32.24
6308089,2.7945,42.6,32.24
6308811,3.3579,41.6,32.24
6309533,3.0649,41.6,32.24
6310255,3.1100,42.6,32.23
6310977,3.5832,42.6,32.23
6311699,2.8395,42.6,32.22
6312421,2.9522,42.6,32.21
6313143,2.8621,43.6,32.21
6313865,3.0874,43.6,32.21
6314587,4.2819,43.6,32.20
6315309,3.3128,43.6,32.20
6316031,2.7719,42.6,32.19
6316753,3.9889,42.6,32.19
6317475,2.9522,42.6,32.19
6318197,2.2536,42.6,32.19
6318919,3.1550,41.6,32.18
6319641,3.3128,42.6,32.18
6320363,2.5466,42.6,32.17
6321085,3.1776,42.6,32.17
6321807,2.9522,42.6,32.17
6322529,3.9213,42.6,32.16
6323251,3.9213,42.6,32.16
6323973,3.9438,42.6,32.16
6324695,3.2677,41.6,32.15
6325417,3.9213,42.6,32.15
6326139,2.8846,42.6,32.15
6326861,2.5916,42.6,32.14
6327583,2.3888,42.6,32.14
6328305,2.5015,42.6,32.14
6329027,3.6283,42.6,32.13
6329749,3.3804,42.6,32.13
6330471,3.5156,42.6,32.12
6331193,3.5832,41.6,32.12
6331915,3.3579,42.6,32.11
6332637,3.8311,42.6,32.11
6333359,3.4480,42.6,32.10
6334081,4.0565,43.6,32.10
6334803,2.4790,43.6,32.10
6335525,3.2452,43.6,32.10
6336247,3.2452,43.6,32.09
6336969,3.9663,42.6,32.09
6337691,2.9748,42.6,32.09
6338413,2.8170,42.6,32.08
6339135,3.2677,42.6,32.08
6339857,3.2677,42.6,32.08
6340579,3.1100,42.6,32.07
6341301,3.9213,42.6,32.07
6342023,4.2368,43.6,32.07
6342745,4.2142,42.6,32.06
6343467,3.5832,43.6,32.07
6344189,2.2987,42.6,32.06
6344911,2.7269,42.6,32.05
6345633,3.8987,42.6,32.06
6346355,2.4564,42.6,32.05
6347077,2.9973,41.6,32.04
6347799,3.7861,41.6,32.04
6348521,2.4114,42.6,32.04
6349243,3.3579,42.6,32.04
6349965,2.9072,42.6,32.04
6350687,4.2819,41.6,32.03
6351409,4.1692,41.6,32.03
6352131,4.3495,41.6,32.03
6352853,4.3495,41.6,32.03
6353575,3.5382,41.6,32.02
6354297,2.2987,42.6,32.02
6355019,3.7635,42.6,32.01
6355741,3.9213,42.6,32.01
6356463,2.1860,42.6,32.00
# [n=8800] mean=3.5209 m  sigma=1.5571 m  die=42.6 C  CalVal=16
6357185,3.8537,42.6,32.00
6357907,3.7184,42.6,32.00
6358629,4.0340,42.6,32.00
6359351,3.3804,42.6,31.99
6360073,3.3804,42.6,31.99
6360795,3.9663,42.6,31.98
6361517,4.1466,41.6,31.98
6362239,4.0114,41.6,31.98
6362961,3.0874,41.6,31.98
6363683,3.0874,42.6,31.98
6364405,2.3437,42.6,31.97
6365127,3.2001,41.6,31.97
6365849,4.3945,41.6,31.96
6366571,4.1692,42.6,31.95
6367293,3.5832,42.6,31.96
6368015,3.2452,42.6,31.95
6368737,3.3128,42.6,31.95
6369459,3.3128,41.6,31.94
6370181,3.9213,41.6,31.94
6370903,4.0340,41.6,31.94
6371625,3.9438,42.6,31.93
6372347,2.5916,42.6,31.93
6373069,3.6508,41.6,31.92
6373791,3.3579,42.6,31.92
6374513,4.0565,42.6,31.91
6375235,4.3495,42.6,31.91
6375957,3.6283,42.6,31.91
6376679,4.4171,42.6,31.91
6377401,3.2227,42.6,31.90
6378123,3.1776,42.6,31.90
6378845,3.2903,42.6,31.90
6379567,4.0340,42.6,31.89
6380289,3.7410,42.6,31.89
6381011,3.4480,42.6,31.89
6381733,4.4171,42.6,31.89
6382455,3.4029,42.6,31.88
6383177,3.3804,42.6,31.88
6383899,3.4706,42.6,31.88
6384621,3.1325,42.6,31.87
6385343,4.0790,42.6,31.87
6386065,4.0790,42.6,31.86
6386787,3.0198,42.6,31.86
6387509,2.8170,42.6,31.87
6388231,4.2368,42.6,31.86
6388953,4.2142,42.6,31.86
6389675,3.8762,42.6,31.85
6390397,3.3128,42.6,31.85
6391119,3.1550,42.6,31.84
6391841,2.9297,42.6,31.85
6392563,3.0874,42.6,31.84
6393285,3.2227,42.6,31.84
6394007,3.7410,42.6,31.83
6394729,2.8846,42.6,31.82
6395451,3.3353,42.6,31.82
6396173,4.1917,42.6,31.82
6396895,3.2001,42.6,31.81
6397617,3.3804,42.6,31.82
6398339,3.4029,42.6,31.81
6399061,3.4029,42.6,31.81
6399783,3.3804,41.6,31.80
6400505,3.7410,41.6,31.79
6401227,3.9213,41.6,31.79
6401949,2.2761,41.6,31.79
6402671,2.2536,41.6,31.79
6403393,2.5916,41.6,31.79
6404115,3.8311,41.6,31.78
6404837,3.5607,42.6,31.77
6405559,4.3945,42.6,31.77
6406281,4.0790,42.6,31.77
6407003,3.2452,42.6,31.77
6407725,3.3579,42.6,31.76
6408447,3.5382,42.6,31.76
6409169,3.3353,42.6,31.76
6409891,2.4564,42.6,31.75
6410613,4.0114,42.6,31.76
6411335,3.2903,42.6,31.76
6412057,4.3720,41.6,31.75
6412779,4.2368,41.6,31.75
6413501,3.4029,41.6,31.74
6414223,3.3128,42.6,31.74
6414945,3.8537,42.6,31.74
6415667,3.8537,42.6,31.74
6416389,3.2452,42.6,31.73
6417111,3.5156,42.6,31.73
6417833,4.2819,42.6,31.73
6418555,3.6283,41.6,31.73
6419277,4.0565,42.6,31.73
6419999,4.5523,42.6,31.73
6420721,2.8170,42.6,31.72
6421443,4.4171,42.6,31.72
6422165,3.6508,42.6,31.71
6422887,4.2142,42.6,31.71
6423609,4.1241,42.6,31.71
6424331,3.8537,42.6,31.70
6425053,3.0424,42.6,31.70
6425775,3.4255,42.6,31.70
6426497,3.8537,42.6,31.70
6427219,3.3128,42.6,31.69
6427941,4.7326,42.6,31.69
6428663,4.3269,42.6,31.69
# [n=8900] mean=3.5218 m  sigma=1.5494 m  die=42.6 C  CalVal=16
6429385,3.2677,42.6,31.69
6430107,3.2227,41.6,31.69
6430829,2.6818,42.6,31.68
6431551,4.1466,42.6,31.68
6432273,4.1466,42.6,31.67
6432995,3.9889,42.6,31.66
6433717,2.7945,42.6,31.67
6434439,3.8311,42.6,31.66
6435161,4.3044,42.6,31.66
6435883,2.9522,41.6,31.66
6436605,4.2819,41.6,31.65
6437327,2.6593,41.6,31.65
6438049,4.2593,41.6,31.65
6438771,2.6367,41.6,31.65
6439493,3.4255,41.6,31.64
6440215,2.4339,41.6,31.64
6440937,3.5832,42.6,31.64
6441659,3.0649,42.6,31.64
6442381,3.2452,42.6,31.63
6443103,4.1917,42.6,31.63
6443825,3.0874,42.6,31.63
6444547,2.7043,42.6,31.62
6445269,2.7043,42.6,31.62
6445991,3.5382,42.6,31.62
6446713,3.6508,41.6,31.62
6447435,2.9522,41.6,31.61
6448157,2.5916,41.6,31.62
6448879,2.5916,41.6,31.61
6449601,3.0649,41.6,31.61
6450323,3.8537,41.6,31.61
6451045,4.2142,41.6,31.61
6451767,4.3044,42.6,31.60
6452489,2.7043,42.6,31.60
6453211,4.1917,42.6,31.59
6453933,3.2227,42.6,31.59
6454655,3.1776,42.6,31.59
6455377,2.8621,42.6,31.59
6456099,3.3353,42.6,31.58
6456821,3.3579,42.6,31.58
6457543,2.8846,42.6,31.57
6458265,3.2227,42.6,31.57
6458987,4.0565,41.6,31.57
6459709,3.6283,41.6,31.57
6460431,3.3353,42.6,31.56
6461153,3.9663,41.6,31.56
6461875,3.9663,41.6,31.56
6462597,3.6283,41.6,31.55
6463319,2.7043,41.6,31.55
6464041,4.0565,41.6,31.55
6464763,3.2001,42.6,31.54
6465485,2.9748,41.6,31.54
6466207,3.8762,42.6,31.54
6466929,3.5607,42.6,31.53
6467651,3.6283,42.6,31.53
6468373,3.8311,42.6,31.53
6469095,4.0790,41.6,31.52
6469817,2.8846,41.6,31.52
6470539,4.2593,41.6,31.52
6471261,2.9748,41.6,31.52
6471983,2.1860,41.6,31.51
6472705,2.9748,41.6,31.51
6473427,2.9748,41.6,31.51
6474149,3.7861,41.6,31.50
6474871,3.3353,41.6,31.50
6475593,2.2311,41.6,31.50
6476315,3.2903,41.6,31.49
6477037,3.2452,41.6,31.49
6477759,2.4790,41.6,31.49
6478481,2.4790,41.6,31.49
6479203,3.0649,42.6,31.48
6479925,2.8621,41.6,31.48
6480647,4.1917,41.6,31.47
6481369,4.1241,41.6,31.48
6482091,3.2677,41.6,31.47
6482813,4.2142,42.6,31.47
6483535,3.4706,41.6,31.46
6484257,3.2677,41.6,31.46
6484979,3.3128,42.6,31.46
6485701,3.9213,41.6,31.45
6486423,4.2819,42.6,31.45
6487145,3.8987,41.6,31.45
6487867,4.1466,42.6,31.45
6488589,2.6367,42.6,31.44
6489311,3.3579,42.6,31.44
6490033,2.5916,41.6,31.44
6490755,2.8621,41.6,31.44
6491477,3.0198,41.6,31.44
6492199,3.8086,41.6,31.43
6492921,3.7184,42.6,31.43
6493643,3.9438,41.6,31.43
6494365,3.8987,41.6,31.43
6495087,3.8987,41.6,31.42
6495809,3.1100,41.6,31.42
6496531,3.2452,41.6,31.42
6497253,3.7861,41.6,31.42
6497975,4.2819,41.6,31.42
6498697,3.9213,42.6,31.42
6499419,3.7410,41.6,31.41
6500141,3.9438,41.6,31.41
6500863,3.7184,41.6,31.41
# [n=9000] mean=3.5207 m  sigma=1.5420 m  die=41.6 C  CalVal=16
6501585,3.0424,41.6,31.41
6502307,3.0649,41.6,31.40
6503029,4.1917,41.6,31.40
6503751,3.9213,41.6,31.40
6504473,2.8846,41.6,31.40
6505195,3.2677,41.6,31.40
6505917,4.3044,41.6,31.39
6506639,2.5015,41.6,31.39
6507361,2.4339,41.6,31.39
6508083,2.4339,41.6,31.39
6508805,2.8846,41.6,31.38
6509527,2.9748,41.6,31.38
6510249,3.2227,42.6,31.38
6510971,3.3579,41.6,31.38
6511693,0.8789,41.6,31.38
6512415,2.4114,41.6,31.38
6513137,4.0340,41.6,31.37
6513859,3.0424,41.6,31.37
6514581,4.1692,41.6,31.37
6515303,2.3437,42.6,31.37
6516025,3.1550,41.6,31.37
6516747,3.3353,41.6,31.36
6517469,3.3579,41.6,31.36
6518191,3.8537,41.6,31.36
6518913,3.7635,41.6,31.36
6519635,2.5015,42.6,31.35
6520357,4.1466,41.6,31.35
6521079,4.5072,41.6,31.35
6521801,4.0790,41.6,31.35
6522523,3.9213,41.6,31.35
6523245,3.2452,41.6,31.35
6523967,3.5832,41.6,31.34
6524689,3.5832,41.6,31.34
6525411,4.1016,41.6,31.34
6526133,3.7184,41.6,31.34
6526855,3.5156,41.6,31.33
6527577,3.3128,42.6,31.33
6528299,2.8395,41.6,31.33
6529021,3.8311,41.6,31.33
6529743,4.5297,41.6,31.33
6530465,3.5607,41.6,31.33
6531187,2.7494,41.6,31.32
6531909,3.9663,41.6,31.32
6532631,4.2368,41.6,31.32
6533353,3.2903,41.6,31.32
6534075,3.5156,41.6,31.32
6534797,2.9297,41.6,31.32
6535519,2.0057,41.6,31.31
6536241,3.9663,41.6,31.31
6536963,3.6283,41.6,31.31
6537685,3.4029,41.6,31.31
6538407,4.4396,41.6,31.31
6539129,4.2819,41.6,31.30
6539851,3.3128,41.6,31.30
6540573,3.1325,41.6,31.30
6541295,3.1325,41.6,31.30
6542017,4.3044,41.6,31.29
6542739,3.9438,40.6,31.29
6543461,3.7861,41.6,31.28
6544183,3.9663,41.6,31.28
6544905,4.0114,41.6,31.28
6545627,3.4480,41.6,31.28
6546349,3.4931,41.6,31.28
6547071,3.5607,41.6,31.27
6547793,3.4706,41.6,31.27
6548515,2.9973,41.6,31.26
6549237,3.0649,41.6,31.26
6549959,3.2677,41.6,31.26
6550681,3.1100,41.6,31.25
6551403,3.6734,41.6,31.26
6552125,3.7635,41.6,31.25
6552847,2.6367,41.6,31.25
6553569,4.1241,41.6,31.25
6554291,4.1241,41.6,31.25
6555013,2.5691,41.6,31.24
6555735,3.3804,41.6,31.24
6556457,3.4931,41.6,31.24
6557179,3.1100,41.6,31.24
6557901,3.1100,41.6,31.24
6558623,3.6508,41.6,31.24
6559345,3.4931,41.6,31.23
6560067,2.8395,41.6,31.23
6560789,3.3804,41.6,31.22
6561511,3.5156,41.6,31.22
6562233,3.3128,41.6,31.22
6562955,3.0198,41.6,31.22
6563677,4.0790,41.6,31.21
6564399,4.0790,41.6,31.21
6565121,4.1917,41.6,31.21
6565843,3.4480,41.6,31.21
6566565,3.8086,41.6,31.21
6567287,3.8311,41.6,31.21
6568009,3.4931,41.6,31.20
6568731,2.9522,40.6,31.21
6569453,4.1466,41.6,31.20
6570175,3.7861,41.6,31.20
6570897,3.7861,41.6,31.20
6571619,4.1016,41.6,31.20
6572341,3.5607,41.6,31.19
6573063,3.1776,41.6,31.19
# [n=9100] mean=3.5200 m  sigma=1.5348 m  die=41.6 C  CalVal=16
6573785,3.8086,41.6,31.19
6574507,3.1776,41.6,31.19
6575229,4.2142,41.6,31.18
6575951,4.4621,41.6,31.18
6576673,3.9213,41.6,31.17
6577395,3.2452,41.6,31.18
6578117,3.3128,41.6,31.18
6578839,3.0424,41.6,31.18
6579561,2.7719,41.6,31.17
6580283,2.9072,41.6,31.17
6581005,3.5156,41.6,31.17
6581727,3.6959,41.6,31.17
6582449,3.5156,41.6,31.17
6583171,3.7635,41.6,31.17
6583893,4.4621,41.6,31.16
6584615,4.3269,41.6,31.15
6585337,2.5916,41.6,31.15
6586059,3.2452,41.6,31.16
6586781,4.1016,41.6,31.15
6587503,4.1016,41.6,31.14
6588225,3.5156,41.6,31.14
6588947,3.2001,41.6,31.14
6589669,3.1776,41.6,31.14
6590391,4.1241,41.6,31.13
6591113,3.6058,41.6,31.13
6591835,2.9522,41.6,31.13
6592557,3.6283,41.6,31.13
6593279,4.3044,41.6,31.13
6594001,4.3044,41.6,31.13
6594723,3.7184,41.6,31.12
6595445,3.2452,41.6,31.12
6596167,4.4171,41.6,31.13
6596889,3.1776,41.6,31.12
6597611,3.8086,41.6,31.12
6598333,2.9072,41.6,31.11
6599055,3.4255,41.6,31.11
6599777,4.5297,41.6,31.11
6600499,4.7326,41.6,31.11
6601221,4.5297,41.6,31.11
6601943,3.3804,40.6,31.11
6602665,3.2677,41.6,31.10
6603387,2.7719,41.6,31.10
6604109,2.7719,41.6,31.10
6604831,3.6959,41.6,31.10
6605553,3.7861,41.6,31.10
6606275,4.3495,41.6,31.10
6606997,4.6650,41.6,31.09
6607719,4.6875,41.6,31.09
6608441,4.1917,41.6,31.09
6609163,4.5748,41.6,31.09
6609885,4.2368,41.6,31.08
6610607,4.5072,41.6,31.09
6611329,4.4847,41.6,31.08
6612051,4.9354,41.6,31.08
6612773,3.2227,41.6,31.08
6613495,2.8621,41.6,31.07
6614217,3.2452,41.6,31.07
6614939,4.2142,41.6,31.07
6615661,3.8311,41.6,31.07
6616383,3.4255,41.6,31.07
6617105,3.4255,41.6,31.06
6617827,3.5607,41.6,31.06
6618549,3.4931,41.6,31.06
6619271,4.5974,41.6,31.06
6619993,3.7861,41.6,31.06
6620715,-18.5697,41.6,31.06
6621437,4.2142,41.6,31.06
6622159,4.7100,41.6,31.05
6622881,3.4931,41.6,31.06
6623603,3.7184,41.6,31.05
6624325,3.5156,41.6,31.05
6625047,4.0790,40.6,31.05
6625769,3.4931,41.6,31.04
6626491,3.9663,41.6,31.04
6627213,4.5072,41.6,31.04
6627935,3.6058,41.6,31.04
6628657,3.8311,41.6,31.04
6629379,3.8311,41.6,31.04
6630101,2.6142,41.6,31.03
6630823,3.8086,41.6,31.03
6631545,4.3945,41.6,31.03
6632267,3.1100,41.6,31.03
6632989,2.8846,41.6,31.03
6633711,2.8846,40.6,31.02
6634433,4.2819,41.6,31.02
6635155,3.7861,41.6,31.02
6635877,4.4621,41.6,31.02
6636599,3.9213,41.6,31.01
6637321,4.5974,41.6,31.01
6638043,2.9973,40.6,31.01
6638765,2.9973,40.6,31.00
6639487,3.3579,41.6,31.00
6640209,4.0114,41.6,31.00
6640931,4.0790,41.6,31.00
6641653,4.3269,40.6,31.00
6642375,4.4621,41.6,31.00
6643097,3.7635,41.6,30.99
6643819,4.0114,41.6,30.99
6644541,4.8903,41.6,30.99
6645263,3.6959,41.6,30.99
# [n=9200] mean=3.5204 m  sigma=1.5451 m  die=41.6 C  CalVal=16
6645985,3.9213,41.6,30.99
6646707,4.2593,41.6,30.99
6647429,3.7861,41.6,30.99
6648151,3.0649,41.6,30.98
6648873,3.7410,41.6,30.98
6649595,3.2677,41.6,30.98
6650317,3.2677,41.6,30.97
6651039,3.4931,41.6,30.97
6651761,3.9438,41.6,30.97
6652483,3.0649,41.6,30.96
6653205,3.6283,40.6,30.97
6653927,4.2368,41.6,30.96
6654649,4.3495,41.6,30.96
6655371,3.4931,41.6,30.97
6656093,3.8311,41.6,30.96
6656815,3.0198,41.6,30.96
6657537,3.9889,40.6,30.96
6658259,3.7184,40.6,30.95
6658981,4.1692,41.6,30.95
6659703,3.2001,40.6,30.95
6660425,4.7326,41.6,30.95
6661147,4.5974,41.6,30.95
6661869,3.6058,41.6,30.95
6662591,4.6650,41.6,30.95
6663313,4.6650,40.6,30.94
6664035,3.9889,41.6,30.94
6664757,3.3804,40.6,30.94
6665479,3.4931,40.6,30.94
6666201,4.5974,41.6,30.94
6666923,4.5974,41.6,30.94
6667645,3.7635,41.6,30.94
6668367,4.3945,41.6,30.93
6669089,3.3804,41.6,30.93
6669811,3.7184,41.6,30.93
6670533,3.6734,41.6,30.93
6671255,4.1241,41.6,30.93
6671977,3.3804,41.6,30.93
6672699,3.2452,41.6,30.92
6673421,3.2001,41.6,30.92
6674143,3.4029,41.6,30.92
6674865,3.3128,41.6,30.92
6675587,3.2001,41.6,30.92
6676309,3.6959,41.6,30.91
6677031,2.2761,41.6,30.92
6677753,4.2819,41.6,30.91
6678475,4.1466,41.6,30.91
6679197,2.4790,41.6,30.91
6679919,2.4790,41.6,30.91
6680641,4.0114,41.6,30.91
6681363,2.8621,41.6,30.91
6682085,3.2452,41.6,30.90
6682807,4.4621,41.6,30.91
6683529,2.5916,41.6,30.90
6684251,2.9297,41.6,30.90
6684973,3.1550,41.6,30.90
6685695,3.4255,41.6,30.89
6686417,4.1241,41.6,30.90
6687139,3.5382,41.6,30.90
6687861,3.0874,41.6,30.89
6688583,3.3804,41.6,30.90
6689305,4.2593,41.6,30.89
6690027,3.7635,41.6,30.89
6690749,3.3353,41.6,30.89
6691471,3.8537,41.6,30.89
6692193,4.0565,41.6,30.89
6692915,2.8170,41.6,30.88
6693637,2.6593,41.6,30.88
6694359,3.3804,41.6,30.88
6695081,4.0114,40.6,30.88
6695803,4.0790,40.6,30.88
6696525,4.0790,41.6,30.88
6697247,3.4029,40.6,30.87
6697969,3.8311,40.6,30.87
6698691,2.8621,41.6,30.87
6699413,4.4621,40.6,30.87
6700135,3.6058,40.6,30.86
6700857,3.7410,41.6,30.86
6701579,3.5607,40.6,30.86
6702301,3.5607,40.6,30.86
6703023,3.4931,40.6,30.86
6703745,3.8537,40.6,30.86
6704467,2.8621,41.6,30.85
6705189,3.6959,41.6,30.85
6705911,4.1466,41.6,30.85
6706633,3.6508,41.6,30.85
6707355,4.3720,41.6,30.84
6708077,3.1550,41.6,30.84
6708799,3.0649,41.6,30.84
6709521,3.3579,41.6,30.84
6710243,2.7494,41.6,30.84
6710965,3.1550,41.6,30.83
6711687,4.1241,41.6,30.84
6712409,4.5297,41.6,30.83
6713131,4.5297,41.6,30.83
6713853,3.8311,41.6,30.83
6714575,4.3269,41.6,30.83
6715297,3.4255,41.6,30.82
6716019,3.8537,40.6,30.83
6716741,4.3269,41.6,30.82
6717463,3.8086,41.6,30.82
# [n=9300] mean=3.5219 m  sigma=1.5380 m  die=41.6 C  CalVal=16
6718185,3.6058,41.6,30.82
6718907,3.3579,41.6,30.82
6719629,3.0424,41.6,30.82
6720351,3.4029,41.6,30.81
6721073,3.3128,41.6,30.81
6721795,3.9438,41.6,30.81
6722517,3.6283,41.6,30.81
6723239,3.6508,41.6,30.81
6723961,2.8170,41.6,30.81
6724683,4.3044,41.6,30.81
6725405,4.5072,41.6,30.81
6726127,4.5072,41.6,30.80
6726849,3.1776,41.6,30.80
6727571,3.4480,41.6,30.80
6728293,3.7861,41.6,30.80
6729015,4.4396,40.6,30.79
6729737,4.4396,41.6,30.80
6730459,3.6508,41.6,30.79
6731181,4.1466,41.6,30.79
6731903,3.2903,41.6,30.79
6732625,3.2452,40.6,30.79
6733347,3.4029,39.6,30.78
6734069,2.7945,40.6,30.78
6734791,3.4480,41.6,30.78
6735513,3.8537,41.6,30.78
6736235,4.5748,41.6,30.78
6736957,4.0114,40.6,30.78
6737679,4.3269,40.6,30.77
6738401,3.3353,40.6,30.77
6739123,3.4255,41.6,30.77
6739845,3.4931,41.6,30.77
6740567,3.3353,41.6,30.77
6741289,2.8621,41.6,30.76
6742011,2.2536,41.6,30.76
6742733,2.2536,40.6,30.76
6743455,3.0424,41.6,30.76
6744177,4.2142,41.6,30.76
6744899,3.9889,41.6,30.76
6745621,2.7719,40.6,30.76
6746343,2.8621,40.6,30.76
6747065,3.4480,41.6,30.75
6747787,4.0114,41.6,30.76
6748509,4.3495,41.6,30.76
6749231,3.1776,41.6,30.75
6749953,4.0790,41.6,30.75
6750675,3.8086,41.6,30.75
6751397,4.4847,41.6,30.74
6752119,3.0424,41.6,30.75
6752841,3.1100,41.6,30.74
6753563,4.3495,41.6,30.74
6754285,4.5748,41.6,30.74
6755007,4.1917,41.6,30.74
6755729,3.4480,40.6,30.74
6756451,3.7861,40.6,30.73
6757173,3.3579,41.6,30.73
6757895,4.1917,40.6,30.73
6758617,4.1917,40.6,30.73
6759339,4.1917,41.6,30.73
6760061,4.5523,40.6,30.73
6760783,3.7861,40.6,30.72
6761505,4.5072,40.6,30.72
6762227,3.9438,40.6,30.72
6762949,3.5156,40.6,30.72
6763671,4.3269,40.6,30.72
6764393,3.3579,40.6,30.71
6765115,3.8987,40.6,30.71
6765837,3.4706,41.6,30.71
6766559,4.1466,41.6,30.70
6767281,3.8086,41.6,30.70
6768003,3.7184,41.6,30.70
6768725,4.1466,41.6,30.70
6769447,3.6734,41.6,30.70
6770169,4.1917,41.6,30.70
6770891,3.6508,41.6,30.70
6771613,3.5156,41.6,30.69
6772335,4.6424,41.6,30.69
6773057,3.6283,40.6,30.69
6773779,3.7184,40.6,30.69
6774501,3.5607,41.6,30.69
6775223,4.5748,41.6,30.69
6775945,4.5748,40.6,30.69
6776667,2.9072,41.6,30.69
6777389,4.3044,40.6,30.69
6778111,3.8086,40.6,30.69
6778833,3.6959,40.6,30.68
6779555,4.1016,40.6,30.68
6780277,3.8987,41.6,30.68
6780999,4.2819,41.6,30.68
6781721,4.8227,41.6,30.68
6782443,4.5523,40.6,30.68
6783165,3.5607,41.6,30.67
6783887,3.8987,40.6,30.67
6784609,4.3044,40.6,30.67
6785331,3.3579,41.6,30.67
6786053,3.8762,40.6,30.67
6786775,3.0198,41.6,30.67
6787497,3.2001,41.6,30.67
6788219,4.5297,41.6,30.66
6788941,4.5297,40.6,30.67
6789663,3.8987,40.6,30.67
# [n=9400] mean=3.5246 m  sigma=1.5310 m  die=40.6 C  CalVal=16
6790385,4.7776,41.6,30.66
6791107,4.3269,40.6,30.66
6791829,4.5974,40.6,30.66
6792551,3.2452,40.6,30.66
6793273,4.6424,40.6,30.66
6793995,3.7410,41.6,30.66
6794717,3.1325,41.6,30.66
6795439,4.2368,40.6,30.66
6796161,4.6875,40.6,30.66
6796883,3.7861,41.6,30.66
6797605,3.7861,41.6,30.65
6798327,3.6508,41.6,30.65
6799049,4.2819,41.6,30.65
6799771,3.1100,40.6,30.64
6800493,3.4480,40.6,30.64
6801215,3.8086,39.6,30.65
6801937,3.7410,40.6,30.65
6802659,4.1466,40.6,30.65
6803381,3.5607,40.6,30.64
6804103,4.9579,40.6,30.65
6804825,3.2227,40.6,30.64
6805547,3.2227,41.6,30.64
6806269,4.0114,40.6,30.64
6806991,4.4171,40.6,30.64
6807713,3.9889,40.6,30.63
6808435,4.0790,40.6,30.64
6809157,3.5607,40.6,30.64
6809879,4.5523,40.6,30.63
6810601,3.7410,40.6,30.63
6811323,4.3720,40.6,30.63
6812045,3.8537,40.6,30.62
6812767,4.3269,40.6,30.63
6813489,3.6734,40.6,30.63
6814211,3.8987,40.6,30.63
6814933,3.0198,40.6,30.62
6815655,3.7861,40.6,30.62
6816377,4.8227,40.6,30.62
6817099,3.3579,40.6,30.62
6817821,2.7269,41.6,30.62
6818543,4.0114,40.6,30.62
6819265,4.2142,40.6,30.62
6819987,2.8846,40.6,30.62
6820709,4.5974,41.6,30.62
6821431,4.1016,39.6,30.62
6822153,4.1016,40.6,30.61
6822875,3.5156,40.6,30.61
6823597,4.6199,40.6,30.61
6824319,3.4255,40.6,30.61
6825041,3.3128,40.6,30.61
6825763,3.1100,40.6,30.61
6826485,4.2368,40.6,30.61
6827207,2.9973,40.6,30.61
6827929,3.8987,40.6,30.61
6828651,4.6199,40.6,30.61
6829373,3.7410,41.6,30.61
6830095,2.9748,41.6,30.60
6830817,4.4171,41.6,30.61
6831539,3.9438,41.6,30.60
6832261,3.7861,41.6,30.60
6832983,3.4255,40.6,30.61
6833705,3.6058,40.6,30.61
6834427,3.6959,40.6,30.61
6835149,3.6959,40.6,30.61
6835871,3.9213,40.6,30.60
6836593,4.9354,40.6,30.60
6837315,3.8086,41.6,30.60
6838037,3.4706,40.6,30.61
6838759,3.4706,40.6,30.60
6839481,4.2142,41.6,30.60
6840203,3.8987,41.6,30.60
6840925,3.3804,41.6,30.59
6841647,4.4396,41.6,30.59
6842369,3.7635,40.6,30.60
6843091,4.4171,40.6,30.59
6843813,4.3495,40.6,30.59
6844535,3.4029,40.6,30.59
6845257,3.7635,39.6,30.59
6845979,4.8227,40.6,30.58
6846701,3.5832,40.6,30.59
6847423,4.6650,40.6,30.59
6848145,3.1325,40.6,30.59
6848867,3.8311,40.6,30.58
6849589,3.6283,40.6,30.58
6850311,2.9297,40.6,30.58
6851033,3.6734,40.6,30.58
6851755,3.6734,41.6,30.58
6852477,3.4706,40.6,30.58
6853199,4.6199,40.6,30.58
6853921,2.7494,40.6,30.58
6854643,4.5523,39.6,30.58
6855365,3.7635,40.6,30.57
6856087,4.3495,40.6,30.57
6856809,3.8086,41.6,30.57
6857531,4.2142,41.6,30.58
6858253,4.2368,41.6,30.57
6858975,4.0114,41.6,30.56
6859697,3.9438,41.6,30.56
6860419,4.0340,41.6,30.56
6861141,3.9213,41.6,30.56
6861863,3.8987,40.6,30.56
# [n=9500] mean=3.5283 m  sigma=1.5243 m  die=40.6 C  CalVal=16
6862585,3.9663,40.6,30.56
6863307,4.4621,41.6,30.56
6864029,4.1241,40.6,30.55
6864751,3.6959,41.6,30.55
6865473,2.7945,41.6,30.55
6866195,4.5748,41.6,30.55
6866917,4.7326,40.6,30.55
6867639,3.9213,40.6,30.55
6868361,3.9213,40.6,30.55
6869083,3.8987,41.6,30.55
6869805,3.8537,40.6,30.55
6870527,3.9889,39.6,30.55
6871249,2.7719,40.6,30.55
6871971,3.1550,40.6,30.54
6872693,4.3495,40.6,30.54
6873415,3.6508,41.6,30.54
6874137,3.8537,41.6,30.54
6874859,4.1466,40.6,30.54
6875581,4.3044,40.6,30.54
6876303,5.1157,40.6,30.53
6877025,4.1466,39.6,30.54
6877747,3.4480,39.6,30.53
6878469,3.4029,40.6,30.53
6879191,3.6959,40.6,30.54
6879913,3.8987,40.6,30.53
6880635,4.5297,40.6,30.53
6881357,3.8086,39.6,30.53
6882079,4.8453,40.6,30.53
6882801,4.2819,39.6,30.53
6883523,4.8678,40.6,30.53
6884245,3.2903,40.6,30.52
6884967,3.2903,40.6,30.53
6885689,3.5156,40.6,30.52
6886411,4.0114,40.6,30.52
6887133,3.8762,40.6,30.52
6887855,2.8395,40.6,30.52
6888577,3.0424,40.6,30.51
6889299,3.2452,40.6,30.52
6890021,3.1550,40.6,30.51
6890743,4.5297,40.6,30.51
6891465,3.8311,40.6,30.50
6892187,3.5832,40.6,30.50
6892909,4.1016,40.6,30.50
6893631,3.0198,41.6,30.50
6894353,3.6058,41.6,30.49
6895075,4.8002,41.6,30.49
6895797,3.8086,41.6,30.50
6896519,3.2001,41.6,30.49
6897241,3.8311,40.6,30.49
6897963,3.8311,40.6,30.49
6898685,4.0790,40.6,30.48
6899407,3.3128,40.6,30.48
6900129,3.9889,40.6,30.48
6900851,4.1241,41.6,30.48
6901573,0.4733,40.6,30.49
6902295,4.2819,40.6,30.48
6903017,3.8311,40.6,30.48
6903739,4.6199,40.6,30.48
6904461,3.4706,40.6,30.48
6905183,4.8453,40.6,30.48
6905905,3.9663,40.6,30.48
6906627,3.7410,40.6,30.48
6907349,4.4396,40.6,30.47
6908071,3.8987,40.6,30.47
6908793,4.5072,40.6,30.47
6909515,3.0649,41.6,30.47
6910237,4.4621,41.6,30.47
6910959,3.6283,41.6,30.47
6911681,5.0255,41.6,30.47
6912403,4.3495,41.6,30.46
6913125,5.0481,40.6,30.46
6913847,3.8537,41.6,30.46
6914569,3.8537,40.6,30.45
6915291,4.0340,40.6,30.46
6916013,4.9129,39.6,30.46
6916735,3.8537,39.6,30.45
6917457,4.0790,40.6,30.45
6918179,3.9213,40.6,30.45
6918901,4.1241,40.6,30.45
6919623,3.9213,40.6,30.45
6920345,3.9213,39.6,30.44
6921067,3.4706,39.6,30.44
6921789,3.0874,40.6,30.44
6922511,4.9354,39.6,30.44
6923233,3.9889,39.6,30.44
6923955,4.2819,40.6,30.43
6924677,4.5297,40.6,30.44
6925399,4.0565,41.6,30.43
6926121,3.7410,40.6,30.43
6926843,3.9889,41.6,30.43
6927565,4.2819,41.6,30.43
6928287,3.9213,41.6,30.43
6929009,4.1016,40.6,30.43
6929731,4.2368,41.6,30.43
6930453,4.7100,41.6,30.42
6931175,4.7100,40.6,30.42
6931897,4.7776,40.6,30.42
6932619,3.9889,40.6,30.41
6933341,3.9889,40.6,30.42
6934063,4.0340,41.6,30.42
# [n=9600] mean=3.5327 m  sigma=1.5184 m  die=41.6 C  CalVal=16
6934785,4.0114,41.6,30.41
6935507,3.7410,41.6,30.41
6936229,4.3720,41.6,30.41
6936951,4.2593,41.6,30.41
6937673,4.0565,40.6,30.41
6938395,4.3044,40.6,30.41
6939117,3.1776,40.6,30.40
6939839,3.9663,41.6,30.41
6940561,3.8311,41.6,30.40
6941283,4.4621,41.6,30.40
6942005,3.6734,41.6,30.40
6942727,4.0565,41.6,30.40
6943449,4.1241,41.6,30.40
6944171,4.1241,40.6,30.40
6944893,3.8987,40.6,30.40
6945615,4.0340,40.6,30.39
6946337,4.6199,40.6,30.39
6947059,4.8002,40.6,30.39
6947781,4.8002,40.6,30.39
6948503,4.4621,40.6,30.39
6949225,4.1016,40.6,30.39
6949947,4.4847,40.6,30.39
6950669,3.9663,40.6,30.38
6951391,2.9072,40.6,30.38
6952113,4.3945,40.6,30.38
6952835,4.4171,40.6,30.38
6953557,4.2368,40.6,30.38
6954279,2.9297,40.6,30.37
6955001,3.5382,40.6,30.38
6955723,4.2593,41.6,30.38
6956445,3.5156,40.6,30.37
6957167,4.6199,40.6,30.37
6957889,3.9889,40.6,30.37
6958611,3.3579,40.6,30.37
6959333,3.3353,40.6,30.37
6960055,4.0340,40.6,30.37
6960777,4.0340,40.6,30.36
6961499,3.9889,40.6,30.36
6962221,4.8678,41.6,30.36
6962943,3.1325,41.6,30.36
6963665,5.0706,40.6,30.36
6964387,4.1917,41.6,30.35
6965109,4.6199,40.6,30.35
6965831,3.7635,41.6,30.35
6966553,3.5607,41.6,30.35
6967275,4.0565,41.6,30.35
6967997,3.6959,40.6,30.34
6968719,4.3269,40.6,30.34
6969441,3.9889,40.6,30.34
6970163,4.3495,41.6,30.34
6970885,3.0874,40.6,30.34
6971607,4.1241,40.6,30.34
6972329,3.9213,40.6,30.33
6973051,4.3720,40.6,30.34
6973773,3.7184,40.6,30.33
6974495,4.6424,40.6,30.33
6975217,2.9748,40.6,30.33
6975939,4.3945,40.6,30.33
6976661,4.3269,40.6,30.33
6977383,4.3269,40.6,30.32
6978105,3.7410,40.6,30.32
6978827,3.5607,40.6,30.32
6979549,3.9438,40.6,30.32
6980271,3.4255,40.6,30.32
6980993,4.1692,40.6,30.32
6981715,3.7410,40.6,30.31
6982437,4.3269,40.6,30.31
6983159,3.9663,40.6,30.31
6983881,4.1466,40.6,30.31
6984603,4.1241,40.6,30.31
6985325,3.8762,40.6,30.31
6986047,3.9889,39.6,30.31
6986769,3.6058,39.6,30.31
6987491,4.0565,40.6,30.31
6988213,3.6283,40.6,30.30
6988935,4.8903,40.6,30.30
6989657,3.6508,39.6,30.30
6990379,4.3495,39.6,30.30
6991101,4.1692,39.6,30.30
6991823,4.9805,40.6,30.30
6992545,3.3579,40.6,30.30
6993267,3.3128,40.6,30.30
6993989,3.3128,40.6,30.30
6994711,3.8537,40.6,30.30
6995433,3.6959,40.6,30.29
6996155,4.0114,41.6,30.29
6996877,3.0649,40.6,30.29
6997599,3.3353,40.6,30.29
6998321,2.7269,40.6,30.28
6999043,4.3269,40.6,30.28
6999765,4.5523,40.6,30.29
7000487,3.8537,40.6,30.28
7001209,4.9579,40.6,30.28
7001931,4.4621,40.6,30.28
7002653,4.6650,40.6,30.28
7003375,3.1100,40.6,30.28
7004097,3.0649,40.6,30.28
7004819,5.0030,39.6,30.28
7005541,4.2593,39.6,30.28
7006263,4.5297,40.6,30.27
# [n=9700] mean=3.5375 m  sigma=1.5122 m  die=40.6 C  CalVal=16
7006985,4.5297,39.6,30.27
7007707,3.8311,40.6,30.26
7008429,4.2368,40.6,30.26
7009151,4.6424,40.6,30.26
7009873,3.6959,40.6,30.27
7010595,-10.1412,41.6,30.26
7011317,4.5748,41.6,30.26
7012039,4.7776,41.6,30.26
7012761,3.5382,41.6,30.26
7013483,4.0790,40.6,30.26
7014205,4.1241,40.6,30.26
7014927,3.4706,40.6,30.25
7015649,4.1466,39.6,30.25
7016371,4.0565,40.6,30.25
7017093,3.1325,40.6,30.25
7017815,3.9889,40.6,30.25
7018537,4.7776,39.6,30.24
7019259,4.6650,40.6,30.24
7019981,4.0114,40.6,30.25
7020703,3.4931,40.6,30.24
7021425,4.2142,40.6,30.24
7022147,3.8537,40.6,30.24
7022869,4.1241,40.6,30.24
7023591,4.1241,40.6,30.23
7024313,3.7410,40.6,30.24
7025035,4.1466,40.6,30.24
7025757,4.4171,41.6,30.24
7026479,4.2819,40.6,30.24
7027201,4.5748,40.6,30.24
7027923,4.9354,40.6,30.24
7028645,3.3804,40.6,30.23
7029367,3.5607,40.6,30.23
7030089,4.8678,41.6,30.23
7030811,4.3495,40.6,30.23
7031533,3.5156,40.6,30.23
7032255,4.3044,40.6,30.23
7032977,4.5748,40.6,30.22
7033699,2.7945,40.6,30.22
7034421,4.1466,40.6,30.22
7035143,5.0481,40.6,30.22
7035865,4.0790,41.6,30.22
7036587,3.8311,40.6,30.23
7037309,3.9438,40.6,30.22
7038031,4.2142,39.6,30.22
7038753,3.1776,39.6,30.22
7039475,3.7184,40.6,30.22
7040197,3.7184,39.6,30.21
7040919,3.9438,40.6,30.21
7041641,4.0790,40.6,30.21
7042363,3.5832,40.6,30.20
7043085,3.6959,40.6,30.21
7043807,3.0424,40.6,30.21
7044529,3.7861,39.6,30.21
7045251,4.8002,39.6,30.21
7045973,3.4706,40.6,30.21
7046695,4.0565,40.6,30.20
7047417,4.3495,40.6,30.20
7048139,3.6734,41.6,30.20
7048861,4.5748,41.6,30.20
7049583,3.7184,41.6,30.20
7050305,3.1100,40.6,30.20
7051027,3.3804,40.6,30.19
7051749,3.9889,40.6,30.19
7052471,4.2142,40.6,30.19
7053193,4.2142,40.6,30.20
7053915,4.1241,40.6,30.20
7054637,3.3353,40.6,30.19
7055359,4.7100,41.6,30.19
7056081,3.6734,40.6,30.19
7056803,3.6734,40.6,30.19
7057525,3.0649,39.6,30.18
7058247,3.7410,39.6,30.18
7058969,4.0790,39.6,30.18
7059691,3.2452,40.6,30.18
7060413,4.0565,40.6,30.17
7061135,3.2677,40.6,30.18
7061857,3.8537,40.6,30.18
7062579,4.7100,40.6,30.18
7063301,3.9663,40.6,30.17
7064023,3.8537,41.6,30.18
7064745,3.5607,41.6,30.17
7065467,3.5382,41.6,30.17
7066189,4.3945,41.6,30.17
7066911,3.6283,39.6,30.16
7067633,4.4621,40.6,30.16
7068355,4.3044,40.6,30.16
7069077,4.7551,39.6,30.16
7069799,4.7551,40.6,30.17
7070521,3.4706,39.6,30.16
7071243,3.6959,39.6,30.16
7071965,4.5297,39.6,30.16
7072687,3.8987,39.6,30.16
7073409,2.8170,39.6,30.16
7074131,3.5607,39.6,30.16
7074853,4.3720,39.6,30.15
7075575,3.2227,39.6,30.15
7076297,3.8311,40.6,30.15
7077019,3.6283,39.6,30.15
7077741,3.9663,40.6,30.15
7078463,3.2001,40.6,30.14
# [n=9800] mean=3.5404 m  sigma=1.5122 m  die=40.6 C  CalVal=16
7079185,4.7551,40.6,30.14
7079907,3.6058,39.6,30.15
7080629,3.2227,39.6,30.15
7081351,3.4255,39.6,30.14
7082073,3.6959,40.6,30.14
7082795,4.6875,40.6,30.14
7083517,3.5156,40.6,30.14
7084239,3.6959,40.6,30.14
7084961,3.6283,40.6,30.14
7085683,4.3495,40.6,30.14
7086405,4.3495,40.6,30.14
7087127,4.4621,39.6,30.14
7087849,4.3720,40.6,30.13
7088571,3.6283,39.6,30.13
7089293,2.9072,40.6,30.13
7090015,3.4029,40.6,30.13
7090737,3.8086,40.6,30.13
7091459,3.2452,40.6,30.13
7092181,3.8086,40.6,30.13
7092903,3.7635,40.6,30.12
7093625,3.2452,40.6,30.12
7094347,3.7184,40.6,30.12
7095069,4.2819,40.6,30.12
7095791,3.8762,40.6,30.12
7096513,3.3353,40.6,30.12
7097235,3.7410,40.6,30.12
7097957,4.6199,39.6,30.12
7098679,5.1157,39.6,30.12
7099401,4.9354,39.6,30.11
7100123,4.1917,39.6,30.11
7100845,4.6424,39.6,30.11
7101567,3.8762,40.6,30.11
7102289,3.5156,40.6,30.11
7103011,3.5156,40.6,30.11
7103733,4.5072,40.6,30.11
7104455,3.0424,40.6,30.11
7105177,3.9438,40.6,30.10
7105899,3.3128,39.6,30.10
7106621,2.9748,39.6,30.11
7107343,3.8311,39.6,30.10
7108065,3.1550,39.6,30.11
7108787,3.4931,40.6,30.10
7109509,3.8987,40.6,30.10
7110231,3.6283,40.6,30.10
7110953,3.9889,40.6,30.10
7111675,3.6508,40.6,30.10
7112397,4.9129,40.6,30.10
7113119,4.7551,40.6,30.10
7113841,4.0340,40.6,30.10
7114563,4.8002,40.6,30.10
7115285,4.0790,40.6,30.09
7116007,4.0790,40.6,30.09
7116729,3.4931,40.6,30.09
7117451,3.8762,40.6,30.09
7118173,3.5832,40.6,30.09
7118895,3.5832,39.6,30.09
7119617,-41.3762,39.6,30.08
7120339,4.4171,40.6,30.08
7121061,3.2903,40.6,30.08
7121783,3.2677,40.6,30.08
7122505,3.8762,39.6,30.08
7123227,3.7635,39.6,30.08
7123949,4.4171,40.6,30.07
7124671,4.6199,40.6,30.08
7125393,3.9889,40.6,30.08
7126115,4.1917,40.6,30.07
7126837,3.8311,40.6,30.07
7127559,4.4621,40.6,30.07
7128281,4.0114,39.6,30.07
7129003,4.4396,39.6,30.07
7129725,4.5974,40.6,30.07
7130447,4.3945,39.6,30.07
7131169,3.9663,39.6,30.07
7131891,4.2819,40.6,30.07
7132613,4.2819,40.6,30.07
7133335,4.1917,40.6,30.06
7134057,3.6959,39.6,30.06
7134779,4.3269,39.6,30.06
7135501,4.1692,40.6,30.06
7136223,3.6508,40.6,30.06
7136945,6.4904,40.6,30.06
7137667,3.9663,40.6,30.05
7138389,4.8002,40.6,30.05
7139111,4.7100,40.6,30.05
7139833,3.4029,40.6,30.05
7140555,3.8987,40.6,30.05
7141277,3.2227,40.6,30.05
7141999,3.9663,40.6,30.05
7142721,4.2142,40.6,30.05
7143443,3.4706,40.6,30.05
7144165,3.0198,39.6,30.04
7144887,3.6959,40.6,30.04
7145609,3.6959,40.6,30.04
7146331,4.0340,40.6,30.05
7147053,4.5974,40.6,30.04
7147775,4.1016,40.6,30.04
7148497,3.1550,40.6,30.04
7149219,3.8987,39.6,30.04
7149941,4.7776,40.6,30.04
7150663,3.9663,39.6,30.04
# [n=9900] mean=3.5401 m  sigma=1.5724 m  die=39.6 C  CalVal=16
7151385,3.8537,40.6,30.04
7152107,4.3044,40.6,30.04
7152829,5.0706,40.6,30.04
7153551,4.3945,40.6,30.04
7154273,3.6058,40.6,30.03
7154995,4.1917,40.6,30.03
7155717,3.1550,40.6,30.03
7156439,3.8987,40.6,30.03
7157161,4.3269,40.6,30.03
7157883,4.0114,40.6,30.02
7158605,4.1917,41.6,30.03
7159327,4.8227,40.6,30.03
7160049,4.0565,40.6,30.03
7160771,3.9889,40.6,30.02
7161493,4.3495,40.6,30.03
7162215,4.3495,40.6,30.03
7162937,4.5072,40.6,30.02
7163659,3.1550,40.6,30.02
7164381,2.8846,40.6,30.02
7165103,3.7635,40.6,30.01
7165825,3.2903,40.6,30.02
7166547,4.8002,40.6,30.02
7167269,2.9748,40.6,30.02
7167991,4.5748,40.6,30.01
7168713,3.1550,40.6,30.01
7169435,4.0114,40.6,30.01
7170157,4.2368,39.6,30.01
7170879,5.0706,40.6,30.01
7171601,3.9213,40.6,30.01
7172323,4.0565,40.6,30.01
7173045,3.9438,40.6,30.00
7173767,3.9663,39.6,30.01
7174489,4.4396,39.6,30.00
7175211,4.4396,40.6,30.00
7175933,4.0340,40.6,30.01
7176655,4.1917,40.6,30.01
7177377,4.2593,40.6,30.00
7178099,4.8453,39.6,30.00
7178821,3.9438,39.6,30.00
7179543,3.2452,39.6,30.00
7180265,3.8762,40.6,30.00
7180987,3.9663,39.6,30.00
7181709,3.6058,39.6,30.00
7182431,3.4029,38.6,29.99
7183153,3.0874,39.6,29.99
7183875,3.1550,39.6,29.99
7184597,5.1382,39.6,29.99
7185319,4.6650,40.6,29.99
7186041,4.0340,40.6,29.99
7186763,3.9213,40.6,29.99
7187485,3.6508,40.6,29.99
7188207,2.9748,40.6,29.99
7188929,4.5974,40.6,29.98
7189651,3.2001,39.6,29.99
7190373,3.9438,40.6,29.99
7191095,4.1016,40.6,29.98
7191817,4.1016,40.6,29.98
7192539,3.7184,40.6,29.98
7193261,5.2284,40.6,29.98
7193983,4.7551,40.6,29.98
7194705,4.1466,39.6,29.98
7195427,3.8987,39.6,29.98
7196149,3.3579,39.6,29.98
7196871,4.5523,39.6,29.98
7197593,4.3945,39.6,29.98
7198315,3.2903,39.6,29.98
7199037,3.5156,39.6,29.98
7199759,4.2593,39.6,29.98
7200481,2.9522,40.6,29.98
7201203,3.8086,39.6,29.97
7201925,4.1241,40.6,29.97
7202647,3.3804,40.6,29.97
7203369,4.3269,40.6,29.97
7204091,3.9663,40.6,29.97
7204813,3.9889,40.6,29.97
7205535,3.8311,40.6,29.97
7206257,4.2819,39.6,29.97
7206979,5.0030,39.6,29.96
7207701,4.9579,39.6,29.97
7208423,4.9579,40.6,29.96
7209145,3.3579,40.6,29.96
7209867,4.3269,40.6,29.96
7210589,4.0790,40.6,29.96
7211311,3.2001,40.6,29.96
7212033,4.5297,40.6,29.96
7212755,4.2593,39.6,29.96
7213477,4.9805,40.6,29.96
7214199,4.9354,40.6,29.96
7214921,3.8311,40.6,29.96
7215643,4.3720,40.6,29.96
7216365,3.4029,40.6,29.95
7217087,4.8453,39.6,29.95
7217809,3.1550,40.6,29.95
7218531,3.9213,39.6,29.95
7219253,4.4621,39.6,29.95
7219975,4.4396,39.6,29.95
7220697,4.4847,40.6,29.95
7221419,4.4847,40.6,29.95
7222141,3.8086,40.6,29.95
7222863,4.5974,40.6,29.95
# [n=10000] mean=3.5453 m  sigma=1.5664 m  die=40.6 C  CalVal=16
7223585,4.2368,40.6,29.94
7224307,4.1692,41.6,29.94
7225029,4.1692,40.6,29.95
7225751,4.9354,39.6,29.94
7226473,4.0790,40.6,29.95
7227195,4.0790,40.6,29.94
7227917,3.9889,40.6,29.95
7228639,4.5072,40.6,29.94
7229361,4.0114,40.6,29.94
7230083,3.9213,39.6,29.94
7230805,5.0481,39.6,29.94
7231527,4.5974,40.6,29.94
7232249,3.6734,40.6,29.94
7232971,4.0340,40.6,29.94
7233693,4.4621,39.6,29.94
7234415,4.8002,39.6,29.94
7235137,3.1776,40.6,29.94
7235859,4.3495,40.6,29.94
7236581,3.9438,39.6,29.94
7237303,3.2677,39.6,29.93
7238025,3.2677,39.6,29.93
7238747,4.0565,40.6,29.94
7239469,3.0649,40.6,29.93
7240191,5.1157,40.6,29.94
7240913,4.8002,40.6,29.93
7241635,2.7945,40.6,29.93
7242357,4.5523,40.6,29.93
7243079,4.0790,40.6,29.93
7243801,4.2368,40.6,29.92
7244523,5.0931,40.6,29.92
7245245,5.2058,40.6,29.92
7245967,4.4396,40.6,29.93
7246689,4.7326,40.6,29.92
7247411,3.3579,40.6,29.92
7248133,4.3044,39.6,29.92
7248855,3.7184,39.6,29.92
7249577,3.2452,39.6,29.92
7250299,4.9805,39.6,29.91
7251021,3.2677,39.6,29.92
7251743,4.3720,39.6,29.92
7252465,4.9354,39.6,29.91
7253187,3.3128,39.6,29.91
7253909,4.8453,39.6,29.91
7254631,4.8453,39.6,29.91
7255353,4.9579,39.6,29.91
7256075,4.9805,39.6,29.91
7256797,3.3128,39.6,29.90
7257519,3.5156,39.6,29.91
7258241,3.9663,39.6,29.90
7258963,4.1016,39.6,29.90
7259685,4.0114,39.6,29.90
7260407,4.1692,39.6,29.91
7261129,4.3044,39.6,29.90
7261851,4.6650,40.6,29.90
7262573,3.6959,40.6,29.90
7263295,3.9438,40.6,29.90
7264017,3.8987,40.6,29.90
7264739,3.5832,39.6,29.90
7265461,3.8086,39.6,29.90
7266183,4.2819,39.6,29.89
7266905,4.0790,39.6,29.89
7267627,3.5607,39.6,29.90
7268349,5.4087,40.6,29.89
7269071,5.0481,40.6,29.89
7269793,4.1016,40.6,29.89
7270515,4.8903,40.6,29.89
7271237,4.8903,40.6,29.89
7271959,4.3720,40.6,29.89
7272681,4.1466,39.6,29.88
7273403,4.9805,40.6,29.88
7274125,3.1325,40.6,29.88
7274847,3.0874,40.6,29.88
7275569,4.1917,40.6,29.88
7276291,4.2142,40.6,29.89
7277013,3.3128,40.6,29.88
7277735,5.0030,40.6,29.88
7278457,3.4931,40.6,29.88
7279179,4.1466,40.6,29.88
7279901,4.5072,40.6,29.88
7280623,3.8537,40.6,29.88
7281345,4.6650,40.6,29.88
7282067,3.3128,40.6,29.88
7282789,4.4171,40.6,29.87
7283511,3.3128,40.6,29.87
7284233,3.3128,40.6,29.88
7284955,4.3495,40.6,29.87
7285677,4.7326,40.6,29.87
7286399,3.7861,40.6,29.87
7287121,3.7184,39.6,29.87
7287843,-8.2482,40.6,29.87
7288565,4.4171,39.6,29.86
7289287,3.6734,39.6,29.86
7290009,4.8227,39.6,29.86
7290731,4.5297,39.6,29.86
7291453,3.5156,39.6,29.86
7292175,3.5832,39.6,29.87
7292897,3.3579,40.6,29.86
7293619,3.2677,40.6,29.86
7294341,3.7861,40.6,29.86
7295063,4.6650,40.6,29.86
# [n=10100] mean=3.5499 m  sigma=1.5653 m  die=40.6 C  CalVal=16
7295785,3.8311,40.6,29.86
7296507,4.2819,39.6,29.86
7297229,4.8227,40.6,29.86
7297951,3.5832,40.6,29.85
7298673,4.9805,40.6,29.86
7299395,3.7861,39.6,29.85
7300117,4.1692,39.6,29.85
7300839,4.1692,39.6,29.85
7301561,3.9663,39.6,29.85
7302283,4.8903,39.6,29.86
7303005,4.0565,40.6,29.85
7303727,3.4480,40.6,29.85
7304449,4.8002,40.6,29.85
7305171,4.8903,40.6,29.85
7305893,4.3945,40.6,29.85
7306615,4.2368,40.6,29.85
7307337,4.4621,39.6,29.85
7308059,5.3410,40.6,29.85
7308781,4.7776,40.6,29.85
7309503,3.4029,40.6,29.85
7310225,4.6650,40.6,29.84
7310947,3.4480,40.6,29.84
7311669,4.3269,39.6,29.84
7312391,4.1692,40.6,29.84
7313113,3.7861,40.6,29.84
7313835,4.8903,40.6,29.84
7314557,3.2903,40.6,29.84
7315279,4.1692,39.6,29.84
7316001,3.9663,40.6,29.84
7316723,4.4621,40.6,29.84
7317445,4.4621,40.6,29.83
7318167,4.2593,39.6,29.83
7318889,3.6959,40.6,29.83
7319611,4.1917,40.6,29.83
7320333,3.8987,40.6,29.83
7321055,3.8086,40.6,29.83
7321777,4.2142,40.6,29.83
7322499,3.5832,40.6,29.83
7323221,4.2368,40.6,29.83
7323943,4.4621,39.6,29.83
7324665,4.2142,40.6,29.83
7325387,4.6424,40.6,29.83
7326109,4.0565,40.6,29.82
7326831,3.9438,39.6,29.82
7327553,3.8762,40.6,29.83
7328275,3.9889,40.6,29.82
7328997,4.5523,39.6,29.82
7329719,5.0706,39.6,29.81
7330441,5.0706,39.6,29.82
7331163,4.1917,39.6,29.83
7331885,4.2142,40.6,29.82
7332607,4.1466,39.6,29.81
7333329,4.6875,39.6,29.82
7334051,4.6875,40.6,29.81
7334773,5.2284,40.6,29.81
7335495,4.7551,39.6,29.81
7336217,3.5382,39.6,29.81
7336939,5.1382,39.6,29.81
7337661,4.9354,39.6,29.81
7338383,4.0340,39.6,29.81
7339105,4.4847,39.6,29.81
7339827,4.2593,40.6,29.81
7340549,5.0931,40.6,29.81
7341271,3.8311,40.6,29.81
7341993,5.1382,40.6,29.81
7342715,3.1550,39.6,29.81
7343437,4.4171,40.6,29.81
7344159,3.8537,39.6,29.80
7344881,3.9889,39.6,29.81
7345603,4.9579,39.6,29.80
7346325,3.5382,40.6,29.80
7347047,3.5382,40.6,29.80
7347769,3.7635,40.6,29.80
7348491,3.2001,40.6,29.80
7349213,3.4480,40.6,29.80
7349935,4.1466,39.6,29.80
7350657,3.5382,39.6,29.80
7351379,4.8227,39.6,29.80
7352101,4.9579,39.6,29.79
7352823,5.2509,40.6,29.80
7353545,4.2593,40.6,29.80
7354267,3.6283,40.6,29.79
7354989,3.8762,39.6,29.80
7355711,4.7551,39.6,29.80
7356433,4.3495,39.6,29.79
7357155,3.8762,39.6,29.79
7357877,4.0114,39.6,29.79
7358599,4.4171,39.6,29.80
7359321,3.1100,40.6,29.80
7360043,4.2593,39.6,29.80
7360765,5.0030,40.6,29.80
7361487,3.5156,40.6,29.79
7362209,4.3720,39.6,29.79
7362931,4.5748,40.6,29.79
7363653,4.5748,39.6,29.79
7364375,4.7551,39.6,29.79
7365097,3.9663,39.6,29.79
7365819,3.7635,39.6,29.79
7366541,4.1692,39.6,29.79
7367263,4.3720,40.6,29.79
# [n=10200] mean=3.5567 m  sigma=1.5600 m  die=40.6 C  CalVal=16
7367985,4.1466,40.6,29.79
7368707,4.1016,40.6,29.79
7369429,3.9663,40.6,29.79
7370151,4.5297,40.6,29.79
7370873,4.9579,40.6,29.78
7371595,5.0030,40.6,29.78
7372317,3.6058,39.6,29.78
7373039,3.9663,40.6,29.78
7373761,4.2593,39.6,29.78
7374483,4.8678,39.6,29.78
7375205,4.3720,39.6,29.78
7375927,3.5156,38.6,29.78
7376649,4.0340,39.6,29.78
7377371,4.8227,39.6,29.78
7378093,3.9438,38.6,29.78
7378815,4.1466,39.6,29.77
7379537,4.1016,39.6,29.77
7380259,4.1016,40.6,29.77
7380981,4.4171,39.6,29.78
7381703,4.7100,39.6,29.77
7382425,4.1917,39.6,29.77
7383147,4.3269,39.6,29.77
7383869,4.2819,39.6,29.77
7384591,3.3353,39.6,29.77
7385313,4.6875,40.6,29.77
7386035,4.9354,40.6,29.77
7386757,4.9579,40.6,29.77
7387479,4.6424,39.6,29.77
7388201,4.7776,40.6,29.77
7388923,3.8311,39.6,29.76
7389645,4.5748,39.6,29.76
7390367,3.9438,39.6,29.77
7391089,4.4621,39.6,29.77
7391811,4.4171,39.6,29.76
7392533,5.0030,39.6,29.77
7393255,5.0030,39.6,29.76
7393977,4.8903,39.6,29.76
7394699,4.3044,39.6,29.76
7395421,3.1100,39.6,29.77
7396143,3.4029,39.6,29.76
7396865,3.4029,39.6,29.76
7397587,4.7551,39.6,29.76
7398309,3.4029,39.6,29.76
7399031,3.5832,40.6,29.76
7399753,3.5156,39.6,29.76
7400475,5.4988,39.6,29.76
7401197,3.6959,39.6,29.75
7401919,3.8537,39.6,29.76
7402641,4.3269,40.6,29.76
7403363,3.7861,40.6,29.76
7404085,4.1241,39.6,29.76
7404807,4.9354,40.6,29.75
7405529,3.4029,39.6,29.75
7406251,4.3044,39.6,29.75
7406973,4.3945,40.6,29.75
7407695,5.3636,40.6,29.75
7408417,3.7184,40.6,29.75
7409139,5.0931,40.6,29.75
7409861,5.0931,39.6,29.75
7410583,4.3269,40.6,29.75
7411305,4.0790,40.6,29.75
7412027,3.1325,40.6,29.75
7412749,4.4171,39.6,29.75
7413471,4.0340,40.6,29.75
7414193,4.7326,40.6,29.75
7414915,5.0481,39.6,29.75
7415637,4.5748,39.6,29.75
7416359,3.8987,39.6,29.75
7417081,3.6734,39.6,29.75
7417803,3.4706,39.6,29.74
7418525,4.5072,39.6,29.74
7419247,4.3495,39.6,29.74
7419969,4.3720,39.6,29.74
7420691,4.1692,40.6,29.74
7421413,4.4847,39.6,29.74
7422135,3.8987,39.6,29.74
7422857,4.3720,39.6,29.74
7423579,3.3353,39.6,29.74
7424301,4.7100,39.6,29.74
7425023,4.1016,39.6,29.74
7425745,4.7776,39.6,29.74
7426467,4.7776,39.6,29.74
7427189,3.3804,39.6,29.74
7427911,5.1833,39.6,29.74
7428633,4.1241,39.6,29.73
7429355,3.8537,39.6,29.74
7430077,4.8227,39.6,29.74
7430799,3.8537,39.6,29.73
7431521,3.9438,39.6,29.74
7432243,3.1100,39.6,29.74
7432965,4.0340,39.6,29.74
7433687,4.0114,39.6,29.73
7434409,4.1692,40.6,29.73
7435131,3.6058,40.6,29.74
7435853,4.3720,40.6,29.74
7436575,5.0255,40.6,29.73
7437297,4.8453,40.6,29.74
7438019,4.3495,40.6,29.73
7438741,4.5297,40.6,29.73
7439463,3.9663,40.6,29.72
# [n=10300] mean=3.5634 m  sigma=1.5548 m  die=40.6 C  CalVal=16
7440185,4.2819,40.6,29.73
7440907,5.2284,40.6,29.72
7441629,4.7100,40.6,29.73
7442351,5.2734,40.6,29.72
7443073,5.2734,40.6,29.72
7443795,4.6199,40.6,29.72
7444517,3.6058,40.6,29.72
7445239,4.7100,40.6,29.72
7445961,4.8453,40.6,29.72
7446683,3.7861,40.6,29.72
7447405,5.0481,39.6,29.72
7448127,4.2142,39.6,29.72
7448849,4.2368,39.6,29.72
7449571,4.9354,40.6,29.72
7450293,4.9129,40.6,29.71
7451015,3.6058,40.6,29.71
7451737,5.1608,40.6,29.71
7452459,4.2593,39.6,29.71
7453181,5.5664,39.6,29.71
7453903,4.1917,39.6,29.71
7454625,4.5748,40.6,29.71
7455347,4.1466,39.6,29.71
7456069,4.1466,39.6,29.71
7456791,3.8311,40.6,29.71
7457513,4.5974,39.6,29.71
7458235,4.3269,40.6,29.71
7458957,3.5607,39.6,29.71
7459679,3.4255,40.6,29.70
7460401,4.0565,40.6,29.71
7461123,4.0114,39.6,29.71
7461845,3.3353,39.6,29.71
7462567,4.8227,39.6,29.71
7463289,4.4171,39.6,29.71
7464011,4.1016,39.6,29.71
7464733,3.2001,39.6,29.71
7465455,4.3720,40.6,29.71
7466177,3.7861,40.6,29.71
7466899,3.1325,40.6,29.70
7467621,4.5523,40.6,29.70
7468343,4.0565,40.6,29.70
7469065,4.7100,40.6,29.70
7469787,4.2142,40.6,29.70
7470509,3.9213,40.6,29.70
7471231,4.0565,40.6,29.70
7471953,4.3945,40.6,29.70
7472675,4.3945,40.6,29.70
7473397,4.4847,39.6,29.70
7474119,4.2368,39.6,29.70
7474841,4.3945,39.6,29.69
7475563,4.3269,40.6,29.69
7476285,4.3269,39.6,29.70
7477007,4.2368,40.6,29.69
7477729,4.2819,40.6,29.69
7478451,3.3579,39.6,29.69
7479173,4.2593,40.6,29.69
7479895,4.9805,40.6,29.69
7480617,4.3044,39.6,29.69
7481339,3.5832,40.6,29.69
7482061,4.5523,39.6,29.69
7482783,5.1382,40.6,29.69
7483505,4.7551,40.6,29.68
7484227,3.9889,40.6,29.69
7484949,4.5974,40.6,29.69
7485671,5.4537,40.6,29.68
7486393,4.8453,40.6,29.69
7487115,5.3861,40.6,29.68
7487837,4.6875,40.6,29.68
7488559,4.2593,40.6,29.68
7489281,4.2593,40.6,29.68
7490003,3.8086,40.6,29.68
7490725,4.1917,40.6,29.68
7491447,5.2284,40.6,29.68
7492169,3.7861,40.6,29.68
7492891,4.7551,39.6,29.68
7493613,3.6283,39.6,29.68
7494335,4.5297,39.6,29.68
7495057,5.4763,40.6,29.68
7495779,4.5297,40.6,29.68
7496501,3.7635,40.6,29.68
7497223,5.2058,40.6,29.68
7497945,3.4480,39.6,29.68
7498667,3.8987,40.6,29.68
7499389,3.7184,39.6,29.67
7500111,5.2960,39.6,29.68
7500833,4.0114,39.6,29.67
7501555,4.4171,39.6,29.68
7502277,4.4171,39.6,29.68
7502999,5.0030,39.6,29.67
7503721,4.7326,39.6,29.67
7504443,3.6058,39.6,29.68
7505165,4.4847,39.6,29.67
7505887,4.4847,40.6,29.68
7506609,5.5889,40.6,29.67
7507331,3.5382,40.6,29.67
7508053,4.0114,39.6,29.67
7508775,5.0255,40.6,29.67
7509497,4.7776,39.6,29.67
7510219,4.5974,39.6,29.67
7510941,4.2368,40.6,29.67
7511663,4.1466,40.6,29.67
# [n=10400] mean=3.5713 m  sigma=1.5504 m  die=40.6 C  CalVal=16
7512385,5.0030,39.6,29.67
7513107,5.0481,39.6,29.67
7513829,4.5523,38.6,29.67
7514551,5.0706,39.6,29.67
7515273,3.7410,39.6,29.66
7515995,4.1016,39.6,29.67
7516717,4.7776,40.6,29.67
7517439,3.5156,40.6,29.67
7518161,3.0424,39.6,29.67
7518883,3.0424,39.6,29.66
7519605,4.8903,38.6,29.66
7520327,4.2142,39.6,29.66
7521049,5.6791,38.6,29.66
7521771,4.5072,38.6,29.66
7522493,4.1917,39.6,29.65
7523215,3.2001,39.6,29.66
7523937,3.4480,39.6,29.66
7524659,3.8537,39.6,29.66
7525381,4.0790,39.6,29.66
7526103,4.3269,38.6,29.65
7526825,4.6199,38.6,29.66
7527547,3.2227,38.6,29.66
7528269,4.5072,39.6,29.66
7528991,3.4931,39.6,29.65
7529713,4.5072,39.6,29.65
7530435,5.0030,39.6,29.65
7531157,4.1016,39.6,29.65
7531879,4.2142,39.6,29.66
7532601,4.0114,39.6,29.66
7533323,5.0030,39.6,29.66
7534045,4.2142,39.6,29.65
7534767,4.4396,39.6,29.65
7535489,4.4396,39.6,29.65
7536211,4.4847,39.6,29.65
7536933,5.0030,40.6,29.65
7537655,4.2819,39.6,29.65
7538377,4.9805,39.6,29.64
7539099,3.9889,39.6,29.64
7539821,4.3044,38.6,29.64
7540543,3.6734,39.6,29.64
7541265,4.7551,39.6,29.64
7541987,4.1692,39.6,29.64
7542709,4.5974,38.6,29.65
7543431,4.0114,38.6,29.64
7544153,3.5832,38.6,29.64
7544875,5.4537,39.6,29.64
7545597,3.8762,39.6,29.63
7546319,4.9579,39.6,29.64
7547041,4.9579,39.6,29.64
7547763,4.1016,39.6,29.64
7548485,4.6424,39.6,29.64
7549207,4.2819,40.6,29.64
7549929,5.3410,40.6,29.64
7550651,4.9805,40.6,29.64
7551373,4.7100,39.6,29.64
7552095,4.7100,39.6,29.64
7552817,5.5213,39.6,29.63
7553539,4.8002,39.6,29.63
7554261,4.7326,39.6,29.63
7554983,4.3945,39.6,29.63
7555705,4.9805,39.6,29.64
7556427,4.1016,40.6,29.63
7557149,4.3945,39.6,29.64
7557871,4.4847,39.6,29.64
7558593,4.4396,40.6,29.64
7559315,3.6959,39.6,29.63
7560037,4.2142,39.6,29.63
7560759,4.6875,40.6,29.63
7561481,4.4847,39.6,29.64
7562203,5.3636,39.6,29.64
7562925,4.3044,39.6,29.63
7563647,4.3495,39.6,29.63
7564369,3.4706,39.6,29.63
7565091,3.4706,39.6,29.63
7565813,4.1016,39.6,29.63
7566535,2.9748,40.6,29.63
7567257,4.3945,39.6,29.63
7567979,4.5523,40.6,29.63
7568701,0.9465,39.6,29.63
7569423,4.0565,40.6,29.63
7570145,5.0706,40.6,29.63
7570867,3.2903,39.6,29.62
7571589,4.1241,39.6,29.62
7572311,4.0565,39.6,29.62
7573033,3.6283,39.6,29.62
7573755,4.0340,39.6,29.62
7574477,5.0255,39.6,29.61
7575199,5.0481,38.6,29.61
7575921,4.2819,39.6,29.61
7576643,4.4621,39.6,29.62
7577365,4.3044,39.6,29.62
7578087,4.6199,39.6,29.62
7578809,5.3636,39.6,29.62
7579531,3.5156,39.6,29.62
7580253,4.1466,39.6,29.61
7580975,3.6508,39.6,29.62
7581697,3.6508,39.6,29.61
7582419,4.5072,39.6,29.61
7583141,4.4171,39.6,29.62
7583863,4.2819,39.6,29.61
# [n=10500] mean=3.5782 m  sigma=1.5460 m  die=39.6 C  CalVal=16
7584585,3.3579,39.6,29.61
7585307,4.4396,39.6,29.61
7586029,4.5974,39.6,29.61
7586751,4.4396,40.6,29.61
7587473,5.0255,39.6,29.61
7588195,3.9663,39.6,29.61
7588917,4.6650,39.6,29.61
7589639,4.7551,40.6,29.61
7590361,4.3945,40.6,29.61
7591083,5.4312,40.6,29.61
7591805,4.4396,40.6,29.61
7592527,3.9438,39.6,29.61
7593249,4.6424,39.6,29.60
7593971,3.8762,39.6,29.61
7594693,4.4396,39.6,29.61
7595415,5.0030,40.6,29.61
7596137,3.6283,39.6,29.61
7596859,3.7635,39.6,29.61
7597581,4.4171,39.6,29.61
7598303,4.4171,39.6,29.61
7599025,4.5974,39.6,29.60
7599747,4.5974,39.6,29.60
7600469,4.2593,39.6,29.60
7601191,3.8537,39.6,29.60
7601913,4.2593,40.6,29.60
7602635,3.8762,39.6,29.60
7603357,4.3495,39.6,29.60
7604079,4.8453,40.6,29.60
7604801,4.7551,40.6,29.60
7605523,4.5072,39.6,29.60
7606245,4.3720,39.6,29.60
7606967,4.9805,38.6,29.60
7607689,4.0340,39.6,29.59
7608411,4.8002,39.6,29.59
7609133,4.4847,39.6,29.59
7609855,4.7551,39.6,29.59
7610577,3.5607,39.6,29.59
7611299,3.5607,39.6,29.59
7612021,4.7326,39.6,29.59
7612743,2.9973,39.6,29.59
7613465,4.4171,40.6,29.59
7614187,3.8537,39.6,29.59
7614909,3.8537,39.6,29.59
7615631,3.8987,40.6,29.59
7616353,4.1692,39.6,29.59
7617075,4.3044,38.6,29.59
7617797,3.6283,39.6,29.59
7618519,2.5916,39.6,29.59
7619241,4.0565,39.6,29.59
7619963,5.2509,40.6,29.59
7620685,3.4255,40.6,29.59
7621407,4.9579,40.6,29.58
7622129,4.4621,40.6,29.58
7622851,4.0790,40.6,29.59
7623573,3.1776,40.6,29.58
7624295,3.4931,40.6,29.59
7625017,3.2677,39.6,29.58
7625739,3.7635,39.6,29.59
7626461,4.5523,39.6,29.59
7627183,4.3495,40.6,29.58
7627905,4.3495,39.6,29.58
7628627,4.3269,39.6,29.59
7629349,5.0706,39.6,29.59
7630071,3.9889,40.6,29.59
7630793,4.3044,39.6,29.59
7631515,4.5748,39.6,29.58
7632237,4.0340,39.6,29.58
7632959,3.5607,40.6,29.58
7633681,4.3269,40.6,29.58
7634403,3.2001,40.6,29.58
7635125,3.5382,40.6,29.58
7635847,4.3495,40.6,29.58
7636569,4.3269,40.6,29.59
7637291,3.9438,39.6,29.58
7638013,3.8987,39.6,29.58
7638735,4.4396,40.6,29.58
7639457,4.2593,39.6,29.57
7640179,3.8537,39.6,29.58
7640901,3.8086,38.6,29.58
7641623,3.2677,38.6,29.58
7642345,3.2452,38.6,29.58
7643067,3.3353,38.6,29.58
7643789,3.1325,39.6,29.58
7644511,3.1325,40.6,29.58
7645233,4.5523,39.6,29.57
7645955,3.6734,39.6,29.57
7646677,3.9438,39.6,29.58
7647399,3.9663,39.6,29.57
7648121,4.1692,39.6,29.57
7648843,3.7635,39.6,29.57
7649565,3.9438,38.6,29.57
7650287,4.1016,38.6,29.57
7651009,4.7100,38.6,29.57
7651731,2.9072,38.6,29.57
7652453,4.8903,38.6,29.57
7653175,4.6650,38.6,29.57
7653897,3.6058,38.6,29.57
7654619,4.8453,39.6,29.57
7655341,4.8002,39.6,29.57
7656063,4.8678,39.6,29.57
# [n=10600] mean=3.5836 m  sigma=1.5407 m  die=39.6 C  CalVal=16
7656785,3.5382,39.6,29.57
7657507,5.1833,39.6,29.57
7658229,4.6199,39.6,29.56
7658951,5.2509,39.6,29.56
7659673,4.7100,38.6,29.57
7660395,4.5523,39.6,29.57
7661117,4.5523,39.6,29.57
7661839,4.3945,39.6,29.57
7662561,5.4988,38.6,29.57
7663283,4.5297,38.6,29.57
7664005,4.4621,39.6,29.57
7664727,3.5607,38.6,29.57
7665449,4.0114,39.6,29.57
7666171,4.4171,39.6,29.57
7666893,4.3269,39.6,29.57
7667615,5.0481,39.6,29.57
7668337,4.2368,39.6,29.56
7669059,3.5832,39.6,29.57
7669781,4.4171,39.6,29.56
7670503,3.7861,39.6,29.56
7671225,5.3861,39.6,29.57
7671947,4.1917,39.6,29.56
7672669,3.7410,39.6,29.57
7673391,2.8395,39.6,29.56
7674113,2.8395,39.6,29.56
7674835,4.9579,39.6,29.57
7675557,4.5974,39.6,29.56
7676279,3.9438,39.6,29.56
7677001,2.9748,39.6,29.56
7677723,-20.7332,39.6,29.56
7678445,4.0340,39.6,29.56
7679167,4.0565,40.6,29.56
7679889,2.1860,39.6,29.56
7680611,3.6959,39.6,29.57
7681333,3.1776,39.6,29.56
7682055,3.7184,39.6,29.56
7682777,2.8395,39.6,29.56
7683499,4.5974,39.6,29.56
7684221,3.1776,39.6,29.56
7684943,3.5156,39.6,29.56
7685665,4.9354,39.6,29.56
7686387,3.9889,39.6,29.56
7687109,3.9663,39.6,29.56
7687831,4.0340,39.6,29.56
7688553,3.1325,39.6,29.56
7689275,4.3720,40.6,29.55
7689997,5.6115,39.6,29.56
7690719,5.6115,39.6,29.55
7691441,3.5156,38.6,29.55
7692163,4.0565,38.6,29.55
7692885,4.1917,38.6,29.55
7693607,4.5974,39.6,29.55
7694329,4.0790,39.6,29.55
7695051,4.3720,39.6,29.55
7695773,3.2227,39.6,29.55
7696495,3.9438,39.6,29.55
7697217,4.4171,39.6,29.55
7697939,4.7776,39.6,29.55
7698661,4.2142,39.6,29.55
7699383,3.8537,39.6,29.55
7700105,4.4171,39.6,29.55
7700827,3.2903,39.6,29.55
7701549,2.7269,39.6,29.55
7702271,3.4706,39.6,29.54
7702993,3.9663,39.6,29.54
7703715,3.1100,39.6,29.55
7704437,4.0340,39.6,29.55
7705159,2.8846,39.6,29.55
7705881,3.4706,39.6,29.54
7706603,4.5748,39.6,29.55
7707325,4.5748,39.6,29.55
7708047,3.4029,39.6,29.54
7708769,3.5156,39.6,29.55
7709491,3.3128,39.6,29.55
7710213,5.3861,39.6,29.55
7710935,4.0114,39.6,29.54
7711657,4.2819,39.6,29.55
7712379,3.4255,39.6,29.54
7713101,2.5916,39.6,29.54
7713823,4.0565,39.6,29.54
7714545,1.9832,39.6,29.54
7715267,4.2593,39.6,29.54
7715989,3.7635,39.6,29.54
7716711,3.5832,38.6,29.54
7717433,2.5916,39.6,29.54
7718155,3.6058,39.6,29.54
7718877,2.5691,39.6,29.54
7719599,3.9889,40.6,29.53
7720321,3.9889,39.6,29.54
7721043,3.7410,39.6,29.53
7721765,4.0790,39.6,29.54
7722487,3.3579,39.6,29.53
7723209,4.6650,39.6,29.53
7723931,4.6650,38.6,29.54
7724653,3.8987,39.6,29.53
7725375,2.2987,39.6,29.53
7726097,4.8227,39.6,29.53
7726819,3.2677,39.6,29.53
7727541,4.0565,38.6,29.54
7728263,3.2452,39.6,29.54
# [n=10700] mean=3.5847 m  sigma=1.5535 m  die=39.6 C  CalVal=16
7728985,4.0565,38.6,29.53
7729707,5.1157,39.6,29.53
7730429,3.9889,39.6,29.53
7731151,5.0481,39.6,29.53
7731873,2.0508,39.6,29.53
7732595,3.8987,39.6,29.53
7733317,3.8537,39.6,29.53
7734039,2.2987,40.6,29.53
7734761,3.8311,40.6,29.53
7735483,3.0198,40.6,29.53
7736205,3.5382,40.6,29.53
7736927,3.5382,40.6,29.53
7737649,3.4706,40.6,29.53
7738371,4.2368,39.6,29.53
7739093,3.6959,39.6,29.53
7739815,3.2903,39.6,29.52
7740537,3.6058,38.6,29.53
7741259,3.0874,39.6,29.53
7741981,4.0114,39.6,29.52
7742703,2.7494,39.6,29.52
7743425,3.4931,40.6,29.52
7744147,3.6058,39.6,29.52
7744869,3.4255,39.6,29.52
7745591,4.4396,39.6,29.52
7746313,3.9889,39.6,29.52
7747035,4.9129,39.6,29.52
7747757,3.6959,39.6,29.52
7748479,3.1325,39.6,29.52
7749201,4.3720,39.6,29.52
7749923,4.1016,40.6,29.52
7750645,3.4480,38.6,29.52
7751367,3.3804,39.6,29.52
7752089,2.2311,39.6,29.52
7752811,4.3269,39.6,29.52
7753533,4.3269,39.6,29.52
7754255,4.4621,38.6,29.52
7754977,3.1100,39.6,29.52
7755699,3.8537,39.6,29.52
7756421,2.5691,39.6,29.52
7757143,3.6508,39.6,29.52
7757865,2.4114,39.6,29.52
7758587,3.7861,39.6,29.52
7759309,3.3804,39.6,29.51
7760031,4.6424,39.6,29.51
7760753,3.5832,39.6,29.51
7761475,2.7043,39.6,29.51
7762197,2.0733,39.6,29.51
7762919,2.5916,39.6,29.51
7763641,3.8311,40.6,29.51
7764363,4.9354,40.6,29.52
7765085,2.6593,40.6,29.51
7765807,3.5607,39.6,29.51
7766529,3.0874,39.6,29.51
7767251,2.7945,38.6,29.51
7767973,2.7719,39.6,29.51
7768695,2.9748,39.6,29.51
7769417,4.5523,39.6,29.51
7770139,4.5523,39.6,29.51
7770861,2.9297,39.6,29.51
7771583,3.2227,39.6,29.51
7772305,2.7719,40.6,29.51
7773027,3.2677,39.6,29.51
7773749,2.6593,39.6,29.51
7774471,2.7494,40.6,29.50
7775193,2.6367,40.6,29.50
7775915,3.8086,39.6,29.50
7776637,3.0424,38.6,29.50
7777359,4.9354,39.6,29.50
7778081,2.4564,39.6,29.50
7778803,3.8987,39.6,29.50
7779525,2.6367,39.6,29.50
7780247,2.7043,39.6,29.50
7780969,3.8311,39.6,29.50
7781691,2.8170,39.6,29.50
7782413,3.5607,39.6,29.50
7783135,3.5607,39.6,29.50
7783857,1.5550,39.6,29.50
7784579,4.0114,39.6,29.50
7785301,3.3128,39.6,29.50
7786023,2.7043,39.6,29.50
7786745,-2.7945,39.6,29.50
7787467,3.1100,39.6,29.50
7788189,3.9663,39.6,29.50
7788911,2.9522,39.6,29.50
7789633,2.1409,39.6,29.50
7790355,2.5015,40.6,29.50
7791077,3.2452,40.6,29.49
7791799,2.1635,40.6,29.49
7792521,1.4423,40.6,29.49
7793243,3.1100,40.6,29.49
7793965,2.3437,40.6,29.49
7794687,3.7410,39.6,29.49
7795409,2.8395,39.6,29.49
7796131,1.7127,38.6,29.49
7796853,3.7861,39.6,29.49
7797575,3.0874,38.6,29.49
7798297,2.4114,38.6,29.49
7799019,1.7127,39.6,29.49
7799741,1.7127,39.6,29.49
7800463,2.4790,39.6,29.49
# [n=10800] mean=3.5816 m  sigma=1.5497 m  die=39.6 C  CalVal=16
7801185,2.0508,38.6,29.49
7801907,2.7269,39.6,29.49
7802629,2.0508,39.6,29.49
7803351,2.9973,39.6,29.49
7804073,5.6791,38.6,29.49
7804795,2.1409,39.6,29.49
7805517,4.1016,38.6,29.49
7806239,4.1241,39.6,29.49
7806961,3.9213,39.6,29.49
7807683,2.1409,39.6,29.48
7808405,2.5015,38.6,29.49
7809127,2.5015,39.6,29.49
7809849,3.0874,39.6,29.48
7810571,2.2085,39.6,29.49
7811293,1.4874,39.6,29.49
7812015,2.6367,38.6,29.49
7812737,2.9748,39.6,29.49
7813459,2.4564,39.6,29.49
7814181,2.6818,38.6,29.48
7814903,2.5691,39.6,29.48
7815625,3.0424,39.6,29.48
7816347,3.0424,39.6,29.48
7817069,2.1635,39.6,29.49
7817791,3.3128,39.6,29.48
7818513,1.9832,39.6,29.48
7819235,3.3128,39.6,29.48
7819957,3.1100,39.6,29.48
7820679,3.2452,39.6,29.48
7821401,3.0874,39.6,29.48
7822123,3.3804,39.6,29.48
7822845,2.8395,39.6,29.48
7823567,2.5240,40.6,29.48
7824289,2.9297,39.6,29.48
7825011,3.2001,39.6,29.48
7825733,2.5015,38.6,29.48
7826455,2.9748,39.6,29.48
7827177,2.0733,38.6,29.48
7827899,2.4339,39.6,29.48
7828621,2.9522,39.6,29.48
7829343,2.9522,39.6,29.47
7830065,2.6593,39.6,29.48
7830787,3.0874,39.6,29.48
7831509,2.0282,39.6,29.48
7832231,2.5466,39.6,29.48
7832953,2.5466,39.6,29.48
7833675,3.5156,39.6,29.48
7834397,2.8395,38.6,29.48
7835119,2.9297,38.6,29.48
7835841,2.2987,39.6,29.47
7836563,3.1776,39.6,29.48
7837285,3.0198,39.6,29.48
7838007,3.8762,39.6,29.48
7838729,2.9297,39.6,29.48
7839451,4.0340,39.6,29.48
7840173,3.2452,39.6,29.47
7840895,2.3663,39.6,29.47
7841617,1.7578,39.6,29.47
7842339,1.4874,40.6,29.47
7843061,1.7803,39.6,29.47
7843783,3.0198,38.6,29.47
7844505,3.2677,39.6,29.46
7845227,3.6058,39.6,29.47
7845949,3.6058,39.6,29.46
7846671,2.1635,39.6,29.46
7847393,3.0649,38.6,29.46
7848115,1.6226,39.6,29.46
7848837,2.5466,39.6,29.46
7849559,2.5466,39.6,29.46
7850281,3.1776,39.6,29.46
7851003,2.1184,39.6,29.46
7851725,2.9072,39.6,29.46
7852447,2.1860,39.6,29.46
7853169,2.8621,39.6,29.46
7853891,1.3296,39.6,29.46
7854613,2.3663,39.6,29.46
7855335,2.2761,39.6,29.47
7856057,2.7269,39.6,29.46
7856779,2.8395,39.6,29.46
7857501,3.0649,39.6,29.46
7858223,1.4874,39.6,29.46
7858945,2.2536,39.6,29.46
7859667,1.5550,39.6,29.46
7860389,2.5466,39.6,29.46
7861111,1.5550,39.6,29.46
7861833,1.6451,39.6,29.46
7862555,1.6451,39.6,29.46
7863277,2.1635,40.6,29.46
7863999,2.1860,40.6,29.46
7864721,1.7803,39.6,29.46
7865443,2.5466,39.6,29.46
7866165,2.5466,39.6,29.46
7866887,3.0198,39.6,29.46
7867609,3.1325,39.6,29.46
7868331,2.2536,38.6,29.46
7869053,3.4255,39.6,29.45
7869775,2.6367,38.6,29.46
7870497,3.2903,39.6,29.46
7871219,2.8170,38.6,29.46
7871941,1.9381,38.6,29.45
7872663,2.5240,38.6,29.46
# [n=10900] mean=3.5734 m  sigma=1.5464 m  die=38.6 C  CalVal=16
7873385,3.2677,38.6,29.45
7874107,3.3128,39.6,29.45
7874829,3.5607,39.6,29.45
7875551,2.6142,39.6,29.45
7876273,2.3437,39.6,29.45
7876995,2.9522,39.6,29.45
7877717,2.4114,40.6,29.45
7878439,3.0649,40.6,29.45
7879161,3.0649,39.6,29.44
7879883,1.2169,39.6,29.44
7880605,2.1184,39.6,29.44
7881327,2.2311,39.6,29.45
7882049,2.9072,39.6,29.45
7882771,1.5550,39.6,29.45
7883493,3.1550,39.6,29.45
7884215,3.0874,39.6,29.45
7884937,2.1184,39.6,29.45
7885659,3.0874,39.6,29.45
7886381,3.0424,39.6,29.44
7887103,2.2761,39.6,29.45
7887825,3.4480,39.6,29.45
7888547,1.9606,39.6,29.44
7889269,3.0198,40.6,29.45
7889991,2.2761,39.6,29.45
7890713,3.1550,39.6,29.45
7891435,2.6818,39.6,29.44
7892157,2.6818,39.6,29.44
7892879,3.7635,39.6,29.44
7893601,2.2085,39.6,29.44
7894323,2.5466,39.6,29.44
7895045,3.8987,39.6,29.44
7895767,3.8987,39.6,29.43
7896489,1.7578,39.6,29.43
7897211,2.2987,39.6,29.43
7897933,1.9832,38.6,29.44
7898655,3.3128,38.6,29.43
7899377,3.4480,39.6,29.43
7900099,3.3579,39.6,29.43
7900821,3.6283,39.6,29.43
7901543,2.3663,39.6,29.43
7902265,1.8705,40.6,29.43
7902987,1.8480,39.6,29.43
7903709,2.9297,39.6,29.42
7904431,3.0649,39.6,29.42
7905153,1.9156,39.6,29.42
7905875,3.4029,40.6,29.43
7906597,1.6001,40.6,29.42
7907319,2.6818,39.6,29.42
7908041,2.9973,39.6,29.43
7908763,2.9973,39.6,29.43
7909485,1.8930,39.6,29.43
7910207,2.8621,39.6,29.43
7910929,1.9832,38.6,29.42
7911651,2.5691,39.6,29.43
7912373,1.8480,39.6,29.43
7913095,2.2761,38.6,29.43
7913817,3.2001,38.6,29.42
7914539,2.6593,38.6,29.42
7915261,2.5691,38.6,29.42
7915983,2.2987,39.6,29.42
7916705,2.0733,39.6,29.42
7917427,2.5015,39.6,29.42
7918149,2.7043,38.6,29.42
7918871,2.4564,39.6,29.42
7919593,2.2085,39.6,29.42
7920315,2.2761,39.6,29.42
7921037,2.8621,39.6,29.41
7921759,2.4790,38.6,29.41
7922481,3.6058,39.6,29.42
7923203,2.2311,39.6,29.41
7923925,1.8029,39.6,29.41
7924647,1.9606,40.6,29.41
7925369,1.9606,39.6,29.42
7926091,3.2903,39.6,29.41
7926813,2.9072,39.6,29.42
7927535,2.5691,39.6,29.41
7928257,2.2987,39.6,29.42
7928979,1.6226,39.6,29.42
7929701,3.1325,39.6,29.42
7930423,3.4706,39.6,29.41
7931145,2.1184,39.6,29.41
7931867,2.5466,40.6,29.42
7932589,3.3579,40.6,29.41
7933311,2.9072,40.6,29.41
7934033,2.2761,39.6,29.41
7934755,2.2536,38.6,29.41
7935477,3.2903,39.6,29.41
7936199,2.4790,39.6,29.41
7936921,2.1860,38.6,29.41
7937643,1.5550,38.6,29.41
7938365,2.2536,39.6,29.41
7939087,1.5099,39.6,29.40
7939809,3.5832,39.6,29.40
7940531,2.3212,38.6,29.41
7941253,2.0508,38.6,29.41
7941975,2.0508,38.6,29.40
7942697,4.1692,39.6,29.41
7943419,2.3212,39.6,29.41
7944141,3.3804,39.6,29.40
7944863,3.4029,39.6,29.40
# [n=11000] mean=3.5648 m  sigma=1.5431 m  die=39.6 C  CalVal=16
7945585,3.2001,38.6,29.40
7946307,3.3353,39.6,29.40
7947029,3.3579,39.6,29.41
7947751,1.3296,39.6,29.40
7948473,2.1860,40.6,29.40
7949195,2.8395,39.6,29.40
7949917,3.0874,39.6,29.40
7950639,2.2761,39.6,29.40
7951361,2.5015,39.6,29.40
7952083,2.0733,39.6,29.40
7952805,2.7494,39.6,29.40
7953527,2.7945,39.6,29.41
7954249,2.1860,39.6,29.40
7954971,2.1860,39.6,29.41
7955693,1.7578,39.6,29.40
7956415,2.4790,39.6,29.40
7957137,1.6001,39.6,29.40
7957859,2.7945,39.6,29.40
7958581,-0.4282,39.6,29.40
7959303,2.0508,39.6,29.40
7960025,2.5240,39.6,29.40
7960747,2.3437,38.6,29.40
7961469,2.3212,39.6,29.40
7962191,2.5916,39.6,29.40
7962913,2.1635,38.6,29.40
7963635,1.4648,39.6,29.40
7964357,2.4790,39.6,29.40
7965079,2.8395,39.6,29.39
7965801,1.7803,39.6,29.40
7966523,2.2987,39.6,29.40
7967245,2.7719,40.6,29.40
7967967,2.9522,39.6,29.40
7968689,2.2761,40.6,29.40
7969411,3.8537,39.6,29.40
7970133,2.1184,39.6,29.40
7970855,1.1493,39.6,29.40
7971577,1.1493,39.6,29.40
7972299,2.8170,39.6,29.39
7973021,2.2085,39.6,29.40
7973743,2.7719,39.6,29.39
7974465,2.3663,38.6,29.40
7975187,2.3888,39.6,29.40
7975909,2.0057,39.6,29.39
7976631,2.2987,39.6,29.39
7977353,1.9156,39.6,29.39
7978075,2.1635,39.6,29.40
7978797,2.9748,39.6,29.39
7979519,2.3212,39.6,29.39
7980241,3.9213,39.6,29.39
7980963,2.2761,39.6,29.39
7981685,2.9973,39.6,29.39
7982407,2.3663,39.6,29.39
7983129,2.2311,39.6,29.39
7983851,2.5916,39.6,29.39
7984573,1.4423,38.6,29.39
7985295,2.0959,39.6,29.39
7986017,2.0508,39.6,29.39
7986739,2.8846,39.6,29.39
7987461,2.9973,39.6,29.39
7988183,2.9973,39.6,29.39
7988905,1.9832,39.6,29.39
7989627,2.0508,38.6,29.39
7990349,1.6226,38.6,29.39
7991071,3.2903,38.6,29.39
7991793,2.9748,38.6,29.39
7992515,2.7945,39.6,29.39
7993237,2.8395,38.6,29.39
7993959,2.8395,39.6,29.39
7994681,2.7945,39.6,29.38
7995403,2.9973,39.6,29.39
7996125,1.5550,39.6,29.38
7996847,2.3888,39.6,29.39
7997569,2.4339,39.6,29.38
7998291,1.9606,39.6,29.38
7999013,3.0424,39.6,29.38
7999735,2.9522,39.6,29.38
8000457,2.5015,38.6,29.38
8001179,2.5015,39.6,29.39
8001901,2.0282,39.6,29.38
8002623,2.6593,39.6,29.39
8003345,2.1860,39.6,29.39
8004067,2.7043,39.6,29.39
8004789,2.7043,39.6,29.39
8005511,3.0874,39.6,29.38
8006233,2.4114,39.6,29.39
8006955,1.8254,39.6,29.39
8007677,1.9832,39.6,29.38
8008399,3.3128,39.6,29.39
8009121,2.2311,39.6,29.39
8009843,2.6593,39.6,29.38
8010565,1.8254,39.6,29.38
8011287,2.2085,39.6,29.38
8012009,2.1860,39.6,29.39
8012731,2.3212,39.6,29.38
8013453,1.6677,39.6,29.39
8014175,2.7945,39.6,29.39
8014897,1.6902,39.6,29.39
8015619,1.8705,39.6,29.38
8016341,1.9832,39.6,29.38
8017063,2.0282,39.6,29.38
# [n=11100] mean=3.5542 m  sigma=1.5413 m  die=39.6 C  CalVal=16
8017785,2.0282,40.6,29.38
8018507,2.9522,39.6,29.38
8019229,1.8029,39.6,29.38
8019951,1.6677,39.6,29.37
8020673,2.9522,39.6,29.37
8021395,1.9606,39.6,29.37
8022117,2.7269,39.6,29.38
8022839,1.5099,39.6,29.38
8023561,3.2452,39.6,29.38
8024283,1.1268,38.6,29.38
8025005,2.2987,39.6,29.38
8025727,2.9748,39.6,29.37
8026449,2.7719,39.6,29.37
8027171,2.0508,39.6,29.37
8027893,2.2311,39.6,29.37
8028615,2.1409,38.6,29.37
8029337,2.2536,39.6,29.37
8030059,2.5015,39.6,29.37
8030781,3.1776,39.6,29.37
8031503,1.7578,39.6,29.37
8032225,2.1860,39.6,29.38
8032947,1.8254,39.6,29.37
8033669,1.4648,38.6,29.37
8034391,1.4648,39.6,29.37
8035113,1.3071,38.6,29.37
8035835,1.7127,39.6,29.37
8036557,2.0508,39.6,29.37
8037279,2.5916,39.6,29.37
8038001,2.2987,39.6,29.37
8038723,2.2987,39.6,29.37
8039445,3.2452,40.6,29.37
8040167,1.9832,40.6,29.37
8040889,1.5099,39.6,29.37
8041611,2.8170,39.6,29.37
8042333,2.1409,39.6,29.37
8043055,2.7719,39.6,29.37
8043777,2.0057,39.6,29.37
8044499,2.8395,39.6,29.37
8045221,1.3972,39.6,29.37
8045943,2.2085,39.6,29.37
8046665,2.1860,39.6,29.37
8047387,2.3212,39.6,29.37
8048109,2.9748,39.6,29.37
8048831,2.5916,39.6,29.37
8049553,1.6001,38.6,29.37
8050275,1.8480,39.6,29.37
8050997,1.8480,39.6,29.37
8051719,2.4564,39.6,29.37
8052441,1.6451,39.6,29.37
8053163,1.9156,39.6,29.37
8053885,2.0057,39.6,29.37
8054607,2.0733,39.6,29.36
8055329,1.8930,39.6,29.36
8056051,2.9748,38.6,29.37
8056773,1.1944,39.6,29.37
8057495,2.4564,39.6,29.36
8058217,2.8846,39.6,29.36
8058939,1.8930,39.6,29.36
8059661,2.2987,40.6,29.37
8060383,2.3437,40.6,29.36
8061105,3.1776,39.6,29.36
8061827,2.5691,39.6,29.36
8062549,2.5240,39.6,29.36
8063271,2.6593,39.6,29.36
8063993,2.6593,38.6,29.36
8064715,2.2761,39.6,29.36
8065437,1.4423,39.6,29.36
8066159,2.0057,39.6,29.36
8066881,2.2085,38.6,29.36
8067603,1.3296,38.6,29.36
8068325,2.5466,39.6,29.35
8069047,2.6593,39.6,29.36
8069769,1.2620,39.6,29.36
8070491,1.4648,39.6,29.36
8071213,2.7719,39.6,29.36
8071935,2.0733,39.6,29.35
8072657,1.3747,39.6,29.36
8073379,2.2085,39.6,29.36
8074101,2.2311,39.6,29.36
8074823,2.2085,39.6,29.36
8075545,2.3663,39.6,29.36
8076267,1.7353,39.6,29.36
8076989,2.9297,39.6,29.36
8077711,2.6593,39.6,29.35
8078433,1.6902,39.6,29.36
8079155,2.0508,38.6,29.36
8079877,1.4198,38.6,29.36
8080599,1.4198,39.6,29.36
8081321,1.9832,39.6,29.36
8082043,3.2227,39.6,29.36
8082765,2.9522,38.6,29.35
8083487,1.8705,39.6,29.35
8084209,2.6818,38.6,29.36
8084931,2.9522,39.6,29.36
8085653,2.1409,39.6,29.36
8086375,2.8395,39.6,29.35
8087097,1.8480,39.6,29.35
8087819,2.7043,39.6,29.36
8088541,3.0649,40.6,29.35
8089263,2.2761,39.6,29.35
# [n=11200] mean=3.5423 m  sigma=1.5403 m  die=39.6 C  CalVal=16
8089985,1.8480,39.6,29.35
8090707,1.1944,39.6,29.35
8091429,1.1944,39.6,29.35
8092151,2.7043,39.6,29.36
8092873,2.1860,39.6,29.35
8093595,2.8170,39.6,29.35
8094317,2.5916,39.6,29.35
8095039,2.6367,39.6,29.35
8095761,2.9297,39.6,29.35
8096483,2.0508,39.6,29.35
8097205,2.0508,39.6,29.35
8097927,1.4874,40.6,29.35
8098649,2.2311,39.6,29.35
8099371,3.2677,39.6,29.34
8100093,1.0817,39.6,29.35
8100815,2.9522,39.6,29.35
8101537,2.2761,39.6,29.35
8102259,2.0282,39.6,29.35
8102981,2.0057,39.6,29.35
8103703,1.8705,39.6,29.35
8104425,2.6142,39.6,29.35
8105147,2.7494,39.6,29.35
8105869,2.9072,39.6,29.35
8106591,2.6818,39.6,29.35
8107313,2.2085,39.6,29.35
8108035,1.9381,39.6,29.35
8108757,2.9072,39.6,29.35
8109479,2.4339,38.6,29.35
8110201,2.4339,39.6,29.35
8110923,2.2536,39.6,29.35
8111645,2.9973,40.6,29.34
8112367,2.4114,39.6,29.35
8113089,2.4114,39.6,29.35
8113811,2.4114,39.6,29.35
8114533,2.2987,39.6,29.34
8115255,2.8621,39.6,29.34
8115977,2.6367,39.6,29.35
8116699,2.2536,39.6,29.34
8117421,2.0057,39.6,29.34
8118143,2.8395,39.6,29.34
8118865,3.0424,39.6,29.34
8119587,2.3888,39.6,29.34
8120309,1.1268,39.6,29.34
8121031,1.8705,40.6,29.34
8121753,2.4790,39.6,29.34
8122475,2.0733,39.6,29.34
8123197,2.1184,39.6,29.34
8123919,2.4114,39.6,29.34
8124641,2.0508,39.6,29.34
8125363,2.4564,38.6,29.34
8126085,2.1860,38.6,29.34
8126807,2.1860,38.6,29.34
8127529,3.1776,39.6,29.34
8128251,1.9156,39.6,29.34
8128973,2.3663,39.6,29.34
8129695,1.5775,39.6,29.34
8130417,1.0592,39.6,29.34
8131139,2.0959,39.6,29.34
8131861,2.7719,39.6,29.34
8132583,1.7127,39.6,29.34
8133305,1.5550,39.6,29.34
8134027,3.2227,39.6,29.34
8134749,2.2085,39.6,29.34
8135471,1.9832,39.6,29.34
8136193,3.2452,39.6,29.34
8136915,3.4029,39.6,29.34
8137637,2.3663,40.6,29.34
8138359,2.3437,40.6,29.34
8139081,2.5240,40.6,29.33
8139803,3.1325,39.6,29.34
8140525,2.2085,38.6,29.34
8141247,1.8705,38.6,29.33
8141969,1.6451,39.6,29.33
8142691,3.5832,38.6,29.33
8143413,3.5832,38.6,29.33
8144135,3.1776,38.6,29.34
8144857,3.7635,38.6,29.34
8145579,3.3128,39.6,29.33
8146301,2.4790,38.6,29.33
8147023,1.9606,39.6,29.33
8147745,3.1100,39.6,29.34
8148467,1.9832,38.6,29.33
8149189,2.0508,38.6,29.33
8149911,2.2085,39.6,29.33
8150633,2.0733,38.6,29.33
8151355,2.1860,38.6,29.33
8152077,1.9606,38.6,29.33
8152799,3.3579,38.6,29.33
8153521,1.2846,38.6,29.33
8154243,2.7269,38.6,29.33
8154965,1.8705,38.6,29.33
8155687,2.2311,39.6,29.33
8156409,2.2987,39.6,29.33
8157131,2.5916,38.6,29.33
8157853,2.0508,39.6,29.33
8158575,3.0198,39.6,29.32
8159297,2.9973,39.6,29.32
8160019,2.9973,39.6,29.33
8160741,1.5325,39.6,29.33
8161463,3.2452,39.6,29.33
# [n=11300] mean=3.5320 m  sigma=1.5383 m  die=39.6 C  CalVal=16
8162185,1.8480,39.6,29.33
8162907,2.6818,39.6,29.32
8163629,2.7269,39.6,29.32
8164351,2.8395,39.6,29.33
8165073,2.0282,39.6,29.32
8165795,2.2536,40.6,29.32
8166517,2.2536,39.6,29.33
8167239,2.5240,39.6,29.32
8167961,2.6367,39.6,29.32
8168683,2.3437,39.6,29.33
8169405,2.2536,39.6,29.32
8170127,2.1635,39.6,29.32
8170849,2.9297,39.6,29.33
8171571,2.7269,38.6,29.32
8172293,2.9973,38.6,29.32
8173015,2.9973,38.6,29.32
8173737,2.1409,38.6,29.33
8174459,2.4339,38.6,29.33
8175181,1.8705,39.6,29.32
8175903,2.0733,39.6,29.32
8176625,-23.7305,38.6,29.32
8177347,2.8621,38.6,29.32
8178069,2.0282,38.6,29.32
8178791,2.0733,39.6,29.32
8179513,1.9606,39.6,29.32
8180235,2.1184,39.6,29.32
8180957,3.0874,39.6,29.32
8181679,2.6593,39.6,29.32
8182401,2.5015,39.6,29.32
8183123,2.1184,39.6,29.32
8183845,2.8621,40.6,29.32
8184567,2.5240,39.6,29.32
8185289,1.3071,39.6,29.32
8186011,2.8846,39.6,29.32
8186733,2.5916,39.6,29.31
8187455,2.9748,39.6,29.32
8188177,2.7494,39.6,29.32
8188899,2.7945,39.6,29.31
8189621,2.7945,39.6,29.31
8190343,2.2085,40.6,29.31
8191065,3.1550,39.6,29.32
8191787,2.8395,39.6,29.32
8192509,2.6142,39.6,29.32
8193231,1.5099,39.6,29.32
8193953,2.1184,39.6,29.32
8194675,2.8170,39.6,29.32
8195397,1.4874,39.6,29.31
8196119,1.8029,38.6,29.32
8196841,3.2677,39.6,29.32
8197563,2.4339,38.6,29.32
8198285,2.1184,39.6,29.31
8199007,3.1100,38.6,29.32
8199729,2.2987,39.6,29.32
8200451,3.2452,38.6,29.31
8201173,3.4480,39.6,29.31
8201895,1.1043,38.6,29.32
8202617,3.0874,39.6,29.31
8203339,2.2761,39.6,29.31
8204061,3.4931,39.6,29.31
8204783,3.1776,39.6,29.31
8205505,2.3212,39.6,29.31
8206227,2.3212,39.6,29.31
8206949,2.4114,39.6,29.32
8207671,2.5240,39.6,29.31
8208393,1.4423,39.6,29.31
8209115,1.4198,38.6,29.31
8209837,2.5916,39.6,29.31
8210559,1.8705,39.6,29.31
8211281,2.8846,39.6,29.31
8212003,2.8395,39.6,29.30
8212725,2.1860,39.6,29.31
8213447,1.4423,39.6,29.30
8214169,3.4029,39.6,29.31
8214891,1.6451,38.6,29.30
8215613,2.1184,38.6,29.30
8216335,2.0959,39.6,29.30
8217057,3.3353,39.6,29.30
8217779,3.0649,39.6,29.30
8218501,1.9832,39.6,29.30
8219223,1.9832,39.6,29.30
8219945,2.1635,39.6,29.31
8220667,2.9522,39.6,29.30
8221389,2.3663,39.6,29.30
8222111,1.7353,39.6,29.30
8222833,1.7353,39.6,29.30
8223555,2.1184,39.6,29.30
8224277,2.1860,39.6,29.30
8224999,2.3663,38.6,29.30
8225721,2.8846,39.6,29.30
8226443,2.6593,39.6,29.30
8227165,2.6593,39.6,29.30
8227887,3.5607,39.6,29.30
8228609,2.8846,39.6,29.31
8229331,3.2452,39.6,29.30
8230053,2.2311,39.6,29.30
8230775,2.2987,38.6,29.30
8231497,3.0424,38.6,29.30
8232219,2.0057,39.6,29.31
8232941,2.2761,38.6,29.30
8233663,2.5691,39.6,29.30
# [n=11400] mean=3.5202 m  sigma=1.5567 m  die=39.6 C  CalVal=16
8234385,1.5099,39.6,29.30
8235107,1.3972,39.6,29.30
8235829,1.3972,39.6,29.30
8236551,2.0282,39.6,29.30
8237273,3.0649,38.6,29.30
8237995,2.8170,38.6,29.29
8238717,2.6593,38.6,29.30
8239439,1.1944,38.6,29.30
8240161,3.0198,39.6,29.30
8240883,2.8395,38.6,29.30
8241605,2.1635,38.6,29.29
8242327,1.9156,39.6,29.30
8243049,1.2395,39.6,29.30
8243771,1.2395,39.6,29.30
8244493,2.1184,39.6,29.30
8245215,2.0282,39.6,29.29
8245937,3.4480,39.6,29.30
8246659,3.2452,39.6,29.29
8247381,3.0198,39.6,29.29
8248103,3.1100,39.6,29.29
8248825,1.9381,39.6,29.29
8249547,1.9832,39.6,29.29
8250269,2.2311,39.6,29.29
8250991,3.5832,39.6,29.29
8251713,2.7945,39.6,29.28
8252435,2.7945,39.6,29.28
8253157,1.9832,39.6,29.29
8253879,2.8621,38.6,29.29
8254601,2.2311,38.6,29.29
8255323,1.9156,39.6,29.29
8256045,2.8170,39.6,29.29
8256767,1.9832,39.6,29.29
8257489,2.0057,39.6,29.29
8258211,1.7578,38.6,29.28
8258933,2.3663,39.6,29.29
8259655,2.9072,38.6,29.28
8260377,1.8029,38.6,29.28
8261099,2.9297,38.6,29.29
8261821,2.1860,39.6,29.29
8262543,2.6142,39.6,29.28
8263265,1.7127,39.6,29.29
8263987,1.5775,39.6,29.28
8264709,2.9748,39.6,29.29
8265431,2.6818,39.6,29.29
8266153,2.4790,38.6,29.28
8266875,3.3128,38.6,29.28
8267597,2.5015,39.6,29.28
8268319,2.9748,39.6,29.29
8269041,2.9748,39.6,29.28
8269763,1.9156,39.6,29.28
8270485,2.3888,39.6,29.29
8271207,1.3747,39.6,29.28
8271929,2.1860,39.6,29.29
8272651,2.0282,39.6,29.29
8273373,2.5240,39.6,29.28
8274095,1.7353,39.6,29.29
8274817,3.3128,39.6,29.29
8275539,2.8846,39.6,29.29
8276261,2.6142,39.6,29.28
8276983,3.1100,38.6,29.28
8277705,1.3296,38.6,29.28
8278427,2.2311,38.6,29.28
8279149,2.8621,38.6,29.29
8279871,2.2311,39.6,29.28
8280593,3.5832,39.6,29.28
8281315,2.4564,39.6,29.28
8282037,2.4564,39.6,29.29
8282759,1.8254,39.6,29.29
8283481,1.9381,39.6,29.28
8284203,2.5240,39.6,29.28
8284925,2.1184,39.6,29.28
8285647,2.1184,39.6,29.28
8286369,2.8170,38.6,29.28
8287091,2.6593,39.6,29.28
8287813,2.2085,39.6,29.28
8288535,3.0424,39.6,29.28
8289257,2.9522,39.6,29.28
8289979,2.8170,38.6,29.29
8290701,2.8846,39.6,29.28
8291423,2.3437,39.6,29.29
8292145,3.2452,39.6,29.28
8292867,1.8480,39.6,29.28
8293589,1.1493,39.6,29.29
8294311,3.0649,39.6,29.28
8295033,3.0424,39.6,29.28
8295755,2.1409,39.6,29.28
8296477,1.7803,38.6,29.28
8297199,2.7945,39.6,29.29
8297921,3.4931,39.6,29.28
8298643,3.4931,39.6,29.28
8299365,3.6058,38.6,29.28
8300087,2.7043,39.6,29.28
8300809,1.7803,39.6,29.28
8301531,2.3437,39.6,29.27
8302253,2.9973,39.6,29.28
8302975,2.5466,38.6,29.28
8303697,2.5015,39.6,29.28
8304419,3.3353,39.6,29.28
8305141,2.5466,38.6,29.28
8305863,2.7945,38.6,29.27
# [n=11500] mean=3.5109 m  sigma=1.5542 m  die=38.6 C  CalVal=16
8306585,3.0424,38.6,29.27
8307307,2.5466,39.6,29.28
8308029,2.8621,38.6,29.27
8308751,2.6593,38.6,29.27
8309473,1.2169,38.6,29.27
8310195,3.5382,39.6,29.28
8310917,3.3579,38.6,29.28
8311639,3.8537,38.6,29.27
8312361,3.7635,38.6,29.27
8313083,3.7861,39.6,29.27
8313805,3.5832,39.6,29.28
8314527,2.4790,39.6,29.27
8315249,2.4790,38.6,29.27
8315971,3.3579,39.6,29.27
8316693,2.7494,39.6,29.27
8317415,2.8846,38.6,29.27
8318137,3.4706,38.6,29.27
8318859,3.0198,38.6,29.27
8319581,3.0649,38.6,29.27
8320303,1.9606,38.6,29.27
8321025,4.1016,39.6,29.27
8321747,2.2536,39.6,29.27
8322469,3.1100,39.6,29.26
8323191,2.8621,39.6,29.27
8323913,3.6058,39.6,29.27
8324635,4.0565,40.6,29.27
8325357,2.0057,39.6,29.27
8326079,2.7494,39.6,29.27
8326801,3.0198,38.6,29.27
8327523,2.5916,38.6,29.27
8328245,3.1776,39.6,29.27
8328967,2.1860,39.6,29.27
8329689,2.7269,38.6,29.27
8330411,3.3128,39.6,29.27
8331133,1.9156,38.6,29.27
8331855,1.9156,38.6,29.26
8332577,3.4029,38.6,29.26
8333299,3.2452,39.6,29.26
8334021,3.2452,39.6,29.27
8334743,2.2536,39.6,29.26
8335465,2.7494,39.6,29.27
8336187,2.7269,39.6,29.27
8336909,2.9973,38.6,29.26
8337631,2.6367,39.6,29.26
8338353,2.7269,38.6,29.27
8339075,3.7184,39.6,29.26
8339797,3.1776,38.6,29.26
8340519,2.1184,38.6,29.26
8341241,2.8846,39.6,29.26
8341963,3.0874,39.6,29.26
8342685,2.9297,39.6,29.26
8343407,2.8621,39.6,29.26
8344129,3.1100,39.6,29.26
8344851,3.1100,38.6,29.26
8345573,2.4564,39.6,29.26
8346295,3.0198,39.6,29.26
8347017,2.2536,39.6,29.27
8347739,2.7043,39.6,29.26
8348461,2.2761,39.6,29.27
8349183,3.3579,39.6,29.26
8349905,3.4931,39.6,29.26
8350627,3.8537,39.6,29.26
8351349,3.9663,39.6,29.27
8352071,3.7184,39.6,29.26
8352793,1.7803,39.6,29.26
8353515,3.1325,39.6,29.26
8354237,2.8846,39.6,29.26
8354959,3.6959,39.6,29.27
8355681,3.7410,39.6,29.26
8356403,3.1325,39.6,29.27
8357125,2.4339,39.6,29.26
8357847,3.9889,38.6,29.26
8358569,3.4931,38.6,29.26
8359291,3.5156,39.6,29.26
8360013,3.3579,38.6,29.26
8360735,2.2987,38.6,29.26
8361457,2.2987,38.6,29.26
8362179,3.2677,38.6,29.26
8362901,2.2536,38.6,29.26
8363623,2.7269,39.6,29.27
8364345,2.7945,39.6,29.26
8365067,1.4648,39.6,29.26
8365789,4.1917,39.6,29.26
8366511,1.7127,39.6,29.26
8367233,3.9213,38.6,29.26
8367955,2.3888,39.6,29.26
8368677,2.9973,39.6,29.26
8369399,1.6451,38.6,29.26
8370121,3.2001,39.6,29.26
8370843,3.3128,39.6,29.26
8371565,2.3437,39.6,29.26
8372287,3.1100,39.6,29.26
8373009,3.8537,39.6,29.26
8373731,3.1100,38.6,29.26
8374453,3.0649,39.6,29.26
8375175,4.1241,38.6,29.26
8375897,3.7410,39.6,29.26
8376619,2.2987,39.6,29.26
8377341,2.5916,40.6,29.26
8378063,2.5916,40.6,29.26
# [n=11600] mean=3.5062 m  sigma=1.5494 m  die=40.6 C  CalVal=16
8378785,4.1692,40.6,29.27
8379507,3.0874,39.6,29.26
8380229,3.6734,39.6,29.26
8380951,3.9438,39.6,29.26
8381673,3.0649,39.6,29.26
8382395,3.8762,39.6,29.26
8383117,4.1917,38.6,29.26
8383839,3.2227,39.6,29.26
8384561,3.5607,39.6,29.26
8385283,2.6593,38.6,29.26
8386005,3.6734,38.6,29.26
8386727,3.6058,38.6,29.26
8387449,3.3128,39.6,29.26
8388171,3.3128,39.6,29.26
8388893,2.6142,39.6,29.26
8389615,3.8086,38.6,29.26
8390337,3.0649,38.6,29.26
8391059,3.0649,38.6,29.26
8391781,3.7410,39.6,29.26
8392503,2.6367,39.6,29.26
8393225,3.5382,38.6,29.26
8393947,3.3804,39.6,29.26
8394669,3.3804,39.6,29.26
8395391,3.6508,39.6,29.26
8396113,3.9663,39.6,29.26
8396835,2.5240,39.6,29.26
8397557,4.0340,38.6,29.26
8398279,4.1692,38.6,29.25
8399001,3.3353,39.6,29.25
8399723,3.4706,39.6,29.25
8400445,2.5466,39.6,29.26
8401167,3.3804,38.6,29.25
8401889,3.8762,38.6,29.25
8402611,3.2903,38.6,29.26
8403333,3.9438,39.6,29.26
8404055,2.6367,39.6,29.26
8404777,3.2677,39.6,29.25
8405499,3.1550,39.6,29.26
8406221,2.1184,39.6,29.25
8406943,2.8846,38.6,29.26
8407665,2.8846,38.6,29.26
8408387,3.0198,39.6,29.25
8409109,2.7945,38.6,29.25
8409831,2.9522,39.6,29.26
8410553,3.4029,39.6,29.26
8411275,2.8170,39.6,29.25
8411997,3.2677,39.6,29.25
8412719,3.2001,39.6,29.26
8413441,3.3804,39.6,29.26
8414163,3.8537,39.6,29.26
8414885,3.6734,38.6,29.26
8415607,3.5382,38.6,29.25
8416329,3.0649,38.6,29.26
8417051,2.3888,38.6,29.26
8417773,3.4480,39.6,29.25
8418495,2.7494,38.6,29.25
8419217,3.0874,38.6,29.25
8419939,4.0340,38.6,29.25
8420661,3.0424,39.6,29.25
8421383,3.2227,39.6,29.25
8422105,2.4339,39.6,29.25
8422827,2.4114,38.6,29.25
8423549,2.6142,38.6,29.25
8424271,2.6142,38.6,29.25
8424993,1.9832,39.6,29.25
8425715,2.9748,38.6,29.25
8426437,3.6959,39.6,29.25
8427159,3.5382,38.6,29.25
8427881,1.8480,39.6,29.25
8428603,2.8846,39.6,29.25
8429325,3.0198,39.6,29.25
8430047,2.9522,38.6,29.25
8430769,3.2452,38.6,29.25
8431491,3.3579,38.6,29.26
8432213,2.7269,38.6,29.25
8432935,3.2452,38.6,29.25
8433657,3.4029,38.6,29.25
8434379,3.4706,38.6,29.25
8435101,1.6902,38.6,29.25
8435823,3.0874,39.6,29.25
8436545,3.3128,39.6,29.25
8437267,3.4029,38.6,29.25
8437989,3.3804,38.6,29.25
8438711,2.5466,38.6,29.25
8439433,2.2536,38.6,29.25
8440155,2.1409,39.6,29.25
8440877,2.1409,39.6,29.25
8441599,1.5325,38.6,29.25
8442321,2.9297,39.6,29.25
8443043,1.9606,38.6,29.24
8443765,2.7945,38.6,29.25
8444487,3.2903,38.6,29.25
8445209,3.0649,38.6,29.25
8445931,2.5916,38.6,29.25
8446653,3.5156,39.6,29.25
8447375,2.8846,39.6,29.25
8448097,3.3804,39.6,29.25
8448819,2.8846,38.6,29.25
8449541,3.7184,38.6,29.25
8450263,3.6959,39.6,29.24
# [n=11700] mean=3.5030 m  sigma=1.5441 m  die=39.6 C  CalVal=16
8450985,3.2677,38.6,29.25
8451707,2.1635,38.6,29.25
8452429,3.6508,38.6,29.25
8453151,2.5691,38.6,29.25
8453873,2.5691,38.6,29.24
8454595,3.8086,38.6,29.25
8455317,1.9156,39.6,29.25
8456039,2.5916,38.6,29.25
8456761,3.0874,38.6,29.25
8457483,-0.9240,38.6,29.25
8458205,2.6593,38.6,29.25
8458927,3.5832,38.6,29.25
8459649,2.8846,38.6,29.25
8460371,3.8762,38.6,29.25
8461093,2.9297,38.6,29.25
8461815,2.2987,39.6,29.25
8462537,3.0198,38.6,29.25
8463259,3.3128,39.6,29.25
8463981,2.8621,39.6,29.25
8464703,2.7945,39.6,29.25
8465425,2.7494,39.6,29.25
8466147,3.7184,39.6,29.25
8466869,2.1860,39.6,29.24
8467591,2.6142,39.6,29.25
8468313,3.1550,39.6,29.25
8469035,2.7945,38.6,29.24
8469757,3.6959,38.6,29.25
8470479,3.6959,38.6,29.25
8471201,4.1692,38.6,29.25
8471923,3.2903,39.6,29.24
8472645,3.3353,39.6,29.25
8473367,3.8311,39.6,29.25
8474089,3.5832,39.6,29.25
8474811,3.3353,39.6,29.25
8475533,2.9522,38.6,29.25
8476255,2.9297,38.6,29.25
8476977,2.9522,38.6,29.25
8477699,2.2761,38.6,29.25
8478421,3.2452,38.6,29.25
8479143,2.9973,39.6,29.25
8479865,2.9072,39.6,29.25
8480587,2.5240,39.6,29.24
8481309,2.5015,39.6,29.25
8482031,4.0790,38.6,29.26
8482753,2.9748,39.6,29.25
8483475,3.3128,38.6,29.25
8484197,2.8170,38.6,29.25
8484919,3.1550,38.6,29.25
8485641,2.5916,39.6,29.25
8486363,2.2761,39.6,29.25
8487085,2.2761,39.6,29.25
8487807,3.8762,38.6,29.25
8488529,2.2987,39.6,29.25
8489251,2.7269,39.6,29.25
8489973,4.1917,39.6,29.25
8490695,3.8086,39.6,29.25
8491417,3.6959,38.6,29.25
8492139,2.7043,38.6,29.25
8492861,3.1325,39.6,29.25
8493583,3.8086,39.6,29.25
8494305,3.1550,39.6,29.25
8495027,3.5156,39.6,29.25
8495749,2.5240,38.6,29.25
8496471,3.1550,39.6,29.25
8497193,2.9973,38.6,29.25
8497915,3.9889,38.6,29.25
8498637,2.9072,38.6,29.25
8499359,3.3128,38.6,29.25
8500081,3.3128,38.6,29.24
8500803,2.9072,38.6,29.24
8501525,2.8621,38.6,29.24
8502247,2.9297,39.6,29.24
8502969,3.8537,38.6,29.25
8503691,3.8537,39.6,29.25
8504413,3.5156,38.6,29.25
8505135,3.0198,38.6,29.25
8505857,3.2452,38.6,29.25
8506579,3.6508,38.6,29.25
8507301,3.2903,39.6,29.25
8508023,3.1776,39.6,29.25
8508745,2.8395,39.6,29.25
8509467,2.2536,39.6,29.25
8510189,3.6959,39.6,29.25
8510911,2.7719,39.6,29.25
8511633,4.1016,39.6,29.25
8512355,3.4480,39.6,29.25
8513077,3.2001,38.6,29.25
8513799,3.9663,39.6,29.26
8514521,2.7945,39.6,29.25
8515243,4.2819,38.6,29.25
8515965,3.1776,38.6,29.25
8516687,3.1776,38.6,29.25
8517409,2.2085,38.6,29.25
8518131,3.6734,38.6,29.25
8518853,4.0114,38.6,29.25
8519575,4.1466,39.6,29.25
8520297,3.1100,39.6,29.25
8521019,4.1466,39.6,29.25
8521741,3.2001,38.6,29.26
8522463,4.0114,38.6,29.25
# [n=11800] mean=3.4998 m  sigma=1.5392 m  die=38.6 C  CalVal=16
8523185,3.0198,38.6,29.26
8523907,3.9889,39.6,29.25
8524629,2.7719,39.6,29.25
