--- Terminal on /dev/ttyACM2 | 115200 8-N-1
--- Available filters and text transformations: debug, default, direct, esp32_exception_decoder, hexlify, log2file, nocontrol, printable, send_on_enter, time
--- More details at https://bit.ly/pio-monitor-filters
--- Quit: Ctrl+C | Menu: Ctrl+T | Help: Ctrl+T followed by Ctrl+H
130471,-13.5667,44.3,25.39
131192,-13.5667,44.3,25.37
131913,-13.5667,44.3,25.35
132634,-13.5667,44.3,25.33
133355,-13.5667,44.3,25.31
134076,-13.5667,44.3,25.28
134797,-13.5667,43.3,25.26
135518,-13.5667,43.3,25.24
136239,-13.5667,43.3,25.21
136960,-13.5667,43.3,25.19
137681,-13.5667,43.3,25.17
138402,-13.5667,43.3,25.15
139123,-13.5667,43.3,25.13
139844,-13.5667,43.3,25.11
140565,-13.5667,43.3,25.10
141286,-13.5667,43.3,25.07
142007,-13.0709,43.3,25.05
142728,-13.9498,43.3,25.03
143449,-13.3188,43.3,25.00
144170,-13.7921,43.3,24.98
144891,-13.1836,43.3,24.96
145612,-13.4540,43.3,24.93
146333,-12.3723,44.3,24.91
147054,-12.7779,43.3,24.89
# [n=200] mean=-11.8603 m  sigma=3.8574 m  die=43.3 C  CalVal=-70
147775,-13.3188,43.3,24.87
148496,-13.0709,43.3,24.85
149217,-14.0625,43.3,24.83
149938,-12.5526,43.3,24.80
150659,-13.7470,43.3,24.78
151380,-13.1611,43.3,24.76
152101,-13.5216,43.3,24.73
152822,-13.5216,43.3,24.71
153543,-13.5216,43.3,24.68
154264,-13.5216,43.3,24.67
154985,-13.5216,43.3,24.64
155706,-13.5216,43.3,24.61
156427,-13.5216,43.3,24.59
157148,-13.5216,43.3,24.57
157869,-13.5216,43.3,24.55
158590,-13.5216,43.3,24.52
159311,-13.5216,43.3,24.50
160032,-13.5216,43.3,24.47
160753,-13.5216,43.3,24.45
161474,-13.5216,43.3,24.43
162195,-13.5216,43.3,24.40
162916,-13.5216,43.3,24.37
163637,-13.5216,43.3,24.35
164358,-13.5216,43.3,24.32
165079,-13.5216,43.3,24.29
165800,-13.5216,43.3,24.26
166521,-13.5216,43.3,24.24
167242,-13.5216,43.3,24.21
167963,-13.5216,43.3,24.19
168684,-13.3188,43.3,24.17
169405,-13.5892,43.3,24.14
170126,-13.1836,43.3,24.11
170847,-12.3498,43.3,24.08
171568,-12.9582,43.3,24.06
172289,-13.3188,43.3,24.04
173010,-13.2287,43.3,24.00
173731,-13.4766,43.3,23.97
174452,-13.4315,43.3,23.94
175173,-13.6794,43.3,23.92
175894,-14.3329,43.3,23.89
176615,-13.4090,43.3,23.86
177336,-14.1076,43.3,23.83
178057,-12.5751,43.3,23.81
178778,-13.2061,43.3,23.78
179499,-13.2061,43.3,23.75
180220,-13.2061,43.3,23.72
180941,-13.2061,42.3,23.70
181662,-13.2061,43.3,23.66
182383,-13.2061,43.3,23.64
183104,-13.2061,42.3,23.61
183825,-13.2061,42.3,23.58
184546,-13.2061,42.3,23.55
185267,-13.2061,42.3,23.52
185988,-13.2061,42.3,23.50
186709,-13.2061,42.3,23.47
187430,-13.2061,42.3,23.44
188151,-13.2061,43.3,23.40
188872,-13.2061,42.3,23.38
189593,-13.2061,42.3,23.35
190314,-13.2061,43.3,23.32
191035,-13.2061,42.3,23.29
191756,-13.2061,42.3,23.26
192477,-13.2061,42.3,23.24
193198,-13.2061,42.3,23.21
193919,-13.2061,42.3,23.18
194640,-13.2061,42.3,23.15
195361,-12.8906,42.3,23.12
196082,-13.6794,42.3,23.09
196803,-12.3723,42.3,23.06
197524,-13.5667,42.3,23.04
198245,-13.2737,42.3,23.00
198966,-13.4315,42.3,22.97
199687,-13.1836,42.3,22.95
200408,-13.5892,42.3,22.92
201129,-12.5526,42.3,22.89
201850,-13.8597,42.3,22.87
202571,-13.9273,42.3,22.83
203292,-13.2737,42.3,22.81
204013,-12.8906,42.3,22.78
204734,-13.7921,42.3,22.75
205455,-12.2596,42.3,22.72
206176,-12.2596,42.3,22.69
206897,-12.2596,42.3,22.65
207618,-12.2596,42.3,22.63
208339,-12.2596,42.3,22.59
209060,-12.2596,42.3,22.57
209781,-12.2596,42.3,22.54
210502,-12.2596,42.3,22.51
211223,-12.2596,42.3,22.49
211944,-12.2596,41.3,22.46
212665,-12.2596,42.3,22.43
213386,-12.2596,42.3,22.40
214107,-12.2596,41.3,22.37
214828,-12.2596,42.3,22.34
215549,-12.2596,41.3,22.31
216270,-12.2596,42.3,22.28
216991,-12.2596,42.3,22.25
217712,-12.2596,41.3,22.23
218433,-12.2596,41.3,22.19
219154,-12.2596,42.3,22.17
# [n=300] mean=-12.2838 m  sigma=3.2206 m  die=42.3 C  CalVal=-72
219875,-12.2596,42.3,22.15
220596,-12.2596,41.3,22.11
221317,-12.2596,41.3,22.09
222038,-8.5637,41.3,22.06
222759,-13.3864,41.3,22.03
223480,-13.1611,41.3,21.99
224201,-11.7413,41.3,21.97
224922,-13.3188,41.3,21.95
225643,-13.1836,41.3,21.92
226364,-12.7554,41.3,21.89
227085,-13.3639,41.3,21.86
227806,-12.7329,41.3,21.84
228527,-13.5892,41.3,21.81
229248,-11.5385,41.3,21.78
229969,-13.4991,41.3,21.76
230690,-13.0709,41.3,21.73
231411,-12.5977,41.3,21.70
232132,-13.2512,41.3,21.67
232853,-13.2512,41.3,21.65
233574,-13.2512,41.3,21.62
234295,-13.2512,41.3,21.59
235016,-13.2512,41.3,21.56
235737,-13.2512,41.3,21.54
236458,-13.2512,41.3,21.52
237179,-13.2512,41.3,21.49
237900,-13.2512,41.3,21.46
238621,-13.2512,41.3,21.43
239342,-13.2512,41.3,21.41
240063,-13.2512,41.3,21.37
240784,-13.2512,41.3,21.35
241505,-13.2512,41.3,21.31
242226,-13.2512,41.3,21.28
242947,-13.2512,41.3,21.26
243668,-13.2512,41.3,21.23
244389,-13.2512,41.3,21.20
245110,-13.2512,41.3,21.18
245831,-13.2512,41.3,21.15
246552,-13.2512,41.3,21.13
247273,-13.2512,41.3,21.10
247994,-13.2512,41.3,21.08
248715,-13.5667,41.3,21.05
249436,-12.8906,41.3,21.02
250157,-11.6286,41.3,20.99
250878,-13.6568,41.3,20.97
251599,-12.8005,41.3,20.94
252320,-12.7329,41.3,20.91
253041,-13.2287,41.3,20.89
253762,-13.3413,41.3,20.87
254483,-13.6568,41.3,20.84
255204,-11.2906,41.3,20.82
255925,-12.6427,41.3,20.79
256646,-10.8624,41.3,20.77
257367,-13.0258,41.3,20.75
258088,-12.2596,41.3,20.71
258809,-12.1244,41.3,20.70
259530,-12.1244,41.3,20.67
260251,-12.1244,41.3,20.65
260972,-12.1244,41.3,20.63
261693,-12.1244,41.3,20.60
262414,-12.1244,41.3,20.57
263135,-12.1244,41.3,20.55
263856,-12.1244,41.3,20.52
264577,-12.1244,41.3,20.49
265298,-12.1244,41.3,20.48
266019,-12.1244,41.3,20.45
266740,-12.1244,41.3,20.42
267461,-12.1244,40.3,20.40
268182,-12.1244,40.3,20.37
268903,-12.1244,40.3,20.35
269624,-12.1244,40.3,20.32
270345,-12.1244,40.3,20.30
271066,-12.1244,40.3,20.27
271787,-12.1244,40.3,20.25
272508,-12.1244,40.3,20.22
273229,-12.1244,40.3,20.21
273950,-12.1244,40.3,20.18
274671,-11.7864,40.3,20.16
275392,-11.4709,40.3,20.13
276113,-12.6427,40.3,20.11
276834,-12.5977,40.3,20.08
277555,-13.1385,40.3,20.06
278276,-13.3188,40.3,20.04
278997,-11.4032,40.3,20.01
279718,-11.8314,40.3,19.98
280439,-13.4315,40.3,19.96
281160,-12.5526,40.3,19.94
281881,-12.2822,40.3,19.92
282602,-11.8990,40.3,19.89
283323,-12.0117,40.3,19.87
284044,-12.5977,40.3,19.84
284765,-12.4174,40.3,19.82
285486,-11.7413,40.3,19.80
286207,-11.7413,40.3,19.77
286928,-11.7413,40.3,19.75
287649,-11.7413,40.3,19.73
288370,-11.7413,40.3,19.70
289091,-11.7413,40.3,19.68
289812,-11.7413,40.3,19.66
290533,-11.7413,40.3,19.63
291254,-11.7413,40.3,19.62
# [n=400] mean=-12.3464 m  sigma=2.8182 m  die=40.3 C  CalVal=-72
291975,-11.7413,40.3,19.59
292696,-11.7413,40.3,19.57
293417,-11.7413,40.3,19.55
294138,-11.7413,40.3,19.52
294859,-11.7413,40.3,19.50
295580,-11.7413,40.3,19.48
296301,-11.7413,40.3,19.45
297022,-11.7413,39.3,19.43
297743,-11.7413,39.3,19.41
298464,-11.7413,39.3,19.38
299185,-11.7413,39.3,19.37
299906,-11.7413,39.3,19.35
300627,-11.7413,39.3,19.33
301348,-13.0709,39.3,19.31
302069,-13.2963,39.3,19.29
302790,-11.6286,39.3,19.27
303511,-12.0568,39.3,19.24
304232,-13.1836,39.3,19.22
304953,-11.9892,39.3,19.20
305674,-12.1920,39.3,19.18
306395,-12.2596,39.3,19.15
307116,-12.8906,39.3,19.13
307837,-12.3047,39.3,19.11
308558,-13.4991,39.3,19.09
309279,-12.8456,39.3,19.07
310000,-12.2145,39.3,19.04
310721,-12.7779,39.3,19.02
311442,-12.3498,39.3,19.00
# outlier -39.7085 die=39.3
# outlier -39.7085 die=39.3
# outlier -39.7085 die=39.3
# outlier -39.7085 die=39.3
# outlier -39.7085 die=39.3
# outlier -39.7085 die=39.3
# outlier -39.7085 die=39.3
# outlier -39.7085 die=39.3
# outlier -39.7085 die=39.3
# outlier -39.7085 die=39.3
# outlier -39.7085 die=39.3
# outlier -39.7085 die=39.3
# outlier -39.7085 die=39.3
# outlier -39.7085 die=39.3
# outlier -39.7085 die=39.3
# outlier -39.7085 die=39.3
# outlier -39.7085 die=39.3
# outlier -39.7085 die=39.3
# outlier -39.7085 die=39.3
# outlier -39.7085 die=39.3
# outlier -39.7085 die=39.3
# outlier -39.7085 die=39.3
328025,-12.5526,39.3,18.53
328746,-13.0258,39.3,18.51
329467,-12.8906,38.3,18.48
330188,-11.8540,39.3,18.46
330909,-12.3272,39.3,18.44
331630,-12.7779,39.3,18.42
332351,-12.2145,39.3,18.40
333072,-12.3272,39.3,18.39
333793,-11.6061,39.3,18.37
334514,-13.0484,38.3,18.35
335235,-12.4174,39.3,18.33
335956,-12.9808,38.3,18.31
336677,-13.0258,39.3,18.29
337398,-11.4258,38.3,18.27
338119,-12.9808,39.3,18.25
338840,-12.9808,38.3,18.23
339561,-12.9808,38.3,18.21
340282,-12.9808,38.3,18.19
341003,-12.9808,38.3,18.18
341724,-12.9808,38.3,18.15
342445,-12.9808,38.3,18.14
343166,-12.9808,38.3,18.11
343887,-12.9808,38.3,18.10
344608,-12.9808,38.3,18.08
345329,-12.9808,38.3,18.06
346050,-12.9808,38.3,18.04
346771,-12.9808,38.3,18.02
347492,-12.9808,38.3,18.00
348213,-12.9808,38.3,17.98
348934,-12.9808,38.3,17.97
349655,-12.9808,38.3,17.95
350376,-12.9808,38.3,17.93
351097,-12.9808,38.3,17.91
351818,-12.9808,38.3,17.89
352539,-12.9808,38.3,17.87
353260,-12.9808,38.3,17.85
353981,-12.9808,38.3,17.83
354702,-12.4399,38.3,17.81
355423,-11.4258,38.3,17.79
356144,-11.2455,38.3,17.77
356865,-12.7554,38.3,17.76
357586,-11.9441,38.3,17.74
358307,-12.4850,38.3,17.72
359028,-12.8681,38.3,17.70
359749,-12.1469,38.3,17.69
360470,-11.6061,38.3,17.67
361191,-13.1836,38.3,17.65
361912,-12.1695,37.3,17.64
362633,-12.6878,37.3,17.62
363354,-11.0427,38.3,17.60
364075,-12.0117,37.3,17.58
364796,-11.9216,37.3,17.56
365517,-11.9216,37.3,17.55
366238,-11.9216,37.3,17.53
366959,-11.9216,37.3,17.51
367680,-11.9216,37.3,17.49
368401,-11.9216,37.3,17.47
369122,-11.9216,37.3,17.45
369843,-11.9216,37.3,17.43
370564,-11.9216,37.3,17.42
371285,-11.9216,37.3,17.39
372006,-11.9216,37.3,17.38
372727,-11.9216,37.3,17.36
373448,-11.9216,37.3,17.34
374169,-11.9216,37.3,17.32
374890,-11.9216,37.3,17.31
375611,-11.9216,37.3,17.29
376332,-11.9216,37.3,17.28
377053,-11.9216,37.3,17.26
377774,-11.9216,37.3,17.24
378495,-11.9216,37.3,17.22
379216,-11.9216,37.3,17.21
# [n=500] mean=-12.3463 m  sigma=2.5336 m  die=37.3 C  CalVal=-72
379937,-11.9216,37.3,17.19
380658,-11.9216,37.3,17.18
381379,-11.4483,37.3,17.16
382100,-11.2906,37.3,17.14
382821,-10.3666,37.3,17.12
383542,-11.5159,37.3,17.10
384263,-11.3131,37.3,17.08
384984,-12.5300,37.3,17.07
385705,-12.2145,37.3,17.05
386426,-11.0652,37.3,17.04
387147,-11.1328,37.3,17.02
387868,-11.3582,37.3,17.01
388589,-12.8681,37.3,16.99
389310,-12.2371,37.3,16.97
390031,-12.2145,37.3,16.96
390752,-12.4174,37.3,16.93
391473,-11.0652,37.3,16.92
392194,-11.0652,37.3,16.90
392915,-11.0652,37.3,16.89
393636,-11.0652,37.3,16.87
394357,-11.0652,37.3,16.86
395078,-11.0652,37.3,16.83
395799,-11.0652,37.3,16.82
396520,-11.0652,37.3,16.80
397241,-11.0652,37.3,16.79
397962,-11.0652,37.3,16.76
398683,-11.0652,37.3,16.76
399404,-11.0652,37.3,16.74
400125,-11.0652,37.3,16.72
400846,-11.0652,37.3,16.71
401567,-11.0652,37.3,16.69
402288,-11.0652,37.3,16.68
403009,-11.0652,37.3,16.66
403730,-11.0652,37.3,16.65
404451,-11.0652,37.3,16.63
405172,-11.0652,37.3,16.61
405893,-11.0652,37.3,16.60
406614,-11.0652,37.3,16.58
407335,-11.0652,37.3,16.57
408056,-10.3891,37.3,16.55
408777,-11.9892,37.3,16.53
409498,-11.6511,37.3,16.52
410219,-11.3131,37.3,16.50
410940,-11.6511,37.3,16.49
411661,-11.8089,37.3,16.47
412382,-10.9075,37.3,16.46
413103,-12.2371,37.3,16.44
413824,-11.9666,37.3,16.43
414545,-11.8990,37.3,16.41
415266,-10.7497,37.3,16.39
415987,-10.9751,37.3,16.38
416708,-11.6962,37.3,16.36
417429,-12.0793,37.3,16.34
418150,-11.9666,37.3,16.33
418871,-11.9666,37.3,16.32
419592,-11.9666,37.3,16.30
420313,-11.9666,37.3,16.28
421034,-11.9666,36.3,16.27
421755,-11.9666,36.3,16.26
422476,-11.9666,36.3,16.24
423197,-11.9666,36.3,16.22
423918,-11.9666,37.3,16.21
424639,-11.9666,36.3,16.19
425360,-11.9666,36.3,16.17
426081,-11.9666,36.3,16.16
426802,-11.9666,36.3,16.14
427523,-11.9666,36.3,16.13
428244,-11.9666,36.3,16.11
428965,-11.9666,36.3,16.09
429686,-11.9666,36.3,16.08
430407,-11.9666,36.3,16.07
431128,-11.9666,36.3,16.05
431849,-11.9666,36.3,16.03
432570,-11.9666,36.3,16.01
433291,-11.9666,36.3,16.00
434012,-11.9666,36.3,15.99
434733,-13.1385,36.3,15.98
435454,-11.8990,36.3,15.96
436175,-12.3047,36.3,15.95
436896,-12.4399,36.3,15.93
437617,-13.1160,36.3,15.92
438338,-11.9441,36.3,15.90
439059,-12.3948,36.3,15.88
439780,-12.4624,36.3,15.87
440501,-12.9132,36.3,15.85
441222,-12.7554,36.3,15.84
441943,-13.4540,36.3,15.82
442664,-12.4624,36.3,15.81
443385,-12.7554,36.3,15.80
444106,-12.5751,36.3,15.78
444827,-11.5835,36.3,15.77
445548,-11.5835,36.3,15.76
446269,-11.5835,36.3,15.74
446990,-11.5835,36.3,15.73
447711,-11.5835,36.3,15.71
448432,-11.5835,36.3,15.69
449153,-11.5835,36.3,15.69
449874,-11.5835,36.3,15.67
450595,-11.5835,36.3,15.65
451316,-11.5835,36.3,15.65
# [n=600] mean=-12.2408 m  sigma=2.3379 m  die=36.3 C  CalVal=-72
452037,-11.5835,36.3,15.62
452758,-11.5835,36.3,15.61
453479,-11.5835,36.3,15.60
454200,-11.5835,36.3,15.59
454921,-11.5835,36.3,15.57
455642,-11.5835,36.3,15.56
456363,-11.5835,35.3,15.54
457084,-11.5835,36.3,15.53
457805,-11.5835,36.3,15.51
458526,-11.5835,36.3,15.50
459247,-11.5835,36.3,15.49
459968,-11.5835,35.3,15.47
460689,-11.5835,36.3,15.45
461410,-13.3413,35.3,15.44
462131,-12.5977,36.3,15.43
462852,-11.8089,35.3,15.42
463573,-12.3498,36.3,15.41
464294,-13.2963,35.3,15.39
465015,-11.9892,35.3,15.38
465736,-12.5526,35.3,15.37
466457,-12.2596,35.3,15.35
467178,-11.4483,35.3,15.34
467899,-11.8765,35.3,15.32
468620,-13.0934,35.3,15.31
469341,-12.7779,35.3,15.29
470062,-12.5526,35.3,15.28
470783,-12.1469,35.3,15.27
471504,-12.1920,35.3,15.26
472225,-12.1920,35.3,15.24
472946,-12.1920,35.3,15.22
473667,-12.1920,35.3,15.21
474388,-12.1920,35.3,15.19
475109,-12.1920,35.3,15.19
475830,-12.1920,35.3,15.17
476551,-12.1920,35.3,15.15
477272,-12.1920,35.3,15.14
477993,-12.1920,35.3,15.13
478714,-12.1920,35.3,15.11
479435,-12.1920,35.3,15.10
480156,-12.1920,35.3,15.09
480877,-12.1920,35.3,15.08
481598,-12.1920,35.3,15.07
482319,-12.1920,35.3,15.05
483040,-12.1920,35.3,15.04
483761,-12.1920,35.3,15.03
484482,-12.1920,35.3,15.01
485203,-12.1920,35.3,15.00
485924,-12.1920,35.3,14.99
486645,-12.1920,35.3,14.97
487366,-12.1920,35.3,14.96
488087,-11.1553,35.3,14.95
488808,-13.1836,35.3,14.94
489529,-13.1160,35.3,14.92
490250,-13.0934,35.3,14.90
490971,-12.4174,35.3,14.89
491692,-12.6427,35.3,14.87
492413,-12.0793,35.3,14.87
493134,-12.4850,35.3,14.85
493855,-12.5526,35.3,14.84
494576,-11.4709,35.3,14.83
495297,-11.6962,35.3,14.81
496018,-12.3498,34.3,14.79
496739,-12.7103,35.3,14.78
497460,-11.9666,35.3,14.77
498181,-13.3413,35.3,14.76
498902,-13.3413,35.3,14.75
499623,-13.3413,35.3,14.73
500344,-13.3413,34.3,14.72
501065,-13.3413,35.3,14.71
501786,-13.3413,35.3,14.69
502507,-13.3413,34.3,14.68
503228,-13.3413,34.3,14.67
503949,-13.3413,34.3,14.66
504670,-13.3413,34.3,14.64
505391,-13.3413,34.3,14.63
506112,-13.3413,34.3,14.62
506833,-13.3413,34.3,14.61
507554,-13.3413,34.3,14.59
508275,-13.3413,35.3,14.58
508996,-13.3413,35.3,14.56
509717,-13.3413,34.3,14.55
510438,-13.3413,35.3,14.55
511159,-13.3413,34.3,14.53
511880,-13.3413,34.3,14.52
512601,-13.3413,34.3,14.50
513322,-13.3413,34.3,14.48
514043,-13.3413,34.3,14.48
514764,-11.9892,34.3,14.47
515485,-11.8314,34.3,14.46
516206,-12.0117,34.3,14.44
516927,-12.4399,34.3,14.43
517648,-11.7413,34.3,14.42
518369,-12.2371,34.3,14.40
519090,-12.0117,34.3,14.39
519811,-12.7329,34.3,14.38
520532,-12.7103,34.3,14.37
521253,-11.7864,34.3,14.36
521974,-11.5159,34.3,14.34
522695,-12.6427,34.3,14.33
523416,-11.6286,34.3,14.32
# [n=700] mean=-12.2666 m  sigma=2.1793 m  die=34.3 C  CalVal=-72
524137,-12.7554,34.3,14.30
524858,-11.7413,34.3,14.29
525579,-11.7413,34.3,14.28
526300,-11.7413,34.3,14.27
527021,-11.7413,34.3,14.25
527742,-11.7413,34.3,14.24
528463,-11.7413,34.3,14.23
529184,-11.7413,34.3,14.22
529905,-11.7413,34.3,14.20
530626,-11.7413,34.3,14.20
531347,-11.7413,34.3,14.19
532068,-11.7413,34.3,14.18
532789,-11.7413,34.3,14.16
533510,-11.7413,34.3,14.15
534231,-11.7413,34.3,14.14
534952,-11.7413,34.3,14.14
535673,-11.7413,34.3,14.12
536394,-11.7413,34.3,14.11
537115,-11.7413,34.3,14.09
537836,-11.7413,34.3,14.08
538557,-11.7413,34.3,14.07
539278,-11.7413,34.3,14.06
539999,-11.7413,34.3,14.05
540720,-11.7413,34.3,14.04
541441,-11.0877,34.3,14.03
542162,-12.7329,34.3,14.01
542883,-12.3723,34.3,14.00
543604,-13.3864,34.3,13.99
544325,-12.3723,34.3,13.98
545046,-12.7329,34.3,13.97
545767,-12.1019,34.3,13.96
546488,-11.9892,34.3,13.94
547209,-11.3131,34.3,13.93
547930,-12.2371,34.3,13.91
548651,-11.9216,34.3,13.90
549372,-12.3047,34.3,13.89
550093,-12.4399,34.3,13.88
550814,-12.8456,34.3,13.87
551535,-11.9441,34.3,13.85
552256,-11.9441,34.3,13.85
552977,-11.9441,34.3,13.83
553698,-11.9441,34.3,13.83
554419,-11.9441,34.3,13.81
555140,-11.9441,34.3,13.80
555861,-11.9441,34.3,13.79
556582,-11.9441,34.3,13.78
557303,-11.9441,34.3,13.77
558024,-11.9441,34.3,13.76
558745,-11.9441,34.3,13.75
559466,-11.9441,34.3,13.73
560187,-11.9441,34.3,13.73
560908,-11.9441,34.3,13.71
561629,-11.9441,34.3,13.70
562350,-11.9441,33.3,13.69
563071,-11.9441,34.3,13.68
563792,-11.9441,34.3,13.66
564513,-11.9441,34.3,13.65
565234,-11.9441,34.3,13.64
565955,-11.9441,34.3,13.63
566676,-11.9441,34.3,13.62
567397,-11.9441,34.3,13.61
568118,-12.2596,34.3,13.60
568839,-11.4483,34.3,13.59
569560,-13.2737,34.3,13.58
570281,-12.8906,34.3,13.56
571002,-13.1385,33.3,13.56
571723,-11.6511,33.3,13.54
572444,-13.1611,34.3,13.54
573165,-11.7638,33.3,13.53
573886,-13.5667,33.3,13.51
574607,-11.9216,34.3,13.49
575328,-12.8005,34.3,13.48
576049,-11.9441,34.3,13.47
576770,-13.1385,34.3,13.47
577491,-12.8906,34.3,13.45
578212,-13.3639,34.3,13.44
578933,-13.3639,34.3,13.43
579654,-13.3639,34.3,13.42
580375,-13.3639,33.3,13.41
581096,-13.3639,33.3,13.40
581817,-13.3639,33.3,13.39
582538,-13.3639,33.3,13.38
583259,-13.3639,33.3,13.37
583980,-13.3639,33.3,13.35
584701,-13.3639,33.3,13.34
585422,-13.3639,33.3,13.34
586143,-13.3639,33.3,13.32
586864,-13.3639,33.3,13.31
587585,-13.3639,33.3,13.30
588306,-13.3639,33.3,13.29
589027,-13.3639,33.3,13.28
589748,-13.3639,33.3,13.26
590469,-13.3639,33.3,13.25
591190,-13.3639,33.3,13.25
591911,-13.3639,33.3,13.24
592632,-13.3639,33.3,13.23
593353,-13.3639,33.3,13.21
594074,-13.3639,33.3,13.20
594795,-12.1469,33.3,13.19
595516,-11.9216,33.3,13.19
# [n=800] mean=-12.2791 m  sigma=2.0535 m  die=33.3 C  CalVal=-72
596237,-11.9216,33.3,13.17
596958,-13.2512,33.3,13.16
597679,-12.7329,33.3,13.15
598400,-11.3131,33.3,13.14
599121,-12.7103,33.3,13.13
599842,-12.1244,33.3,13.13
600563,-12.1469,33.3,13.12
601284,-11.7413,33.3,13.10
602005,-12.9132,33.3,13.09
602726,-12.4850,33.3,13.08
603447,-11.4258,33.3,13.07
604168,-13.6568,33.3,13.06
604889,-12.4624,33.3,13.05
605610,-12.4624,33.3,13.04
606331,-12.4624,33.3,13.03
607052,-12.4624,33.3,13.02
607773,-12.4624,33.3,13.01
608494,-12.4624,33.3,13.00
609215,-12.4624,33.3,12.98
609936,-12.4624,33.3,12.98
610657,-12.4624,33.3,12.97
611378,-12.4624,33.3,12.96
612099,-12.4624,33.3,12.95
612820,-12.4624,33.3,12.94
613541,-12.4624,33.3,12.93
614262,-12.4624,33.3,12.92
614983,-12.4624,33.3,12.91
615704,-12.4624,33.3,12.89
616425,-12.4624,33.3,12.89
617146,-12.4624,32.3,12.88
617867,-12.4624,33.3,12.87
618588,-12.4624,33.3,12.86
619309,-12.4624,33.3,12.85
620030,-12.4624,33.3,12.84
620751,-12.4624,33.3,12.83
621472,-12.0793,33.3,12.82
622193,-12.1695,33.3,12.81
622914,-11.6737,33.3,12.80
623635,-12.9582,33.3,12.79
624356,-12.0568,33.3,12.78
625077,-11.8990,33.3,12.77
625798,-11.0877,33.3,12.76
626519,-11.8990,33.3,12.75
627240,-12.1920,33.3,12.74
627961,-12.2145,33.3,12.73
628682,-12.8456,32.3,12.72
629403,-12.5977,32.3,12.72
630124,-12.8906,33.3,12.71
630845,-11.6286,32.3,12.69
631566,-12.1920,33.3,12.68
632287,-12.1920,32.3,12.68
633008,-12.1920,33.3,12.67
633729,-12.1920,33.3,12.65
634450,-12.1920,33.3,12.64
635171,-12.1920,32.3,12.63
635892,-12.1920,33.3,12.62
636613,-12.1920,32.3,12.61
637334,-12.1920,32.3,12.60
638055,-12.1920,32.3,12.59
638776,-12.1920,33.3,12.58
639497,-12.1920,33.3,12.58
640218,-12.1920,33.3,12.57
640939,-12.1920,32.3,12.56
641660,-12.1920,32.3,12.55
642381,-12.1920,32.3,12.54
643102,-12.1920,32.3,12.53
643823,-12.1920,32.3,12.52
644544,-12.1920,33.3,12.51
645265,-12.1920,32.3,12.50
645986,-12.1920,32.3,12.49
646707,-12.1920,32.3,12.48
647428,-12.1920,32.3,12.47
648149,-12.5526,32.3,12.46
648870,-12.1019,32.3,12.45
649591,-13.5442,32.3,12.45
650312,-13.1385,32.3,12.44
651033,-12.4850,32.3,12.43
651754,-12.6653,32.3,12.43
652475,-12.3272,32.3,12.41
653196,-11.8540,32.3,12.40
653917,-12.8005,32.3,12.39
654638,-13.0934,32.3,12.38
655359,-12.2822,32.3,12.37
656080,-12.8906,32.3,12.36
656801,-11.8314,32.3,12.36
657522,-11.6737,32.3,12.35
658243,-11.7638,32.3,12.34
658964,-11.7638,32.3,12.33
659685,-11.7638,32.3,12.32
660406,-11.7638,32.3,12.31
661127,-11.7638,32.3,12.30
661848,-11.7638,32.3,12.29
662569,-11.7638,32.3,12.28
663290,-11.7638,32.3,12.27
664011,-11.7638,32.3,12.26
664732,-11.7638,32.3,12.25
665453,-11.7638,32.3,12.24
666174,-11.7638,32.3,12.24
666895,-11.7638,32.3,12.23
667616,-11.7638,32.3,12.22
# [n=900] mean=-12.2765 m  sigma=1.9415 m  die=32.3 C  CalVal=-72
668337,-11.7638,32.3,12.21
669058,-11.7638,32.3,12.19
669779,-11.7638,32.3,12.19
670500,-11.7638,32.3,12.18
671221,-11.7638,32.3,12.17
671942,-11.7638,32.3,12.16
672663,-11.7638,32.3,12.16
673384,-11.7638,32.3,12.14
674105,-11.7638,32.3,12.14
674826,-13.1836,32.3,12.13
675547,-12.2596,32.3,12.13
676268,-13.6794,32.3,12.11
676989,-12.8906,32.3,12.10
677710,-13.7921,32.3,12.09
678431,-12.4850,32.3,12.09
679152,-11.9666,32.3,12.08
679873,-12.0343,32.3,12.07
680594,-12.0343,32.3,12.06
681315,-13.7019,32.3,12.05
682036,-13.0934,32.3,12.04
682757,-11.3807,32.3,12.03
683478,-12.9357,32.3,12.03
684199,-12.3498,32.3,12.02
684920,-12.2371,32.3,12.00
685641,-12.2371,32.3,11.99
686362,-12.2371,32.3,11.98
687083,-12.2371,32.3,11.98
687804,-12.2371,32.3,11.97
688525,-12.2371,32.3,11.96
689246,-12.2371,32.3,11.95
689967,-12.2371,32.3,11.94
690688,-12.2371,32.3,11.93
691409,-12.2371,32.3,11.93
692130,-12.2371,32.3,11.92
692851,-12.2371,32.3,11.91
693572,-12.2371,32.3,11.90
694293,-12.2371,32.3,11.89
695014,-12.2371,32.3,11.89
695735,-12.2371,32.3,11.88
696456,-12.2371,32.3,11.87
697177,-12.2371,32.3,11.86
697898,-12.2371,31.3,11.85
698619,-12.2371,32.3,11.85
699340,-12.2371,32.3,11.84
700061,-12.2371,32.3,11.83
700782,-12.2371,31.3,11.82
701503,-11.7413,31.3,11.82
702224,-12.0343,31.3,11.81
702945,-12.7329,31.3,11.80
703666,-12.1920,31.3,11.79
704387,-13.4766,31.3,11.78
705108,-12.7329,32.3,11.78
705829,-12.1920,31.3,11.77
706550,-12.0117,31.3,11.76
707271,-12.6427,31.3,11.75
707992,-13.0033,31.3,11.74
708713,-12.3723,31.3,11.74
709434,-12.3723,31.3,11.73
710155,-13.2287,31.3,11.72
710876,-12.5526,31.3,11.71
711597,-12.2145,31.3,11.71
712318,-12.2145,31.3,11.70
713039,-12.2145,31.3,11.68
713760,-12.2145,32.3,11.68
714481,-12.2145,31.3,11.67
715202,-12.2145,31.3,11.66
715923,-12.2145,31.3,11.65
716644,-12.2145,31.3,11.64
717365,-12.2145,31.3,11.64
718086,-12.2145,31.3,11.63
718807,-12.2145,31.3,11.62
719528,-12.2145,31.3,11.61
720249,-12.2145,31.3,11.60
720970,-12.2145,31.3,11.60
721691,-12.2145,31.3,11.59
722412,-12.2145,31.3,11.59
723133,-12.2145,31.3,11.58
723854,-12.2145,31.3,11.57
724575,-12.2145,31.3,11.57
725296,-12.2145,31.3,11.55
726017,-12.2145,31.3,11.55
726738,-12.2145,31.3,11.54
727459,-12.2145,31.3,11.54
728180,-11.7413,31.3,11.52
728901,-11.6286,31.3,11.52
729622,-12.0568,31.3,11.51
730343,-12.5075,31.3,11.50
731064,-12.1019,31.3,11.50
731785,-11.7413,31.3,11.49
732506,-12.5075,31.3,11.48
733227,-12.8681,31.3,11.47
733948,-13.4991,31.3,11.46
734669,-12.5300,31.3,11.46
735390,-12.2596,31.3,11.45
736111,-12.8906,31.3,11.44
736832,-11.3131,31.3,11.43
737553,-13.6568,31.3,11.42
738274,-11.9441,31.3,11.42
738995,-11.9441,31.3,11.41
739716,-11.9441,31.3,11.40
# [n=1000] mean=-12.2793 m  sigma=1.8480 m  die=31.3 C  CalVal=-72
740437,-11.9441,31.3,11.40
741158,-11.9441,31.3,11.39
741879,-11.9441,31.3,11.38
742600,-11.9441,31.3,11.37
743321,-11.9441,31.3,11.37
744042,-11.9441,31.3,11.36
744763,-11.9441,31.3,11.34
745484,-11.9441,31.3,11.34
746205,-11.9441,31.3,11.33
746926,-11.9441,31.3,11.32
747647,-11.9441,31.3,11.32
748368,-11.9441,31.3,11.31
749089,-11.9441,31.3,11.31
749810,-11.9441,31.3,11.30
750531,-11.9441,31.3,11.29
751252,-11.9441,31.3,11.28
751973,-11.9441,31.3,11.28
752694,-11.9441,31.3,11.27
753415,-11.9441,31.3,11.26
754136,-11.9441,31.3,11.26
754857,-11.0427,31.3,11.25
755578,-12.7329,31.3,11.24
756299,-12.3948,31.3,11.23
757020,-11.4709,31.3,11.22
757741,-11.6962,31.3,11.22
758462,-11.3582,31.3,11.21
759183,-13.6118,31.3,11.21
759904,-12.1469,31.3,11.20
760625,-13.5667,31.3,11.19
761346,-12.1019,31.3,11.18
762067,-12.1244,31.3,11.18
762788,-12.6202,31.3,11.17
763509,-12.7103,31.3,11.16
764230,-12.7554,31.3,11.16
764951,-12.2371,31.3,11.13
765672,-12.2371,31.3,11.14
766393,-12.2371,31.3,11.13
767114,-12.2371,31.3,11.13
767835,-12.2371,31.3,11.13
768556,-12.2371,31.3,11.11
769277,-12.2371,31.3,11.11
769998,-12.2371,31.3,11.10
770719,-12.2371,31.3,11.09
771440,-12.2371,31.3,11.08
772161,-12.2371,31.3,11.08
772882,-12.2371,31.3,11.07
773603,-12.2371,31.3,11.07
774324,-12.2371,30.3,11.06
775045,-12.2371,30.3,11.05
775766,-12.2371,30.3,11.04
776487,-12.2371,31.3,11.03
777208,-12.2371,30.3,11.03
777929,-12.2371,31.3,11.02
778650,-12.2371,30.3,11.02
779371,-12.2371,31.3,11.00
780092,-12.2371,31.3,11.00
780813,-12.2371,31.3,10.99
781534,-12.3047,31.3,10.98
782255,-11.5159,30.3,10.98
782976,-12.6653,31.3,10.97
783697,-12.2822,31.3,10.97
784418,-13.1836,31.3,10.96
785139,-13.4090,30.3,10.95
785860,-12.3948,30.3,10.94
786581,-13.5667,31.3,10.94
787302,-12.6878,30.3,10.93
788023,-11.8765,30.3,10.92
788744,-10.9300,30.3,10.92
789465,-12.1695,30.3,10.91
790186,-11.5835,30.3,10.90
790907,-11.6511,30.3,10.90
791628,-10.7272,30.3,10.88
792349,-10.7272,30.3,10.88
793070,-10.7272,30.3,10.88
793791,-10.7272,30.3,10.87
794512,-10.7272,30.3,10.86
795233,-10.7272,30.3,10.85
795954,-10.7272,30.3,10.84
796675,-10.7272,31.3,10.84
797396,-10.7272,30.3,10.83
798117,-10.7272,30.3,10.83
798838,-10.7272,30.3,10.82
799559,-10.7272,30.3,10.81
800280,-10.7272,30.3,10.81
801001,-10.7272,30.3,10.80
801722,-10.7272,30.3,10.79
802443,-10.7272,30.3,10.79
803164,-10.7272,30.3,10.78
803885,-10.7272,30.3,10.78
804606,-10.7272,30.3,10.77
805327,-10.7272,30.3,10.76
806048,-10.7272,30.3,10.76
806769,-10.7272,30.3,10.76
807490,-10.6821,30.3,10.75
808211,-10.7046,30.3,10.74
808932,-12.5075,30.3,10.73
809653,-12.4399,30.3,10.72
810374,-11.7864,30.3,10.72
811095,-12.4850,30.3,10.71
811816,-11.0201,30.3,10.70
# [n=1100] mean=-12.2380 m  sigma=1.7814 m  die=30.3 C  CalVal=-72
812537,-12.2822,30.3,10.69
813258,-13.3639,30.3,10.69
813979,-11.7638,30.3,10.68
814700,-11.1328,30.3,10.67
815421,-11.8765,30.3,10.67
816142,-11.7413,30.3,10.67
816863,-12.7329,30.3,10.66
817584,-11.8314,30.3,10.65
818305,-10.6145,30.3,10.64
819026,-10.6145,30.3,10.64
819747,-10.6145,30.3,10.63
820468,-10.6145,30.3,10.62
821189,-10.6145,30.3,10.61
821910,-10.6145,30.3,10.61
822631,-10.6145,30.3,10.61
823352,-10.6145,30.3,10.60
824073,-10.6145,30.3,10.59
824794,-10.6145,30.3,10.59
825515,-10.6145,30.3,10.58
826236,-10.6145,30.3,10.57
826957,-10.6145,30.3,10.57
827678,-10.6145,30.3,10.56
828399,-10.6145,30.3,10.56
829120,-10.6145,30.3,10.55
829841,-10.6145,30.3,10.55
830562,-10.6145,30.3,10.54
831283,-10.6145,30.3,10.53
832004,-10.6145,30.3,10.53
832725,-10.6145,30.3,10.52
833446,-10.6145,30.3,10.52
834167,-12.7103,30.3,10.51
834888,-12.0343,30.3,10.51
835609,-11.3356,30.3,10.49
836330,-12.5977,30.3,10.49
837051,-12.1469,30.3,10.49
837772,-12.4399,30.3,10.48
838493,-12.2145,30.3,10.47
839214,-13.7470,30.3,10.47
839935,-13.2061,30.3,10.46
840656,-12.0568,30.3,10.45
841377,-13.2061,30.3,10.45
842098,-13.5442,30.3,10.44
842819,-12.3272,30.3,10.43
843540,-11.9666,30.3,10.43
844261,-13.7019,30.3,10.43
844982,-15.5273,30.3,10.42
845703,-15.5273,30.3,10.41
846424,-15.5273,30.3,10.40
847145,-15.5273,30.3,10.40
847866,-15.5273,30.3,10.40
848587,-15.5273,30.3,10.39
849308,-15.5273,30.3,10.39
850029,-15.5273,30.3,10.38
850750,-15.5273,30.3,10.37
851471,-15.5273,30.3,10.37
852192,-15.5273,30.3,10.36
852913,-15.5273,30.3,10.35
853634,-15.5273,30.3,10.34
854355,-15.5273,30.3,10.34
855076,-15.5273,30.3,10.34
855797,-15.5273,30.3,10.33
856518,-15.5273,30.3,10.32
857239,-15.5273,30.3,10.32
857960,-15.5273,30.3,10.31
858681,-15.5273,30.3,10.31
859402,-15.5273,30.3,10.29
860123,-15.5273,30.3,10.29
860844,-12.3948,30.3,10.29
861565,-13.3864,30.3,10.29
862286,-13.7019,30.3,10.28
863007,-13.0033,30.3,10.27
863728,-11.9666,30.3,10.26
864449,-13.1836,30.3,10.26
865170,-13.8597,30.3,10.25
865891,-12.7103,30.3,10.25
866612,-13.2737,30.3,10.24
867333,-12.8456,30.3,10.23
868054,-11.3582,30.3,10.23
868775,-13.2061,30.3,10.22
869496,-12.7779,30.3,10.22
870217,-13.0484,30.3,10.21
870938,-12.2596,30.3,10.21
871659,-12.2596,30.3,10.20
872380,-12.2596,30.3,10.19
873101,-12.2596,30.3,10.19
873822,-12.2596,30.3,10.18
874543,-12.2596,30.3,10.18
875264,-12.2596,30.3,10.17
875985,-12.2596,30.3,10.17
876706,-12.2596,30.3,10.16
877427,-12.2596,30.3,10.16
878148,-12.2596,30.3,10.15
878869,-12.2596,30.3,10.15
879590,-12.2596,30.3,10.14
880311,-12.2596,30.3,10.14
881032,-12.2596,30.3,10.12
881753,-12.2596,30.3,10.12
882474,-12.2596,30.3,10.12
883195,-12.2596,30.3,10.11
883916,-12.2596,30.3,10.11
# [n=1200] mean=-12.2805 m  sigma=1.7817 m  die=30.3 C  CalVal=-72
884637,-12.2596,30.3,10.10
885358,-12.2596,30.3,10.09
886079,-12.2596,30.3,10.09
886800,-12.2596,30.3,10.08
887521,-11.6511,30.3,10.08
888242,-12.9808,30.3,10.08
888963,-12.4624,30.3,10.07
889684,-12.5526,30.3,10.06
890405,-13.0484,30.3,10.05
891126,-12.2371,30.3,10.04
891847,-12.2371,30.3,10.04
892568,-12.8456,30.3,10.03
893289,-11.4709,30.3,10.03
894010,-12.6202,30.3,10.02
894731,-12.1244,30.3,10.02
895452,-13.3639,30.3,10.01
896173,-11.7413,30.3,10.01
896894,-12.8230,30.3,10.00
897615,-12.9582,30.3,9.99
898336,-12.9582,30.3,9.98
899057,-12.9582,30.3,9.98
899778,-12.9582,30.3,9.98
900499,-12.9582,30.3,9.97
901220,-12.9582,30.3,9.97
901941,-12.9582,30.3,9.96
902662,-12.9582,30.3,9.96
903383,-12.9582,30.3,9.96
904104,-12.9582,30.3,9.95
904825,-12.9582,30.3,9.95
905546,-12.9582,30.3,9.94
906267,-12.9582,30.3,9.93
906988,-12.9582,30.3,9.92
907709,-12.9582,30.3,9.93
908430,-12.9582,30.3,9.92
909151,-12.9582,30.3,9.92
909872,-12.9582,30.3,9.91
910593,-12.9582,30.3,9.90
911314,-12.9582,30.3,9.90
912035,-12.9582,30.3,9.89
912756,-12.9582,30.3,9.89
913477,-12.9582,30.3,9.88
914198,-12.7103,30.3,9.88
914919,-12.4624,30.3,9.87
915640,-12.2145,30.3,9.87
916361,-13.5442,30.3,9.87
917082,-12.3723,30.3,9.86
917803,-12.0568,30.3,9.85
918524,-12.7103,30.3,9.85
919245,-12.3498,30.3,9.84
919966,-12.4624,30.3,9.83
920687,-12.5300,30.3,9.83
921408,-13.5216,30.3,9.83
922129,-11.8089,30.3,9.82
922850,-12.5526,30.3,9.81
923571,-11.6511,30.3,9.81
924292,-12.9132,30.3,9.80
925013,-12.9132,30.3,9.80
925734,-12.9132,30.3,9.79
926455,-12.9132,29.3,9.79
927176,-12.9132,29.3,9.78
927897,-12.9132,30.3,9.77
928618,-12.9132,29.3,9.76
929339,-12.9132,29.3,9.77
930060,-12.9132,29.3,9.76
930781,-12.9132,29.3,9.76
931502,-12.9132,29.3,9.75
932223,-12.9132,29.3,9.74
932944,-12.9132,29.3,9.74
933665,-12.9132,29.3,9.74
934386,-12.9132,29.3,9.73
935107,-12.9132,29.3,9.73
935828,-12.9132,29.3,9.72
936549,-12.9132,29.3,9.71
937270,-12.9132,29.3,9.70
937991,-12.9132,29.3,9.70
938712,-12.9132,29.3,9.69
939433,-12.9132,29.3,9.69
940154,-12.9132,29.3,9.69
940875,-12.1695,29.3,9.68
941596,-13.6794,29.3,9.68
942317,-13.1611,29.3,9.67
943038,-12.6427,29.3,9.67
943759,-13.2512,29.3,9.66
944480,-12.8681,29.3,9.66
945201,-13.6343,29.3,9.65
945922,-12.5977,29.3,9.65
946643,-12.6878,29.3,9.64
947364,-11.8089,29.3,9.65
948085,-13.3413,29.3,9.63
948806,-12.3498,29.3,9.63
949527,-13.4315,29.3,9.63
950248,-13.2963,29.3,9.62
950969,-12.6653,29.3,9.61
951690,-12.6653,29.3,9.61
952411,-12.6653,29.3,9.60
953132,-12.6653,29.3,9.60
953853,-12.6653,29.3,9.59
954574,-12.6653,29.3,9.58
955295,-12.6653,29.3,9.58
956016,-12.6653,29.3,9.58
# [n=1300] mean=-12.3169 m  sigma=1.7204 m  die=29.3 C  CalVal=-72
956737,-12.6653,29.3,9.57
957458,-12.6653,29.3,9.56
958179,-12.6653,29.3,9.56
958900,-12.6653,29.3,9.55
959621,-12.6653,29.3,9.55
960342,-12.6653,29.3,9.55
961063,-12.6653,30.3,9.54
961784,-12.6653,29.3,9.54
962505,-12.6653,29.3,9.53
963226,-12.6653,29.3,9.53
963947,-12.6653,29.3,9.52
964668,-12.6653,29.3,9.52
965389,-12.6653,29.3,9.51
966110,-12.6653,29.3,9.51
966831,-12.6653,29.3,9.50
967552,-12.7103,29.3,9.49
968273,-13.2737,29.3,9.49
968994,-11.5835,29.3,9.48
969715,-12.6427,29.3,9.49
970436,-13.5442,30.3,9.48
971157,-12.3723,29.3,9.48
971878,-12.6653,29.3,9.47
972599,-13.0484,29.3,9.46
973320,-13.2963,29.3,9.46
974041,-12.7103,29.3,9.45
974762,-12.9582,29.3,9.45
975483,-13.2963,29.3,9.44
976204,-12.7329,29.3,9.43
976925,-12.8906,29.3,9.43
977646,-12.3047,29.3,9.43
978367,-12.3047,29.3,9.42
979088,-12.3047,29.3,9.42
979809,-12.3047,29.3,9.42
980530,-12.3047,29.3,9.41
981251,-12.3047,29.3,9.40
981972,-12.3047,29.3,9.40
982693,-12.3047,29.3,9.39
983414,-12.3047,29.3,9.39
984135,-12.3047,29.3,9.38
984856,-12.3047,29.3,9.38
985577,-12.3047,29.3,9.38
986298,-12.3047,29.3,9.36
987019,-12.3047,29.3,9.36
987740,-12.3047,29.3,9.36
988461,-12.3047,29.3,9.36
989182,-12.3047,29.3,9.35
989903,-12.3047,29.3,9.35
990624,-12.3047,29.3,9.35
991345,-12.3047,29.3,9.34
992066,-12.3047,29.3,9.34
992787,-12.3047,29.3,9.33
993508,-12.3047,29.3,9.33
994229,-11.5835,29.3,9.32
994950,-14.1752,29.3,9.31
995671,-13.3864,29.3,9.32
996392,-12.7779,29.3,9.31
997113,-12.3948,29.3,9.30
997834,-12.1019,29.3,9.30
998555,-12.8230,29.3,9.30
999276,-12.1469,29.3,9.29
999997,-12.2371,29.3,9.29
1000718,-13.4991,29.3,9.29
1001439,-12.5751,29.3,9.28
1002160,-12.4850,29.3,9.27
1002881,-13.1385,29.3,9.27
1003602,-13.0258,29.3,9.26
1004323,-12.8906,29.3,9.26
1005044,-12.8906,29.3,9.25
1005765,-12.8906,29.3,9.25
1006486,-12.8906,29.3,9.25
1007207,-12.8906,29.3,9.24
1007928,-12.8906,29.3,9.23
1008649,-12.8906,29.3,9.23
1009370,-12.8906,29.3,9.23
1010091,-12.8906,29.3,9.22
1010812,-12.8906,29.3,9.22
1011533,-12.8906,29.3,9.21
1012254,-12.8906,29.3,9.21
1012975,-12.8906,29.3,9.20
1013696,-12.8906,29.3,9.20
1014417,-12.8906,29.3,9.19
1015138,-12.8906,29.3,9.19
1015859,-12.8906,29.3,9.19
1016580,-12.8906,29.3,9.18
1017301,-12.8906,29.3,9.18
1018022,-12.8906,29.3,9.17
1018743,-12.8906,29.3,9.17
1019464,-12.8906,29.3,9.17
1020185,-12.8906,29.3,9.16
1020906,-12.6878,29.3,9.16
1021627,-13.2963,29.3,9.15
1022348,-12.8681,29.3,9.15
1023069,-13.0484,29.3,9.14
1023790,-11.6737,29.3,9.14
1024511,-12.2822,29.3,9.14
1025232,-12.9808,29.3,9.13
1025953,-12.8681,29.3,9.13
1026674,-12.1019,29.3,9.13
1027395,-12.9808,29.3,9.12
1028116,-13.9724,29.3,9.12
# [n=1400] mean=-12.3431 m  sigma=1.6642 m  die=29.3 C  CalVal=-72
1028837,-11.9892,29.3,9.11
1029558,-12.1920,29.3,9.11
1030279,-12.9582,29.3,9.10
1031000,-12.3948,29.3,9.10
1031721,-12.3948,29.3,9.09
1032442,-12.3948,29.3,9.09
1033163,-12.3948,29.3,9.09
1033884,-12.3948,29.3,9.08
1034605,-12.3948,29.3,9.08
1035326,-12.3948,29.3,9.08
1036047,-12.3948,29.3,9.07
1036768,-12.3948,29.3,9.06
1037489,-12.3948,29.3,9.06
1038210,-12.3948,29.3,9.05
1038931,-12.3948,29.3,9.04
1039652,-12.3948,28.3,9.04
1040373,-12.3948,29.3,9.04
1041094,-12.3948,29.3,9.03
1041815,-12.3948,29.3,9.03
1042536,-12.3948,29.3,9.03
1043257,-12.3948,29.3,9.03
1043978,-12.3948,28.3,9.02
1044699,-12.3948,28.3,9.01
1045420,-12.3948,29.3,9.01
1046141,-12.3948,29.3,9.00
1046862,-12.3948,29.3,9.00
1047583,-13.4991,29.3,9.00
1048304,-12.4624,29.3,8.99
1049025,-11.9216,29.3,8.99
1049746,-12.5075,29.3,8.99
1050467,-11.7638,29.3,8.98
1051188,-12.1019,29.3,8.98
1051909,-12.0568,28.3,8.98
1052630,-12.0568,28.3,8.97
1053351,-11.4709,29.3,8.97
1054072,-13.0033,29.3,8.97
1054793,-12.8005,29.3,8.96
1055514,-13.0258,29.3,8.95
1056235,-12.2371,29.3,8.95
1056956,-11.4032,29.3,8.95
1057677,-13.2737,29.3,8.94
1058398,-13.2737,29.3,8.94
1059119,-13.2737,29.3,8.94
1059840,-13.2737,29.3,8.93
1060561,-13.2737,29.3,8.93
1061282,-13.2737,29.3,8.93
1062003,-13.2737,29.3,8.92
1062724,-13.2737,29.3,8.92
1063445,-13.2737,29.3,8.91
1064166,-13.2737,29.3,8.91
1064887,-13.2737,29.3,8.90
1065608,-13.2737,28.3,8.90
1066329,-13.2737,29.3,8.90
1067050,-13.2737,29.3,8.89
1067771,-13.2737,28.3,8.89
1068492,-13.2737,28.3,8.88
1069213,-13.2737,29.3,8.88
1069934,-13.2737,28.3,8.88
1070655,-13.2737,28.3,8.87
1071376,-13.2737,28.3,8.86
1072097,-13.2737,29.3,8.86
1072818,-13.2737,28.3,8.86
1073539,-13.2737,28.3,8.85
1074260,-12.8005,28.3,8.86
1074981,-12.7554,28.3,8.85
1075702,-12.6878,29.3,8.85
1076423,-12.6878,28.3,8.84
1077144,-12.9132,28.3,8.84
1077865,-13.4991,28.3,8.84
1078586,-11.8990,28.3,8.83
1079307,-12.8456,28.3,8.83
1080028,-13.4766,28.3,8.82
1080749,-11.9441,28.3,8.83
1081470,-12.1244,28.3,8.82
1082191,-12.3723,28.3,8.81
1082912,-13.3864,28.3,8.81
1083633,-13.7019,28.3,8.80
1084354,-13.3188,28.3,8.80
1085075,-13.3188,28.3,8.80
1085796,-13.3188,28.3,8.79
1086517,-13.3188,28.3,8.79
1087238,-13.3188,28.3,8.79
1087959,-13.3188,28.3,8.78
1088680,-13.3188,28.3,8.78
1089401,-13.3188,28.3,8.77
1090122,-13.3188,28.3,8.77
1090843,-13.3188,28.3,8.76
1091564,-13.3188,28.3,8.76
1092285,-13.3188,28.3,8.76
1093006,-13.3188,29.3,8.75
1093727,-13.3188,28.3,8.75
1094448,-13.3188,28.3,8.74
1095169,-13.3188,28.3,8.74
1095890,-13.3188,28.3,8.73
1096611,-13.3188,28.3,8.73
1097332,-13.3188,28.3,8.73
1098053,-13.3188,28.3,8.72
1098774,-13.3188,28.3,8.72
1099495,-13.3188,28.3,8.72
1100216,-13.3188,28.3,8.71
# [n=1500] mean=-12.3770 m  sigma=1.6187 m  die=28.3 C  CalVal=-73
1100937,-12.8906,28.3,8.70
1101658,-12.4624,28.3,8.70
1102379,-11.9216,28.3,8.70
1103100,-11.7864,28.3,8.70
1103821,-12.3723,28.3,8.69
1104542,-12.1695,28.3,8.69
1105263,-12.7329,28.3,8.69
1105984,-13.4540,28.3,8.68
1106705,-12.8230,28.3,8.68
1107426,-12.9357,28.3,8.68
1108147,-13.5216,28.3,8.67
1108868,-12.3498,28.3,8.67
1109589,-12.8906,29.3,8.67
1110310,-13.0484,28.3,8.66
1111031,-12.2596,28.3,8.66
1111752,-12.2596,28.3,8.66
1112473,-12.2596,28.3,8.66
1113194,-12.2596,28.3,8.65
1113915,-12.2596,28.3,8.65
1114636,-12.2596,28.3,8.64
1115357,-12.2596,28.3,8.64
1116078,-12.2596,28.3,8.63
1116799,-12.2596,28.3,8.63
1117520,-12.2596,28.3,8.63
1118241,-12.2596,28.3,8.62
1118962,-12.2596,28.3,8.62
1119683,-12.2596,28.3,8.61
1120404,-12.2596,28.3,8.61
1121125,-12.2596,28.3,8.61
1121846,-12.2596,28.3,8.60
1122567,-12.2596,28.3,8.60
1123288,-12.2596,28.3,8.59
1124009,-12.2596,28.3,8.59
1124730,-12.2596,28.3,8.59
1125451,-12.2596,28.3,8.58
1126172,-12.2596,28.3,8.58
1126893,-12.2596,28.3,8.58
1127614,-12.4850,28.3,8.57
1128335,-12.5526,28.3,8.57
1129056,-13.2061,28.3,8.56
1129777,-12.8456,28.3,8.56
1130498,-13.1385,28.3,8.55
1131219,-13.3188,28.3,8.56
1131940,-12.6202,28.3,8.55
1132661,-12.5075,28.3,8.54
1133382,-13.1611,28.3,8.55
1134103,-12.8230,28.3,8.55
1134824,-13.8822,28.3,8.54
1135545,-12.1469,28.3,8.54
1136266,-12.2596,28.3,8.54
1136987,-11.6962,28.3,8.53
1137708,-13.5216,28.3,8.53
1138429,-13.5216,28.3,8.52
1139150,-13.5216,28.3,8.52
1139871,-13.5216,28.3,8.52
1140592,-13.5216,28.3,8.51
1141313,-13.5216,28.3,8.51
1142034,-13.5216,28.3,8.51
1142755,-13.5216,28.3,8.51
1143476,-13.5216,28.3,8.50
1144197,-13.5216,28.3,8.49
1144918,-13.5216,28.3,8.50
1145639,-13.5216,28.3,8.49
1146360,-13.5216,28.3,8.49
1147081,-13.5216,28.3,8.49
1147802,-13.5216,28.3,8.48
1148523,-13.5216,28.3,8.48
1149244,-13.5216,28.3,8.48
1149965,-13.5216,28.3,8.47
1150686,-13.5216,28.3,8.47
1151407,-13.5216,28.3,8.47
1152128,-13.5216,28.3,8.46
1152849,-13.5216,28.3,8.45
1153570,-13.5216,28.3,8.45
1154291,-12.7779,28.3,8.45
1155012,-12.3272,28.3,8.44
1155733,-12.6878,28.3,8.44
1156454,-12.3948,28.3,8.44
1157175,-12.3723,28.3,8.44
1157896,-13.0033,28.3,8.43
1158617,-12.8456,28.3,8.43
1159338,-12.2145,28.3,8.43
1160059,-12.7779,28.3,8.43
1160780,-12.6653,28.3,8.42
1161501,-12.9808,28.3,8.42
1162222,-12.9582,28.3,8.42
1162943,-12.6427,28.3,8.41
1163664,-11.7413,28.3,8.40
1164385,-12.6427,28.3,8.40
1165106,-12.6427,28.3,8.40
1165827,-12.6427,28.3,8.40
1166548,-12.6427,28.3,8.39
1167269,-12.6427,28.3,8.39
1167990,-12.6427,28.3,8.39
1168711,-12.6427,28.3,8.39
1169432,-12.6427,28.3,8.38
1170153,-12.6427,28.3,8.38
1170874,-12.6427,28.3,8.37
1171595,-12.6427,28.3,8.37
1172316,-12.6427,28.3,8.37
# [n=1600] mean=-12.4016 m  sigma=1.5759 m  die=28.3 C  CalVal=-73
1173037,-12.6427,28.3,8.37
1173758,-12.6427,28.3,8.36
1174479,-12.6427,28.3,8.36
1175200,-12.6427,28.3,8.36
1175921,-12.6427,28.3,8.36
1176642,-12.6427,28.3,8.35
1177363,-12.6427,28.3,8.34
1178084,-12.6427,28.3,8.34
1178805,-12.6427,28.3,8.34
1179526,-12.6427,28.3,8.34
1180247,-12.6427,28.3,8.34
1180968,-12.8230,28.3,8.33
1181689,-13.0934,28.3,8.32
1182410,-12.6878,28.3,8.33
1183131,-12.4174,28.3,8.32
1183852,-12.3272,28.3,8.31
1184573,-12.7779,28.3,8.32
1185294,-12.5751,28.3,8.32
1186015,-13.2963,28.3,8.31
1186736,-12.1695,28.3,8.31
1187457,-12.5075,28.3,8.30
1188178,-12.8456,28.3,8.29
1188899,-12.1469,28.3,8.30
1189620,-12.6653,28.3,8.29
1190341,-12.1019,28.3,8.29
1191062,-12.3272,28.3,8.28
1191783,-12.3272,28.3,8.28
1192504,-12.3272,28.3,8.27
1193225,-12.3272,28.3,8.27
1193946,-12.3272,28.3,8.27
1194667,-12.3272,28.3,8.27
1195388,-12.3272,28.3,8.26
1196109,-12.3272,28.3,8.26
1196830,-12.3272,28.3,8.26
1197551,-12.3272,28.3,8.26
1198272,-12.3272,28.3,8.26
1198993,-12.3272,28.3,8.25
1199714,-12.3272,28.3,8.25
1200435,-12.3272,28.3,8.24
1201156,-12.3272,28.3,8.24
1201877,-12.3272,28.3,8.24
1202598,-12.3272,28.3,8.24
1203319,-12.3272,28.3,8.23
1204040,-12.3272,28.3,8.23
1204761,-12.3272,28.3,8.23
1205482,-12.3272,28.3,8.22
1206203,-12.3272,28.3,8.23
1206924,-12.3272,28.3,8.23
1207645,-12.7329,28.3,8.21
1208366,-13.0258,27.3,8.21
1209087,-12.7779,28.3,8.21
1209808,-13.2061,28.3,8.20
1210529,-12.7103,28.3,8.20
1211250,-11.8540,27.3,8.20
1211971,-11.7413,28.3,8.20
1212692,-13.5216,28.3,8.20
1213413,-12.8230,28.3,8.19
1214134,-12.8230,28.3,8.19
1214855,-12.1469,28.3,8.18
1215576,-12.1920,28.3,8.18
1216297,-12.4399,28.3,8.18
1217018,-13.1385,28.3,8.17
1217739,-12.7329,28.3,8.17
1218460,-12.7329,28.3,8.17
1219181,-12.7329,28.3,8.16
1219902,-12.7329,28.3,8.17
1220623,-12.7329,28.3,8.16
1221344,-12.7329,28.3,8.16
1222065,-12.7329,28.3,8.15
1222786,-12.7329,28.3,8.15
1223507,-12.7329,28.3,8.15
1224228,-12.7329,27.3,8.15
1224949,-12.7329,28.3,8.15
1225670,-12.7329,28.3,8.15
1226391,-12.7329,28.3,8.14
1227112,-12.7329,28.3,8.14
1227833,-12.7329,28.3,8.13
1228554,-12.7329,28.3,8.13
1229275,-12.7329,28.3,8.13
1229996,-12.7329,28.3,8.13
1230717,-12.7329,28.3,8.12
1231438,-12.7329,28.3,8.12
1232159,-12.7329,28.3,8.12
1232880,-12.7329,28.3,8.11
1233601,-12.7329,28.3,8.11
1234322,-11.5610,28.3,8.11
1235043,-12.6878,28.3,8.10
1235764,-12.5977,28.3,8.10
1236485,-12.4174,28.3,8.10
1237206,-12.7779,28.3,8.10
1237927,-13.7019,28.3,8.09
1238648,-12.4850,28.3,8.09
1239369,-11.5159,28.3,8.09
1240090,-12.5526,28.3,8.08
1240811,-12.2822,28.3,8.08
1241532,-12.4624,28.3,8.08
1242253,-12.6878,28.3,8.07
1242974,-12.2371,28.3,8.07
1243695,-13.0484,28.3,8.07
1244416,-12.5977,28.3,8.07
# [n=1700] mean=-12.4113 m  sigma=1.5315 m  die=28.3 C  CalVal=-73
1245137,-12.5977,28.3,8.07
1245858,-12.5977,28.3,8.06
1246579,-12.5977,28.3,8.06
1247300,-12.5977,28.3,8.06
1248021,-12.5977,27.3,8.05
1248742,-12.5977,28.3,8.05
1249463,-12.5977,27.3,8.05
1250184,-12.5977,28.3,8.04
1250905,-12.5977,28.3,8.04
1251626,-12.5977,28.3,8.04
1252347,-12.5977,28.3,8.03
1253068,-12.5977,28.3,8.03
1253789,-12.5977,28.3,8.03
1254510,-12.5977,27.3,8.03
1255231,-12.5977,28.3,8.02
1255952,-12.5977,27.3,8.03
1256673,-12.5977,28.3,8.02
1257394,-12.5977,27.3,8.02
1258115,-12.5977,28.3,8.02
1258836,-12.5977,28.3,8.02
1259557,-12.5977,28.3,8.02
1260278,-12.5977,27.3,8.01
1260999,-12.6427,27.3,8.00
1261720,-13.0484,27.3,8.00
1262441,-13.3188,27.3,8.00
1263162,-13.2963,27.3,8.00
1263883,-12.6878,27.3,7.99
1264604,-13.7019,27.3,7.99
1265325,-12.5977,28.3,7.98
1266046,-12.9132,27.3,7.99
1266767,-12.7329,27.3,7.98
1267488,-11.8765,27.3,7.98
1268209,-12.7554,28.3,7.98
1268930,-12.5977,27.3,7.98
1269651,-13.2512,27.3,7.97
1270372,-12.5300,27.3,7.97
1271093,-11.7187,27.3,7.98
1271814,-11.7187,27.3,7.97
1272535,-11.7187,27.3,7.96
1273256,-11.7187,27.3,7.96
1273977,-11.7187,28.3,7.96
1274698,-11.7187,27.3,7.95
1275419,-11.7187,27.3,7.95
1276140,-11.7187,27.3,7.95
1276861,-11.7187,27.3,7.95
1277582,-11.7187,27.3,7.95
1278303,-11.7187,28.3,7.94
1279024,-11.7187,28.3,7.94
1279745,-11.7187,27.3,7.94
1280466,-11.7187,27.3,7.93
1281187,-11.7187,27.3,7.94
1281908,-11.7187,27.3,7.93
1282629,-11.7187,28.3,7.93
1283350,-11.7187,27.3,7.92
1284071,-11.7187,27.3,7.92
1284792,-11.7187,27.3,7.92
1285513,-11.7187,27.3,7.92
1286234,-11.7187,27.3,7.92
1286955,-11.7187,27.3,7.91
1287676,-13.3413,28.3,7.91
1288397,-12.6878,28.3,7.91
1289118,-11.5385,27.3,7.91
1289839,-12.1019,27.3,7.91
1290560,-11.8765,27.3,7.90
1291281,-12.5751,27.3,7.89
1292002,-13.1385,27.3,7.90
1292723,-12.7779,27.3,7.89
1293444,-13.2512,27.3,7.90
1294165,-12.6202,27.3,7.89
1294886,-12.5526,27.3,7.89
1295607,-12.3723,27.3,7.89
1296328,-12.4399,27.3,7.89
1297049,-12.5977,27.3,7.88
1297770,-12.9582,27.3,7.88
1298491,-12.9582,27.3,7.88
1299212,-12.9582,27.3,7.87
1299933,-12.9582,27.3,7.87
1300654,-12.9582,27.3,7.87
1301375,-12.9582,27.3,7.86
1302096,-12.9582,27.3,7.87
1302817,-12.9582,28.3,7.86
1303538,-12.9582,27.3,7.86
1304259,-12.9582,27.3,7.86
1304980,-12.9582,27.3,7.86
1305701,-12.9582,27.3,7.85
1306422,-12.9582,27.3,7.85
1307143,-12.9582,27.3,7.84
1307864,-12.9582,27.3,7.85
1308585,-12.9582,27.3,7.84
1309306,-12.9582,27.3,7.84
1310027,-12.9582,27.3,7.84
1310748,-12.9582,27.3,7.83
1311469,-12.9582,27.3,7.84
1312190,-12.9582,27.3,7.83
1312911,-12.9582,27.3,7.83
1313632,-12.9582,27.3,7.83
1314353,-12.3047,27.3,7.83
1315074,-12.5075,27.3,7.82
1315795,-12.3047,27.3,7.81
1316516,-13.1160,27.3,7.81
# [n=1800] mean=-12.4167 m  sigma=1.4936 m  die=27.3 C  CalVal=-73
1317237,-13.5892,27.3,7.81
1317958,-12.4624,27.3,7.81
1318679,-12.8681,27.3,7.81
1319400,-12.4850,27.3,7.80
1320121,-12.4624,27.3,7.80
1320842,-13.2287,27.3,7.80
1321563,-12.5075,27.3,7.80
1322284,-12.4624,27.3,7.80
1323005,-12.5300,27.3,7.80
1323726,-12.5526,27.3,7.80
1324447,-12.1469,27.3,7.79
1325168,-12.1469,27.3,7.79
1325889,-12.1469,27.3,7.79
1326610,-12.1469,27.3,7.78
1327331,-12.1469,27.3,7.78
1328052,-12.1469,27.3,7.78
1328773,-12.1469,27.3,7.78
1329494,-12.1469,27.3,7.77
1330215,-12.1469,27.3,7.77
1330936,-12.1469,27.3,7.77
1331657,-12.1469,27.3,7.77
1332378,-12.1469,27.3,7.76
1333099,-12.1469,27.3,7.76
1333820,-12.1469,27.3,7.76
1334541,-12.1469,27.3,7.75
1335262,-12.1469,27.3,7.75
1335983,-12.1469,27.3,7.75
1336704,-12.1469,27.3,7.74
1337425,-12.1469,27.3,7.74
1338146,-12.1469,27.3,7.74
1338867,-12.1469,27.3,7.74
1339588,-12.1469,27.3,7.74
1340309,-12.1469,27.3,7.74
1341030,-12.2822,27.3,7.73
1341751,-13.2287,27.3,7.73
1342472,-12.5977,27.3,7.73
1343193,-12.8906,27.3,7.73
1343914,-12.9582,27.3,7.72
1344635,-13.4991,27.3,7.72
1345356,-11.4258,27.3,7.72
1346077,-13.5892,27.3,7.72
1346798,-12.8906,27.3,7.71
1347519,-13.2963,27.3,7.71
1348240,-13.0258,27.3,7.71
1348961,-12.4399,27.3,7.71
1349682,-12.3948,27.3,7.71
1350403,-11.2906,27.3,7.71
1351124,-12.8681,27.3,7.70
1351845,-12.8681,27.3,7.70
1352566,-12.8681,27.3,7.70
1353287,-12.8681,27.3,7.70
1354008,-12.8681,27.3,7.70
1354729,-12.8681,27.3,7.69
1355450,-12.8681,27.3,7.70
1356171,-12.8681,27.3,7.70
1356892,-12.8681,27.3,7.69
1357613,-12.8681,27.3,7.69
1358334,-12.8681,27.3,7.69
1359055,-12.8681,27.3,7.68
1359776,-12.8681,27.3,7.68
1360497,-12.8681,27.3,7.68
1361218,-12.8681,27.3,7.68
1361939,-12.8681,27.3,7.68
1362660,-12.8681,27.3,7.67
1363381,-12.8681,27.3,7.67
1364102,-12.8681,27.3,7.67
1364823,-12.8681,27.3,7.67
1365544,-12.8681,27.3,7.66
1366265,-12.8681,27.3,7.66
1366986,-11.1328,27.3,7.66
1367707,-12.7103,27.3,7.66
1368428,-12.2145,27.3,7.66
1369149,-11.6511,27.3,7.66
1369870,-12.2145,27.3,7.65
1370591,-13.2963,27.3,7.66
1371312,-13.0709,27.3,7.66
1372033,-11.9216,27.3,7.65
1372754,-12.9808,27.3,7.65
1373475,-12.4850,27.3,7.65
1374196,-12.3047,27.3,7.65
1374917,-12.4624,27.3,7.65
1375638,-11.6286,27.3,7.65
1376359,-11.6286,27.3,7.64
1377080,-13.1385,27.3,7.63
1377801,-13.1611,27.3,7.64
1378522,-13.1611,27.3,7.63
1379243,-13.1611,27.3,7.63
1379964,-13.1611,27.3,7.63
1380685,-13.1611,27.3,7.63
1381406,-13.1611,27.3,7.63
1382127,-13.1611,27.3,7.62
1382848,-13.1611,27.3,7.62
1383569,-13.1611,27.3,7.62
1384290,-13.1611,27.3,7.62
1385011,-13.1611,27.3,7.61
1385732,-13.1611,27.3,7.61
1386453,-13.1611,27.3,7.61
1387174,-13.1611,27.3,7.61
1387895,-13.1611,27.3,7.61
1388616,-13.1611,27.3,7.61
# [n=1900] mean=-12.4278 m  sigma=1.4593 m  die=27.3 C  CalVal=-73
1389337,-13.1611,27.3,7.60
1390058,-13.1611,27.3,7.60
1390779,-13.1611,27.3,7.60
1391500,-13.1611,27.3,7.59
1392221,-13.1611,27.3,7.59
1392942,-13.1611,27.3,7.60
1393663,-12.9582,27.3,7.59
1394384,-12.7103,27.3,7.58
1395105,-13.0033,27.3,7.59
1395826,-13.0709,27.3,7.59
1396547,-12.9582,27.3,7.59
1397268,-12.1469,27.3,7.59
1397989,-13.3413,27.3,7.58
1398710,-12.5300,27.3,7.58
1399431,-12.2822,27.3,7.58
1400152,-12.2371,27.3,7.57
1400873,-12.7554,27.3,7.57
1401594,-12.0117,27.3,7.57
1402315,-13.4315,27.3,7.57
1403036,-12.7329,27.3,7.56
1403757,-12.5751,27.3,7.56
1404478,-6.2650,27.3,7.56
1405199,-6.2650,27.3,7.56
1405920,-6.2650,27.3,7.56
1406641,-6.2650,27.3,7.56
1407362,-6.2650,27.3,7.55
1408083,-6.2650,27.3,7.55
1408804,-6.2650,27.3,7.55
1409525,-6.2650,27.3,7.55
1410246,-6.2650,27.3,7.55
1410967,-6.2650,27.3,7.54
1411688,-6.2650,27.3,7.54
1412409,-6.2650,27.3,7.55
1413130,-6.2650,27.3,7.54
1413851,-6.2650,27.3,7.54
1414572,-6.2650,27.3,7.53
1415293,-6.2650,27.3,7.54
1416014,-6.2650,27.3,7.53
1416735,-6.2650,27.3,7.53
1417456,-6.2650,27.3,7.53
1418177,-6.2650,27.3,7.52
1418898,-6.2650,27.3,7.52
1419619,-6.2650,27.3,7.52
1420340,-10.9751,27.3,7.52
1421061,-12.7554,27.3,7.52
1421782,-13.2061,27.3,7.51
1422503,-11.8765,27.3,7.51
1423224,-12.1920,27.3,7.51
1423945,-12.3498,27.3,7.51
1424666,-13.5442,27.3,7.51
1425387,-12.9582,27.3,7.51
1426108,-13.3188,27.3,7.50
1426829,-13.0258,27.3,7.50
1427550,-12.4850,27.3,7.50
1428271,-12.4624,27.3,7.50
1428992,-13.4540,27.3,7.49
1429713,-13.2737,27.3,7.49
1430434,-12.6427,27.3,7.49
1431155,-12.6427,27.3,7.49
1431876,-12.6427,27.3,7.49
1432597,-12.6427,27.3,7.49
1433318,-12.6427,27.3,7.48
1434039,-12.6427,27.3,7.49
1434760,-12.6427,27.3,7.48
1435481,-12.6427,27.3,7.48
1436202,-12.6427,27.3,7.48
1436923,-12.6427,27.3,7.48
1437644,-12.6427,27.3,7.47
1438365,-12.6427,27.3,7.47
1439086,-12.6427,27.3,7.48
1439807,-12.6427,27.3,7.47
1440528,-12.6427,27.3,7.47
1441249,-12.6427,27.3,7.47
1441970,-12.6427,27.3,7.46
1442691,-12.6427,27.3,7.46
1443412,-12.6427,27.3,7.46
1444133,-12.6427,27.3,7.46
1444854,-12.6427,27.3,7.46
1445575,-12.6427,27.3,7.45
1446296,-12.6427,27.3,7.45
1447017,-12.8681,27.3,7.45
1447738,-13.0709,27.3,7.45
1448459,-12.0568,27.3,7.45
1449180,-13.0033,27.3,7.44
1449901,-12.8906,27.3,7.44
1450622,-12.3498,27.3,7.44
1451343,-12.5977,27.3,7.44
1452064,-12.7329,27.3,7.44
1452785,-12.3272,27.3,7.43
1453506,-12.3047,27.3,7.44
1454227,-12.3948,27.3,7.43
1454948,-12.5300,27.3,7.43
1455669,-11.9666,27.3,7.43
1456390,-12.2596,27.3,7.43
1457111,-12.5075,27.3,7.43
1457832,-12.5075,27.3,7.42
1458553,-12.5075,27.3,7.42
1459274,-12.5075,27.3,7.42
1459995,-12.5075,27.3,7.42
1460716,-12.5075,27.3,7.42
# [n=2000] mean=-12.3697 m  sigma=1.5640 m  die=27.3 C  CalVal=-72
1461437,-12.5075,27.3,7.41
1462158,-12.5075,27.3,7.41
1462879,-12.5075,27.3,7.41
1463600,-12.5075,27.3,7.41
1464321,-12.5075,27.3,7.41
1465042,-12.5075,27.3,7.41
1465763,-12.5075,27.3,7.41
1466484,-12.5075,27.3,7.40
1467205,-12.5075,27.3,7.40
1467926,-12.5075,27.3,7.40
1468647,-12.5075,27.3,7.40
1469368,-12.5075,27.3,7.39
1470089,-12.5075,27.3,7.40
1470810,-12.5075,27.3,7.39
1471531,-12.5075,27.3,7.39
1472252,-12.5075,27.3,7.39
1472973,-12.5075,27.3,7.39
1473694,-12.8005,26.3,7.39
1474415,-12.2596,27.3,7.39
1475136,-11.8089,27.3,7.38
1475857,-12.5075,27.3,7.38
1476578,-12.9132,27.3,7.38
1477299,-11.7413,27.3,7.38
1478020,-12.6202,26.3,7.38
1478741,-13.6118,27.3,7.37
1479462,-13.3188,27.3,7.37
1480183,-11.9216,27.3,7.37
1480904,-12.6202,27.3,7.37
1481625,-12.9357,27.3,7.37
1482346,-13.7245,27.3,7.37
1483067,-13.1160,26.3,7.37
1483788,-11.5385,26.3,7.37
1484509,-11.5385,26.3,7.37
1485230,-11.5385,26.3,7.37
1485951,-11.5385,26.3,7.36
1486672,-11.5385,26.3,7.35
1487393,-11.5385,26.3,7.35
1488114,-11.5385,27.3,7.35
1488835,-11.5385,26.3,7.35
1489556,-11.5385,27.3,7.35
1490277,-11.5385,27.3,7.35
1490998,-11.5385,27.3,7.35
1491719,-11.5385,26.3,7.35
1492440,-11.5385,27.3,7.34
1493161,-11.5385,27.3,7.34
1493882,-11.5385,27.3,7.35
1494603,-11.5385,26.3,7.34
1495324,-11.5385,26.3,7.34
1496045,-11.5385,26.3,7.34
1496766,-11.5385,26.3,7.34
1497487,-11.5385,26.3,7.33
1498208,-11.5385,26.3,7.33
1498929,-11.5385,27.3,7.32
1499650,-11.5385,26.3,7.33
1500371,-11.7864,26.3,7.33
1501092,-13.0033,27.3,7.33
1501813,-12.5977,27.3,7.33
1502534,-12.5075,26.3,7.32
1503255,-12.5977,27.3,7.32
1503976,-12.5751,27.3,7.33
1504697,-12.1469,27.3,7.32
1505418,-12.6427,27.3,7.32
1506139,-11.4934,27.3,7.31
1506860,-12.6878,27.3,7.32
1507581,-12.3723,27.3,7.32
1508302,-13.0934,27.3,7.32
1509023,-11.6511,26.3,7.31
1509744,-12.2822,26.3,7.31
1510465,-13.0033,27.3,7.31
1511186,-13.0033,26.3,7.31
1511907,-13.0033,27.3,7.31
1512628,-13.0033,27.3,7.30
1513349,-13.0033,27.3,7.30
1514070,-13.0033,27.3,7.30
1514791,-13.0033,27.3,7.30
1515512,-13.0033,26.3,7.30
1516233,-13.0033,27.3,7.30
1516954,-13.0033,27.3,7.29
1517675,-13.0033,27.3,7.29
1518396,-13.0033,27.3,7.29
1519117,-13.0033,27.3,7.29
1519838,-13.0033,27.3,7.29
1520559,-13.0033,27.3,7.29
1521280,-13.0033,27.3,7.29
1522001,-13.0033,27.3,7.28
1522722,-13.0033,27.3,7.28
1523443,-13.0033,26.3,7.28
1524164,-13.0033,27.3,7.28
1524885,-13.0033,26.3,7.28
1525606,-13.0033,27.3,7.28
1526327,-13.0033,26.3,7.28
1527048,-12.6653,26.3,7.27
1527769,-12.1695,26.3,7.27
1528490,-12.2371,26.3,7.27
1529211,-12.2371,26.3,7.27
1529932,-11.6737,26.3,7.27
1530653,-13.3413,26.3,7.26
1531374,-12.2596,26.3,7.27
1532095,-12.8230,26.3,7.26
1532816,-13.4766,26.3,7.27
# [n=2100] mean=-12.3718 m  sigma=1.5323 m  die=26.3 C  CalVal=-72
1533537,-12.0568,26.3,7.26
1534258,-12.5977,26.3,7.26
1534979,-12.5977,26.3,7.26
1535700,-13.6568,26.3,7.26
1536421,-13.1611,26.3,7.25
1537142,-12.2371,26.3,7.25
1537863,-12.2371,27.3,7.26
1538584,-12.2371,27.3,7.25
1539305,-12.2371,27.3,7.25
1540026,-12.2371,26.3,7.25
1540747,-12.2371,27.3,7.25
1541468,-12.2371,27.3,7.25
1542189,-12.2371,27.3,7.24
1542910,-12.2371,27.3,7.25
1543631,-12.2371,27.3,7.24
1544352,-12.2371,27.3,7.25
1545073,-12.2371,27.3,7.25
1545794,-12.2371,27.3,7.24
1546515,-12.2371,26.3,7.24
1547236,-12.2371,26.3,7.24
1547957,-12.2371,26.3,7.24
1548678,-12.2371,26.3,7.23
1549399,-12.2371,26.3,7.23
1550120,-12.2371,26.3,7.23
1550841,-12.2371,26.3,7.23
1551562,-12.2371,26.3,7.23
1552283,-12.2371,26.3,7.23
1553004,-12.2371,27.3,7.22
1553725,-11.9666,26.3,7.22
1554446,-13.2287,26.3,7.23
1555167,-12.4174,26.3,7.22
1555888,-12.5075,26.3,7.22
1556609,-12.6427,26.3,7.22
1557330,-11.8089,26.3,7.21
1558051,-12.5977,26.3,7.22
1558772,-12.2371,27.3,7.21
1559493,-12.6427,26.3,7.22
1560214,-12.8005,26.3,7.21
1560935,-11.6286,26.3,7.21
1561656,-11.2230,26.3,7.21
1562377,-12.4399,27.3,7.21
1563098,-11.6061,26.3,7.21
1563819,-12.3498,26.3,7.21
1564540,-12.3498,26.3,7.21
1565261,-12.3498,27.3,7.20
1565982,-12.3498,27.3,7.20
1566703,-12.3498,26.3,7.20
1567424,-12.3498,26.3,7.20
1568145,-12.3498,26.3,7.20
1568866,-12.3498,26.3,7.20
1569587,-12.3498,26.3,7.20
1570308,-12.3498,26.3,7.20
1571029,-12.3498,27.3,7.19
1571750,-12.3498,26.3,7.19
1572471,-12.3498,27.3,7.19
1573192,-12.3498,26.3,7.19
1573913,-12.3498,26.3,7.19
1574634,-12.3498,26.3,7.19
1575355,-12.3498,26.3,7.18
1576076,-12.3498,26.3,7.18
1576797,-12.3498,26.3,7.18
1577518,-12.3498,26.3,7.18
1578239,-12.3498,26.3,7.18
1578960,-12.3498,26.3,7.18
1579681,-12.3498,26.3,7.18
1580402,-11.3807,26.3,7.18
1581123,-11.3356,27.3,7.18
1581844,-12.1695,26.3,7.17
1582565,-12.6427,26.3,7.17
1583286,-12.6427,26.3,7.17
1584007,-13.2737,26.3,7.17
1584728,-12.1244,26.3,7.17
1585449,-13.1611,26.3,7.17
1586170,-12.3047,26.3,7.17
1586891,-12.3948,26.3,7.16
1587612,-12.7554,26.3,7.16
1588333,-12.3272,26.3,7.17
1589054,-12.0568,26.3,7.16
1589775,-12.7329,26.3,7.16
1590496,-13.0258,26.3,7.16
1591217,-13.0258,26.3,7.16
1591938,-13.0258,26.3,7.16
1592659,-13.0258,26.3,7.15
1593380,-13.0258,26.3,7.16
1594101,-13.0258,27.3,7.15
1594822,-13.0258,26.3,7.15
1595543,-13.0258,27.3,7.15
1596264,-13.0258,27.3,7.15
1596985,-13.0258,27.3,7.15
1597706,-13.0258,26.3,7.15
1598427,-13.0258,26.3,7.14
1599148,-13.0258,26.3,7.15
1599869,-13.0258,26.3,7.15
1600590,-13.0258,26.3,7.15
1601311,-13.0258,26.3,7.14
1602032,-13.0258,26.3,7.14
1602753,-13.0258,26.3,7.14
1603474,-13.0258,26.3,7.14
1604195,-13.0258,26.3,7.14
1604916,-13.0258,26.3,7.14
# [n=2200] mean=-12.3768 m  sigma=1.5001 m  die=26.3 C  CalVal=-73
1605637,-13.0258,26.3,7.14
1606358,-13.0258,26.3,7.14
1607079,-10.8173,26.3,7.13
1607800,-13.4540,26.3,7.14
1608521,-13.8146,26.3,7.13
1609242,-12.1469,26.3,7.13
1609963,-12.6202,26.3,7.13
1610684,-11.3807,26.3,7.13
1611405,-11.8990,26.3,7.12
1612126,-12.1695,26.3,7.13
1612847,-11.7864,26.3,7.12
1613568,-12.1469,26.3,7.13
1614289,-12.9132,26.3,7.12
1615010,-13.5216,26.3,7.12
1615731,-12.6202,26.3,7.12
1616452,-12.6427,26.3,7.12
1617173,-13.1385,26.3,7.12
1617894,-13.1385,26.3,7.11
1618615,-13.1385,26.3,7.12
1619336,-13.1385,26.3,7.11
1620057,-13.1385,26.3,7.12
1620778,-13.1385,26.3,7.11
1621499,-13.1385,26.3,7.11
1622220,-13.1385,26.3,7.11
1622941,-13.1385,26.3,7.10
1623662,-13.1385,26.3,7.10
1624383,-13.1385,26.3,7.11
1625104,-13.1385,26.3,7.11
1625825,-13.1385,26.3,7.10
1626546,-13.1385,26.3,7.10
1627267,-13.1385,26.3,7.10
1627988,-13.1385,26.3,7.10
1628709,-13.1385,26.3,7.09
1629430,-13.1385,26.3,7.10
1630151,-13.1385,26.3,7.09
1630872,-13.1385,26.3,7.09
1631593,-13.1385,26.3,7.09
1632314,-13.1385,26.3,7.09
1633035,-13.1385,26.3,7.09
1633756,-12.2822,26.3,7.09
1634477,-12.2145,26.3,7.09
1635198,-13.3864,26.3,7.08
1635919,-12.3948,26.3,7.08
1636640,-13.1385,26.3,7.08
1637361,-13.0258,26.3,7.08
1638082,-12.4399,26.3,7.09
1638803,-12.1019,26.3,7.08
1639524,-12.3272,26.3,7.09
1640245,-12.8681,26.3,7.08
1640966,-13.1385,26.3,7.08
1641687,-13.6794,26.3,7.07
1642408,-12.8906,26.3,7.07
1643129,-12.9132,26.3,7.07
1643850,-13.2963,26.3,7.07
1644571,-13.2963,26.3,7.08
1645292,-13.2963,26.3,7.07
1646013,-13.2963,26.3,7.07
1646734,-13.2963,26.3,7.07
1647455,-13.2963,26.3,7.07
1648176,-13.2963,26.3,7.07
1648897,-13.2963,26.3,7.06
1649618,-13.2963,26.3,7.07
1650339,-13.2963,26.3,7.07
1651060,-13.2963,26.3,7.07
1651781,-13.2963,26.3,7.07
1652502,-13.2963,26.3,7.06
1653223,-13.2963,26.3,7.06
1653944,-13.2963,26.3,7.06
1654665,-13.2963,26.3,7.06
1655386,-13.2963,26.3,7.06
1656107,-13.2963,26.3,7.06
1656828,-13.2963,26.3,7.06
1657549,-13.2963,26.3,7.06
1658270,-13.2963,26.3,7.06
1658991,-13.2963,26.3,7.06
1659712,-13.2963,26.3,7.05
1660433,-12.0117,26.3,7.06
1661154,-12.6427,26.3,7.05
1661875,-12.6653,26.3,7.05
1662596,-12.6653,26.3,7.05
1663317,-12.6202,26.3,7.05
1664038,-11.8765,26.3,7.05
1664759,-12.4174,26.3,7.05
1665480,-12.5300,26.3,7.04
1666201,-11.9666,26.3,7.04
1666922,-11.3807,26.3,7.05
1667643,-12.0343,26.3,7.04
1668364,-13.4315,26.3,7.04
1669085,-12.0568,26.3,7.04
1669806,-13.0484,26.3,7.04
1670527,-12.8456,26.3,7.04
1671248,-12.8456,26.3,7.04
1671969,-12.8456,26.3,7.04
1672690,-12.8456,26.3,7.04
1673411,-12.8456,26.3,7.04
1674132,-12.8456,26.3,7.03
1674853,-12.8456,26.3,7.04
1675574,-12.8456,26.3,7.03
1676295,-12.8456,26.3,7.03
1677016,-12.8456,26.3,7.03
# [n=2300] mean=-12.3989 m  sigma=1.4749 m  die=26.3 C  CalVal=-73
1677737,-12.8456,26.3,7.03
1678458,-12.8456,26.3,7.03
1679179,-12.8456,26.3,7.03
1679900,-12.8456,26.3,7.03
1680621,-12.8456,26.3,7.03
1681342,-12.8456,26.3,7.03
1682063,-12.8456,26.3,7.03
1682784,-12.8456,26.3,7.02
1683505,-12.8456,26.3,7.02
1684226,-12.8456,26.3,7.02
1684947,-12.8456,26.3,7.02
1685668,-12.8456,26.3,7.03
1686389,-12.8456,26.3,7.02
1687110,-12.9808,26.3,7.02
1687831,-12.4174,26.3,7.02
1688552,-12.0793,26.3,7.02
1689273,-12.5977,26.3,7.02
1689994,-12.0343,26.3,7.01
1690715,-11.9666,26.3,7.01
1691436,-10.7948,26.3,7.02
1692157,-12.4624,26.3,7.02
1692878,-12.3723,26.3,7.01
1693599,-11.6511,26.3,7.01
1694320,-12.9132,26.3,7.02
1695041,-12.5075,26.3,7.01
1695762,-12.2822,26.3,7.01
1696483,-12.2371,26.3,7.01
1697204,-12.2596,26.3,7.00
1697925,-12.2596,26.3,7.01
1698646,-12.2596,26.3,7.00
1699367,-12.2596,26.3,7.00
1700088,-12.2596,26.3,7.00
1700809,-12.2596,26.3,7.00
1701530,-12.2596,26.3,6.99
1702251,-12.2596,26.3,6.99
1702972,-12.2596,26.3,6.99
1703693,-12.2596,26.3,7.00
1704414,-12.2596,26.3,6.99
1705135,-12.2596,26.3,6.98
1705856,-12.2596,26.3,6.99
1706577,-12.2596,26.3,6.99
1707298,-12.2596,26.3,6.99
1708019,-12.2596,26.3,6.99
1708740,-12.2596,26.3,6.99
1709461,-12.2596,26.3,6.99
1710182,-12.2596,26.3,6.99
1710903,-12.2596,26.3,6.98
1711624,-12.2596,26.3,6.98
1712345,-12.2596,26.3,6.98
1713066,-12.2596,26.3,6.98
1713787,-13.0033,26.3,6.98
1714508,-11.3131,26.3,6.98
1715229,-12.4174,26.3,6.98
1715950,-12.1695,26.3,6.98
1716671,-12.7554,26.3,6.98
1717392,-12.8456,26.3,6.98
1718113,-12.3272,26.3,6.97
1718834,-12.9582,26.3,6.97
1719555,-12.3498,26.3,6.97
1720276,-12.8005,26.3,6.97
1720997,-12.1019,26.3,6.97
1721718,-12.9357,26.3,6.97
1722439,-13.1160,26.3,6.97
1723160,-12.4624,26.3,6.96
1723881,-12.0793,26.3,6.97
1724602,-12.0793,26.3,6.96
1725323,-12.0793,26.3,6.96
1726044,-12.0793,26.3,6.96
1726765,-12.0793,26.3,6.96
1727486,-12.0793,26.3,6.96
1728207,-12.0793,26.3,6.96
1728928,-12.0793,26.3,6.96
1729649,-12.0793,26.3,6.96
1730370,-12.0793,26.3,6.96
1731091,-12.0793,26.3,6.96
1731812,-12.0793,26.3,6.96
1732533,-12.0793,26.3,6.96
1733254,-12.0793,26.3,6.96
1733975,-12.0793,26.3,6.96
1734696,-12.0793,26.3,6.96
1735417,-12.0793,26.3,6.95
1736138,-12.0793,26.3,6.95
1736859,-12.0793,26.3,6.95
1737580,-12.0793,26.3,6.95
1738301,-12.0793,26.3,6.95
1739022,-12.0793,26.3,6.95
1739743,-12.0793,26.3,6.95
1740464,-12.2822,26.3,6.94
1741185,-11.7413,26.3,6.94
1741906,-12.3047,26.3,6.94
1742627,-12.2596,26.3,6.94
1743348,-11.7413,26.3,6.94
1744069,-13.0258,26.3,6.95
1744790,-12.6427,26.3,6.94
1745511,-12.1920,26.3,6.94
1746232,-13.2287,26.3,6.94
1746953,-12.6202,26.3,6.94
1747674,-11.8089,26.3,6.94
1748395,-12.8681,26.3,6.94
1749116,-13.0934,26.3,6.94
# [n=2400] mean=-12.3971 m  sigma=1.4462 m  die=26.3 C  CalVal=-73
1749837,-13.9498,26.3,6.94
1750558,-13.4315,26.3,6.93
1751279,-13.4315,26.3,6.93
1752000,-13.4315,26.3,6.94
1752721,-13.4315,26.3,6.93
1753442,-13.4315,26.3,6.93
1754163,-13.4315,26.3,6.93
1754884,-13.4315,26.3,6.93
1755605,-13.4315,26.3,6.93
1756326,-13.4315,26.3,6.93
1757047,-13.4315,26.3,6.93
1757768,-13.4315,26.3,6.93
1758489,-13.4315,26.3,6.93
1759210,-13.4315,26.3,6.92
1759931,-13.4315,26.3,6.93
1760652,-13.4315,26.3,6.92
1761373,-13.4315,26.3,6.92
1762094,-13.4315,26.3,6.92
1762815,-13.4315,26.3,6.92
1763536,-13.4315,26.3,6.92
1764257,-13.4315,26.3,6.92
1764978,-13.4315,26.3,6.91
1765699,-13.4315,26.3,6.91
1766420,-13.4315,26.3,6.91
1767141,-11.0652,26.3,6.92
1767862,-12.6878,26.3,6.91
1768583,-12.0568,26.3,6.91
1769304,-13.1385,26.3,6.92
1770025,-13.4766,26.3,6.91
1770746,-12.4399,26.3,6.91
1771467,-12.8005,26.3,6.91
1772188,-10.9751,26.3,6.91
1772909,-11.1328,26.3,6.91
1773630,-13.4540,26.3,6.91
1774351,-13.3639,26.3,6.91
1775072,-11.6061,26.3,6.91
1775793,-11.5385,26.3,6.91
1776514,-12.2371,26.3,6.91
1777235,-12.9357,26.3,6.91
1777956,-12.9357,26.3,6.91
1778677,-12.9357,26.3,6.91
1779398,-12.9357,26.3,6.91
1780119,-12.9357,26.3,6.91
1780840,-12.9357,26.3,6.91
1781561,-12.9357,26.3,6.91
1782282,-12.9357,26.3,6.91
1783003,-12.9357,26.3,6.90
1783724,-12.9357,26.3,6.90
1784445,-12.9357,26.3,6.90
1785166,-12.9357,26.3,6.91
1785887,-12.9357,26.3,6.91
1786608,-12.9357,26.3,6.90
1787329,-12.9357,26.3,6.91
1788050,-12.9357,26.3,6.90
1788771,-12.9357,26.3,6.90
1789492,-12.9357,26.3,6.90
1790213,-12.9357,26.3,6.90
1790934,-12.9357,26.3,6.90
1791655,-12.9357,26.3,6.90
1792376,-12.9357,26.3,6.89
1793097,-12.9357,26.3,6.90
1793818,-11.3131,26.3,6.90
1794539,-11.6511,26.3,6.89
1795260,-12.8456,26.3,6.89
1795981,-11.0652,26.3,6.89
1796702,-12.7329,26.3,6.89
1797423,-12.7554,26.3,6.89
1798144,-12.6427,26.3,6.89
1798865,-11.7413,26.3,6.89
1799586,-13.8146,26.3,6.89
1800307,-12.1695,26.3,6.89
1801028,-13.0484,26.3,6.89
1801749,-11.7187,26.3,6.89
1802470,-12.0343,26.3,6.89
1803191,-12.0568,26.3,6.88
1803912,-12.1244,26.3,6.88
1804633,-12.1244,26.3,6.88
1805354,-12.1244,26.3,6.88
1806075,-12.1244,26.3,6.88
1806796,-12.1244,26.3,6.88
1807517,-12.1244,26.3,6.88
1808238,-12.1244,26.3,6.88
1808959,-12.1244,26.3,6.88
1809680,-12.1244,26.3,6.88
1810401,-12.1244,26.3,6.88
1811122,-12.1244,26.3,6.87
1811843,-12.1244,26.3,6.88
1812564,-12.1244,26.3,6.88
1813285,-12.1244,26.3,6.88
1814006,-12.1244,26.3,6.87
1814727,-12.1244,26.3,6.87
1815448,-12.1244,26.3,6.87
1816169,-12.1244,26.3,6.87
1816890,-12.1244,26.3,6.87
1817611,-12.1244,26.3,6.87
1818332,-12.1244,26.3,6.87
1819053,-12.1244,26.3,6.87
1819774,-12.1244,26.3,6.87
1820495,-12.4399,26.3,6.87
1821216,-11.6061,26.3,6.87
# [n=2500] mean=-12.4079 m  sigma=1.4246 m  die=26.3 C  CalVal=-73
1821937,-12.9132,26.3,6.87
1822658,-11.8089,26.3,6.87
1823379,-11.9892,26.3,6.87
1824100,-11.8089,26.3,6.86
1824821,-12.3498,26.3,6.87
1825542,-12.7329,26.3,6.86
1826263,-12.4624,26.3,6.86
1826984,-12.5300,26.3,6.86
1827705,-11.6511,26.3,6.86
1828426,-11.9441,26.3,6.86
1829147,-12.6427,26.3,6.86
1829868,-11.9892,26.3,6.86
1830589,-11.6737,26.3,6.86
1831310,-11.6737,26.3,6.86
1832031,-11.6737,26.3,6.86
1832752,-11.6737,26.3,6.86
1833473,-11.6737,26.3,6.86
1834194,-11.6737,26.3,6.86
1834915,-11.6737,26.3,6.86
1835636,-11.6737,26.3,6.85
1836357,-11.6737,26.3,6.85
1837078,-11.6737,26.3,6.85
1837799,-11.6737,26.3,6.85
1838520,-11.6737,26.3,6.85
1839241,-11.6737,26.3,6.85
1839962,-11.6737,26.3,6.85
1840683,-11.6737,26.3,6.85
1841404,-11.6737,26.3,6.85
1842125,-11.6737,26.3,6.85
1842846,-11.6737,26.3,6.85
1843567,-11.6737,26.3,6.85
1844288,-11.6737,26.3,6.84
1845009,-11.6737,26.3,6.85
1845730,-11.6737,26.3,6.84
1846451,-11.6737,26.3,6.84
1847172,-12.1244,26.3,6.84
1847893,-12.8456,26.3,6.84
1848614,-11.4032,26.3,6.84
1849335,-11.7187,26.3,6.84
1850056,-13.2512,26.3,6.84
1850777,-12.7779,26.3,6.84
1851498,-12.8906,26.3,6.84
1852219,-12.3498,26.3,6.83
1852940,-13.2512,26.3,6.84
1853661,-12.3047,26.3,6.84
1854382,-13.7019,26.3,6.83
1855103,-12.6202,26.3,6.83
1855824,-12.9132,26.3,6.84
1856545,-13.5667,26.3,6.84
1857266,-11.4032,26.3,6.83
1857987,-11.4032,26.3,6.84
1858708,-11.4032,26.3,6.84
1859429,-11.4032,26.3,6.83
1860150,-11.4032,26.3,6.83
1860871,-11.4032,26.3,6.83
1861592,-11.4032,26.3,6.84
1862313,-11.4032,26.3,6.84
1863034,-11.4032,26.3,6.83
1863755,-11.4032,26.3,6.83
1864476,-11.4032,26.3,6.83
1865197,-11.4032,26.3,6.83
1865918,-11.4032,26.3,6.82
1866639,-11.4032,26.3,6.83
1867360,-11.4032,26.3,6.82
1868081,-11.4032,26.3,6.82
1868802,-11.4032,26.3,6.82
1869523,-11.4032,26.3,6.82
1870244,-11.4032,26.3,6.82
1870965,-11.4032,26.3,6.82
1871686,-11.4032,26.3,6.82
1872407,-11.4032,26.3,6.82
1873128,-11.4032,26.3,6.82
1873849,-11.9216,26.3,6.81
1874570,-12.8230,26.3,6.82
1875291,-13.1385,26.3,6.82
1876012,-13.2061,26.3,6.82
1876733,-12.5300,26.3,6.82
1877454,-12.8456,26.3,6.82
1878175,-12.7554,26.3,6.82
1878896,-11.7638,26.3,6.82
1879617,-13.1385,26.3,6.82
1880338,-11.6061,26.3,6.81
1881059,-12.6653,26.3,6.81
1881780,-13.1611,26.3,6.81
1882501,-12.0568,26.3,6.81
1883222,-11.8765,26.3,6.81
1883943,-12.9582,26.3,6.81
1884664,-12.9582,26.3,6.81
1885385,-12.9582,26.3,6.81
1886106,-12.9582,26.3,6.80
1886827,-12.9582,26.3,6.81
1887548,-12.9582,26.3,6.81
1888269,-12.9582,26.3,6.80
1888990,-12.9582,26.3,6.80
1889711,-12.9582,26.3,6.80
1890432,-12.9582,26.3,6.80
1891153,-12.9582,26.3,6.80
1891874,-12.9582,26.3,6.81
1892595,-12.9582,26.3,6.80
1893316,-12.9582,26.3,6.80
# [n=2600] mean=-12.3970 m  sigma=1.4042 m  die=26.3 C  CalVal=-73
1894037,-12.9582,26.3,6.80
1894758,-12.9582,26.3,6.80
1895479,-12.9582,26.3,6.80
1896200,-12.9582,26.3,6.80
1896921,-12.9582,26.3,6.80
1897642,-12.9582,26.3,6.80
1898363,-12.9582,26.3,6.80
1899084,-12.9582,26.3,6.80
1899805,-12.9582,26.3,6.80
1900526,-12.8005,26.3,6.80
1901247,-12.6427,26.3,6.80
1901968,-12.3272,26.3,6.80
1902689,-12.1920,26.3,6.79
1903410,-12.4624,26.3,6.80
1904131,-12.6878,26.3,6.79
1904852,-11.8314,26.3,6.79
1905573,-12.2822,26.3,6.79
1906294,-12.4850,26.3,6.79
1907015,-13.0709,26.3,6.79
1907736,-13.1385,26.3,6.79
1908457,-12.3948,26.3,6.79
1909178,-12.8005,26.3,6.79
1909899,-11.9666,26.3,6.79
1910620,-12.0343,26.3,6.79
1911341,-12.0343,26.3,6.79
1912062,-12.0343,26.3,6.79
1912783,-12.0343,26.3,6.79
1913504,-12.0343,26.3,6.78
1914225,-12.0343,26.3,6.78
1914946,-12.0343,26.3,6.78
1915667,-12.0343,26.3,6.79
1916388,-12.0343,26.3,6.78
1917109,-12.0343,26.3,6.78
1917830,-12.0343,26.3,6.78
1918551,-12.0343,26.3,6.78
1919272,-12.0343,26.3,6.78
1919993,-12.0343,26.3,6.78
1920714,-12.0343,26.3,6.78
1921435,-12.0343,26.3,6.78
1922156,-12.0343,26.3,6.78
1922877,-12.0343,26.3,6.78
1923598,-12.0343,26.3,6.78
1924319,-12.0343,26.3,6.78
1925040,-12.0343,26.3,6.78
1925761,-12.0343,26.3,6.78
1926482,-11.1779,26.3,6.78
1927203,-13.5216,26.3,6.78
1927924,-12.8906,26.3,6.78
1928645,-13.1160,26.3,6.77
1929366,-12.3272,26.3,6.77
1930087,-12.5751,26.3,6.77
1930808,-12.6427,26.3,6.77
1931529,-11.3356,26.3,6.77
1932250,-13.6568,26.3,6.77
1932971,-13.6794,26.3,6.77
1933692,-12.7554,26.3,6.77
1934413,-12.0568,26.3,6.77
1935134,-12.7329,26.3,6.78
1935855,-12.9132,26.3,6.78
1936576,-12.7103,26.3,6.77
1937297,-12.1469,26.3,6.77
1938018,-12.1469,26.3,6.77
1938739,-12.1469,26.3,6.77
1939460,-12.1469,26.3,6.77
1940181,-12.1469,26.3,6.77
1940902,-12.1469,26.3,6.77
1941623,-12.1469,26.3,6.77
1942344,-12.1469,26.3,6.76
1943065,-12.1469,26.3,6.77
1943786,-12.1469,26.3,6.77
1944507,-12.1469,26.3,6.76
1945228,-12.1469,26.3,6.76
1945949,-12.1469,26.3,6.76
1946670,-12.1469,26.3,6.76
1947391,-12.1469,26.3,6.76
1948112,-12.1469,26.3,6.76
1948833,-12.1469,26.3,6.76
1949554,-12.1469,26.3,6.77
1950275,-12.1469,26.3,6.76
1950996,-12.1469,26.3,6.76
1951717,-12.1469,26.3,6.75
1952438,-12.1469,26.3,6.76
1953159,-11.2455,26.3,6.76
1953880,-12.1695,26.3,6.76
1954601,-12.7779,26.3,6.75
1955322,-13.0258,26.3,6.76
1956043,-12.7779,26.3,6.75
1956764,-11.7638,26.3,6.75
1957485,-12.4850,26.3,6.75
1958206,-12.9132,26.3,6.75
1958927,-12.8681,26.3,6.75
1959648,-12.0793,26.3,6.75
1960369,-13.4090,26.3,6.75
1961090,-12.6653,26.3,6.75
1961811,-13.6568,26.3,6.75
1962532,-12.0117,26.3,6.75
1963253,-11.9892,26.3,6.75
1963974,-11.3131,26.3,6.75
1964695,-11.3131,26.3,6.74
1965416,-11.3131,26.3,6.74
# [n=2700] mean=-12.3954 m  sigma=1.3817 m  die=26.3 C  CalVal=-73
1966137,-11.3131,26.3,6.75
1966858,-11.3131,26.3,6.75
1967579,-11.3131,26.3,6.74
1968300,-11.3131,26.3,6.74
1969021,-11.3131,26.3,6.74
1969742,-11.3131,26.3,6.74
1970463,-11.3131,26.3,6.75
1971184,-11.3131,26.3,6.74
1971905,-11.3131,26.3,6.75
1972626,-11.3131,26.3,6.75
1973347,-11.3131,26.3,6.74
1974068,-11.3131,26.3,6.74
1974789,-11.3131,26.3,6.74
1975510,-11.3131,26.3,6.74
1976231,-11.3131,26.3,6.74
1976952,-11.3131,26.3,6.74
1977673,-11.3131,26.3,6.74
1978394,-11.3131,26.3,6.74
1979115,-11.3131,26.3,6.74
1979836,-12.0117,26.3,6.73
1980557,-12.3948,26.3,6.73
1981278,-12.6427,26.3,6.73
1981999,-13.3639,26.3,6.73
1982720,-12.4624,26.3,6.73
1983441,-12.2822,26.3,6.73
1984162,-12.6878,26.3,6.74
1984883,-13.3188,26.3,6.73
1985604,-12.9357,26.3,6.73
1986325,-12.4624,26.3,6.73
1987046,-12.8005,26.3,6.73
1987767,-12.2145,26.3,6.73
1988488,-11.7864,26.3,6.73
1989209,-12.8906,26.3,6.73
1989930,-12.6427,26.3,6.72
1990651,-12.6427,26.3,6.72
1991372,-12.6427,26.3,6.73
1992093,-12.6427,26.3,6.73
1992814,-12.6427,26.3,6.72
1993535,-12.6427,26.3,6.73
1994256,-12.6427,26.3,6.73
1994977,-12.6427,26.3,6.73
1995698,-12.6427,26.3,6.72
1996419,-12.6427,26.3,6.72
1997140,-12.6427,26.3,6.72
1997861,-12.6427,26.3,6.73
1998582,-12.6427,26.3,6.72
1999303,-12.6427,26.3,6.72
2000024,-12.6427,26.3,6.72
2000745,-12.6427,26.3,6.72
2001466,-12.6427,26.3,6.72
2002187,-12.6427,26.3,6.72
2002908,-12.6427,26.3,6.72
2003629,-12.6427,26.3,6.72
2004350,-12.6427,26.3,6.72
2005071,-12.6427,26.3,6.72
2005792,-12.6427,26.3,6.71
2006513,-11.6737,26.3,6.71
2007234,-10.7046,26.3,6.72
2007955,-12.4399,26.3,6.71
2008676,-12.3498,26.3,6.71
2009397,-12.6878,26.3,6.71
2010118,-13.2512,26.3,6.71
2010839,-11.4709,26.3,6.71
2011560,-12.7329,26.3,6.71
2012281,-12.9582,26.3,6.71
2013002,-12.0343,26.3,6.71
2013723,-13.7470,26.3,6.71
2014444,-12.5977,26.3,6.71
2015165,-12.5526,26.3,6.71
2015886,-12.8681,26.3,6.71
2016607,-13.2061,26.3,6.71
2017328,-13.2061,26.3,6.70
2018049,-13.2061,26.3,6.70
2018770,-13.2061,26.3,6.71
2019491,-13.2061,26.3,6.70
2020212,-13.2061,26.3,6.71
2020933,-13.2061,26.3,6.71
2021654,-13.2061,26.3,6.71
2022375,-13.2061,26.3,6.71
2023096,-13.2061,26.3,6.70
2023817,-13.2061,26.3,6.71
2024538,-13.2061,26.3,6.71
2025259,-13.2061,26.3,6.70
2025980,-13.2061,26.3,6.70
2026701,-13.2061,26.3,6.70
2027422,-13.2061,26.3,6.71
2028143,-13.2061,26.3,6.71
2028864,-13.2061,26.3,6.71
2029585,-13.2061,26.3,6.71
2030306,-13.2061,26.3,6.70
2031027,-13.2061,26.3,6.70
2031748,-13.2061,26.3,6.70
2032469,-13.2061,26.3,6.70
2033190,-12.9808,26.3,6.70
2033911,-12.7554,26.3,6.70
2034632,-13.4540,26.3,6.70
2035353,-11.7413,26.3,6.70
2036074,-12.9132,26.3,6.70
2036795,-13.4090,26.3,6.70
2037516,-12.6202,26.3,6.70
# [n=2800] mean=-12.3990 m  sigma=1.3637 m  die=26.3 C  CalVal=-73
2038237,-12.4174,26.3,6.70
2038958,-13.1611,26.3,6.69
2039679,-12.8681,26.3,6.69
2040400,-13.0484,26.3,6.69
2041121,-12.7554,26.3,6.69
2041842,-12.2371,26.3,6.69
2042563,-12.0343,26.3,6.69
2043284,-13.0709,26.3,6.69
2044005,-13.0709,26.3,6.69
2044726,-13.0709,26.3,6.69
2045447,-13.0709,26.3,6.69
2046168,-13.0709,26.3,6.69
92,26.3,6.71
2064193,-12.5526,26.3,6.71
2064914,-13.0709,26.3,6.71
2065635,-13.3413,26.3,6.71
2066356,-12.4850,26.3,6.71
2067077,-13.5442,26.3,6.72
2067798,-12.6202,26.3,6.72
2068519,-11.9441,26.3,6.72
2069240,-12.1019,26.3,6.72
2069961,-13.1385,26.3,6.72
2070682,-13.1385,26.3,6.73
2071403,-13.1385,26.3,6.74
2072124,-13.1385,26.3,6.75
2072845,-13.1385,26.3,6.75
2073566,-13.1385,26.3,6.75
2074287,-13.1385,26.3,6.76
2075008,-13.1385,26.3,6.76
2075729,-13.1385,26.3,6.78
2076450,-13.1385,26.3,6.78
2077171,-13.1385,26.3,6.79
2077892,-13.1385,26.3,6.80
2078613,-13.1385,26.3,6.80
2079334,-13.1385,26.3,6.81
2080055,-13.1385,26.3,6.81
2080776,-13.1385,26.3,6.82
2081497,-13.1385,26.3,6.83
2082218,-13.1385,26.3,6.84
2082939,-13.1385,26.3,6.85
2083660,-13.1385,26.3,6.85
2084381,-13.1385,26.3,6.86
2085102,-13.1385,26.3,6.87
2085823,-13.1385,26.3,6.88
2086544,-12.5751,26.3,6.88
2087265,-11.7187,26.3,6.90
2087986,-12.5300,26.3,6.90
2088707,-13.0484,26.3,6.91
2089428,-12.9582,26.3,6.92
2090149,-12.7103,26.3,6.92
2090870,-12.9132,26.3,6.94
2091591,-13.3639,26.3,6.95
2092312,-11.8314,26.3,6.96
2093033,-12.2371,26.3,6.96
2093754,-12.9808,26.3,6.97
2094475,-12.1019,26.3,6.98
2095196,-13.2512,26.3,7.00
2095917,-12.4399,26.3,7.00
2096638,-11.2906,26.3,7.02
2097359,-11.2906,26.3,7.02
2098080,-11.2906,26.3,7.04
2098801,-11.2906,26.3,7.05
2099522,-11.2906,26.3,7.05
2100243,-11.2906,26.3,7.06
2100964,-11.2906,26.3,7.08
2101685,-11.2906,26.3,7.08
2102406,-11.2906,26.3,7.09
2103127,-11.2906,26.3,7.10
2103848,-11.2906,26.3,7.12
2104569,-11.2906,26.3,7.13
2105290,-11.2906,26.3,7.14
2106011,-11.2906,26.3,7.15
2106732,-11.2906,26.3,7.16
2107453,-11.2906,26.3,7.17
2108174,-11.2906,26.3,7.18
2108895,-11.2906,26.3,7.20
2109616,-11.2906,26.3,7.21
# [n=2900] mean=-12.4056 m  sigma=1.3477 m  die=26.3 C  CalVal=-73
2110337,-11.2906,26.3,7.22
2111058,-11.2906,26.3,7.23
2111779,-11.2906,26.3,7.24
2112500,-11.2906,26.3,7.26
2113221,-11.4483,27.3,7.27
2113942,-13.4540,26.3,7.28
2114663,-11.8089,26.3,7.29
2115384,-12.8230,26.3,7.30
2116105,-12.0793,26.3,7.32
2116826,-12.2145,26.3,7.33
2117547,-12.6878,26.3,7.34
2118268,-12.5526,26.3,7.36
2118989,-12.4399,26.3,7.37
2119710,-11.2230,26.3,7.39
2120431,-13.4090,26.3,7.40
2121152,-11.7413,26.3,7.41
2121873,-13.4766,26.3,7.42
2122594,-13.5442,27.3,7.44
2123315,-12.3498,26.3,7.45
2124036,-12.3498,26.3,7.46
2124757,-12.3498,27.3,7.48
2125478,-12.3498,27.3,7.49
2126199,-12.3498,26.3,7.51
2126920,-12.3498,26.3,7.52
2127641,-12.3498,27.3,7.54
2128362,-12.3498,27.3,7.55
2129083,-12.3498,27.3,7.56
2129804,-12.3498,27.3,7.58
2130525,-12.3498,27.3,7.60
2131246,-12.3498,27.3,7.61
2131967,-12.3498,27.3,7.63
2132688,-12.3498,27.3,7.64
2133409,-12.3498,27.3,7.66
2134130,-12.3498,27.3,7.67
2134851,-12.3498,27.3,7.69
2135572,-12.3498,27.3,7.70
2136293,-12.3498,27.3,7.72
2137014,-12.3498,27.3,7.74
2137735,-12.3498,27.3,7.75
2138456,-12.3498,27.3,7.76
2139177,-12.3498,27.3,7.78
2139898,-11.9892,27.3,7.80
2140619,-12.9357,27.3,7.81
2141340,-13.5667,27.3,7.83
2142061,-12.5526,27.3,7.85
2142782,-12.9808,27.3,7.86
2143503,-12.5751,27.3,7.88
2144224,-12.4850,27.3,7.89
2144945,-11.6061,27.3,7.91
2145666,-12.7103,27.3,7.93
2146387,-12.4174,27.3,7.95
2147108,-13.0033,27.3,7.96
2147829,-12.5977,27.3,7.98
2148550,-12.9808,27.3,7.99
2149271,-12.3272,27.3,8.02
2149992,-13.2061,27.3,8.03
2150713,-13.2061,27.3,8.05
2151434,-13.2061,27.3,8.07
2152155,-13.2061,27.3,8.08
2152876,-13.2061,27.3,8.10
2153597,-13.2061,27.3,8.11
2154318,-13.2061,27.3,8.14
2155039,-13.2061,27.3,8.15
2155760,-13.2061,27.3,8.16
2156481,-13.2061,27.3,8.19
2157202,-13.2061,27.3,8.20
2157923,-13.2061,27.3,8.22
2158644,-13.2061,27.3,8.24
2159365,-13.2061,27.3,8.26
2160086,-13.2061,27.3,8.27
2160807,-13.2061,27.3,8.29
2161528,-13.2061,27.3,8.32
2162249,-13.2061,27.3,8.34
2162970,-13.2061,27.3,8.35
2163691,-13.2061,27.3,8.37
2164412,-13.2061,27.3,8.38
2165133,-13.2061,27.3,8.40
2165854,-13.2061,27.3,8.43
2166575,-13.4315,27.3,8.45
2167296,-12.1695,27.3,8.47
2168017,-12.4624,28.3,8.49
2168738,-12.9357,27.3,8.51
2169459,-11.9892,27.3,8.52
2170180,-12.2822,27.3,8.54
2170901,-13.9949,27.3,8.56
2171622,-12.7103,27.3,8.58
2172343,-11.5610,28.3,8.60
2173064,-12.2371,28.3,8.62
2173785,-13.2061,27.3,8.63
2174506,-12.3272,27.3,8.66
2175227,-13.3639,28.3,8.68
2175948,-13.0934,28.3,8.69
2176669,-12.7329,27.3,8.72
2177390,-12.7329,28.3,8.73
2178111,-12.7329,28.3,8.75
2178832,-12.7329,28.3,8.78
2179553,-12.7329,28.3,8.79
2180274,-12.7329,28.3,8.82
2180995,-12.7329,28.3,8.84
2181716,-12.7329,28.3,8.85
# [n=3000] mean=-12.4135 m  sigma=1.3299 m  die=28.3 C  CalVal=-73
2182437,-12.7329,28.3,8.87
2183158,-12.7329,28.3,8.89
2183879,-12.7329,28.3,8.92
2184600,-12.7329,28.3,8.94
2185321,-12.7329,28.3,8.96
2186042,-12.7329,28.3,8.97
2186763,-12.7329,28.3,8.99
2187484,-12.7329,28.3,9.01
2188205,-12.7329,28.3,9.03
2188926,-12.7329,28.3,9.05
2189647,-12.7329,28.3,9.07
2190368,-12.7329,28.3,9.09
2191089,-12.7329,28.3,9.11
2191810,-12.7329,28.3,9.13
2192531,-12.7329,28.3,9.15
2193252,-12.9132,28.3,9.17
2193973,-12.3723,28.3,9.19
2194694,-11.4709,28.3,9.21
2195415,-12.3948,28.3,9.23
2196136,-11.8540,28.3,9.25
2196857,-11.5835,28.3,9.28
2197578,-12.6653,28.3,9.29
2198299,-12.8906,28.3,9.31
2199020,-13.0033,28.3,9.33
2199741,-12.8005,28.3,9.35
2200462,-13.6568,28.3,9.38
2201183,-11.6286,28.3,9.40
2201904,-12.3498,29.3,9.43
2202625,-12.3272,28.3,9.45
2203346,-12.3723,28.3,9.47
2204067,-12.3723,28.3,9.49
2204788,-12.3723,28.3,9.51
2205509,-12.3723,28.3,9.53
2206230,-12.3723,28.3,9.55
2206951,-12.3723,29.3,9.57
2207672,-12.3723,29.3,9.60
2208393,-12.3723,28.3,9.62
2209114,-12.3723,28.3,9.65
2209835,-12.3723,28.3,9.66
2210556,-12.3723,28.3,9.69
2211277,-12.3723,28.3,9.71
2211998,-12.3723,29.3,9.73
2212719,-12.3723,29.3,9.75
2213440,-12.3723,29.3,9.77
2214161,-12.3723,28.3,9.79
2214882,-12.3723,29.3,9.82
2215603,-12.3723,29.3,9.84
2216324,-12.3723,29.3,9.86
2217045,-12.3723,29.3,9.88
2217766,-12.3723,29.3,9.91
2218487,-12.3723,29.3,9.92
2219208,-12.3723,29.3,9.95
2219929,-11.4032,29.3,9.97
2220650,-13.3413,29.3,9.99
2221371,-13.3864,29.3,10.01
2222092,-12.7103,29.3,10.03
2222813,-11.7187,29.3,10.06
2223534,-11.8990,29.3,10.09
2224255,-12.2371,29.3,10.10
2224976,-12.3272,29.3,10.12
2225697,-11.2455,29.3,10.15
2226418,-12.5075,29.3,10.17
2227139,-11.5610,29.3,10.19
2227860,-11.1328,29.3,10.22
2228581,-12.2596,29.3,10.23
2229302,-12.3948,29.3,10.26
2230023,-12.3272,29.3,10.28
2230744,-12.3272,29.3,10.30
2231465,-12.3272,29.3,10.32
2232186,-12.3272,29.3,10.34
2232907,-12.3272,29.3,10.37
2233628,-12.3272,29.3,10.39
2234349,-12.3272,29.3,10.42
2235070,-12.3272,29.3,10.44
2235791,-12.3272,29.3,10.46
2236512,-12.3272,29.3,10.48
2237233,-12.3272,29.3,10.50
2237954,-12.3272,29.3,10.52
2238675,-12.3272,30.3,10.54
2239396,-12.3272,29.3,10.57
2240117,-12.3272,29.3,10.59
2240838,-12.3272,29.3,10.61
2241559,-12.3272,29.3,10.64
2242280,-12.3272,29.3,10.66
2243001,-12.3272,29.3,10.69
2243722,-12.3272,29.3,10.71
2244443,-12.3272,29.3,10.73
2245164,-12.3272,29.3,10.75
2245885,-12.3272,29.3,10.78
2246606,-11.5385,30.3,10.80
2247327,-11.6511,30.3,10.83
2248048,-11.8089,30.3,10.84
2248769,-11.5159,30.3,10.87
2249490,-11.6962,30.3,10.89
2250211,-11.8089,30.3,10.92
2250932,-10.6145,30.3,10.94
2251653,-11.0652,30.3,10.96
2252374,-11.4709,29.3,10.99
2253095,-12.4174,30.3,11.01
2253816,-10.8849,30.3,11.03
# [n=3100] mean=-12.4097 m  sigma=1.3115 m  die=30.3 C  CalVal=-73
2254537,-11.6962,30.3,11.05
2255258,-11.2906,30.3,11.08
2255979,-11.5835,30.3,11.10
2256700,-11.2455,30.3,11.12
2257421,-11.2455,30.3,11.15
2258142,-11.2455,30.3,11.17
2258863,-11.2455,30.3,11.19
2259584,-11.2455,30.3,11.22
2260305,-11.2455,30.3,11.23
2261026,-11.2455,30.3,11.26
2261747,-11.2455,30.3,11.28
2262468,-11.2455,30.3,11.31
2263189,-11.2455,30.3,11.33
2263910,-11.2455,30.3,11.35
2264631,-11.2455,30.3,11.38
2265352,-11.2455,30.3,11.41
2266073,-11.2455,30.3,11.42
2266794,-11.2455,30.3,11.45
2267515,-11.2455,30.3,11.48
2268236,-11.2455,30.3,11.50
2268957,-11.2455,30.3,11.52
2269678,-11.2455,30.3,11.54
2270399,-11.2455,30.3,11.57
2271120,-11.2455,30.3,11.58
2271841,-11.2455,30.3,11.60
2272562,-11.2455,30.3,11.63
2273283,-9.8708,30.3,11.65
2274004,-12.0117,30.3,11.68
2274725,-11.1328,30.3,11.70
2275446,-11.0201,30.3,11.72
2276167,-11.6286,30.3,11.75
2276888,-11.0652,30.3,11.77
2277609,-10.1412,30.3,11.79
2278330,-10.1638,30.3,11.82
2279051,-11.6286,30.3,11.83
2279772,-11.6737,30.3,11.86
2280493,-11.0652,30.3,11.88
2281214,-10.6821,30.3,11.91
2281935,-11.4483,30.3,11.93
2282656,-11.6962,30.3,11.95
2283377,-10.3666,30.3,11.98
2284098,-10.3666,30.3,12.00
2284819,-10.3666,30.3,12.03
2285540,-10.3666,30.3,12.05
2286261,-10.3666,30.3,12.08
2286982,-10.3666,30.3,12.10
2287703,-10.3666,30.3,12.12
2288424,-10.3666,30.3,12.14
2289145,-10.3666,30.3,12.16
2289866,-10.3666,30.3,12.18
2290587,-10.3666,30.3,12.21
2291308,-10.3666,30.3,12.23
2292029,-10.3666,30.3,12.26
2292750,-10.3666,30.3,12.28
2293471,-10.3666,30.3,12.31
2294192,-10.3666,30.3,12.33
2294913,-10.3666,30.3,12.35
2295634,-10.3666,30.3,12.38
2296355,-10.3666,30.3,12.41
2297076,-10.3666,30.3,12.42
2297797,-10.3666,30.3,12.45
2298518,-10.3666,31.3,12.47
2299239,-10.3666,31.3,12.49
2299960,-10.5694,31.3,12.52
2300681,-11.2680,31.3,12.54
2301402,-11.0877,31.3,12.56
2302123,-10.0511,31.3,12.59
2302844,-11.1779,31.3,12.61
2303565,-11.2455,31.3,12.63
2304286,-10.6145,31.3,12.66
2305007,-10.4567,31.3,12.68
2305728,-10.7272,31.3,12.70
2306449,-9.8257,31.3,12.73
2307170,-10.4793,31.3,12.76
2307891,-10.8398,31.3,12.78
2308612,-11.3131,31.3,12.81
2309333,-10.5919,31.3,12.83
2310054,-11.2906,31.3,12.85
2310775,-11.2906,31.3,12.87
2311496,-11.2906,31.3,12.89
2312217,-11.2906,31.3,12.91
2312938,-11.2906,31.3,12.94
2313659,-11.2906,31.3,12.96
2314380,-11.2906,31.3,12.99
2315101,-11.2906,31.3,13.01
2315822,-11.2906,31.3,13.03
2316543,-11.2906,31.3,13.06
2317264,-11.2906,31.3,13.08
2317985,-11.2906,31.3,13.10
2318706,-11.2906,31.3,13.12
2319427,-11.2906,31.3,13.14
2320148,-11.2906,31.3,13.17
2320869,-11.2906,31.3,13.20
2321590,-11.2906,31.3,13.21
2322311,-11.2906,31.3,13.24
2323032,-11.2906,31.3,13.26
2323753,-11.2906,31.3,13.29
2324474,-11.2906,32.3,13.32
2325195,-11.2906,31.3,13.33
2325916,-11.2906,31.3,13.36
# [n=3200] mean=-12.3646 m  sigma=1.3177 m  die=31.3 C  CalVal=-72
2326637,-9.2172,31.3,13.38
2327358,-10.7722,31.3,13.41
2328079,-10.0962,31.3,13.42
2328800,-11.7638,31.3,13.46
2329521,-12.4174,31.3,13.48
2330242,-11.4032,31.3,13.50
2330963,-11.8314,31.3,13.52
2331684,-10.7722,31.3,13.54
2332405,-10.2764,32.3,13.57
2333126,-9.6905,31.3,13.59
2333847,-9.9159,31.3,13.62
2334568,-9.7356,32.3,13.64
2335289,-9.1271,32.3,13.67
2336010,-8.6989,32.3,13.68
2336731,-9.0370,32.3,13.71
2337452,-9.0370,32.3,13.73
2338173,-9.0370,32.3,13.75
2338894,-9.0370,32.3,13.77
2339615,-9.0370,32.3,13.80
2340336,-9.0370,32.3,13.82
2341057,-9.0370,32.3,13.85
2341778,-9.0370,32.3,13.87
2342499,-9.0370,32.3,13.89
2343220,-9.0370,32.3,13.92
2343941,-9.0370,32.3,13.94
2344662,-9.0370,32.3,13.96
2345383,-9.0370,32.3,13.99
2346104,-9.0370,32.3,14.01
2346825,-9.0370,32.3,14.03
2347546,-9.0370,32.3,14.05
2348267,-9.0370,32.3,14.08
2348988,-9.0370,32.3,14.10
2349709,-9.0370,32.3,14.13
2350430,-9.0370,32.3,14.14
2351151,-9.0370,32.3,14.17
2351872,-9.0370,32.3,14.18
2352593,-9.0370,32.3,14.21
2353314,-9.1722,32.3,14.23
2354035,-10.8849,32.3,14.26
2354756,-9.1496,32.3,14.28
2355477,-9.8032,32.3,14.30
2356198,-10.1412,32.3,14.32
2356919,-10.3215,32.3,14.35
2357640,-9.5778,32.3,14.37
2358361,-9.2849,32.3,14.39
2359082,-9.3525,32.3,14.42
2359803,-10.4342,32.3,14.44
2360524,-10.2764,32.3,14.46
2361245,-9.3525,32.3,14.48
2361966,-10.1187,32.3,14.50
2362687,-9.6905,32.3,14.53
2363408,-9.3750,32.3,14.55
2364129,-9.3750,32.3,14.57
2364850,-9.3750,32.3,14.60
2365571,-9.3750,32.3,14.62
2366292,-9.3750,33.3,14.64
2367013,-9.3750,33.3,14.66
2367734,-9.3750,32.3,14.68
2368455,-9.3750,32.3,14.71
2369176,-9.3750,33.3,14.73
2369897,-9.3750,33.3,14.76
2370618,-9.3750,33.3,14.78
2371339,-9.3750,32.3,14.81
2372060,-9.3750,33.3,14.83
2372781,-9.3750,33.3,14.85
2373502,-9.3750,33.3,14.87
2374223,-9.3750,33.3,14.90
2374944,-9.3750,33.3,14.93
2375665,-9.3750,33.3,14.95
2376386,-9.3750,33.3,14.97
2377107,-9.3750,33.3,14.99
2377828,-9.3750,33.3,15.01
2378549,-9.3750,33.3,15.03
2379270,-9.3750,33.3,15.06
2379991,-9.4877,33.3,15.08
2380712,-10.4567,33.3,15.10
2381433,-9.2623,33.3,15.13
2382154,-9.6454,33.3,15.15
2382875,-10.0285,33.3,15.17
2383596,-9.8257,33.3,15.19
2384317,-9.0370,33.3,15.21
2385038,-9.0144,33.3,15.23
2385759,-10.5018,33.3,15.26
2386480,-10.0285,33.3,15.28
2387201,-9.2172,33.3,15.31
2387922,-10.2088,33.3,15.33
2388643,-10.0060,33.3,15.35
2389364,-9.8708,33.3,15.38
2390085,-10.3440,33.3,15.39
2390806,-10.3440,33.3,15.42
2391527,-10.3440,33.3,15.43
2392248,-10.3440,33.3,15.46
2392969,-10.3440,33.3,15.48
2393690,-10.3440,34.3,15.50
2394411,-10.3440,33.3,15.53
2395132,-10.3440,33.3,15.55
2395853,-10.3440,33.3,15.57
2396574,-10.3440,33.3,15.60
2397295,-10.3440,33.3,15.62
2398016,-10.3440,33.3,15.64
# [n=3300] mean=-12.2831 m  sigma=1.3824 m  die=33.3 C  CalVal=-72
2398737,-10.3440,33.3,15.66
2399458,-10.3440,34.3,15.68
2400179,-10.3440,34.3,15.71
2400900,-10.3440,34.3,15.73
2401621,-10.3440,34.3,15.75
2402342,-10.3440,34.3,15.77
2403063,-10.3440,33.3,15.80
2403784,-10.3440,34.3,15.83
2404505,-10.3440,34.3,15.84
2405226,-10.3440,34.3,15.86
2405947,-10.3440,34.3,15.88
2406668,-9.6680,34.3,15.91
2407389,-10.4117,34.3,15.93
2408110,-10.6596,34.3,15.96
2408831,-9.7581,34.3,15.98
2409552,-10.6370,34.3,16.00
2410273,-10.1412,34.3,16.02
2410994,-10.4567,34.3,16.04
2411715,-10.2539,34.3,16.07
2412436,-9.9384,34.3,16.08
2413157,-10.5694,34.3,16.11
2413878,-10.3666,34.3,16.13
2414599,-10.5018,34.3,16.16
2415320,-9.6454,34.3,16.17
2416041,-10.5469,34.3,16.20
2416762,-10.6145,34.3,16.22
2417483,-10.6145,34.3,16.25
2418204,-10.6145,34.3,16.27
2418925,-10.6145,34.3,16.29
2419646,-10.6145,34.3,16.31
2420367,-10.6145,34.3,16.33
2421088,-10.6145,34.3,16.36
2421809,-10.6145,34.3,16.38
2422530,-10.6145,34.3,16.40
2423251,-10.6145,34.3,16.43
2423972,-10.6145,34.3,16.45
2424693,-10.6145,34.3,16.47
2425414,-10.6145,34.3,16.49
2426135,-10.6145,34.3,16.51
2426856,-10.6145,34.3,16.54
2427577,-10.6145,34.3,16.57
2428298,-10.6145,34.3,16.58
2429019,-10.6145,34.3,16.60
2429740,-10.6145,34.3,16.62
2430461,-10.6145,34.3,16.65
2431182,-10.6145,34.3,16.67
2431903,-10.6145,34.3,16.69
2432624,-10.6145,34.3,16.71
2433345,-10.3666,34.3,16.73
2434066,-10.3215,34.3,16.76
2434787,-9.9609,34.3,16.77
2435508,-9.6905,34.3,16.80
2436229,-9.9835,34.3,16.81
2436950,-10.2990,34.3,16.84
2437671,-10.1187,34.3,16.86
2438392,-10.3891,34.3,16.89
2439113,-10.6821,34.3,16.90
2439834,-10.1412,34.3,16.93
2440555,-10.5243,34.3,16.95
2441276,-9.4651,34.3,16.98
2441997,-10.2539,34.3,16.99
2442718,-10.0736,34.3,17.01
2443439,-9.3750,34.3,17.04
2444160,-9.3750,34.3,17.06
2444881,-9.3750,35.3,17.08
2445602,-9.3750,34.3,17.10
2446323,-9.3750,35.3,17.12
2447044,-9.3750,34.3,17.14
2447765,-9.3750,34.3,17.16
2448486,-9.3750,34.3,17.19
2449207,-9.3750,35.3,17.22
2449928,-9.3750,35.3,17.24
2450649,-9.3750,34.3,17.26
2451370,-9.3750,35.3,17.28
2452091,-9.3750,34.3,17.30
2452812,-9.3750,34.3,17.32
2453533,-9.3750,35.3,17.35
2454254,-9.3750,35.3,17.37
2454975,-9.3750,35.3,17.39
2455696,-9.3750,35.3,17.41
2456417,-9.3750,35.3,17.44
2457138,-9.3750,35.3,17.46
2457859,-9.3750,35.3,17.48
2458580,-9.3750,35.3,17.50
2459301,-9.3750,35.3,17.53
2460022,-9.3299,35.3,17.54
2460743,-9.6004,35.3,17.57
2461464,-10.6821,35.3,17.59
2462185,-10.5243,35.3,17.61
2462906,-11.2906,35.3,17.63
2463627,-10.5469,35.3,17.65
2464348,-10.0511,35.3,17.68
2465069,-9.4877,35.3,17.70
2465790,-9.9159,35.3,17.72
2466511,-10.1863,35.3,17.74
2467232,-10.7497,35.3,17.76
2467953,-10.5469,35.3,17.78
2468674,-10.2539,35.3,17.80
2469395,-10.8624,35.3,17.83
2470116,-10.7272,35.3,17.85
# [n=3400] mean=-12.2201 m  sigma=1.4120 m  die=35.3 C  CalVal=-72
2470837,-10.7272,35.3,17.87
2471558,-10.7272,35.3,17.90
2472279,-10.7272,35.3,17.92
2473000,-10.7272,35.3,17.93
2473721,-10.7272,35.3,17.96
2474442,-10.7272,35.3,17.98
2475163,-10.7272,35.3,18.00
2475884,-10.7272,35.3,18.02
2476605,-10.7272,35.3,18.05
2477326,-10.7272,35.3,18.06
2478047,-10.7272,35.3,18.08
2478768,-10.7272,35.3,18.10
2479489,-10.7272,35.3,18.13
2480210,-10.7272,35.3,18.15
2480931,-10.7272,35.3,18.18
2481652,-10.7272,35.3,18.19
2482373,-10.7272,35.3,18.22
2483094,-10.7272,35.3,18.24
2483815,-10.7272,35.3,18.26
2484536,-10.7272,36.3,18.28
2485257,-10.7272,36.3,18.30
2485978,-10.8398,36.3,18.32
2486699,-9.7130,36.3,18.34
2487420,-10.1187,36.3,18.36
2488141,-9.6680,36.3,18.38
2488862,-10.0511,36.3,18.41
2489583,-10.6596,36.3,18.43
2490304,-9.1271,36.3,18.45
2491025,-11.1779,36.3,18.47
2491746,-9.9609,36.3,18.49
2492467,-9.2623,36.3,18.52
2493188,-9.8483,36.3,18.54
2493909,-10.7272,36.3,18.56
2494630,-10.2990,36.3,18.58
2495351,-10.1412,36.3,18.60
2496072,-10.5243,36.3,18.62
2496793,-13.1385,36.3,18.64
2497514,-13.1385,36.3,18.67
2498235,-13.1385,36.3,18.69
2498956,-13.1385,36.3,18.71
2499677,-13.1385,36.3,18.74
2500398,-13.1385,36.3,18.76
2501119,-13.1385,36.3,18.78
2501840,-13.1385,36.3,18.80
2502561,-13.1385,36.3,18.82
2503282,-13.1385,36.3,18.84
2504003,-13.1385,36.3,18.86
2504724,-13.1385,36.3,18.88
2505445,-13.1385,36.3,18.91
2506166,-13.1385,36.3,18.93
2506887,-13.1385,36.3,18.95
2507608,-13.1385,36.3,18.97
2508329,-13.1385,37.3,18.99
2509050,-13.1385,36.3,19.02
2509771,-13.1385,36.3,19.03
2510492,-13.1385,36.3,19.05
2511213,-13.1385,37.3,19.07
2511934,-13.1385,37.3,19.10
2512655,-9.1496,37.3,19.12
2513376,-9.3299,37.3,19.15
2514097,-9.8483,36.3,19.17
2514818,-10.5469,36.3,19.18
2515539,-10.0511,36.3,19.21
2516260,-10.3440,36.3,19.23
2516981,-10.6821,36.3,19.25
2517702,-10.5018,36.3,19.27
2518423,-10.6370,37.3,19.30
2519144,-10.0285,37.3,19.31
2519865,-10.2539,37.3,19.33
2520586,-10.2764,37.3,19.35
2521307,-10.5018,37.3,19.37
2522028,-10.1863,37.3,19.40
2522749,-10.7948,37.3,19.41
# outlier -38.9874 die=37.3
# outlier -38.9874 die=37.3
# outlier -38.9874 die=37.3
# outlier -38.9874 die=37.3
# outlier -38.9874 die=37.3
# outlier -38.9874 die=37.3
# outlier -38.9874 die=37.3
# outlier -38.9874 die=37.3
# outlier -38.9874 die=37.3
# outlier -38.9874 die=37.3
# outlier -38.9874 die=37.3
# outlier -38.9874 die=37.3
# outlier -38.9874 die=37.3
# outlier -38.9874 die=37.3
# outlier -38.9874 die=37.3
# outlier -38.9874 die=37.3
# outlier -38.9874 die=37.3
# outlier -38.9874 die=37.3
# outlier -38.9874 die=37.3
# outlier -38.9874 die=37.3
# outlier -38.9874 die=37.3
# outlier -38.9874 die=37.3
2539332,-10.1412,37.3,19.90
2540053,-10.4117,37.3,19.92
2540774,-9.8032,37.3,19.94
2541495,-10.7046,37.3,19.96
2542216,-9.3525,37.3,19.98
2542937,-9.1722,37.3,20.01
2543658,-9.8708,37.3,20.03
2544379,-9.3975,37.3,20.05
2545100,-9.4877,37.3,20.06
2545821,-11.0427,37.3,20.09
2546542,-9.2398,37.3,20.11
2547263,-10.2314,37.3,20.14
2547984,-9.4651,37.3,20.16
2548705,-8.8567,37.3,20.17
2549426,-9.4877,37.3,20.20
2550147,-9.4877,37.3,20.21
2550868,-9.4877,37.3,20.23
2551589,-9.4877,37.3,20.25
2552310,-9.4877,37.3,20.28
2553031,-9.4877,37.3,20.29
2553752,-9.4877,37.3,20.31
2554473,-9.4877,37.3,20.33
2555194,-9.4877,37.3,20.36
2555915,-9.4877,37.3,20.37
2556636,-9.4877,37.3,20.40
2557357,-9.4877,37.3,20.42
2558078,-9.4877,37.3,20.44
# [n=3500] mean=-12.1796 m  sigma=1.4299 m  die=37.3 C  CalVal=-71
2558799,-9.4877,37.3,20.46
2559520,-9.4877,37.3,20.48
2560241,-9.4877,37.3,20.50
2560962,-9.4877,37.3,20.52
2561683,-9.4877,37.3,20.55
2562404,-9.4877,37.3,20.56
2563125,-9.4877,37.3,20.58
2563846,-9.4877,37.3,20.61
2564567,-9.4877,37.3,20.62
2565288,-9.4877,37.3,20.64
2566009,-9.7581,37.3,20.67
2566730,-8.9693,37.3,20.69
2567451,-9.4426,38.3,20.70
2568172,-9.2172,38.3,20.72
2568893,-10.3891,38.3,20.74
2569614,-10.1187,38.3,20.76
2570335,-10.1412,38.3,20.78
2571056,-9.6454,38.3,20.81
2571777,-9.6905,38.3,20.82
2572498,-8.5637,38.3,20.85
2573219,-9.3299,38.3,20.87
2573940,-9.5328,38.3,20.88
2574661,-9.1947,38.3,20.90
2575382,-9.0595,38.3,20.92
2576103,-9.0820,38.3,20.94
2576824,-9.0820,38.3,20.96
2577545,-9.0820,38.3,20.98
2578266,-9.0820,38.3,21.00
2578987,-9.0820,38.3,21.02
2579708,-9.0820,38.3,21.04
2580429,-9.0820,38.3,21.06
2581150,-9.0820,38.3,21.09
2581871,-9.0820,38.3,21.11
2582592,-9.0820,38.3,21.12
2583313,-9.0820,38.3,21.15
2584034,-9.0820,38.3,21.16
2584755,-9.0820,38.3,21.19
2585476,-9.0820,38.3,21.20
2586197,-9.0820,38.3,21.22
2586918,-9.0820,38.3,21.25
2587639,-9.0820,38.3,21.26
2588360,-9.0820,38.3,21.28
2589081,-9.0820,38.3,21.30
2589802,-9.0820,38.3,21.34
2590523,-9.0820,38.3,21.36
2591244,-9.0820,38.3,21.38
2591965,-9.0820,38.3,21.40
2592686,-9.6229,38.3,21.42
2593407,-8.6989,38.3,21.44
2594128,-10.3215,38.3,21.46
2594849,-8.8341,38.3,21.48
2595570,-10.0285,38.3,21.50
2596291,-9.3975,38.3,21.52
2597012,-9.9384,38.3,21.53
2597733,-10.1638,38.3,21.56
2598454,-9.1722,38.3,21.57
2599175,-9.0820,38.3,21.60
2599896,-9.5102,38.3,21.61
2600617,-9.3975,38.3,21.63
2601338,-8.7440,38.3,21.65
2602059,-9.2398,38.3,21.67
2602780,-9.6004,38.3,21.69
2603501,-9.6004,39.3,21.71
2604222,-9.6004,38.3,21.74
2604943,-9.6004,39.3,21.75
2605664,-9.6004,39.3,21.78
2606385,-9.6004,39.3,21.79
2607106,-9.6004,39.3,21.81
2607827,-9.6004,39.3,21.83
2608548,-9.6004,39.3,21.85
2609269,-9.6004,39.3,21.87
2609990,-9.6004,39.3,21.89
2610711,-9.6004,39.3,21.91
2611432,-9.6004,39.3,21.93
2612153,-9.6004,39.3,21.95
2612874,-9.6004,39.3,21.96
2613595,-9.6004,39.3,21.98
2614316,-9.6004,39.3,22.01
2615037,-9.6004,39.3,22.02
2615758,-9.6004,39.3,22.04
2616479,-9.6004,39.3,22.06
2617200,-9.6004,39.3,22.08
2617921,-9.6004,39.3,22.10
2618642,-9.6004,39.3,22.11
2619363,-9.5778,39.3,22.14
2620084,-9.8257,39.3,22.16
2620805,-9.9835,39.3,22.17
2621526,-9.3299,39.3,22.20
2622247,-9.9835,39.3,22.22
2622968,-9.9835,39.3,22.24
2623689,-10.0962,39.3,22.26
2624410,-9.5778,39.3,22.27
2625131,-9.7806,40.3,22.29
2625852,-9.9384,39.3,22.31
2626573,-9.6229,39.3,22.33
2627294,-9.0820,39.3,22.36
2628015,-9.6905,39.3,22.37
2628736,-9.3975,39.3,22.39
2629457,-8.2933,39.3,22.41
2630178,-8.2933,39.3,22.43
# [n=3600] mean=-12.1030 m  sigma=1.4823 m  die=39.3 C  CalVal=-71
2630899,-8.2933,39.3,22.45
2631620,-8.2933,39.3,22.47
2632341,-8.2933,39.3,22.49
2633062,-8.2933,39.3,22.50
2633783,-8.2933,39.3,22.52
2634504,-8.2933,39.3,22.54
2635225,-8.2933,39.3,22.56
2635946,-8.2933,39.3,22.58
2636667,-8.2933,39.3,22.60
2637388,-8.2933,39.3,22.62
2638109,-8.2933,39.3,22.64
2638830,-8.2933,39.3,22.66
2639551,-8.2933,40.3,22.68
2640272,-8.2933,40.3,22.71
2640993,-8.2933,40.3,22.73
2641714,-8.2933,40.3,22.74
2642435,-8.2933,40.3,22.76
2643156,-8.2933,40.3,22.78
2643877,-8.2933,40.3,22.80
2644598,-8.2933,40.3,22.81
2645319,-8.2933,40.3,22.84
2646040,-8.9919,40.3,22.86
2646761,-9.0820,40.3,22.87
2647482,-8.6989,40.3,22.89
2648203,-9.5553,40.3,22.91
2648924,-9.3299,40.3,22.92
2649645,-9.6229,40.3,22.94
2650366,-9.3975,40.3,22.96
2651087,-8.9017,40.3,22.98
2651808,-10.9300,40.3,23.00
2652529,-10.1863,40.3,23.02
2653250,-8.5186,40.3,23.04
2653971,-8.6764,40.3,23.06
2654692,-9.2398,40.3,23.08
2655413,-9.1947,40.3,23.10
2656134,-8.6538,40.3,23.12
2656855,-8.6538,40.3,23.13
2657576,-8.6538,40.3,23.15
2658297,-8.6538,40.3,23.17
2659018,-8.6538,40.3,23.19
2659739,-8.6538,40.3,23.21
2660460,-8.6538,40.3,23.23
2661181,-8.6538,40.3,23.24
2661902,-8.6538,40.3,23.26
2662623,-8.6538,40.3,23.28
2663344,-8.6538,40.3,23.30
2664065,-8.6538,40.3,23.31
2664786,-8.6538,40.3,23.33
2665507,-8.6538,40.3,23.35
2666228,-8.6538,40.3,23.37
2666949,-8.6538,40.3,23.39
2667670,-8.6538,40.3,23.40
2668391,-8.6538,40.3,23.43
2669112,-8.6538,40.3,23.44
2669833,-8.6538,40.3,23.46
2670554,-8.6538,40.3,23.48
2671275,-8.6538,40.3,23.50
2671996,-8.6538,40.3,23.52
2672717,-8.0679,40.3,23.53
2673438,-9.2398,40.3,23.55
2674159,-8.2482,40.3,23.57
2674880,-10.1638,40.3,23.59
2675601,-9.3299,40.3,23.61
2676322,-8.3834,41.3,23.62
2677043,-9.6905,41.3,23.64
2677764,-9.0820,41.3,23.66
2678485,-8.7215,41.3,23.68
2679206,-9.3750,41.3,23.70
2679927,-9.2849,41.3,23.72
2680648,-8.9919,41.3,23.74
2681369,-7.9778,41.3,23.75
2682090,-6.9862,40.3,23.77
2682811,-9.1046,41.3,23.79
2683532,-9.1046,41.3,23.81
2684253,-9.1046,41.3,23.83
2684974,-9.1046,41.3,23.84
2685695,-9.1046,41.3,23.86
2686416,-9.1046,41.3,23.88
2687137,-9.1046,41.3,23.90
2687858,-9.1046,41.3,23.92
2688579,-9.1046,41.3,23.94
2689300,-9.1046,41.3,23.96
2690021,-9.1046,41.3,23.97
2690742,-9.1046,41.3,23.99
2691463,-9.1046,41.3,24.01
2692184,-9.1046,41.3,24.03
2692905,-9.1046,41.3,24.05
2693626,-9.1046,41.3,24.06
2694347,-9.1046,41.3,24.08
2695068,-9.1046,41.3,24.10
2695789,-9.1046,41.3,24.12
2696510,-9.1046,41.3,24.14
2697231,-9.1046,41.3,24.15
2697952,-9.1046,41.3,24.17
2698673,-9.1046,41.3,24.19
2699394,-9.1722,41.3,24.20
2700115,-9.6004,41.3,24.22
2700836,-8.0228,41.3,24.24
2701557,-7.7975,41.3,24.25
2702278,-7.6848,41.3,24.27
# [n=3700] mean=-12.0134 m  sigma=1.5604 m  die=41.3 C  CalVal=-70
2702999,-8.2707,41.3,24.29
2703720,-8.1581,41.3,24.31
2704441,-8.5637,41.3,24.33
2705162,-9.5102,41.3,24.35
2705883,-8.4961,41.3,24.37
2706604,-8.6313,41.3,24.38
2707325,-8.2482,41.3,24.40
2708046,-9.3750,41.3,24.42
2708767,-9.0595,41.3,24.43
2709488,-8.3383,41.3,24.45
2710209,-8.3383,41.3,24.47
2710930,-8.3383,41.3,24.48
2711651,-8.3383,41.3,24.50
2712372,-8.3383,41.3,24.52
2713093,-8.3383,41.3,24.54
2713814,-8.3383,41.3,24.55
2714535,-8.3383,41.3,24.57
2715256,-8.3383,41.3,24.58
2715977,-8.3383,41.3,24.59
2716698,-8.3383,41.3,24.62
2717419,-8.3383,41.3,24.63
2718140,-8.3383,41.3,24.66
2718861,-8.3383,41.3,24.67
2719582,-8.3383,41.3,24.69
2720303,-8.3383,41.3,24.70
2721024,-8.3383,41.3,24.72
2721745,-8.3383,41.3,24.74
2722466,-8.3383,41.3,24.75
2723187,-8.3383,41.3,24.77
2723908,-8.3383,41.3,24.79
2724629,-8.3383,41.3,24.81
2725350,-8.3383,41.3,24.82
2726071,-9.0144,42.3,24.84
2726792,-8.6989,41.3,24.86
2727513,-8.9693,41.3,24.88
2728234,-8.6313,42.3,24.89
2728955,-8.6538,41.3,24.90
2729676,-9.5778,41.3,24.93
2730397,-9.7806,41.3,24.94
2731118,-8.4285,41.3,24.96
2731839,-8.8567,41.3,24.97
2732560,-8.6989,42.3,25.00
2733281,-9.1722,42.3,25.01
2734002,-8.9468,42.3,25.03
2734723,-8.7215,41.3,25.05
2735444,-9.2849,41.3,25.06
2736165,-9.1722,42.3,25.08
2736886,-9.1722,42.3,25.10
2737607,-9.1722,42.3,25.11
2738328,-9.1722,42.3,25.12
2739049,-9.1722,42.3,25.15
2739770,-9.1722,41.3,25.16
2740491,-9.1722,42.3,25.18
2741212,-9.1722,41.3,25.19
2741933,-9.1722,42.3,25.21
2742654,-9.1722,42.3,25.23
2743375,-9.1722,42.3,25.25
2744096,-9.1722,42.3,25.26
2744817,-9.1722,42.3,25.28
2745538,-9.1722,42.3,25.30
2746259,-9.1722,42.3,25.31
2746980,-9.1722,42.3,25.33
2747701,-9.1722,42.3,25.34
2748422,-9.1722,42.3,25.36
2749143,-9.1722,42.3,25.38
2749864,-9.1722,42.3,25.40
2750585,-9.1722,42.3,25.41
2751306,-9.1722,42.3,25.43
2752027,-9.1722,42.3,25.44
2752748,-9.5102,42.3,25.46
2753469,-8.3834,42.3,25.48
2754190,-7.4369,42.3,25.49
2754911,-9.0595,42.3,25.51
2755632,-8.3158,42.3,25.52
2756353,-9.4426,42.3,25.54
2757074,-9.9384,42.3,25.55
2757795,-8.9468,42.3,25.57
2758516,-9.4877,42.3,25.59
2759237,-8.5412,42.3,25.60
2759958,-9.3299,42.3,25.62
2760679,-9.6229,42.3,25.64
2761400,-8.6764,42.3,25.66
2762121,-7.5270,42.3,25.67
2762842,-7.7749,42.3,25.69
2763563,-7.7749,42.3,25.70
2764284,-7.7749,42.3,25.72
2765005,-7.7749,42.3,25.74
2765726,-7.7749,42.3,25.75
2766447,-7.7749,42.3,25.77
2767168,-7.7749,42.3,25.78
2767889,-7.7749,42.3,25.80
2768610,-7.7749,42.3,25.81
2769331,-7.7749,43.3,25.83
2770052,-7.7749,42.3,25.85
2770773,-7.7749,42.3,25.86
2771494,-7.7749,42.3,25.87
2772215,-7.7749,42.3,25.88
2772936,-7.7749,43.3,25.90
2773657,-7.7749,43.3,25.92
2774378,-7.7749,43.3,25.94
# [n=3800] mean=-11.9243 m  sigma=1.6351 m  die=43.3 C  CalVal=-70
2775099,-7.7749,43.3,25.95
2775820,-7.7749,43.3,25.97
2776541,-7.7749,43.3,25.99
2777262,-7.7749,43.3,25.99
2777983,-7.7749,43.3,26.02
2778704,-7.7749,43.3,26.03
2779425,-6.1523,43.3,26.05
2780146,-7.4144,43.3,26.06
2780867,-7.5045,43.3,26.08
2781588,-7.3242,43.3,26.09
2782309,-7.6172,43.3,26.11
2783030,-6.4678,43.3,26.12
2783751,-7.7299,43.3,26.14
2784472,-7.9552,43.3,26.15
2785193,-6.8510,43.3,26.17
2785914,-7.3242,43.3,26.19
2786635,-7.4144,43.3,26.20
2787356,-7.9327,43.3,26.22
2788077,-7.8200,43.3,26.23
2788798,-8.1355,43.3,26.24
2789519,-7.2115,43.3,26.26
2790240,-7.2115,43.3,26.28
2790961,-7.2115,43.3,26.30
2791682,-7.2115,43.3,26.31
2792403,-7.2115,43.3,26.33
2793124,-7.2115,43.3,26.34
2793845,-7.2115,43.3,26.36
2794566,-7.2115,43.3,26.37
2795287,-7.2115,43.3,26.39
2796008,-7.2115,43.3,26.41
2796729,-7.2115,43.3,26.42
2797450,-7.2115,43.3,26.43
2798171,-7.2115,43.3,26.45
2798892,-7.2115,43.3,26.47
2799613,-7.2115,43.3,26.48
2800334,-7.2115,43.3,26.50
2801055,-7.2115,43.3,26.51
2801776,-7.2115,43.3,26.53
2802497,-7.2115,44.3,26.54
2803218,-7.2115,43.3,26.56
2803939,-7.2115,43.3,26.57
2804660,-7.2115,43.3,26.58
2805381,-7.2115,43.3,26.60
2806102,-6.8284,43.3,26.62
2806823,-7.7299,43.3,26.63
2807544,-8.2707,43.3,26.65
2808265,-7.7299,43.3,26.66
2808986,-8.7215,43.3,26.68
2809707,-8.7440,43.3,26.69
2810428,-9.1271,43.3,26.71
2811149,-7.4369,43.3,26.73
2811870,-8.1130,43.3,26.74
2812591,-8.8116,43.3,26.75
2813312,-8.4510,43.3,26.76
2814033,-8.9243,43.3,26.78
2814754,-8.1130,44.3,26.80
2815475,-9.2172,44.3,26.82
2816196,-7.9778,43.3,26.83
2816917,-7.9778,43.3,26.84
2817638,-7.9778,44.3,26.86
2818359,-7.9778,44.3,26.87
2819080,-7.9778,44.3,26.88
2819801,-7.9778,44.3,26.90
2820522,-7.9778,44.3,26.92
2821243,-7.9778,44.3,26.94
2821964,-7.9778,44.3,26.95
2822685,-7.9778,44.3,26.96
2823406,-7.9778,44.3,26.98
2824127,-7.9778,44.3,26.99
2824848,-7.9778,44.3,27.01
2825569,-7.9778,44.3,27.02
2826290,-7.9778,44.3,27.03
2827011,-7.9778,44.3,27.05
2827732,-7.9778,44.3,27.06
2828453,-7.9778,44.3,27.07
2829174,-7.9778,44.3,27.09
2829895,-7.9778,44.3,27.11
2830616,-7.9778,44.3,27.12
2831337,-7.9778,44.3,27.14
2832058,-7.9778,44.3,27.15
2832779,-7.5270,44.3,27.16
2833500,-7.9778,44.3,27.17
2834221,-8.3609,44.3,27.19
2834942,-8.6538,44.3,27.20
2835663,-8.7665,44.3,27.21
2836384,-7.5496,44.3,27.22
2837105,-8.1581,44.3,27.25
2837826,-8.1806,44.3,27.26
2838547,-8.5186,44.3,27.27
2839268,-7.8876,44.3,27.29
2839989,-7.4594,44.3,27.30
2840710,-8.1581,44.3,27.31
2841431,-9.0370,44.3,27.33
2842152,-7.7975,44.3,27.35
2842873,-7.7975,44.3,27.36
2843594,-7.7975,44.3,27.37
2844315,-7.7975,44.3,27.39
2845036,-7.7975,44.3,27.40
2845757,-7.7975,44.3,27.41
2846478,-7.7975,44.3,27.43
# [n=3900] mean=-11.8177 m  sigma=1.7448 m  die=44.3 C  CalVal=-69
2847199,-7.7975,44.3,27.45
2847920,-7.7975,44.3,27.46
2848641,-7.7975,44.3,27.47
2849362,-7.7975,44.3,27.49
2850083,-7.7975,44.3,27.50
2850804,-7.7975,44.3,27.51
2851525,-7.7975,44.3,27.53
2852246,-7.7975,44.3,27.54
2852967,-7.7975,44.3,27.56
2853688,-7.7975,44.3,27.57
2854409,-7.7975,44.3,27.59
2855130,-7.7975,44.3,27.60
2855851,-7.7975,44.3,27.62
2856572,-7.7975,44.3,27.63
2857293,-7.7975,44.3,27.64
2858014,-7.7975,44.3,27.66
2858735,-7.7975,44.3,27.67
2859456,-8.9468,44.3,27.69
2860177,-7.1214,44.3,27.70
2860898,-9.2172,44.3,27.71
2861619,-7.2341,44.3,27.73
2862340,-7.8876,44.3,27.74
2863061,-8.2482,44.3,27.75
2863782,-8.1581,44.3,27.77
2864503,-8.9017,44.3,27.78
2865224,-7.3468,44.3,27.79
2865945,-8.3834,44.3,27.81
2866666,-8.5637,44.3,27.82
2867387,-8.9693,44.3,27.83
2868108,-7.3017,44.3,27.85
2868829,-9.4201,44.3,27.86
2869550,-7.8425,44.3,27.88
2870271,-7.8425,44.3,27.90
2870992,-7.8425,44.3,27.91
2871713,-7.8425,44.3,27.92
2872434,-7.8425,44.3,27.93
2873155,-7.8425,44.3,27.95
2873876,-7.8425,44.3,27.95
2874597,-7.8425,44.3,27.97
2875318,-7.8425,44.3,27.99
2876039,-7.8425,44.3,28.00
2876760,-7.8425,44.3,28.01
2877481,-7.8425,44.3,28.02
2878202,-7.8425,44.3,28.03
2878923,-7.8425,45.3,28.05
2879644,-7.8425,44.3,28.06
2880365,-7.8425,44.3,28.07
2881086,-7.8425,45.3,28.09
2881807,-7.8425,44.3,28.10
2882528,-7.8425,44.3,28.12
2883249,-7.8425,45.3,28.13
2883970,-7.8425,45.3,28.14
2884691,-7.8425,45.3,28.15
2885412,-7.8425,45.3,28.16
2886133,-7.8651,45.3,28.18
2886854,-9.4201,45.3,28.19
2887575,-8.3158,45.3,28.20
2888296,-8.2031,44.3,28.22
2889017,-8.2933,45.3,28.23
2889738,-8.6989,45.3,28.25
2890459,-8.4510,45.3,28.26
2891180,-7.8425,45.3,28.27
2891901,-8.8792,45.3,28.29
2892622,-7.4594,45.3,28.30
2893343,-7.4369,45.3,28.31
2894064,-9.1722,45.3,28.33
2894785,-7.7975,45.3,28.34
2895506,-8.0003,45.3,28.35
2896227,-7.4144,45.3,28.36
2896948,-7.4144,45.3,28.38
2897669,-7.4144,45.3,28.39
2898390,-7.4144,45.3,28.40
2899111,-7.4144,45.3,28.41
2899832,-7.4144,45.3,28.42
2900553,-7.4144,45.3,28.44
2901274,-7.4144,45.3,28.45
2901995,-7.4144,45.3,28.46
2902716,-7.4144,45.3,28.47
2903437,-7.4144,45.3,28.48
2904158,-7.4144,45.3,28.50
2904879,-7.4144,45.3,28.51
2905600,-7.4144,45.3,28.52
2906321,-7.4144,45.3,28.54
2907042,-7.4144,45.3,28.55
2907763,-7.4144,45.3,28.56
2908484,-7.4144,45.3,28.58
2909205,-7.4144,45.3,28.59
2909926,-7.4144,45.3,28.60
2910647,-7.4144,45.3,28.62
2911368,-7.4144,45.3,28.63
2912089,-7.4144,45.3,28.65
2912810,-8.0228,45.3,28.66
2913531,-7.4369,45.3,28.67
2914252,-8.0904,45.3,28.68
2914973,-7.1665,45.3,28.69
2915694,-7.3017,45.3,28.70
2916415,-8.0679,45.3,28.72
2917136,-7.5721,45.3,28.73
2917857,-8.4285,45.3,28.74
2918578,-7.5496,45.3,28.75
# [n=4000] mean=-11.7184 m  sigma=1.8327 m  die=45.3 C  CalVal=-69
2919299,-8.8792,45.3,28.76
2920020,-8.8341,45.3,28.78
2920741,-7.2791,45.3,28.79
2921462,-7.7299,45.3,28.80
2922183,-8.2031,45.3,28.82
2922904,-9.2623,45.3,28.82
2923625,-9.2623,45.3,28.84
2924346,-9.2623,45.3,28.86
2925067,-9.2623,45.3,28.87
2925788,-9.2623,45.3,28.88
2926509,-9.2623,45.3,28.89
2927230,-9.2623,45.3,28.90
2927951,-9.2623,45.3,28.92
2928672,-9.2623,45.3,28.92
2929393,-9.2623,45.3,28.94
2930114,-9.2623,46.3,28.95
2930835,-9.2623,45.3,28.96
2931556,-9.2623,45.3,28.98
2932277,-9.2623,45.3,28.99
2932998,-9.2623,45.3,29.00
2933719,-9.2623,45.3,29.01
2934440,-9.2623,46.3,29.02
2935161,-9.2623,45.3,29.03
2935882,-9.2623,45.3,29.05
2936603,-9.2623,45.3,29.06
2937324,-9.2623,45.3,29.07
2938045,-9.2623,45.3,29.08
2938766,-9.2623,45.3,29.09
2939487,-8.1581,46.3,29.11
2940208,-8.3609,45.3,29.12
2940929,-7.4820,46.3,29.13
2941650,-8.0679,46.3,29.15
2942371,-9.3074,46.3,29.16
2943092,-7.4594,46.3,29.18
2943813,-7.4369,46.3,29.18
2944534,-7.3468,46.3,29.20
2945255,-8.9693,46.3,29.21
2945976,-8.6538,46.3,29.22
2946697,-8.4510,46.3,29.23
2947418,-8.7440,46.3,29.25
2948139,-8.0904,46.3,29.26
2948860,-9.0595,46.3,29.27
2949581,-9.2172,46.3,29.28
2950302,-9.2172,46.3,29.29
2951023,-9.2172,46.3,29.30
2951744,-9.2172,46.3,29.32
2952465,-9.2172,46.3,29.33
2953186,-9.2172,46.3,29.34
2953907,-9.2172,46.3,29.36
2954628,-9.2172,46.3,29.36
2955349,-9.2172,46.3,29.37
2956070,-9.2172,46.3,29.39
2956791,-9.2172,46.3,29.39
2957512,-9.2172,46.3,29.41
2958233,-9.2172,46.3,29.42
2958954,-9.2172,46.3,29.43
2959675,-9.2172,46.3,29.45
2960396,-9.2172,46.3,29.46
2961117,-9.2172,46.3,29.47
2961838,-9.2172,46.3,29.48
2962559,-9.2172,46.3,29.49
2963280,-9.2172,46.3,29.51
2964001,-9.2172,46.3,29.52
2964722,-9.2172,46.3,29.53
2965443,-9.2172,46.3,29.54
2966164,-9.1046,46.3,29.55
2966885,-8.6764,46.3,29.56
2967606,-7.1439,46.3,29.57
2968327,-7.7749,46.3,29.59
2969048,-8.0679,46.3,29.59
2969769,-9.3074,46.3,29.61
2970490,-7.6397,46.3,29.62
2971211,-8.2933,46.3,29.63
2971932,-8.5637,46.3,29.65
2972653,-8.5412,46.3,29.65
2973374,-7.1890,46.3,29.66
2974095,-8.0003,46.3,29.68
2974816,-7.2115,46.3,29.68
2975537,-7.3693,46.3,29.70
2976258,-8.0904,46.3,29.71
2976979,-8.0904,46.3,29.72
2977700,-8.0904,46.3,29.73
2978421,-8.0904,46.3,29.74
2979142,-8.0904,46.3,29.75
2979863,-8.0904,46.3,29.77
2980584,-8.0904,46.3,29.78
2981305,-8.0904,46.3,29.79
2982026,-8.0904,46.3,29.80
2982747,-8.0904,46.3,29.80
2983468,-8.0904,46.3,29.82
2984189,-8.0904,46.3,29.83
2984910,-8.0904,46.3,29.84
2985631,-8.0904,47.3,29.86
2986352,-8.0904,47.3,29.87
2987073,-8.0904,47.3,29.88
2987794,-8.0904,47.3,29.89
2988515,-8.0904,47.3,29.91
2989236,-8.0904,46.3,29.91
2989957,-8.0904,47.3,29.92
2990678,-8.0904,46.3,29.94
# [n=4100] mean=-11.6434 m  sigma=1.8742 m  die=46.3 C  CalVal=-68
2991399,-8.0904,47.3,29.95
2992120,-8.0904,47.3,29.96
2992841,-9.7581,47.3,29.96
2993562,-10.1187,47.3,29.98
2994283,-9.2398,47.3,29.99
2995004,-9.7581,46.3,30.00
2995725,-9.0820,46.3,30.01
2996446,-9.8708,47.3,30.02
2997167,-9.5102,47.3,30.03
2997888,-8.6989,46.3,30.04
2998609,-8.6764,47.3,30.06
2999330,-9.7806,47.3,30.07
3000051,-7.7975,47.3,30.08
3000772,-9.6905,47.3,30.09
3001493,-8.6538,46.3,30.10
3002214,-8.7440,47.3,30.11
3002935,-8.7215,47.3,30.12
3003656,-8.7215,47.3,30.13
3004377,-8.7215,47.3,30.14
3005098,-8.7215,47.3,30.16
3005819,-8.7215,47.3,30.17
3006540,-8.7215,47.3,30.18
3007261,-8.7215,47.3,30.19
3007982,-8.7215,47.3,30.20
3008703,-8.7215,47.3,30.22
3009424,-8.7215,47.3,30.22
3010145,-8.7215,47.3,30.23
3010866,-8.7215,47.3,30.24
3011587,-8.7215,47.3,30.26
3012308,-8.7215,47.3,30.26
3013029,-8.7215,47.3,30.28
3013750,-8.7215,47.3,30.29
3014471,-8.7215,47.3,30.30
3015192,-8.7215,47.3,30.31
3015913,-8.7215,47.3,30.32
3016634,-8.7215,47.3,30.33
3017355,-8.7215,47.3,30.34
3018076,-8.7215,47.3,30.35
3018797,-8.7215,47.3,30.36
3019518,-8.1581,47.3,30.37
3020239,-8.0679,47.3,30.38
3020960,-7.3468,47.3,30.39
3021681,-7.6623,47.3,30.40
3022402,-7.4369,47.3,30.41
3023123,-6.7834,47.3,30.42
3023844,-8.5637,47.3,30.43
3024565,-6.9636,47.3,30.45
3025286,-7.4820,47.3,30.46
3026007,-8.2707,47.3,30.47
3026728,-7.9327,47.3,30.48
3027449,-6.9186,47.3,30.49
3028170,-7.0763,47.3,30.51
3028891,-7.2341,47.3,30.52
3029612,-6.9862,47.3,30.52
3030333,-6.9862,47.3,30.53
3031054,-6.9862,47.3,30.55
3031775,-6.9862,47.3,30.56
3032496,-6.9862,47.3,30.57
3033217,-6.9862,47.3,30.58
3033938,-6.9862,47.3,30.59
3034659,-6.9862,47.3,30.60
3035380,-6.9862,47.3,30.61
3036101,-6.9862,47.3,30.62
3036822,-6.9862,47.3,30.63
3037543,-6.9862,47.3,30.64
3038264,-6.9862,47.3,30.65
3038985,-6.9862,48.3,30.66
3039706,-6.9862,48.3,30.67
3040427,-6.9862,48.3,30.68
3041148,-6.9862,48.3,30.69
3041869,-6.9862,48.3,30.70
3042590,-6.9862,48.3,30.71
3043311,-6.9862,47.3,30.72
3044032,-6.9862,47.3,30.73
3044753,-6.9862,47.3,30.74
3045474,-6.9862,47.3,30.75
3046195,-7.4594,48.3,30.76
3046916,-8.1130,47.3,30.77
3047637,-7.8200,47.3,30.78
3048358,-7.9778,48.3,30.79
3049079,-7.8876,48.3,30.81
3049800,-7.4144,47.3,30.82
3050521,-7.5721,48.3,30.83
3051242,-7.5270,48.3,30.84
3051963,-8.3609,48.3,30.85
3052684,-7.8425,48.3,30.86
3053405,-6.9411,48.3,30.87
3054126,-7.6623,48.3,30.88
3054847,-8.0228,48.3,30.88
3055568,-7.5496,48.3,30.90
3056289,-9.0144,48.3,30.91
3057010,-9.0144,48.3,30.92
3057731,-9.0144,48.3,30.93
3058452,-9.0144,48.3,30.94
3059173,-9.0144,48.3,30.95
3059894,-9.0144,48.3,30.96
3060615,-9.0144,48.3,30.97
3061336,-9.0144,48.3,30.97
3062057,-9.0144,48.3,30.98
3062778,-9.0144,48.3,30.99
# [n=4200] mean=-11.5593 m  sigma=1.9335 m  die=48.3 C  CalVal=-68
3063499,-9.0144,48.3,31.00
3064220,-9.0144,48.3,31.01
3064941,-9.0144,48.3,31.02
3065662,-9.0144,48.3,31.04
3066383,-9.0144,48.3,31.04
3067104,-9.0144,48.3,31.05
3067825,-9.0144,48.3,31.06
3068546,-9.0144,48.3,31.07
3069267,-9.0144,48.3,31.08
3069988,-9.0144,48.3,31.09
3070709,-9.0144,48.3,31.10
3071430,-9.0144,48.3,31.11
3072151,-9.0144,48.3,31.12
3072872,-7.6172,48.3,31.13
3073593,-7.8425,48.3,31.14
3074314,-8.1806,48.3,31.15
3075035,-7.6848,48.3,31.16
3075756,-7.6397,48.3,31.17
3076477,-8.2707,48.3,31.18
3077198,-8.2707,48.3,31.19
3077919,-8.9693,48.3,31.20
3078640,-8.0904,48.3,31.21
3079361,-8.4961,48.3,31.22
3080082,-7.3017,48.3,31.23
3080803,-7.4820,48.3,31.24
3081524,-8.8341,48.3,31.25
3082245,-8.5186,48.3,31.26
3082966,-8.9243,48.3,31.27
3083687,-8.9243,48.3,31.28
3084408,-8.9243,48.3,31.29
3085129,-8.9243,48.3,31.29
3085850,-8.9243,48.3,31.31
3086571,-8.9243,48.3,31.32
3087292,-8.9243,48.3,31.33
3088013,-8.9243,48.3,31.34
3088734,-8.9243,48.3,31.35
3089455,-8.9243,48.3,31.36
3090176,-8.9243,48.3,31.37
3090897,-8.9243,48.3,31.38
3091618,-8.9243,48.3,31.38
3092339,-8.9243,48.3,31.40
3093060,-8.9243,48.3,31.40
3093781,-8.9243,48.3,31.41
3094502,-8.9243,48.3,31.42
3095223,-8.9243,48.3,31.44
3095944,-8.9243,48.3,31.45
3096665,-8.9243,48.3,31.46
3097386,-8.9243,48.3,31.47
3098107,-8.9243,48.3,31.48
3098828,-7.3242,48.3,31.49
3099549,-7.1890,48.3,31.50
3100270,-7.6848,48.3,31.51
3100991,-7.0087,48.3,31.52
3101712,-7.5270,48.3,31.53
3102433,-7.7073,48.3,31.54
3103154,-7.9327,48.3,31.54
3103875,-7.6397,48.3,31.56
3104596,-7.8876,48.3,31.56
3105317,-7.9102,48.3,31.58
3106038,-8.7215,48.3,31.58
3106759,-8.7215,48.3,31.59
3107480,-7.7524,48.3,31.60
3108201,-7.2566,48.3,31.61
3108922,-6.9862,48.3,31.62
3109643,-7.9327,48.3,31.63
3110364,-7.9327,48.3,31.64
3111085,-7.9327,48.3,31.65
3111806,-7.9327,48.3,31.66
3112527,-7.9327,48.3,31.67
3113248,-7.9327,48.3,31.68
3113969,-7.9327,48.3,31.69
3114690,-7.9327,48.3,31.70
3115411,-7.9327,48.3,31.71
3116132,-7.9327,48.3,31.71
3116853,-7.9327,48.3,31.73
3117574,-7.9327,48.3,31.74
3118295,-7.9327,48.3,31.75
3119016,-7.9327,48.3,31.76
3119737,-7.9327,48.3,31.77
3120458,-7.9327,48.3,31.78
3121179,-7.9327,48.3,31.79
3121900,-7.9327,48.3,31.80
3122621,-7.9327,48.3,31.81
3123342,-7.9327,48.3,31.82
3124063,-7.9327,48.3,31.83
3124784,-7.9327,48.3,31.85
3125505,-7.0538,48.3,31.85
3126226,-8.1806,48.3,31.87
3126947,-8.0003,48.3,31.87
3127668,-7.9552,48.3,31.88
3128389,-8.7665,48.3,31.89
3129110,-7.6172,48.3,31.90
3129831,-8.1806,48.3,31.91
3130552,-8.0003,48.3,31.92
3131273,-8.9017,48.3,31.93
3131994,-7.5045,48.3,31.94
3132715,-8.2933,48.3,31.94
3133436,-8.0904,48.3,31.95
3134157,-7.2566,48.3,31.96
3134878,-8.4510,49.3,31.98
# [n=4300] mean=-11.4832 m  sigma=1.9756 m  die=49.3 C  CalVal=-68
3135599,-8.4961,49.3,31.99
# outlier -43.5622 die=48.3
# outlier -43.5622 die=48.3
# outlier -43.5622 die=48.3
# outlier -43.5622 die=49.3
# outlier -43.5622 die=49.3
# outlier -43.5622 die=48.3
# outlier -43.5622 die=48.3
# outlier -43.5622 die=49.3
# outlier -43.5622 die=49.3
# outlier -43.5622 die=49.3
# outlier -43.5622 die=49.3
# outlier -43.5622 die=49.3
# outlier -43.5622 die=49.3
# outlier -43.5622 die=49.3
# outlier -43.5622 die=49.3
# outlier -43.5622 die=49.3
# outlier -43.5622 die=49.3
# outlier -43.5622 die=49.3
# outlier -43.5622 die=49.3
# outlier -43.5622 die=49.3
# outlier -43.5622 die=49.3
# outlier -43.5622 die=49.3
3152182,-7.7524,49.3,32.21
3152903,-8.2031,49.3,32.22
3153624,-7.6848,49.3,32.24
3154345,-8.5412,49.3,32.24
3155066,-8.4059,49.3,32.25
3155787,-8.9919,49.3,32.26
3156508,-8.4059,49.3,32.27
3157229,-8.2257,49.3,32.28
3157950,-9.2172,49.3,32.28
3158671,-8.7665,49.3,32.29
3159392,-8.0904,49.3,32.31
3160113,-8.0003,49.3,32.31
3160834,-8.1581,49.3,32.32
3161555,-8.6538,49.3,32.33
3162276,-8.4736,49.3,32.34
3162997,-8.4736,49.3,32.35
3163718,-8.4736,49.3,32.35
3164439,-8.4736,49.3,32.37
3165160,-8.4736,49.3,32.38
3165881,-8.4736,49.3,32.38
3166602,-8.4736,49.3,32.39
3167323,-8.4736,49.3,32.40
3168044,-8.4736,49.3,32.41
3168765,-8.4736,49.3,32.42
3169486,-8.4736,49.3,32.43
3170207,-8.4736,49.3,32.44
3170928,-8.4736,49.3,32.45
3171649,-8.4736,49.3,32.46
3172370,-8.4736,49.3,32.47
3173091,-8.4736,49.3,32.48
3173812,-8.4736,49.3,32.49
3174533,-8.4736,49.3,32.50
3175254,-8.4736,49.3,32.51
3175975,-8.4736,49.3,32.52
3176696,-8.4736,49.3,32.53
3177417,-8.4736,49.3,32.54
3178138,-8.4736,49.3,32.55
3178859,-8.0454,49.3,32.55
3179580,-8.4736,49.3,32.56
3180301,-9.3750,49.3,32.57
3181022,-8.5862,49.3,32.58
3181743,-8.7215,49.3,32.59
3182464,-9.5328,49.3,32.60
3183185,-8.4059,49.3,32.61
3183906,-8.6764,49.3,32.62
3184627,-9.2398,49.3,32.63
3185348,-8.6989,49.3,32.64
3186069,-9.0144,49.3,32.65
3186790,-8.7215,49.3,32.65
3187511,-7.7749,49.3,32.66
3188232,-8.0454,49.3,32.67
3188953,-8.9693,49.3,32.68
3189674,-8.9693,49.3,32.69
3190395,-8.9693,49.3,32.70
3191116,-8.9693,49.3,32.71
3191837,-8.9693,49.3,32.72
3192558,-8.9693,49.3,32.73
3193279,-8.9693,49.3,32.74
3194000,-8.9693,49.3,32.75
3194721,-8.9693,49.3,32.76
3195442,-8.9693,49.3,32.77
3196163,-8.9693,49.3,32.78
3196884,-8.9693,49.3,32.79
3197605,-8.9693,49.3,32.79
3198326,-8.9693,49.3,32.80
3199047,-8.9693,50.3,32.81
3199768,-8.9693,49.3,32.83
3200489,-8.9693,50.3,32.84
3201210,-8.9693,50.3,32.85
3201931,-8.9693,49.3,32.85
3202652,-8.9693,49.3,32.86
3203373,-8.9693,49.3,32.87
3204094,-8.9693,50.3,32.88
3204815,-8.9693,50.3,32.89
3205536,-9.1496,50.3,32.89
3206257,-8.4510,50.3,32.91
3206978,-8.4059,50.3,32.92
3207699,-8.8567,50.3,32.92
3208420,-9.1271,50.3,32.93
3209141,-9.0370,50.3,32.94
3209862,-8.5412,50.3,32.95
3210583,-9.0144,50.3,32.96
3211304,-9.2849,50.3,32.97
3212025,-8.5186,50.3,32.97
3212746,-8.5637,50.3,32.98
3213467,-7.9102,50.3,32.99
3214188,-9.6004,50.3,33.00
3214909,-9.7806,50.3,33.01
3215630,-8.5412,50.3,33.01
3216351,-8.5412,50.3,33.02
3217072,-8.5412,50.3,33.03
3217793,-8.5412,50.3,33.05
3218514,-8.5412,50.3,33.06
3219235,-8.5412,50.3,33.07
3219956,-8.5412,50.3,33.07
3220677,-8.5412,50.3,33.08
3221398,-8.5412,50.3,33.09
3222119,-8.5412,50.3,33.10
3222840,-8.5412,50.3,33.11
# [n=4400] mean=-11.4191 m  sigma=1.9986 m  die=50.3 C  CalVal=-67
3223561,-8.5412,50.3,33.12
3224282,-8.5412,50.3,33.12
3225003,-8.5412,50.3,33.14
3225724,-8.5412,50.3,33.14
3226445,-8.5412,50.3,33.15
3227166,-8.5412,50.3,33.16
3227887,-8.5412,50.3,33.17
3228608,-8.5412,50.3,33.18
3229329,-8.5412,50.3,33.19
3230050,-8.5412,50.3,33.20
3230771,-8.5412,50.3,33.20
3231492,-8.5412,50.3,33.21
3232213,-8.0228,50.3,33.22
3232934,-9.1271,50.3,33.23
3233655,-8.6088,50.3,33.24
3234376,-7.8200,50.3,33.25
3235097,-9.5102,50.3,33.26
3235818,-9.5553,50.3,33.27
3236539,-8.6088,50.3,33.27
3237260,-8.7891,50.3,33.28
3237981,-9.1046,50.3,33.29
3238702,-7.8200,50.3,33.30
3239423,-8.8792,50.3,33.31
3240144,-9.2172,50.3,33.32
3240865,-9.0595,50.3,33.32
3241586,-8.4059,50.3,33.33
3242307,-8.3834,50.3,33.34
3243028,-8.3834,50.3,33.35
3243749,-8.3834,50.3,33.35
3244470,-8.3834,50.3,33.36
3245191,-8.3834,50.3,33.37
3245912,-8.3834,50.3,33.38
3246633,-8.3834,50.3,33.39
3247354,-8.3834,50.3,33.40
3248075,-8.3834,50.3,33.41
3248796,-8.3834,50.3,33.42
3249517,-8.3834,50.3,33.42
3250238,-8.3834,50.3,33.44
3250959,-8.3834,50.3,33.44
3251680,-8.3834,50.3,33.45
3252401,-8.3834,50.3,33.46
3253122,-8.3834,50.3,33.47
3253843,-8.3834,50.3,33.48
3254564,-8.3834,50.3,33.48
3255285,-8.3834,50.3,33.49
3256006,-8.3834,50.3,33.50
3256727,-8.3834,50.3,33.51
3257448,-8.3834,50.3,33.51
3258169,-8.3834,50.3,33.52
3258890,-9.1722,50.3,33.53
3259611,-9.3074,50.3,33.54
3260332,-9.4201,50.3,33.54
3261053,-9.8483,50.3,33.55
3261774,-8.6989,50.3,33.56
3262495,-8.9017,50.3,33.57
3263216,-9.3975,50.3,33.58
3263937,-9.2623,50.3,33.59
3264658,-9.3975,51.3,33.60
3265379,-8.4285,51.3,33.61
3266100,-8.8116,50.3,33.61
3266821,-9.7130,50.3,33.62
3267542,-8.8116,51.3,33.63
3268263,-8.9243,51.3,33.63
3268984,-9.2849,51.3,33.64
3269705,-9.2849,51.3,33.65
3270426,-9.2849,51.3,33.66
3271147,-9.2849,50.3,33.66
3271868,-9.2849,51.3,33.67
3272589,-9.2849,50.3,33.68
3273310,-9.2849,50.3,33.69
3274031,-9.2849,51.3,33.70
3274752,-9.2849,50.3,33.70
3275473,-9.2849,50.3,33.71
3276194,-9.2849,50.3,33.72
3276915,-9.2849,51.3,33.72
3277636,-9.2849,50.3,33.73
3278357,-9.2849,50.3,33.74
3279078,-9.2849,51.3,33.75
3279799,-9.2849,51.3,33.76
3280520,-9.2849,51.3,33.77
3281241,-9.2849,50.3,33.78
3281962,-9.2849,51.3,33.78
3282683,-9.2849,50.3,33.79
3283404,-9.2849,50.3,33.80
3284125,-9.2849,51.3,33.81
3284846,-9.2849,51.3,33.81
3285567,-9.9384,51.3,33.82
3286288,-8.4961,51.3,33.83
3287009,-9.5553,51.3,33.84
3287730,-8.8116,51.3,33.85
3288451,-9.1947,51.3,33.85
3289172,-8.3158,51.3,33.86
3289893,-8.3609,51.3,33.87
3290614,-8.8341,51.3,33.87
3291335,-8.3158,51.3,33.88
3292056,-9.6229,51.3,33.89
3292777,-9.3750,51.3,33.89
3293498,-9.2849,51.3,33.90
3294219,-8.9919,51.3,33.91
3294940,-8.3834,51.3,33.92
# [n=4500] mean=-11.3620 m  sigma=2.0135 m  die=51.3 C  CalVal=-67
3295661,-8.6313,51.3,33.92
3296382,-8.6313,51.3,33.93
3297103,-8.6313,51.3,33.94
3297824,-8.6313,51.3,33.95
3298545,-8.6313,51.3,33.96
3299266,-8.6313,51.3,33.96
3299987,-8.6313,51.3,33.96
3300708,-8.6313,51.3,33.98
3301429,-8.6313,51.3,33.98
3302150,-8.6313,51.3,33.99
3302871,-8.6313,51.3,34.00
3303592,-8.6313,51.3,34.01
3304313,-8.6313,51.3,34.01
3305034,-8.6313,51.3,34.02
3305755,-8.6313,51.3,34.03
3306476,-8.6313,51.3,34.03
3307197,-8.6313,51.3,34.05
3307918,-8.6313,51.3,34.05
3308639,-8.6313,51.3,34.06
3309360,-8.6313,51.3,34.06
3310081,-8.6313,51.3,34.07
3310802,-8.6313,51.3,34.08
3311523,-8.6313,51.3,34.09
3312244,-8.3158,51.3,34.10
3312965,-8.2482,51.3,34.10
3313686,-8.6538,51.3,34.11
3314407,-9.1947,51.3,34.12
3315128,-8.2257,51.3,34.12
3315849,-8.8116,51.3,34.13
3316570,-9.3750,51.3,34.14
3317291,-8.5186,51.3,34.14
3318012,-8.6313,51.3,34.15
3318733,-8.5862,51.3,34.16
3319454,-9.3975,51.3,34.17
3320175,-9.5328,51.3,34.17
3320896,-8.1806,51.3,34.18
3321617,-9.2172,51.3,34.19
3322338,-8.8341,51.3,34.19
3323059,-8.8341,51.3,34.20
3323780,-8.8341,51.3,34.21
3324501,-8.8341,51.3,34.22
3325222,-8.8341,51.3,34.23
3325943,-8.8341,51.3,34.23
3326664,-8.8341,51.3,34.24
3327385,-8.8341,51.3,34.25
3328106,-8.8341,51.3,34.25
3328827,-8.8341,51.3,34.26
3329548,-8.8341,51.3,34.26
3330269,-8.8341,51.3,34.27
3330990,-8.8341,51.3,34.27
3331711,-8.8341,51.3,34.28
3332432,-8.8341,51.3,34.29
3333153,-8.8341,51.3,34.29
3333874,-8.8341,51.3,34.30
3334595,-8.8341,51.3,34.31
3335316,-8.8341,51.3,34.31
3336037,-8.8341,51.3,34.32
3336758,-8.8341,51.3,34.32
3337479,-8.8341,51.3,34.33
3338200,-8.8341,51.3,34.34
3338921,-8.0679,51.3,34.34
3339642,-8.4961,51.3,34.35
3340363,-9.3074,51.3,34.36
3341084,-9.6680,51.3,34.37
3341805,-9.7581,51.3,34.37
3342526,-9.9835,51.3,34.39
3343247,-9.5553,51.3,34.40
3343968,-8.3383,51.3,34.40
3344689,-8.5862,51.3,34.41
3345410,-9.8708,51.3,34.42
3346131,-10.0285,51.3,34.42
3346852,-8.5412,51.3,34.43
3347573,-8.3609,51.3,34.43
3348294,-8.6764,51.3,34.44
3349015,-9.1496,51.3,34.45
3349736,-9.1496,51.3,34.45
3350457,-9.1496,51.3,34.46
3351178,-9.1496,51.3,34.46
3351899,-9.1496,51.3,34.47
3352620,-9.1496,51.3,34.47
3353341,-9.1496,51.3,34.48
3354062,-9.1496,51.3,34.49
3354783,-9.1496,51.3,34.50
3355504,-9.1496,51.3,34.50
3356225,-9.1496,51.3,34.51
3356946,-9.1496,51.3,34.51
3357667,-9.1496,51.3,34.51
3358388,-9.1496,51.3,34.52
3359109,-9.1496,51.3,34.52
3359830,-9.1496,51.3,34.54
3360551,-9.1496,51.3,34.54
3361272,-9.1496,51.3,34.55
3361993,-9.1496,51.3,34.56
3362714,-9.1496,51.3,34.56
3363435,-9.1496,51.3,34.57
3364156,-9.1496,51.3,34.57
3364877,-9.1496,51.3,34.58
3365598,-9.2172,51.3,34.58
3366319,-9.4426,51.3,34.59
3367040,-9.1271,51.3,34.60
# [n=4600] mean=-11.3085 m  sigma=2.0243 m  die=51.3 C  CalVal=-67
3367761,-8.5862,51.3,34.60
3368482,-8.2257,51.3,34.61
3369203,-9.4651,51.3,34.62
3369924,-8.9468,51.3,34.62
3370645,-9.0370,51.3,34.62
3371366,-8.5186,51.3,34.63
3372087,-8.4285,51.3,34.63
3372808,-9.8933,51.3,34.64
3373529,-9.1496,51.3,34.65
3374250,-9.4877,51.3,34.65
3374971,-9.3750,51.3,34.66
3375692,-8.6088,51.3,34.66
3376413,-8.6088,51.3,34.67
3377134,-8.6088,51.3,34.68
3377855,-8.6088,51.3,34.69
3378576,-8.6088,51.3,34.70
3379297,-8.6088,51.3,34.70
3380018,-8.6088,51.3,34.71
3380739,-8.6088,51.3,34.71
3381460,-8.6088,51.3,34.72
3382181,-8.6088,51.3,34.73
3382902,-8.6088,51.3,34.73
3383623,-8.6088,51.3,34.73
3384344,-8.6088,51.3,34.74
3385065,-8.6088,51.3,34.74
3385786,-8.6088,51.3,34.75
3386507,-8.6088,51.3,34.76
3387228,-8.6088,51.3,34.76
3387949,-8.6088,51.3,34.77
3388670,-8.6088,51.3,34.77
3389391,-8.6088,51.3,34.78
3390112,-8.6088,51.3,34.79
3390833,-8.6088,51.3,34.79
3391554,-8.6088,51.3,34.80
3392275,-9.4877,51.3,34.81
3392996,-10.1638,51.3,34.81
3393717,-9.7130,51.3,34.81
3394438,-9.2623,51.3,34.82
3395159,-9.4201,51.3,34.83
3395880,-9.2398,51.3,34.83
3396601,-9.4877,51.3,34.83
3397322,-9.9835,51.3,34.84
3398043,-9.6004,51.3,34.85
3398764,-8.9693,51.3,34.85
3399485,-8.9919,51.3,34.86
3400206,-9.2849,51.3,34.86
3400927,-9.6004,51.3,34.87
3401648,-9.6680,51.3,34.88
3402369,-10.5919,51.3,34.88
3403090,-10.5919,51.3,34.89
3403811,-10.5919,51.3,34.89
3404532,-10.5919,51.3,34.90
3405253,-10.5919,51.3,34.90
3405974,-10.5919,51.3,34.91
3406695,-10.5919,51.3,34.91
3407416,-10.5919,51.3,34.92
3408137,-10.5919,51.3,34.92
3408858,-10.5919,51.3,34.92
3409579,-10.5919,51.3,34.93
3410300,-10.5919,52.3,34.94
3411021,-10.5919,51.3,34.94
3411742,-10.5919,51.3,34.95
3412463,-10.5919,51.3,34.95
3413184,-10.5919,51.3,34.96
3413905,-10.5919,51.3,34.96
3414626,-10.5919,51.3,34.97
3415347,-10.5919,51.3,34.97
3416068,-10.5919,52.3,34.98
3416789,-10.5919,52.3,34.98
3417510,-10.5919,52.3,34.98
3418231,-10.5919,51.3,35.00
3418952,-9.6454,52.3,35.00
3419673,-8.8792,51.3,35.00
3420394,-9.6905,51.3,35.01
3421115,-10.0060,51.3,35.01
3421836,-10.6821,51.3,35.03
3422557,-10.1863,51.3,35.03
3423278,-9.9609,51.3,35.03
3423999,-10.7497,52.3,35.04
3424720,-9.8933,51.3,35.05
3425441,-8.9017,51.3,35.05
3426162,-9.8032,52.3,35.06
3426883,-9.5102,52.3,35.06
3427604,-8.6764,52.3,35.06
3428325,-8.9919,52.3,35.07
3429046,-9.3750,51.3,35.07
3429767,-9.3750,52.3,35.08
3430488,-9.3750,51.3,35.09
3431209,-9.3750,52.3,35.09
3431930,-9.3750,52.3,35.10
3432651,-9.3750,52.3,35.10
3433372,-9.3750,52.3,35.11
3434093,-9.3750,52.3,35.11
3434814,-9.3750,52.3,35.12
3435535,-9.3750,52.3,35.13
3436256,-9.3750,52.3,35.13
3436977,-9.3750,52.3,35.13
3437698,-9.3750,52.3,35.14
3438419,-9.3750,52.3,35.15
3439140,-9.3750,52.3,35.15
# [n=4700] mean=-11.2700 m  sigma=2.0227 m  die=52.3 C  CalVal=-66
3439861,-9.3750,52.3,35.16
3440582,-9.3750,52.3,35.16
3441303,-9.3750,51.3,35.16
3442024,-9.3750,51.3,35.17
3442745,-9.3750,52.3,35.18
3443466,-9.3750,52.3,35.18
3444187,-9.3750,52.3,35.18
3444908,-9.3750,51.3,35.19
3445629,-9.2398,51.3,35.19
3446350,-10.0285,52.3,35.20
3447071,-10.5018,52.3,35.21
3447792,-10.3440,52.3,35.22
3448513,-10.6145,52.3,35.22
3449234,-9.5328,52.3,35.22
3449955,-9.1947,51.3,35.22
3450676,-10.0736,52.3,35.23
3451397,-10.3666,52.3,35.24
3452118,-9.5328,52.3,35.24
3452839,-10.5694,51.3,35.25
3453560,-9.1046,52.3,35.25
3454281,-9.9835,52.3,35.26
3455002,-10.7497,52.3,35.26
3455723,-9.1496,52.3,35.27
3456444,-9.1496,52.3,35.27
3457165,-9.1496,52.3,35.28
3457886,-9.1496,52.3,35.29
3458607,-9.1496,52.3,35.29
3459328,-9.1496,52.3,35.29
3460049,-9.1496,52.3,35.30
3460770,-9.1496,52.3,35.30
3461491,-9.1496,52.3,35.31
3462212,-9.1496,52.3,35.31
3462933,-9.1496,52.3,35.31
3463654,-9.1496,52.3,35.32
3464375,-9.1496,52.3,35.33
3465096,-9.1496,52.3,35.33
3465817,-9.1496,52.3,35.34
3466538,-9.1496,52.3,35.35
3467259,-9.1496,52.3,35.35
3467980,-9.1496,52.3,35.36
3468701,-9.1496,52.3,35.36
3469422,-9.1496,52.3,35.37
3470143,-9.1496,52.3,35.37
3470864,-9.1496,52.3,35.38
3471585,-9.1496,52.3,35.38
3472306,-9.3975,52.3,35.39
3473027,-10.3215,52.3,35.39
3473748,-10.6821,52.3,35.39
3474469,-10.6145,52.3,35.40
3475190,-9.4201,52.3,35.40
3475911,-10.9075,52.3,35.41
3476632,-10.8624,52.3,35.41
3477353,-10.9976,52.3,35.42
3478074,-10.7722,52.3,35.42
3478795,-10.5919,52.3,35.42
3479516,-10.3440,52.3,35.44
3480237,-10.2314,52.3,35.44
3480958,-9.6905,52.3,35.44
3481679,-10.5243,52.3,35.44
3482400,-11.2455,52.3,35.45
3483121,-11.2455,52.3,35.46
3483842,-11.2455,52.3,35.47
3484563,-11.2455,52.3,35.47
3485284,-11.2455,52.3,35.47
3486005,-11.2455,52.3,35.48
3486726,-11.2455,52.3,35.48
3487447,-11.2455,52.3,35.48
3488168,-11.2455,52.3,35.49
3488889,-11.2455,52.3,35.49
3489610,-11.2455,52.3,35.49
3490331,-11.2455,52.3,35.50
3491052,-11.2455,52.3,35.50
3491773,-11.2455,52.3,35.51
3492494,-11.2455,52.3,35.52
3493215,-11.2455,52.3,35.52
3493936,-11.2455,52.3,35.52
3494657,-11.2455,52.3,35.53
3495378,-11.2455,52.3,35.54
3496099,-11.2455,52.3,35.54
3496820,-11.2455,52.3,35.55
3497541,-11.2455,52.3,35.55
3498262,-11.2455,52.3,35.55
3498983,-10.8624,52.3,35.55
3499704,-10.4117,52.3,35.56
3500425,-11.2680,52.3,35.57
3501146,-10.0511,52.3,35.57
3501867,-11.2230,52.3,35.57
3502588,-10.7497,52.3,35.58
3503309,-11.0652,52.3,35.59
3504030,-10.1863,52.3,35.59
3504751,-9.8032,52.3,35.60
3505472,-10.2539,52.3,35.60
3506193,-10.6821,52.3,35.61
3506914,-11.6511,52.3,35.61
3507635,-10.5469,52.3,35.62
3508356,-10.3891,52.3,35.63
3509077,-9.8257,52.3,35.63
3509798,-9.8257,52.3,35.63
3510519,-9.8257,52.3,35.64
3511240,-9.8257,52.3,35.64
# [n=4800] mean=-11.2472 m  sigma=2.0113 m  die=52.3 C  CalVal=-66
3511961,-9.8257,52.3,35.65
3512682,-9.8257,52.3,35.65
3513403,-9.8257,52.3,35.66
3514124,-9.8257,52.3,35.66
3514845,-9.8257,52.3,35.67
3515566,-9.8257,52.3,35.67
3516287,-9.8257,52.3,35.67
3517008,-9.8257,52.3,35.69
3517729,-9.8257,52.3,35.69
3518450,-9.8257,52.3,35.69
3519171,-9.8257,52.3,35.70
3519892,-9.8257,52.3,35.70
3520613,-9.8257,52.3,35.71
3521334,-9.8257,52.3,35.71
3522055,-9.8257,52.3,35.72
3522776,-9.8257,52.3,35.71
3523497,-9.8257,52.3,35.73
3524218,-9.8257,52.3,35.73
3524939,-9.8257,52.3,35.73
3525660,-9.8032,52.3,35.74
3526381,-9.8933,52.3,35.74
3527102,-10.6596,52.3,35.75
3527823,-11.0201,52.3,35.75
3528544,-10.5018,52.3,35.76
3529265,-10.2314,52.3,35.76
3529986,-11.0652,52.3,35.77
3530707,-10.6370,53.3,35.77
3531428,-10.3440,52.3,35.78
3532149,-10.5469,53.3,35.78
3532870,-10.4567,52.3,35.78
3533591,-10.4117,52.3,35.79
3534312,-11.0427,52.3,35.79
3535033,-10.8624,52.3,35.80
3535754,-11.1103,52.3,35.80
3536475,-11.1103,52.3,35.80
3537196,-11.1103,52.3,35.80
3537917,-11.1103,52.3,35.81
3538638,-11.1103,52.3,35.81
3539359,-11.1103,52.3,35.82
3540080,-11.1103,52.3,35.83
3540801,-11.1103,52.3,35.83
3541522,-11.1103,52.3,35.83
3542243,-11.1103,52.3,35.84
3542964,-11.1103,53.3,35.84
3543685,-11.1103,53.3,35.84
3544406,-11.1103,53.3,35.85
3545127,-11.1103,52.3,35.85
3545848,-11.1103,53.3,35.86
3546569,-11.1103,53.3,35.86
3547290,-11.1103,53.3,35.87
3548011,-11.1103,52.3,35.87
3548732,-11.1103,53.3,35.88
3549453,-11.1103,53.3,35.88
3550174,-11.1103,53.3,35.89
3550895,-11.1103,53.3,35.89
3551616,-11.1103,53.3,35.89
3552337,-11.0201,53.3,35.90
3553058,-11.1328,53.3,35.90
3553779,-9.9609,53.3,35.91
3554500,-10.9751,53.3,35.91
3555221,-10.9525,53.3,35.91
3555942,-10.0060,52.3,35.92
3556663,-10.9075,53.3,35.92
3557384,-10.7046,52.3,35.93
3558105,-10.9300,53.3,35.93
3558826,-10.8849,53.3,35.94
3559547,-11.1779,52.3,35.93
3560268,-10.6145,53.3,35.94
3560989,-10.7722,53.3,35.95
3561710,-11.9441,52.3,35.95
3562431,-10.9976,52.3,35.96
3563152,-10.9976,53.3,35.96
3563873,-10.9976,52.3,35.96
3564594,-10.9976,52.3,35.96
3565315,-10.9976,52.3,35.97
3566036,-10.9976,52.3,35.97
3566757,-10.9976,52.3,35.99
3567478,-10.9976,52.3,35.98
3568199,-10.9976,52.3,35.99
3568920,-10.9976,52.3,35.99
3569641,-10.9976,52.3,36.00
3570362,-10.9976,53.3,36.00
3571083,-10.9976,53.3,36.00
3571804,-10.9976,53.3,36.01
3572525,-10.9976,53.3,36.01
3573246,-10.9976,53.3,36.02
3573967,-10.9976,52.3,36.03
3574688,-10.9976,53.3,36.03
3575409,-10.9976,53.3,36.03
3576130,-10.9976,52.3,36.03
3576851,-10.9976,52.3,36.04
3577572,-10.9976,53.3,36.04
3578293,-10.9976,53.3,36.05
3579014,-10.7497,53.3,36.05
3579735,-11.5159,52.3,36.06
3580456,-11.0201,53.3,36.06
3581177,-10.7046,53.3,36.07
3581898,-10.6596,53.3,36.07
3582619,-11.3131,53.3,36.07
3583340,-11.8314,53.3,36.07
# [n=4900] mean=-11.2365 m  sigma=1.9935 m  die=53.3 C  CalVal=-66
3584061,-11.0652,53.3,36.07
3584782,-10.9075,53.3,36.08
3585503,-10.8398,53.3,36.08
3586224,-11.8765,53.3,36.09
3586945,-10.6145,53.3,36.09
3587666,-11.0652,53.3,36.10
3588387,-11.9892,53.3,36.10
3589108,-10.1638,53.3,36.11
3589829,-10.1638,53.3,36.11
3590550,-10.1638,53.3,36.11
3591271,-10.1638,53.3,36.12
3591992,-10.1638,53.3,36.12
3592713,-10.1638,53.3,36.12
3593434,-10.1638,53.3,36.13
3594155,-10.1638,53.3,36.13
3594876,-10.1638,53.3,36.13
3595597,-10.1638,53.3,36.14
3596318,-10.1638,53.3,36.14
3597039,-10.1638,53.3,36.14
3597760,-10.1638,53.3,36.14
3598481,-10.1638,53.3,36.15
3599202,-10.1638,53.3,36.16
3599923,-10.1638,53.3,36.15
3600644,-10.1638,53.3,36.16
3601365,-10.1638,53.3,36.17
3602086,-10.1638,53.3,36.17
3602807,-10.1638,53.3,36.17
3603528,-10.1638,53.3,36.18
3604249,-10.1638,53.3,36.18
3604970,-10.1638,53.3,36.18
3605691,-11.9441,53.3,36.19
3606412,-10.8173,53.3,36.19
3607133,-11.3131,53.3,36.20
3607854,-12.0568,53.3,36.20
3608575,-11.4934,53.3,36.20
3609296,-11.1328,53.3,36.21
3610017,-10.3440,53.3,36.22
3610738,-10.3440,53.3,36.22
3611459,-10.7497,53.3,36.22
3612180,-11.0877,53.3,36.22
3612901,-11.0427,53.3,36.23
3613622,-10.8624,53.3,36.23
3614343,-11.4258,53.3,36.23
3615064,-11.0877,53.3,36.24
3615785,-11.2906,53.3,36.24
3616506,-11.2906,53.3,36.24
3617227,-11.2906,53.3,36.24
3617948,-11.2906,53.3,36.24
3618669,-11.2906,53.3,36.25
3619390,-11.2906,53.3,36.25
3620111,-11.2906,53.3,36.26
3620832,-11.2906,53.3,36.26
3621553,-11.2906,53.3,36.26
3622274,-11.2906,53.3,36.27
3622995,-11.2906,53.3,36.27
3623716,-11.2906,53.3,36.27
3624437,-11.2906,53.3,36.27
3625158,-11.2906,53.3,36.28
3625879,-11.2906,53.3,36.28
3626600,-11.2906,53.3,36.29
3627321,-11.2906,53.3,36.29
3628042,-11.2906,53.3,36.29
3628763,-11.2906,53.3,36.29
3629484,-11.2906,53.3,36.30
3630205,-11.2906,53.3,36.30
3630926,-11.2906,53.3,36.30
3631647,-11.2906,53.3,36.31
3632368,-10.6145,53.3,36.31
3633089,-9.9835,53.3,36.32
3633810,-11.2455,53.3,36.32
3634531,-11.6737,53.3,36.32
3635252,-10.3666,53.3,36.33
3635973,-11.4032,53.3,36.33
3636694,-11.0877,53.3,36.33
3637415,-10.5469,53.3,36.34
3638136,-10.9976,53.3,36.34
3638857,-11.9441,53.3,36.34
3639578,-10.3215,53.3,36.35
3640299,-11.2004,53.3,36.35
3641020,-11.4709,53.3,36.36
3641741,-11.1103,53.3,36.36
3642462,-11.7638,53.3,36.37
3643183,-11.7638,53.3,36.37
3643904,-11.7638,53.3,36.38
3644625,-11.7638,53.3,36.38
3645346,-11.7638,53.3,36.38
3646067,-11.7638,53.3,36.39
3646788,-11.7638,53.3,36.39
3647509,-11.7638,53.3,36.39
3648230,-11.7638,53.3,36.39
3648951,-11.7638,53.3,36.40
3649672,-11.7638,53.3,36.40
3650393,-11.7638,53.3,36.40
3651114,-11.7638,53.3,36.40
3651835,-11.7638,53.3,36.41
3652556,-11.7638,53.3,36.41
3653277,-11.7638,53.3,36.41
3653998,-11.7638,53.3,36.42
3654719,-11.7638,53.3,36.42
3655440,-11.7638,53.3,36.43
# [n=5000] mean=-11.2328 m  sigma=1.9756 m  die=53.3 C  CalVal=-66
3656161,-11.7638,53.3,36.43
3656882,-11.7638,53.3,36.43
3657603,-11.7638,53.3,36.43
3658324,-10.8849,53.3,36.44
3659045,-10.6821,53.3,36.44
3659766,-10.0962,53.3,36.44
3660487,-10.9976,53.3,36.45
3661208,-10.2539,53.3,36.45
3661929,-10.8398,53.3,36.45
3662650,-10.9751,53.3,36.46
3663371,-11.6737,53.3,36.46
3664092,-11.0427,53.3,36.47
3664813,-10.7272,53.3,36.47
3665534,-10.6821,53.3,36.47
3666255,-10.3891,53.3,36.47
3666976,-10.7497,53.3,36.48
3667697,-10.3440,53.3,36.48
3668418,-11.2906,53.3,36.48
3669139,-12.2596,53.3,36.49
3669860,-12.2596,53.3,36.50
3670581,-12.2596,53.3,36.50
3671302,-12.2596,53.3,36.50
3672023,-12.2596,53.3,36.50
3672744,-12.2596,53.3,36.50
3673465,-12.2596,53.3,36.51
3674186,-12.2596,54.3,36.51
3674907,-12.2596,53.3,36.51
3675628,-12.2596,53.3,36.51
3676349,-12.2596,53.3,36.52
3677070,-12.2596,53.3,36.53
3677791,-12.2596,53.3,36.53
3678512,-12.2596,54.3,36.53
3679233,-12.2596,53.3,36.53
3679954,-12.2596,53.3,36.53
3680675,-12.2596,53.3,36.54
3681396,-12.2596,53.3,36.54
3682117,-12.2596,54.3,36.54
3682838,-12.2596,53.3,36.55
3683559,-12.2596,53.3,36.55
3684280,-12.2596,53.3,36.55
3685001,-10.7046,54.3,36.56
3685722,-10.0736,53.3,36.56
3686443,-11.0652,53.3,36.56
3687164,-11.5159,53.3,36.56
3687885,-11.0877,53.3,36.57
3688606,-11.3131,53.3,36.57
3689327,-11.5835,53.3,36.58
3690048,-11.2230,53.3,36.57
3690769,-10.7948,53.3,36.58
3691490,-11.9216,53.3,36.58
3692211,-11.6511,53.3,36.58
3692932,-11.5610,54.3,36.59
3693653,-11.4032,54.3,36.59
3694374,-11.3131,53.3,36.59
3695095,-11.4934,54.3,36.60
3695816,-15.3020,54.3,36.61
3696537,-15.3020,53.3,36.61
3697258,-15.3020,53.3,36.61
3697979,-15.3020,53.3,36.61
3698700,-15.3020,53.3,36.61
3699421,-15.3020,53.3,36.62
3700142,-15.3020,53.3,36.62
3700863,-15.3020,53.3,36.63
3701584,-15.3020,53.3,36.63
3702305,-15.3020,53.3,36.64
3703026,-15.3020,53.3,36.64
3703747,-15.3020,53.3,36.64
3704468,-15.3020,53.3,36.65
3705189,-15.3020,53.3,36.65
3705910,-15.3020,53.3,36.65
3706631,-15.3020,53.3,36.66
3707352,-15.3020,53.3,36.66
3708073,-15.3020,53.3,36.66
3708794,-15.3020,53.3,36.66
3709515,-15.3020,53.3,36.66
3710236,-15.3020,53.3,36.67
3710957,-15.3020,53.3,36.67
3711678,-10.5469,53.3,36.67
3712399,-11.1779,53.3,36.68
3713120,-11.1103,53.3,36.68
3713841,-10.9300,53.3,36.68
3714562,-10.2764,53.3,36.69
3715283,-11.4483,53.3,36.69
3716004,-10.5018,53.3,36.70
3716725,-11.3582,53.3,36.70
3717446,-10.9751,53.3,36.70
3718167,-11.1328,53.3,36.70
3718888,-11.6737,53.3,36.71
3719609,-10.7497,54.3,36.71
3720330,-11.4709,54.3,36.71
3721051,-10.7948,53.3,36.72
3721772,-11.0427,54.3,36.72
3722493,-11.0427,54.3,36.72
3723214,-11.0427,54.3,36.72
3723935,-11.0427,53.3,36.73
3724656,-11.0427,54.3,36.73
3725377,-11.0427,54.3,36.73
3726098,-11.0427,54.3,36.74
3726819,-11.0427,53.3,36.74
3727540,-11.0427,54.3,36.74
# [n=5100] mean=-11.2528 m  sigma=1.9760 m  die=54.3 C  CalVal=-66
3728261,-11.0427,54.3,36.75
3728982,-11.0427,54.3,36.76
3729703,-11.0427,54.3,36.75
3730424,-11.0427,54.3,36.75
3731145,-11.0427,54.3,36.76
3731866,-11.0427,54.3,36.76
3732587,-11.0427,54.3,36.76
3733308,-11.0427,54.3,36.77
3734029,-11.0427,54.3,36.77
3734750,-11.0427,54.3,36.77
3735471,-11.0427,53.3,36.77
3736192,-11.0427,54.3,36.78
3736913,-11.0427,54.3,36.78
3737634,-11.0427,54.3,36.78
3738355,-13.6343,53.3,36.79
3739076,-12.7329,54.3,36.79
3739797,-13.0258,54.3,36.80
3740518,-11.9216,54.3,36.79
3741239,-10.8398,53.3,36.80
3741960,-11.5610,54.3,36.80
3742681,-11.7864,54.3,36.81
3743402,-11.2680,54.3,36.81
3744123,-10.8849,54.3,36.81
3744844,-12.0343,54.3,36.82
3745565,-10.4793,54.3,36.82
3746286,-10.9525,54.3,36.82
3747007,-12.1695,54.3,36.83
3747728,-11.5385,54.3,36.83
3748449,-11.4934,54.3,36.83
3749170,-11.4934,54.3,36.84
3749891,-11.4934,54.3,36.83
3750612,-11.4934,54.3,36.84
3751333,-11.4934,54.3,36.84
3752054,-11.4934,54.3,36.85
3752775,-11.4934,53.3,36.85
3753496,-11.4934,54.3,36.85
3754217,-11.4934,54.3,36.85
3754938,-11.4934,53.3,36.86
3755659,-11.4934,54.3,36.86
3756380,-11.4934,54.3,36.86
3757101,-11.4934,54.3,36.87
3757822,-11.4934,54.3,36.87
3758543,-11.4934,54.3,36.87
3759264,-11.4934,54.3,36.87
3759985,-11.4934,54.3,36.87
3760706,-11.4934,54.3,36.88
3761427,-11.4934,54.3,36.88
3762148,-11.4934,54.3,36.89
3762869,-11.4934,54.3,36.89
3763590,-11.4934,54.3,36.89
3764311,-11.4934,54.3,36.90
3765032,-12.3723,54.3,36.90
3765753,-12.8906,54.3,36.90
3766474,-13.3639,54.3,36.90
3767195,-13.8146,54.3,36.90
3767916,-14.3780,54.3,36.91
3768637,-14.6710,54.3,36.91
3769358,-12.9132,54.3,36.91
3770079,-13.8371,53.3,36.91
3770800,-14.3780,54.3,36.91
3771521,-13.3864,54.3,36.92
3772242,-13.9949,54.3,36.92
3772963,-12.5977,54.3,36.93
3773684,-13.6568,54.3,36.93
3774405,-13.2737,54.3,36.93
3775126,-13.8597,54.3,36.93
3775847,-13.8597,54.3,36.94
3776568,-13.8597,54.3,36.94
3777289,-13.8597,54.3,36.94
3778010,-13.8597,54.3,36.95
3778731,-13.8597,53.3,36.95
3779452,-13.8597,54.3,36.95
3780173,-13.8597,54.3,36.95
3780894,-13.8597,54.3,36.96
3781615,-13.8597,54.3,36.96
3782336,-13.8597,54.3,36.97
3783057,-13.8597,54.3,36.97
3783778,-13.8597,54.3,36.97
3784499,-13.8597,54.3,36.98
3785220,-13.8597,54.3,36.98
3785941,-13.8597,54.3,36.99
3786662,-13.8597,54.3,36.99
3787383,-13.8597,53.3,36.99
3788104,-13.8597,54.3,36.99
3788825,-13.8597,54.3,36.99
3789546,-13.8597,54.3,37.00
3790267,-13.8597,54.3,37.00
3790988,-13.8597,54.3,37.01
3791709,-13.0258,54.3,37.01
3792430,-13.6343,54.3,37.01
3793151,-13.1160,54.3,37.02
3793872,-12.2145,54.3,37.02
3794593,-13.0484,54.3,37.02
3795314,-13.2737,54.3,37.03
3796035,-14.0174,54.3,37.03
3796756,-13.4540,54.3,37.03
3797477,-13.1160,54.3,37.03
3798198,-13.7695,54.3,37.04
3798919,-14.0174,54.3,37.04
3799640,-13.2737,54.3,37.04
# [n=5200] mean=-11.2772 m  sigma=1.9717 m  die=54.3 C  CalVal=-66
3800361,-14.3555,54.3,37.05
3801082,-14.3555,54.3,37.05
3801803,-13.6118,54.3,37.05
3802524,-13.6118,54.3,37.06
3803245,-13.6118,54.3,37.06
3803966,-13.6118,54.3,37.06
3804687,-13.6118,54.3,37.06
3805408,-13.6118,54.3,37.07
3806129,-13.6118,54.3,37.07
3806850,-13.6118,54.3,37.07
3807571,-13.6118,54.3,37.07
3808292,-13.6118,54.3,37.07
3809013,-13.6118,54.3,37.07
3809734,-13.6118,54.3,37.08
3810455,-13.6118,54.3,37.08
3811176,-13.6118,54.3,37.09
3811897,-13.6118,54.3,37.09
3812618,-13.6118,54.3,37.09
3813339,-13.6118,54.3,37.09
3814060,-13.6118,54.3,37.10
3814781,-13.6118,54.3,37.10
3815502,-13.6118,54.3,37.10
3816223,-13.6118,54.3,37.10
3816944,-13.6118,54.3,37.11
3817665,-13.6118,54.3,37.11
3818386,-13.9047,54.3,37.11
3819107,-12.1019,54.3,37.11
3819828,-12.7103,54.3,37.12
3820549,-13.5667,54.3,37.12
3821270,-13.0258,54.3,37.12
3821991,-13.4090,54.3,37.12
3822712,-11.9892,54.3,37.12
3823433,-13.2737,54.3,37.13
3824154,-13.1836,54.3,37.13
3824875,-13.5216,54.3,37.14
3825596,-14.4231,54.3,37.14
3826317,-13.0934,54.3,37.14
3827038,-12.8906,54.3,37.14
3827759,-13.9949,54.3,37.14
3828480,-13.5442,54.3,37.15
3829201,-13.5442,54.3,37.15
3829922,-13.5442,54.3,37.16
3830643,-13.5442,54.3,37.16
3831364,-13.5442,54.3,37.16
3832085,-13.5442,54.3,37.16
3832806,-13.5442,54.3,37.17
3833527,-13.5442,54.3,37.17
3834248,-13.5442,54.3,37.17
3834969,-13.5442,54.3,37.17
3835690,-13.5442,54.3,37.17
3836411,-13.5442,54.3,37.18
3837132,-13.5442,54.3,37.18
3837853,-13.5442,54.3,37.18
3838574,-13.5442,54.3,37.18
3839295,-13.5442,54.3,37.19
3840016,-13.5442,54.3,37.19
3840737,-13.5442,54.3,37.19
3841458,-13.5442,54.3,37.20
3842179,-13.5442,54.3,37.20
3842900,-13.5442,54.3,37.20
3843621,-13.5442,54.3,37.20
3844342,-13.5442,54.3,37.21
3845063,-13.0934,54.3,37.21
3845784,-14.3104,54.3,37.21
3846505,-12.7329,54.3,37.22
3847226,-14.3780,54.3,37.22
3847947,-13.4766,54.3,37.22
3848668,-13.8371,54.3,37.22
3849389,-13.4315,54.3,37.23
3850110,-13.4315,54.3,37.22
3850831,-13.7470,54.3,37.23
3851552,-13.9273,54.3,37.24
3852273,-13.8371,54.3,37.23
3852994,-12.8005,54.3,37.24
3853715,-14.1076,54.3,37.24
3854436,-13.1160,54.3,37.25
3855157,-14.4681,54.3,37.25
3855878,-14.4681,54.3,37.25
3856599,-14.4681,54.3,37.25
3857320,-14.4681,54.3,37.25
3858041,-14.4681,54.3,37.25
3858762,-14.4681,54.3,37.26
3859483,-14.4681,54.3,37.26
3860204,-14.4681,54.3,37.26
3860925,-14.4681,54.3,37.27
3861646,-14.4681,54.3,37.27
3862367,-14.4681,54.3,37.27
3863088,-14.4681,54.3,37.28
3863809,-14.4681,54.3,37.28
3864530,-14.4681,54.3,37.28
3865251,-14.4681,54.3,37.29
3865972,-14.4681,54.3,37.29
3866693,-14.4681,54.3,37.29
3867414,-14.4681,54.3,37.29
3868135,-14.4681,54.3,37.30
3868856,-14.4681,54.3,37.30
3869577,-14.4681,54.3,37.30
3870298,-14.4681,54.3,37.30
3871019,-14.4681,54.3,37.31
3871740,-13.1836,54.3,37.31
# [n=5300] mean=-11.3238 m  sigma=1.9831 m  die=54.3 C  CalVal=-67
3872461,-14.5583,54.3,37.31
3873182,-13.3188,54.3,37.31
3873903,-13.7245,54.3,37.32
3874624,-13.3188,54.3,37.31
3875345,-12.7103,54.3,37.32
3876066,-13.5442,54.3,37.32
3876787,-13.8146,54.3,37.32
3877508,-13.7019,54.3,37.33
3878229,-13.8822,54.3,37.33
3878950,-14.1752,54.3,37.34
3879671,-12.5751,54.3,37.34
3880392,-13.7695,54.3,37.34
3881113,-13.3639,54.3,37.34
3881834,-13.4540,54.3,37.34
3882555,-13.4540,54.3,37.35
3883276,-13.4540,54.3,37.35
3883997,-13.4540,54.3,37.35
3884718,-13.4540,54.3,37.35
3885439,-13.4540,54.3,37.35
3886160,-13.4540,54.3,37.36
3886881,-13.4540,54.3,37.36
3887602,-13.4540,54.3,37.36
3888323,-13.4540,54.3,37.36
3889044,-13.4540,54.3,37.36
3889765,-13.4540,54.3,37.36
3890486,-13.4540,54.3,37.37
3891207,-13.4540,54.3,37.37
3891928,-13.4540,54.3,37.38
3892649,-13.4540,54.3,37.38
3893370,-13.4540,54.3,37.38
3894091,-13.4540,54.3,37.38
3894812,-13.4540,54.3,37.38
3895533,-13.4540,54.3,37.39
3896254,-13.4540,54.3,37.39
3896975,-13.4540,54.3,37.39
3897696,-13.4540,54.3,37.40
3898417,-14.4681,54.3,37.40
3899138,-14.0400,54.3,37.40
3899859,-13.1385,54.3,37.40
3900580,-13.6794,54.3,37.40
3901301,-13.4766,54.3,37.41
3902022,-14.0174,54.3,37.41
3902743,-13.0934,54.3,37.42
3903464,-12.7779,54.3,37.42
3904185,-13.5892,54.3,37.42
3904906,-13.3413,54.3,37.42
3905627,-12.9357,54.3,37.43
3906348,-13.6343,54.3,37.42
3907069,-13.0709,54.3,37.42
3907790,-13.9273,54.3,37.44
3908511,-13.3413,54.3,37.43
3909232,-13.3413,54.3,37.43
3909953,-13.3413,54.3,37.43
3910674,-13.3413,54.3,37.44
3911395,-13.3413,54.3,37.44
3912116,-13.3413,54.3,37.44
3912837,-13.3413,54.3,37.44
3913558,-13.3413,54.3,37.45
3914279,-13.3413,54.3,37.45
3915000,-13.3413,54.3,37.45
3915721,-13.3413,54.3,37.45
3916442,-13.3413,54.3,37.46
3917163,-13.3413,54.3,37.46
3917884,-13.3413,54.3,37.46
3918605,-13.3413,54.3,37.46
3919326,-13.3413,54.3,37.46
3920047,-13.3413,54.3,37.46
3920768,-13.3413,54.3,37.47
3921489,-13.3413,54.3,37.47
3922210,-13.3413,54.3,37.47
3922931,-13.3413,54.3,37.47
3923652,-13.3413,54.3,37.48
3924373,-13.3413,54.3,37.48
3925094,-13.6118,54.3,37.49
3925815,-14.4456,54.3,37.48
3926536,-14.3780,54.3,37.48
3927257,-14.4907,54.3,37.49
3927978,-14.1752,54.3,37.49
3928699,-14.7160,54.3,37.49
3929420,-14.0400,54.3,37.49
3930141,-13.8146,54.3,37.49
3930862,-14.0625,54.3,37.49
3931583,-14.0625,54.3,37.50
3932304,-14.3780,54.3,37.50
3933025,-14.6484,54.3,37.50
3933746,-12.6878,54.3,37.50
3934467,-14.1526,54.3,37.50
3935188,-14.6484,54.3,37.51
3935909,-14.6484,54.3,37.51
3936630,-14.6484,54.3,37.51
3937351,-14.6484,54.3,37.51
3938072,-14.6484,54.3,37.52
3938793,-14.6484,54.3,37.51
3939514,-14.6484,54.3,37.52
3940235,-14.6484,54.3,37.52
3940956,-14.6484,54.3,37.52
3941677,-14.6484,54.3,37.52
3942398,-14.6484,54.3,37.52
3943119,-14.6484,54.3,37.53
3943840,-14.6484,54.3,37.53
# [n=5400] mean=-11.3678 m  sigma=1.9919 m  die=54.3 C  CalVal=-67
3944561,-14.6484,54.3,37.53
3945282,-14.6484,54.3,37.53
3946003,-14.6484,54.3,37.53
3946724,-14.6484,54.3,37.53
3947445,-14.6484,54.3,37.53
3948166,-14.6484,54.3,37.53
3948887,-14.6484,54.3,37.54
3949608,-14.6484,54.3,37.54
3950329,-14.6484,54.3,37.54
3951050,-14.6484,54.3,37.54
3951771,-13.1836,54.3,37.54
3952492,-13.3639,54.3,37.54
3953213,-13.0934,54.3,37.55
3953934,-14.5808,54.3,37.55
3954655,-13.7245,54.3,37.55
3955376,-14.5583,54.3,37.55
3956097,-13.6118,54.3,37.55
3956818,-14.1076,54.3,37.55
3957539,-13.1385,54.3,37.55
3958260,-13.6118,54.3,37.55
3958981,-13.6794,54.3,37.56
3959702,-14.1526,54.3,37.55
3960423,-14.8738,54.3,37.55
3961144,-14.8062,54.3,37.56
3961865,-14.1752,54.3,37.56
3962586,-14.1752,54.3,37.56
3963307,-14.1752,54.3,37.56
3964028,-14.1752,54.3,37.56
3964749,-14.1752,54.3,37.56
3965470,-14.1752,54.3,37.56
3966191,-14.1752,54.3,37.56
3966912,-14.1752,54.3,37.56
3967633,-14.1752,55.3,37.56
3968354,-14.1752,54.3,37.56
3969075,-14.1752,54.3,37.56
3969796,-14.1752,54.3,37.56
3970517,-14.1752,54.3,37.56
3971238,-14.1752,54.3,37.56
3971959,-14.1752,54.3,37.56
3972680,-14.1752,54.3,37.56
3973401,-14.1752,54.3,37.56
3974122,-14.1752,54.3,37.56
3974843,-14.1752,54.3,37.56
3975564,-14.1752,54.3,37.56
3976285,-14.1752,54.3,37.56
3977006,-14.1752,54.3,37.56
3977727,-14.1752,54.3,37.56
3978448,-14.3555,54.3,37.56
3979169,-13.7695,54.3,37.56
3979890,-14.2428,54.3,37.56
3980611,-13.9949,54.3,37.56
3981332,-14.0625,54.3,37.56
3982053,-13.4540,54.3,37.56
3982774,-13.8146,54.3,37.56
3983495,-14.7837,54.3,37.56
3984216,-13.3188,54.3,37.56
3984937,-13.5216,54.3,37.55
3985658,-14.7837,54.3,37.56
3986379,-15.0090,54.3,37.55
3987100,-13.7695,54.3,37.56
3987821,-13.6343,54.3,37.55
3988542,-13.7019,54.3,37.55
3989263,-13.7019,54.3,37.55
3989984,-13.7019,54.3,37.55
3990705,-13.7019,54.3,37.55
3991426,-13.7019,54.3,37.55
3992147,-13.7019,54.3,37.55
3992868,-13.7019,54.3,37.54
3993589,-13.7019,54.3,37.54
3994310,-13.7019,54.3,37.54
3995031,-13.7019,54.3,37.54
3995752,-13.7019,54.3,37.54
3996473,-13.7019,54.3,37.54
3997194,-13.7019,54.3,37.54
3997915,-13.7019,54.3,37.54
3998636,-13.7019,54.3,37.54
3999357,-13.7019,54.3,37.54
4000078,-13.7019,54.3,37.53
4000799,-13.7019,54.3,37.53
4001520,-13.7019,54.3,37.53
4002241,-13.7019,54.3,37.52
4002962,-13.7019,54.3,37.52
4003683,-13.7019,54.3,37.52
4004404,-13.7019,54.3,37.53
4005125,-13.4991,54.3,37.52
4005846,-15.2569,54.3,37.52
4006567,-14.4456,54.3,37.52
4007288,-13.6118,54.3,37.51
4008009,-13.2061,54.3,37.51
4008730,-14.4005,54.3,37.51
4009451,-14.7611,54.3,37.51
4010172,-14.3329,55.3,37.51
4010893,-14.4907,54.3,37.51
4011614,-14.2428,54.3,37.51
4012335,-14.2428,54.3,37.50
4013056,-14.1526,54.3,37.49
4013777,-13.7921,54.3,37.49
4014498,-14.0174,54.3,37.49
4015219,-14.5583,54.3,37.49
4015940,-14.5583,54.3,37.49
# [n=5500] mean=-11.4168 m  sigma=2.0072 m  die=54.3 C  CalVal=-67
4016661,-14.5583,55.3,37.48
4017382,-14.5583,54.3,37.48
4018103,-14.5583,54.3,37.47
4018824,-14.5583,54.3,37.47
4019545,-14.5583,54.3,37.47
4020266,-14.5583,54.3,37.47
4020987,-14.5583,54.3,37.47
4021708,-14.5583,54.3,37.46
4022429,-14.5583,54.3,37.46
4023150,-14.5583,54.3,37.46
4023871,-14.5583,54.3,37.45
4024592,-14.5583,54.3,37.45
4025313,-14.5583,54.3,37.45
4026034,-14.5583,54.3,37.45
4026755,-14.5583,54.3,37.44
4027476,-14.5583,54.3,37.44
4028197,-14.5583,54.3,37.43
4028918,-14.5583,54.3,37.43
4029639,-14.5583,54.3,37.43
4030360,-14.5583,54.3,37.42
4031081,-14.5583,54.3,37.42
4031802,-14.6259,54.3,37.42
4032523,-13.4540,54.3,37.41
4033244,-14.9189,54.3,37.41
4033965,-14.2428,54.3,37.41
4034686,-14.5358,54.3,37.40
4035407,-13.4090,54.3,37.39
4036128,-14.1752,54.3,37.39
4036849,-14.3104,54.3,37.40
4037570,-13.7245,54.3,37.39
4038291,-14.2203,54.3,37.38
4039012,-14.2203,54.3,37.38
4039733,-12.8230,54.3,37.37
4040454,-14.1301,54.3,37.37
4041175,-14.3780,54.3,37.36
4041896,-15.0315,54.3,37.36
4042617,-15.0315,54.3,37.36
4043338,-15.0315,54.3,37.35
4044059,-15.0315,54.3,37.35
4044780,-15.0315,54.3,37.34
4045501,-15.0315,54.3,37.34
4046222,-15.0315,54.3,37.33
4046943,-15.0315,54.3,37.33
4047664,-15.0315,54.3,37.33
4048385,-15.0315,54.3,37.32
4049106,-15.0315,54.3,37.32
4049827,-15.0315,54.3,37.32
4050548,-15.0315,54.3,37.31
4051269,-15.0315,54.3,37.30
4051990,-15.0315,54.3,37.30
4052711,-15.0315,54.3,37.30
4053432,-15.0315,54.3,37.29
4054153,-15.0315,54.3,37.29
4054874,-15.0315,54.3,37.28
4055595,-15.0315,54.3,37.27
4056316,-15.0315,54.3,37.27
4057037,-15.0315,54.3,37.26
4057758,-15.0315,54.3,37.26
4058479,-13.5442,54.3,37.25
4059200,-13.4090,54.3,37.24
4059921,-13.7470,54.3,37.24
4060642,-15.1893,54.3,37.24
4061363,-14.9189,54.3,37.23
4062084,-13.6118,54.3,37.23
4062805,-14.9414,54.3,37.23
4063526,-14.4681,54.3,37.22
4064247,-14.4456,54.3,37.21
4064968,-14.0400,54.3,37.20
4065689,-13.1385,54.3,37.20
4066410,-14.9414,54.3,37.19
4067131,-14.2203,54.3,37.19
4067852,-13.5892,54.3,37.18
4068573,-13.2287,54.3,37.18
4069294,-13.2287,54.3,37.17
4070015,-13.2287,54.3,37.17
4070736,-13.2287,54.3,37.16
4071457,-13.2287,54.3,37.15
4072178,-13.2287,54.3,37.15
4072899,-13.2287,54.3,37.14
4073620,-13.2287,54.3,37.14
4074341,-13.2287,54.3,37.13
4075062,-13.2287,54.3,37.13
4075783,-13.2287,54.3,37.12
4076504,-13.2287,54.3,37.12
4077225,-13.2287,54.3,37.11
4077946,-13.2287,54.3,37.10
4078667,-13.2287,54.3,37.10
4079388,-13.2287,54.3,37.09
4080109,-13.2287,54.3,37.09
4080830,-13.2287,54.3,37.08
4081551,-13.2287,54.3,37.08
4082272,-13.2287,54.3,37.08
4082993,-13.2287,54.3,37.07
4083714,-13.2287,54.3,37.06
4084435,-13.2287,54.3,37.05
4085156,-14.6484,54.3,37.05
4085877,-14.7160,54.3,37.04
4086598,-13.7695,54.3,37.04
4087319,-13.7019,54.3,37.03
4088040,-15.0766,54.3,37.02
# [n=5600] mean=-11.4670 m  sigma=2.0261 m  die=54.3 C  CalVal=-67
4088761,-13.6568,54.3,37.01
4089482,-14.8062,54.3,37.01
4090203,-14.0400,54.3,37.00
4090924,-13.4540,54.3,36.99
4091645,-13.6118,54.3,36.99
4092366,-14.9639,54.3,36.99
4093087,-13.7921,54.3,36.97
4093808,-13.3864,54.3,36.97
4094529,-14.1526,54.3,36.95
4095250,-13.5667,54.3,36.95
4095971,-13.5667,54.3,36.94
4096692,-13.5667,54.3,36.93
4097413,-13.5667,54.3,36.93
4098134,-13.5667,54.3,36.92
4098855,-13.5667,54.3,36.91
4099576,-13.5667,54.3,36.91
4100297,-13.5667,54.3,36.90
4101018,-13.5667,54.3,36.90
4101739,-13.5667,54.3,36.89
4102460,-13.5667,54.3,36.87
4103181,-13.5667,54.3,36.87
4103902,-13.5667,54.3,36.87
4104623,-13.5667,54.3,36.86
4105344,-13.5667,54.3,36.85
4106065,-13.5667,54.3,36.85
4106786,-13.5667,54.3,36.84
4107507,-13.5667,54.3,36.83
4108228,-13.5667,54.3,36.83
4108949,-13.5667,54.3,36.82
4109670,-13.5667,54.3,36.81
4110391,-13.5667,54.3,36.80
4111112,-13.5667,54.3,36.79
4111833,-13.3864,54.3,36.79
4112554,-14.2203,54.3,36.78
4113275,-14.4456,54.3,36.77
4113996,-14.9639,54.3,36.76
4114717,-13.8597,54.3,36.76
4115438,-14.0400,54.3,36.75
4116159,-14.6484,54.3,36.74
4116880,-14.8062,54.3,36.73
4117601,-15.0090,54.3,36.73
4118322,-14.1752,54.3,36.72
4119043,-14.6484,54.3,36.72
4119764,-15.3020,54.3,36.71
4120485,-13.8822,54.3,36.70
4121206,-14.2653,54.3,36.70
4121927,-14.2428,54.3,36.68
4122648,-14.2428,54.3,36.67
4123369,-14.2428,54.3,36.67
4124090,-14.2428,54.3,36.66
4124811,-14.2428,54.3,36.65
4125532,-14.2428,54.3,36.64
4126253,-14.2428,54.3,36.64
4126974,-14.2428,54.3,36.63
4127695,-14.2428,54.3,36.61
4128416,-14.2428,54.3,36.61
4129137,-14.2428,54.3,36.60
4129858,-14.2428,54.3,36.59
4130579,-14.2428,54.3,36.59
4131300,-14.2428,54.3,36.58
4132021,-14.2428,54.3,36.57
4132742,-14.2428,54.3,36.56
4133463,-14.2428,54.3,36.56
4134184,-14.2428,54.3,36.55
4134905,-14.2428,54.3,36.54
4135626,-14.2428,54.3,36.53
4136347,-14.2428,54.3,36.53
4137068,-14.2428,54.3,36.52
4137789,-14.2428,54.3,36.51
4138510,-13.8822,54.3,36.51
4139231,-14.7160,54.3,36.49
4139952,-14.3104,54.3,36.49
4140673,-14.3104,54.3,36.48
4141394,-13.8822,54.3,36.47
4142115,-13.8597,54.3,36.46
4142836,-15.1668,54.3,36.45
4143557,-14.8062,54.3,36.45
4144278,-15.2344,54.3,36.44
4144999,-15.0766,54.3,36.43
4145720,-14.1752,54.3,36.42
4146441,-14.3104,54.3,36.41
4147162,-14.7160,54.3,36.40
4147883,-15.3471,54.3,36.40
4148604,-14.8738,54.3,36.39
4149325,-14.8738,54.3,36.38
4150046,-14.8738,54.3,36.37
4150767,-14.8738,54.3,36.36
4151488,-14.8738,54.3,36.35
4152209,-14.8738,54.3,36.34
4152930,-14.8738,54.3,36.33
4153651,-14.8738,54.3,36.32
4154372,-14.8738,54.3,36.32
4155093,-14.8738,54.3,36.30
4155814,-14.8738,54.3,36.30
4156535,-14.8738,54.3,36.29
4157256,-14.8738,54.3,36.28
4157977,-14.8738,54.3,36.27
4158698,-14.8738,53.3,36.26
4159419,-14.8738,54.3,36.26
4160140,-14.8738,54.3,36.25
# [n=5700] mean=-11.5156 m  sigma=2.0422 m  die=54.3 C  CalVal=-68
4160861,-14.8738,54.3,36.24
4161582,-14.8738,54.3,36.24
4162303,-14.8738,54.3,36.23
4163024,-14.8738,54.3,36.22
4163745,-14.8738,54.3,36.20
4164466,-14.8738,54.3,36.19
4165187,-14.0174,54.3,36.19
4165908,-14.8963,54.3,36.18
4166629,-14.7837,54.3,36.17
4167350,-14.5583,54.3,36.16
4168071,-15.3696,54.3,36.15
4168792,-14.2428,54.3,36.14
4169513,-15.0541,54.3,36.14
4170234,-13.7470,54.3,36.13
4170955,-14.7611,54.3,36.12
4171676,-15.7076,54.3,36.11
4172397,-13.6118,54.3,36.10
4173118,-14.0625,54.3,36.10
4173839,-15.5048,54.3,36.08
4174560,-14.1076,54.3,36.08
4175281,-15.3921,54.3,36.07
4176002,-15.3921,54.3,36.06
4176723,-15.3921,54.3,36.05
4177444,-15.3921,54.3,36.04
4178165,-15.3921,54.3,36.03
4178886,-15.3921,54.3,36.02
4179607,-15.3921,54.3,36.01
4180328,-15.3921,54.3,36.00
4181049,-15.3921,54.3,35.99
4181770,-15.3921,54.3,35.98
4182491,-15.3921,54.3,35.98
4183212,-15.3921,54.3,35.96
4183933,-15.3921,54.3,35.95
4184654,-15.3921,54.3,35.94
4185375,-15.3921,54.3,35.93
4186096,-15.3921,54.3,35.92
4186817,-15.3921,54.3,35.92
4187538,-15.3921,54.3,35.91
4188259,-15.3921,54.3,35.90
4188980,-15.3921,54.3,35.89
4189701,-15.3921,54.3,35.88
4190422,-15.3921,53.3,35.87
4191143,-15.4147,53.3,35.87
4191864,-15.3921,54.3,35.85
4192585,-14.9865,54.3,35.84
4193306,-15.5499,53.3,35.83
4194027,-14.8513,53.3,35.83
4194748,-15.0315,54.3,35.81
4195469,-14.5583,54.3,35.81
4196190,-15.2118,54.3,35.80
4196911,-15.0992,54.3,35.78
4197632,-14.9189,54.3,35.78
4198353,-14.5808,54.3,35.77
4199074,-13.8146,54.3,35.76
4199795,-14.3780,53.3,35.75
4200516,-15.2118,54.3,35.74
4201237,-14.8287,54.3,35.73
4201958,-14.2203,54.3,35.72
4202679,-14.2203,54.3,35.71
4203400,-14.2203,54.3,35.70
4204121,-14.2203,54.3,35.70
4204842,-14.2203,53.3,35.68
4205563,-14.2203,53.3,35.68
4206284,-14.2203,54.3,35.66
4207005,-14.2203,54.3,35.65
4207726,-14.2203,54.3,35.64
4208447,-14.2203,53.3,35.63
4209168,-14.2203,53.3,35.62
4209889,-14.2203,53.3,35.61
4210610,-14.2203,53.3,35.60
4211331,-14.2203,53.3,35.59
4212052,-14.2203,53.3,35.58
4212773,-14.2203,54.3,35.58
4213494,-14.2203,53.3,35.56
4214215,-14.2203,53.3,35.56
4214936,-14.2203,54.3,35.55
4215657,-14.2203,54.3,35.54
4216378,-14.2203,53.3,35.53
4217099,-14.2203,53.3,35.52
4217820,-15.0766,53.3,35.51
4218541,-15.4823,54.3,35.50
4219262,-14.8287,53.3,35.49
4219983,-13.9498,53.3,35.49
4220704,-14.6710,54.3,35.47
4221425,-14.8738,54.3,35.46
4222146,-15.0766,54.3,35.45
4222867,-14.7837,53.3,35.45
4223588,-14.5808,53.3,35.43
4224309,-14.9639,53.3,35.43
4225030,-15.5950,53.3,35.42
4225751,-14.8062,53.3,35.41
4226472,-14.9639,53.3,35.40
4227193,-15.0766,53.3,35.38
4227914,-15.2344,53.3,35.38
# outlier -35.9450 die=53.3
# outlier -35.9450 die=53.3
# outlier -35.9450 die=54.3
# outlier -35.9450 die=54.3
# outlier -35.9450 die=54.3
# outlier -35.9450 die=53.3
# outlier -35.9450 die=53.3
# outlier -35.9450 die=53.3
# outlier -35.9450 die=54.3
# outlier -35.9450 die=54.3
# outlier -35.9450 die=53.3
# outlier -35.9450 die=53.3
# outlier -35.9450 die=53.3
# outlier -35.9450 die=53.3
# outlier -35.9450 die=53.3
# outlier -35.9450 die=53.3
# outlier -35.9450 die=54.3
# outlier -35.9450 die=53.3
# outlier -35.9450 die=53.3
# outlier -35.9450 die=53.3
# outlier -35.9450 die=53.3
# outlier -35.9450 die=53.3
4244497,-14.8963,53.3,35.16
4245218,-14.7837,53.3,35.15
4245939,-14.2653,53.3,35.14
4246660,-14.7837,53.3,35.13
4247381,-15.0766,53.3,35.12
4248102,-15.1442,53.3,35.11
# [n=5800] mean=-11.5726 m  sigma=2.0708 m  die=53.3 C  CalVal=-68
4248823,-15.2794,53.3,35.10
4249544,-14.6935,53.3,35.09
4250265,-14.1076,53.3,35.08
4250986,-14.6710,53.3,35.07
4251707,-14.5583,53.3,35.07
4252428,-14.9865,53.3,35.06
4253149,-14.5808,53.3,35.05
4253870,-15.2794,53.3,35.03
4254591,-15.3921,53.3,35.02
4255312,-15.3921,53.3,35.01
4256033,-15.3921,53.3,35.00
4256754,-15.3921,53.3,34.99
4257475,-15.3921,53.3,34.98
4258196,-15.3921,53.3,34.97
4258917,-15.3921,53.3,34.96
4259638,-15.3921,53.3,34.95
4260359,-15.3921,53.3,34.94
4261080,-15.3921,53.3,34.94
4261801,-15.3921,53.3,34.93
4262522,-15.3921,53.3,34.92
4263243,-15.3921,53.3,34.91
4263964,-15.3921,53.3,34.91
4264685,-15.3921,53.3,34.89
4265406,-15.3921,53.3,34.88
4266127,-15.3921,53.3,34.88
4266848,-15.3921,53.3,34.86
4267569,-15.3921,53.3,34.86
4268290,-15.3921,53.3,34.85
4269011,-15.3921,53.3,34.83
4269732,-15.3921,53.3,34.83
4270453,-15.3921,53.3,34.82
4271174,-15.1893,53.3,34.81
4271895,-14.6034,53.3,34.80
4272616,-14.4005,53.3,34.79
4273337,-14.7837,53.3,34.78
4274058,-15.2569,53.3,34.77
4274779,-13.6118,53.3,34.76
4275500,-14.6484,53.3,34.75
4276221,-14.6710,53.3,34.74
4276942,-13.6568,53.3,34.73
4277663,-14.4231,53.3,34.72
4278384,-15.4823,53.3,34.71
4279105,-14.6034,53.3,34.70
4279826,-14.8738,53.3,34.69
4280547,-14.2428,53.3,34.68
4281268,-13.7470,53.3,34.67
4281989,-13.7470,53.3,34.66
4282710,-13.7470,53.3,34.65
4283431,-13.7470,53.3,34.64
4284152,-13.7470,53.3,34.63
4284873,-13.7470,53.3,34.62
4285594,-13.7470,53.3,34.61
4286315,-13.7470,53.3,34.60
4287036,-13.7470,53.3,34.59
4287757,-13.7470,53.3,34.59
4288478,-13.7470,53.3,34.58
4289199,-13.7470,53.3,34.56
4289920,-13.7470,53.3,34.56
4290641,-13.7470,53.3,34.55
4291362,-13.7470,53.3,34.54
4292083,-13.7470,52.3,34.53
4292804,-13.7470,52.3,34.52
4293525,-13.7470,53.3,34.51
4294246,-13.7470,53.3,34.50
4294967,-13.7470,53.3,34.50
4295688,-13.7470,53.3,34.48
4296409,-13.7470,53.3,34.47
4297130,-13.7470,53.3,34.46
4297851,-15.0315,53.3,34.45
4298572,-14.4231,53.3,34.44
4299293,-14.6259,53.3,34.44
4300014,-14.8738,53.3,34.43
4300735,-14.4231,53.3,34.41
4301456,-14.3104,52.3,34.40
4302177,-13.4540,53.3,34.40
4302898,-14.5132,52.3,34.39
4303619,-14.0400,52.3,34.37
4304340,-15.3245,52.3,34.36
4305061,-13.6794,52.3,34.35
4305782,-14.8062,52.3,34.34
4306503,-14.7837,52.3,34.33
4307224,-15.0766,52.3,34.32
4307945,-14.6710,52.3,34.31
4308666,-14.6710,52.3,34.30
4309387,-14.6710,52.3,34.30
4310108,-14.6710,52.3,34.29
4310829,-14.6710,52.3,34.27
4311550,-14.6710,52.3,34.27
4312271,-14.6710,52.3,34.26
4312992,-14.6710,52.3,34.25
4313713,-14.6710,52.3,34.24
4314434,-14.6710,52.3,34.23
4315155,-14.6710,52.3,34.22
4315876,-14.6710,52.3,34.21
4316597,-14.6710,53.3,34.20
4317318,-14.6710,52.3,34.19
4318039,-14.6710,52.3,34.18
4318760,-14.6710,52.3,34.17
4319481,-14.6710,52.3,34.16
4320202,-14.6710,52.3,34.15
# [n=5900] mean=-11.6239 m  sigma=2.0917 m  die=52.3 C  CalVal=-68
4320923,-14.6710,52.3,34.14
4321644,-14.6710,52.3,34.13
4322365,-14.6710,52.3,34.12
4323086,-14.6710,52.3,34.11
4323807,-14.6710,52.3,34.11
4324528,-13.9047,52.3,34.10
4325249,-14.4231,52.3,34.09
4325970,-13.7695,52.3,34.08
4326691,-14.5808,52.3,34.07
4327412,-15.5724,52.3,34.06
4328133,-15.6400,52.3,34.06
4328854,-14.7160,52.3,34.04
4329575,-14.0625,52.3,34.03
4330296,-14.4456,52.3,34.02
4331017,-13.7019,52.3,34.01
4331738,-14.5583,52.3,34.00
4332459,-14.1076,52.3,33.99
4333180,-15.3696,52.3,33.98
4333901,-14.2879,52.3,33.97
4334622,-15.4372,52.3,33.97
4335343,-15.4372,52.3,33.96
4336064,-15.4372,52.3,33.95
4336785,-15.4372,52.3,33.94
4337506,-15.4372,52.3,33.93
4338227,-15.4372,52.3,33.92
4338948,-15.4372,52.3,33.91
4339669,-15.4372,52.3,33.90
4340390,-15.4372,52.3,33.89
4341111,-15.4372,52.3,33.88
4341832,-15.4372,52.3,33.88
4342553,-15.4372,52.3,33.87
4343274,-15.4372,52.3,33.86
4343995,-15.4372,52.3,33.85
4344716,-15.4372,52.3,33.84
4345437,-15.4372,52.3,33.83
4346158,-15.4372,52.3,33.83
4346879,-15.4372,52.3,33.81
4347600,-15.4372,52.3,33.80
4348321,-15.4372,52.3,33.80
4349042,-15.4372,52.3,33.79
4349763,-15.4372,52.3,33.77
4350484,-15.4372,52.3,33.76
4351205,-14.6484,52.3,33.76
4351926,-14.6935,52.3,33.74
4352647,-14.6484,52.3,33.73
4353368,-14.0400,52.3,33.72
4354089,-13.7921,52.3,33.71
4354810,-14.6710,52.3,33.71
4355531,-14.7611,52.3,33.70
4356252,-14.4907,52.3,33.68
4356973,-14.1076,52.3,33.68
4357694,-14.1526,52.3,33.67
4358415,-15.2569,52.3,33.66
4359136,-13.7245,52.3,33.65
4359857,-13.8822,52.3,33.65
4360578,-14.1752,52.3,33.64
4361299,-13.5892,52.3,33.63
4362020,-13.5892,52.3,33.62
4362741,-13.5892,52.3,33.61
4363462,-13.5892,52.3,33.60
4364183,-13.5892,52.3,33.59
4364904,-13.5892,52.3,33.58
4365625,-13.5892,52.3,33.58
4366346,-13.5892,52.3,33.57
4367067,-13.5892,52.3,33.56
4367788,-13.5892,52.3,33.55
4368509,-13.5892,52.3,33.54
4369230,-13.5892,52.3,33.53
4369951,-13.5892,52.3,33.53
4370672,-13.5892,52.3,33.52
4371393,-13.5892,52.3,33.51
4372114,-13.5892,52.3,33.50
4372835,-13.5892,52.3,33.49
4373556,-13.5892,52.3,33.48
4374277,-13.5892,52.3,33.47
4374998,-13.5892,52.3,33.46
4375719,-13.5892,52.3,33.46
4376440,-13.5892,52.3,33.45
4377161,-13.5892,52.3,33.44
4377882,-13.7245,52.3,33.43
4378603,-14.1076,52.3,33.42
4379324,-13.7245,52.3,33.41
4380045,-14.5358,52.3,33.40
4380766,-14.2879,52.3,33.39
4381487,-14.8062,52.3,33.38
4382208,-14.4231,52.3,33.37
4382929,-15.1217,52.3,33.36
4383650,-14.4681,52.3,33.35
4384371,-15.4372,52.3,33.34
4385092,-13.7019,52.3,33.34
4385813,-14.0625,52.3,33.33
4386534,-14.1076,52.3,33.32
4387255,-13.6568,52.3,33.31
4387976,-14.0850,52.3,33.30
4388697,-14.0850,52.3,33.29
4389418,-14.0850,51.3,33.29
4390139,-14.0850,52.3,33.28
4390860,-14.0850,52.3,33.27
4391581,-14.0850,51.3,33.26
4392302,-14.0850,52.3,33.25
# [n=6000] mean=-11.6709 m  sigma=2.1074 m  die=52.3 C  CalVal=-69
4393023,-14.0850,52.3,33.24
4393744,-14.0850,52.3,33.24
4394465,-14.0850,52.3,33.23
4395186,-14.0850,52.3,33.22
4395907,-14.0850,51.3,33.20
4396628,-14.0850,51.3,33.20
4397349,-14.0850,51.3,33.19
4398070,-14.0850,51.3,33.18
4398791,-14.0850,51.3,33.17
4399512,-14.0850,51.3,33.16
4400233,-14.0850,51.3,33.15
4400954,-14.0850,51.3,33.15
4401675,-14.0850,51.3,33.13
4402396,-14.0850,51.3,33.12
4403117,-14.0850,51.3,33.12
4403838,-14.0850,51.3,33.11
4404559,-14.1752,51.3,33.11
4405280,-14.3555,51.3,33.10
4406001,-13.8371,51.3,33.08
4406722,-15.1442,51.3,33.07
4407443,-13.9498,51.3,33.07
4408164,-14.4681,51.3,33.05
4408885,-14.6034,51.3,33.04
4409606,-14.4005,51.3,33.03
4410327,-13.2512,52.3,33.02
4411048,-13.1160,52.3,33.01
4411769,-13.4090,51.3,33.01
4412490,-13.9273,51.3,33.00
4413211,-14.6935,52.3,32.99
4413932,-14.8738,51.3,32.98
4414653,-13.6343,51.3,32.98
4415374,-13.6343,51.3,32.97
4416095,-13.6343,51.3,32.95
4416816,-13.6343,51.3,32.95
4417537,-13.6343,51.3,32.94
4418258,-13.6343,51.3,32.93
4418979,-13.6343,51.3,32.92
4419700,-13.6343,51.3,32.92
4420421,-13.6343,51.3,32.91
4421142,-13.6343,51.3,32.90
4421863,-13.6343,51.3,32.89
4422584,-13.6343,51.3,32.88
4423305,-13.6343,51.3,32.88
4424026,-13.6343,51.3,32.87
4424747,-13.6343,51.3,32.86
4425468,-13.6343,51.3,32.85
4426189,-13.6343,51.3,32.84
4426910,-13.6343,51.3,32.83
4427631,-13.6343,51.3,32.83
4428352,-13.6343,51.3,32.81
4429073,-13.6343,51.3,32.80
4429794,-13.6343,51.3,32.80
4430515,-13.6343,51.3,32.79
4431236,-13.5892,51.3,32.79
4431957,-13.5892,51.3,32.77
4432678,-14.9189,51.3,32.77
4433399,-13.5442,51.3,32.76
4434120,-14.4907,51.3,32.75
4434841,-13.9949,51.3,32.74
4435562,-14.8062,51.3,32.73
4436283,-13.6568,51.3,32.72
4437004,-14.5358,51.3,32.71
4437725,-13.9047,51.3,32.71
4438446,-13.6118,51.3,32.70
4439167,-14.1301,51.3,32.69
4439888,-13.4766,51.3,32.68
4440609,-13.2287,51.3,32.67
4441330,-14.4231,51.3,32.66
4442051,-14.4231,51.3,32.65
4442772,-14.4231,51.3,32.65
4443493,-14.4231,51.3,32.64
4444214,-14.4231,51.3,32.63
4444935,-14.4231,51.3,32.62
4445656,-14.4231,51.3,32.61
4446377,-14.4231,51.3,32.61
4447098,-14.4231,51.3,32.60
4447819,-14.4231,51.3,32.58
4448540,-14.4231,51.3,32.58
4449261,-14.4231,51.3,32.57
4449982,-14.4231,51.3,32.56
4450703,-14.4231,51.3,32.55
4451424,-14.4231,51.3,32.55
4452145,-14.4231,51.3,32.54
4452866,-14.4231,51.3,32.53
4453587,-14.4231,51.3,32.52
4454308,-14.4231,51.3,32.52
4455029,-14.4231,51.3,32.51
4455750,-14.4231,51.3,32.50
4456471,-14.4231,51.3,32.49
4457192,-14.4231,51.3,32.48
4457913,-14.4456,51.3,32.48
4458634,-14.0625,51.3,32.47
4459355,-14.5808,51.3,32.46
4460076,-15.1217,51.3,32.45
4460797,-15.3020,51.3,32.45
4461518,-15.0315,51.3,32.43
4462239,-14.6935,51.3,32.42
4462960,-14.7386,51.3,32.41
4463681,-14.3329,51.3,32.41
4464402,-13.2963,51.3,32.40
# [n=6100] mean=-11.7107 m  sigma=2.1135 m  die=51.3 C  CalVal=-69
4465123,-14.4231,51.3,32.39
4465844,-14.6034,51.3,32.38
4466565,-14.4005,51.3,32.38
4467286,-14.3104,51.3,32.37
4468007,-14.1752,51.3,32.36
4468728,-14.1752,51.3,32.35
4469449,-14.1752,51.3,32.35
4470170,-14.1752,51.3,32.34
4470891,-14.1752,51.3,32.33
4471612,-14.1752,51.3,32.32
4472333,-14.1752,51.3,32.31
4473054,-14.1752,51.3,32.31
4473775,-14.1752,51.3,32.30
4474496,-14.1752,51.3,32.29
4475217,-14.1752,51.3,32.29
4475938,-14.1752,51.3,32.28
4476659,-14.1752,51.3,32.27
4477380,-14.1752,51.3,32.27
4478101,-14.1752,51.3,32.25
4478822,-14.1752,51.3,32.24
4479543,-14.1752,51.3,32.24
4480264,-14.1752,51.3,32.23
4480985,-14.1752,51.3,32.22
4481706,-14.1752,51.3,32.21
4482427,-14.1752,51.3,32.21
4483148,-14.1752,51.3,32.20
4483869,-14.1752,51.3,32.19
4484590,-13.6118,51.3,32.18
4485311,-13.5892,51.3,32.18
4486032,-13.6343,51.3,32.17
4486753,-14.7611,51.3,32.16
4487474,-14.4681,51.3,32.15
4488195,-14.6259,51.3,32.15
4488916,-14.4681,51.3,32.14
4489637,-13.9949,51.3,32.13
4490358,-14.7837,51.3,32.12
4491079,-15.0766,51.3,32.12
4491800,-14.1076,51.3,32.11
4492521,-14.2203,51.3,32.10
4493242,-13.5442,51.3,32.09
4493963,-13.4991,51.3,32.08
4494684,-14.2203,51.3,32.08
4495405,-14.2203,51.3,32.06
4496126,-14.2203,51.3,32.06
4496847,-14.2203,51.3,32.05
4497568,-14.2203,51.3,32.05
4498289,-14.2203,51.3,32.04
4499010,-14.2203,51.3,32.02
4499731,-14.2203,51.3,32.02
4500452,-14.2203,51.3,32.01
4501173,-14.2203,51.3,32.00
4501894,-14.2203,51.3,32.00
4502615,-14.2203,51.3,31.99
4503336,-14.2203,51.3,31.98
4504057,-14.2203,51.3,31.97
4504778,-14.2203,51.3,31.96
4505499,-14.2203,51.3,31.96
4506220,-14.2203,51.3,31.95
4506941,-14.2203,51.3,31.94
4507662,-14.2203,51.3,31.94
4508383,-14.2203,51.3,31.93
4509104,-14.2203,51.3,31.92
4509825,-14.2203,51.3,31.91
4510546,-14.2203,51.3,31.90
4511267,-13.6343,51.3,31.90
4511988,-14.9865,51.3,31.90
4512709,-15.1893,51.3,31.89
4513430,-13.9949,51.3,31.88
4514151,-14.1076,51.3,31.87
4514872,-14.1752,51.3,31.86
4515593,-14.4456,51.3,31.85
4516314,-13.7470,51.3,31.85
4517035,-14.1977,51.3,31.85
4517756,-15.5273,51.3,31.83
4518477,-14.6710,50.3,31.82
4519198,-13.6794,51.3,31.82
4519919,-13.7019,51.3,31.81
4520640,-14.8738,51.3,31.80
4521361,-14.4681,51.3,31.80
4522082,-14.4681,51.3,31.79
4522803,-14.4681,51.3,31.78
4523524,-14.4681,51.3,31.77
4524245,-14.4681,51.3,31.76
4524966,-14.4681,51.3,31.75
4525687,-14.4681,51.3,31.74
4526408,-14.4681,51.3,31.74
4527129,-14.4681,51.3,31.73
4527850,-14.4681,50.3,31.72
4528571,-14.4681,51.3,31.72
4529292,-14.4681,51.3,31.70
4530013,-14.4681,51.3,31.70
4530734,-14.4681,51.3,31.69
4531455,-14.4681,51.3,31.69
4532176,-14.4681,51.3,31.68
4532897,-14.4681,51.3,31.67
4533618,-14.4681,51.3,31.67
4534339,-14.4681,51.3,31.66
4535060,-14.4681,51.3,31.65
4535781,-14.4681,51.3,31.64
4536502,-14.4681,51.3,31.64
# [n=6200] mean=-11.7522 m  sigma=2.1217 m  die=51.3 C  CalVal=-69
4537223,-14.4681,51.3,31.63
4537944,-14.0850,50.3,31.63
4538665,-14.0625,51.3,31.61
4539386,-14.6710,51.3,31.60
4540107,-14.2879,51.3,31.60
4540828,-14.3780,51.3,31.58
4541549,-15.1442,51.3,31.58
4542270,-14.7386,51.3,31.57
4542991,-14.8963,50.3,31.57
4543712,-13.5667,50.3,31.56
4544433,-14.3329,50.3,31.55
4545154,-13.4540,50.3,31.55
4545875,-14.2879,50.3,31.54
4546596,-14.7611,50.3,31.53
4547317,-14.4231,50.3,31.52
4548038,-14.6484,50.3,31.52
4548759,-14.6484,51.3,31.52
4549480,-14.6484,51.3,31.51
4550201,-14.6484,51.3,31.50
4550922,-14.6484,51.3,31.49
4551643,-14.6484,50.3,31.48
4552364,-14.6484,50.3,31.48
4553085,-14.6484,50.3,31.47
4553806,-14.6484,50.3,31.47
4554527,-14.6484,51.3,31.46
4555248,-14.6484,50.3,31.45
4555969,-14.6484,50.3,31.44
4556690,-14.6484,50.3,31.43
4557411,-14.6484,50.3,31.42
4558132,-14.6484,50.3,31.42
4558853,-14.6484,50.3,31.41
4559574,-14.6484,50.3,31.40
4560295,-14.6484,50.3,31.40
4561016,-14.6484,50.3,31.39
4561737,-14.6484,50.3,31.38
4562458,-14.6484,50.3,31.37
4563179,-14.6484,50.3,31.37
4563900,-14.6484,50.3,31.36
4564621,-14.0625,50.3,31.35
4565342,-14.8513,51.3,31.35
4566063,-15.0315,51.3,31.34
4566784,-13.0033,50.3,31.33
4567505,-14.8738,50.3,31.32
4568226,-13.0258,50.3,31.32
4568947,-14.2879,50.3,31.31
4569668,-13.7921,50.3,31.31
4570389,-13.3639,50.3,31.30
4571110,-14.2203,50.3,31.29
4571831,-13.7019,50.3,31.29
4572552,-13.4315,50.3,31.28
4573273,-14.2653,50.3,31.27
4573994,-14.8287,50.3,31.27
4574715,-13.2963,50.3,31.26
4575436,-13.2963,50.3,31.25
4576157,-13.2963,50.3,31.25
4576878,-13.2963,50.3,31.24
4577599,-13.2963,50.3,31.24
4578320,-13.2963,50.3,31.23
4579041,-13.2963,50.3,31.22
4579762,-13.2963,50.3,31.21
4580483,-13.2963,50.3,31.21
4581204,-13.2963,50.3,31.20
4581925,-13.2963,50.3,31.19
4582646,-13.2963,50.3,31.19
4583367,-13.2963,50.3,31.18
4584088,-13.2963,50.3,31.18
4584809,-13.2963,50.3,31.17
4585530,-13.2963,50.3,31.16
4586251,-13.2963,50.3,31.16
4586972,-13.2963,50.3,31.15
4587693,-13.2963,50.3,31.13
4588414,-13.2963,50.3,31.13
4589135,-13.2963,50.3,31.12
4589856,-13.2963,50.3,31.11
4590577,-13.2963,50.3,31.11
4591298,-13.3188,50.3,31.10
4592019,-14.0400,50.3,31.10
4592740,-13.6568,50.3,31.09
4593461,-14.9414,50.3,31.08
4594182,-14.0400,50.3,31.08
4594903,-14.9414,50.3,31.07
4595624,-13.7245,50.3,31.06
4596345,-14.8738,50.3,31.06
4597066,-14.2428,50.3,31.05
4597787,-14.9639,50.3,31.05
4598508,-14.3555,50.3,31.05
4599229,-13.2287,50.3,31.03
4599950,-14.8062,50.3,31.03
4600671,-13.3413,50.3,31.02
4601392,-13.9949,50.3,31.02
4602113,-13.9949,50.3,31.01
4602834,-13.9949,50.3,31.00
4603555,-13.9949,50.3,31.00
4604276,-13.9949,50.3,30.99
4604997,-13.9949,50.3,30.99
4605718,-13.9949,50.3,30.97
4606439,-13.9949,50.3,30.97
4607160,-13.9949,50.3,30.96
4607881,-13.9949,50.3,30.96
4608602,-13.9949,50.3,30.95
# [n=6300] mean=-11.7891 m  sigma=2.1261 m  die=50.3 C  CalVal=-69
4609323,-13.9949,50.3,30.94
4610044,-13.9949,50.3,30.94
4610765,-13.9949,50.3,30.93
4611486,-13.9949,50.3,30.92
4612207,-13.9949,50.3,30.92
4612928,-13.9949,50.3,30.92
4613649,-13.9949,50.3,30.91
4614370,-13.9949,50.3,30.90
4615091,-13.9949,50.3,30.90
4615812,-13.9949,50.3,30.89
4616533,-13.9949,50.3,30.88
4617254,-13.9949,50.3,30.88
4617975,-13.1836,50.3,30.87
4618696,-14.1977,50.3,30.86
4619417,-13.8371,50.3,30.86
4620138,-14.6034,50.3,30.85
4620859,-14.2879,50.3,30.84
4621580,-14.3104,50.3,30.83
4622301,-14.9189,50.3,30.83
4623022,-13.7921,50.3,30.83
4623743,-14.0174,50.3,30.82
4624464,-13.4991,50.3,30.81
4625185,-14.2203,50.3,30.80
4625906,-14.3555,50.3,30.80
4626627,-14.3104,50.3,30.79
4627348,-13.9949,49.3,30.78
4628069,-14.5358,50.3,30.78
4628790,-14.5358,50.3,30.76
4629511,-14.5358,50.3,30.76
4630232,-14.5358,50.3,30.76
4630953,-14.5358,49.3,30.75
4631674,-14.5358,50.3,30.74
4632395,-14.5358,50.3,30.74
4633116,-14.5358,50.3,30.73
4633837,-14.5358,50.3,30.73
4634558,-14.5358,50.3,30.72
4635279,-14.5358,50.3,30.72
4636000,-14.5358,49.3,30.71
4636721,-14.5358,50.3,30.70
4637442,-14.5358,50.3,30.69
4638163,-14.5358,50.3,30.69
4638884,-14.5358,50.3,30.69
4639605,-14.5358,50.3,30.68
4640326,-14.5358,50.3,30.67
4641047,-14.5358,50.3,30.67
4641768,-14.5358,49.3,30.66
4642489,-14.5358,49.3,30.66
4643210,-14.5358,49.3,30.65
4643931,-14.5358,50.3,30.65
4644652,-13.3639,50.3,30.64
4645373,-13.3413,50.3,30.63
4646094,-13.7245,50.3,30.63
4646815,-13.8146,50.3,30.62
4647536,-13.8597,50.3,30.61
4648257,-13.9498,50.3,30.60
4648978,-13.7695,49.3,30.59
4649699,-13.7019,49.3,30.59
4650420,-13.6118,49.3,30.58
4651141,-14.6935,49.3,30.58
4651862,-14.4231,49.3,30.57
4652583,-13.8146,50.3,30.57
4653304,-14.0850,49.3,30.56
4654025,-13.8822,49.3,30.55
4654746,-14.0850,50.3,30.55
4655467,-14.0850,50.3,30.55
4656188,-14.0850,50.3,30.53
4656909,-14.0850,50.3,30.53
4657630,-14.0850,50.3,30.52
4658351,-14.0850,49.3,30.51
4659072,-14.0850,49.3,30.51
4659793,-14.0850,49.3,30.51
4660514,-14.0850,49.3,30.50
4661235,-14.0850,49.3,30.50
4661956,-14.0850,49.3,30.49
4662677,-14.0850,50.3,30.48
4663398,-14.0850,49.3,30.47
4664119,-14.0850,49.3,30.47
4664840,-14.0850,49.3,30.46
4665561,-14.0850,49.3,30.46
4666282,-14.0850,49.3,30.45
4667003,-14.0850,49.3,30.45
4667724,-14.0850,49.3,30.43
4668445,-14.0850,49.3,30.43
4669166,-14.0850,49.3,30.42
4669887,-14.0850,49.3,30.42
4670608,-14.0850,49.3,30.41
4671329,-13.6343,49.3,30.40
4672050,-13.9724,49.3,30.39
4672771,-13.4540,50.3,30.39
4673492,-14.6935,49.3,30.39
4674213,-12.8681,49.3,30.38
4674934,-13.3188,49.3,30.37
4675655,-13.7921,49.3,30.37
4676376,-14.3329,49.3,30.36
4677097,-13.8371,49.3,30.35
4677818,-13.6794,49.3,30.35
4678539,-13.4766,49.3,30.35
4679260,-12.8456,49.3,30.33
4679981,-13.8146,49.3,30.33
4680702,-13.6794,49.3,30.33
# [n=6400] mean=-11.8250 m  sigma=2.1292 m  die=49.3 C  CalVal=-69
4681423,-13.2512,49.3,30.32
4682144,-13.2512,49.3,30.31
4682865,-13.2512,49.3,30.31
4683586,-13.2512,49.3,30.31
4684307,-13.2512,49.3,30.29
4685028,-13.2512,49.3,30.29
4685749,-13.2512,49.3,30.29
4686470,-13.2512,49.3,30.27
4687191,-13.2512,49.3,30.28
4687912,-13.2512,49.3,30.27
4688633,-13.2512,49.3,30.27
4689354,-13.2512,49.3,30.25
4690075,-13.2512,49.3,30.25
4690796,-13.2512,49.3,30.24
4691517,-13.2512,49.3,30.24
4692238,-13.2512,49.3,30.23
4692959,-13.2512,49.3,30.23
4693680,-13.2512,49.3,30.22
4694401,-13.2512,49.3,30.21
4695122,-13.2512,49.3,30.21
4695843,-13.2512,49.3,30.20
4696564,-13.2512,49.3,30.20
4697285,-13.0934,49.3,30.19
4698006,-13.7245,49.3,30.18
4698727,-14.8738,49.3,30.18
4699448,-14.4681,49.3,30.18
4700169,-13.7921,49.3,30.17
4700890,-13.2512,49.3,30.15
4701611,-14.4681,49.3,30.16
4702332,-14.5808,49.3,30.15
4703053,-13.1611,49.3,30.14
4703774,-13.3188,49.3,30.14
4704495,-14.0400,49.3,30.13
4705216,-14.3555,49.3,30.13
4705937,-14.6259,49.3,30.12
4706658,-13.4090,49.3,30.12
4707379,-13.4766,49.3,30.11
4708100,-13.1611,49.3,30.10
4708821,-13.1611,49.3,30.10
4709542,-13.1611,49.3,30.09
4710263,-13.1611,49.3,30.08
4710984,-13.1611,49.3,30.08
4711705,-13.1611,49.3,30.07
4712426,-13.1611,49.3,30.07
4713147,-13.1611,49.3,30.06
4713868,-13.1611,49.3,30.06
4714589,-13.1611,49.3,30.05
4715310,-13.1611,49.3,30.05
4716031,-13.1611,49.3,30.04
4716752,-13.1611,49.3,30.03
4717473,-13.1611,49.3,30.03
4718194,-13.1611,49.3,30.03
4718915,-13.1611,49.3,30.02
4719636,-13.1611,49.3,30.01
4720357,-13.1611,49.3,30.01
4721078,-13.1611,49.3,30.00
4721799,-13.1611,49.3,30.00
4722520,-13.1611,49.3,29.99
4723241,-13.1611,49.3,29.99
4723962,-12.3723,49.3,29.98
4724683,-14.3329,49.3,29.98
4725404,-14.2203,49.3,29.97
4726125,-13.8822,49.3,29.97
4726846,-14.6034,49.3,29.96
4727567,-13.9498,49.3,29.96
4728288,-13.7019,49.3,29.95
4729009,-12.5977,49.3,29.95
4729730,-13.2737,49.3,29.93
4730451,-13.1836,49.3,29.93
4731172,-14.1301,49.3,29.93
4731893,-14.0625,49.3,29.92
4732614,-13.3188,49.3,29.91
4733335,-13.6794,49.3,29.91
4734056,-14.1526,49.3,29.90
# outlier -27.3588 die=49.3
# outlier -27.3588 die=49.3
# outlier -27.3588 die=49.3
# outlier -27.3588 die=49.3
# outlier -27.3588 die=49.3
# outlier -27.3588 die=49.3
# outlier -27.3588 die=49.3
# outlier -27.3588 die=49.3
# outlier -27.3588 die=49.3
# outlier -27.3588 die=49.3
# outlier -27.3588 die=49.3
# outlier -27.3588 die=49.3
# outlier -27.3588 die=49.3
# outlier -27.3588 die=49.3
# outlier -27.3588 die=49.3
# outlier -27.3588 die=49.3
# outlier -27.3588 die=49.3
# outlier -27.3588 die=49.3
# outlier -27.3588 die=49.3
# outlier -27.3588 die=49.3
# outlier -27.3588 die=49.3
# outlier -27.3588 die=49.3
4750639,-12.8230,49.3,29.78
4751360,-13.6118,48.3,29.77
4752081,-13.9273,49.3,29.77
4752802,-13.6343,49.3,29.76
4753523,-13.6568,48.3,29.76
4754244,-14.2653,49.3,29.76
4754965,-14.3329,49.3,29.75
4755686,-14.9414,49.3,29.74
4756407,-14.3780,49.3,29.74
4757128,-14.5583,49.3,29.74
4757849,-14.1526,49.3,29.73
4758570,-14.3104,49.3,29.72
4759291,-14.1977,49.3,29.72
4760012,-12.7779,49.3,29.71
4760733,-13.4766,49.3,29.71
4761454,-13.4766,48.3,29.71
4762175,-13.4766,48.3,29.70
4762896,-13.4766,49.3,29.70
4763617,-13.4766,49.3,29.69
4764338,-13.4766,49.3,29.69
4765059,-13.4766,49.3,29.68
4765780,-13.4766,48.3,29.68
4766501,-13.4766,49.3,29.68
4767222,-13.4766,48.3,29.67
4767943,-13.4766,49.3,29.66
4768664,-13.4766,49.3,29.65
# [n=6500] mean=-11.8512 m  sigma=2.1241 m  die=49.3 C  CalVal=-70
4769385,-13.4766,49.3,29.65
4770106,-13.4766,48.3,29.65
4770827,-13.4766,48.3,29.64
4771548,-13.4766,49.3,29.63
4772269,-13.4766,48.3,29.62
4772990,-13.4766,48.3,29.63
4773711,-13.4766,49.3,29.62
4774432,-13.4766,48.3,29.61
4775153,-13.4766,48.3,29.61
4775874,-13.4766,48.3,29.60
4776595,-13.4766,48.3,29.60
4777316,-13.7470,48.3,29.59
4778037,-14.6034,48.3,29.59
4778758,-12.9357,48.3,29.58
4779479,-13.5667,48.3,29.58
4780200,-14.7611,48.3,29.57
4780921,-12.9357,48.3,29.57
4781642,-13.9724,48.3,29.56
4782363,-13.5442,48.3,29.56
4783084,-12.5751,48.3,29.55
4783805,-14.5132,48.3,29.55
4784526,-14.6259,48.3,29.54
4785247,-13.2061,48.3,29.54
4785968,-13.5216,49.3,29.53
4786689,-14.0174,48.3,29.53
4787410,-14.4681,48.3,29.52
4788131,-14.4681,48.3,29.52
4788852,-14.4681,48.3,29.51
4789573,-14.4681,48.3,29.51
4790294,-14.4681,48.3,29.51
4791015,-14.4681,48.3,29.50
4791736,-14.4681,48.3,29.49
4792457,-14.4681,48.3,29.49
4793178,-14.4681,48.3,29.48
4793899,-14.4681,48.3,29.48
4794620,-14.4681,48.3,29.47
4795341,-14.4681,48.3,29.46
4796062,-14.4681,48.3,29.46
4796783,-14.4681,48.3,29.46
4797504,-14.4681,49.3,29.46
4798225,-14.4681,48.3,29.45
4798946,-14.4681,49.3,29.44
4799667,-14.4681,48.3,29.44
4800388,-14.4681,48.3,29.43
4801109,-14.4681,48.3,29.43
4801830,-14.4681,48.3,29.42
4802551,-14.4681,48.3,29.41
4803272,-14.4681,48.3,29.41
4803993,-13.1160,48.3,29.40
4804714,-14.4005,48.3,29.40
4805435,-13.8146,48.3,29.39
4806156,-13.8146,48.3,29.39
4806877,-14.0400,48.3,29.38
4807598,-13.9724,48.3,29.38
4808319,-13.1836,48.3,29.38
4809040,-13.6794,48.3,29.37
4809761,-13.4090,48.3,29.37
4810482,-13.7019,48.3,29.36
4811203,-14.0174,48.3,29.36
4811924,-13.4090,48.3,29.35
4812645,-13.4766,48.3,29.35
4813366,-14.0400,48.3,29.35
4814087,-13.7470,48.3,29.34
4814808,-13.7470,48.3,29.34
4815529,-13.7470,48.3,29.33
4816250,-13.7470,48.3,29.33
4816971,-13.7470,48.3,29.32
4817692,-13.7470,48.3,29.32
4818413,-13.7470,48.3,29.31
4819134,-13.7470,48.3,29.30
4819855,-13.7470,48.3,29.30
4820576,-13.7470,48.3,29.29
4821297,-13.7470,48.3,29.29
4822018,-13.7470,48.3,29.29
4822739,-13.7470,48.3,29.28
4823460,-13.7470,48.3,29.28
4824181,-13.7470,48.3,29.27
4824902,-13.7470,48.3,29.27
4825623,-13.7470,48.3,29.26
4826344,-13.7470,48.3,29.26
4827065,-13.7470,48.3,29.25
4827786,-13.7470,48.3,29.25
4828507,-13.7470,48.3,29.24
4829228,-13.7470,48.3,29.24
4829949,-13.7470,48.3,29.24
4830670,-13.2963,48.3,29.23
4831391,-14.3329,48.3,29.22
4832112,-13.5667,48.3,29.22
4832833,-13.9273,48.3,29.21
4833554,-13.3639,48.3,29.21
4834275,-14.2203,48.3,29.20
4834996,-13.2963,48.3,29.20
4835717,-12.6653,48.3,29.19
4836438,-13.9724,48.3,29.19
4837159,-13.4766,48.3,29.19
4837880,-13.3413,48.3,29.18
4838601,-13.2963,48.3,29.17
4839322,-13.9047,48.3,29.17
4840043,-13.2287,48.3,29.17
4840764,-12.5300,48.3,29.16
# [n=6600] mean=-11.8813 m  sigma=2.1228 m  die=48.3 C  CalVal=-70
4841485,-12.5300,48.3,29.16
4842206,-12.5300,48.3,29.16
4842927,-12.5300,48.3,29.15
4843648,-12.5300,48.3,29.14
4844369,-12.5300,48.3,29.14
4845090,-12.5300,48.3,29.14
4845811,-12.5300,48.3,29.13
4846532,-12.5300,48.3,29.13
4847253,-12.5300,48.3,29.12
4847974,-12.5300,48.3,29.11
4848695,-12.5300,48.3,29.11
4849416,-12.5300,48.3,29.10
4850137,-12.5300,48.3,29.10
4850858,-12.5300,48.3,29.10
4851579,-12.5300,48.3,29.09
4852300,-12.5300,48.3,29.08
4853021,-12.5300,48.3,29.08
4853742,-12.5300,48.3,29.07
4854463,-12.5300,48.3,29.07
4855184,-12.5300,48.3,29.07
4855905,-12.5300,48.3,29.06
4856626,-12.5300,48.3,29.06
4857347,-13.2061,48.3,29.05
4858068,-14.1526,48.3,29.05
4858789,-13.3188,48.3,29.04
4859510,-13.6118,48.3,29.04
4860231,-13.4090,48.3,29.04
4860952,-14.4005,48.3,29.04
4861673,-12.6427,48.3,29.03
4862394,-13.9498,48.3,29.02
4863115,-13.9498,48.3,29.01
4863836,-14.6484,48.3,29.01
4864557,-13.2963,48.3,29.01
4865278,-13.6118,48.3,29.00
4865999,-13.4766,48.3,29.00
4866720,-12.4174,48.3,29.00
4867441,-13.3639,48.3,28.99
4868162,-13.3639,48.3,28.99
4868883,-13.3639,48.3,28.98
4869604,-13.3639,48.3,28.98
4870325,-13.3639,48.3,28.97
4871046,-13.3639,48.3,28.97
4871767,-13.3639,48.3,28.97
4872488,-13.3639,48.3,28.96
4873209,-13.3639,48.3,28.96
4873930,-13.3639,48.3,28.95
4874651,-13.3639,48.3,28.95
4875372,-13.3639,48.3,28.94
4876093,-13.3639,48.3,28.93
4876814,-13.3639,48.3,28.94
4877535,-13.3639,48.3,28.93
4878256,-13.3639,48.3,28.93
4878977,-13.3639,48.3,28.93
4879698,-13.3639,48.3,28.92
4880419,-13.3639,48.3,28.92
4881140,-13.3639,48.3,28.91
4881861,-13.3639,48.3,28.91
4882582,-13.3639,48.3,28.91
4883303,-13.3639,48.3,28.90
4884024,-12.2371,48.3,28.90
4884745,-13.9498,48.3,28.89
4885466,-13.5216,48.3,28.89
4886187,-12.4174,48.3,28.88
4886908,-13.6794,48.3,28.88
4887629,-12.8906,48.3,28.88
4888350,-12.5300,48.3,28.88
4889071,-13.8822,48.3,28.87
4889792,-13.3413,48.3,28.86
4890513,-12.8230,48.3,28.86
4891234,-12.8906,48.3,28.85
4891955,-12.5526,48.3,28.85
4892676,-13.7921,48.3,28.85
4893397,-12.4399,48.3,28.84
4894118,-13.5216,48.3,28.84
4894839,-13.5216,48.3,28.83
4895560,-13.5216,48.3,28.83
4896281,-13.5216,48.3,28.83
4897002,-13.5216,48.3,28.81
4897723,-13.5216,48.3,28.81
4898444,-13.5216,48.3,28.81
4899165,-13.5216,48.3,28.80
4899886,-13.5216,48.3,28.80
4900607,-13.5216,48.3,28.79
4901328,-13.5216,48.3,28.79
4902049,-13.5216,48.3,28.79
4902770,-13.5216,48.3,28.78
4903491,-13.5216,48.3,28.78
4904212,-13.5216,48.3,28.77
4904933,-13.5216,48.3,28.77
4905654,-13.5216,48.3,28.76
4906375,-13.5216,48.3,28.76
4907096,-13.5216,48.3,28.76
4907817,-13.5216,48.3,28.76
4908538,-13.5216,48.3,28.75
4909259,-13.5216,48.3,28.75
4909980,-13.5216,48.3,28.75
4910701,-13.7695,48.3,28.74
4911422,-13.3639,48.3,28.73
4912143,-12.3272,48.3,28.73
4912864,-13.7470,48.3,28.73
# [n=6700] mean=-11.9011 m  sigma=2.1139 m  die=48.3 C  CalVal=-70
4913585,-13.2737,48.3,28.72
4914306,-14.0625,48.3,28.72
4915027,-13.4315,48.3,28.71
4915748,-14.1526,48.3,28.71
4916469,-13.5892,48.3,28.71
4917190,-12.4624,48.3,28.70
4917911,-12.7779,48.3,28.70
4918632,-12.5300,48.3,28.69
4919353,-14.6259,48.3,28.69
4920074,-13.6568,48.3,28.69
4920795,-13.0709,48.3,28.69
4921516,-13.0709,48.3,28.69
4922237,-13.0709,48.3,28.68
4922958,-13.0709,48.3,28.67
4923679,-13.0709,48.3,28.67
4924400,-13.0709,48.3,28.67
4925121,-13.0709,48.3,28.66
4925842,-13.0709,48.3,28.65
4926563,-13.0709,48.3,28.66
4927284,-13.0709,48.3,28.65
4928005,-13.0709,48.3,28.65
4928726,-13.0709,48.3,28.64
4929447,-13.0709,48.3,28.63
4930168,-13.0709,48.3,28.63
4930889,-13.0709,48.3,28.63
4931610,-13.0709,48.3,28.62
4932331,-13.0709,48.3,28.62
4933052,-13.0709,48.3,28.62
4933773,-13.0709,48.3,28.61
4934494,-13.0709,48.3,28.60
4935215,-13.0709,48.3,28.60
4935936,-13.0709,48.3,28.60
4936657,-13.0709,48.3,28.59
4937378,-13.1160,48.3,28.59
4938099,-12.7554,48.3,28.59
4938820,-12.9808,48.3,28.58
4939541,-12.1469,48.3,28.58
4940262,-13.0033,48.3,28.57
4940983,-13.7470,48.3,28.57
4941704,-12.6878,48.3,28.56
4942425,-13.7019,48.3,28.56
4943146,-13.1385,48.3,28.56
4943867,-12.5526,48.3,28.56
4944588,-13.9498,48.3,28.55
4945309,-12.3723,48.3,28.55
4946030,-13.0033,48.3,28.54
4946751,-13.6118,48.3,28.54
4947472,-13.1611,48.3,28.54
4948193,-13.1611,48.3,28.53
4948914,-13.1611,48.3,28.53
4949635,-13.1611,48.3,28.52
4950356,-13.1611,48.3,28.51
4951077,-13.1611,48.3,28.51
4951798,-13.1611,48.3,28.51
4952519,-13.1611,48.3,28.51
4953240,-13.1611,48.3,28.50
4953961,-13.1611,48.3,28.50
4954682,-13.1611,48.3,28.49
4955403,-13.1611,48.3,28.49
4956124,-13.1611,48.3,28.49
4956845,-13.1611,48.3,28.49
4957566,-13.1611,48.3,28.48
4958287,-13.1611,48.3,28.48
4959008,-13.1611,48.3,28.47
4959729,-13.1611,48.3,28.47
4960450,-13.1611,48.3,28.46
4961171,-13.1611,48.3,28.46
4961892,-13.1611,48.3,28.46
4962613,-13.1611,48.3,28.45
4963334,-13.1611,48.3,28.45
4964055,-12.6427,48.3,28.45
4964776,-12.4624,48.3,28.45
4965497,-11.9892,48.3,28.44
4966218,-12.3498,48.3,28.44
4966939,-13.8371,48.3,28.43
4967660,-12.7103,48.3,28.43
4968381,-13.3864,48.3,28.42
4969102,-12.9582,48.3,28.42
4969823,-11.9441,48.3,28.42
4970544,-13.2061,48.3,28.41
4971265,-12.8005,48.3,28.41
4971986,-12.9357,48.3,28.41
4972707,-12.8456,47.3,28.40
4973428,-12.3948,48.3,28.40
4974149,-14.0400,48.3,28.39
4974870,-14.0400,48.3,28.39
4975591,-14.0400,48.3,28.39
4976312,-14.0400,48.3,28.38
4977033,-14.0400,48.3,28.38
4977754,-14.0400,48.3,28.38
4978475,-14.0400,48.3,28.37
4979196,-14.0400,48.3,28.37
4979917,-14.0400,47.3,28.36
4980638,-14.0400,47.3,28.36
4981359,-14.0400,47.3,28.36
4982080,-14.0400,47.3,28.36
4982801,-14.0400,48.3,28.35
4983522,-14.0400,47.3,28.35
4984243,-14.0400,47.3,28.34
4984964,-14.0400,48.3,28.34
# [n=6800] mean=-11.9207 m  sigma=2.1054 m  die=48.3 C  CalVal=-70
4985685,-14.0400,48.3,28.34
4986406,-14.0400,47.3,28.34
4987127,-14.0400,47.3,28.33
4987848,-14.0400,47.3,28.33
4988569,-14.0400,47.3,28.33
4989290,-14.0400,47.3,28.32
4990011,-14.0400,47.3,28.31
4990732,-12.1469,47.3,28.31
4991453,-13.1160,47.3,28.31
4992174,-12.0793,47.3,28.31
4992895,-13.2287,47.3,28.30
4993616,-12.8456,47.3,28.30
4994337,-12.7779,47.3,28.29
4995058,-12.3047,47.3,28.29
4995779,-12.4850,47.3,28.29
4996500,-12.3723,47.3,28.28
4997221,-12.6878,48.3,28.28
4997942,-12.8005,47.3,28.27
4998663,-12.7329,47.3,28.27
4999384,-13.0934,47.3,28.27
5000105,-12.8681,47.3,28.27
5000826,-13.5892,47.3,28.26
5001547,-13.5892,47.3,28.26
5002268,-13.5892,47.3,28.26
5002989,-13.5892,47.3,28.25
5003710,-13.5892,47.3,28.25
5004431,-13.5892,47.3,28.25
5005152,-13.5892,47.3,28.24
5005873,-13.5892,47.3,28.24
5006594,-13.5892,47.3,28.24
5007315,-13.5892,47.3,28.23
5008036,-13.5892,47.3,28.23
5008757,-13.5892,47.3,28.23
5009478,-13.5892,47.3,28.22
5010199,-13.5892,47.3,28.21
5010920,-13.5892,47.3,28.21
5011641,-13.5892,47.3,28.20
5012362,-13.5892,47.3,28.20
5013083,-13.5892,47.3,28.20
5013804,-13.5892,47.3,28.20
5014525,-13.5892,47.3,28.19
5015246,-13.5892,47.3,28.19
5015967,-13.5892,47.3,28.18
5016688,-13.5892,47.3,28.18
5017409,-12.8005,47.3,28.18
5018130,-12.8230,47.3,28.18
5018851,-13.3864,47.3,28.17
5019572,-12.3723,47.3,28.17
5020293,-12.6653,47.3,28.17
5021014,-13.4540,47.3,28.16
5021735,-12.8681,47.3,28.15
5022456,-12.8230,47.3,28.15
5023177,-12.8906,47.3,28.15
5023898,-13.6343,47.3,28.15
5024619,-12.9357,47.3,28.14
5025340,-11.8314,47.3,28.14
5026061,-12.2822,47.3,28.13
5026782,-13.4540,47.3,28.14
5027503,-12.2822,47.3,28.13
5028224,-12.2822,47.3,28.13
5028945,-12.2822,47.3,28.12
5029666,-12.2822,47.3,28.12
5030387,-12.2822,47.3,28.12
5031108,-12.2822,47.3,28.11
5031829,-12.2822,47.3,28.11
5032550,-12.2822,47.3,28.10
5033271,-12.2822,47.3,28.10
5033992,-12.2822,47.3,28.10
5034713,-12.2822,47.3,28.10
5035434,-12.2822,47.3,28.09
5036155,-12.2822,47.3,28.09
5036876,-12.2822,47.3,28.09
5037597,-12.2822,47.3,28.08
5038318,-12.2822,47.3,28.08
5039039,-12.2822,47.3,28.08
5039760,-12.2822,47.3,28.07
5040481,-12.2822,47.3,28.07
5041202,-12.2822,47.3,28.07
5041923,-12.2822,47.3,28.06
5042644,-12.2822,47.3,28.06
5043365,-12.2822,47.3,28.06
5044086,-12.8906,47.3,28.05
5044807,-13.0484,47.3,28.05
5045528,-13.4991,47.3,28.04
5046249,-12.7103,47.3,28.04
5046970,-13.2737,47.3,28.03
5047691,-12.4174,47.3,28.03
5048412,-12.6202,47.3,28.03
5049133,-12.5300,47.3,28.03
5049854,-12.5526,47.3,28.02
5050575,-13.9949,47.3,28.02
5051296,-13.9047,47.3,28.02
5052017,-12.9132,47.3,28.01
5052738,-12.6427,47.3,28.01
5053459,-12.2145,47.3,28.00
5054180,-13.0934,47.3,28.00
5054901,-13.0934,47.3,28.00
5055622,-13.0934,47.3,28.00
5056343,-13.0934,47.3,28.00
5057064,-13.0934,47.3,27.99
# [n=6900] mean=-11.9360 m  sigma=2.0952 m  die=47.3 C  CalVal=-70
5057785,-13.0934,47.3,27.99
5058506,-13.0934,47.3,27.99
5059227,-13.0934,47.3,27.98
5059948,-13.0934,47.3,27.98
5060669,-13.0934,47.3,27.97
5061390,-13.0934,47.3,27.97
5062111,-13.0934,47.3,27.97
5062832,-13.0934,47.3,27.97
5063553,-13.0934,47.3,27.96
5064274,-13.0934,47.3,27.96
5064995,-13.0934,47.3,27.96
5065716,-13.0934,47.3,27.96
5066437,-13.0934,47.3,27.95
5067158,-13.0934,47.3,27.94
5067879,-13.0934,47.3,27.94
5068600,-13.0934,47.3,27.94
5069321,-13.0934,47.3,27.94
5070042,-13.0934,47.3,27.93
5070763,-13.6343,47.3,27.93
5071484,-12.7779,47.3,27.93
5072205,-13.8822,47.3,27.92
5072926,-14.7160,47.3,27.92
5073647,-14.0625,47.3,27.92
5074368,-14.3555,47.3,27.92
5075089,-12.8230,47.3,27.91
5075810,-13.8822,47.3,27.91
5076531,-14.3555,47.3,27.90
5077252,-13.7470,47.3,27.91
5077973,-13.9047,47.3,27.90
5078694,-14.4005,47.3,27.90
5079415,-14.1752,47.3,27.89
5080136,-14.8963,47.3,27.89
5080857,-13.9949,47.3,27.87
5081578,-13.9949,47.3,27.87
5082299,-13.9949,47.3,27.87
5083020,-13.9949,47.3,27.87
5083741,-13.9949,47.3,27.87
5084462,-13.9949,47.3,27.86
5085183,-13.9949,47.3,27.86
5085904,-13.9949,47.3,27.86
5086625,-13.9949,47.3,27.86
5087346,-13.9949,47.3,27.86
5088067,-13.9949,47.3,27.85
5088788,-13.9949,47.3,27.85
5089509,-13.9949,47.3,27.84
5090230,-13.9949,47.3,27.84
5090951,-13.9949,47.3,27.83
5091672,-13.9949,47.3,27.83
5092393,-13.9949,47.3,27.83
5093114,-13.9949,47.3,27.83
5093835,-13.9949,47.3,27.82
5094556,-13.9949,47.3,27.82
5095277,-13.9949,47.3,27.82
5095998,-13.9949,47.3,27.81
5096719,-13.9949,47.3,27.81
5097440,-14.2879,47.3,27.81
5098161,-15.4597,47.3,27.80
5098882,-15.5273,47.3,27.80
5099603,-13.8371,47.3,27.79
5100324,-14.7160,47.3,27.80
5101045,-14.3555,47.3,27.79
5101766,-14.1076,46.3,27.78
5102487,-13.7695,47.3,27.78
5103208,-15.3696,47.3,27.78
5103929,-13.2737,47.3,27.78
5104650,-15.3696,47.3,27.78
5105371,-13.9498,47.3,27.77
5106092,-15.7978,47.3,27.77
5106813,-13.8146,47.3,27.77
5107534,-14.5358,47.3,27.76
5108255,-14.5358,47.3,27.76
5108976,-14.5358,47.3,27.76
5109697,-14.5358,46.3,27.76
5110418,-14.5358,47.3,27.75
5111139,-14.5358,47.3,27.75
5111860,-14.5358,47.3,27.74
5112581,-14.5358,47.3,27.74
5113302,-14.5358,47.3,27.74
5114023,-14.5358,47.3,27.73
5114744,-14.5358,47.3,27.73
5115465,-14.5358,47.3,27.73
5116186,-14.5358,47.3,27.72
5116907,-14.5358,47.3,27.73
5117628,-14.5358,47.3,27.72
5118349,-14.5358,47.3,27.72
5119070,-14.5358,47.3,27.72
5119791,-14.5358,47.3,27.71
5120512,-14.5358,47.3,27.71
5121233,-14.5358,47.3,27.71
5121954,-14.5358,47.3,27.70
5122675,-14.5358,47.3,27.70
5123396,-14.5358,46.3,27.70
5124117,-15.2118,46.3,27.69
5124838,-14.5808,46.3,27.69
5125559,-14.7611,46.3,27.69
5126280,-14.9189,46.3,27.69
5127001,-14.9865,46.3,27.68
5127722,-13.3188,46.3,27.68
5128443,-15.0541,47.3,27.68
5129164,-14.9865,47.3,27.67
# [n=7000] mean=-11.9668 m  sigma=2.0973 m  die=47.3 C  CalVal=-70
5129885,-13.4540,47.3,27.67
5130606,-14.0850,47.3,27.67
5131327,-14.2428,47.3,27.67
5132048,-14.1526,47.3,27.67
5132769,-14.4005,47.3,27.66
5133490,-14.3104,47.3,27.66
5134211,-14.4231,47.3,27.66
5134932,-14.4231,47.3,27.65
5135653,-14.4231,46.3,27.65
5136374,-14.4231,46.3,27.65
5137095,-14.4231,46.3,27.64
5137816,-14.4231,47.3,27.64
5138537,-14.4231,47.3,27.64
5139258,-14.4231,47.3,27.63
5139979,-14.4231,46.3,27.63
5140700,-14.4231,47.3,27.63
5141421,-14.4231,46.3,27.63
5142142,-14.4231,46.3,27.62
5142863,-14.4231,47.3,27.62
5143584,-14.4231,46.3,27.61
5144305,-14.4231,47.3,27.61
5145026,-14.4231,46.3,27.61
5145747,-14.4231,46.3,27.60
5146468,-14.4231,46.3,27.60
5147189,-14.4231,47.3,27.60
5147910,-14.4231,46.3,27.59
5148631,-14.4231,46.3,27.59
5149352,-14.4231,47.3,27.59
5150073,-14.4231,46.3,27.59
5150794,-14.0174,46.3,27.58
5151515,-13.2963,46.3,27.59
5152236,-13.8822,46.3,27.59
5152957,-14.1076,46.3,27.58
5153678,-13.9949,46.3,27.58
5154399,-13.4991,46.3,27.58
5155120,-13.4315,46.3,27.57
5155841,-13.4766,46.3,27.57
5156562,-14.0400,47.3,27.56
5157283,-13.9047,46.3,27.56
5158004,-13.9724,47.3,27.56
5158725,-13.7921,46.3,27.56
5159446,-13.5442,46.3,27.55
5160167,-14.5583,46.3,27.54
5160888,-14.0174,46.3,27.54
5161609,-14.0174,46.3,27.54
5162330,-14.0174,46.3,27.54
5163051,-14.0174,46.3,27.54
5163772,-14.0174,46.3,27.53
5164493,-14.0174,46.3,27.53
5165214,-14.0174,46.3,27.53
5165935,-14.0174,46.3,27.52
5166656,-14.0174,46.3,27.52
5167377,-14.0174,46.3,27.51
5168098,-14.0174,47.3,27.51
5168819,-14.0174,46.3,27.51
5169540,-14.0174,46.3,27.51
5170261,-14.0174,46.3,27.51
5170982,-14.0174,46.3,27.51
5171703,-14.0174,46.3,27.50
5172424,-14.0174,46.3,27.50
5173145,-14.0174,46.3,27.50
5173866,-14.0174,46.3,27.50
5174587,-14.0174,46.3,27.50
5175308,-14.0174,46.3,27.49
5176029,-14.0174,46.3,27.49
5176750,-14.0174,46.3,27.49
5177471,-13.5442,46.3,27.49
5178192,-13.3864,46.3,27.47
5178913,-14.4231,46.3,27.47
5179634,-14.2203,46.3,27.47
5180355,-14.4681,46.3,27.47
5181076,-13.1160,46.3,27.47
5181797,-14.4005,46.3,27.46
5182518,-13.3864,46.3,27.46
5183239,-14.7386,46.3,27.46
5183960,-13.0709,46.3,27.46
5184681,-13.2737,47.3,27.46
5185402,-13.6343,46.3,27.46
5186123,-13.8822,46.3,27.45
5186844,-14.5132,46.3,27.45
5187565,-14.0850,46.3,27.44
5188286,-14.0850,46.3,27.44
5189007,-14.0850,46.3,27.44
5189728,-14.0850,47.3,27.43
5190449,-14.0850,46.3,27.43
5191170,-14.0850,46.3,27.43
5191891,-14.0850,46.3,27.43
5192612,-14.0850,46.3,27.42
5193333,-14.0850,46.3,27.42
5194054,-14.0850,46.3,27.42
5194775,-14.0850,46.3,27.41
5195496,-14.0850,46.3,27.41
5196217,-14.0850,46.3,27.41
5196938,-14.0850,46.3,27.41
5197659,-14.0850,46.3,27.40
5198380,-14.0850,46.3,27.40
5199101,-14.0850,46.3,27.40
5199822,-14.0850,46.3,27.40
5200543,-14.0850,46.3,27.39
5201264,-14.0850,46.3,27.39
# [n=7100] mean=-11.9966 m  sigma=2.0977 m  die=46.3 C  CalVal=-70
5201985,-14.0850,46.3,27.39
5202706,-14.0850,46.3,27.39
5203427,-14.0850,46.3,27.38
5204148,-12.7103,46.3,27.38
5204869,-14.3329,46.3,27.38
5205590,-14.3780,46.3,27.38
5206311,-13.3864,46.3,27.38
5207032,-12.9132,46.3,27.37
5207753,-13.2287,46.3,27.37
5208474,-13.8822,46.3,27.37
5209195,-14.0850,46.3,27.36
5209916,-13.8371,46.3,27.37
5210637,-13.6794,46.3,27.36
5211358,-13.6794,46.3,27.36
5212079,-13.5442,46.3,27.35
5212800,-13.6343,46.3,27.35
5213521,-13.3188,46.3,27.35
5214242,-11.9216,46.3,27.35
5214963,-11.9216,46.3,27.34
5215684,-11.9216,46.3,27.34
5216405,-11.9216,46.3,27.34
5217126,-11.9216,46.3,27.33
5217847,-11.9216,46.3,27.33
5218568,-11.9216,46.3,27.33
5219289,-11.9216,46.3,27.33
5220010,-11.9216,46.3,27.33
5220731,-11.9216,46.3,27.32
5221452,-11.9216,46.3,27.32
5222173,-11.9216,46.3,27.32
5222894,-11.9216,46.3,27.31
5223615,-11.9216,46.3,27.31
5224336,-11.9216,46.3,27.31
5225057,-11.9216,46.3,27.31
5225778,-11.9216,46.3,27.30
5226499,-11.9216,46.3,27.30
5227220,-11.9216,46.3,27.30
5227941,-11.9216,46.3,27.30
5228662,-11.9216,46.3,27.30
5229383,-11.9216,46.3,27.29
5230104,-12.9808,46.3,27.29
5230825,-12.8230,46.3,27.29
5231546,-14.2428,46.3,27.29
5232267,-13.0709,46.3,27.28
5232988,-13.6568,46.3,27.28
5233709,-14.2203,46.3,27.28
5234430,-14.0850,46.3,27.28
5235151,-14.1977,46.3,27.27
5235872,-13.4540,46.3,27.27
5236593,-13.5442,46.3,27.27
5237314,-13.9498,46.3,27.26
5238035,-14.0850,46.3,27.26
5238756,-13.9273,46.3,27.26
5239477,-13.7470,46.3,27.26
5240198,-13.9498,46.3,27.26
5240919,-11.5385,46.3,27.26
5241640,-11.5385,46.3,27.26
5242361,-11.5385,46.3,27.26
5243082,-11.5385,46.3,27.25
5243803,-11.5385,46.3,27.25
5244524,-11.5385,46.3,27.24
5245245,-11.5385,46.3,27.23
5245966,-11.5385,46.3,27.23
5246687,-11.5385,46.3,27.23
5247408,-11.5385,46.3,27.23
5248129,-11.5385,46.3,27.23
5248850,-11.5385,46.3,27.22
5249571,-11.5385,46.3,27.22
5250292,-11.5385,46.3,27.22
5251013,-11.5385,46.3,27.21
5251734,-11.5385,46.3,27.21
5252455,-11.5385,46.3,27.21
5253176,-11.5385,46.3,27.21
5253897,-11.5385,46.3,27.21
5254618,-11.5385,46.3,27.21
5255339,-11.5385,46.3,27.20
5256060,-11.5385,46.3,27.20
5256781,-12.5977,46.3,27.20
5257502,-13.4540,46.3,27.19
5258223,-13.3639,46.3,27.19
5258944,-12.9132,46.3,27.19
5259665,-14.3555,46.3,27.19
5260386,-14.7386,46.3,27.19
5261107,-13.2963,46.3,27.18
5261828,-12.7554,46.3,27.18
5262549,-13.7921,46.3,27.18
5263270,-13.3639,46.3,27.17
5263991,-14.1526,46.3,27.18
5264712,-12.5526,46.3,27.17
5265433,-12.6653,46.3,27.17
5266154,-13.1160,46.3,27.17
5266875,-14.4231,46.3,27.17
5267596,-14.4231,46.3,27.16
5268317,-14.4231,46.3,27.16
5269038,-14.4231,46.3,27.16
5269759,-14.4231,46.3,27.16
5270480,-14.4231,46.3,27.16
5271201,-14.4231,46.3,27.15
5271922,-14.4231,46.3,27.16
5272643,-14.4231,46.3,27.15
5273364,-14.4231,46.3,27.15
# [n=7200] mean=-12.0086 m  sigma=2.0896 m  die=46.3 C  CalVal=-70
5274085,-14.4231,46.3,27.15
5274806,-14.4231,46.3,27.15
5275527,-14.4231,46.3,27.14
5276248,-14.4231,46.3,27.14
5276969,-14.4231,46.3,27.14
5277690,-14.4231,46.3,27.14
5278411,-14.4231,46.3,27.13
5279132,-14.4231,46.3,27.13
5279853,-14.4231,46.3,27.13
5280574,-14.4231,46.3,27.13
5281295,-14.4231,46.3,27.13
5282016,-14.4231,46.3,27.12
5282737,-14.4231,46.3,27.12
5283458,-12.2145,46.3,27.12
5284179,-13.6794,46.3,27.12
5284900,-14.2428,46.3,27.12
5285621,-13.2737,46.3,27.11
5286342,-13.1836,46.3,27.11
5287063,-12.8456,46.3,27.11
5287784,-13.0258,46.3,27.11
5288505,-13.5216,46.3,27.10
5289226,-13.7921,46.3,27.10
5289947,-13.8597,46.3,27.10
5290668,-14.1526,46.3,27.10
5291389,-12.9582,46.3,27.09
5292110,-13.3639,46.3,27.09
5292831,-13.4991,46.3,27.09
5293552,-14.2879,46.3,27.09
5294273,-14.2879,46.3,27.08
5294994,-14.2879,46.3,27.08
5295715,-14.2879,46.3,27.08
5296436,-14.2879,46.3,27.08
5297157,-14.2879,45.3,27.08
5297878,-14.2879,46.3,27.07
5298599,-14.2879,46.3,27.08
5299320,-14.2879,46.3,27.07
5300041,-14.2879,46.3,27.07
5300762,-14.2879,46.3,27.07
5301483,-14.2879,46.3,27.06
5302204,-14.2879,46.3,27.07
5302925,-14.2879,46.3,27.06
5303646,-14.2879,46.3,27.06
5304367,-14.2879,46.3,27.06
5305088,-14.2879,46.3,27.05
5305809,-14.2879,46.3,27.05
5306530,-14.2879,46.3,27.06
5307251,-14.2879,46.3,27.05
5307972,-14.2879,46.3,27.04
5308693,-14.2879,46.3,27.04
5309414,-14.2879,46.3,27.04
5310135,-13.1611,46.3,27.04
5310856,-13.2512,46.3,27.04
5311577,-14.2653,46.3,27.03
5312298,-13.3188,46.3,27.03
5313019,-13.0484,46.3,27.03
5313740,-12.8906,46.3,27.03
5314461,-13.4090,46.3,27.02
5315182,-13.4991,46.3,27.03
5315903,-13.6794,46.3,27.02
5316624,-14.5132,46.3,27.02
5317345,-13.5442,46.3,27.01
5318066,-13.3864,46.3,27.01
5318787,-14.5808,46.3,27.01
5319508,-14.3555,46.3,27.01
5320229,-13.4991,46.3,27.00
5320950,-13.4991,46.3,27.00
5321671,-13.4991,46.3,27.00
5322392,-13.4991,46.3,27.00
5323113,-13.4991,46.3,27.00
5323834,-13.4991,46.3,26.99
5324555,-13.4991,46.3,26.99
5325276,-13.4991,46.3,26.99
5325997,-13.4991,46.3,26.99
5326718,-13.4991,46.3,26.98
5327439,-13.4991,46.3,26.98
5328160,-13.4991,46.3,26.98
5328881,-13.4991,46.3,26.98
5329602,-13.4991,46.3,26.98
5330323,-13.4991,46.3,26.98
5331044,-13.4991,46.3,26.98
5331765,-13.4991,46.3,26.97
5332486,-13.4991,46.3,26.98
5333207,-13.4991,46.3,26.97
5333928,-13.4991,46.3,26.97
5334649,-13.4991,46.3,26.97
5335370,-13.4991,46.3,26.96
5336091,-13.4991,46.3,26.96
5336812,-13.2061,46.3,26.96
5337533,-13.7019,46.3,26.96
5338254,-13.7019,46.3,26.95
5338975,-13.6118,46.3,26.96
5339696,-13.3413,46.3,26.95
5340417,-12.5075,46.3,26.95
5341138,-13.6118,46.3,26.95
5341859,-13.7470,45.3,26.94
5342580,-14.7160,46.3,26.94
5343301,-14.1526,45.3,26.94
5344022,-12.7554,46.3,26.94
5344743,-13.1385,45.3,26.94
5345464,-13.2963,46.3,26.94
# [n=7300] mean=-12.0332 m  sigma=2.0867 m  die=46.3 C  CalVal=-71
5346185,-14.5583,46.3,26.93
5346906,-12.6653,45.3,26.93
5347627,-12.6653,46.3,26.93
5348348,-12.6653,46.3,26.92
5349069,-12.6653,46.3,26.93
5349790,-12.6653,46.3,26.93
5350511,-12.6653,46.3,26.92
5351232,-12.6653,45.3,26.92
5351953,-12.6653,46.3,26.91
5352674,-12.6653,46.3,26.91
5353395,-12.6653,46.3,26.91
5354116,-12.6653,46.3,26.90
5354837,-12.6653,46.3,26.90
5355558,-12.6653,46.3,26.90
5356279,-12.6653,46.3,26.90
5357000,-12.6653,46.3,26.89
5357721,-12.6653,45.3,26.89
5358442,-12.6653,45.3,26.89
5359163,-12.6653,46.3,26.89
5359884,-12.6653,46.3,26.89
5360605,-12.6653,46.3,26.89
5361326,-12.6653,45.3,26.88
5362047,-12.6653,46.3,26.88
5362768,-12.6653,46.3,26.88
5363489,-12.7554,46.3,26.87
5364210,-13.6343,46.3,26.87
5364931,-13.5667,46.3,26.88
5365652,-12.8456,46.3,26.87
5366373,-13.1385,46.3,26.87
5367094,-14.1301,46.3,26.87
5367815,-13.8597,46.3,26.87
5368536,-13.5667,45.3,26.87
5369257,-13.4766,45.3,26.87
5369978,-13.3639,46.3,26.86
5370699,-13.1611,46.3,26.86
5371420,-12.8681,46.3,26.86
5372141,-13.6118,46.3,26.86
5372862,-13.4766,46.3,26.85
5373583,-13.2737,45.3,26.85
5374304,-13.2737,46.3,26.85
5375025,-13.2737,45.3,26.85
5375746,-13.2737,45.3,26.84
5376467,-13.2737,46.3,26.85
5377188,-13.2737,46.3,26.84
5377909,-13.2737,45.3,26.84
5378630,-13.2737,46.3,26.84
5379351,-13.2737,45.3,26.84
5380072,-13.2737,45.3,26.83
5380793,-13.2737,45.3,26.83
5381514,-13.2737,45.3,26.83
5382235,-13.2737,46.3,26.83
5382956,-13.2737,45.3,26.82
5383677,-13.2737,45.3,26.82
5384398,-13.2737,45.3,26.82
5385119,-13.2737,45.3,26.82
5385840,-13.2737,46.3,26.81
5386561,-13.2737,46.3,26.81
5387282,-13.2737,45.3,26.81
5388003,-13.2737,45.3,26.81
5388724,-13.2737,46.3,26.81
5389445,-13.2737,46.3,26.80
5390166,-13.6568,45.3,26.80
5390887,-14.1301,46.3,26.80
5391608,-13.2963,46.3,26.80
5392329,-13.3639,46.3,26.80
5393050,-13.8597,45.3,26.80
5393771,-13.9949,45.3,26.79
5394492,-13.2963,45.3,26.79
5395213,-14.3329,45.3,26.79
5395934,-12.5751,45.3,26.79
5396655,-12.9582,45.3,26.79
5397376,-13.6343,45.3,26.79
5398097,-13.6118,45.3,26.78
5398818,-14.0400,45.3,26.78
5399539,-12.8681,45.3,26.78
5400260,-12.9357,45.3,26.78
5400981,-12.9357,45.3,26.78
5401702,-12.9357,45.3,26.77
5402423,-12.9357,46.3,26.77
5403144,-12.9357,46.3,26.77
5403865,-12.9357,45.3,26.77
5404586,-12.9357,45.3,26.77
5405307,-12.9357,45.3,26.77
5406028,-12.9357,45.3,26.77
5406749,-12.9357,45.3,26.76
5407470,-12.9357,45.3,26.76
5408191,-12.9357,45.3,26.76
5408912,-12.9357,46.3,26.75
5409633,-12.9357,45.3,26.75
5410354,-12.9357,45.3,26.75
5411075,-12.9357,45.3,26.75
5411796,-12.9357,45.3,26.75
5412517,-12.9357,45.3,26.75
5413238,-12.9357,45.3,26.75
5413959,-12.9357,45.3,26.74
5414680,-12.9357,45.3,26.74
5415401,-12.9357,45.3,26.74
5416122,-12.9357,45.3,26.74
5416843,-12.6427,45.3,26.74
5417564,-13.9724,45.3,26.74
# [n=7400] mean=-12.0480 m  sigma=2.0769 m  die=45.3 C  CalVal=-71
5418285,-12.5977,45.3,26.73
5419006,-13.5667,45.3,26.73
5419727,-14.2428,45.3,26.73
5420448,-13.5216,46.3,26.73
5421169,-14.1752,45.3,26.72
5421890,-13.6794,45.3,26.72
5422611,-13.8146,45.3,26.72
5423332,-12.7779,45.3,26.72
5424053,-14.3104,45.3,26.72
5424774,-13.4315,45.3,26.71
5425495,-13.7245,45.3,26.71
5426216,-13.1836,45.3,26.71
5426937,-12.5751,45.3,26.71
5427658,-12.5751,45.3,26.71
5428379,-12.5751,45.3,26.70
5429100,-12.5751,45.3,26.71
5429821,-12.5751,45.3,26.70
5430542,-12.5751,45.3,26.70
5431263,-12.5751,45.3,26.70
5431984,-12.5751,46.3,26.70
5432705,-12.5751,45.3,26.69
5433426,-12.5751,45.3,26.69
5434147,-12.5751,45.3,26.69
5434868,-12.5751,45.3,26.69
5435589,-12.5751,45.3,26.69
5436310,-12.5751,45.3,26.69
5437031,-12.5751,45.3,26.69
5437752,-12.5751,46.3,26.69
5438473,-12.5751,45.3,26.68
5439194,-12.5751,45.3,26.68
5439915,-12.5751,45.3,26.68
5440636,-12.5751,45.3,26.68
5441357,-12.5751,45.3,26.67
5442078,-12.5751,45.3,26.67
5442799,-12.5751,45.3,26.67
5443520,-13.4540,45.3,26.67
5444241,-14.1076,45.3,26.66
5444962,-12.3272,45.3,26.66
5445683,-14.2879,45.3,26.66
5446404,-13.4540,45.3,26.67
5447125,-14.4231,45.3,26.66
5447846,-13.9498,45.3,26.66
5448567,-13.3188,46.3,26.65
5449288,-13.7019,45.3,26.65
5450009,-13.3413,45.3,26.65
5450730,-14.2879,45.3,26.65
5451451,-14.4231,45.3,26.65
5452172,-13.4991,45.3,26.65
5452893,-14.2653,45.3,26.65
5453614,-13.4991,45.3,26.64
5454335,-13.4991,45.3,26.64
5455056,-13.4991,45.3,26.63
5455777,-13.4991,45.3,26.63
5456498,-13.4991,45.3,26.64
5457219,-13.4991,45.3,26.63
5457940,-13.4991,45.3,26.63
5458661,-13.4991,45.3,26.63
5459382,-13.4991,45.3,26.63
5460103,-13.4991,45.3,26.62
5460824,-13.4991,45.3,26.63
5461545,-13.4991,45.3,26.62
5462266,-13.4991,45.3,26.62
5462987,-13.4991,45.3,26.62
5463708,-13.4991,45.3,26.62
5464429,-13.4991,45.3,26.61
5465150,-13.4991,45.3,26.61
5465871,-13.4991,45.3,26.61
5466592,-13.4991,45.3,26.61
5467313,-13.4991,45.3,26.61
5468034,-13.4991,45.3,26.60
5468755,-13.4991,45.3,26.60
5469476,-13.4991,45.3,26.60
5470197,-13.0934,45.3,26.60
5470918,-13.4991,45.3,26.59
5471639,-14.5358,45.3,26.59
5472360,-14.5132,45.3,26.59
5473081,-14.0174,45.3,26.59
5473802,-12.9132,45.3,26.59
5474523,-13.1836,45.3,26.58
5475244,-13.9498,45.3,26.58
5475965,-14.2653,45.3,26.58
5476686,-13.1611,45.3,26.58
5477407,-12.6202,45.3,26.58
5478128,-13.4766,45.3,26.58
5478849,-14.2428,45.3,26.58
5479570,-14.7160,45.3,26.57
5480291,-13.5892,45.3,26.57
5481012,-13.5892,45.3,26.57
5481733,-13.5892,45.3,26.57
5482454,-13.5892,45.3,26.57
5483175,-13.5892,45.3,26.57
5483896,-13.5892,45.3,26.56
5484617,-13.5892,45.3,26.56
5485338,-13.5892,45.3,26.56
5486059,-13.5892,45.3,26.56
5486780,-13.5892,45.3,26.56
5487501,-13.5892,45.3,26.56
5488222,-13.5892,45.3,26.56
5488943,-13.5892,45.3,26.56
5489664,-13.5892,45.3,26.55
# [n=7500] mean=-12.0657 m  sigma=2.0698 m  die=45.3 C  CalVal=-71
5490385,-13.5892,46.3,26.55
5491106,-13.5892,46.3,26.55
5491827,-13.5892,45.3,26.54
5492548,-13.5892,45.3,26.55
5493269,-13.5892,45.3,26.54
5493990,-13.5892,45.3,26.54
5494711,-13.5892,45.3,26.54
5495432,-13.5892,45.3,26.54
5496153,-13.5892,45.3,26.53
5496874,-12.9357,45.3,26.53
5497595,-13.2287,45.3,26.53
5498316,-13.7245,45.3,26.53
5499037,-12.8681,45.3,26.53
5499758,-13.2737,45.3,26.53
5500479,-13.9273,45.3,26.52
5501200,-13.4315,45.3,26.52
5501921,-12.8230,45.3,26.52
5502642,-13.3864,45.3,26.51
5503363,-12.9132,45.3,26.52
5504084,-12.6427,45.3,26.51
5504805,-14.1977,45.3,26.51
5505526,-12.8230,45.3,26.51
5506247,-13.3639,45.3,26.51
5506968,-14.1301,45.3,26.51
5507689,-14.1301,45.3,26.51
5508410,-14.1301,45.3,26.50
5509131,-14.1301,45.3,26.50
5509852,-14.1301,45.3,26.51
5510573,-14.1301,45.3,26.50
5511294,-14.1301,45.3,26.50
5512015,-14.1301,45.3,26.50
5512736,-14.1301,45.3,26.50
5513457,-14.1301,45.3,26.50
5514178,-14.1301,45.3,26.49
5514899,-14.1301,45.3,26.49
5515620,-14.1301,45.3,26.49
5516341,-14.1301,45.3,26.49
5517062,-14.1301,45.3,26.49
5517783,-14.1301,45.3,26.48
5518504,-14.1301,45.3,26.48
5519225,-14.1301,45.3,26.48
5519946,-14.1301,45.3,26.48
5520667,-14.1301,45.3,26.48
5521388,-14.1301,45.3,26.48
5522109,-14.1301,45.3,26.48
5522830,-14.1301,45.3,26.47
5523551,-13.2061,45.3,26.47
5524272,-14.4681,45.3,26.47
5524993,-13.0934,45.3,26.47
5525714,-13.1836,45.3,26.47
5526435,-12.9808,45.3,26.47
5527156,-13.1836,45.3,26.46
5527877,-14.1752,45.3,26.46
5528598,-12.7554,45.3,26.46
5529319,-12.9357,45.3,26.46
5530040,-13.2512,45.3,26.46
5530761,-12.5977,45.3,26.46
5531482,-13.7921,45.3,26.46
5532203,-13.6794,45.3,26.46
5532924,-12.8005,45.3,26.45
5533645,-13.9273,45.3,26.45
5534366,-13.9273,45.3,26.45
5535087,-13.9273,45.3,26.45
5535808,-13.9273,45.3,26.44
5536529,-13.9273,45.3,26.44
5537250,-13.9273,45.3,26.44
5537971,-13.9273,45.3,26.44
5538692,-13.9273,45.3,26.44
5539413,-13.9273,45.3,26.44
5540134,-13.9273,45.3,26.43
5540855,-13.9273,45.3,26.43
5541576,-13.9273,45.3,26.43
5542297,-13.9273,45.3,26.43
5543018,-13.9273,45.3,26.43
5543739,-13.9273,45.3,26.43
5544460,-13.9273,45.3,26.43
5545181,-13.9273,45.3,26.42
5545902,-13.9273,45.3,26.43
5546623,-13.9273,45.3,26.42
5547344,-13.9273,45.3,26.41
5548065,-13.9273,45.3,26.42
5548786,-13.9273,45.3,26.41
5549507,-13.9273,45.3,26.41
5550228,-13.5442,45.3,26.41
5550949,-13.6794,45.3,26.41
5551670,-13.1836,45.3,26.41
5552391,-13.4991,45.3,26.40
5553112,-13.7921,45.3,26.41
5553833,-13.3413,45.3,26.41
5554554,-13.6568,45.3,26.40
5555275,-12.8681,45.3,26.40
5555996,-13.6118,45.3,26.40
5556717,-13.3188,45.3,26.40
5557438,-14.4907,45.3,26.40
5558159,-14.1301,45.3,26.40
5558880,-13.4540,45.3,26.40
5559601,-12.8906,45.3,26.40
5560322,-14.0174,45.3,26.39
5561043,-14.0174,45.3,26.39
5561764,-14.0174,45.3,26.39
# [n=7600] mean=-12.0873 m  sigma=2.0653 m  die=45.3 C  CalVal=-71
5562485,-14.0174,45.3,26.39
5563206,-14.0174,45.3,26.38
5563927,-14.0174,45.3,26.38
5564648,-14.0174,45.3,26.38
5565369,-14.0174,45.3,26.38
5566090,-14.0174,45.3,26.38
5566811,-14.0174,45.3,26.38
5567532,-14.0174,45.3,26.38
5568253,-14.0174,45.3,26.38
5568974,-14.0174,45.3,26.37
5569695,-14.0174,45.3,26.38
5570416,-14.0174,45.3,26.38
5571137,-14.0174,45.3,26.37
5571858,-14.0174,45.3,26.37
5572579,-14.0174,45.3,26.36
5573300,-14.0174,45.3,26.36
5574021,-14.0174,45.3,26.37
5574742,-14.0174,45.3,26.36
5575463,-14.0174,45.3,26.36
5576184,-14.0174,45.3,26.36
5576905,-14.0850,45.3,26.36
5577626,-13.3864,45.3,26.36
5578347,-13.2512,45.3,26.36
5579068,-13.3188,45.3,26.35
5579789,-12.5977,45.3,26.36
5580510,-13.7921,45.3,26.35
5581231,-13.2737,45.3,26.35
5581952,-13.9498,45.3,26.34
5582673,-12.1469,45.3,26.34
5583394,-12.2822,45.3,26.34
5584115,-13.2061,45.3,26.35
5584836,-13.2737,45.3,26.34
5585557,-13.4991,45.3,26.34
5586278,-12.9582,45.3,26.34
5586999,-12.3498,45.3,26.34
5587720,-12.3498,45.3,26.34
5588441,-12.3498,45.3,26.34
5589162,-12.3498,45.3,26.34
5589883,-12.3498,45.3,26.34
5590604,-12.3498,45.3,26.33
5591325,-12.3498,45.3,26.33
5592046,-12.3498,45.3,26.33
5592767,-12.3498,45.3,26.32
5593488,-12.3498,45.3,26.33
5594209,-12.3498,45.3,26.33
5594930,-12.3498,45.3,26.33
5595651,-12.3498,45.3,26.32
5596372,-12.3498,45.3,26.32
5597093,-12.3498,45.3,26.32
5597814,-12.3498,45.3,26.32
5598535,-12.3498,45.3,26.32
5599256,-12.3498,45.3,26.31
5599977,-12.3498,45.3,26.31
5600698,-12.3498,45.3,26.31
5601419,-12.3498,45.3,26.31
5602140,-12.3498,45.3,26.31
5602861,-12.3498,45.3,26.31
5603582,-13.7695,45.3,26.30
5604303,-13.3188,45.3,26.31
5605024,-13.4315,45.3,26.31
5605745,-13.2061,45.3,26.30
5606466,-12.7329,45.3,26.30
5607187,-13.0033,45.3,26.30
5607908,-13.2061,45.3,26.30
5608629,-12.8230,45.3,26.29
5609350,-12.5300,45.3,26.29
5610071,-14.3104,45.3,26.30
5610792,-13.4315,45.3,26.30
5611513,-13.4540,45.3,26.29
5612234,-13.2737,45.3,26.29
5612955,-12.6427,45.3,26.29
5613676,-13.2061,45.3,26.28
5614397,-13.2061,45.3,26.29
5615118,-13.2061,45.3,26.28
5615839,-13.2061,45.3,26.28
5616560,-13.2061,45.3,26.28
5617281,-13.2061,45.3,26.28
5618002,-13.2061,45.3,26.28
5618723,-13.2061,45.3,26.28
5619444,-13.2061,45.3,26.28
5620165,-13.2061,45.3,26.28
5620886,-13.2061,45.3,26.28
5621607,-13.2061,45.3,26.28
5622328,-13.2061,45.3,26.28
5623049,-13.2061,45.3,26.27
5623770,-13.2061,45.3,26.27
5624491,-13.2061,45.3,26.27
5625212,-13.2061,45.3,26.27
5625933,-13.2061,45.3,26.27
5626654,-13.2061,45.3,26.26
5627375,-13.2061,45.3,26.26
5628096,-13.2061,45.3,26.26
5628817,-13.2061,45.3,26.26
5629538,-13.2061,45.3,26.25
5630259,-12.5300,45.3,26.26
5630980,-13.5442,45.3,26.25
5631701,-14.1977,45.3,26.25
5632422,-14.0850,45.3,26.25
5633143,-13.4090,45.3,26.24
5633864,-13.5216,45.3,26.24
# [n=7700] mean=-12.1017 m  sigma=2.0569 m  die=45.3 C  CalVal=-71
5634585,-13.0934,45.3,26.25
5635306,-13.3413,45.3,26.24
5636027,-14.4907,45.3,26.24
5636748,-13.4540,45.3,26.24
5637469,-14.4907,45.3,26.24
5638190,-14.1076,45.3,26.24
5638911,-13.6343,45.3,26.24
5639632,-13.7470,45.3,26.24
5640353,-13.2737,45.3,26.24
5641074,-13.2737,45.3,26.23
5641795,-13.2737,45.3,26.23
5642516,-13.2737,45.3,26.23
5643237,-13.2737,45.3,26.23
5643958,-13.2737,45.3,26.23
5644679,-13.2737,45.3,26.23
5645400,-13.2737,45.3,26.23
5646121,-13.2737,45.3,26.22
5646842,-13.2737,45.3,26.22
5647563,-13.2737,45.3,26.22
5648284,-13.2737,45.3,26.22
5649005,-13.2737,45.3,26.22
5649726,-13.2737,45.3,26.21
5650447,-13.2737,45.3,26.21
5651168,-13.2737,45.3,26.22
5651889,-13.2737,45.3,26.21
5652610,-13.2737,45.3,26.21
5653331,-13.2737,45.3,26.21
5654052,-13.2737,45.3,26.20
5654773,-13.2737,45.3,26.20
5655494,-13.2737,45.3,26.21
5656215,-13.2737,45.3,26.20
5656936,-13.8822,45.3,26.20
5657657,-13.9949,45.3,26.20
5658378,-13.3413,45.3,26.20
5659099,-13.3188,45.3,26.20
5659820,-14.1526,45.3,26.20
5660541,-13.4540,45.3,26.19
5661262,-12.5300,45.3,26.20
5661983,-13.4315,45.3,26.19
5662704,-14.1977,45.3,26.19
5663425,-13.3864,45.3,26.19
5664146,-12.5977,45.3,26.19
5664867,-13.2061,45.3,26.19
5665588,-13.4991,45.3,26.19
5666309,-13.4315,45.3,26.18
5667030,-13.4766,45.3,26.19
5667751,-13.4766,45.3,26.19
5668472,-13.4766,45.3,26.18
5669193,-13.4766,45.3,26.18
5669914,-13.4766,45.3,26.18
5670635,-13.4766,45.3,26.18
5671356,-13.4766,45.3,26.18
5672077,-13.4766,45.3,26.18
5672798,-13.4766,45.3,26.18
5673519,-13.4766,45.3,26.17
5674240,-13.4766,45.3,26.18
5674961,-13.4766,45.3,26.17
5675682,-13.4766,45.3,26.17
5676403,-13.4766,45.3,26.17
5677124,-13.4766,45.3,26.17
5677845,-13.4766,45.3,26.16
5678566,-13.4766,45.3,26.17
5679287,-13.4766,45.3,26.17
5680008,-13.4766,45.3,26.16
5680729,-13.4766,45.3,26.16
5681450,-13.4766,45.3,26.16
5682171,-13.4766,45.3,26.15
5682892,-13.4766,45.3,26.15
5683613,-12.6878,45.3,26.15
5684334,-13.2963,45.3,26.16
5685055,-14.2203,45.3,26.16
5685776,-13.0033,45.3,26.15
5686497,-13.7921,45.3,26.15
5687218,-13.9047,45.3,26.15
5687939,-13.1611,45.3,26.15
5688660,-13.4766,45.3,26.15
5689381,-14.4456,45.3,26.14
5690102,-13.9498,45.3,26.14
5690823,-13.4315,45.3,26.14
5691544,-13.5667,45.3,26.14
5692265,-13.7245,45.3,26.14
5692986,-13.9949,45.3,26.14
5693707,-14.1076,45.3,26.14
5694428,-14.1076,45.3,26.13
5695149,-14.1076,45.3,26.13
5695870,-14.1076,45.3,26.13
5696591,-14.1076,45.3,26.13
5697312,-14.1076,45.3,26.13
5698033,-14.1076,45.3,26.13
5698754,-14.1076,45.3,26.13
5699475,-14.1076,45.3,26.13
5700196,-14.1076,45.3,26.13
5700917,-14.1076,45.3,26.13
5701638,-14.1076,45.3,26.13
5702359,-14.1076,45.3,26.13
5703080,-14.1076,45.3,26.12
5703801,-14.1076,45.3,26.12
5704522,-14.1076,45.3,26.13
5705243,-14.1076,45.3,26.12
5705964,-14.1076,45.3,26.12
# [n=7800] mean=-12.1208 m  sigma=2.0510 m  die=45.3 C  CalVal=-71
5706685,-14.1076,45.3,26.12
5707406,-14.1076,45.3,26.12
5708127,-14.1076,45.3,26.11
5708848,-14.1076,45.3,26.11
5709569,-14.1076,45.3,26.11
5710290,-13.7019,45.3,26.11
5711011,-12.8906,45.3,26.11
5711732,-12.7779,45.3,26.11
5712453,-13.4991,45.3,26.11
5713174,-13.8822,45.3,26.10
5713895,-12.7329,45.3,26.11
5714616,-13.7245,45.3,26.10
5715337,-13.7470,45.3,26.10
5716058,-13.1385,45.3,26.10
5716779,-12.9132,45.3,26.10
5717500,-13.0484,45.3,26.10
5718221,-14.2879,45.3,26.10
5718942,-13.7921,45.3,26.10
5719663,-13.5442,44.3,26.10
5720384,-13.9498,45.3,26.10
5721105,-13.9498,45.3,26.10
5721826,-13.9498,45.3,26.10
5722547,-13.9498,45.3,26.09
5723268,-13.9498,45.3,26.09
5723989,-13.9498,45.3,26.09
5724710,-13.9498,45.3,26.09
5725431,-13.9498,45.3,26.09
5726152,-13.9498,45.3,26.09
5726873,-13.9498,45.3,26.08
5727594,-13.9498,45.3,26.08
5728315,-13.9498,45.3,26.08
5729036,-13.9498,45.3,26.08
5729757,-13.9498,45.3,26.08
5730478,-13.9498,45.3,26.07
5731199,-13.9498,45.3,26.07
5731920,-13.9498,45.3,26.07
5732641,-13.9498,45.3,26.07
5733362,-13.9498,45.3,26.07
5734083,-13.9498,44.3,26.07
5734804,-13.9498,45.3,26.07
5735525,-13.9498,45.3,26.07
5736246,-13.9498,44.3,26.07
5736967,-12.6653,45.3,26.07
5737688,-12.8005,45.3,26.06
5738409,-13.4315,45.3,26.07
5739130,-13.2963,45.3,26.06
5739851,-14.0174,45.3,26.06
5740572,-12.2145,45.3,26.06
5741293,-14.4231,45.3,26.06
5742014,-13.6568,45.3,26.06
5742735,-13.0258,45.3,26.06
5743456,-13.3413,45.3,26.06
5744177,-12.8456,45.3,26.06
5744898,-14.1752,45.3,26.05
5745619,-13.5442,45.3,26.06
5746340,-13.2512,45.3,26.05
5747061,-12.3047,45.3,26.06
5747782,-12.3047,45.3,26.05
5748503,-12.3047,44.3,26.05
5749224,-12.3047,45.3,26.05
5749945,-12.3047,45.3,26.04
5750666,-12.3047,45.3,26.04
5751387,-12.3047,45.3,26.04
5752108,-12.3047,45.3,26.04
5752829,-12.3047,45.3,26.04
5753550,-12.3047,45.3,26.04
5754271,-12.3047,44.3,26.04
5754992,-12.3047,45.3,26.04
5755713,-12.3047,45.3,26.04
5756434,-12.3047,45.3,26.04
5757155,-12.3047,45.3,26.04
5757876,-12.3047,45.3,26.04
5758597,-12.3047,45.3,26.04
5759318,-12.3047,44.3,26.04
5760039,-12.3047,45.3,26.03
5760760,-12.3047,45.3,26.03
5761481,-12.3047,45.3,26.03
5762202,-12.3047,44.3,26.03
5762923,-12.8005,44.3,26.03
5763644,-13.9949,45.3,26.03
5764365,-14.4005,45.3,26.03
5765086,-13.5892,44.3,26.03
5765807,-13.9498,45.3,26.02
5766528,-12.6653,45.3,26.02
5767249,-13.4766,45.3,26.01
5767970,-13.3639,45.3,26.01
5768691,-12.7779,45.3,26.02
5769412,-13.3864,45.3,26.01
5770133,-13.6568,45.3,26.01
5770854,-14.1301,45.3,26.01
5771575,-14.6710,45.3,26.01
5772296,-14.3104,45.3,26.01
5773017,-14.1752,45.3,26.01
# outlier -25.4207 die=45.3
# outlier -25.4207 die=45.3
# outlier -25.4207 die=45.3
# outlier -25.4207 die=45.3
# outlier -25.4207 die=45.3
# outlier -25.4207 die=45.3
# outlier -25.4207 die=45.3
# outlier -25.4207 die=45.3
# outlier -25.4207 die=45.3
# outlier -25.4207 die=45.3
# outlier -25.4207 die=45.3
# outlier -25.4207 die=45.3
# outlier -25.4207 die=45.3
# outlier -25.4207 die=45.3
# outlier -25.4207 die=45.3
# outlier -25.4207 die=45.3
# outlier -25.4207 die=45.3
# outlier -25.4207 die=45.3
# outlier -25.4207 die=45.3
# outlier -25.4207 die=45.3
# outlier -25.4207 die=44.3
# outlier -25.4207 die=45.3
5789600,-13.0934,45.3,25.98
5790321,-13.6568,45.3,25.98
5791042,-12.5526,45.3,25.98
5791763,-13.1836,45.3,25.98
5792484,-13.8371,45.3,25.98
5793205,-13.8822,45.3,25.98
5793926,-12.3272,45.3,25.97
# [n=7900] mean=-12.1362 m  sigma=2.0442 m  die=45.3 C  CalVal=-71
5794647,-13.6568,45.3,25.97
5795368,-13.6118,44.3,25.97
5796089,-12.9132,44.3,25.97
5796810,-12.2596,44.3,25.97
5797531,-14.3104,45.3,25.97
5798252,-13.2287,45.3,25.97
5798973,-12.9132,45.3,25.97
5799694,-13.1160,45.3,25.97
5800415,-13.1160,45.3,25.96
5801136,-13.1160,45.3,25.96
5801857,-13.1160,45.3,25.96
5802578,-13.1160,45.3,25.96
5803299,-13.1160,45.3,25.96
5804020,-13.1160,45.3,25.96
5804741,-13.1160,45.3,25.96
5805462,-13.1160,45.3,25.96
5806183,-13.1160,45.3,25.95
5806904,-13.1160,45.3,25.96
5807625,-13.1160,45.3,25.96
5808346,-13.1160,45.3,25.96
5809067,-13.1160,45.3,25.96
5809788,-13.1160,45.3,25.95
5810509,-13.1160,45.3,25.96
5811230,-13.1160,45.3,25.95
5811951,-13.1160,45.3,25.95
5812672,-13.1160,45.3,25.94
5813393,-13.1160,45.3,25.95
5814114,-13.1160,45.3,25.94
5814835,-13.1160,44.3,25.94
5815556,-13.1160,45.3,25.94
5816277,-13.7245,45.3,25.94
5816998,-13.0033,45.3,25.93
5817719,-13.9273,45.3,25.94
5818440,-13.6568,45.3,25.93
5819161,-13.6568,44.3,25.93
5819882,-14.0174,44.3,25.93
5820603,-12.9808,45.3,25.93
5821324,-13.4315,45.3,25.93
5822045,-13.0709,45.3,25.93
5822766,-13.8822,45.3,25.93
5823487,-13.2737,45.3,25.93
5824208,-14.2203,45.3,25.93
5824929,-13.3413,45.3,25.93
5825650,-13.7695,45.3,25.92
5826371,-13.8822,44.3,25.92
5827092,-13.8822,44.3,25.92
5827813,-13.8822,45.3,25.92
5828534,-13.8822,45.3,25.92
5829255,-13.8822,44.3,25.92
5829976,-13.8822,45.3,25.92
5830697,-13.8822,44.3,25.92
5831418,-13.8822,45.3,25.92
5832139,-13.8822,45.3,25.92
5832860,-13.8822,45.3,25.91
5833581,-13.8822,45.3,25.91
5834302,-13.8822,45.3,25.91
5835023,-13.8822,44.3,25.91
5835744,-13.8822,45.3,25.91
5836465,-13.8822,45.3,25.91
5837186,-13.8822,45.3,25.91
5837907,-13.8822,45.3,25.91
5838628,-13.8822,45.3,25.91
5839349,-13.8822,45.3,25.91
5840070,-13.8822,45.3,25.90
5840791,-13.8822,45.3,25.91
5841512,-13.8822,45.3,25.90
5842233,-13.8822,45.3,25.90
5842954,-13.0484,45.3,25.90
5843675,-14.0174,45.3,25.90
5844396,-13.0033,45.3,25.90
5845117,-13.3413,45.3,25.90
5845838,-12.6878,45.3,25.89
5846559,-13.5667,45.3,25.90
5847280,-12.2596,45.3,25.90
5848001,-13.5892,45.3,25.89
5848722,-14.1301,45.3,25.90
5849443,-12.8906,44.3,25.89
5850164,-14.5132,45.3,25.89
5850885,-13.1836,44.3,25.89
5851606,-13.2737,44.3,25.90
5852327,-14.1301,45.3,25.89
5853048,-13.2737,45.3,25.89
5853769,-13.2737,45.3,25.89
5854490,-13.2737,45.3,25.89
5855211,-13.2737,45.3,25.88
5855932,-13.2737,45.3,25.89
5856653,-13.2737,45.3,25.89
5857374,-13.2737,45.3,25.89
5858095,-13.2737,45.3,25.88
5858816,-13.2737,44.3,25.88
5859537,-13.2737,45.3,25.88
5860258,-13.2737,44.3,25.88
5860979,-13.2737,44.3,25.88
5861700,-13.2737,45.3,25.87
5862421,-13.2737,44.3,25.87
5863142,-13.2737,44.3,25.87
5863863,-13.2737,44.3,25.87
5864584,-13.2737,44.3,25.88
5865305,-13.2737,45.3,25.87
5866026,-13.2737,45.3,25.87
# [n=8000] mean=-12.1525 m  sigma=2.0370 m  die=45.3 C  CalVal=-71
5866747,-13.2737,45.3,25.87
5867468,-13.2737,44.3,25.87
5868189,-13.2737,44.3,25.87
5868910,-13.2737,45.3,25.86
5869631,-12.9132,44.3,25.87
5870352,-13.8597,45.3,25.86
5871073,-13.6118,45.3,25.86
5871794,-13.9273,44.3,25.87
5872515,-12.7779,45.3,25.86
5873236,-12.3498,44.3,25.86
5873957,-13.7019,44.3,25.86
5874678,-14.1301,44.3,25.86
5875399,-13.0934,45.3,25.86
5876120,-13.9949,45.3,25.86
5876841,-13.0484,44.3,25.85
5877562,-13.9047,44.3,25.85
5878283,-12.9582,44.3,25.85
5879004,-13.2737,44.3,25.85
5879725,-13.5892,44.3,25.85
5880446,-13.5892,44.3,25.85
5881167,-13.5892,44.3,25.85
5881888,-13.5892,44.3,25.85
5882609,-13.5892,44.3,25.85
5883330,-13.5892,44.3,25.84
5884051,-13.5892,44.3,25.85
5884772,-13.5892,44.3,25.84
5885493,-13.5892,44.3,25.84
5886214,-13.5892,45.3,25.84
5886935,-13.5892,45.3,25.84
5887656,-13.5892,45.3,25.84
5888377,-13.5892,45.3,25.84
5889098,-13.5892,45.3,25.84
5889819,-13.5892,45.3,25.84
5890540,-13.5892,45.3,25.84
5891261,-13.5892,45.3,25.84
5891982,-13.5892,44.3,25.83
5892703,-13.5892,45.3,25.84
5893424,-13.5892,45.3,25.84
5894145,-13.5892,45.3,25.83
5894866,-13.5892,44.3,25.84
5895587,-13.5892,45.3,25.84
5896308,-11.9666,45.3,25.83
5897029,-12.8456,44.3,25.84
5897750,-12.8005,44.3,25.83
5898471,-14.5132,44.3,25.84
5899192,-14.0625,44.3,25.83
5899913,-13.3188,44.3,25.83
5900634,-13.6343,44.3,25.82
5901355,-13.0934,45.3,25.82
5902076,-13.2061,44.3,25.82
5902797,-13.3864,44.3,25.82
5903518,-13.1836,45.3,25.82
5904239,-13.1160,44.3,25.81
5904960,-13.7470,45.3,25.82
5905681,-12.5751,45.3,25.82
5906402,-13.4315,44.3,25.82
5907123,-13.4315,44.3,25.82
5907844,-13.4315,44.3,25.82
5908565,-13.4315,44.3,25.82
5909286,-13.4315,44.3,25.82
5910007,-13.4315,45.3,25.81
5910728,-13.4315,44.3,25.81
5911449,-13.4315,44.3,25.82
5912170,-13.4315,44.3,25.81
5912891,-13.4315,45.3,25.81
5913612,-13.4315,44.3,25.81
5914333,-13.4315,44.3,25.81
5915054,-13.4315,44.3,25.81
5915775,-13.4315,44.3,25.80
5916496,-13.4315,44.3,25.80
5917217,-13.4315,44.3,25.80
5917938,-13.4315,45.3,25.80
5918659,-13.4315,45.3,25.80
5919380,-13.4315,45.3,25.80
5920101,-13.4315,45.3,25.80
5920822,-13.4315,44.3,25.80
5921543,-13.4315,44.3,25.80
5922264,-13.4315,44.3,25.80
5922985,-13.0484,44.3,25.80
5923706,-12.9582,44.3,25.79
5924427,-13.0033,45.3,25.80
5925148,-13.3864,44.3,25.80
5925869,-13.2287,44.3,25.79
5926590,-12.5075,44.3,25.79
5927311,-12.9357,45.3,25.79
5928032,-13.4991,44.3,25.79
5928753,-13.5442,44.3,25.79
5929474,-13.2512,44.3,25.79
5930195,-13.5216,44.3,25.79
5930916,-12.8230,44.3,25.79
5931637,-13.2963,44.3,25.78
