--- Terminal on /dev/ttyACM1 | 115200 8-N-1
--- Available filters and text transformations: debug, default, direct, esp32_exception_decoder, hexlify, log2file, nocontrol, printable, send_on_enter, time
--- More details at https://bit.ly/pio-monitor-filters
--- Quit: Ctrl+C | Menu: Ctrl+T | Help: Ctrl+T followed by Ctrl+H
aw_m,die_c,amb_c
3853,0.0000,25.3,22.66
4574,0.0000,25.3,22.72
5295,0.0000,25.3,22.72
6016,0.0000,25.3,22.71
6737,0.0000,25.3,22.69
7458,0.0000,25.3,22.67
8179,0.0000,26.3,22.66
8621,-7.7073,25.3,22.64
9342,-7.7073,26.3,22.62
10063,-7.7073,26.3,22.60
10784,-7.7073,25.3,22.58
11505,-7.7073,26.3,22.56
12226,-7.7073,26.3,22.55
12947,-7.0538,26.3,22.53
13668,-7.9778,25.3,22.50
14389,-6.8960,26.3,22.49
15110,-6.8960,26.3,22.47
15831,-8.0003,26.3,22.45
16552,-7.8651,26.3,22.43
17273,-8.2933,26.3,22.41
17994,-7.3242,26.3,22.39
18715,-7.2341,26.3,22.37
19436,-8.1806,26.3,22.34
20157,-8.1581,26.3,22.32
20878,-7.8876,26.3,22.30
21599,-8.0904,26.3,22.28
22320,-7.6172,26.3,22.26
23041,-7.6397,26.3,22.24
23762,-7.6397,26.3,22.21
24483,-7.6397,26.3,22.19
25204,-7.6397,26.3,22.17
25925,-7.6397,26.3,22.15
26646,-7.6397,26.3,22.12
27367,-7.6397,26.3,22.10
28088,-7.6397,26.3,22.07
28809,-7.6397,26.3,22.04
29530,-7.6397,26.3,22.02
30251,-7.6397,26.3,21.99
30972,-7.6397,26.3,21.96
31693,-7.6397,27.3,21.93
32414,-7.6397,26.3,21.91
33135,-7.6397,26.3,21.88
33856,-7.6397,26.3,21.85
34577,-7.6397,26.3,21.83
35298,-7.6397,26.3,21.80
36019,-7.6397,26.3,21.77
36740,-7.6397,26.3,21.74
37461,-7.6397,26.3,21.70
38182,-7.6397,26.3,21.67
38903,-7.6397,26.3,21.65
39624,-6.6256,26.3,21.62
40345,-7.0538,26.3,21.59
41066,-7.7749,27.3,21.56
41787,-6.8960,27.3,21.53
42508,-7.2115,27.3,21.50
43229,-7.8425,27.3,21.46
43950,-7.0087,28.3,21.44
44671,-7.0087,27.3,21.40
45392,-7.0312,26.3,21.37
46113,-7.1890,26.3,21.33
46834,-7.3242,26.3,21.29
47555,-7.4144,26.3,21.26
48276,-7.9778,26.3,21.23
48997,-7.2115,26.3,21.20
49718,-6.9186,26.3,21.16
50439,-6.9186,26.3,21.13
51160,-6.9186,27.3,21.11
51881,-6.9186,27.3,21.07
52602,-6.9186,28.3,21.04
53323,-6.9186,27.3,21.01
54044,-6.9186,27.3,20.97
54765,-6.9186,27.3,20.94
55486,-6.9186,26.3,20.91
56207,-6.9186,27.3,20.88
56928,-6.9186,27.3,20.85
57649,-6.9186,28.3,20.82
58370,-6.9186,28.3,20.78
59091,-6.9186,27.3,20.76
59812,-6.9186,28.3,20.72
60533,-6.9186,27.3,20.69
61254,-6.9186,27.3,20.66
61975,-6.9186,27.3,20.63
62696,-6.9186,27.3,20.60
63417,-6.9186,28.3,20.57
64138,-6.9186,27.3,20.54
64859,-6.9186,27.3,20.51
65580,-6.9186,27.3,20.48
66301,-7.1439,27.3,20.45
67022,-7.9327,27.3,20.41
67743,-7.2341,26.3,20.38
68464,-7.7299,26.3,20.35
69185,-7.1890,26.3,20.32
69906,-7.7524,26.3,20.30
70627,-7.1439,27.3,20.27
71348,-7.6848,27.3,20.24
72069,-7.2791,28.3,20.21
72790,-7.1665,28.3,20.18
73511,-8.0679,28.3,20.15
74232,-6.8510,28.3,20.12
74953,-7.5947,28.3,20.08
# [n=100] mean=-6.8690 m  sigma=1.9249 m  die=28.3 C  CalVal=-42
75674,-7.3017,27.3,20.06
76395,-6.5805,26.3,20.03
77116,-6.5805,27.3,20.00
77837,-6.5805,26.3,19.96
78558,-6.5805,26.3,19.94
79279,-6.5805,26.3,19.91
80000,-6.5805,26.3,19.89
80721,-6.5805,26.3,19.86
81442,-6.5805,26.3,19.83
82163,-6.5805,27.3,19.80
82884,-6.5805,27.3,19.78
83605,-6.5805,27.3,19.74
84326,-6.5805,27.3,19.72
85047,-6.5805,27.3,19.69
85768,-6.5805,28.3,19.66
86489,-6.5805,27.3,19.64
87210,-6.5805,27.3,19.61
87931,-6.5805,27.3,19.58
88652,-6.5805,26.3,19.55
89373,-6.5805,27.3,19.53
90094,-6.5805,27.3,19.50
90815,-6.5805,27.3,19.47
91536,-6.5805,27.3,19.44
92257,-5.9495,26.3,19.41
92978,-7.2115,26.3,19.39
93699,-8.0003,26.3,19.37
94420,-7.0763,26.3,19.34
95141,-7.2566,27.3,19.32
95862,-6.9186,26.3,19.29
96583,-7.9102,26.3,19.27
97304,-7.5496,27.3,19.24
98025,-7.7749,27.3,19.21
98746,-7.0312,27.3,19.19
99467,-7.9552,27.3,19.16
100188,-7.1214,26.3,19.14
100909,-6.9636,27.3,19.12
101630,-7.5045,26.3,19.09
102351,-6.8735,27.3,19.06
103072,-9.4426,27.3,19.04
103793,-9.4426,26.3,19.02
104514,-9.4426,26.3,18.99
105235,-9.4426,27.3,18.97
105956,-9.4426,26.3,18.94
106677,-9.4426,26.3,18.92
107398,-9.4426,27.3,18.90
108119,-9.4426,27.3,18.87
108840,-9.4426,27.3,18.85
109561,-9.4426,27.3,18.83
110282,-9.4426,27.3,18.80
111003,-9.4426,26.3,18.78
111724,-9.4426,26.3,18.75
112445,-9.4426,26.3,18.73
113166,-9.4426,26.3,18.70
113887,-9.4426,26.3,18.68
114608,-9.4426,26.3,18.66
115329,-9.4426,26.3,18.63
116050,-9.4426,26.3,18.61
116771,-9.4426,26.3,18.59
117492,-9.4426,27.3,18.57
118213,-9.4426,26.3,18.55
118934,-6.1523,26.3,18.52
119655,-7.4144,26.3,18.50
120376,-8.0454,26.3,18.47
121097,-6.9186,26.3,18.45
121818,-7.6848,26.3,18.42
122539,-7.2115,26.3,18.41
123260,-8.0904,26.3,18.38
123981,-7.4594,26.3,18.36
124702,-7.8876,26.3,18.34
125423,-7.3468,26.3,18.32
126144,-7.8651,26.3,18.29
126865,-7.2115,26.3,18.28
127586,-6.8284,26.3,18.25
128307,-7.8651,27.3,18.24
129028,-7.1214,28.3,18.22
129749,-9.4426,28.3,18.20
130470,-9.4426,27.3,18.18
131191,-9.4426,28.3,18.16
131912,-9.4426,28.3,18.13
132633,-9.4426,27.3,18.11
133354,-9.4426,27.3,18.09
134075,-9.4426,27.3,18.07
134796,-9.4426,27.3,18.06
135517,-9.4426,27.3,18.04
136238,-9.4426,26.3,18.01
136959,-9.4426,27.3,17.99
137680,-9.4426,27.3,17.98
138401,-9.4426,27.3,17.95
139122,-9.4426,26.3,17.93
139843,-9.4426,27.3,17.92
140564,-9.4426,27.3,17.89
141285,-9.4426,26.3,17.88
142006,-9.4426,26.3,17.85
142727,-9.4426,26.3,17.84
143448,-9.4426,26.3,17.81
144169,-9.4426,26.3,17.79
144890,-9.4426,26.3,17.77
145611,-8.0003,26.3,17.75
146332,-7.7299,26.3,17.73
147053,-7.0989,26.3,17.71
# [n=200] mean=-7.4874 m  sigma=1.7383 m  die=26.3 C  CalVal=-45
147774,-6.8735,27.3,17.70
148495,-7.9102,27.3,17.68
149216,-6.9862,27.3,17.66
149937,-7.1665,26.3,17.64
150658,-7.3693,27.3,17.63
151379,-7.6623,27.3,17.60
152100,-8.2031,27.3,17.58
152821,-7.5045,26.3,17.57
153542,-7.0087,26.3,17.54
154263,-6.8510,26.3,17.53
154984,-7.7524,26.3,17.51
155705,-7.0087,26.3,17.49
156426,-7.0087,27.3,17.48
157147,-7.0087,26.3,17.46
157868,-7.0087,26.3,17.44
158589,-7.0087,26.3,17.42
159310,-7.0087,26.3,17.40
160031,-7.0087,26.3,17.38
160752,-7.0087,26.3,17.36
161473,-7.0087,26.3,17.34
162194,-7.0087,27.3,17.32
162915,-7.0087,27.3,17.31
163636,-7.0087,26.3,17.29
164357,-7.0087,26.3,17.27
165078,-7.0087,26.3,17.26
165799,-7.0087,26.3,17.24
166520,-7.0087,26.3,17.22
167241,-7.0087,26.3,17.21
167962,-7.0087,26.3,17.18
168683,-7.0087,25.3,17.17
169404,-7.0087,25.3,17.15
170125,-7.0087,26.3,17.13
170846,-7.0087,26.3,17.11
171567,-7.0087,26.3,17.10
172288,-7.0538,26.3,17.08
173009,-6.8284,26.3,17.06
173730,-6.6256,26.3,17.05
174451,-6.7834,27.3,17.03
175172,-7.5270,26.3,17.02
175893,-6.9186,27.3,17.01
176614,-7.0989,27.3,16.99
177335,-7.8876,27.3,16.97
178056,-6.7383,27.3,16.96
178777,-7.5496,27.3,16.94
179498,-7.8425,28.3,16.92
180219,-7.3918,26.3,16.90
180940,-6.9862,27.3,16.89
181661,-7.1665,26.3,16.88
182382,-7.1214,26.3,16.86
183103,-7.1214,26.3,16.84
183824,-7.1214,26.3,16.83
184545,-7.1214,26.3,16.81
185266,-7.1214,26.3,16.80
185987,-7.1214,26.3,16.78
186708,-7.1214,26.3,16.77
187429,-7.1214,26.3,16.75
188150,-7.1214,26.3,16.73
188871,-7.1214,26.3,16.71
189592,-7.1214,26.3,16.70
190313,-7.1214,26.3,16.69
191034,-7.1214,26.3,16.67
191755,-7.1214,26.3,16.66
192476,-7.1214,26.3,16.64
193197,-7.1214,26.3,16.62
193918,-7.1214,26.3,16.61
194639,-7.1214,27.3,16.60
195360,-7.1214,26.3,16.58
196081,-7.1214,26.3,16.57
196802,-7.1214,25.3,16.55
197523,-7.1214,25.3,16.53
198244,-7.1214,26.3,16.51
198965,-7.0087,26.3,16.50
199686,-6.6707,26.3,16.49
200407,-6.6256,25.3,16.47
201128,-6.7608,25.3,16.46
201849,-7.5947,26.3,16.45
202570,-6.9862,25.3,16.43
203291,-6.9862,25.3,16.41
204012,-6.6031,26.3,16.40
204733,-6.6707,26.3,16.39
205454,-7.6848,26.3,16.37
206175,-6.8735,26.3,16.36
206896,-7.6397,26.3,16.34
207617,-7.2566,26.3,16.33
208338,-7.0087,27.3,16.32
209059,-6.6256,27.3,16.30
209780,-6.6256,26.3,16.28
210501,-6.6256,26.3,16.27
211222,-6.6256,26.3,16.26
211943,-6.6256,26.3,16.24
212664,-6.6256,26.3,16.22
213385,-6.6256,26.3,16.21
214106,-6.6256,26.3,16.19
214827,-6.6256,26.3,16.18
215548,-6.6256,25.3,16.17
216269,-6.6256,26.3,16.15
216990,-6.6256,26.3,16.14
217711,-6.6256,26.3,16.13
218432,-6.6256,25.3,16.11
219153,-6.6256,26.3,16.10
# [n=300] mean=-7.3397 m  sigma=1.4466 m  die=26.3 C  CalVal=-45
219874,-6.6256,25.3,16.08
220595,-6.6256,26.3,16.07
221316,-6.6256,26.3,16.06
222037,-6.6256,26.3,16.04
222758,-6.6256,26.3,16.03
223479,-6.6256,26.3,16.02
224200,-6.6256,27.3,16.00
224921,-6.6256,27.3,15.99
225642,-7.4820,26.3,15.97
226363,-7.0538,26.3,15.96
227084,-6.6707,26.3,15.95
227805,-6.7834,26.3,15.93
228526,-6.6707,27.3,15.92
229247,-7.5270,26.3,15.91
229968,-7.1439,25.3,15.90
230689,-6.4678,25.3,15.87
231410,-7.1665,26.3,15.86
232131,-6.8960,26.3,15.85
232852,-6.9636,26.3,15.84
233573,-6.8059,26.3,15.82
234294,-6.9636,27.3,15.81
235015,-7.1214,26.3,15.80
235736,-7.3468,26.3,15.79
236457,-7.3468,26.3,15.78
237178,-7.3468,26.3,15.76
237899,-7.3468,25.3,15.75
238620,-7.3468,26.3,15.74
239341,-7.3468,26.3,15.72
240062,-7.3468,26.3,15.71
240783,-7.3468,26.3,15.69
241504,-7.3468,26.3,15.69
242225,-7.3468,26.3,15.68
242946,-7.3468,26.3,15.66
243667,-7.3468,26.3,15.65
244388,-7.3468,27.3,15.63
245109,-7.3468,27.3,15.62
245830,-7.3468,26.3,15.61
246551,-7.3468,26.3,15.59
247272,-7.3468,25.3,15.58
247993,-7.3468,26.3,15.57
248714,-7.3468,26.3,15.56
249435,-7.3468,25.3,15.55
250156,-7.3468,25.3,15.53
250877,-7.3468,25.3,15.52
251598,-7.3468,26.3,15.51
252319,-6.1523,25.3,15.49
253040,-6.2650,26.3,15.48
253761,-6.1523,25.3,15.47
254482,-7.2115,26.3,15.46
255203,-6.4678,25.3,15.45
255924,-7.0763,24.3,15.43
256645,-6.8735,25.3,15.42
257366,-6.6932,25.3,15.41
258087,-7.0312,25.3,15.40
258808,-7.0989,25.3,15.38
259529,-6.6932,25.3,15.38
260250,-7.0763,25.3,15.36
260971,-7.1439,25.3,15.35
261692,-7.1214,25.3,15.34
262413,-7.5947,24.3,15.32
263134,-7.5947,25.3,15.31
263855,-7.5947,25.3,15.30
264576,-7.5947,25.3,15.29
265297,-7.5947,25.3,15.28
266018,-7.5947,26.3,15.27
266739,-7.5947,25.3,15.26
267460,-7.5947,24.3,15.24
268181,-7.5947,25.3,15.22
268902,-7.5947,25.3,15.21
269623,-7.5947,26.3,15.20
270344,-7.5947,26.3,15.19
271065,-7.5947,25.3,15.18
271786,-7.5947,24.3,15.17
272507,-7.5947,25.3,15.16
273228,-7.5947,25.3,15.14
273949,-7.5947,26.3,15.13
274670,-7.5947,26.3,15.13
275391,-7.5947,25.3,15.11
276112,-7.5947,25.3,15.09
276833,-7.5947,25.3,15.08
277554,-7.5947,25.3,15.08
278275,-7.5947,26.3,15.06
278996,-6.4453,26.3,15.05
279717,-6.8960,26.3,15.04
280438,-6.0847,26.3,15.03
281159,-6.9862,26.3,15.02
281880,-6.1749,26.3,15.01
282601,-5.9721,25.3,15.00
283322,-6.5129,26.3,14.98
284043,-6.8059,25.3,14.96
284764,-7.1214,25.3,14.96
285485,-6.8284,26.3,14.95
286206,-7.1665,25.3,14.94
286927,-5.9044,24.3,14.92
287648,-6.4904,25.3,14.91
288369,-7.1214,25.3,14.89
289090,-6.1073,25.3,14.88
289811,-6.1073,26.3,14.87
290532,-6.1073,26.3,14.86
291253,-6.1073,26.3,14.85
# [n=400] mean=-7.2707 m  sigma=1.2814 m  die=26.3 C  CalVal=-44
291974,-6.1073,25.3,14.84
292695,-6.1073,25.3,14.83
293416,-6.1073,25.3,14.82
294137,-6.1073,25.3,14.80
294858,-6.1073,24.3,14.79
295579,-6.1073,24.3,14.78
296300,-6.1073,24.3,14.77
297021,-6.1073,24.3,14.76
297742,-6.1073,24.3,14.75
298463,-6.1073,23.3,14.74
299184,-6.1073,23.3,14.73
299905,-6.1073,25.3,14.72
300626,-6.1073,24.3,14.70
301347,-6.1073,23.3,14.69
302068,-6.1073,25.3,14.68
302789,-6.1073,25.3,14.67
303510,-6.1073,24.3,14.66
304231,-6.1073,25.3,14.65
304952,-6.1073,24.3,14.63
305673,-7.7299,25.3,14.63
306394,-6.5129,24.3,14.62
307115,-6.1523,24.3,14.61
307836,-6.2876,24.3,14.59
308557,-6.3101,24.3,14.58
309278,-6.5805,25.3,14.57
309999,-6.4228,24.3,14.56
310720,-6.3326,23.3,14.55
311441,-5.7918,23.3,14.54
312162,-6.5129,24.3,14.53
312883,-7.0989,25.3,14.52
313604,-6.7608,24.3,14.50
314325,-6.7157,25.3,14.49
315046,-7.1890,25.3,14.49
315767,-6.4228,26.3,14.47
316488,-6.4228,25.3,14.47
317209,-6.4228,25.3,14.46
317930,-6.4228,24.3,14.44
318651,-6.4228,24.3,14.43
319372,-6.4228,23.3,14.42
320093,-6.4228,24.3,14.41
320814,-6.4228,24.3,14.40
321535,-6.4228,23.3,14.39
322256,-6.4228,24.3,14.38
322977,-6.4228,24.3,14.37
323698,-6.4228,23.3,14.36
324419,-6.4228,23.3,14.35
325140,-6.4228,24.3,14.34
325861,-6.4228,24.3,14.33
326582,-6.4228,23.3,14.31
327303,-6.4228,24.3,14.30
328024,-6.4228,24.3,14.29
328745,-6.4228,25.3,14.28
329466,-6.4228,25.3,14.27
330187,-6.4228,25.3,14.26
330908,-6.4228,26.3,14.25
331629,-6.4228,26.3,14.24
332350,-7.0087,25.3,14.23
333071,-5.7242,25.3,14.21
333792,-6.4453,24.3,14.21
334513,-5.3185,25.3,14.20
335234,-6.8059,24.3,14.19
335955,-6.5805,23.3,14.18
336676,-4.9129,24.3,14.17
337397,-6.3777,25.3,14.16
338118,-6.8960,25.3,14.15
338839,-5.2058,24.3,14.14
339560,-6.5129,24.3,14.13
340281,-7.1665,25.3,14.12
341002,-6.3777,24.3,14.10
341723,-6.7834,24.3,14.09
342444,-7.2791,24.3,14.09
343165,-7.2791,25.3,14.07
343886,-7.2791,25.3,14.07
344607,-7.2791,24.3,14.05
345328,-7.2791,24.3,14.05
346049,-7.2791,24.3,14.04
346770,-7.2791,24.3,14.03
347491,-7.2791,24.3,14.02
348212,-7.2791,25.3,14.01
348933,-7.2791,24.3,14.00
349654,-7.2791,25.3,13.99
350375,-7.2791,25.3,13.98
351096,-7.2791,26.3,13.97
351817,-7.2791,26.3,13.96
352538,-7.2791,24.3,13.95
353259,-7.2791,24.3,13.93
353980,-7.2791,25.3,13.93
354701,-7.2791,24.3,13.91
355422,-7.2791,23.3,13.90
356143,-7.2791,24.3,13.89
356864,-7.2791,23.3,13.88
357585,-7.2791,24.3,13.87
358306,-7.2791,24.3,13.86
359027,-7.3468,24.3,13.86
359748,-7.1439,23.3,13.84
360469,-6.3326,23.3,13.83
361190,-5.9721,23.3,13.83
361911,-6.5805,24.3,13.82
362632,-6.2200,24.3,13.80
363353,-7.4594,24.3,13.80
# [n=500] mean=-7.1341 m  sigma=1.2028 m  die=24.3 C  CalVal=-43
364074,-6.7157,23.3,13.78
364795,-6.8960,24.3,13.77
365516,-7.2341,23.3,13.77
366237,-6.7608,23.3,13.75
366958,-5.2960,24.3,13.75
367679,-6.0847,24.3,13.73
368400,-4.9354,24.3,13.73
369121,-6.1073,24.3,13.72
369842,-6.1073,23.3,13.71
370563,-6.1073,23.3,13.69
371284,-6.1073,24.3,13.69
372005,-6.1073,24.3,13.68
372726,-6.1073,25.3,13.67
373447,-6.1073,25.3,13.66
374168,-6.1073,25.3,13.65
374889,-6.1073,25.3,13.64
375610,-6.1073,24.3,13.62
376331,-6.1073,24.3,13.62
377052,-6.1073,25.3,13.60
377773,-6.1073,24.3,13.60
378494,-6.1073,25.3,13.58
379215,-6.1073,23.3,13.58
379936,-6.1073,24.3,13.57
380657,-6.1073,25.3,13.56
381378,-6.1073,25.3,13.55
382099,-6.1073,25.3,13.54
382820,-6.1073,24.3,13.53
383541,-6.1073,24.3,13.52
384262,-6.1073,24.3,13.51
384983,-6.1073,25.3,13.50
385704,-6.4453,24.3,13.49
386425,-7.3242,25.3,13.48
387146,-6.4453,25.3,13.47
387867,-6.3101,25.3,13.46
388588,-5.7918,25.3,13.45
389309,-6.3777,23.3,13.44
390030,-7.2791,23.3,13.43
390751,-7.3017,23.3,13.42
391472,-6.6481,23.3,13.42
392193,-6.7834,23.3,13.40
392914,-7.4144,22.3,13.39
393635,-6.7834,23.3,13.38
394356,-6.7834,23.3,13.38
395077,-6.7834,23.3,13.37
395798,-6.4904,23.3,13.36
396519,-6.4904,24.3,13.35
397240,-6.4904,23.3,13.34
397961,-6.4904,24.3,13.33
398682,-6.4904,24.3,13.32
399403,-6.4904,25.3,13.31
400124,-6.4904,25.3,13.30
400845,-6.4904,25.3,13.29
401566,-6.4904,24.3,13.28
402287,-6.4904,25.3,13.27
403008,-6.4904,25.3,13.26
403729,-6.4904,24.3,13.25
404450,-6.4904,25.3,13.24
405171,-6.4904,25.3,13.23
405892,-6.4904,25.3,13.22
406613,-6.4904,24.3,13.21
407334,-6.4904,24.3,13.20
408055,-6.4904,24.3,13.19
408776,-6.4904,24.3,13.18
409497,-6.4904,23.3,13.18
410218,-6.4904,23.3,13.17
410939,-6.4904,23.3,13.16
411660,-6.4904,23.3,13.15
412381,-6.2200,23.3,13.14
413102,-7.0989,23.3,13.13
413823,-7.5721,23.3,13.11
414544,-7.0989,24.3,13.11
415265,-6.6707,23.3,13.10
415986,-7.5270,23.3,13.10
416707,-6.9411,24.3,13.08
417428,-7.5721,24.3,13.07
418149,-6.4002,23.3,13.07
418870,-7.2791,23.3,13.05
419591,-6.7383,23.3,13.04
420312,-6.3552,24.3,13.04
421033,-6.8284,24.3,13.03
421754,-6.1749,23.3,13.02
422475,-7.3918,24.3,13.01
423196,-7.3918,24.3,13.00
423917,-7.3918,23.3,12.99
424638,-7.3918,23.3,12.98
425359,-7.3918,24.3,12.97
426080,-7.3918,24.3,12.97
426801,-7.3918,24.3,12.96
427522,-7.3918,24.3,12.95
428243,-7.3918,23.3,12.94
428964,-7.3918,24.3,12.93
429685,-7.3918,23.3,12.92
430406,-7.3918,23.3,12.91
431127,-7.3918,23.3,12.90
431848,-7.3918,23.3,12.89
432569,-7.3918,23.3,12.88
433290,-7.3918,23.3,12.88
434011,-7.3918,23.3,12.86
434732,-7.3918,22.3,12.86
435453,-7.3918,23.3,12.85
# [n=600] mean=-7.0535 m  sigma=1.1351 m  die=23.3 C  CalVal=-43
436174,-7.3918,23.3,12.84
436895,-7.3918,24.3,12.83
437616,-7.3918,23.3,12.83
438337,-7.3918,23.3,12.81
439058,-7.0087,23.3,12.81
439779,-6.9411,23.3,12.79
440500,-7.1439,24.3,12.79
441221,-6.7383,23.3,12.78
441942,-6.5805,22.3,12.77
442663,-7.6848,23.3,12.76
443384,-6.5355,23.3,12.75
444105,-7.8425,22.3,12.74
444826,-7.3468,23.3,12.73
445547,-7.4369,23.3,12.72
446268,-6.6481,22.3,12.72
446989,-6.3777,23.3,12.71
447710,-7.4820,23.3,12.70
448431,-7.4369,22.3,12.69
449152,-7.4369,22.3,12.68
449873,-7.4369,22.3,12.67
450594,-7.4369,23.3,12.66
451315,-7.4369,23.3,12.65
452036,-7.4369,24.3,12.64
452757,-7.4369,23.3,12.63
453478,-7.4369,23.3,12.62
454199,-7.4369,23.3,12.61
454920,-7.4369,24.3,12.61
455641,-7.4369,24.3,12.60
456362,-7.4369,23.3,12.59
457083,-7.4369,23.3,12.58
457804,-7.4369,23.3,12.57
458525,-7.4369,23.3,12.56
459246,-7.4369,23.3,12.56
459967,-7.4369,24.3,12.55
460688,-7.4369,23.3,12.54
461409,-7.4369,22.3,12.54
462130,-7.4369,23.3,12.52
462851,-7.4369,23.3,12.51
463572,-7.4369,22.3,12.51
464293,-7.4369,23.3,12.50
465014,-7.4369,23.3,12.49
465735,-7.4369,24.3,12.48
466456,-7.5721,23.3,12.47
467177,-8.2707,23.3,12.46
467898,-7.3017,22.3,12.45
468619,-7.3468,23.3,12.44
469340,-7.0538,23.3,12.43
470061,-7.5270,23.3,12.43
470782,-6.9862,23.3,12.42
471503,-7.2115,22.3,12.41
472224,-8.3158,22.3,12.40
472945,-6.9186,22.3,12.40
473666,-6.1298,21.3,12.38
474387,-7.2566,23.3,12.38
475108,-7.4594,22.3,12.37
475829,-7.9778,23.3,12.36
476550,-7.9778,22.3,12.36
477271,-7.9778,23.3,12.35
477992,-7.9778,23.3,12.34
478713,-7.9778,23.3,12.33
479434,-7.9778,22.3,12.33
480155,-7.9778,22.3,12.32
480876,-7.9778,23.3,12.30
481597,-7.9778,23.3,12.30
482318,-7.9778,23.3,12.28
483039,-7.9778,22.3,12.27
483760,-7.9778,21.3,12.27
484481,-7.9778,22.3,12.26
485202,-7.9778,23.3,12.25
485923,-7.9778,23.3,12.24
486644,-7.9778,23.3,12.23
487365,-7.9778,23.3,12.22
488086,-7.9778,23.3,12.21
488807,-7.9778,23.3,12.21
489528,-7.9778,22.3,12.19
490249,-7.9778,22.3,12.19
490970,-7.9778,22.3,12.18
491691,-7.9778,23.3,12.17
492412,-7.4594,22.3,12.16
493133,-7.2115,21.3,12.15
493854,-6.4904,21.3,12.14
494575,-6.0397,22.3,12.14
495296,-6.7157,23.3,12.13
496017,-6.9636,23.3,12.12
496738,-6.9186,22.3,12.12
497459,-6.7383,23.3,12.11
498180,-6.7834,23.3,12.10
498901,-7.8651,23.3,12.09
499622,-7.0312,23.3,12.08
500343,-6.8735,23.3,12.07
501064,-6.7608,23.3,12.07
501785,-7.3242,23.3,12.06
502506,-6.4453,23.3,12.05
503227,-6.4453,23.3,12.04
503948,-6.4453,23.3,12.03
504669,-6.4453,22.3,12.03
505390,-6.4453,22.3,12.02
506111,-6.4453,23.3,12.01
506832,-6.4453,22.3,12.00
507553,-6.4453,23.3,11.99
# [n=700] mean=-7.0956 m  sigma=1.0748 m  die=23.3 C  CalVal=-43
508274,-6.4453,23.3,11.98
508995,-6.4453,23.3,11.97
509716,-6.4453,23.3,11.97
510437,-6.4453,23.3,11.96
511158,-6.4453,22.3,11.95
511879,-6.4453,22.3,11.94
512600,-6.4453,21.3,11.93
513321,-6.4453,21.3,11.92
514042,-6.4453,21.3,11.91
514763,-6.4453,21.3,11.91
515484,-6.4453,21.3,11.90
516205,-6.4453,21.3,11.89
516926,-6.4453,22.3,11.88
517647,-6.4453,22.3,11.88
518368,-6.4453,23.3,11.87
519089,-7.0763,23.3,11.86
519810,-7.2791,23.3,11.85
520531,-7.4144,22.3,11.85
521252,-6.6932,23.3,11.83
521973,-6.7608,23.3,11.83
522694,-6.9411,23.3,11.82
523415,-6.9636,23.3,11.81
524136,-6.4002,23.3,11.80
524857,-6.7608,23.3,11.79
525578,-7.2341,23.3,11.78
526299,-7.5496,22.3,11.78
527020,-7.2791,21.3,11.77
527741,-7.3468,22.3,11.76
528462,-6.6256,21.3,11.76
529183,-6.7157,22.3,11.74
529904,-6.7157,23.3,11.74
530625,-6.7157,23.3,11.74
531346,-6.7157,23.3,11.72
532067,-6.7157,23.3,11.72
532788,-6.7157,22.3,11.71
533509,-6.7157,23.3,11.70
534230,-6.7157,22.3,11.70
534951,-6.7157,21.3,11.68
535672,-6.7157,22.3,11.68
536393,-6.7157,21.3,11.67
537114,-6.7157,21.3,11.66
537835,-6.7157,22.3,11.65
538556,-6.7157,22.3,11.64
539277,-6.7157,21.3,11.64
539998,-6.7157,22.3,11.63
540719,-6.7157,23.3,11.62
541440,-6.7157,23.3,11.62
542161,-6.7157,22.3,11.61
542882,-6.7157,23.3,11.60
543603,-6.7157,21.3,11.59
544324,-6.7157,22.3,11.59
545045,-6.7157,21.3,11.58
545766,-7.4369,22.3,11.57
546487,-7.2791,21.3,11.57
547208,-6.8284,21.3,11.55
547929,-6.6031,20.3,11.55
548650,-6.4453,22.3,11.54
549371,-8.0003,21.3,11.53
550092,-7.1890,22.3,11.52
550813,-7.6397,23.3,11.51
551534,-7.2115,23.3,11.51
552255,-6.3777,22.3,11.50
552976,-7.0989,22.3,11.49
553697,-6.9636,21.3,11.49
554418,-7.0989,22.3,11.48
555139,-6.2876,21.3,11.48
555860,-6.5580,21.3,11.46
556581,-6.5580,22.3,11.45
557302,-6.5580,22.3,11.45
558023,-6.5580,21.3,11.44
558744,-6.5580,21.3,11.43
559465,-6.5580,22.3,11.42
560186,-6.5580,21.3,11.42
560907,-6.5580,20.3,11.41
561628,-6.5580,20.3,11.40
562349,-6.5580,21.3,11.40
563070,-6.5580,22.3,11.39
563791,-6.5580,21.3,11.38
564512,-6.5580,22.3,11.37
565233,-6.5580,22.3,11.36
565954,-6.5580,21.3,11.35
566675,-6.5580,22.3,11.35
567396,-6.5580,21.3,11.34
568117,-6.5580,22.3,11.33
568838,-6.5580,22.3,11.33
569559,-6.5580,21.3,11.32
570280,-6.5580,22.3,11.31
571001,-6.5580,22.3,11.30
571722,-6.5580,23.3,11.30
572443,-7.3693,23.3,11.29
573164,-7.1439,23.3,11.28
573885,-6.4002,23.3,11.28
574606,-6.6031,23.3,11.26
575327,-7.3242,22.3,11.25
576048,-7.0538,23.3,11.24
576769,-7.4369,23.3,11.24
577490,-7.3468,22.3,11.23
578211,-6.8059,22.3,11.23
578932,-7.6172,21.3,11.22
579653,-7.1214,22.3,11.21
# [n=800] mean=-7.0549 m  sigma=1.0185 m  die=22.3 C  CalVal=-43
580374,-6.7834,22.3,11.20
581095,-7.2791,22.3,11.20
581816,-7.5045,23.3,11.19
582537,-7.5270,23.3,11.19
583258,-7.5270,22.3,11.18
583979,-7.5270,22.3,11.17
584700,-7.5270,21.3,11.16
585421,-7.5270,22.3,11.16
586142,-7.5270,22.3,11.15
586863,-7.5270,23.3,11.14
587584,-7.5270,23.3,11.13
588305,-7.5270,22.3,11.13
589026,-7.5270,22.3,11.12
589747,-7.5270,22.3,11.11
590468,-7.5270,22.3,11.11
591189,-7.5270,23.3,11.10
591910,-7.5270,23.3,11.09
592631,-7.5270,23.3,11.09
593352,-7.5270,23.3,11.08
594073,-7.5270,22.3,11.07
594794,-7.5270,22.3,11.06
595515,-7.5270,21.3,11.05
596236,-7.5270,21.3,11.05
596957,-7.5270,22.3,11.04
597678,-7.5270,22.3,11.03
598399,-7.5270,23.3,11.02
599120,-7.3017,23.3,11.02
599841,-7.0989,22.3,11.01
600562,-6.9636,22.3,11.00
601283,-6.9186,22.3,10.99
602004,-7.1890,21.3,10.98
602725,-6.9636,22.3,10.98
603446,-7.4144,22.3,10.97
604167,-7.5045,22.3,10.96
604888,-6.4453,21.3,10.96
605609,-7.0312,21.3,10.95
606330,-6.1073,22.3,10.95
607051,-6.9636,21.3,10.93
607772,-7.2341,22.3,10.93
608493,-7.5947,21.3,10.92
609214,-6.8284,22.3,10.92
609935,-6.8284,22.3,10.91
610656,-6.8284,21.3,10.90
611377,-6.8284,20.3,10.89
612098,-6.8284,21.3,10.88
612819,-6.8284,21.3,10.87
613540,-6.8284,20.3,10.87
614261,-6.8284,20.3,10.86
614982,-6.8284,20.3,10.85
615703,-6.8284,21.3,10.84
616424,-6.8284,22.3,10.84
617145,-6.8284,22.3,10.84
617866,-6.8284,22.3,10.83
618587,-6.8284,21.3,10.82
619308,-6.8284,22.3,10.81
620029,-6.8284,22.3,10.81
620750,-6.8284,22.3,10.80
621471,-6.8284,22.3,10.79
622192,-6.8284,22.3,10.79
622913,-6.8284,22.3,10.78
623634,-6.8284,21.3,10.77
624355,-6.8284,21.3,10.76
625076,-6.8284,20.3,10.76
625797,-8.0003,21.3,10.75
626518,-7.0312,22.3,10.74
627239,-6.9862,21.3,10.74
627960,-7.4820,21.3,10.73
628681,-6.9636,21.3,10.72
629402,-6.8735,22.3,10.71
630123,-6.7834,22.3,10.71
630844,-7.5721,21.3,10.70
631565,-7.6172,21.3,10.69
632286,-6.6256,21.3,10.68
633007,-7.8876,20.3,10.68
633728,-6.8510,21.3,10.67
634449,-8.3609,21.3,10.66
635170,-7.2115,20.3,10.66
635891,-8.5186,21.3,10.65
636612,-8.5186,21.3,10.64
637333,-8.5186,21.3,10.64
638054,-8.5186,20.3,10.63
638775,-8.5186,21.3,10.62
639496,-8.5186,22.3,10.62
640217,-8.5186,21.3,10.61
640938,-8.5186,22.3,10.60
641659,-8.5186,22.3,10.59
642380,-8.5186,21.3,10.59
643101,-8.5186,20.3,10.58
643822,-8.5186,20.3,10.57
644543,-8.5186,20.3,10.56
645264,-8.5186,20.3,10.56
645985,-8.5186,19.3,10.55
646706,-8.5186,20.3,10.54
647427,-8.5186,21.3,10.54
648148,-8.5186,21.3,10.54
648869,-8.5186,22.3,10.53
649590,-8.5186,22.3,10.52
650311,-8.5186,22.3,10.51
651032,-8.5186,21.3,10.50
651753,-8.5186,21.3,10.50
# [n=900] mean=-7.1028 m  sigma=0.9945 m  die=21.3 C  CalVal=-43
652474,-7.4369,20.3,10.49
653195,-6.9862,21.3,10.49
653916,-7.3918,22.3,10.48
654637,-6.8510,20.3,10.47
655358,-7.0087,21.3,10.47
656079,-7.5045,21.3,10.46
656800,-6.4904,21.3,10.45
657521,-7.0989,21.3,10.44
658242,-7.0989,21.3,10.44
658963,-7.1214,22.3,10.43
659684,-7.7299,22.3,10.43
660405,-6.4904,22.3,10.42
661126,-7.4594,22.3,10.41
661847,-7.0312,21.3,10.40
662568,-7.4369,21.3,10.40
663289,-7.4369,21.3,10.39
664010,-7.4369,21.3,10.38
664731,-7.4369,22.3,10.38
665452,-7.4369,21.3,10.37
666173,-7.4369,20.3,10.36
666894,-7.4369,21.3,10.35
667615,-7.4369,20.3,10.35
668336,-7.4369,19.3,10.34
669057,-7.4369,19.3,10.33
669778,-7.4369,20.3,10.33
670499,-7.4369,20.3,10.32
671220,-7.4369,21.3,10.31
671941,-7.4369,21.3,10.31
672662,-7.4369,20.3,10.30
673383,-7.4369,20.3,10.30
674104,-7.4369,20.3,10.29
674825,-7.4369,20.3,10.29
675546,-7.4369,21.3,10.28
676267,-7.4369,20.3,10.27
676988,-7.4369,21.3,10.27
677709,-7.4369,21.3,10.26
678430,-6.2200,22.3,10.26
679151,-7.5496,21.3,10.25
679872,-7.0763,21.3,10.24
680593,-7.0538,21.3,10.23
681314,-6.1298,20.3,10.23
682035,-6.8510,21.3,10.22
682756,-6.4678,20.3,10.22
683477,-6.6707,21.3,10.21
684198,-6.4002,20.3,10.21
684919,-7.0087,19.3,10.20
685640,-7.5496,19.3,10.19
686361,-7.0087,20.3,10.19
687082,-6.9636,21.3,10.18
687803,-6.9862,21.3,10.17
688524,-7.0763,20.3,10.16
689245,-6.5805,19.3,10.16
689966,-6.5805,20.3,10.15
690687,-6.5805,21.3,10.14
691408,-6.5805,21.3,10.14
692129,-6.5805,20.3,10.13
692850,-6.5805,21.3,10.13
693571,-6.5805,20.3,10.12
694292,-6.5805,21.3,10.11
695013,-6.5805,21.3,10.10
695734,-6.5805,20.3,10.10
696455,-6.5805,19.3,10.09
697176,-6.5805,20.3,10.09
697897,-6.5805,20.3,10.08
698618,-6.5805,19.3,10.08
699339,-6.5805,20.3,10.07
700060,-6.5805,19.3,10.06
700781,-6.5805,20.3,10.05
701502,-6.5805,21.3,10.04
702223,-6.5805,21.3,10.03
702944,-6.5805,20.3,10.03
703665,-6.5805,21.3,10.02
704386,-6.5805,21.3,10.02
705107,-6.3777,21.3,10.01
705828,-7.2341,21.3,10.00
706549,-6.4678,21.3,10.00
707270,-7.4594,21.3,9.99
707991,-7.7299,22.3,9.99
708712,-7.4144,20.3,9.98
709433,-6.9186,21.3,9.98
710154,-7.5496,21.3,9.97
710875,-7.1665,21.3,9.96
711596,-7.0087,21.3,9.96
712317,-6.5580,21.3,9.95
713038,-6.7383,22.3,9.95
713759,-7.5496,22.3,9.94
714480,-7.6397,21.3,9.93
715201,-6.7157,21.3,9.92
715922,-13.7245,21.3,9.92
716643,-13.7245,20.3,9.92
717364,-13.7245,21.3,9.91
718085,-13.7245,20.3,9.90
718806,-13.7245,21.3,9.90
719527,-13.7245,21.3,9.89
720248,-13.7245,21.3,9.88
720969,-13.7245,20.3,9.88
721690,-13.7245,21.3,9.87
722411,-13.7245,19.3,9.86
723132,-13.7245,20.3,9.86
723853,-13.7245,21.3,9.85
# [n=1000] mean=-7.1749 m  sigma=1.1948 m  die=21.3 C  CalVal=-44
724574,-13.7245,20.3,9.85
725295,-13.7245,20.3,9.84
726016,-13.7245,20.3,9.83
726737,-13.7245,19.3,9.82
727458,-13.7245,20.3,9.82
728179,-13.7245,20.3,9.81
728900,-13.7245,19.3,9.80
729621,-13.7245,19.3,9.80
730342,-13.7245,20.3,9.79
731063,-13.7245,21.3,9.79
731784,-6.2650,21.3,9.78
732505,-6.9862,21.3,9.78
733226,-6.6256,20.3,9.77
733947,-7.3468,19.3,9.77
734668,-6.7608,19.3,9.76
735389,-7.6172,19.3,9.76
736110,-7.3468,19.3,9.75
736831,-6.4453,20.3,9.74
737552,-7.0087,19.3,9.74
738273,-6.8960,20.3,9.73
738994,-6.5805,20.3,9.72
739715,-6.9862,20.3,9.71
740436,-6.2876,20.3,9.71
741157,-6.4453,20.3,9.70
741878,-6.6932,19.3,9.70
742599,-6.6932,19.3,9.69
743320,-6.6932,19.3,9.69
744041,-6.6932,19.3,9.68
744762,-6.6932,19.3,9.67
745483,-6.6932,20.3,9.66
746204,-6.6932,21.3,9.66
746925,-6.6932,19.3,9.65
747646,-6.6932,20.3,9.65
748367,-6.6932,21.3,9.64
749088,-6.6932,19.3,9.64
749809,-6.6932,20.3,9.63
750530,-6.6932,21.3,9.63
751251,-6.6932,21.3,9.62
751972,-6.6932,21.3,9.61
752693,-6.6932,21.3,9.60
753414,-6.6932,20.3,9.59
754135,-6.6932,20.3,9.59
754856,-6.6932,20.3,9.58
755577,-6.6932,21.3,9.58
756298,-6.6932,19.3,9.57
757019,-6.6932,20.3,9.56
757740,-6.6932,21.3,9.56
758461,-6.9636,20.3,9.56
759182,-7.1439,20.3,9.55
759903,-6.4904,21.3,9.54
760624,-7.0989,20.3,9.54
761345,-8.2031,19.3,9.53
762066,-6.8059,20.3,9.53
762787,-7.8425,21.3,9.52
763508,-7.5721,20.3,9.51
764229,-7.0087,21.3,9.51
764950,-7.4820,19.3,9.50
765671,-6.5129,19.3,9.50
766392,-6.1749,20.3,9.49
767113,-7.4594,20.3,9.49
767834,-6.9411,21.3,9.48
768555,-7.3918,21.3,9.47
769276,-7.3918,21.3,9.47
769997,-7.3918,21.3,9.46
770718,-7.3918,21.3,9.45
771439,-7.3918,20.3,9.45
772160,-7.3918,19.3,9.44
772881,-7.3918,19.3,9.43
773602,-7.3918,20.3,9.43
774323,-7.3918,20.3,9.42
775044,-7.3918,21.3,9.42
775765,-7.3918,21.3,9.41
776486,-7.3918,19.3,9.41
777207,-7.3918,19.3,9.40
777928,-7.3918,19.3,9.39
778649,-7.3918,19.3,9.38
779370,-7.3918,19.3,9.38
780091,-7.3918,19.3,9.37
780812,-7.3918,19.3,9.37
781533,-7.3918,19.3,9.36
782254,-7.3918,20.3,9.35
782975,-7.3918,20.3,9.35
783696,-7.3918,19.3,9.34
784417,-7.3918,20.3,9.34
785138,-7.2566,19.3,9.33
785859,-6.1523,20.3,9.33
786580,-6.8735,20.3,9.32
787301,-6.4228,19.3,9.32
788022,-7.0312,19.3,9.31
788743,-8.0003,20.3,9.30
789464,-7.7073,20.3,9.30
790185,-7.1439,21.3,9.29
790906,-7.4820,19.3,9.28
791627,-7.4820,19.3,9.28
792348,-7.4144,19.3,9.27
793069,-7.3468,20.3,9.27
793790,-6.6481,20.3,9.27
794511,-7.5045,19.3,9.26
795232,-7.3918,20.3,9.26
795953,-7.3918,19.3,9.25
# [n=1100] mean=-7.2242 m  sigma=1.3044 m  die=19.3 C  CalVal=-44
796674,-7.3918,20.3,9.24
797395,-7.3918,20.3,9.24
798116,-7.3918,19.3,9.23
798837,-7.3918,19.3,9.23
799558,-7.3918,19.3,9.22
800279,-7.3918,20.3,9.22
801000,-7.3918,20.3,9.21
801721,-7.3918,21.3,9.20
802442,-7.3918,21.3,9.20
803163,-7.3918,21.3,9.19
803884,-7.3918,20.3,9.18
804605,-7.3918,19.3,9.18
805326,-7.3918,19.3,9.18
806047,-7.3918,20.3,9.17
806768,-7.3918,20.3,9.17
807489,-7.3918,20.3,9.15
808210,-7.3918,19.3,9.15
808931,-7.3918,19.3,9.15
809652,-7.3918,20.3,9.15
810373,-7.3918,20.3,9.14
811094,-7.3918,19.3,9.13
811815,-7.3017,19.3,9.12
812536,-7.5270,19.3,9.12
813257,-7.3918,20.3,9.12
813978,-7.3468,19.3,9.11
814699,-6.2876,19.3,9.11
815420,-7.4820,19.3,9.10
816141,-6.3101,19.3,9.10
816862,-7.4369,19.3,9.09
817583,-6.8059,19.3,9.09
818304,-6.8960,19.3,9.08
819025,-6.9636,19.3,9.07
819746,-7.4369,19.3,9.07
820467,-7.5947,19.3,9.06
821188,-6.6031,20.3,9.05
821909,-7.7524,20.3,9.05
822630,-7.7524,20.3,9.04
823351,-7.7524,21.3,9.04
824072,-7.7524,20.3,9.03
824793,-7.7524,19.3,9.03
825514,-7.7524,19.3,9.01
826235,-7.7524,20.3,9.01
826956,-7.7524,20.3,9.01
827677,-7.7524,20.3,9.00
828398,-7.7524,20.3,9.00
829119,-7.7524,20.3,8.99
829840,-7.7524,21.3,8.99
830561,-7.7524,20.3,8.99
831282,-7.7524,20.3,8.98
832003,-7.7524,20.3,8.98
832724,-7.7524,20.3,8.97
833445,-7.7524,19.3,8.96
834166,-7.7524,19.3,8.96
834887,-7.7524,19.3,8.96
835608,-7.7524,19.3,8.95
836329,-7.7524,19.3,8.94
837050,-7.7524,20.3,8.94
837771,-7.7524,19.3,8.93
838492,-8.1355,19.3,8.92
839213,-7.4369,20.3,8.92
839934,-6.6031,20.3,8.91
840655,-7.6172,19.3,8.91
841376,-7.4144,19.3,8.90
842097,-6.5355,19.3,8.90
842818,-7.5496,19.3,8.89
843539,-7.3693,20.3,8.89
844260,-6.7834,19.3,8.89
844981,-6.5580,19.3,8.88
845702,-6.5580,19.3,8.88
846423,-6.7834,19.3,8.87
847144,-6.2425,19.3,8.86
847865,-7.2566,20.3,8.86
848586,-7.3242,19.3,8.85
849307,-7.3242,20.3,8.84
850028,-7.3242,20.3,8.84
850749,-7.3242,19.3,8.83
851470,-7.3242,19.3,8.83
852191,-7.3242,20.3,8.82
852912,-7.3242,19.3,8.82
853633,-7.3242,20.3,8.81
854354,-7.3242,19.3,8.80
855075,-7.3242,19.3,8.80
855796,-7.3242,19.3,8.79
856517,-7.3242,19.3,8.79
857238,-7.3242,19.3,8.79
857959,-7.3242,19.3,8.78
858680,-7.3242,20.3,8.78
859401,-7.3242,20.3,8.77
860122,-7.3242,20.3,8.77
860843,-7.3242,21.3,8.75
861564,-7.3242,21.3,8.75
862285,-7.3242,19.3,8.75
863006,-7.3242,19.3,8.74
863727,-7.3242,19.3,8.73
864448,-7.3242,19.3,8.73
865169,-6.9636,19.3,8.72
865890,-7.0763,20.3,8.72
866611,-7.3017,20.3,8.71
867332,-6.1523,19.3,8.71
868053,-7.3918,19.3,8.71
# [n=1200] mean=-7.2348 m  sigma=1.2541 m  die=19.3 C  CalVal=-44
868774,-6.7608,19.3,8.70
869495,-7.1439,20.3,8.69
870216,-6.9862,19.3,8.69
870937,-6.3326,19.3,8.69
871658,-6.8960,20.3,8.68
872379,-7.0312,19.3,8.68
873100,-6.3552,19.3,8.67
873821,-7.0312,19.3,8.67
874542,-7.1214,19.3,8.67
875263,-7.1214,19.3,8.66
875984,-7.1214,20.3,8.65
876705,-7.1214,19.3,8.65
877426,-7.1214,19.3,8.64
878147,-7.1214,19.3,8.64
878868,-7.1214,19.3,8.63
879589,-7.1214,19.3,8.63
880310,-7.1214,19.3,8.62
881031,-7.1214,19.3,8.61
881752,-7.1214,19.3,8.61
882473,-7.1214,19.3,8.60
883194,-7.1214,19.3,8.60
883915,-7.1214,19.3,8.59
884636,-7.1214,19.3,8.59
885357,-7.1214,19.3,8.58
886078,-7.1214,19.3,8.58
886799,-7.1214,19.3,8.57
887520,-7.1214,19.3,8.56
888241,-7.1214,19.3,8.56
888962,-7.1214,19.3,8.56
889683,-7.1214,19.3,8.55
890404,-7.1214,19.3,8.55
891125,-7.1214,19.3,8.54
891846,-6.5129,19.3,8.54
892567,-6.6932,19.3,8.53
893288,-7.4369,19.3,8.53
894009,-6.6707,19.3,8.52
894730,-7.5496,19.3,8.52
895451,-6.4904,20.3,8.51
896172,-7.4820,19.3,8.51
896893,-7.4144,19.3,8.51
897614,-6.6481,19.3,8.51
898335,-6.3552,20.3,8.50
899056,-6.6481,20.3,8.49
899777,-7.5721,20.3,8.49
900498,-7.2791,19.3,8.48
901219,-6.6707,19.3,8.48
901940,-6.6932,19.3,8.47
902661,-6.6932,18.3,8.47
903382,-6.6932,19.3,8.46
904103,-6.6932,19.3,8.46
904824,-6.6932,19.3,8.45
905545,-6.6932,19.3,8.45
906266,-6.6932,19.3,8.44
906987,-6.6932,19.3,8.44
907708,-6.6932,20.3,8.44
908429,-6.6932,19.3,8.43
909150,-6.6932,19.3,8.42
909871,-6.6932,19.3,8.42
910592,-6.6932,19.3,8.41
911313,-6.6932,20.3,8.41
912034,-6.6932,20.3,8.40
912755,-6.6932,19.3,8.39
913476,-6.6932,19.3,8.38
914197,-6.6932,19.3,8.39
914918,-6.6932,19.3,8.38
915639,-6.6932,18.3,8.38
916360,-6.6932,19.3,8.37
917081,-6.6932,19.3,8.37
917802,-6.6932,19.3,8.36
918523,-6.6932,19.3,8.35
919244,-7.2115,19.3,8.35
919965,-7.3918,19.3,8.35
920686,-6.9636,19.3,8.34
921407,-7.4144,19.3,8.33
922128,-6.1523,19.3,8.33
922849,-7.0989,19.3,8.32
923570,-6.2425,19.3,8.32
924291,-7.0312,19.3,8.31
925012,-7.2791,19.3,8.31
925733,-7.3918,19.3,8.31
926454,-7.0989,19.3,8.30
927175,-6.6256,19.3,8.29
927896,-6.3777,19.3,8.29
928617,-5.5889,19.3,8.28
929338,-5.5889,19.3,8.28
930059,-5.5889,19.3,8.28
930780,-5.5889,19.3,8.27
931501,-5.5889,19.3,8.26
932222,-5.5889,19.3,8.26
932943,-5.5889,19.3,8.25
933664,-5.5889,19.3,8.25
934385,-5.5889,19.3,8.25
935106,-5.5889,19.3,8.24
935827,-5.5889,20.3,8.24
936548,-5.5889,20.3,8.23
937269,-5.5889,19.3,8.22
937990,-5.5889,19.3,8.22
938711,-5.5889,19.3,8.21
939432,-5.5889,19.3,8.21
940153,-5.5889,19.3,8.20
# [n=1300] mean=-7.1927 m  sigma=1.2240 m  die=19.3 C  CalVal=-44
940874,-5.5889,19.3,8.20
941595,-5.5889,19.3,8.19
942316,-5.5889,19.3,8.19
943037,-5.5889,19.3,8.19
943758,-5.5889,19.3,8.18
944479,-5.5889,19.3,8.17
945200,-6.8059,19.3,8.17
945921,-7.9778,19.3,8.16
946642,-6.6031,19.3,8.16
947363,-6.8510,19.3,8.16
948084,-6.7383,19.3,8.15
948805,-7.0989,19.3,8.15
949526,-7.3242,19.3,8.14
950247,-6.8735,19.3,8.14
950968,-6.1298,20.3,8.13
951689,-6.1073,19.3,8.13
952410,-7.3017,19.3,8.13
953131,-6.6481,19.3,8.11
953852,-7.0538,19.3,8.11
954573,-6.0622,19.3,8.11
955294,-6.8059,20.3,8.10
956015,-6.8059,20.3,8.10
956736,-6.8059,19.3,8.09
957457,-6.8059,19.3,8.09
958178,-6.8059,20.3,8.09
958899,-6.8059,19.3,8.08
959620,-6.8059,19.3,8.07
960341,-6.8059,19.3,8.07
961062,-6.8059,19.3,8.06
961783,-6.8059,19.3,8.06
962504,-6.8059,19.3,8.06
963225,-6.8059,19.3,8.05
963946,-6.8059,19.3,8.05
964667,-6.8059,19.3,8.05
965388,-6.8059,19.3,8.04
966109,-6.8059,19.3,8.04
966830,-6.8059,19.3,8.03
967551,-6.8059,19.3,8.03
968272,-6.8059,19.3,8.02
968993,-6.8059,19.3,8.01
969714,-6.8059,19.3,8.02
970435,-6.8059,19.3,8.01
971156,-6.8059,19.3,8.00
971877,-5.9721,19.3,8.00
972598,-6.4228,19.3,7.99
973319,-6.6707,19.3,7.98
974040,-5.7016,19.3,7.98
974761,-6.6256,19.3,7.97
975482,-6.1523,19.3,7.97
976203,-6.6932,19.3,7.97
976924,-6.7608,19.3,7.96
977645,-6.8960,19.3,7.96
978366,-7.0538,19.3,7.95
979087,-7.0312,19.3,7.95
979808,-7.7749,19.3,7.95
980529,-6.3326,19.3,7.95
981250,-5.9044,19.3,7.94
981971,-6.5580,19.3,7.94
982692,-6.5580,19.3,7.93
983413,-6.5580,19.3,7.93
984134,-6.5580,19.3,7.92
984855,-6.5580,19.3,7.92
985576,-6.5580,19.3,7.91
986297,-6.5580,19.3,7.90
987018,-6.5580,19.3,7.90
987739,-6.5580,19.3,7.90
988460,-6.5580,19.3,7.90
989181,-6.5580,19.3,7.89
989902,-6.5580,19.3,7.89
990623,-6.5580,19.3,7.88
991344,-6.5580,19.3,7.88
992065,-6.5580,19.3,7.88
992786,-6.5580,19.3,7.86
993507,-6.5580,19.3,7.86
994228,-6.5580,19.3,7.86
994949,-6.5580,19.3,7.86
995670,-6.5580,19.3,7.85
996391,-6.5580,19.3,7.85
997112,-6.5580,19.3,7.84
997833,-6.5580,19.3,7.84
998554,-7.1214,19.3,7.84
999275,-6.4904,19.3,7.83
999996,-7.3242,19.3,7.83
1000717,-6.2425,19.3,7.82
1001438,-6.6481,19.3,7.82
1002159,-6.9862,19.3,7.81
1002880,-7.3918,19.3,7.81
1003601,-7.0538,19.3,7.80
1004322,-6.2200,19.3,7.80
1005043,-6.4453,19.3,7.79
1005764,-6.5355,19.3,7.79
1006485,-6.4678,19.3,7.79
1007206,-7.4144,19.3,7.78
1007927,-6.6932,19.3,7.78
1008648,-7.4820,19.3,7.78
1009369,-7.4820,18.3,7.78
1010090,-7.4820,19.3,7.77
1010811,-7.4820,19.3,7.76
1011532,-7.4820,19.3,7.75
1012253,-7.4820,19.3,7.75
# [n=1400] mean=-7.1564 m  sigma=1.1934 m  die=19.3 C  CalVal=-44
1012974,-7.4820,19.3,7.75
1013695,-7.4820,19.3,7.74
1014416,-7.4820,19.3,7.74
1015137,-7.4820,19.3,7.73
1015858,-7.4820,19.3,7.73
1016579,-7.4820,19.3,7.72
1017300,-7.4820,19.3,7.72
1018021,-7.4820,19.3,7.72
1018742,-7.4820,19.3,7.72
1019463,-7.4820,19.3,7.71
1020184,-7.4820,19.3,7.71
1020905,-7.4820,19.3,7.70
1021626,-7.4820,19.3,7.70
1022347,-7.4820,19.3,7.69
1023068,-7.4820,19.3,7.68
1023789,-7.4820,19.3,7.68
1024510,-7.4820,19.3,7.68
1025231,-5.7016,19.3,7.68
1025952,-6.4228,19.3,7.67
1026673,-6.6256,19.3,7.67
1027394,-7.1890,19.3,7.66
1028115,-6.8960,19.3,7.66
1028836,-6.0397,19.3,7.65
1029557,-7.5721,19.3,7.65
1030278,-7.4594,19.3,7.65
1030999,-6.9862,19.3,7.64
1031720,-7.3693,19.3,7.64
1032441,-6.6932,19.3,7.63
1033162,-7.3242,19.3,7.63
1033883,-7.4820,19.3,7.63
1034604,-6.7383,19.3,7.62
1035325,-6.5580,19.3,7.62
1036046,-6.5580,19.3,7.62
1036767,-6.5580,19.3,7.61
1037488,-6.5580,19.3,7.60
1038209,-6.5580,19.3,7.59
1038930,-6.5580,19.3,7.59
1039651,-6.5580,19.3,7.58
1040372,-6.5580,19.3,7.58
1041093,-6.5580,19.3,7.58
1041814,-6.5580,19.3,7.57
1042535,-6.5580,19.3,7.58
1043256,-6.5580,18.3,7.57
1043977,-6.5580,18.3,7.57
1044698,-6.5580,18.3,7.56
1045419,-6.5580,19.3,7.55
1046140,-6.5580,19.3,7.55
1046861,-6.5580,19.3,7.55
1047582,-6.5580,19.3,7.55
1048303,-6.5580,19.3,7.54
1049024,-6.5580,19.3,7.54
1049745,-6.5580,19.3,7.54
1050466,-6.5580,19.3,7.53
1051187,-6.5580,19.3,7.52
1051908,-6.6932,19.3,7.52
1052629,-6.6707,19.3,7.52
1053350,-6.8735,19.3,7.51
1054071,-6.9862,19.3,7.51
1054792,-6.7608,19.3,7.51
1055513,-7.3468,19.3,7.51
1056234,-6.3101,19.3,7.50
1056955,-6.9411,19.3,7.49
1057676,-7.1890,19.3,7.49
1058397,-7.1665,19.3,7.49
1059118,-7.0087,19.3,7.48
1059839,-6.0171,19.3,7.47
1060560,-7.0312,19.3,7.47
1061281,-6.3552,19.3,7.46
1062002,-6.9636,19.3,7.46
1062723,-6.9636,19.3,7.45
1063444,-6.9636,19.3,7.44
1064165,-6.9636,19.3,7.44
1064886,-6.9636,19.3,7.44
1065607,-6.9636,19.3,7.44
1066328,-6.9636,19.3,7.43
1067049,-6.9636,19.3,7.43
1067770,-6.9636,19.3,7.43
1068491,-6.9636,19.3,7.42
1069212,-6.9636,19.3,7.41
1069933,-6.9636,19.3,7.41
1070654,-6.9636,19.3,7.40
1071375,-6.9636,18.3,7.40
1072096,-6.9636,19.3,7.40
1072817,-6.9636,19.3,7.39
1073538,-6.9636,19.3,7.39
1074259,-6.9636,19.3,7.38
1074980,-6.9636,19.3,7.38
1075701,-6.9636,18.3,7.37
1076422,-6.9636,18.3,7.37
1077143,-6.9636,19.3,7.37
1077864,-6.9636,19.3,7.37
1078585,-6.4678,19.3,7.36
1079306,-7.7299,19.3,7.36
1080027,-5.9946,19.3,7.36
1080748,-5.6565,19.3,7.35
1081469,-6.7608,19.3,7.35
1082190,-7.5496,18.3,7.34
1082911,-6.7608,19.3,7.34
1083632,-7.0312,19.3,7.34
1084353,-6.3326,19.3,7.33
# [n=1500] mean=-7.1395 m  sigma=1.1600 m  die=19.3 C  CalVal=-43
1085074,-6.2876,19.3,7.33
1085795,-6.8510,19.3,7.32
1086516,-6.2200,19.3,7.33
1087237,-6.2425,19.3,7.32
1087958,-6.5580,19.3,7.32
1088679,-6.9636,19.3,7.31
1089400,-6.9636,19.3,7.30
1090121,-6.9636,19.3,7.30
1090842,-6.9636,19.3,7.30
1091563,-6.9636,19.3,7.29
1092284,-6.9636,19.3,7.29
1093005,-6.9636,19.3,7.28
1093726,-6.9636,19.3,7.28
1094447,-6.9636,19.3,7.27
1095168,-6.9636,19.3,7.27
1095889,-6.9636,19.3,7.27
1096610,-6.9636,19.3,7.27
1097331,-6.9636,19.3,7.26
1098052,-6.9636,19.3,7.26
1098773,-6.9636,19.3,7.25
1099494,-6.9636,19.3,7.25
1100215,-6.9636,18.3,7.25
1100936,-6.9636,19.3,7.24
1101657,-6.9636,19.3,7.24
1102378,-6.9636,19.3,7.23
1103099,-6.9636,19.3,7.23
1103820,-6.9636,19.3,7.23
1104541,-6.9636,19.3,7.22
1105262,-6.2876,18.3,7.22
1105983,-6.4228,19.3,7.21
1106704,-6.8510,19.3,7.21
1107425,-5.7918,18.3,7.21
1108146,-7.5270,19.3,7.20
1108867,-6.4678,19.3,7.20
1109588,-7.1890,19.3,7.20
1110309,-7.2791,18.3,7.19
1111030,-6.8735,18.3,7.19
1111751,-7.0989,19.3,7.19
1112472,-8.3609,19.3,7.17
1113193,-6.4678,19.3,7.17
1113914,-6.4228,19.3,7.17
1114635,-6.8059,19.3,7.17
1115356,-6.1523,19.3,7.16
1116077,-6.1523,19.3,7.16
1116798,-6.1523,19.3,7.15
1117519,-6.1523,19.3,7.15
1118240,-6.1523,19.3,7.14
1118961,-6.1523,19.3,7.14
1119682,-6.1523,19.3,7.14
1120403,-6.1523,19.3,7.13
1121124,-6.1523,19.3,7.13
1121845,-6.1523,19.3,7.12
1122566,-6.1523,19.3,7.12
1123287,-6.1523,18.3,7.11
1124008,-6.1523,19.3,7.10
1124729,-6.1523,19.3,7.10
1125450,-6.1523,19.3,7.10
1126171,-6.1523,19.3,7.10
1126892,-6.1523,19.3,7.09
1127613,-6.1523,19.3,7.09
1128334,-6.1523,18.3,7.08
1129055,-6.1523,19.3,7.08
1129776,-6.1523,19.3,7.08
1130497,-6.1523,18.3,7.08
1131218,-6.1523,19.3,7.07
1131939,-5.5213,19.3,7.07
1132660,-5.9044,19.3,7.07
1133381,-7.2115,19.3,7.06
1134102,-6.8735,19.3,7.06
1134823,-6.3777,19.3,7.05
1135544,-6.0397,19.3,7.05
1136265,-6.6932,19.3,7.04
1136986,-7.3242,19.3,7.04
1137707,-7.3242,18.3,7.03
1138428,-6.6932,19.3,7.03
1139149,-6.3101,19.3,7.03
1139870,-6.0171,19.3,7.03
1140591,-7.0312,19.3,7.02
1141312,-6.6256,19.3,7.02
1142033,-6.1073,19.3,7.01
1142754,-6.1073,19.3,7.01
1143475,-6.1073,19.3,7.00
1144196,-6.1073,19.3,7.01
1144917,-6.1073,19.3,7.00
1145638,-6.1073,19.3,7.00
1146359,-6.1073,19.3,6.99
1147080,-6.1073,19.3,6.98
1147801,-6.1073,19.3,6.98
1148522,-6.1073,19.3,6.98
1149243,-6.1073,19.3,6.97
1149964,-6.1073,19.3,6.97
1150685,-6.1073,19.3,6.96
1151406,-6.1073,19.3,6.96
1152127,-6.1073,19.3,6.96
1152848,-6.1073,18.3,6.95
1153569,-6.1073,19.3,6.95
1154290,-6.1073,19.3,6.94
1155011,-6.1073,18.3,6.94
1155732,-6.1073,19.3,6.93
1156453,-6.1073,19.3,6.93
# [n=1600] mean=-7.0994 m  sigma=1.1400 m  die=19.3 C  CalVal=-43
1157174,-6.1073,18.3,6.93
1157895,-6.1073,18.3,6.93
1158616,-6.8510,19.3,6.92
1159337,-6.8735,19.3,6.92
1160058,-6.0622,19.3,6.91
1160779,-6.9636,18.3,6.91
1161500,-6.5355,19.3,6.91
1162221,-7.2341,19.3,6.90
1162942,-7.2566,18.3,6.90
1163663,-7.0087,19.3,6.90
1164384,-6.8059,18.3,6.89
1165105,-8.1355,18.3,6.89
1165826,-6.4678,19.3,6.89
1166547,-6.5805,19.3,6.88
1167268,-6.3777,19.3,6.88
1167989,-6.1523,19.3,6.87
1168710,-7.3918,18.3,6.87
1169431,-7.3918,18.3,6.87
1170152,-7.3918,19.3,6.86
1170873,-7.3918,19.3,6.86
1171594,-7.3918,19.3,6.86
1172315,-7.3918,19.3,6.85
1173036,-7.3918,19.3,6.85
1173757,-7.3918,19.3,6.85
1174478,-7.3918,19.3,6.84
1175199,-7.3918,19.3,6.84
1175920,-7.3918,18.3,6.83
1176641,-7.3918,19.3,6.83
1177362,-7.3918,19.3,6.83
1178083,-7.3918,19.3,6.82
1178804,-7.3918,19.3,6.82
1179525,-7.3918,19.3,6.81
1180246,-7.3918,19.3,6.81
1180967,-7.3918,19.3,6.80
1181688,-7.3918,19.3,6.81
1182409,-7.3918,19.3,6.80
1183130,-7.3918,18.3,6.79
1183851,-7.3918,19.3,6.79
1184572,-7.3918,19.3,6.79
1185293,-7.1439,19.3,6.78
1186014,-6.9186,18.3,6.78
1186735,-7.1439,17.3,6.78
1187456,-6.9862,18.3,6.77
1188177,-6.5129,19.3,6.77
1188898,-6.6481,19.3,6.77
1189619,-6.0171,19.3,6.76
1190340,-5.5213,19.3,6.76
1191061,-6.9411,19.3,6.76
1191782,-7.3918,19.3,6.75
1192503,-7.3242,19.3,6.74
1193224,-7.4594,19.3,6.74
1193945,-6.9862,19.3,6.74
1194666,-7.1214,19.3,6.74
1195387,-6.8284,19.3,6.74
1196108,-6.8284,19.3,6.73
1196829,-6.8284,19.3,6.73
1197550,-6.8284,19.3,6.72
1198271,-6.8284,19.3,6.72
1198992,-6.8284,19.3,6.71
1199713,-6.8284,19.3,6.71
1200434,-6.8284,19.3,6.70
1201155,-6.8284,19.3,6.70
1201876,-6.8284,19.3,6.69
1202597,-6.8284,19.3,6.69
1203318,-6.8284,19.3,6.69
1204039,-6.8284,19.3,6.69
1204760,-6.8284,19.3,6.69
1205481,-6.8284,19.3,6.68
1206202,-6.8284,19.3,6.68
1206923,-6.8284,18.3,6.67
1207644,-6.8284,18.3,6.68
1208365,-6.8284,19.3,6.67
1209086,-6.8284,18.3,6.67
1209807,-6.8284,18.3,6.66
1210528,-6.8284,19.3,6.66
1211249,-6.8284,18.3,6.65
1211970,-6.7157,18.3,6.65
1212691,-6.7834,19.3,6.65
1213412,-6.3326,19.3,6.64
1214133,-6.6481,19.3,6.64
1214854,-6.4904,19.3,6.64
1215575,-6.3326,19.3,6.64
1216296,-6.1523,19.3,6.63
1217017,-7.1665,19.3,6.63
1217738,-6.6707,19.3,6.63
1218459,-7.1214,19.3,6.62
1219180,-6.5355,19.3,6.62
1219901,-7.4144,19.3,6.62
1220622,-6.3777,19.3,6.62
1221343,-6.4904,19.3,6.61
1222064,-6.7834,19.3,6.60
1222785,-6.7834,18.3,6.60
1223506,-6.7834,19.3,6.60
1224227,-6.7834,19.3,6.60
1224948,-6.7834,18.3,6.59
1225669,-6.7834,19.3,6.59
1226390,-6.7834,19.3,6.58
1227111,-6.7834,19.3,6.58
1227832,-6.7834,17.3,6.58
1228553,-6.7834,18.3,6.57
# [n=1700] mean=-7.0888 m  sigma=1.1113 m  die=18.3 C  CalVal=-43
1229274,-6.7834,19.3,6.57
1229995,-6.7834,19.3,6.56
1230716,-6.7834,19.3,6.56
1231437,-6.7834,19.3,6.56
1232158,-6.7834,19.3,6.56
1232879,-6.7834,19.3,6.55
1233600,-6.7834,19.3,6.55
1234321,-6.7834,19.3,6.55
1235042,-6.7834,18.3,6.54
1235763,-6.7834,19.3,6.54
1236484,-6.7834,18.3,6.54
1237205,-6.7834,19.3,6.54
1237926,-6.7834,19.3,6.53
1238647,-6.0171,19.3,6.53
1239368,-5.7692,19.3,6.52
1240089,-6.6707,19.3,6.52
1240810,-6.9411,19.3,6.52
1241531,-5.4537,18.3,6.51
1242252,-6.1523,19.3,6.51
1242973,-6.8960,19.3,6.50
1243694,-7.0989,17.3,6.50
1244415,-7.5496,18.3,6.50
1245136,-6.4002,18.3,6.49
1245857,-7.0989,19.3,6.49
1246578,-6.7834,19.3,6.48
1247299,-6.6031,19.3,6.48
1248020,-7.9327,18.3,6.48
1248741,-6.8510,19.3,6.48
1249462,-6.8510,19.3,6.48
1250183,-6.8510,19.3,6.47
1250904,-6.8510,19.3,6.46
1251625,-6.8510,19.3,6.46
1252346,-6.8510,19.3,6.46
1253067,-6.8510,19.3,6.46
1253788,-6.8510,19.3,6.45
1254509,-6.8510,19.3,6.45
1255230,-6.8510,19.3,6.44
1255951,-6.8510,19.3,6.44
1256672,-6.8510,19.3,6.44
1257393,-6.8510,19.3,6.44
1258114,-6.8510,19.3,6.43
1258835,-6.8510,19.3,6.43
1259556,-6.8510,19.3,6.43
1260277,-6.8510,19.3,6.42
1260998,-6.8510,19.3,6.42
1261719,-6.8510,19.3,6.42
1262440,-6.8510,19.3,6.41
1263161,-6.8510,19.3,6.41
1263882,-6.8510,18.3,6.41
1264603,-5.9946,18.3,6.41
1265324,-6.4002,18.3,6.40
1266045,-6.4453,18.3,6.40
1266766,-6.8059,17.3,6.40
1267487,-7.2566,18.3,6.39
1268208,-6.6707,18.3,6.39
1268929,-6.6256,19.3,6.38
1269650,-7.6397,19.3,6.38
1270371,-6.0847,18.3,6.38
1271092,-5.9495,17.3,6.37
1271813,-7.6397,18.3,6.37
1272534,-6.6031,18.3,6.37
1273255,-6.4002,19.3,6.37
1273976,-6.5580,19.3,6.36
1274697,-6.9186,18.3,6.36
1275418,-6.3777,18.3,6.35
1276139,-6.3777,19.3,6.35
1276860,-6.3777,19.3,6.35
1277581,-6.3777,19.3,6.34
1278302,-6.3777,19.3,6.35
1279023,-6.3777,19.3,6.34
1279744,-6.3777,19.3,6.34
1280465,-6.3777,18.3,6.33
1281186,-6.3777,18.3,6.32
1281907,-6.3777,17.3,6.32
1282628,-6.3777,18.3,6.32
1283349,-6.3777,19.3,6.32
1284070,-6.3777,17.3,6.31
1284791,-6.3777,18.3,6.31
1285512,-6.3777,18.3,6.31
1286233,-6.3777,19.3,6.30
1286954,-6.3777,18.3,6.30
1287675,-6.3777,18.3,6.30
1288396,-6.3777,18.3,6.29
1289117,-6.3777,19.3,6.29
1289838,-6.3777,19.3,6.29
1290559,-6.3777,19.3,6.28
1291280,-7.0087,19.3,6.28
1292001,-6.7608,18.3,6.27
1292722,-6.8510,18.3,6.27
1293443,-6.4228,17.3,6.27
1294164,-6.2200,17.3,6.27
1294885,-5.8594,18.3,6.26
1295606,-6.7834,17.3,6.26
1296327,-6.2425,18.3,6.25
1297048,-6.5805,17.3,6.26
1297769,-7.1890,18.3,6.25
1298490,-6.1974,17.3,6.25
1299211,-7.1439,18.3,6.24
1299932,-6.3552,18.3,6.24
1300653,-6.7834,18.3,6.24
# [n=1800] mean=-7.0644 m  sigma=1.0884 m  die=18.3 C  CalVal=-43
1301374,-6.6707,19.3,6.23
# outlier -23.7981 die=17.3
# outlier -23.7981 die=18.3
# outlier -23.7981 die=18.3
# outlier -23.7981 die=18.3
# outlier -23.7981 die=18.3
# outlier -23.7981 die=17.3
# outlier -23.7981 die=17.3
# outlier -23.7981 die=18.3
# outlier -23.7981 die=18.3
# outlier -23.7981 die=18.3
# outlier -23.7981 die=17.3
# outlier -23.7981 die=18.3
# outlier -23.7981 die=18.3
# outlier -23.7981 die=19.3
# outlier -23.7981 die=19.3
# outlier -23.7981 die=19.3
# outlier -23.7981 die=18.3
# outlier -23.7981 die=18.3
# outlier -23.7981 die=17.3
# outlier -23.7981 die=17.3
# outlier -23.7981 die=18.3
# outlier -23.7981 die=18.3
1317957,-6.5805,19.3,6.16
1318678,-6.7383,18.3,6.16
1319399,-5.7016,19.3,6.15
1320120,-6.4678,19.3,6.15
1320841,-6.8510,19.3,6.15
1321562,-6.7608,19.3,6.14
1322283,-6.2650,19.3,6.14
1323004,-5.0481,19.3,6.14
1323725,-6.2650,18.3,6.13
1324446,-6.3777,18.3,6.13
1325167,-6.4904,18.3,6.12
1325888,-5.3185,19.3,6.12
1326609,-6.1749,18.3,6.12
1327330,-5.5889,18.3,6.11
1328051,-6.4453,19.3,6.11
1328772,-6.4453,19.3,6.10
1329493,-6.4453,18.3,6.10
1330214,-6.4453,18.3,6.10
1330935,-6.4453,17.3,6.10
1331656,-6.4453,18.3,6.09
1332377,-6.4453,18.3,6.09
1333098,-6.4453,18.3,6.09
1333819,-6.4453,18.3,6.08
1334540,-6.4453,18.3,6.09
1335261,-6.4453,17.3,6.08
1335982,-6.4453,18.3,6.08
1336703,-6.4453,18.3,6.07
1337424,-6.4453,18.3,6.07
1338145,-6.4453,18.3,6.07
1338866,-6.4453,18.3,6.06
1339587,-6.4453,17.3,6.06
1340308,-6.4453,18.3,6.06
1341029,-6.4453,18.3,6.06
1341750,-6.4453,19.3,6.05
1342471,-6.4453,19.3,6.05
1343192,-6.4453,18.3,6.05
1343913,-6.4453,18.3,6.05
1344634,-5.4312,18.3,6.04
1345355,-6.6031,18.3,6.04
1346076,-6.4678,19.3,6.04
1346797,-6.4904,19.3,6.02
1347518,-6.1749,18.3,6.03
1348239,-6.3101,18.3,6.03
1348960,-6.9186,17.3,6.02
1349681,-6.8284,17.3,6.02
1350402,-6.4904,17.3,6.02
1351123,-6.8059,18.3,6.01
1351844,-5.6791,18.3,6.01
1352565,-5.4763,18.3,6.00
1353286,-5.9044,18.3,6.00
1354007,-6.7157,18.3,6.00
1354728,-5.6565,18.3,6.00
1355449,-5.6565,18.3,5.99
1356170,-5.6565,19.3,5.98
1356891,-5.6565,18.3,5.98
1357612,-5.6565,18.3,5.98
1358333,-5.6565,17.3,5.98
1359054,-5.6565,18.3,5.98
1359775,-5.6565,17.3,5.97
1360496,-5.6565,17.3,5.97
1361217,-5.6565,18.3,5.97
1361938,-5.6565,18.3,5.96
1362659,-5.6565,18.3,5.96
1363380,-5.6565,18.3,5.95
1364101,-5.6565,18.3,5.95
1364822,-5.6565,19.3,5.95
1365543,-5.6565,18.3,5.94
1366264,-5.6565,19.3,5.94
1366985,-5.6565,19.3,5.94
1367706,-5.6565,19.3,5.94
1368427,-5.6565,18.3,5.93
1369148,-5.6565,18.3,5.93
1369869,-5.6565,19.3,5.93
1370590,-5.6565,18.3,5.93
1371311,-6.7157,19.3,5.92
1372032,-6.4453,19.3,5.92
1372753,-6.1749,18.3,5.91
1373474,-6.9862,17.3,5.91
1374195,-7.1890,17.3,5.91
1374916,-5.4988,17.3,5.91
1375637,-7.4144,17.3,5.90
1376358,-6.2650,18.3,5.90
1377079,-6.1974,17.3,5.89
1377800,-6.1974,18.3,5.90
1378521,-6.3326,17.3,5.89
1379242,-6.3552,17.3,5.89
1379963,-6.0397,18.3,5.88
1380684,-6.2200,18.3,5.88
1381405,-6.1298,18.3,5.88
1382126,-6.1298,19.3,5.88
1382847,-6.1298,19.3,5.87
1383568,-6.1298,19.3,5.87
1384289,-6.1298,18.3,5.87
1385010,-6.1298,18.3,5.86
1385731,-6.1298,17.3,5.86
1386452,-6.1298,18.3,5.85
1387173,-6.1298,18.3,5.86
1387894,-6.1298,18.3,5.85
1388615,-6.1298,18.3,5.84
# [n=1900] mean=-7.0175 m  sigma=1.0827 m  die=18.3 C  CalVal=-43
1389336,-6.1298,18.3,5.84
1390057,-6.1298,18.3,5.84
1390778,-6.1298,18.3,5.84
1391499,-6.1298,18.3,5.84
1392220,-6.1298,18.3,5.83
1392941,-6.1298,18.3,5.83
1393662,-6.1298,19.3,5.82
1394383,-6.1298,17.3,5.83
1395104,-6.1298,18.3,5.83
1395825,-6.1298,17.3,5.82
1396546,-6.1298,17.3,5.82
1397267,-6.1298,17.3,5.81
1397988,-5.2284,17.3,5.81
1398709,-6.2200,17.3,5.81
1399430,-5.5889,17.3,5.80
1400151,-6.8960,16.3,5.80
1400872,-6.9186,17.3,5.80
1401593,-6.6932,17.3,5.80
1402314,-6.4228,18.3,5.79
1403035,-7.0312,18.3,5.79
1403756,-6.7608,18.3,5.78
1404477,-6.3777,18.3,5.78
1405198,-6.5129,18.3,5.78
1405919,-6.0397,18.3,5.78
1406640,-5.9721,18.3,5.77
1407361,-6.0397,17.3,5.77
1408082,-6.4904,17.3,5.77
1408803,-6.4904,18.3,5.77
1409524,-6.4904,18.3,5.77
1410245,-6.4904,17.3,5.76
1410966,-6.4904,17.3,5.76
1411687,-6.4904,18.3,5.76
1412408,-6.4904,18.3,5.74
1413129,-6.4904,18.3,5.75
1413850,-6.4904,18.3,5.74
1414571,-6.4904,18.3,5.74
1415292,-6.4904,18.3,5.74
1416013,-6.4904,19.3,5.73
1416734,-6.4904,18.3,5.73
1417455,-6.4904,17.3,5.72
1418176,-6.4904,17.3,5.72
1418897,-6.4904,18.3,5.72
1419618,-6.4904,17.3,5.72
1420339,-6.4904,18.3,5.71
1421060,-6.4904,18.3,5.71
1421781,-6.4904,18.3,5.72
1422502,-6.4904,18.3,5.72
1423223,-6.4904,18.3,5.71
1423944,-6.4904,19.3,5.70
1424665,-5.9270,18.3,5.70
1425386,-6.0622,19.3,5.70
1426107,-5.7692,19.3,5.69
1426828,-5.6791,19.3,5.68
1427549,-5.6791,18.3,5.68
1428270,-7.1890,17.3,5.68
1428991,-5.1157,17.3,5.68
1429712,-5.8368,17.3,5.67
1430433,-6.8284,18.3,5.67
1431154,-6.4228,18.3,5.66
1431875,-6.7157,18.3,5.67
1432596,-7.2566,17.3,5.66
1433317,-6.3777,18.3,5.66
1434038,-5.2734,18.3,5.65
1434759,-6.1523,18.3,5.65
1435480,-6.1523,18.3,5.65
1436201,-6.1523,18.3,5.65
1436922,-6.1523,18.3,5.65
1437643,-6.1523,18.3,5.65
1438364,-6.1523,18.3,5.64
1439085,-6.1523,18.3,5.64
1439806,-6.1523,17.3,5.64
1440527,-6.1523,18.3,5.64
1441248,-6.1523,18.3,5.63
1441969,-6.1523,18.3,5.63
1442690,-6.1523,17.3,5.62
1443411,-6.1523,17.3,5.62
1444132,-6.1523,18.3,5.62
1444853,-6.1523,18.3,5.62
1445574,-6.1523,18.3,5.61
1446295,-6.1523,18.3,5.62
1447016,-6.1523,18.3,5.61
1447737,-6.1523,18.3,5.61
1448458,-6.1523,18.3,5.61
1449179,-6.1523,18.3,5.61
1449900,-6.1523,18.3,5.60
1450621,-6.1523,18.3,5.60
1451342,-6.7834,18.3,5.60
1452063,-6.4228,18.3,5.59
1452784,-6.7383,18.3,5.59
1453505,-5.7692,18.3,5.59
1454226,-5.3861,18.3,5.58
1454947,-6.7157,17.3,5.58
1455668,-5.3636,17.3,5.58
1456389,-5.5213,18.3,5.58
1457110,-6.0622,18.3,5.57
1457831,-5.7242,18.3,5.57
1458552,-6.4678,18.3,5.57
1459273,-6.7834,18.3,5.57
1459994,-7.4594,18.3,5.57
1460715,-5.7692,18.3,5.56
# [n=2000] mean=-6.9797 m  sigma=1.0720 m  die=18.3 C  CalVal=-43
1461436,-6.8735,18.3,5.56
1462157,-6.8735,18.3,5.56
1462878,-6.8735,18.3,5.55
1463599,-6.8735,18.3,5.55
1464320,-6.8735,17.3,5.54
1465041,-6.8735,17.3,5.54
1465762,-6.8735,17.3,5.54
1466483,-6.8735,18.3,5.54
1467204,-6.8735,18.3,5.53
1467925,-6.8735,18.3,5.53
1468646,-6.8735,18.3,5.53
1469367,-6.8735,18.3,5.52
1470088,-6.8735,18.3,5.52
1470809,-6.8735,18.3,5.52
1471530,-6.8735,17.3,5.51
1472251,-6.8735,18.3,5.51
1472972,-6.8735,18.3,5.51
1473693,-6.8735,18.3,5.51
1474414,-6.8735,18.3,5.50
1475135,-6.8735,18.3,5.50
1475856,-6.8735,18.3,5.50
1476577,-6.8735,18.3,5.50
1477298,-6.8735,18.3,5.49
1478019,-4.9805,18.3,5.49
1478740,-6.3101,18.3,5.49
1479461,-6.8059,18.3,5.49
1480182,-5.5439,18.3,5.48
1480903,-5.6115,18.3,5.48
1481624,-5.9495,18.3,5.48
1482345,-6.9862,18.3,5.47
1483066,-6.8735,18.3,5.47
1483787,-6.6707,18.3,5.47
1484508,-5.4988,17.3,5.47
1485229,-7.2791,17.3,5.47
1485950,-5.9044,18.3,5.46
1486671,-6.2876,18.3,5.46
1487392,-6.1298,17.3,5.46
1488113,-6.6256,18.3,5.45
1488834,-6.6256,18.3,5.45
1489555,-6.6256,17.3,5.45
1490276,-6.6256,16.3,5.45
1490997,-6.6256,17.3,5.45
1491718,-6.6256,16.3,5.44
1492439,-6.6256,17.3,5.45
1493160,-6.6256,17.3,5.44
1493881,-6.6256,17.3,5.43
1494602,-6.6256,18.3,5.43
1495323,-6.6256,17.3,5.43
1496044,-6.6256,17.3,5.43
1496765,-6.6256,17.3,5.43
1497486,-6.6256,17.3,5.42
1498207,-6.6256,17.3,5.42
1498928,-6.6256,18.3,5.42
1499649,-6.6256,18.3,5.42
1500370,-6.6256,18.3,5.42
1501091,-6.6256,18.3,5.41
1501812,-6.6256,18.3,5.41
1502533,-6.6256,17.3,5.41
1503254,-6.6256,17.3,5.40
1503975,-6.6256,17.3,5.40
1504696,-5.4988,18.3,5.40
1505417,-6.2425,17.3,5.40
1506138,-6.1523,18.3,5.40
1506859,-5.9044,18.3,5.39
1507580,-6.2876,18.3,5.40
1508301,-7.0538,18.3,5.39
1509022,-6.7834,17.3,5.39
1509743,-6.5129,17.3,5.39
1510464,-5.3861,18.3,5.38
1511185,-6.6932,18.3,5.38
1511906,-5.0481,18.3,5.38
1512627,-6.0622,17.3,5.38
1513348,-7.1890,17.3,5.38
1514069,-5.5889,17.3,5.37
1514790,-6.6031,17.3,5.37
1515511,-6.6031,17.3,5.37
1516232,-6.6031,17.3,5.37
1516953,-6.6031,17.3,5.36
1517674,-6.6031,18.3,5.36
1518395,-6.6031,18.3,5.35
1519116,-6.6031,18.3,5.36
1519837,-6.6031,18.3,5.35
1520558,-6.6031,17.3,5.35
1521279,-6.6031,17.3,5.34
1522000,-6.6031,17.3,5.34
1522721,-6.6031,18.3,5.34
1523442,-6.6031,18.3,5.34
1524163,-6.6031,17.3,5.34
1524884,-6.6031,17.3,5.33
1525605,-6.6031,17.3,5.34
1526326,-6.6031,17.3,5.33
1527047,-6.6031,16.3,5.33
1527768,-6.6031,17.3,5.33
1528489,-6.6031,17.3,5.32
1529210,-6.6031,16.3,5.32
1529931,-6.6031,17.3,5.32
1530652,-6.6031,17.3,5.32
1531373,-5.0706,17.3,5.32
1532094,-5.2058,18.3,5.31
1532815,-5.4988,18.3,5.31
# [n=2100] mean=-6.9575 m  sigma=1.0559 m  die=18.3 C  CalVal=-42
1533536,-6.0171,17.3,5.30
1534257,-5.7692,16.3,5.30
1534978,-6.5355,17.3,5.30
1535699,-5.8819,17.3,5.30
1536420,-6.3326,17.3,5.30
1537141,-6.0847,17.3,5.30
1537862,-5.8819,17.3,5.30
1538583,-5.4312,17.3,5.29
1539304,-5.3861,17.3,5.29
1540025,-6.0847,18.3,5.28
1540746,-5.6791,18.3,5.29
1541467,-7.3918,18.3,5.28
1542188,-7.3918,17.3,5.28
1542909,-7.3918,17.3,5.28
1543630,-7.3918,16.3,5.27
1544351,-7.3918,17.3,5.27
1545072,-7.3918,17.3,5.27
1545793,-7.3918,17.3,5.27
1546514,-7.3918,18.3,5.26
1547235,-7.3918,18.3,5.26
1547956,-7.3918,18.3,5.26
1548677,-7.3918,18.3,5.26
1549398,-7.3918,17.3,5.26
1550119,-7.3918,18.3,5.26
1550840,-7.3918,18.3,5.26
1551561,-7.3918,17.3,5.25
1552282,-7.3918,17.3,5.25
1553003,-7.3918,17.3,5.25
1553724,-7.3918,17.3,5.25
1554445,-7.3918,17.3,5.24
1555166,-7.3918,17.3,5.24
1555887,-7.3918,17.3,5.24
1556608,-7.3918,17.3,5.24
1557329,-7.3918,17.3,5.24
1558050,-7.6172,18.3,5.23
1558771,-5.6565,18.3,5.23
1559492,-6.3101,18.3,5.23
1560213,-5.9495,17.3,5.23
1560934,-5.8819,17.3,5.23
1561655,-5.4087,17.3,5.22
1562376,-5.8143,17.3,5.22
1563097,-6.1974,18.3,5.22
1563818,-5.9721,18.3,5.22
1564539,-6.0397,17.3,5.22
1565260,-5.4988,18.3,5.22
1565981,-6.5580,18.3,5.21
1566702,-5.5889,17.3,5.21
1567423,-6.2876,17.3,5.21
1568144,-5.3636,18.3,5.20
1568865,-5.3636,17.3,5.20
1569586,-5.3636,17.3,5.20
1570307,-5.3636,18.3,5.20
1571028,-5.3636,18.3,5.20
1571749,-5.3636,17.3,5.19
1572470,-5.3636,17.3,5.19
1573191,-5.3636,17.3,5.19
1573912,-5.3636,17.3,5.19
1574633,-5.3636,18.3,5.19
1575354,-5.3636,18.3,5.19
1576075,-5.3636,18.3,5.18
1576796,-5.3636,18.3,5.18
1577517,-5.3636,18.3,5.18
1578238,-5.3636,17.3,5.18
1578959,-5.3636,18.3,5.17
1579680,-5.3636,17.3,5.17
1580401,-5.3636,18.3,5.17
1581122,-5.3636,17.3,5.17
1581843,-5.3636,16.3,5.17
1582564,-5.3636,17.3,5.16
1583285,-5.3636,17.3,5.16
1584006,-5.3636,17.3,5.16
1584727,-7.1890,17.3,5.15
1585448,-7.8425,17.3,5.16
1586169,-7.2115,17.3,5.15
1586890,-7.5045,17.3,5.15
1587611,-6.3101,17.3,5.15
1588332,-6.2650,17.3,5.14
1589053,-6.4904,17.3,5.14
1589774,-6.7157,18.3,5.14
1590495,-6.1523,17.3,5.14
1591216,-5.0706,18.3,5.13
1591937,-7.0312,18.3,5.13
1592658,-5.4087,18.3,5.13
1593379,-5.6791,17.3,5.13
1594100,-5.7918,17.3,5.13
1594821,-6.2876,18.3,5.13
1595542,-6.2876,17.3,5.13
1596263,-6.2876,17.3,5.13
1596984,-6.2876,17.3,5.12
1597705,-6.2876,17.3,5.12
1598426,-6.2876,17.3,5.12
1599147,-6.2876,17.3,5.11
1599868,-6.2876,17.3,5.11
1600589,-6.2876,17.3,5.11
1601310,-6.2876,17.3,5.11
1602031,-6.2876,17.3,5.11
1602752,-6.2876,17.3,5.10
1603473,-6.2876,17.3,5.11
1604194,-6.2876,17.3,5.11
1604915,-6.2876,17.3,5.10
# [n=2200] mean=-6.9268 m  sigma=1.0552 m  die=17.3 C  CalVal=-42
1605636,-6.2876,17.3,5.10
1606357,-6.2876,17.3,5.10
1607078,-6.2876,17.3,5.10
1607799,-6.2876,17.3,5.09
1608520,-6.2876,17.3,5.09
1609241,-6.2876,17.3,5.09
1609962,-6.2876,17.3,5.09
1610683,-6.2876,17.3,5.09
1611404,-7.1665,17.3,5.09
1612125,-8.2482,16.3,5.08
1612846,-7.2115,17.3,5.08
1613567,-8.9017,17.3,5.08
1614288,-7.6172,17.3,5.08
1615009,-7.5270,17.3,5.07
1615730,-5.3185,18.3,5.07
1616451,-6.3552,18.3,5.07
1617172,-6.6707,17.3,5.07
1617893,-6.9186,17.3,5.07
1618614,-6.3777,17.3,5.07
1619335,-4.9805,18.3,5.06
1620056,-5.5664,17.3,5.06
1620777,-6.4453,17.3,5.06
1621498,-6.2876,17.3,5.06
1622219,-6.2876,17.3,5.06
1622940,-6.2876,17.3,5.06
1623661,-6.2876,17.3,5.05
1624382,-6.2876,17.3,5.05
1625103,-6.2876,17.3,5.05
1625824,-6.2876,17.3,5.04
1626545,-6.2876,16.3,5.05
1627266,-6.2876,16.3,5.04
1627987,-6.2876,17.3,5.05
1628708,-6.2876,17.3,5.04
1629429,-6.2876,17.3,5.04
1630150,-6.2876,17.3,5.04
1630871,-6.2876,17.3,5.03
1631592,-6.2876,17.3,5.03
1632313,-6.2876,17.3,5.03
1633034,-6.2876,17.3,5.03
1633755,-6.2876,17.3,5.03
1634476,-6.2876,17.3,5.02
1635197,-6.2876,17.3,5.02
1635918,-6.2876,17.3,5.02
1636639,-6.2876,16.3,5.03
1637360,-6.2876,17.3,5.02
1638081,-7.3918,17.3,5.02
1638802,-8.0904,17.3,5.02
1639523,-8.0228,16.3,5.01
1640244,-6.6031,17.3,5.01
1640965,-7.0763,17.3,5.01
1641686,-7.6848,16.3,5.01
1642407,-7.4144,15.3,5.01
1643128,-7.4369,16.3,5.01
1643849,-7.0538,15.3,5.01
1644570,-8.0904,17.3,5.00
1645291,-7.3693,16.3,5.00
1646012,-6.4678,17.3,4.99
1646733,-7.4144,17.3,4.99
1647454,-8.0904,17.3,4.99
1648175,-7.6848,17.3,4.99
1648896,-7.6848,18.3,4.99
1649617,-7.6848,18.3,4.99
1650338,-7.6848,17.3,4.98
1651059,-7.6848,17.3,4.98
1651780,-7.6848,17.3,4.98
1652501,-7.6848,17.3,4.98
1653222,-7.6848,17.3,4.98
1653943,-7.6848,17.3,4.97
1654664,-7.6848,17.3,4.97
1655385,-7.6848,17.3,4.97
1656106,-7.6848,17.3,4.97
1656827,-7.6848,17.3,4.97
1657548,-7.6848,18.3,4.96
1658269,-7.6848,18.3,4.97
1658990,-7.6848,17.3,4.96
1659711,-7.6848,18.3,4.96
1660432,-7.6848,17.3,4.96
1661153,-7.6848,17.3,4.96
1661874,-7.6848,17.3,4.96
1662595,-7.6848,17.3,4.95
1663316,-7.6848,17.3,4.95
1664037,-7.6848,17.3,4.95
1664758,-6.9186,17.3,4.94
1665479,-7.6397,17.3,4.94
1666200,-8.3158,18.3,4.94
1666921,-8.4736,17.3,4.94
1667642,-7.7073,18.3,4.94
1668363,-8.3383,16.3,4.93
1669084,-8.7665,17.3,4.93
1669805,-8.8116,17.3,4.93
1670526,-8.0228,17.3,4.93
1671247,-8.0454,18.3,4.93
1671968,-8.3834,18.3,4.93
1672689,-8.4059,17.3,4.93
1673410,-8.0454,17.3,4.93
1674131,-7.6172,17.3,4.93
1674852,-7.1665,17.3,4.93
1675573,-7.1665,17.3,4.92
1676294,-7.1665,18.3,4.92
1677015,-7.1665,18.3,4.92
# [n=2300] mean=-6.9358 m  sigma=1.0470 m  die=18.3 C  CalVal=-42
1677736,-7.1665,17.3,4.91
1678457,-7.1665,17.3,4.91
1679178,-7.1665,17.3,4.91
1679899,-7.1665,17.3,4.91
1680620,-7.1665,17.3,4.91
1681341,-7.1665,17.3,4.91
1682062,-7.1665,18.3,4.90
1682783,-7.1665,17.3,4.90
1683504,-7.1665,17.3,4.90
1684225,-7.1665,17.3,4.90
1684946,-7.1665,17.3,4.91
1685667,-7.1665,17.3,4.90
1686388,-7.1665,17.3,4.89
1687109,-7.1665,17.3,4.89
1687830,-7.1665,17.3,4.89
1688551,-7.1665,17.3,4.89
1689272,-7.1665,18.3,4.89
1689993,-7.1665,18.3,4.89
1690714,-7.1665,18.3,4.88
1691435,-7.6623,17.3,4.88
1692156,-6.8059,17.3,4.88
1692877,-7.6397,17.3,4.88
1693598,-7.9102,17.3,4.88
1694319,-8.3158,17.3,4.88
1695040,-6.8059,17.3,4.87
1695761,-7.6623,17.3,4.87
1696482,-7.7073,17.3,4.86
1697203,-8.0454,17.3,4.86
1697924,-8.4285,17.3,4.86
1698645,-7.4594,17.3,4.86
1699366,-8.4510,17.3,4.86
1700087,-7.6848,16.3,4.85
1700808,-7.7073,17.3,4.85
1701529,-7.5721,17.3,4.86
1702250,-7.5721,16.3,4.85
1702971,-7.5721,17.3,4.85
1703692,-7.5721,17.3,4.85
1704413,-7.5721,17.3,4.84
1705134,-7.5721,17.3,4.84
1705855,-7.5721,17.3,4.84
1706576,-7.5721,17.3,4.84
1707297,-7.5721,17.3,4.84
1708018,-7.5721,17.3,4.84
1708739,-7.5721,17.3,4.84
1709460,-7.5721,17.3,4.84
1710181,-7.5721,17.3,4.84
1710902,-7.5721,17.3,4.83
1711623,-7.5721,17.3,4.83
1712344,-7.5721,17.3,4.82
1713065,-7.5721,17.3,4.83
1713786,-7.5721,17.3,4.82
1714507,-7.5721,17.3,4.83
1715228,-7.5721,17.3,4.82
1715949,-7.5721,17.3,4.82
1716670,-7.5721,17.3,4.82
1717391,-7.5721,17.3,4.82
1718112,-6.5129,17.3,4.82
1718833,-7.5721,17.3,4.82
1719554,-6.4453,17.3,4.81
1720275,-5.7467,17.3,4.81
1720996,-7.5496,17.3,4.81
1721717,-8.3383,18.3,4.81
1722438,-6.8735,17.3,4.81
1723159,-7.4820,17.3,4.80
1723880,-7.7073,16.3,4.81
1724601,-7.2115,17.3,4.80
1725322,-7.1214,17.3,4.80
1726043,-7.8200,16.3,4.80
1726764,-7.7749,17.3,4.80
1727485,-7.8651,17.3,4.80
1728206,-7.4144,17.3,4.80
1728927,-7.4144,17.3,4.79
1729648,-7.4144,17.3,4.79
1730369,-7.4144,17.3,4.79
1731090,-7.4144,17.3,4.78
1731811,-7.4144,17.3,4.78
1732532,-7.4144,16.3,4.78
1733253,-7.4144,17.3,4.78
1733974,-7.4144,17.3,4.78
1734695,-7.4144,17.3,4.78
1735416,-7.4144,16.3,4.78
1736137,-7.4144,17.3,4.77
1736858,-7.4144,17.3,4.78
1737579,-7.4144,17.3,4.77
1738300,-7.4144,17.3,4.77
1739021,-7.4144,17.3,4.77
1739742,-7.4144,17.3,4.76
1740463,-7.4144,16.3,4.76
1741184,-7.4144,17.3,4.76
1741905,-7.4144,17.3,4.76
1742626,-7.4144,16.3,4.76
1743347,-7.4144,16.3,4.75
1744068,-7.4144,15.3,4.76
1744789,-6.5805,16.3,4.75
1745510,-7.0087,16.3,4.76
1746231,-7.5045,16.3,4.75
1746952,-7.7524,17.3,4.75
1747673,-7.0989,17.3,4.75
1748394,-8.3158,17.3,4.75
1749115,-7.4820,17.3,4.75
# [n=2400] mean=-6.9563 m  sigma=1.0327 m  die=17.3 C  CalVal=-42
1749836,-7.0989,17.3,4.74
1750557,-6.8059,17.3,4.74
1751278,-6.8284,17.3,4.75
1751999,-7.0989,17.3,4.74
1752720,-8.1581,17.3,4.74
1753441,-7.4144,17.3,4.74
1754162,-7.0538,17.3,4.73
1754883,-7.7975,17.3,4.73
1755604,-7.7975,17.3,4.73
1756325,-7.7975,17.3,4.73
1757046,-7.7975,17.3,4.73
1757767,-7.7975,17.3,4.73
1758488,-7.7975,17.3,4.73
1759209,-7.7975,17.3,4.72
1759930,-7.7975,17.3,4.72
1760651,-7.7975,17.3,4.71
1761372,-7.7975,17.3,4.71
1762093,-7.7975,17.3,4.72
1762814,-7.7975,17.3,4.71
1763535,-7.7975,17.3,4.71
1764256,-7.7975,17.3,4.71
1764977,-7.7975,17.3,4.71
1765698,-7.7975,17.3,4.71
1766419,-7.7975,17.3,4.71
1767140,-7.7975,17.3,4.70
1767861,-7.7975,17.3,4.71
1768582,-7.7975,17.3,4.70
1769303,-7.7975,17.3,4.70
1770024,-7.7975,17.3,4.70
1770745,-7.7975,17.3,4.70
1771466,-7.4820,17.3,4.70
1772187,-6.7608,17.3,4.70
1772908,-6.9411,17.3,4.69
1773629,-7.8200,17.3,4.70
1774350,-7.6623,17.3,4.69
1775071,-6.6481,17.3,4.70
1775792,-7.2341,17.3,4.69
1776513,-7.0763,17.3,4.69
1777234,-7.6172,17.3,4.69
1777955,-6.8284,17.3,4.69
1778676,-6.6932,16.3,4.68
1779397,-6.7834,17.3,4.68
1780118,-7.7749,17.3,4.68
1780839,-7.3468,16.3,4.68
1781560,-6.5580,17.3,4.68
1782281,-6.5580,17.3,4.68
1783002,-6.5580,16.3,4.68
1783723,-6.5580,17.3,4.67
1784444,-6.5580,17.3,4.67
1785165,-6.5580,17.3,4.67
1785886,-6.5580,17.3,4.67
1786607,-6.5580,17.3,4.66
1787328,-6.5580,17.3,4.67
1788049,-6.5580,17.3,4.66
1788770,-6.5580,17.3,4.67
1789491,-6.5580,16.3,4.66
1790212,-6.5580,17.3,4.66
1790933,-6.5580,17.3,4.66
1791654,-6.5580,16.3,4.65
1792375,-6.5580,17.3,4.65
1793096,-6.5580,17.3,4.65
1793817,-6.5580,17.3,4.65
1794538,-6.5580,17.3,4.65
1795259,-6.5580,16.3,4.64
1795980,-6.5580,16.3,4.65
1796701,-6.5580,17.3,4.64
1797422,-6.5580,17.3,4.64
1798143,-6.7383,16.3,4.64
1798864,-7.1890,17.3,4.64
1799585,-7.1665,17.3,4.63
1800306,-7.8651,17.3,4.63
1801027,-7.3017,17.3,4.64
1801748,-7.2115,17.3,4.64
1802469,-6.6932,17.3,4.63
1803190,-6.6481,17.3,4.63
1803911,-7.3468,17.3,4.63
1804632,-7.8876,17.3,4.62
1805353,-7.3017,17.3,4.62
1806074,-7.0312,17.3,4.62
1806795,-7.4144,17.3,4.62
1807516,-6.9862,17.3,4.62
1808237,-6.9411,17.3,4.62
1808958,-6.9411,17.3,4.62
1809679,-6.9411,17.3,4.61
1810400,-6.9411,17.3,4.61
1811121,-6.9411,17.3,4.62
1811842,-6.9411,17.3,4.61
1812563,-6.9411,17.3,4.61
1813284,-6.9411,16.3,4.61
1814005,-6.9411,17.3,4.61
1814726,-6.9411,16.3,4.61
1815447,-6.9411,17.3,4.60
1816168,-6.9411,17.3,4.60
1816889,-6.9411,16.3,4.60
1817610,-6.9411,15.3,4.60
1818331,-6.9411,16.3,4.60
1819052,-6.9411,16.3,4.60
1819773,-6.9411,17.3,4.60
1820494,-6.9411,17.3,4.59
1821215,-6.9411,16.3,4.59
# [n=2500] mean=-6.9637 m  sigma=1.0172 m  die=16.3 C  CalVal=-42
1821936,-6.9411,16.3,4.59
1822657,-6.9411,17.3,4.59
1823378,-6.9411,17.3,4.59
1824099,-6.9411,17.3,4.59
1824820,-8.0679,17.3,4.59
1825541,-6.3777,17.3,4.59
1826262,-7.0763,17.3,4.59
1826983,-5.6565,17.3,4.59
1827704,-7.1214,17.3,4.58
1828425,-7.6172,17.3,4.58
1829146,-6.8284,17.3,4.57
1829867,-7.4144,17.3,4.58
1830588,-6.9186,17.3,4.57
1831309,-6.8284,17.3,4.57
1832030,-7.3017,17.3,4.57
1832751,-7.4369,17.3,4.57
1833472,-7.4594,17.3,4.57
1834193,-7.7749,17.3,4.57
1834914,-7.1214,17.3,4.57
1835635,-7.1214,17.3,4.57
1836356,-7.1214,17.3,4.56
1837077,-7.1214,17.3,4.57
1837798,-7.1214,17.3,4.56
1838519,-7.1214,17.3,4.56
1839240,-7.1214,17.3,4.56
1839961,-7.1214,17.3,4.56
1840682,-7.1214,17.3,4.55
1841403,-7.1214,17.3,4.56
1842124,-7.1214,17.3,4.55
1842845,-7.1214,17.3,4.55
1843566,-7.1214,17.3,4.55
1844287,-7.1214,17.3,4.55
1845008,-7.1214,17.3,4.55
1845729,-7.1214,17.3,4.55
1846450,-7.1214,17.3,4.54
1847171,-7.1214,17.3,4.54
1847892,-7.1214,17.3,4.54
1848613,-7.1214,17.3,4.53
1849334,-7.1214,17.3,4.54
1850055,-7.1214,16.3,4.53
1850776,-7.1214,17.3,4.53
1851497,-7.9778,17.3,4.53
1852218,-7.1214,17.3,4.53
1852939,-6.6707,17.3,4.53
1853660,-7.4820,17.3,4.53
1854381,-7.4369,17.3,4.53
1855102,-6.9636,17.3,4.53
1855823,-6.8735,17.3,4.53
1856544,-6.6932,16.3,4.52
1857265,-6.7383,17.3,4.52
1857986,-7.7975,16.3,4.52
1858707,-7.5721,17.3,4.52
1859428,-7.3693,17.3,4.52
1860149,-5.8594,17.3,4.52
1860870,-6.6481,17.3,4.52
1861591,-7.9778,17.3,4.51
1862312,-7.9778,17.3,4.51
1863033,-7.9778,17.3,4.51
1863754,-7.9778,17.3,4.51
1864475,-7.9778,16.3,4.51
1865196,-7.9778,17.3,4.51
1865917,-7.9778,17.3,4.50
1866638,-7.9778,17.3,4.50
1867359,-7.9778,17.3,4.50
1868080,-7.9778,17.3,4.50
1868801,-7.9778,17.3,4.49
1869522,-7.9778,17.3,4.50
1870243,-7.9778,17.3,4.49
1870964,-7.9778,17.3,4.49
1871685,-7.9778,17.3,4.49
1872406,-7.9778,17.3,4.48
1873127,-7.9778,17.3,4.49
1873848,-7.9778,16.3,4.49
1874569,-7.9778,16.3,4.48
1875290,-7.9778,16.3,4.48
1876011,-7.9778,17.3,4.48
1876732,-7.9778,17.3,4.48
1877453,-7.1214,17.3,4.48
1878174,-6.6256,17.3,4.48
1878895,-6.8960,17.3,4.48
1879616,-6.9636,17.3,4.47
1880337,-6.5355,17.3,4.47
1881058,-7.0763,17.3,4.48
1881779,-6.8735,17.3,4.47
1882500,-6.5355,17.3,4.48
1883221,-7.5947,17.3,4.47
1883942,-7.0312,17.3,4.47
1884663,-8.7215,17.3,4.46
1885384,-6.6932,17.3,4.46
1886105,-5.5439,15.3,4.47
1886826,-7.6397,16.3,4.47
1887547,-7.7299,17.3,4.46
1888268,-6.1073,17.3,4.46
1888989,-6.1073,17.3,4.46
1889710,-6.1073,17.3,4.46
1890431,-6.1073,17.3,4.46
1891152,-6.1073,17.3,4.46
1891873,-6.1073,17.3,4.45
1892594,-6.1073,16.3,4.45
1893315,-6.1073,17.3,4.45
# [n=2600] mean=-6.9730 m  sigma=1.0062 m  die=17.3 C  CalVal=-43
1894036,-6.1073,17.3,4.45
1894757,-6.1073,17.3,4.45
1895478,-6.1073,17.3,4.45
1896199,-6.1073,17.3,4.44
1896920,-6.1073,17.3,4.44
1897641,-6.1073,16.3,4.44
1898362,-6.1073,17.3,4.44
1899083,-6.1073,17.3,4.44
1899804,-6.1073,17.3,4.44
1900525,-6.1073,17.3,4.44
1901246,-6.1073,16.3,4.44
1901967,-6.1073,17.3,4.44
1902688,-6.1073,16.3,4.43
1903409,-6.1073,15.3,4.43
1904130,-6.9186,16.3,4.43
1904851,-7.5947,15.3,4.43
1905572,-6.6932,16.3,4.43
1906293,-7.9552,17.3,4.42
1907014,-7.4369,17.3,4.42
1907735,-7.4820,17.3,4.42
1908456,-7.6623,17.3,4.42
1909177,-6.6031,17.3,4.42
1909898,-7.2791,15.3,4.41
1910619,-6.5580,16.3,4.41
1911340,-7.9327,17.3,4.42
1912061,-7.5721,17.3,4.41
1912782,-6.1749,17.3,4.41
1913503,-6.6932,17.3,4.41
1914224,-6.9186,17.3,4.41
# outlier -33.3083 die=17.3
# outlier -33.3083 die=17.3
# outlier -33.3083 die=16.3
# outlier -33.3083 die=17.3
# outlier -33.3083 die=17.3
# outlier -33.3083 die=17.3
# outlier -33.3083 die=17.3
# outlier -33.3083 die=17.3
# outlier -33.3083 die=17.3
# outlier -33.3083 die=16.3
# outlier -33.3083 die=17.3
# outlier -33.3083 die=16.3
# outlier -33.3083 die=17.3
# outlier -33.3083 die=17.3
# outlier -33.3083 die=17.3
# outlier -33.3083 die=17.3
# outlier -33.3083 die=17.3
# outlier -33.3083 die=17.3
# outlier -33.3083 die=17.3
# outlier -33.3083 die=17.3
# outlier -33.3083 die=17.3
# outlier -33.3083 die=17.3
1930807,-7.2566,17.3,4.38
1931528,-6.8735,17.3,4.37
1932249,-7.4369,17.3,4.37
1932970,-7.0989,17.3,4.37
1933691,-7.1439,17.3,4.37
1934412,-7.4369,17.3,4.37
1935133,-6.6481,17.3,4.36
1935854,-7.5947,17.3,4.37
1936575,-7.6397,17.3,4.37
1937296,-5.9946,16.3,4.37
1938017,-7.4594,15.3,4.37
1938738,-7.7299,16.3,4.36
1939459,-6.2425,16.3,4.36
1940180,-6.7834,16.3,4.36
1940901,-7.0087,16.3,4.36
1941622,-7.0087,15.3,4.36
1942343,-7.0087,16.3,4.36
1943064,-7.0087,17.3,4.36
1943785,-7.0087,17.3,4.36
1944506,-7.0087,17.3,4.35
1945227,-7.0087,17.3,4.35
1945948,-7.0087,17.3,4.35
1946669,-7.0087,17.3,4.35
1947390,-7.0087,17.3,4.35
1948111,-7.0087,17.3,4.35
1948832,-7.0087,16.3,4.34
1949553,-7.0087,17.3,4.34
1950274,-7.0087,17.3,4.34
1950995,-7.0087,17.3,4.34
1951716,-7.0087,16.3,4.34
1952437,-7.0087,17.3,4.34
1953158,-7.0087,17.3,4.34
1953879,-7.0087,16.3,4.33
1954600,-7.0087,16.3,4.33
1955321,-7.0087,16.3,4.33
1956042,-7.0087,17.3,4.33
1956763,-7.0087,17.3,4.33
1957484,-5.9495,16.3,4.33
1958205,-7.6397,17.3,4.33
1958926,-7.5270,17.3,4.33
1959647,-6.8510,17.3,4.33
1960368,-7.6397,17.3,4.33
1961089,-6.1749,16.3,4.33
1961810,-7.5270,17.3,4.32
1962531,-7.2791,16.3,4.33
1963252,-6.3101,16.3,4.32
1963973,-7.0312,16.3,4.32
1964694,-7.0989,17.3,4.31
1965415,-7.3918,17.3,4.32
1966136,-8.5637,16.3,4.31
1966857,-6.9186,17.3,4.32
1967578,-6.7834,16.3,4.31
1968299,-6.7834,17.3,4.31
1969020,-6.7834,16.3,4.30
1969741,-6.7834,15.3,4.30
1970462,-6.7834,16.3,4.30
1971183,-6.7834,16.3,4.31
1971904,-6.7834,17.3,4.30
1972625,-6.7834,17.3,4.30
1973346,-6.7834,15.3,4.30
1974067,-6.7834,16.3,4.30
1974788,-6.7834,17.3,4.30
1975509,-6.7834,17.3,4.30
1976230,-6.7834,17.3,4.30
1976951,-6.7834,17.3,4.29
1977672,-6.7834,17.3,4.29
1978393,-6.7834,17.3,4.30
1979114,-6.7834,17.3,4.29
1979835,-6.7834,17.3,4.29
1980556,-6.7834,17.3,4.29
1981277,-6.7834,17.3,4.29
# [n=2700] mean=-6.9699 m  sigma=0.9923 m  die=17.3 C  CalVal=-43
1981998,-6.7834,17.3,4.29
1982719,-6.7834,17.3,4.29
1983440,-6.7834,17.3,4.28
1984161,-7.7073,17.3,4.28
1984882,-8.1581,17.3,4.28
1985603,-7.6623,17.3,4.28
1986324,-6.8960,17.3,4.28
1987045,-6.6707,17.3,4.28
1987766,-6.0622,17.3,4.28
1988487,-7.1890,17.3,4.27
1989208,-6.7608,17.3,4.27
1989929,-8.4510,17.3,4.27
1990650,-6.6031,17.3,4.28
1991371,-6.7608,17.3,4.27
1992092,-7.7073,17.3,4.27
1992813,-8.3383,17.3,4.26
1993534,-7.2566,17.3,4.27
1994255,-6.7383,17.3,4.27
1994976,-6.7383,17.3,4.27
1995697,-6.7383,17.3,4.26
1996418,-6.7383,17.3,4.27
1997139,-6.7383,17.3,4.26
1997860,-6.7383,17.3,4.26
1998581,-6.7383,17.3,4.26
1999302,-6.7383,17.3,4.26
2000023,-6.7383,17.3,4.26
2000744,-6.7383,17.3,4.25
2001465,-6.7383,17.3,4.25
2002186,-6.7383,17.3,4.25
2002907,-6.7383,17.3,4.25
2003628,-6.7383,17.3,4.25
2004349,-6.7383,17.3,4.24
2005070,-6.7383,17.3,4.24
2005791,-6.7383,17.3,4.24
2006512,-6.7383,17.3,4.24
2007233,-6.7383,17.3,4.24
2007954,-6.7383,17.3,4.24
2008675,-6.7383,17.3,4.24
2009396,-6.7383,17.3,4.24
2010117,-6.7383,17.3,4.24
2010838,-6.6707,17.3,4.23
2011559,-6.7834,17.3,4.24
2012280,-8.2257,17.3,4.23
2013001,-6.6256,17.3,4.23
2013722,-8.0228,17.3,4.22
2014443,-6.0847,17.3,4.23
2015164,-6.6932,17.3,4.23
2015885,-6.8510,17.3,4.22
2016606,-7.9552,17.3,4.22
2017327,-7.7299,17.3,4.22
2018048,-7.8651,16.3,4.22
2018769,-7.4594,17.3,4.23
2019490,-7.3242,16.3,4.22
2020211,-7.2341,17.3,4.22
2020932,-5.9270,17.3,4.22
2021653,-5.9270,17.3,4.21
2022374,-5.9270,17.3,4.21
2023095,-5.9270,17.3,4.21
2023816,-5.9270,17.3,4.21
2024537,-5.9270,17.3,4.21
2025258,-5.9270,17.3,4.21
2025979,-5.9270,17.3,4.21
2026700,-5.9270,17.3,4.20
2027421,-5.9270,17.3,4.20
2028142,-5.9270,17.3,4.20
2028863,-5.9270,17.3,4.20
2029584,-5.9270,17.3,4.20
2030305,-5.9270,17.3,4.20
2031026,-5.9270,17.3,4.20
2031747,-5.9270,17.3,4.20
2032468,-5.9270,17.3,4.19
2033189,-5.9270,17.3,4.20
2033910,-5.9270,16.3,4.20
2034631,-5.9270,17.3,4.20
2035352,-5.9270,17.3,4.19
2036073,-5.9270,17.3,4.19
2036794,-5.9270,17.3,4.19
2037515,-7.6397,17.3,4.19
2038236,-6.9862,17.3,4.18
2038957,-6.8284,16.3,4.18
2039678,-7.1890,17.3,4.18
2040399,-7.2566,16.3,4.18
2041120,-5.8368,16.3,4.18
2041841,-6.7383,16.3,4.18
2042562,-7.8876,16.3,4.18
2043283,-6.9636,17.3,4.18
2044004,-7.5270,17.3,4.18
2044725,-7.0087,17.3,4.18
2045446,-7.4369,17.3,4.17
2046167,-6.9186,17.3,4.18
2046888,-7.2115,17.3,4.17
2047609,-7.5947,17.3,4.17
2048330,-7.5947,17.3,4.17
2049051,-7.5947,17.3,4.17
2049772,-7.5947,16.3,4.17
2050493,-7.5947,16.3,4.17
2051214,-7.5947,16.3,4.17
2051935,-7.5947,17.3,4.17
2052656,-7.5947,16.3,4.16
2053377,-7.5947,16.3,4.16
# [n=2800] mean=-6.9650 m  sigma=0.9832 m  die=16.3 C  CalVal=-42
2054098,-7.5947,17.3,4.16
2054819,-7.5947,16.3,4.16
2055540,-7.5947,17.3,4.16
2056261,-7.5947,16.3,4.16
2056982,-7.5947,16.3,4.16
2057703,-7.5947,15.3,4.16
2058424,-7.5947,16.3,4.16
2059145,-7.5947,17.3,4.16
2059866,-7.5947,17.3,4.15
2060587,-7.5947,17.3,4.15
2061308,-7.5947,17.3,4.15
2062029,-7.5947,17.3,4.15
2062750,-7.5947,17.3,4.14
2063471,-7.5947,17.3,4.15
2064192,-6.6031,17.3,4.15
2064913,-7.6172,17.3,4.15
2065634,-8.8116,17.3,4.15
2066355,-7.6172,17.3,4.14
2067076,-8.1806,17.3,4.14
2067797,-7.5947,17.3,4.14
2068518,-7.5045,16.3,4.14
2069239,-7.7749,17.3,4.14
2069960,-5.8143,17.3,4.14
2070681,-7.3918,16.3,4.14
2071402,-7.1665,17.3,4.13
2072123,-6.0847,17.3,4.14
2072844,-7.2115,17.3,4.13
2073565,-7.6172,17.3,4.13
2074286,-7.8651,17.3,4.13
2075007,-7.8651,17.3,4.13
2075728,-7.8651,16.3,4.13
2076449,-7.8651,15.3,4.12
2077170,-7.8651,16.3,4.12
2077891,-7.8651,16.3,4.12
2078612,-7.8651,15.3,4.12
2079333,-7.8651,16.3,4.12
2080054,-7.8651,15.3,4.12
2080775,-7.8651,16.3,4.12
2081496,-7.8651,15.3,4.12
2082217,-7.8651,15.3,4.13
2082938,-7.8651,16.3,4.12
2083659,-7.8651,17.3,4.12
2084380,-7.8651,17.3,4.11
2085101,-7.8651,17.3,4.11
2085822,-7.8651,16.3,4.11
2086543,-7.8651,17.3,4.11
2087264,-7.8651,15.3,4.11
2087985,-7.8651,16.3,4.10
2088706,-7.8651,16.3,4.11
2089427,-7.8651,16.3,4.10
2090148,-7.8651,17.3,4.10
2090869,-6.5805,16.3,4.10
2091590,-7.6848,16.3,4.10
2092311,-7.7299,16.3,4.10
2093032,-5.9721,16.3,4.10
2093753,-6.2200,16.3,4.10
2094474,-7.5045,17.3,4.09
2095195,-7.3017,15.3,4.09
2095916,-6.6256,15.3,4.09
2096637,-6.8735,16.3,4.09
2097358,-7.1214,16.3,4.09
2098079,-7.0538,16.3,4.09
2098800,-6.5129,17.3,4.08
2099521,-6.4678,17.3,4.08
2100242,-7.5270,17.3,4.09
2100963,-5.7467,17.3,4.08
2101684,-5.7467,17.3,4.09
2102405,-5.7467,17.3,4.09
2103126,-5.7467,17.3,4.08
2103847,-5.7467,17.3,4.08
2104568,-5.7467,17.3,4.08
2105289,-5.7467,17.3,4.08
2106010,-5.7467,16.3,4.08
2106731,-5.7467,17.3,4.08
2107452,-5.7467,16.3,4.08
2108173,-5.7467,16.3,4.08
2108894,-5.7467,16.3,4.08
2109615,-5.7467,17.3,4.08
2110336,-5.7467,17.3,4.07
2111057,-5.7467,17.3,4.07
2111778,-5.7467,17.3,4.07
2112499,-5.7467,17.3,4.07
2113220,-5.7467,17.3,4.07
2113941,-5.7467,17.3,4.07
2114662,-5.7467,17.3,4.07
2115383,-5.7467,17.3,4.07
2116104,-5.7467,17.3,4.06
2116825,-5.7467,17.3,4.07
2117546,-6.5129,17.3,4.07
2118267,-7.4144,17.3,4.06
2118988,-6.9186,17.3,4.06
2119709,-8.2707,17.3,4.06
2120430,-7.6848,17.3,4.06
2121151,-8.0228,17.3,4.06
2121872,-7.6397,17.3,4.06
2122593,-7.6848,16.3,4.06
2123314,-7.7524,17.3,4.06
2124035,-7.9102,17.3,4.06
2124756,-6.9186,17.3,4.05
2125477,-7.6623,17.3,4.05
# [n=2900] mean=-6.9696 m  sigma=0.9801 m  die=17.3 C  CalVal=-43
2126198,-6.0397,17.3,4.06
2126919,-6.9862,16.3,4.05
2127640,-6.7157,16.3,4.04
2128361,-6.7157,17.3,4.05
2129082,-6.7157,17.3,4.04
2129803,-6.7157,17.3,4.05
2130524,-6.7157,17.3,4.04
2131245,-6.7157,17.3,4.04
2131966,-6.7157,17.3,4.04
2132687,-6.7157,17.3,4.04
2133408,-6.7157,17.3,4.03
2134129,-6.7157,17.3,4.04
2134850,-6.7157,17.3,4.03
2135571,-6.7157,17.3,4.04
2136292,-6.7157,17.3,4.04
2137013,-6.7157,17.3,4.03
2137734,-6.7157,16.3,4.04
2138455,-6.7157,16.3,4.03
2139176,-6.7157,17.3,4.03
2139897,-6.7157,17.3,4.03
2140618,-6.7157,17.3,4.03
2141339,-6.7157,16.3,4.02
2142060,-6.7157,16.3,4.02
2142781,-6.7157,17.3,4.02
2143502,-6.7157,16.3,4.02
2144223,-5.9495,16.3,4.02
2144944,-7.3468,17.3,4.02
2145665,-7.0312,17.3,4.02
2146386,-8.9017,17.3,4.02
2147107,-7.3017,17.3,4.02
2147828,-7.7299,17.3,4.02
2148549,-7.7299,17.3,4.02
2149270,-7.4594,17.3,4.02
2149991,-6.4678,17.3,4.01
2150712,-6.5805,17.3,4.01
2151433,-7.5721,17.3,4.01
2152154,-7.4144,17.3,4.01
2152875,-7.3468,16.3,4.01
2153596,-6.6707,16.3,4.01
2154317,-7.7524,16.3,4.01
2155038,-7.7524,17.3,4.01
2155759,-7.7524,17.3,4.00
2156480,-7.7524,17.3,4.00
2157201,-7.7524,17.3,4.00
2157922,-7.7524,17.3,4.00
2158643,-7.7524,17.3,4.00
2159364,-7.7524,17.3,4.00
2160085,-7.7524,17.3,4.00
2160806,-7.7524,17.3,4.00
2161527,-7.7524,17.3,4.00
2162248,-7.7524,16.3,3.99
2162969,-7.7524,16.3,4.00
2163690,-7.7524,17.3,4.00
2164411,-7.7524,17.3,3.99
2165132,-7.7524,17.3,3.99
2165853,-7.7524,17.3,3.99
2166574,-7.7524,16.3,3.99
2167295,-7.7524,16.3,3.98
2168016,-7.7524,16.3,3.98
2168737,-7.7524,16.3,3.98
2169458,-7.7524,17.3,3.98
2170179,-7.7524,17.3,3.98
2170900,-7.4594,17.3,3.98
2171621,-7.1890,17.3,3.98
2172342,-8.2482,17.3,3.98
2173063,-8.2257,17.3,3.98
2173784,-7.3017,15.3,3.98
2174505,-7.0312,16.3,3.98
2175226,-6.7834,17.3,3.97
2175947,-6.0397,16.3,3.97
2176668,-7.5270,17.3,3.97
2177389,-7.1439,17.3,3.97
2178110,-6.0171,17.3,3.97
2178831,-6.9862,17.3,3.97
2179552,-7.7749,17.3,3.97
2180273,-8.1355,17.3,3.97
2180994,-7.6623,17.3,3.96
2181715,-7.6623,17.3,3.97
2182436,-7.6623,17.3,3.96
2183157,-7.6623,16.3,3.96
2183878,-7.6623,16.3,3.96
2184599,-7.6623,17.3,3.96
2185320,-7.6623,17.3,3.96
2186041,-7.6623,17.3,3.96
2186762,-7.6623,17.3,3.96
2187483,-7.6623,16.3,3.96
2188204,-7.6623,16.3,3.96
2188925,-7.6623,17.3,3.95
2189646,-7.6623,17.3,3.95
2190367,-7.6623,17.3,3.96
2191088,-7.6623,16.3,3.95
2191809,-7.6623,17.3,3.95
2192530,-7.6623,17.3,3.95
2193251,-7.6623,17.3,3.95
2193972,-7.6623,17.3,3.95
2194693,-7.6623,17.3,3.94
2195414,-7.6623,17.3,3.94
2196135,-7.6623,16.3,3.94
2196856,-7.6623,16.3,3.94
2197577,-6.8284,17.3,3.94
# [n=3000] mean=-6.9814 m  sigma=0.9709 m  die=17.3 C  CalVal=-43
2198298,-7.1665,17.3,3.94
2199019,-7.7975,17.3,3.94
2199740,-7.8876,17.3,3.94
2200461,-8.2031,17.3,3.94
2201182,-8.2031,17.3,3.94
2201903,-7.3468,17.3,3.94
2202624,-6.9636,16.3,3.93
2203345,-7.6172,16.3,3.93
2204066,-7.2791,16.3,3.94
2204787,-8.0454,17.3,3.93
2205508,-7.5045,17.3,3.94
2206229,-8.1581,16.3,3.93
2206950,-6.8510,16.3,3.93
2207671,-8.0228,16.3,3.93
2208392,-8.0228,15.3,3.93
2209113,-8.0228,16.3,3.93
2209834,-8.0228,16.3,3.93
2210555,-8.0228,16.3,3.93
2211276,-8.0228,16.3,3.93
2211997,-8.0228,17.3,3.92
2212718,-8.0228,17.3,3.92
2213439,-8.0228,17.3,3.92
2214160,-8.0228,17.3,3.91
2214881,-8.0228,17.3,3.92
2215602,-8.0228,17.3,3.92
2216323,-8.0228,17.3,3.92
2217044,-8.0228,17.3,3.92
2217765,-8.0228,17.3,3.91
2218486,-8.0228,16.3,3.92
2219207,-8.0228,17.3,3.91
2219928,-8.0228,17.3,3.91
2220649,-8.0228,17.3,3.91
2221370,-8.0228,17.3,3.91
2222091,-8.0228,17.3,3.90
2222812,-8.0228,17.3,3.91
2223533,-8.0228,17.3,3.91
2224254,-7.8200,16.3,3.90
2224975,-7.4369,17.3,3.90
2225696,-8.1355,17.3,3.90
2226417,-7.1890,17.3,3.90
2227138,-7.2791,17.3,3.90
2227859,-7.2341,17.3,3.90
2228580,-7.7975,17.3,3.90
2229301,-8.0003,15.3,3.90
2230022,-7.5947,15.3,3.89
2230743,-7.7524,16.3,3.90
2231464,-6.8059,16.3,3.89
2232185,-7.8425,16.3,3.89
2232906,-7.7749,15.3,3.89
2233627,-8.1581,15.3,3.89
2234348,-8.1806,15.3,3.89
2235069,-8.1806,16.3,3.89
2235790,-8.1806,16.3,3.88
2236511,-8.1806,16.3,3.88
2237232,-8.1806,17.3,3.88
2237953,-8.1806,17.3,3.88
2238674,-8.1806,17.3,3.88
2239395,-8.1806,15.3,3.88
2240116,-8.1806,15.3,3.88
2240837,-8.1806,16.3,3.88
2241558,-8.1806,16.3,3.88
2242279,-8.1806,16.3,3.88
2243000,-8.1806,16.3,3.88
2243721,-8.1806,17.3,3.88
2244442,-8.1806,17.3,3.87
2245163,-8.1806,17.3,3.87
2245884,-8.1806,17.3,3.87
2246605,-8.1806,17.3,3.87
2247326,-8.1806,17.3,3.87
2248047,-8.1806,17.3,3.86
2248768,-8.1806,16.3,3.87
2249489,-8.1806,16.3,3.86
2250210,-8.1806,15.3,3.86
2250931,-6.4678,16.3,3.86
2251652,-7.8651,16.3,3.86
2252373,-8.1355,16.3,3.86
2253094,-7.2791,15.3,3.86
2253815,-6.7383,14.3,3.86
2254536,-6.9186,15.3,3.86
2255257,-6.9862,16.3,3.85
2255978,-8.1806,16.3,3.85
2256699,-7.5947,16.3,3.85
2257420,-8.5637,17.3,3.85
2258141,-7.7073,17.3,3.85
2258862,-7.8200,17.3,3.85
2259583,-7.7975,17.3,3.85
2260304,-7.7299,15.3,3.85
2261025,-7.8876,16.3,3.85
2261746,-7.8876,15.3,3.85
2262467,-7.8876,16.3,3.85
2263188,-7.8876,16.3,3.84
2263909,-7.8876,17.3,3.84
2264630,-7.8876,16.3,3.84
2265351,-7.8876,16.3,3.84
2266072,-7.8876,17.3,3.85
2266793,-7.8876,17.3,3.84
2267514,-7.8876,15.3,3.84
2268235,-7.8876,16.3,3.84
2268956,-7.8876,16.3,3.84
2269677,-7.8876,16.3,3.83
# [n=3100] mean=-7.0100 m  sigma=0.9705 m  die=16.3 C  CalVal=-43
2270398,-7.8876,17.3,3.84
2271119,-7.8876,16.3,3.83
2271840,-7.8876,17.3,3.84
2272561,-7.8876,17.3,3.83
2273282,-7.8876,17.3,3.83
2274003,-7.8876,17.3,3.83
2274724,-7.8876,16.3,3.82
2275445,-7.8876,17.3,3.82
144,-6.7383,17.3,3.82
2289865,-6.7383,17.3,3.82
2290586,-6.7383,17.3,3.83
2291307,-6.7383,17.3,3.83
2292028,-6.7383,17.3,3.83
2292749,-6.7383,17.3,3.83
2293470,-6.7383,17.3,3.84
2294191,-6.7383,17.3,3.84
2295633,-6.7383,17.3,3.85
2296354,-6.7383,17.3,3.86
2297075,-6.7383,17.3,3.87
2297796,-6.7383,17.3,3.87
2298517,-6.7383,17.3,3.88
2299238,-6.7383,17.3,3.89
2299959,-6.7383,17.3,3.90
2300680,-6.7383,17.3,3.91
2301401,-6.7383,16.3,3.92
2302122,-6.7383,17.3,3.94
2302843,-6.7383,17.3,3.95
2303564,-6.7383,17.3,3.96
2304285,-7.9778,17.3,3.97
2305006,-7.9102,17.3,4.00
2305727,-7.3693,17.3,4.00
2306448,-8.6764,17.3,4.01
2307169,-7.9778,17.3,4.03
2307890,-9.3750,17.3,4.04
2308611,-7.5496,17.3,4.06
2309332,-7.9778,17.3,4.07
2310053,-6.8735,17.3,4.10
2310774,-8.7440,17.3,4.11
2311495,-7.3918,16.3,4.13
2312216,-8.6764,15.3,4.15
2312937,-8.4059,16.3,4.16
2313658,-7.3468,16.3,4.18
2314379,-8.0904,16.3,4.20
2315100,-8.0904,17.3,4.22
2315821,-8.0904,16.3,4.24
2316542,-8.0904,17.3,4.26
2317263,-8.0904,17.3,4.28
2317984,-8.0904,16.3,4.30
2318705,-8.0904,16.3,4.32
2319426,-8.0904,16.3,4.34
2320147,-8.0904,17.3,4.35
2320868,-8.0904,17.3,4.38
2321589,-8.0904,17.3,4.40
2322310,-8.0904,17.3,4.42
2323031,-8.0904,17.3,4.44
2323752,-8.0904,17.3,4.46
2324473,-8.0904,17.3,4.48
2325194,-8.0904,17.3,4.50
2325915,-8.0904,17.3,4.53
2326636,-8.0904,16.3,4.55
2327357,-8.0904,17.3,4.57
2328078,-8.0904,17.3,4.59
2328799,-8.0904,17.3,4.61
2329520,-8.0904,18.3,4.63
2330241,-8.0904,17.3,4.65
2330962,-7.0087,17.3,4.67
2331683,-8.3609,17.3,4.69
2332404,-8.0904,17.3,4.72
2333125,-7.3242,17.3,4.74
2333846,-7.4144,18.3,4.76
2334567,-7.7749,18.3,4.79
2335288,-7.2791,17.3,4.81
2336009,-7.1890,18.3,4.83
2336730,-7.7749,18.3,4.85
2337451,-8.0454,18.3,4.87
2338172,-7.8425,17.3,4.90
2338893,-7.5721,16.3,4.92
2339614,-8.0454,17.3,4.95
2340335,-8.4059,16.3,4.97
2341056,-7.2791,17.3,4.99
2341777,-7.2791,17.3,5.02
# [n=3200] mean=-7.0294 m  sigma=0.9674 m  die=17.3 C  CalVal=-43
2342498,-7.2791,17.3,5.04
2343219,-7.2791,18.3,5.06
2343940,-7.2791,18.3,5.08
2344661,-7.2791,18.3,5.11
2345382,-7.2791,18.3,5.12
2346103,-7.2791,18.3,5.15
2346824,-7.2791,18.3,5.18
2347545,-7.2791,18.3,5.20
2348266,-7.2791,18.3,5.23
2348987,-7.2791,18.3,5.25
2349708,-7.2791,18.3,5.28
2350429,-7.2791,19.3,5.30
2351150,-7.2791,17.3,5.32
2351871,-7.2791,18.3,5.35
2352592,-7.2791,17.3,5.38
2353313,-7.2791,18.3,5.40
2354034,-7.2791,17.3,5.42
2354755,-7.2791,18.3,5.45
2355476,-7.2791,18.3,5.47
2356197,-7.2791,18.3,5.49
2356918,-7.2791,18.3,5.53
2357639,-6.8735,18.3,5.55
2358360,-7.9778,17.3,5.58
2359081,-8.2257,17.3,5.60
2359802,-7.7975,18.3,5.62
2360523,-8.5862,18.3,5.65
2361244,-8.8792,18.3,5.68
2361965,-8.8341,18.3,5.71
2362686,-8.9468,18.3,5.73
2363407,-8.3383,18.3,5.76
2364128,-8.0904,19.3,5.78
2364849,-7.7073,18.3,5.81
2365570,-6.8510,17.3,5.84
2366291,-7.4144,17.3,5.86
2367012,-7.7975,17.3,5.89
2367733,-6.6707,18.3,5.91
2368454,-6.6707,18.3,5.94
2369175,-6.6707,19.3,5.97
2369896,-6.6707,19.3,6.00
2370617,-6.6707,19.3,6.02
2371338,-6.6707,19.3,6.04
2372059,-6.6707,19.3,6.07
2372780,-6.6707,19.3,6.10
2373501,-6.6707,18.3,6.12
2374222,-6.6707,17.3,6.15
2374943,-6.6707,17.3,6.18
2375664,-6.6707,17.3,6.21
2376385,-6.6707,17.3,6.24
2377106,-6.6707,18.3,6.26
2377827,-6.6707,18.3,6.29
2378548,-6.6707,17.3,6.31
2379269,-6.6707,17.3,6.34
2379990,-6.6707,18.3,6.37
2380711,-6.6707,18.3,6.39
2381432,-6.6707,19.3,6.42
2382153,-6.6707,19.3,6.45
2382874,-6.6707,19.3,6.48
2383595,-6.6707,19.3,6.50
2384316,-7.3918,19.3,6.53
2385037,-7.5496,19.3,6.55
2385758,-7.1439,19.3,6.58
2386479,-6.8059,19.3,6.61
2387200,-7.4369,18.3,6.64
2387921,-7.9552,19.3,6.67
2388642,-7.8425,19.3,6.69
2389363,-7.3693,19.3,6.72
2390084,-8.2707,18.3,6.74
2390805,-7.4820,19.3,6.77
2391526,-6.7383,19.3,6.80
2392247,-7.9102,18.3,6.83
2392968,-6.7383,18.3,6.86
2393689,-7.1214,19.3,6.89
2394410,-7.8651,19.3,6.91
2395131,-7.8651,19.3,6.94
2395852,-7.8651,19.3,6.97
2396573,-7.8651,19.3,7.01
2397294,-7.8651,19.3,7.04
2398015,-7.8651,19.3,7.06
2398736,-7.8651,19.3,7.09
2399457,-7.8651,19.3,7.12
2400178,-7.8651,19.3,7.15
2400899,-7.8651,19.3,7.17
2401620,-7.8651,19.3,7.20
2402341,-7.8651,18.3,7.23
2403062,-7.8651,19.3,7.26
2403783,-7.8651,19.3,7.28
2404504,-7.8651,19.3,7.31
2405225,-7.8651,19.3,7.34
2405946,-7.8651,19.3,7.37
2406667,-7.8651,19.3,7.40
2407388,-7.8651,19.3,7.43
2408109,-7.8651,19.3,7.45
2408830,-7.8651,19.3,7.49
2409551,-7.8651,19.3,7.51
2410272,-7.8651,19.3,7.55
2410993,-7.7524,19.3,7.57
2411714,-7.0538,19.3,7.60
2412435,-7.0087,19.3,7.63
2413156,-7.6623,19.3,7.66
2413877,-7.8200,19.3,7.68
# [n=3300] mean=-7.0408 m  sigma=0.9599 m  die=19.3 C  CalVal=-43
2414598,-7.5721,19.3,7.71
2415319,-7.6397,19.3,7.74
2416040,-7.1214,19.3,7.77
2416761,-7.3693,19.3,7.80
2417482,-7.5270,19.3,7.83
2418203,-7.5496,19.3,7.86
2418924,-7.3242,19.3,7.89
2419645,-7.3693,19.3,7.91
2420366,-8.1130,19.3,7.94
2421087,-7.8425,18.3,7.97
2421808,-7.8425,19.3,7.99
2422529,-7.8425,19.3,8.03
2423250,-7.8425,19.3,8.06
2423971,-7.8425,19.3,8.09
2424692,-7.8425,19.3,8.11
2425413,-7.8425,19.3,8.15
2426134,-7.8425,19.3,8.18
2426855,-7.8425,19.3,8.20
2427576,-7.8425,20.3,8.24
2428297,-7.8425,20.3,8.26
2429018,-7.8425,20.3,8.30
2429739,-7.8425,19.3,8.32
2430460,-7.8425,19.3,8.35
2431181,-7.8425,19.3,8.38
2431902,-7.8425,19.3,8.42
2432623,-7.8425,19.3,8.44
2433344,-7.8425,19.3,8.47
2434065,-7.8425,20.3,8.50
2434786,-7.8425,20.3,8.53
2435507,-7.8425,19.3,8.56
2436228,-7.8425,19.3,8.58
2436949,-7.8425,19.3,8.62
2437670,-6.1523,19.3,8.64
2438391,-7.6623,19.3,8.67
2439112,-7.3017,20.3,8.70
2439833,-7.7749,19.3,8.73
2440554,-8.0679,19.3,8.76
2441275,-7.7299,19.3,8.79
2441996,-7.1214,20.3,8.82
2442717,-7.5045,20.3,8.85
2443438,-7.4369,20.3,8.88
2444159,-7.6172,20.3,8.91
2444880,-7.5947,21.3,8.94
2445601,-7.2791,19.3,8.96
2446322,-7.3242,20.3,9.00
2447043,-7.5721,20.3,9.03
2447764,-7.5270,20.3,9.06
2448485,-7.5270,20.3,9.09
2449206,-7.5270,20.3,9.12
2449927,-7.5270,19.3,9.14
2450648,-7.5270,20.3,9.17
2451369,-7.5270,20.3,9.20
2452090,-7.5270,20.3,9.23
2452811,-7.5270,21.3,9.26
2453532,-7.5270,20.3,9.29
2454253,-7.5270,21.3,9.31
2454974,-7.5270,20.3,9.34
2455695,-7.5270,20.3,9.37
2456416,-7.5270,19.3,9.40
2457137,-7.5270,19.3,9.44
2457858,-7.5270,19.3,9.47
2458579,-7.5270,19.3,9.50
2459300,-7.5270,19.3,9.52
2460021,-7.5270,19.3,9.55
2460742,-7.5270,20.3,9.58
2461463,-7.5270,19.3,9.62
2462184,-7.5270,20.3,9.64
2462905,-7.5270,20.3,9.68
2463626,-7.0087,19.3,9.70
2464347,-8.1130,19.3,9.74
2465068,-7.3918,20.3,9.77
2465789,-7.1890,19.3,9.80
2466510,-7.4144,20.3,9.82
2467231,-7.3468,19.3,9.85
2467952,-7.4144,19.3,9.89
2468673,-7.3017,20.3,9.91
2469394,-8.0228,20.3,9.94
2470115,-7.8876,21.3,9.97
2470836,-7.6397,20.3,10.00
2471557,-7.5496,19.3,10.02
2472278,-7.6848,20.3,10.06
2472999,-7.2115,21.3,10.08
2473720,-7.8200,21.3,10.11
2474441,-7.1214,20.3,10.15
2475162,-7.1214,20.3,10.18
2475883,-7.1214,21.3,10.20
2476604,-7.1214,20.3,10.23
2477325,-7.1214,21.3,10.26
2478046,-7.1214,21.3,10.30
2478767,-7.1214,21.3,10.31
2479488,-7.1214,20.3,10.35
2480209,-7.1214,19.3,10.38
2480930,-7.1214,19.3,10.41
2481651,-7.1214,20.3,10.44
2482372,-7.1214,19.3,10.47
2483093,-7.1214,20.3,10.50
2483814,-7.1214,21.3,10.53
2484535,-7.1214,21.3,10.56
2485256,-7.1214,21.3,10.58
2485977,-7.1214,22.3,10.61
# [n=3400] mean=-7.0548 m  sigma=0.9506 m  die=22.3 C  CalVal=-43
2486698,-7.1214,20.3,10.64
2487419,-7.1214,21.3,10.67
2488140,-7.1214,20.3,10.70
2488861,-7.1214,21.3,10.73
2489582,-7.1214,20.3,10.76
2490303,-7.1214,19.3,10.79
2491024,-6.9411,19.3,10.81
2491745,-7.4144,19.3,10.85
2492466,-7.0312,20.3,10.88
2493187,-6.2650,21.3,10.91
2493908,-7.9102,20.3,10.94
2494629,-7.1214,20.3,10.97
2495350,-6.8735,21.3,10.99
2496071,-7.5045,21.3,11.03
2496792,-7.2791,20.3,11.06
2497513,-6.6481,21.3,11.09
2498234,-6.1073,21.3,11.11
2498955,-7.1439,20.3,11.15
2499676,-7.4820,21.3,11.17
2500397,-7.3918,21.3,11.20
2501118,-18.4796,22.3,11.23
2501839,-18.4796,21.3,11.26
2502560,-18.4796,22.3,11.29
2503281,-18.4796,21.3,11.32
2504002,-18.4796,20.3,11.35
2504723,-18.4796,19.3,11.38
2505444,-18.4796,19.3,11.41
2506165,-18.4796,21.3,11.44
2506886,-18.4796,20.3,11.47
2507607,-18.4796,21.3,11.50
2508328,-18.4796,21.3,11.52
2509049,-18.4796,20.3,11.55
2509770,-18.4796,21.3,11.58
2510491,-18.4796,21.3,11.60
2511212,-18.4796,22.3,11.63
2511933,-18.4796,22.3,11.66
2512654,-18.4796,23.3,11.70
2513375,-18.4796,23.3,11.72
2514096,-18.4796,22.3,11.75
2514817,-18.4796,23.3,11.77
2515538,-18.4796,21.3,11.81
2516259,-18.4796,21.3,11.84
2516980,-6.3101,22.3,11.86
2517701,-7.1665,21.3,11.89
2518422,-6.2425,22.3,11.92
2519143,-6.7157,22.3,11.95
2519864,-6.7383,21.3,11.98
2520585,-5.8143,21.3,12.01
2521306,-5.9721,21.3,12.04
2522027,-6.6481,21.3,12.07
2522748,-5.8143,21.3,12.09
2523469,-6.2200,22.3,12.13
2524190,-7.5947,22.3,12.15
2524911,-6.7834,21.3,12.18
2525632,-7.3693,22.3,12.21
2526353,-6.0397,23.3,12.24
2527074,-6.3777,23.3,12.27
2527795,-6.3777,23.3,12.30
2528516,-6.3777,23.3,12.33
2529237,-6.3777,22.3,12.36
2529958,-6.3777,22.3,12.38
2530679,-6.3777,22.3,12.42
2531400,-6.3777,22.3,12.44
2532121,-6.3777,21.3,12.47
2532842,-6.3777,22.3,12.50
2533563,-6.3777,22.3,12.53
2534284,-6.3777,21.3,12.56
2535005,-6.3777,21.3,12.59
2535726,-6.3777,21.3,12.61
2536447,-6.3777,21.3,12.64
2537168,-6.3777,21.3,12.67
2537889,-6.3777,21.3,12.70
2538610,-6.3777,20.3,12.73
2539331,-6.3777,22.3,12.76
2540052,-6.3777,22.3,12.78
2540773,-6.3777,23.3,12.81
2541494,-6.3777,22.3,12.83
2542215,-6.3777,23.3,12.87
2542936,-6.3777,22.3,12.89
2543657,-6.3777,22.3,12.92
2544378,-5.7692,22.3,12.95
2545099,-6.2200,22.3,12.98
2545820,-7.2115,23.3,13.01
2546541,-6.0847,23.3,13.04
2547262,-6.6256,23.3,13.06
2547983,-5.8368,23.3,13.09
2548704,-6.4002,23.3,13.12
2549425,-6.2200,23.3,13.15
2550146,-7.0312,22.3,13.17
2550867,-5.7467,23.3,13.20
2551588,-6.6707,23.3,13.23
2552309,-6.7383,23.3,13.26
2553030,-6.6481,23.3,13.28
2553751,-6.7383,23.3,13.32
2554472,-6.7383,24.3,13.34
2555193,-6.7383,23.3,13.37
2555914,-6.7383,23.3,13.40
2556635,-6.7383,23.3,13.43
2557356,-6.7383,23.3,13.45
2558077,-6.7383,23.3,13.48
# [n=3500] mean=-7.1170 m  sigma=1.3051 m  die=23.3 C  CalVal=-43
2558798,-6.7383,24.3,13.51
2559519,-6.7383,24.3,13.54
2560240,-6.7383,23.3,13.57
2560961,-6.7383,23.3,13.59
2561682,-6.7383,23.3,13.63
2562403,-6.7383,24.3,13.65
2563124,-6.7383,24.3,13.68
2563845,-6.7383,23.3,13.71
2564566,-6.7383,23.3,13.74
2565287,-6.7383,23.3,13.76
2566008,-6.7383,22.3,13.79
2566729,-6.7383,23.3,13.82
2567450,-6.7383,24.3,13.85
2568171,-6.7383,24.3,13.87
2568892,-6.7383,24.3,13.90
2569613,-6.7383,24.3,13.93
2570334,-5.4988,24.3,13.96
2571055,-7.1665,24.3,13.99
2571776,-6.2425,25.3,14.01
2572497,-6.2425,24.3,14.04
2573218,-7.1214,24.3,14.07
2573939,-5.5889,24.3,14.10
2574660,-5.2284,24.3,14.13
2575381,-6.6256,23.3,14.15
2576102,-6.3326,24.3,14.18
2576823,-5.7692,23.3,14.21
2577544,-5.5213,23.3,14.23
2578265,-6.6481,23.3,14.26
2578986,-6.3326,24.3,14.29
2579707,-6.3326,23.3,14.31
2580428,-6.3552,24.3,14.34
2581149,-6.3552,24.3,14.37
2581870,-6.3552,25.3,14.39
2582591,-6.3552,24.3,14.42
2583312,-6.3552,25.3,14.45
2584033,-6.3552,24.3,14.47
2584754,-6.3552,24.3,14.50
2585475,-6.3552,23.3,14.53
2586196,-6.3552,24.3,14.55
2586917,-6.3552,24.3,14.58
2587638,-6.3552,25.3,14.61
2588359,-6.3552,24.3,14.64
2589080,-6.3552,24.3,14.67
2589801,-6.3552,24.3,14.69
2590522,-6.3552,23.3,14.72
2591243,-6.3552,23.3,14.75
2591964,-6.3552,23.3,14.78
2592685,-6.3552,24.3,14.80
2593406,-6.3552,25.3,14.83
2594127,-6.3552,25.3,14.86
2594848,-6.3552,24.3,14.88
2595569,-6.3552,24.3,14.91
2596290,-6.3552,24.3,14.94
2597011,-5.2960,24.3,14.96
2597732,-5.5664,23.3,14.99
2598453,-5.7918,23.3,15.02
2599174,-5.9946,23.3,15.04
2599895,-3.8537,24.3,15.07
2600616,-6.1974,23.3,15.10
2601337,-5.5439,23.3,15.12
2602058,-6.1974,24.3,15.15
2602779,-4.3720,23.3,15.17
2603500,-5.3861,23.3,15.20
2604221,-3.8537,23.3,15.23
2604942,-6.4904,24.3,15.26
2605663,-5.9721,24.3,15.28
2606384,-6.1974,24.3,15.31
2607105,-5.0931,25.3,15.34
2607826,-5.0931,24.3,15.37
2608547,-5.0931,25.3,15.39
2609268,-5.0931,24.3,15.42
2609989,-5.0931,25.3,15.44
2610710,-5.0931,25.3,15.47
2611431,-5.0931,24.3,15.49
2612152,-5.0931,25.3,15.53
2612873,-5.0931,25.3,15.55
2613594,-5.0931,25.3,15.58
2614315,-5.0931,24.3,15.60
2615036,-5.0931,24.3,15.64
2615757,-5.0931,24.3,15.66
2616478,-5.0931,25.3,15.69
2617199,-5.0931,26.3,15.71
2617920,-5.0931,26.3,15.73
2618641,-5.0931,24.3,15.76
2619362,-5.0931,24.3,15.79
2620083,-5.0931,24.3,15.81
2620804,-5.0931,24.3,15.84
2621525,-5.0931,24.3,15.87
2622246,-5.0931,24.3,15.90
2622967,-5.0931,25.3,15.92
2623688,-4.3269,26.3,15.95
2624409,-4.5072,25.3,15.98
2625130,-5.1833,25.3,16.00
2625851,-5.1382,24.3,16.03
2626572,-6.0171,25.3,16.05
2627293,-5.4763,25.3,16.08
2628014,-5.7918,25.3,16.10
2628735,-5.4312,25.3,16.13
2629456,-6.1073,26.3,16.16
2630177,-5.4763,26.3,16.19
# [n=3600] mean=-7.0826 m  sigma=1.3087 m  die=26.3 C  CalVal=-43
2630898,-4.3945,26.3,16.22
2631619,-4.9354,26.3,16.24
2632340,-5.2058,25.3,16.27
2633061,-4.6875,24.3,16.29
2633782,-5.2960,24.3,16.32
2634503,-5.2960,25.3,16.35
2635224,-5.2960,26.3,16.37
2635945,-5.2960,26.3,16.40
2636666,-5.2960,26.3,16.43
2637387,-5.2960,26.3,16.45
2638108,-5.2960,26.3,16.48
2638829,-5.2960,26.3,16.51
2639550,-5.2960,25.3,16.53
2640271,-5.2960,25.3,16.56
2640992,-5.2960,26.3,16.59
2641713,-5.2960,25.3,16.61
2642434,-5.2960,26.3,16.64
2643155,-5.2960,26.3,16.66
2643876,-5.2960,26.3,16.69
2644597,-5.2960,26.3,16.71
2645318,-5.2960,26.3,16.74
2646039,-5.2960,25.3,16.76
2646760,-5.2960,26.3,16.79
2647481,-5.2960,26.3,16.81
2648202,-5.2960,25.3,16.84
2648923,-5.2960,25.3,16.87
2649644,-5.2960,25.3,16.89
2650365,-5.9946,25.3,16.92
2651086,-6.3101,25.3,16.94
2651807,-5.2058,25.3,16.97
2652528,-6.2876,25.3,16.99
2653249,-5.7918,25.3,17.02
2653970,-7.0087,25.3,17.04
2654691,-6.7608,25.3,17.07
2655412,-5.6565,25.3,17.10
2656133,-6.2425,26.3,17.12
2656854,-6.1298,25.3,17.15
2657575,-5.6115,25.3,17.18
2658296,-5.5889,26.3,17.20
2659017,-5.5439,26.3,17.23
2659738,-5.6565,26.3,17.25
2660459,-4.2593,25.3,17.28
2661180,-4.2593,25.3,17.31
2661901,-4.2593,25.3,17.33
2662622,-4.2593,26.3,17.35
2663343,-4.2593,26.3,17.38
2664064,-4.2593,26.3,17.41
2664785,-4.2593,26.3,17.44
2665506,-4.2593,26.3,17.46
2666227,-4.2593,26.3,17.49
2666948,-4.2593,26.3,17.52
2667669,-4.2593,26.3,17.54
2668390,-4.2593,26.3,17.57
2669111,-4.2593,26.3,17.59
2669832,-4.2593,26.3,17.61
2670553,-4.2593,25.3,17.64
2671274,-4.2593,25.3,17.67
2671995,-4.2593,25.3,17.69
2672716,-4.2593,25.3,17.72
2673437,-4.2593,26.3,17.74
2674158,-4.2593,26.3,17.77
2674879,-4.2593,26.3,17.80
2675600,-4.2593,26.3,17.82
2676321,-4.2593,26.3,17.85
2677042,-5.2960,27.3,17.87
2677763,-5.7918,26.3,17.90
2678484,-4.7326,26.3,17.92
2679205,-5.4312,26.3,17.94
2679926,-5.5889,26.3,17.97
2680647,-5.1157,26.3,18.00
2681368,-5.2509,26.3,18.02
2682089,-6.5805,26.3,18.04
2682810,-5.7467,27.3,18.07
2683531,-5.4763,26.3,18.09
2684252,-6.1298,27.3,18.12
2684973,-5.4537,26.3,18.14
2685694,-6.0397,27.3,18.17
2686415,-4.8453,26.3,18.19
2687136,-5.4763,26.3,18.22
2687857,-5.4763,27.3,18.24
2688578,-5.4763,27.3,18.28
2689299,-5.4763,27.3,18.30
2690020,-5.4763,26.3,18.32
2690741,-5.4763,27.3,18.35
2691462,-5.4763,27.3,18.38
2692183,-5.4763,26.3,18.40
2692904,-5.4763,26.3,18.42
2693625,-5.4763,26.3,18.44
2694346,-5.4763,26.3,18.47
2695067,-5.4763,26.3,18.50
2695788,-5.4763,27.3,18.52
2696509,-5.4763,27.3,18.55
2697230,-5.4763,27.3,18.57
2697951,-5.4763,27.3,18.60
2698672,-5.4763,27.3,18.62
2699393,-5.4763,27.3,18.65
2700114,-5.4763,26.3,18.67
2700835,-5.4763,26.3,18.69
2701556,-5.4763,27.3,18.72
2702277,-5.4763,27.3,18.74
# [n=3700] mean=-7.0319 m  sigma=1.3303 m  die=27.3 C  CalVal=-43
2702998,-5.4763,27.3,18.77
2703719,-4.6875,26.3,18.79
2704440,-5.7918,27.3,18.83
2705161,-5.3636,27.3,18.84
2705882,-5.4312,27.3,18.87
2706603,-5.6115,26.3,18.90
2707324,-5.6565,26.3,18.92
2708045,-6.6256,27.3,18.94
2708766,-5.7918,27.3,18.97
2709487,-6.4228,27.3,18.99
2710208,-5.4537,27.3,19.02
2710929,-6.5355,27.3,19.04
2711650,-6.2425,27.3,19.06
2712371,-6.1523,27.3,19.09
2713092,-5.5664,28.3,19.12
2713813,-5.6340,28.3,19.14
2714534,-5.6340,27.3,19.17
2715255,-5.6340,27.3,19.20
2715976,-5.6340,26.3,19.22
2716697,-5.6340,27.3,19.24
2717418,-5.6340,28.3,19.27
2718139,-5.6340,28.3,19.28
2718860,-5.6340,28.3,19.31
2719581,-5.6340,27.3,19.33
2720302,-5.6340,27.3,19.36
2721023,-5.6340,27.3,19.38
2721744,-5.6340,28.3,19.41
2722465,-5.6340,28.3,19.43
2723186,-5.6340,28.3,19.46
2723907,-5.6340,29.3,19.48
2724628,-5.6340,29.3,19.50
2725349,-5.6340,29.3,19.53
2726070,-5.6340,28.3,19.55
2726791,-5.6340,28.3,19.58
2727512,-5.6340,27.3,19.60
2728233,-5.6340,27.3,19.63
2728954,-5.6340,28.3,19.65
2729675,-5.6340,28.3,19.67
2730396,-5.3636,28.3,19.70
2731117,-5.1157,28.3,19.72
2731838,-4.4171,28.3,19.74
2732559,-6.3777,27.3,19.77
2733280,-4.7551,28.3,19.80
2734001,-5.5664,28.3,19.81
2734722,-4.4847,28.3,19.84
2735443,-5.0030,28.3,19.86
2736164,-6.3552,28.3,19.88
2736885,-5.8143,29.3,19.91
2737606,-5.6115,29.3,19.93
2738327,-5.2734,29.3,19.96
2739048,-5.7016,29.3,19.98
2739769,-6.0397,29.3,20.00
2740490,-5.5664,29.3,20.04
2741211,-5.5664,29.3,20.06
2741932,-5.5664,29.3,20.08
2742653,-5.5664,29.3,20.11
2743374,-5.5664,29.3,20.13
2744095,-5.5664,29.3,20.16
2744816,-5.5664,28.3,20.18
2745537,-5.5664,29.3,20.21
2746258,-5.5664,29.3,20.22
2746979,-5.5664,29.3,20.25
2747700,-5.5664,29.3,20.27
2748421,-5.5664,28.3,20.29
2749142,-5.5664,29.3,20.32
2749863,-5.5664,29.3,20.33
2750584,-5.5664,29.3,20.36
2751305,-5.5664,29.3,20.39
2752026,-5.5664,28.3,20.41
2752747,-5.5664,29.3,20.44
2753468,-5.5664,28.3,20.46
2754189,-5.5664,28.3,20.49
2754910,-5.5664,28.3,20.51
2755631,-5.5664,29.3,20.54
2756352,-5.5664,29.3,20.55
2757073,-5.4988,29.3,20.57
2757794,-6.9411,30.3,20.60
2758515,-6.5129,29.3,20.62
2759236,-6.1749,29.3,20.65
2759957,-5.5439,28.3,20.66
2760678,-5.6340,29.3,20.69
2761399,-5.2960,29.3,20.71
2762120,-4.2368,29.3,20.74
2762841,-4.1466,30.3,20.76
2763562,-4.2368,30.3,20.79
2764283,-4.8453,29.3,20.81
2765004,-4.0340,29.3,20.83
2765725,-4.9354,29.3,20.85
2766446,-3.8987,29.3,20.87
2767167,-4.0340,29.3,20.90
2767888,-4.0340,29.3,20.92
2768609,-4.0340,29.3,20.94
2769330,-4.0340,28.3,20.97
2770051,-4.0340,28.3,20.99
2770772,-4.0340,29.3,21.01
2771493,-4.0340,28.3,21.03
2772214,-4.0340,29.3,21.05
2772935,-4.0340,29.3,21.08
2773656,-4.0340,29.3,21.11
2774377,-4.0340,29.3,21.13
# [n=3800] mean=-6.9881 m  sigma=1.3441 m  die=29.3 C  CalVal=-43
2775098,-4.0340,29.3,21.15
2775819,-4.0340,29.3,21.17
2776540,-4.0340,29.3,21.19
2777261,-4.0340,30.3,21.21
2777982,-4.0340,30.3,21.24
2778703,-4.0340,30.3,21.26
2779424,-4.0340,30.3,21.28
2780145,-4.0340,29.3,21.30
2780866,-4.0340,30.3,21.33
2781587,-4.0340,29.3,21.37
2782308,-4.0340,29.3,21.38
2783029,-4.0340,30.3,21.41
2783750,-3.8762,30.3,21.44
2784471,-5.0030,29.3,21.46
2785192,-4.8903,30.3,21.48
2785913,-4.2819,30.3,21.50
2786634,-4.1241,30.3,21.52
2787355,-3.7861,30.3,21.55
2788076,-3.8311,30.3,21.57
2788797,-3.9663,30.3,21.59
2789518,-2.6593,30.3,21.61
2790239,-5.8819,29.3,21.64
2790960,-5.1157,29.3,21.66
2791681,-4.9805,29.3,21.68
2792402,-2.9297,30.3,21.70
2793123,-4.8453,30.3,21.72
2793844,-5.2284,30.3,21.75
2794565,-5.2284,30.3,21.77
2795286,-5.2284,30.3,21.79
2796007,-5.2284,30.3,21.81
2796728,-5.2284,30.3,21.84
2797449,-5.2284,30.3,21.86
2798170,-5.2284,30.3,21.88
2798891,-5.2284,30.3,21.90
2799612,-5.2284,30.3,21.92
2800333,-5.2284,30.3,21.94
2801054,-5.2284,30.3,21.96
2801775,-5.2284,30.3,21.98
2802496,-5.2284,30.3,22.00
2803217,-5.2284,30.3,22.02
2803938,-5.2284,30.3,22.05
2804659,-5.2284,30.3,22.08
2805380,-5.2284,30.3,22.10
2806101,-5.2284,30.3,22.11
2806822,-5.2284,30.3,22.14
2807543,-5.2284,30.3,22.16
2808264,-5.2284,30.3,22.18
2808985,-5.2284,30.3,22.20
2809706,-5.2284,30.3,22.23
2810427,-4.9805,30.3,22.25
2811148,-4.4171,30.3,22.27
2811869,-3.5832,30.3,22.29
2812590,-4.7551,30.3,22.31
2813311,-4.2593,30.3,22.33
2814032,-5.6115,30.3,22.36
2814753,-4.3495,30.3,22.38
2815474,-5.4312,31.3,22.40
2816195,-5.2960,31.3,22.42
2816916,-4.5523,31.3,22.45
2817637,-4.1016,31.3,22.47
2818358,-4.2368,30.3,22.49
2819079,-4.0340,30.3,22.51
2819800,-5.7467,30.3,22.53
2820521,-4.6424,30.3,22.55
2821242,-4.6424,30.3,22.57
2821963,-4.6424,30.3,22.59
2822684,-4.6424,30.3,22.61
2823405,-4.6424,30.3,22.64
2824126,-4.6424,30.3,22.66
2824847,-4.6424,30.3,22.69
2825568,-4.6424,30.3,22.72
2826289,-4.6424,30.3,22.73
2827010,-4.6424,31.3,22.75
2827731,-4.6424,31.3,22.78
2828452,-4.6424,30.3,22.80
2829173,-4.6424,31.3,22.82
2829894,-4.6424,31.3,22.83
2830615,-4.6424,31.3,22.86
2831336,-4.6424,31.3,22.88
2832057,-4.6424,31.3,22.90
2832778,-4.6424,31.3,22.92
2833499,-4.6424,30.3,22.94
2834220,-4.6424,31.3,22.96
2834941,-4.6424,31.3,22.98
2835662,-4.6424,31.3,23.00
2836383,-4.6424,30.3,23.02
2837104,-5.1157,31.3,23.05
2837825,-5.6115,31.3,23.07
2838546,-4.8903,31.3,23.09
2839267,-4.8903,31.3,23.12
2839988,-4.8453,31.3,23.13
2840709,-4.6199,31.3,23.16
2841430,-6.1523,31.3,23.18
2842151,-5.5439,31.3,23.19
2842872,-5.5889,31.3,23.22
2843593,-4.0790,31.3,23.24
2844314,-5.5664,31.3,23.26
2845035,-4.5974,31.3,23.28
2845756,-5.0481,31.3,23.30
2846477,-4.1692,31.3,23.31
# [n=3900] mean=-6.9299 m  sigma=1.3778 m  die=31.3 C  CalVal=-42
2847198,-6.1523,31.3,23.34
2847919,-6.1523,32.3,23.36
2848640,-6.1523,32.3,23.38
2849361,-6.1523,31.3,23.40
2850082,-6.1523,31.3,23.43
2850803,-6.1523,31.3,23.45
2851524,-6.1523,31.3,23.47
2852245,-6.1523,31.3,23.48
2852966,-6.1523,31.3,23.50
2853687,-6.1523,31.3,23.53
2854408,-6.1523,31.3,23.54
2855129,-6.1523,31.3,23.56
2855850,-6.1523,31.3,23.59
2856571,-6.1523,31.3,23.60
2857292,-6.1523,31.3,23.62
2858013,-6.1523,31.3,23.65
2858734,-6.1523,31.3,23.66
2859455,-6.1523,31.3,23.69
2860176,-6.1523,31.3,23.71
2860897,-6.1523,31.3,23.73
2861618,-6.1523,31.3,23.75
2862339,-6.1523,32.3,23.77
2863060,-6.1523,31.3,23.80
2863781,-5.9044,31.3,23.81
2864502,-5.4537,32.3,23.84
2865223,-4.5748,32.3,23.86
2865944,-5.1382,32.3,23.87
2866665,-4.7326,32.3,23.89
2867386,-4.8453,32.3,23.91
2868107,-5.0931,32.3,23.94
2868828,-6.1749,32.3,23.96
2869549,-5.0931,32.3,23.97
2870270,-5.9270,33.3,24.00
2870991,-5.9946,32.3,24.02
2871712,-5.1157,32.3,24.04
2872433,-5.4988,32.3,24.06
2873154,-4.3269,32.3,24.08
2873875,-5.2284,32.3,24.10
2874596,-5.2284,32.3,24.12
2875317,-5.2284,32.3,24.13
2876038,-5.2284,32.3,24.15
2876759,-5.2284,32.3,24.17
2877480,-5.2284,32.3,24.20
2878201,-5.2284,32.3,24.21
2878922,-5.2284,33.3,24.23
2879643,-5.2284,32.3,24.25
2880364,-5.2284,32.3,24.28
2881085,-5.2284,32.3,24.29
2881806,-5.2284,32.3,24.32
2882527,-5.2284,32.3,24.34
2883248,-5.2284,32.3,24.36
2883969,-5.2284,32.3,24.38
2884690,-5.2284,32.3,24.39
2885411,-5.2284,32.3,24.42
2886132,-5.2284,33.3,24.44
2886853,-5.2284,32.3,24.45
2887574,-5.2284,32.3,24.47
2888295,-5.2284,32.3,24.49
2889016,-5.2284,33.3,24.51
2889737,-5.2284,33.3,24.54
2890458,-6.0171,33.3,24.55
2891179,-5.7016,32.3,24.57
2891900,-5.8819,32.3,24.58
2892621,-6.5805,32.3,24.60
2893342,-5.7692,33.3,24.63
2894063,-5.7242,33.3,24.65
2894784,-5.2509,33.3,24.67
2895505,-6.1523,33.3,24.69
2896226,-5.2960,33.3,24.71
2896947,-5.3636,33.3,24.73
2897668,-5.2960,33.3,24.75
2898389,-4.6650,33.3,24.77
2899110,-6.1298,33.3,24.78
2899831,-6.1073,33.3,24.80
2900552,-5.3861,33.3,24.82
2901273,-5.3861,33.3,24.85
2901994,-5.3861,33.3,24.86
2902715,-5.3861,33.3,24.88
2903436,-5.3861,32.3,24.90
2904157,-5.3861,32.3,24.92
2904878,-5.3861,33.3,24.93
2905599,-5.3861,33.3,24.95
2906320,-5.3861,32.3,24.98
2907041,-5.3861,33.3,24.99
2907762,-5.3861,33.3,25.02
2908483,-5.3861,33.3,25.04
2909204,-5.3861,33.3,25.05
2909925,-5.3861,33.3,25.08
2910646,-5.3861,33.3,25.09
2911367,-5.3861,33.3,25.11
2912088,-5.3861,33.3,25.13
2912809,-5.3861,33.3,25.15
2913530,-5.3861,33.3,25.16
2914251,-5.3861,33.3,25.18
2914972,-5.3861,33.3,25.20
2915693,-5.3861,33.3,25.23
2916414,-5.3861,33.3,25.25
2917135,-5.4087,33.3,25.27
2917856,-5.3861,33.3,25.29
2918577,-5.4988,33.3,25.30
# [n=4000] mean=-6.8956 m  sigma=1.3791 m  die=33.3 C  CalVal=-42
2919298,-5.7467,33.3,25.32
2920019,-6.2876,33.3,25.34
2920740,-5.5664,33.3,25.36
2921461,-3.9663,33.3,25.38
2922182,-6.0171,34.3,25.40
2922903,-5.6791,34.3,25.42
2923624,-6.0171,33.3,25.44
2924345,-6.1523,33.3,25.46
2925066,-5.1608,34.3,25.47
2925787,-6.1523,34.3,25.49
2926508,-5.9044,34.3,25.51
2927229,-6.0622,34.3,25.53
2927950,-6.0622,34.3,25.55
2928671,-6.0622,34.3,25.57
2929392,-6.0622,33.3,25.58
2930113,-6.0622,33.3,25.60
2930834,-6.0622,33.3,25.62
2931555,-6.0622,34.3,25.64
2932276,-6.0622,34.3,25.66
2932997,-6.0622,34.3,25.68
2933718,-6.0622,34.3,25.70
2934439,-6.0622,34.3,25.71
2935160,-6.0622,34.3,25.73
2935881,-6.0622,34.3,25.75
2936602,-6.0622,34.3,25.77
2937323,-6.0622,34.3,25.78
2938044,-6.0622,34.3,25.80
2938765,-6.0622,34.3,25.83
2939486,-6.0622,34.3,25.84
2940207,-6.0622,34.3,25.85
2940928,-6.0622,34.3,25.87
2941649,-6.0622,34.3,25.89
2942370,-6.0622,34.3,25.91
2943091,-6.0622,34.3,25.92
2943812,-5.2284,34.3,25.95
2944533,-5.5664,34.3,25.96
2945254,-5.3636,34.3,25.98
2945975,-5.8819,34.3,26.00
2946696,-6.4904,34.3,26.02
2947417,-5.9721,34.3,26.04
2948138,-5.6791,34.3,26.06
2948859,-6.1523,34.3,26.07
2949580,-5.9495,34.3,26.09
2950301,-6.2876,34.3,26.11
2951022,-6.2650,34.3,26.13
2951743,-6.3101,34.3,26.15
2952464,-6.6031,34.3,26.16
2953185,-5.8819,34.3,26.18
2953906,-6.7383,34.3,26.20
2954627,-6.7383,34.3,26.22
2955348,-6.7383,34.3,26.23
2956069,-6.7383,34.3,26.25
2956790,-6.7383,34.3,26.28
2957511,-6.7383,34.3,26.29
2958232,-6.7383,34.3,26.31
2958953,-6.7383,34.3,26.33
2959674,-6.7383,34.3,26.34
2960395,-6.7383,34.3,26.36
2961116,-6.7383,34.3,26.38
2961837,-6.7383,34.3,26.39
2962558,-6.7383,34.3,26.41
2963279,-6.7383,34.3,26.43
2964000,-6.7383,34.3,26.45
2964721,-6.7383,34.3,26.46
2965442,-6.7383,34.3,26.49
2966163,-6.7383,34.3,26.50
2966884,-6.7383,34.3,26.52
2967605,-6.7383,34.3,26.54
2968326,-6.7383,34.3,26.56
2969047,-6.7383,34.3,26.57
2969768,-6.7383,34.3,26.59
2970489,-5.0931,34.3,26.61
2971210,-5.2058,34.3,26.63
2971931,-6.0171,34.3,26.64
2972652,-6.5129,34.3,26.66
2973373,-5.8143,35.3,26.68
2974094,-6.1523,34.3,26.69
2974815,-5.8594,34.3,26.71
2975536,-6.6256,34.3,26.73
2976257,-6.6932,34.3,26.75
2976978,-5.7692,34.3,26.77
2977699,-5.8143,34.3,26.78
2978420,-5.4988,34.3,26.79
2979141,-6.2876,34.3,26.81
2979862,-5.8819,34.3,26.82
2980583,-6.0171,35.3,26.85
2981304,-6.0171,35.3,26.86
2982025,-6.0171,35.3,26.88
2982746,-6.0171,35.3,26.90
2983467,-6.0171,35.3,26.92
2984188,-6.0171,35.3,26.94
2984909,-6.0171,35.3,26.95
2985630,-6.0171,34.3,26.97
2986351,-6.0171,34.3,26.99
2987072,-6.0171,35.3,27.01
2987793,-6.0171,35.3,27.03
2988514,-6.0171,35.3,27.04
2989235,-6.0171,35.3,27.06
2989956,-6.0171,35.3,27.08
2990677,-6.0171,35.3,27.09
# [n=4100] mean=-6.8772 m  sigma=1.3690 m  die=35.3 C  CalVal=-42
2991398,-6.0171,35.3,27.11
2992119,-6.0171,35.3,27.12
2992840,-6.0171,35.3,27.14
2993561,-6.0171,35.3,27.15
2994282,-6.0171,35.3,27.17
2995003,-6.0171,35.3,27.18
2995724,-6.0171,35.3,27.20
2996445,-6.0171,35.3,27.22
2997166,-5.0481,35.3,27.24
2997887,-4.8903,35.3,27.26
2998608,-6.3777,35.3,27.27
2999329,-5.0706,35.3,27.29
3000050,-4.6424,35.3,27.30
3000771,-5.6565,35.3,27.32
3001492,-6.2650,35.3,27.33
3002213,-5.0030,35.3,27.36
3002934,-5.4537,35.3,27.37
3003655,-5.1157,35.3,27.38
3004376,-6.6256,35.3,27.40
3005097,-5.2058,35.3,27.42
3005818,-5.1157,35.3,27.43
3006539,-5.4087,35.3,27.45
3007260,-5.8819,35.3,27.47
3007981,-5.8819,35.3,27.48
3008702,-5.8819,35.3,27.50
3009423,-5.8819,35.3,27.51
3010144,-5.8819,35.3,27.53
3010865,-5.8819,35.3,27.54
3011586,-5.8819,35.3,27.57
3012307,-5.8819,35.3,27.58
3013028,-5.8819,35.3,27.60
3013749,-5.8819,35.3,27.61
3014470,-5.8819,35.3,27.63
3015191,-5.8819,35.3,27.65
3015912,-5.8819,35.3,27.66
3016633,-5.8819,35.3,27.67
3017354,-5.8819,36.3,27.69
3018075,-5.8819,36.3,27.71
3018796,-5.8819,35.3,27.72
3019517,-5.8819,35.3,27.74
3020238,-5.8819,35.3,27.75
3020959,-5.8819,35.3,27.77
3021680,-5.8819,35.3,27.79
3022401,-5.8819,35.3,27.80
3023122,-5.8819,35.3,27.83
3023843,-5.7016,36.3,27.84
3024564,-4.5974,35.3,27.86
3025285,-5.5439,36.3,27.87
3026006,-6.3552,36.3,27.89
3026727,-5.7242,36.3,27.91
3027448,-5.6340,36.3,27.92
3028169,-5.0255,36.3,27.94
3028890,-5.8143,36.3,27.96
3029611,-6.3101,36.3,27.96
3030332,-5.6340,36.3,27.98
3031053,-5.8819,36.3,28.00
3031774,-5.4537,36.3,28.01
3032495,-5.5439,36.3,28.03
3033216,-5.0481,36.3,28.05
3033937,-5.1382,36.3,28.07
3034658,-5.1382,36.3,28.08
3035379,-5.1382,36.3,28.09
3036100,-5.1382,36.3,28.11
3036821,-5.1382,36.3,28.12
3037542,-5.1382,36.3,28.14
3038263,-5.1382,36.3,28.15
3038984,-5.1382,36.3,28.17
3039705,-5.1382,36.3,28.18
3040426,-5.1382,36.3,28.20
3041147,-5.1382,36.3,28.22
3041868,-5.1382,36.3,28.24
3042589,-5.1382,36.3,28.25
3043310,-5.1382,36.3,28.27
3044031,-5.1382,36.3,28.28
3044752,-5.1382,36.3,28.30
3045473,-5.1382,36.3,28.31
3046194,-5.1382,36.3,28.33
3046915,-5.1382,36.3,28.34
3047636,-5.1382,36.3,28.36
3048357,-5.1382,36.3,28.37
3049078,-5.1382,36.3,28.38
3049799,-5.1382,36.3,28.40
3050520,-5.0931,36.3,28.42
3051241,-4.9129,36.3,28.43
3051962,-6.3552,37.3,28.45
3052683,-5.9495,37.3,28.46
3053404,-5.4763,36.3,28.48
3054125,-4.9354,36.3,28.49
3054846,-5.6791,36.3,28.50
3055567,-4.7326,36.3,28.52
3056288,-4.9129,37.3,28.53
3057009,-5.1608,37.3,28.56
3057730,-5.9495,37.3,28.57
3058451,-5.7016,37.3,28.58
3059172,-5.5213,37.3,28.60
3059893,-4.9129,37.3,28.61
3060614,-6.3101,37.3,28.62
3061335,-6.3101,36.3,28.64
3062056,-6.3101,36.3,28.66
3062777,-6.3101,36.3,28.68
# [n=4200] mean=-6.8459 m  sigma=1.3693 m  die=36.3 C  CalVal=-42
3063498,-6.3101,36.3,28.69
3064219,-6.3101,36.3,28.70
3064940,-6.3101,36.3,28.72
3065661,-6.3101,36.3,28.73
3066382,-6.3101,36.3,28.75
3067103,-6.3101,36.3,28.76
3067824,-6.3101,37.3,28.78
3068545,-6.3101,37.3,28.79
3069266,-6.3101,37.3,28.81
3069987,-6.3101,37.3,28.82
3070708,-6.3101,37.3,28.83
3071429,-6.3101,37.3,28.85
3072150,-6.3101,37.3,28.87
3072871,-6.3101,37.3,28.89
3073592,-6.3101,37.3,28.90
3074313,-6.3101,37.3,28.91
3075034,-6.3101,37.3,28.93
3075755,-6.3101,37.3,28.94
3076476,-4.8903,37.3,28.95
3077197,-5.6115,37.3,28.97
3077918,-6.1073,37.3,28.98
3078639,-5.6565,37.3,29.00
3079360,-5.1833,37.3,29.01
3080081,-6.0622,37.3,29.03
3080802,-6.2876,37.3,29.04
3081523,-4.6424,37.3,29.06
3082244,-5.8594,37.3,29.07
3082965,-5.1382,37.3,29.08
3083686,-4.9354,37.3,29.10
3084407,-4.6424,37.3,29.11
3085128,-5.0931,37.3,29.13
3085849,-5.8819,37.3,29.14
3086570,-5.5664,37.3,29.16
3087291,-5.2284,37.3,29.17
3088012,-5.2284,36.3,29.19
3088733,-5.2284,37.3,29.21
3089454,-5.2284,37.3,29.22
3090175,-5.2284,37.3,29.23
3090896,-5.2284,37.3,29.25
3091617,-5.2284,37.3,29.26
3092338,-5.2284,37.3,29.28
3093059,-5.2284,37.3,29.29
3093780,-5.2284,37.3,29.30
3094501,-5.2284,37.3,29.32
3095222,-5.2284,37.3,29.33
3095943,-5.2284,37.3,29.34
3096664,-5.2284,37.3,29.36
3097385,-5.2284,37.3,29.37
3098106,-5.2284,37.3,29.38
3098827,-5.2284,37.3,29.40
3099548,-5.2284,37.3,29.42
3100269,-5.2284,37.3,29.43
3100990,-5.2284,37.3,29.44
3101711,-5.2284,37.3,29.46
3102432,-5.2284,37.3,29.48
3103153,-4.8227,37.3,29.49
3103874,-5.9721,37.3,29.50
3104595,-6.0847,37.3,29.52
3105316,-5.9721,37.3,29.54
3106037,-5.9044,37.3,29.55
3106758,-5.4988,37.3,29.56
3107479,-4.7776,37.3,29.58
3108200,-5.4763,37.3,29.58
3108921,-5.2284,37.3,29.60
3109642,-5.0255,37.3,29.61
3110363,-4.6199,37.3,29.62
3111084,-5.3861,37.3,29.64
3111805,-5.2960,37.3,29.66
3112526,-4.1917,37.3,29.67
3113247,-4.7551,37.3,29.68
3113968,-14.9639,37.3,29.70
3114689,-14.9639,38.3,29.71
3115410,-14.9639,38.3,29.72
3116131,-14.9639,38.3,29.74
3116852,-14.9639,37.3,29.75
3117573,-14.9639,37.3,29.76
3118294,-14.9639,37.3,29.78
3119015,-14.9639,37.3,29.79
3119736,-14.9639,37.3,29.80
3120457,-14.9639,37.3,29.81
3121178,-14.9639,37.3,29.83
3121899,-14.9639,37.3,29.84
3122620,-14.9639,37.3,29.86
3123341,-14.9639,37.3,29.87
3124062,-14.9639,37.3,29.89
3124783,-14.9639,38.3,29.90
3125504,-14.9639,38.3,29.91
3126225,-14.9639,38.3,29.92
3126946,-14.9639,37.3,29.94
3127667,-14.9639,37.3,29.95
3128388,-14.9639,37.3,29.96
3129109,-14.9639,37.3,29.98
3129830,-5.5439,37.3,29.99
3130551,-4.4396,38.3,30.01
3131272,-5.3410,37.3,30.02
3131993,-5.1833,38.3,30.03
3132714,-5.4763,37.3,30.04
3133435,-4.8453,38.3,30.06
3134156,-4.3495,37.3,30.07
3134877,-4.3720,38.3,30.08
# [n=4300] mean=-6.8629 m  sigma=1.4858 m  die=38.3 C  CalVal=-42
3135598,-5.3861,38.3,30.09
3136319,-4.6650,38.3,30.11
3137040,-5.7918,38.3,30.12
3137761,-4.1016,38.3,30.13
3138482,-5.1833,38.3,30.15
3139203,-4.8903,38.3,30.16
3139924,-4.9805,38.3,30.18
3140645,-4.9805,37.3,30.19
3141366,-4.9805,38.3,30.20
3142087,-4.9805,38.3,30.22
3142808,-4.9805,38.3,30.23
3143529,-4.9805,38.3,30.25
3144250,-4.9805,38.3,30.26
3144971,-4.9805,38.3,30.27
3145692,-4.9805,38.3,30.28
3146413,-4.9805,38.3,30.30
3147134,-4.9805,37.3,30.31
3147855,-4.9805,38.3,30.32
3148576,-4.9805,38.3,30.33
3149297,-4.9805,38.3,30.35
3150018,-4.9805,38.3,30.36
3150739,-4.9805,38.3,30.37
3151460,-4.9805,38.3,30.39
3152181,-4.9805,37.3,30.40
3152902,-4.9805,38.3,30.41
3153623,-4.9805,37.3,30.42
3154344,-4.9805,38.3,30.44
3155065,-4.9805,38.3,30.45
3155786,-4.9805,38.3,30.46
3156507,-4.9805,38.3,30.48
3157228,-4.6650,39.3,30.49
3157949,-4.4171,39.3,30.51
3158670,-4.7551,39.3,30.52
3159391,-4.6875,39.3,30.53
3160112,-3.6734,39.3,30.54
3160833,-5.0706,39.3,30.56
3161554,-4.9129,39.3,30.57
3162275,-3.6734,39.3,30.58
3162996,-5.9044,38.3,30.59
3163717,-5.2509,38.3,30.60
3164438,-4.9805,38.3,30.62
3165159,-5.1157,38.3,30.63
3165880,-4.9579,38.3,30.64
3166601,-4.7551,38.3,30.66
3167322,-4.7551,38.3,30.67
3168043,-4.7551,38.3,30.68
3168764,-4.7551,38.3,30.69
3169485,-4.7551,38.3,30.70
3170206,-4.7551,38.3,30.72
3170927,-4.7551,38.3,30.73
3171648,-4.7551,38.3,30.74
3172369,-4.7551,38.3,30.75
3173090,-4.7551,38.3,30.77
3173811,-4.7551,38.3,30.77
3174532,-4.7551,38.3,30.79
3175253,-4.7551,38.3,30.80
3175974,-4.7551,39.3,30.82
3176695,-4.7551,39.3,30.83
3177416,-4.7551,39.3,30.84
3178137,-4.7551,38.3,30.86
3178858,-4.7551,39.3,30.87
3179579,-4.7551,39.3,30.88
3180300,-4.7551,39.3,30.90
3181021,-4.7551,39.3,30.91
3181742,-4.7551,39.3,30.92
3182463,-4.7551,39.3,30.93
3183184,-5.2960,39.3,30.94
3183905,-5.2058,39.3,30.95
3184626,-5.1382,39.3,30.96
3185347,-4.8453,39.3,30.98
3186068,-5.3861,39.3,30.99
3186789,-5.5439,39.3,31.00
3187510,-4.2593,39.3,31.01
3188231,-5.0030,39.3,31.02
3188952,-5.9946,39.3,31.04
3189673,-5.2734,39.3,31.05
3190394,-6.0622,39.3,31.06
3191115,-4.5748,39.3,31.07
3191836,-4.4396,39.3,31.08
3192557,-4.3269,39.3,31.10
3193278,-4.9579,39.3,31.10
3193999,-4.9579,39.3,31.12
3194720,-4.9579,39.3,31.13
3195441,-4.9579,39.3,31.14
3196162,-4.9579,38.3,31.16
3196883,-4.9579,38.3,31.16
3197604,-4.9579,39.3,31.18
3198325,-4.9579,38.3,31.19
3199046,-4.9579,39.3,31.20
3199767,-4.9579,39.3,31.21
3200488,-4.9579,39.3,31.23
3201209,-4.9579,39.3,31.24
3201930,-4.9579,39.3,31.25
3202651,-4.9579,39.3,31.26
3203372,-4.9579,39.3,31.27
3204093,-4.9579,39.3,31.28
3204814,-4.9579,39.3,31.29
3205535,-4.9579,39.3,31.30
3206256,-4.9579,39.3,31.32
3206977,-4.9579,39.3,31.33
# [n=4400] mean=-6.8187 m  sigma=1.4981 m  die=39.3 C  CalVal=-42
3207698,-4.9579,39.3,31.34
3208419,-4.9579,39.3,31.35
3209140,-4.9579,39.3,31.36
3209861,-4.1241,39.3,31.37
3210582,-4.3720,39.3,31.38
3211303,-4.1241,39.3,31.39
3212024,-5.2509,39.3,31.40
3212745,-4.6875,39.3,31.42
3213466,-2.9297,39.3,31.43
3214187,-5.0481,39.3,31.45
3214908,-4.5974,39.3,31.46
3215629,-5.1382,39.3,31.47
3216350,-4.8227,40.3,31.48
3217071,-4.1692,39.3,31.49
3217792,-5.2058,40.3,31.51
3218513,-5.0255,40.3,31.52
3219234,-4.8678,39.3,31.52
3219955,-5.7692,39.3,31.53
3220676,-5.7692,39.3,31.55
3221397,-5.7692,39.3,31.56
3222118,-5.7692,39.3,31.57
3222839,-5.7692,39.3,31.58
3223560,-5.7692,39.3,31.59
3224281,-5.7692,39.3,31.60
3225002,-5.7692,39.3,31.61
3225723,-5.7692,39.3,31.63
3226444,-5.7692,40.3,31.64
3227165,-5.7692,40.3,31.65
3227886,-5.7692,40.3,31.66
3228607,-5.7692,40.3,31.67
3229328,-5.7692,40.3,31.68
3230049,-5.7692,39.3,31.69
3230770,-5.7692,39.3,31.70
3231491,-5.7692,39.3,31.72
3232212,-5.7692,39.3,31.73
3232933,-5.7692,39.3,31.74
3233654,-5.7692,40.3,31.75
3234375,-5.7692,40.3,31.76
3235096,-5.7692,39.3,31.78
3235817,-5.7692,40.3,31.79
3236538,-3.8311,39.3,31.80
3237259,-4.0790,39.3,31.81
3237980,-4.2368,40.3,31.82
3238701,-4.2368,40.3,31.83
3239422,-4.4621,40.3,31.85
3240143,-3.3128,40.3,31.85
3240864,-4.9805,40.3,31.87
3241585,-4.2368,40.3,31.88
3242306,-4.9579,40.3,31.89
3243027,-4.8002,40.3,31.90
3243748,-5.4763,40.3,31.91
3244469,-4.5974,40.3,31.92
3245190,-4.7326,40.3,31.93
3245911,-4.5072,40.3,31.94
3246632,-4.0340,40.3,31.96
3247353,-4.0340,40.3,31.97
3248074,-4.0340,40.3,31.97
3248795,-4.0340,40.3,31.98
3249516,-4.0340,40.3,32.00
3250237,-4.0340,40.3,32.01
3250958,-4.0340,40.3,32.02
3251679,-4.0340,40.3,32.03
3252400,-4.0340,40.3,32.04
3253121,-4.0340,40.3,32.05
3253842,-4.0340,40.3,32.06
3254563,-4.0340,40.3,32.08
3255284,-4.0340,40.3,32.09
3256005,-4.0340,40.3,32.10
3256726,-4.0340,40.3,32.11
3257447,-4.0340,40.3,32.12
3258168,-4.0340,40.3,32.14
3258889,-4.0340,40.3,32.14
3259610,-4.0340,40.3,32.16
3260331,-4.0340,40.3,32.17
3261052,-4.0340,40.3,32.17
3261773,-4.0340,40.3,32.18
3262494,-4.0340,40.3,32.20
3263215,-3.5156,40.3,32.20
3263936,-3.5607,40.3,32.22
3264657,-5.2509,40.3,32.23
3265378,-3.6959,40.3,32.24
3266099,-4.0565,40.3,32.25
3266820,-4.8903,40.3,32.26
3267541,-4.5297,40.3,32.27
3268262,-4.5974,41.3,32.28
3268983,-4.7551,41.3,32.29
3269704,-4.0340,40.3,32.30
3270425,-4.5748,40.3,32.31
3271146,-4.0114,40.3,32.32
3271867,-4.0340,40.3,32.33
3272588,-5.0030,40.3,32.34
3273309,-4.8453,40.3,32.35
3274030,-4.8453,40.3,32.36
3274751,-4.8453,40.3,32.37
3275472,-4.8453,40.3,32.38
3276193,-4.8453,40.3,32.39
3276914,-4.8453,41.3,32.40
3277635,-4.8453,41.3,32.41
3278356,-4.8453,41.3,32.42
3279077,-4.8453,40.3,32.43
# [n=4500] mean=-6.7719 m  sigma=1.5174 m  die=40.3 C  CalVal=-41
3279798,-4.8453,41.3,32.44
3280519,-4.8453,40.3,32.46
3281240,-4.8453,40.3,32.47
3281961,-4.8453,40.3,32.48
3282682,-4.8453,41.3,32.49
3283403,-4.8453,41.3,32.50
3284124,-4.8453,40.3,32.50
3284845,-4.8453,41.3,32.52
3285566,-4.8453,41.3,32.53
3286287,-4.8453,41.3,32.54
3287008,-4.8453,41.3,32.55
3287729,-4.8453,41.3,32.56
3288450,-4.8453,41.3,32.57
3289171,-4.8453,41.3,32.58
3289892,-4.0340,41.3,32.59
3290613,-4.0790,41.3,32.60
3291334,-4.5974,41.3,32.61
3292055,-5.3410,41.3,32.61
3292776,-4.7551,40.3,32.63
3293497,-4.7326,41.3,32.63
3294218,-4.1692,40.3,32.65
3294939,-4.7326,40.3,32.66
3295660,-4.7551,40.3,32.67
3296381,-3.8537,40.3,32.69
3297102,-4.2368,41.3,32.69
3297823,-4.3495,40.3,32.70
3298544,-3.7861,40.3,32.71
3299265,-4.2593,41.3,32.72
3299986,-4.3720,41.3,32.73
3300707,-4.3720,41.3,32.75
3301428,-4.3720,41.3,32.75
3302149,-4.3720,41.3,32.76
3302870,-4.3720,41.3,32.77
3303591,-4.3720,41.3,32.78
3304312,-4.3720,41.3,32.79
3305033,-4.3720,41.3,32.80
3305754,-4.3720,41.3,32.81
3306475,-4.3720,41.3,32.83
3307196,-4.3720,41.3,32.83
3307917,-4.3720,41.3,32.85
3308638,-4.3720,41.3,32.85
3309359,-4.3720,41.3,32.86
3310080,-4.3720,41.3,32.88
3310801,-4.3720,41.3,32.89
3311522,-4.3720,41.3,32.89
3312243,-4.3720,41.3,32.90
3312964,-4.3720,41.3,32.91
3313685,-4.3720,41.3,32.93
3314406,-4.3720,41.3,32.93
3315127,-4.3720,41.3,32.94
3315848,-4.3720,41.3,32.96
3316569,-4.4847,41.3,32.96
3317290,-4.5072,42.3,32.97
3318011,-4.3720,41.3,32.98
3318732,-4.6875,41.3,32.99
3319453,-5.5889,41.3,33.00
3320174,-4.1241,41.3,33.01
3320895,-3.7410,41.3,33.01
3321616,-4.3495,41.3,33.02
3322337,-4.3044,41.3,33.04
3323058,-3.4255,41.3,33.05
3323779,-4.1917,41.3,33.06
3324500,-4.5072,41.3,33.07
3325221,-4.5297,41.3,33.08
3325942,-3.8086,41.3,33.10
3326663,-4.4621,41.3,33.11
3327384,-4.4621,41.3,33.11
3328105,-4.4621,41.3,33.13
3328826,-4.4621,41.3,33.13
3329547,-4.4621,41.3,33.14
3330268,-4.4621,41.3,33.16
3330989,-4.4621,41.3,33.17
3331710,-4.4621,41.3,33.17
3332431,-4.4621,41.3,33.18
3333152,-4.4621,41.3,33.19
3333873,-4.4621,41.3,33.20
3334594,-4.4621,41.3,33.21
3335315,-4.4621,41.3,33.22
3336036,-4.4621,41.3,33.23
3336757,-4.4621,41.3,33.24
3337478,-4.4621,41.3,33.24
3338199,-4.4621,41.3,33.25
3338920,-4.4621,41.3,33.27
3339641,-4.4621,41.3,33.27
3340362,-4.4621,41.3,33.29
3341083,-4.4621,41.3,33.29
3341804,-4.4621,41.3,33.30
3342525,-4.4621,41.3,33.32
3343246,-4.7326,41.3,33.32
3343967,-4.0114,41.3,33.33
3344688,-4.4171,41.3,33.34
3345409,-3.9213,41.3,33.35
3346130,-4.8227,41.3,33.36
3346851,-4.3269,41.3,33.37
3347572,-3.8987,41.3,33.37
3348293,-5.2509,41.3,33.39
3349014,-5.8143,41.3,33.40
3349735,-4.3720,41.3,33.41
3350456,-4.7100,41.3,33.41
3351177,-4.8678,41.3,33.43
# [n=4600] mean=-6.7221 m  sigma=1.5383 m  die=41.3 C  CalVal=-41
3351898,-5.2960,41.3,33.43
3352619,-3.7410,41.3,33.44
3353340,-4.2368,41.3,33.45
3354061,-4.2368,42.3,33.46
3354782,-4.2368,41.3,33.47
3355503,-4.2368,41.3,33.48
3356224,-4.2368,41.3,33.49
3356945,-4.2368,41.3,33.50
3357666,-4.2368,41.3,33.51
3358387,-4.2368,41.3,33.51
3359108,-4.2368,41.3,33.52
3359829,-4.2368,41.3,33.53
3360550,-4.2368,41.3,33.54
3361271,-4.2368,41.3,33.55
3361992,-4.2368,41.3,33.56
3362713,-4.2368,41.3,33.57
3363434,-4.2368,41.3,33.58
3364155,-4.2368,41.3,33.59
3364876,-4.2368,41.3,33.60
3365597,-4.2368,41.3,33.61
3366318,-4.2368,41.3,33.61
3367039,-4.2368,41.3,33.62
3367760,-4.2368,41.3,33.63
3368481,-4.2368,41.3,33.64
3369202,-4.2368,41.3,33.65
3369923,-4.1466,41.3,33.66
3370644,-3.5156,41.3,33.66
3371365,-3.5607,41.3,33.67
3372086,-3.7410,41.3,33.68
3372807,-4.9579,41.3,33.69
3373528,-4.1241,41.3,33.70
3374249,-4.1016,41.3,33.71
3374970,-3.5832,41.3,33.71
3375691,-3.5382,41.3,33.72
3376412,-3.4255,41.3,33.74
3377133,-3.5607,41.3,33.75
3377854,-3.5832,42.3,33.75
3378575,-4.5974,42.3,33.76
3379296,-4.5974,42.3,33.77
3380017,-4.5974,41.3,33.78
3380738,-4.5974,42.3,33.79
3381459,-4.5974,42.3,33.80
3382180,-4.5974,42.3,33.80
3382901,-4.5974,42.3,33.81
3383622,-4.5974,42.3,33.82
3384343,-4.5974,41.3,33.83
3385064,-4.5974,42.3,33.84
3385785,-4.5974,42.3,33.84
3386506,-4.5974,41.3,33.85
3387227,-4.5974,41.3,33.87
3387948,-4.5974,42.3,33.87
3388669,-4.5974,41.3,33.88
3389390,-4.5974,42.3,33.89
3390111,-4.5974,42.3,33.90
3390832,-4.5974,42.3,33.91
3391553,-4.5974,41.3,33.92
3392274,-4.5974,42.3,33.93
3392995,-4.5974,42.3,33.94
3393716,-4.5974,42.3,33.95
3394437,-4.5974,41.3,33.95
3395158,-4.5974,42.3,33.96
3395879,-4.5974,42.3,33.97
3396600,-3.4029,41.3,33.98
3397321,-4.2593,41.3,33.99
3398042,-3.6508,42.3,34.00
3398763,-5.0255,42.3,34.00
3399484,-5.2734,41.3,34.01
3400205,-4.7551,42.3,34.02
3400926,-4.3720,42.3,34.02
3401647,-4.5974,42.3,34.04
3402368,-4.1016,42.3,34.05
3403089,-4.1692,42.3,34.06
3403810,-3.6283,42.3,34.06
3404531,-4.0114,42.3,34.08
3405252,-5.2509,41.3,34.08
3405973,-4.4396,42.3,34.10
3406694,-5.4087,42.3,34.10
3407415,-5.4087,42.3,34.11
3408136,-5.4087,42.3,34.12
3408857,-5.4087,42.3,34.12
3409578,-5.4087,42.3,34.13
3410299,-5.4087,42.3,34.14
3411020,-5.4087,42.3,34.15
3411741,-5.4087,42.3,34.16
3412462,-5.4087,42.3,34.17
3413183,-5.4087,42.3,34.17
3413904,-5.4087,42.3,34.18
3414625,-5.4087,42.3,34.20
3415346,-5.4087,42.3,34.20
3416067,-5.4087,42.3,34.21
3416788,-5.4087,42.3,34.22
3417509,-5.4087,42.3,34.23
3418230,-5.4087,42.3,34.24
3418951,-5.4087,43.3,34.24
3419672,-5.4087,43.3,34.25
3420393,-5.4087,43.3,34.26
3421114,-5.4087,42.3,34.27
3421835,-5.4087,42.3,34.28
3422556,-5.4087,42.3,34.28
3423277,-5.3410,42.3,34.29
# [n=4700] mean=-6.6766 m  sigma=1.5553 m  die=42.3 C  CalVal=-41
3423998,-4.3495,42.3,34.30
3424719,-3.6508,41.3,34.31
3425440,-3.7184,42.3,34.32
3426161,-5.1157,42.3,34.32
3426882,-4.5523,42.3,34.33
3427603,-5.3861,42.3,34.34
3428324,-4.2593,42.3,34.36
3429045,-3.5607,42.3,34.36
3429766,-4.2593,42.3,34.37
3430487,-4.1692,42.3,34.38
3431208,-4.4621,42.3,34.39
3431929,-4.1016,42.3,34.40
3432650,-4.8453,43.3,34.41
3433371,-4.1016,42.3,34.41
3434092,-4.1016,42.3,34.42
3434813,-4.1016,43.3,34.43
3435534,-4.1016,43.3,34.44
3436255,-4.1016,42.3,34.45
3436976,-4.1016,43.3,34.46
3437697,-4.1016,43.3,34.46
3438418,-4.1016,43.3,34.47
3439139,-4.1016,42.3,34.48
3439860,-4.1016,42.3,34.49
3440581,-4.1016,43.3,34.49
3441302,-4.1016,43.3,34.50
3442023,-4.1016,43.3,34.52
3442744,-4.1016,43.3,34.52
3443465,-4.1016,43.3,34.53
3444186,-4.1016,43.3,34.53
3444907,-4.1016,42.3,34.54
3445628,-4.1016,42.3,34.55
3446349,-4.1016,42.3,34.56
3447070,-4.1016,43.3,34.57
3447791,-4.1016,43.3,34.57
3448512,-4.1016,43.3,34.58
3449233,-4.1016,43.3,34.59
3449954,-3.9663,43.3,34.60
3450675,-4.6424,43.3,34.61
3451396,-4.8678,43.3,34.61
3452117,-4.8002,43.3,34.62
3452838,-4.3945,42.3,34.63
3453559,-4.5974,43.3,34.64
3454280,-3.5832,42.3,34.64
3455001,-4.3044,42.3,34.65
3455722,-3.8537,43.3,34.66
3456443,-4.4847,43.3,34.67
3457164,-4.6199,43.3,34.68
3457885,-3.6283,43.3,34.68
3458606,-4.3945,43.3,34.70
3459327,-3.7184,42.3,34.71
3460048,-4.5523,43.3,34.71
3460769,-4.5523,43.3,34.72
3461490,-4.5523,43.3,34.73
3462211,-4.5523,43.3,34.73
3462932,-4.5523,43.3,34.74
3463653,-4.5523,42.3,34.75
3464374,-4.5523,43.3,34.76
3465095,-4.5523,43.3,34.77
3465816,-4.5523,43.3,34.77
3466537,-4.5523,43.3,34.78
3467258,-4.5523,43.3,34.79
3467979,-4.5523,43.3,34.80
3468700,-4.5523,43.3,34.81
3469421,-4.5523,43.3,34.81
3470142,-4.5523,43.3,34.82
3470863,-4.5523,43.3,34.82
3471584,-4.5523,43.3,34.84
3472305,-4.5523,43.3,34.85
3473026,-4.5523,43.3,34.85
3473747,-4.5523,43.3,34.86
3474468,-4.5523,43.3,34.87
3475189,-4.5523,43.3,34.87
3475910,-4.5523,43.3,34.88
3476631,-4.2142,43.3,34.89
3477352,-4.2593,43.3,34.89
3478073,-4.5748,43.3,34.90
3478794,-4.2819,43.3,34.91
3479515,-4.1466,43.3,34.92
3480236,-4.2593,43.3,34.92
3480957,-4.2819,43.3,34.93
3481678,-3.7861,43.3,34.94
3482399,-4.3495,43.3,34.94
3483120,-4.4847,43.3,34.95
3483841,-5.2734,43.3,34.96
3484562,-4.2368,43.3,34.97
3485283,-4.4621,43.3,34.98
3486004,-4.9805,43.3,34.97
3486725,-4.5072,43.3,34.99
3487446,-4.5072,43.3,34.99
3488167,-4.5072,43.3,35.00
3488888,-4.5072,43.3,35.01
3489609,-4.5072,43.3,35.02
3490330,-4.5072,43.3,35.03
3491051,-4.5072,44.3,35.04
3491772,-4.5072,43.3,35.05
3492493,-4.5072,43.3,35.05
3493214,-4.5072,43.3,35.06
3493935,-4.5072,43.3,35.07
3494656,-4.5072,43.3,35.08
3495377,-4.5072,43.3,35.09
# [n=4800] mean=-6.6282 m  sigma=1.5750 m  die=43.3 C  CalVal=-41
3496098,-4.5072,43.3,35.10
3496819,-4.5072,44.3,35.10
3497540,-4.5072,43.3,35.11
3498261,-4.5072,43.3,35.11
3498982,-4.5072,44.3,35.12
3499703,-4.5072,43.3,35.13
3500424,-4.5072,43.3,35.14
3501145,-4.5072,43.3,35.14
3501866,-4.5072,43.3,35.15
3502587,-4.5072,43.3,35.16
3503308,-3.8987,43.3,35.17
3504029,-5.1157,43.3,35.17
3504750,-3.2677,43.3,35.18
3505471,-3.6734,43.3,35.19
3506192,-4.8453,43.3,35.20
3506913,-3.8311,43.3,35.21
3507634,-4.1466,43.3,35.22
3508355,-3.9889,43.3,35.22
3509076,-4.1917,44.3,35.23
3509797,-4.4621,44.3,35.24
3510518,-4.8678,44.3,35.25
3511239,-4.2368,44.3,35.26
3511960,-3.9438,43.3,35.27
3512681,-4.4171,44.3,35.27
3513402,-4.3269,44.3,35.28
3514123,-4.3269,44.3,35.29
3514844,-4.3269,44.3,35.29
3515565,-4.3269,44.3,35.30
3516286,-4.3269,43.3,35.31
3517007,-4.3269,43.3,35.32
3517728,-4.3269,43.3,35.33
3518449,-4.3269,43.3,35.34
3519170,-4.3269,44.3,35.34
3519891,-4.3269,44.3,35.36
3520612,-4.3269,43.3,35.36
3521333,-4.3269,44.3,35.37
3522054,-4.3269,44.3,35.38
3522775,-4.3269,44.3,35.39
3523496,-4.3269,43.3,35.40
3524217,-4.3269,44.3,35.40
3524938,-4.3269,44.3,35.41
3525659,-4.3269,44.3,35.41
3526380,-4.3269,43.3,35.43
3527101,-4.3269,43.3,35.43
3527822,-4.3269,43.3,35.44
3528543,-4.3269,43.3,35.45
3529264,-4.3269,44.3,35.46
3529985,-4.8678,43.3,35.47
3530706,-4.9805,44.3,35.48
3531427,-4.0565,43.3,35.48
3532148,-3.1550,44.3,35.49
3532869,-3.6508,44.3,35.50
3533590,-5.2284,44.3,35.51
3534311,-4.3495,43.3,35.51
3535032,-3.6508,44.3,35.52
3535753,-3.3353,44.3,35.53
3536474,-4.1466,44.3,35.53
3537195,-3.2903,44.3,35.54
3537916,-3.3128,43.3,35.55
3538637,-4.3044,44.3,35.56
3539358,-3.2227,44.3,35.57
3540079,-3.7410,44.3,35.57
3540800,-3.7410,44.3,35.58
3541521,-3.7410,44.3,35.59
3542242,-3.7410,44.3,35.59
3542963,-3.7410,43.3,35.60
3543684,-3.7410,43.3,35.61
3544405,-3.7410,44.3,35.62
3545126,-3.7410,44.3,35.63
3545847,-3.7410,44.3,35.63
3546568,-3.7410,44.3,35.65
3547289,-3.7410,44.3,35.65
3548010,-3.7410,44.3,35.66
3548731,-3.7410,44.3,35.67
3549452,-3.7410,44.3,35.68
3550173,-3.7410,44.3,35.69
3550894,-3.7410,44.3,35.70
3551615,-3.7410,44.3,35.70
3552336,-3.7410,44.3,35.71
3553057,-3.7410,44.3,35.72
3553778,-3.7410,44.3,35.73
3554499,-3.7410,44.3,35.73
3555220,-3.7410,44.3,35.75
3555941,-3.7410,44.3,35.75
3556662,-4.1016,44.3,35.76
3557383,-3.4480,44.3,35.76
3558104,-4.1016,44.3,35.77
3558825,-3.7861,44.3,35.78
3559546,-4.5748,44.3,35.79
3560267,-4.3044,44.3,35.79
3560988,-4.8903,44.3,35.80
3561709,-3.7184,44.3,35.81
3562430,-3.6508,44.3,35.81
3563151,-3.6734,44.3,35.83
3563872,-4.0790,44.3,35.84
3564593,-4.6199,44.3,35.84
3565314,-4.4621,44.3,35.85
3566035,-4.9354,44.3,35.85
3566756,-4.2819,44.3,35.86
3567477,-4.2819,44.3,35.87
# [n=4900] mean=-6.5770 m  sigma=1.5999 m  die=44.3 C  CalVal=-40
3568198,-4.2819,44.3,35.88
3568919,-4.2819,44.3,35.88
3569640,-4.2819,44.3,35.89
3570361,-4.2819,44.3,35.90
3571082,-4.2819,44.3,35.90
3571803,-4.2819,44.3,35.91
3572524,-4.2819,44.3,35.92
3573245,-4.2819,44.3,35.92
3573966,-4.2819,44.3,35.93
3574687,-4.2819,44.3,35.94
3575408,-4.2819,44.3,35.95
3576129,-4.2819,44.3,35.95
3576850,-4.2819,44.3,35.96
3577571,-4.2819,44.3,35.97
3578292,-4.2819,44.3,35.97
3579013,-4.2819,44.3,35.98
3579734,-4.2819,44.3,35.99
3580455,-4.2819,44.3,36.00
3581176,-4.2819,44.3,36.01
3581897,-4.2819,44.3,36.02
3582618,-4.2819,44.3,36.02
3583339,-4.7776,44.3,36.03
3584060,-3.4029,44.3,36.04
3584781,-4.3945,44.3,36.05
3585502,-4.3495,44.3,36.05
3586223,-4.4847,44.3,36.06
3586944,-5.2509,44.3,36.06
3587665,-5.5213,44.3,36.07
3588386,-5.3410,43.3,36.08
3589107,-4.2819,43.3,36.09
3589828,-4.7776,44.3,36.09
3590549,-4.5523,44.3,36.10
3591270,-4.5748,44.3,36.11
3591991,-6.1749,44.3,36.12
3592712,-4.8678,44.3,36.13
3593433,-5.0481,43.3,36.13
3594154,-5.0481,44.3,36.14
3594875,-5.0481,44.3,36.14
3595596,-5.0481,44.3,36.15
3596317,-5.0481,44.3,36.15
3597038,-5.0481,44.3,36.16
3597759,-5.0481,44.3,36.17
3598480,-5.0481,44.3,36.17
3599201,-5.0481,44.3,36.18
3599922,-5.0481,44.3,36.19
3600643,-5.0481,44.3,36.20
3601364,-5.0481,44.3,36.20
3602085,-5.0481,44.3,36.21
3602806,-5.0481,44.3,36.22
3603527,-5.0481,44.3,36.22
3604248,-5.0481,44.3,36.23
3604969,-5.0481,44.3,36.23
3605690,-5.0481,44.3,36.24
3606411,-5.0481,44.3,36.24
3607132,-5.0481,44.3,36.25
3607853,-5.0481,45.3,36.26
3608574,-5.0481,44.3,36.27
3609295,-5.0481,44.3,36.27
3610016,-3.6283,44.3,36.28
3610737,-3.9889,44.3,36.29
3611458,-4.5748,44.3,36.29
3612179,-4.6424,44.3,36.29
3612900,-6.0847,44.3,36.30
3613621,-4.9805,44.3,36.31
3614342,-4.4396,44.3,36.32
3615063,-5.2734,44.3,36.32
3615784,-4.7326,44.3,36.33
3616505,-4.3495,44.3,36.34
3617226,-3.6283,44.3,36.34
3617947,-4.4171,44.3,36.35
3618668,-4.1241,44.3,36.36
3619389,-3.3579,44.3,36.37
3620110,-3.9889,44.3,36.37
3620831,-3.9889,44.3,36.38
3621552,-3.9889,44.3,36.38
3622273,-3.9889,44.3,36.39
3622994,-3.9889,44.3,36.40
3623715,-3.9889,45.3,36.41
3624436,-3.9889,45.3,36.41
3625157,-3.9889,44.3,36.42
3625878,-3.9889,44.3,36.43
3626599,-3.9889,44.3,36.43
3627320,-3.9889,44.3,36.44
3628041,-3.9889,45.3,36.45
3628762,-3.9889,44.3,36.45
3629483,-3.9889,45.3,36.46
3630204,-3.9889,45.3,36.46
3630925,-3.9889,45.3,36.47
3631646,-3.9889,44.3,36.48
3632367,-3.9889,45.3,36.49
3633088,-3.9889,45.3,36.49
3633809,-3.9889,45.3,36.50
3634530,-3.9889,45.3,36.50
3635251,-3.9889,45.3,36.51
3635972,-3.9889,45.3,36.52
3636693,-5.7467,45.3,36.52
3637414,-5.1157,45.3,36.53
3638135,-5.4537,44.3,36.53
3638856,-6.0847,44.3,36.54
3639577,-4.4621,45.3,36.55
# [n=5000] mean=-6.5362 m  sigma=1.6114 m  die=45.3 C  CalVal=-40
3640298,-4.4847,44.3,36.55
3641019,-2.8170,44.3,36.55
3641740,-2.5466,45.3,36.56
3642461,-2.7269,45.3,36.57
3643182,-2.3888,45.3,36.58
3643903,-2.6818,44.3,36.58
3644624,-3.0649,45.3,36.59
3645345,-2.6593,45.3,36.59
3646066,-3.5382,44.3,36.60
3646787,-2.6593,45.3,36.60
3647508,-2.6593,44.3,36.61
3648229,-2.6593,45.3,36.62
3648950,-2.6593,45.3,36.63
3649671,-2.6593,45.3,36.63
3650392,-2.6593,45.3,36.64
3651113,-2.6593,45.3,36.65
3651834,-2.6593,45.3,36.66
3652555,-2.6593,44.3,36.66
3653276,-2.6593,44.3,36.67
3653997,-2.6593,44.3,36.67
3654718,-2.6593,45.3,36.68
3655439,-2.6593,45.3,36.69
3656160,-2.6593,45.3,36.69
3656881,-2.6593,45.3,36.70
3657602,-2.6593,45.3,36.70
3658323,-2.6593,45.3,36.71
3659044,-2.6593,45.3,36.71
3659765,-2.6593,45.3,36.72
3660486,-2.6593,45.3,36.73
3661207,-2.6593,44.3,36.73
3661928,-2.6593,44.3,36.74
3662649,-2.6593,45.3,36.74
3663370,-4.7551,45.3,36.75
3664091,-2.6142,45.3,36.75
3664812,-3.5156,45.3,36.76
3665533,-2.7719,45.3,36.77
3666254,-3.2903,45.3,36.77
3666975,-2.3212,45.3,36.78
3667696,-3.7410,45.3,36.78
3668417,-3.3804,45.3,36.79
3669138,-2.7945,45.3,36.79
3669859,-2.9973,45.3,36.80
3670580,-3.4255,45.3,36.81
3671301,-2.2987,45.3,36.82
3672022,-4.2368,45.3,36.82
3672743,-3.3804,45.3,36.83
3673464,-3.8086,45.3,36.83
3674185,-3.8086,45.3,36.84
3674906,-3.8086,44.3,36.85
3675627,-3.8086,45.3,36.85
3676348,-3.8086,45.3,36.86
3677069,-3.8086,45.3,36.86
3677790,-3.8086,45.3,36.87
3678511,-3.8086,45.3,36.87
3679232,-3.8086,45.3,36.88
3679953,-3.8086,45.3,36.88
3680674,-3.8086,45.3,36.88
3681395,-3.8086,45.3,36.89
3682116,-3.8086,45.3,36.89
3682837,-3.8086,45.3,36.90
3683558,-3.8086,45.3,36.91
3684279,-3.8086,45.3,36.92
3685000,-3.8086,45.3,36.92
3685721,-3.8086,45.3,36.93
3686442,-3.8086,45.3,36.93
3687163,-3.8086,45.3,36.94
3687884,-3.8086,45.3,36.95
3688605,-3.8086,45.3,36.95
3689326,-5.0481,45.3,36.96
3690047,-4.1241,45.3,36.96
3690768,-3.4480,46.3,36.97
3691489,-3.1550,46.3,36.98
3692210,-3.6283,46.3,36.99
3692931,-3.6508,45.3,36.99
3693652,-2.7269,45.3,37.00
3694373,-2.8621,45.3,37.00
3695094,-2.7494,45.3,37.01
3695815,-3.1325,45.3,37.02
3696536,-3.2452,45.3,37.03
3697257,-3.3353,46.3,37.03
3697978,-3.0874,45.3,37.04
3698699,-2.5015,45.3,37.04
3699420,-4.0114,45.3,37.05
3700141,-2.7719,45.3,37.05
3700862,-2.7719,45.3,37.06
3701583,-2.7719,45.3,37.06
3702304,-2.7719,45.3,37.07
3703025,-2.7719,45.3,37.08
3703746,-2.7719,45.3,37.08
3704467,-2.7719,46.3,37.09
3705188,-2.7719,45.3,37.09
3705909,-2.7719,45.3,37.09
3706630,-2.7719,46.3,37.10
3707351,-2.7719,46.3,37.11
3708072,-2.7719,46.3,37.11
3708793,-2.7719,45.3,37.11
3709514,-2.7719,46.3,37.12
3710235,-2.7719,46.3,37.13
3710956,-2.7719,46.3,37.13
3711677,-2.7719,46.3,37.14
# [n=5100] mean=-6.4698 m  sigma=1.6651 m  die=46.3 C  CalVal=-40
3712398,-2.7719,46.3,37.14
3713119,-2.7719,46.3,37.15
3713840,-2.7719,46.3,37.15
3714561,-2.7719,46.3,37.16
3715282,-2.7719,46.3,37.16
3716003,-3.0198,45.3,37.17
3716724,-2.2085,45.3,37.17
3717445,-2.4564,45.3,37.18
3718166,-2.6367,45.3,37.18
3718887,-3.2452,46.3,37.19
3719608,-2.5240,46.3,37.19
3720329,-4.1917,45.3,37.20
3721050,-2.4564,45.3,37.20
3721771,-2.8621,45.3,37.21
3722492,-3.3128,45.3,37.22
3723213,-2.5466,46.3,37.22
3723934,-3.5156,46.3,37.22
3724655,-3.0649,46.3,37.23
3725376,-2.4339,45.3,37.23
3726097,-2.6367,45.3,37.24
# outlier -24.1136 die=45.3
# outlier -24.1136 die=46.3
# outlier -24.1136 die=46.3
# outlier -24.1136 die=46.3
# outlier -24.1136 die=45.3
# outlier -24.1136 die=45.3
# outlier -24.1136 die=45.3
# outlier -24.1136 die=45.3
# outlier -24.1136 die=46.3
# outlier -24.1136 die=46.3
# outlier -24.1136 die=45.3
# outlier -24.1136 die=45.3
# outlier -24.1136 die=46.3
# outlier -24.1136 die=46.3
# outlier -24.1136 die=46.3
# outlier -24.1136 die=46.3
# outlier -24.1136 die=45.3
# outlier -24.1136 die=45.3
# outlier -24.1136 die=45.3
# outlier -24.1136 die=45.3
# outlier -24.1136 die=46.3
# outlier -24.1136 die=45.3
3742680,-2.7945,45.3,37.36
3743401,-3.8086,45.3,37.36
3744122,-2.7719,45.3,37.37
3744843,-3.0424,46.3,37.37
3745564,-3.4480,46.3,37.38
3746285,-3.8762,46.3,37.38
3747006,-2.6367,46.3,37.39
3747727,-3.4480,46.3,37.40
3748448,-3.3353,46.3,37.40
3749169,-4.0790,45.3,37.41
3749890,-3.9663,45.3,37.41
3750611,-3.2227,45.3,37.42
3751332,-3.2903,45.3,37.42
3752053,-2.9973,45.3,37.43
3752774,-3.1776,46.3,37.43
3753495,-3.1776,46.3,37.44
3754216,-3.1776,45.3,37.44
3754937,-3.1776,45.3,37.45
3755658,-3.1776,46.3,37.45
3756379,-3.1776,46.3,37.46
3757100,-3.1776,46.3,37.46
3757821,-3.1776,46.3,37.47
3758542,-3.1776,46.3,37.47
3759263,-3.1776,45.3,37.47
3759984,-3.1776,46.3,37.48
3760705,-3.1776,46.3,37.49
3761426,-3.1776,46.3,37.49
3762147,-3.1776,46.3,37.49
3762868,-3.1776,46.3,37.50
3763589,-3.1776,46.3,37.50
3764310,-3.1776,46.3,37.51
3765031,-3.1776,46.3,37.52
3765752,-3.1776,46.3,37.51
3766473,-3.1776,46.3,37.52
3767194,-3.1776,46.3,37.52
3767915,-3.1776,46.3,37.53
3768636,-3.1776,46.3,37.54
3769357,-2.7043,46.3,37.54
3770078,-2.7269,45.3,37.54
3770799,-3.5832,46.3,37.55
3771520,-3.9213,46.3,37.55
3772241,-3.0649,46.3,37.56
3772962,-3.6508,46.3,37.56
3773683,-3.6058,46.3,37.57
3774404,-2.8846,46.3,37.57
3775125,-3.1550,46.3,37.57
3775846,-3.6283,46.3,37.58
3776567,-4.4621,46.3,37.58
3777288,-4.1692,45.3,37.59
3778009,-2.7719,46.3,37.59
3778730,-3.7184,46.3,37.60
3779451,-2.9748,46.3,37.60
3780172,-2.9748,46.3,37.61
3780893,-2.9748,46.3,37.62
3781614,-2.9748,46.3,37.62
3782335,-2.9748,46.3,37.63
3783056,-2.9748,46.3,37.63
3783777,-2.9748,46.3,37.63
3784498,-2.9748,46.3,37.64
3785219,-2.9748,46.3,37.65
3785940,-2.9748,46.3,37.65
3786661,-2.9748,46.3,37.65
3787382,-2.9748,46.3,37.66
3788103,-2.9748,46.3,37.66
3788824,-2.9748,46.3,37.67
3789545,-2.9748,46.3,37.68
3790266,-2.9748,46.3,37.68
3790987,-2.9748,46.3,37.69
3791708,-2.9748,46.3,37.69
3792429,-2.9748,46.3,37.69
3793150,-2.9748,46.3,37.70
3793871,-2.9748,46.3,37.70
3794592,-2.9748,46.3,37.71
3795313,-2.9748,46.3,37.71
3796034,-2.8170,46.3,37.71
3796755,-3.7861,46.3,37.72
3797476,-2.7945,46.3,37.73
3798197,-3.6283,46.3,37.73
3798918,-3.7861,46.3,37.74
3799639,-4.0790,46.3,37.74
# [n=5200] mean=-6.4058 m  sigma=1.7122 m  die=46.3 C  CalVal=-39
3800360,-3.2677,46.3,37.74
3801081,-3.4029,46.3,37.75
3801802,-2.9072,46.3,37.75
3802523,-3.6508,46.3,37.75
3803244,-4.1241,46.3,37.76
3803965,-2.9748,46.3,37.77
3804686,-3.1325,46.3,37.76
3805407,-3.2227,46.3,37.78
3806128,-3.2903,46.3,37.78
3806849,-3.2903,47.3,37.78
3807570,-3.2903,47.3,37.79
3808291,-3.2903,47.3,37.79
3809012,-3.2903,46.3,37.80
3809733,-3.2903,46.3,37.80
3810454,-3.2903,46.3,37.80
3811175,-3.2903,46.3,37.81
3811896,-3.2903,46.3,37.82
3812617,-3.2903,46.3,37.82
3813338,-3.2903,46.3,37.82
3814059,-3.2903,46.3,37.83
3814780,-3.2903,46.3,37.83
3815501,-3.2903,46.3,37.84
3816222,-3.2903,46.3,37.84
3816943,-3.2903,46.3,37.85
3817664,-3.2903,46.3,37.85
3818385,-3.2903,46.3,37.85
3819106,-3.2903,47.3,37.86
3819827,-3.2903,46.3,37.87
3820548,-3.2903,47.3,37.87
3821269,-3.2903,47.3,37.88
3821990,-3.2903,46.3,37.88
3822711,-3.2227,47.3,37.89
3823432,-2.9522,47.3,37.89
3824153,-3.2452,47.3,37.89
3824874,-3.0198,47.3,37.89
3825595,-2.9522,47.3,37.90
3826316,-4.0114,46.3,37.91
3827037,-3.3128,47.3,37.91
3827758,-3.6734,47.3,37.91
3828479,-3.6508,46.3,37.92
3829200,-3.2452,46.3,37.92
3829921,-4.0565,46.3,37.93
3830642,-3.9663,46.3,37.93
3831363,-4.0114,46.3,37.93
3832084,-3.5607,46.3,37.94
3832805,-4.3495,46.3,37.95
3833526,-4.3495,46.3,37.95
3834247,-4.3495,46.3,37.95
3834968,-4.3495,46.3,37.96
3835689,-4.3495,46.3,37.96
3836410,-4.3495,46.3,37.97
3837131,-4.3495,46.3,37.97
3837852,-4.3495,46.3,37.97
3838573,-4.3495,47.3,37.98
3839294,-4.3495,47.3,37.98
3840015,-4.3495,46.3,37.99
3840736,-4.3495,46.3,38.00
3841457,-4.3495,46.3,38.00
3842178,-4.3495,46.3,38.00
3842899,-4.3495,46.3,38.01
3843620,-4.3495,47.3,38.01
3844341,-4.3495,47.3,38.01
3845062,-4.3495,47.3,38.02
3845783,-4.3495,46.3,38.02
3846504,-4.3495,46.3,38.03
3847225,-4.3495,46.3,38.04
3847946,-4.3495,46.3,38.04
3848667,-4.3495,46.3,38.04
3849388,-3.3353,46.3,38.05
3850109,-3.7184,46.3,38.05
3850830,-3.8987,46.3,38.05
3851551,-3.6959,47.3,38.05
3852272,-3.6734,47.3,38.06
3852993,-5.1157,47.3,38.06
3853714,-4.6424,47.3,38.07
3854435,-5.1833,47.3,38.07
3855156,-4.9805,47.3,38.07
3855877,-4.9579,47.3,38.08
3856598,-5.3185,47.3,38.08
3857319,-4.1692,46.3,38.09
3858040,-5.0255,47.3,38.09
3858761,-4.0114,47.3,38.10
3859482,-5.4988,47.3,38.09
3860203,-5.4988,46.3,38.10
3860924,-5.4988,47.3,38.10
3861645,-5.4988,47.3,38.11
3862366,-5.4988,46.3,38.11
3863087,-5.4988,47.3,38.12
3863808,-5.4988,47.3,38.12
3864529,-5.4988,47.3,38.12
3865250,-5.4988,47.3,38.13
3865971,-5.4988,47.3,38.13
3866692,-5.4988,47.3,38.14
3867413,-5.4988,47.3,38.14
3868134,-5.4988,47.3,38.14
3868855,-5.4988,47.3,38.15
3869576,-5.4988,47.3,38.15
3870297,-5.4988,47.3,38.15
3871018,-5.4988,47.3,38.16
3871739,-5.4988,47.3,38.16
# [n=5300] mean=-6.3627 m  sigma=1.7282 m  die=47.3 C  CalVal=-39
3872460,-5.4988,47.3,38.17
3873181,-5.4988,47.3,38.17
3873902,-5.4988,47.3,38.17
3874623,-5.4988,47.3,38.18
3875344,-5.4988,47.3,38.18
3876065,-3.6058,47.3,38.18
3876786,-4.9805,47.3,38.19
3877507,-5.2058,47.3,38.19
3878228,-4.6199,47.3,38.19
3878949,-4.3720,47.3,38.20
3879670,-5.0706,47.3,38.20
3880391,-4.6199,47.3,38.21
3881112,-4.0340,47.3,38.21
3881833,-4.9805,47.3,38.22
3882554,-5.4537,47.3,38.22
3883275,-5.0030,47.3,38.23
3883996,-3.8537,47.3,38.23
3884717,-4.7326,46.3,38.23
3885438,-4.6424,47.3,38.23
3886159,-4.0565,47.3,38.24
3886880,-4.0565,47.3,38.24
3887601,-4.0565,47.3,38.24
3888322,-4.0565,46.3,38.25
3889043,-4.0565,47.3,38.26
3889764,-4.0565,47.3,38.26
3890485,-4.0565,47.3,38.27
3891206,-4.0565,47.3,38.27
3891927,-4.0565,47.3,38.27
3892648,-4.0565,47.3,38.28
3893369,-4.0565,47.3,38.28
3894090,-4.0565,47.3,38.29
3894811,-4.0565,47.3,38.30
3895532,-4.0565,47.3,38.30
3896253,-4.0565,47.3,38.30
3896974,-4.0565,47.3,38.30
3897695,-4.0565,47.3,38.30
3898416,-4.0565,47.3,38.31
3899137,-4.0565,47.3,38.31
3899858,-4.0565,47.3,38.32
3900579,-4.0565,47.3,38.32
3901300,-4.0565,47.3,38.33
3902021,-4.0565,47.3,38.33
3902742,-3.5382,47.3,38.33
3903463,-4.1016,47.3,38.33
3904184,-2.9297,47.3,38.34
3904905,-4.2593,47.3,38.34
3905626,-3.6508,47.3,38.35
3906347,-3.4706,47.3,38.35
3907068,-3.9213,47.3,38.36
3907789,-3.5832,47.3,38.35
3908510,-3.2903,47.3,38.36
3909231,-3.9213,47.3,38.36
3909952,-3.4480,47.3,38.37
3910673,-3.5832,47.3,38.37
3911394,-3.4931,47.3,38.37
3912115,-4.3495,47.3,38.38
3912836,-2.8170,47.3,38.38
3913557,-2.8170,47.3,38.39
3914278,-2.8170,47.3,38.39
3914999,-2.8170,47.3,38.39
3915720,-2.8170,47.3,38.39
3916441,-2.8170,47.3,38.40
3917162,-2.8170,46.3,38.40
3917883,-2.8170,46.3,38.41
3918604,-2.8170,46.3,38.41
3919325,-2.8170,46.3,38.42
3920046,-2.8170,47.3,38.42
3920767,-2.8170,47.3,38.42
3921488,-2.8170,47.3,38.43
3922209,-2.8170,47.3,38.42
3922930,-2.8170,47.3,38.43
3923651,-2.8170,47.3,38.44
3924372,-2.8170,47.3,38.44
3925093,-2.8170,47.3,38.44
3925814,-2.8170,48.3,38.45
3926535,-2.8170,47.3,38.45
3927256,-2.8170,47.3,38.45
3927977,-2.8170,47.3,38.46
3928698,-2.8170,47.3,38.46
3929419,-3.8311,47.3,38.47
3930140,-3.7410,47.3,38.47
3930861,-3.3128,47.3,38.47
3931582,-3.4029,47.3,38.47
3932303,-3.3128,47.3,38.48
3933024,-3.3579,47.3,38.48
3933745,-3.4706,47.3,38.48
3934466,-3.6959,47.3,38.49
3935187,-3.8987,47.3,38.49
3935908,-2.7719,47.3,38.50
3936629,-3.3579,47.3,38.50
3937350,-3.4255,47.3,38.50
3938071,-3.2452,47.3,38.50
3938792,-3.4480,47.3,38.51
3939513,-2.8621,47.3,38.51
3940234,-2.8621,47.3,38.51
3940955,-2.8621,47.3,38.51
3941676,-2.8621,48.3,38.52
3942397,-2.8621,48.3,38.52
3943118,-2.8621,47.3,38.53
3943839,-2.8621,47.3,38.53
# [n=5400] mean=-6.3135 m  sigma=1.7525 m  die=47.3 C  CalVal=-39
3944560,-2.8621,47.3,38.54
3945281,-2.8621,47.3,38.54
3946002,-2.8621,48.3,38.54
3946723,-2.8621,47.3,38.54
3947444,-2.8621,47.3,38.55
3948165,-2.8621,47.3,38.55
3948886,-2.8621,47.3,38.55
3949607,-2.8621,47.3,38.56
3950328,-2.8621,47.3,38.56
3951049,-2.8621,47.3,38.57
3951770,-2.8621,47.3,38.57
3952491,-2.8621,47.3,38.58
3953212,-2.8621,47.3,38.58
3953933,-2.8621,47.3,38.59
3954654,-2.8621,47.3,38.59
3955375,-2.8621,47.3,38.59
3956096,-3.3579,46.3,38.60
3956817,-3.4480,46.3,38.60
3957538,-3.5832,47.3,38.61
3958259,-3.2452,47.3,38.61
3958980,-2.6142,47.3,38.61
3959701,-3.1776,47.3,38.62
3960422,-3.2677,48.3,38.62
3961143,-3.4480,48.3,38.62
3961864,-3.7410,48.3,38.62
3962585,-3.8086,48.3,38.63
3963306,-4.6424,47.3,38.63
3964027,-2.9072,47.3,38.64
3964748,-3.2677,47.3,38.64
3965469,-2.9297,47.3,38.64
3966190,-3.6734,48.3,38.64
3966911,-3.6734,48.3,38.64
3967632,-3.6734,47.3,38.65
3968353,-3.6734,48.3,38.65
3969074,-3.6734,47.3,38.66
3969795,-3.6734,48.3,38.66
3970516,-3.6734,48.3,38.66
3971237,-3.6734,47.3,38.67
3971958,-3.6734,47.3,38.67
3972679,-3.6734,47.3,38.67
3973400,-3.6734,47.3,38.67
3974121,-3.6734,47.3,38.68
3974842,-3.6734,48.3,38.68
3975563,-3.6734,48.3,38.68
3976284,-3.6734,48.3,38.69
3977005,-3.6734,48.3,38.69
3977726,-3.6734,48.3,38.70
3978447,-3.6734,48.3,38.70
3979168,-3.6734,48.3,38.70
3979889,-3.6734,48.3,38.71
3980610,-3.6734,48.3,38.71
3981331,-3.6734,48.3,38.71
3982052,-3.6734,48.3,38.71
3982773,-3.2227,47.3,38.72
3983494,-2.6367,47.3,38.72
3984215,-4.2368,47.3,38.72
3984936,-3.5382,47.3,38.73
3985657,-3.4706,48.3,38.73
3986378,-4.2368,48.3,38.73
3987099,-3.4029,48.3,38.74
3987820,-3.5607,48.3,38.74
3988541,-2.5466,47.3,38.74
3989262,-3.3353,47.3,38.74
3989983,-3.7861,48.3,38.75
3990704,-3.7861,47.3,38.75
3991425,-3.6734,47.3,38.75
3992146,-2.9973,48.3,38.75
3992867,-3.4931,48.3,38.76
3993588,-3.4931,48.3,38.77
3994309,-3.4931,48.3,38.76
3995030,-3.4931,47.3,38.77
3995751,-3.4931,47.3,38.77
3996472,-3.4931,47.3,38.77
3997193,-3.4931,47.3,38.78
3997914,-3.4931,47.3,38.78
3998635,-3.4931,47.3,38.78
3999356,-3.4931,48.3,38.78
4000077,-3.4931,48.3,38.79
4000798,-3.4931,48.3,38.79
4001519,-3.4931,48.3,38.79
4002240,-3.4931,48.3,38.79
4002961,-3.4931,48.3,38.79
4003682,-3.4931,48.3,38.80
4004403,-3.4931,48.3,38.81
4005124,-3.4931,48.3,38.80
4005845,-3.4931,48.3,38.81
4006566,-3.4931,48.3,38.81
4007287,-3.4931,48.3,38.82
4008008,-3.4931,47.3,38.82
4008729,-3.4931,47.3,38.82
4009450,-3.9663,48.3,38.83
4010171,-4.1692,48.3,38.83
4010892,-3.9438,48.3,38.83
4011613,-3.6283,48.3,38.83
4012334,-3.6058,48.3,38.83
4013055,-3.0874,48.3,38.84
4013776,-3.8086,47.3,38.84
4014497,-4.0114,48.3,38.85
4015218,-3.8537,48.3,38.84
4015939,-3.4480,48.3,38.85
# [n=5500] mean=-6.2612 m  sigma=1.7792 m  die=48.3 C  CalVal=-39
4016660,-4.2368,48.3,38.85
4017381,-3.5382,48.3,38.85
4018102,-4.5297,47.3,38.85
4018823,-3.9889,48.3,38.86
4019544,-3.2001,48.3,38.86
4020265,-3.2001,48.3,38.86
4020986,-3.2001,48.3,38.87
4021707,-3.2001,48.3,38.87
4022428,-3.2001,48.3,38.87
4023149,-3.2001,47.3,38.88
4023870,-3.2001,48.3,38.88
4024591,-3.2001,48.3,38.88
4025312,-3.2001,48.3,38.88
4026033,-3.2001,47.3,38.89
4026754,-3.2001,47.3,38.89
4027475,-3.2001,48.3,38.89
4028196,-3.2001,47.3,38.90
4028917,-3.2001,48.3,38.90
4029638,-3.2001,48.3,38.90
4030359,-3.2001,48.3,38.90
4031080,-3.2001,48.3,38.90
4031801,-3.2001,48.3,38.91
4032522,-3.2001,48.3,38.91
4033243,-3.2001,48.3,38.92
4033964,-3.2001,48.3,38.92
4034685,-3.2001,48.3,38.92
4035406,-3.2001,47.3,38.92
4036127,-2.8395,48.3,38.93
4036848,-3.1776,47.3,38.93
4037569,-4.6875,47.3,38.93
4038290,-3.7410,47.3,38.94
4039011,-3.5156,47.3,38.94
4039732,-3.3579,47.3,38.94
4040453,-4.1466,48.3,38.94
4041174,-3.9663,48.3,38.94
4041895,-4.8453,48.3,38.95
4042616,-4.1466,48.3,38.95
4043337,-3.6959,48.3,38.95
4044058,-4.1241,47.3,38.96
4044779,-3.2001,47.3,38.96
4045500,-2.6142,48.3,38.96
4046221,-3.8987,48.3,38.97
4046942,-3.8987,48.3,38.97
4047663,-3.8987,47.3,38.97
4048384,-3.8987,48.3,38.98
4049105,-3.8987,48.3,38.98
4049826,-3.8987,48.3,38.98
4050547,-3.8987,48.3,38.98
4051268,-3.8987,48.3,38.99
4051989,-3.8987,48.3,38.99
4052710,-3.8987,48.3,38.99
4053431,-3.8987,48.3,38.99
4054152,-3.8987,48.3,38.99
4054873,-3.8987,48.3,39.00
4055594,-3.8987,48.3,39.00
4056315,-3.8987,48.3,39.00
4057036,-3.8987,48.3,39.01
4057757,-3.8987,47.3,39.00
4058478,-3.8987,48.3,39.01
4059199,-3.8987,48.3,39.01
4059920,-3.8987,48.3,39.02
4060641,-3.8987,48.3,39.02
4061362,-3.8987,48.3,39.02
4062083,-3.8987,48.3,39.02
4062804,-3.2227,48.3,39.03
4063525,-4.0565,48.3,39.03
4064246,-3.8762,48.3,39.04
4064967,-3.8987,48.3,39.04
4065688,-3.1550,48.3,39.04
4066409,-2.5240,48.3,39.04
4067130,-4.0565,48.3,39.05
4067851,-3.0424,48.3,39.05
4068572,-3.6283,48.3,39.05
4069293,-3.9663,48.3,39.05
4070014,-2.8170,48.3,39.06
4070735,-3.6283,48.3,39.06
4071456,-3.7184,48.3,39.06
4072177,-2.9072,48.3,39.07
4072898,-3.7410,47.3,39.06
4073619,-3.7410,48.3,39.07
4074340,-3.7410,48.3,39.07
4075061,-3.7410,48.3,39.07
4075782,-3.7410,48.3,39.07
4076503,-3.7410,48.3,39.08
4077224,-3.7410,48.3,39.08
4077945,-3.7410,48.3,39.08
4078666,-3.7410,48.3,39.09
4079387,-3.7410,48.3,39.09
4080108,-3.7410,48.3,39.09
4080829,-3.7410,47.3,39.09
4081550,-3.7410,48.3,39.10
4082271,-3.7410,48.3,39.10
4082992,-3.7410,48.3,39.10
4083713,-3.7410,48.3,39.10
4084434,-3.7410,48.3,39.10
4085155,-3.7410,48.3,39.11
4085876,-3.7410,48.3,39.11
4086597,-3.7410,48.3,39.11
4087318,-3.7410,48.3,39.11
4088039,-3.7410,48.3,39.12
# [n=5600] mean=-6.2142 m  sigma=1.7983 m  die=48.3 C  CalVal=-38
4088760,-3.7410,48.3,39.12
4089481,-3.0198,48.3,39.12
4090202,-3.3353,48.3,39.12
4090923,-3.3353,48.3,39.13
4091644,-4.6424,48.3,39.13
4092365,-3.7635,48.3,39.13
4093086,-4.1016,48.3,39.14
4093807,-4.8678,48.3,39.14
4094528,-3.6508,48.3,39.15
4095249,-3.2903,48.3,39.15
4095970,-3.3804,48.3,39.15
4096691,-3.4706,48.3,39.15
4097412,-3.7184,48.3,39.15
4098133,-3.5832,48.3,39.15
4098854,-2.5466,48.3,39.16
4099575,-3.9663,48.3,39.16
4100296,-3.9663,48.3,39.16
4101017,-3.9663,48.3,39.16
4101738,-3.9663,48.3,39.16
4102459,-3.9663,48.3,39.17
4103180,-3.9663,48.3,39.17
4103901,-3.9663,48.3,39.18
4104622,-3.9663,48.3,39.18
4105343,-3.9663,48.3,39.18
4106064,-3.9663,48.3,39.18
4106785,-3.9663,48.3,39.18
4107506,-3.9663,48.3,39.19
4108227,-3.9663,47.3,39.19
4108948,-3.9663,48.3,39.19
4109669,-3.9663,48.3,39.19
4110390,-3.9663,48.3,39.20
4111111,-3.9663,48.3,39.20
4111832,-3.9663,48.3,39.20
4112553,-3.9663,48.3,39.21
4113274,-3.9663,48.3,39.21
4113995,-3.9663,48.3,39.21
4114716,-3.9663,48.3,39.21
4115437,-3.9663,48.3,39.22
4116158,-3.6734,48.3,39.21
4116879,-4.4396,48.3,39.22
4117600,-4.1016,48.3,39.22
4118321,-4.2593,48.3,39.22
4119042,-4.5748,48.3,39.23
4119763,-3.9889,48.3,39.23
4120484,-3.2452,48.3,39.23
4121205,-4.6875,48.3,39.24
4121926,-3.3579,48.3,39.24
4122647,-3.2452,48.3,39.24
4123368,-3.3353,48.3,39.25
4124089,-3.5382,48.3,39.25
4124810,-3.7410,48.3,39.25
4125531,-3.7184,48.3,39.26
4126252,-3.9663,48.3,39.26
4126973,-3.9663,48.3,39.25
4127694,-3.9663,48.3,39.26
4128415,-3.9663,48.3,39.26
4129136,-3.9663,48.3,39.26
4129857,-3.9663,48.3,39.26
4130578,-3.9663,48.3,39.26
4131299,-3.9663,48.3,39.26
4132020,-3.9663,48.3,39.26
4132741,-3.9663,48.3,39.27
4133462,-3.9663,48.3,39.27
4134183,-3.9663,48.3,39.27
4134904,-3.9663,48.3,39.27
4135625,-3.9663,48.3,39.27
4136346,-3.9663,48.3,39.27
4137067,-3.9663,48.3,39.27
4137788,-3.9663,48.3,39.27
4138509,-3.9663,48.3,39.27
4139230,-3.9663,48.3,39.28
4139951,-3.9663,48.3,39.28
4140672,-3.9663,48.3,39.27
4141393,-3.9663,48.3,39.27
4142114,-3.9663,48.3,39.28
4142835,-4.0114,48.3,39.28
4143556,-3.5607,48.3,39.27
4144277,-3.4931,48.3,39.28
4144998,-3.7184,48.3,39.28
4145719,-3.5607,48.3,39.27
4146440,-4.7100,48.3,39.27
4147161,-3.6734,48.3,39.28
4147882,-3.4029,48.3,39.28
4148603,-4.3269,48.3,39.27
4149324,-4.2819,48.3,39.28
4150045,-3.3579,48.3,39.27
4150766,-3.6959,48.3,39.28
4151487,-3.2903,48.3,39.27
4152208,-4.8678,48.3,39.28
4152929,-4.0565,48.3,39.27
4153650,-4.0565,48.3,39.27
4154371,-4.0565,48.3,39.27
4155092,-4.0565,48.3,39.27
4155813,-4.0565,48.3,39.26
4156534,-4.0565,48.3,39.27
4157255,-4.0565,48.3,39.26
4157976,-4.0565,48.3,39.26
4158697,-4.0565,48.3,39.26
4159418,-4.0565,48.3,39.26
4160139,-4.0565,48.3,39.26
# [n=5700] mean=-6.1734 m  sigma=1.8089 m  die=48.3 C  CalVal=-38
4160860,-4.0565,48.3,39.26
4161581,-4.0565,48.3,39.26
4162302,-4.0565,48.3,39.25
4163023,-4.0565,48.3,39.25
4163744,-4.0565,48.3,39.25
4164465,-4.0565,48.3,39.25
4165186,-4.0565,47.3,39.25
4165907,-4.0565,47.3,39.25
4166628,-4.0565,48.3,39.24
4167349,-4.0565,48.3,39.24
4168070,-4.0565,48.3,39.24
4168791,-4.0565,48.3,39.24
4169512,-3.5832,48.3,39.23
4170233,-3.8987,48.3,39.23
4170954,-2.9297,48.3,39.23
4171675,-3.4029,48.3,39.23
4172396,-3.7184,48.3,39.22
4173117,-3.7861,48.3,39.22
4173838,-3.2903,48.3,39.21
4174559,-3.4255,48.3,39.21
4175280,-4.1692,48.3,39.21
4176001,-3.7635,48.3,39.20
4176722,-4.4396,48.3,39.20
4177443,-3.9213,48.3,39.20
4178164,-3.2227,48.3,39.19
4178885,-4.1692,48.3,39.19
4179606,-4.6424,48.3,39.18
4180327,-4.6424,48.3,39.18
4181048,-4.6424,48.3,39.18
4181769,-4.6424,48.3,39.17
4182490,-4.6424,48.3,39.17
4183211,-4.6424,48.3,39.17
4183932,-4.6424,48.3,39.16
4184653,-4.6424,48.3,39.16
4185374,-4.6424,48.3,39.15
4186095,-4.6424,48.3,39.15
4186816,-4.6424,48.3,39.15
4187537,-4.6424,48.3,39.14
4188258,-4.6424,48.3,39.13
4188979,-4.6424,48.3,39.13
4189700,-4.6424,48.3,39.13
4190421,-4.6424,48.3,39.12
4191142,-4.6424,48.3,39.12
4191863,-4.6424,48.3,39.11
4192584,-4.6424,48.3,39.11
4193305,-4.6424,48.3,39.11
4194026,-4.6424,48.3,39.10
4194747,-4.6424,48.3,39.09
4195468,-4.6424,48.3,39.09
4196189,-3.0424,48.3,39.09
4196910,-2.8846,48.3,39.08
4197631,-3.9438,48.3,39.08
4198352,-4.4171,48.3,39.07
4199073,-3.7861,47.3,39.07
4199794,-4.1917,48.3,39.06
4200515,-3.0424,48.3,39.06
4201236,-3.3353,48.3,39.05
4201957,-3.6959,48.3,39.05
4202678,-3.6508,47.3,39.04
4203399,-4.6199,47.3,39.03
4204120,-4.5072,48.3,39.03
4204841,-4.0114,48.3,39.02
4205562,-4.7776,48.3,39.02
4206283,-4.1241,48.3,39.01
4207004,-4.1241,48.3,39.00
4207725,-4.1241,48.3,39.00
4208446,-4.1241,48.3,38.99
4209167,-4.1241,48.3,38.99
4209888,-4.1241,47.3,38.98
4210609,-4.1241,47.3,38.97
4211330,-4.1241,47.3,38.97
4212051,-4.1241,48.3,38.96
4212772,-4.1241,48.3,38.95
4213493,-4.1241,48.3,38.95
4214214,-4.1241,48.3,38.94
4214935,-4.1241,47.3,38.93
4215656,-4.1241,47.3,38.92
4216377,-4.1241,47.3,38.92
4217098,-4.1241,47.3,38.91
4217819,-4.1241,47.3,38.90
4218540,-4.1241,47.3,38.90
4219261,-4.1241,48.3,38.89
4219982,-4.1241,48.3,38.88
4220703,-4.1241,47.3,38.88
4221424,-4.1241,48.3,38.86
4222145,-4.1241,48.3,38.86
4222866,-2.5691,48.3,38.85
4223587,-4.4171,48.3,38.84
4224308,-3.7410,47.3,38.84
4225029,-3.8311,47.3,38.84
4225750,-3.5832,47.3,38.83
4226471,-3.0198,48.3,38.82
4227192,-3.6058,48.3,38.81
4227913,-2.6142,48.3,38.80
4228634,-3.4255,48.3,38.79
4229355,-3.6058,47.3,38.78
4230076,-3.6283,47.3,38.78
4230797,-4.2368,47.3,38.77
4231518,-3.7410,47.3,38.76
4232239,-3.4480,48.3,38.76
# [n=5800] mean=-6.1369 m  sigma=1.8155 m  die=48.3 C  CalVal=-38
4232960,-3.5832,47.3,38.75
4233681,-3.5832,47.3,38.74
4234402,-3.5832,47.3,38.73
4235123,-3.5832,47.3,38.73
4235844,-3.5832,48.3,38.72
4236565,-3.5832,48.3,38.71
4237286,-3.5832,48.3,38.70
4238007,-3.5832,48.3,38.69
4238728,-3.5832,48.3,38.68
4239449,-3.5832,48.3,38.68
4240170,-3.5832,48.3,38.67
4240891,-3.5832,48.3,38.66
4241612,-3.5832,48.3,38.65
4242333,-3.5832,48.3,38.65
4243054,-3.5832,48.3,38.63
4243775,-3.5832,47.3,38.63
4244496,-3.5832,47.3,38.62
4245217,-3.5832,47.3,38.61
4245938,-3.5832,47.3,38.60
4246659,-3.5832,47.3,38.59
4247380,-3.5832,47.3,38.58
4248101,-3.5832,47.3,38.56
4248822,-3.5832,47.3,38.56
4249543,-2.1860,48.3,38.55
4250264,-2.7719,47.3,38.54
4250985,-3.8537,47.3,38.53
4251706,-2.6367,47.3,38.52
4252427,-2.5916,47.3,38.51
4253148,-3.1776,48.3,38.50
4253869,-2.7719,47.3,38.49
4254590,-3.9889,47.3,38.49
4255311,-4.1241,47.3,38.48
4256032,-2.3888,47.3,38.47
4256753,-2.2761,47.3,38.46
4257474,-3.2001,47.3,38.45
4258195,-3.3353,47.3,38.44
4258916,-4.1917,47.3,38.43
4259637,-2.2085,47.3,38.42
4260358,-2.2085,47.3,38.41
4261079,-2.2085,47.3,38.40
4261800,-2.2085,47.3,38.39
4262521,-2.2085,47.3,38.38
4263242,-2.2085,47.3,38.37
4263963,-2.2085,47.3,38.36
4264684,-2.2085,47.3,38.35
4265405,-2.2085,47.3,38.34
4266126,-2.2085,47.3,38.33
4266847,-2.2085,47.3,38.32
4267568,-2.2085,47.3,38.31
4268289,-2.2085,47.3,38.31
4269010,-2.2085,47.3,38.30
4269731,-2.2085,46.3,38.28
4270452,-2.2085,46.3,38.27
4271173,-2.2085,46.3,38.26
4271894,-2.2085,47.3,38.25
4272615,-2.2085,47.3,38.24
4273336,-2.2085,47.3,38.23
4274057,-2.2085,47.3,38.21
4274778,-2.2085,47.3,38.20
4275499,-5.3861,47.3,38.19
4276220,-3.2677,47.3,38.19
4276941,-3.6283,47.3,38.17
4277662,-3.9438,47.3,38.16
4278383,-2.8395,46.3,38.15
4279104,-2.8395,47.3,38.14
4279825,-2.1635,47.3,38.13
4280546,-3.2227,47.3,38.12
4281267,-2.1635,47.3,38.11
4281988,-2.8170,47.3,38.10
4282709,-2.0057,47.3,38.09
4283430,-2.6593,47.3,38.08
4284151,-3.3353,47.3,38.07
4284872,-1.9156,47.3,38.06
4285593,-1.6902,46.3,38.06
4286314,-2.1635,47.3,38.04
4287035,-2.1635,47.3,38.03
4287756,-2.1635,47.3,38.02
4288477,-2.1635,47.3,38.00
4289198,-2.1635,47.3,37.99
4289919,-2.1635,47.3,37.99
4290640,-2.1635,47.3,37.97
4291361,-2.1635,46.3,37.97
4292082,-2.1635,47.3,37.95
4292803,-2.1635,47.3,37.94
4293524,-2.1635,47.3,37.93
4294245,-2.1635,47.3,37.91
4294966,-2.1635,47.3,37.91
4295687,-2.1635,46.3,37.90
4296408,-2.1635,46.3,37.89
4297129,-2.1635,46.3,37.88
4297850,-2.1635,46.3,37.86
4298571,-2.1635,46.3,37.85
4299292,-2.1635,47.3,37.84
4300013,-2.1635,47.3,37.83
4300734,-2.1635,47.3,37.82
4301455,-2.1635,47.3,37.81
4302176,-5.7242,46.3,37.80
4302897,-4.0565,46.3,37.78
4303618,-5.3636,46.3,37.77
4304339,-5.2734,46.3,37.76
# [n=5900] mean=-6.0814 m  sigma=1.8524 m  die=46.3 C  CalVal=-38
4305060,-5.7242,46.3,37.75
4305781,-6.6481,47.3,37.74
4306502,-5.5439,46.3,37.73
4307223,-7.3017,46.3,37.72
4307944,-6.5129,46.3,37.71
4308665,-6.4678,47.3,37.70
4309386,-6.7383,46.3,37.69
4310107,-6.1749,46.3,37.67
4310828,-6.2200,46.3,37.66
4311549,-7.0538,46.3,37.65
4312270,-6.4904,46.3,37.64
4312991,-17.2401,46.3,37.62
4313712,-17.2401,46.3,37.61
4314433,-17.2401,46.3,37.60
4315154,-17.2401,46.3,37.59
4315875,-17.2401,46.3,37.58
4316596,-17.2401,46.3,37.57
4317317,-17.2401,47.3,37.56
4318038,-17.2401,46.3,37.55
4318759,-17.2401,46.3,37.54
4319480,-17.2401,46.3,37.53
4320201,-17.2401,46.3,37.51
4320922,-17.2401,46.3,37.50
4321643,-17.2401,47.3,37.48
4322364,-17.2401,47.3,37.48
4323085,-17.2401,47.3,37.46
4323806,-17.2401,47.3,37.45
4324527,-17.2401,47.3,37.45
4325248,-17.2401,47.3,37.43
4325969,-17.2401,46.3,37.42
4326690,-17.2401,46.3,37.41
4327411,-17.2401,47.3,37.39
4328132,-17.2401,46.3,37.38
4328853,-4.0114,46.3,37.38
4329574,-5.1382,46.3,37.36
4330295,-5.0255,46.3,37.35
4331016,-5.3410,46.3,37.34
4331737,-4.8227,46.3,37.33
4332458,-4.9354,46.3,37.32
4333179,-5.0706,46.3,37.31
4333900,-4.7326,46.3,37.29
4334621,-5.0931,46.3,37.28
4335342,-5.7918,46.3,37.27
4336063,-4.1466,46.3,37.25
4336784,-5.2058,46.3,37.24
4337505,-5.5664,46.3,37.23
4338226,-5.4087,46.3,37.21
4338947,-4.7776,46.3,37.20
4339668,-4.7776,46.3,37.19
4340389,-4.7776,46.3,37.18
4341110,-4.7776,46.3,37.17
4341831,-4.7776,46.3,37.15
4342552,-4.7776,46.3,37.14
4343273,-4.7776,46.3,37.13
4343994,-4.7776,46.3,37.12
4344715,-4.7776,46.3,37.10
4345436,-4.7776,46.3,37.09
4346157,-4.7776,45.3,37.08
4346878,-4.7776,45.3,37.07
4347599,-4.7776,45.3,37.06
4348320,-4.7776,46.3,37.05
4349041,-4.7776,45.3,37.04
4349762,-4.7776,46.3,37.02
4350483,-4.7776,45.3,37.00
4351204,-4.7776,45.3,37.00
4351925,-4.7776,45.3,36.98
4352646,-4.7776,45.3,36.97
4353367,-4.7776,45.3,36.96
4354088,-4.7776,45.3,36.94
4354809,-4.7776,45.3,36.93
4355530,-5.3185,45.3,36.92
4356251,-4.8002,45.3,36.90
4356972,-4.7326,46.3,36.89
4357693,-4.0790,46.3,36.88
4358414,-4.3269,46.3,36.87
4359135,-5.1833,46.3,36.85
4359856,-5.3636,46.3,36.85
4360577,-5.4763,46.3,36.83
4361298,-4.9354,46.3,36.83
4362019,-5.0931,45.3,36.81
4362740,-5.9495,46.3,36.79
4363461,-5.8819,46.3,36.78
4364182,-5.2734,46.3,36.77
4364903,-4.8453,46.3,36.76
4365624,-5.4312,45.3,36.74
4366345,-5.4312,45.3,36.73
4367066,-5.4312,45.3,36.72
4367787,-5.4312,46.3,36.71
4368508,-5.4312,45.3,36.70
4369229,-5.4312,45.3,36.69
4369950,-5.4312,46.3,36.67
4370671,-5.4312,46.3,36.67
4371392,-5.4312,46.3,36.65
4372113,-5.4312,45.3,36.64
4372834,-5.4312,46.3,36.62
4373555,-5.4312,46.3,36.61
4374276,-5.4312,46.3,36.60
4374997,-5.4312,46.3,36.58
4375718,-5.4312,45.3,36.57
4376439,-5.4312,45.3,36.56
# [n=6000] mean=-6.1115 m  sigma=1.9607 m  die=45.3 C  CalVal=-38
4377160,-5.4312,45.3,36.55
4377881,-5.4312,45.3,36.54
4378602,-5.4312,45.3,36.52
4379323,-5.4312,45.3,36.51
4380044,-5.4312,45.3,36.50
4380765,-5.4312,45.3,36.49
4381486,-5.4312,45.3,36.48
4382207,-5.2509,45.3,36.46
4382928,-6.1073,45.3,36.45
4383649,-5.4312,45.3,36.44
4384370,-5.2509,45.3,36.43
4385091,-5.3861,45.3,36.42
4385812,-5.3410,45.3,36.40
4386533,-4.8453,45.3,36.39
4387254,-5.7242,45.3,36.37
4387975,-5.0481,45.3,36.36
4388696,-5.2058,45.3,36.35
4389417,-4.3720,45.3,36.34
4390138,-5.5439,45.3,36.32
4390859,-5.6565,45.3,36.31
4391580,-5.0706,45.3,36.30
4392301,-5.6791,45.3,36.28
4393022,-5.6791,45.3,36.27
4393743,-5.6791,44.3,36.26
4394464,-5.6791,45.3,36.25
4395185,-5.6791,45.3,36.24
4395906,-5.6791,45.3,36.23
4396627,-5.6791,45.3,36.22
4397348,-5.6791,45.3,36.20
4398069,-5.6791,45.3,36.19
4398790,-5.6791,45.3,36.18
4399511,-5.6791,45.3,36.16
4400232,-5.6791,45.3,36.15
4400953,-5.6791,45.3,36.14
4401674,-5.6791,45.3,36.13
4402395,-5.6791,45.3,36.12
4403116,-5.6791,45.3,36.10
4403837,-5.6791,45.3,36.09
4404558,-5.6791,45.3,36.08
4405279,-5.6791,45.3,36.06
4406000,-5.6791,45.3,36.05
4406721,-5.6791,45.3,36.04
4407442,-5.6791,45.3,36.03
4408163,-5.6791,45.3,36.01
4408884,-4.8678,45.3,36.00
4409605,-5.8594,45.3,35.99
4410326,-4.7776,45.3,35.97
4411047,-4.5297,45.3,35.96
4411768,-4.9805,45.3,35.95
4412489,-5.5439,45.3,35.93
4413210,-5.9495,44.3,35.92
4413931,-4.8453,45.3,35.91
4414652,-5.3185,45.3,35.90
4415373,-5.2509,45.3,35.88
4416094,-5.0931,44.3,35.87
4416815,-4.7551,44.3,35.86
4417536,-5.0931,44.3,35.85
4418257,-4.7326,45.3,35.84
4418978,-5.3861,45.3,35.83
4419699,-5.3861,44.3,35.81
4420420,-5.3861,44.3,35.80
4421141,-5.3861,44.3,35.79
4421862,-5.3861,45.3,35.78
4422583,-5.3861,45.3,35.76
4423304,-5.3861,45.3,35.75
4424025,-5.3861,45.3,35.74
4424746,-5.3861,45.3,35.73
4425467,-5.3861,45.3,35.71
4426188,-5.3861,45.3,35.70
4426909,-5.3861,45.3,35.69
4427630,-5.3861,44.3,35.67
4428351,-5.3861,45.3,35.66
4429072,-5.3861,44.3,35.65
4429793,-5.3861,44.3,35.63
4430514,-5.3861,45.3,35.62
4431235,-5.3861,45.3,35.60
4431956,-5.3861,44.3,35.59
4432677,-5.3861,44.3,35.58
4433398,-5.3861,44.3,35.57
4434119,-5.3861,44.3,35.55
4434840,-5.3861,44.3,35.54
4435561,-5.5439,44.3,35.53
4436282,-6.2650,45.3,35.52
4437003,-5.6340,44.3,35.50
4437724,-5.6565,44.3,35.49
4438445,-5.4312,44.3,35.48
4439166,-5.5664,44.3,35.47
4439887,-6.4002,44.3,35.46
4440608,-4.7776,44.3,35.45
4441329,-5.0706,44.3,35.43
4442050,-6.3101,44.3,35.42
4442771,-4.9354,44.3,35.41
4443492,-5.6565,44.3,35.40
4444213,-5.4763,44.3,35.39
4444934,-5.8819,44.3,35.37
4445655,-6.2425,44.3,35.36
4446376,-6.2425,44.3,35.35
4447097,-6.2425,44.3,35.33
4447818,-6.2425,44.3,35.31
4448539,-6.2425,44.3,35.29
# [n=6100] mean=-6.1012 m  sigma=1.9468 m  die=44.3 C  CalVal=-38
4449260,-6.2425,44.3,35.29
4449981,-6.2425,44.3,35.28
4450702,-6.2425,44.3,35.26
4451423,-6.2425,44.3,35.25
4452144,-6.2425,44.3,35.24
4452865,-6.2425,44.3,35.23
4453586,-6.2425,44.3,35.22
4454307,-6.2425,44.3,35.21
4455028,-6.2425,44.3,35.19
4455749,-6.2425,44.3,35.19
4456470,-6.2425,44.3,35.17
4457191,-6.2425,44.3,35.16
4457912,-6.2425,44.3,35.15
4458633,-6.2425,44.3,35.13
4459354,-6.2425,44.3,35.12
4460075,-6.2425,44.3,35.11
4460796,-6.2425,44.3,35.10
4461517,-6.2425,44.3,35.08
4462238,-6.4453,44.3,35.07
4462959,-5.7692,44.3,35.06
4463680,-6.5355,44.3,35.04
4464401,-6.4678,44.3,35.03
4465122,-5.7467,44.3,35.01
4465843,-6.4228,44.3,35.00
4466564,-6.3777,44.3,34.99
4467285,-6.3101,44.3,34.98
4468006,-6.3326,44.3,34.96
4468727,-5.5664,44.3,34.96
4469448,-6.3777,44.3,34.94
4470169,-5.7016,44.3,34.93
4470890,-6.3777,44.3,34.92
4471611,-5.0481,45.3,34.91
4472332,-5.9721,44.3,34.90
4473053,-5.9721,44.3,34.89
4473774,-5.9721,44.3,34.88
4474495,-5.9721,44.3,34.86
4475216,-5.9721,44.3,34.85
4475937,-5.9721,44.3,34.84
4476658,-5.9721,44.3,34.83
4477379,-5.9721,44.3,34.82
4478100,-5.9721,44.3,34.80
4478821,-5.9721,44.3,34.79
4479542,-5.9721,44.3,34.77
4480263,-5.9721,44.3,34.76
4480984,-5.9721,43.3,34.75
4481705,-5.9721,44.3,34.74
4482426,-5.9721,44.3,34.73
4483147,-5.9721,44.3,34.72
4483868,-5.9721,44.3,34.70
4484589,-5.9721,44.3,34.69
4485310,-5.9721,44.3,34.67
4486031,-5.9721,44.3,34.66
4486752,-5.9721,44.3,34.65
4487473,-5.9721,43.3,34.64
4488194,-5.9721,44.3,34.63
4488915,-6.4453,44.3,34.62
4489636,-6.1298,44.3,34.60
4490357,-5.9721,44.3,34.59
4491078,-5.8594,44.3,34.58
4491799,-5.8819,44.3,34.57
4492520,-6.0171,43.3,34.55
4493241,-6.8960,44.3,34.54
4493962,-6.1523,43.3,34.53
4494683,-6.4002,44.3,34.52
4495404,-5.7467,44.3,34.51
4496125,-6.6256,44.3,34.50
4496846,-6.5355,44.3,34.49
4497567,-6.7157,44.3,34.48
4498288,-6.7834,44.3,34.46
4499009,-6.0171,44.3,34.45
4499730,-6.0171,44.3,34.44
4500451,-6.0171,44.3,34.43
4501172,-6.0171,44.3,34.41
4501893,-6.0171,44.3,34.40
4502614,-6.0171,44.3,34.39
4503335,-6.0171,43.3,34.37
4504056,-6.0171,44.3,34.36
4504777,-6.0171,43.3,34.34
4505498,-6.0171,43.3,34.33
4506219,-6.0171,43.3,34.32
4506940,-6.0171,43.3,34.31
4507661,-6.0171,44.3,34.30
4508382,-6.0171,44.3,34.29
4509103,-6.0171,43.3,34.27
4509824,-6.0171,43.3,34.27
4510545,-6.0171,43.3,34.26
4511266,-6.0171,43.3,34.24
4511987,-6.0171,43.3,34.23
4512708,-6.0171,43.3,34.22
4513429,-6.0171,43.3,34.21
4514150,-6.0171,43.3,34.19
4514871,-6.0171,43.3,34.18
4515592,-6.3777,43.3,34.17
4516313,-6.7157,43.3,34.15
4517034,-6.2425,43.3,34.15
4517755,-6.0397,43.3,34.14
4518476,-5.8819,43.3,34.13
4519197,-6.7834,43.3,34.11
4519918,-6.2650,43.3,34.10
4520639,-6.3101,43.3,34.09
# [n=6200] mean=-6.1015 m  sigma=1.9313 m  die=43.3 C  CalVal=-38
4521360,-6.0397,43.3,34.08
4522081,-5.9495,43.3,34.07
4522802,-6.5805,43.3,34.05
4523523,-5.6115,43.3,34.04
4524244,-6.1298,43.3,34.02
4524965,-5.9495,43.3,34.01
4525686,-5.9721,43.3,34.00
4526407,-5.9721,43.3,33.99
4527128,-5.9721,43.3,33.98
4527849,-5.9721,43.3,33.97
4528570,-5.9721,43.3,33.95
4529291,-5.9721,43.3,33.95
4530012,-5.9721,43.3,33.93
4530733,-5.9721,43.3,33.92
4531454,-5.9721,43.3,33.91
4532175,-5.9721,43.3,33.90
4532896,-5.9721,43.3,33.89
4533617,-5.9721,43.3,33.88
4534338,-5.9721,43.3,33.86
4535059,-5.9721,43.3,33.85
4535780,-5.9721,43.3,33.84
4536501,-5.9721,43.3,33.84
4537222,-5.9721,43.3,33.82
4537943,-5.9721,43.3,33.81
4538664,-5.9721,43.3,33.80
4539385,-5.9721,43.3,33.79
4540106,-5.9721,43.3,33.77
4540827,-5.9721,43.3,33.76
4541548,-5.9721,42.3,33.75
4542269,-6.6481,42.3,33.74
4542990,-5.6115,43.3,33.73
4543711,-5.6565,43.3,33.71
4544432,-5.8819,42.3,33.70
4545153,-6.8059,43.3,33.69
4545874,-5.7242,42.3,33.68
4546595,-5.9721,42.3,33.67
4547316,-6.4453,42.3,33.65
4548037,-6.1974,42.3,33.65
4548758,-6.2200,42.3,33.64
4549479,-6.7157,42.3,33.62
4550200,-6.7834,42.3,33.61
4550921,-5.1382,42.3,33.60
4551642,-5.8143,43.3,33.59
4552363,-6.6031,42.3,33.58
4553084,-6.6031,42.3,33.56
4553805,-6.6031,42.3,33.56
4554526,-6.6031,43.3,33.55
4555247,-6.6031,43.3,33.54
4555968,-6.6031,43.3,33.53
4556689,-6.6031,43.3,33.51
4557410,-6.6031,43.3,33.50
4558131,-6.6031,42.3,33.50
4558852,-6.6031,42.3,33.48
4559573,-6.6031,43.3,33.47
4560294,-6.6031,42.3,33.46
4561015,-6.6031,42.3,33.45
4561736,-6.6031,42.3,33.44
4562457,-6.6031,43.3,33.43
4563178,-6.6031,43.3,33.41
4563899,-6.6031,42.3,33.41
4564620,-6.6031,43.3,33.39
4565341,-6.6031,43.3,33.38
4566062,-6.6031,42.3,33.37
4566783,-6.6031,42.3,33.36
4567504,-6.6031,42.3,33.34
4568225,-6.6031,42.3,33.33
4568946,-6.2425,42.3,33.32
4569667,-6.1974,42.3,33.31
4570388,-6.1073,42.3,33.30
4571109,-6.5129,42.3,33.29
4571830,-6.4228,42.3,33.28
4572551,-6.3326,42.3,33.27
4573272,-5.5439,42.3,33.26
4573993,-6.4002,42.3,33.24
4574714,-6.1523,42.3,33.24
4575435,-6.9186,42.3,33.22
4576156,-6.2876,42.3,33.21
4576877,-6.2425,42.3,33.20
4577598,-6.8284,42.3,33.20
4578319,-5.9946,42.3,33.18
4579040,-5.7918,42.3,33.17
4579761,-5.7918,42.3,33.16
4580482,-5.7918,42.3,33.15
4581203,-5.7918,42.3,33.14
4581924,-5.7918,42.3,33.13
4582645,-5.7918,42.3,33.11
4583366,-5.7918,42.3,33.11
4584087,-5.7918,42.3,33.09
4584808,-5.7918,42.3,33.08
4585529,-5.7918,42.3,33.07
4586250,-5.7918,42.3,33.06
4586971,-5.7918,42.3,33.05
4587692,-5.7918,42.3,33.03
4588413,-5.7918,42.3,33.02
4589134,-5.7918,42.3,33.02
4589855,-5.7918,42.3,33.01
4590576,-5.7918,42.3,32.99
4591297,-5.7918,42.3,32.98
4592018,-5.7918,42.3,32.97
4592739,-5.7918,42.3,32.96
# [n=6300] mean=-6.1023 m  sigma=1.9165 m  die=42.3 C  CalVal=-38
4593460,-5.7918,42.3,32.95
4594181,-5.7918,42.3,32.94
4594902,-5.7918,42.3,32.93
4595623,-5.5439,42.3,32.92
4596344,-6.4002,42.3,32.91
4597065,-6.2876,42.3,32.90
4597786,-6.9862,43.3,32.89
4598507,-7.1665,42.3,32.88
4599228,-7.0538,42.3,32.86
4599949,-6.9411,42.3,32.85
4600670,-6.8284,42.3,32.84
4601391,-6.1523,42.3,32.83
4602112,-6.3101,42.3,32.82
4602833,-6.6256,42.3,32.81
4603554,-6.2876,42.3,32.80
4604275,-6.3552,42.3,32.79
4604996,-6.3101,41.3,32.79
4605717,-6.5355,42.3,32.77
4606438,-6.5355,42.3,32.76
4607159,-6.5355,42.3,32.75
4607880,-6.5355,42.3,32.74
4608601,-6.5355,42.3,32.72
4609322,-6.5355,41.3,32.71
4610043,-6.5355,42.3,32.70
4610764,-6.5355,42.3,32.69
4611485,-6.5355,42.3,32.69
4612206,-6.5355,42.3,32.67
4612927,-6.5355,42.3,32.66
4613648,-6.5355,42.3,32.65
4614369,-6.5355,41.3,32.65
4615090,-6.5355,41.3,32.63
4615811,-6.5355,41.3,32.62
4616532,-6.5355,41.3,32.61
4617253,-6.5355,41.3,32.60
4617974,-6.5355,42.3,32.59
4618695,-6.5355,42.3,32.58
4619416,-6.5355,41.3,32.57
4620137,-6.5355,42.3,32.56
4620858,-6.5355,42.3,32.55
4621579,-6.5355,42.3,32.54
4622300,-6.5805,42.3,32.53
4623021,-6.9411,42.3,32.52
4623742,-7.0763,42.3,32.51
4624463,-5.9270,41.3,32.50
4625184,-6.2876,41.3,32.49
4625905,-6.2876,41.3,32.48
4626626,-6.8510,41.3,32.47
4627347,-6.1749,41.3,32.46
4628068,-6.1073,41.3,32.45
4628789,-7.0538,41.3,32.44
4629510,-6.2876,41.3,32.42
4630231,-6.1298,41.3,32.42
4630952,-5.9495,41.3,32.40
4631673,-7.0312,41.3,32.40
4632394,-7.1665,42.3,32.39
4633115,-7.1665,42.3,32.37
4633836,-7.1665,41.3,32.36
4634557,-7.1665,41.3,32.35
4635278,-7.1665,42.3,32.34
4635999,-7.1665,41.3,32.34
4636720,-7.1665,41.3,32.33
4637441,-7.1665,41.3,32.32
4638162,-7.1665,41.3,32.31
4638883,-7.1665,41.3,32.30
4639604,-7.1665,41.3,32.29
4640325,-7.1665,42.3,32.28
4641046,-7.1665,41.3,32.27
4641767,-7.1665,42.3,32.26
4642488,-7.1665,41.3,32.25
4643209,-7.1665,42.3,32.25
4643930,-7.1665,42.3,32.23
4644651,-7.1665,41.3,32.22
4645372,-7.1665,42.3,32.21
4646093,-7.1665,42.3,32.20
4646814,-7.1665,42.3,32.19
4647535,-7.1665,41.3,32.18
4648256,-7.1665,41.3,32.17
4648977,-6.4228,41.3,32.16
4649698,-6.3101,41.3,32.15
4650419,-6.9636,41.3,32.14
4651140,-6.5355,41.3,32.13
4651861,-7.1665,41.3,32.12
4652582,-6.8960,41.3,32.11
4653303,-6.2650,41.3,32.10
4654024,-6.6932,41.3,32.09
4654745,-6.3552,41.3,32.08
4655466,-6.2650,41.3,32.07
4656187,-6.1523,41.3,32.06
4656908,-7.3468,41.3,32.05
4657629,-7.0538,41.3,32.04
4658350,-6.1974,41.3,32.02
4659071,-6.6031,41.3,32.02
4659792,-6.6031,41.3,32.01
4660513,-6.6031,41.3,32.00
4661234,-6.6031,41.3,31.99
4661955,-6.6031,41.3,31.98
4662676,-6.6031,41.3,31.97
4663397,-6.6031,41.3,31.96
4664118,-6.6031,41.3,31.96
4664839,-6.6031,41.3,31.95
# [n=6400] mean=-6.1111 m  sigma=1.9034 m  die=41.3 C  CalVal=-38
4665560,-6.6031,41.3,31.94
4666281,-6.6031,41.3,31.93
4667002,-6.6031,41.3,31.92
4667723,-6.6031,41.3,31.91
4668444,-6.6031,41.3,31.90
4669165,-6.6031,41.3,31.89
4669886,-6.6031,41.3,31.88
4670607,-6.6031,41.3,31.87
4671328,-6.6031,41.3,31.86
4672049,-6.6031,41.3,31.85
4672770,-6.6031,41.3,31.84
4673491,-6.6031,41.3,31.83
4674212,-6.6031,41.3,31.82
4674933,-6.6031,41.3,31.81
4675654,-6.6256,41.3,31.80
4676375,-6.8960,41.3,31.79
4677096,-6.4453,41.3,31.78
4677817,-6.0397,41.3,31.77
4678538,-6.8510,41.3,31.76
4679259,-6.5805,41.3,31.75
4679980,-6.6707,41.3,31.74
4680701,-7.4369,41.3,31.73
4681422,-6.4678,41.3,31.72
4682143,-7.0312,41.3,31.71
4682864,-6.8510,41.3,31.70
4683585,-6.8510,41.3,31.69
4684306,-6.1523,41.3,31.68
4685027,-6.7383,41.3,31.67
4685748,-6.9186,41.3,31.67
4686469,-6.9186,41.3,31.66
4687190,-6.9186,41.3,31.65
4687911,-6.9186,41.3,31.64
4688632,-6.9186,41.3,31.62
4689353,-6.9186,41.3,31.62
4690074,-6.9186,41.3,31.60
4690795,-6.9186,41.3,31.60
4691516,-6.9186,41.3,31.59
4692237,-6.9186,41.3,31.58
4692958,-6.9186,41.3,31.57
4693679,-6.9186,41.3,31.56
4694400,-6.9186,41.3,31.56
4695121,-6.9186,41.3,31.54
4695842,-6.9186,41.3,31.54
4696563,-6.9186,41.3,31.52
4697284,-6.9186,41.3,31.52
4698005,-6.9186,41.3,31.51
4698726,-6.9186,41.3,31.50
4699447,-6.9186,41.3,31.49
4700168,-6.9186,40.3,31.48
4700889,-6.9186,41.3,31.48
4701610,-6.9186,41.3,31.47
4702331,-7.4144,41.3,31.46
4703052,-6.8735,41.3,31.45
4703773,-6.8735,41.3,31.43
4704494,-7.2115,41.3,31.42
4705215,-7.4369,41.3,31.41
4705936,-6.4453,41.3,31.40
4706657,-6.4453,41.3,31.40
4707378,-6.6031,41.3,31.39
4708099,-6.6932,41.3,31.38
4708820,-7.0312,41.3,31.37
4709541,-6.1298,41.3,31.36
4710262,-6.1523,41.3,31.35
4710983,-6.8059,41.3,31.35
4711704,-6.4453,40.3,31.34
4712425,-6.5129,40.3,31.33
4713146,-6.5129,41.3,31.32
4713867,-6.5129,41.3,31.31
4714588,-6.5129,41.3,31.30
4715309,-6.5129,41.3,31.29
4716030,-6.5129,40.3,31.28
4716751,-6.5129,41.3,31.27
4717472,-6.5129,41.3,31.26
4718193,-6.5129,41.3,31.26
4718914,-6.5129,41.3,31.25
4719635,-6.5129,40.3,31.23
4720356,-6.5129,40.3,31.23
4721077,-6.5129,40.3,31.22
4721798,-6.5129,41.3,31.21
4722519,-6.5129,40.3,31.20
4723240,-6.5129,41.3,31.19
4723961,-6.5129,40.3,31.18
4724682,-6.5129,40.3,31.18
4725403,-6.5129,41.3,31.17
4726124,-6.5129,40.3,31.16
4726845,-6.5129,41.3,31.15
4727566,-6.5129,40.3,31.14
4728287,-6.5129,41.3,31.13
4729008,-7.2791,41.3,31.12
4729729,-6.7834,41.3,31.11
4730450,-6.7608,40.3,31.11
4731171,-6.5805,41.3,31.09
4731892,-6.7608,40.3,31.09
4732613,-6.1749,40.3,31.08
4733334,-6.8510,40.3,31.07
4734055,-6.8284,40.3,31.06
4734776,-7.4369,40.3,31.06
4735497,-7.3918,40.3,31.05
4736218,-6.7834,40.3,31.04
4736939,-6.5355,40.3,31.03
# [n=6500] mean=-6.1204 m  sigma=1.8905 m  die=40.3 C  CalVal=-38
4737660,-6.7157,40.3,31.03
4738381,-6.6707,40.3,31.01
4739102,-7.3468,40.3,31.00
4739823,-7.3468,40.3,30.99
4740544,-7.3468,40.3,30.99
4741265,-7.3468,40.3,30.98
4741986,-7.3468,40.3,30.97
4742707,-7.3468,40.3,30.96
4743428,-7.3468,40.3,30.96
4744149,-7.3468,40.3,30.94
4744870,-7.3468,40.3,30.94
4745591,-7.3468,40.3,30.93
4746312,-7.3468,40.3,30.92
4747033,-7.3468,40.3,30.91
4747754,-7.3468,40.3,30.91
4748475,-7.3468,41.3,30.90
4749196,-7.3468,41.3,30.89
4749917,-7.3468,40.3,30.88
4750638,-7.3468,40.3,30.87
4751359,-7.3468,40.3,30.86
4752080,-7.3468,40.3,30.85
4752801,-7.3468,40.3,30.85
4753522,-7.3468,40.3,30.84
4754243,-7.3468,40.3,30.83
4754964,-7.3468,40.3,30.82
4755685,-6.7157,40.3,30.81
4756406,-6.8510,40.3,30.81
4757127,-6.9636,40.3,30.80
4757848,-6.9862,40.3,30.78
4758569,-7.1439,40.3,30.78
4759290,-6.9186,40.3,30.77
4760011,-7.5045,40.3,30.76
4760732,-6.9862,40.3,30.75
4761453,-6.8059,40.3,30.74
4762174,-7.6397,40.3,30.73
4762895,-6.9411,40.3,30.73
4763616,-5.9946,40.3,30.72
4764337,-7.6623,40.3,30.71
4765058,-6.9411,40.3,30.70
4765779,-6.8960,40.3,30.70
4766500,-6.8960,39.3,30.69
4767221,-6.8960,39.3,30.68
4767942,-6.8960,40.3,30.67
4768663,-6.8960,40.3,30.66
4769384,-6.8960,40.3,30.65
4770105,-6.8960,39.3,30.65
4770826,-6.8960,40.3,30.64
4771547,-6.8960,40.3,30.63
4772268,-6.8960,40.3,30.62
4772989,-6.8960,40.3,30.61
4773710,-6.8960,40.3,30.60
4774431,-6.8960,40.3,30.59
4775152,-6.8960,40.3,30.59
4775873,-6.8960,40.3,30.58
4776594,-6.8960,41.3,30.57
4777315,-6.8960,40.3,30.57
4778036,-6.8960,40.3,30.56
4778757,-6.8960,40.3,30.55
4779478,-6.8960,40.3,30.54
4780199,-6.8960,40.3,30.54
4780920,-6.8960,40.3,30.53
4781641,-6.8960,40.3,30.52
4782362,-6.3326,40.3,30.51
4783083,-6.7608,40.3,30.50
4783804,-6.2425,40.3,30.50
4784525,-7.1665,40.3,30.48
4785246,-7.0087,40.3,30.47
4785967,-6.5805,40.3,30.47
4786688,-7.0989,40.3,30.45
4787409,-7.5270,40.3,30.44
4788130,-7.5721,40.3,30.44
4788851,-7.6623,40.3,30.43
4789572,-6.8735,40.3,30.42
4790293,-7.3693,40.3,30.41
4791014,-7.7975,40.3,30.41
4791735,-6.7157,40.3,30.40
4792456,-7.2791,40.3,30.39
4793177,-7.2791,40.3,30.39
4793898,-7.2791,40.3,30.38
4794619,-7.2791,40.3,30.37
4795340,-7.2791,40.3,30.36
4796061,-7.2791,40.3,30.36
4796782,-7.2791,39.3,30.35
4797503,-7.2791,40.3,30.34
4798224,-7.2791,39.3,30.33
4798945,-7.2791,40.3,30.33
4799666,-7.2791,40.3,30.31
4800387,-7.2791,39.3,30.31
4801108,-7.2791,39.3,30.30
4801829,-7.2791,39.3,30.30
4802550,-7.2791,39.3,30.29
4803271,-7.2791,39.3,30.28
4803992,-7.2791,39.3,30.27
4804713,-7.2791,39.3,30.26
4805434,-7.2791,40.3,30.26
4806155,-7.2791,39.3,30.25
4806876,-7.2791,40.3,30.24
4807597,-7.2791,39.3,30.23
4808318,-7.2791,40.3,30.22
4809039,-6.1523,39.3,30.22
# [n=6600] mean=-6.1355 m  sigma=1.8804 m  die=39.3 C  CalVal=-38
4809760,-6.6707,39.3,30.21
4810481,-6.6481,39.3,30.20
4811202,-7.4820,39.3,30.20
4811923,-6.8059,39.3,30.19
4812644,-6.1749,40.3,30.18
4813365,-7.2115,40.3,30.17
4814086,-6.8960,40.3,30.16
4814807,-6.6932,40.3,30.16
4815528,-6.6031,39.3,30.15
4816249,-6.7834,39.3,30.14
4816970,-6.8960,40.3,30.13
4817691,-7.8876,40.3,30.12
4818412,-6.7834,40.3,30.12
4819133,-6.6932,40.3,30.11
4819854,-6.6932,39.3,30.10
4820575,-6.6932,39.3,30.09
4821296,-6.6932,39.3,30.09
4822017,-6.6932,39.3,30.08
4822738,-6.6932,39.3,30.07
4823459,-6.6932,39.3,30.06
4824180,-6.6932,39.3,30.06
4824901,-6.6932,39.3,30.05
4825622,-6.6932,40.3,30.04
4826343,-6.6932,39.3,30.03
4827064,-6.6932,39.3,30.03
4827785,-6.6932,39.3,30.02
4828506,-6.6932,39.3,30.01
4829227,-6.6932,39.3,30.00
4829948,-6.6932,39.3,29.99
4830669,-6.6932,39.3,29.99
4831390,-6.6932,39.3,29.98
4832111,-6.6932,39.3,29.98
4832832,-6.6932,39.3,29.97
4833553,-6.6932,39.3,29.96
4834274,-6.6932,39.3,29.95
4834995,-6.6932,40.3,29.95
4835716,-6.7834,39.3,29.94
4836437,-5.9946,39.3,29.93
4837158,-7.4144,39.3,29.92
4837879,-7.2791,39.3,29.91
4838600,-7.1890,39.3,29.91
4839321,-6.3552,39.3,29.90
4840042,-7.3918,39.3,29.90
4840763,-7.2791,39.3,29.88
4841484,-6.6481,39.3,29.88
4842205,-8.1806,39.3,29.88
4842926,-5.8819,39.3,29.87
4843647,-7.1439,39.3,29.86
4844368,-7.2115,39.3,29.85
4845089,-5.6565,39.3,29.84
4845810,-6.7834,39.3,29.84
4846531,-6.7834,39.3,29.82
4847252,-6.7834,39.3,29.82
4847973,-6.7834,39.3,29.81
4848694,-6.7834,39.3,29.80
4849415,-6.7834,39.3,29.80
4850136,-6.7834,39.3,29.79
4850857,-6.7834,39.3,29.78
4851578,-6.7834,39.3,29.78
4852299,-6.7834,39.3,29.77
4853020,-6.7834,39.3,29.76
4853741,-6.7834,39.3,29.75
4854462,-6.7834,39.3,29.75
4855183,-6.7834,39.3,29.74
4855904,-6.7834,39.3,29.74
4856625,-6.7834,39.3,29.73
4857346,-6.7834,38.3,29.72
4858067,-6.7834,38.3,29.72
4858788,-6.7834,39.3,29.71
4859509,-6.7834,39.3,29.70
4860230,-6.7834,39.3,29.70
4860951,-6.7834,39.3,29.69
4861672,-7.7073,39.3,29.68
4862393,-7.0763,39.3,29.68
4863114,-7.1890,38.3,29.67
4863835,-6.3777,39.3,29.66
4864556,-6.3101,39.3,29.66
4865277,-7.7073,39.3,29.65
4865998,-6.5580,39.3,29.64
4866719,-7.5721,39.3,29.63
4867440,-7.8651,39.3,29.63
4868161,-5.9721,39.3,29.62
4868882,-7.3017,39.3,29.61
4869603,-7.0538,39.3,29.60
4870324,-6.2650,39.3,29.60
4871045,-6.6481,39.3,29.59
4871766,-7.0312,39.3,29.58
4872487,-8.5862,39.3,29.58
4873208,-8.5862,39.3,29.57
4873929,-8.5862,39.3,29.57
4874650,-8.5862,39.3,29.56
4875371,-8.5862,39.3,29.55
4876092,-8.5862,39.3,29.55
4876813,-8.5862,39.3,29.54
4877534,-8.5862,39.3,29.53
4878255,-8.5862,39.3,29.52
4878976,-8.5862,39.3,29.52
4879697,-8.5862,39.3,29.51
4880418,-8.5862,39.3,29.50
4881139,-8.5862,39.3,29.49
# [n=6700] mean=-6.1492 m  sigma=1.8716 m  die=39.3 C  CalVal=-38
4881860,-8.5862,39.3,29.48
4882581,-8.5862,39.3,29.48
4883302,-8.5862,39.3,29.47
4884023,-8.5862,39.3,29.47
4884744,-8.5862,39.3,29.46
4885465,-8.5862,38.3,29.45
4886186,-8.5862,39.3,29.44
4886907,-8.5862,39.3,29.43
4887628,-8.5862,39.3,29.43
4888349,-6.7834,38.3,29.42
4889070,-7.2791,39.3,29.42
4889791,-6.0397,39.3,29.41
4890512,-7.9102,38.3,29.40
4891233,-7.6623,38.3,29.40
4891954,-7.4594,39.3,29.39
4892675,-7.1890,39.3,29.39
4893396,-7.1665,39.3,29.38
4894117,-7.8200,39.3,29.37
4894838,-7.9102,39.3,29.37
4895559,-7.9778,39.3,29.35
4896280,-8.2707,39.3,29.35
4897001,-8.1355,38.3,29.35
4897722,-7.1890,38.3,29.34
4898443,-7.8200,39.3,29.33
# outlier -31.6406 die=39.3
# outlier -31.6406 die=39.3
# outlier -31.6406 die=39.3
# outlier -31.6406 die=38.3
# outlier -31.6406 die=38.3
# outlier -31.6406 die=38.3
# outlier -31.6406 die=38.3
# outlier -31.6406 die=38.3
# outlier -31.6406 die=38.3
# outlier -31.6406 die=39.3
# outlier -31.6406 die=39.3
# outlier -31.6406 die=39.3
# outlier -31.6406 die=38.3
# outlier -31.6406 die=38.3
# outlier -31.6406 die=38.3
# outlier -31.6406 die=38.3
# outlier -31.6406 die=38.3
# outlier -31.6406 die=38.3
# outlier -31.6406 die=38.3
# outlier -31.6406 die=38.3
# outlier -31.6406 die=38.3
# outlier -31.6406 die=39.3
4915026,-6.8510,39.3,29.18
4915747,-8.0904,39.3,29.18
4916468,-7.9102,39.3,29.16
4917189,-7.6172,39.3,29.16
4917910,-7.1439,38.3,29.15
4918631,-7.0312,38.3,29.15
4919352,-7.1439,38.3,29.14
4920073,-7.2791,39.3,29.13
4920794,-8.0003,38.3,29.12
4921515,-7.4820,38.3,29.12
4922236,-7.8200,38.3,29.11
4922957,-7.7073,38.3,29.11
4923678,-7.4144,39.3,29.10
4924399,-7.9102,38.3,29.09
4925120,-7.9327,38.3,29.09
4925841,-7.9327,38.3,29.08
4926562,-7.9327,38.3,29.07
4927283,-7.9327,38.3,29.07
4928004,-7.9327,38.3,29.06
4928725,-7.9327,39.3,29.06
4929446,-7.9327,38.3,29.05
4930167,-7.9327,38.3,29.04
4930888,-7.9327,39.3,29.04
4931609,-7.9327,39.3,29.03
4932330,-7.9327,38.3,29.02
4933051,-7.9327,38.3,29.02
4933772,-7.9327,39.3,29.01
4934493,-7.9327,38.3,29.01
4935214,-7.9327,38.3,29.00
4935935,-7.9327,38.3,29.00
4936656,-7.9327,38.3,28.99
4937377,-7.9327,38.3,28.98
4938098,-7.9327,38.3,28.98
4938819,-7.9327,39.3,28.97
4939540,-7.9327,38.3,28.96
4940261,-7.9327,39.3,28.96
4940982,-7.9327,38.3,28.95
4941703,-6.8960,38.3,28.95
4942424,-7.1665,38.3,28.94
4943145,-7.3242,38.3,28.93
4943866,-7.0538,37.3,28.92
4944587,-7.7299,38.3,28.92
4945308,-7.9102,37.3,28.91
4946029,-8.2482,38.3,28.91
4946750,-7.2115,38.3,28.90
4947471,-7.4144,38.3,28.89
4948192,-7.3242,38.3,28.89
4948913,-7.1665,38.3,28.88
4949634,-7.4144,38.3,28.88
4950355,-7.3468,38.3,28.87
4951076,-6.9862,38.3,28.86
4951797,-7.2341,38.3,28.86
4952518,-7.2341,38.3,28.85
4953239,-7.2341,38.3,28.84
4953960,-7.2341,38.3,28.83
4954681,-7.2341,38.3,28.83
4955402,-7.2341,38.3,28.83
4956123,-7.2341,38.3,28.81
4956844,-7.2341,38.3,28.81
4957565,-7.2341,38.3,28.80
4958286,-7.2341,38.3,28.80
4959007,-7.2341,38.3,28.79
4959728,-7.2341,38.3,28.79
4960449,-7.2341,38.3,28.78
4961170,-7.2341,38.3,28.78
4961891,-7.2341,38.3,28.77
4962612,-7.2341,37.3,28.76
4963333,-7.2341,37.3,28.76
4964054,-7.2341,38.3,28.75
4964775,-7.2341,37.3,28.74
4965496,-7.2341,38.3,28.74
4966217,-7.2341,38.3,28.73
4966938,-7.2341,38.3,28.73
4967659,-7.2341,38.3,28.72
4968380,-6.9411,38.3,28.72
4969101,-7.0989,38.3,28.71
# [n=6800] mean=-6.1707 m  sigma=1.8671 m  die=38.3 C  CalVal=-38
4969822,-7.3918,38.3,28.71
4970543,-7.9327,38.3,28.70
4971264,-7.1214,38.3,28.69
4971985,-7.9102,37.3,28.69
4972706,-7.1890,37.3,28.68
4973427,-7.9327,38.3,28.68
4974148,-7.1214,37.3,28.67
4974869,-7.4820,38.3,28.67
4975590,-7.0763,38.3,28.66
4976311,-7.6397,38.3,28.66
4977032,-7.8200,38.3,28.66
4977753,-7.4144,38.3,28.64
4978474,-6.8735,38.3,28.64
4979195,-6.8735,38.3,28.63
4979916,-6.8735,38.3,28.62
4980637,-6.8735,38.3,28.62
4981358,-6.8735,38.3,28.61
4982079,-6.8735,38.3,28.61
4982800,-6.8735,38.3,28.60
4983521,-6.8735,38.3,28.59
4984242,-6.8735,38.3,28.59
4984963,-6.8735,38.3,28.59
4985684,-6.8735,38.3,28.58
4986405,-6.8735,38.3,28.57
4987126,-6.8735,37.3,28.57
4987847,-6.8735,38.3,28.56
4988568,-6.8735,38.3,28.56
4989289,-6.8735,38.3,28.55
4990010,-6.8735,37.3,28.55
4990731,-6.8735,37.3,28.54
4991452,-6.8735,38.3,28.53
4992173,-6.8735,38.3,28.53
4992894,-6.8735,38.3,28.52
4993615,-6.8735,38.3,28.51
4994336,-6.8735,38.3,28.51
4995057,-7.1439,38.3,28.50
4995778,-7.0538,37.3,28.50
4996499,-7.3468,38.3,28.49
4997220,-7.1890,38.3,28.49
4997941,-7.2115,38.3,28.48
4998662,-7.3468,37.3,28.48
4999383,-7.9102,38.3,28.47
5000104,-7.8425,38.3,28.46
5000825,-6.8960,38.3,28.46
5001546,-8.2257,37.3,28.45
5002267,-7.7073,37.3,28.45
5002988,-7.9778,38.3,28.44
5003709,-7.0312,38.3,28.44
5004430,-6.9636,37.3,28.43
5005151,-7.2791,37.3,28.43
5005872,-7.2791,37.3,28.42
5006593,-7.2791,38.3,28.41
5007314,-7.2791,38.3,28.41
5008035,-7.2791,38.3,28.40
5008756,-7.2791,38.3,28.40
5009477,-7.2791,38.3,28.39
5010198,-7.2791,38.3,28.39
5010919,-7.2791,38.3,28.38
5011640,-7.2791,38.3,28.38
5012361,-7.2791,37.3,28.37
5013082,-7.2791,38.3,28.37
5013803,-7.2791,38.3,28.36
5014524,-7.2791,38.3,28.36
5015245,-7.2791,37.3,28.35
5015966,-7.2791,37.3,28.34
5016687,-7.2791,37.3,28.33
5017408,-7.2791,37.3,28.33
5018129,-7.2791,37.3,28.33
5018850,-7.2791,37.3,28.32
5019571,-7.2791,37.3,28.32
5020292,-7.2791,37.3,28.31
5021013,-7.2791,37.3,28.31
5021734,-7.7073,38.3,28.31
5022455,-7.8200,37.3,28.29
5023176,-6.8735,37.3,28.29
5023897,-7.1890,37.3,28.29
5024618,-7.4820,37.3,28.28
5025339,-7.0087,37.3,28.27
5026060,-7.5045,37.3,28.27
5026781,-6.9186,37.3,28.26
5027502,-6.8735,37.3,28.26
5028223,-8.1581,37.3,28.25
5028944,-7.1214,38.3,28.25
5029665,-8.0003,37.3,28.24
5030386,-7.4144,38.3,28.24
5031107,-7.2115,38.3,28.23
5031828,-7.1890,37.3,28.23
5032549,-7.1890,37.3,28.22
5033270,-7.1890,37.3,28.21
5033991,-7.1890,38.3,28.21
5034712,-7.1890,38.3,28.20
5035433,-7.1890,37.3,28.19
5036154,-7.1890,37.3,28.19
5036875,-7.1890,37.3,28.18
5037596,-7.1890,37.3,28.18
5038317,-7.1890,37.3,28.17
5039038,-7.1890,37.3,28.17
5039759,-7.1890,37.3,28.16
5040480,-7.1890,37.3,28.16
5041201,-7.1890,38.3,28.15
# [n=6900] mean=-6.1861 m  sigma=1.8583 m  die=38.3 C  CalVal=-38
5041922,-7.1890,38.3,28.15
5042643,-7.1890,38.3,28.14
5043364,-7.1890,37.3,28.13
5044085,-7.1890,37.3,28.13
5044806,-7.1890,37.3,28.13
5045527,-7.1890,37.3,28.12
5046248,-7.1890,37.3,28.12
5046969,-7.1890,37.3,28.11
5047690,-7.1890,37.3,28.10
5048411,-7.9102,37.3,28.10
5049132,-7.9102,37.3,28.10
5049853,-7.0087,37.3,28.09
5050574,-7.2115,37.3,28.09
5051295,-7.8425,37.3,28.08
5052016,-7.0087,37.3,28.08
5052737,-7.3242,37.3,28.07
5053458,-7.2791,37.3,28.07
5054179,-7.8651,37.3,28.06
5054900,-7.0312,38.3,28.06
5055621,-7.0989,38.3,28.05
5056342,-7.2791,37.3,28.04
5057063,-8.0003,37.3,28.04
5057784,-7.8425,37.3,28.03
5058505,-7.0087,37.3,28.03
5059226,-7.0087,37.3,28.02
5059947,-7.0087,37.3,28.02
5060668,-7.0087,37.3,28.02
5061389,-7.0087,37.3,28.01
5062110,-7.0087,37.3,28.01
5062831,-7.0087,37.3,28.00
5063552,-7.0087,37.3,28.00
5064273,-7.0087,37.3,27.99
5064994,-7.0087,37.3,27.99
5065715,-7.0087,37.3,27.98
5066436,-7.0087,38.3,27.98
5067157,-7.0087,37.3,27.97
5067878,-7.0087,37.3,27.97
5068599,-7.0087,37.3,27.96
5069320,-7.0087,37.3,27.95
5070041,-7.0087,37.3,27.95
5070762,-7.0087,37.3,27.95
5071483,-7.0087,37.3,27.94
5072204,-7.0087,37.3,27.93
5072925,-7.0087,37.3,27.93
5073646,-7.0087,37.3,27.92
5074367,-7.0087,37.3,27.92
5075088,-7.3017,37.3,27.91
5075809,-7.0763,37.3,27.91
5076530,-6.9186,37.3,27.90
5077251,-7.0538,37.3,27.90
5077972,-6.8284,37.3,27.90
5078693,-6.9862,37.3,27.89
5079414,-7.1439,37.3,27.88
5080135,-7.0989,37.3,27.88
5080856,-7.2791,37.3,27.87
5081577,-7.2341,37.3,27.87
5082298,-7.2115,37.3,27.87
5083019,-7.1665,37.3,27.86
5083740,-6.7383,37.3,27.86
5084461,-7.1214,37.3,27.85
5085182,-7.1214,37.3,27.85
5085903,-7.1214,37.3,27.85
5086624,-7.1214,37.3,27.84
5087345,-7.1214,37.3,27.83
5088066,-7.1214,37.3,27.83
5088787,-7.1214,37.3,27.82
5089508,-7.1214,37.3,27.81
5090229,-7.1214,37.3,27.81
5090950,-7.1214,37.3,27.80
5091671,-7.1214,37.3,27.80
5092392,-7.1214,37.3,27.79
5093113,-7.1214,37.3,27.79
5093834,-7.1214,37.3,27.78
5094555,-7.1214,37.3,27.78
5095276,-7.1214,37.3,27.77
5095997,-7.1214,37.3,27.77
5096718,-7.1214,37.3,27.76
5097439,-7.1214,37.3,27.76
5098160,-7.1214,37.3,27.76
5098881,-7.1214,37.3,27.75
5099602,-7.1214,37.3,27.75
5100323,-7.1214,37.3,27.74
5101044,-7.1214,37.3,27.74
5101765,-6.3777,37.3,27.74
5102486,-6.8960,37.3,27.73
5103207,-6.6481,37.3,27.73
5103928,-7.0989,37.3,27.72
5104649,-7.2341,37.3,27.72
5105370,-7.2566,37.3,27.71
5106091,-6.3552,37.3,27.71
5106812,-7.0763,37.3,27.70
5107533,-7.0538,37.3,27.69
5108254,-7.9102,37.3,27.69
5108975,-7.0312,37.3,27.69
5109696,-7.4144,37.3,27.69
5110417,-7.6848,37.3,27.68
5111138,-6.9411,37.3,27.68
5111859,-7.1214,37.3,27.67
5112580,-7.1214,37.3,27.66
5113301,-7.1214,37.3,27.66
# [n=7000] mean=-6.1997 m  sigma=1.8487 m  die=37.3 C  CalVal=-38
5114022,-7.1214,37.3,27.66
5114743,-7.1214,37.3,27.65
5115464,-7.1214,37.3,27.65
5116185,-7.1214,37.3,27.64
5116906,-7.1214,37.3,27.63
5117627,-7.1214,37.3,27.63
5118348,-7.1214,37.3,27.63
5119069,-7.1214,37.3,27.63
5119790,-7.1214,37.3,27.62
5120511,-7.1214,37.3,27.61
5121232,-7.1214,37.3,27.61
5121953,-7.1214,37.3,27.60
5122674,-7.1214,37.3,27.60
5123395,-7.1214,37.3,27.59
5124116,-7.1214,37.3,27.59
5124837,-7.1214,37.3,27.58
5125558,-7.1214,37.3,27.58
5126279,-7.1214,37.3,27.57
5127000,-7.1214,37.3,27.57
5127721,-7.1214,37.3,27.56
5128442,-7.0989,37.3,27.55
5129163,-7.1439,37.3,27.55
5129884,-6.8510,37.3,27.54
5130605,-7.0312,37.3,27.54
5131326,-7.2341,37.3,27.54
5132047,-6.9411,37.3,27.53
5132768,-7.8651,37.3,27.53
5133489,-7.2341,37.3,27.53
5134210,-7.1214,37.3,27.52
5134931,-7.3918,37.3,27.51
5135652,-6.8510,37.3,27.51
5136373,-7.7524,37.3,27.51
5137094,-6.3101,37.3,27.50
5137815,-6.8059,37.3,27.50
5138536,-7.0763,37.3,27.50
5139257,-7.0763,37.3,27.49
5139978,-7.0763,37.3,27.49
5140699,-7.0763,37.3,27.48
5141420,-7.0763,37.3,27.47
5142141,-7.0763,37.3,27.47
5142862,-7.0763,37.3,27.47
5143583,-7.0763,37.3,27.47
5144304,-7.0763,37.3,27.46
5145025,-7.0763,37.3,27.45
5145746,-7.0763,37.3,27.45
5146467,-7.0763,37.3,27.45
5147188,-7.0763,37.3,27.44
5147909,-7.0763,37.3,27.44
5148630,-7.0763,37.3,27.43
5149351,-7.0763,37.3,27.43
5150072,-7.0763,37.3,27.42
5150793,-7.0763,37.3,27.42
5151514,-7.0763,37.3,27.41
5152235,-7.0763,36.3,27.41
5152956,-7.0763,37.3,27.41
5153677,-7.0763,37.3,27.40
5154398,-7.0763,37.3,27.40
5155119,-7.7975,37.3,27.39
5155840,-7.9778,37.3,27.39
5156561,-7.4369,37.3,27.39
5157282,-7.6848,37.3,27.38
5158003,-8.0904,36.3,27.38
5158724,-7.8876,37.3,27.37
5159445,-7.6172,37.3,27.37
5160166,-7.5721,37.3,27.36
5160887,-7.5721,37.3,27.36
5161608,-7.2115,36.3,27.36
5162329,-7.9327,36.3,27.35
5163050,-6.8960,37.3,27.35
5163771,-7.1214,37.3,27.34
5164492,-6.8735,37.3,27.34
5165213,-7.3693,37.3,27.34
5165934,-7.3693,37.3,27.33
5166655,-7.3693,37.3,27.33
5167376,-7.3693,37.3,27.33
5168097,-7.3693,37.3,27.32
5168818,-7.3693,37.3,27.31
5169539,-7.3693,37.3,27.31
5170260,-7.3693,36.3,27.31
5170981,-7.3693,36.3,27.30
5171702,-7.3693,36.3,27.30
5172423,-7.3693,36.3,27.29
5173144,-7.3693,36.3,27.29
5173865,-7.3693,36.3,27.28
5174586,-7.3693,36.3,27.28
5175307,-7.3693,36.3,27.28
5176028,-7.3693,36.3,27.27
5176749,-7.3693,37.3,27.26
5177470,-7.3693,36.3,27.26
5178191,-7.3693,36.3,27.26
5178912,-7.3693,36.3,27.26
5179633,-7.3693,37.3,27.25
5180354,-7.3693,37.3,27.24
5181075,-7.3693,37.3,27.25
5181796,-7.3693,37.3,27.23
5182517,-6.9186,36.3,27.23
5183238,-7.7073,36.3,27.23
5183959,-6.8059,36.3,27.22
5184680,-7.7299,36.3,27.22
5185401,-7.7524,36.3,27.21
# [n=7100] mean=-6.2144 m  sigma=1.8401 m  die=36.3 C  CalVal=-38
5186122,-6.8960,36.3,27.21
5186843,-7.7975,37.3,27.21
5187564,-7.7524,37.3,27.20
5188285,-6.9186,37.3,27.20
5189006,-7.2341,37.3,27.19
5189727,-7.7749,36.3,27.19
5190448,-6.9862,37.3,27.19
5191169,-6.7834,36.3,27.18
5191890,-7.5721,37.3,27.18
5192611,-7.5721,37.3,27.18
5193332,-7.5721,37.3,27.17
5194053,-7.5721,36.3,27.16
5194774,-7.5721,36.3,27.16
5195495,-7.5721,36.3,27.16
5196216,-7.5721,36.3,27.15
5196937,-7.5721,36.3,27.15
5197658,-7.5721,37.3,27.15
5198379,-7.5721,36.3,27.14
5199100,-7.5721,36.3,27.14
5199821,-7.5721,36.3,27.14
5200542,-7.5721,37.3,27.13
5201263,-7.5721,36.3,27.13
5201984,-7.5721,36.3,27.12
5202705,-7.5721,36.3,27.12
5203426,-7.5721,36.3,27.12
5204147,-7.5721,36.3,27.12
5204868,-7.5721,37.3,27.11
5205589,-7.5721,37.3,27.11
5206310,-7.5721,37.3,27.11
5207031,-7.5721,36.3,27.10
5207752,-7.5721,36.3,27.09
5208473,-7.1214,36.3,27.09
5209194,-6.3552,36.3,27.09
5209915,-7.5721,36.3,27.08
5210636,-7.1665,36.3,27.08
5211357,-6.9186,36.3,27.07
5212078,-7.7749,36.3,27.07
5212799,-7.9327,36.3,27.06
5213520,-6.8735,37.3,27.06
5214241,-7.3017,36.3,27.06
5214962,-6.3777,36.3,27.05
5215683,-6.8735,36.3,27.05
5216404,-7.8876,36.3,27.05
5217125,-7.2115,36.3,27.05
5217846,-7.0087,36.3,27.04
5218567,-7.0312,37.3,27.04
5219288,-7.0312,36.3,27.03
5220009,-7.0312,36.3,27.03
5220730,-7.0312,36.3,27.02
5221451,-7.0312,36.3,27.02
5222172,-7.0312,36.3,27.01
5222893,-7.0312,36.3,27.01
5223614,-7.0312,36.3,27.01
5224335,-7.0312,37.3,27.00
5225056,-7.0312,37.3,27.00
5225777,-7.0312,37.3,26.99
5226498,-7.0312,37.3,26.99
5227219,-7.0312,36.3,26.99
5227940,-7.0312,36.3,26.98
5228661,-7.0312,37.3,26.98
5229382,-7.0312,36.3,26.97
5230103,-7.0312,37.3,26.97
5230824,-7.0312,37.3,26.97
5231545,-7.0312,36.3,26.97
5232266,-7.0312,36.3,26.97
5232987,-7.0312,36.3,26.96
5233708,-7.0312,36.3,26.95
5234429,-7.0312,36.3,26.95
5235150,-7.6172,36.3,26.95
5235871,-7.5496,36.3,26.95
5236592,-7.7975,36.3,26.94
5237313,-7.7749,36.3,26.94
5238034,-7.1214,36.3,26.92
5238755,-7.3468,36.3,26.92
5239476,-7.0763,36.3,26.93
5240197,-7.6848,36.3,26.92
5240918,-7.5721,37.3,26.91
5241639,-7.0538,36.3,26.91
5242360,-7.3242,36.3,26.90
5243081,-6.9411,36.3,26.90
5243802,-6.6031,36.3,26.90
5244523,-7.1890,36.3,26.89
5245244,-7.8200,36.3,26.89
5245965,-7.8200,36.3,26.88
5246686,-7.8200,36.3,26.88
5247407,-7.8200,36.3,26.88
5248128,-7.8200,36.3,26.87
5248849,-7.8200,36.3,26.87
5249570,-7.8200,36.3,26.87
5250291,-7.8200,36.3,26.86
5251012,-7.8200,36.3,26.86
5251733,-7.8200,36.3,26.85
5252454,-7.8200,36.3,26.85
5253175,-7.8200,36.3,26.85
5253896,-7.8200,36.3,26.84
5254617,-7.8200,36.3,26.84
5255338,-7.8200,36.3,26.84
5256059,-7.8200,36.3,26.83
5256780,-7.8200,36.3,26.83
5257501,-7.8200,36.3,26.83
# [n=7200] mean=-6.2306 m  sigma=1.8328 m  die=36.3 C  CalVal=-38
5258222,-7.8200,36.3,26.82
5258943,-7.8200,36.3,26.81
5259664,-7.8200,37.3,26.81
5260385,-7.8200,36.3,26.80
5261106,-7.8200,37.3,26.80
5261827,-7.3242,37.3,26.80
5262548,-7.7749,37.3,26.80
5263269,-7.6397,36.3,26.79
5263990,-7.0087,36.3,26.79
5264711,-6.7157,36.3,26.79
5265432,-8.0003,36.3,26.78
5266153,-7.3017,36.3,26.78
5266874,-7.7749,36.3,26.77
5267595,-7.0087,36.3,26.77
5268316,-7.9327,36.3,26.77
5269037,-7.5270,36.3,26.76
5269758,-7.8651,36.3,26.76
5270479,-7.8651,36.3,26.75
5271200,-7.4144,36.3,26.75
5271921,-7.7524,36.3,26.75
5272642,-7.7524,36.3,26.75
5273363,-7.7524,36.3,26.74
5274084,-7.7524,36.3,26.74
5274805,-7.7524,36.3,26.74
5275526,-7.7524,36.3,26.73
5276247,-7.7524,36.3,26.73
5276968,-7.7524,36.3,26.73
5277689,-7.7524,36.3,26.72
5278410,-7.7524,36.3,26.72
5279131,-7.7524,36.3,26.72
5279852,-7.7524,36.3,26.71
5280573,-7.7524,36.3,26.71
5281294,-7.7524,36.3,26.71
5282015,-7.7524,36.3,26.70
5282736,-7.7524,36.3,26.70
5283457,-7.7524,36.3,26.70
5284178,-7.7524,36.3,26.69
5284899,-7.7524,36.3,26.69
5285620,-7.7524,36.3,26.68
5286341,-7.7524,36.3,26.68
5287062,-7.7524,36.3,26.67
5287783,-7.7524,36.3,26.67
5288504,-7.2115,36.3,26.67
5289225,-7.1214,36.3,26.66
5289946,-7.7299,36.3,26.66
5290667,-6.7834,36.3,26.66
5291388,-7.9102,36.3,26.65
5292109,-7.0312,36.3,26.65
5292830,-6.8735,35.3,26.65
5293551,-8.2933,36.3,26.64
5294272,-6.8510,36.3,26.64
5294993,-7.6848,36.3,26.63
5295714,-7.4369,36.3,26.63
5296435,-7.3017,35.3,26.63
5297156,-7.0538,36.3,26.62
5297877,-7.2115,36.3,26.62
5298598,-7.1665,36.3,26.61
5299319,-7.1665,36.3,26.62
5300040,-7.1665,36.3,26.62
5300761,-7.1665,36.3,26.61
5301482,-7.1665,36.3,26.60
5302203,-7.1665,36.3,26.60
5302924,-7.1665,36.3,26.60
5303645,-7.1665,36.3,26.59
5304366,-7.1665,36.3,26.58
5305087,-7.1665,36.3,26.58
5305808,-7.1665,36.3,26.58
5306529,-7.1665,36.3,26.58
5307250,-7.1665,36.3,26.57
5307971,-7.1665,36.3,26.57
5308692,-7.1665,36.3,26.57
5309413,-7.1665,36.3,26.56
5310134,-7.1665,36.3,26.56
5310855,-7.1665,36.3,26.56
5311576,-7.1665,36.3,26.55
5312297,-7.1665,36.3,26.55
5313018,-7.1665,36.3,26.55
5313739,-7.1665,36.3,26.55
5314460,-7.1665,36.3,26.54
5315181,-7.0312,36.3,26.53
5315902,-6.8735,36.3,26.53
5316623,-7.0538,36.3,26.52
5317344,-8.2257,36.3,26.52
5318065,-6.7157,36.3,26.52
5318786,-7.8876,36.3,26.51
5319507,-6.9186,36.3,26.51
5320228,-7.7299,36.3,26.50
5320949,-7.7073,36.3,26.50
5321670,-7.8200,36.3,26.50
5322391,-7.4144,36.3,26.49
5323112,-7.3468,36.3,26.49
5323833,-7.5496,36.3,26.49
5324554,-6.9636,36.3,26.49
5325275,-7.3017,36.3,26.48
5325996,-7.3017,36.3,26.48
5326717,-7.3017,36.3,26.48
5327438,-7.3017,36.3,26.47
5328159,-7.3017,36.3,26.47
5328880,-7.3017,36.3,26.47
5329601,-7.3017,36.3,26.47
# [n=7300] mean=-6.2472 m  sigma=1.8262 m  die=36.3 C  CalVal=-39
5330322,-7.3017,36.3,26.46
5331043,-7.3017,36.3,26.46
5331764,-7.3017,36.3,26.46
5332485,-7.3017,36.3,26.45
5333206,-7.3017,36.3,26.45
5333927,-7.3017,36.3,26.45
5334648,-7.3017,36.3,26.44
5335369,-7.3017,36.3,26.44
5336090,-7.3017,36.3,26.44
5336811,-7.3017,36.3,26.43
5337532,-7.3017,36.3,26.43
5338253,-7.3017,36.3,26.42
5338974,-7.3017,36.3,26.42
5339695,-7.3017,35.3,26.42
5340416,-7.3017,36.3,26.42
5341137,-7.3017,35.3,26.41
5341858,-7.5045,36.3,26.41
5342579,-6.9862,35.3,26.40
5343300,-6.7383,36.3,26.40
5344021,-6.8059,35.3,26.40
5344742,-6.9411,35.3,26.39
5345463,-6.8960,36.3,26.39
5346184,-6.8735,36.3,26.39
5346905,-7.0989,36.3,26.39
5347626,-7.0763,35.3,26.38
5348347,-7.0312,35.3,26.38
5349068,-7.7975,36.3,26.38
5349789,-7.0538,36.3,26.37
5350510,-6.9186,36.3,26.37
5351231,-7.1439,35.3,26.37
5351952,-7.2115,36.3,26.36
5352673,-7.2115,36.3,26.36
5353394,-7.2115,36.3,26.36
5354115,-7.2115,36.3,26.36
5354836,-7.2115,36.3,26.35
5355557,-7.2115,36.3,26.35
5356278,-7.2115,36.3,26.34
5356999,-7.2115,36.3,26.34
5357720,-7.2115,36.3,26.34
5358441,-7.2115,36.3,26.34
5359162,-7.2115,36.3,26.33
5359883,-7.2115,36.3,26.33
5360604,-7.2115,36.3,26.32
5361325,-7.2115,36.3,26.32
5362046,-7.2115,36.3,26.32
5362767,-7.2115,36.3,26.32
5363488,-7.2115,36.3,26.31
5364209,-7.2115,36.3,26.31
5364930,-7.2115,36.3,26.31
5365651,-7.2115,36.3,26.30
5366372,-7.2115,36.3,26.30
5367093,-7.2115,36.3,26.30
5367814,-7.2115,36.3,26.29
5368535,-6.4453,36.3,26.29
5369256,-7.5496,35.3,26.29
5369977,-7.8200,35.3,26.28
5370698,-7.3468,35.3,26.28
5371419,-7.0989,36.3,26.27
5372140,-7.8425,35.3,26.27
5372861,-7.3918,35.3,26.26
5373582,-6.8960,36.3,26.27
5374303,-6.9186,36.3,26.26
5375024,-7.7073,36.3,26.26
5375745,-7.1665,36.3,26.25
5376466,-7.2791,36.3,26.25
5377187,-7.7975,36.3,26.25
5377908,-6.9636,35.3,26.24
5378629,-6.8284,35.3,26.23
5379350,-6.8284,35.3,26.24
5380071,-6.8284,35.3,26.23
5380792,-6.8284,35.3,26.23
5381513,-6.8284,35.3,26.23
5382234,-6.8284,35.3,26.23
5382955,-6.8284,35.3,26.22
5383676,-6.8284,35.3,26.22
5384397,-6.8284,36.3,26.21
5385118,-6.8284,35.3,26.21
5385839,-6.8284,35.3,26.21
5386560,-6.8284,36.3,26.20
5387281,-6.8284,36.3,26.20
5388002,-6.8284,35.3,26.20
5388723,-6.8284,35.3,26.20
5389444,-6.8284,35.3,26.19
5390165,-6.8284,36.3,26.19
5390886,-6.8284,36.3,26.18
5391607,-6.8284,36.3,26.18
5392328,-6.8284,36.3,26.18
5393049,-6.8284,36.3,26.17
5393770,-6.8284,36.3,26.18
5394491,-6.8284,35.3,26.17
5395212,-7.1439,36.3,26.17
5395933,-6.8960,35.3,26.16
5396654,-7.7524,36.3,26.16
5397375,-7.9327,36.3,26.15
5398096,-7.7073,35.3,26.15
5398817,-7.7073,35.3,26.15
5399538,-7.0087,36.3,26.15
5400259,-7.6623,35.3,26.14
5400980,-7.7749,35.3,26.14
5401701,-7.8651,35.3,26.14
# [n=7400] mean=-6.2595 m  sigma=1.8172 m  die=35.3 C  CalVal=-39
5402422,-8.1130,35.3,26.14
5403143,-7.0087,35.3,26.13
5403864,-7.3242,35.3,26.13
5404585,-7.8200,35.3,26.13
5405306,-7.3918,35.3,26.12
5406027,-7.3918,35.3,26.12
5406748,-7.3918,35.3,26.12
5407469,-7.3918,35.3,26.11
5408190,-7.3918,35.3,26.11
5408911,-7.3918,35.3,26.11
5409632,-7.3918,35.3,26.11
5410353,-7.3918,35.3,26.10
5411074,-7.3918,35.3,26.10
5411795,-7.3918,35.3,26.10
5412516,-7.3918,35.3,26.10
5413237,-7.3918,35.3,26.09
5413958,-7.3918,35.3,26.09
5414679,-7.3918,35.3,26.09
5415400,-7.3918,35.3,26.09
5416121,-7.3918,36.3,26.08
5416842,-7.3918,36.3,26.08
5417563,-7.3918,35.3,26.08
5418284,-7.3918,35.3,26.07
5419005,-7.3918,35.3,26.07
5419726,-7.3918,35.3,26.07
5420447,-7.3918,35.3,26.06
5421168,-5.8143,35.3,26.06
5421889,-7.3693,35.3,26.06
5422610,-7.6623,35.3,26.05
5423331,-6.8510,35.3,26.06
5424052,-7.8200,35.3,26.05
5424773,-7.0989,35.3,26.05
5425494,-7.1439,35.3,26.05
5426215,-7.0538,35.3,26.04
5426936,-7.7524,35.3,26.04
5427657,-7.1890,35.3,26.03
5428378,-6.9636,35.3,26.03
5429099,-7.1214,35.3,26.03
5429820,-6.6031,35.3,26.03
5430541,-8.0003,35.3,26.03
5431262,-6.8960,35.3,26.02
5431983,-6.4904,35.3,26.02
5432704,-6.4904,35.3,26.01
5433425,-6.4904,35.3,26.01
5434146,-6.4904,35.3,26.01
5434867,-6.4904,35.3,26.00
5435588,-6.4904,35.3,26.00
5436309,-6.4904,36.3,26.00
5437030,-6.4904,36.3,26.00
5437751,-6.4904,35.3,25.99
5438472,-6.4904,35.3,25.99
5439193,-6.4904,35.3,25.99
5439914,-6.4904,35.3,25.98
5440635,-6.4904,35.3,25.98
5441356,-6.4904,35.3,25.98
5442077,-6.4904,35.3,25.98
5442798,-6.4904,35.3,25.97
5443519,-6.4904,35.3,25.97
5444240,-6.4904,35.3,25.97
5444961,-6.4904,35.3,25.97
5445682,-6.4904,35.3,25.96
5446403,-6.4904,35.3,25.96
5447124,-6.4904,35.3,25.96
5447845,-6.6481,35.3,25.96
5448566,-6.7608,35.3,25.95
5449287,-7.5721,35.3,25.95
5450008,-6.8284,35.3,25.95
5450729,-7.1439,35.3,25.94
5451450,-7.1665,35.3,25.93
5452171,-7.9327,35.3,25.94
5452892,-6.9862,35.3,25.93
5453613,-7.0989,35.3,25.93
5454334,-7.7975,35.3,25.92
5455055,-6.8735,35.3,25.92
5455776,-6.9186,36.3,25.92
5456497,-7.6623,36.3,25.92
5457218,-7.6623,35.3,25.91
5457939,-7.0538,35.3,25.91
5458660,-15.6400,35.3,25.91
5459381,-15.6400,35.3,25.91
5460102,-15.6400,35.3,25.90
5460823,-15.6400,35.3,25.89
5461544,-15.6400,35.3,25.90
5462265,-15.6400,35.3,25.89
5462986,-15.6400,35.3,25.89
5463707,-15.6400,35.3,25.89
5464428,-15.6400,35.3,25.88
5465149,-15.6400,35.3,25.88
5465870,-15.6400,35.3,25.87
5466591,-15.6400,35.3,25.88
5467312,-15.6400,35.3,25.87
5468033,-15.6400,35.3,25.87
5468754,-15.6400,35.3,25.87
5469475,-15.6400,35.3,25.87
5470196,-15.6400,35.3,25.87
5470917,-15.6400,35.3,25.86
5471638,-15.6400,35.3,25.86
5472359,-15.6400,35.3,25.86
5473080,-15.6400,35.3,25.85
5473801,-15.6400,34.3,25.85
# [n=7500] mean=-6.2954 m  sigma=1.8773 m  die=34.3 C  CalVal=-39
5474522,-6.5805,35.3,25.85
5475243,-6.8059,34.3,25.85
5475964,-7.6623,35.3,25.84
5476685,-7.7524,35.3,25.84
5477406,-7.7299,35.3,25.84
5478127,-7.0989,35.3,25.83
5478848,-7.5270,35.3,25.83
5479569,-6.8510,35.3,25.83
5480290,-7.9102,35.3,25.82
5481011,-7.6397,35.3,25.83
5481732,-6.6256,35.3,25.82
5482453,-6.9186,35.3,25.82
5483174,-7.0312,35.3,25.81
5483895,-7.1214,35.3,25.81
5484616,-7.6848,35.3,25.81
5485337,-7.6848,35.3,25.81
5486058,-7.6848,35.3,25.80
5486779,-7.6848,35.3,25.80
5487500,-7.6848,35.3,25.80
5488221,-7.6848,35.3,25.80
5488942,-7.6848,35.3,25.79
5489663,-7.6848,35.3,25.79
5490384,-7.6848,35.3,25.79
5491105,-7.6848,35.3,25.79
5491826,-7.6848,35.3,25.79
5492547,-7.6848,35.3,25.79
5493268,-7.6848,35.3,25.78
5493989,-7.6848,35.3,25.78
5494710,-7.6848,35.3,25.77
5495431,-7.6848,35.3,25.77
5496152,-7.6848,35.3,25.77
5496873,-7.6848,35.3,25.77
5497594,-7.6848,35.3,25.77
5498315,-7.6848,35.3,25.76
5499036,-7.6848,35.3,25.76
5499757,-7.6848,35.3,25.76
5500478,-7.6848,35.3,25.75
5501199,-7.7299,35.3,25.75
5501920,-6.7834,35.3,25.75
5502641,-7.1890,35.3,25.75
5503362,-6.8510,35.3,25.74
5504083,-7.0087,35.3,25.74
5504804,-6.8284,35.3,25.74
5505525,-7.4820,35.3,25.73
5506246,-7.7524,35.3,25.73
5506967,-6.5805,35.3,25.73
5507688,-6.8960,35.3,25.73
5508409,-7.7299,35.3,25.73
5509130,-6.9186,35.3,25.72
5509851,-7.3693,35.3,25.72
5510572,-7.0312,35.3,25.71
5511293,-6.8059,35.3,25.71
5512014,-6.8059,35.3,25.71
5512735,-6.8059,35.3,25.71
5513456,-6.8059,35.3,25.70
5514177,-6.8059,35.3,25.71
5514898,-6.8059,35.3,25.70
5515619,-6.8059,35.3,25.70
5516340,-6.8059,34.3,25.70
5517061,-6.8059,35.3,25.69
5517782,-6.8059,35.3,25.70
5518503,-6.8059,35.3,25.69
5519224,-6.8059,34.3,25.69
5519945,-6.8059,35.3,25.69
5520666,-6.8059,35.3,25.68
5521387,-6.8059,35.3,25.68
5522108,-6.8059,35.3,25.68
5522829,-6.8059,35.3,25.68
5523550,-6.8059,35.3,25.67
5524271,-6.8059,35.3,25.67
5524992,-6.8059,35.3,25.67
5525713,-6.8059,35.3,25.66
5526434,-6.8059,34.3,25.66
5527155,-6.8059,35.3,25.67
5527876,-6.7608,35.3,25.66
5528597,-7.6848,35.3,25.66
5529318,-7.7975,35.3,25.65
5530039,-7.5270,35.3,25.65
5530760,-7.0087,35.3,25.64
5531481,-7.4820,35.3,25.64
5532202,-6.9411,35.3,25.64
5532923,-6.6481,35.3,25.64
5533644,-7.3918,35.3,25.64
5534365,-7.0538,35.3,25.64
5535086,-7.4144,35.3,25.63
5535807,-6.8735,35.3,25.63
5536528,-7.3693,35.3,25.62
5537249,-7.9102,34.3,25.62
5537970,-6.3326,34.3,25.62
5538691,-6.3326,35.3,25.62
5539412,-6.3326,35.3,25.61
5540133,-6.3326,35.3,25.61
5540854,-6.3326,35.3,25.61
5541575,-6.3326,35.3,25.60
5542296,-6.3326,35.3,25.60
5543017,-6.3326,34.3,25.60
5543738,-6.3326,34.3,25.60
5544459,-6.3326,34.3,25.60
5545180,-6.3326,34.3,25.59
5545901,-6.3326,34.3,25.59
# [n=7600] mean=-6.3064 m  sigma=1.8682 m  die=34.3 C  CalVal=-39
5546622,-6.3326,34.3,25.59
5547343,-6.3326,34.3,25.58
5548064,-6.3326,34.3,25.58
5548785,-6.3326,35.3,25.58
5549506,-6.3326,35.3,25.58
5550227,-6.3326,35.3,25.57
5550948,-6.3326,35.3,25.57
5551669,-6.3326,35.3,25.57
5552390,-6.3326,35.3,25.57
5553111,-6.3326,35.3,25.57
5553832,-6.3326,34.3,25.56
5554553,-7.3918,35.3,25.56
5555274,-7.6848,34.3,25.56
5555995,-7.1890,34.3,25.55
5556716,-6.9411,35.3,25.56
5557437,-6.8735,35.3,25.56
5558158,-7.2115,35.3,25.55
5558879,-6.6707,35.3,25.54
5559600,-7.1214,35.3,25.54
5560321,-7.4369,35.3,25.54
5561042,-6.5805,34.3,25.54
5561763,-6.9862,34.3,25.54
5562484,-6.9636,34.3,25.53
5563205,-6.5129,35.3,25.53
5563926,-6.8059,34.3,25.53
5564647,-6.6707,35.3,25.53
5565368,-6.6707,35.3,25.52
5566089,-6.6707,35.3,25.53
5566810,-6.6707,35.3,25.52
5567531,-6.6707,35.3,25.52
5568252,-6.6707,35.3,25.52
5568973,-6.6707,35.3,25.51
5569694,-6.6707,35.3,25.52
5570415,-6.6707,35.3,25.51
5571136,-6.6707,35.3,25.51
5571857,-6.6707,34.3,25.51
5572578,-6.6707,34.3,25.50
5573299,-6.6707,35.3,25.50
5574020,-6.6707,35.3,25.50
5574741,-6.6707,34.3,25.50
5575462,-6.6707,34.3,25.50
5576183,-6.6707,34.3,25.49
5576904,-6.6707,34.3,25.49
5577625,-6.6707,34.3,25.49
5578346,-6.6707,34.3,25.49
5579067,-6.6707,34.3,25.48
5579788,-6.6707,34.3,25.48
5580509,-6.6707,35.3,25.48
5581230,-7.6172,35.3,25.47
5581951,-6.8284,35.3,25.47
5582672,-7.4594,35.3,25.48
5583393,-7.5947,34.3,25.47
5584114,-6.8059,34.3,25.47
5584835,-7.0763,34.3,25.46
5585556,-6.8059,34.3,25.46
5586277,-7.7975,34.3,25.46
5586998,-7.2341,34.3,25.46
5587719,-7.5721,34.3,25.45
5588440,-6.7834,34.3,25.45
5589161,-7.7975,35.3,25.45
5589882,-7.8200,34.3,25.45
5590603,-7.5947,34.3,25.45
5591324,-7.8651,35.3,25.44
5592045,-7.8651,35.3,25.44
5592766,-7.8651,34.3,25.44
5593487,-7.8651,34.3,25.44
5594208,-7.8651,35.3,25.44
5594929,-7.8651,34.3,25.44
5595650,-7.8651,34.3,25.44
5596371,-7.8651,34.3,25.43
5597092,-7.8651,34.3,25.42
5597813,-7.8651,34.3,25.42
5598534,-7.8651,34.3,25.42
5599255,-7.8651,34.3,25.42
5599976,-7.8651,34.3,25.41
5600697,-7.8651,35.3,25.41
5601418,-7.8651,35.3,25.41
5602139,-7.8651,35.3,25.41
5602860,-7.8651,35.3,25.41
5603581,-7.8651,35.3,25.41
5604302,-7.8651,35.3,25.40
5605023,-7.8651,35.3,25.40
5605744,-7.8651,35.3,25.39
5606465,-7.8651,35.3,25.40
5607186,-7.8651,35.3,25.39
5607907,-6.8284,35.3,25.39
5608628,-7.6172,35.3,25.39
5609349,-6.7834,35.3,25.38
5610070,-6.7608,35.3,25.38
5610791,-7.0538,34.3,25.38
5611512,-7.1890,35.3,25.38
5612233,-7.2791,34.3,25.38
5612954,-7.5721,35.3,25.38
5613675,-7.5721,34.3,25.38
5614396,-6.8960,34.3,25.37
5615117,-6.8960,34.3,25.37
5615838,-7.0312,35.3,25.36
5616559,-6.9411,34.3,25.37
5617280,-6.8059,34.3,25.37
5618001,-7.4369,34.3,25.36
# [n=7700] mean=-6.3169 m  sigma=1.8593 m  die=34.3 C  CalVal=-39
5618722,-7.4369,34.3,25.36
5619443,-7.4369,34.3,25.35
5620164,-7.4369,34.3,25.35
5620885,-7.4369,34.3,25.35
5621606,-7.4369,34.3,25.35
5622327,-7.4369,34.3,25.35
5623048,-7.4369,34.3,25.35
5623769,-7.4369,34.3,25.35
5624490,-7.4369,34.3,25.34
5625211,-7.4369,34.3,25.34
5625932,-7.4369,34.3,25.33
5626653,-7.4369,34.3,25.34
5627374,-7.4369,34.3,25.33
5628095,-7.4369,34.3,25.33
5628816,-7.4369,34.3,25.33
5629537,-7.4369,34.3,25.32
5630258,-7.4369,34.3,25.32
5630979,-7.4369,34.3,25.32
5631700,-7.4369,34.3,25.32
5632421,-7.4369,34.3,25.31
5633142,-7.4369,34.3,25.32
5633863,-7.4369,34.3,25.31
5634584,-7.0989,34.3,25.30
5635305,-7.5496,34.3,25.31
5636026,-7.3468,34.3,25.30
5636747,-6.8960,34.3,25.30
5637468,-7.2115,34.3,25.30
5638189,-7.8200,34.3,25.30
5638910,-7.2791,34.3,25.30
5639631,-7.4369,34.3,25.30
5640352,-7.4820,34.3,25.29
5641073,-7.6848,34.3,25.29
5641794,-7.6397,34.3,25.29
5642515,-7.1214,34.3,25.29
5643236,-7.6397,34.3,25.28
5643957,-7.2341,34.3,25.28
5644678,-7.7524,34.3,25.28
5645399,-7.7524,34.3,25.28
5646120,-7.7524,35.3,25.27
5646841,-7.7524,34.3,25.27
5647562,-7.7524,34.3,25.27
5648283,-7.7524,34.3,25.26
5649004,-7.7524,34.3,25.27
5649725,-7.7524,35.3,25.27
5650446,-7.7524,35.3,25.26
5651167,-7.7524,35.3,25.26
5651888,-7.7524,35.3,25.26
5652609,-7.7524,35.3,25.25
5653330,-7.7524,35.3,25.25
5654051,-7.7524,34.3,25.25
5654772,-7.7524,34.3,25.25
5655493,-7.7524,34.3,25.25
5656214,-7.7524,34.3,25.24
5656935,-7.7524,34.3,25.24
5657656,-7.7524,34.3,25.24
5658377,-7.7524,34.3,25.24
5659098,-7.7524,34.3,25.24
5659819,-7.7524,34.3,25.23
5660540,-7.7524,34.3,25.23
5661261,-6.6481,34.3,25.23
5661982,-6.4228,35.3,25.23
5662703,-7.7073,34.3,25.23
5663424,-6.6707,34.3,25.23
5664145,-7.1439,34.3,25.22
5664866,-7.4369,34.3,25.22
5665587,-7.3017,34.3,25.22
5666308,-7.0087,34.3,25.21
5667029,-7.1890,34.3,25.21
5667750,-7.5721,34.3,25.20
5668471,-7.6172,34.3,25.21
5669192,-7.7975,34.3,25.20
5669913,-6.6707,34.3,25.20
5670634,-6.5355,34.3,25.20
5671355,-7.5947,34.3,25.19
5672076,-7.5947,34.3,25.19
5672797,-7.5947,34.3,25.19
5673518,-7.5947,34.3,25.19
5674239,-7.5947,34.3,25.19
5674960,-7.5947,34.3,25.18
5675681,-7.5947,34.3,25.18
5676402,-7.5947,34.3,25.18
5677123,-7.5947,34.3,25.18
5677844,-7.5947,34.3,25.17
5678565,-7.5947,34.3,25.18
5679286,-7.5947,34.3,25.17
5680007,-7.5947,34.3,25.17
5680728,-7.5947,34.3,25.17
5681449,-7.5947,34.3,25.17
5682170,-7.5947,34.3,25.17
5682891,-7.5947,34.3,25.17
5683612,-7.5947,34.3,25.16
5684333,-7.5947,34.3,25.16
5685054,-7.5947,34.3,25.16
5685775,-7.5947,34.3,25.16
5686496,-7.5947,34.3,25.16
5687217,-7.5947,34.3,25.16
5687938,-6.6256,34.3,25.15
5688659,-6.7834,34.3,25.15
5689380,-6.8735,34.3,25.14
5690101,-6.7383,34.3,25.15
# [n=7800] mean=-6.3317 m  sigma=1.8522 m  die=34.3 C  CalVal=-39
5690822,-6.8284,34.3,25.14
5691543,-6.8735,34.3,25.14
5692264,-6.6256,34.3,25.14
5692985,-7.1214,34.3,25.13
5693706,-7.7524,34.3,25.13
5694427,-6.8510,34.3,25.13
5695148,-6.8735,34.3,25.13
5695869,-7.1665,34.3,25.13
5696590,-7.0538,34.3,25.13
5697311,-7.9552,34.3,25.13
5698032,-6.7383,34.3,25.13
5698753,-6.7383,34.3,25.12
5699474,-6.7383,34.3,25.12
5700195,-6.7383,34.3,25.12
5700916,-6.7383,34.3,25.11
5701637,-6.7383,34.3,25.12
5702358,-6.7383,34.3,25.12
5703079,-6.7383,34.3,25.11
5703800,-6.7383,34.3,25.11
5704521,-6.7383,34.3,25.11
5705242,-6.7383,34.3,25.11
5705963,-6.7383,34.3,25.11
5706684,-6.7383,34.3,25.10
5707405,-6.7383,34.3,25.10
5708126,-6.7383,34.3,25.10
5708847,-6.7383,34.3,25.10
5709568,-6.7383,34.3,25.09
5710289,-6.7383,34.3,25.09
5711010,-6.7383,34.3,25.09
5711731,-6.7383,34.3,25.09
5712452,-6.7383,34.3,25.09
5713173,-6.7383,34.3,25.09
5713894,-6.7383,34.3,25.09
5714615,-6.6481,34.3,25.09
5715336,-6.5580,34.3,25.08
5716057,-7.4820,34.3,25.08
5716778,-7.6172,34.3,25.08
5717499,-7.5270,34.3,25.08
5718220,-6.9636,34.3,25.07
5718941,-7.0763,34.3,25.07
5719662,-7.4144,34.3,25.07
5720383,-6.8735,34.3,25.07
5721104,-7.5496,34.3,25.06
5721825,-6.6932,34.3,25.06
5722546,-7.4594,34.3,25.06
5723267,-6.8960,34.3,25.07
5723988,-7.3468,34.3,25.06
5724709,-6.8735,34.3,25.06
5725430,-6.8735,34.3,25.06
5726151,-6.8735,34.3,25.06
5726872,-6.8735,34.3,25.05
5727593,-6.8735,34.3,25.05
5728314,-6.8735,34.3,25.05
5729035,-6.8735,34.3,25.05
5729756,-6.8735,34.3,25.05
5730477,-6.8735,34.3,25.04
5731198,-6.8735,34.3,25.04
5731919,-6.8735,34.3,25.04
5732640,-6.8735,34.3,25.04
5733361,-6.8735,34.3,25.03
5734082,-6.8735,34.3,25.03
5734803,-6.8735,34.3,25.03
5735524,-6.8735,34.3,25.03
5736245,-6.8735,34.3,25.03
5736966,-6.8735,34.3,25.03
5737687,-6.8735,34.3,25.03
5738408,-6.8735,34.3,25.02
5739129,-6.8735,34.3,25.02
5739850,-6.8735,34.3,25.02
5740571,-6.8735,34.3,25.02
5741292,-7.4594,34.3,25.02
5742013,-7.6623,34.3,25.02
5742734,-6.9411,34.3,25.01
5743455,-7.7975,34.3,25.01
5744176,-6.8960,34.3,25.01
5744897,-7.6623,34.3,25.01
5745618,-7.0989,34.3,25.01
5746339,-7.2341,34.3,25.01
5747060,-7.2115,34.3,25.00
5747781,-7.5721,34.3,25.00
5748502,-6.7383,34.3,25.00
5749223,-6.6481,34.3,25.00
5749944,-7.6172,34.3,25.00
5750665,-7.7073,34.3,24.99
5751386,-7.2115,34.3,24.99
5752107,-7.2115,34.3,24.99
5752828,-7.2115,34.3,24.99
5753549,-7.2115,34.3,24.99
5754270,-7.2115,34.3,24.98
5754991,-7.2115,34.3,24.98
5755712,-7.2115,34.3,24.98
5756433,-7.2115,34.3,24.98
5757154,-7.2115,34.3,24.98
5757875,-7.2115,34.3,24.98
5758596,-7.2115,34.3,24.97
5759317,-7.2115,34.3,24.97
5760038,-7.2115,34.3,24.97
5760759,-7.2115,34.3,24.97
5761480,-7.2115,34.3,24.97
5762201,-7.2115,34.3,24.97
# [n=7900] mean=-6.3404 m  sigma=1.8424 m  die=34.3 C  CalVal=-39
5762922,-7.2115,34.3,24.97
5763643,-7.2115,34.3,24.96
5764364,-7.2115,34.3,24.96
5765085,-7.2115,34.3,24.96
5765806,-7.2115,34.3,24.96
5766527,-7.2115,34.3,24.95
5767248,-7.2115,34.3,24.95
5767969,-7.5045,34.3,24.95
5768690,-6.8284,34.3,24.95
5769411,-6.5129,34.3,24.94
5770132,-6.8510,34.3,24.94
5770853,-7.5045,34.3,24.94
5771574,-6.6481,35.3,24.94
5772295,-6.2200,34.3,24.94
5773016,-7.3242,34.3,24.94
5773737,-6.9636,34.3,24.94
5774458,-7.3918,34.3,24.93
5775179,-6.8059,34.3,24.93
5775900,-6.6707,34.3,24.93
5776621,-7.3918,34.3,24.93
5777342,-6.8284,34.3,24.92
5778063,-7.6623,34.3,24.93
5778784,-7.6623,34.3,24.92
5779505,-7.6623,34.3,24.92
5780226,-7.6623,34.3,24.92
5780947,-7.6623,34.3,24.92
5781668,-7.6623,34.3,24.92
5782389,-7.6623,34.3,24.92
5783110,-7.6623,34.3,24.91
5783831,-7.6623,34.3,24.91
5784552,-7.6623,34.3,24.91
5785273,-7.6623,34.3,24.91
5785994,-7.6623,34.3,24.90
5786715,-7.6623,34.3,24.91
5787436,-7.6623,34.3,24.90
5788157,-7.6623,34.3,24.90
5788878,-7.6623,34.3,24.90
5789599,-7.6623,34.3,24.89
5790320,-7.6623,34.3,24.89
5791041,-7.6623,34.3,24.89
5791762,-7.6623,34.3,24.89
5792483,-7.6623,34.3,24.89
5793204,-7.6623,34.3,24.89
5793925,-7.6623,34.3,24.89
5794646,-7.4369,34.3,24.89
5795367,-7.3918,34.3,24.89
5796088,-7.6848,34.3,24.89
5796809,-7.5496,34.3,24.88
5797530,-6.6256,34.3,24.88
5798251,-7.5721,34.3,24.88
5798972,-6.9862,34.3,24.88
5799693,-6.6481,34.3,24.87
5800414,-7.0989,34.3,24.87
5801135,-7.7524,34.3,24.87
5801856,-6.5129,34.3,24.87
5802577,-6.6256,34.3,24.87
5803298,-7.5270,34.3,24.87
5804019,-6.8735,34.3,24.87
5804740,-6.8510,34.3,24.86
5805461,-6.8510,34.3,24.86
5806182,-6.8510,34.3,24.86
5806903,-6.8510,34.3,24.86
5807624,-6.8510,34.3,24.86
5808345,-6.8510,34.3,24.85
5809066,-6.8510,34.3,24.86
5809787,-6.8510,34.3,24.86
5810508,-6.8510,34.3,24.85
5811229,-6.8510,34.3,24.85
5811950,-6.8510,34.3,24.85
5812671,-6.8510,34.3,24.85
5813392,-6.8510,34.3,24.84
5814113,-6.8510,34.3,24.84
5814834,-6.8510,34.3,24.84
5815555,-6.8510,34.3,24.84
5816276,-6.8510,34.3,24.84
5816997,-6.8510,34.3,24.83
5817718,-6.8510,34.3,24.83
5818439,-6.8510,34.3,24.83
5819160,-6.8510,34.3,24.83
5819881,-6.8510,34.3,24.83
5820602,-6.8510,34.3,24.83
5821323,-6.9862,34.3,24.83
5822044,-6.7834,34.3,24.83
5822765,-6.5355,34.3,24.82
5823486,-7.0538,34.3,24.82
5824207,-6.7834,34.3,24.82
5824928,-7.0763,34.3,24.82
5825649,-6.3777,34.3,24.81
5826370,-7.0087,34.3,24.82
5827091,-7.3468,34.3,24.81
5827812,-6.7383,34.3,24.82
5828533,-6.6707,34.3,24.81
5829254,-7.1890,34.3,24.81
5829975,-7.6623,34.3,24.81
5830696,-6.5805,34.3,24.80
5831417,-7.1439,34.3,24.80
5832138,-7.1439,34.3,24.80
5832859,-7.1439,34.3,24.80
5833580,-7.1439,34.3,24.79
5834301,-7.1439,34.3,24.80
# [n=8000] mean=-6.3504 m  sigma=1.8336 m  die=34.3 C  CalVal=-39
5835022,-7.1439,34.3,24.79
5835743,-7.1439,34.3,24.80
5836464,-7.1439,34.3,24.79
5837185,-7.1439,34.3,24.79
5837906,-7.1439,34.3,24.79
5838627,-7.1439,34.3,24.78
5839348,-7.1439,34.3,24.79
5840069,-7.1439,34.3,24.78
5840790,-7.1439,34.3,24.78
5841511,-7.1439,34.3,24.78
5842232,-7.1439,34.3,24.78
5842953,-7.1439,34.3,24.78
5843674,-7.1439,34.3,24.78
5844395,-7.1439,34.3,24.77
5845116,-7.1439,34.3,24.77
5845837,-7.1439,34.3,24.77
5846558,-7.1439,34.3,24.77
5847279,-7.1439,34.3,24.77
5848000,-6.4904,34.3,24.77
5848721,-7.4594,34.3,24.76
5849442,-7.3693,34.3,24.76
5850163,-6.6481,34.3,24.77
5850884,-7.6623,34.3,24.76
5851605,-7.2115,34.3,24.76
5852326,-6.4002,34.3,24.76
5853047,-7.4820,34.3,24.76
5853768,-7.5270,34.3,24.76
5854489,-6.8960,34.3,24.76
5855210,-7.5721,34.3,24.75
5855931,-6.4453,34.3,24.75
5856652,-6.2650,34.3,24.75
5857373,-6.6481,34.3,24.75
5858094,-6.8059,34.3,24.75
5858815,-6.8059,34.3,24.75
5859536,-6.8059,34.3,24.74
5860257,-6.8059,34.3,24.75
5860978,-6.8059,34.3,24.74
5861699,-6.8059,34.3,24.74
5862420,-6.8059,34.3,24.74
5863141,-6.8059,34.3,24.74
5863862,-6.8059,34.3,24.74
5864583,-6.8059,34.3,24.73
5865304,-6.8059,34.3,24.74
5866025,-6.8059,34.3,24.73
5866746,-6.8059,34.3,24.73
5867467,-6.8059,34.3,24.73
5868188,-6.8059,34.3,24.73
5868909,-6.8059,34.3,24.72
5869630,-6.8059,34.3,24.72
5870351,-6.8059,34.3,24.72
5871072,-6.8059,34.3,24.72
5871793,-6.8059,33.3,24.72
5872514,-6.8059,34.3,24.72
5873235,-6.8059,34.3,24.72
5873956,-6.8059,34.3,24.71
5874677,-7.3918,34.3,24.71
5875398,-7.7299,34.3,24.71
5876119,-7.4144,34.3,24.71
5876840,-7.0312,34.3,24.71
5877561,-7.6397,34.3,24.71
5878282,-7.6848,34.3,24.70
5879003,-7.5947,34.3,24.70
5879724,-6.9636,34.3,24.70
5880445,-7.7299,34.3,24.70
5881166,-6.6707,34.3,24.70
5881887,-7.7073,34.3,24.70
5882608,-7.6623,34.3,24.70
5883329,-7.4144,34.3,24.70
5884050,-6.9862,34.3,24.69
5884771,-7.1665,34.3,24.70
5885492,-7.1665,34.3,24.69
5886213,-7.1665,34.3,24.69
5886934,-7.1665,34.3,24.68
5887655,-7.1665,34.3,24.68
5888376,-7.1665,34.3,24.69
5889097,-7.1665,34.3,24.68
5889818,-7.1665,34.3,24.68
5890539,-7.1665,34.3,24.68
5891260,-7.1665,34.3,24.68
5891981,-7.1665,34.3,24.68
5892702,-7.1665,34.3,24.68
5893423,-7.1665,34.3,24.68
5894144,-7.1665,34.3,24.67
5894865,-7.1665,34.3,24.67
5895586,-7.1665,34.3,24.67
5896307,-7.1665,34.3,24.67
5897028,-7.1665,34.3,24.67
5897749,-7.1665,34.3,24.67
5898470,-7.1665,34.3,24.66
5899191,-7.1665,34.3,24.67
5899912,-7.1665,34.3,24.66
5900633,-7.1665,34.3,24.66
5901354,-7.2791,34.3,24.66
5902075,-7.3918,34.3,24.65
5902796,-6.8735,34.3,24.65
5903517,-7.9552,34.3,24.65
5904238,-7.4144,34.3,24.65
5904959,-7.6848,34.3,24.65
5905680,-6.9862,34.3,24.65
5906401,-7.0763,34.3,24.65
# [n=8100] mean=-6.3597 m  sigma=1.8244 m  die=34.3 C  CalVal=-39
5907122,-7.6172,34.3,24.64
5907843,-6.7157,34.3,24.64
5908564,-6.8960,34.3,24.64
5909285,-6.8960,34.3,24.64
5910006,-6.8510,34.3,24.64
5910727,-7.6172,34.3,24.64
5911448,-7.2566,34.3,24.63
5912169,-7.2566,34.3,24.63
5912890,-7.2566,34.3,24.63
5913611,-7.2566,34.3,24.63
5914332,-7.2566,34.3,24.63
5915053,-7.2566,34.3,24.62
5915774,-7.2566,34.3,24.63
5916495,-7.2566,34.3,24.62
5917216,-7.2566,34.3,24.62
5917937,-7.2566,34.3,24.62
5918658,-7.2566,34.3,24.61
5919379,-7.2566,34.3,24.62
5920100,-7.2566,34.3,24.61
5920821,-7.2566,34.3,24.62
5921542,-7.2566,34.3,24.61
5922263,-7.2566,34.3,24.61
5922984,-7.2566,34.3,24.61
5923705,-7.2566,34.3,24.61
5924426,-7.2566,34.3,24.61
5925147,-7.2566,34.3,24.61
5925868,-7.2566,34.3,24.61
5926589,-7.2566,34.3,24.61
5927310,-7.2566,34.3,24.61
5928031,-6.7157,34.3,24.60
5928752,-7.2791,34.3,24.60
5929473,-6.8284,34.3,24.60
5930194,-7.8876,34.3,24.60
5930915,-6.7608,34.3,24.60
5931636,-7.1665,34.3,24.60
5932357,-6.5805,34.3,24.60
5933078,-7.5045,34.3,24.59
5933799,-6.5129,34.3,24.59
5934520,-7.4144,34.3,24.59
5935241,-6.7383,34.3,24.59
5935962,-6.6932,34.3,24.59
5936683,-7.4369,34.3,24.59
5937404,-7.7299,34.3,24.58
5938125,-7.3242,34.3,24.58
5938846,-7.3242,34.3,24.58
5939567,-7.3242,34.3,24.58
5940288,-7.3242,34.3,24.58
5941009,-7.3242,34.3,24.58
5941730,-7.3242,34.3,24.58
5942451,-7.3242,34.3,24.58
5943172,-7.3242,34.3,24.57
5943893,-7.3242,34.3,24.57
5944614,-7.3242,34.3,24.57
5945335,-7.3242,34.3,24.57
5946056,-7.3242,34.3,24.57
5946777,-7.3242,34.3,24.57
5947498,-7.3242,34.3,24.57
5948219,-7.3242,34.3,24.57
5948940,-7.3242,34.3,24.57
5949661,-7.3242,34.3,24.57
5950382,-7.3242,34.3,24.56
5951103,-7.3242,34.3,24.56
5951824,-7.3242,34.3,24.56
5952545,-7.3242,34.3,24.56
5953266,-7.3242,34.3,24.56
5953987,-7.3242,34.3,24.56
5954708,-6.5805,34.3,24.55
5955429,-7.1214,34.3,24.55
5956150,-7.1439,34.3,24.55
5956871,-7.4369,34.3,24.55
5957592,-7.2791,34.3,24.55
5958313,-7.6623,34.3,24.55
5959034,-7.5947,34.3,24.55
5959755,-7.4594,34.3,24.55
5960476,-6.8059,34.3,24.54
5961197,-6.7383,34.3,24.55
5961918,-7.5721,34.3,24.55
5962639,-7.6397,34.3,24.54
5963360,-6.9636,34.3,24.54
5964081,-7.1665,34.3,24.54
5964802,-6.9411,34.3,24.54
5965523,-6.9411,34.3,24.54
5966244,-6.9411,34.3,24.54
5966965,-6.9411,34.3,24.53
5967686,-6.9411,34.3,24.53
5968407,-6.9411,34.3,24.53
5969128,-6.9411,34.3,24.53
5969849,-6.9411,34.3,24.53
5970570,-6.9411,34.3,24.53
5971291,-6.9411,34.3,24.53
5972012,-6.9411,34.3,24.53
5972733,-6.9411,34.3,24.53
5973454,-6.9411,34.3,24.53
5974175,-6.9411,34.3,24.52
5974896,-6.9411,34.3,24.52
5975617,-6.9411,34.3,24.52
5976338,-6.9411,34.3,24.52
5977059,-6.9411,34.3,24.52
5977780,-6.9411,34.3,24.52
5978501,-6.9411,34.3,24.52
# [n=8200] mean=-6.3696 m  sigma=1.8157 m  die=34.3 C  CalVal=-39
5979222,-6.9411,34.3,24.52
5979943,-6.9411,34.3,24.51
5980664,-6.9411,34.3,24.52
5981385,-6.5805,34.3,24.51
5982106,-7.0763,34.3,24.52
5982827,-7.5496,34.3,24.51
5983548,-7.1665,34.3,24.51
5984269,-7.4369,34.3,24.51
5984990,-6.7608,34.3,24.50
5985711,-6.2425,34.3,24.51
5986432,-7.3693,34.3,24.50
5987153,-6.9636,34.3,24.50
5987874,-7.6172,34.3,24.50
5988595,-7.5496,34.3,24.50
5989316,-6.9186,34.3,24.49
5990037,-7.0989,34.3,24.49
5990758,-7.1890,34.3,24.49
5991479,-6.8284,34.3,24.50
5992200,-6.8284,34.3,24.50
5992921,-6.8284,34.3,24.49
5993642,-6.8284,34.3,24.49
5994363,-6.8284,34.3,24.49
5995084,-6.8284,34.3,24.49
5995805,-6.8284,34.3,24.49
5996526,-6.8284,34.3,24.49
5997247,-6.8284,34.3,24.48
5997968,-6.8284,34.3,24.49
5998689,-6.8284,34.3,24.48
5999410,-6.8284,34.3,24.48
6000131,-6.8284,34.3,24.48
6000852,-6.8284,34.3,24.48
6001573,-6.8284,34.3,24.47
6002294,-6.8284,34.3,24.48
6003015,-6.8284,34.3,24.47
6003736,-6.8284,34.3,24.47
6004457,-6.8284,34.3,24.47
6005178,-6.8284,34.3,24.47
6005899,-6.8284,34.3,24.47
6006620,-6.8284,34.3,24.47
6007341,-5.9270,34.3,24.47
6008062,-7.2115,34.3,24.47
6008783,-6.5580,34.3,24.46
6009504,-6.5580,34.3,24.46
6010225,-6.9411,34.3,24.46
6010946,-7.5045,34.3,24.46
6011667,-7.5270,34.3,24.46
6012388,-7.5496,34.3,24.46
6013109,-7.3918,34.3,24.46
6013830,-7.5947,34.3,24.45
6014551,-7.3468,34.3,24.46
6015272,-7.6623,34.3,24.45
6015993,-7.4369,34.3,24.45
6016714,-7.1214,34.3,24.45
6017435,-6.7608,34.3,24.45
6018156,-6.7608,34.3,24.45
6018877,-6.7608,34.3,24.45
6019598,-6.7608,33.3,24.45
6020319,-6.7608,34.3,24.45
6021040,-6.7608,34.3,24.45
6021761,-6.7608,34.3,24.44
6022482,-6.7608,34.3,24.44
6023203,-6.7608,34.3,24.45
6023924,-6.7608,34.3,24.44
6024645,-6.7608,34.3,24.44
6025366,-6.7608,34.3,24.44
6026087,-6.7608,34.3,24.44
6026808,-6.7608,34.3,24.44
6027529,-6.7608,34.3,24.44
6028250,-6.7608,34.3,24.44
6028971,-6.7608,34.3,24.43
6029692,-6.7608,34.3,24.43
6030413,-6.7608,34.3,24.43
6031134,-6.7608,34.3,24.43
6031855,-6.7608,34.3,24.43
6032576,-6.7608,34.3,24.42
6033297,-6.7608,34.3,24.43
6034018,-6.4453,34.3,24.43
6034739,-6.5580,34.3,24.42
6035460,-7.3017,34.3,24.42
6036181,-6.7157,34.3,24.41
6036902,-7.1439,34.3,24.42
6037623,-7.1890,34.3,24.42
6038344,-6.7157,34.3,24.42
6039065,-7.3693,34.3,24.41
6039786,-7.8876,34.3,24.42
6040507,-7.0538,34.3,24.41
6041228,-6.7608,34.3,24.41
6041949,-7.2115,34.3,24.41
6042670,-7.2341,34.3,24.41
6043391,-7.3017,34.3,24.41
6044112,-6.5805,34.3,24.40
6044833,0.6986,34.3,24.40
6045554,0.6986,34.3,24.40
6046275,0.6986,34.3,24.40
6046996,0.6986,34.3,24.40
6047717,0.6986,34.3,24.40
6048438,0.6986,34.3,24.40
6049159,0.6986,34.3,24.40
6049880,0.6986,34.3,24.39
6050601,0.6986,34.3,24.39
# [n=8300] mean=-6.3682 m  sigma=1.8210 m  die=34.3 C  CalVal=-39
6051322,0.6986,34.3,24.40
6052043,0.6986,34.3,24.39
6052764,0.6986,34.3,24.39
6053485,0.6986,34.3,24.39
6054206,0.6986,33.3,24.39
6054927,0.6986,33.3,24.39
6055648,0.6986,34.3,24.39
6056369,0.6986,34.3,24.39
6057090,0.6986,34.3,24.38
6057811,0.6986,34.3,24.38
6058532,0.6986,34.3,24.38
6059253,0.6986,34.3,24.38
6059974,0.6986,34.3,24.38
6060695,-6.0847,34.3,24.38
6061416,-6.3552,34.3,24.38
6062137,-6.4678,34.3,24.38
6062858,-6.8284,34.3,24.37
6063579,-7.5496,34.3,24.37
6064300,-7.4820,34.3,24.37
6065021,-7.4369,33.3,24.38
6065742,-7.1439,34.3,24.38
6066463,-8.1130,34.3,24.37
6067184,-6.7383,33.3,24.37
6067905,-6.5355,34.3,24.37
6068626,-6.9862,34.3,24.37
6069347,-7.5496,33.3,24.37
6070068,-7.5045,34.3,24.37
6070789,-7.3242,33.3,24.36
6071510,-7.3242,34.3,24.37
6072231,-7.3242,34.3,24.36
6072952,-7.3242,34.3,24.36
6073673,-7.3242,34.3,24.36
6074394,-7.3242,34.3,24.35
6075115,-7.3242,34.3,24.36
6075836,-7.3242,34.3,24.35
6076557,-7.3242,34.3,24.36
6077278,-7.3242,34.3,24.36
6077999,-7.3242,33.3,24.35
6078720,-7.3242,34.3,24.35
6079441,-7.3242,34.3,24.35
6080162,-7.3242,34.3,24.35
6080883,-7.3242,34.3,24.35
6081604,-7.3242,34.3,24.34
6082325,-7.3242,34.3,24.35
6083046,-7.3242,34.3,24.35
6083767,-7.3242,34.3,24.35
6084488,-7.3242,34.3,24.35
6085209,-7.3242,34.3,24.34
6085930,-7.3242,34.3,24.35
6086651,-7.3242,34.3,24.34
6087372,-7.3017,34.3,24.34
6088093,-7.4144,34.3,24.34
6088814,-6.6031,34.3,24.34
6089535,-7.1214,34.3,24.33
6090256,-7.0087,34.3,24.34
6090977,-7.3242,34.3,24.33
6091698,-7.3017,34.3,24.33
6092419,-7.2566,33.3,24.33
6093140,-6.6256,34.3,24.33
6093861,-6.7834,33.3,24.33
6094582,-7.2115,33.3,24.32
6095303,-6.8510,34.3,24.33
6096024,-7.3242,34.3,24.33
6096745,-6.7383,34.3,24.33
6097466,-7.5947,34.3,24.32
6098187,-7.5947,33.3,24.32
6098908,-7.5947,34.3,24.32
6099629,-7.5947,33.3,24.32
6100350,-7.5947,34.3,24.32
6101071,-7.5947,34.3,24.32
6101792,-7.5947,34.3,24.32
6102513,-7.5947,34.3,24.32
6103234,-7.5947,34.3,24.32
6103955,-7.5947,34.3,24.31
6104676,-7.5947,34.3,24.31
6105397,-7.5947,34.3,24.31
6106118,-7.5947,34.3,24.31
6106839,-7.5947,34.3,24.30
6107560,-7.5947,34.3,24.30
6108281,-7.5947,34.3,24.31
6109002,-7.5947,34.3,24.30
6109723,-7.5947,34.3,24.30
6110444,-7.5947,34.3,24.30
6111165,-7.5947,34.3,24.30
6111886,-7.5947,34.3,24.31
6112607,-7.5947,34.3,24.30
6113328,-7.5947,33.3,24.29
6114049,-6.4002,34.3,24.30
6114770,-7.4369,34.3,24.29
6115491,-7.3468,34.3,24.29
6116212,-7.5045,33.3,24.29
6116933,-7.5270,34.3,24.29
6117654,-6.8735,33.3,24.29
6118375,-6.8510,34.3,24.29
6119096,-6.8510,34.3,24.29
6119817,-7.1214,34.3,24.29
6120538,-7.3918,34.3,24.28
6121259,-7.4144,34.3,24.29
6121980,-6.7834,34.3,24.29
6122701,-7.2566,34.3,24.29
# [n=8400] mean=-6.3668 m  sigma=1.8341 m  die=34.3 C  CalVal=-39
6123422,-6.6031,34.3,24.29
6124143,-7.7073,34.3,24.29
6124864,-7.7073,34.3,24.29
6125585,-7.7073,34.3,24.28
6126306,-7.7073,34.3,24.28
6127027,-7.7073,34.3,24.28
6127748,-7.7073,34.3,24.28
6128469,-7.7073,34.3,24.27
6129190,-7.7073,34.3,24.28
6129911,-7.7073,34.3,24.27
6130632,-7.7073,33.3,24.28
6131353,-7.7073,34.3,24.27
6132074,-7.7073,34.3,24.27
6132795,-7.7073,34.3,24.27
6133516,-7.7073,34.3,24.27
6134237,-7.7073,34.3,24.27
6134958,-7.7073,34.3,24.28
6135679,-7.7073,34.3,24.27
6136400,-7.7073,33.3,24.27
6137121,-7.7073,33.3,24.27
6137842,-7.7073,34.3,24.27
6138563,-7.7073,34.3,24.27
6139284,-7.7073,34.3,24.26
6140005,-7.7073,34.3,24.27
6140726,-6.7157,34.3,24.26
6141447,-7.4369,34.3,24.26
6142168,-6.7608,33.3,24.26
6142889,-7.1214,33.3,24.26
6143610,-6.7608,34.3,24.26
6144331,-7.2791,33.3,24.26
6145052,-7.5045,33.3,24.26
6145773,-7.4594,34.3,24.26
6146494,-7.3918,34.3,24.26
6147215,-7.2566,34.3,24.25
6147936,-7.0989,34.3,24.25
6148657,-7.1439,34.3,24.25
6149378,-6.9186,34.3,24.25
6150099,-7.0087,34.3,24.25
6150820,-6.6256,33.3,24.25
6151541,-6.6256,34.3,24.24
6152262,-6.6256,34.3,24.24
6152983,-6.6256,34.3,24.25
6153704,-6.6256,34.3,24.25
6154425,-6.6256,34.3,24.24
6155146,-6.6256,34.3,24.24
6155867,-6.6256,34.3,24.24
6156588,-6.6256,34.3,24.24
6157309,-6.6256,34.3,24.24
6158030,-6.6256,33.3,24.24
6158751,-6.6256,34.3,24.24
6159472,-6.6256,33.3,24.24
6160193,-6.6256,34.3,24.24
6160914,-6.6256,34.3,24.24
6161635,-6.6256,34.3,24.24
6162356,-6.6256,34.3,24.24
6163077,-6.6256,34.3,24.24
6163798,-6.6256,34.3,24.24
6164519,-6.6256,33.3,24.24
6165240,-6.6256,34.3,24.23
6165961,-6.6256,34.3,24.23
6166682,-6.6256,34.3,24.23
6167403,-7.5045,34.3,24.23
6168124,-6.8059,34.3,24.23
6168845,-6.7383,34.3,24.23
6169566,-7.1439,34.3,24.22
6170287,-6.3101,34.3,24.22
6171008,-7.4144,34.3,24.22
6171729,-6.8510,34.3,24.22
6172450,-7.3693,34.3,24.22
6173171,-6.5129,34.3,24.22
6173892,-7.3242,33.3,24.22
6174613,-7.0989,33.3,24.22
6175334,-6.3552,33.3,24.22
6176055,-6.5580,33.3,24.22
6176776,-6.9862,33.3,24.21
6177497,-7.5721,33.3,24.21
6178218,-7.5721,34.3,24.22
6178939,-7.5721,33.3,24.21
6179660,-7.5721,34.3,24.22
6180381,-7.5721,34.3,24.21
6181102,-7.5721,33.3,24.21
6181823,-7.5721,33.3,24.21
6182544,-7.5721,33.3,24.21
6183265,-7.5721,34.3,24.21
6183986,-7.5721,34.3,24.21
6184707,-7.5721,34.3,24.21
6185428,-7.5721,34.3,24.20
6186149,-7.5721,33.3,24.21
6186870,-7.5721,33.3,24.21
6187591,-7.5721,34.3,24.20
6188312,-7.5721,34.3,24.20
6189033,-7.5721,34.3,24.20
6189754,-7.5721,34.3,24.20
6190475,-7.5721,34.3,24.20
6191196,-7.5721,33.3,24.20
6191917,-7.5721,33.3,24.19
6192638,-7.5721,34.3,24.19
6193359,-7.5721,33.3,24.19
6194080,-6.4904,33.3,24.19
6194801,-7.2115,34.3,24.19
# [n=8500] mean=-6.3767 m  sigma=1.8262 m  die=34.3 C  CalVal=-39
6195522,-6.5355,34.3,24.19
6196243,-7.5270,34.3,24.19
6196964,-7.7524,34.3,24.19
6197685,-6.6481,34.3,24.19
6198406,-7.4820,34.3,24.19
6199127,-7.4369,33.3,24.19
6199848,-6.6031,34.3,24.19
6200569,-6.6481,33.3,24.19
6201290,-6.6031,34.3,24.18
6202011,-6.5805,34.3,24.19
6202732,-7.9552,34.3,24.19
6203453,-7.4820,34.3,24.18
6204174,-7.4369,34.3,24.18
6204895,-7.4369,34.3,24.18
6205616,-7.4369,34.3,24.18
6206337,-7.4369,34.3,24.18
6207058,-7.4369,34.3,24.18
6207779,-7.4369,34.3,24.18
6208500,-7.4369,34.3,24.18
6209221,-7.4369,34.3,24.18
6209942,-7.4369,34.3,24.17
6210663,-7.4369,34.3,24.18
6211384,-7.4369,33.3,24.17
6212105,-7.4369,34.3,24.17
6212826,-7.4369,34.3,24.17
6213547,-7.4369,34.3,24.17
6214268,-7.4369,34.3,24.17
6214989,-7.4369,34.3,24.17
6215710,-7.4369,34.3,24.17
6216431,-7.4369,33.3,24.16
6217152,-7.4369,33.3,24.17
6217873,-7.4369,33.3,24.17
6218594,-7.4369,33.3,24.16
6219315,-7.4369,33.3,24.16
6220036,-7.4369,33.3,24.16
6220757,-6.3777,33.3,24.16
6221478,-6.8284,34.3,24.17
6222199,-6.5805,34.3,24.16
6222920,-7.1439,33.3,24.16
6223641,-7.7299,34.3,24.17
6224362,-7.3693,34.3,24.16
6225083,-7.4594,34.3,24.16
6225804,-7.3242,34.3,24.16
6226525,-7.5496,33.3,24.16
6227246,-7.3242,33.3,24.16
6227967,-6.4453,33.3,24.16
6228688,-6.5129,33.3,24.15
6229409,-7.0989,33.3,24.16
6230130,-6.9636,34.3,24.15
6230851,-7.3017,34.3,24.15
6231572,-7.3017,34.3,24.15
6232293,-7.3017,33.3,24.15
6233014,-7.3017,33.3,24.15
6233735,-7.3017,33.3,24.15
6234456,-7.3017,34.3,24.15
6235177,-7.3017,34.3,24.15
6235898,-7.3017,33.3,24.15
6236619,-7.3017,34.3,24.15
6237340,-7.3017,34.3,24.14
6238061,-7.3017,34.3,24.14
6238782,-7.3017,34.3,24.14
6239503,-7.3017,34.3,24.14
6240224,-7.3017,34.3,24.14
6240945,-7.3017,34.3,24.14
6241666,-7.3017,34.3,24.14
6242387,-7.3017,34.3,24.14
6243108,-7.3017,33.3,24.14
6243829,-7.3017,34.3,24.14
6244550,-7.3017,34.3,24.13
6245271,-7.3017,34.3,24.13
6245992,-7.3017,34.3,24.13
6246713,-7.3017,34.3,24.14
6247434,-6.6256,33.3,24.13
6248155,-6.8735,33.3,24.13
6248876,-7.3017,34.3,24.13
6249597,-6.8960,33.3,24.13
6250318,-6.3326,34.3,24.13
6251039,-7.3468,34.3,24.13
6251760,-7.3693,33.3,24.13
6252481,-7.0989,34.3,24.13
6253202,-6.3552,33.3,24.13
6253923,-7.7299,34.3,24.13
6254644,-7.1665,34.3,24.13
6255365,-7.4369,33.3,24.12
6256086,-7.0312,34.3,24.13
6256807,-7.1890,34.3,24.12
6257528,-6.4678,34.3,24.12
6258249,-6.4678,34.3,24.12
6258970,-6.4678,34.3,24.12
6259691,-6.4678,34.3,24.12
6260412,-6.4678,34.3,24.12
6261133,-6.4678,34.3,24.12
6261854,-6.4678,33.3,24.12
6262575,-6.4678,34.3,24.12
6263296,-6.4678,34.3,24.12
6264017,-6.4678,34.3,24.11
6264738,-6.4678,33.3,24.12
6265459,-6.4678,34.3,24.12
6266180,-6.4678,34.3,24.12
6266901,-6.4678,34.3,24.11
# [n=8600] mean=-6.3854 m  sigma=1.8179 m  die=34.3 C  CalVal=-39
6267622,-6.4678,34.3,24.11
6268343,-6.4678,33.3,24.11
6269064,-6.4678,33.3,24.11
6269785,-6.4678,33.3,24.11
6270506,-6.4678,34.3,24.11
6271227,-6.4678,33.3,24.11
6271948,-6.4678,34.3,24.11
6272669,-6.4678,33.3,24.11
6273390,-6.4678,34.3,24.11
6274111,-7.3918,33.3,24.10
6274832,-6.3777,33.3,24.10
6275553,-6.8059,33.3,24.10
6276274,-7.7975,33.3,24.10
6276995,-6.5805,33.3,24.10
6277716,-7.5045,34.3,24.10
6278437,-7.3468,34.3,24.10
6279158,-7.3468,34.3,24.09
6279879,-6.8510,34.3,24.10
6280600,-6.6932,34.3,24.10
6281321,-6.9411,33.3,24.10
6282042,-6.6932,34.3,24.10
6282763,-7.3918,34.3,24.09
6283484,-6.9636,34.3,24.10
6284205,-6.8735,33.3,24.09
6284926,-6.8735,33.3,24.09
6285647,-6.8735,33.3,24.09
6286368,-6.8735,33.3,24.09
6287089,-6.8735,33.3,24.09
6287810,-6.8735,34.3,24.09
6288531,-6.8735,34.3,24.09
6289252,-6.8735,34.3,24.09
6289973,-6.8735,34.3,24.09
6290694,-6.8735,34.3,24.09
6291415,-6.8735,33.3,24.09
6292136,-6.8735,34.3,24.09
6292857,-6.8735,34.3,24.09
6293578,-6.8735,34.3,24.09
6294299,-6.8735,33.3,24.08
6295020,-6.8735,33.3,24.08
6295741,-6.8735,34.3,24.08
6296462,-6.8735,33.3,24.08
6297183,-6.8735,33.3,24.08
6297904,-6.8735,33.3,24.08
6298625,-6.8735,33.3,24.08
6299346,-6.8735,34.3,24.08
6300067,-6.8735,34.3,24.08
6300788,-6.8284,34.3,24.07
6301509,-7.1439,34.3,24.07
6302230,-6.6932,34.3,24.08
6302951,-7.3242,34.3,24.07
6303672,-6.5355,33.3,24.07
6304393,-7.1665,34.3,24.07
6305114,-6.8510,34.3,24.07
6305835,-6.4453,34.3,24.07
6306556,-7.5947,34.3,24.07
6307277,-7.0312,33.3,24.07
6307998,-6.9411,34.3,24.07
6308719,-7.3242,33.3,24.07
6309440,-6.9186,34.3,24.07
6310161,-6.8510,34.3,24.06
6310882,-6.7157,34.3,24.07
6311603,-6.7157,34.3,24.06
6312324,-6.7157,33.3,24.06
6313045,-6.7157,33.3,24.06
6313766,-6.7157,33.3,24.07
6314487,-6.7157,33.3,24.06
6315208,-6.7157,33.3,24.06
6315929,-6.7157,34.3,24.06
6316650,-6.7157,33.3,24.06
6317371,-6.7157,33.3,24.06
6318092,-6.7157,33.3,24.06
6318813,-6.7157,34.3,24.06
6319534,-6.7157,33.3,24.05
6320255,-6.7157,34.3,24.05
6320976,-6.7157,33.3,24.05
6321697,-6.7157,33.3,24.05
6322418,-6.7157,34.3,24.05
6323139,-6.7157,34.3,24.05
6323860,-6.7157,33.3,24.05
6324581,-6.7157,33.3,24.05
6325302,-6.7157,33.3,24.05
6326023,-6.7157,33.3,24.05
6326744,-6.7157,33.3,24.05
6327465,-6.9636,33.3,24.05
6328186,-6.8960,34.3,24.05
6328907,-6.3101,33.3,24.05
6329628,-6.5129,33.3,24.05
6330349,-6.2876,33.3,24.05
6331070,-7.0087,34.3,24.04
6331791,-7.4594,33.3,24.04
6332512,-7.4144,33.3,24.04
6333233,-7.6848,33.3,24.04
6333954,-6.8284,33.3,24.04
6334675,-7.0538,33.3,24.04
6335396,-6.6707,33.3,24.03
6336117,-7.2791,34.3,24.04
6336838,-7.0763,34.3,24.03
6337559,-6.9186,34.3,24.04
6338280,-6.9186,34.3,24.04
6339001,-6.9186,34.3,24.03
# [n=8700] mean=-6.3907 m  sigma=1.8083 m  die=34.3 C  CalVal=-39
6339722,-6.9186,34.3,24.03
6340443,-6.9186,34.3,24.03
6341164,-6.9186,33.3,24.03
6341885,-6.9186,33.3,24.03
6342606,-6.9186,33.3,24.03
6343327,-6.9186,33.3,24.03
6344048,-6.9186,33.3,24.03
6344769,-6.9186,33.3,24.02
6345490,-6.9186,33.3,24.02
6346211,-6.9186,33.3,24.02
6346932,-6.9186,33.3,24.02
6347653,-6.9186,33.3,24.03
6348374,-6.9186,34.3,24.03
6349095,-6.9186,33.3,24.03
6349816,-6.9186,33.3,24.02
6350537,-6.9186,33.3,24.02
6351258,-6.9186,33.3,24.02
6351979,-6.9186,34.3,24.02
6352700,-6.9186,33.3,24.02
6353421,-6.9186,33.3,24.02
6354142,-6.8059,33.3,24.02
6354863,-7.3017,33.3,24.02
6355584,-6.6932,33.3,24.02
6356305,-7.0989,33.3,24.01
6357026,-6.6256,33.3,24.02
6357747,-7.5721,33.3,24.01
6358468,-6.9862,33.3,24.01
6359189,-6.2876,34.3,24.02
6359910,-7.6397,33.3,24.01
6360631,-6.7157,34.3,24.01
6361352,-7.7299,34.3,24.02
6362073,-6.8059,33.3,24.01
6362794,-6.5580,33.3,24.01
6363515,-6.2200,33.3,24.01
6364236,-6.9186,34.3,24.01
6364957,-6.9186,34.3,24.01
6365678,-6.9186,34.3,24.00
6366399,-6.9186,34.3,24.01
6367120,-6.9186,34.3,24.01
6367841,-6.9186,33.3,24.01
6368562,-6.9186,33.3,24.00
6369283,-6.9186,33.3,24.01
6370004,-6.9186,33.3,24.00
6370725,-6.9186,34.3,24.01
6371446,-6.9186,34.3,24.00
6372167,-6.9186,34.3,24.00
6372888,-6.9186,34.3,24.00
6373609,-6.9186,33.3,24.00
6374330,-6.9186,33.3,24.00
6375051,-6.9186,34.3,23.99
6375772,-6.9186,34.3,24.00
6376493,-6.9186,34.3,24.00
6377214,-6.9186,34.3,23.99
6377935,-6.9186,34.3,23.99
6378656,-6.9186,34.3,24.00
6379377,-6.9186,34.3,23.99
6380098,-6.9186,33.3,23.99
6380819,-6.9186,33.3,23.99
6381540,-6.1974,33.3,23.99
6382261,-7.1439,33.3,23.99
6382982,-5.8368,33.3,23.99
6383703,-6.7383,33.3,23.99
6384424,-6.8284,33.3,23.99
6385145,-7.1890,33.3,23.99
6385866,-6.6256,33.3,23.99
6386587,-7.7299,33.3,23.99
6387308,-7.1890,33.3,23.99
6388029,-6.8284,33.3,23.98
6388750,-7.3693,33.3,23.98
6389471,-7.3468,34.3,23.98
6390192,-7.4144,34.3,23.98
6390913,-6.9186,34.3,23.98
6391634,-6.9186,34.3,23.98
6392355,-6.9186,34.3,23.98
6393076,-6.9186,34.3,23.98
6393797,-6.9186,33.3,23.98
6394518,-6.9186,34.3,23.98
6395239,-6.9186,34.3,23.97
6395960,-6.9186,33.3,23.97
6396681,-6.9186,34.3,23.97
6397402,-6.9186,34.3,23.97
6398123,-6.9186,34.3,23.97
6398844,-6.9186,34.3,23.97
6399565,-6.9186,33.3,23.97
6400286,-6.9186,34.3,23.97
6401007,-6.9186,33.3,23.97
6401728,-6.9186,33.3,23.97
6402449,-6.9186,33.3,23.97
6403170,-6.9186,33.3,23.97
6403891,-6.9186,34.3,23.97
6404612,-6.9186,34.3,23.97
6405333,-6.9186,33.3,23.96
6406054,-6.9186,33.3,23.97
6406775,-6.9186,34.3,23.96
6407496,-6.5805,33.3,23.96
6408217,-7.0312,33.3,23.96
6408938,-7.5947,33.3,23.96
6409659,-6.3101,33.3,23.96
6410380,-6.7157,33.3,23.96
6411101,-6.7157,33.3,23.96
# [n=8800] mean=-6.3967 m  sigma=1.7991 m  die=33.3 C  CalVal=-39
6411822,-7.3242,33.3,23.96
6412543,-7.4820,34.3,23.96
6413264,-7.1665,33.3,23.96
6413985,-6.3326,33.3,23.96
6414706,-6.8960,33.3,23.96
6415427,-7.1665,33.3,23.96
6416148,-7.3242,33.3,23.96
6416869,-6.8960,33.3,23.96
6417590,-7.3017,33.3,23.95
6418311,-7.3017,34.3,23.96
6419032,-7.3017,33.3,23.95
6419753,-7.3017,33.3,23.95
6420474,-7.3017,33.3,23.96
6421195,-7.3017,34.3,23.96
6421916,-7.3017,34.3,23.95
6422637,-7.3017,34.3,23.95
6423358,-7.3017,34.3,23.95
6424079,-7.3017,33.3,23.95
6424800,-7.3017,33.3,23.95
6425521,-7.3017,34.3,23.94
6426242,-7.3017,34.3,23.95
6426963,-7.3017,34.3,23.95
6427684,-7.3017,33.3,23.94
6428405,-7.3017,33.3,23.94
6429126,-7.3017,33.3,23.94
6429847,-7.3017,33.3,23.94
6430568,-7.3017,33.3,23.94
6431289,-7.3017,33.3,23.95
6432010,-7.3017,33.3,23.94
6432731,-7.3017,33.3,23.95
6433452,-7.3017,33.3,23.94
6434173,-6.1749,34.3,23.94
6434894,-6.9862,34.3,23.94
6435615,-6.7383,33.3,23.94
6436336,-7.0763,33.3,23.94
6437057,-6.8735,33.3,23.94
6437778,-6.7834,33.3,23.94
6438499,-6.6031,33.3,23.94
6439220,-6.6481,33.3,23.94
6439941,-7.3693,33.3,23.94
6440662,-7.0763,33.3,23.94
6441383,-7.3918,33.3,23.94
6442104,-6.8284,33.3,23.94
6442825,-7.2566,33.3,23.93
6443546,-7.1439,33.3,23.93
6444267,-7.0763,33.3,23.93
6444988,-7.0763,33.3,23.93
6445709,-7.0763,34.3,23.93
6446430,-7.0763,34.3,23.93
6447151,-7.0763,33.3,23.93
6447872,-7.0763,33.3,23.93
6448593,-7.0763,33.3,23.93
6449314,-7.0763,33.3,23.93
6450035,-7.0763,33.3,23.93
6450756,-7.0763,33.3,23.92
6451477,-7.0763,34.3,23.93
6452198,-7.0763,33.3,23.93
6452919,-7.0763,33.3,23.93
6453640,-7.0763,33.3,23.92
6454361,-7.0763,33.3,23.92
6455082,-7.0763,34.3,23.92
6455803,-7.0763,33.3,23.92
6456524,-7.0763,33.3,23.92
6457245,-7.0763,33.3,23.92
6457966,-7.0763,33.3,23.92
6458687,-7.0763,33.3,23.92
6459408,-7.0763,33.3,23.92
6460129,-7.0763,33.3,23.92
6460850,-6.2200,34.3,23.92
6461571,-6.9186,34.3,23.92
6462292,-6.8284,33.3,23.92
6463013,-6.9862,33.3,23.92
6463734,-7.0763,33.3,23.91
6464455,-7.5496,33.3,23.91
6465176,-7.2566,33.3,23.91
6465897,-6.6932,33.3,23.91
6466618,-7.4594,33.3,23.91
6467339,-7.3918,33.3,23.91
6468060,-6.5129,33.3,23.91
6468781,-7.5045,33.3,23.90
6469502,-7.1665,33.3,23.91
6470223,-7.2791,33.3,23.91
6470944,-6.8510,33.3,23.90
6471665,-6.8510,33.3,23.90
6472386,-6.8510,33.3,23.90
6473107,-6.8510,33.3,23.90
6473828,-6.8510,33.3,23.90
6474549,-6.8510,34.3,23.90
6475270,-6.8510,34.3,23.90
6475991,-6.8510,33.3,23.90
6476712,-6.8510,33.3,23.90
6477433,-6.8510,33.3,23.90
6478154,-6.8510,33.3,23.90
6478875,-6.8510,33.3,23.90
6479596,-6.8510,33.3,23.89
6480317,-6.8510,33.3,23.90
6481038,-6.8510,33.3,23.90
6481759,-6.8510,33.3,23.90
6482480,-6.8510,33.3,23.89
6483201,-6.8510,33.3,23.89
# [n=8900] mean=-6.4042 m  sigma=1.7906 m  die=33.3 C  CalVal=-39
6483922,-6.8510,33.3,23.89
6484643,-6.8510,33.3,23.89
6485364,-6.8510,33.3,23.89
6486085,-6.8510,33.3,23.89
6486806,-6.8510,33.3,23.89
6487527,-7.2115,33.3,23.88
6488248,-7.0763,33.3,23.89
6488969,-6.4228,33.3,23.89
6489690,-7.4369,33.3,23.89
6490411,-6.5580,33.3,23.89
6491132,-7.5496,33.3,23.89
6491853,-6.6256,33.3,23.88
6492574,-7.1665,33.3,23.89
6493295,-7.4144,33.3,23.88
6494016,-7.0087,33.3,23.88
6494737,-7.2341,33.3,23.88
6495458,-7.4594,33.3,23.88
6496179,-7.1214,34.3,23.88
6496900,-6.6707,33.3,23.88
6497621,-7.4594,33.3,23.88
6498342,-7.4594,33.3,23.88
6499063,-7.4594,34.3,23.88
6499784,-7.4594,34.3,23.88
6500505,-7.4594,34.3,23.88
6501226,-7.4594,34.3,23.88
6501947,-7.4594,34.3,23.88
6502668,-7.4594,33.3,23.88
6503389,-7.4594,33.3,23.88
6504110,-7.4594,34.3,23.88
6504831,-7.4594,34.3,23.88
6505552,-7.4594,34.3,23.88
6506273,-7.4594,33.3,23.87
6506994,-7.4594,34.3,23.88
6507715,-7.4594,33.3,23.87
6508436,-7.4594,33.3,23.88
6509157,-7.4594,33.3,23.87
6509878,-7.4594,33.3,23.87
6510599,-7.4594,33.3,23.87
6511320,-7.4594,33.3,23.87
6512041,-7.4594,33.3,23.87
6512762,-7.4594,33.3,23.87
6513483,-7.4594,34.3,23.87
6514204,-6.4453,34.3,23.86
6514925,-6.8284,34.3,23.87
6515646,-6.5129,34.3,23.87
6516367,-7.1665,34.3,23.87
6517088,-6.6031,34.3,23.86
6517809,-7.2341,34.3,23.86
6518530,-7.4820,34.3,23.87
6519251,-7.5270,34.3,23.86
6519972,-6.5805,34.3,23.87
6520693,-6.8510,33.3,23.86
6521414,-6.4453,33.3,23.87
6522135,-7.0312,33.3,23.87
6522856,-7.0989,33.3,23.86
6523577,-6.6256,33.3,23.85
6524298,-7.3468,33.3,23.86
6525019,-7.3468,33.3,23.86
6525740,-7.3468,33.3,23.86
6526461,-7.3468,33.3,23.86
6527182,-7.3468,33.3,23.85
6527903,-7.3468,33.3,23.86
6528624,-7.3468,33.3,23.85
6529345,-7.3468,33.3,23.85
6530066,-7.3468,34.3,23.85
6530787,-7.3468,34.3,23.85
6531508,-7.3468,33.3,23.85
6532229,-7.3468,33.3,23.85
6532950,-7.3468,33.3,23.85
6533671,-7.3468,33.3,23.85
6534392,-7.3468,33.3,23.85
6535113,-7.3468,33.3,23.85
6535834,-7.3468,33.3,23.85
6536555,-7.3468,33.3,23.85
6537276,-7.3468,33.3,23.85
6537997,-7.3468,33.3,23.85
6538718,-7.3468,33.3,23.85
6539439,-7.3468,33.3,23.85
6540160,-7.3468,33.3,23.85
6540881,-6.4228,33.3,23.85
6541602,-7.1439,33.3,23.85
6542323,-6.8284,34.3,23.84
6543044,-7.1439,34.3,23.84
6543765,-6.6031,34.3,23.85
6544486,-7.0989,34.3,23.84
6545207,-6.2425,34.3,23.84
6545928,-7.2115,34.3,23.84
6546649,-6.6932,33.3,23.84
6547370,-6.5805,33.3,23.84
6548091,-7.9102,33.3,23.84
6548812,-6.6031,33.3,23.84
6549533,-6.4904,33.3,23.84
6550254,-6.6707,33.3,23.83
6550975,-7.7524,33.3,23.84
6551696,-7.7524,33.3,23.83
6552417,-7.7524,33.3,23.84
6553138,-7.7524,33.3,23.83
6553859,-7.7524,33.3,23.83
6554580,-7.7524,33.3,23.83
6555301,-7.7524,33.3,23.83
# [n=9000] mean=-6.4131 m  sigma=1.7830 m  die=33.3 C  CalVal=-39
6556022,-7.7524,33.3,23.83
6556743,-7.7524,34.3,23.83
6557464,-7.7524,33.3,23.83
6558185,-7.7524,33.3,23.83
6558906,-7.7524,33.3,23.83
6559627,-7.7524,33.3,23.83
6560348,-7.7524,33.3,23.83
6561069,-7.7524,33.3,23.83
6561790,-7.7524,33.3,23.83
6562511,-7.7524,34.3,23.83
6563232,-7.7524,33.3,23.83
6563953,-7.7524,33.3,23.83
6564674,-7.7524,33.3,23.83
6565395,-7.7524,33.3,23.83
6566116,-7.7524,33.3,23.83
6566837,-7.7524,33.3,23.83
6567558,-6.3326,33.3,23.82
6568279,-6.3552,33.3,23.83
6569000,-6.4228,33.3,23.82
6569721,-7.3468,33.3,23.83
6570442,-7.0087,33.3,23.82
6571163,-6.7157,33.3,23.82
6571884,-7.0087,33.3,23.82
6572605,-7.3242,33.3,23.82
6573326,-7.6397,33.3,23.82
6574047,-7.1214,33.3,23.82
6574768,-7.2115,33.3,23.82
6575489,-7.2341,33.3,23.82
6576210,-6.5805,33.3,23.82
6576931,-7.4369,33.3,23.82
6577652,-7.1890,33.3,23.82
6578373,-7.1890,33.3,23.82
6579094,-7.1890,33.3,23.82
6579815,-7.1890,33.3,23.81
6580536,-7.1890,33.3,23.81
6581257,-7.1890,33.3,23.82
6581978,-7.1890,33.3,23.81
6582699,-7.1890,33.3,23.82
6583420,-7.1890,33.3,23.81
6584141,-7.1890,33.3,23.81
6584862,-7.1890,34.3,23.81
6585583,-7.1890,34.3,23.81
6586304,-7.1890,33.3,23.82
6587025,-7.1890,33.3,23.82
6587746,-7.1890,34.3,23.81
6588467,-7.1890,33.3,23.81
6589188,-7.1890,34.3,23.81
6589909,-7.1890,33.3,23.81
6590630,-7.1890,33.3,23.81
6591351,-7.1890,33.3,23.80
6592072,-7.1890,33.3,23.80
6592793,-7.1890,33.3,23.81
6593514,-6.8960,33.3,23.81
6594235,-6.5805,33.3,23.81
6594956,-7.2115,33.3,23.80
6595677,-7.0989,33.3,23.80
6596398,-7.0312,33.3,23.80
6597119,-7.2791,34.3,23.80
6597840,-6.9411,33.3,23.80
6598561,-7.4369,33.3,23.80
6599282,-6.6707,33.3,23.80
6600003,-7.1214,33.3,23.80
6600724,-6.4453,33.3,23.80
6601445,-7.3017,33.3,23.80
6602166,-6.7834,33.3,23.80
6602887,-6.9186,34.3,23.80
6603608,-7.0989,33.3,23.80
6604329,-5.9495,33.3,23.80
6605050,-5.9495,33.3,23.80
6605771,-5.9495,33.3,23.80
6606492,-5.9495,33.3,23.80
6607213,-5.9495,33.3,23.79
6607934,-5.9495,33.3,23.79
6608655,-5.9495,33.3,23.79
6609376,-5.9495,33.3,23.79
6610097,-5.9495,33.3,23.79
6610818,-5.9495,33.3,23.79
6611539,-5.9495,33.3,23.79
6612260,-5.9495,33.3,23.79
6612981,-5.9495,33.3,23.79
6613702,-5.9495,33.3,23.79
6614423,-5.9495,33.3,23.78
6615144,-5.9495,33.3,23.79
6615865,-5.9495,33.3,23.78
6616586,-5.9495,33.3,23.79
6617307,-5.9495,33.3,23.78
6618028,-5.9495,33.3,23.78
6618749,-5.9495,33.3,23.78
6619470,-5.9495,33.3,23.78
6620191,-5.5213,33.3,23.78
6620912,-7.3693,33.3,23.79
6621633,-6.8960,33.3,23.78
6622354,-7.0087,33.3,23.78
6623075,-7.5045,33.3,23.78
6623796,-6.9186,33.3,23.78
6624517,-7.2115,33.3,23.78
6625238,-7.0989,33.3,23.78
6625959,-6.5129,33.3,23.78
6626680,-7.5270,34.3,23.78
6627401,-7.4820,33.3,23.78
# [n=9100] mean=-6.4187 m  sigma=1.7753 m  die=33.3 C  CalVal=-39
6628122,-7.5045,34.3,23.78
6628843,-7.3918,33.3,23.78
6629564,-7.4594,33.3,23.78
6630285,-7.4144,33.3,23.78
6631006,-18.5246,34.3,23.77
6631727,-18.5246,34.3,23.77
6632448,-18.5246,33.3,23.77
6633169,-18.5246,33.3,23.77
6633890,-18.5246,33.3,23.77
6634611,-18.5246,33.3,23.77
6635332,-18.5246,33.3,23.77
6636053,-18.5246,33.3,23.77
6636774,-18.5246,33.3,23.77
6637495,-18.5246,33.3,23.77
6638216,-18.5246,33.3,23.77
6638937,-18.5246,33.3,23.77
6639658,-18.5246,34.3,23.77
6640379,-18.5246,33.3,23.77
6641100,-18.5246,33.3,23.77
6641821,-18.5246,33.3,23.77
6642542,-18.5246,33.3,23.77
6643263,-18.5246,33.3,23.77
6643984,-18.5246,34.3,23.77
6644705,-18.5246,33.3,23.76
6645426,-18.5246,33.3,23.76
6646147,-18.5246,33.3,23.76
6646868,-5.6115,34.3,23.76
6647589,-6.4002,33.3,23.76
6648310,-7.3017,33.3,23.76
6649031,-7.4369,33.3,23.76
6649752,-6.5805,33.3,23.76
6650473,-6.4678,33.3,23.76
6651194,-6.8059,33.3,23.76
6651915,-6.7383,33.3,23.76
6652636,-6.4678,33.3,23.76
6653357,-6.7608,33.3,23.76
6654078,-7.3918,33.3,23.76
6654799,-6.4453,33.3,23.76
6655520,-7.2115,33.3,23.76
6656241,-7.3017,33.3,23.76
6656962,-6.7383,33.3,23.76
6657683,-6.7383,33.3,23.76
6658404,-6.7383,33.3,23.75
6659125,-6.7383,33.3,23.76
6659846,-6.7383,33.3,23.76
6660567,-6.7383,33.3,23.76
6661288,-6.7383,33.3,23.76
6662009,-6.7383,33.3,23.75
6662730,-6.7383,33.3,23.75
6663451,-6.7383,33.3,23.75
6664172,-6.7383,33.3,23.75
6664893,-6.7383,33.3,23.75
6665614,-6.7383,33.3,23.75
6666335,-6.7383,33.3,23.76
6667056,-6.7383,33.3,23.75
6667777,-6.7383,33.3,23.75
6668498,-6.7383,33.3,23.75
6669219,-6.7383,33.3,23.76
6669940,-6.7383,33.3,23.75
6670661,-6.7383,33.3,23.75
6671382,-6.7383,34.3,23.75
6672103,-6.7383,33.3,23.75
6672824,-6.7383,33.3,23.75
6673545,-6.0847,33.3,23.75
6674266,-7.0763,33.3,23.75
6674987,-6.0847,33.3,23.75
6675708,-6.3326,33.3,23.75
6676429,-6.9411,33.3,23.75
6677150,-7.7749,33.3,23.75
6677871,-7.3693,33.3,23.74
6678592,-6.9411,33.3,23.74
6679313,-7.1665,33.3,23.74
6680034,-7.6397,33.3,23.75
6680755,-6.7157,33.3,23.75
6681476,-7.2115,33.3,23.75
6682197,-7.3468,33.3,23.74
6682918,-6.1749,33.3,23.75
6683639,-7.3468,33.3,23.75
6684360,-7.3468,33.3,23.74
6685081,-7.3468,33.3,23.74
6685802,-7.3468,33.3,23.74
6686523,-7.3468,33.3,23.74
6687244,-7.3468,33.3,23.74
6687965,-7.3468,34.3,23.74
6688686,-7.3468,33.3,23.74
6689407,-7.3468,33.3,23.74
6690128,-7.3468,33.3,23.74
6690849,-7.3468,33.3,23.74
6691570,-7.3468,33.3,23.74
6692291,-7.3468,33.3,23.74
6693012,-7.3468,33.3,23.74
6693733,-7.3468,33.3,23.73
6694454,-7.3468,34.3,23.73
6695175,-7.3468,33.3,23.73
6695896,-7.3468,33.3,23.73
6696617,-7.3468,33.3,23.73
6697338,-7.3468,34.3,23.73
6698059,-7.3468,33.3,23.72
6698780,-7.3468,33.3,23.73
6699501,-7.3468,33.3,23.73
# [n=9200] mean=-6.4526 m  sigma=1.8630 m  die=33.3 C  CalVal=-40
6700222,-6.3777,33.3,23.73
6700943,-7.4594,33.3,23.73
6701664,-7.0538,33.3,23.73
6702385,-6.8510,33.3,23.73
6703106,-7.4594,33.3,23.73
6703827,-6.5129,33.3,23.73
6704548,-6.6256,33.3,23.73
6705269,-7.4369,33.3,23.72
6705990,-7.2791,33.3,23.73
6706711,-7.3017,33.3,23.73
6707432,-7.3017,33.3,23.72
6708153,-7.3017,33.3,23.72
