--- Terminal on /dev/ttyACM2 | 115200 8-N-1
--- Available filters and text transformations: debug, default, direct, esp32_exception_decoder, hexlify, log2file, nocontrol, printable, send_on_enter, time
--- More details at https://bit.ly/pio-monitor-filters
--- Quit: Ctrl+C | Menu: Ctrl+T | Help: Ctrl+T followed by Ctrl+H
17599,29.6,27.03
18025,29.6,27.03
18727,30.6,27.03
19429,29.6,27.03
20131,29.6,27.03
20833,30.6,27.03
21535,30.6,27.04
22237,30.6,27.04
22939,31.6,27.04
23641,31.6,27.05
24343,30.6,27.04
25045,30.6,27.05
25747,30.6,27.05
26449,30.6,27.06
27151,30.6,27.05
27853,30.6,27.06
28555,30.6,27.06
29257,30.6,27.07
29959,30.6,27.06
30661,31.6,27.06
31363,31.6,27.06
32065,31.6,27.06
32767,31.6,27.07
33469,31.6,27.07
34171,31.6,27.07
34873,32.6,27.07
35575,31.6,27.07
36277,31.6,27.07
36979,31.6,27.07
37681,32.6,27.08
38383,32.6,27.08
39085,32.6,27.08
39787,32.6,27.08
40489,32.6,27.08
41191,32.6,27.08
41893,32.6,27.08
42595,31.6,27.08
43297,31.6,27.08
43999,31.6,27.08
44701,31.6,27.09
45403,31.6,27.09
46105,31.6,27.10
46807,31.6,27.09
47509,31.6,27.10
48211,32.6,27.10
48913,32.6,27.10
49615,32.6,27.10
50317,31.6,27.10
51019,31.6,27.11
51721,31.6,27.11
52423,32.6,27.11
53125,32.6,27.11
53827,31.6,27.11
54529,31.6,27.11
55231,32.6,27.11
55933,32.6,27.11
56635,32.6,27.12
57337,32.6,27.12
58039,33.6,27.12
58741,33.6,27.12
59443,33.6,27.12
60145,33.6,27.12
60847,32.6,27.12
61549,32.6,27.13
62251,32.6,27.13
62953,31.6,27.13
63655,32.6,27.13
64357,32.6,27.13
65059,33.6,27.13
65761,33.6,27.14
66463,32.6,27.14
67165,32.6,27.14
67867,32.6,27.14
68569,31.6,27.14
69271,31.6,27.15
69973,32.6,27.14
70675,33.6,27.15
71377,32.6,27.15
72079,33.6,27.15
72781,32.6,27.15
73483,33.6,27.15
74185,33.6,27.15
74887,33.6,27.16
75589,32.6,27.15
76291,33.6,27.16
76993,32.6,27.16
77695,33.6,27.16
78397,32.6,27.16
79099,32.6,27.17
79801,32.6,27.16
80503,32.6,27.17
81205,32.6,27.17
81907,33.6,27.17
82609,32.6,27.18
83311,33.6,27.18
84013,33.6,27.18
84715,33.6,27.18
85417,33.6,27.18
86119,33.6,27.19
86821,33.6,27.19
87523,33.6,27.19
88225,33.6,27.19
88927,32.6,27.19
89629,33.6,27.18
90331,33.6,27.18
91033,34.6,27.19
91735,33.6,27.20
92437,32.6,27.20
93139,32.6,27.20
93841,33.6,27.20
94543,33.6,27.20
95245,33.6,27.20
95947,33.6,27.20
96649,33.6,27.20
97351,34.6,27.20
98053,33.6,27.21
98755,33.6,27.21
99457,33.6,27.21
100159,34.6,27.22
100861,34.6,27.21
101563,33.6,27.22
102265,33.6,27.21
102967,34.6,27.21
103669,33.6,27.22
104371,32.6,27.22
105073,32.6,27.22
105775,33.6,27.22
106477,33.6,27.22
107179,34.6,27.22
107881,34.6,27.23
108583,33.6,27.23
109285,33.6,27.23
109987,33.6,27.23
110689,34.6,27.23
111391,34.6,27.23
112093,34.6,27.24
112795,34.6,27.24
113497,34.6,27.24
114199,33.6,27.24
114901,33.6,27.24
115603,33.6,27.25
116305,34.6,27.25
117007,34.6,27.25
117709,34.6,27.25
118411,33.6,27.25
119113,33.6,27.25
119815,33.6,27.25
120517,33.6,27.26
121219,34.6,27.26
121921,34.6,27.26
122623,34.6,27.26
123325,34.6,27.26
124027,34.6,27.26
124729,34.6,27.26
125431,34.6,27.27
126133,33.6,27.27
126835,34.6,27.27
127537,33.6,27.27
128239,34.6,27.27
128941,34.6,27.27
129643,33.6,27.28
130345,33.6,27.28
131047,34.6,27.28
131749,33.6,27.28
132451,34.6,27.28
133153,34.6,27.29
133855,33.6,27.29
134557,34.6,27.29
135259,34.6,27.29
135961,34.6,27.29
136663,34.6,27.29
137365,34.6,27.29
138067,34.6,27.29
138769,34.6,27.30
139471,34.6,27.30
140173,34.6,27.30
140875,34.6,27.30
141577,34.6,27.31
142279,33.6,27.31
142981,34.6,27.30
143683,34.6,27.31
144385,34.6,27.31
145087,34.6,27.31
145789,34.6,27.31
146491,34.6,27.31
147193,34.6,27.32
147895,34.6,27.32
148597,34.6,27.32
149299,34.6,27.32
150001,34.6,27.32
150703,34.6,27.32
151405,34.6,27.32
152107,34.6,27.33
152809,34.6,27.33
153511,34.6,27.33
154213,34.6,27.33
154915,34.6,27.33
155617,34.6,27.34
156319,34.6,27.33
157021,34.6,27.33
157723,34.6,27.34
158425,34.6,27.34
159127,34.6,27.33
159829,34.6,27.34
160531,34.6,27.34
161233,34.6,27.34
161935,34.6,27.35
162637,34.6,27.35
163339,35.6,27.34
164041,35.6,27.35
164743,34.6,27.35
165445,35.6,27.36
166147,34.6,27.36
166849,34.6,27.36
167551,34.6,27.36
168253,35.6,27.36
168955,34.6,27.36
169657,34.6,27.36
170359,34.6,27.36
171061,34.6,27.36
171763,34.6,27.37
172465,34.6,27.37
173167,34.6,27.37
173869,34.6,27.37
174571,34.6,27.37
175273,34.6,27.37
175975,34.6,27.38
176677,34.6,27.37
177379,34.6,27.37
178081,35.6,27.38
178783,34.6,27.38
179485,35.6,27.38
180187,35.6,27.38
180889,35.6,27.39
181591,35.6,27.39
182293,35.6,27.39
182995,35.6,27.39
183697,35.6,27.39
184399,35.6,27.39
185101,34.6,27.39
185803,34.6,27.39
186505,35.6,27.40
187207,34.6,27.40
187909,34.6,27.39
188611,34.6,27.40
189313,34.6,27.40
190015,34.6,27.40
190717,35.6,27.40
191419,34.6,27.41
192121,34.6,27.40
192823,34.6,27.41
193525,34.6,27.41
194227,34.6,27.41
194929,34.6,27.41
195631,34.6,27.41
196333,34.6,27.41
197035,34.6,27.41
197737,35.6,27.42
198439,34.6,27.42
199141,34.6,27.42
199843,35.6,27.42
200545,34.6,27.42
201247,35.6,27.42
201949,34.6,27.42
202651,35.6,27.42
203353,34.6,27.42
204055,34.6,27.43
204757,34.6,27.43
205459,34.6,27.43
206161,34.6,27.43
206863,34.6,27.43
207565,34.6,27.43
208267,35.6,27.43
208969,35.6,27.43
209671,35.6,27.44
210373,35.6,27.44
211075,34.6,27.43
211777,34.6,27.44
212479,35.6,27.44
213181,35.6,27.44
213883,35.6,27.44
214585,34.6,27.44
215287,35.6,27.45
215989,35.6,27.45
216691,34.6,27.45
217393,35.6,27.45
218095,35.6,27.45
218797,35.6,27.45
219499,34.6,27.46
220201,34.6,27.45
220903,34.6,27.46
221605,35.6,27.46
222307,35.6,27.46
223009,35.6,27.46
223711,35.6,27.46
224413,35.6,27.46
225115,35.6,27.46
225817,35.6,27.47
226519,34.6,27.47
227221,34.6,27.47
227923,35.6,27.47
228625,34.6,27.47
229327,35.6,27.47
230029,35.6,27.47
230731,34.6,27.47
231433,34.6,27.47
232135,34.6,27.48
232837,35.6,27.48
233539,34.6,27.48
234241,34.6,27.48
234943,34.6,27.48
235645,34.6,27.48
236347,34.6,27.49
237049,34.6,27.49
237751,34.6,27.49
238453,34.6,27.49
239155,34.6,27.49
239857,34.6,27.49
240559,34.6,27.49
241261,35.6,27.49
241963,34.6,27.49
242665,34.6,27.49
243367,34.6,27.49
244069,35.6,27.50
244771,34.6,27.50
245473,34.6,27.50
246175,34.6,27.50
246877,34.6,27.51
247579,34.6,27.50
248281,34.6,27.51
248983,35.6,27.50
249685,34.6,27.51
250387,35.6,27.51
251089,35.6,27.50
251791,34.6,27.51
252493,34.6,27.51
253195,34.6,27.51
253897,34.6,27.51
254599,35.6,27.52
255301,35.6,27.51
256003,35.6,27.51
256705,35.6,27.52
257407,35.6,27.52
258109,35.6,27.52
258811,35.6,27.52
259513,35.6,27.52
260215,35.6,27.53
260917,35.6,27.53
261619,35.6,27.53
262321,34.6,27.53
263023,35.6,27.53
263725,35.6,27.53
264427,35.6,27.54
265129,35.6,27.54
265831,35.6,27.53
266533,35.6,27.54
267235,35.6,27.54
267937,35.6,27.54
268639,34.6,27.54
269341,34.6,27.54
270043,35.6,27.55
270745,35.6,27.55
271447,34.6,27.55
272149,34.6,27.54
272851,34.6,27.55
273553,34.6,27.55
274255,34.6,27.54
274957,35.6,27.55
275659,34.6,27.55
276361,34.6,27.56
277063,35.6,27.55
277765,34.6,27.56
278467,34.6,27.56
279169,34.6,27.56
279871,34.6,27.56
280573,35.6,27.56
281275,35.6,27.56
281977,36.6,27.56
282679,35.6,27.56
283381,35.6,27.56
284083,36.6,27.57
284785,36.6,27.57
285487,36.6,27.57
286189,35.6,27.57
286891,35.6,27.57
287593,34.6,27.57
288295,34.6,27.57
288997,35.6,27.57
289699,34.6,27.57
290401,34.6,27.57
291103,34.6,27.57
291805,34.6,27.57
292507,35.6,27.58
293209,35.6,27.58
293911,35.6,27.58
294613,36.6,27.58
295315,35.6,27.58
296017,35.6,27.58
296719,35.6,27.59
297421,35.6,27.58
298123,34.6,27.59
298825,35.6,27.58
299527,35.6,27.59
300229,35.6,27.59
300931,35.6,27.59
301633,34.6,27.60
302335,34.6,27.59
303037,34.6,27.60
303739,35.6,27.60
304441,35.6,27.60
305143,35.6,27.60
305845,35.6,27.60
306547,34.6,27.61
307249,35.6,27.61
307951,35.6,27.61
308653,35.6,27.61
309355,35.6,27.61
310057,35.6,27.61
310759,35.6,27.61
311461,35.6,27.61
312163,35.6,27.61
312865,35.6,27.61
313567,35.6,27.62
314269,35.6,27.62
314971,35.6,27.62
315673,36.6,27.62
316375,35.6,27.62
317077,35.6,27.63
317779,35.6,27.63
318481,35.6,27.63
319183,35.6,27.63
319885,36.6,27.63
320587,36.6,27.63
321289,36.6,27.63
321991,35.6,27.63
322693,35.6,27.63
323395,36.6,27.63
324097,36.6,27.63
324799,36.6,27.63
325501,36.6,27.64
326203,36.6,27.64
326905,36.6,27.64
327607,36.6,27.64
328309,36.6,27.64
329011,35.6,27.64
329713,35.6,27.64
330415,35.6,27.64
331117,35.6,27.64
331819,34.6,27.64
332521,34.6,27.64
333223,35.6,27.65
333925,35.6,27.65
334627,35.6,27.65
335329,35.6,27.65
336031,35.6,27.65
336733,35.6,27.65
337435,35.6,27.65
338137,35.6,27.65
338839,35.6,27.65
339541,35.6,27.65
340243,35.6,27.66
340945,35.6,27.66
341647,35.6,27.66
342349,36.6,27.66
343051,35.6,27.66
343753,35.6,27.66
344455,35.6,27.66
345157,35.6,27.67
345859,34.6,27.67
346561,35.6,27.66
347263,35.6,27.67
347965,35.6,27.66
348667,35.6,27.66
349369,35.6,27.67
350071,36.6,27.67
350773,35.6,27.67
351475,35.6,27.67
352177,36.6,27.68
352879,35.6,27.67
353581,36.6,27.68
354283,36.6,27.68
354985,36.6,27.68
355687,36.6,27.68
356389,35.6,27.68
357091,35.6,27.68
357793,36.6,27.68
358495,36.6,27.68
359197,36.6,27.68
359899,36.6,27.68
360601,36.6,27.68
361303,36.6,27.68
362005,35.6,27.68
362707,35.6,27.69
363409,35.6,27.69
364111,35.6,27.69
364813,35.6,27.68
365515,35.6,27.69
366217,36.6,27.69
366919,36.6,27.69
367621,36.6,27.69
368323,36.6,27.70
369025,36.6,27.70
369727,36.6,27.70
370429,36.6,27.70
371131,36.6,27.69
371833,36.6,27.70
372535,36.6,27.70
373237,36.6,27.71
373939,36.6,27.71
374641,36.6,27.70
375343,36.6,27.71
376045,36.6,27.71
376747,36.6,27.71
377449,36.6,27.71
378151,36.6,27.71
378853,35.6,27.71
379555,36.6,27.71
380257,35.6,27.71
380959,35.6,27.71
381661,35.6,27.72
382363,34.6,27.71
383065,34.6,27.72
383767,35.6,27.72
384469,36.6,27.72
385171,36.6,27.72
385873,36.6,27.72
386575,36.6,27.72
387277,36.6,27.72
387979,35.6,27.72
388681,35.6,27.72
389383,36.6,27.72
390085,36.6,27.73
390787,35.6,27.73
391489,35.6,27.73
392191,35.6,27.73
392893,35.6,27.73
393595,35.6,27.73
394297,35.6,27.74
394999,35.6,27.74
395701,36.6,27.73
396403,36.6,27.74
397105,36.6,27.74
397807,36.6,27.74
398509,36.6,27.74
399211,36.6,27.74
399913,36.6,27.75
400615,36.6,27.74
401317,36.6,27.74
402019,36.6,27.74
402721,36.6,27.74
403423,35.6,27.74
404125,36.6,27.74
404827,36.6,27.74
405529,35.6,27.75
406231,36.6,27.75
406933,36.6,27.75
407635,36.6,27.74
408337,36.6,27.75
409039,36.6,27.75
409741,36.6,27.75
410443,36.6,27.75
411145,36.6,27.75
411847,36.6,27.75
412549,36.6,27.75
413251,36.6,27.76
413953,35.6,27.75
414655,35.6,27.76
415357,35.6,27.76
416059,36.6,27.76
416761,36.6,27.76
417463,36.6,27.76
418165,36.6,27.76
418867,36.6,27.76
419569,35.6,27.76
420271,36.6,27.76
420973,36.6,27.76
421675,36.6,27.76
422377,36.6,27.77
423079,36.6,27.77
423781,36.6,27.77
424483,36.6,27.77
425185,36.6,27.77
425887,35.6,27.77
426589,35.6,27.77
427291,35.6,27.77
427993,35.6,27.77
428695,35.6,27.77
429397,35.6,27.77
430099,36.6,27.77
430801,36.6,27.77
431503,35.6,27.77
432205,36.6,27.77
432907,35.6,27.78
433609,35.6,27.77
434311,35.6,27.78
435013,35.6,27.78
435715,35.6,27.78
436417,35.6,27.78
437119,35.6,27.78
437821,35.6,27.79
438523,35.6,27.78
439225,36.6,27.79
439927,36.6,27.78
440629,35.6,27.78
441331,35.6,27.79
442033,36.6,27.79
442735,36.6,27.79
443437,35.6,27.78
444139,36.6,27.79
444841,36.6,27.79
445543,36.6,27.79
446245,36.6,27.79
446947,36.6,27.79
447649,35.6,27.79
448351,36.6,27.79
449053,36.6,27.79
449755,36.6,27.79
450457,36.6,27.80
451159,35.6,27.79
451861,36.6,27.80
452563,36.6,27.79
453265,36.6,27.80
453967,35.6,27.80
454669,35.6,27.80
455371,35.6,27.80
456073,35.6,27.80
456775,36.6,27.80
457477,35.6,27.80
458179,36.6,27.80
458881,36.6,27.80
459583,36.6,27.80
460285,36.6,27.80
460987,35.6,27.80
461689,36.6,27.80
462391,36.6,27.80
463093,36.6,27.80
463795,35.6,27.80
464497,35.6,27.81
465199,35.6,27.80
465901,36.6,27.81
466603,36.6,27.81
467305,36.6,27.81
468007,36.6,27.81
468709,36.6,27.81
469411,36.6,27.81
470113,36.6,27.81
470815,35.6,27.81
471517,35.6,27.81
472219,35.6,27.81
472921,35.6,27.82
473623,36.6,27.82
474325,35.6,27.82
475027,35.6,27.82
475729,36.6,27.82
476431,36.6,27.82
477133,37.6,27.82
477835,37.6,27.82
478537,37.6,27.82
479239,37.6,27.82
479941,36.6,27.82
480643,36.6,27.82
481345,35.6,27.82
482047,35.6,27.83
482749,36.6,27.83
483451,36.6,27.82
484153,35.6,27.82
484855,35.6,27.83
485557,35.6,27.83
486259,35.6,27.83
486961,35.6,27.83
487663,35.6,27.83
488365,34.6,27.83
489067,34.6,27.83
489769,35.6,27.83
490471,36.6,27.83
491173,35.6,27.83
491875,36.6,27.83
492577,36.6,27.83
493279,36.6,27.83
493981,36.6,27.83
494683,36.6,27.83
495385,36.6,27.84
496087,35.6,27.83
496789,35.6,27.84
497491,35.6,27.84
498193,35.6,27.84
498895,35.6,27.84
499597,35.6,27.84
500299,35.6,27.84
501001,35.6,27.84
501703,35.6,27.84
502405,36.6,27.85
503107,35.6,27.85
503809,35.6,27.85
504511,34.6,27.85
505213,35.6,27.85
505915,35.6,27.85
506617,35.6,27.85
507319,35.6,27.85
508021,36.6,27.85
508723,35.6,27.85
509425,35.6,27.85
510127,36.6,27.85
510829,36.6,27.85
511531,36.6,27.85
512233,36.6,27.85
512935,36.6,27.85
513637,37.6,27.86
514339,37.6,27.86
515041,37.6,27.86
515743,37.6,27.86
516445,36.6,27.86
517147,37.6,27.86
517849,37.6,27.86
518551,36.6,27.85
519253,35.6,27.86
519955,36.6,27.86
520657,35.6,27.86
521359,35.6,27.86
522061,35.6,27.86
522763,36.6,27.86
523465,36.6,27.87
524167,36.6,27.86
524869,36.6,27.87
525571,36.6,27.87
526273,36.6,27.87
526975,36.6,27.86
527677,35.6,27.86
528379,36.6,27.87
529081,36.6,27.87
529783,37.6,27.87
530485,36.6,27.87
531187,36.6,27.87
531889,36.6,27.87
532591,36.6,27.87
533293,37.6,27.87
533995,36.6,27.87
534697,36.6,27.87
535399,36.6,27.87
536101,35.6,27.87
536803,35.6,27.87
537505,36.6,27.87
538207,35.6,27.87
538909,35.6,27.87
539611,35.6,27.88
540313,36.6,27.88
541015,35.6,27.88
541717,35.6,27.88
542419,36.6,27.87
543121,36.6,27.88
543823,36.6,27.88
544525,36.6,27.88
545227,35.6,27.88
545929,35.6,27.88
546631,35.6,27.88
547333,34.6,27.88
548035,35.6,27.88
548737,35.6,27.88
549439,35.6,27.88
550141,35.6,27.89
550843,35.6,27.89
551545,35.6,27.88
552247,34.6,27.89
552949,34.6,27.89
553651,34.6,27.89
554353,35.6,27.89
555055,36.6,27.89
555757,36.6,27.89
556459,35.6,27.89
557161,35.6,27.89
557863,35.6,27.89
558565,34.6,27.89
559267,35.6,27.89
559969,35.6,27.90
560671,36.6,27.90
561373,36.6,27.90
562075,36.6,27.90
562777,37.6,27.89
563479,36.6,27.89
564181,35.6,27.89
564883,35.6,27.89
565585,35.6,27.89
566287,36.6,27.89
566989,36.6,27.89
567691,35.6,27.90
568393,36.6,27.90
569095,36.6,27.90
569797,35.6,27.90
570499,36.6,27.90
571201,35.6,27.90
571903,36.6,27.90
572605,36.6,27.90
573307,36.6,27.90
574009,36.6,27.90
574711,35.6,27.90
575413,36.6,27.90
576115,36.6,27.90
576817,36.6,27.90
577519,36.6,27.91
578221,36.6,27.91
578923,36.6,27.91
579625,36.6,27.90
580327,36.6,27.91
581029,36.6,27.90
581731,35.6,27.91
582433,36.6,27.91
583135,36.6,27.90
583837,36.6,27.91
584539,37.6,27.91
585241,36.6,27.91
585943,35.6,27.91
586645,35.6,27.91
587347,35.6,27.91
588049,35.6,27.91
588751,35.6,27.91
589453,35.6,27.91
590155,36.6,27.91
590857,36.6,27.91
591559,35.6,27.91
592261,36.6,27.91
592963,37.6,27.91
593665,36.6,27.92
594367,36.6,27.92
595069,36.6,27.92
595771,36.6,27.93
596473,36.6,27.92
597175,37.6,27.92
597877,37.6,27.92
598579,37.6,27.93
599281,36.6,27.92
599983,35.6,27.92
600685,36.6,27.92
601387,36.6,27.92
602089,36.6,27.92
602791,36.6,27.93
603493,35.6,27.92
604195,36.6,27.93
604897,36.6,27.93
605599,36.6,27.93
606301,36.6,27.93
607003,36.6,27.92
607705,36.6,27.93
608407,36.6,27.93
609109,35.6,27.94
609811,35.6,27.93
610513,36.6,27.93
611215,35.6,27.94
611917,36.6,27.94
612619,36.6,27.94
613321,36.6,27.94
614023,36.6,27.94
614725,36.6,27.95
615427,36.6,27.95
616129,36.6,27.95
616831,35.6,27.95
617533,36.6,27.94
618235,35.6,27.95
618937,35.6,27.94
619639,35.6,27.94
620341,36.6,27.94
621043,35.6,27.94
621745,36.6,27.94
622447,36.6,27.95
623149,36.6,27.95
623851,37.6,27.95
624553,37.6,27.96
625255,36.6,27.95
625957,36.6,27.95
626659,36.6,27.95
627361,36.6,27.95
628063,36.6,27.95
628765,36.6,27.95
629467,36.6,27.95
630169,36.6,27.95
630871,36.6,27.95
631573,36.6,27.95
632275,36.6,27.95
632977,36.6,27.95
633679,36.6,27.95
634381,37.6,27.95
635083,36.6,27.95
635785,36.6,27.96
636487,36.6,27.95
637189,36.6,27.96
637891,36.6,27.95
638593,36.6,27.96
639295,36.6,27.95
639997,36.6,27.96
640699,36.6,27.96
641401,36.6,27.96
642103,36.6,27.96
642805,36.6,27.96
643507,35.6,27.96
644209,35.6,27.95
644911,36.6,27.96
645613,36.6,27.96
646315,36.6,27.96
647017,36.6,27.96
647719,36.6,27.96
648421,36.6,27.96
649123,36.6,27.96
649825,36.6,27.96
650527,36.6,27.96
651229,36.6,27.96
651931,37.6,27.96
652633,37.6,27.96
653335,36.6,27.96
654037,36.6,27.96
654739,36.6,27.96
655441,37.6,27.97
656143,36.6,27.96
656845,36.6,27.96
657547,36.6,27.97
658249,36.6,27.96
658951,37.6,27.96
659653,36.6,27.96
660355,36.6,27.97
661057,37.6,27.97
661759,36.6,27.97
662461,36.6,27.97
663163,35.6,27.97
663865,35.6,27.97
664567,35.6,27.97
665269,36.6,27.97
665971,36.6,27.97
666673,35.6,27.97
667375,35.6,27.97
668077,36.6,27.97
668779,36.6,27.97
669481,36.6,27.98
670183,36.6,27.97
670885,36.6,27.97
671587,35.6,27.98
672289,36.6,27.98
672991,35.6,27.97
673693,36.6,27.98
674395,36.6,27.97
675097,37.6,27.98
675799,37.6,27.98
676501,37.6,27.98
677203,36.6,27.97
677905,36.6,27.98
678607,36.6,27.98
679309,36.6,27.98
680011,37.6,27.98
680713,37.6,27.98
681415,36.6,27.98
682117,35.6,27.98
682819,36.6,27.98
683521,36.6,27.98
684223,36.6,27.98
684925,37.6,27.98
685627,36.6,27.98
686329,35.6,27.98
687031,36.6,27.98
687733,36.6,27.98
688435,36.6,27.98
689137,36.6,27.98
689839,36.6,27.98
690541,37.6,27.98
691243,36.6,27.98
691945,36.6,27.98
692647,35.6,27.98
693349,35.6,27.98
694051,36.6,27.98
694753,36.6,27.98
695455,36.6,27.99
696157,37.6,27.99
696859,36.6,27.98
697561,36.6,27.99
698263,36.6,27.99
698965,36.6,27.99
699667,35.6,27.99
700369,36.6,27.99
701071,36.6,27.99
701773,35.6,27.99
702475,36.6,27.99
703177,36.6,27.99
703879,35.6,27.99
704581,36.6,27.99
705283,36.6,27.99
705985,36.6,27.99
706687,37.6,27.99
707389,36.6,27.99
708091,36.6,27.99
708793,36.6,28.00
709495,36.6,28.00
710197,36.6,27.99
710899,37.6,28.00
711601,37.6,27.99
712303,36.6,27.99
713005,36.6,28.00
713707,37.6,28.00
714409,37.6,28.00
715111,36.6,28.00
715813,37.6,28.00
716515,37.6,28.01
717217,36.6,28.00
717919,36.6,28.00
718621,35.6,28.00
719323,36.6,28.00
720025,36.6,28.00
720727,36.6,28.00
721429,36.6,28.00
722131,35.6,28.00
722833,35.6,28.00
723535,35.6,28.00
724237,36.6,28.00
724939,35.6,28.01
725641,36.6,28.00
726343,36.6,28.01
727045,36.6,28.00
727747,36.6,28.00
728449,36.6,28.00
729151,36.6,28.01
729853,37.6,28.00
730555,36.6,28.00
731257,36.6,28.01
731959,36.6,28.00
732661,37.6,28.01
733363,37.6,28.01
734065,37.6,28.01
734767,37.6,28.01
735469,37.6,28.01
736171,36.6,28.01
736873,36.6,28.01
737575,36.6,28.01
738277,36.6,28.01
738979,37.6,28.01
739681,36.6,28.01
740383,36.6,28.01
741085,37.6,28.01
741787,36.6,28.01
742489,36.6,28.02
743191,36.6,28.01
743893,36.6,28.02
744595,35.6,28.02
745297,36.6,28.01
745999,37.6,28.01
746701,36.6,28.01
747403,36.6,28.01
748105,37.6,28.02
748807,36.6,28.02
749509,36.6,28.02
750211,36.6,28.02
750913,37.6,28.02
751615,36.6,28.01
752317,35.6,28.02
753019,35.6,28.02
753721,35.6,28.01
754423,36.6,28.02
755125,36.6,28.02
755827,36.6,28.02
756529,36.6,28.02
757231,36.6,28.02
757933,36.6,28.02
758635,37.6,28.02
759337,37.6,28.02
760039,37.6,28.02
760741,36.6,28.02
761443,36.6,28.03
762145,35.6,28.02
762847,35.6,28.02
763549,36.6,28.02
764251,35.6,28.03
764953,36.6,28.03
765655,36.6,28.03
766357,37.6,28.02
767059,37.6,28.02
767761,37.6,28.02
768463,37.6,28.02
769165,36.6,28.02
769867,37.6,28.03
770569,36.6,28.02
771271,36.6,28.02
771973,36.6,28.02
772675,36.6,28.02
773377,37.6,28.02
774079,37.6,28.03
774781,37.6,28.03
775483,37.6,28.03
776185,37.6,28.03
776887,36.6,28.03
777589,36.6,28.03
778291,36.6,28.03
778993,36.6,28.03
779695,36.6,28.03
780397,35.6,28.03
781099,36.6,28.02
781801,35.6,28.03
782503,36.6,28.03
783205,36.6,28.03
783907,36.6,28.03
784609,36.6,28.03
785311,37.6,28.03
786013,37.6,28.03
786715,36.6,28.03
787417,36.6,28.03
788119,36.6,28.03
788821,36.6,28.03
789523,36.6,28.03
790225,36.6,28.03
790927,36.6,28.04
791629,36.6,28.04
792331,36.6,28.04
793033,36.6,28.04
793735,36.6,28.04
794437,36.6,28.04
795139,36.6,28.04
795841,35.6,28.04
796543,36.6,28.04
797245,35.6,28.04
797947,36.6,28.04
798649,36.6,28.04
799351,36.6,28.04
800053,37.6,28.04
800755,36.6,28.04
801457,36.6,28.04
802159,36.6,28.04
802861,36.6,28.04
803563,37.6,28.04
804265,36.6,28.04
804967,35.6,28.04
805669,36.6,28.04
806371,35.6,28.04
807073,36.6,28.04
807775,36.6,28.05
808477,37.6,28.05
809179,36.6,28.05
809881,36.6,28.04
810583,36.6,28.04
811285,36.6,28.05
811987,36.6,28.04
812689,37.6,28.05
813391,36.6,28.05
814093,35.6,28.05
814795,36.6,28.05
815497,35.6,28.05
816199,36.6,28.05
816901,35.6,28.05
817603,36.6,28.04
818305,37.6,28.05
819007,37.6,28.05
819709,36.6,28.04
820411,36.6,28.05
821113,36.6,28.05
821815,36.6,28.05
822517,36.6,28.05
823219,35.6,28.05
823921,35.6,28.05
824623,36.6,28.05
825325,36.6,28.05
826027,36.6,28.05
826729,36.6,28.05
827431,36.6,28.05
828133,36.6,28.05
828835,35.6,28.05
829537,36.6,28.06
830239,36.6,28.05
830941,36.6,28.06
831643,36.6,28.05
832345,37.6,28.06
833047,37.6,28.05
833749,37.6,28.05
834451,36.6,28.05
835153,36.6,28.05
835855,37.6,28.06
836557,36.6,28.05
837259,36.6,28.05
837961,37.6,28.05
838663,37.6,28.06
839365,37.6,28.05
840067,37.6,28.05
840769,37.6,28.05
841471,37.6,28.06
842173,36.6,28.05
842875,36.6,28.06
843577,36.6,28.06
844279,36.6,28.06
844981,36.6,28.06
845683,35.6,28.06
846385,35.6,28.06
847087,36.6,28.06
847789,36.6,28.06
848491,36.6,28.07
849193,36.6,28.06
849895,36.6,28.06
850597,37.6,28.06
851299,36.6,28.06
852001,36.6,28.06
852703,35.6,28.06
853405,35.6,28.06
854107,35.6,28.06
854809,35.6,28.06
855511,36.6,28.06
856213,35.6,28.05
856915,35.6,28.05
857617,36.6,28.06
858319,36.6,28.05
859021,37.6,28.06
859723,37.6,28.06
860425,37.6,28.06
861127,37.6,28.06
861829,37.6,28.06
862531,37.6,28.06
863233,36.6,28.06
863935,36.6,28.06
864637,37.6,28.06
865339,36.6,28.07
866041,36.6,28.06
866743,36.6,28.07
867445,35.6,28.07
868147,36.6,28.07
868849,36.6,28.06
869551,36.6,28.06
870253,36.6,28.06
870955,37.6,28.07
871657,36.6,28.07
872359,35.6,28.07
873061,36.6,28.06
873763,36.6,28.06
874465,36.6,28.06
875167,37.6,28.06
875869,37.6,28.07
876571,37.6,28.07
877273,36.6,28.07
877975,36.6,28.07
878677,36.6,28.07
879379,36.6,28.07
880081,35.6,28.07
880783,35.6,28.07
881485,36.6,28.07
882187,36.6,28.07
882889,36.6,28.07
883591,36.6,28.07
884293,36.6,28.07
884995,36.6,28.07
885697,37.6,28.07
886399,37.6,28.08
887101,37.6,28.08
887803,37.6,28.07
888505,37.6,28.07
889207,37.6,28.07
889909,37.6,28.07
890611,37.6,28.07
891313,36.6,28.07
892015,36.6,28.07
892717,36.6,28.07
893419,36.6,28.07
894121,37.6,28.07
894823,37.6,28.07
895525,37.6,28.07
896227,36.6,28.07
896929,37.6,28.07
897631,37.6,28.07
898333,37.6,28.08
899035,36.6,28.07
899737,36.6,28.08
900439,36.6,28.08
901141,36.6,28.08
901843,36.6,28.07
902545,36.6,28.07
903247,36.6,28.07
903949,36.6,28.07
904651,36.6,28.08
905353,36.6,28.07
906055,36.6,28.08
906757,36.6,28.08
907459,36.6,28.08
908161,37.6,28.08
908863,37.6,28.08
909565,36.6,28.08
910267,36.6,28.07
910969,37.6,28.08
911671,37.6,28.08
912373,36.6,28.08
913075,36.6,28.08
913777,36.6,28.08
914479,36.6,28.08
915181,36.6,28.08
915883,36.6,28.08
916585,36.6,28.08
917287,36.6,28.08
917989,37.6,28.08
918691,36.6,28.08
919393,36.6,28.08
920095,36.6,28.08
920797,36.6,28.08
921499,36.6,28.08
922201,35.6,28.08
922903,35.6,28.08
923605,35.6,28.08
924307,36.6,28.08
925009,35.6,28.08
925711,35.6,28.09
926413,35.6,28.09
927115,36.6,28.08
927817,36.6,28.08
928519,36.6,28.09
929221,36.6,28.09
929923,36.6,28.08
930625,35.6,28.08
931327,36.6,28.09
932029,37.6,28.08
932731,37.6,28.09
933433,37.6,28.09
934135,37.6,28.09
934837,37.6,28.08
935539,36.6,28.08
936241,36.6,28.09
936943,35.6,28.09
937645,36.6,28.09
938347,36.6,28.09
939049,36.6,28.09
939751,35.6,28.09
940453,36.6,28.09
941155,36.6,28.09
941857,36.6,28.09
942559,37.6,28.09
943261,36.6,28.09
943963,36.6,28.09
944665,36.6,28.09
945367,35.6,28.09
946069,36.6,28.09
946771,35.6,28.08
947473,36.6,28.09
948175,36.6,28.08
948877,37.6,28.09
949579,36.6,28.09
950281,36.6,28.09
950983,36.6,28.09
951685,37.6,28.10
952387,37.6,28.10
953089,36.6,28.09
953791,35.6,28.09
954493,36.6,28.09
955195,35.6,28.10
955897,36.6,28.09
956599,36.6,28.09
957301,35.6,28.10
958003,36.6,28.09
958705,37.6,28.09
959407,36.6,28.10
960109,36.6,28.09
960811,37.6,28.10
961513,37.6,28.10
962215,36.6,28.09
962917,36.6,28.10
963619,37.6,28.09
964321,36.6,28.10
965023,36.6,28.10
965725,35.6,28.10
966427,36.6,28.10
967129,36.6,28.10
967831,36.6,28.09
968533,36.6,28.10
969235,36.6,28.10
969937,37.6,28.09
970639,37.6,28.10
971341,36.6,28.10
972043,37.6,28.09
972745,36.6,28.10
973447,36.6,28.10
974149,36.6,28.10
974851,37.6,28.10
975553,36.6,28.10
976255,35.6,28.10
976957,36.6,28.10
977659,35.6,28.09
978361,35.6,28.10
979063,35.6,28.10
979765,36.6,28.10
980467,36.6,28.10
981169,36.6,28.10
981871,36.6,28.10
982573,36.6,28.10
983275,36.6,28.10
983977,36.6,28.10
984679,36.6,28.10
985381,36.6,28.10
986083,36.6,28.11
986785,36.6,28.10
987487,36.6,28.10
988189,37.6,28.10
988891,36.6,28.10
989593,36.6,28.10
990295,36.6,28.10
990997,36.6,28.11
991699,36.6,28.11
992401,36.6,28.11
993103,36.6,28.11
993805,36.6,28.10
994507,35.6,28.11
995209,35.6,28.11
995911,35.6,28.11
996613,36.6,28.11
997315,35.6,28.11
998017,35.6,28.10
998719,36.6,28.11
999421,36.6,28.10
1000123,35.6,28.10
1000825,35.6,28.11
1001527,36.6,28.11
1002229,35.6,28.10
1002931,36.6,28.11
1003633,36.6,28.11
1004335,36.6,28.10
1005037,36.6,28.11
1005739,37.6,28.11
1006441,37.6,28.11
1007143,37.6,28.11
1007845,37.6,28.11
1008547,37.6,28.11
1009249,36.6,28.10
1009951,37.6,28.11
1010653,36.6,28.11
1011355,36.6,28.11
1012057,36.6,28.11
1012759,37.6,28.11
1013461,37.6,28.11
1014163,37.6,28.12
1014865,37.6,28.11
1015567,37.6,28.11
1016269,37.6,28.11
1016971,37.6,28.11
1017673,37.6,28.11
1018375,37.6,28.12
1019077,36.6,28.11
1019779,36.6,28.11
1020481,35.6,28.11
1021183,36.6,28.11
1021885,36.6,28.12
1022587,36.6,28.11
1023289,36.6,28.12
1023991,37.6,28.11
1024693,37.6,28.11
1025395,37.6,28.11
1026097,37.6,28.11
1026799,36.6,28.11
1027501,36.6,28.11
1028203,37.6,28.11
1028905,37.6,28.11
1029607,37.6,28.11
1030309,37.6,28.11
1031011,37.6,28.11
1031713,36.6,28.11
1032415,36.6,28.11
1033117,36.6,28.11
1033819,36.6,28.11
1034521,37.6,28.12
1035223,37.6,28.12
1035925,37.6,28.12
1036627,36.6,28.12
1037329,36.6,28.12
1038031,37.6,28.12
1038733,37.6,28.12
1039435,36.6,28.12
1040137,37.6,28.12
1040839,37.6,28.11
1041541,37.6,28.11
1042243,37.6,28.12
1042945,36.6,28.12
1043647,36.6,28.12
1044349,36.6,28.12
1045051,36.6,28.12
1045753,36.6,28.12
1046455,37.6,28.12
1047157,37.6,28.12
1047859,36.6,28.12
1048561,37.6,28.12
1049263,37.6,28.12
1049965,37.6,28.12
1050667,37.6,28.12
1051369,37.6,28.11
1052071,37.6,28.11
1052773,36.6,28.11
1053475,36.6,28.12
1054177,36.6,28.12
1054879,35.6,28.12
1055581,36.6,28.12
1056283,36.6,28.12
1056985,36.6,28.12
1057687,36.6,28.12
1058389,36.6,28.12
1059091,36.6,28.12
1059793,36.6,28.12
1060495,36.6,28.12
1061197,36.6,28.12
1061899,35.6,28.12
1062601,36.6,28.12
1063303,36.6,28.12
1064005,36.6,28.12
1064707,36.6,28.13
1065409,36.6,28.13
1066111,36.6,28.13
1066813,36.6,28.13
1067515,35.6,28.13
1068217,36.6,28.13
1068919,36.6,28.13
1069621,36.6,28.13
1070323,36.6,28.13
1071025,37.6,28.13
1071727,37.6,28.13
1072429,36.6,28.13
1073131,36.6,28.13
1073833,35.6,28.13
1074535,36.6,28.13
1075237,36.6,28.13
1075939,37.6,28.13
1076641,36.6,28.13
1077343,37.6,28.13
1078045,37.6,28.13
1078747,36.6,28.13
1079449,36.6,28.13
1080151,36.6,28.13
1080853,36.6,28.13
1081555,35.6,28.14
1082257,36.6,28.14
1082959,36.6,28.14
1083661,36.6,28.14
1084363,37.6,28.14
1085065,36.6,28.14
1085767,37.6,28.13
1086469,37.6,28.14
1087171,37.6,28.14
1087873,37.6,28.13
1088575,37.6,28.13
1089277,37.6,28.13
1089979,37.6,28.13
1090681,37.6,28.13
1091383,37.6,28.13
1092085,37.6,28.13
1092787,36.6,28.13
1093489,36.6,28.13
1094191,36.6,28.13
1094893,36.6,28.13
1095595,36.6,28.14
1096297,36.6,28.13
1096999,36.6,28.13
1097701,35.6,28.13
1098403,36.6,28.14
1099105,35.6,28.13
1099807,35.6,28.13
1100509,36.6,28.13
1101211,36.6,28.14
1101913,36.6,28.13
1102615,37.6,28.13
1103317,36.6,28.14
1104019,35.6,28.14
1104721,35.6,28.13
1105423,36.6,28.14
1106125,35.6,28.13
1106827,36.6,28.14
1107529,35.6,28.14
1108231,35.6,28.14
1108933,35.6,28.14
1109635,35.6,28.13
1110337,36.6,28.13
1111039,36.6,28.14
1111741,36.6,28.13
1112443,36.6,28.14
1113145,36.6,28.14
1113847,37.6,28.13
1114549,37.6,28.14
1115251,37.6,28.13
1115953,36.6,28.13
1116655,36.6,28.14
1117357,36.6,28.14
1118059,36.6,28.14
1118761,36.6,28.14
1119463,36.6,28.14
1120165,36.6,28.14
1120867,37.6,28.14
1121569,36.6,28.14
1122271,36.6,28.14
1122973,37.6,28.14
1123675,37.6,28.14
1124377,37.6,28.14
1125079,37.6,28.15
1125781,37.6,28.14
1126483,37.6,28.14
1127185,37.6,28.14
1127887,37.6,28.14
1128589,37.6,28.14
1129291,37.6,28.14
1129993,37.6,28.14
1130695,37.6,28.14
1131397,36.6,28.15
1132099,36.6,28.14
1132801,37.6,28.15
1133503,36.6,28.14
1134205,36.6,28.14
1134907,36.6,28.14
1135609,37.6,28.14
1136311,36.6,28.15
1137013,36.6,28.15
1137715,36.6,28.14
1138417,36.6,28.15
1139119,37.6,28.15
1139821,37.6,28.15
1140523,36.6,28.15
1141225,36.6,28.15
1141927,35.6,28.15
1142629,35.6,28.15
1143331,36.6,28.15
1144033,37.6,28.15
1144735,37.6,28.15
1145437,36.6,28.15
1146139,36.6,28.15
1146841,36.6,28.15
1147543,36.6,28.15
1148245,37.6,28.14
1148947,37.6,28.15
1149649,37.6,28.15
1150351,37.6,28.15
1151053,37.6,28.16
1151755,37.6,28.15
1152457,36.6,28.15
1153159,36.6,28.15
1153861,37.6,28.16
1154563,37.6,28.15
1155265,37.6,28.15
1155967,36.6,28.15
1156669,36.6,28.16
1157371,35.6,28.15
1158073,35.6,28.15
1158775,36.6,28.15
1159477,36.6,28.15
1160179,36.6,28.15
1160881,37.6,28.15
1161583,36.6,28.16
1162285,37.6,28.15
1162987,37.6,28.16
1163689,37.6,28.16
1164391,37.6,28.15
1165093,37.6,28.15
1165795,37.6,28.15
1166497,37.6,28.16
1167199,37.6,28.16
1167901,37.6,28.16
1168603,36.6,28.15
1169305,36.6,28.16
1170007,35.6,28.16
1170709,36.6,28.15
1171411,37.6,28.15
1172113,37.6,28.15
1172815,37.6,28.15
1173517,37.6,28.16
1174219,36.6,28.16
1174921,36.6,28.15
1175623,37.6,28.15
1176325,36.6,28.16
1177027,36.6,28.16
1177729,36.6,28.16
1178431,36.6,28.16
1179133,36.6,28.15
1179835,36.6,28.16
1180537,36.6,28.16
1181239,36.6,28.16
1181941,36.6,28.16
1182643,36.6,28.16
1183345,36.6,28.16
1184047,37.6,28.16
1184749,37.6,28.16
1185451,36.6,28.16
1186153,37.6,28.16
1186855,37.6,28.16
1187557,37.6,28.16
1188259,37.6,28.16
1188961,37.6,28.16
1189663,37.6,28.16
1190365,36.6,28.16
1191067,37.6,28.16
1191769,37.6,28.16
1192471,37.6,28.16
1193173,37.6,28.16
1193875,36.6,28.16
1194577,36.6,28.16
1195279,37.6,28.16
1195981,36.6,28.16
1196683,36.6,28.16
1197385,37.6,28.16
1198087,36.6,28.16
1198789,37.6,28.16
1199491,37.6,28.16
1200193,36.6,28.16
1200895,36.6,28.16
1201597,37.6,28.16
1202299,37.6,28.17
1203001,37.6,28.16
1203703,37.6,28.16
1204405,37.6,28.17
1205107,37.6,28.17
1205809,37.6,28.17
1206511,37.6,28.17
1207213,36.6,28.17
1207915,37.6,28.16
1208617,37.6,28.17
1209319,36.6,28.17
1210021,36.6,28.16
1210723,36.6,28.16
1211425,36.6,28.17
1212127,36.6,28.17
1212829,36.6,28.17
1213531,36.6,28.17
1214233,36.6,28.17
1214935,35.6,28.18
1215637,35.6,28.17
1216339,35.6,28.17
1217041,36.6,28.17
1217743,35.6,28.17
1218445,36.6,28.17
1219147,36.6,28.17
1219849,36.6,28.17
1220551,36.6,28.17
1221253,36.6,28.17
1221955,36.6,28.17
1222657,36.6,28.17
1223359,36.6,28.17
1224061,37.6,28.17
1224763,36.6,28.17
1225465,37.6,28.17
1226167,36.6,28.17
1226869,36.6,28.17
1227571,36.6,28.17
1228273,37.6,28.16
1228975,37.6,28.16
1229677,37.6,28.16
1230379,37.6,28.17
1231081,37.6,28.17
1231783,37.6,28.17
1232485,36.6,28.17
1233187,36.6,28.17
1233889,37.6,28.17
1234591,36.6,28.16
1235293,36.6,28.17
1235995,36.6,28.16
1236697,37.6,28.17
1237399,36.6,28.17
1238101,36.6,28.17
1238803,36.6,28.17
1239505,36.6,28.17
1240207,35.6,28.17
1240909,36.6,28.16
1241611,36.6,28.16
1242313,36.6,28.17
1243015,36.6,28.17
1243717,37.6,28.17
1244419,36.6,28.17
1245121,36.6,28.17
1245823,36.6,28.17
1246525,36.6,28.17
1247227,36.6,28.17
1247929,37.6,28.17
1248631,36.6,28.17
1249333,36.6,28.17
1250035,37.6,28.17
1250737,36.6,28.17
1251439,36.6,28.17
1252141,37.6,28.17
1252843,36.6,28.17
1253545,36.6,28.17
1254247,37.6,28.17
1254949,36.6,28.17
1255651,36.6,28.17
1256353,37.6,28.17
1257055,36.6,28.17
1257757,37.6,28.17
1258459,37.6,28.17
1259161,37.6,28.17
1259863,37.6,28.17
1260565,37.6,28.18
1261267,36.6,28.17
1261969,36.6,28.17
1262671,36.6,28.17
1263373,35.6,28.17
1264075,36.6,28.17
1264777,36.6,28.17
1265479,36.6,28.17
1266181,35.6,28.18
1266883,36.6,28.17
1267585,36.6,28.17
1268287,36.6,28.17
1268989,36.6,28.18
1269691,36.6,28.18
1270393,37.6,28.17
1271095,37.6,28.17
1271797,37.6,28.17
1272499,36.6,28.18
1273201,36.6,28.18
1273903,36.6,28.17
1274605,36.6,28.17
1275307,37.6,28.17
1276009,36.6,28.18
1276711,36.6,28.17
1277413,37.6,28.18
1278115,37.6,28.17
1278817,36.6,28.18
1279519,36.6,28.18
1280221,35.6,28.18
1280923,35.6,28.17
1281625,36.6,28.17
1282327,36.6,28.18
1283029,36.6,28.17
1283731,37.6,28.18
1284433,37.6,28.18
1285135,36.6,28.18
1285837,36.6,28.18
1286539,36.6,28.18
1287241,36.6,28.18
1287943,36.6,28.18
1288645,37.6,28.18
1289347,36.6,28.18
1290049,37.6,28.17
1290751,37.6,28.18
1291453,36.6,28.18
1292155,36.6,28.18
1292857,37.6,28.18
1293559,37.6,28.18
1294261,36.6,28.18
1294963,36.6,28.18
1295665,35.6,28.18
1296367,36.6,28.18
1297069,36.6,28.18
1297771,36.6,28.18
1298473,37.6,28.18
1299175,37.6,28.18
1299877,37.6,28.18
1300579,36.6,28.18
1301281,36.6,28.18
1301983,36.6,28.18
1302685,37.6,28.18
1303387,37.6,28.18
1304089,36.6,28.18
1304791,36.6,28.18
1305493,36.6,28.18
1306195,37.6,28.18
1306897,37.6,28.18
1307599,36.6,28.19
1308301,37.6,28.18
1309003,36.6,28.18
1309705,36.6,28.19
1310407,36.6,28.18
1311109,37.6,28.18
1311811,36.6,28.18
1312513,36.6,28.18
1313215,36.6,28.18
1313917,36.6,28.19
1314619,35.6,28.18
1315321,35.6,28.18
1316023,35.6,28.18
1316725,35.6,28.19
1317427,36.6,28.19
1318129,36.6,28.18
1318831,36.6,28.18
1319533,36.6,28.18
1320235,36.6,28.18
1320937,36.6,28.18
1321639,37.6,28.17
1322341,37.6,28.18
1323043,37.6,28.17
1323745,37.6,28.18
1324447,36.6,28.18
1325149,36.6,28.18
1325851,37.6,28.18
1326553,36.6,28.18
1327255,37.6,28.18
1327957,37.6,28.18
1328659,36.6,28.18
1329361,36.6,28.18
1330063,36.6,28.18
1330765,36.6,28.18
1331467,37.6,28.19
1332169,37.6,28.19
1332871,37.6,28.19
1333573,36.6,28.18
1334275,36.6,28.18
1334977,37.6,28.18
1335679,37.6,28.18
1336381,37.6,28.18
1337083,37.6,28.18
1337785,37.6,28.18
1338487,36.6,28.18
1339189,36.6,28.19
1339891,36.6,28.18
1340593,37.6,28.18
1341295,36.6,28.19
1341997,36.6,28.19
1342699,36.6,28.18
1343401,36.6,28.19
1344103,36.6,28.18
1344805,37.6,28.18
1345507,37.6,28.18
1346209,36.6,28.18
1346911,36.6,28.18
1347613,37.6,28.18
1348315,36.6,28.19
1349017,36.6,28.18
1349719,37.6,28.19
1350421,37.6,28.19
1351123,37.6,28.19
1351825,37.6,28.19
1352527,37.6,28.19
1353229,37.6,28.19
1353931,37.6,28.19
1354633,36.6,28.19
1355335,36.6,28.19
1356037,37.6,28.19
1356739,37.6,28.19
1357441,36.6,28.19
1358143,35.6,28.19
1358845,35.6,28.18
1359547,36.6,28.19
1360249,36.6,28.19
1360951,36.6,28.18
1361653,37.6,28.18
1362355,37.6,28.19
1363057,37.6,28.19
1363759,36.6,28.19
1364461,37.6,28.19
1365163,36.6,28.19
1365865,36.6,28.19
1366567,36.6,28.19
1367269,37.6,28.19
1367971,36.6,28.19
1368673,37.6,28.19
1369375,37.6,28.19
1370077,37.6,28.19
1370779,36.6,28.19
1371481,36.6,28.19
1372183,36.6,28.19
1372885,36.6,28.19
1373587,36.6,28.19
1374289,37.6,28.19
1374991,37.6,28.19
1375693,37.6,28.19
1376395,36.6,28.19
1377097,36.6,28.19
1377799,36.6,28.19
1378501,36.6,28.19
1379203,36.6,28.19
1379905,37.6,28.19
1380607,37.6,28.19
1381309,37.6,28.19
1382011,36.6,28.19
1382713,37.6,28.19
1383415,37.6,28.19
1384117,37.6,28.19
1384819,36.6,28.19
1385521,36.6,28.19
1386223,36.6,28.19
1386925,36.6,28.19
1387627,36.6,28.18
1388329,36.6,28.19
1389031,36.6,28.18
1389733,36.6,28.19
1390435,36.6,28.19
1391137,36.6,28.19
1391839,36.6,28.19
1392541,37.6,28.19
1393243,36.6,28.19
1393945,37.6,28.19
1394647,37.6,28.19
1395349,36.6,28.19
1396051,36.6,28.19
1396753,37.6,28.19
1397455,36.6,28.19
1398157,36.6,28.19
1398859,36.6,28.19
1399561,36.6,28.19
1400263,36.6,28.19
1400965,36.6,28.19
1401667,37.6,28.19
1402369,36.6,28.20
1403071,35.6,28.19
1403773,36.6,28.20
1404475,36.6,28.19
1405177,36.6,28.19
1405879,37.6,28.20
1406581,37.6,28.19
1407283,37.6,28.19
1407985,36.6,28.19
1408687,36.6,28.19
1409389,37.6,28.20
1410091,36.6,28.19
1410793,36.6,28.20
1411495,36.6,28.19
1412197,36.6,28.19
1412899,37.6,28.19
1413601,37.6,28.19
1414303,37.6,28.19
1415005,37.6,28.19
1415707,36.6,28.19
1416409,37.6,28.19
1417111,36.6,28.20
1417813,37.6,28.20
1418515,36.6,28.20
1419217,37.6,28.20
1419919,36.6,28.20
1420621,36.6,28.20
1421323,36.6,28.20
1422025,37.6,28.20
1422727,36.6,28.19
1423429,36.6,28.20
1424131,36.6,28.20
1424833,36.6,28.20
1425535,36.6,28.20
1426237,35.6,28.19
1426939,35.6,28.20
1427641,35.6,28.19
1428343,35.6,28.20
1429045,36.6,28.20
1429747,36.6,28.19
1430449,36.6,28.20
1431151,36.6,28.20
1431853,36.6,28.20
1432555,35.6,28.20
1433257,35.6,28.20
1433959,36.6,28.19
1434661,36.6,28.20
1435363,36.6,28.19
1436065,36.6,28.20
1436767,36.6,28.20
1437469,37.6,28.20
1438171,37.6,28.19
1438873,36.6,28.19
1439575,36.6,28.20
1440277,36.6,28.19
1440979,37.6,28.19
1441681,37.6,28.19
1442383,36.6,28.19
1443085,35.6,28.20
1443787,35.6,28.20
1444489,36.6,28.20
1445191,35.6,28.20
1445893,35.6,28.19
1446595,35.6,28.19
1447297,36.6,28.19
1447999,36.6,28.19
1448701,36.6,28.19
1449403,36.6,28.19
1450105,36.6,28.19
1450807,36.6,28.20
1451509,36.6,28.20
1452211,37.6,28.19
1452913,37.6,28.20
1453615,37.6,28.20
1454317,37.6,28.20
1455019,36.6,28.20
1455721,36.6,28.20
1456423,35.6,28.20
1457125,36.6,28.19
1457827,36.6,28.20
1458529,37.6,28.19
1459231,37.6,28.20
1459933,36.6,28.20
1460635,36.6,28.20
1461337,36.6,28.21
1462039,36.6,28.20
1462741,36.6,28.20
1463443,35.6,28.19
1464145,36.6,28.20
1464847,37.6,28.20
1465549,37.6,28.20
1466251,37.6,28.20
1466953,37.6,28.20
1467655,37.6,28.20
1468357,37.6,28.20
1469059,37.6,28.20
1469761,37.6,28.20
1470463,36.6,28.20
1471165,36.6,28.20
1471867,37.6,28.20
1472569,37.6,28.20
1473271,37.6,28.20
1473973,37.6,28.20
1474675,37.6,28.20
1475377,37.6,28.21
1476079,36.6,28.20
1476781,36.6,28.19
1477483,35.6,28.19
1478185,36.6,28.20
1478887,36.6,28.20
1479589,37.6,28.20
1480291,36.6,28.20
1480993,36.6,28.19
1481695,36.6,28.20
1482397,35.6,28.19
1483099,35.6,28.19
1483801,36.6,28.19
1484503,36.6,28.20
1485205,35.6,28.19
1485907,35.6,28.20
1486609,36.6,28.20
1487311,35.6,28.20
1488013,36.6,28.20
1488715,36.6,28.20
1489417,36.6,28.20
1490119,37.6,28.19
1490821,37.6,28.20
1491523,37.6,28.20
1492225,37.6,28.19
1492927,36.6,28.20
1493629,36.6,28.20
1494331,36.6,28.19
1495033,36.6,28.20
1495735,37.6,28.20
1496437,37.6,28.20
1497139,37.6,28.20
1497841,37.6,28.20
1498543,37.6,28.20
1499245,36.6,28.20
1499947,36.6,28.20
1500649,37.6,28.20
1501351,37.6,28.19
1502053,36.6,28.19
1502755,35.6,28.19
1503457,35.6,28.20
1504159,36.6,28.19
1504861,36.6,28.19
1505563,36.6,28.19
1506265,37.6,28.20
1506967,36.6,28.20
1507669,36.6,28.20
1508371,37.6,28.20
1509073,36.6,28.20
1509775,36.6,28.20
1510477,36.6,28.20
1511179,37.6,28.20
1511881,37.6,28.20
1512583,36.6,28.20
1513285,36.6,28.20
1513987,37.6,28.20
1514689,37.6,28.20
1515391,36.6,28.20
1516093,37.6,28.20
1516795,37.6,28.20
1517497,37.6,28.20
1518199,36.6,28.20
1518901,36.6,28.19
1519603,36.6,28.19
1520305,36.6,28.19
1521007,36.6,28.19
1521709,36.6,28.19
1522411,36.6,28.20
1523113,36.6,28.19
1523815,37.6,28.19
1524517,37.6,28.20
1525219,37.6,28.19
1525921,37.6,28.19
1526623,36.6,28.19
1527325,37.6,28.19
1528027,36.6,28.19
1528729,37.6,28.19
1529431,36.6,28.18
1530133,36.6,28.19
1530835,37.6,28.19
1531537,37.6,28.19
1532239,37.6,28.19
1532941,37.6,28.19
1533643,37.6,28.18
1534345,37.6,28.18
1535047,37.6,28.19
1535749,36.6,28.19
1536451,36.6,28.19
1537153,36.6,28.19
1537855,36.6,28.19
1538557,36.6,28.19
1539259,36.6,28.19
1539961,36.6,28.19
1540663,36.6,28.19
1541365,37.6,28.19
1542067,37.6,28.19
1542769,37.6,28.19
1543471,37.6,28.19
1544173,37.6,28.19
1544875,36.6,28.19
1545577,35.6,28.18
1546279,36.6,28.19
1546981,36.6,28.18
1547683,36.6,28.19
1548385,36.6,28.18
1549087,37.6,28.18
1549789,37.6,28.19
1550491,37.6,28.19
1551193,36.6,28.18
1551895,36.6,28.18
1552597,36.6,28.18
1553299,37.6,28.18
1554001,37.6,28.18
1554703,37.6,28.18
1555405,36.6,28.18
1556107,36.6,28.19
1556809,35.6,28.18
1557511,35.6,28.19
1558213,36.6,28.18
1558915,36.6,28.18
1559617,37.6,28.18
1560319,37.6,28.18
1561021,36.6,28.18
1561723,37.6,28.18
1562425,36.6,28.18
1563127,35.6,28.18
1563829,36.6,28.18
1564531,35.6,28.18
1565233,36.6,28.18
1565935,37.6,28.18
1566637,37.6,28.18
1567339,37.6,28.18
1568041,36.6,28.18
1568743,36.6,28.18
1569445,36.6,28.18
1570147,37.6,28.18
1570849,37.6,28.18
1571551,36.6,28.18
1572253,36.6,28.18
1572955,37.6,28.18
1573657,36.6,28.18
1574359,37.6,28.18
1575061,36.6,28.18
1575763,37.6,28.18
1576465,37.6,28.18
1577167,36.6,28.18
1577869,36.6,28.18
1578571,36.6,28.17
1579273,36.6,28.18
1579975,36.6,28.18
1580677,37.6,28.17
1581379,37.6,28.17
1582081,36.6,28.18
1582783,36.6,28.18
1583485,37.6,28.18
1584187,37.6,28.17
1584889,36.6,28.18
1585591,36.6,28.17
1586293,36.6,28.18
1586995,37.6,28.17
1587697,36.6,28.17
1588399,35.6,28.17
1589101,36.6,28.17
1589803,36.6,28.17
1590505,36.6,28.17
1591207,37.6,28.17
1591909,37.6,28.17
1592611,36.6,28.17
1593313,37.6,28.17
1594015,37.6,28.17
1594717,37.6,28.17
1595419,37.6,28.17
1596121,37.6,28.17
1596823,37.6,28.17
1597525,37.6,28.17
1598227,36.6,28.17
1598929,36.6,28.17
1599631,36.6,28.17
1600333,37.6,28.17
1601035,36.6,28.17
1601737,37.6,28.17
1602439,37.6,28.16
1603141,37.6,28.17
1603843,37.6,28.17
1604545,36.6,28.17
1605247,36.6,28.16
1605949,36.6,28.17
1606651,37.6,28.16
1607353,37.6,28.17
1608055,36.6,28.17
1608757,36.6,28.16
1609459,35.6,28.17
1610161,36.6,28.17
1610863,37.6,28.17
1611565,36.6,28.16
1612267,36.6,28.16
1612969,36.6,28.16
1613671,36.6,28.17
1614373,37.6,28.17
1615075,36.6,28.16
1615777,35.6,28.16
1616479,36.6,28.16
1617181,36.6,28.17
1617883,36.6,28.16
1618585,36.6,28.16
1619287,36.6,28.16
1619989,36.6,28.16
1620691,36.6,28.16
1621393,36.6,28.16
1622095,36.6,28.16
1622797,36.6,28.16
1623499,36.6,28.16
1624201,36.6,28.16
1624903,37.6,28.17
1625605,36.6,28.16
1626307,36.6,28.16
1627009,36.6,28.16
1627711,36.6,28.16
1628413,37.6,28.16
1629115,37.6,28.16
1629817,37.6,28.16
1630519,37.6,28.16
1631221,37.6,28.16
1631923,37.6,28.16
1632625,37.6,28.16
1633327,37.6,28.16
1634029,36.6,28.16
1634731,36.6,28.16
1635433,36.6,28.16
1636135,37.6,28.16
1636837,37.6,28.16
1637539,36.6,28.16
1638241,36.6,28.16
1638943,36.6,28.16
1639645,37.6,28.16
1640347,37.6,28.16
1641049,37.6,28.16
1641751,37.6,28.16
1642453,36.6,28.16
1643155,36.6,28.16
1643857,37.6,28.16
1644559,36.6,28.16
1645261,37.6,28.16
1645963,36.6,28.16
1646665,37.6,28.16
1647367,37.6,28.16
1648069,37.6,28.16
1648771,37.6,28.16
1649473,37.6,28.16
1650175,36.6,28.16
1650877,35.6,28.16
1651579,36.6,28.16
1652281,36.6,28.16
1652983,35.6,28.16
1653685,36.6,28.16
1654387,36.6,28.16
1655089,36.6,28.16
1655791,36.6,28.16
1656493,37.6,28.16
1657195,36.6,28.16
1657897,35.6,28.16
1658599,36.6,28.15
1659301,36.6,28.16
1660003,36.6,28.16
1660705,35.6,28.16
1661407,36.6,28.16
1662109,36.6,28.16
1662811,36.6,28.16
1663513,35.6,28.16
1664215,36.6,28.16
1664917,36.6,28.15
1665619,35.6,28.15
1666321,36.6,28.15
1667023,37.6,28.15
1667725,36.6,28.15
1668427,36.6,28.15
1669129,36.6,28.15
1669831,37.6,28.15
1670533,37.6,28.15
1671235,37.6,28.15
1671937,37.6,28.14
1672639,37.6,28.15
1673341,36.6,28.15
1674043,36.6,28.15
1674745,36.6,28.15
1675447,36.6,28.15
1676149,37.6,28.15
1676851,37.6,28.14
1677553,36.6,28.14
1678255,36.6,28.14
1678957,36.6,28.14
1679659,37.6,28.14
1680361,37.6,28.14
1681063,36.6,28.14
1681765,36.6,28.14
1682467,36.6,28.14
1683169,36.6,28.14
1683871,37.6,28.14
1684573,36.6,28.14
1685275,36.6,28.14
1685977,35.6,28.14
1686679,36.6,28.14
1687381,36.6,28.14
1688083,37.6,28.14
1688785,36.6,28.14
1689487,36.6,28.14
1690189,36.6,28.14
1690891,36.6,28.14
1691593,36.6,28.13
1692295,36.6,28.14
1692997,36.6,28.14
1693699,37.6,28.13
1694401,37.6,28.14
1695103,37.6,28.13
1695805,36.6,28.14
1696507,36.6,28.13
1697209,37.6,28.14
1697911,37.6,28.13
1698613,36.6,28.13
1699315,37.6,28.13
1700017,36.6,28.13
1700719,35.6,28.13
1701421,36.6,28.12
1702123,36.6,28.13
1702825,37.6,28.13
1703527,36.6,28.13
1704229,36.6,28.13
1704931,36.6,28.13
1705633,35.6,28.12
1706335,36.6,28.13
1707037,36.6,28.13
1707739,36.6,28.13
1708441,36.6,28.13
1709143,36.6,28.13
1709845,36.6,28.13
1710547,37.6,28.13
1711249,37.6,28.13
1711951,36.6,28.13
1712653,37.6,28.13
1713355,37.6,28.13
1714057,37.6,28.13
1714759,37.6,28.12
1715461,36.6,28.12
1716163,37.6,28.12
1716865,37.6,28.13
1717567,37.6,28.12
1718269,36.6,28.12
1718971,37.6,28.12
1719673,36.6,28.12
1720375,36.6,28.12
1721077,36.6,28.12
1721779,36.6,28.12
1722481,36.6,28.12
1723183,36.6,28.12
1723885,36.6,28.12
1724587,36.6,28.12
1725289,36.6,28.11
1725991,36.6,28.12
1726693,36.6,28.11
1727395,36.6,28.11
1728097,36.6,28.11
1728799,36.6,28.11
1729501,36.6,28.12
1730203,36.6,28.11
1730905,37.6,28.12
1731607,36.6,28.12
1732309,36.6,28.11
1733011,36.6,28.12
1733713,36.6,28.11
1734415,36.6,28.11
1735117,36.6,28.11
1735819,36.6,28.11
1736521,36.6,28.11
1737223,36.6,28.11
1737925,37.6,28.11
1738627,37.6,28.11
1739329,37.6,28.11
1740031,37.6,28.11
1740733,37.6,28.11
1741435,36.6,28.11
1742137,36.6,28.11
1742839,37.6,28.11
1743541,37.6,28.11
1744243,37.6,28.11
1744945,36.6,28.11
1745647,36.6,28.11
1746349,36.6,28.11
1747051,36.6,28.11
1747753,36.6,28.11
1748455,37.6,28.11
1749157,37.6,28.11
1749859,36.6,28.11
1750561,36.6,28.11
1751263,36.6,28.10
1751965,36.6,28.11
1752667,36.6,28.11
1753369,37.6,28.11
1754071,36.6,28.11
1754773,35.6,28.11
1755475,36.6,28.11
1756177,36.6,28.10
1756879,36.6,28.11
1757581,36.6,28.11
1758283,37.6,28.11
1758985,36.6,28.10
1759687,36.6,28.10
1760389,35.6,28.10
1761091,36.6,28.10
1761793,36.6,28.10
1762495,37.6,28.10
1763197,37.6,28.10
1763899,36.6,28.10
1764601,36.6,28.10
1765303,36.6,28.10
1766005,35.6,28.09
1766707,36.6,28.10
1767409,36.6,28.10
1768111,37.6,28.10
1768813,37.6,28.10
1769515,37.6,28.09
1770217,37.6,28.09
1770919,37.6,28.09
1771621,37.6,28.09
1772323,37.6,28.09
1773025,36.6,28.09
1773727,36.6,28.09
1774429,36.6,28.09
1775131,36.6,28.09
1775833,36.6,28.09
1776535,36.6,28.09
1777237,36.6,28.09
1777939,36.6,28.10
1778641,36.6,28.09
1779343,36.6,28.10
1780045,36.6,28.09
1780747,37.6,28.09
1781449,37.6,28.09
1782151,37.6,28.09
1782853,36.6,28.09
1783555,36.6,28.09
1784257,35.6,28.09
1784959,35.6,28.09
1785661,36.6,28.09
1786363,35.6,28.09
1787065,36.6,28.09
1787767,36.6,28.08
1788469,37.6,28.09
1789171,37.6,28.09
1789873,37.6,28.09
1790575,36.6,28.08
1791277,36.6,28.08
1791979,36.6,28.09
1792681,36.6,28.09
1793383,36.6,28.09
1794085,36.6,28.09
1794787,37.6,28.09
1795489,36.6,28.09
1796191,36.6,28.09
1796893,36.6,28.09
1797595,36.6,28.08
1798297,36.6,28.08
1798999,35.6,28.08
1799701,36.6,28.09
1800403,36.6,28.08
1801105,35.6,28.09
1801807,36.6,28.08
1802509,36.6,28.08
1803211,36.6,28.08
1803913,37.6,28.08
1804615,36.6,28.08
1805317,36.6,28.08
1806019,36.6,28.08
1806721,36.6,28.08
1807423,37.6,28.08
1808125,37.6,28.08
1808827,36.6,28.09
1809529,36.6,28.08
1810231,36.6,28.08
1810933,36.6,28.09
1811635,36.6,28.08
1812337,37.6,28.08
1813039,37.6,28.08
1813741,36.6,28.08
1814443,36.6,28.08
1815145,37.6,28.08
1815847,36.6,28.08
1816549,36.6,28.08
1817251,36.6,28.08
1817953,36.6,28.08
1818655,36.6,28.08
1819357,37.6,28.08
1820059,37.6,28.08
1820761,37.6,28.08
1821463,37.6,28.07
1822165,36.6,28.07
1822867,37.6,28.07
1823569,37.6,28.08
1824271,37.6,28.07
1824973,36.6,28.07
1825675,36.6,28.07
1826377,36.6,28.07
1827079,36.6,28.07
1827781,37.6,28.07
1828483,36.6,28.07
1829185,37.6,28.07
1829887,37.6,28.07
1830589,37.6,28.07
1831291,36.6,28.07
1831993,36.6,28.07
1832695,36.6,28.07
1833397,37.6,28.07
1834099,37.6,28.07
1834801,37.6,28.07
1835503,37.6,28.07
1836205,37.6,28.07
1836907,37.6,28.07
1837609,36.6,28.07
1838311,36.6,28.06
1839013,35.6,28.07
1839715,36.6,28.07
1840417,37.6,28.07
1841119,37.6,28.07
1841821,36.6,28.07
1842523,36.6,28.07
1843225,37.6,28.06
1843927,36.6,28.06
1844629,36.6,28.06
1845331,36.6,28.06
1846033,36.6,28.07
1846735,36.6,28.07
1847437,37.6,28.06
1848139,37.6,28.07
1848841,36.6,28.06
1849543,36.6,28.06
1850245,36.6,28.06
1850947,36.6,28.06
1851649,37.6,28.06
1852351,37.6,28.06
1853053,37.6,28.06
1853755,36.6,28.06
1854457,36.6,28.06
1855159,36.6,28.06
1855861,36.6,28.06
1856563,36.6,28.06
1857265,37.6,28.06
1857967,37.6,28.06
1858669,37.6,28.06
1859371,37.6,28.06
1860073,36.6,28.06
1860775,36.6,28.06
1861477,36.6,28.06
1862179,36.6,28.06
1862881,36.6,28.06
1863583,35.6,28.06
1864285,36.6,28.06
1864987,36.6,28.06
1865689,37.6,28.06
1866391,36.6,28.06
1867093,36.6,28.06
1867795,36.6,28.06
1868497,37.6,28.05
1869199,37.6,28.05
1869901,37.6,28.05
1870603,37.6,28.05
1871305,37.6,28.05
1872007,36.6,28.06
1872709,36.6,28.05
1873411,36.6,28.05
1874113,36.6,28.05
1874815,36.6,28.06
1875517,36.6,28.06
1876219,36.6,28.05
1876921,36.6,28.05
1877623,36.6,28.05
1878325,36.6,28.05
1879027,36.6,28.05
1879729,36.6,28.05
1880431,35.6,28.05
1881133,36.6,28.05
1881835,36.6,28.05
1882537,36.6,28.05
1883239,37.6,28.05
1883941,37.6,28.05
1884643,36.6,28.05
1885345,36.6,28.05
1886047,36.6,28.04
1886749,36.6,28.05
1887451,37.6,28.05
1888153,37.6,28.05
1888855,37.6,28.05
1889557,37.6,28.05
1890259,37.6,28.04
1890961,37.6,28.05
1891663,37.6,28.04
1892365,36.6,28.05
1893067,37.6,28.05
1893769,37.6,28.05
1894471,36.6,28.04
1895173,36.6,28.04
1895875,36.6,28.05
1896577,36.6,28.04
1897279,36.6,28.04
1897981,37.6,28.04
1898683,37.6,28.04
1899385,37.6,28.04
1900087,36.6,28.04
1900789,35.6,28.04
1901491,35.6,28.04
1902193,35.6,28.04
1902895,35.6,28.04
1903597,35.6,28.04
1904299,36.6,28.04
1905001,35.6,28.04
1905703,36.6,28.04
1906405,36.6,28.04
1907107,36.6,28.04
1907809,36.6,28.04
1908511,36.6,28.04
1909213,36.6,28.04
1909915,37.6,28.04
1910617,37.6,28.04
1911319,36.6,28.04
1912021,36.6,28.04
1912723,36.6,28.04
1913425,35.6,28.03
1914127,36.6,28.04
1914829,36.6,28.03
1915531,35.6,28.04
1916233,35.6,28.03
1916935,35.6,28.03
1917637,36.6,28.03
1918339,36.6,28.03
1919041,36.6,28.03
1919743,36.6,28.03
1920445,36.6,28.03
1921147,36.6,28.03
1921849,36.6,28.03
1922551,35.6,28.03
1923253,36.6,28.03
1923955,35.6,28.03
1924657,35.6,28.03
1925359,35.6,28.03
1926061,35.6,28.03
1926763,36.6,28.03
1927465,36.6,28.03
1928167,36.6,28.03
1928869,36.6,28.03
1929571,36.6,28.03
1930273,36.6,28.03
1930975,35.6,28.03
1931677,35.6,28.03
1932379,35.6,28.03
1933081,36.6,28.03
1933783,36.6,28.03
1934485,37.6,28.03
1935187,37.6,28.03
1935889,36.6,28.02
1936591,36.6,28.03
1937293,36.6,28.03
1937995,35.6,28.03
1938697,35.6,28.03
1939399,36.6,28.02
1940101,36.6,28.03
1940803,36.6,28.03
1941505,37.6,28.03
1942207,36.6,28.02
1942909,36.6,28.03
1943611,36.6,28.02
1944313,36.6,28.03
1945015,36.6,28.02
1945717,36.6,28.02
1946419,36.6,28.02
1947121,36.6,28.02
1947823,36.6,28.02
1948525,36.6,28.02
1949227,35.6,28.03
1949929,36.6,28.02
1950631,36.6,28.02
1951333,36.6,28.02
1952035,36.6,28.02
1952737,36.6,28.02
1953439,36.6,28.02
1954141,36.6,28.02
1954843,36.6,28.02
1955545,36.6,28.02
1956247,36.6,28.02
1956949,36.6,28.02
1957651,36.6,28.02
1958353,36.6,28.02
1959055,35.6,28.01
1959757,35.6,28.02
1960459,35.6,28.02
1961161,36.6,28.02
1961863,37.6,28.01
1962565,37.6,28.01
1963267,37.6,28.01
1963969,37.6,28.02
1964671,37.6,28.01
1965373,36.6,28.01
1966075,36.6,28.01
1966777,36.6,28.01
1967479,35.6,28.01
1968181,36.6,28.01
1968883,36.6,28.01
1969585,36.6,28.01
1970287,36.6,28.01
1970989,36.6,28.01
1971691,37.6,28.01
1972393,37.6,28.00
1973095,37.6,28.01
1973797,37.6,28.01
1974499,37.6,28.01
1975201,37.6,28.00
1975903,37.6,28.00
1976605,36.6,28.00
1977307,36.6,28.01
1978009,36.6,28.00
1978711,36.6,28.01
1979413,37.6,28.01
1980115,37.6,28.00
1980817,36.6,28.00
1981519,35.6,28.00
1982221,36.6,28.00
1982923,35.6,28.01
1983625,36.6,28.00
1984327,36.6,28.01
1985029,36.6,28.00
1985731,36.6,28.01
1986433,36.6,28.00
1987135,35.6,28.01
1987837,36.6,28.00
1988539,36.6,28.00
1989241,37.6,28.01
1989943,36.6,28.00
1990645,36.6,28.00
1991347,36.6,28.01
1992049,37.6,28.01
1992751,36.6,28.00
1993453,36.6,28.00
1994155,37.6,28.00
1994857,36.6,28.00
1995559,36.6,28.00
1996261,36.6,28.00
1996963,36.6,28.00
1997665,36.6,28.00
1998367,37.6,28.00
1999069,37.6,28.00
1999771,36.6,28.00
2000473,36.6,28.00
2001175,36.6,28.00
2001877,36.6,28.00
2002579,36.6,28.00
2003281,36.6,28.00
2003983,36.6,28.00
2004685,35.6,28.00
2005387,36.6,28.00
2006089,36.6,28.00
2006791,37.6,28.00
2007493,37.6,28.00
2008195,37.6,28.00
2008897,37.6,28.00
2009599,37.6,28.00
2010301,37.6,28.00
2011003,37.6,28.00
2011705,36.6,28.00
2012407,36.6,28.00
2013109,36.6,28.00
2013811,35.6,28.00
2014513,35.6,28.00
2015215,35.6,28.00
2015917,36.6,28.00
2016619,35.6,28.00
2017321,36.6,28.00
2018023,35.6,27.99
2018725,35.6,28.00
2019427,36.6,27.99
2020129,36.6,28.00
2020831,36.6,27.99
2021533,36.6,28.00
2022235,36.6,27.99
2022937,36.6,27.99
2023639,37.6,27.99
2024341,36.6,27.99
2025043,36.6,27.99
2025745,37.6,27.99
2026447,37.6,27.99
2027149,36.6,27.99
2027851,37.6,27.99
2028553,36.6,27.99
2029255,35.6,27.99
2029957,36.6,27.99
2030659,35.6,27.99
2031361,36.6,27.99
2032063,35.6,27.99
2032765,36.6,28.00
2033467,36.6,28.00
2034169,36.6,27.99
2034871,36.6,27.99
2035573,36.6,27.99
2036275,36.6,27.99
2036977,36.6,27.99
2037679,36.6,27.99
2038381,36.6,28.00
2039083,36.6,27.99
2039785,37.6,27.99
2040487,37.6,27.99
2041189,37.6,27.99
2041891,36.6,27.99
2042593,35.6,27.99
2043295,36.6,28.00
2043997,36.6,27.99
2044699,36.6,27.99
2045401,36.6,27.99
2046103,35.6,27.99
2046805,35.6,27.99
2047507,35.6,27.99
2048209,36.6,27.99
2048911,36.6,27.99
2049613,36.6,27.99
2050315,35.6,27.99
2051017,36.6,27.98
2051719,36.6,27.99
2052421,36.6,27.99
2053123,37.6,27.99
2053825,36.6,27.99
2054527,35.6,27.99
2055229,35.6,27.99
2055931,36.6,27.98
2056633,36.6,27.99
2057335,36.6,27.99
2058037,35.6,27.99
2058739,36.6,27.99
2059441,36.6,27.99
2060143,36.6,27.99
2060845,37.6,27.99
2061547,37.6,27.99
2062249,37.6,27.99
2062951,37.6,27.99
2063653,37.6,27.98
2064355,37.6,27.99
2065057,37.6,27.99
2065759,36.6,27.98
2066461,37.6,27.99
2067163,36.6,27.98
2067865,36.6,27.98
2068567,36.6,27.99
2069269,37.6,27.99
2069971,36.6,27.99
2070673,36.6,27.99
2071375,35.6,27.99
2072077,35.6,27.99
2072779,35.6,27.98
2073481,36.6,27.99
2074183,36.6,27.98
2074885,36.6,27.98
2075587,36.6,27.98
2076289,37.6,27.99
2076991,36.6,27.98
2077693,36.6,27.98
2078395,36.6,27.98
2079097,35.6,27.98
2079799,36.6,27.98
2080501,36.6,27.98
2081203,36.6,27.98
2081905,36.6,27.98
2082607,36.6,27.98
2083309,37.6,27.98
2084011,37.6,27.99
2084713,37.6,27.98
2085415,37.6,27.98
2086117,37.6,27.98
2086819,37.6,27.98
2087521,36.6,27.99
2088223,37.6,27.99
2088925,36.6,27.99
2089627,37.6,27.99
2090329,37.6,27.98
2091031,36.6,27.98
2091733,37.6,27.99
2092435,37.6,27.98
2093137,37.6,27.98
2093839,36.6,27.99
2094541,36.6,27.98
2095243,36.6,27.98
2095945,36.6,27.98
2096647,36.6,27.99
2097349,36.6,27.99
2098051,36.6,27.98
2098753,37.6,27.98
2099455,37.6,27.99
2100157,37.6,27.99
2100859,37.6,27.99
2101561,37.6,27.99
2102263,37.6,27.99
2102965,37.6,27.98
2103667,37.6,27.99
2104369,37.6,27.98
2105071,36.6,27.98
2105773,36.6,27.99
2106475,36.6,27.99
2107177,36.6,27.98
2107879,36.6,27.98
2108581,36.6,27.98
2109283,36.6,27.98
2109985,36.6,27.99
2110687,36.6,27.99
2111389,36.6,27.98
2112091,36.6,27.99
2112793,36.6,27.99
2113495,37.6,27.99
2114197,37.6,27.98
2114899,37.6,27.98
2115601,36.6,27.98
2116303,36.6,27.98
2117005,37.6,27.98
2117707,37.6,27.98
2118409,36.6,27.99
2119111,36.6,27.98
2119813,36.6,27.99
2120515,35.6,27.98
2121217,36.6,27.98
2121919,36.6,27.99
2122621,35.6,27.99
2123323,36.6,27.99
2124025,36.6,27.99
2124727,36.6,27.99
2125429,37.6,27.99
2126131,37.6,27.99
2126833,36.6,27.99
2127535,36.6,27.99
2128237,37.6,27.98
2128939,37.6,27.98
2129641,37.6,27.98
2130343,36.6,27.99
2131045,37.6,27.99
2131747,37.6,27.99
2132449,37.6,27.99
2133151,36.6,27.98
2133853,35.6,27.98
2134555,36.6,27.98
2135257,36.6,27.99
2135959,36.6,27.99
2136661,36.6,27.99
2137363,35.6,27.99
2138065,35.6,27.99
2138767,35.6,27.99
2139469,35.6,27.99
2140171,35.6,27.99
2140873,36.6,27.99
2141575,36.6,27.99
2142277,37.6,27.99
2142979,37.6,27.99
2143681,36.6,27.99
2144383,35.6,27.99
2145085,36.6,27.99
2145787,36.6,27.99
2146489,37.6,27.99
2147191,37.6,27.99
2147893,36.6,27.99
2148595,35.6,27.99
2149297,36.6,27.99
2149999,35.6,27.99
2150701,36.6,27.99
2151403,36.6,27.99
2152105,36.6,27.99
2152807,36.6,27.99
2153509,36.6,28.00
2154211,36.6,28.00
2154913,36.6,28.00
2155615,37.6,28.00
2156317,37.6,28.00
2157019,36.6,28.00
2157721,35.6,28.00
2158423,36.6,28.00
2159125,35.6,28.00
2159827,36.6,27.99
2160529,36.6,27.99
2161231,36.6,27.99
2161933,35.6,27.99
2162635,36.6,27.99
2163337,36.6,27.99
2164039,36.6,28.00
2164741,35.6,27.99
2165443,35.6,27.99
2166145,35.6,27.99
2166847,36.6,27.99
2167549,35.6,27.99
2168251,35.6,27.99
2168953,36.6,27.99
2169655,36.6,27.99
2170357,36.6,27.99
2171059,36.6,27.99
2171761,36.6,27.99
2172463,35.6,28.00
2173165,35.6,28.00
2173867,36.6,27.99
2174569,36.6,27.99
2175271,36.6,27.99
2175973,36.6,27.99
2176675,36.6,28.00
2177377,36.6,27.99
2178079,36.6,27.99
2178781,36.6,28.00
2179483,36.6,27.99
2180185,36.6,27.99
2180887,36.6,28.00
2181589,36.6,28.00
2182291,36.6,28.00
2182993,36.6,28.00
2183695,35.6,28.00
2184397,36.6,27.99
2185099,36.6,27.99
2185801,37.6,27.99
2186503,37.6,28.00
2187205,37.6,27.99
2187907,37.6,28.00
2188609,36.6,28.00
2189311,36.6,28.00
2190013,37.6,28.00
2190715,37.6,27.99
2191417,37.6,27.99
2192119,37.6,27.99
2192821,36.6,28.00
2193523,35.6,27.99
2194225,35.6,28.00
2194927,35.6,28.00
2195629,36.6,28.00
2196331,36.6,28.00
2197033,36.6,28.00
2197735,35.6,27.99
2198437,35.6,28.00
2199139,36.6,28.00
2199841,36.6,28.00
2200543,37.6,28.00
2201245,37.6,27.99
2201947,37.6,27.99
2202649,37.6,28.00
2203351,37.6,28.00
2204053,37.6,27.99
2204755,37.6,27.99
2205457,37.6,28.00
2206159,37.6,28.00
2206861,36.6,28.00
2207563,36.6,28.00
2208265,36.6,28.00
2208967,37.6,27.99
2209669,37.6,28.00
2210371,36.6,28.00
2211073,36.6,28.00
2211775,36.6,28.00
2212477,36.6,28.00
2213179,36.6,28.00
2213881,36.6,28.00
2214583,36.6,28.00
2215285,36.6,28.00
2215987,37.6,28.00
2216689,37.6,28.00
2217391,36.6,28.00
2218093,36.6,28.01
2218795,36.6,28.00
2219497,36.6,28.00
2220199,37.6,28.00
2220901,36.6,28.00
2221603,37.6,28.00
2222305,37.6,28.01
2223007,37.6,28.00
2223709,37.6,28.01
2224411,36.6,28.00
2225113,36.6,28.00
2225815,37.6,28.00
2226517,37.6,28.00
2227219,36.6,28.00
2227921,36.6,28.00
2228623,36.6,28.01
2229325,36.6,28.00
2230027,37.6,28.01
2230729,37.6,28.01
2231431,36.6,28.01
2232133,36.6,28.01
2232835,36.6,28.01
2233537,35.6,28.01
2234239,36.6,28.01
2234941,35.6,28.00
2235643,35.6,28.01
2236345,36.6,28.00
2237047,35.6,28.01
2237749,36.6,28.00
2238451,36.6,28.01
2239153,36.6,28.01
2239855,36.6,28.01
2240557,36.6,28.01
2241259,35.6,28.01
2241961,36.6,28.01
2242663,36.6,28.01
2243365,36.6,28.01
2244067,36.6,28.01
2244769,35.6,28.01
2245471,36.6,28.01
2246173,36.6,28.00
2246875,37.6,28.02
2247577,37.6,28.02
2248279,36.6,28.01
2248981,37.6,28.01
2249683,37.6,28.02
2250385,37.6,28.01
2251087,37.6,28.01
2251789,36.6,28.01
2252491,36.6,28.01
2253193,36.6,28.01
2253895,36.6,28.02
2254597,36.6,28.02
2255299,36.6,28.02
2256001,35.6,28.02
2256703,35.6,28.02
2257405,35.6,28.01
2258107,35.6,28.01
2258809,35.6,28.01
2259511,35.6,28.02
2260213,36.6,28.02
2260915,36.6,28.01
2261617,36.6,28.02
2262319,36.6,28.02
2263021,36.6,28.02
2263723,36.6,28.02
2264425,36.6,28.02
2265127,36.6,28.02
2265829,36.6,28.02
2266531,36.6,28.02
2267233,36.6,28.01
2267935,37.6,28.02
2268637,37.6,28.02
2269339,37.6,28.01
2270041,37.6,28.02
2270743,37.6,28.01
2271445,37.6,28.02
2272147,36.6,28.02
2272849,37.6,28.02
2273551,37.6,28.02
2274253,37.6,28.02
2274955,37.6,28.02
2275657,37.6,28.02
2276359,37.6,28.02
2277061,36.6,28.02
2277763,36.6,28.03
2278465,37.6,28.03
2279167,36.6,28.02
2279869,37.6,28.02
2280571,37.6,28.02
2281273,37.6,28.02
2281975,36.6,28.02
2282677,35.6,28.03
2283379,36.6,28.03
2284081,36.6,28.02
2284783,36.6,28.02
2285485,36.6,28.03
2286187,36.6,28.03
2286889,36.6,28.03
2287591,36.6,28.03
2288293,37.6,28.02
2288995,37.6,28.03
2289697,37.6,28.02
2290399,37.6,28.03
2291101,37.6,28.03
2291803,36.6,28.03
2292505,36.6,28.03
2293207,36.6,28.03
2293909,36.6,28.03
2294611,36.6,28.03
2295313,37.6,28.03
2296015,36.6,28.03
2296717,37.6,28.03
2297419,37.6,28.03
2298121,37.6,28.03
2298823,37.6,28.03
2299525,37.6,28.03
2300227,37.6,28.03
2300929,37.6,28.03
2301631,37.6,28.04
2302333,36.6,28.03
2303035,36.6,28.03
2303737,36.6,28.03
2304439,36.6,28.03
2305141,37.6,28.03
2305843,36.6,28.03
2306545,36.6,28.03
2307247,35.6,28.03
2307949,35.6,28.03
2308651,36.6,28.03
2309353,35.6,28.03
2310055,36.6,28.03
2310757,36.6,28.03
2311459,36.6,28.04
2312161,36.6,28.03
2312863,36.6,28.04
2313565,36.6,28.03
2314267,37.6,28.03
2314969,37.6,28.03
2315671,37.6,28.03
2316373,37.6,28.03
2317075,37.6,28.03
2317777,36.6,28.03
2318479,36.6,28.04
2319181,37.6,28.03
2319883,36.6,28.03
2320585,36.6,28.04
2321287,36.6,28.03
2321989,36.6,28.03
2322691,37.6,28.03
2323393,37.6,28.03
2324095,36.6,28.03
2324797,36.6,28.03
2325499,36.6,28.03
2326201,36.6,28.04
2326903,36.6,28.03
2327605,35.6,28.04
2328307,36.6,28.04
2329009,36.6,28.04
2329711,36.6,28.04
2330413,36.6,28.03
2331115,36.6,28.04
2331817,36.6,28.04
2332519,37.6,28.04
2333221,37.6,28.04
2333923,36.6,28.04
2334625,36.6,28.04
2335327,37.6,28.04
2336029,36.6,28.04
2336731,37.6,28.04
2337433,37.6,28.05
2338135,37.6,28.04
2338837,37.6,28.04
2339539,37.6,28.04
2340241,36.6,28.04
2340943,36.6,28.04
2341645,37.6,28.04
2342347,37.6,28.04
2343049,36.6,28.04
2343751,36.6,28.05
2344453,36.6,28.04
2345155,36.6,28.04
2345857,36.6,28.04
2346559,35.6,28.05
2347261,35.6,28.05
2347963,35.6,28.04
2348665,36.6,28.05
2349367,36.6,28.04
2350069,36.6,28.04
2350771,37.6,28.05
2351473,37.6,28.04
2352175,36.6,28.04
2352877,36.6,28.05
2353579,36.6,28.04
2354281,36.6,28.04
2354983,37.6,28.04
2355685,36.6,28.05
2356387,36.6,28.05
2357089,36.6,28.04
2357791,35.6,28.05
2358493,36.6,28.04
2359195,36.6,28.05
2359897,36.6,28.05
2360599,36.6,28.05
2361301,36.6,28.05
2362003,35.6,28.05
2362705,36.6,28.05
2363407,36.6,28.05
2364109,37.6,28.04
2364811,37.6,28.05
2365513,36.6,28.05
2366215,36.6,28.05
2366917,37.6,28.05
2367619,37.6,28.04
2368321,37.6,28.05
2369023,36.6,28.05
2369725,36.6,28.05
2370427,35.6,28.05
2371129,36.6,28.05
2371831,36.6,28.05
2372533,36.6,28.06
2373235,36.6,28.05
2373937,35.6,28.05
2374639,36.6,28.05
2375341,37.6,28.05
2376043,37.6,28.05
2376745,37.6,28.05
2377447,36.6,28.05
2378149,36.6,28.05
2378851,37.6,28.05
2379553,37.6,28.05
2380255,37.6,28.05
2380957,37.6,28.05
2381659,36.6,28.05
2382361,36.6,28.05
2383063,36.6,28.06
2383765,36.6,28.06
2384467,36.6,28.06
2385169,36.6,28.06
2385871,36.6,28.06
2386573,36.6,28.05
2387275,36.6,28.06
2387977,36.6,28.06
2388679,36.6,28.06
2389381,37.6,28.06
2390083,37.6,28.06
2390785,37.6,28.06
2391487,36.6,28.06
2392189,36.6,28.06
2392891,36.6,28.06
2393593,37.6,28.06
2394295,37.6,28.06
2394997,36.6,28.06
2395699,36.6,28.06
2396401,37.6,28.06
2397103,37.6,28.06
2397805,36.6,28.07
2398507,37.6,28.06
2399209,37.6,28.06
2399911,37.6,28.07
2400613,37.6,28.06
2401315,37.6,28.06
2402017,37.6,28.07
2402719,36.6,28.07
2403421,36.6,28.07
2404123,37.6,28.07
2404825,37.6,28.07
2405527,37.6,28.07
2406229,37.6,28.07
2406931,37.6,28.07
2407633,36.6,28.06
2408335,36.6,28.07
2409037,37.6,28.07
2409739,37.6,28.07
2410441,36.6,28.07
2411143,36.6,28.07
2411845,36.6,28.07
2412547,36.6,28.07
2413249,37.6,28.07
2413951,36.6,28.07
2414653,37.6,28.07
2415355,36.6,28.07
2416057,36.6,28.07
2416759,36.6,28.07
2417461,36.6,28.07
2418163,36.6,28.07
2418865,36.6,28.07
2419567,36.6,28.07
2420269,36.6,28.07
2420971,36.6,28.07
2421673,36.6,28.07
2422375,36.6,28.07
2423077,37.6,28.08
2423779,36.6,28.08
2424481,36.6,28.07
2425183,37.6,28.07
2425885,37.6,28.07
2426587,37.6,28.07
2427289,37.6,28.07
2427991,36.6,28.07
2428693,36.6,28.08
2429395,36.6,28.07
2430097,37.6,28.07
2430799,36.6,28.07
2431501,36.6,28.08
2432203,36.6,28.07
2432905,36.6,28.08
2433607,36.6,28.08
2434309,36.6,28.08
2435011,36.6,28.07
2435713,37.6,28.08
2436415,37.6,28.08
2437117,37.6,28.08
2437819,36.6,28.08
2438521,37.6,28.08
2439223,37.6,28.08
2439925,37.6,28.08
2440627,36.6,28.08
2441329,36.6,28.08
2442031,36.6,28.08
2442733,36.6,28.08
2443435,36.6,28.08
2444137,36.6,28.08
2444839,36.6,28.08
2445541,36.6,28.09
2446243,36.6,28.08
2446945,36.6,28.08
2447647,36.6,28.08
2448349,36.6,28.08
2449051,36.6,28.08
2449753,35.6,28.08
2450455,36.6,28.08
2451157,36.6,28.08
2451859,36.6,28.08
2452561,36.6,28.08
2453263,36.6,28.08
2453965,36.6,28.08
2454667,36.6,28.08
2455369,36.6,28.08
2456071,36.6,28.08
2456773,36.6,28.08
2457475,36.6,28.08
2458177,36.6,28.09
2458879,36.6,28.08
2459581,36.6,28.09
2460283,36.6,28.09
2460985,36.6,28.09
2461687,37.6,28.09
2462389,37.6,28.08
2463091,36.6,28.09
2463793,36.6,28.08
2464495,36.6,28.09
2465197,36.6,28.09
2465899,37.6,28.09
2466601,37.6,28.09
2467303,36.6,28.09
2468005,36.6,28.09
2468707,37.6,28.09
2469409,37.6,28.09
2470111,37.6,28.09
2470813,37.6,28.09
2471515,37.6,28.09
2472217,36.6,28.09
2472919,36.6,28.09
2473621,36.6,28.09
2474323,37.6,28.09
2475025,37.6,28.09
2475727,36.6,28.09
2476429,37.6,28.09
2477131,37.6,28.09
2477833,36.6,28.09
2478535,36.6,28.09
2479237,35.6,28.09
2479939,36.6,28.09
2480641,36.6,28.09
2481343,36.6,28.09
2482045,36.6,28.09
2482747,37.6,28.09
2483449,37.6,28.09
2484151,36.6,28.09
2484853,36.6,28.09
2485555,36.6,28.09
2486257,36.6,28.09
2486959,36.6,28.09
2487661,36.6,28.09
2488363,35.6,28.10
2489065,36.6,28.09
2489767,36.6,28.10
2490469,36.6,28.10
2491171,37.6,28.09
2491873,36.6,28.09
2492575,36.6,28.09
2493277,36.6,28.09
2493979,36.6,28.10
2494681,36.6,28.09
2495383,36.6,28.10
2496085,36.6,28.09
2496787,36.6,28.10
2497489,36.6,28.10
2498191,35.6,28.09
2498893,36.6,28.09
2499595,36.6,28.10
2500297,36.6,28.11
2500999,37.6,28.10
2501701,37.6,28.10
2502403,37.6,28.09
2503105,37.6,28.10
2503807,37.6,28.10
2504509,37.6,28.10
2505211,37.6,28.10
2505913,36.6,28.10
2506615,36.6,28.10
2507317,36.6,28.10
2508019,36.6,28.09
2508721,37.6,28.10
2509423,36.6,28.09
2510125,36.6,28.10
2510827,36.6,28.10
2511529,36.6,28.10
2512231,37.6,28.10
2512933,37.6,28.10
2513635,36.6,28.10
2514337,36.6,28.11
2515039,36.6,28.10
2515741,36.6,28.10
2516443,35.6,28.10
2517145,36.6,28.10
2517847,36.6,28.09
2518549,36.6,28.09
2519251,36.6,28.10
2519953,36.6,28.10
2520655,36.6,28.09
2521357,37.6,28.10
2522059,37.6,28.09
2522761,36.6,28.09
2523463,36.6,28.09
2524165,36.6,28.09
2524867,36.6,28.10
2525569,35.6,28.09
2526271,35.6,28.10
2526973,36.6,28.09
2527675,35.6,28.09
2528377,35.6,28.09
2529079,36.6,28.10
2529781,36.6,28.09
2530483,36.6,28.10
2531185,36.6,28.09
2531887,37.6,28.09
2532589,36.6,28.09
2533291,36.6,28.09
2533993,36.6,28.09
2534695,35.6,28.10
2535397,36.6,28.09
2536099,35.6,28.10
2536801,36.6,28.10
2537503,36.6,28.10
2538205,36.6,28.09
2538907,36.6,28.10
2539609,36.6,28.09
2540311,37.6,28.09
2541013,37.6,28.10
2541715,36.6,28.10
2542417,37.6,28.09
2543119,36.6,28.09
2543821,36.6,28.09
2544523,36.6,28.09
2545225,36.6,28.10
2545927,37.6,28.10
2546629,37.6,28.10
2547331,37.6,28.10
2548033,37.6,28.09
2548735,36.6,28.09
2549437,36.6,28.09
2550139,36.6,28.09
2550841,36.6,28.09
2551543,37.6,28.09
2552245,37.6,28.10
2552947,36.6,28.09
2553649,36.6,28.10
2554351,35.6,28.10
2555053,36.6,28.09
2555755,36.6,28.09
2556457,36.6,28.10
2557159,36.6,28.09
2557861,37.6,28.09
2558563,37.6,28.10
2559265,36.6,28.10
2559967,36.6,28.10
2560669,36.6,28.09
2561371,35.6,28.09
2562073,36.6,28.09
2562775,36.6,28.09
2563477,36.6,28.10
2564179,36.6,28.10
2564881,36.6,28.09
2565583,37.6,28.09
2566285,37.6,28.10
2566987,36.6,28.10
2567689,36.6,28.09
2568391,36.6,28.09
2569093,37.6,28.10
2569795,37.6,28.10
2570497,36.6,28.09
2571199,37.6,28.10
2571901,37.6,28.10
2572603,37.6,28.10
2573305,37.6,28.10
2574007,36.6,28.09
2574709,36.6,28.09
2575411,36.6,28.09
2576113,36.6,28.10
2576815,36.6,28.09
2577517,37.6,28.10
2578219,36.6,28.10
2578921,36.6,28.10
2579623,36.6,28.09
2580325,36.6,28.09
2581027,36.6,28.10
2581729,37.6,28.09
2582431,37.6,28.10
2583133,36.6,28.09
2583835,36.6,28.09
2584537,36.6,28.09
2585239,36.6,28.09
2585941,36.6,28.09
2586643,36.6,28.09
2587345,37.6,28.09
2588047,36.6,28.09
2588749,36.6,28.09
2589451,36.6,28.09
2590153,36.6,28.09
2590855,37.6,28.09
2591557,37.6,28.09
2592259,36.6,28.09
2592961,37.6,28.09
2593663,36.6,28.09
2594365,36.6,28.09
2595067,37.6,28.10
2595769,37.6,28.10
2596471,37.6,28.09
2597173,35.6,28.09
2597875,36.6,28.09
2598577,36.6,28.10
2599279,37.6,28.10
2599981,37.6,28.10
2600683,37.6,28.09
2601385,36.6,28.10
2602087,37.6,28.10
2602789,36.6,28.10
2603491,37.6,28.10
2604193,37.6,28.10
2604895,37.6,28.10
2605597,36.6,28.10
2606299,36.6,28.09
2607001,36.6,28.10
2607703,36.6,28.10
2608405,36.6,28.10
2609107,36.6,28.10
2609809,36.6,28.09
2610511,37.6,28.10
2611213,37.6,28.10
2611915,37.6,28.09
2612617,37.6,28.10
2613319,37.6,28.10
2614021,37.6,28.10
2614723,37.6,28.09
2615425,37.6,28.09
2616127,37.6,28.09
2616829,36.6,28.09
2617531,36.6,28.09
2618233,37.6,28.09
2618935,36.6,28.09
2619637,36.6,28.10
2620339,36.6,28.09
2621041,36.6,28.10
2621743,35.6,28.09
2622445,36.6,28.09
2623147,35.6,28.10
2623849,36.6,28.10
2624551,36.6,28.10
2625253,36.6,28.09
2625955,37.6,28.09
2626657,37.6,28.09
2627359,37.6,28.09
2628061,37.6,28.09
2628763,36.6,28.09
2629465,36.6,28.09
2630167,36.6,28.10
2630869,36.6,28.09
2631571,36.6,28.09
2632273,37.6,28.10
2632975,37.6,28.09
2633677,37.6,28.09
2634379,37.6,28.10
2635081,37.6,28.09
2635783,37.6,28.09
2636485,37.6,28.10
2637187,36.6,28.09
2637889,36.6,28.10
2638591,37.6,28.09
2639293,36.6,28.09
2639995,36.6,28.10
2640697,36.6,28.09
2641399,36.6,28.10
2642101,37.6,28.09
2642803,37.6,28.10
2643505,37.6,28.09
2644207,37.6,28.09
2644909,37.6,28.09
2645611,37.6,28.09
2646313,37.6,28.09
2647015,37.6,28.09
2647717,36.6,28.10
2648419,37.6,28.10
2649121,36.6,28.09
2649823,36.6,28.10
2650525,37.6,28.10
2651227,36.6,28.10
2651929,36.6,28.10
2652631,36.6,28.09
2653333,37.6,28.10
2654035,37.6,28.10
2654737,37.6,28.10
2655439,37.6,28.10
2656141,37.6,28.09
2656843,37.6,28.09
2657545,36.6,28.09
2658247,36.6,28.10
2658949,37.6,28.10
2659651,36.6,28.09
2660353,36.6,28.09
2661055,35.6,28.10
2661757,36.6,28.10
2662459,35.6,28.10
2663161,36.6,28.10
2663863,36.6,28.10
2664565,35.6,28.10
2665267,36.6,28.09
2665969,37.6,28.09
2666671,36.6,28.10
2667373,36.6,28.10
2668075,36.6,28.10
2668777,36.6,28.10
2669479,37.6,28.09
2670181,37.6,28.10
2670883,37.6,28.10
2671585,37.6,28.10
2672287,37.6,28.10
2672989,36.6,28.10
2673691,36.6,28.09
2674393,36.6,28.09
2675095,36.6,28.09
2675797,36.6,28.10
2676499,36.6,28.10
2677201,36.6,28.10
2677903,35.6,28.10
2678605,35.6,28.10
2679307,36.6,28.10
2680009,36.6,28.10
2680711,36.6,28.10
2681413,36.6,28.10
2682115,36.6,28.10
2682817,36.6,28.10
2683519,36.6,28.10
2684221,36.6,28.10
2684923,35.6,28.10
2685625,36.6,28.10
2686327,36.6,28.10
2687029,36.6,28.10
2687731,36.6,28.10
2688433,36.6,28.10
2689135,37.6,28.09
2689837,37.6,28.10
2690539,36.6,28.10
2691241,35.6,28.10
2691943,36.6,28.10
2692645,36.6,28.10
2693347,37.6,28.10
2694049,37.6,28.10
2694751,36.6,28.10
2695453,37.6,28.10
2696155,37.6,28.10
2696857,37.6,28.10
2697559,37.6,28.10
2698261,37.6,28.10
2698963,37.6,28.10
2699665,37.6,28.09
2700367,37.6,28.10
2701069,36.6,28.09
2701771,36.6,28.09
2702473,36.6,28.10
2703175,36.6,28.10
2703877,36.6,28.10
2704579,36.6,28.10
2705281,36.6,28.10
2705983,36.6,28.10
2706685,36.6,28.10
2707387,36.6,28.10
2708089,37.6,28.10
2708791,37.6,28.10
2709493,37.6,28.10
2710195,37.6,28.10
2710897,37.6,28.10
2711599,37.6,28.10
2712301,36.6,28.10
2713003,36.6,28.10
2713705,37.6,28.10
2714407,36.6,28.10
2715109,36.6,28.10
2715811,36.6,28.09
2716513,36.6,28.10
2717215,36.6,28.09
2717917,36.6,28.10
2718619,35.6,28.10
2719321,36.6,28.10
2720023,36.6,28.09
2720725,36.6,28.10
2721427,36.6,28.10
2722129,37.6,28.10
2722831,37.6,28.09
2723533,37.6,28.10
2724235,37.6,28.10
2724937,37.6,28.10
2725639,37.6,28.10
2726341,37.6,28.10
2727043,36.6,28.10
2727745,36.6,28.09
2728447,36.6,28.10
2729149,36.6,28.10
2729851,37.6,28.09
2730553,37.6,28.10
2731255,36.6,28.10
2731957,35.6,28.11
2732659,36.6,28.11
2733361,36.6,28.12
2734063,36.6,28.12
2734765,36.6,28.13
2735467,36.6,28.13
2736169,37.6,28.14
2736871,35.6,28.15
2737573,36.6,28.15
2738275,37.6,28.17
2738977,37.6,28.17
2739679,36.6,28.18
2740381,37.6,28.18
2741083,36.6,28.19
2741785,36.6,28.20
2742487,36.6,28.20
2743189,37.6,28.21
2743891,37.6,28.22
2744593,37.6,28.23
2745295,37.6,28.23
2745997,37.6,28.24
2746699,37.6,28.24
2747401,37.6,28.26
2748103,36.6,28.26
2748805,36.6,28.28
2749507,36.6,28.28
2750209,36.6,28.29
2750911,36.6,28.29
2751613,37.6,28.30
2752315,36.6,28.31
2753017,36.6,28.32
2753719,36.6,28.32
2754421,36.6,28.33
2755123,36.6,28.33
2755825,37.6,28.34
2756527,37.6,28.35
2757229,37.6,28.35
2757931,37.6,28.36
2758633,37.6,28.36
2759335,37.6,28.37
2760037,37.6,28.38
2760739,36.6,28.39
2761441,37.6,28.39
2762143,36.6,28.39
2762845,36.6,28.40
2763547,36.6,28.41
2764249,37.6,28.41
2764951,37.6,28.42
2765653,36.6,28.43
2766355,36.6,28.44
2767057,36.6,28.45
2767759,36.6,28.45
2768461,36.6,28.47
2769163,35.6,28.47
2769865,36.6,28.48
2770567,37.6,28.49
2771269,36.6,28.50
2771971,37.6,28.51
2772673,36.6,28.53
2773375,37.6,28.54
2774077,37.6,28.58
2774779,37.6,28.60
2775481,37.6,28.64
2776183,37.6,28.67
2776885,37.6,28.71
2777587,37.6,28.72
2778289,38.6,28.74
2778991,38.6,28.76
2779693,38.6,28.81
2780395,38.6,28.84
2781097,38.6,28.86
2781799,38.6,28.88
2782501,38.6,28.90
2783203,37.6,28.93
2783905,37.6,28.95
2784607,38.6,28.98
2785309,37.6,29.01
2786011,37.6,29.03
2786713,38.6,29.07
2787415,38.6,29.10
2788117,38.6,29.12
2788819,38.6,29.16
2789521,37.6,29.18
2790223,37.6,29.22
2790925,37.6,29.26
2791627,37.6,29.29
2792329,37.6,29.33
2793031,38.6,29.38
2793733,38.6,29.46
2794435,38.6,29.49
2795137,38.6,29.61
2795839,37.6,29.66
2796541,37.6,29.70
2797243,38.6,29.74
2797945,38.6,29.78
2798647,38.6,29.83
2799349,38.6,29.87
2800051,38.6,29.92
2800753,38.6,29.97
2801455,38.6,30.02
2802157,38.6,30.08
2802859,38.6,30.14
2803561,38.6,30.20
2804263,38.6,30.25
2804965,39.6,30.30
2805667,38.6,30.34
2806369,38.6,30.38
2807071,38.6,30.43
2807773,38.6,30.48
2808475,38.6,30.53
2809177,38.6,30.58
2809879,38.6,30.62
2810581,38.6,30.68
2811283,39.6,30.73
2811985,39.6,30.78
2812687,39.6,30.83
2813389,39.6,30.88
2814091,39.6,30.94
2814793,39.6,30.98
2815495,40.6,31.03
2816197,40.6,31.08
2816899,40.6,31.13
2817601,40.6,31.19
2818303,40.6,31.24
2819005,40.6,31.29
2819707,40.6,31.34
2820409,40.6,31.39
2821111,40.6,31.44
2821813,40.6,31.49
2822515,40.6,31.55
2823217,39.6,31.60
2823919,40.6,31.69
2824621,40.6,31.74
2825323,39.6,31.78
2826025,39.6,31.84
2826727,39.6,31.91
2827429,40.6,32.03
2828131,40.6,32.10
2828833,40.6,32.14
2829535,40.6,32.20
2830237,41.6,32.26
2830939,41.6,32.32
2831641,41.6,32.38
2832343,41.6,32.44
2833045,41.6,32.51
2833747,41.6,32.57
2834449,41.6,32.63
2835151,41.6,32.68
2835853,41.6,32.75
2836555,41.6,32.81
2837257,41.6,32.88
2837959,41.6,32.94
2838661,41.6,33.01
2839363,41.6,33.08
2840065,42.6,33.14
2840767,42.6,33.21
2841469,42.6,33.27
2842171,42.6,33.33
2842873,42.6,33.40
2843575,41.6,33.46
2844277,41.6,33.52
2844979,42.6,33.58
2845681,42.6,33.64
2846383,42.6,33.70
2847085,43.6,33.76
2847787,43.6,33.82
2848489,43.6,33.87
2849191,42.6,33.94
2849893,42.6,33.99
2850595,43.6,34.05
2851297,43.6,34.12
2851999,43.6,34.17
2852701,43.6,34.23
2853403,43.6,34.28
2854105,43.6,34.34
2854807,43.6,34.41
2855509,43.6,34.50
2856211,43.6,34.62
2856913,44.6,34.71
2857615,44.6,34.79
2858317,44.6,34.88
2859019,43.6,34.95
2859721,44.6,35.04
2860423,43.6,35.11
2861125,44.6,35.17
2861827,43.6,35.24
2862529,43.6,35.30
2863231,43.6,35.37
2863933,43.6,35.43
2864635,44.6,35.51
2865337,44.6,35.59
2866039,44.6,35.64
2866741,44.6,35.70
2867443,45.6,35.77
2868145,44.6,35.83
2868847,44.6,35.90
2869549,44.6,35.97
2870251,45.6,36.04
2870953,45.6,36.10
2871655,45.6,36.15
2872357,45.6,36.22
2873059,45.6,36.29
2873761,44.6,36.35
2874463,45.6,36.42
2875165,45.6,36.48
2875867,45.6,36.54
2876569,44.6,36.61
2877271,44.6,36.67
2877973,44.6,36.73
2878675,45.6,36.80
2879377,45.6,36.86
2880079,45.6,36.93
2880781,45.6,37.00
2881483,45.6,37.06
2882185,45.6,37.13
2882887,45.6,37.20
2883589,45.6,37.28
2884291,45.6,37.34
2884993,45.6,37.39
2885695,45.6,37.46
2886397,46.6,37.52
2887099,45.6,37.59
2887801,45.6,37.67
2888503,46.6,37.74
2889205,46.6,37.80
2889907,46.6,37.87
2890609,46.6,37.95
2891311,46.6,38.05
2892013,46.6,38.11
2892715,46.6,38.18
2893417,46.6,38.27
2894119,46.6,38.34
2894821,47.6,38.43
2895523,47.6,38.51
2896225,47.6,38.59
2896927,47.6,38.66
2897629,47.6,38.73
2898331,47.6,38.82
2899033,47.6,38.95
2899735,47.6,39.02
2900437,47.6,39.07
2901139,47.6,39.14
2901841,47.6,39.21
2902543,47.6,39.29
2903245,47.6,39.36
2903947,48.6,39.43
2904649,47.6,39.50
2905351,47.6,39.58
2906053,47.6,39.65
2906755,47.6,39.74
2907457,47.6,39.82
2908159,48.6,39.90
2908861,48.6,39.98
2909563,48.6,40.06
2910265,48.6,40.15
2910967,48.6,40.24
2911669,48.6,40.31
2912371,48.6,40.38
2913073,48.6,40.47
2913775,48.6,40.56
2914477,48.6,40.64
2915179,48.6,40.73
2915881,48.6,40.81
2916583,48.6,40.89
2917285,48.6,40.97
2917987,48.6,41.04
2918689,48.6,41.14
2919391,48.6,41.21
2920093,48.6,41.28
2920795,48.6,41.35
2921497,48.6,41.42
2922199,49.6,41.50
2922901,49.6,41.57
2923603,49.6,41.63
2924305,49.6,41.70
2925007,49.6,41.76
2925709,49.6,41.83
2926411,49.6,41.90
2927113,49.6,41.96
2927815,49.6,42.03
2928517,49.6,42.08
2929219,49.6,42.15
2929921,49.6,42.20
2930623,49.6,42.27
2931325,49.6,42.33
2932027,49.6,42.38
2932729,49.6,42.45
2933431,49.6,42.50
2934133,49.6,42.56
2934835,49.6,42.61
2935537,49.6,42.67
2936239,49.6,42.73
2936941,49.6,42.78
2937643,50.6,42.83
2938345,50.6,42.88
2939047,50.6,42.93
2939749,50.6,42.98
2940451,50.6,43.03
2941153,50.6,43.09
2941855,50.6,43.13
2942557,50.6,43.18
2943259,50.6,43.23
2943961,50.6,43.28
2944663,50.6,43.32
2945365,50.6,43.37
2946067,51.6,43.42
2946769,51.6,43.46
2947471,51.6,43.51
2948173,50.6,43.56
2948875,51.6,43.60
2949577,51.6,43.64
2950279,51.6,43.68
2950981,50.6,43.73
2951683,50.6,43.77
2952385,51.6,43.81
2953087,51.6,43.85
2953789,51.6,43.89
2954491,51.6,43.93
2955193,51.6,43.97
2955895,51.6,44.00
2956597,51.6,44.04
2957299,51.6,44.09
2958001,51.6,44.12
2958703,51.6,44.15
2959405,51.6,44.19
2960107,51.6,44.22
2960809,51.6,44.26
2961511,51.6,44.29
2962213,51.6,44.32
2962915,51.6,44.36
2963617,51.6,44.40
2964319,51.6,44.43
2965021,51.6,44.45
2965723,51.6,44.49
2966425,51.6,44.52
2967127,51.6,44.55
2967829,51.6,44.58
2968531,51.6,44.61
2969233,51.6,44.63
2969935,51.6,44.66
2970637,51.6,44.69
2971339,51.6,44.72
2972041,51.6,44.75
2972743,52.6,44.78
2973445,51.6,44.80
2974147,51.6,44.83
2974849,52.6,44.85
2975551,51.6,44.88
2976253,51.6,44.91
2976955,52.6,44.93
2977657,51.6,44.96
2978359,51.6,44.98
2979061,52.6,45.01
2979763,52.6,45.03
2980465,52.6,45.05
2981167,51.6,45.08
2981869,51.6,45.09
2982571,51.6,45.12
2983273,52.6,45.14
2983975,52.6,45.16
2984677,52.6,45.18
2985379,52.6,45.20
2986081,52.6,45.22
2986783,52.6,45.24
2987485,52.6,45.25
2988187,52.6,45.27
2988889,52.6,45.29
2989591,51.6,45.30
2990293,51.6,45.32
2990995,52.6,45.35
2991697,52.6,45.36
2992399,52.6,45.38
2993101,52.6,45.39
2993803,52.6,45.41
2994505,52.6,45.42
2995207,52.6,45.44
2995909,52.6,45.45
2996611,52.6,45.47
2997313,52.6,45.48
2998015,52.6,45.49
2998717,52.6,45.50
2999419,52.6,45.51
3000121,52.6,45.53
3000823,52.6,45.53
3001525,52.6,45.55
3002227,52.6,45.57
3002929,52.6,45.57
3003631,52.6,45.58
3004333,52.6,45.59
3005035,52.6,45.61
3005737,52.6,45.61
3006439,52.6,45.63
3007141,52.6,45.64
3007843,52.6,45.65
3008545,52.6,45.66
3009247,52.6,45.67
3009949,52.6,45.68
3010651,52.6,45.69
3011353,52.6,45.69
3012055,52.6,45.70
3012757,52.6,45.70
3013459,52.6,45.71
3014161,52.6,45.72
3014863,52.6,45.72
3015565,52.6,45.73
3016267,52.6,45.74
3016969,52.6,45.75
3017671,52.6,45.75
3018373,52.6,45.76
3019075,52.6,45.76
3019777,52.6,45.77
3020479,52.6,45.77
3021181,52.6,45.77
3021883,52.6,45.78
3022585,52.6,45.78
3023287,52.6,45.78
3023989,52.6,45.79
3024691,52.6,45.79
3025393,52.6,45.80
3026095,52.6,45.80
3026797,52.6,45.80
3027499,52.6,45.80
3028201,52.6,45.81
3028903,52.6,45.81
3029605,52.6,45.81
3030307,52.6,45.81
3031009,52.6,45.81
3031711,52.6,45.81
3032413,52.6,45.81
3033115,52.6,45.81
3033817,52.6,45.81
3034519,52.6,45.81
3035221,52.6,45.81
3035923,52.6,45.81
3036625,52.6,45.81
3037327,52.6,45.81
3038029,52.6,45.81
3038731,52.6,45.81
3039433,52.6,45.81
3040135,52.6,45.80
3040837,52.6,45.81
3041539,52.6,45.81
3042241,52.6,45.80
3042943,52.6,45.80
3043645,52.6,45.80
3044347,52.6,45.80
3045049,52.6,45.79
3045751,52.6,45.79
3046453,52.6,45.79
3047155,52.6,45.79
3047857,52.6,45.78
3048559,52.6,45.78
3049261,52.6,45.77
3049963,52.6,45.77
3050665,51.6,45.77
3051367,52.6,45.77
3052069,52.6,45.76
3052771,52.6,45.76
3053473,52.6,45.75
3054175,52.6,45.75
3054877,52.6,45.74
3055579,52.6,45.74
3056281,52.6,45.73
3056983,52.6,45.73
3057685,52.6,45.72
3058387,52.6,45.72
3059089,52.6,45.71
3059791,52.6,45.71
3060493,52.6,45.70
3061195,52.6,45.69
3061897,52.6,45.69
3062599,52.6,45.68
3063301,52.6,45.67
3064003,52.6,45.66
3064705,52.6,45.66
3065407,52.6,45.65
3066109,52.6,45.64
3066811,52.6,45.64
3067513,52.6,45.62
3068215,52.6,45.62
3068917,52.6,45.61
3069619,52.6,45.61
3070321,52.6,45.60
3071023,51.6,45.58
3071725,52.6,45.58
3072427,52.6,45.57
3073129,52.6,45.56
3073831,52.6,45.55
3074533,52.6,45.55
3075235,52.6,45.54
3075937,52.6,45.53
3076639,52.6,45.52
3077341,52.6,45.51
3078043,52.6,45.50
3078745,52.6,45.49
3079447,52.6,45.48
3080149,52.6,45.47
3080851,52.6,45.46
3081553,52.6,45.45
3082255,52.6,45.45
3082957,52.6,45.44
3083659,52.6,45.43
3084361,52.6,45.42
3085063,52.6,45.41
3085765,52.6,45.40
3086467,52.6,45.39
3087169,52.6,45.37
3087871,52.6,45.36
3088573,52.6,45.35
3089275,52.6,45.33
3089977,52.6,45.32
3090679,52.6,45.31
3091381,52.6,45.30
3092083,52.6,45.29
3092785,51.6,45.29
3093487,52.6,45.27
3094189,52.6,45.26
3094891,52.6,45.25
3095593,52.6,45.24
3096295,52.6,45.23
3096997,52.6,45.21
3097699,52.6,45.20
3098401,52.6,45.19
3099103,52.6,45.18
3099805,52.6,45.17
3100507,51.6,45.16
3101209,52.6,45.14
3101911,52.6,45.13
3102613,52.6,45.12
3103315,52.6,45.10
3104017,52.6,45.09
3104719,52.6,45.08
3105421,52.6,45.07
3106123,52.6,45.06
3106825,52.6,45.05
3107527,52.6,45.03
3108229,52.6,45.02
3108931,51.6,45.00
3109633,51.6,44.99
3110335,51.6,44.98
3111037,51.6,44.96
3111739,51.6,44.95
3112441,52.6,44.94
3113143,52.6,44.92
3113845,51.6,44.91
3114547,51.6,44.90
3115249,52.6,44.88
3115951,52.6,44.86
3116653,52.6,44.85
3117355,51.6,44.84
3118057,52.6,44.82
3118759,51.6,44.81
3119461,51.6,44.80
3120163,52.6,44.79
3120865,52.6,44.77
3121567,51.6,44.76
3122269,52.6,44.74
3122971,52.6,44.73
3123673,51.6,44.72
3124375,51.6,44.70
3125077,51.6,44.68
3125779,51.6,44.67
3126481,52.6,44.65
3127183,52.6,44.64
3127885,52.6,44.63
3128587,51.6,44.61
3129289,51.6,44.60
3129991,51.6,44.58
3130693,51.6,44.57
3131395,51.6,44.55
3132097,51.6,44.54
3132799,51.6,44.53
3133501,50.6,44.51
3134203,50.6,44.49
3134905,51.6,44.49
3135607,51.6,44.47
3136309,51.6,44.45
3137011,51.6,44.44
3137713,51.6,44.43
3138415,51.6,44.41
3139117,51.6,44.40
3139819,51.6,44.39
3140521,51.6,44.37
3141223,51.6,44.35
3141925,51.6,44.33
3142627,51.6,44.32
3143329,51.6,44.30
3144031,51.6,44.29
3144733,51.6,44.27
3145435,50.6,44.25
3146137,50.6,44.24
3146839,51.6,44.22
3147541,51.6,44.21
3148243,50.6,44.20
3148945,51.6,44.18
3149647,51.6,44.17
3150349,51.6,44.16
3151051,51.6,44.14
3151753,51.6,44.13
3152455,51.6,44.11
3153157,51.6,44.09
3153859,51.6,44.08
3154561,51.6,44.06
3155263,51.6,44.04
3155965,51.6,44.03
3156667,51.6,44.01
3157369,50.6,43.99
3158071,51.6,43.98
3158773,50.6,43.96
3159475,50.6,43.95
3160177,51.6,43.93
3160879,51.6,43.92
3161581,51.6,43.90
3162283,51.6,43.89
3162985,51.6,43.87
3163687,51.6,43.86
3164389,51.6,43.84
3165091,51.6,43.82
3165793,51.6,43.81
3166495,51.6,43.79
3167197,51.6,43.78
3167899,51.6,43.76
3168601,50.6,43.75
3169303,51.6,43.73
3170005,50.6,43.71
3170707,50.6,43.70
3171409,51.6,43.67
3172111,50.6,43.66
3172813,50.6,43.64
3173515,50.6,43.62
3174217,51.6,43.61
3174919,51.6,43.59
3175621,51.6,43.58
3176323,51.6,43.56
3177025,51.6,43.54
3177727,50.6,43.53
3178429,51.6,43.51
3179131,50.6,43.50
3179833,50.6,43.48
3180535,51.6,43.46
3181237,51.6,43.45
3181939,50.6,43.43
3182641,50.6,43.41
3183343,50.6,43.39
3184045,50.6,43.37
3184747,51.6,43.36
3185449,51.6,43.34
3186151,51.6,43.33
3186853,51.6,43.31
3187555,50.6,43.29
3188257,50.6,43.28
3188959,50.6,43.26
3189661,50.6,43.25
3190363,50.6,43.23
3191065,50.6,43.22
3191767,50.6,43.20
3192469,50.6,43.19
3193171,50.6,43.17
3193873,49.6,43.15
3194575,49.6,43.14
3195277,50.6,43.13
3195979,50.6,43.11
3196681,50.6,43.09
3197383,50.6,43.08
3198085,50.6,43.05
3198787,50.6,43.04
3199489,50.6,43.02
3200191,50.6,43.00
3200893,50.6,42.99
3201595,50.6,42.97
3202297,50.6,42.95
3202999,50.6,42.94
3203701,50.6,42.92
3204403,50.6,42.91
3205105,50.6,42.89
3205807,50.6,42.87
3206509,50.6,42.86
3207211,50.6,42.84
3207913,50.6,42.83
3208615,50.6,42.81
3209317,50.6,42.79
3210019,50.6,42.78
3210721,50.6,42.75
3211423,50.6,42.74
3212125,50.6,42.73
3212827,50.6,42.71
3213529,50.6,42.70
3214231,50.6,42.68
3214933,50.6,42.67
3215635,50.6,42.65
3216337,50.6,42.63
3217039,50.6,42.61
3217741,50.6,42.60
3218443,50.6,42.58
3219145,50.6,42.56
3219847,50.6,42.55
3220549,50.6,42.53
3221251,50.6,42.52
3221953,50.6,42.50
3222655,49.6,42.48
3223357,49.6,42.47
3224059,50.6,42.45
3224761,50.6,42.43
3225463,49.6,42.42
3226165,49.6,42.40
3226867,49.6,42.38
3227569,49.6,42.36
3228271,49.6,42.35
3228973,49.6,42.33
3229675,49.6,42.31
3230377,49.6,42.30
3231079,49.6,42.28
3231781,49.6,42.27
3232483,50.6,42.25
3233185,50.6,42.23
3233887,50.6,42.22
3234589,49.6,42.20
3235291,49.6,42.18
3235993,49.6,42.17
3236695,49.6,42.15
3237397,49.6,42.14
3238099,49.6,42.11
3238801,49.6,42.10
3239503,49.6,42.08
3240205,49.6,42.07
3240907,49.6,42.05
3241609,49.6,42.04
3242311,49.6,42.02
3243013,49.6,42.00
3243715,49.6,41.99
3244417,49.6,41.97
3245119,49.6,41.95
3245821,49.6,41.94
3246523,49.6,41.92
3247225,49.6,41.90
3247927,49.6,41.89
3248629,49.6,41.88
3249331,49.6,41.86
3250033,49.6,41.85
3250735,48.6,41.83
3251437,49.6,41.81
3252139,49.6,41.79
3252841,49.6,41.78
3253543,49.6,41.76
3254245,49.6,41.74
3254947,49.6,41.72
3255649,49.6,41.71
3256351,49.6,41.69
3257053,49.6,41.68
3257755,49.6,41.66
3258457,49.6,41.65
3259159,49.6,41.63
3259861,49.6,41.62
3260563,49.6,41.60
3261265,49.6,41.59
3261967,49.6,41.57
3262669,48.6,41.56
3263371,48.6,41.54
3264073,48.6,41.52
3264775,49.6,41.50
3265477,48.6,41.49
3266179,49.6,41.47
3266881,49.6,41.45
3267583,49.6,41.44
3268285,49.6,41.42
3268987,49.6,41.41
3269689,49.6,41.39
3270391,49.6,41.38
3271093,49.6,41.36
3271795,49.6,41.34
3272497,49.6,41.33
3273199,49.6,41.31
3273901,48.6,41.30
3274603,48.6,41.28
3275305,48.6,41.26
3276007,48.6,41.25
3276709,48.6,41.23
3277411,48.6,41.22
3278113,49.6,41.20
3278815,49.6,41.19
3279517,48.6,41.17
3280219,48.6,41.15
3280921,48.6,41.14
3281623,48.6,41.13
3282325,48.6,41.11
3283027,48.6,41.09
3283729,48.6,41.08
3284431,48.6,41.06
3285133,48.6,41.04
3285835,49.6,41.02
3286537,48.6,41.01
3287239,48.6,41.00
3287941,48.6,40.98
3288643,48.6,40.97
3289345,48.6,40.95
3290047,48.6,40.93
3290749,48.6,40.92
3291451,49.6,40.90
3292153,48.6,40.89
3292855,48.6,40.87
3293557,48.6,40.85
3294259,48.6,40.84
3294961,48.6,40.83
3295663,48.6,40.80
3296365,48.6,40.79
3297067,48.6,40.77
3297769,48.6,40.76
3298471,48.6,40.75
3299173,48.6,40.74
3299875,48.6,40.72
3300577,48.6,40.70
3301279,48.6,40.68
3301981,48.6,40.67
3302683,48.6,40.66
3303385,48.6,40.64
3304087,48.6,40.63
3304789,48.6,40.61
3305491,48.6,40.59
3306193,48.6,40.59
3306895,48.6,40.57
3307597,48.6,40.56
3308299,48.6,40.54
3309001,48.6,40.52
3309703,48.6,40.51
3310405,48.6,40.49
3311107,48.6,40.48
3311809,48.6,40.46
3312511,48.6,40.44
3313213,48.6,40.42
3313915,48.6,40.42
3314617,48.6,40.40
3315319,48.6,40.38
3316021,48.6,40.36
3316723,48.6,40.35
3317425,48.6,40.34
3318127,48.6,40.32
3318829,48.6,40.31
3319531,48.6,40.30
3320233,48.6,40.28
3320935,48.6,40.27
3321637,48.6,40.25
3322339,48.6,40.24
3323041,48.6,40.22
3323743,48.6,40.21
3324445,48.6,40.19
3325147,48.6,40.17
3325849,48.6,40.16
3326551,48.6,40.15
3327253,48.6,40.13
3327955,48.6,40.12
3328657,48.6,40.10
3329359,47.6,40.09
3330061,48.6,40.07
3330763,48.6,40.06
3331465,48.6,40.04
3332167,48.6,40.03
3332869,48.6,40.01
3333571,47.6,40.00
3334273,47.6,39.99
3334975,48.6,39.97
3335677,48.6,39.96
3336379,48.6,39.94
3337081,48.6,39.93
3337783,48.6,39.92
3338485,47.6,39.90
3339187,48.6,39.89
3339889,48.6,39.88
3340591,48.6,39.86
3341293,48.6,39.85
3341995,48.6,39.83
3342697,48.6,39.81
3343399,48.6,39.80
3344101,48.6,39.79
3344803,48.6,39.77
3345505,48.6,39.75
3346207,48.6,39.74
3346909,48.6,39.72
3347611,48.6,39.71
3348313,47.6,39.69
3349015,48.6,39.68
3349717,48.6,39.66
3350419,48.6,39.65
3351121,48.6,39.64
3351823,48.6,39.63
3352525,48.6,39.61
3353227,48.6,39.60
3353929,48.6,39.58
3354631,47.6,39.57
3355333,48.6,39.56
3356035,48.6,39.54
3356737,47.6,39.52
3357439,47.6,39.51
3358141,47.6,39.49
3358843,47.6,39.48
3359545,47.6,39.47
3360247,47.6,39.45
3360949,47.6,39.44
3361651,47.6,39.43
3362353,47.6,39.42
3363055,47.6,39.41
3363757,48.6,39.39
3364459,48.6,39.38
3365161,47.6,39.36
3365863,47.6,39.35
3366565,47.6,39.34
3367267,47.6,39.32
3367969,47.6,39.31
3368671,47.6,39.29
3369373,47.6,39.28
3370075,47.6,39.27
3370777,47.6,39.26
3371479,47.6,39.24
3372181,47.6,39.22
3372883,46.6,39.21
3373585,46.6,39.20
3374287,47.6,39.18
3374989,47.6,39.17
3375691,47.6,39.15
3376393,47.6,39.14
3377095,47.6,39.13
3377797,47.6,39.11
3378499,47.6,39.10
3379201,47.6,39.08
3379903,47.6,39.08
3380605,47.6,39.06
3381307,47.6,39.05
3382009,47.6,39.04
3382711,47.6,39.02
3383413,47.6,39.01
3384115,47.6,39.00
3384817,47.6,38.99
3385519,47.6,38.98
3386221,47.6,38.97
3386923,47.6,38.95
3387625,47.6,38.94
3388327,47.6,38.93
3389029,47.6,38.91
3389731,47.6,38.90
3390433,47.6,38.88
3391135,47.6,38.87
3391837,47.6,38.86
3392539,47.6,38.84
3393241,47.6,38.83
3393943,47.6,38.82
3394645,47.6,38.80
3395347,47.6,38.79
3396049,47.6,38.78
3396751,47.6,38.77
3397453,46.6,38.75
3398155,46.6,38.74
3398857,47.6,38.72
3399559,46.6,38.71
3400261,46.6,38.71
3400963,46.6,38.69
3401665,46.6,38.68
3402367,46.6,38.67
3403069,46.6,38.65
3403771,46.6,38.64
3404473,46.6,38.63
3405175,46.6,38.61
3405877,46.6,38.60
3406579,46.6,38.59
3407281,46.6,38.58
3407983,46.6,38.57
3408685,46.6,38.55
3409387,46.6,38.54
3410089,46.6,38.52
3410791,47.6,38.51
3411493,46.6,38.50
3412195,46.6,38.49
3412897,46.6,38.48
3413599,46.6,38.46
3414301,46.6,38.44
3415003,47.6,38.44
3415705,47.6,38.42
3416407,47.6,38.41
3417109,46.6,38.39
3417811,46.6,38.38
3418513,46.6,38.37
3419215,46.6,38.36
3419917,46.6,38.34
3420619,46.6,38.33
3421321,46.6,38.32
3422023,46.6,38.31
3422725,46.6,38.30
3423427,46.6,38.28
3424129,47.6,38.27
3424831,46.6,38.26
3425533,46.6,38.24
3426235,46.6,38.23
3426937,46.6,38.22
3427639,46.6,38.21
3428341,46.6,38.19
3429043,46.6,38.19
3429745,46.6,38.18
3430447,46.6,38.16
3431149,46.6,38.15
3431851,46.6,38.14
3432553,46.6,38.13
3433255,46.6,38.11
3433957,46.6,38.10
3434659,46.6,38.09
3435361,46.6,38.08
3436063,46.6,38.07
3436765,46.6,38.06
3437467,46.6,38.05
3438169,46.6,38.03
3438871,46.6,38.02
3439573,46.6,38.01
3440275,46.6,38.00
3440977,46.6,37.98
3441679,46.6,37.97
3442381,45.6,37.96
3443083,46.6,37.95
3443785,46.6,37.94
3444487,46.6,37.92
3445189,45.6,37.92
3445891,46.6,37.91
3446593,46.6,37.89
3447295,46.6,37.88
3447997,46.6,37.86
3448699,45.6,37.85
3449401,45.6,37.84
3450103,46.6,37.83
3450805,46.6,37.82
3451507,46.6,37.81
3452209,46.6,37.80
3452911,46.6,37.78
3453613,46.6,37.77
3454315,46.6,37.77
3455017,46.6,37.75
3455719,46.6,37.74
3456421,45.6,37.73
3457123,46.6,37.72
3457825,45.6,37.71
3458527,46.6,37.70
3459229,46.6,37.69
3459931,46.6,37.68
3460633,46.6,37.66
3461335,46.6,37.65
3462037,46.6,37.64
3462739,46.6,37.63
3463441,46.6,37.62
3464143,45.6,37.60
3464845,46.6,37.59
3465547,46.6,37.58
3466249,45.6,37.57
3466951,45.6,37.55
3467653,45.6,37.54
3468355,45.6,37.53
3469057,45.6,37.52
3469759,45.6,37.51
3470461,45.6,37.50
3471163,45.6,37.49
3471865,45.6,37.48
3472567,45.6,37.47
3473269,45.6,37.45
3473971,45.6,37.44
3474673,45.6,37.43
3475375,45.6,37.42
3476077,45.6,37.41
3476779,45.6,37.40
3477481,45.6,37.39
3478183,45.6,37.38
3478885,46.6,37.37
3479587,45.6,37.36
3480289,45.6,37.35
3480991,45.6,37.34
3481693,44.6,37.33
3482395,45.6,37.32
3483097,45.6,37.30
3483799,45.6,37.30
3484501,45.6,37.29
3485203,45.6,37.27
3485905,45.6,37.26
3486607,45.6,37.25
3487309,45.6,37.24
3488011,45.6,37.23
3488713,45.6,37.21
3489415,45.6,37.21
3490117,45.6,37.19
3490819,45.6,37.18
3491521,46.6,37.17
3492223,46.6,37.16
3492925,46.6,37.15
3493627,45.6,37.14
3494329,45.6,37.13
3495031,45.6,37.12
3495733,45.6,37.11
3496435,45.6,37.09
3497137,45.6,37.08
3497839,45.6,37.07
3498541,45.6,37.07
3499243,45.6,37.05
3499945,45.6,37.04
3500647,45.6,37.03
3501349,45.6,37.02
3502051,45.6,37.01
3502753,45.6,37.00
3503455,45.6,36.98
3504157,45.6,36.98
3504859,45.6,36.97
3505561,45.6,36.95
3506263,45.6,36.94
3506965,45.6,36.93
3507667,45.6,36.92
3508369,46.6,36.91
3509071,45.6,36.90
3509773,45.6,36.89
3510475,45.6,36.88
3511177,45.6,36.87
3511879,45.6,36.86
3512581,45.6,36.86
3513283,45.6,36.84
3513985,45.6,36.83
3514687,44.6,36.82
3515389,44.6,36.81
3516091,45.6,36.80
3516793,45.6,36.79
3517495,45.6,36.78
3518197,45.6,36.77
3518899,45.6,36.77
3519601,45.6,36.75
3520303,45.6,36.75
3521005,45.6,36.73
3521707,45.6,36.72
3522409,45.6,36.72
3523111,44.6,36.70
3523813,45.6,36.69
3524515,45.6,36.69
3525217,45.6,36.67
3525919,45.6,36.66
3526621,45.6,36.65
3527323,45.6,36.64
3528025,45.6,36.63
3528727,45.6,36.62
3529429,45.6,36.62
3530131,45.6,36.60
3530833,45.6,36.59
3531535,45.6,36.58
3532237,45.6,36.56
3532939,45.6,36.56
3533641,45.6,36.55
3534343,45.6,36.54
3535045,45.6,36.54
3535747,45.6,36.52
3536449,44.6,36.52
3537151,44.6,36.51
3537853,45.6,36.50
3538555,45.6,36.49
3539257,45.6,36.48
3539959,45.6,36.47
3540661,44.6,36.46
3541363,45.6,36.45
3542065,45.6,36.44
3542767,45.6,36.43
3543469,45.6,36.42
3544171,45.6,36.42
3544873,44.6,36.40
3545575,45.6,36.39
3546277,44.6,36.38
3546979,45.6,36.38
3547681,44.6,36.36
3548383,45.6,36.36
3549085,45.6,36.35
3549787,45.6,36.34
3550489,45.6,36.32
3551191,45.6,36.32
3551893,44.6,36.30
3552595,44.6,36.29
3553297,44.6,36.29
3553999,45.6,36.28
3554701,45.6,36.27
3555403,45.6,36.26
3556105,45.6,36.25
3556807,45.6,36.24
3557509,45.6,36.23
3558211,45.6,36.22
3558913,45.6,36.21
3559615,45.6,36.20
3560317,44.6,36.19
3561019,44.6,36.18
3561721,45.6,36.17
3562423,44.6,36.16
3563125,44.6,36.15
3563827,45.6,36.14
3564529,45.6,36.14
3565231,45.6,36.13
3565933,45.6,36.12
3566635,45.6,36.11
3567337,45.6,36.10
3568039,45.6,36.09
3568741,45.6,36.09
3569443,45.6,36.08
3570145,44.6,36.07
3570847,44.6,36.06
3571549,44.6,36.05
3572251,44.6,36.04
3572953,45.6,36.03
3573655,45.6,36.02
3574357,44.6,36.01
3575059,44.6,36.00
3575761,44.6,35.99
3576463,45.6,35.98
3577165,44.6,35.97
3577867,44.6,35.96
3578569,44.6,35.95
3579271,44.6,35.95
3579973,45.6,35.94
3580675,44.6,35.93
3581377,44.6,35.92
3582079,45.6,35.91
3582781,45.6,35.90
3583483,45.6,35.89
3584185,45.6,35.88
3584887,44.6,35.87
3585589,44.6,35.86
3586291,44.6,35.85
3586993,44.6,35.84
3587695,45.6,35.84
3588397,44.6,35.83
3589099,44.6,35.82
3589801,44.6,35.81
3590503,44.6,35.80
3591205,44.6,35.79
3591907,44.6,35.78
3592609,44.6,35.77
3593311,43.6,35.77
3594013,44.6,35.76
3594715,44.6,35.75
3595417,44.6,35.74
3596119,44.6,35.73
3596821,44.6,35.72
3597523,44.6,35.71
3598225,44.6,35.70
3598927,44.6,35.69
3599629,44.6,35.69
3600331,44.6,35.68
3601033,44.6,35.67
3601735,45.6,35.66
3602437,45.6,35.65
3603139,45.6,35.64
3603841,44.6,35.63
3604543,44.6,35.63
3605245,44.6,35.62
3605947,44.6,35.61
3606649,44.6,35.60
3607351,44.6,35.59
3608053,44.6,35.58
3608755,44.6,35.57
3609457,44.6,35.56
3610159,43.6,35.56
3610861,43.6,35.56
3611563,44.6,35.54
3612265,44.6,35.54
3612967,44.6,35.52
3613669,44.6,35.52
3614371,44.6,35.51
3615073,44.6,35.51
3615775,44.6,35.50
3616477,43.6,35.49
3617179,43.6,35.48
3617881,43.6,35.47
3618583,44.6,35.47
3619285,44.6,35.46
3619987,44.6,35.45
3620689,44.6,35.44
3621391,44.6,35.43
3622093,44.6,35.42
3622795,43.6,35.41
3623497,44.6,35.40
3624199,44.6,35.40
3624901,44.6,35.39
3625603,44.6,35.38
3626305,44.6,35.37
3627007,44.6,35.36
3627709,44.6,35.36
3628411,44.6,35.35
3629113,44.6,35.34
3629815,44.6,35.33
3630517,44.6,35.33
3631219,44.6,35.31
3631921,44.6,35.30
3632623,44.6,35.29
3633325,44.6,35.29
3634027,43.6,35.28
3634729,44.6,35.27
3635431,44.6,35.26
3636133,43.6,35.25
3636835,43.6,35.25
3637537,43.6,35.24
3638239,43.6,35.23
3638941,43.6,35.23
3639643,43.6,35.22
3640345,42.6,35.21
3641047,43.6,35.20
3641749,43.6,35.19
3642451,43.6,35.19
3643153,44.6,35.18
3643855,44.6,35.17
3644557,44.6,35.17
3645259,44.6,35.16
3645961,44.6,35.15
3646663,43.6,35.15
3647365,43.6,35.14
3648067,43.6,35.13
3648769,42.6,35.12
3649471,43.6,35.12
3650173,43.6,35.10
3650875,43.6,35.10
3651577,43.6,35.09
3652279,43.6,35.09
3652981,43.6,35.08
3653683,43.6,35.06
3654385,43.6,35.06
3655087,43.6,35.06
3655789,43.6,35.04
3656491,43.6,35.04
3657193,43.6,35.02
3657895,43.6,35.02
3658597,43.6,35.01
3659299,43.6,35.00
3660001,43.6,34.99
3660703,43.6,34.98
3661405,43.6,34.98
3662107,43.6,34.97
3662809,42.6,34.96
3663511,42.6,34.95
3664213,43.6,34.95
3664915,43.6,34.94
3665617,43.6,34.93
3666319,42.6,34.93
3667021,42.6,34.92
3667723,43.6,34.91
3668425,43.6,34.90
3669127,43.6,34.90
3669829,43.6,34.89
3670531,43.6,34.88
3671233,43.6,34.88
3671935,43.6,34.86
3672637,43.6,34.86
3673339,43.6,34.85
3674041,43.6,34.84
3674743,43.6,34.83
3675445,43.6,34.83
3676147,44.6,34.82
3676849,44.6,34.82
3677551,43.6,34.80
3678253,43.6,34.80
3678955,43.6,34.79
3679657,43.6,34.79
3680359,43.6,34.78
3681061,43.6,34.77
3681763,43.6,34.77
3682465,42.6,34.76
3683167,43.6,34.75
3683869,43.6,34.75
3684571,43.6,34.74
3685273,43.6,34.73
3685975,43.6,34.72
3686677,43.6,34.71
3687379,44.6,34.71
3688081,43.6,34.70
3688783,43.6,34.69
3689485,43.6,34.69
3690187,43.6,34.67
3690889,43.6,34.67
3691591,43.6,34.66
3692293,43.6,34.65
3692995,43.6,34.65
3693697,43.6,34.64
3694399,43.6,34.63
3695101,43.6,34.62
3695803,43.6,34.62
3696505,42.6,34.60
3697207,43.6,34.60
3697909,43.6,34.59
3698611,43.6,34.59
3699313,43.6,34.58
3700015,43.6,34.58
3700717,43.6,34.56
3701419,42.6,34.55
3702121,43.6,34.55
3702823,43.6,34.54
3703525,43.6,34.53
3704227,42.6,34.53
3704929,43.6,34.52
3705631,43.6,34.51
3706333,42.6,34.51
3707035,42.6,34.50
3707737,42.6,34.50
3708439,43.6,34.48
3709141,43.6,34.48
3709843,43.6,34.47
3710545,43.6,34.47
3711247,43.6,34.46
3711949,43.6,34.45
3712651,43.6,34.45
3713353,43.6,34.44
3714055,43.6,34.43
3714757,43.6,34.43
3715459,43.6,34.42
3716161,43.6,34.42
3716863,43.6,34.41
3717565,43.6,34.40
3718267,43.6,34.40
3718969,43.6,34.39
3719671,43.6,34.38
3720373,43.6,34.37
3721075,43.6,34.36
3721777,43.6,34.36
3722479,43.6,34.35
3723181,43.6,34.34
3723883,43.6,34.34
3724585,43.6,34.33
3725287,43.6,34.32
3725989,43.6,34.32
3726691,43.6,34.31
3727393,42.6,34.31
3728095,42.6,34.30
3728797,42.6,34.29
3729499,43.6,34.29
3730201,43.6,34.28
3730903,42.6,34.27
3731605,42.6,34.26
3732307,42.6,34.26
3733009,42.6,34.25
3733711,42.6,34.25
3734413,43.6,34.24
3735115,42.6,34.23
3735817,43.6,34.22
3736519,42.6,34.22
3737221,43.6,34.21
3737923,42.6,34.20
3738625,42.6,34.20
3739327,42.6,34.19
3740029,43.6,34.18
3740731,43.6,34.18
3741433,43.6,34.17
3742135,43.6,34.16
3742837,43.6,34.16
3743539,43.6,34.15
3744241,43.6,34.15
3744943,43.6,34.14
3745645,43.6,34.13
3746347,42.6,34.12
3747049,42.6,34.12
3747751,42.6,34.11
3748453,42.6,34.10
3749155,42.6,34.10
3749857,42.6,34.09
3750559,42.6,34.09
3751261,41.6,34.08
3751963,41.6,34.07
3752665,41.6,34.07
3753367,42.6,34.06
3754069,42.6,34.05
3754771,42.6,34.05
3755473,43.6,34.05
3756175,43.6,34.04
3756877,43.6,34.03
3757579,42.6,34.02
3758281,42.6,34.01
3758983,41.6,34.00
3759685,41.6,34.00
3760387,41.6,33.99
3761089,41.6,33.98
3761791,42.6,33.98
3762493,42.6,33.97
3763195,43.6,33.97
3763897,42.6,33.96
3764599,42.6,33.96
3765301,42.6,33.95
3766003,42.6,33.94
3766705,42.6,33.94
3767407,42.6,33.93
3768109,42.6,33.92
3768811,42.6,33.92
3769513,42.6,33.91
3770215,42.6,33.91
3770917,42.6,33.90
3771619,42.6,33.90
3772321,42.6,33.89
3773023,42.6,33.88
3773725,42.6,33.87
3774427,42.6,33.87
3775129,42.6,33.86
3775831,42.6,33.86
3776533,42.6,33.85
3777235,42.6,33.84
3777937,42.6,33.85
3778639,42.6,33.84
3779341,42.6,33.82
3780043,42.6,33.82
3780745,42.6,33.82
3781447,42.6,33.81
3782149,42.6,33.80
3782851,42.6,33.80
3783553,42.6,33.80
3784255,42.6,33.79
3784957,41.6,33.78
3785659,42.6,33.78
3786361,42.6,33.77
3787063,42.6,33.76
3787765,42.6,33.76
3788467,41.6,33.75
3789169,42.6,33.75
3789871,41.6,33.73
3790573,42.6,33.73
3791275,42.6,33.72
3791977,42.6,33.72
3792679,42.6,33.71
3793381,42.6,33.70
3794083,42.6,33.70
3794785,42.6,33.69
3795487,42.6,33.68
3796189,42.6,33.68
3796891,42.6,33.68
3797593,42.6,33.67
3798295,42.6,33.67
3798997,42.6,33.66
3799699,42.6,33.66
3800401,42.6,33.65
3801103,42.6,33.64
3801805,42.6,33.64
3802507,41.6,33.63
3803209,42.6,33.63
3803911,42.6,33.62
3804613,42.6,33.62
3805315,42.6,33.61
3806017,42.6,33.60
3806719,42.6,33.60
3807421,42.6,33.59
3808123,42.6,33.58
3808825,42.6,33.58
3809527,42.6,33.57
3810229,42.6,33.57
3810931,42.6,33.56
3811633,41.6,33.55
3812335,41.6,33.55
3813037,41.6,33.55
3813739,42.6,33.53
3814441,42.6,33.53
3815143,41.6,33.53
3815845,41.6,33.52
3816547,41.6,33.51
3817249,42.6,33.51
3817951,41.6,33.50
3818653,41.6,33.50
3819355,41.6,33.49
3820057,41.6,33.48
3820759,42.6,33.48
3821461,42.6,33.48
3822163,42.6,33.47
3822865,42.6,33.47
3823567,42.6,33.46
3824269,42.6,33.46
3824971,42.6,33.45
3825673,42.6,33.45
3826375,41.6,33.44
3827077,42.6,33.43
3827779,42.6,33.43
3828481,42.6,33.42
3829183,41.6,33.41
3829885,41.6,33.41
3830587,41.6,33.40
3831289,41.6,33.39
3831991,41.6,33.39
3832693,41.6,33.38
3833395,42.6,33.37
3834097,41.6,33.37
3834799,42.6,33.37
3835501,42.6,33.36
3836203,42.6,33.35
3836905,42.6,33.35
3837607,42.6,33.34
3838309,41.6,33.34
3839011,41.6,33.33
3839713,42.6,33.33
3840415,42.6,33.32
3841117,42.6,33.31
3841819,41.6,33.31
3842521,41.6,33.30
3843223,41.6,33.29
3843925,41.6,33.29
3844627,41.6,33.28
3845329,42.6,33.28
3846031,41.6,33.28
3846733,41.6,33.27
3847435,41.6,33.27
3848137,41.6,33.26
3848839,41.6,33.25
3849541,41.6,33.25
3850243,41.6,33.24
3850945,41.6,33.24
3851647,41.6,33.23
3852349,41.6,33.22
3853051,41.6,33.22
3853753,41.6,33.21
3854455,41.6,33.20
3855157,42.6,33.21
3855859,41.6,33.19
3856561,41.6,33.19
3857263,41.6,33.19
3857965,41.6,33.18
3858667,41.6,33.18
3859369,41.6,33.17
3860071,41.6,33.16
3860773,41.6,33.15
3861475,41.6,33.15
3862177,41.6,33.14
3862879,41.6,33.14
3863581,41.6,33.13
3864283,41.6,33.13
3864985,41.6,33.13
3865687,41.6,33.12
3866389,41.6,33.11
3867091,41.6,33.11
3867793,41.6,33.10
3868495,41.6,33.09
3869197,42.6,33.09
3869899,41.6,33.08
3870601,41.6,33.08
3871303,41.6,33.07
3872005,41.6,33.07
3872707,41.6,33.06
3873409,41.6,33.06
3874111,41.6,33.05
3874813,41.6,33.04
3875515,41.6,33.04
3876217,41.6,33.04
3876919,41.6,33.03
3877621,41.6,33.02
3878323,41.6,33.02
3879025,41.6,33.02
3879727,41.6,33.01
3880429,41.6,33.01
3881131,41.6,33.01
3881833,41.6,33.00
3882535,41.6,33.00
3883237,41.6,33.00
3883939,41.6,32.99
3884641,41.6,32.98
3885343,41.6,32.97
3886045,41.6,32.97
3886747,41.6,32.97
3887449,41.6,32.96
3888151,41.6,32.95
3888853,41.6,32.95
3889555,41.6,32.94
3890257,41.6,32.93
3890959,41.6,32.93
3891661,41.6,32.92
3892363,41.6,32.92
3893065,40.6,32.91
3893767,41.6,32.91
3894469,41.6,32.90
3895171,41.6,32.90
3895873,41.6,32.89
3896575,41.6,32.89
3897277,41.6,32.89
3897979,41.6,32.88
3898681,41.6,32.88
3899383,41.6,32.87
3900085,41.6,32.86
3900787,41.6,32.85
3901489,41.6,32.85
3902191,41.6,32.85
3902893,41.6,32.84
3903595,41.6,32.84
3904297,41.6,32.83
3904999,42.6,32.83
3905701,41.6,32.82
3906403,40.6,32.82
3907105,41.6,32.81
3907807,41.6,32.81
3908509,41.6,32.80
3909211,41.6,32.80
3909913,41.6,32.79
3910615,41.6,32.79
3911317,41.6,32.78
3912019,41.6,32.78
3912721,41.6,32.77
3913423,41.6,32.77
3914125,41.6,32.76
3914827,41.6,32.75
3915529,41.6,32.76
3916231,41.6,32.75
3916933,41.6,32.75
3917635,41.6,32.74
3918337,41.6,32.73
3919039,41.6,32.73
3919741,40.6,32.72
3920443,40.6,32.72
3921145,40.6,32.71
3921847,41.6,32.70
3922549,41.6,32.70
3923251,41.6,32.70
3923953,41.6,32.69
3924655,41.6,32.68
3925357,41.6,32.68
3926059,40.6,32.68
3926761,41.6,32.67
3927463,40.6,32.67
3928165,41.6,32.66
3928867,41.6,32.66
3929569,41.6,32.66
3930271,41.6,32.65
3930973,40.6,32.64
3931675,41.6,32.64
3932377,41.6,32.64
3933079,41.6,32.63
3933781,41.6,32.63
3934483,41.6,32.62
3935185,41.6,32.62
3935887,41.6,32.62
3936589,41.6,32.61
3937291,41.6,32.61
3937993,41.6,32.60
3938695,41.6,32.60
3939397,41.6,32.59
3940099,41.6,32.59
3940801,41.6,32.59
3941503,41.6,32.58
3942205,41.6,32.58
3942907,41.6,32.58
3943609,40.6,32.57
3944311,41.6,32.56
3945013,41.6,32.55
3945715,41.6,32.55
3946417,41.6,32.55
3947119,41.6,32.54
3947821,41.6,32.54
3948523,41.6,32.53
3949225,41.6,32.53
3949927,41.6,32.52
3950629,41.6,32.52
3951331,40.6,32.51
3952033,40.6,32.51
3952735,41.6,32.51
3953437,40.6,32.50
3954139,40.6,32.50
3954841,40.6,32.49
3955543,40.6,32.49
3956245,40.6,32.48
3956947,41.6,32.48
3957649,40.6,32.47
3958351,40.6,32.46
3959053,41.6,32.47
3959755,40.6,32.46
3960457,40.6,32.45
3961159,40.6,32.45
3961861,41.6,32.44
3962563,41.6,32.44
3963265,41.6,32.43
3963967,40.6,32.43
3964669,41.6,32.42
3965371,41.6,32.42
3966073,41.6,32.41
3966775,41.6,32.41
3967477,41.6,32.40
3968179,41.6,32.40
3968881,41.6,32.39
3969583,40.6,32.39
3970285,40.6,32.39
3970987,40.6,32.38
3971689,40.6,32.38
3972391,40.6,32.38
3973093,40.6,32.37
3973795,40.6,32.37
3974497,41.6,32.36
3975199,41.6,32.36
3975901,41.6,32.35
3976603,41.6,32.34
3977305,41.6,32.34
3978007,41.6,32.34
3978709,41.6,32.33
3979411,40.6,32.33
3980113,41.6,32.32
3980815,40.6,32.32
3981517,40.6,32.32
3982219,41.6,32.31
3982921,41.6,32.31
3983623,41.6,32.31
3984325,41.6,32.30
3985027,40.6,32.30
3985729,41.6,32.29
3986431,40.6,32.29
3987133,41.6,32.28
3987835,40.6,32.28
3988537,40.6,32.27
3989239,40.6,32.27
3989941,41.6,32.27
3990643,41.6,32.26
3991345,41.6,32.26
3992047,40.6,32.25
3992749,40.6,32.25
3993451,40.6,32.25
3994153,39.6,32.24
3994855,40.6,32.23
3995557,40.6,32.23
3996259,40.6,32.23
3996961,40.6,32.22
3997663,40.6,32.22
3998365,41.6,32.22
3999067,41.6,32.22
3999769,41.6,32.21
4000471,41.6,32.21
4001173,40.6,32.20
4001875,40.6,32.20
4002577,40.6,32.19
4003279,40.6,32.19
4003981,40.6,32.18
4004683,40.6,32.18
4005385,40.6,32.17
4006087,41.6,32.17
4006789,41.6,32.16
4007491,41.6,32.16
4008193,41.6,32.16
4008895,41.6,32.15
4009597,40.6,32.15
4010299,40.6,32.14
4011001,40.6,32.14
4011703,40.6,32.13
4012405,41.6,32.13
4013107,40.6,32.13
4013809,40.6,32.12
4014511,40.6,32.12
4015213,40.6,32.11
4015915,40.6,32.11
4016617,40.6,32.10
4017319,40.6,32.10
4018021,41.6,32.09
4018723,40.6,32.09
4019425,41.6,32.09
4020127,41.6,32.08
4020829,41.6,32.08
4021531,41.6,32.07
4022233,40.6,32.07
4022935,41.6,32.07
4023637,41.6,32.06
4024339,41.6,32.06
4025041,41.6,32.05
4025743,41.6,32.05
4026445,41.6,32.05
4027147,41.6,32.04
4027849,40.6,32.04
4028551,39.6,32.03
4029253,39.6,32.03
4029955,40.6,32.03
4030657,39.6,32.02
4031359,40.6,32.01
4032061,40.6,32.01
4032763,40.6,32.01
4033465,40.6,32.00
4034167,40.6,32.00
4034869,40.6,31.99
4035571,40.6,31.99
4036273,40.6,31.98
4036975,40.6,31.98
4037677,40.6,31.98
4038379,40.6,31.97
4039081,40.6,31.96
4039783,40.6,31.96
4040485,41.6,31.96
4041187,40.6,31.95
4041889,41.6,31.95
4042591,41.6,31.95
4043293,41.6,31.94
4043995,40.6,31.94
4044697,40.6,31.94
4045399,41.6,31.93
4046101,40.6,31.93
4046803,40.6,31.92
4047505,40.6,31.92
4048207,40.6,31.92
4048909,39.6,31.91
4049611,40.6,31.91
4050313,40.6,31.91
4051015,40.6,31.90
4051717,40.6,31.89
4052419,40.6,31.89
4053121,40.6,31.88
4053823,41.6,31.88
4054525,40.6,31.88
4055227,41.6,31.88
4055929,40.6,31.88
4056631,41.6,31.87
4057333,41.6,31.87
4058035,41.6,31.86
4058737,41.6,31.86
4059439,40.6,31.86
4060141,40.6,31.85
4060843,40.6,31.85
4061545,41.6,31.85
4062247,41.6,31.85
4062949,41.6,31.84
4063651,41.6,31.83
4064353,40.6,31.83
4065055,40.6,31.83
4065757,40.6,31.82
4066459,40.6,31.82
4067161,40.6,31.81
4067863,40.6,31.81
4068565,40.6,31.81
4069267,40.6,31.81
4069969,39.6,31.80
4070671,39.6,31.80
4071373,40.6,31.79
4072075,39.6,31.79
4072777,40.6,31.78
4073479,40.6,31.78
4074181,39.6,31.77
4074883,40.6,31.76
4075585,40.6,31.76
4076287,40.6,31.76
4076989,41.6,31.76
4077691,41.6,31.75
4078393,41.6,31.75
4079095,41.6,31.75
4079797,40.6,31.74
4080499,40.6,31.74
4081201,39.6,31.73
4081903,40.6,31.73
4082605,39.6,31.73
4083307,40.6,31.73
4084009,40.6,31.73
4084711,40.6,31.72
4085413,40.6,31.71
4086115,40.6,31.71
4086817,40.6,31.71
4087519,40.6,31.70
4088221,40.6,31.70
4088923,40.6,31.70
4089625,40.6,31.69
4090327,40.6,31.69
4091029,40.6,31.69
4091731,40.6,31.69
4092433,40.6,31.68
4093135,40.6,31.68
4093837,40.6,31.67
4094539,40.6,31.67
4095241,41.6,31.67
4095943,40.6,31.66
4096645,40.6,31.66
4097347,40.6,31.66
4098049,40.6,31.65
4098751,39.6,31.65
4099453,40.6,31.64
4100155,40.6,31.64
4100857,40.6,31.64
4101559,40.6,31.64
4102261,40.6,31.63
4102963,40.6,31.63
4103665,40.6,31.63
4104367,40.6,31.62
4105069,40.6,31.62
4105771,39.6,31.62
4106473,40.6,31.61
4107175,39.6,31.61
4107877,40.6,31.61
4108579,40.6,31.60
4109281,39.6,31.60
4109983,39.6,31.59
4110685,40.6,31.59
4111387,40.6,31.59
4112089,40.6,31.58
4112791,40.6,31.58
4113493,40.6,31.58
4114195,40.6,31.57
4114897,40.6,31.57
4115599,39.6,31.56
4116301,39.6,31.56
4117003,39.6,31.56
4117705,40.6,31.56
4118407,39.6,31.55
4119109,40.6,31.55
4119811,40.6,31.54
4120513,40.6,31.54
4121215,40.6,31.53
4121917,41.6,31.53
4122619,40.6,31.53
4123321,40.6,31.52
4124023,40.6,31.52
4124725,40.6,31.52
4125427,40.6,31.52
4126129,40.6,31.51
4126831,40.6,31.50
4127533,40.6,31.50
4128235,39.6,31.50
4128937,40.6,31.50
4129639,39.6,31.49
4130341,40.6,31.49
4131043,40.6,31.49
4131745,40.6,31.48
4132447,40.6,31.48
4133149,40.6,31.48
4133851,40.6,31.47
4134553,39.6,31.47
4135255,39.6,31.47
4135957,39.6,31.47
4136659,40.6,31.46
4137361,40.6,31.45
4138063,40.6,31.45
4138765,40.6,31.44
4139467,39.6,31.44
4140169,39.6,31.44
4140871,39.6,31.43
4141573,39.6,31.43
4142275,40.6,31.42
4142977,39.6,31.42
4143679,40.6,31.42
4144381,40.6,31.42
4145083,40.6,31.41
4145785,40.6,31.41
4146487,40.6,31.41
4147189,40.6,31.40
4147891,40.6,31.40
4148593,40.6,31.39
4149295,40.6,31.39
4149997,40.6,31.39
4150699,40.6,31.38
4151401,40.6,31.38
4152103,40.6,31.38
4152805,40.6,31.38
4153507,40.6,31.37
4154209,40.6,31.37
4154911,39.6,31.37
4155613,40.6,31.36
4156315,40.6,31.36
4157017,39.6,31.36
4157719,40.6,31.35
4158421,40.6,31.35
4159123,40.6,31.35
4159825,40.6,31.34
4160527,40.6,31.33
4161229,40.6,31.33
4161931,40.6,31.33
4162633,40.6,31.33
4163335,40.6,31.33
4164037,40.6,31.32
4164739,40.6,31.32
4165441,40.6,31.32
4166143,40.6,31.32
4166845,40.6,31.31
4167547,40.6,31.31
4168249,39.6,31.31
4168951,39.6,31.30
4169653,39.6,31.30
4170355,39.6,31.30
4171057,38.6,31.29
4171759,38.6,31.29
4172461,38.6,31.29
4173163,39.6,31.29
4173865,40.6,31.28
4174567,40.6,31.28
4175269,39.6,31.28
4175971,38.6,31.27
4176673,39.6,31.27
4177375,39.6,31.27
4178077,39.6,31.26
4178779,39.6,31.26
4179481,38.6,31.25
4180183,39.6,31.26
4180885,39.6,31.25
4181587,39.6,31.25
4182289,39.6,31.25
4182991,39.6,31.24
4183693,39.6,31.24
4184395,39.6,31.24
4185097,39.6,31.23
4185799,39.6,31.23
4186501,40.6,31.23
4187203,40.6,31.22
4187905,40.6,31.22
4188607,40.6,31.22
4189309,39.6,31.22
4190011,39.6,31.21
4190713,39.6,31.21
4191415,39.6,31.20
4192117,39.6,31.20
4192819,39.6,31.20
4193521,39.6,31.20
4194223,39.6,31.19
4194925,40.6,31.19
4195627,39.6,31.19
4196329,39.6,31.18
4197031,39.6,31.18
4197733,39.6,31.18
4198435,39.6,31.17
4199137,39.6,31.17
4199839,40.6,31.17
4200541,39.6,31.16
4201243,39.6,31.16
4201945,39.6,31.16
4202647,39.6,31.15
4203349,39.6,31.15
4204051,39.6,31.14
4204753,39.6,31.14
4205455,39.6,31.14
4206157,39.6,31.13
4206859,39.6,31.13
4207561,39.6,31.13
4208263,39.6,31.13
4208965,39.6,31.12
4209667,39.6,31.12
4210369,38.6,31.12
4211071,39.6,31.11
4211773,39.6,31.11
4212475,39.6,31.11
4213177,39.6,31.11
4213879,38.6,31.10
4214581,38.6,31.10
4215283,38.6,31.10
4215985,38.6,31.09
4216687,38.6,31.09
4217389,38.6,31.08
4218091,39.6,31.08
4218793,38.6,31.08
4219495,39.6,31.08
4220197,39.6,31.07
4220899,39.6,31.07
4221601,39.6,31.07
4222303,39.6,31.07
4223005,39.6,31.06
4223707,39.6,31.06
4224409,39.6,31.05
4225111,39.6,31.05
4225813,39.6,31.05
4226515,39.6,31.05
4227217,39.6,31.04
4227919,39.6,31.04
4228621,40.6,31.04
4229323,40.6,31.04
4230025,39.6,31.03
4230727,40.6,31.03
4231429,39.6,31.03
4232131,39.6,31.03
4232833,39.6,31.03
4233535,39.6,31.02
4234237,39.6,31.02
4234939,39.6,31.01
4235641,39.6,31.01
4236343,39.6,31.01
4237045,39.6,31.00
4237747,40.6,31.01
4238449,39.6,31.00
4239151,39.6,31.00
4239853,39.6,30.99
4240555,39.6,30.99
4241257,40.6,30.99
4241959,39.6,30.99
4242661,39.6,30.98
4243363,39.6,30.97
4244065,39.6,30.97
4244767,40.6,30.97
4245469,38.6,30.97
4246171,38.6,30.97
4246873,39.6,30.96
4247575,39.6,30.96
4248277,39.6,30.96
4248979,38.6,30.96
4249681,39.6,30.95
4250383,39.6,30.96
4251085,39.6,30.95
4251787,39.6,30.95
4252489,39.6,30.95
4253191,40.6,30.94
4253893,40.6,30.94
4254595,39.6,30.93
4255297,39.6,30.93
4255999,38.6,30.93
4256701,39.6,30.92
4257403,38.6,30.92
4258105,39.6,30.92
4258807,39.6,30.92
4259509,39.6,30.92
4260211,38.6,30.91
4260913,39.6,30.91
4261615,39.6,30.90
4262317,39.6,30.90
4263019,39.6,30.90
4263721,39.6,30.89
4264423,38.6,30.89
4265125,39.6,30.89
4265827,39.6,30.88
4266529,39.6,30.88
4267231,39.6,30.88
4267933,39.6,30.88
4268635,39.6,30.88
4269337,39.6,30.87
4270039,39.6,30.87
4270741,39.6,30.87
4271443,39.6,30.86
4272145,39.6,30.86
4272847,39.6,30.86
4273549,39.6,30.85
4274251,38.6,30.85
4274953,39.6,30.85
4275655,39.6,30.84
4276357,39.6,30.85
4277059,39.6,30.84
4277761,39.6,30.84
4278463,39.6,30.84
4279165,39.6,30.83
4279867,39.6,30.83
4280569,39.6,30.83
4281271,39.6,30.82
4281973,39.6,30.81
4282675,39.6,30.81
4283377,38.6,30.81
4284079,39.6,30.81
4284781,39.6,30.81
4285483,39.6,30.80
4286185,39.6,30.80
4286887,39.6,30.79
4287589,40.6,30.79
4288291,40.6,30.79
4288993,40.6,30.79
4289695,39.6,30.78
4290397,39.6,30.79
4291099,38.6,30.78
4291801,38.6,30.78
4292503,38.6,30.78
4293205,38.6,30.77
4293907,39.6,30.77
4294609,38.6,30.76
4295311,39.6,30.76
4296013,38.6,30.76
4296715,39.6,30.76
4297417,38.6,30.75
4298119,38.6,30.75
4298821,38.6,30.75
4299523,39.6,30.75
4300225,39.6,30.75
4300927,39.6,30.75
4301629,39.6,30.74
4302331,39.6,30.73
4303033,39.6,30.73
4303735,39.6,30.72
4304437,39.6,30.72
4305139,39.6,30.72
4305841,39.6,30.72
4306543,39.6,30.71
4307245,39.6,30.72
4307947,39.6,30.71
4308649,39.6,30.70
4309351,39.6,30.70
4310053,39.6,30.70
4310755,39.6,30.69
4311457,39.6,30.69
4312159,39.6,30.69
4312861,38.6,30.69
4313563,39.6,30.69
4314265,38.6,30.68
4314967,38.6,30.68
4315669,38.6,30.67
4316371,39.6,30.67
4317073,39.6,30.67
4317775,38.6,30.67
4318477,39.6,30.67
4319179,38.6,30.66
4319881,38.6,30.66
4320583,38.6,30.66
4321285,38.6,30.66
4321987,38.6,30.65
4322689,38.6,30.65
4323391,39.6,30.65
4324093,39.6,30.65
4324795,39.6,30.64
4325497,39.6,30.64
4326199,39.6,30.64
4326901,39.6,30.64
4327603,38.6,30.63
4328305,39.6,30.63
4329007,39.6,30.63
4329709,39.6,30.62
4330411,39.6,30.62
4331113,39.6,30.62
4331815,38.6,30.62
4332517,38.6,30.62
4333219,39.6,30.62
4333921,39.6,30.61
4334623,39.6,30.61
4335325,39.6,30.60
4336027,39.6,30.60
4336729,39.6,30.60
4337431,39.6,30.60
4338133,39.6,30.60
4338835,39.6,30.60
4339537,39.6,30.59
4340239,39.6,30.59
4340941,38.6,30.59
4341643,39.6,30.58
4342345,38.6,30.58
4343047,39.6,30.58
4343749,38.6,30.57
4344451,38.6,30.57
4345153,38.6,30.57
4345855,38.6,30.57
4346557,38.6,30.56
4347259,39.6,30.56
4347961,38.6,30.56
4348663,38.6,30.56
4349365,38.6,30.55
4350067,38.6,30.55
4350769,38.6,30.55
4351471,38.6,30.55
4352173,38.6,30.54
4352875,38.6,30.54
4353577,38.6,30.54
4354279,38.6,30.53
4354981,38.6,30.53
4355683,38.6,30.53
4356385,38.6,30.53
4357087,39.6,30.52
4357789,39.6,30.52
4358491,39.6,30.52
4359193,38.6,30.51
4359895,38.6,30.51
4360597,38.6,30.51
4361299,38.6,30.51
4362001,39.6,30.50
4362703,38.6,30.50
4363405,38.6,30.50
4364107,38.6,30.49
4364809,38.6,30.49
4365511,38.6,30.49
4366213,38.6,30.49
4366915,38.6,30.49
4367617,38.6,30.48
4368319,39.6,30.48
4369021,39.6,30.48
4369723,38.6,30.48
4370425,38.6,30.48
4371127,39.6,30.47
4371829,38.6,30.47
4372531,38.6,30.46
4373233,38.6,30.46
4373935,38.6,30.46
4374637,38.6,30.46
4375339,38.6,30.46
4376041,38.6,30.45
4376743,39.6,30.45
4377445,38.6,30.45
4378147,38.6,30.45
4378849,39.6,30.44
4379551,39.6,30.45
4380253,39.6,30.44
4380955,39.6,30.43
4381657,39.6,30.43
4382359,39.6,30.43
4383061,39.6,30.43
4383763,39.6,30.43
4384465,38.6,30.42
4385167,38.6,30.42
4385869,38.6,30.42
4386571,38.6,30.42
4387273,38.6,30.41
4387975,38.6,30.41
4388677,39.6,30.41
4389379,38.6,30.40
4390081,38.6,30.40
4390783,38.6,30.40
4391485,38.6,30.40
4392187,39.6,30.40
4392889,39.6,30.39
4393591,39.6,30.39
4394293,39.6,30.40
4394995,39.6,30.39
4395697,39.6,30.39
4396399,39.6,30.39
4397101,39.6,30.38
4397803,38.6,30.38
4398505,38.6,30.38
4399207,38.6,30.38
4399909,38.6,30.37
4400611,38.6,30.37
4401313,38.6,30.37
4402015,38.6,30.37
4402717,38.6,30.37
4403419,38.6,30.36
4404121,39.6,30.37
4404823,39.6,30.36
4405525,39.6,30.36
4406227,39.6,30.35
4406929,38.6,30.35
4407631,39.6,30.35
4408333,39.6,30.35
4409035,39.6,30.34
4409737,38.6,30.34
4410439,38.6,30.34
4411141,39.6,30.33
4411843,39.6,30.33
4412545,39.6,30.33
4413247,39.6,30.33
4413949,39.6,30.33
4414651,38.6,30.33
4415353,38.6,30.32
4416055,38.6,30.32
4416757,38.6,30.32
4417459,38.6,30.32
4418161,38.6,30.32
4418863,38.6,30.32
4419565,38.6,30.31
4420267,38.6,30.31
4420969,38.6,30.31
4421671,38.6,30.31
4422373,39.6,30.30
4423075,39.6,30.30
4423777,39.6,30.30
4424479,39.6,30.30
4425181,39.6,30.30
4425883,39.6,30.30
4426585,39.6,30.29
4427287,39.6,30.29
4427989,39.6,30.29
4428691,38.6,30.28
4429393,39.6,30.28
4430095,38.6,30.28
4430797,39.6,30.28
4431499,39.6,30.27
4432201,38.6,30.27
4432903,38.6,30.26
4433605,38.6,30.26
4434307,38.6,30.26
4435009,38.6,30.25
4435711,38.6,30.25
4436413,39.6,30.25
4437115,39.6,30.25
4437817,38.6,30.25
4438519,39.6,30.25
4439221,38.6,30.24
4439923,38.6,30.24
4440625,38.6,30.24
4441327,38.6,30.24
4442029,39.6,30.24
4442731,39.6,30.24
4443433,39.6,30.23
4444135,39.6,30.23
4444837,39.6,30.23
4445539,38.6,30.22
4446241,38.6,30.22
4446943,38.6,30.22
4447645,38.6,30.22
4448347,38.6,30.22
4449049,38.6,30.21
4449751,38.6,30.21
4450453,38.6,30.21
4451155,38.6,30.20
4451857,38.6,30.20
4452559,38.6,30.20
4453261,38.6,30.20
4453963,38.6,30.20
4454665,38.6,30.20
4455367,37.6,30.20
4456069,37.6,30.19
4456771,38.6,30.19
4457473,38.6,30.19
4458175,38.6,30.18
4458877,38.6,30.18
4459579,38.6,30.18
4460281,39.6,30.18
4460983,39.6,30.17
4461685,38.6,30.17
4462387,38.6,30.16
4463089,38.6,30.17
4463791,38.6,30.16
4464493,39.6,30.16
4465195,38.6,30.16
4465897,39.6,30.15
4466599,39.6,30.15
4467301,39.6,30.15
4468003,39.6,30.15
4468705,39.6,30.15
4469407,39.6,30.15
4470109,38.6,30.15
4470811,38.6,30.14
4471513,38.6,30.14
4472215,38.6,30.14
4472917,38.6,30.14
4473619,38.6,30.14
4474321,39.6,30.13
4475023,39.6,30.13
4475725,39.6,30.12
4476427,38.6,30.12
4477129,38.6,30.12
4477831,38.6,30.12
4478533,38.6,30.11
4479235,38.6,30.11
4479937,38.6,30.11
4480639,38.6,30.11
4481341,38.6,30.11
4482043,38.6,30.10
4482745,38.6,30.10
4483447,38.6,30.10
4484149,38.6,30.10
4484851,38.6,30.10
4485553,38.6,30.10
4486255,38.6,30.09
4486957,38.6,30.09
4487659,38.6,30.09
4488361,38.6,30.09
4489063,38.6,30.09
4489765,38.6,30.09
4490467,38.6,30.09
4491169,38.6,30.08
4491871,38.6,30.08
4492573,38.6,30.08
4493275,38.6,30.08
4493977,38.6,30.07
4494679,38.6,30.07
4495381,38.6,30.07
4496083,38.6,30.06
4496785,38.6,30.06
4497487,38.6,30.06
4498189,38.6,30.06
4498891,38.6,30.06
4499593,38.6,30.06
4500295,38.6,30.05
4500997,38.6,30.05
4501699,38.6,30.05
4502401,38.6,30.05
4503103,38.6,30.04
4503805,38.6,30.05
4504507,38.6,30.04
4505209,38.6,30.04
4505911,38.6,30.04
4506613,38.6,30.04
4507315,38.6,30.04
4508017,38.6,30.04
4508719,38.6,30.03
4509421,38.6,30.03
4510123,38.6,30.03
4510825,38.6,30.03
4511527,38.6,30.02
4512229,38.6,30.02
4512931,38.6,30.02
4513633,37.6,30.02
4514335,38.6,30.02
4515037,38.6,30.01
4515739,38.6,30.01
4516441,38.6,30.01
4517143,38.6,30.01
4517845,38.6,30.01
4518547,38.6,30.00
4519249,37.6,30.01
4519951,37.6,30.00
4520653,37.6,30.00
4521355,38.6,30.00
4522057,38.6,29.99
4522759,38.6,29.99
4523461,38.6,29.99
4524163,38.6,29.99
4524865,37.6,29.98
4525567,37.6,29.98
4526269,38.6,29.98
4526971,37.6,29.98
4527673,37.6,29.98
4528375,38.6,29.97
4529077,37.6,29.97
4529779,38.6,29.96
4530481,38.6,29.96
4531183,38.6,29.96
4531885,38.6,29.96
4532587,38.6,29.96
4533289,38.6,29.96
4533991,38.6,29.96
4534693,38.6,29.95
4535395,38.6,29.95
4536097,38.6,29.95
4536799,38.6,29.95
4537501,38.6,29.94
4538203,38.6,29.95
4538905,38.6,29.94
4539607,38.6,29.94
4540309,38.6,29.94
4541011,38.6,29.94
4541713,38.6,29.93
4542415,38.6,29.93
4543117,38.6,29.92
4543819,38.6,29.92
4544521,38.6,29.92
4545223,38.6,29.92
4545925,38.6,29.92
4546627,38.6,29.92
4547329,37.6,29.92
4548031,37.6,29.92
4548733,38.6,29.92
4549435,38.6,29.91
4550137,38.6,29.91
4550839,38.6,29.91
4551541,38.6,29.90
4552243,38.6,29.90
4552945,38.6,29.90
4553647,38.6,29.90
4554349,38.6,29.90
4555051,38.6,29.90
4555753,38.6,29.89
4556455,38.6,29.89
4557157,38.6,29.89
4557859,38.6,29.89
4558561,38.6,29.89
4559263,38.6,29.89
4559965,38.6,29.89
4560667,37.6,29.88
4561369,38.6,29.88
4562071,38.6,29.87
4562773,38.6,29.87
4563475,37.6,29.87
4564177,38.6,29.87
4564879,38.6,29.86
4565581,38.6,29.86
4566283,38.6,29.86
4566985,38.6,29.86
4567687,38.6,29.86
4568389,37.6,29.85
4569091,38.6,29.85
4569793,37.6,29.85
4570495,37.6,29.85
4571197,38.6,29.85
4571899,38.6,29.84
4572601,38.6,29.84
4573303,38.6,29.84
4574005,38.6,29.84
4574707,38.6,29.83
4575409,38.6,29.83
4576111,38.6,29.83
4576813,38.6,29.83
4577515,38.6,29.83
4578217,38.6,29.83
4578919,38.6,29.83
4579621,38.6,29.83
4580323,38.6,29.82
4581025,38.6,29.82
4581727,38.6,29.81
4582429,38.6,29.81
4583131,38.6,29.81
4583833,38.6,29.81
4584535,38.6,29.81
4585237,38.6,29.80
4585939,38.6,29.81
4586641,38.6,29.80
4587343,38.6,29.80
4588045,38.6,29.80
4588747,38.6,29.80
4589449,38.6,29.80
4590151,38.6,29.79
4590853,38.6,29.79
4591555,38.6,29.79
4592257,38.6,29.79
4592959,38.6,29.78
4593661,38.6,29.78
4594363,38.6,29.78
4595065,38.6,29.79
4595767,38.6,29.78
4596469,38.6,29.77
4597171,38.6,29.78
4597873,37.6,29.77
4598575,38.6,29.77
4599277,38.6,29.77
4599979,37.6,29.77
4600681,38.6,29.77
4601383,38.6,29.76
4602085,37.6,29.77
4602787,38.6,29.76
4603489,38.6,29.76
4604191,38.6,29.76
4604893,38.6,29.76
4605595,38.6,29.76
4606297,38.6,29.75
4606999,38.6,29.75
4607701,38.6,29.75
4608403,38.6,29.75
4609105,38.6,29.74
4609807,38.6,29.74
4610509,38.6,29.74
4611211,38.6,29.74
4611913,38.6,29.74
4612615,38.6,29.73
4613317,38.6,29.73
4614019,38.6,29.73
4614721,38.6,29.72
4615423,37.6,29.72
4616125,37.6,29.72
4616827,37.6,29.72
4617529,38.6,29.71
4618231,37.6,29.72
4618933,38.6,29.71
4619635,38.6,29.71
4620337,38.6,29.71
4621039,38.6,29.71
4621741,38.6,29.71
4622443,38.6,29.71
4623145,38.6,29.70
4623847,38.6,29.70
4624549,38.6,29.70
4625251,38.6,29.70
4625953,38.6,29.70
4626655,38.6,29.70
4627357,38.6,29.69
4628059,38.6,29.69
4628761,38.6,29.69
4629463,38.6,29.69
4630165,38.6,29.68
4630867,38.6,29.68
4631569,38.6,29.69
4632271,38.6,29.68
4632973,38.6,29.68
4633675,38.6,29.68
4634377,38.6,29.68
4635079,37.6,29.67
4635781,38.6,29.67
4636483,38.6,29.67
4637185,38.6,29.66
4637887,38.6,29.67
4638589,38.6,29.66
4639291,38.6,29.66
4639993,38.6,29.66
4640695,38.6,29.66
4641397,38.6,29.66
4642099,38.6,29.66
4642801,38.6,29.66
4643503,37.6,29.66
4644205,38.6,29.65
4644907,38.6,29.65
4645609,37.6,29.65
4646311,38.6,29.64
4647013,38.6,29.64
4647715,38.6,29.65
4648417,37.6,29.64
4649119,38.6,29.64
4649821,37.6,29.64
4650523,38.6,29.63
4651225,38.6,29.63
4651927,38.6,29.63
4652629,37.6,29.63
4653331,37.6,29.62
4654033,38.6,29.62
4654735,37.6,29.63
4655437,38.6,29.62
4656139,38.6,29.62
4656841,38.6,29.62
4657543,38.6,29.62
4658245,38.6,29.61
4658947,38.6,29.61
4659649,38.6,29.61
4660351,38.6,29.61
4661053,38.6,29.61
4661755,38.6,29.61
4662457,38.6,29.61
4663159,38.6,29.60
4663861,38.6,29.60
4664563,38.6,29.60
4665265,38.6,29.60
4665967,38.6,29.59
4666669,37.6,29.60
4667371,37.6,29.59
4668073,38.6,29.59
4668775,38.6,29.59
4669477,37.6,29.59
4670179,37.6,29.59
4670881,38.6,29.59
4671583,38.6,29.59
4672285,38.6,29.58
4672987,38.6,29.58
4673689,38.6,29.57
4674391,38.6,29.57
4675093,38.6,29.57
4675795,37.6,29.57
4676497,38.6,29.57
4677199,37.6,29.56
4677901,37.6,29.56
4678603,37.6,29.56
4679305,37.6,29.56
4680007,38.6,29.56
4680709,37.6,29.56
4681411,37.6,29.55
4682113,37.6,29.56
4682815,37.6,29.55
4683517,37.6,29.55
4684219,37.6,29.55
4684921,37.6,29.55
4685623,38.6,29.55
4686325,38.6,29.55
4687027,38.6,29.55
4687729,38.6,29.54
4688431,38.6,29.54
4689133,38.6,29.54
4689835,38.6,29.53
4690537,38.6,29.53
4691239,38.6,29.54
4691941,38.6,29.53
4692643,38.6,29.53
4693345,38.6,29.52
4694047,37.6,29.52
4694749,38.6,29.52
4695451,38.6,29.52
4696153,37.6,29.52
4696855,38.6,29.51
4697557,38.6,29.51
4698259,38.6,29.51
4698961,38.6,29.51
4699663,38.6,29.50
4700365,38.6,29.51
4701067,38.6,29.51
4701769,38.6,29.50
4702471,37.6,29.50
4703173,38.6,29.50
4703875,38.6,29.50
4704577,38.6,29.50
4705279,38.6,29.49
4705981,38.6,29.49
4706683,38.6,29.49
4707385,38.6,29.49
4708087,38.6,29.49
4708789,38.6,29.49
4709491,38.6,29.49
4710193,38.6,29.48
4710895,37.6,29.48
4711597,38.6,29.48
4712299,38.6,29.48
4713001,38.6,29.48
4713703,37.6,29.48
4714405,38.6,29.47
4715107,38.6,29.47
4715809,38.6,29.47
4716511,38.6,29.47
4717213,38.6,29.47
4717915,38.6,29.47
4718617,38.6,29.46
4719319,38.6,29.47
4720021,38.6,29.46
4720723,38.6,29.46
4721425,38.6,29.46
4722127,38.6,29.46
4722829,38.6,29.45
4723531,38.6,29.45
4724233,38.6,29.45
4724935,38.6,29.45
4725637,38.6,29.45
4726339,38.6,29.44
4727041,37.6,29.45
4727743,38.6,29.44
4728445,38.6,29.44
4729147,38.6,29.44
4729849,38.6,29.44
4730551,38.6,29.44
4731253,38.6,29.43
4731955,38.6,29.43
4732657,38.6,29.43
4733359,38.6,29.43
4734061,38.6,29.43
4734763,38.6,29.42
4735465,38.6,29.42
4736167,38.6,29.42
4736869,37.6,29.42
4737571,38.6,29.41
4738273,38.6,29.41
4738975,38.6,29.41
4739677,38.6,29.40
4740379,38.6,29.40
4741081,37.6,29.40
4741783,38.6,29.40
4742485,37.6,29.40
4743187,37.6,29.40
4743889,38.6,29.39
4744591,38.6,29.40
4745293,38.6,29.39
4745995,38.6,29.39
4746697,38.6,29.39
4747399,38.6,29.39
4748101,38.6,29.39
4748803,38.6,29.39
4749505,38.6,29.39
4750207,38.6,29.39
4750909,38.6,29.38
4751611,38.6,29.38
4752313,38.6,29.38
4753015,38.6,29.38
4753717,38.6,29.37
4754419,38.6,29.38
4755121,38.6,29.37
4755823,38.6,29.37
4756525,38.6,29.37
4757227,38.6,29.37
4757929,38.6,29.37
4758631,37.6,29.37
4759333,37.6,29.36
4760035,38.6,29.36
4760737,38.6,29.36
4761439,38.6,29.36
4762141,37.6,29.36
4762843,38.6,29.35
4763545,37.6,29.35
4764247,38.6,29.35
4764949,37.6,29.35
4765651,38.6,29.34
4766353,38.6,29.35
4767055,38.6,29.34
4767757,38.6,29.34
4768459,38.6,29.34
4769161,38.6,29.34
4769863,38.6,29.34
4770565,38.6,29.33
4771267,38.6,29.33
4771969,38.6,29.33
4772671,38.6,29.33
4773373,38.6,29.33
4774075,37.6,29.33
4774777,37.6,29.32
4775479,37.6,29.32
4776181,38.6,29.32
4776883,38.6,29.32
4777585,38.6,29.32
4778287,38.6,29.32
4778989,38.6,29.32
4779691,38.6,29.31
4780393,37.6,29.31
4781095,37.6,29.31
4781797,37.6,29.32
4782499,38.6,29.31
4783201,38.6,29.31
4783903,37.6,29.31
4784605,38.6,29.30
4785307,37.6,29.31
4786009,38.6,29.31
4786711,37.6,29.31
4787413,37.6,29.30
4788115,38.6,29.30
4788817,38.6,29.30
4789519,37.6,29.29
4790221,37.6,29.29
4790923,37.6,29.29
4791625,38.6,29.29
4792327,37.6,29.29
4793029,38.6,29.29
4793731,38.6,29.28
4794433,38.6,29.29
4795135,38.6,29.29
4795837,38.6,29.28
4796539,38.6,29.28
4797241,37.6,29.28
4797943,38.6,29.28
4798645,38.6,29.28
4799347,38.6,29.28
4800049,38.6,29.27
4800751,38.6,29.27
4801453,38.6,29.27
4802155,38.6,29.26
4802857,38.6,29.27
4803559,38.6,29.26
4804261,38.6,29.27
4804963,37.6,29.26
4805665,37.6,29.26
4806367,37.6,29.26
4807069,37.6,29.26
4807771,36.6,29.25
4808473,37.6,29.25
4809175,38.6,29.25
4809877,38.6,29.25
4810579,38.6,29.24
4811281,38.6,29.25
4811983,38.6,29.24
4812685,38.6,29.24
4813387,38.6,29.24
4814089,38.6,29.24
4814791,38.6,29.24
4815493,38.6,29.24
4816195,38.6,29.24
4816897,38.6,29.24
4817599,37.6,29.24
4818301,37.6,29.24
4819003,38.6,29.23
4819705,37.6,29.23
4820407,37.6,29.23
4821109,36.6,29.23
4821811,37.6,29.22
4822513,37.6,29.23
4823215,37.6,29.22
4823917,38.6,29.21
4824619,38.6,29.21
4825321,38.6,29.21
4826023,37.6,29.21
4826725,38.6,29.21
4827427,38.6,29.20
4828129,38.6,29.21
4828831,38.6,29.20
4829533,38.6,29.20
4830235,38.6,29.20
4830937,38.6,29.20
4831639,38.6,29.20
4832341,38.6,29.20
4833043,38.6,29.20
4833745,38.6,29.19
4834447,37.6,29.19
4835149,38.6,29.19
4835851,38.6,29.19
4836553,38.6,29.19
4837255,38.6,29.18
4837957,38.6,29.18
4838659,38.6,29.18
4839361,37.6,29.18
4840063,37.6,29.18
4840765,38.6,29.18
4841467,38.6,29.18
4842169,38.6,29.17
4842871,37.6,29.17
4843573,38.6,29.18
4844275,37.6,29.17
4844977,37.6,29.17
4845679,36.6,29.17
4846381,36.6,29.17
4847083,37.6,29.17
4847785,38.6,29.16
4848487,38.6,29.16
4849189,38.6,29.16
4849891,38.6,29.16
4850593,38.6,29.16
4851295,38.6,29.16
4851997,38.6,29.15
4852699,37.6,29.16
4853401,37.6,29.15
4854103,38.6,29.15
4854805,38.6,29.15
4855507,38.6,29.15
4856209,38.6,29.15
4856911,38.6,29.15
4857613,38.6,29.15
4858315,37.6,29.14
4859017,38.6,29.14
4859719,38.6,29.14
4860421,38.6,29.14
4861123,37.6,29.14
4861825,37.6,29.14
4862527,38.6,29.13
4863229,38.6,29.13
4863931,38.6,29.13
4864633,38.6,29.13
4865335,37.6,29.13
4866037,37.6,29.13
4866739,37.6,29.13
4867441,38.6,29.13
4868143,37.6,29.13
4868845,37.6,29.13
4869547,37.6,29.12
4870249,37.6,29.12
4870951,37.6,29.11
4871653,37.6,29.12
4872355,37.6,29.11
4873057,37.6,29.11
4873759,38.6,29.12
4874461,37.6,29.11
4875163,37.6,29.11
4875865,38.6,29.11
4876567,37.6,29.11
4877269,38.6,29.10
4877971,38.6,29.11
4878673,37.6,29.11
4879375,38.6,29.10
4880077,37.6,29.10
4880779,37.6,29.10
4881481,38.6,29.10
4882183,38.6,29.10
4882885,38.6,29.10
4883587,37.6,29.09
4884289,36.6,29.10
4884991,36.6,29.09
4885693,36.6,29.09
4886395,37.6,29.09
4887097,37.6,29.09
4887799,37.6,29.09
4888501,38.6,29.08
4889203,38.6,29.08
4889905,38.6,29.09
4890607,38.6,29.08
4891309,38.6,29.08
4892011,38.6,29.08
4892713,38.6,29.08
4893415,38.6,29.08
4894117,38.6,29.08
4894819,37.6,29.08
4895521,37.6,29.07
4896223,37.6,29.07
4896925,38.6,29.07
4897627,38.6,29.07
4898329,37.6,29.06
4899031,37.6,29.06
4899733,38.6,29.06
4900435,37.6,29.06
4901137,37.6,29.06
4901839,37.6,29.06
4902541,38.6,29.06
4903243,38.6,29.06
4903945,38.6,29.06
4904647,37.6,29.05
4905349,37.6,29.05
4906051,37.6,29.05
4906753,37.6,29.05
4907455,37.6,29.05
4908157,38.6,29.05
4908859,38.6,29.04
4909561,37.6,29.04
4910263,37.6,29.04
4910965,37.6,29.04
4911667,37.6,29.04
4912369,36.6,29.04
4913071,37.6,29.03
4913773,37.6,29.03
4914475,37.6,29.03
4915177,37.6,29.03
4915879,37.6,29.03
4916581,38.6,29.03
4917283,38.6,29.03
4917985,38.6,29.03
4918687,37.6,29.02
4919389,37.6,29.02
4920091,37.6,29.02
4920793,38.6,29.02
4921495,38.6,29.02
4922197,38.6,29.01
4922899,38.6,29.02
4923601,37.6,29.02
4924303,38.6,29.01
4925005,38.6,29.01
4925707,37.6,29.01
4926409,38.6,29.00
4927111,38.6,29.01
4927813,38.6,29.01
4928515,38.6,29.01
4929217,38.6,29.01
4929919,37.6,29.00
4930621,37.6,29.00
4931323,37.6,29.00
4932025,37.6,29.00
4932727,38.6,28.99
4933429,38.6,28.99
4934131,38.6,29.00
4934833,38.6,28.99
4935535,38.6,28.99
4936237,37.6,28.99
4936939,37.6,28.99
4937641,37.6,28.98
4938343,38.6,28.98
4939045,37.6,28.98
4939747,37.6,28.98
4940449,37.6,28.98
4941151,37.6,28.98
4941853,37.6,28.98
4942555,38.6,28.98
4943257,37.6,28.97
4943959,38.6,28.98
4944661,37.6,28.98
4945363,37.6,28.97
4946065,37.6,28.97
4946767,37.6,28.96
4947469,38.6,28.97
4948171,37.6,28.96
4948873,37.6,28.96
4949575,37.6,28.96
4950277,37.6,28.96
4950979,38.6,28.96
4951681,38.6,28.96
4952383,38.6,28.95
4953085,38.6,28.95
4953787,38.6,28.95
4954489,38.6,28.95
4955191,38.6,28.95
4955893,38.6,28.95
4956595,37.6,28.95
4957297,37.6,28.95
4957999,36.6,28.95
4958701,36.6,28.95
4959403,37.6,28.94
4960105,38.6,28.94
4960807,38.6,28.94
4961509,37.6,28.94
4962211,36.6,28.94
4962913,37.6,28.94
4963615,37.6,28.93
4964317,37.6,28.93
4965019,38.6,28.93
4965721,37.6,28.93
4966423,37.6,28.93
4967125,38.6,28.92
4967827,38.6,28.93
4968529,38.6,28.93
4969231,37.6,28.92
4969933,37.6,28.92
4970635,37.6,28.92
4971337,37.6,28.92
4972039,36.6,28.92
4972741,37.6,28.92
4973443,37.6,28.92
4974145,37.6,28.92
4974847,37.6,28.91
4975549,37.6,28.91
4976251,37.6,28.91
4976953,37.6,28.91
4977655,37.6,28.91
4978357,38.6,28.90
4979059,38.6,28.91
4979761,37.6,28.90
4980463,37.6,28.90
4981165,37.6,28.90
4981867,37.6,28.90
4982569,37.6,28.90
4983271,37.6,28.90
4983973,37.6,28.90
4984675,37.6,28.89
4985377,36.6,28.89
4986079,36.6,28.88
4986781,36.6,28.90
4987483,37.6,28.89
4988185,37.6,28.89
4988887,37.6,28.89
4989589,38.6,28.88
4990291,37.6,28.88
4990993,37.6,28.88
4991695,38.6,28.88
4992397,38.6,28.88
4993099,38.6,28.88
4993801,38.6,28.88
4994503,38.6,28.87
4995205,38.6,28.88
4995907,38.6,28.88
4996609,38.6,28.87
4997311,37.6,28.87
4998013,37.6,28.87
4998715,37.6,28.87
4999417,38.6,28.86
5000119,38.6,28.86
5000821,38.6,28.86
5001523,38.6,28.87
5002225,37.6,28.87
5002927,36.6,28.86
5003629,37.6,28.86
5004331,37.6,28.86
5005033,37.6,28.86
5005735,36.6,28.86
5006437,37.6,28.85
5007139,37.6,28.85
5007841,38.6,28.85
5008543,38.6,28.85
5009245,37.6,28.85
5009947,37.6,28.85
5010649,38.6,28.85
5011351,38.6,28.84
5012053,38.6,28.84
5012755,38.6,28.85
5013457,37.6,28.84
5014159,37.6,28.84
5014861,38.6,28.84
5015563,38.6,28.84
5016265,38.6,28.84
5016967,38.6,28.84
5017669,37.6,28.83
5018371,37.6,28.84
5019073,37.6,28.83
5019775,36.6,28.83
5020477,36.6,28.83
5021179,36.6,28.83
5021881,37.6,28.83
5022583,37.6,28.83
5023285,37.6,28.83
5023987,37.6,28.82
5024689,37.6,28.83
5025391,37.6,28.83
5026093,37.6,28.82
5026795,37.6,28.82
5027497,37.6,28.82
5028199,36.6,28.82
5028901,37.6,28.82
5029603,37.6,28.81
5030305,38.6,28.82
5031007,38.6,28.82
5031709,37.6,28.81
5032411,37.6,28.81
5033113,37.6,28.81
5033815,37.6,28.81
5034517,37.6,28.81
5035219,37.6,28.81
5035921,38.6,28.80
5036623,37.6,28.80
5037325,38.6,28.81
5038027,37.6,28.80
5038729,38.6,28.81
5039431,37.6,28.80
5040133,38.6,28.80
5040835,37.6,28.80
5041537,36.6,28.80
5042239,36.6,28.80
5042941,36.6,28.80
5043643,36.6,28.80
5044345,36.6,28.79
5045047,36.6,28.79
5045749,37.6,28.79
5046451,37.6,28.79
5047153,37.6,28.78
5047855,37.6,28.78
5048557,37.6,28.78
5049259,37.6,28.78
5049961,37.6,28.77
5050663,37.6,28.78
5051365,37.6,28.78
5052067,37.6,28.78
5052769,37.6,28.77
5053471,37.6,28.78
5054173,37.6,28.78
5054875,37.6,28.77
5055577,37.6,28.78
5056279,37.6,28.77
5056981,37.6,28.77
5057683,37.6,28.77
5058385,38.6,28.77
5059087,38.6,28.77
5059789,37.6,28.76
5060491,36.6,28.76
5061193,36.6,28.76
5061895,36.6,28.76
5062597,36.6,28.76
5063299,37.6,28.76
5064001,37.6,28.76
5064703,37.6,28.76
5065405,36.6,28.75
5066107,36.6,28.75
5066809,37.6,28.75
5067511,37.6,28.75
5068213,37.6,28.75
5068915,36.6,28.75
5069617,36.6,28.75
5070319,37.6,28.74
5071021,36.6,28.75
5071723,36.6,28.75
5072425,37.6,28.74
5073127,37.6,28.74
5073829,37.6,28.74
5074531,38.6,28.74
5075233,38.6,28.74
5075935,38.6,28.74
5076637,37.6,28.74
5077339,37.6,28.74
5078041,37.6,28.73
5078743,37.6,28.74
5079445,37.6,28.73
5080147,37.6,28.73
5080849,36.6,28.73
5081551,36.6,28.73
5082253,36.6,28.73
5082955,36.6,28.73
5083657,37.6,28.73
5084359,37.6,28.72
5085061,37.6,28.72
5085763,36.6,28.72
5086465,37.6,28.72
5087167,37.6,28.72
5087869,36.6,28.72
5088571,37.6,28.72
5089273,37.6,28.72
5089975,36.6,28.72
5090677,37.6,28.72
5091379,36.6,28.71
5092081,36.6,28.71
5092783,37.6,28.71
5093485,37.6,28.71
5094187,37.6,28.71
5094889,37.6,28.71
5095591,38.6,28.71
5096293,38.6,28.71
5096995,37.6,28.71
5097697,36.6,28.70
5098399,37.6,28.70
5099101,37.6,28.70
5099803,36.6,28.70
5100505,37.6,28.70
5101207,37.6,28.70
5101909,37.6,28.70
5102611,37.6,28.69
5103313,37.6,28.70
5104015,38.6,28.70
5104717,37.6,28.69
5105419,37.6,28.69
5106121,37.6,28.69
5106823,37.6,28.69
5107525,36.6,28.69
5108227,36.6,28.69
5108929,37.6,28.68
5109631,37.6,28.68
5110333,37.6,28.68
5111035,37.6,28.68
5111737,36.6,28.68
5112439,36.6,28.68
5113141,37.6,28.67
5113843,37.6,28.68
5114545,37.6,28.68
5115247,37.6,28.67
5115949,36.6,28.68
5116651,37.6,28.67
5117353,37.6,28.67
5118055,37.6,28.67
5118757,37.6,28.67
5119459,38.6,28.66
5120161,38.6,28.66
5120863,38.6,28.66
5121565,38.6,28.66
5122267,37.6,28.66
5122969,36.6,28.66
5123671,36.6,28.66
5124373,36.6,28.66
5125075,35.6,28.65
5125777,36.6,28.65
5126479,37.6,28.65
5127181,37.6,28.65
5127883,37.6,28.66
5128585,37.6,28.65
5129287,36.6,28.65
5129989,36.6,28.65
5130691,36.6,28.65
5131393,37.6,28.64
5132095,37.6,28.65
5132797,36.6,28.65
5133499,37.6,28.64
5134201,37.6,28.64
5134903,37.6,28.64
5135605,36.6,28.64
5136307,36.6,28.64
5137009,36.6,28.64
5137711,37.6,28.64
5138413,37.6,28.63
5139115,36.6,28.63
5139817,36.6,28.63
5140519,37.6,28.63
5141221,37.6,28.63
5141923,37.6,28.63
5142625,37.6,28.63
5143327,37.6,28.63
5144029,37.6,28.63
5144731,37.6,28.63
5145433,37.6,28.63
5146135,37.6,28.62
5146837,37.6,28.62
5147539,37.6,28.62
5148241,36.6,28.62
5148943,36.6,28.62
5149645,37.6,28.62
5150347,37.6,28.63
5151049,37.6,28.62
5151751,37.6,28.62
5152453,37.6,28.61
5153155,37.6,28.61
5153857,36.6,28.61
5154559,37.6,28.61
5155261,36.6,28.61
5155963,36.6,28.61
5156665,37.6,28.61
5157367,37.6,28.61
5158069,37.6,28.60
5158771,37.6,28.61
5159473,37.6,28.60
5160175,37.6,28.60
5160877,38.6,28.60
5161579,38.6,28.60
5162281,38.6,28.60
5162983,37.6,28.60
5163685,37.6,28.59
5164387,37.6,28.60
5165089,37.6,28.59
5165791,36.6,28.60
5166493,36.6,28.59
5167195,37.6,28.59
5167897,37.6,28.59
5168599,37.6,28.59
5169301,37.6,28.59
5170003,37.6,28.59
5170705,37.6,28.59
5171407,37.6,28.59
5172109,37.6,28.58
5172811,37.6,28.58
5173513,37.6,28.58
5174215,37.6,28.58
5174917,37.6,28.58
5175619,37.6,28.58
5176321,36.6,28.58
5177023,37.6,28.57
5177725,37.6,28.57
5178427,37.6,28.57
5179129,36.6,28.57
5179831,36.6,28.57
5180533,36.6,28.57
5181235,36.6,28.57
5181937,36.6,28.57
5182639,37.6,28.56
5183341,37.6,28.56
5184043,37.6,28.56
5184745,37.6,28.56
5185447,37.6,28.56
5186149,37.6,28.56
5186851,37.6,28.56
5187553,37.6,28.56
5188255,37.6,28.56
5188957,37.6,28.55
5189659,37.6,28.55
5190361,37.6,28.55
5191063,37.6,28.55
5191765,36.6,28.56
5192467,37.6,28.55
5193169,37.6,28.55
5193871,37.6,28.55
5194573,37.6,28.55
5195275,37.6,28.55
5195977,37.6,28.55
5196679,37.6,28.55
5197381,36.6,28.55
5198083,36.6,28.54
5198785,36.6,28.54
5199487,36.6,28.55
5200189,36.6,28.54
5200891,36.6,28.54
5201593,36.6,28.54
5202295,36.6,28.54
5202997,36.6,28.54
5203699,37.6,28.53
5204401,36.6,28.53
5205103,37.6,28.53
5205805,37.6,28.53
5206507,36.6,28.53
5207209,36.6,28.53
5207911,36.6,28.53
5208613,36.6,28.53
5209315,36.6,28.53
5210017,36.6,28.53
5210719,36.6,28.52
5211421,36.6,28.53
5212123,36.6,28.53
5212825,36.6,28.52
5213527,36.6,28.52
5214229,36.6,28.52
5214931,37.6,28.52
5215633,36.6,28.52
5216335,37.6,28.52
5217037,37.6,28.51
5217739,37.6,28.52
5218441,37.6,28.51
5219143,37.6,28.52
5219845,36.6,28.51
5220547,37.6,28.52
5221249,37.6,28.52
5221951,37.6,28.51
5222653,37.6,28.51
5223355,37.6,28.51
5224057,37.6,28.51
5224759,36.6,28.50
5225461,36.6,28.50
5226163,36.6,28.50
5226865,37.6,28.50
5227567,37.6,28.50
5228269,36.6,28.50
5228971,37.6,28.50
5229673,36.6,28.50
5230375,37.6,28.50
5231077,37.6,28.50
5231779,37.6,28.50
5232481,37.6,28.49
5233183,37.6,28.49
5233885,37.6,28.49
5234587,37.6,28.49
5235289,37.6,28.49
5235991,37.6,28.49
5236693,37.6,28.49
5237395,37.6,28.49
5238097,37.6,28.48
5238799,37.6,28.48
5239501,37.6,28.48
5240203,36.6,28.48
5240905,37.6,28.48
5241607,37.6,28.48
5242309,37.6,28.48
5243011,37.6,28.48
5243713,37.6,28.48
5244415,38.6,28.47
5245117,37.6,28.48
5245819,37.6,28.47
5246521,37.6,28.47
5247223,37.6,28.47
5247925,37.6,28.47
5248627,37.6,28.47
5249329,37.6,28.47
5250031,38.6,28.47
5250733,38.6,28.46
5251435,36.6,28.47
5252137,36.6,28.47
5252839,35.6,28.47
5253541,36.6,28.47
5254243,36.6,28.46
5254945,37.6,28.46
5255647,36.6,28.46
5256349,37.6,28.46
5257051,37.6,28.46
5257753,37.6,28.45
5258455,37.6,28.46
5259157,36.6,28.45
5259859,37.6,28.45
5260561,37.6,28.45
5261263,37.6,28.45
5261965,37.6,28.45
5262667,37.6,28.45
5263369,37.6,28.45
5264071,36.6,28.44
5264773,37.6,28.45
5265475,37.6,28.44
5266177,37.6,28.44
5266879,36.6,28.44
5267581,36.6,28.44
5268283,36.6,28.44
5268985,37.6,28.44
5269687,37.6,28.44
5270389,37.6,28.44
5271091,37.6,28.44
5271793,37.6,28.44
5272495,37.6,28.44
5273197,37.6,28.44
5273899,37.6,28.44
5274601,37.6,28.43
5275303,36.6,28.43
5276005,36.6,28.43
5276707,36.6,28.43
5277409,36.6,28.43
5278111,37.6,28.43
5278813,36.6,28.43
5279515,35.6,28.42
5280217,36.6,28.42
5280919,37.6,28.43
5281621,37.6,28.42
5282323,37.6,28.42
5283025,36.6,28.42
5283727,37.6,28.42
5284429,37.6,28.42
5285131,36.6,28.42
5285833,36.6,28.42
5286535,36.6,28.42
5287237,37.6,28.42
5287939,37.6,28.41
5288641,37.6,28.42
5289343,36.6,28.41
5290045,37.6,28.42
5290747,37.6,28.41
5291449,37.6,28.41
5292151,37.6,28.41
5292853,37.6,28.41
5293555,36.6,28.41
5294257,37.6,28.41
5294959,37.6,28.41
5295661,37.6,28.40
5296363,37.6,28.41
5297065,37.6,28.41
5297767,37.6,28.41
5298469,36.6,28.40
5299171,36.6,28.40
5299873,37.6,28.40
5300575,36.6,28.40
5301277,37.6,28.39
5301979,37.6,28.39
5302681,37.6,28.39
5303383,36.6,28.39
5304085,36.6,28.39
5304787,36.6,28.39
5305489,36.6,28.39
5306191,36.6,28.39
5306893,36.6,28.39
5307595,36.6,28.39
5308297,37.6,28.39
5308999,37.6,28.39
5309701,36.6,28.38
5310403,36.6,28.38
5311105,36.6,28.38
5311807,36.6,28.38
5312509,36.6,28.39
5313211,36.6,28.38
5313913,36.6,28.38
5314615,36.6,28.38
5315317,36.6,28.38
5316019,36.6,28.38
5316721,35.6,28.38
5317423,36.6,28.38
5318125,37.6,28.38
5318827,37.6,28.38
5319529,37.6,28.38
5320231,37.6,28.37
5320933,37.6,28.38
5321635,37.6,28.37
5322337,37.6,28.37
5323039,37.6,28.37
5323741,36.6,28.37
5324443,37.6,28.37
5325145,37.6,28.37
5325847,37.6,28.36
5326549,36.6,28.36
5327251,35.6,28.36
5327953,35.6,28.36
5328655,36.6,28.36
5329357,36.6,28.37
5330059,37.6,28.37
5330761,37.6,28.36
5331463,36.6,28.36
5332165,36.6,28.36
5332867,37.6,28.36
5333569,37.6,28.36
5334271,36.6,28.36
5334973,36.6,28.36
5335675,37.6,28.36
5336377,36.6,28.36
5337079,36.6,28.36
5337781,36.6,28.36
5338483,36.6,28.36
5339185,36.6,28.35
5339887,36.6,28.35
5340589,36.6,28.35
5341291,37.6,28.35
5341993,37.6,28.35
5342695,37.6,28.35
5343397,36.6,28.34
5344099,37.6,28.34
5344801,37.6,28.34
5345503,37.6,28.34
5346205,36.6,28.34
5346907,36.6,28.33
5347609,36.6,28.34
5348311,37.6,28.34
5349013,36.6,28.34
5349715,36.6,28.34
5350417,37.6,28.34
5351119,37.6,28.34
5351821,37.6,28.34
5352523,37.6,28.34
5353225,37.6,28.34
5353927,37.6,28.33
5354629,37.6,28.33
5355331,37.6,28.33
5356033,37.6,28.33
5356735,37.6,28.33
5357437,37.6,28.33
5358139,37.6,28.33
5358841,37.6,28.33
5359543,36.6,28.33
5360245,36.6,28.33
5360947,36.6,28.33
5361649,36.6,28.33
5362351,36.6,28.32
5363053,37.6,28.32
5363755,37.6,28.32
5364457,37.6,28.32
5365159,37.6,28.32
5365861,36.6,28.31
5366563,36.6,28.31
5367265,37.6,28.31
5367967,37.6,28.31
5368669,37.6,28.31
5369371,37.6,28.31
5370073,37.6,28.31
5370775,37.6,28.31
5371477,37.6,28.31
5372179,36.6,28.31
5372881,37.6,28.30
5373583,37.6,28.30
5374285,36.6,28.30
5374987,36.6,28.31
5375689,36.6,28.31
5376391,36.6,28.30
5377093,36.6,28.29
5377795,36.6,28.30
5378497,36.6,28.30
5379199,36.6,28.30
5379901,36.6,28.30
5380603,36.6,28.29
5381305,36.6,28.30
5382007,36.6,28.30
5382709,36.6,28.30
5383411,36.6,28.29
5384113,35.6,28.29
5384815,36.6,28.29
5385517,37.6,28.29
5386219,37.6,28.29
5386921,37.6,28.29
5387623,37.6,28.29
5388325,36.6,28.29
5389027,36.6,28.29
5389729,36.6,28.29
5390431,36.6,28.28
5391133,37.6,28.29
5391835,37.6,28.29
5392537,36.6,28.28
5393239,37.6,28.28
5393941,37.6,28.28
5394643,37.6,28.28
5395345,37.6,28.28
5396047,37.6,28.28
5396749,37.6,28.28
5397451,37.6,28.28
5398153,37.6,28.28
5398855,37.6,28.28
5399557,37.6,28.28
5400259,36.6,28.27
5400961,36.6,28.27
5401663,36.6,28.27
5402365,36.6,28.27
5403067,36.6,28.27
5403769,36.6,28.27
5404471,36.6,28.27
5405173,36.6,28.27
5405875,36.6,28.27
5406577,36.6,28.27
5407279,37.6,28.27
5407981,36.6,28.27
5408683,37.6,28.27
5409385,37.6,28.27
5410087,36.6,28.27
5410789,36.6,28.26
5411491,36.6,28.27
5412193,36.6,28.26
5412895,37.6,28.26
5413597,37.6,28.26
5414299,36.6,28.26
5415001,36.6,28.25
5415703,36.6,28.26
5416405,37.6,28.26
5417107,36.6,28.25
5417809,36.6,28.25
5418511,36.6,28.25
5419213,37.6,28.25
5419915,37.6,28.25
5420617,37.6,28.25
5421319,37.6,28.25
5422021,37.6,28.25
5422723,36.6,28.24
5423425,36.6,28.25
5424127,37.6,28.24
5424829,36.6,28.24
5425531,36.6,28.24
5426233,37.6,28.24
5426935,37.6,28.24
5427637,37.6,28.24
5428339,37.6,28.23
5429041,37.6,28.24
5429743,36.6,28.23
5430445,37.6,28.23
5431147,37.6,28.23
5431849,36.6,28.23
5432551,36.6,28.23
5433253,36.6,28.23
5433955,36.6,28.23
5434657,36.6,28.23
5435359,36.6,28.23
5436061,36.6,28.23
5436763,36.6,28.23
5437465,36.6,28.23
5438167,35.6,28.23
5438869,36.6,28.22
5439571,36.6,28.22
5440273,37.6,28.22
5440975,37.6,28.22
5441677,36.6,28.22
5442379,36.6,28.22
5443081,37.6,28.22
5443783,36.6,28.22
5444485,36.6,28.22
5445187,36.6,28.21
5445889,37.6,28.22
5446591,36.6,28.22
5447293,36.6,28.21
5447995,36.6,28.21
5448697,37.6,28.21
5449399,37.6,28.21
5450101,36.6,28.21
5450803,37.6,28.21
5451505,36.6,28.21
5452207,36.6,28.21
5452909,37.6,28.21
5453611,36.6,28.20
5454313,37.6,28.21
5455015,36.6,28.21
5455717,36.6,28.21
5456419,36.6,28.20
5457121,36.6,28.20
5457823,36.6,28.20
5458525,36.6,28.20
5459227,37.6,28.20
5459929,37.6,28.20
5460631,37.6,28.20
5461333,37.6,28.20
5462035,36.6,28.20
5462737,37.6,28.20
5463439,36.6,28.20
5464141,36.6,28.19
5464843,37.6,28.19
5465545,37.6,28.19
5466247,37.6,28.19
5466949,37.6,28.19
5467651,36.6,28.19
5468353,36.6,28.19
5469055,35.6,28.19
5469757,36.6,28.19
5470459,36.6,28.19
5471161,37.6,28.19
5471863,37.6,28.19
5472565,36.6,28.19
5473267,36.6,28.19
5473969,36.6,28.19
5474671,37.6,28.19
5475373,36.6,28.18
5476075,35.6,28.18
5476777,36.6,28.18
5477479,35.6,28.18
5478181,36.6,28.18
5478883,36.6,28.18
5479585,36.6,28.18
5480287,36.6,28.18
5480989,37.6,28.18
5481691,37.6,28.18
5482393,37.6,28.18
5483095,36.6,28.18
5483797,36.6,28.17
5484499,36.6,28.18
5485201,36.6,28.18
5485903,36.6,28.18
5486605,36.6,28.17
5487307,37.6,28.17
5488009,37.6,28.17
5488711,37.6,28.17
5489413,37.6,28.17
5490115,37.6,28.17
5490817,36.6,28.17
5491519,36.6,28.17
5492221,37.6,28.17
5492923,36.6,28.16
5493625,36.6,28.17
5494327,35.6,28.17
5495029,36.6,28.17
5495731,36.6,28.16
5496433,36.6,28.16
5497135,36.6,28.16
5497837,36.6,28.16
5498539,35.6,28.16
5499241,36.6,28.16
5499943,37.6,28.16
5500645,36.6,28.16
5501347,37.6,28.16
5502049,37.6,28.16
5502751,37.6,28.16
5503453,36.6,28.15
5504155,37.6,28.15
5504857,37.6,28.16
5505559,36.6,28.16
5506261,36.6,28.15
5506963,36.6,28.15
5507665,36.6,28.15
5508367,36.6,28.15
5509069,35.6,28.14
5509771,36.6,28.15
5510473,37.6,28.15
5511175,37.6,28.14
5511877,37.6,28.14
5512579,37.6,28.15
5513281,37.6,28.15
5513983,36.6,28.14
5514685,36.6,28.14
5515387,36.6,28.15
5516089,36.6,28.14
5516791,36.6,28.14
5517493,36.6,28.14
5518195,36.6,28.13
5518897,37.6,28.13
5519599,36.6,28.14
5520301,36.6,28.13
5521003,36.6,28.13
5521705,36.6,28.13
5522407,35.6,28.13
5523109,36.6,28.13
5523811,36.6,28.13
5524513,36.6,28.13
5525215,36.6,28.13
5525917,36.6,28.12
5526619,36.6,28.12
5527321,37.6,28.12
5528023,37.6,28.12
5528725,37.6,28.12
5529427,36.6,28.12
5530129,36.6,28.12
5530831,36.6,28.12
5531533,36.6,28.12
5532235,35.6,28.12
5532937,36.6,28.12
5533639,35.6,28.12
5534341,35.6,28.12
5535043,36.6,28.12
5535745,36.6,28.12
5536447,36.6,28.12
5537149,35.6,28.11
5537851,35.6,28.11
5538553,35.6,28.11
5539255,36.6,28.11
5539957,36.6,28.11
5540659,36.6,28.11
5541361,36.6,28.11
5542063,37.6,28.10
5542765,36.6,28.11
5543467,36.6,28.10
5544169,36.6,28.10
5544871,36.6,28.10
5545573,36.6,28.11
5546275,35.6,28.10
5546977,36.6,28.10
5547679,36.6,28.10
5548381,36.6,28.10
5549083,36.6,28.10
5549785,36.6,28.09
5550487,36.6,28.10
5551189,36.6,28.09
5551891,36.6,28.10
5552593,36.6,28.09
5553295,36.6,28.09
5553997,35.6,28.09
5554699,35.6,28.09
5555401,35.6,28.09
5556103,35.6,28.09
5556805,36.6,28.09
5557507,36.6,28.09
5558209,37.6,28.09
5558911,37.6,28.09
5559613,37.6,28.09
5560315,36.6,28.09
5561017,36.6,28.09
5561719,35.6,28.09
5562421,36.6,28.08
5563123,36.6,28.08
5563825,37.6,28.08
5564527,36.6,28.08
5565229,36.6,28.08
5565931,36.6,28.08
5566633,36.6,28.08
5567335,36.6,28.08
5568037,36.6,28.08
5568739,36.6,28.08
5569441,36.6,28.08
5570143,36.6,28.08
5570845,37.6,28.08
5571547,36.6,28.07
5572249,36.6,28.08
5572951,37.6,28.08
5573653,36.6,28.07
5574355,36.6,28.07
5575057,37.6,28.07
5575759,36.6,28.07
5576461,36.6,28.07
5577163,36.6,28.07
5577865,36.6,28.07
5578567,36.6,28.07
5579269,36.6,28.07
5579971,36.6,28.07
5580673,36.6,28.07
5581375,36.6,28.07
5582077,35.6,28.06
5582779,35.6,28.06
5583481,36.6,28.06
5584183,35.6,28.06
5584885,36.6,28.07
5585587,36.6,28.06
5586289,36.6,28.06
5586991,37.6,28.06
5587693,37.6,28.06
5588395,37.6,28.06
5589097,37.6,28.06
5589799,37.6,28.06
5590501,37.6,28.06
5591203,36.6,28.06
5591905,36.6,28.06
5592607,37.6,28.06
5593309,37.6,28.06
5594011,36.6,28.05
5594713,36.6,28.06
5595415,36.6,28.06
5596117,37.6,28.06
5596819,36.6,28.05
5597521,35.6,28.05
5598223,36.6,28.05
5598925,36.6,28.05
5599627,36.6,28.05
5600329,36.6,28.05
5601031,36.6,28.05
5601733,36.6,28.05
5602435,36.6,28.05
5603137,35.6,28.05
5603839,36.6,28.04
5604541,36.6,28.05
5605243,36.6,28.04
5605945,36.6,28.05
5606647,36.6,28.04
5607349,37.6,28.04
5608051,36.6,28.04
5608753,36.6,28.04
5609455,36.6,28.04
5610157,37.6,28.04
5610859,37.6,28.04
5611561,37.6,28.03
5612263,37.6,28.04
5612965,36.6,28.04
5613667,36.6,28.04
5614369,36.6,28.04
5615071,36.6,28.03
5615773,35.6,28.04
5616475,35.6,28.03
5617177,36.6,28.03
5617879,35.6,28.03
5618581,36.6,28.03
5619283,36.6,28.03
5619985,36.6,28.03
5620687,37.6,28.03
5621389,37.6,28.03
5622091,37.6,28.02
5622793,37.6,28.02
5623495,37.6,28.02
5624197,37.6,28.02
5624899,36.6,28.02
5625601,36.6,28.02
5626303,36.6,28.01
5627005,36.6,28.02
5627707,37.6,28.02
5628409,37.6,28.02
5629111,36.6,28.01
5629813,35.6,28.01
5630515,36.6,28.02
5631217,36.6,28.01
5631919,36.6,28.01
5632621,36.6,28.01
5633323,36.6,28.01
5634025,36.6,28.01
5634727,37.6,28.01
5635429,37.6,28.01
5636131,36.6,28.01
5636833,36.6,28.00
5637535,36.6,28.01
5638237,36.6,28.00
5638939,36.6,28.00
5639641,37.6,28.01
5640343,36.6,28.00
5641045,36.6,28.01
5641747,35.6,28.00
5642449,36.6,28.00
5643151,36.6,28.00
5643853,36.6,28.00
5644555,37.6,28.00
5645257,37.6,28.00
5645959,37.6,28.00
5646661,35.6,28.00
5647363,36.6,28.00
5648065,36.6,28.00
5648767,36.6,28.00
5649469,37.6,27.99
5650171,36.6,28.00
5650873,36.6,28.00
5651575,35.6,27.99
5652277,36.6,27.99
5652979,36.6,28.00
5653681,36.6,28.00
5654383,37.6,28.00
5655085,37.6,27.99
5655787,36.6,27.99
5656489,36.6,27.99
5657191,36.6,27.99
5657893,36.6,27.99
5658595,36.6,27.99
5659297,35.6,27.98
5659999,35.6,27.98
5660701,36.6,27.99
5661403,36.6,27.98
5662105,36.6,27.98
5662807,37.6,27.98
5663509,37.6,27.99
5664211,37.6,27.98
5664913,37.6,27.99
5665615,36.6,27.98
5666317,36.6,27.98
5667019,37.6,27.98
5667721,37.6,27.98
5668423,36.6,27.98
5669125,36.6,27.98
5669827,36.6,27.98
5670529,37.6,27.98
5671231,36.6,27.98
5671933,36.6,27.97
5672635,36.6,27.98
5673337,37.6,27.97
5674039,36.6,27.97
5674741,36.6,27.97
5675443,36.6,27.97
5676145,37.6,27.97
5676847,37.6,27.97
5677549,36.6,27.97
5678251,36.6,27.97
5678953,37.6,27.97
5679655,37.6,27.97
5680357,37.6,27.97
5681059,36.6,27.97
5681761,36.6,27.97
5682463,36.6,27.97
5683165,36.6,27.97
5683867,37.6,27.97
5684569,36.6,27.97
5685271,35.6,27.96
5685973,36.6,27.96
5686675,35.6,27.96
5687377,35.6,27.96
5688079,36.6,27.96
5688781,36.6,27.96
5689483,36.6,27.96
5690185,36.6,27.96
5690887,36.6,27.95
5691589,35.6,27.95
5692291,36.6,27.96
5692993,36.6,27.95
5693695,36.6,27.95
5694397,36.6,27.96
5695099,36.6,27.95
5695801,36.6,27.95
5696503,36.6,27.95
5697205,36.6,27.95
5697907,36.6,27.95
5698609,36.6,27.95
5699311,36.6,27.95
5700013,36.6,27.95
5700715,37.6,27.95
5701417,36.6,27.95
5702119,36.6,27.95
5702821,36.6,27.95
5703523,35.6,27.94
5704225,36.6,27.94
5704927,35.6,27.94
5705629,35.6,27.94
5706331,35.6,27.94
5707033,36.6,27.94
5707735,36.6,27.94
5708437,36.6,27.94
5709139,36.6,27.94
5709841,36.6,27.94
5710543,36.6,27.94
5711245,35.6,27.94
5711947,36.6,27.94
5712649,36.6,27.94
5713351,36.6,27.94
5714053,36.6,27.94
5714755,37.6,27.93
5715457,37.6,27.94
5716159,37.6,27.94
5716861,36.6,27.93
5717563,36.6,27.93
5718265,36.6,27.93
5718967,36.6,27.93
5719669,36.6,27.93
5720371,35.6,27.93
5721073,36.6,27.93
5721775,36.6,27.92
5722477,36.6,27.92
5723179,36.6,27.93
5723881,37.6,27.92
5724583,37.6,27.92
5725285,36.6,27.92
5725987,36.6,27.92
5726689,36.6,27.92
5727391,36.6,27.92
5728093,35.6,27.92
5728795,36.6,27.92
5729497,35.6,27.92
5730199,36.6,27.92
5730901,37.6,27.92
5731603,36.6,27.92
5732305,35.6,27.92
5733007,35.6,27.92
5733709,35.6,27.91
5734411,36.6,27.92
5735113,36.6,27.91
5735815,36.6,27.91
5736517,36.6,27.91
5737219,36.6,27.91
5737921,36.6,27.91
5738623,36.6,27.91
5739325,36.6,27.91
5740027,35.6,27.91
5740729,35.6,27.91
5741431,36.6,27.91
5742133,36.6,27.91
5742835,37.6,27.90
5743537,36.6,27.90
5744239,36.6,27.90
5744941,36.6,27.90
5745643,36.6,27.90
5746345,36.6,27.90
5747047,36.6,27.90
5747749,35.6,27.90
5748451,36.6,27.90
5749153,36.6,27.90
5749855,36.6,27.90
5750557,36.6,27.90
5751259,36.6,27.90
5751961,36.6,27.90
5752663,36.6,27.90
5753365,36.6,27.89
5754067,37.6,27.89
5754769,37.6,27.89
5755471,36.6,27.89
5756173,36.6,27.89
5756875,36.6,27.89
5757577,36.6,27.89
5758279,35.6,27.89
5758981,36.6,27.89
5759683,36.6,27.89
5760385,35.6,27.88
5761087,36.6,27.89
5761789,35.6,27.89
5762491,36.6,27.89
5763193,36.6,27.88
5763895,35.6,27.88
5764597,35.6,27.88
5765299,35.6,27.88
5766001,36.6,27.88
5766703,36.6,27.88
5767405,35.6,27.88
5768107,36.6,27.88
5768809,36.6,27.88
5769511,35.6,27.88
5770213,35.6,27.88
5770915,35.6,27.88
5771617,36.6,27.88
5772319,36.6,27.88
5773021,35.6,27.88
5773723,35.6,27.88
5774425,35.6,27.87
5775127,36.6,27.88
5775829,36.6,27.88
5776531,36.6,27.87
5777233,37.6,27.88
5777935,37.6,27.87
5778637,36.6,27.87
5779339,36.6,27.87
5780041,36.6,27.87
5780743,36.6,27.87
5781445,37.6,27.87
5782147,36.6,27.87
5782849,36.6,27.87
5783551,36.6,27.87
5784253,36.6,27.87
5784955,36.6,27.86
5785657,35.6,27.87
5786359,36.6,27.87
5787061,35.6,27.87
5787763,36.6,27.87
5788465,36.6,27.87
5789167,35.6,27.87
5789869,35.6,27.86
5790571,36.6,27.86
5791273,36.6,27.86
5791975,36.6,27.86
5792677,36.6,27.86
5793379,36.6,27.86
5794081,36.6,27.86
5794783,35.6,27.86
5795485,36.6,27.86
5796187,36.6,27.86
5796889,36.6,27.86
5797591,36.6,27.86
5798293,36.6,27.86
5798995,36.6,27.86
5799697,36.6,27.86
5800399,37.6,27.86
5801101,36.6,27.85
5801803,36.6,27.86
5802505,37.6,27.86
5803207,36.6,27.85
5803909,36.6,27.86
5804611,35.6,27.86
5805313,35.6,27.85
5806015,35.6,27.85
5806717,36.6,27.85
5807419,35.6,27.85
5808121,36.6,27.85
5808823,36.6,27.85
5809525,36.6,27.84
5810227,36.6,27.84
5810929,36.6,27.84
5811631,36.6,27.84
5812333,36.6,27.84
5813035,35.6,27.85
5813737,36.6,27.85
5814439,36.6,27.84
5815141,35.6,27.84
5815843,35.6,27.84
5816545,36.6,27.84
5817247,36.6,27.84
5817949,36.6,27.84
5818651,36.6,27.84
5819353,35.6,27.84
5820055,36.6,27.84
5820757,36.6,27.84
5821459,35.6,27.84
5822161,35.6,27.84
5822863,36.6,27.84
5823565,36.6,27.84
5824267,36.6,27.83
5824969,36.6,27.83
5825671,36.6,27.83
5826373,35.6,27.84
5827075,36.6,27.83
5827777,35.6,27.83
5828479,35.6,27.83
5829181,35.6,27.83
5829883,35.6,27.83
5830585,35.6,27.83
5831287,36.6,27.83
5831989,36.6,27.83
5832691,36.6,27.83
5833393,36.6,27.83
5834095,36.6,27.83
5834797,36.6,27.83
5835499,36.6,27.83
5836201,36.6,27.83
5836903,35.6,27.83
5837605,36.6,27.82
5838307,36.6,27.82
5839009,37.6,27.82
5839711,37.6,27.82
5840413,37.6,27.83
5841115,36.6,27.82
5841817,36.6,27.82
5842519,35.6,27.83
5843221,36.6,27.83
5843923,35.6,27.83
5844625,35.6,27.82
5845327,35.6,27.82
5846029,36.6,27.82
5846731,35.6,27.82
5847433,36.6,27.82
5848135,36.6,27.82
5848837,36.6,27.81
5849539,36.6,27.81
5850241,37.6,27.82
5850943,36.6,27.81
5851645,36.6,27.81
5852347,36.6,27.81
5853049,36.6,27.82
5853751,37.6,27.81
5854453,37.6,27.81
5855155,37.6,27.81
5855857,36.6,27.81
5856559,35.6,27.81
5857261,35.6,27.81
5857963,35.6,27.80
5858665,35.6,27.80
5859367,36.6,27.80
5860069,36.6,27.80
5860771,35.6,27.80
5861473,35.6,27.80
5862175,34.6,27.81
5862877,35.6,27.80
5863579,36.6,27.80
5864281,36.6,27.80
5864983,35.6,27.80
5865685,36.6,27.80
5866387,35.6,27.80
5867089,35.6,27.80
5867791,36.6,27.80
5868493,35.6,27.80
5869195,36.6,27.79
5869897,36.6,27.80
5870599,35.6,27.79
5871301,36.6,27.80
5872003,36.6,27.80
5872705,36.6,27.80
5873407,36.6,27.80
5874109,36.6,27.79
5874811,36.6,27.79
5875513,36.6,27.79
5876215,36.6,27.79
5876917,37.6,27.79
5877619,37.6,27.79
5878321,36.6,27.79
5879023,35.6,27.79
5879725,35.6,27.79
5880427,36.6,27.79
5881129,35.6,27.79
5881831,35.6,27.79
5882533,36.6,27.79
5883235,35.6,27.78
5883937,36.6,27.79
5884639,36.6,27.79
5885341,36.6,27.78
5886043,36.6,27.78
5886745,36.6,27.78
5887447,36.6,27.78
5888149,35.6,27.78
5888851,35.6,27.78
5889553,36.6,27.78
5890255,35.6,27.78
5890957,34.6,27.77
5891659,34.6,27.78
5892361,35.6,27.77
5893063,34.6,27.78
5893765,34.6,27.78
5894467,35.6,27.78
5895169,35.6,27.77
5895871,36.6,27.78
5896573,36.6,27.77
5897275,36.6,27.77
5897977,36.6,27.77
5898679,36.6,27.77
5899381,36.6,27.77
5900083,36.6,27.77
5900785,36.6,27.77
5901487,36.6,27.77
5902189,36.6,27.77
5902891,36.6,27.77
5903593,35.6,27.77
5904295,36.6,27.77
5904997,36.6,27.77
5905699,35.6,27.77
5906401,36.6,27.77
5907103,35.6,27.76
5907805,35.6,27.77
5908507,36.6,27.77
5909209,36.6,27.77
5909911,36.6,27.76
5910613,36.6,27.76
5911315,36.6,27.76
5912017,35.6,27.76
5912719,36.6,27.76
5913421,36.6,27.76
5914123,36.6,27.77
5914825,37.6,27.76
5915527,37.6,27.77
5916229,36.6,27.76
5916931,36.6,27.76
5917633,36.6,27.76
5918335,36.6,27.76
5919037,36.6,27.76
5919739,36.6,27.76
5920441,36.6,27.76
5921143,35.6,27.76
5921845,35.6,27.76
5922547,36.6,27.76
5923249,35.6,27.75
5923951,36.6,27.76
5924653,36.6,27.76
5925355,36.6,27.76
5926057,36.6,27.76
5926759,36.6,27.76
5927461,36.6,27.76
5928163,36.6,27.76
5928865,36.6,27.76
5929567,36.6,27.76
5930269,36.6,27.76
5930971,36.6,27.76
5931673,36.6,27.75
5932375,35.6,27.75
5933077,35.6,27.75
5933779,35.6,27.75
5934481,35.6,27.75
5935183,35.6,27.75
5935885,35.6,27.75
5936587,35.6,27.75
5937289,36.6,27.75
5937991,36.6,27.75
5938693,36.6,27.74
5939395,36.6,27.75
5940097,36.6,27.74
5940799,36.6,27.75
5941501,36.6,27.75
5942203,36.6,27.75
5942905,36.6,27.74
5943607,36.6,27.74
5944309,36.6,27.74
5945011,35.6,27.74
5945713,35.6,27.74
5946415,35.6,27.74
5947117,35.6,27.74
5947819,36.6,27.74
5948521,35.6,27.74
5949223,36.6,27.74
5949925,35.6,27.73
5950627,35.6,27.74
5951329,36.6,27.73
5952031,36.6,27.73
5952733,36.6,27.73
5953435,36.6,27.73
5954137,36.6,27.73
5954839,36.6,27.73
5955541,36.6,27.73
5956243,36.6,27.73
5956945,36.6,27.73
5957647,36.6,27.73
5958349,36.6,27.72
5959051,36.6,27.72
5959753,36.6,27.73
5960455,36.6,27.72
5961157,35.6,27.72
5961859,36.6,27.72
5962561,35.6,27.72
5963263,36.6,27.72
5963965,35.6,27.72
5964667,36.6,27.72
5965369,35.6,27.72
5966071,35.6,27.72
5966773,35.6,27.72
5967475,36.6,27.72
5968177,36.6,27.72
5968879,35.6,27.72
5969581,36.6,27.72
5970283,36.6,27.71
5970985,36.6,27.71
5971687,36.6,27.71
5972389,36.6,27.72
5973091,35.6,27.72
5973793,36.6,27.71
5974495,36.6,27.71
5975197,36.6,27.71
5975899,36.6,27.71
5976601,36.6,27.71
5977303,35.6,27.71
5978005,35.6,27.71
5978707,36.6,27.71
5979409,35.6,27.71
5980111,35.6,27.71
5980813,34.6,27.70
5981515,35.6,27.70
5982217,35.6,27.71
5982919,35.6,27.70
5983621,36.6,27.70
5984323,36.6,27.70
5985025,36.6,27.70
5985727,36.6,27.70
5986429,36.6,27.70
5987131,35.6,27.70
5987833,35.6,27.70
5988535,36.6,27.70
5989237,35.6,27.70
5989939,35.6,27.70
5990641,35.6,27.70
5991343,35.6,27.70
5992045,36.6,27.70
5992747,35.6,27.70
5993449,35.6,27.69
5994151,35.6,27.70
5994853,35.6,27.70
5995555,36.6,27.69
5996257,36.6,27.69
5996959,36.6,27.69
5997661,36.6,27.69
5998363,35.6,27.69
5999065,35.6,27.69
5999767,36.6,27.69
6000469,36.6,27.69
6001171,36.6,27.68
6001873,36.6,27.68
6002575,36.6,27.69
6003277,36.6,27.68
6003979,36.6,27.68
6004681,36.6,27.68
6005383,36.6,27.68
6006085,36.6,27.68
6006787,37.6,27.68
6007489,36.6,27.68
6008191,36.6,27.68
6008893,36.6,27.68
6009595,36.6,27.68
6010297,36.6,27.68
6010999,36.6,27.68
6011701,35.6,27.68
6012403,35.6,27.68
6013105,35.6,27.68
6013807,35.6,27.68
6014509,35.6,27.68
6015211,35.6,27.68
6015913,36.6,27.68
6016615,35.6,27.68
6017317,36.6,27.68
6018019,35.6,27.68
6018721,36.6,27.68
6019423,36.6,27.68
6020125,36.6,27.68
6020827,36.6,27.68
6021529,36.6,27.68
6022231,35.6,27.68
6022933,36.6,27.67
6023635,35.6,27.67
6024337,36.6,27.67
6025039,35.6,27.67
6025741,36.6,27.67
6026443,36.6,27.67
6027145,35.6,27.66
6027847,35.6,27.67
6028549,36.6,27.66
6029251,36.6,27.66
6029953,36.6,27.66
6030655,36.6,27.66
6031357,36.6,27.66
6032059,36.6,27.67
6032761,36.6,27.67
6033463,36.6,27.67
6034165,35.6,27.66
6034867,36.6,27.66
6035569,35.6,27.66
6036271,35.6,27.67
6036973,35.6,27.66
6037675,35.6,27.66
6038377,35.6,27.66
6039079,35.6,27.66
6039781,35.6,27.66
6040483,36.6,27.65
6041185,36.6,27.66
6041887,35.6,27.65
6042589,35.6,27.65
6043291,35.6,27.65
6043993,36.6,27.66
6044695,36.6,27.66
6045397,36.6,27.66
6046099,36.6,27.66
6046801,36.6,27.65
6047503,36.6,27.65
6048205,35.6,27.65
6048907,35.6,27.65
6049609,35.6,27.65
6050311,35.6,27.65
6051013,35.6,27.65
6051715,35.6,27.65
6052417,35.6,27.65
6053119,35.6,27.65
6053821,35.6,27.65
6054523,34.6,27.65
6055225,35.6,27.65
6055927,35.6,27.65
6056629,35.6,27.65
6057331,35.6,27.65
6058033,35.6,27.65
6058735,36.6,27.64
6059437,36.6,27.64
6060139,36.6,27.65
6060841,36.6,27.64
6061543,36.6,27.64
6062245,36.6,27.64
6062947,35.6,27.64
6063649,35.6,27.64
6064351,36.6,27.64
6065053,36.6,27.64
6065755,36.6,27.64
6066457,35.6,27.64
6067159,36.6,27.64
6067861,36.6,27.63
6068563,35.6,27.64
6069265,35.6,27.64
6069967,35.6,27.63
6070669,35.6,27.63
6071371,36.6,27.63
6072073,35.6,27.64
6072775,35.6,27.63
6073477,36.6,27.63
6074179,35.6,27.64
6074881,35.6,27.63
6075583,35.6,27.64
6076285,35.6,27.63
6076987,36.6,27.63
6077689,36.6,27.63
6078391,36.6,27.64
6079093,36.6,27.63
6079795,36.6,27.63
6080497,36.6,27.63
6081199,35.6,27.63
6081901,35.6,27.63
6082603,36.6,27.63
6083305,36.6,27.63
6084007,35.6,27.63
6084709,35.6,27.62
6085411,35.6,27.63
6086113,36.6,27.63
6086815,35.6,27.62
6087517,35.6,27.62
6088219,35.6,27.62
6088921,35.6,27.62
6089623,35.6,27.62
6090325,35.6,27.62
6091027,34.6,27.62
6091729,35.6,27.62
6092431,36.6,27.62
6093133,35.6,27.62
6093835,34.6,27.62
6094537,35.6,27.62
6095239,35.6,27.62
6095941,35.6,27.62
6096643,35.6,27.62
6097345,35.6,27.62
6098047,36.6,27.61
6098749,36.6,27.62
6099451,35.6,27.61
6100153,35.6,27.61
6100855,35.6,27.61
6101557,36.6,27.62
6102259,35.6,27.61
6102961,35.6,27.61
6103663,35.6,27.62
6104365,35.6,27.61
6105067,36.6,27.61
6105769,36.6,27.61
6106471,36.6,27.61
6107173,35.6,27.61
6107875,36.6,27.61
6108577,35.6,27.61
6109279,36.6,27.61
6109981,36.6,27.61
6110683,36.6,27.60
6111385,35.6,27.61
6112087,36.6,27.60
6112789,36.6,27.60
6113491,36.6,27.61
6114193,35.6,27.60
6114895,34.6,27.60
6115597,34.6,27.60
6116299,35.6,27.60
6117001,36.6,27.60
6117703,36.6,27.60
6118405,35.6,27.60
6119107,35.6,27.59
6119809,36.6,27.60
6120511,35.6,27.60
6121213,35.6,27.59
6121915,36.6,27.59
6122617,36.6,27.60
6123319,36.6,27.59
6124021,35.6,27.59
6124723,36.6,27.59
6125425,36.6,27.59
6126127,36.6,27.59
6126829,36.6,27.59
6127531,36.6,27.59
6128233,36.6,27.60
6128935,35.6,27.59
6129637,35.6,27.59
6130339,36.6,27.59
6131041,36.6,27.59
6131743,35.6,27.59
6132445,36.6,27.58
6133147,36.6,27.58
6133849,35.6,27.59
6134551,36.6,27.59
6135253,35.6,27.59
6135955,36.6,27.59
6136657,36.6,27.59
6137359,36.6,27.59
6138061,36.6,27.58
6138763,35.6,27.58
6139465,35.6,27.58
6140167,35.6,27.58
6140869,35.6,27.58
6141571,34.6,27.58
6142273,35.6,27.58
6142975,34.6,27.57
6143677,35.6,27.58
6144379,35.6,27.58
6145081,35.6,27.57
6145783,35.6,27.58
6146485,35.6,27.57
6147187,35.6,27.57
6147889,36.6,27.57
6148591,35.6,27.58
6149293,35.6,27.58
6149995,36.6,27.57
6150697,35.6,27.57
6151399,35.6,27.57
6152101,35.6,27.57
6152803,35.6,27.57
6153505,36.6,27.57
6154207,36.6,27.57
6154909,36.6,27.57
6155611,35.6,27.57
6156313,36.6,27.57
6157015,35.6,27.57
6157717,36.6,27.56
6158419,36.6,27.57
6159121,36.6,27.56
6159823,36.6,27.56
6160525,36.6,27.57
6161227,36.6,27.57
6161929,36.6,27.56
6162631,35.6,27.56
6163333,36.6,27.57
6164035,35.6,27.56
6164737,36.6,27.56
6165439,36.6,27.56
6166141,36.6,27.56
6166843,36.6,27.56
6167545,36.6,27.56
6168247,35.6,27.56
6168949,35.6,27.56
6169651,35.6,27.56
6170353,35.6,27.56
6171055,36.6,27.56
6171757,35.6,27.56
6172459,35.6,27.56
6173161,36.6,27.56
6173863,36.6,27.56
6174565,35.6,27.56
6175267,35.6,27.56
6175969,35.6,27.56
6176671,35.6,27.56
6177373,35.6,27.56
6178075,36.6,27.56
6178777,35.6,27.56
6179479,36.6,27.56
6180181,36.6,27.56
6180883,36.6,27.56
6181585,36.6,27.56
6182287,36.6,27.56
6182989,36.6,27.55
6183691,35.6,27.56
6184393,36.6,27.55
6185095,36.6,27.56
6185797,36.6,27.55
6186499,36.6,27.55
6187201,36.6,27.55
6187903,35.6,27.55
6188605,36.6,27.55
6189307,36.6,27.55
6190009,35.6,27.55
6190711,36.6,27.55
6191413,35.6,27.55
6192115,36.6,27.55
6192817,35.6,27.55
6193519,35.6,27.55
6194221,35.6,27.55
6194923,35.6,27.54
6195625,35.6,27.54
6196327,35.6,27.54
6197029,35.6,27.55
6197731,35.6,27.55
6198433,35.6,27.55
6199135,35.6,27.54
6199837,35.6,27.55
6200539,35.6,27.54
6201241,35.6,27.54
6201943,35.6,27.54
6202645,35.6,27.54
6203347,35.6,27.54
6204049,35.6,27.54
6204751,35.6,27.54
6205453,35.6,27.54
6206155,35.6,27.54
6206857,35.6,27.54
6207559,34.6,27.54
6208261,34.6,27.54
6208963,35.6,27.54
6209665,35.6,27.53
6210367,35.6,27.54
6211069,36.6,27.53
6211771,35.6,27.53
6212473,36.6,27.53
6213175,35.6,27.54
6213877,35.6,27.54
6214579,35.6,27.53
6215281,34.6,27.53
6215983,35.6,27.53
6216685,35.6,27.54
6217387,35.6,27.53
6218089,35.6,27.53
6218791,35.6,27.53
6219493,35.6,27.53
6220195,36.6,27.52
6220897,36.6,27.53
6221599,36.6,27.53
6222301,36.6,27.52
6223003,35.6,27.52
6223705,35.6,27.52
6224407,35.6,27.52
6225109,35.6,27.52
6225811,35.6,27.52
6226513,35.6,27.52
6227215,35.6,27.52
6227917,36.6,27.52
6228619,36.6,27.52
6229321,36.6,27.52
6230023,36.6,27.52
6230725,36.6,27.52
6231427,36.6,27.52
6232129,36.6,27.52
6232831,37.6,27.52
6233533,36.6,27.52
6234235,36.6,27.52
6234937,36.6,27.52
6235639,35.6,27.51
6236341,36.6,27.52
6237043,36.6,27.52
6237745,36.6,27.51
6238447,35.6,27.52
6239149,35.6,27.51
6239851,36.6,27.51
6240553,35.6,27.51
6241255,35.6,27.51
6241957,36.6,27.51
6242659,36.6,27.51
6243361,35.6,27.51
6244063,35.6,27.51
6244765,35.6,27.51
6245467,35.6,27.51
6246169,34.6,27.51
6246871,35.6,27.51
6247573,35.6,27.51
6248275,35.6,27.51
6248977,35.6,27.50
6249679,35.6,27.51
6250381,36.6,27.51
6251083,36.6,27.51
6251785,36.6,27.50
6252487,35.6,27.51
6253189,35.6,27.50
6253891,36.6,27.50
6254593,35.6,27.51
6255295,35.6,27.50
6255997,35.6,27.50
6256699,36.6,27.50
6257401,36.6,27.50
6258103,36.6,27.50
6258805,36.6,27.50
6259507,36.6,27.50
6260209,36.6,27.50
6260911,36.6,27.50
6261613,35.6,27.50
6262315,36.6,27.50
6263017,36.6,27.50
6263719,35.6,27.50
6264421,35.6,27.50
6265123,36.6,27.50
6265825,35.6,27.50
6266527,35.6,27.50
6267229,35.6,27.49
6267931,35.6,27.50
6268633,36.6,27.50
6269335,36.6,27.49
6270037,35.6,27.49
6270739,36.6,27.49
6271441,36.6,27.49
6272143,36.6,27.49
6272845,36.6,27.49
6273547,36.6,27.49
6274249,36.6,27.49
6274951,35.6,27.49
6275653,36.6,27.49
6276355,36.6,27.49
6277057,35.6,27.49
6277759,36.6,27.49
6278461,35.6,27.49
6279163,35.6,27.49
6279865,34.6,27.49
6280567,35.6,27.49
6281269,35.6,27.48
6281971,36.6,27.48
6282673,36.6,27.48
6283375,35.6,27.48
6284077,35.6,27.48
6284779,36.6,27.48
6285481,35.6,27.48
6286183,35.6,27.48
6286885,36.6,27.48
6287587,36.6,27.48
6288289,36.6,27.48
6288991,36.6,27.48
6289693,36.6,27.48
6290395,36.6,27.48
6291097,36.6,27.48
6291799,35.6,27.48
6292501,35.6,27.47
6293203,34.6,27.48
6293905,34.6,27.48
6294607,35.6,27.48
6295309,34.6,27.48
6296011,34.6,27.48
6296713,34.6,27.48
6297415,35.6,27.48
6298117,35.6,27.47
6298819,35.6,27.48
6299521,35.6,27.48
6300223,35.6,27.48
6300925,35.6,27.47
6301627,35.6,27.47
6302329,35.6,27.47
6303031,35.6,27.47
6303733,36.6,27.47
6304435,35.6,27.47
6305137,35.6,27.47
6305839,36.6,27.47
6306541,35.6,27.47
6307243,35.6,27.47
6307945,35.6,27.47
6308647,36.6,27.47
6309349,36.6,27.47
6310051,36.6,27.47
6310753,36.6,27.47
6311455,36.6,27.47
6312157,36.6,27.47
6312859,36.6,27.47
6313561,36.6,27.47
6314263,36.6,27.47
6314965,35.6,27.46
6315667,36.6,27.46
6316369,36.6,27.46
6317071,36.6,27.47
6317773,36.6,27.46
6318475,36.6,27.46
6319177,35.6,27.46
6319879,35.6,27.46
6320581,35.6,27.46
6321283,36.6,27.47
6321985,36.6,27.47
6322687,36.6,27.47
6323389,36.6,27.47
6324091,36.6,27.47
6324793,36.6,27.47
6325495,36.6,27.46
6326197,36.6,27.46
6326899,35.6,27.46
6327601,36.6,27.46
6328303,35.6,27.46
6329005,35.6,27.46
6329707,35.6,27.46
6330409,35.6,27.46
6331111,35.6,27.46
6331813,35.6,27.46
6332515,36.6,27.46
6333217,35.6,27.46
6333919,36.6,27.46
6334621,36.6,27.46
6335323,36.6,27.46
6336025,35.6,27.46
6336727,35.6,27.46
6337429,35.6,27.45
6338131,35.6,27.45
6338833,35.6,27.46
6339535,35.6,27.45
6340237,35.6,27.45
6340939,34.6,27.45
6341641,34.6,27.45
6342343,34.6,27.45
6343045,35.6,27.45
6343747,35.6,27.45
6344449,36.6,27.45
6345151,36.6,27.45
6345853,36.6,27.45
6346555,36.6,27.45
6347257,35.6,27.45
6347959,36.6,27.45
6348661,35.6,27.45
6349363,35.6,27.45
6350065,35.6,27.45
6350767,36.6,27.45
6351469,36.6,27.44
6352171,35.6,27.45
6352873,35.6,27.45
6353575,35.6,27.44
6354277,35.6,27.45
6354979,35.6,27.44
6355681,36.6,27.44
6356383,36.6,27.44
6357085,36.6,27.44
6357787,35.6,27.44
6358489,34.6,27.44
6359191,34.6,27.44
6359893,35.6,27.44
6360595,35.6,27.44
6361297,35.6,27.44
6361999,36.6,27.44
6362701,36.6,27.44
6363403,35.6,27.44
6364105,35.6,27.44
6364807,35.6,27.43
6365509,35.6,27.43
6366211,35.6,27.44
6366913,35.6,27.43
6367615,36.6,27.43
6368317,35.6,27.43
6369019,36.6,27.43
6369721,35.6,27.43
6370423,36.6,27.43
6371125,35.6,27.43
6371827,36.6,27.43
6372529,36.6,27.43
6373231,36.6,27.43
6373933,35.6,27.43
6374635,35.6,27.43
6375337,35.6,27.43
6376039,36.6,27.43
6376741,36.6,27.43
6377443,36.6,27.43
6378145,36.6,27.43
6378847,36.6,27.43
6379549,35.6,27.42
6380251,35.6,27.42
6380953,35.6,27.43
6381655,35.6,27.42
6382357,35.6,27.42
6383059,35.6,27.42
6383761,35.6,27.42
6384463,35.6,27.42
6385165,35.6,27.42
6385867,36.6,27.43
6386569,35.6,27.42
6387271,35.6,27.42
6387973,35.6,27.42
6388675,35.6,27.42
6389377,35.6,27.42
6390079,35.6,27.42
6390781,35.6,27.41
6391483,35.6,27.42
6392185,35.6,27.42
6392887,36.6,27.42
6393589,35.6,27.42
6394291,35.6,27.42
6394993,35.6,27.42
6395695,36.6,27.41
6396397,36.6,27.42
6397099,35.6,27.42
6397801,35.6,27.41
6398503,36.6,27.41
6399205,36.6,27.41
6399907,36.6,27.41
6400609,35.6,27.41
6401311,35.6,27.41
6402013,35.6,27.42
6402715,36.6,27.41
6403417,36.6,27.41
6404119,36.6,27.41
6404821,36.6,27.41
6405523,35.6,27.41
6406225,35.6,27.41
6406927,35.6,27.41
6407629,35.6,27.41
6408331,36.6,27.41
6409033,36.6,27.41
6409735,36.6,27.41
6410437,36.6,27.41
6411139,35.6,27.41
6411841,35.6,27.40
6412543,34.6,27.40
6413245,35.6,27.40
6413947,35.6,27.40
6414649,35.6,27.40
6415351,35.6,27.40
6416053,35.6,27.40
6416755,34.6,27.40
6417457,35.6,27.40
6418159,35.6,27.40
6418861,35.6,27.40
6419563,35.6,27.40
6420265,34.6,27.40
6420967,34.6,27.40
6421669,35.6,27.40
6422371,34.6,27.40
6423073,35.6,27.40
6423775,35.6,27.40
6424477,34.6,27.40
6425179,35.6,27.39
6425881,35.6,27.39
6426583,35.6,27.39
6427285,35.6,27.40
6427987,36.6,27.39
6428689,36.6,27.40
6429391,36.6,27.39
6430093,36.6,27.40
6430795,36.6,27.39
6431497,36.6,27.39
6432199,36.6,27.39
6432901,36.6,27.39
6433603,36.6,27.39
6434305,36.6,27.39
6435007,35.6,27.39
6435709,35.6,27.39
6436411,35.6,27.39
6437113,36.6,27.39
6437815,35.6,27.39
6438517,35.6,27.39
6439219,36.6,27.39
6439921,35.6,27.38
6440623,36.6,27.39
6441325,36.6,27.39
6442027,35.6,27.38
6442729,36.6,27.39
6443431,35.6,27.39
6444133,34.6,27.38
6444835,35.6,27.38
6445537,35.6,27.38
6446239,36.6,27.38
6446941,35.6,27.38
6447643,35.6,27.38
6448345,35.6,27.39
6449047,36.6,27.39
6449749,36.6,27.38
6450451,36.6,27.38
6451153,35.6,27.38
6451855,35.6,27.38
6452557,36.6,27.39
6453259,35.6,27.38
6453961,36.6,27.38
6454663,35.6,27.38
6455365,35.6,27.38
6456067,35.6,27.39
6456769,35.6,27.38
6457471,35.6,27.39
6458173,35.6,27.38
6458875,35.6,27.38
6459577,35.6,27.38
6460279,35.6,27.38
6460981,35.6,27.38
6461683,36.6,27.37
6462385,36.6,27.38
6463087,36.6,27.37
6463789,36.6,27.37
6464491,36.6,27.38
6465193,35.6,27.37
6465895,35.6,27.37
6466597,34.6,27.37
6467299,35.6,27.38
6468001,35.6,27.37
6468703,35.6,27.37
6469405,35.6,27.37
6470107,35.6,27.37
6470809,34.6,27.37
6471511,35.6,27.37
6472213,35.6,27.37
6472915,35.6,27.37
6473617,35.6,27.37
6474319,35.6,27.37
6475021,35.6,27.37
6475723,35.6,27.36
6476425,36.6,27.37
6477127,36.6,27.37
6477829,36.6,27.36
6478531,35.6,27.37
6479233,35.6,27.36
6479935,35.6,27.36
6480637,36.6,27.36
6481339,36.6,27.37
6482041,36.6,27.36
6482743,36.6,27.37
6483445,36.6,27.36
6484147,35.6,27.37
6484849,36.6,27.36
6485551,35.6,27.37
6486253,35.6,27.37
6486955,35.6,27.36
6487657,35.6,27.36
6488359,35.6,27.37
6489061,35.6,27.36
6489763,36.6,27.36
6490465,35.6,27.36
6491167,35.6,27.36
6491869,35.6,27.36
6492571,35.6,27.36
6493273,35.6,27.36
6493975,36.6,27.36
6494677,35.6,27.35
6495379,35.6,27.35
6496081,36.6,27.35
6496783,35.6,27.35
6497485,35.6,27.35
6498187,35.6,27.36
6498889,35.6,27.35
6499591,35.6,27.35
6500293,35.6,27.35
6500995,35.6,27.35
6501697,35.6,27.35
6502399,35.6,27.35
6503101,36.6,27.35
6503803,36.6,27.35
6504505,36.6,27.35
6505207,35.6,27.35
6505909,34.6,27.34
6506611,35.6,27.34
6507313,36.6,27.34
6508015,35.6,27.34
6508717,36.6,27.35
6509419,36.6,27.34
6510121,36.6,27.35
6510823,35.6,27.34
6511525,36.6,27.34
6512227,36.6,27.34
6512929,35.6,27.34
6513631,36.6,27.34
6514333,35.6,27.34
6515035,35.6,27.34
6515737,35.6,27.34
6516439,35.6,27.34
6517141,35.6,27.34
6517843,35.6,27.34
6518545,36.6,27.34
6519247,35.6,27.34
6519949,35.6,27.34
6520651,35.6,27.34
6521353,35.6,27.34
6522055,36.6,27.34
6522757,35.6,27.34
6523459,35.6,27.33
6524161,36.6,27.34
6524863,36.6,27.34
6525565,35.6,27.33
6526267,34.6,27.33
6526969,35.6,27.33
6527671,35.6,27.34
6528373,34.6,27.34
6529075,35.6,27.34
6529777,36.6,27.33
6530479,35.6,27.33
6531181,35.6,27.33
6531883,35.6,27.33
6532585,35.6,27.34
6533287,35.6,27.33
6533989,35.6,27.33
6534691,36.6,27.33
6535393,36.6,27.33
6536095,36.6,27.33
6536797,36.6,27.33
6537499,36.6,27.33
6538201,35.6,27.33
6538903,36.6,27.33
6539605,36.6,27.33
6540307,36.6,27.33
6541009,36.6,27.33
6541711,36.6,27.33
6542413,36.6,27.33
6543115,36.6,27.33
6543817,36.6,27.33
6544519,35.6,27.33
6545221,35.6,27.33
6545923,35.6,27.32
6546625,35.6,27.32
6547327,35.6,27.32
6548029,35.6,27.32
6548731,34.6,27.32
6549433,35.6,27.32
6550135,35.6,27.32
6550837,35.6,27.32
6551539,35.6,27.32
6552241,34.6,27.31
6552943,35.6,27.32
6553645,35.6,27.32
6554347,34.6,27.32
6555049,35.6,27.32
6555751,35.6,27.32
6556453,35.6,27.32
6557155,35.6,27.32
6557857,36.6,27.31
6558559,36.6,27.31
6559261,35.6,27.32
6559963,35.6,27.32
6560665,35.6,27.32
6561367,35.6,27.32
6562069,36.6,27.32
6562771,36.6,27.32
6563473,35.6,27.32
6564175,36.6,27.31
6564877,35.6,27.32
6565579,34.6,27.32
6566281,34.6,27.32
6566983,34.6,27.31
6567685,35.6,27.31
6568387,35.6,27.31
6569089,36.6,27.32
6569791,35.6,27.31
6570493,35.6,27.31
6571195,34.6,27.31
6571897,35.6,27.31
6572599,35.6,27.31
6573301,35.6,27.31
6574003,34.6,27.30
6574705,35.6,27.30
6575407,35.6,27.31
6576109,35.6,27.31
6576811,35.6,27.31
6577513,35.6,27.31
6578215,35.6,27.31
6578917,34.6,27.31
6579619,34.6,27.31
6580321,34.6,27.31
6581023,34.6,27.31
6581725,35.6,27.30
6582427,36.6,27.30
6583129,35.6,27.30
6583831,35.6,27.30
6584533,35.6,27.30
6585235,35.6,27.30
6585937,36.6,27.30
6586639,35.6,27.30
6587341,36.6,27.30
6588043,35.6,27.30
6588745,35.6,27.30
6589447,35.6,27.30
6590149,35.6,27.30
6590851,35.6,27.30
6591553,35.6,27.30
6592255,34.6,27.30
6592957,35.6,27.30
6593659,34.6,27.30
6594361,34.6,27.30
6595063,34.6,27.29
6595765,34.6,27.30
6596467,35.6,27.30
6597169,35.6,27.29
6597871,35.6,27.30
6598573,35.6,27.30
6599275,35.6,27.29
6599977,35.6,27.30
6600679,35.6,27.29
6601381,36.6,27.29
6602083,35.6,27.29
6602785,34.6,27.29
6603487,34.6,27.29
6604189,34.6,27.29
6604891,34.6,27.29
6605593,34.6,27.29
6606295,35.6,27.29
6606997,35.6,27.29
6607699,35.6,27.29
6608401,36.6,27.29
6609103,36.6,27.29
6609805,35.6,27.29
6610507,35.6,27.28
6611209,35.6,27.28
6611911,35.6,27.28
6612613,36.6,27.28
6613315,36.6,27.28
6614017,35.6,27.28
6614719,36.6,27.28
6615421,36.6,27.28
6616123,36.6,27.28
6616825,35.6,27.28
6617527,35.6,27.28
6618229,35.6,27.27
6618931,34.6,27.28
6619633,35.6,27.28
6620335,35.6,27.28
6621037,35.6,27.28
6621739,35.6,27.28
6622441,35.6,27.28
6623143,35.6,27.28
6623845,35.6,27.27
6624547,34.6,27.27
