--- Terminal on /dev/ttyACM3 | 115200 8-N-1
--- Available filters and text transformations: debug, default, direct, esp32_exception_decoder, hexlify, log2file, nocontrol, printable, send_on_enter, time
--- More details at https://bit.ly/pio-monitor-filters
--- Quit: Ctrl+C | Menu: Ctrl+T | Help: Ctrl+T followed by Ctrl+H
109404,34.6,25.15
110106,34.6,25.13
110808,34.6,25.11
111510,34.6,25.09
112212,34.6,25.07
112914,35.6,25.05
113616,34.6,25.02
114318,34.6,25.01
115020,34.6,24.98
115722,34.6,24.97
116424,34.6,24.94
117126,34.6,24.92
117828,34.6,24.90
118530,34.6,24.88
119232,34.6,24.86
119934,34.6,24.84
120636,34.6,24.81
121338,34.6,24.79
122040,33.6,24.77
122742,34.6,24.74
123444,34.6,24.72
124146,34.6,24.69
124848,33.6,24.67
125550,33.6,24.65
126252,34.6,24.63
126954,34.6,24.61
127656,34.6,24.59
128358,34.6,24.57
129060,33.6,24.55
129762,34.6,24.51
130464,33.6,24.49
131166,33.6,24.47
131868,33.6,24.45
132570,33.6,24.42
133272,34.6,24.40
133974,34.6,24.37
134676,34.6,24.36
135378,34.6,24.33
136080,33.6,24.31
136782,34.6,24.29
137484,34.6,24.26
138186,34.6,24.24
138888,34.6,24.21
139590,33.6,24.19
140292,33.6,24.17
140994,33.6,24.15
141696,34.6,24.12
142398,34.6,24.09
143100,33.6,24.07
143802,33.6,24.04
144504,34.6,24.02
145206,33.6,24.00
145908,32.6,23.98
146610,32.6,23.96
147312,32.6,23.93
148014,33.6,23.91
148716,32.6,23.90
149418,33.6,23.87
150120,32.6,23.85
150822,32.6,23.83
151524,33.6,23.81
152226,33.6,23.78
152928,34.6,23.76
153630,34.6,23.73
154332,34.6,23.70
155034,34.6,23.68
155736,34.6,23.66
156438,33.6,23.63
157140,32.6,23.61
157842,33.6,23.59
158544,32.6,23.57
159246,32.6,23.54
159948,33.6,23.52
160650,33.6,23.51
161352,33.6,23.48
162054,32.6,23.45
162756,32.6,23.43
163458,32.6,23.42
164160,33.6,23.39
164862,32.6,23.37
165564,32.6,23.34
166266,33.6,23.32
166968,32.6,23.30
167670,32.6,23.27
168372,31.6,23.25
169074,31.6,23.23
169776,31.6,23.21
170478,32.6,23.19
171180,33.6,23.16
171882,33.6,23.14
172584,33.6,23.12
173286,33.6,23.10
173988,32.6,23.07
174690,32.6,23.05
175392,33.6,23.03
176094,32.6,23.00
176796,32.6,22.98
177498,33.6,22.94
178200,33.6,22.92
178902,32.6,22.90
179604,33.6,22.88
180306,32.6,22.86
181008,32.6,22.83
181710,32.6,22.81
182412,32.6,22.79
183114,32.6,22.76
183816,32.6,22.74
184518,32.6,22.72
185220,32.6,22.70
185922,32.6,22.68
186624,31.6,22.66
187326,31.6,22.63
188028,32.6,22.61
188730,32.6,22.59
189432,31.6,22.57
190134,31.6,22.55
190836,31.6,22.52
191538,31.6,22.51
192240,31.6,22.49
192942,31.6,22.47
193644,32.6,22.43
194346,32.6,22.41
195048,31.6,22.39
195750,32.6,22.37
196452,31.6,22.35
197154,31.6,22.33
197856,31.6,22.31
198558,31.6,22.29
199260,32.6,22.27
199962,31.6,22.25
200664,31.6,22.23
201366,31.6,22.21
202068,32.6,22.19
202770,32.6,22.17
203472,32.6,22.14
204174,31.6,22.12
204876,31.6,22.10
205578,31.6,22.08
206280,31.6,22.07
206982,31.6,22.04
207684,31.6,22.02
208386,31.6,22.00
209088,31.6,21.98
209790,31.6,21.96
210492,31.6,21.93
211194,31.6,21.91
211896,31.6,21.89
212598,31.6,21.87
213300,31.6,21.86
214002,31.6,21.83
214704,31.6,21.81
215406,31.6,21.79
216108,32.6,21.77
216810,32.6,21.76
217512,32.6,21.73
218214,31.6,21.72
218916,31.6,21.69
219618,31.6,21.67
220320,31.6,21.65
221022,31.6,21.63
221724,31.6,21.61
222426,31.6,21.59
223128,31.6,21.57
223830,31.6,21.54
224532,31.6,21.52
225234,30.6,21.51
225936,31.6,21.49
226638,31.6,21.46
227340,30.6,21.44
228042,30.6,21.42
228744,31.6,21.40
229446,31.6,21.38
230148,31.6,21.37
230850,30.6,21.35
231552,31.6,21.33
232254,31.6,21.31
232956,31.6,21.29
233658,31.6,21.27
234360,31.6,21.25
235062,31.6,21.24
235764,30.6,21.22
236466,31.6,21.20
237168,30.6,21.18
237870,30.6,21.15
238572,30.6,21.13
239274,31.6,21.11
239976,31.6,21.09
240678,31.6,21.07
241380,31.6,21.06
242082,30.6,21.04
242784,30.6,21.02
243486,31.6,21.01
244188,31.6,20.98
244890,31.6,20.97
245592,30.6,20.95
246294,30.6,20.93
246996,30.6,20.91
247698,31.6,20.89
248400,30.6,20.88
249102,30.6,20.86
249804,31.6,20.84
250506,31.6,20.81
251208,31.6,20.80
251910,30.6,20.79
252612,30.6,20.77
253314,31.6,20.75
254016,31.6,20.73
254718,31.6,20.71
255420,31.6,20.69
256122,30.6,20.67
256824,31.6,20.66
257526,30.6,20.64
258228,31.6,20.62
258930,30.6,20.60
259632,30.6,20.59
260334,30.6,20.56
261036,29.6,20.55
261738,30.6,20.53
262440,30.6,20.51
263142,29.6,20.49
263844,29.6,20.47
264546,30.6,20.46
265248,30.6,20.44
265950,29.6,20.42
266652,30.6,20.40
267354,30.6,20.39
268056,30.6,20.36
268758,29.6,20.34
269460,29.6,20.32
270162,29.6,20.30
270864,29.6,20.29
271566,30.6,20.27
272268,30.6,20.26
272970,29.6,20.24
273672,30.6,20.22
274374,29.6,20.20
275076,29.6,20.18
275778,29.6,20.16
276480,29.6,20.15
277182,29.6,20.13
277884,29.6,20.12
278586,29.6,20.10
279288,29.6,20.08
279990,30.6,20.06
280692,30.6,20.05
281394,30.6,20.03
282096,30.6,20.01
282798,30.6,19.99
283500,29.6,19.98
284202,29.6,19.96
284904,29.6,19.95
285606,29.6,19.93
286308,29.6,19.91
287010,28.6,19.90
287712,29.6,19.88
288414,29.6,19.86
289116,29.6,19.84
289818,29.6,19.83
290520,29.6,19.82
291222,29.6,19.79
291924,29.6,19.78
292626,28.6,19.77
293328,29.6,19.75
294030,29.6,19.73
294732,29.6,19.72
295434,29.6,19.70
296136,29.6,19.69
296838,29.6,19.67
297540,29.6,19.66
298242,29.6,19.64
298944,30.6,19.62
299646,29.6,19.61
300348,28.6,19.59
301050,29.6,19.57
301752,29.6,19.56
302454,29.6,19.53
303156,29.6,19.52
303858,29.6,19.51
304560,29.6,19.49
305262,28.6,19.48
305964,28.6,19.46
306666,28.6,19.44
307368,29.6,19.43
308070,29.6,19.42
308772,28.6,19.40
309474,28.6,19.39
310176,28.6,19.37
310878,28.6,19.35
311580,28.6,19.33
312282,28.6,19.31
312984,29.6,19.30
313686,28.6,19.29
314388,28.6,19.28
315090,29.6,19.26
315792,28.6,19.25
316494,29.6,19.23
317196,29.6,19.21
317898,28.6,19.19
318600,28.6,19.18
319302,28.6,19.16
320004,28.6,19.15
320706,28.6,19.13
321408,28.6,19.12
322110,28.6,19.10
322812,28.6,19.08
323514,28.6,19.07
324216,28.6,19.05
324918,28.6,19.04
325620,28.6,19.02
326322,28.6,19.01
327024,28.6,19.00
327726,28.6,18.98
328428,28.6,18.97
329130,28.6,18.95
329832,28.6,18.93
330534,28.6,18.91
331236,28.6,18.90
331938,28.6,18.88
332640,28.6,18.87
333342,27.6,18.85
334044,28.6,18.84
334746,28.6,18.83
335448,28.6,18.81
336150,27.6,18.80
336852,28.6,18.78
337554,27.6,18.76
338256,27.6,18.75
338958,28.6,18.74
339660,28.6,18.73
340362,27.6,18.71
341064,27.6,18.70
341766,27.6,18.68
342468,27.6,18.67
343170,27.6,18.65
343872,27.6,18.64
344574,27.6,18.62
345276,27.6,18.61
345978,28.6,18.59
346680,28.6,18.58
347382,28.6,18.56
348084,28.6,18.55
348786,28.6,18.54
349488,27.6,18.53
350190,27.6,18.51
350892,27.6,18.49
351594,28.6,18.48
352296,28.6,18.47
352998,27.6,18.45
353700,27.6,18.44
354402,27.6,18.43
355104,27.6,18.42
355806,27.6,18.40
356508,27.6,18.39
357210,27.6,18.37
357912,27.6,18.36
358614,27.6,18.35
359316,27.6,18.33
360018,27.6,18.32
360720,27.6,18.30
361422,27.6,18.29
362124,27.6,18.28
362826,27.6,18.27
363528,27.6,18.25
364230,27.6,18.23
364932,27.6,18.22
365634,27.6,18.20
366336,27.6,18.19
367038,27.6,18.18
367740,27.6,18.16
368442,27.6,18.15
369144,27.6,18.14
369846,27.6,18.12
370548,27.6,18.11
371250,27.6,18.10
371952,27.6,18.09
372654,27.6,18.07
373356,27.6,18.06
374058,27.6,18.05
374760,27.6,18.03
375462,27.6,18.02
376164,27.6,18.01
376866,27.6,17.99
377568,27.6,17.98
378270,27.6,17.97
378972,27.6,17.95
379674,27.6,17.94
380376,27.6,17.93
381078,27.6,17.91
381780,27.6,17.90
382482,27.6,17.89
383184,27.6,17.87
383886,27.6,17.86
384588,27.6,17.85
385290,27.6,17.84
385992,27.6,17.82
386694,27.6,17.81
387396,27.6,17.79
388098,27.6,17.78
388800,27.6,17.76
389502,27.6,17.75
390204,27.6,17.74
390906,27.6,17.73
391608,27.6,17.71
392310,26.6,17.70
393012,26.6,17.69
393714,27.6,17.68
394416,27.6,17.66
395118,26.6,17.65
395820,26.6,17.64
396522,26.6,17.63
397224,26.6,17.60
397926,26.6,17.59
398628,27.6,17.58
399330,27.6,17.57
400032,27.6,17.56
400734,26.6,17.54
401436,26.6,17.54
402138,26.6,17.52
402840,26.6,17.51
403542,26.6,17.50
404244,27.6,17.48
404946,26.6,17.47
405648,26.6,17.46
406350,26.6,17.45
407052,26.6,17.43
407754,26.6,17.42
408456,26.6,17.41
409158,26.6,17.40
409860,26.6,17.39
410562,26.6,17.37
411264,26.6,17.36
411966,26.6,17.35
412668,26.6,17.34
413370,26.6,17.33
414072,26.6,17.31
414774,26.6,17.30
415476,26.6,17.29
416178,26.6,17.27
416880,26.6,17.26
417582,26.6,17.25
418284,26.6,17.24
418986,26.6,17.23
419688,26.6,17.22
420390,26.6,17.21
421092,26.6,17.20
421794,26.6,17.18
422496,26.6,17.17
423198,26.6,17.16
423900,26.6,17.15
424602,26.6,17.14
425304,25.6,17.12
426006,25.6,17.11
426708,26.6,17.10
427410,25.6,17.09
428112,26.6,17.08
428814,26.6,17.07
429516,26.6,17.05
430218,26.6,17.04
430920,26.6,17.03
431622,26.6,17.02
432324,26.6,17.00
433026,26.6,16.99
433728,26.6,16.98
434430,27.6,16.97
435132,26.6,16.96
435834,25.6,16.94
436536,25.6,16.93
437238,25.6,16.92
437940,26.6,16.91
438642,25.6,16.90
439344,25.6,16.89
440046,25.6,16.88
440748,26.6,16.87
441450,26.6,16.85
442152,26.6,16.84
442854,26.6,16.83
443556,26.6,16.82
444258,26.6,16.81
444960,26.6,16.80
445662,26.6,16.79
446364,26.6,16.78
447066,25.6,16.76
447768,25.6,16.75
448470,25.6,16.74
449172,25.6,16.73
449874,25.6,16.72
450576,25.6,16.71
451278,25.6,16.69
451980,25.6,16.68
452682,25.6,16.68
453384,25.6,16.66
454086,26.6,16.65
454788,26.6,16.63
455490,25.6,16.62
456192,25.6,16.62
456894,25.6,16.60
457596,25.6,16.59
458298,25.6,16.58
459000,25.6,16.57
459702,26.6,16.56
460404,25.6,16.55
461106,26.6,16.54
461808,25.6,16.53
462510,25.6,16.52
463212,25.6,16.49
463914,25.6,16.49
464616,25.6,16.48
465318,25.6,16.47
466020,25.6,16.45
466722,25.6,16.45
467424,25.6,16.43
468126,25.6,16.42
468828,25.6,16.41
469530,25.6,16.40
470232,25.6,16.39
470934,25.6,16.38
471636,25.6,16.37
472338,25.6,16.36
473040,25.6,16.35
473742,25.6,16.34
474444,25.6,16.33
475146,25.6,16.32
475848,25.6,16.30
476550,25.6,16.29
477252,25.6,16.28
477954,25.6,16.27
478656,24.6,16.25
479358,24.6,16.25
480060,24.6,16.24
480762,25.6,16.23
481464,25.6,16.22
482166,25.6,16.21
482868,24.6,16.20
483570,24.6,16.19
484272,24.6,16.17
484974,24.6,16.16
485676,24.6,16.15
486378,25.6,16.15
487080,24.6,16.13
487782,25.6,16.13
488484,25.6,16.11
489186,25.6,16.10
489888,25.6,16.09
490590,25.6,16.08
491292,25.6,16.07
491994,25.6,16.06
492696,24.6,16.05
493398,25.6,16.04
494100,24.6,16.03
494802,25.6,16.01
495504,25.6,16.00
496206,25.6,16.00
496908,24.6,15.99
497610,24.6,15.98
498312,24.6,15.96
499014,24.6,15.95
499716,23.6,15.95
500418,25.6,15.94
501120,24.6,15.92
501822,24.6,15.92
502524,25.6,15.91
503226,25.6,15.89
503928,25.6,15.89
504630,24.6,15.88
505332,24.6,15.87
506034,24.6,15.85
506736,24.6,15.85
507438,24.6,15.83
508140,24.6,15.83
508842,24.6,15.82
509544,24.6,15.81
510246,24.6,15.80
510948,24.6,15.79
511650,24.6,15.78
512352,24.6,15.77
513054,24.6,15.76
513756,24.6,15.75
514458,24.6,15.74
515160,24.6,15.72
515862,24.6,15.72
516564,24.6,15.71
517266,24.6,15.70
517968,24.6,15.69
518670,24.6,15.67
519372,24.6,15.67
520074,24.6,15.66
520776,23.6,15.65
521478,23.6,15.64
522180,24.6,15.63
522882,24.6,15.62
523584,24.6,15.61
524286,24.6,15.60
524988,24.6,15.59
525690,24.6,15.59
526392,24.6,15.57
527094,24.6,15.56
527796,24.6,15.55
528498,24.6,15.54
529200,24.6,15.53
529902,24.6,15.52
530604,24.6,15.52
531306,24.6,15.50
532008,24.6,15.49
532710,24.6,15.49
533412,24.6,15.47
534114,23.6,15.47
534816,24.6,15.45
535518,24.6,15.45
536220,24.6,15.44
536922,24.6,15.43
537624,23.6,15.42
538326,23.6,15.41
539028,23.6,15.39
539730,23.6,15.39
540432,23.6,15.37
541134,23.6,15.37
541836,23.6,15.36
542538,24.6,15.35
543240,23.6,15.34
543942,23.6,15.33
544644,24.6,15.32
545346,24.6,15.31
546048,24.6,15.30
546750,24.6,15.30
547452,23.6,15.29
548154,24.6,15.28
548856,24.6,15.27
549558,23.6,15.26
550260,23.6,15.25
550962,24.6,15.24
551664,24.6,15.23
552366,24.6,15.22
553068,24.6,15.20
553770,24.6,15.19
554472,23.6,15.19
555174,23.6,15.18
555876,23.6,15.17
556578,23.6,15.16
557280,23.6,15.15
557982,23.6,15.15
558684,23.6,15.14
559386,23.6,15.13
560088,23.6,15.12
560790,23.6,15.11
561492,23.6,15.10
562194,23.6,15.09
562896,23.6,15.08
563598,24.6,15.07
564300,24.6,15.06
565002,24.6,15.05
565704,23.6,15.05
566406,24.6,15.04
567108,24.6,15.02
567810,23.6,15.01
568512,23.6,15.01
569214,23.6,15.00
569916,23.6,14.99
570618,23.6,14.98
571320,24.6,14.97
572022,23.6,14.97
572724,23.6,14.95
573426,23.6,14.94
574128,23.6,14.94
574830,24.6,14.93
575532,24.6,14.91
576234,23.6,14.91
576936,23.6,14.90
577638,23.6,14.89
578340,23.6,14.89
579042,23.6,14.87
579744,23.6,14.87
580446,23.6,14.86
581148,23.6,14.85
581850,23.6,14.84
582552,23.6,14.83
583254,23.6,14.82
583956,23.6,14.82
584658,23.6,14.81
585360,23.6,14.80
586062,23.6,14.79
586764,23.6,14.78
587466,23.6,14.78
588168,23.6,14.77
588870,23.6,14.76
589572,23.6,14.75
590274,23.6,14.74
590976,23.6,14.73
591678,23.6,14.72
592380,23.6,14.71
593082,23.6,14.71
593784,23.6,14.69
594486,23.6,14.69
595188,23.6,14.68
595890,23.6,14.67
596592,23.6,14.66
597294,23.6,14.65
597996,23.6,14.64
598698,23.6,14.64
599400,23.6,14.63
600102,23.6,14.62
600804,23.6,14.62
601506,23.6,14.60
602208,23.6,14.60
602910,23.6,14.59
603612,23.6,14.59
604314,23.6,14.57
605016,23.6,14.57
605718,23.6,14.56
606420,23.6,14.55
607122,23.6,14.54
607824,23.6,14.53
608526,23.6,14.53
609228,23.6,14.52
609930,23.6,14.50
610632,23.6,14.50
611334,23.6,14.49
612036,23.6,14.48
612738,23.6,14.48
613440,23.6,14.46
614142,23.6,14.46
614844,23.6,14.45
615546,23.6,14.44
616248,23.6,14.44
616950,23.6,14.43
617652,22.6,14.42
618354,23.6,14.41
619056,23.6,14.40
619758,23.6,14.40
620460,23.6,14.38
621162,23.6,14.38
621864,23.6,14.37
622566,23.6,14.36
623268,23.6,14.35
623970,23.6,14.34
624672,22.6,14.34
625374,23.6,14.32
626076,23.6,14.32
626778,23.6,14.31
627480,23.6,14.30
628182,23.6,14.30
628884,23.6,14.29
629586,23.6,14.28
630288,22.6,14.27
630990,22.6,14.26
631692,22.6,14.26
632394,23.6,14.25
633096,23.6,14.24
633798,23.6,14.24
634500,22.6,14.23
635202,22.6,14.22
635904,22.6,14.21
636606,22.6,14.21
637308,22.6,14.20
638010,22.6,14.19
638712,22.6,14.18
639414,22.6,14.18
640116,22.6,14.17
640818,22.6,14.16
641520,22.6,14.15
642222,22.6,14.15
642924,23.6,14.14
643626,23.6,14.13
644328,23.6,14.12
645030,22.6,14.12
645732,22.6,14.11
646434,22.6,14.10
647136,22.6,14.09
647838,22.6,14.09
648540,22.6,14.08
649242,22.6,14.06
649944,23.6,14.05
650646,23.6,14.05
651348,23.6,14.04
652050,22.6,14.03
652752,23.6,14.02
653454,23.6,14.02
654156,23.6,14.01
654858,22.6,14.00
655560,22.6,14.00
656262,23.6,13.99
656964,23.6,13.98
657666,23.6,13.97
658368,22.6,13.96
659070,22.6,13.96
659772,22.6,13.95
660474,22.6,13.94
661176,22.6,13.93
661878,23.6,13.93
662580,22.6,13.92
663282,22.6,13.91
663984,22.6,13.90
664686,22.6,13.89
665388,22.6,13.89
666090,22.6,13.88
666792,22.6,13.87
667494,22.6,13.86
668196,22.6,13.86
668898,22.6,13.85
669600,22.6,13.85
670302,22.6,13.83
671004,22.6,13.83
671706,23.6,13.82
672408,22.6,13.82
673110,22.6,13.80
673812,23.6,13.80
674514,23.6,13.79
675216,23.6,13.79
675918,22.6,13.78
676620,23.6,13.77
677322,23.6,13.76
678024,23.6,13.76
678726,23.6,13.75
679428,23.6,13.74
680130,22.6,13.73
680832,22.6,13.72
681534,22.6,13.72
682236,22.6,13.71
682938,22.6,13.70
683640,22.6,13.70
684342,22.6,13.69
685044,23.6,13.68
685746,23.6,13.68
686448,22.6,13.67
687150,22.6,13.66
687852,22.6,13.66
688554,22.6,13.64
689256,22.6,13.64
689958,22.6,13.64
690660,22.6,13.63
691362,22.6,13.62
692064,22.6,13.61
692766,22.6,13.61
693468,22.6,13.60
694170,22.6,13.59
694872,22.6,13.59
695574,22.6,13.58
696276,22.6,13.57
696978,22.6,13.56
697680,22.6,13.56
698382,22.6,13.55
699084,21.6,13.55
699786,21.6,13.53
700488,21.6,13.54
701190,22.6,13.53
701892,21.6,13.52
702594,22.6,13.51
703296,22.6,13.50
703998,22.6,13.50
704700,22.6,13.49
705402,22.6,13.48
706104,23.6,13.47
706806,22.6,13.47
707508,22.6,13.46
708210,22.6,13.46
708912,22.6,13.45
709614,22.6,13.44
710316,22.6,13.43
711018,22.6,13.43
711720,22.6,13.42
712422,22.6,13.41
713124,21.6,13.41
713826,21.6,13.39
714528,22.6,13.39
715230,21.6,13.38
715932,21.6,13.38
716634,22.6,13.37
717336,21.6,13.36
718038,21.6,13.36
718740,21.6,13.36
719442,22.6,13.34
720144,22.6,13.34
720846,21.6,13.33
721548,21.6,13.33
722250,22.6,13.32
722952,21.6,13.31
723654,22.6,13.31
724356,21.6,13.31
725058,21.6,13.30
725760,22.6,13.29
726462,21.6,13.29
727164,21.6,13.28
727866,21.6,13.27
728568,21.6,13.27
729270,21.6,13.26
729972,21.6,13.25
730674,21.6,13.24
731376,22.6,13.24
732078,22.6,13.23
732780,21.6,13.22
733482,22.6,13.22
734184,22.6,13.21
734886,21.6,13.21
735588,21.6,13.20
736290,21.6,13.19
736992,21.6,13.18
737694,21.6,13.17
738396,22.6,13.17
739098,21.6,13.17
739800,21.6,13.16
740502,21.6,13.15
741204,21.6,13.14
741906,21.6,13.14
742608,21.6,13.13
743310,21.6,13.12
744012,21.6,13.12
744714,21.6,13.11
745416,21.6,13.10
746118,21.6,13.10
746820,21.6,13.08
747522,21.6,13.08
748224,21.6,13.07
748926,21.6,13.07
749628,21.6,13.06
750330,21.6,13.06
751032,21.6,13.05
751734,21.6,13.05
752436,21.6,13.04
753138,21.6,13.03
753840,21.6,13.03
754542,21.6,13.02
755244,21.6,13.02
755946,21.6,13.01
756648,21.6,13.00
757350,21.6,13.00
758052,21.6,12.99
758754,21.6,12.99
759456,21.6,12.98
760158,21.6,12.97
760860,21.6,12.96
761562,21.6,12.96
762264,21.6,12.95
762966,21.6,12.94
763668,21.6,12.94
764370,21.6,12.94
765072,21.6,12.93
765774,21.6,12.92
766476,21.6,12.92
767178,21.6,12.91
767880,21.6,12.90
768582,20.6,12.90
769284,21.6,12.89
769986,21.6,12.89
770688,21.6,12.88
771390,21.6,12.87
772092,21.6,12.86
772794,21.6,12.86
773496,21.6,12.85
774198,21.6,12.85
774900,21.6,12.84
775602,21.6,12.83
776304,21.6,12.83
777006,21.6,12.82
777708,21.6,12.82
778410,21.6,12.81
779112,21.6,12.80
779814,21.6,12.80
780516,21.6,12.79
781218,21.6,12.78
781920,21.6,12.77
782622,21.6,12.77
783324,20.6,12.76
784026,21.6,12.76
784728,21.6,12.75
785430,21.6,12.74
786132,21.6,12.74
786834,21.6,12.73
787536,21.6,12.73
788238,21.6,12.72
788940,20.6,12.72
789642,21.6,12.71
790344,21.6,12.70
791046,21.6,12.70
791748,21.6,12.70
792450,21.6,12.69
793152,21.6,12.68
793854,20.6,12.67
794556,20.6,12.67
795258,21.6,12.66
795960,21.6,12.66
796662,21.6,12.65
797364,21.6,12.65
798066,21.6,12.64
798768,21.6,12.64
799470,21.6,12.62
800172,20.6,12.62
800874,21.6,12.61
801576,20.6,12.61
802278,20.6,12.60
802980,20.6,12.59
803682,21.6,12.59
804384,21.6,12.59
805086,21.6,12.58
805788,21.6,12.57
806490,21.6,12.56
807192,21.6,12.56
807894,20.6,12.56
808596,21.6,12.55
809298,21.6,12.54
810000,20.6,12.54
810702,21.6,12.53
811404,20.6,12.52
812106,20.6,12.52
812808,20.6,12.51
813510,20.6,12.50
814212,20.6,12.51
814914,21.6,12.50
815616,20.6,12.49
816318,21.6,12.48
817020,20.6,12.48
817722,20.6,12.47
818424,21.6,12.47
819126,20.6,12.46
819828,21.6,12.46
820530,21.6,12.45
821232,21.6,12.44
821934,21.6,12.44
822636,20.6,12.43
823338,20.6,12.43
824040,21.6,12.42
824742,20.6,12.41
825444,21.6,12.41
826146,21.6,12.40
826848,20.6,12.40
827550,21.6,12.40
828252,21.6,12.39
828954,21.6,12.38
829656,20.6,12.37
830358,21.6,12.37
831060,21.6,12.36
831762,20.6,12.36
832464,20.6,12.35
833166,20.6,12.35
833868,20.6,12.34
834570,20.6,12.34
835272,20.6,12.33
835974,20.6,12.33
836676,20.6,12.32
837378,20.6,12.31
838080,20.6,12.31
838782,20.6,12.31
839484,20.6,12.30
840186,20.6,12.29
840888,20.6,12.29
841590,20.6,12.28
842292,20.6,12.28
842994,20.6,12.27
843696,21.6,12.27
844398,20.6,12.26
845100,20.6,12.25
845802,20.6,12.26
846504,20.6,12.24
847206,20.6,12.24
847908,20.6,12.24
848610,20.6,12.23
849312,20.6,12.22
850014,20.6,12.21
850716,20.6,12.22
851418,20.6,12.21
852120,21.6,12.20
852822,21.6,12.19
853524,20.6,12.19
854226,21.6,12.19
854928,21.6,12.18
855630,20.6,12.17
856332,20.6,12.17
857034,20.6,12.17
857736,20.6,12.16
858438,20.6,12.16
859140,20.6,12.15
859842,20.6,12.15
860544,20.6,12.14
861246,20.6,12.14
861948,20.6,12.13
862650,20.6,12.12
863352,20.6,12.11
864054,20.6,12.11
864756,20.6,12.11
865458,20.6,12.10
866160,20.6,12.10
866862,20.6,12.09
867564,20.6,12.09
868266,20.6,12.08
868968,20.6,12.07
869670,20.6,12.07
870372,20.6,12.07
871074,20.6,12.06
871776,20.6,12.06
872478,20.6,12.05
873180,20.6,12.04
873882,20.6,12.04
874584,19.6,12.03
875286,19.6,12.03
875988,20.6,12.02
876690,20.6,12.02
877392,20.6,12.02
878094,20.6,12.01
878796,20.6,12.01
879498,21.6,12.00
880200,20.6,11.99
880902,20.6,11.99
881604,20.6,11.98
882306,20.6,11.98
883008,20.6,11.98
883710,21.6,11.97
884412,21.6,11.96
885114,20.6,11.96
885816,20.6,11.96
886518,20.6,11.95
887220,20.6,11.95
887922,20.6,11.94
888624,20.6,11.94
889326,20.6,11.94
890028,20.6,11.93
890730,20.6,11.92
891432,20.6,11.92
892134,20.6,11.91
892836,20.6,11.91
893538,20.6,11.90
894240,20.6,11.90
894942,20.6,11.89
895644,20.6,11.89
896346,20.6,11.89
897048,20.6,11.88
897750,20.6,11.88
898452,20.6,11.87
899154,20.6,11.87
899856,20.6,11.86
900558,20.6,11.86
901260,20.6,11.85
901962,20.6,11.84
902664,20.6,11.84
903366,20.6,11.83
904068,20.6,11.83
904770,20.6,11.82
905472,20.6,11.82
906174,20.6,11.82
906876,20.6,11.82
907578,20.6,11.81
908280,20.6,11.80
908982,20.6,11.79
909684,20.6,11.78
910386,20.6,11.78
911088,19.6,11.77
911790,20.6,11.77
912492,20.6,11.77
913194,20.6,11.76
913896,20.6,11.75
914598,20.6,11.75
915300,20.6,11.74
916002,20.6,11.74
916704,20.6,11.74
917406,20.6,11.74
918108,19.6,11.73
918810,20.6,11.72
919512,19.6,11.72
920214,19.6,11.72
920916,19.6,11.71
921618,19.6,11.71
922320,20.6,11.70
923022,20.6,11.69
923724,20.6,11.69
924426,19.6,11.69
925128,20.6,11.68
925830,20.6,11.68
926532,20.6,11.67
927234,20.6,11.67
927936,20.6,11.66
928638,20.6,11.66
929340,20.6,11.66
930042,20.6,11.65
930744,20.6,11.64
931446,20.6,11.64
932148,20.6,11.64
932850,20.6,11.63
933552,19.6,11.63
934254,20.6,11.62
934956,20.6,11.62
935658,20.6,11.61
936360,20.6,11.61
937062,20.6,11.61
937764,20.6,11.60
938466,20.6,11.60
939168,19.6,11.60
939870,20.6,11.60
940572,19.6,11.59
941274,19.6,11.58
941976,19.6,11.57
942678,20.6,11.57
943380,19.6,11.57
944082,19.6,11.57
944784,20.6,11.56
945486,19.6,11.56
946188,19.6,11.56
946890,20.6,11.55
947592,20.6,11.55
948294,20.6,11.54
948996,20.6,11.54
949698,20.6,11.53
950400,20.6,11.53
951102,20.6,11.53
951804,20.6,11.51
952506,20.6,11.51
953208,19.6,11.50
953910,20.6,11.50
954612,19.6,11.49
955314,20.6,11.49
956016,20.6,11.49
956718,20.6,11.48
957420,19.6,11.47
958122,19.6,11.48
958824,19.6,11.47
959526,19.6,11.47
960228,19.6,11.46
960930,19.6,11.46
961632,19.6,11.45
962334,19.6,11.45
963036,20.6,11.45
963738,20.6,11.44
964440,20.6,11.44
965142,19.6,11.44
965844,20.6,11.43
966546,20.6,11.43
967248,19.6,11.42
967950,20.6,11.42
968652,20.6,11.41
969354,19.6,11.41
970056,19.6,11.41
970758,19.6,11.40
971460,19.6,11.40
972162,20.6,11.39
972864,20.6,11.39
973566,20.6,11.39
974268,19.6,11.38
974970,19.6,11.38
975672,20.6,11.37
976374,20.6,11.36
977076,20.6,11.36
977778,20.6,11.35
978480,20.6,11.35
979182,20.6,11.35
979884,20.6,11.34
980586,20.6,11.34
981288,20.6,11.33
981990,19.6,11.34
982692,19.6,11.33
983394,19.6,11.32
984096,19.6,11.32
984798,19.6,11.31
985500,19.6,11.31
986202,19.6,11.30
986904,19.6,11.30
987606,19.6,11.30
988308,19.6,11.29
989010,19.6,11.29
989712,19.6,11.29
990414,19.6,11.28
991116,19.6,11.28
991818,19.6,11.27
992520,19.6,11.27
993222,19.6,11.27
993924,19.6,11.26
994626,19.6,11.26
995328,19.6,11.26
996030,19.6,11.26
996732,19.6,11.25
997434,19.6,11.25
998136,19.6,11.24
998838,19.6,11.24
999540,19.6,11.23
1000242,19.6,11.22
1000944,19.6,11.22
1001646,19.6,11.22
1002348,20.6,11.22
1003050,19.6,11.21
1003752,20.6,11.21
1004454,20.6,11.21
1005156,19.6,11.20
1005858,19.6,11.20
1006560,20.6,11.19
1007262,20.6,11.19
1007964,20.6,11.19
1008666,19.6,11.18
1009368,19.6,11.18
1010070,19.6,11.18
1010772,19.6,11.17
1011474,19.6,11.17
1012176,19.6,11.17
1012878,19.6,11.15
1013580,19.6,11.15
1014282,19.6,11.15
1014984,19.6,11.14
1015686,19.6,11.14
1016388,19.6,11.14
1017090,20.6,11.13
1017792,19.6,11.13
1018494,19.6,11.12
1019196,19.6,11.12
1019898,19.6,11.12
1020600,19.6,11.11
1021302,19.6,11.11
1022004,19.6,11.10
1022706,19.6,11.10
1023408,19.6,11.09
1024110,19.6,11.09
1024812,19.6,11.08
1025514,19.6,11.08
1026216,20.6,11.08
1026918,19.6,11.08
1027620,19.6,11.07
1028322,19.6,11.07
1029024,19.6,11.07
1029726,19.6,11.06
1030428,19.6,11.06
1031130,20.6,11.06
1031832,19.6,11.05
1032534,19.6,11.05
1033236,19.6,11.05
1033938,19.6,11.04
1034640,19.6,11.04
1035342,19.6,11.04
1036044,19.6,11.04
1036746,20.6,11.03
1037448,20.6,11.03
1038150,19.6,11.02
1038852,19.6,11.02
1039554,19.6,11.02
1040256,19.6,11.02
1040958,19.6,11.02
1041660,19.6,11.01
1042362,19.6,11.01
1043064,19.6,11.00
1043766,18.6,11.00
1044468,19.6,11.00
1045170,19.6,10.99
1045872,19.6,10.99
1046574,19.6,10.98
1047276,19.6,10.98
1047978,19.6,10.98
1048680,19.6,10.97
1049382,19.6,10.97
1050084,19.6,10.97
1050786,20.6,10.96
1051488,20.6,10.96
1052190,19.6,10.96
1052892,20.6,10.95
1053594,20.6,10.95
1054296,20.6,10.95
1054998,20.6,10.95
1055700,20.6,10.94
1056402,20.6,10.94
1057104,19.6,10.93
1057806,19.6,10.93
1058508,19.6,10.93
1059210,19.6,10.92
1059912,19.6,10.92
1060614,19.6,10.92
1061316,19.6,10.92
1062018,19.6,10.91
1062720,19.6,10.91
1063422,19.6,10.90
1064124,19.6,10.90
1064826,19.6,10.89
1065528,19.6,10.89
1066230,19.6,10.89
1066932,19.6,10.89
1067634,19.6,10.88
1068336,19.6,10.88
1069038,19.6,10.88
1069740,19.6,10.88
1070442,19.6,10.86
1071144,20.6,10.86
1071846,20.6,10.86
1072548,19.6,10.86
1073250,19.6,10.86
1073952,20.6,10.85
1074654,20.6,10.85
1075356,19.6,10.85
1076058,19.6,10.84
1076760,19.6,10.84
1077462,19.6,10.83
1078164,19.6,10.83
1078866,19.6,10.83
1079568,19.6,10.82
1080270,19.6,10.82
1080972,19.6,10.82
1081674,19.6,10.82
1082376,19.6,10.81
1083078,19.6,10.81
1083780,18.6,10.81
1084482,18.6,10.81
1085184,18.6,10.80
1085886,19.6,10.80
1086588,18.6,10.79
1087290,20.6,10.79
1087992,19.6,10.80
1088694,19.6,10.79
1089396,19.6,10.79
1090098,19.6,10.79
1090800,19.6,10.78
1091502,19.6,10.78
1092204,19.6,10.77
1092906,19.6,10.77
1093608,19.6,10.77
1094310,19.6,10.77
1095012,19.6,10.76
1095714,19.6,10.76
1096416,19.6,10.76
1097118,19.6,10.76
1097820,19.6,10.75
1098522,19.6,10.75
1099224,19.6,10.75
1099926,19.6,10.74
1100628,19.6,10.74
1101330,19.6,10.74
1102032,19.6,10.74
1102734,19.6,10.74
1103436,19.6,10.73
1104138,19.6,10.73
1104840,19.6,10.73
1105542,19.6,10.72
1106244,19.6,10.72
1106946,20.6,10.72
1107648,19.6,10.72
1108350,20.6,10.71
1109052,19.6,10.71
1109754,19.6,10.71
1110456,19.6,10.70
1111158,20.6,10.70
1111860,20.6,10.70
1112562,19.6,10.70
1113264,19.6,10.70
1113966,19.6,10.69
1114668,19.6,10.69
1115370,19.6,10.69
1116072,19.6,10.69
1116774,19.6,10.68
1117476,19.6,10.68
1118178,19.6,10.68
1118880,18.6,10.68
1119582,18.6,10.67
1120284,18.6,10.67
1120986,18.6,10.67
1121688,19.6,10.66
1122390,19.6,10.66
1123092,19.6,10.66
1123794,19.6,10.66
1124496,19.6,10.65
1125198,19.6,10.65
1125900,19.6,10.65
1126602,19.6,10.65
1127304,19.6,10.65
1128006,19.6,10.64
1128708,18.6,10.64
1129410,18.6,10.64
1130112,18.6,10.64
1130814,18.6,10.64
1131516,18.6,10.63
1132218,18.6,10.63
1132920,18.6,10.62
1133622,19.6,10.62
1134324,18.6,10.61
1135026,18.6,10.62
1135728,19.6,10.61
1136430,19.6,10.61
1137132,19.6,10.61
1137834,19.6,10.61
1138536,18.6,10.61
1139238,18.6,10.60
1139940,19.6,10.60
1140642,18.6,10.60
1141344,19.6,10.60
1142046,19.6,10.60
1142748,19.6,10.59
1143450,19.6,10.59
1144152,18.6,10.59
1144854,19.6,10.58
1145556,18.6,10.58
1146258,18.6,10.58
1146960,18.6,10.58
1147662,19.6,10.58
1148364,18.6,10.57
1149066,18.6,10.57
1149768,18.6,10.56
1150470,18.6,10.56
1151172,18.6,10.56
1151874,18.6,10.56
1152576,19.6,10.56
1153278,19.6,10.56
1153980,19.6,10.55
1154682,19.6,10.55
1155384,18.6,10.55
1156086,18.6,10.55
1156788,18.6,10.54
1157490,18.6,10.54
1158192,19.6,10.54
1158894,19.6,10.54
1159596,19.6,10.53
1160298,19.6,10.53
1161000,19.6,10.53
1161702,19.6,10.52
1162404,19.6,10.52
1163106,19.6,10.52
1163808,18.6,10.52
1164510,18.6,10.52
1165212,19.6,10.51
1165914,19.6,10.51
1166616,19.6,10.51
1167318,19.6,10.51
1168020,19.6,10.51
1168722,19.6,10.50
1169424,19.6,10.50
1170126,19.6,10.50
1170828,19.6,10.50
1171530,18.6,10.50
1172232,18.6,10.49
1172934,18.6,10.50
1173636,18.6,10.49
1174338,19.6,10.49
1175040,19.6,10.48
1175742,19.6,10.49
1176444,18.6,10.48
1177146,19.6,10.48
1177848,19.6,10.48
1178550,19.6,10.47
1179252,18.6,10.47
1179954,19.6,10.47
1180656,19.6,10.47
1181358,19.6,10.47
1182060,19.6,10.47
1182762,19.6,10.46
1183464,18.6,10.45
1184166,19.6,10.46
1184868,19.6,10.45
1185570,19.6,10.45
1186272,19.6,10.45
1186974,19.6,10.45
1187676,19.6,10.45
1188378,18.6,10.44
1189080,18.6,10.44
1189782,18.6,10.44
1190484,18.6,10.44
1191186,18.6,10.43
1191888,19.6,10.44
1192590,18.6,10.43
1193292,18.6,10.43
1193994,18.6,10.43
1194696,18.6,10.43
1195398,18.6,10.42
1196100,18.6,10.43
1196802,19.6,10.42
1197504,19.6,10.42
1198206,19.6,10.42
1198908,19.6,10.42
1199610,19.6,10.42
1200312,19.6,10.41
1201014,19.6,10.41
1201716,19.6,10.41
1202418,19.6,10.41
1203120,20.6,10.40
1203822,19.6,10.40
1204524,19.6,10.40
1205226,18.6,10.40
1205928,19.6,10.40
1206630,18.6,10.39
1207332,18.6,10.39
1208034,19.6,10.39
1208736,18.6,10.39
1209438,18.6,10.39
1210140,19.6,10.38
1210842,18.6,10.39
1211544,19.6,10.38
1212246,18.6,10.38
1212948,19.6,10.38
1213650,19.6,10.37
1214352,18.6,10.38
1215054,18.6,10.37
1215756,18.6,10.37
1216458,18.6,10.36
1217160,18.6,10.37
1217862,18.6,10.36
1218564,19.6,10.36
1219266,19.6,10.36
1219968,18.6,10.36
1220670,19.6,10.35
1221372,18.6,10.35
1222074,18.6,10.35
1222776,18.6,10.35
1223478,18.6,10.35
1224180,19.6,10.35
1224882,19.6,10.35
1225584,18.6,10.34
1226286,19.6,10.34
1226988,18.6,10.34
1227690,18.6,10.33
1228392,18.6,10.34
1229094,18.6,10.33
1229796,19.6,10.33
1230498,18.6,10.33
1231200,18.6,10.33
1231902,19.6,10.33
1232604,19.6,10.32
1233306,19.6,10.32
1234008,18.6,10.32
1234710,19.6,10.32
1235412,19.6,10.32
1236114,19.6,10.32
1236816,19.6,10.32
1237518,18.6,10.31
1238220,18.6,10.31
1238922,18.6,10.31
1239624,18.6,10.31
1240326,18.6,10.31
1241028,18.6,10.31
1241730,18.6,10.31
1242432,18.6,10.30
1243134,18.6,10.30
1243836,18.6,10.30
1244538,19.6,10.30
1245240,19.6,10.30
1245942,18.6,10.30
1246644,18.6,10.29
1247346,18.6,10.29
1248048,18.6,10.29
1248750,18.6,10.28
1249452,18.6,10.29
1250154,18.6,10.28
1250856,18.6,10.29
1251558,18.6,10.28
1252260,18.6,10.28
1252962,18.6,10.28
1253664,18.6,10.27
1254366,18.6,10.27
1255068,19.6,10.27
1255770,19.6,10.27
1256472,19.6,10.27
1257174,19.6,10.27
1257876,18.6,10.27
1258578,18.6,10.27
1259280,18.6,10.26
1259982,18.6,10.27
1260684,19.6,10.26
1261386,19.6,10.26
1262088,19.6,10.25
1262790,19.6,10.25
1263492,19.6,10.25
1264194,19.6,10.25
1264896,18.6,10.25
1265598,18.6,10.25
1266300,18.6,10.25
1267002,18.6,10.25
1267704,18.6,10.24
1268406,18.6,10.23
1269108,18.6,10.24
1269810,18.6,10.24
1270512,18.6,10.24
1271214,18.6,10.23
1271916,19.6,10.23
1272618,19.6,10.23
1273320,19.6,10.23
1274022,19.6,10.22
1274724,19.6,10.22
1275426,18.6,10.22
1276128,18.6,10.22
1276830,18.6,10.22
1277532,19.6,10.22
1278234,18.6,10.21
1278936,18.6,10.21
1279638,18.6,10.21
1280340,18.6,10.21
1281042,19.6,10.21
1281744,19.6,10.20
1282446,18.6,10.20
1283148,18.6,10.20
1283850,18.6,10.20
1284552,19.6,10.20
1285254,18.6,10.19
1285956,18.6,10.19
1286658,18.6,10.19
1287360,18.6,10.19
1288062,19.6,10.18
1288764,18.6,10.19
1289466,18.6,10.18
1290168,18.6,10.18
1290870,18.6,10.18
1291572,18.6,10.18
1292274,19.6,10.18
1292976,18.6,10.18
1293678,18.6,10.18
1294380,19.6,10.18
1295082,19.6,10.18
1295784,19.6,10.17
1296486,18.6,10.17
1297188,18.6,10.17
1297890,18.6,10.17
1298592,19.6,10.17
1299294,19.6,10.17
1299996,19.6,10.16
1300698,18.6,10.16
1301400,18.6,10.16
1302102,18.6,10.16
1302804,18.6,10.16
1303506,19.6,10.15
1304208,18.6,10.15
1304910,18.6,10.15
1305612,18.6,10.15
1306314,19.6,10.15
1307016,19.6,10.15
1307718,18.6,10.15
1308420,19.6,10.15
1309122,19.6,10.15
1309824,19.6,10.14
1310526,19.6,10.14
1311228,19.6,10.15
1311930,19.6,10.14
1312632,18.6,10.14
1313334,18.6,10.14
1314036,18.6,10.14
1314738,18.6,10.13
1315440,18.6,10.13
1316142,18.6,10.13
1316844,18.6,10.13
1317546,18.6,10.13
1318248,18.6,10.13
1318950,18.6,10.12
1319652,18.6,10.12
1320354,18.6,10.12
1321056,18.6,10.12
1321758,18.6,10.12
1322460,18.6,10.12
1323162,18.6,10.12
1323864,18.6,10.12
1324566,18.6,10.11
1325268,18.6,10.11
1325970,18.6,10.11
1326672,18.6,10.11
1327374,18.6,10.11
1328076,18.6,10.11
1328778,18.6,10.10
1329480,18.6,10.10
1330182,18.6,10.10
1330884,18.6,10.10
1331586,18.6,10.10
1332288,18.6,10.10
1332990,18.6,10.10
1333692,18.6,10.10
1334394,18.6,10.10
1335096,18.6,10.10
1335798,18.6,10.09
1336500,18.6,10.09
1337202,18.6,10.09
1337904,18.6,10.08
1338606,18.6,10.09
1339308,19.6,10.08
1340010,18.6,10.08
1340712,19.6,10.08
1341414,18.6,10.08
1342116,19.6,10.08
1342818,19.6,10.07
1343520,19.6,10.07
1344222,19.6,10.07
1344924,19.6,10.07
1345626,19.6,10.07
1346328,19.6,10.07
1347030,18.6,10.07
1347732,18.6,10.06
1348434,18.6,10.07
1349136,19.6,10.06
1349838,19.6,10.06
1350540,20.6,10.06
1351242,19.6,10.06
1351944,19.6,10.06
1352646,18.6,10.06
1353348,19.6,10.06
1354050,18.6,10.06
1354752,19.6,10.06
1355454,18.6,10.06
1356156,19.6,10.05
1356858,18.6,10.05
1357560,18.6,10.05
1358262,18.6,10.05
1358964,18.6,10.05
1359666,18.6,10.04
1360368,19.6,10.04
1361070,19.6,10.04
1361772,18.6,10.04
1362474,18.6,10.03
1363176,18.6,10.03
1363878,18.6,10.03
1364580,18.6,10.02
1365282,18.6,10.03
1365984,19.6,10.02
1366686,19.6,10.03
1367388,18.6,10.03
1368090,18.6,10.02
1368792,18.6,10.02
1369494,18.6,10.02
1370196,18.6,10.02
1370898,18.6,10.01
1371600,18.6,10.02
1372302,18.6,10.01
1373004,18.6,10.01
1373706,18.6,10.01
1374408,18.6,10.01
1375110,18.6,10.01
1375812,18.6,10.00
1376514,18.6,10.00
1377216,18.6,10.01
1377918,18.6,10.00
1378620,18.6,10.00
1379322,18.6,10.00
1380024,18.6,10.00
1380726,18.6,9.99
1381428,18.6,9.99
1382130,19.6,10.00
1382832,19.6,10.00
1383534,18.6,9.99
1384236,18.6,9.99
1384938,18.6,9.99
1385640,18.6,9.99
1386342,18.6,9.99
1387044,18.6,9.99
1387746,18.6,9.98
1388448,19.6,9.98
1389150,19.6,9.98
1389852,19.6,9.98
1390554,18.6,9.98
1391256,18.6,9.98
1391958,18.6,9.98
1392660,18.6,9.97
1393362,18.6,9.97
1394064,18.6,9.97
1394766,18.6,9.97
1395468,18.6,9.97
1396170,18.6,9.97
1396872,18.6,9.96
1397574,19.6,9.97
1398276,19.6,9.97
1398978,18.6,9.96
1399680,18.6,9.96
1400382,19.6,9.96
1401084,19.6,9.96
1401786,19.6,9.95
1402488,18.6,9.95
1403190,19.6,9.95
1403892,18.6,9.95
1404594,18.6,9.95
1405296,18.6,9.95
1405998,18.6,9.95
1406700,18.6,9.95
1407402,18.6,9.95
1408104,18.6,9.95
1408806,18.6,9.94
1409508,19.6,9.94
1410210,18.6,9.94
1410912,18.6,9.94
1411614,18.6,9.94
1412316,18.6,9.93
1413018,18.6,9.93
1413720,18.6,9.93
1414422,18.6,9.93
1415124,18.6,9.93
1415826,18.6,9.93
1416528,18.6,9.93
1417230,18.6,9.92
1417932,18.6,9.92
1418634,19.6,9.92
1419336,18.6,9.92
1420038,18.6,9.92
1420740,18.6,9.92
1421442,18.6,9.91
1422144,18.6,9.91
1422846,18.6,9.92
1423548,18.6,9.91
1424250,18.6,9.91
1424952,18.6,9.91
1425654,18.6,9.91
1426356,18.6,9.91
1427058,18.6,9.91
1427760,18.6,9.90
1428462,18.6,9.90
1429164,18.6,9.90
1429866,18.6,9.90
1430568,18.6,9.90
1431270,18.6,9.90
1431972,18.6,9.90
1432674,18.6,9.90
1433376,18.6,9.89
1434078,18.6,9.89
1434780,18.6,9.89
1435482,18.6,9.89
1436184,18.6,9.88
1436886,18.6,9.89
1437588,18.6,9.88
1438290,18.6,9.88
1438992,18.6,9.88
1439694,18.6,9.89
1440396,18.6,9.88
1441098,18.6,9.89
1441800,18.6,9.88
1442502,18.6,9.88
1443204,18.6,9.88
1443906,18.6,9.88
1444608,18.6,9.87
1445310,18.6,9.87
1446012,18.6,9.88
1446714,18.6,9.87
1447416,18.6,9.87
1448118,18.6,9.87
1448820,18.6,9.87
1449522,18.6,9.86
1450224,18.6,9.86
1450926,18.6,9.86
1451628,18.6,9.86
1452330,18.6,9.86
1453032,18.6,9.85
1453734,18.6,9.86
1454436,18.6,9.85
1455138,18.6,9.85
1455840,19.6,9.85
1456542,19.6,9.85
1457244,19.6,9.85
1457946,18.6,9.85
1458648,19.6,9.85
1459350,18.6,9.85
1460052,18.6,9.84
1460754,18.6,9.84
1461456,19.6,9.84
1462158,19.6,9.84
1462860,18.6,9.84
1463562,18.6,9.84
1464264,18.6,9.84
1464966,18.6,9.84
1465668,18.6,9.84
1466370,18.6,9.83
1467072,18.6,9.83
1467774,18.6,9.83
1468476,18.6,9.83
1469178,18.6,9.83
1469880,18.6,9.83
1470582,18.6,9.83
1471284,18.6,9.83
1471986,19.6,9.82
1472688,18.6,9.82
1473390,18.6,9.82
1474092,18.6,9.82
1474794,18.6,9.82
1475496,18.6,9.81
1476198,18.6,9.82
1476900,18.6,9.82
1477602,18.6,9.81
1478304,18.6,9.81
1479006,18.6,9.82
1479708,17.6,9.81
1480410,18.6,9.81
1481112,18.6,9.81
1481814,18.6,9.80
1482516,18.6,9.80
1483218,18.6,9.80
1483920,18.6,9.80
1484622,18.6,9.80
1485324,18.6,9.80
1486026,18.6,9.79
1486728,17.6,9.80
1487430,18.6,9.79
1488132,18.6,9.80
1488834,18.6,9.79
1489536,18.6,9.78
1490238,18.6,9.79
1490940,18.6,9.79
1491642,18.6,9.79
1492344,18.6,9.79
1493046,18.6,9.78
1493748,18.6,9.78
1494450,18.6,9.78
1495152,18.6,9.78
1495854,17.6,9.78
1496556,19.6,9.78
1497258,18.6,9.78
1497960,18.6,9.77
1498662,18.6,9.77
1499364,17.6,9.77
1500066,17.6,9.77
1500768,18.6,9.77
1501470,18.6,9.76
1502172,17.6,9.77
1502874,18.6,9.76
1503576,18.6,9.76
1504278,18.6,9.76
1504980,18.6,9.76
1505682,18.6,9.76
1506384,18.6,9.76
1507086,18.6,9.76
1507788,18.6,9.76
1508490,18.6,9.75
1509192,18.6,9.75
1509894,18.6,9.75
1510596,18.6,9.75
1511298,18.6,9.75
1512000,18.6,9.75
1512702,18.6,9.75
1513404,18.6,9.75
1514106,18.6,9.74
1514808,18.6,9.75
1515510,18.6,9.74
1516212,18.6,9.74
1516914,17.6,9.74
1517616,17.6,9.74
1518318,19.6,9.74
1519020,18.6,9.74
1519722,18.6,9.73
1520424,18.6,9.73
1521126,18.6,9.73
1521828,19.6,9.73
1522530,18.6,9.72
1523232,18.6,9.73
1523934,18.6,9.72
1524636,18.6,9.73
1525338,18.6,9.72
1526040,19.6,9.73
1526742,18.6,9.72
1527444,18.6,9.72
1528146,18.6,9.72
1528848,18.6,9.72
1529550,18.6,9.72
1530252,18.6,9.72
1530954,18.6,9.72
1531656,18.6,9.71
1532358,18.6,9.72
1533060,18.6,9.71
1533762,18.6,9.71
1534464,18.6,9.71
1535166,18.6,9.71
1535868,18.6,9.71
1536570,18.6,9.70
1537272,18.6,9.70
1537974,18.6,9.70
1538676,19.6,9.70
1539378,18.6,9.70
1540080,18.6,9.70
1540782,18.6,9.70
1541484,18.6,9.70
1542186,18.6,9.70
1542888,17.6,9.69
1543590,18.6,9.70
1544292,17.6,9.70
1544994,18.6,9.69
1545696,18.6,9.69
1546398,18.6,9.69
1547100,18.6,9.69
1547802,18.6,9.69
1548504,18.6,9.69
1549206,17.6,9.68
1549908,18.6,9.69
1550610,18.6,9.68
1551312,18.6,9.68
1552014,18.6,9.68
1552716,18.6,9.68
1553418,18.6,9.67
1554120,18.6,9.67
1554822,18.6,9.68
1555524,18.6,9.68
1556226,18.6,9.67
1556928,19.6,9.67
1557630,18.6,9.66
1558332,18.6,9.67
1559034,18.6,9.67
1559736,18.6,9.67
1560438,18.6,9.67
1561140,18.6,9.67
1561842,18.6,9.66
1562544,19.6,9.66
1563246,19.6,9.66
1563948,19.6,9.66
1564650,18.6,9.66
1565352,18.6,9.65
1566054,18.6,9.66
1566756,18.6,9.65
1567458,17.6,9.65
1568160,17.6,9.65
1568862,18.6,9.65
1569564,18.6,9.65
1570266,18.6,9.65
1570968,18.6,9.65
1571670,18.6,9.65
1572372,18.6,9.64
1573074,17.6,9.64
1573776,18.6,9.64
1574478,18.6,9.64
1575180,19.6,9.64
1575882,18.6,9.64
1576584,18.6,9.64
1577286,18.6,9.64
1577988,18.6,9.63
1578690,18.6,9.64
1579392,18.6,9.63
1580094,18.6,9.63
1580796,18.6,9.63
1581498,18.6,9.63
1582200,18.6,9.63
1582902,18.6,9.63
1583604,18.6,9.63
1584306,18.6,9.62
1585008,18.6,9.63
1585710,18.6,9.62
1586412,18.6,9.62
1587114,18.6,9.62
1587816,18.6,9.62
1588518,18.6,9.62
1589220,18.6,9.62
1589922,18.6,9.62
1590624,18.6,9.62
1591326,18.6,9.62
1592028,17.6,9.61
1592730,18.6,9.62
1593432,18.6,9.62
1594134,17.6,9.61
1594836,18.6,9.61
1595538,18.6,9.61
1596240,18.6,9.61
1596942,18.6,9.61
1597644,18.6,9.60
1598346,18.6,9.61
1599048,18.6,9.60
1599750,18.6,9.59
1600452,17.6,9.60
1601154,18.6,9.60
1601856,18.6,9.59
1602558,18.6,9.59
1603260,18.6,9.59
1603962,17.6,9.59
1604664,17.6,9.58
1605366,17.6,9.58
1606068,17.6,9.58
1606770,17.6,9.58
1607472,17.6,9.58
1608174,17.6,9.58
1608876,17.6,9.57
1609578,18.6,9.58
1610280,18.6,9.57
1610982,18.6,9.57
1611684,18.6,9.57
1612386,18.6,9.57
1613088,19.6,9.57
1613790,18.6,9.57
1614492,18.6,9.57
1615194,18.6,9.57
1615896,19.6,9.56
1616598,18.6,9.57
1617300,18.6,9.57
1618002,19.6,9.56
1618704,18.6,9.56
1619406,18.6,9.56
1620108,18.6,9.56
1620810,18.6,9.56
1621512,18.6,9.55
1622214,18.6,9.55
1622916,18.6,9.55
1623618,18.6,9.55
1624320,18.6,9.55
1625022,18.6,9.55
1625724,18.6,9.55
1626426,18.6,9.55
1627128,18.6,9.54
1627830,17.6,9.55
1628532,18.6,9.54
1629234,18.6,9.55
1629936,18.6,9.55
1630638,18.6,9.54
1631340,18.6,9.54
1632042,18.6,9.54
1632744,17.6,9.53
1633446,18.6,9.54
1634148,18.6,9.54
1634850,18.6,9.53
1635552,18.6,9.53
1636254,18.6,9.53
1636956,18.6,9.53
1637658,18.6,9.53
1638360,18.6,9.53
1639062,18.6,9.53
1639764,18.6,9.53
1640466,18.6,9.53
1641168,18.6,9.53
1641870,18.6,9.52
1642572,18.6,9.52
1643274,18.6,9.52
1643976,18.6,9.52
1644678,18.6,9.52
1645380,18.6,9.52
1646082,18.6,9.52
1646784,18.6,9.51
1647486,18.6,9.51
1648188,18.6,9.52
1648890,18.6,9.51
1649592,18.6,9.51
1650294,18.6,9.51
1650996,18.6,9.50
1651698,18.6,9.51
1652400,18.6,9.50
1653102,18.6,9.51
1653804,18.6,9.51
1654506,17.6,9.50
1655208,18.6,9.50
1655910,18.6,9.50
1656612,18.6,9.50
1657314,18.6,9.50
1658016,18.6,9.50
1658718,19.6,9.50
1659420,18.6,9.49
1660122,18.6,9.49
1660824,18.6,9.49
1661526,18.6,9.49
1662228,18.6,9.49
1662930,18.6,9.49
1663632,19.6,9.49
1664334,18.6,9.49
1665036,18.6,9.49
1665738,18.6,9.48
1666440,17.6,9.49
1667142,17.6,9.48
1667844,18.6,9.49
1668546,18.6,9.48
1669248,18.6,9.48
1669950,18.6,9.48
1670652,18.6,9.48
1671354,17.6,9.48
1672056,18.6,9.48
1672758,18.6,9.48
1673460,17.6,9.47
1674162,18.6,9.48
1674864,18.6,9.47
1675566,18.6,9.47
1676268,18.6,9.47
1676970,18.6,9.47
1677672,19.6,9.47
1678374,18.6,9.47
1679076,19.6,9.47
1679778,18.6,9.46
1680480,18.6,9.46
1681182,19.6,9.46
1681884,18.6,9.46
1682586,18.6,9.46
1683288,18.6,9.46
1683990,18.6,9.46
1684692,18.6,9.45
1685394,18.6,9.46
1686096,18.6,9.46
1686798,18.6,9.45
1687500,18.6,9.45
1688202,18.6,9.45
1688904,18.6,9.45
1689606,18.6,9.45
1690308,17.6,9.45
1691010,18.6,9.45
1691712,18.6,9.44
1692414,18.6,9.45
1693116,17.6,9.45
1693818,17.6,9.44
1694520,17.6,9.45
1695222,17.6,9.44
1695924,17.6,9.44
1696626,17.6,9.44
1697328,17.6,9.44
1698030,17.6,9.44
1698732,17.6,9.43
1699434,17.6,9.43
1700136,17.6,9.43
1700838,17.6,9.43
1701540,17.6,9.43
1702242,17.6,9.43
1702944,17.6,9.43
1703646,17.6,9.43
1704348,18.6,9.43
1705050,17.6,9.43
1705752,17.6,9.42
1706454,17.6,9.42
1707156,17.6,9.42
1707858,17.6,9.42
1708560,18.6,9.42
1709262,18.6,9.42
1709964,18.6,9.42
1710666,18.6,9.42
1711368,18.6,9.42
1712070,18.6,9.41
1712772,18.6,9.41
1713474,17.6,9.41
1714176,18.6,9.41
1714878,17.6,9.41
1715580,18.6,9.41
1716282,18.6,9.41
1716984,18.6,9.40
1717686,17.6,9.40
1718388,17.6,9.41
1719090,18.6,9.40
1719792,18.6,9.40
1720494,18.6,9.40
1721196,18.6,9.40
1721898,18.6,9.40
1722600,17.6,9.40
1723302,18.6,9.39
1724004,17.6,9.39
1724706,17.6,9.39
1725408,17.6,9.39
1726110,17.6,9.39
1726812,17.6,9.39
1727514,17.6,9.38
1728216,17.6,9.39
1728918,17.6,9.39
1729620,17.6,9.39
1730322,17.6,9.38
1731024,17.6,9.38
1731726,18.6,9.38
1732428,18.6,9.38
1733130,19.6,9.39
1733832,18.6,9.38
1734534,18.6,9.38
1735236,18.6,9.38
1735938,18.6,9.38
1736640,18.6,9.37
1737342,18.6,9.38
1738044,18.6,9.37
1738746,18.6,9.38
1739448,17.6,9.38
1740150,18.6,9.37
1740852,18.6,9.37
1741554,17.6,9.37
1742256,18.6,9.37
1742958,17.6,9.37
1743660,17.6,9.37
1744362,17.6,9.36
1745064,18.6,9.36
1745766,17.6,9.36
1746468,18.6,9.37
1747170,18.6,9.36
1747872,17.6,9.36
1748574,17.6,9.36
1749276,18.6,9.35
1749978,17.6,9.35
1750680,17.6,9.35
1751382,17.6,9.34
1752084,18.6,9.34
1752786,18.6,9.34
1753488,18.6,9.35
1754190,18.6,9.35
1754892,17.6,9.34
1755594,17.6,9.34
1756296,17.6,9.34
1756998,17.6,9.34
1757700,17.6,9.34
1758402,17.6,9.34
1759104,17.6,9.33
1759806,18.6,9.33
1760508,18.6,9.34
1761210,18.6,9.34
1761912,18.6,9.34
1762614,18.6,9.34
1763316,18.6,9.34
1764018,18.6,9.33
1764720,18.6,9.33
1765422,18.6,9.33
1766124,18.6,9.33
1766826,18.6,9.33
1767528,17.6,9.33
1768230,17.6,9.32
1768932,17.6,9.32
1769634,17.6,9.32
1770336,17.6,9.32
1771038,18.6,9.32
1771740,17.6,9.32
1772442,17.6,9.32
1773144,17.6,9.32
1773846,17.6,9.32
1774548,18.6,9.31
1775250,18.6,9.32
1775952,18.6,9.31
1776654,18.6,9.32
1777356,18.6,9.31
1778058,17.6,9.31
1778760,18.6,9.31
1779462,18.6,9.31
1780164,18.6,9.31
1780866,18.6,9.31
1781568,18.6,9.31
1782270,18.6,9.30
1782972,18.6,9.31
1783674,17.6,9.31
1784376,17.6,9.31
1785078,17.6,9.30
1785780,17.6,9.30
1786482,17.6,9.31
1787184,17.6,9.30
1787886,17.6,9.30
1788588,17.6,9.29
1789290,17.6,9.30
1789992,17.6,9.29
1790694,18.6,9.29
1791396,18.6,9.29
1792098,18.6,9.29
1792800,17.6,9.29
1793502,17.6,9.29
1794204,18.6,9.29
1794906,17.6,9.29
1795608,17.6,9.28
1796310,17.6,9.29
1797012,17.6,9.28
1797714,17.6,9.28
1798416,17.6,9.28
1799118,17.6,9.28
1799820,18.6,9.28
1800522,18.6,9.28
1801224,18.6,9.28
1801926,18.6,9.28
1802628,17.6,9.28
1803330,17.6,9.28
1804032,17.6,9.28
1804734,17.6,9.27
1805436,18.6,9.27
1806138,18.6,9.27
1806840,18.6,9.27
1807542,18.6,9.27
1808244,17.6,9.26
1808946,17.6,9.26
1809648,18.6,9.27
1810350,18.6,9.26
1811052,18.6,9.27
1811754,17.6,9.26
1812456,17.6,9.26
1813158,18.6,9.26
1813860,18.6,9.26
1814562,18.6,9.25
1815264,18.6,9.26
1815966,17.6,9.25
1816668,17.6,9.25
1817370,17.6,9.25
1818072,17.6,9.25
1818774,17.6,9.26
1819476,17.6,9.25
1820178,17.6,9.25
1820880,17.6,9.24
1821582,17.6,9.24
1822284,18.6,9.24
1822986,18.6,9.25
1823688,17.6,9.24
1824390,17.6,9.24
1825092,17.6,9.24
1825794,17.6,9.24
1826496,17.6,9.23
1827198,17.6,9.24
1827900,17.6,9.23
1828602,18.6,9.23
1829304,17.6,9.23
1830006,18.6,9.23
1830708,18.6,9.23
1831410,18.6,9.22
1832112,17.6,9.23
1832814,17.6,9.22
1833516,17.6,9.22
1834218,17.6,9.22
1834920,17.6,9.22
1835622,18.6,9.22
1836324,17.6,9.22
1837026,17.6,9.21
1837728,17.6,9.21
1838430,17.6,9.21
1839132,17.6,9.21
1839834,17.6,9.21
1840536,17.6,9.20
1841238,17.6,9.20
1841940,17.6,9.21
1842642,17.6,9.21
1843344,17.6,9.20
1844046,17.6,9.20
1844748,18.6,9.20
1845450,19.6,9.20
1846152,18.6,9.20
1846854,18.6,9.20
1847556,18.6,9.20
1848258,18.6,9.20
1848960,17.6,9.20
1849662,17.6,9.19
1850364,18.6,9.20
1851066,18.6,9.20
1851768,18.6,9.19
1852470,17.6,9.19
1853172,18.6,9.19
1853874,17.6,9.19
1854576,17.6,9.19
1855278,18.6,9.19
1855980,18.6,9.19
1856682,17.6,9.19
1857384,17.6,9.18
1858086,17.6,9.18
1858788,17.6,9.18
1859490,17.6,9.17
1860192,17.6,9.17
1860894,18.6,9.18
1861596,18.6,9.17
1862298,18.6,9.18
1863000,17.6,9.17
1863702,17.6,9.17
1864404,18.6,9.17
1865106,17.6,9.17
1865808,17.6,9.17
1866510,17.6,9.17
1867212,17.6,9.17
1867914,17.6,9.16
1868616,17.6,9.17
1869318,17.6,9.16
1870020,17.6,9.17
1870722,17.6,9.16
1871424,17.6,9.16
1872126,17.6,9.16
1872828,17.6,9.16
1873530,17.6,9.15
1874232,17.6,9.16
1874934,17.6,9.15
1875636,17.6,9.15
1876338,17.6,9.15
1877040,17.6,9.15
1877742,17.6,9.16
1878444,17.6,9.15
1879146,18.6,9.15
1879848,17.6,9.14
1880550,17.6,9.14
1881252,17.6,9.14
1881954,17.6,9.14
1882656,17.6,9.14
1883358,17.6,9.14
1884060,17.6,9.14
1884762,17.6,9.14
1885464,17.6,9.14
1886166,17.6,9.13
1886868,17.6,9.14
1887570,17.6,9.13
1888272,18.6,9.13
1888974,17.6,9.12
1889676,18.6,9.13
1890378,17.6,9.13
1891080,17.6,9.13
1891782,17.6,9.12
1892484,17.6,9.12
1893186,17.6,9.12
1893888,17.6,9.12
1894590,17.6,9.12
1895292,17.6,9.11
1895994,17.6,9.11
1896696,16.6,9.11
1897398,17.6,9.11
1898100,17.6,9.11
1898802,17.6,9.11
1899504,17.6,9.11
1900206,17.6,9.10
1900908,17.6,9.10
1901610,17.6,9.10
1902312,17.6,9.10
1903014,17.6,9.10
1903716,17.6,9.10
1904418,17.6,9.10
1905120,17.6,9.10
1905822,17.6,9.09
1906524,17.6,9.09
1907226,18.6,9.09
1907928,18.6,9.09
1908630,17.6,9.09
1909332,18.6,9.09
1910034,17.6,9.08
1910736,18.6,9.09
1911438,17.6,9.09
1912140,17.6,9.08
1912842,18.6,9.08
1913544,18.6,9.08
1914246,17.6,9.08
1914948,18.6,9.08
1915650,17.6,9.08
1916352,17.6,9.07
1917054,17.6,9.08
1917756,17.6,9.08
1918458,17.6,9.08
1919160,17.6,9.07
1919862,17.6,9.07
1920564,17.6,9.07
1921266,17.6,9.07
1921968,18.6,9.07
1922670,18.6,9.06
1923372,18.6,9.06
1924074,18.6,9.06
1924776,17.6,9.06
1925478,17.6,9.06
1926180,17.6,9.06
1926882,17.6,9.06
1927584,18.6,9.06
1928286,19.6,9.05
1928988,18.6,9.05
1929690,18.6,9.05
1930392,18.6,9.05
1931094,17.6,9.05
1931796,17.6,9.05
1932498,17.6,9.04
1933200,17.6,9.04
1933902,17.6,9.04
1934604,18.6,9.04
1935306,18.6,9.04
1936008,17.6,9.04
1936710,17.6,9.04
1937412,17.6,9.03
1938114,17.6,9.04
1938816,17.6,9.03
1939518,17.6,9.03
1940220,17.6,9.03
1940922,17.6,9.03
1941624,17.6,9.03
1942326,17.6,9.03
1943028,18.6,9.02
1943730,18.6,9.03
1944432,18.6,9.02
1945134,18.6,9.02
1945836,17.6,9.02
1946538,17.6,9.02
1947240,17.6,9.02
1947942,17.6,9.02
1948644,17.6,9.02
1949346,17.6,9.01
1950048,17.6,9.01
1950750,17.6,9.01
1951452,18.6,9.01
1952154,18.6,9.01
1952856,18.6,9.01
1953558,18.6,9.00
1954260,18.6,9.00
1954962,17.6,9.00
1955664,18.6,9.00
1956366,17.6,9.00
1957068,17.6,9.00
1957770,17.6,8.99
1958472,17.6,8.99
1959174,17.6,8.99
1959876,17.6,8.99
1960578,17.6,8.99
1961280,17.6,8.99
1961982,18.6,8.99
1962684,18.6,8.99
1963386,17.6,8.99
1964088,17.6,8.98
1964790,17.6,8.99
1965492,17.6,8.98
1966194,17.6,8.99
1966896,17.6,8.98
1967598,17.6,8.97
1968300,17.6,8.98
1969002,17.6,8.97
1969704,17.6,8.98
1970406,17.6,8.97
1971108,17.6,8.97
1971810,16.6,8.97
1972512,16.6,8.97
1973214,16.6,8.97
1973916,17.6,8.97
1974618,18.6,8.97
1975320,17.6,8.97
1976022,17.6,8.96
1976724,17.6,8.96
1977426,17.6,8.96
1978128,17.6,8.96
1978830,17.6,8.96
1979532,17.6,8.95
1980234,17.6,8.95
1980936,17.6,8.95
1981638,17.6,8.95
1982340,18.6,8.95
1983042,17.6,8.95
1983744,17.6,8.95
1984446,18.6,8.94
1985148,17.6,8.94
1985850,17.6,8.94
1986552,17.6,8.94
1987254,17.6,8.94
1987956,17.6,8.94
1988658,17.6,8.93
1989360,17.6,8.93
1990062,17.6,8.93
1990764,17.6,8.93
1991466,17.6,8.93
1992168,17.6,8.93
1992870,16.6,8.92
1993572,18.6,8.92
1994274,18.6,8.92
1994976,17.6,8.92
1995678,18.6,8.92
1996380,18.6,8.92
1997082,17.6,8.92
1997784,17.6,8.92
1998486,17.6,8.92
1999188,17.6,8.91
1999890,17.6,8.91
2000592,17.6,8.91
2001294,18.6,8.91
2001996,17.6,8.91
2002698,17.6,8.90
2003400,17.6,8.91
2004102,17.6,8.90
2004804,17.6,8.91
2005506,18.6,8.90
2006208,18.6,8.90
2006910,17.6,8.90
2007612,17.6,8.90
2008314,17.6,8.90
.87
2023056,17.87
2023758,17.6,8.87
2024460,17.6,8.87
2025162,17.6,8.86
2025864,17.6,8.86
2026566,17.6,8.86
2027268,17.6,8.86
2027970,17.6,8.86
2028672,17.6,8.86
2029374,17.6,8.87
2030076,17.6,8.87
2030778,17.6,8.87
2031480,17.6,8.87
2032182,17.6,8.87
2032884,17.6,8.87
2033586,17.6,8.87
2034288,17.6,8.87
2034990,17.6,8.88
2035692,16.6,8.87
2036394,17.6,8.88
2037096,17.6,8.88
2037798,17.6,8.88
2038500,17.6,8.89
2039202,17.6,8.89
2039904,17.6,8.89
2040606,17.6,8.90
2041308,17.6,8.90
2042010,18.6,8.90
2042712,18.6,8.90
2043414,18.6,8.91
2044116,17.6,8.91
2044818,17.6,8.91
2045520,17.6,8.92
2046222,17.6,8.92
2046924,17.6,8.93
2047626,17.6,8.93
2048328,17.6,8.94
2049030,18.6,8.94
2049732,18.6,8.95
2050434,17.6,8.95
2051136,17.6,8.96
2051838,17.6,8.96
2052540,17.6,8.97
2053242,17.6,8.97
2053944,17.6,8.98
2054646,18.6,8.98
2055348,18.6,8.99
2056050,17.6,8.99
2056752,17.6,9.00
2057454,17.6,9.00
2058156,17.6,9.01
2058858,17.6,9.01
2059560,17.6,9.02
2060262,17.6,9.03
2060964,17.6,9.04
2061666,17.6,9.04
2062368,17.6,9.04
2063070,17.6,9.05
2063772,17.6,9.06
2064474,17.6,9.07
2065176,17.6,9.08
2065878,17.6,9.09
2066580,17.6,9.09
2067282,17.6,9.10
2067984,17.6,9.11
2068686,18.6,9.12
2069388,18.6,9.13
2070090,18.6,9.13
2070792,18.6,9.14
2071494,17.6,9.15
2072196,18.6,9.16
2072898,17.6,9.17
2073600,17.6,9.18
2074302,19.6,9.18
2075004,18.6,9.20
2075706,18.6,9.21
2076408,19.6,9.22
2077110,19.6,9.23
2077812,18.6,9.24
2078514,18.6,9.25
2079216,18.6,9.27
2079918,18.6,9.27
2080620,18.6,9.28
2081322,18.6,9.29
2082024,18.6,9.30
2082726,18.6,9.32
2083428,18.6,9.33
2084130,18.6,9.34
2084832,18.6,9.35
2085534,18.6,9.37
2086236,18.6,9.38
2086938,18.6,9.39
2087640,18.6,9.40
2088342,18.6,9.41
2089044,18.6,9.43
2089746,18.6,9.44
2090448,17.6,9.45
2091150,18.6,9.46
2091852,18.6,9.48
2092554,18.6,9.49
2093256,18.6,9.51
2093958,18.6,9.52
2094660,18.6,9.53
2095362,18.6,9.54
2096064,18.6,9.56
2096766,18.6,9.58
2097468,19.6,9.59
2098170,18.6,9.61
2098872,18.6,9.63
2099574,18.6,9.64
2100276,18.6,9.66
2100978,18.6,9.66
2101680,19.6,9.68
2102382,18.6,9.70
2103084,18.6,9.71
2103786,18.6,9.73
2104488,18.6,9.75
2105190,18.6,9.76
2105892,18.6,9.77
2106594,18.6,9.79
2107296,18.6,9.81
2107998,18.6,9.83
2108700,18.6,9.84
2109402,18.6,9.85
2110104,18.6,9.87
2110806,18.6,9.89
2111508,18.6,9.91
2112210,18.6,9.92
2112912,18.6,9.94
2113614,18.6,9.97
2114316,19.6,9.98
2115018,19.6,10.00
2115720,19.6,10.02
2116422,19.6,10.03
2117124,19.6,10.06
2117826,20.6,10.08
2118528,19.6,10.09
2119230,19.6,10.11
2119932,19.6,10.13
2120634,19.6,10.15
2121336,19.6,10.17
2122038,19.6,10.19
2122740,19.6,10.21
2123442,19.6,10.23
2124144,18.6,10.25
2124846,19.6,10.27
2125548,19.6,10.29
2126250,19.6,10.30
2126952,19.6,10.33
2127654,19.6,10.34
2128356,19.6,10.36
2129058,19.6,10.38
2129760,19.6,10.40
2130462,19.6,10.42
2131164,19.6,10.44
2131866,19.6,10.47
2132568,19.6,10.49
2133270,19.6,10.51
2133972,19.6,10.53
2134674,19.6,10.55
2135376,19.6,10.57
2136078,19.6,10.59
2136780,19.6,10.61
2137482,19.6,10.63
2138184,20.6,10.65
2138886,20.6,10.68
2139588,19.6,10.70
2140290,19.6,10.72
2140992,20.6,10.75
2141694,19.6,10.76
2142396,19.6,10.79
2143098,19.6,10.81
2143800,20.6,10.83
2144502,20.6,10.86
2145204,20.6,10.88
2145906,20.6,10.90
2146608,20.6,10.93
2147310,20.6,10.95
2148012,20.6,10.97
2148714,20.6,10.99
2149416,20.6,11.02
2150118,20.6,11.04
2150820,20.6,11.06
2151522,20.6,11.09
2152224,20.6,11.11
2152926,20.6,11.13
2153628,20.6,11.16
2154330,20.6,11.18
2155032,20.6,11.21
2155734,20.6,11.23
2156436,20.6,11.25
2157138,20.6,11.27
2157840,20.6,11.31
2158542,20.6,11.33
2159244,20.6,11.35
2159946,20.6,11.38
2160648,21.6,11.40
2161350,21.6,11.43
2162052,20.6,11.45
2162754,20.6,11.48
2163456,20.6,11.50
2164158,20.6,11.53
2164860,20.6,11.56
2165562,20.6,11.58
2166264,21.6,11.60
2166966,21.6,11.63
2167668,21.6,11.65
2168370,20.6,11.69
2169072,20.6,11.71
2169774,20.6,11.73
2170476,20.6,11.76
2171178,21.6,11.78
2171880,21.6,11.81
2172582,21.6,11.84
2173284,21.6,11.86
2173986,20.6,11.89
2174688,20.6,11.91
2175390,21.6,11.94
2176092,21.6,11.97
2176794,21.6,11.99
2177496,21.6,12.02
2178198,21.6,12.04
2178900,21.6,12.07
2179602,22.6,12.09
2180304,22.6,12.11
2181006,22.6,12.15
2181708,21.6,12.18
2182410,21.6,12.20
2183112,21.6,12.23
2183814,21.6,12.26
2184516,21.6,12.29
2185218,21.6,12.31
2185920,22.6,12.34
2186622,22.6,12.36
2187324,22.6,12.39
2188026,22.6,12.41
2188728,22.6,12.45
2189430,22.6,12.48
2190132,22.6,12.51
2190834,22.6,12.53
2191536,22.6,12.56
2192238,22.6,12.58
2192940,22.6,12.62
2193642,22.6,12.65
2194344,22.6,12.68
2195046,22.6,12.71
2195748,22.6,12.73
2196450,22.6,12.77
2197152,22.6,12.78
2197854,22.6,12.82
2198556,23.6,12.84
2199258,23.6,12.88
2199960,23.6,12.90
2200662,23.6,12.93
2201364,23.6,12.95
2202066,23.6,12.98
2202768,23.6,13.01
2203470,23.6,13.04
2204172,22.6,13.07
2204874,23.6,13.10
2205576,22.6,13.13
2206278,22.6,13.16
2206980,23.6,13.19
2207682,23.6,13.21
2208384,23.6,13.25
2209086,23.6,13.27
2209788,23.6,13.30
2210490,23.6,13.33
2211192,23.6,13.36
2211894,23.6,13.38
2212596,23.6,13.41
2213298,23.6,13.44
2214000,23.6,13.47
2214702,23.6,13.51
2215404,23.6,13.53
2216106,23.6,13.56
2216808,23.6,13.59
2217510,23.6,13.63
2218212,23.6,13.65
2218914,23.6,13.68
2219616,23.6,13.70
2220318,23.6,13.74
2221020,23.6,13.77
2221722,23.6,13.80
2222424,23.6,13.83
2223126,23.6,13.86
2223828,23.6,13.89
2224530,23.6,13.92
2225232,23.6,13.96
2225934,23.6,13.99
2226636,23.6,14.01
2227338,23.6,14.04
2228040,23.6,14.07
2228742,23.6,14.11
2229444,23.6,14.14
2230146,23.6,14.16
2230848,23.6,14.20
2231550,23.6,14.22
2232252,23.6,14.25
2232954,23.6,14.28
2233656,23.6,14.31
2234358,23.6,14.34
2235060,23.6,14.37
2235762,23.6,14.40
2236464,23.6,14.43
2237166,23.6,14.46
2237868,24.6,14.49
2238570,23.6,14.54
2239272,24.6,14.56
2239974,23.6,14.58
2240676,23.6,14.61
2241378,23.6,14.65
2242080,23.6,14.67
2242782,24.6,14.70
2243484,24.6,14.73
2244186,24.6,14.77
2244888,24.6,14.80
2245590,24.6,14.83
2246292,24.6,14.86
2246994,24.6,14.89
2247696,24.6,14.92
2248398,24.6,14.95
2249100,24.6,14.98
2249802,24.6,15.01
2250504,24.6,15.05
2251206,24.6,15.08
2251908,25.6,15.11
2252610,25.6,15.14
2253312,25.6,15.17
2254014,24.6,15.20
2254716,24.6,15.24
2255418,24.6,15.27
2256120,24.6,15.30
2256822,24.6,15.33
2257524,25.6,15.37
2258226,25.6,15.40
2258928,25.6,15.43
2259630,25.6,15.46
2260332,25.6,15.49
2261034,25.6,15.52
2261736,24.6,15.55
2262438,25.6,15.58
2263140,25.6,15.61
2263842,25.6,15.64
2264544,25.6,15.67
2265246,25.6,15.71
2265948,25.6,15.74
2266650,25.6,15.77
2267352,25.6,15.80
2268054,25.6,15.83
2268756,25.6,15.87
2269458,26.6,15.90
2270160,26.6,15.93
2270862,26.6,15.96
2271564,26.6,15.99
2272266,26.6,16.03
2272968,26.6,16.06
2273670,26.6,16.09
2274372,26.6,16.12
2275074,26.6,16.15
2275776,26.6,16.19
2276478,26.6,16.21
2277180,26.6,16.25
2277882,26.6,16.28
2278584,26.6,16.31
2279286,26.6,16.35
2279988,26.6,16.38
2280690,26.6,16.41
2281392,27.6,16.45
2282094,27.6,16.47
2282796,27.6,16.50
2283498,27.6,16.54
2284200,27.6,16.57
2284902,26.6,16.60
2285604,27.6,16.63
2286306,27.6,16.66
2287008,27.6,16.70
2287710,27.6,16.74
2288412,27.6,16.76
2289114,27.6,16.80
2289816,27.6,16.83
2290518,27.6,16.86
2291220,27.6,16.89
2291922,27.6,16.92
2292624,26.6,16.95
2293326,26.6,16.99
2294028,27.6,17.02
2294730,27.6,17.05
2295432,27.6,17.09
2296134,27.6,17.12
2296836,27.6,17.15
2297538,27.6,17.19
2298240,26.6,17.21
2298942,26.6,17.24
2299644,26.6,17.28
2300346,27.6,17.31
2301048,27.6,17.35
2301750,27.6,17.37
2302452,27.6,17.41
2303154,27.6,17.44
2303856,27.6,17.47
2304558,27.6,17.50
2305260,27.6,17.53
2305962,27.6,17.57
2306664,27.6,17.60
2307366,28.6,17.63
2308068,27.6,17.66
2308770,27.6,17.70
2309472,27.6,17.73
2310174,28.6,17.76
2310876,28.6,17.80
2311578,28.6,17.84
2312280,28.6,17.87
2312982,28.6,17.90
2313684,28.6,17.93
2314386,29.6,17.97
2315088,29.6,18.00
2315790,28.6,18.03
2316492,28.6,18.07
2317194,28.6,18.10
2317896,28.6,18.13
2318598,28.6,18.16
2319300,29.6,18.19
2320002,28.6,18.22
2320704,29.6,18.25
2321406,28.6,18.29
2322108,28.6,18.32
2322810,28.6,18.36
2323512,28.6,18.38
2324214,28.6,18.42
2324916,28.6,18.45
2325618,28.6,18.48
2326320,28.6,18.51
2327022,28.6,18.55
2327724,28.6,18.58
2328426,29.6,18.61
2329128,29.6,18.65
2329830,29.6,18.68
2330532,28.6,18.72
2331234,28.6,18.75
2331936,29.6,18.78
2332638,28.6,18.81
2333340,29.6,18.84
2334042,29.6,18.88
2334744,29.6,18.92
2335446,28.6,18.95
2336148,29.6,18.98
2336850,29.6,19.02
2337552,28.6,19.05
2338254,29.6,19.09
2338956,29.6,19.12
2339658,29.6,19.15
2340360,30.6,19.18
2341062,30.6,19.21
2341764,29.6,19.26
2342466,29.6,19.28
2343168,29.6,19.31
2343870,28.6,19.34
2344572,28.6,19.37
2345274,29.6,19.41
2345976,30.6,19.44
2346678,29.6,19.47
2347380,29.6,19.50
2348082,30.6,19.53
2348784,30.6,19.57
2349486,30.6,19.60
2350188,30.6,19.64
2350890,30.6,19.67
2351592,30.6,19.70
2352294,30.6,19.73
2352996,30.6,19.76
2353698,30.6,19.79
2354400,30.6,19.83
2355102,30.6,19.86
2355804,30.6,19.90
2356506,31.6,19.93
2357208,30.6,19.96
2357910,30.6,19.99
2358612,30.6,20.02
2359314,31.6,20.06
2360016,31.6,20.09
2360718,30.6,20.12
2361420,30.6,20.15
2362122,30.6,20.19
2362824,29.6,20.22
2363526,30.6,20.26
2364228,30.6,20.29
2364930,30.6,20.32
2365632,30.6,20.35
2366334,30.6,20.39
2367036,31.6,20.43
2367738,31.6,20.46
2368440,31.6,20.49
2369142,31.6,20.52
2369844,31.6,20.56
2370546,31.6,20.59
2371248,31.6,20.62
2371950,31.6,20.66
2372652,31.6,20.69
2373354,31.6,20.72
2374056,31.6,20.75
2374758,31.6,20.78
2375460,31.6,20.81
2376162,31.6,20.85
2376864,31.6,20.88
2377566,31.6,20.92
2378268,31.6,20.95
2378970,31.6,20.99
2379672,31.6,21.01
2380374,31.6,21.04
2381076,31.6,21.08
2381778,31.6,21.11
2382480,31.6,21.14
2383182,31.6,21.18
2383884,31.6,21.22
2384586,31.6,21.24
2385288,31.6,21.27
2385990,31.6,21.31
2386692,31.6,21.34
2387394,31.6,21.37
2388096,31.6,21.40
2388798,31.6,21.43
2389500,32.6,21.47
2390202,31.6,21.50
2390904,31.6,21.53
2391606,31.6,21.56
2392308,31.6,21.60
2393010,32.6,21.63
2393712,31.6,21.66
2394414,32.6,21.70
2395116,31.6,21.73
2395818,31.6,21.76
2396520,32.6,21.79
2397222,32.6,21.83
2397924,32.6,21.87
2398626,32.6,21.90
2399328,33.6,21.93
2400030,32.6,21.96
2400732,33.6,21.99
2401434,33.6,22.02
2402136,33.6,22.06
2402838,33.6,22.08
2403540,32.6,22.11
2404242,32.6,22.15
2404944,31.6,22.18
2405646,32.6,22.21
2406348,32.6,22.24
2407050,32.6,22.28
2407752,33.6,22.31
2408454,32.6,22.34
2409156,33.6,22.37
2409858,33.6,22.40
2410560,33.6,22.43
2411262,33.6,22.47
2411964,32.6,22.50
2412666,33.6,22.53
2413368,32.6,22.56
2414070,32.6,22.60
2414772,32.6,22.63
2415474,32.6,22.66
2416176,33.6,22.69
2416878,33.6,22.72
2417580,33.6,22.75
2418282,33.6,22.79
2418984,33.6,22.82
2419686,32.6,22.85
2420388,33.6,22.88
2421090,33.6,22.92
2421792,33.6,22.95
2422494,32.6,22.99
2423196,33.6,23.03
2423898,33.6,23.06
2424600,33.6,23.09
2425302,32.6,23.13
2426004,33.6,23.16
2426706,34.6,23.18
2427408,34.6,23.21
2428110,34.6,23.24
2428812,34.6,23.27
2429514,34.6,23.30
2430216,33.6,23.34
2430918,34.6,23.37
2431620,34.6,23.40
2432322,34.6,23.44
2433024,34.6,23.47
2433726,34.6,23.50
2434428,33.6,23.52
2435130,34.6,23.56
2435832,34.6,23.59
2436534,34.6,23.62
2437236,34.6,23.64
2437938,34.6,23.67
2438640,34.6,23.70
2439342,34.6,23.75
2440044,34.6,23.78
2440746,34.6,23.81
2441448,34.6,23.84
2442150,34.6,23.87
2442852,34.6,23.90
2443554,34.6,23.93
2444256,34.6,23.96
2444958,34.6,23.99
2445660,34.6,24.02
2446362,34.6,24.05
2447064,34.6,24.09
2447766,34.6,24.12
2448468,34.6,24.15
2449170,34.6,24.18
2449872,34.6,24.22
2450574,34.6,24.25
2451276,34.6,24.28
2451978,34.6,24.32
2452680,34.6,24.34
2453382,35.6,24.37
2454084,35.6,24.41
2454786,34.6,24.44
2455488,34.6,24.47
2456190,34.6,24.50
2456892,34.6,24.53
2457594,35.6,24.56
2458296,35.6,24.59
2458998,34.6,24.62
2459700,35.6,24.65
2460402,34.6,24.68
2461104,35.6,24.72
2461806,35.6,24.75
2462508,35.6,24.78
2463210,34.6,24.81
2463912,35.6,24.84
2464614,34.6,24.87
2465316,35.6,24.90
2466018,35.6,24.93
2466720,35.6,24.96
2467422,35.6,24.99
2468124,34.6,25.02
2468826,35.6,25.05
2469528,35.6,25.09
2470230,35.6,25.11
2470932,35.6,25.14
2471634,34.6,25.17
2472336,35.6,25.20
2473038,36.6,25.23
2473740,36.6,25.26
2474442,36.6,25.30
2475144,36.6,25.33
2475846,35.6,25.36
2476548,35.6,25.38
2477250,35.6,25.41
2477952,34.6,25.45
2478654,35.6,25.48
2479356,36.6,25.51
2480058,36.6,25.54
2480760,36.6,25.57
2481462,36.6,25.60
2482164,36.6,25.63
2482866,36.6,25.67
2483568,36.6,25.70
2484270,35.6,25.73
2484972,36.6,25.76
2485674,35.6,25.78
2486376,35.6,25.82
2487078,36.6,25.85
2487780,35.6,25.88
2488482,36.6,25.91
2489184,36.6,25.93
2489886,36.6,25.97
2490588,36.6,26.00
2491290,36.6,26.03
2491992,36.6,26.06
2492694,37.6,26.09
2493396,37.6,26.12
2494098,37.6,26.15
2494800,36.6,26.18
2495502,36.6,26.21
2496204,36.6,26.24
2496906,35.6,26.26
2497608,35.6,26.29
2498310,36.6,26.33
2499012,35.6,26.36
2499714,36.6,26.38
2500416,36.6,26.42
2501118,36.6,26.45
2501820,36.6,26.47
2502522,35.6,26.50
2503224,36.6,26.53
2503926,36.6,26.56
2504628,37.6,26.59
2505330,37.6,26.62
2506032,37.6,26.65
2506734,37.6,26.68
2507436,36.6,26.71
2508138,37.6,26.74
2508840,37.6,26.76
2509542,37.6,26.79
2510244,37.6,26.82
2510946,37.6,26.86
2511648,37.6,26.89
2512350,38.6,26.92
2513052,37.6,26.94
2513754,38.6,26.97
2514456,38.6,27.01
2515158,38.6,27.03
2515860,38.6,27.06
2516562,38.6,27.09
2517264,38.6,27.12
2517966,38.6,27.15
2518668,37.6,27.17
2519370,37.6,27.20
2520072,38.6,27.23
2520774,38.6,27.26
2521476,38.6,27.29
2522178,38.6,27.32
2522880,38.6,27.35
2523582,37.6,27.39
2524284,37.6,27.41
2524986,37.6,27.44
2525688,37.6,27.47
2526390,37.6,27.49
2527092,37.6,27.52
2527794,37.6,27.55
2528496,38.6,27.58
2529198,38.6,27.61
2529900,38.6,27.65
2530602,38.6,27.67
2531304,38.6,27.70
2532006,38.6,27.73
2532708,38.6,27.76
2533410,38.6,27.79
2534112,38.6,27.81
2534814,38.6,27.84
2535516,38.6,27.87
2536218,38.6,27.90
2536920,38.6,27.92
2537622,38.6,27.95
2538324,38.6,27.98
2539026,38.6,28.01
2539728,38.6,28.04
2540430,38.6,28.07
2541132,38.6,28.09
2541834,38.6,28.13
2542536,38.6,28.16
2543238,38.6,28.18
2543940,38.6,28.21
2544642,39.6,28.24
2545344,39.6,28.27
2546046,38.6,28.30
2546748,38.6,28.33
2547450,39.6,28.36
2548152,38.6,28.38
2548854,38.6,28.42
2549556,38.6,28.44
2550258,38.6,28.47
2550960,38.6,28.49
2551662,38.6,28.52
2552364,39.6,28.55
2553066,38.6,28.58
2553768,39.6,28.60
2554470,39.6,28.64
2555172,38.6,28.66
2555874,38.6,28.69
2556576,39.6,28.72
2557278,38.6,28.75
2557980,39.6,28.77
2558682,39.6,28.80
2559384,39.6,28.83
2560086,39.6,28.85
2560788,38.6,28.88
2561490,38.6,28.91
2562192,38.6,28.94
2562894,38.6,28.97
2563596,38.6,29.00
2564298,39.6,29.02
2565000,39.6,29.05
2565702,39.6,29.07
2566404,39.6,29.10
2567106,39.6,29.13
2567808,40.6,29.16
2568510,40.6,29.18
2569212,40.6,29.21
2569914,40.6,29.23
2570616,39.6,29.27
2571318,40.6,29.29
2572020,40.6,29.32
2572722,39.6,29.34
2573424,40.6,29.37
2574126,39.6,29.40
2574828,40.6,29.43
2575530,39.6,29.45
2576232,40.6,29.48
2576934,40.6,29.51
2577636,40.6,29.54
2578338,40.6,29.56
2579040,40.6,29.59
2579742,40.6,29.62
2580444,39.6,29.64
2581146,39.6,29.67
2581848,40.6,29.69
2582550,40.6,29.72
2583252,39.6,29.74
2583954,40.6,29.77
2584656,40.6,29.79
2585358,40.6,29.82
2586060,40.6,29.84
2586762,40.6,29.87
2587464,40.6,29.90
2588166,40.6,29.92
2588868,40.6,29.95
2589570,40.6,29.97
2590272,39.6,30.00
2590974,40.6,30.02
2591676,40.6,30.04
2592378,40.6,30.07
2593080,40.6,30.09
2593782,40.6,30.12
2594484,40.6,30.14
2595186,41.6,30.16
2595888,40.6,30.19
2596590,41.6,30.22
2597292,41.6,30.24
2597994,40.6,30.26
2598696,40.6,30.29
2599398,41.6,30.32
2600100,41.6,30.33
2600802,41.6,30.36
2601504,41.6,30.39
2602206,41.6,30.41
2602908,41.6,30.43
2603610,41.6,30.45
2604312,40.6,30.48
2605014,41.6,30.50
2605716,41.6,30.53
2606418,41.6,30.56
2607120,41.6,30.58
2607822,41.6,30.61
2608524,41.6,30.63
2609226,40.6,30.65
2609928,40.6,30.68
2610630,41.6,30.70
2611332,40.6,30.73
2612034,41.6,30.75
2612736,40.6,30.77
2613438,40.6,30.79
2614140,41.6,30.82
2614842,41.6,30.84
2615544,41.6,30.87
2616246,41.6,30.89
2616948,41.6,30.91
2617650,41.6,30.94
2618352,41.6,30.96
2619054,41.6,30.98
2619756,41.6,31.00
2620458,41.6,31.03
2621160,41.6,31.05
2621862,41.6,31.07
2622564,42.6,31.10
2623266,42.6,31.12
2623968,41.6,31.14
2624670,41.6,31.17
2625372,41.6,31.19
2626074,41.6,31.22
2626776,41.6,31.23
2627478,41.6,31.26
2628180,41.6,31.28
2628882,41.6,31.30
2629584,41.6,31.32
2630286,41.6,31.34
2630988,41.6,31.37
2631690,41.6,31.39
2632392,42.6,31.41
2633094,42.6,31.43
2633796,41.6,31.45
2634498,41.6,31.48
2635200,41.6,31.51
2635902,41.6,31.52
2636604,42.6,31.54
2637306,42.6,31.57
2638008,42.6,31.59
2638710,42.6,31.61
2639412,42.6,31.63
2640114,41.6,31.65
2640816,42.6,31.67
2641518,41.6,31.70
2642220,41.6,31.72
2642922,41.6,31.74
2643624,41.6,31.75
2644326,41.6,31.78
2645028,41.6,31.80
2645730,42.6,31.82
2646432,42.6,31.85
2647134,42.6,31.86
2647836,43.6,31.89
2648538,43.6,31.91
2649240,42.6,31.93
2649942,42.6,31.95
2650644,42.6,31.97
2651346,42.6,32.00
2652048,42.6,32.02
2652750,41.6,32.04
2653452,42.6,32.06
2654154,42.6,32.08
2654856,42.6,32.11
2655558,42.6,32.13
2656260,42.6,32.15
2656962,42.6,32.16
2657664,43.6,32.19
2658366,42.6,32.21
2659068,42.6,32.23
2659770,41.6,32.25
2660472,42.6,32.26
2661174,42.6,32.29
2661876,43.6,32.31
2662578,43.6,32.34
2663280,43.6,32.35
2663982,43.6,32.37
2664684,42.6,32.39
2665386,42.6,32.41
2666088,42.6,32.43
2666790,43.6,32.45
2667492,43.6,32.48
2668194,43.6,32.50
2668896,43.6,32.51
2669598,43.6,32.53
2670300,43.6,32.55
2671002,43.6,32.57
2671704,43.6,32.59
2672406,43.6,32.61
2673108,43.6,32.63
2673810,43.6,32.65
2674512,43.6,32.67
2675214,43.6,32.69
2675916,42.6,32.71
2676618,42.6,32.72
2677320,42.6,32.75
2678022,42.6,32.77
2678724,42.6,32.79
2679426,42.6,32.81
2680128,43.6,32.83
2680830,43.6,32.85
2681532,43.6,32.87
2682234,44.6,32.89
2682936,43.6,32.91
2683638,43.6,32.92
2684340,43.6,32.95
2685042,43.6,32.97
2685744,44.6,32.98
2686446,44.6,33.00
2687148,43.6,33.02
2687850,43.6,33.03
2688552,43.6,33.06
2689254,43.6,33.08
2689956,43.6,33.10
2690658,43.6,33.12
2691360,44.6,33.14
2692062,43.6,33.15
2692764,44.6,33.18
2693466,43.6,33.19
2694168,44.6,33.21
2694870,44.6,33.23
2695572,44.6,33.25
2696274,43.6,33.26
2696976,44.6,33.28
2697678,44.6,33.30
2698380,44.6,33.32
2699082,44.6,33.35
2699784,43.6,33.37
2700486,43.6,33.38
2701188,43.6,33.40
2701890,44.6,33.42
2702592,43.6,33.44
2703294,43.6,33.46
2703996,44.6,33.48
2704698,43.6,33.50
2705400,43.6,33.51
2706102,43.6,33.53
2706804,44.6,33.55
2707506,43.6,33.57
2708208,44.6,33.59
2708910,43.6,33.61
2709612,44.6,33.62
2710314,43.6,33.64
2711016,43.6,33.66
2711718,44.6,33.67
2712420,44.6,33.69
2713122,44.6,33.71
2713824,44.6,33.73
2714526,43.6,33.75
2715228,43.6,33.76
2715930,43.6,33.79
2716632,43.6,33.81
2717334,44.6,33.82
2718036,44.6,33.84
2718738,44.6,33.85
2719440,43.6,33.88
2720142,44.6,33.89
2720844,44.6,33.91
2721546,44.6,33.92
2722248,44.6,33.94
2722950,45.6,33.95
2723652,45.6,33.97
2724354,44.6,33.99
2725056,44.6,34.00
2725758,44.6,34.02
2726460,44.6,34.05
2727162,45.6,34.06
2727864,45.6,34.08
2728566,45.6,34.10
2729268,44.6,34.11
2729970,44.6,34.13
2730672,44.6,34.15
2731374,43.6,34.17
2732076,43.6,34.19
2732778,43.6,34.21
2733480,44.6,34.22
2734182,44.6,34.24
2734884,44.6,34.25
2735586,44.6,34.27
2736288,45.6,34.29
2736990,45.6,34.30
2737692,45.6,34.32
2738394,45.6,34.33
2739096,45.6,34.35
2739798,45.6,34.37
2740500,45.6,34.39
2741202,45.6,34.41
2741904,45.6,34.42
2742606,45.6,34.44
2743308,45.6,34.46
2744010,45.6,34.47
2744712,44.6,34.49
2745414,44.6,34.51
2746116,44.6,34.52
2746818,44.6,34.54
2747520,45.6,34.55
2748222,44.6,34.57
2748924,45.6,34.59
2749626,45.6,34.60
2750328,45.6,34.62
2751030,45.6,34.64
2751732,45.6,34.66
2752434,45.6,34.67
2753136,45.6,34.70
2753838,45.6,34.71
2754540,45.6,34.73
2755242,45.6,34.74
2755944,45.6,34.76
2756646,45.6,34.77
2757348,45.6,34.79
2758050,45.6,34.80
2758752,45.6,34.82
2759454,45.6,34.84
2760156,45.6,34.85
2760858,45.6,34.87
2761560,45.6,34.88
2762262,45.6,34.90
2762964,45.6,34.92
2763666,45.6,34.93
2764368,45.6,34.95
2765070,45.6,34.96
2765772,45.6,34.98
2766474,45.6,34.99
2767176,45.6,35.00
2767878,45.6,35.03
2768580,45.6,35.04
2769282,45.6,35.06
2769984,45.6,35.07
2770686,46.6,35.09
2771388,46.6,35.11
2772090,46.6,35.12
2772792,46.6,35.14
2773494,46.6,35.15
2774196,45.6,35.17
2774898,45.6,35.19
2775600,45.6,35.19
2776302,45.6,35.21
2777004,45.6,35.23
2777706,45.6,35.24
2778408,46.6,35.25
2779110,45.6,35.27
2779812,45.6,35.29
2780514,45.6,35.30
2781216,46.6,35.31
2781918,46.6,35.33
2782620,46.6,35.36
2783322,46.6,35.37
2784024,46.6,35.39
2784726,46.6,35.39
2785428,46.6,35.41
2786130,46.6,35.43
2786832,46.6,35.45
2787534,46.6,35.46
2788236,46.6,35.47
2788938,46.6,35.49
2789640,46.6,35.51
2790342,46.6,35.52
2791044,46.6,35.54
2791746,45.6,35.55
2792448,46.6,35.56
2793150,45.6,35.59
2793852,46.6,35.60
2794554,46.6,35.61
2795256,46.6,35.62
2795958,46.6,35.64
2796660,46.6,35.65
2797362,46.6,35.67
2798064,45.6,35.69
2798766,46.6,35.70
2799468,45.6,35.72
2800170,46.6,35.73
2800872,46.6,35.74
2801574,46.6,35.75
2802276,46.6,35.77
2802978,46.6,35.78
2803680,46.6,35.80
2804382,46.6,35.81
2805084,46.6,35.83
2805786,46.6,35.84
2806488,47.6,35.85
2807190,46.6,35.87
2807892,46.6,35.89
2808594,46.6,35.90
2809296,47.6,35.92
2809998,47.6,35.93
2810700,47.6,35.95
2811402,46.6,35.96
2812104,46.6,35.98
2812806,47.6,35.99
2813508,47.6,36.01
2814210,47.6,36.02
2814912,46.6,36.04
2815614,46.6,36.05
2816316,47.6,36.07
2817018,47.6,36.08
2817720,47.6,36.09
2818422,47.6,36.11
2819124,47.6,36.12
2819826,47.6,36.13
2820528,47.6,36.15
2821230,47.6,36.16
2821932,47.6,36.18
2822634,47.6,36.19
2823336,47.6,36.20
2824038,47.6,36.22
2824740,47.6,36.23
2825442,47.6,36.24
2826144,47.6,36.26
2826846,47.6,36.27
2827548,46.6,36.28
2828250,46.6,36.30
2828952,46.6,36.31
2829654,46.6,36.33
2830356,47.6,36.34
2831058,47.6,36.35
2831760,46.6,36.37
2832462,46.6,36.39
2833164,47.6,36.40
2833866,47.6,36.41
2834568,47.6,36.43
2835270,46.6,36.44
2835972,46.6,36.46
2836674,47.6,36.47
2837376,47.6,36.48
2838078,47.6,36.49
2838780,47.6,36.50
2839482,47.6,36.51
2840184,47.6,36.53
2840886,47.6,36.54
2841588,47.6,36.55
2842290,47.6,36.56
2842992,47.6,36.58
2843694,47.6,36.60
2844396,47.6,36.61
2845098,48.6,36.62
2845800,48.6,36.63
2846502,47.6,36.65
2847204,47.6,36.66
2847906,47.6,36.67
2848608,47.6,36.68
2849310,47.6,36.70
2850012,47.6,36.72
2850714,47.6,36.73
2851416,47.6,36.74
2852118,47.6,36.75
2852820,47.6,36.77
2853522,47.6,36.78
2854224,47.6,36.80
2854926,47.6,36.81
2855628,47.6,36.82
2856330,47.6,36.83
2857032,47.6,36.84
2857734,47.6,36.86
2858436,47.6,36.87
2859138,47.6,36.88
2859840,48.6,36.89
2860542,47.6,36.90
2861244,47.6,36.91
2861946,47.6,36.93
2862648,47.6,36.94
2863350,47.6,36.95
2864052,47.6,36.97
2864754,47.6,36.98
2865456,47.6,37.00
2866158,48.6,37.01
2866860,47.6,37.02
2867562,47.6,37.03
2868264,48.6,37.05
2868966,48.6,37.06
2869668,47.6,37.07
2870370,48.6,37.09
2871072,47.6,37.10
2871774,48.6,37.11
2872476,47.6,37.12
2873178,48.6,37.13
2873880,48.6,37.14
2874582,48.6,37.15
2875284,47.6,37.17
2875986,47.6,37.18
2876688,48.6,37.19
2877390,47.6,37.21
2878092,47.6,37.22
2878794,48.6,37.23
2879496,48.6,37.25
2880198,48.6,37.27
2880900,48.6,37.28
2881602,48.6,37.29
2882304,48.6,37.30
2883006,48.6,37.31
2883708,48.6,37.33
2884410,48.6,37.34
2885112,48.6,37.35
2885814,48.6,37.36
2886516,48.6,37.37
2887218,48.6,37.38
2887920,48.6,37.39
2888622,48.6,37.41
2889324,48.6,37.42
2890026,48.6,37.43
2890728,48.6,37.44
2891430,48.6,37.45
2892132,48.6,37.46
2892834,48.6,37.48
2893536,48.6,37.49
2894238,48.6,37.50
2894940,48.6,37.51
2895642,48.6,37.52
2896344,48.6,37.53
2897046,48.6,37.54
2897748,48.6,37.56
2898450,48.6,37.57
2899152,48.6,37.58
2899854,48.6,37.59
2900556,48.6,37.61
2901258,48.6,37.62
2901960,48.6,37.63
2902662,48.6,37.65
2903364,48.6,37.66
2904066,48.6,37.67
2904768,48.6,37.68
2905470,48.6,37.69
2906172,48.6,37.70
2906874,48.6,37.72
2907576,49.6,37.73
2908278,48.6,37.74
2908980,48.6,37.74
2909682,48.6,37.76
2910384,48.6,37.77
2911086,48.6,37.78
2911788,48.6,37.79
2912490,48.6,37.80
2913192,48.6,37.81
2913894,48.6,37.82
2914596,48.6,37.84
2915298,48.6,37.85
2916000,48.6,37.86
2916702,48.6,37.87
2917404,48.6,37.88
2918106,48.6,37.89
2918808,48.6,37.91
2919510,48.6,37.92
2920212,48.6,37.93
2920914,48.6,37.94
2921616,48.6,37.95
2922318,48.6,37.96
2923020,48.6,37.98
2923722,49.6,37.98
2924424,49.6,38.00
2925126,49.6,38.01
2925828,49.6,38.02
2926530,49.6,38.03
2927232,49.6,38.04
2927934,49.6,38.05
2928636,49.6,38.06
2929338,48.6,38.07
2930040,48.6,38.08
2930742,48.6,38.09
2931444,48.6,38.10
2932146,48.6,38.12
2932848,49.6,38.13
2933550,48.6,38.14
2934252,48.6,38.15
2934954,48.6,38.16
2935656,48.6,38.17
2936358,48.6,38.18
2937060,49.6,38.19
2937762,49.6,38.20
2938464,49.6,38.21
2939166,48.6,38.22
2939868,49.6,38.24
2940570,49.6,38.25
2941272,49.6,38.25
2941974,49.6,38.27
2942676,49.6,38.28
2943378,49.6,38.29
2944080,49.6,38.30
2944782,49.6,38.31
2945484,49.6,38.32
2946186,48.6,38.33
2946888,48.6,38.34
2947590,48.6,38.36
2948292,48.6,38.36
2948994,48.6,38.37
2949696,49.6,38.39
2950398,49.6,38.40
2951100,49.6,38.41
2951802,49.6,38.42
2952504,49.6,38.43
2953206,49.6,38.44
2953908,49.6,38.45
2954610,49.6,38.46
2955312,49.6,38.47
2956014,48.6,38.49
2956716,49.6,38.50
2957418,49.6,38.50
2958120,49.6,38.51
2958822,49.6,38.53
2959524,49.6,38.55
2960226,49.6,38.55
2960928,49.6,38.56
2961630,49.6,38.57
2962332,49.6,38.58
2963034,49.6,38.60
2963736,49.6,38.61
2964438,49.6,38.62
2965140,49.6,38.63
2965842,49.6,38.64
2966544,49.6,38.65
2967246,49.6,38.66
2967948,49.6,38.67
2968650,49.6,38.68
2969352,49.6,38.69
2970054,49.6,38.70
2970756,49.6,38.71
2971458,49.6,38.72
2972160,49.6,38.73
2972862,49.6,38.74
2973564,50.6,38.75
2974266,49.6,38.76
2974968,49.6,38.76
2975670,49.6,38.78
2976372,49.6,38.79
2977074,49.6,38.79
2977776,49.6,38.81
2978478,49.6,38.81
2979180,49.6,38.83
2979882,49.6,38.83
2980584,49.6,38.85
2981286,49.6,38.86
2981988,49.6,38.87
2982690,49.6,38.88
2983392,49.6,38.89
2984094,49.6,38.90
2984796,50.6,38.91
2985498,50.6,38.92
2986200,50.6,38.93
2986902,50.6,38.94
2987604,50.6,38.95
2988306,50.6,38.96
2989008,50.6,38.97
2989710,49.6,38.98
2990412,49.6,38.99
2991114,49.6,39.00
2991816,50.6,39.01
2992518,50.6,39.02
2993220,49.6,39.03
2993922,49.6,39.04
2994624,50.6,39.05
2995326,50.6,39.06
2996028,50.6,39.07
2996730,50.6,39.07
2997432,50.6,39.08
2998134,50.6,39.09
2998836,50.6,39.10
2999538,50.6,39.11
3000240,50.6,39.12
3000942,50.6,39.13
3001644,50.6,39.14
3002346,50.6,39.15
3003048,50.6,39.16
3003750,49.6,39.17
3004452,49.6,39.18
3005154,50.6,39.19
3005856,50.6,39.21
3006558,50.6,39.21
3007260,50.6,39.23
3007962,50.6,39.23
3008664,50.6,39.24
3009366,50.6,39.26
3010068,50.6,39.27
3010770,50.6,39.27
3011472,50.6,39.28
3012174,50.6,39.29
3012876,50.6,39.30
3013578,50.6,39.31
3014280,51.6,39.32
3014982,51.6,39.33
3015684,50.6,39.34
3016386,50.6,39.35
3017088,50.6,39.36
3017790,51.6,39.37
3018492,50.6,39.38
3019194,50.6,39.39
3019896,50.6,39.40
3020598,50.6,39.41
3021300,50.6,39.41
3022002,50.6,39.42
3022704,50.6,39.43
3023406,50.6,39.44
3024108,50.6,39.45
3024810,50.6,39.46
3025512,50.6,39.47
3026214,50.6,39.47
3026916,50.6,39.48
3027618,51.6,39.49
3028320,51.6,39.50
3029022,51.6,39.51
3029724,50.6,39.52
3030426,50.6,39.53
3031128,50.6,39.54
3031830,50.6,39.55
3032532,50.6,39.55
3033234,50.6,39.57
3033936,50.6,39.57
3034638,50.6,39.58
3035340,51.6,39.59
3036042,51.6,39.60
3036744,51.6,39.61
3037446,51.6,39.61
3038148,50.6,39.62
3038850,51.6,39.63
3039552,51.6,39.63
3040254,51.6,39.64
3040956,50.6,39.65
3041658,50.6,39.66
3042360,50.6,39.67
3043062,50.6,39.67
3043764,50.6,39.68
3044466,50.6,39.69
3045168,50.6,39.70
3045870,51.6,39.71
3046572,51.6,39.71
3047274,51.6,39.72
3047976,51.6,39.73
3048678,50.6,39.74
3049380,51.6,39.74
3050082,50.6,39.75
3050784,50.6,39.76
3051486,50.6,39.77
3052188,51.6,39.78
3052890,50.6,39.79
3053592,50.6,39.79
3054294,51.6,39.80
3054996,51.6,39.80
3055698,50.6,39.81
3056400,51.6,39.82
3057102,51.6,39.82
3057804,50.6,39.83
3058506,51.6,39.84
3059208,50.6,39.85
3059910,50.6,39.85
3060612,51.6,39.86
3061314,51.6,39.87
3062016,51.6,39.87
3062718,51.6,39.88
3063420,50.6,39.89
3064122,50.6,39.89
3064824,50.6,39.90
3065526,50.6,39.90
3066228,50.6,39.91
3066930,50.6,39.91
3067632,50.6,39.92
3068334,50.6,39.93
3069036,50.6,39.93
3069738,50.6,39.94
3070440,51.6,39.95
3071142,51.6,39.95
3071844,51.6,39.95
3072546,51.6,39.96
3073248,51.6,39.97
3073950,51.6,39.98
3074652,51.6,39.98
3075354,50.6,39.99
3076056,50.6,39.99
3076758,50.6,40.00
3077460,50.6,40.00
3078162,51.6,40.01
3078864,51.6,40.01
3079566,51.6,40.02
3080268,51.6,40.02
3080970,51.6,40.03
3081672,51.6,40.03
3082374,51.6,40.04
3083076,51.6,40.05
3083778,51.6,40.06
3084480,51.6,40.06
3085182,51.6,40.06
3085884,51.6,40.07
3086586,51.6,40.08
3087288,51.6,40.08
3087990,51.6,40.09
3088692,51.6,40.09
3089394,51.6,40.10
3090096,51.6,40.11
3090798,51.6,40.11
3091500,51.6,40.11
3092202,51.6,40.12
3092904,51.6,40.12
3093606,51.6,40.13
3094308,51.6,40.13
3095010,51.6,40.13
3095712,51.6,40.14
3096414,51.6,40.15
3097116,51.6,40.15
3097818,51.6,40.15
3098520,51.6,40.16
3099222,51.6,40.17
3099924,51.6,40.17
3100626,51.6,40.18
3101328,51.6,40.18
3102030,52.6,40.18
3102732,51.6,40.19
3103434,52.6,40.20
3104136,51.6,40.20
3104838,51.6,40.20
3105540,52.6,40.21
3106242,52.6,40.21
3106944,51.6,40.21
3107646,51.6,40.22
3108348,51.6,40.23
3109050,51.6,40.23
3109752,51.6,40.23
3110454,51.6,40.23
3111156,51.6,40.24
3111858,51.6,40.24
3112560,51.6,40.24
3113262,51.6,40.25
3113964,52.6,40.24
3114666,51.6,40.25
3115368,51.6,40.25
3116070,51.6,40.26
3116772,51.6,40.26
3117474,52.6,40.27
3118176,52.6,40.26
3118878,51.6,40.27
3119580,52.6,40.27
3120282,51.6,40.27
3120984,51.6,40.28
3121686,52.6,40.28
3122388,51.6,40.28
3123090,52.6,40.28
3123792,52.6,40.28
3124494,52.6,40.29
3125196,52.6,40.29
3125898,52.6,40.29
3126600,52.6,40.29
3127302,52.6,40.30
3128004,51.6,40.29
3128706,51.6,40.30
3129408,51.6,40.30
3130110,51.6,40.30
3130812,51.6,40.30
3131514,51.6,40.31
3132216,51.6,40.31
3132918,52.6,40.31
3133620,52.6,40.31
3134322,52.6,40.31
3135024,52.6,40.31
3135726,52.6,40.31
3136428,52.6,40.32
3137130,52.6,40.32
3137832,52.6,40.32
3138534,52.6,40.32
3139236,52.6,40.32
3139938,52.6,40.32
3140640,52.6,40.32
3141342,51.6,40.33
3142044,51.6,40.33
3142746,51.6,40.34
3143448,51.6,40.33
3144150,51.6,40.34
3144852,51.6,40.33
3145554,51.6,40.34
3146256,51.6,40.34
3146958,52.6,40.34
3147660,52.6,40.34
3148362,52.6,40.34
3149064,52.6,40.34
3149766,52.6,40.34
3150468,52.6,40.34
3151170,51.6,40.34
3151872,51.6,40.34
3152574,51.6,40.35
3153276,51.6,40.34
3153978,51.6,40.35
3154680,52.6,40.35
3155382,52.6,40.35
3156084,52.6,40.35
3156786,52.6,40.35
3157488,52.6,40.35
3158190,52.6,40.35
3158892,52.6,40.35
3159594,52.6,40.35
3160296,52.6,40.35
3160998,52.6,40.36
3161700,52.6,40.36
3162402,52.6,40.36
3163104,51.6,40.36
3163806,52.6,40.36
3164508,51.6,40.36
3165210,52.6,40.35
3165912,51.6,40.36
3166614,51.6,40.36
3167316,51.6,40.36
3168018,51.6,40.36
3168720,51.6,40.36
3169422,51.6,40.36
3170124,51.6,40.36
3170826,51.6,40.36
3171528,51.6,40.36
3172230,52.6,40.36
3172932,52.6,40.35
3173634,52.6,40.35
3174336,52.6,40.36
3175038,51.6,40.36
3175740,51.6,40.36
3176442,51.6,40.35
3177144,51.6,40.35
3177846,51.6,40.35
3178548,51.6,40.35
3179250,51.6,40.35
3179952,52.6,40.35
3180654,52.6,40.35
3181356,52.6,40.35
3182058,52.6,40.35
3182760,51.6,40.35
3183462,51.6,40.34
3184164,51.6,40.34
3184866,52.6,40.35
3185568,51.6,40.34
3186270,51.6,40.34
3186972,52.6,40.34
3187674,52.6,40.33
3188376,52.6,40.33
3189078,52.6,40.34
3189780,52.6,40.33
3190482,52.6,40.34
3191184,52.6,40.33
3191886,52.6,40.33
3192588,52.6,40.33
3193290,52.6,40.32
3193992,51.6,40.32
3194694,51.6,40.32
3195396,52.6,40.31
3196098,52.6,40.32
3196800,52.6,40.31
3197502,51.6,40.31
3198204,51.6,40.31
3198906,52.6,40.30
3199608,52.6,40.30
3200310,52.6,40.30
3201012,51.6,40.30
3201714,52.6,40.29
3202416,51.6,40.29
3203118,52.6,40.29
3203820,50.6,40.28
3204522,51.6,40.28
3205224,51.6,40.28
3205926,51.6,40.28
3206628,51.6,40.27
3207330,51.6,40.27
3208032,51.6,40.27
3208734,51.6,40.26
3209436,51.6,40.26
3210138,51.6,40.26
3210840,51.6,40.25
3211542,51.6,40.25
3212244,52.6,40.25
3212946,51.6,40.25
3213648,51.6,40.24
3214350,51.6,40.24
3215052,51.6,40.23
3215754,51.6,40.23
3216456,51.6,40.23
3217158,51.6,40.22
3217860,51.6,40.21
3218562,52.6,40.21
3219264,51.6,40.21
3219966,51.6,40.21
3220668,52.6,40.20
3221370,52.6,40.20
3222072,51.6,40.19
3222774,51.6,40.19
3223476,51.6,40.18
3224178,51.6,40.18
3224880,51.6,40.18
3225582,51.6,40.17
3226284,51.6,40.16
3226986,51.6,40.16
3227688,51.6,40.15
3228390,51.6,40.15
3229092,51.6,40.14
3229794,51.6,40.14
3230496,51.6,40.13
3231198,51.6,40.13
3231900,51.6,40.13
3232602,51.6,40.12
3233304,51.6,40.12
3234006,51.6,40.11
3234708,51.6,40.10
3235410,51.6,40.10
3236112,51.6,40.10
3236814,51.6,40.09
3237516,51.6,40.08
3238218,51.6,40.08
3238920,51.6,40.07
3239622,51.6,40.07
3240324,51.6,40.06
3241026,51.6,40.06
3241728,51.6,40.05
3242430,51.6,40.04
3243132,51.6,40.04
3243834,51.6,40.03
3244536,51.6,40.03
3245238,51.6,40.02
3245940,51.6,40.02
3246642,50.6,40.01
3247344,51.6,40.01
3248046,50.6,40.00
3248748,51.6,40.00
3249450,51.6,39.99
3250152,50.6,39.99
3250854,51.6,39.98
3251556,51.6,39.97
3252258,51.6,39.97
3252960,50.6,39.96
3253662,50.6,39.96
3254364,50.6,39.95
3255066,50.6,39.95
3255768,50.6,39.93
3256470,50.6,39.93
3257172,51.6,39.93
3257874,50.6,39.92
3258576,50.6,39.91
3259278,51.6,39.91
3259980,51.6,39.90
3260682,51.6,39.90
3261384,51.6,39.89
3262086,50.6,39.88
3262788,51.6,39.87
3263490,51.6,39.86
3264192,51.6,39.86
3264894,51.6,39.85
3265596,51.6,39.85
3266298,50.6,39.84
3267000,50.6,39.82
3267702,50.6,39.82
3268404,50.6,39.81
3269106,50.6,39.81
3269808,51.6,39.80
3270510,51.6,39.79
3271212,51.6,39.78
3271914,50.6,39.77
3272616,50.6,39.76
3273318,50.6,39.75
3274020,50.6,39.75
3274722,50.6,39.74
3275424,50.6,39.73
3276126,50.6,39.73
3276828,50.6,39.72
3277530,50.6,39.71
3278232,51.6,39.71
3278934,51.6,39.70
3279636,50.6,39.69
3280338,50.6,39.68
3281040,50.6,39.67
3281742,51.6,39.66
3282444,50.6,39.66
3283146,50.6,39.65
3283848,50.6,39.64
3284550,51.6,39.63
3285252,51.6,39.63
3285954,51.6,39.61
3286656,51.6,39.61
3287358,51.6,39.60
3288060,51.6,39.59
3288762,50.6,39.59
3289464,50.6,39.57
3290166,50.6,39.56
3290868,50.6,39.56
3291570,50.6,39.55
3292272,50.6,39.54
3292974,50.6,39.53
3293676,49.6,39.52
3294378,49.6,39.52
3295080,50.6,39.51
3295782,50.6,39.50
3296484,50.6,39.49
3297186,50.6,39.48
3297888,50.6,39.47
3298590,50.6,39.46
3299292,50.6,39.46
3299994,50.6,39.45
3300696,50.6,39.44
3301398,50.6,39.43
3302100,50.6,39.42
3302802,50.6,39.42
3303504,50.6,39.41
3304206,50.6,39.40
3304908,50.6,39.39
3305610,50.6,39.38
3306312,50.6,39.37
3307014,50.6,39.37
3307716,49.6,39.36
3308418,49.6,39.35
3309120,50.6,39.34
3309822,50.6,39.33
3310524,49.6,39.33
3311226,49.6,39.32
3311928,50.6,39.31
3312630,50.6,39.30
3313332,50.6,39.29
3314034,50.6,39.28
3314736,49.6,39.27
3315438,50.6,39.26
3316140,50.6,39.25
3316842,50.6,39.24
3317544,50.6,39.23
3318246,50.6,39.22
3318948,50.6,39.21
3319650,50.6,39.20
3320352,50.6,39.19
3321054,49.6,39.18
3321756,50.6,39.17
3322458,50.6,39.16
3323160,50.6,39.15
3323862,50.6,39.14
3324564,50.6,39.13
3325266,50.6,39.13
3325968,49.6,39.12
3326670,49.6,39.11
3327372,49.6,39.10
3328074,49.6,39.09
3328776,49.6,39.08
3329478,49.6,39.07
3330180,49.6,39.06
3330882,49.6,39.05
3331584,49.6,39.04
3332286,49.6,39.04
3332988,49.6,39.02
3333690,49.6,39.02
3334392,49.6,39.01
3335094,49.6,39.00
3335796,49.6,38.99
3336498,49.6,38.97
3337200,49.6,38.96
3337902,49.6,38.95
3338604,49.6,38.95
3339306,49.6,38.94
3340008,49.6,38.93
3340710,49.6,38.92
3341412,49.6,38.91
3342114,49.6,38.90
3342816,49.6,38.88
3343518,50.6,38.87
3344220,50.6,38.86
3344922,49.6,38.85
3345624,49.6,38.85
3346326,49.6,38.83
3347028,49.6,38.82
3347730,49.6,38.81
3348432,49.6,38.80
3349134,49.6,38.79
3349836,49.6,38.79
3350538,49.6,38.77
3351240,49.6,38.76
3351942,49.6,38.75
3352644,48.6,38.74
3353346,48.6,38.74
3354048,48.6,38.72
3354750,48.6,38.71
3355452,49.6,38.70
3356154,49.6,38.69
3356856,49.6,38.68
3357558,49.6,38.67
3358260,49.6,38.66
3358962,49.6,38.65
3359664,49.6,38.65
3360366,49.6,38.64
3361068,49.6,38.62
3361770,49.6,38.62
3362472,49.6,38.61
3363174,49.6,38.60
3363876,49.6,38.59
3364578,49.6,38.58
3365280,49.6,38.57
3365982,49.6,38.56
3366684,49.6,38.55
3367386,49.6,38.53
3368088,49.6,38.53
3368790,49.6,38.51
3369492,49.6,38.50
3370194,49.6,38.49
3370896,48.6,38.48
3371598,48.6,38.47
3372300,49.6,38.46
3373002,49.6,38.45
3373704,49.6,38.44
3374406,48.6,38.43
3375108,48.6,38.41
3375810,48.6,38.40
3376512,48.6,38.39
3377214,48.6,38.38
3377916,48.6,38.37
3378618,48.6,38.36
3379320,48.6,38.35
3380022,48.6,38.34
3380724,48.6,38.33
3381426,48.6,38.32
3382128,48.6,38.31
3382830,48.6,38.30
3383532,48.6,38.29
3384234,48.6,38.28
3384936,48.6,38.27
3385638,48.6,38.26
3386340,48.6,38.25
3387042,48.6,38.23
3387744,48.6,38.22
3388446,48.6,38.21
3389148,48.6,38.20
3389850,48.6,38.19
3390552,48.6,38.18
3391254,48.6,38.18
3391956,48.6,38.16
3392658,48.6,38.16
3393360,48.6,38.14
3394062,48.6,38.14
3394764,48.6,38.12
3395466,48.6,38.11
3396168,48.6,38.10
3396870,48.6,38.09
3397572,48.6,38.08
3398274,47.6,38.07
3398976,48.6,38.06
3399678,47.6,38.05
3400380,48.6,38.04
3401082,48.6,38.03
3401784,48.6,38.02
3402486,48.6,38.02
3403188,48.6,38.01
3403890,48.6,38.00
3404592,48.6,37.98
3405294,48.6,37.97
3405996,48.6,37.96
3406698,48.6,37.95
3407400,48.6,37.94
3408102,48.6,37.93
3408804,48.6,37.91
3409506,48.6,37.91
3410208,48.6,37.89
3410910,48.6,37.88
3411612,48.6,37.87
3412314,48.6,37.86
3413016,48.6,37.85
3413718,48.6,37.84
3414420,48.6,37.83
3415122,48.6,37.82
3415824,48.6,37.80
3416526,48.6,37.80
3417228,48.6,37.79
3417930,48.6,37.77
3418632,48.6,37.77
3419334,48.6,37.76
3420036,48.6,37.75
3420738,48.6,37.74
3421440,48.6,37.73
3422142,48.6,37.72
3422844,48.6,37.71
3423546,48.6,37.70
3424248,48.6,37.70
3424950,47.6,37.68
3425652,48.6,37.67
3426354,48.6,37.66
3427056,48.6,37.64
3427758,48.6,37.64
3428460,48.6,37.63
3429162,48.6,37.61
3429864,47.6,37.61
3430566,48.6,37.59
3431268,48.6,37.58
3431970,48.6,37.57
3432672,48.6,37.56
3433374,47.6,37.55
3434076,48.6,37.53
3434778,47.6,37.53
3435480,48.6,37.52
3436182,48.6,37.51
3436884,48.6,37.50
3437586,47.6,37.49
3438288,47.6,37.48
3438990,47.6,37.47
3439692,47.6,37.46
3440394,47.6,37.44
3441096,48.6,37.43
3441798,48.6,37.42
3442500,48.6,37.41
3443202,47.6,37.40
3443904,47.6,37.39
3444606,47.6,37.38
3445308,47.6,37.37
3446010,47.6,37.36
3446712,48.6,37.35
3447414,48.6,37.34
3448116,47.6,37.33
3448818,47.6,37.32
3449520,48.6,37.31
3450222,48.6,37.30
3450924,48.6,37.29
3451626,47.6,37.28
3452328,47.6,37.27
3453030,47.6,37.25
3453732,46.6,37.25
3454434,47.6,37.24
3455136,47.6,37.22
3455838,47.6,37.22
3456540,47.6,37.20
3457242,47.6,37.19
3457944,47.6,37.18
3458646,47.6,37.17
3459348,47.6,37.16
3460050,47.6,37.15
3460752,47.6,37.14
3461454,47.6,37.13
3462156,47.6,37.11
3462858,47.6,37.10
3463560,47.6,37.09
3464262,48.6,37.08
3464964,48.6,37.08
3465666,48.6,37.07
3466368,48.6,37.06
3467070,47.6,37.05
3467772,47.6,37.04
3468474,47.6,37.03
3469176,48.6,37.02
3469878,47.6,37.01
3470580,48.6,37.00
3471282,47.6,36.98
3471984,48.6,36.97
3472686,48.6,36.96
3473388,47.6,36.95
3474090,47.6,36.94
3474792,47.6,36.93
3475494,47.6,36.92
3476196,47.6,36.91
3476898,47.6,36.90
3477600,47.6,36.89
3478302,48.6,36.88
3479004,47.6,36.87
3479706,47.6,36.86
3480408,47.6,36.85
3481110,47.6,36.84
3481812,47.6,36.83
3482514,47.6,36.82
3483216,47.6,36.81
3483918,47.6,36.80
3484620,47.6,36.79
3485322,47.6,36.79
3486024,47.6,36.77
3486726,47.6,36.76
3487428,47.6,36.75
3488130,46.6,36.75
3488832,47.6,36.74
3489534,46.6,36.72
3490236,46.6,36.71
3490938,46.6,36.70
3491640,46.6,36.69
3492342,46.6,36.68
3493044,46.6,36.67
3493746,46.6,36.66
3494448,46.6,36.65
3495150,47.6,36.64
3495852,47.6,36.63
3496554,47.6,36.62
3497256,46.6,36.61
3497958,46.6,36.60
3498660,46.6,36.59
3499362,46.6,36.57
3500064,46.6,36.57
3500766,47.6,36.55
3501468,47.6,36.55
3502170,46.6,36.54
3502872,47.6,36.53
3503574,46.6,36.52
3504276,46.6,36.51
3504978,47.6,36.50
3505680,47.6,36.49
3506382,47.6,36.48
3507084,47.6,36.47
3507786,47.6,36.47
3508488,47.6,36.45
3509190,47.6,36.45
3509892,47.6,36.43
3510594,47.6,36.42
3511296,47.6,36.41
3511998,46.6,36.41
3512700,46.6,36.39
3513402,46.6,36.38
3514104,46.6,36.38
3514806,46.6,36.36
3515508,46.6,36.35
3516210,46.6,36.34
3516912,46.6,36.34
3517614,46.6,36.33
3518316,47.6,36.32
3519018,46.6,36.30
3519720,47.6,36.29
3520422,47.6,36.28
3521124,47.6,36.28
3521826,47.6,36.26
3522528,47.6,36.25
3523230,46.6,36.24
3523932,46.6,36.23
3524634,46.6,36.22
3525336,46.6,36.21
3526038,46.6,36.20
3526740,46.6,36.20
3527442,46.6,36.19
3528144,46.6,36.17
3528846,46.6,36.17
3529548,47.6,36.15
3530250,47.6,36.15
3530952,46.6,36.13
3531654,46.6,36.13
3532356,46.6,36.11
3533058,46.6,36.10
3533760,46.6,36.09
3534462,46.6,36.09
3535164,46.6,36.08
3535866,46.6,36.07
3536568,46.6,36.06
3537270,46.6,36.05
3537972,46.6,36.03
3538674,46.6,36.03
3539376,46.6,36.02
3540078,45.6,36.01
3540780,46.6,36.00
3541482,46.6,35.99
3542184,46.6,35.98
3542886,46.6,35.97
3543588,46.6,35.96
3544290,46.6,35.95
3544992,46.6,35.94
3545694,46.6,35.93
3546396,46.6,35.92
3547098,47.6,35.91
3547800,46.6,35.89
3548502,46.6,35.88
3549204,46.6,35.87
3549906,46.6,35.87
3550608,46.6,35.85
3551310,46.6,35.85
3552012,46.6,35.83
3552714,46.6,35.82
3553416,46.6,35.81
3554118,46.6,35.81
3554820,46.6,35.80
3555522,45.6,35.79
3556224,46.6,35.78
3556926,46.6,35.77
3557628,45.6,35.76
3558330,45.6,35.75
3559032,45.6,35.74
3559734,45.6,35.73
3560436,46.6,35.72
3561138,46.6,35.71
3561840,45.6,35.70
3562542,45.6,35.69
3563244,45.6,35.68
3563946,46.6,35.67
3564648,46.6,35.66
3565350,46.6,35.65
3566052,46.6,35.64
3566754,45.6,35.63
3567456,45.6,35.62
3568158,45.6,35.61
3568860,45.6,35.60
3569562,45.6,35.59
3570264,45.6,35.59
3570966,46.6,35.58
3571668,46.6,35.57
3572370,46.6,35.56
3573072,46.6,35.55
3573774,46.6,35.54
3574476,45.6,35.54
3575178,45.6,35.53
3575880,45.6,35.52
3576582,46.6,35.51
3577284,46.6,35.50
3577986,46.6,35.48
3578688,46.6,35.47
3579390,46.6,35.46
3580092,45.6,35.46
3580794,45.6,35.44
3581496,45.6,35.43
3582198,45.6,35.42
3582900,45.6,35.41
3583602,45.6,35.40
3584304,45.6,35.40
3585006,45.6,35.38
3585708,46.6,35.37
3586410,46.6,35.36
3587112,45.6,35.35
3587814,45.6,35.34
3588516,45.6,35.34
3589218,45.6,35.33
3589920,45.6,35.31
3590622,45.6,35.30
3591324,45.6,35.29
3592026,45.6,35.28
3592728,45.6,35.27
3593430,45.6,35.26
3594132,45.6,35.25
3594834,46.6,35.25
3595536,45.6,35.24
3596238,45.6,35.23
3596940,45.6,35.22
3597642,45.6,35.21
3598344,46.6,35.20
3599046,45.6,35.19
3599748,45.6,35.18
3600450,45.6,35.18
3601152,45.6,35.17
3601854,45.6,35.16
3602556,45.6,35.15
3603258,45.6,35.14
3603960,45.6,35.13
3604662,45.6,35.12
3605364,45.6,35.11
3606066,45.6,35.10
3606768,45.6,35.10
3607470,45.6,35.08
3608172,45.6,35.07
3608874,45.6,35.07
3609576,45.6,35.06
3610278,45.6,35.05
3610980,45.6,35.04
3611682,45.6,35.03
3612384,45.6,35.01
3613086,45.6,35.01
3613788,45.6,35.00
3614490,45.6,34.98
3615192,45.6,34.98
3615894,45.6,34.97
3616596,45.6,34.96
3617298,45.6,34.95
3618000,45.6,34.94
3618702,44.6,34.93
3619404,45.6,34.92
3620106,45.6,34.91
3620808,44.6,34.91
3621510,45.6,34.90
3622212,45.6,34.89
3622914,45.6,34.87
3623616,45.6,34.87
3624318,45.6,34.86
3625020,44.6,34.86
3625722,45.6,34.85
3626424,44.6,34.84
3627126,44.6,34.83
3627828,45.6,34.82
3628530,45.6,34.81
3629232,45.6,34.80
3629934,45.6,34.79
3630636,45.6,34.79
3631338,45.6,34.77
3632040,45.6,34.77
3632742,45.6,34.75
3633444,45.6,34.75
3634146,45.6,34.74
3634848,44.6,34.73
3635550,44.6,34.72
3636252,45.6,34.71
3636954,45.6,34.70
3637656,45.6,34.69
3638358,45.6,34.68
3639060,44.6,34.67
3639762,45.6,34.67
3640464,45.6,34.65
3641166,45.6,34.65
3641868,45.6,34.64
3642570,45.6,34.63
3643272,45.6,34.62
3643974,45.6,34.61
3644676,45.6,34.60
3645378,45.6,34.59
3646080,44.6,34.58
3646782,44.6,34.57
3647484,45.6,34.56
3648186,44.6,34.55
3648888,45.6,34.54
3649590,45.6,34.53
3650292,44.6,34.53
3650994,44.6,34.52
3651696,44.6,34.51
3652398,44.6,34.51
3653100,44.6,34.50
3653802,44.6,34.49
3654504,44.6,34.48
3655206,44.6,34.47
3655908,43.6,34.46
3656610,44.6,34.45
3657312,44.6,34.45
3658014,44.6,34.44
3658716,44.6,34.43
3659418,45.6,34.42
3660120,45.6,34.41
3660822,45.6,34.40
3661524,44.6,34.39
3662226,45.6,34.38
3662928,45.6,34.38
3663630,44.6,34.36
3664332,44.6,34.36
3665034,45.6,34.35
3665736,45.6,34.34
3666438,44.6,34.33
3667140,44.6,34.32
3667842,45.6,34.31
3668544,45.6,34.31
3669246,45.6,34.30
3669948,44.6,34.29
3670650,44.6,34.28
3671352,44.6,34.27
3672054,44.6,34.26
3672756,44.6,34.26
3673458,44.6,34.25
3674160,44.6,34.24
3674862,44.6,34.23
3675564,45.6,34.23
3676266,45.6,34.22
3676968,45.6,34.21
3677670,45.6,34.20
3678372,44.6,34.19
3679074,45.6,34.18
3679776,45.6,34.18
3680478,44.6,34.17
3681180,44.6,34.16
3681882,44.6,34.15
3682584,45.6,34.14
3683286,44.6,34.13
3683988,44.6,34.12
3684690,44.6,34.12
3685392,44.6,34.10
3686094,44.6,34.09
3686796,44.6,34.09
3687498,44.6,34.08
3688200,44.6,34.07
3688902,43.6,34.06
3689604,43.6,34.06
3690306,44.6,34.05
3691008,44.6,34.04
3691710,44.6,34.03
3692412,44.6,34.02
3693114,44.6,34.01
3693816,44.6,34.01
3694518,45.6,34.00
3695220,45.6,33.99
3695922,44.6,33.98
3696624,44.6,33.97
3697326,44.6,33.97
3698028,44.6,33.96
3698730,44.6,33.95
3699432,44.6,33.94
3700134,44.6,33.93
3700836,44.6,33.93
3701538,44.6,33.92
3702240,44.6,33.91
3702942,44.6,33.90
3703644,44.6,33.90
3704346,44.6,33.89
3705048,44.6,33.88
3705750,44.6,33.87
3706452,44.6,33.87
3707154,44.6,33.86
3707856,44.6,33.85
3708558,44.6,33.84
3709260,44.6,33.83
3709962,44.6,33.82
3710664,44.6,33.82
3711366,44.6,33.81
3712068,44.6,33.80
3712770,44.6,33.79
3713472,44.6,33.79
3714174,44.6,33.78
3714876,44.6,33.77
3715578,44.6,33.77
3716280,44.6,33.75
3716982,44.6,33.75
3717684,44.6,33.74
3718386,44.6,33.73
3719088,43.6,33.71
3719790,43.6,33.71
3720492,43.6,33.70
3721194,43.6,33.70
3721896,44.6,33.69
3722598,44.6,33.68
3723300,44.6,33.67
3724002,44.6,33.66
3724704,44.6,33.65
3725406,44.6,33.65
3726108,44.6,33.64
3726810,44.6,33.64
3727512,44.6,33.63
3728214,43.6,33.62
3728916,43.6,33.61
3729618,43.6,33.60
3730320,43.6,33.60
3731022,43.6,33.59
3731724,43.6,33.58
3732426,43.6,33.57
3733128,44.6,33.57
3733830,44.6,33.56
3734532,43.6,33.56
3735234,43.6,33.54
3735936,44.6,33.54
3736638,44.6,33.53
3737340,43.6,33.52
3738042,43.6,33.52
3738744,43.6,33.51
3739446,43.6,33.50
3740148,44.6,33.49
3740850,43.6,33.48
3741552,44.6,33.48
3742254,44.6,33.47
3742956,43.6,33.47
3743658,43.6,33.46
3744360,44.6,33.45
3745062,43.6,33.44
3745764,43.6,33.43
3746466,43.6,33.43
3747168,43.6,33.42
3747870,43.6,33.41
3748572,44.6,33.40
3749274,43.6,33.40
3749976,43.6,33.38
3750678,43.6,33.38
3751380,42.6,33.37
3752082,43.6,33.36
3752784,43.6,33.35
3753486,43.6,33.34
3754188,42.6,33.34
3754890,43.6,33.33
3755592,43.6,33.32
3756294,43.6,33.32
3756996,43.6,33.31
3757698,43.6,33.29
3758400,43.6,33.29
3759102,43.6,33.28
3759804,43.6,33.27
3760506,43.6,33.27
3761208,43.6,33.26
3761910,43.6,33.25
3762612,43.6,33.25
3763314,42.6,33.24
3764016,42.6,33.23
3764718,42.6,33.22
3765420,42.6,33.22
3766122,43.6,33.21
3766824,42.6,33.21
3767526,43.6,33.19
3768228,43.6,33.19
3768930,42.6,33.18
3769632,43.6,33.18
3770334,43.6,33.17
3771036,43.6,33.16
3771738,43.6,33.16
3772440,43.6,33.15
3773142,43.6,33.14
3773844,43.6,33.12
3774546,43.6,33.12
3775248,43.6,33.11
3775950,43.6,33.11
3776652,43.6,33.10
3777354,43.6,33.10
3778056,43.6,33.09
3778758,43.6,33.08
3779460,42.6,33.07
3780162,42.6,33.07
3780864,42.6,33.06
3781566,43.6,33.04
3782268,43.6,33.05
3782970,42.6,33.04
3783672,43.6,33.03
3784374,43.6,33.02
3785076,43.6,33.01
3785778,43.6,33.01
3786480,43.6,33.00
3787182,43.6,32.99
3787884,43.6,32.98
3788586,43.6,32.98
3789288,42.6,32.97
3789990,42.6,32.97
3790692,43.6,32.96
3791394,43.6,32.95
3792096,43.6,32.95
3792798,42.6,32.94
3793500,43.6,32.94
3794202,43.6,32.93
3794904,43.6,32.92
3795606,43.6,32.91
3796308,43.6,32.91
3797010,43.6,32.90
3797712,43.6,32.89
3798414,43.6,32.89
3799116,43.6,32.88
3799818,43.6,32.88
3800520,43.6,32.87
3801222,43.6,32.86
3801924,43.6,32.85
3802626,42.6,32.85
3803328,42.6,32.84
3804030,42.6,32.83
3804732,43.6,32.82
3805434,43.6,32.82
3806136,42.6,32.81
3806838,42.6,32.80
3807540,42.6,32.80
3808242,41.6,32.79
3808944,42.6,32.78
3809646,42.6,32.77
3810348,42.6,32.77
3811050,43.6,32.76
3811752,43.6,32.75
3812454,42.6,32.75
3813156,43.6,32.74
3813858,43.6,32.73
3814560,43.6,32.72
3815262,43.6,32.72
3815964,43.6,32.71
3816666,43.6,32.70
3817368,43.6,32.70
3818070,43.6,32.69
3818772,43.6,32.69
3819474,42.6,32.68
3820176,42.6,32.67
3820878,43.6,32.67
3821580,43.6,32.66
3822282,43.6,32.65
3822984,43.6,32.65
3823686,43.6,32.64
3824388,43.6,32.63
3825090,42.6,32.63
3825792,43.6,32.62
3826494,42.6,32.62
3827196,42.6,32.61
3827898,42.6,32.60
3828600,42.6,32.60
3829302,42.6,32.59
3830004,42.6,32.59
3830706,43.6,32.58
3831408,43.6,32.58
3832110,42.6,32.57
3832812,43.6,32.56
3833514,43.6,32.56
3834216,43.6,32.55
3834918,42.6,32.54
3835620,43.6,32.53
3836322,43.6,32.53
3837024,42.6,32.52
3837726,42.6,32.51
3838428,43.6,32.51
3839130,42.6,32.50
3839832,42.6,32.49
3840534,42.6,32.49
3841236,43.6,32.48
3841938,42.6,32.47
3842640,43.6,32.47
3843342,42.6,32.46
3844044,43.6,32.46
3844746,42.6,32.45
3845448,42.6,32.44
3846150,41.6,32.43
3846852,41.6,32.42
3847554,41.6,32.42
3848256,42.6,32.41
3848958,42.6,32.41
3849660,42.6,32.40
3850362,42.6,32.39
3851064,42.6,32.39
3851766,42.6,32.38
3852468,43.6,32.38
3853170,42.6,32.37
3853872,42.6,32.37
3854574,41.6,32.36
3855276,42.6,32.35
3855978,42.6,32.35
3856680,42.6,32.34
3857382,42.6,32.33
3858084,42.6,32.33
3858786,42.6,32.33
3859488,42.6,32.32
3860190,42.6,32.31
3860892,42.6,32.31
3861594,42.6,32.31
3862296,42.6,32.30
3862998,42.6,32.29
3863700,42.6,32.28
3864402,42.6,32.28
3865104,42.6,32.27
3865806,42.6,32.27
3866508,42.6,32.26
3867210,42.6,32.25
3867912,41.6,32.25
3868614,42.6,32.24
3869316,42.6,32.24
3870018,41.6,32.23
3870720,41.6,32.23
3871422,42.6,32.22
3872124,42.6,32.21
3872826,42.6,32.21
3873528,42.6,32.20
3874230,42.6,32.20
3874932,42.6,32.19
3875634,41.6,32.19
3876336,41.6,32.18
3877038,42.6,32.17
3877740,41.6,32.17
3878442,41.6,32.16
3879144,41.6,32.15
3879846,41.6,32.15
3880548,42.6,32.13
3881250,41.6,32.13
3881952,42.6,32.13
3882654,42.6,32.13
3883356,42.6,32.12
3884058,41.6,32.11
3884760,41.6,32.10
3885462,42.6,32.10
3886164,41.6,32.10
3886866,41.6,32.08
3887568,41.6,32.08
3888270,41.6,32.07
3888972,42.6,32.06
3889674,42.6,32.06
3890376,42.6,32.05
3891078,42.6,32.05
3891780,42.6,32.05
3892482,42.6,32.03
3893184,42.6,32.03
3893886,42.6,32.03
3894588,42.6,32.01
3895290,41.6,32.00
3895992,41.6,32.00
3896694,42.6,32.00
3897396,42.6,31.98
3898098,41.6,31.98
3898800,42.6,31.97
3899502,41.6,31.97
3900204,41.6,31.96
3900906,41.6,31.95
3901608,42.6,31.95
3902310,41.6,31.95
3903012,41.6,31.94
3903714,41.6,31.94
3904416,42.6,31.93
3905118,41.6,31.92
3905820,41.6,31.91
3906522,42.6,31.91
3907224,41.6,31.90
3907926,42.6,31.90
3908628,41.6,31.89
3909330,41.6,31.89
3910032,41.6,31.88
3910734,41.6,31.87
3911436,41.6,31.87
3912138,42.6,31.86
3912840,42.6,31.86
3913542,41.6,31.85
3914244,41.6,31.84
3914946,41.6,31.84
3915648,42.6,31.83
3916350,41.6,31.83
3917052,42.6,31.82
3917754,41.6,31.82
3918456,41.6,31.81
3919158,41.6,31.80
3919860,41.6,31.80
3920562,41.6,31.79
3921264,41.6,31.78
3921966,42.6,31.77
3922668,42.6,31.76
3923370,41.6,31.76
3924072,41.6,31.76
3924774,41.6,31.76
3925476,41.6,31.75
3926178,41.6,31.74
3926880,41.6,31.73
3927582,41.6,31.73
3928284,41.6,31.73
3928986,41.6,31.72
3929688,42.6,31.71
3930390,42.6,31.71
3931092,41.6,31.70
3931794,40.6,31.69
3932496,41.6,31.68
3933198,41.6,31.68
3933900,41.6,31.68
3934602,41.6,31.68
3935304,41.6,31.67
3936006,41.6,31.67
3936708,41.6,31.66
3937410,41.6,31.65
3938112,41.6,31.65
3938814,41.6,31.64
3939516,41.6,31.63
3940218,41.6,31.64
3940920,41.6,31.62
3941622,41.6,31.62
3942324,41.6,31.61
3943026,41.6,31.60
3943728,41.6,31.60
3944430,42.6,31.59
3945132,41.6,31.58
3945834,41.6,31.59
3946536,41.6,31.58
3947238,41.6,31.57
3947940,41.6,31.57
3948642,41.6,31.56
3949344,41.6,31.55
3950046,42.6,31.54
3950748,42.6,31.54
3951450,42.6,31.53
3952152,41.6,31.52
3952854,41.6,31.52
3953556,41.6,31.52
3954258,41.6,31.51
3954960,41.6,31.51
3955662,41.6,31.50
3956364,41.6,31.50
3957066,41.6,31.49
3957768,41.6,31.49
3958470,41.6,31.48
3959172,41.6,31.48
3959874,41.6,31.47
3960576,41.6,31.46
3961278,41.6,31.45
3961980,41.6,31.45
3962682,41.6,31.44
3963384,41.6,31.44
3964086,41.6,31.43
3964788,41.6,31.42
3965490,41.6,31.41
3966192,41.6,31.41
3966894,41.6,31.40
3967596,41.6,31.40
3968298,41.6,31.39
3969000,41.6,31.39
3969702,41.6,31.38
3970404,41.6,31.38
3971106,41.6,31.37
3971808,41.6,31.37
3972510,41.6,31.36
3973212,41.6,31.35
3973914,41.6,31.35
3974616,41.6,31.34
3975318,41.6,31.34
3976020,41.6,31.33
3976722,41.6,31.33
3977424,41.6,31.32
3978126,41.6,31.32
3978828,41.6,31.31
3979530,41.6,31.30
3980232,41.6,31.29
3980934,41.6,31.29
3981636,41.6,31.28
3982338,41.6,31.28
3983040,41.6,31.27
3983742,41.6,31.26
3984444,40.6,31.26
3985146,40.6,31.25
3985848,40.6,31.25
3986550,40.6,31.24
3987252,41.6,31.23
3987954,41.6,31.23
3988656,40.6,31.22
3989358,40.6,31.22
3990060,41.6,31.22
3990762,41.6,31.21
3991464,41.6,31.20
3992166,41.6,31.20
3992868,41.6,31.19
3993570,41.6,31.18
3994272,41.6,31.18
3994974,41.6,31.17
3995676,40.6,31.17
3996378,40.6,31.16
3997080,41.6,31.16
3997782,40.6,31.15
3998484,41.6,31.14
3999186,41.6,31.14
3999888,41.6,31.13
4000590,41.6,31.13
4001292,41.6,31.12
4001994,40.6,31.11
4002696,40.6,31.10
4003398,41.6,31.10
4004100,41.6,31.10
4004802,41.6,31.09
4005504,41.6,31.09
4006206,40.6,31.08
4006908,41.6,31.08
4007610,41.6,31.06
4008312,40.6,31.07
4009014,40.6,31.06
4009716,40.6,31.05
4010418,41.6,31.05
4011120,41.6,31.04
4011822,41.6,31.04
4012524,40.6,31.03
4013226,41.6,31.02
4013928,41.6,31.02
4014630,41.6,31.02
4015332,41.6,31.01
4016034,41.6,31.00
4016736,41.6,30.99
4017438,41.6,30.99
4018140,40.6,30.99
4018842,41.6,30.98
4019544,40.6,30.97
4020246,40.6,30.97
4020948,40.6,30.96
4021650,40.6,30.96
4022352,41.6,30.95
4023054,41.6,30.95
4023756,41.6,30.94
4024458,41.6,30.94
4025160,41.6,30.93
4025862,41.6,30.92
4026564,41.6,30.92
4027266,41.6,30.91
4027968,41.6,30.91
4028670,41.6,30.90
4029372,41.6,30.90
4030074,41.6,30.90
4030776,40.6,30.89
4031478,40.6,30.89
4032180,40.6,30.88
4032882,41.6,30.87
4033584,40.6,30.87
4034286,41.6,30.86
4034988,41.6,30.86
4035690,41.6,30.85
4036392,41.6,30.85
4037094,41.6,30.84
4037796,41.6,30.83
4038498,41.6,30.83
4039200,41.6,30.81
4039902,41.6,30.81
4040604,41.6,30.80
4041306,41.6,30.80
4042008,40.6,30.79
4042710,39.6,30.79
4043412,40.6,30.78
4044114,40.6,30.78
4044816,40.6,30.77
4045518,40.6,30.76
4046220,41.6,30.76
4046922,41.6,30.75
4047624,41.6,30.75
4048326,41.6,30.74
4049028,41.6,30.74
4049730,41.6,30.73
4050432,41.6,30.73
4051134,40.6,30.72
4051836,40.6,30.71
4052538,40.6,30.70
4053240,41.6,30.70
4053942,40.6,30.69
4054644,41.6,30.69
4055346,41.6,30.68
4056048,41.6,30.68
4056750,41.6,30.67
4057452,41.6,30.67
4058154,41.6,30.66
4058856,41.6,30.65
4059558,41.6,30.65
4060260,40.6,30.64
4060962,40.6,30.64
4061664,39.6,30.64
4062366,39.6,30.63
4063068,40.6,30.63
4063770,40.6,30.62
4064472,40.6,30.61
4065174,40.6,30.60
4065876,40.6,30.60
4066578,41.6,30.59
4067280,40.6,30.59
4067982,40.6,30.58
4068684,40.6,30.58
4069386,40.6,30.57
4070088,39.6,30.56
4070790,40.6,30.56
4071492,40.6,30.55
4072194,41.6,30.55
4072896,41.6,30.54
4073598,41.6,30.54
4074300,41.6,30.53
4075002,41.6,30.52
4075704,41.6,30.52
4076406,41.6,30.51
4077108,41.6,30.50
4077810,40.6,30.50
4078512,40.6,30.49
4079214,40.6,30.49
4079916,40.6,30.48
4080618,41.6,30.48
4081320,41.6,30.47
4082022,40.6,30.46
4082724,40.6,30.46
4083426,40.6,30.46
4084128,40.6,30.45
4084830,40.6,30.45
4085532,40.6,30.44
4086234,40.6,30.44
4086936,41.6,30.44
4087638,40.6,30.43
4088340,40.6,30.42
4089042,40.6,30.41
4089744,40.6,30.41
4090446,39.6,30.41
4091148,40.6,30.40
4091850,40.6,30.39
4092552,39.6,30.39
4093254,39.6,30.38
4093956,39.6,30.38
4094658,40.6,30.37
4095360,40.6,30.36
4096062,40.6,30.35
4096764,39.6,30.35
4097466,39.6,30.35
4098168,40.6,30.34
4098870,40.6,30.34
4099572,41.6,30.33
4100274,40.6,30.32
4100976,40.6,30.32
4101678,41.6,30.31
4102380,40.6,30.31
4103082,40.6,30.30
4103784,40.6,30.29
4104486,40.6,30.29
4105188,40.6,30.29
4105890,41.6,30.28
4106592,41.6,30.28
4107294,40.6,30.27
4107996,40.6,30.27
4108698,39.6,30.26
4109400,39.6,30.26
4110102,40.6,30.25
4110804,40.6,30.25
4111506,40.6,30.24
4112208,40.6,30.24
4112910,40.6,30.23
4113612,40.6,30.22
4114314,40.6,30.22
4115016,40.6,30.22
4115718,40.6,30.21
4116420,40.6,30.20
4117122,40.6,30.20
4117824,40.6,30.19
4118526,40.6,30.18
4119228,40.6,30.17
4119930,40.6,30.17
4120632,39.6,30.16
4121334,39.6,30.16
4122036,39.6,30.16
4122738,39.6,30.15
4123440,39.6,30.15
4124142,39.6,30.14
4124844,39.6,30.13
4125546,39.6,30.13
4126248,39.6,30.13
4126950,39.6,30.12
4127652,40.6,30.11
4128354,40.6,30.11
4129056,39.6,30.11
4129758,40.6,30.10
4130460,40.6,30.10
4131162,40.6,30.09
4131864,39.6,30.08
4132566,40.6,30.07
4133268,40.6,30.08
4133970,40.6,30.07
4134672,40.6,30.07
4135374,39.6,30.06
4136076,38.6,30.06
4136778,39.6,30.05
4137480,39.6,30.04
4138182,39.6,30.04
4138884,39.6,30.03
4139586,39.6,30.03
4140288,40.6,30.03
4140990,39.6,30.02
4141692,39.6,30.01
4142394,39.6,30.01
4143096,39.6,30.00
4143798,39.6,30.01
4144500,40.6,30.00
4145202,39.6,29.99
4145904,39.6,29.99
4146606,39.6,29.98
4147308,39.6,29.98
4148010,39.6,29.98
4148712,39.6,29.97
4149414,39.6,29.96
4150116,39.6,29.96
4150818,39.6,29.95
4151520,39.6,29.95
4152222,39.6,29.94
4152924,40.6,29.94
4153626,40.6,29.93
4154328,40.6,29.93
4155030,39.6,29.92
4155732,39.6,29.91
4156434,39.6,29.91
4157136,39.6,29.90
4157838,39.6,29.90
4158540,39.6,29.89
4159242,39.6,29.89
4159944,39.6,29.88
4160646,39.6,29.88
4161348,40.6,29.87
4162050,40.6,29.87
4162752,40.6,29.86
4163454,40.6,29.85
4164156,40.6,29.85
4164858,40.6,29.84
4165560,40.6,29.84
4166262,39.6,29.83
4166964,39.6,29.83
4167666,39.6,29.83
4168368,39.6,29.82
4169070,40.6,29.81
4169772,39.6,29.81
4170474,39.6,29.80
4171176,40.6,29.80
4171878,40.6,29.80
4172580,39.6,29.79
4173282,40.6,29.78
4173984,40.6,29.78
4174686,40.6,29.78
4175388,39.6,29.78
4176090,40.6,29.77
4176792,40.6,29.76
4177494,39.6,29.76
4178196,39.6,29.75
4178898,40.6,29.75
4179600,40.6,29.74
4180302,39.6,29.73
4181004,40.6,29.73
4181706,39.6,29.73
4182408,38.6,29.72
4183110,39.6,29.71
4183812,39.6,29.71
4184514,39.6,29.71
4185216,39.6,29.70
4185918,39.6,29.70
4186620,40.6,29.69
4187322,40.6,29.69
4188024,40.6,29.69
4188726,39.6,29.68
4189428,40.6,29.67
4190130,39.6,29.67
4190832,39.6,29.66
4191534,39.6,29.66
4192236,40.6,29.65
4192938,39.6,29.65
4193640,40.6,29.65
4194342,39.6,29.64
4195044,39.6,29.64
4195746,38.6,29.63
4196448,38.6,29.63
4197150,38.6,29.62
4197852,39.6,29.61
4198554,38.6,29.61
4199256,38.6,29.61
4199958,39.6,29.60
4200660,39.6,29.60
4201362,39.6,29.60
4202064,39.6,29.59
4202766,39.6,29.59
4203468,39.6,29.58
4204170,39.6,29.58
4204872,40.6,29.57
4205574,39.6,29.56
4206276,39.6,29.57
4206978,40.6,29.56
4207680,40.6,29.55
4208382,39.6,29.54
4209084,39.6,29.54
4209786,39.6,29.53
4210488,39.6,29.53
4211190,39.6,29.52
4211892,39.6,29.52
4212594,39.6,29.51
4213296,39.6,29.51
4213998,39.6,29.51
4214700,39.6,29.50
4215402,40.6,29.49
4216104,40.6,29.49
4216806,40.6,29.48
4217508,39.6,29.48
4218210,39.6,29.47
4218912,39.6,29.47
4219614,38.6,29.47
4220316,39.6,29.46
4221018,39.6,29.46
4221720,39.6,29.45
4222422,39.6,29.44
4223124,39.6,29.44
4223826,39.6,29.44
4224528,39.6,29.43
4225230,39.6,29.42
4225932,39.6,29.42
4226634,39.6,29.42
4227336,39.6,29.41
4228038,39.6,29.40
4228740,39.6,29.40
4229442,39.6,29.40
4230144,39.6,29.39
4230846,40.6,29.38
4231548,39.6,29.38
4232250,39.6,29.37
4232952,39.6,29.37
4233654,40.6,29.37
4234356,40.6,29.36
4235058,40.6,29.36
4235760,40.6,29.35
4236462,40.6,29.35
4237164,40.6,29.34
4237866,39.6,29.34
4238568,39.6,29.33
4239270,39.6,29.33
4239972,38.6,29.32
4240674,38.6,29.32
4241376,38.6,29.32
4242078,38.6,29.31
4242780,39.6,29.31
4243482,39.6,29.30
4244184,38.6,29.30
4244886,39.6,29.30
4245588,38.6,29.29
4246290,38.6,29.29
4246992,39.6,29.28
4247694,39.6,29.27
4248396,39.6,29.28
4249098,39.6,29.27
4249800,39.6,29.26
4250502,39.6,29.26
4251204,38.6,29.26
4251906,38.6,29.25
4252608,38.6,29.25
4253310,39.6,29.24
4254012,39.6,29.24
4254714,39.6,29.23
4255416,39.6,29.23
4256118,39.6,29.23
4256820,39.6,29.22
4257522,39.6,29.21
4258224,38.6,29.21
4258926,38.6,29.20
4259628,38.6,29.19
4260330,38.6,29.19
4261032,38.6,29.19
4261734,39.6,29.18
4262436,38.6,29.18
4263138,38.6,29.17
4263840,38.6,29.17
4264542,38.6,29.16
4265244,38.6,29.16
4265946,38.6,29.16
4266648,39.6,29.15
4267350,38.6,29.15
4268052,38.6,29.15
4268754,38.6,29.14
4269456,38.6,29.13
4270158,38.6,29.13
4270860,39.6,29.13
4271562,39.6,29.12
4272264,39.6,29.12
4272966,39.6,29.12
4273668,39.6,29.11
4274370,38.6,29.11
4275072,38.6,29.10
4275774,38.6,29.10
4276476,38.6,29.10
4277178,38.6,29.09
4277880,38.6,29.09
4278582,38.6,29.08
4279284,38.6,29.08
4279986,39.6,29.07
4280688,38.6,29.07
4281390,38.6,29.07
4282092,38.6,29.06
4282794,38.6,29.06
4283496,38.6,29.05
4284198,38.6,29.05
4284900,38.6,29.04
4285602,38.6,29.04
4286304,38.6,29.03
4287006,38.6,29.03
4287708,39.6,29.03
4288410,38.6,29.02
4289112,39.6,29.02
4289814,38.6,29.02
4290516,39.6,29.01
4291218,39.6,29.01
4291920,38.6,29.00
4292622,38.6,29.00
4293324,38.6,28.99
4294026,38.6,28.99
4294728,38.6,28.98
4295430,38.6,28.98
4296132,39.6,28.98
4296834,39.6,28.97
4297536,38.6,28.97
4298238,38.6,28.97
4298940,38.6,28.96
4299642,38.6,28.96
4300344,39.6,28.95
4301046,38.6,28.95
4301748,38.6,28.95
4302450,38.6,28.93
4303152,38.6,28.93
4303854,38.6,28.93
4304556,38.6,28.92
4305258,38.6,28.92
4305960,38.6,28.91
4306662,38.6,28.91
4307364,39.6,28.90
4308066,38.6,28.90
4308768,39.6,28.90
4309470,38.6,28.89
4310172,38.6,28.88
4310874,38.6,28.88
4311576,38.6,28.87
4312278,38.6,28.87
4312980,38.6,28.87
4313682,38.6,28.86
4314384,38.6,28.86
4315086,38.6,28.85
4315788,39.6,28.85
4316490,39.6,28.85
4317192,38.6,28.84
4317894,38.6,28.84
4318596,38.6,28.83
4319298,38.6,28.83
4320000,38.6,28.83
4320702,38.6,28.82
4321404,38.6,28.82
4322106,38.6,28.82
4322808,38.6,28.81
4323510,39.6,28.81
4324212,38.6,28.80
4324914,38.6,28.80
4325616,38.6,28.80
4326318,38.6,28.80
4327020,38.6,28.79
4327722,38.6,28.78
4328424,38.6,28.78
4329126,38.6,28.78
4329828,38.6,28.77
4330530,38.6,28.77
4331232,38.6,28.77
4331934,38.6,28.77
4332636,39.6,28.76
4333338,39.6,28.76
4334040,39.6,28.76
4334742,39.6,28.75
4335444,38.6,28.74
4336146,38.6,28.74
4336848,38.6,28.74
4337550,38.6,28.73
4338252,38.6,28.74
4338954,38.6,28.73
4339656,38.6,28.72
4340358,38.6,28.72
4341060,38.6,28.72
4341762,38.6,28.71
4342464,38.6,28.71
4343166,38.6,28.71
4343868,38.6,28.70
4344570,38.6,28.70
4345272,38.6,28.69
4345974,38.6,28.69
4346676,37.6,28.68
4347378,37.6,28.68
4348080,37.6,28.67
4348782,38.6,28.67
4349484,38.6,28.67
4350186,37.6,28.66
4350888,38.6,28.66
4351590,37.6,28.66
4352292,38.6,28.66
4352994,38.6,28.65
4353696,38.6,28.64
4354398,38.6,28.64
4355100,38.6,28.64
4355802,38.6,28.63
4356504,38.6,28.62
4357206,38.6,28.62
4357908,37.6,28.62
4358610,38.6,28.61
4359312,38.6,28.61
4360014,38.6,28.61
4360716,37.6,28.60
4361418,38.6,28.60
4362120,38.6,28.60
4362822,38.6,28.59
4363524,37.6,28.59
4364226,38.6,28.58
4364928,38.6,28.58
4365630,38.6,28.58
4366332,38.6,28.57
4367034,38.6,28.56
4367736,38.6,28.56
4368438,38.6,28.56
4369140,38.6,28.55
4369842,38.6,28.55
4370544,38.6,28.55
4371246,38.6,28.54
4371948,38.6,28.54
4372650,38.6,28.53
4373352,38.6,28.53
4374054,38.6,28.53
4374756,38.6,28.52
4375458,38.6,28.51
4376160,38.6,28.51
4376862,38.6,28.51
4377564,38.6,28.51
4378266,38.6,28.50
4378968,38.6,28.50
4379670,38.6,28.50
4380372,38.6,28.49
4381074,38.6,28.49
4381776,38.6,28.48
4382478,38.6,28.48
4383180,38.6,28.48
4383882,38.6,28.47
4384584,38.6,28.47
4385286,38.6,28.46
4385988,38.6,28.46
4386690,38.6,28.46
4387392,38.6,28.46
4388094,38.6,28.45
4388796,38.6,28.45
4389498,38.6,28.45
4390200,38.6,28.44
4390902,38.6,28.44
4391604,38.6,28.44
4392306,38.6,28.43
4393008,38.6,28.43
4393710,38.6,28.43
4394412,39.6,28.42
4395114,39.6,28.42
4395816,39.6,28.42
4396518,39.6,28.41
4397220,39.6,28.41
4397922,39.6,28.40
4398624,38.6,28.40
4399326,38.6,28.40
4400028,38.6,28.39
4400730,38.6,28.38
4401432,38.6,28.39
4402134,38.6,28.38
4402836,38.6,28.38
4403538,38.6,28.38
4404240,38.6,28.37
4404942,38.6,28.37
4405644,37.6,28.37
4406346,38.6,28.37
4407048,38.6,28.36
4407750,38.6,28.35
4408452,38.6,28.35
4409154,38.6,28.35
4409856,38.6,28.35
4410558,37.6,28.34
4411260,38.6,28.34
4411962,37.6,28.34
4412664,38.6,28.33
4413366,38.6,28.33
4414068,38.6,28.33
4414770,38.6,28.32
4415472,38.6,28.32
4416174,38.6,28.32
4416876,38.6,28.31
4417578,38.6,28.31
4418280,38.6,28.31
4418982,38.6,28.30
4419684,38.6,28.30
4420386,38.6,28.29
4421088,38.6,28.29
4421790,38.6,28.28
4422492,38.6,28.28
4423194,38.6,28.28
4423896,38.6,28.28
4424598,38.6,28.27
4425300,38.6,28.27
4426002,38.6,28.27
4426704,38.6,28.26
4427406,38.6,28.26
4428108,38.6,28.25
4428810,38.6,28.25
4429512,38.6,28.24
4430214,38.6,28.24
4430916,38.6,28.24
4431618,38.6,28.24
4432320,38.6,28.23
4433022,38.6,28.22
4433724,38.6,28.22
4434426,38.6,28.22
4435128,38.6,28.22
4435830,38.6,28.21
4436532,38.6,28.21
4437234,37.6,28.20
4437936,37.6,28.20
4438638,37.6,28.20
4439340,37.6,28.19
4440042,37.6,28.19
4440744,38.6,28.19
4441446,37.6,28.19
4442148,37.6,28.18
4442850,38.6,28.18
4443552,38.6,28.18
4444254,38.6,28.18
4444956,38.6,28.17
4445658,38.6,28.16
4446360,38.6,28.17
4447062,38.6,28.16
4447764,37.6,28.16
4448466,38.6,28.16
4449168,38.6,28.15
4449870,38.6,28.15
4450572,38.6,28.14
4451274,38.6,28.13
4451976,38.6,28.13
4452678,37.6,28.12
4453380,37.6,28.12
4454082,37.6,28.12
4454784,37.6,28.12
4455486,38.6,28.11
4456188,38.6,28.11
4456890,38.6,28.11
4457592,38.6,28.11
4458294,38.6,28.10
4458996,38.6,28.09
4459698,38.6,28.09
4460400,38.6,28.08
4461102,37.6,28.08
4461804,38.6,28.08
4462506,37.6,28.07
4463208,37.6,28.07
4463910,37.6,28.06
4464612,37.6,28.06
4465314,38.6,28.06
4466016,37.6,28.05
4466718,38.6,28.05
4467420,38.6,28.05
4468122,38.6,28.05
4468824,38.6,28.04
4469526,37.6,28.05
4470228,37.6,28.04
4470930,38.6,28.04
4471632,37.6,28.04
4472334,37.6,28.03
4473036,37.6,28.03
4473738,37.6,28.02
4474440,38.6,28.02
4475142,38.6,28.02
4475844,38.6,28.01
4476546,38.6,28.01
4477248,38.6,28.01
4477950,38.6,28.00
4478652,38.6,28.00
4479354,37.6,28.00
4480056,38.6,27.99
4480758,38.6,27.99
4481460,38.6,27.99
4482162,37.6,27.99
4482864,38.6,27.98
4483566,37.6,27.98
4484268,38.6,27.97
4484970,38.6,27.97
4485672,38.6,27.97
4486374,38.6,27.96
4487076,38.6,27.96
4487778,38.6,27.96
4488480,38.6,27.96
4489182,38.6,27.95
4489884,38.6,27.95
4490586,38.6,27.95
4491288,37.6,27.94
4491990,38.6,27.94
4492692,38.6,27.93
4493394,38.6,27.93
4494096,38.6,27.92
4494798,38.6,27.92
4495500,37.6,27.92
4496202,37.6,27.92
4496904,38.6,27.91
4497606,38.6,27.91
4498308,38.6,27.91
4499010,38.6,27.91
4499712,38.6,27.90
4500414,38.6,27.90
4501116,37.6,27.89
4501818,38.6,27.89
4502520,38.6,27.89
4503222,37.6,27.89
4503924,38.6,27.88
4504626,38.6,27.88
4505328,37.6,27.88
4506030,37.6,27.87
4506732,38.6,27.87
4507434,38.6,27.87
4508136,38.6,27.86
4508838,38.6,27.86
4509540,38.6,27.86
4510242,38.6,27.86
4510944,38.6,27.86
4511646,38.6,27.85
4512348,37.6,27.85
4513050,37.6,27.84
4513752,37.6,27.84
4514454,37.6,27.84
4515156,37.6,27.84
4515858,37.6,27.83
4516560,37.6,27.83
4517262,38.6,27.83
4517964,38.6,27.82
4518666,37.6,27.82
4519368,37.6,27.82
4520070,37.6,27.81
4520772,37.6,27.81
4521474,37.6,27.81
4522176,38.6,27.81
4522878,38.6,27.80
4523580,38.6,27.80
4524282,38.6,27.79
4524984,38.6,27.78
4525686,38.6,27.79
4526388,38.6,27.79
4527090,38.6,27.78
4527792,37.6,27.78
4528494,37.6,27.78
4529196,37.6,27.77
4529898,38.6,27.77
4530600,37.6,27.77
4531302,36.6,27.76
4532004,37.6,27.76
4532706,37.6,27.76
4533408,37.6,27.76
4534110,36.6,27.75
4534812,37.6,27.75
4535514,38.6,27.75
4536216,38.6,27.75
4536918,37.6,27.75
4537620,37.6,27.74
4538322,38.6,27.74
4539024,38.6,27.73
4539726,38.6,27.73
4540428,38.6,27.73
4541130,37.6,27.72
4541832,36.6,27.72
4542534,37.6,27.72
4543236,36.6,27.72
4543938,37.6,27.72
4544640,37.6,27.71
4545342,37.6,27.71
4546044,37.6,27.71
4546746,38.6,27.71
4547448,37.6,27.70
4548150,37.6,27.70
4548852,37.6,27.69
4549554,38.6,27.69
4550256,38.6,27.69
4550958,38.6,27.69
4551660,38.6,27.68
4552362,37.6,27.68
4553064,37.6,27.68
4553766,36.6,27.67
4554468,37.6,27.67
4555170,36.6,27.67
4555872,37.6,27.66
4556574,36.6,27.66
4557276,37.6,27.66
4557978,36.6,27.65
4558680,36.6,27.65
4559382,37.6,27.65
4560084,37.6,27.64
4560786,37.6,27.64
4561488,37.6,27.64
4562190,37.6,27.64
4562892,37.6,27.64
4563594,37.6,27.63
4564296,37.6,27.63
4564998,37.6,27.63
4565700,38.6,27.62
4566402,38.6,27.62
4567104,37.6,27.61
4567806,38.6,27.61
4568508,38.6,27.61
4569210,37.6,27.61
4569912,38.6,27.60
4570614,38.6,27.60
4571316,37.6,27.59
4572018,37.6,27.59
4572720,37.6,27.59
4573422,36.6,27.58
4574124,36.6,27.58
4574826,36.6,27.58
4575528,36.6,27.58
4576230,36.6,27.58
4576932,36.6,27.58
4577634,36.6,27.57
4578336,37.6,27.57
4579038,37.6,27.56
4579740,37.6,27.57
4580442,37.6,27.56
4581144,37.6,27.56
4581846,38.6,27.55
4582548,37.6,27.55
4583250,37.6,27.55
4583952,37.6,27.55
4584654,37.6,27.55
4585356,38.6,27.55
4586058,38.6,27.54
4586760,38.6,27.54
4587462,38.6,27.53
4588164,38.6,27.53
4588866,38.6,27.53
4589568,37.6,27.52
4590270,37.6,27.52
4590972,38.6,27.52
4591674,38.6,27.51
4592376,37.6,27.51
4593078,37.6,27.51
4593780,37.6,27.51
4594482,37.6,27.51
4595184,37.6,27.50
4595886,37.6,27.50
4596588,37.6,27.50
4597290,37.6,27.50
4597992,37.6,27.49
4598694,36.6,27.49
4599396,36.6,27.49
4600098,36.6,27.48
4600800,37.6,27.48
4601502,36.6,27.48
4602204,37.6,27.48
4602906,37.6,27.48
4603608,37.6,27.47
4604310,37.6,27.47
4605012,38.6,27.47
4605714,38.6,27.46
4606416,38.6,27.46
4607118,37.6,27.46
4607820,37.6,27.46
4608522,38.6,27.46
4609224,37.6,27.45
4609926,37.6,27.45
4610628,37.6,27.45
4611330,38.6,27.44
4612032,38.6,27.44
4612734,38.6,27.44
4613436,37.6,27.44
4614138,37.6,27.43
4614840,36.6,27.43
4615542,37.6,27.43
4616244,37.6,27.43
4616946,37.6,27.43
4617648,36.6,27.42
4618350,37.6,27.42
4619052,37.6,27.41
4619754,37.6,27.41
4620456,37.6,27.41
4621158,37.6,27.41
4621860,37.6,27.41
4622562,37.6,27.40
4623264,37.6,27.40
4623966,38.6,27.40
4624668,37.6,27.40
4625370,36.6,27.39
4626072,36.6,27.39
4626774,37.6,27.39
4627476,36.6,27.39
4628178,36.6,27.39
4628880,37.6,27.38
4629582,36.6,27.38
4630284,37.6,27.38
4630986,37.6,27.37
4631688,37.6,27.37
4632390,37.6,27.37
4633092,37.6,27.36
4633794,37.6,27.37
4634496,37.6,27.36
4635198,37.6,27.36
4635900,37.6,27.36
4636602,37.6,27.36
4637304,36.6,27.35
4638006,36.6,27.35
4638708,36.6,27.35
4639410,36.6,27.34
4640112,36.6,27.34
4640814,36.6,27.34
4641516,36.6,27.34
4642218,36.6,27.34
4642920,37.6,27.33
4643622,37.6,27.33
4644324,37.6,27.33
4645026,37.6,27.32
4645728,36.6,27.32
4646430,35.6,27.32
4647132,36.6,27.32
4647834,37.6,27.31
4648536,37.6,27.31
4649238,36.6,27.31
4649940,37.6,27.31
4650642,37.6,27.30
4651344,36.6,27.30
4652046,36.6,27.30
4652748,36.6,27.29
4653450,36.6,27.30
4654152,36.6,27.29
4654854,36.6,27.28
4655556,36.6,27.28
4656258,36.6,27.28
4656960,36.6,27.28
4657662,36.6,27.27
4658364,36.6,27.27
4659066,36.6,27.27
4659768,37.6,27.27
4660470,37.6,27.26
4661172,37.6,27.25
4661874,36.6,27.26
4662576,36.6,27.25
4663278,37.6,27.25
4663980,36.6,27.25
4664682,36.6,27.25
4665384,37.6,27.24
4666086,37.6,27.24
4666788,36.6,27.24
4667490,37.6,27.24
4668192,37.6,27.23
4668894,37.6,27.23
4669596,37.6,27.23
4670298,37.6,27.23
4671000,37.6,27.22
4671702,36.6,27.22
4672404,36.6,27.22
4673106,37.6,27.22
4673808,37.6,27.22
4674510,37.6,27.21
4675212,37.6,27.21
4675914,37.6,27.21
4676616,37.6,27.21
4677318,37.6,27.20
4678020,37.6,27.20
4678722,37.6,27.20
4679424,37.6,27.20
4680126,36.6,27.20
4680828,37.6,27.19
4681530,37.6,27.19
4682232,37.6,27.19
4682934,36.6,27.19
4683636,37.6,27.19
4684338,37.6,27.18
4685040,37.6,27.18
4685742,36.6,27.18
4686444,36.6,27.17
4687146,37.6,27.17
4687848,37.6,27.17
4688550,37.6,27.17
4689252,37.6,27.17
4689954,37.6,27.16
4690656,37.6,27.16
4691358,36.6,27.16
4692060,36.6,27.16
4692762,36.6,27.15
4693464,37.6,27.15
4694166,37.6,27.15
4694868,37.6,27.15
4695570,37.6,27.14
4696272,37.6,27.14
4696974,37.6,27.14
4697676,37.6,27.14
4698378,37.6,27.14
4699080,37.6,27.13
4699782,37.6,27.13
4700484,37.6,27.13
4701186,37.6,27.13
4701888,37.6,27.12
4702590,37.6,27.12
4703292,37.6,27.12
4703994,37.6,27.12
4704696,36.6,27.11
4705398,36.6,27.12
4706100,36.6,27.11
4706802,37.6,27.11
4707504,36.6,27.11
4708206,37.6,27.10
4708908,37.6,27.10
4709610,36.6,27.10
4710312,36.6,27.10
4711014,36.6,27.10
4711716,37.6,27.09
4712418,36.6,27.09
4713120,37.6,27.09
4713822,36.6,27.09
4714524,37.6,27.09
4715226,37.6,27.08
4715928,37.6,27.08
4716630,36.6,27.08
4717332,37.6,27.07
4718034,37.6,27.07
4718736,37.6,27.07
4719438,38.6,27.07
4720140,37.6,27.07
4720842,36.6,27.06
4721544,36.6,27.06
4722246,37.6,27.06
4722948,37.6,27.06
4723650,37.6,27.06
4724352,37.6,27.05
4725054,37.6,27.05
4725756,37.6,27.05
4726458,36.6,27.05
4727160,37.6,27.04
4727862,36.6,27.04
4728564,37.6,27.04
4729266,37.6,27.04
4729968,37.6,27.04
4730670,36.6,27.04
4731372,37.6,27.03
4732074,36.6,27.03
4732776,36.6,27.03
4733478,36.6,27.02
4734180,37.6,27.02
4734882,37.6,27.02
4735584,37.6,27.02
4736286,37.6,27.02
4736988,36.6,27.02
4737690,37.6,27.01
4738392,36.6,27.01
4739094,35.6,27.01
4739796,36.6,27.01
4740498,36.6,27.01
4741200,36.6,27.00
4741902,36.6,27.00
4742604,36.6,27.00
4743306,36.6,26.99
4744008,36.6,26.99
4744710,36.6,26.99
4745412,36.6,26.99
4746114,37.6,26.99
4746816,36.6,26.98
4747518,37.6,26.98
4748220,37.6,26.98
4748922,37.6,26.97
4749624,36.6,26.97
4750326,37.6,26.97
4751028,36.6,26.97
4751730,36.6,26.97
4752432,37.6,26.96
4753134,37.6,26.96
4753836,37.6,26.96
4754538,37.6,26.96
4755240,37.6,26.96
4755942,37.6,26.96
4756644,37.6,26.95
4757346,37.6,26.95
4758048,37.6,26.94
4758750,37.6,26.94
4759452,37.6,26.93
4760154,37.6,26.93
4760856,37.6,26.93
4761558,37.6,26.93
4762260,37.6,26.93
4762962,36.6,26.92
4763664,37.6,26.92
4764366,37.6,26.92
4765068,37.6,26.92
4765770,37.6,26.91
4766472,37.6,26.92
4767174,37.6,26.91
4767876,37.6,26.91
4768578,36.6,26.91
4769280,36.6,26.91
4769982,36.6,26.91
4770684,36.6,26.91
4771386,35.6,26.90
4772088,35.6,26.90
4772790,35.6,26.90
4773492,36.6,26.90
4774194,36.6,26.90
4774896,36.6,26.90
4775598,36.6,26.89
4776300,36.6,26.89
4777002,37.6,26.89
4777704,36.6,26.89
4778406,36.6,26.89
4779108,36.6,26.88
4779810,36.6,26.88
4780512,36.6,26.88
4781214,36.6,26.88
4781916,36.6,26.88
4782618,36.6,26.87
4783320,36.6,26.87
4784022,36.6,26.87
4784724,36.6,26.87
4785426,36.6,26.87
4786128,37.6,26.86
4786830,36.6,26.85
4787532,36.6,26.86
4788234,36.6,26.85
4788936,36.6,26.85
4789638,36.6,26.85
4790340,36.6,26.84
4791042,36.6,26.84
4791744,36.6,26.84
4792446,37.6,26.84
4793148,36.6,26.83
4793850,35.6,26.83
4794552,35.6,26.83
4795254,35.6,26.83
4795956,36.6,26.82
4796658,37.6,26.83
4797360,36.6,26.83
4798062,36.6,26.82
4798764,37.6,26.81
4799466,36.6,26.81
4800168,37.6,26.81
4800870,36.6,26.81
4801572,36.6,26.81
4802274,36.6,26.81
4802976,36.6,26.81
4803678,37.6,26.80
4804380,37.6,26.80
4805082,37.6,26.80
4805784,37.6,26.79
4806486,37.6,26.79
4807188,37.6,26.79
4807890,37.6,26.79
4808592,37.6,26.79
4809294,36.6,26.79
4809996,36.6,26.78
4810698,36.6,26.78
4811400,36.6,26.78
4812102,37.6,26.77
4812804,37.6,26.77
4813506,36.6,26.77
4814208,37.6,26.77
4814910,36.6,26.77
4815612,36.6,26.77
4816314,36.6,26.76
4817016,36.6,26.76
4817718,35.6,26.76
4818420,36.6,26.76
4819122,36.6,26.75
4819824,36.6,26.75
4820526,36.6,26.75
4821228,36.6,26.75
4821930,36.6,26.75
4822632,36.6,26.75
4823334,36.6,26.75
4824036,36.6,26.74
4824738,36.6,26.75
4825440,35.6,26.74
4826142,36.6,26.74
4826844,36.6,26.74
4827546,35.6,26.74
4828248,36.6,26.74
4828950,35.6,26.74
4829652,35.6,26.73
4830354,36.6,26.73
4831056,36.6,26.73
4831758,36.6,26.73
4832460,36.6,26.72
4833162,37.6,26.72
4833864,36.6,26.72
4834566,36.6,26.72
4835268,36.6,26.72
4835970,35.6,26.71
4836672,35.6,26.71
4837374,35.6,26.71
4838076,35.6,26.71
4838778,35.6,26.70
4839480,36.6,26.70
4840182,37.6,26.70
4840884,36.6,26.69
4841586,36.6,26.70
4842288,36.6,26.69
4842990,35.6,26.69
4843692,36.6,26.69
4844394,36.6,26.69
4845096,36.6,26.69
4845798,36.6,26.68
4846500,36.6,26.68
4847202,35.6,26.69
4847904,35.6,26.68
4848606,36.6,26.68
4849308,36.6,26.68
4850010,36.6,26.67
4850712,36.6,26.67
4851414,36.6,26.67
4852116,36.6,26.67
4852818,36.6,26.66
4853520,36.6,26.66
4854222,37.6,26.66
4854924,37.6,26.66
4855626,37.6,26.66
4856328,36.6,26.66
4857030,36.6,26.66
4857732,37.6,26.66
4858434,36.6,26.66
4859136,36.6,26.66
4859838,36.6,26.65
4860540,36.6,26.65
4861242,36.6,26.64
4861944,36.6,26.64
4862646,37.6,26.65
4863348,36.6,26.64
4864050,37.6,26.63
4864752,37.6,26.63
4865454,36.6,26.63
4866156,36.6,26.63
4866858,35.6,26.62
4867560,36.6,26.62
4868262,36.6,26.62
4868964,36.6,26.62
4869666,37.6,26.62
4870368,37.6,26.62
4871070,36.6,26.61
4871772,37.6,26.61
4872474,37.6,26.61
4873176,37.6,26.61
4873878,37.6,26.61
4874580,36.6,26.60
4875282,36.6,26.60
4875984,36.6,26.60
4876686,36.6,26.60
4877388,36.6,26.60
4878090,36.6,26.59
4878792,36.6,26.59
4879494,36.6,26.59
4880196,36.6,26.59
4880898,36.6,26.59
4881600,36.6,26.58
4882302,35.6,26.58
4883004,36.6,26.58
4883706,36.6,26.58
4884408,36.6,26.58
4885110,36.6,26.57
4885812,36.6,26.58
4886514,37.6,26.57
4887216,37.6,26.57
4887918,36.6,26.57
4888620,36.6,26.57
4889322,36.6,26.57
4890024,37.6,26.57
4890726,36.6,26.56
4891428,36.6,26.56
4892130,36.6,26.56
4892832,36.6,26.56
4893534,36.6,26.56
4894236,36.6,26.56
4894938,36.6,26.56
4895640,36.6,26.55
4896342,35.6,26.55
4897044,36.6,26.55
4897746,35.6,26.55
4898448,36.6,26.54
4899150,36.6,26.54
4899852,36.6,26.54
4900554,36.6,26.54
4901256,37.6,26.54
4901958,37.6,26.54
4902660,36.6,26.53
4903362,35.6,26.53
4904064,35.6,26.53
4904766,36.6,26.53
4905468,36.6,26.53
4906170,36.6,26.52
4906872,36.6,26.53
4907574,36.6,26.52
4908276,35.6,26.52
4908978,35.6,26.52
4909680,36.6,26.52
4910382,36.6,26.51
4911084,35.6,26.52
4911786,35.6,26.51
4912488,36.6,26.51
4913190,35.6,26.51
4913892,36.6,26.50
4914594,36.6,26.50
4915296,36.6,26.50
4915998,36.6,26.50
4916700,36.6,26.50
4917402,36.6,26.49
4918104,36.6,26.50
4918806,37.6,26.50
4919508,37.6,26.49
4920210,36.6,26.49
4920912,36.6,26.49
4921614,36.6,26.49
4922316,37.6,26.49
4923018,36.6,26.49
4923720,36.6,26.49
4924422,36.6,26.49
4925124,36.6,26.48
4925826,35.6,26.48
4926528,36.6,26.48
4927230,35.6,26.48
4927932,35.6,26.48
4928634,36.6,26.47
4929336,35.6,26.47
4930038,35.6,26.47
4930740,35.6,26.47
4931442,35.6,26.47
4932144,35.6,26.47
4932846,35.6,26.46
4933548,36.6,26.46
4934250,36.6,26.46
4934952,36.6,26.46
4935654,36.6,26.46
4936356,36.6,26.46
4937058,37.6,26.45
4937760,37.6,26.46
4938462,37.6,26.45
4939164,36.6,26.45
4939866,35.6,26.44
4940568,36.6,26.44
4941270,35.6,26.44
4941972,35.6,26.44
4942674,35.6,26.44
4943376,36.6,26.44
4944078,35.6,26.44
4944780,36.6,26.44
4945482,36.6,26.44
4946184,36.6,26.43
4946886,36.6,26.44
4947588,36.6,26.43
4948290,36.6,26.43
4948992,35.6,26.43
4949694,35.6,26.43
4950396,35.6,26.43
4951098,36.6,26.43
4951800,36.6,26.42
4952502,36.6,26.42
4953204,35.6,26.42
4953906,35.6,26.41
4954608,36.6,26.42
4955310,36.6,26.41
4956012,36.6,26.42
4956714,35.6,26.42
4957416,36.6,26.41
4958118,36.6,26.41
4958820,36.6,26.41
4959522,36.6,26.41
4960224,36.6,26.40
4960926,35.6,26.41
4961628,36.6,26.40
4962330,35.6,26.40
4963032,36.6,26.40
4963734,36.6,26.40
4964436,37.6,26.40
4965138,37.6,26.39
4965840,37.6,26.40
4966542,36.6,26.40
4967244,36.6,26.40
4967946,37.6,26.39
4968648,36.6,26.38
4969350,36.6,26.38
4970052,35.6,26.38
4970754,36.6,26.38
4971456,36.6,26.38
4972158,36.6,26.38
4972860,36.6,26.38
4973562,35.6,26.37
4974264,36.6,26.38
4974966,36.6,26.37
4975668,36.6,26.37
4976370,35.6,26.36
4977072,36.6,26.37
4977774,35.6,26.36
4978476,36.6,26.36
4979178,35.6,26.36
4979880,35.6,26.36
4980582,35.6,26.35
4981284,35.6,26.35
4981986,36.6,26.35
4982688,36.6,26.35
4983390,36.6,26.35
4984092,36.6,26.35
4984794,35.6,26.35
4985496,36.6,26.34
4986198,36.6,26.34
4986900,36.6,26.35
4987602,36.6,26.34
4988304,35.6,26.34
4989006,35.6,26.34
4989708,35.6,26.34
4990410,35.6,26.33
4991112,35.6,26.34
4991814,35.6,26.33
4992516,35.6,26.33
4993218,36.6,26.33
4993920,35.6,26.33
4994622,36.6,26.33
4995324,35.6,26.32
4996026,34.6,26.32
4996728,35.6,26.32
4997430,36.6,26.31
4998132,36.6,26.31
4998834,36.6,26.31
4999536,35.6,26.31
5000238,36.6,26.31
5000940,36.6,26.31
5001642,36.6,26.31
5002344,36.6,26.31
5003046,36.6,26.30
5003748,36.6,26.30
5004450,36.6,26.30
5005152,35.6,26.30
5005854,35.6,26.30
5006556,35.6,26.29
5007258,36.6,26.30
5007960,36.6,26.29
5008662,36.6,26.29
5009364,36.6,26.29
5010066,36.6,26.29
5010768,35.6,26.29
5011470,36.6,26.29
5012172,36.6,26.28
5012874,36.6,26.28
5013576,36.6,26.28
5014278,35.6,26.28
5014980,36.6,26.28
5015682,36.6,26.28
5016384,36.6,26.28
5017086,36.6,26.27
5017788,36.6,26.27
5018490,36.6,26.27
5019192,36.6,26.27
5019894,36.6,26.27
5020596,37.6,26.27
5021298,36.6,26.26
5022000,35.6,26.26
5022702,35.6,26.26
5023404,36.6,26.26
5024106,36.6,26.26
5024808,35.6,26.26
5025510,35.6,26.26
5026212,35.6,26.25
5026914,35.6,26.25
5027616,35.6,26.25
5028318,36.6,26.25
5029020,36.6,26.25
5029722,36.6,26.25
5030424,36.6,26.25
5031126,36.6,26.24
5031828,35.6,26.24
5032530,36.6,26.24
5033232,36.6,26.24
5033934,35.6,26.23
5034636,36.6,26.23
5035338,36.6,26.23
5036040,37.6,26.23
5036742,36.6,26.23
5037444,36.6,26.23
5038146,37.6,26.23
5038848,36.6,26.23
5039550,36.6,26.23
5040252,36.6,26.23
5040954,35.6,26.23
5041656,36.6,26.22
5042358,35.6,26.23
5043060,35.6,26.22
5043762,35.6,26.22
5044464,35.6,26.21
5045166,36.6,26.22
5045868,36.6,26.22
5046570,36.6,26.22
5047272,36.6,26.21
5047974,36.6,26.21
5048676,35.6,26.21
5049378,36.6,26.21
5050080,36.6,26.21
5050782,36.6,26.21
5051484,36.6,26.21
5052186,36.6,26.20
5052888,35.6,26.20
5053590,36.6,26.20
5054292,36.6,26.20
5054994,36.6,26.20
5055696,36.6,26.20
5056398,36.6,26.20
5057100,36.6,26.19
5057802,36.6,26.19
5058504,36.6,26.19
5059206,35.6,26.19
5059908,35.6,26.19
5060610,35.6,26.19
5061312,36.6,26.19
5062014,36.6,26.19
5062716,35.6,26.19
5063418,35.6,26.18
5064120,35.6,26.18
5064822,36.6,26.18
5065524,36.6,26.18
5066226,35.6,26.18
5066928,36.6,26.18
5067630,36.6,26.17
5068332,36.6,26.17
5069034,36.6,26.17
5069736,36.6,26.17
5070438,36.6,26.17
5071140,35.6,26.17
5071842,36.6,26.16
5072544,36.6,26.17
5073246,36.6,26.17
5073948,36.6,26.17
5074650,36.6,26.17
5075352,36.6,26.17
5076054,35.6,26.16
5076756,35.6,26.17
5077458,36.6,26.16
5078160,35.6,26.16
5078862,35.6,26.16
5079564,35.6,26.16
5080266,35.6,26.16
5080968,35.6,26.16
5081670,36.6,26.15
5082372,36.6,26.15
5083074,36.6,26.15
5083776,36.6,26.15
5084478,36.6,26.15
5085180,36.6,26.15
5085882,36.6,26.15
5086584,35.6,26.15
5087286,36.6,26.14
5087988,35.6,26.14
5088690,35.6,26.14
5089392,35.6,26.14
5090094,35.6,26.14
5090796,35.6,26.13
5091498,36.6,26.13
5092200,36.6,26.13
5092902,36.6,26.13
5093604,36.6,26.13
5094306,36.6,26.12
5095008,36.6,26.12
5095710,35.6,26.12
5096412,36.6,26.12
5097114,36.6,26.12
5097816,35.6,26.12
5098518,35.6,26.12
5099220,36.6,26.12
5099922,36.6,26.12
5100624,36.6,26.12
5101326,35.6,26.12
5102028,36.6,26.11
5102730,36.6,26.11
5103432,35.6,26.11
5104134,36.6,26.11
5104836,36.6,26.11
5105538,36.6,26.11
5106240,36.6,26.11
5106942,36.6,26.10
5107644,35.6,26.10
5108346,35.6,26.10
5109048,35.6,26.10
5109750,35.6,26.09
5110452,35.6,26.10
5111154,34.6,26.09
5111856,35.6,26.09
5112558,35.6,26.09
5113260,35.6,26.09
5113962,35.6,26.09
5114664,35.6,26.09
5115366,35.6,26.08
5116068,35.6,26.08
5116770,35.6,26.08
5117472,35.6,26.08
5118174,36.6,26.08
5118876,36.6,26.08
5119578,36.6,26.08
5120280,35.6,26.08
5120982,36.6,26.08
5121684,36.6,26.08
5122386,35.6,26.07
5123088,36.6,26.08
5123790,36.6,26.07
5124492,36.6,26.07
5125194,35.6,26.07
5125896,35.6,26.07
5126598,36.6,26.07
5127300,35.6,26.06
5128002,35.6,26.07
5128704,35.6,26.07
5129406,36.6,26.06
5130108,35.6,26.06
5130810,35.6,26.06
5131512,35.6,26.06
5132214,35.6,26.06
5132916,35.6,26.06
5133618,35.6,26.05
5134320,35.6,26.05
5135022,36.6,26.05
5135724,35.6,26.05
5136426,36.6,26.05
5137128,35.6,26.05
5137830,36.6,26.05
5138532,36.6,26.05
5139234,36.6,26.04
5139936,36.6,26.04
5140638,35.6,26.04
5141340,35.6,26.04
5142042,36.6,26.04
5142744,36.6,26.04
5143446,36.6,26.04
5144148,36.6,26.04
5144850,36.6,26.03
5145552,36.6,26.03
5146254,36.6,26.03
5146956,35.6,26.03
5147658,35.6,26.03
5148360,35.6,26.03
5149062,35.6,26.02
5149764,35.6,26.02
5150466,35.6,26.02
5151168,35.6,26.02
5151870,36.6,26.02
5152572,35.6,26.02
5153274,36.6,26.02
5153976,35.6,26.02
5154678,36.6,26.02
5155380,35.6,26.01
5156082,36.6,26.01
5156784,36.6,26.01
5157486,35.6,26.01
5158188,36.6,26.01
5158890,36.6,26.01
5159592,35.6,26.01
5160294,35.6,26.01
5160996,35.6,26.00
5161698,35.6,26.01
5162400,35.6,26.00
5163102,36.6,26.01
5163804,36.6,26.00
5164506,35.6,26.00
5165208,36.6,26.00
5165910,36.6,26.00
5166612,36.6,26.00
5167314,36.6,25.99
5168016,36.6,25.99
5168718,35.6,25.99
5169420,35.6,25.99
5170122,34.6,25.99
5170824,34.6,25.98
5171526,34.6,25.98
5172228,34.6,25.98
5172930,34.6,25.98
5173632,35.6,25.98
5174334,35.6,25.98
5175036,36.6,25.98
5175738,35.6,25.98
5176440,35.6,25.98
5177142,35.6,25.98
5177844,35.6,25.97
5178546,36.6,25.97
5179248,35.6,25.97
5179950,35.6,25.97
5180652,36.6,25.97
5181354,36.6,25.97
5182056,36.6,25.96
5182758,35.6,25.97
5183460,35.6,25.97
5184162,36.6,25.96
5184864,36.6,25.96
5185566,36.6,25.96
5186268,36.6,25.96
5186970,36.6,25.96
5187672,35.6,25.96
5188374,35.6,25.96
5189076,35.6,25.96
5189778,35.6,25.96
5190480,35.6,25.96
5191182,34.6,25.96
5191884,35.6,25.95
5192586,35.6,25.95
5193288,35.6,25.95
5193990,36.6,25.95
5194692,36.6,25.95
5195394,36.6,25.95
5196096,36.6,25.94
5196798,35.6,25.94
5197500,36.6,25.94
5198202,36.6,25.94
5198904,35.6,25.94
5199606,36.6,25.94
5200308,35.6,25.94
5201010,35.6,25.94
5201712,35.6,25.94
5202414,36.6,25.94
5203116,35.6,25.94
5203818,34.6,25.93
5204520,35.6,25.94
5205222,36.6,25.93
5205924,35.6,25.93
5206626,35.6,25.94
5207328,35.6,25.93
5208030,35.6,25.93
5208732,35.6,25.93
5209434,35.6,25.93
5210136,35.6,25.93
5210838,35.6,25.93
5211540,36.6,25.93
5212242,35.6,25.93
5212944,35.6,25.93
5213646,35.6,25.92
5214348,35.6,25.92
5215050,35.6,25.92
5215752,36.6,25.91
5216454,36.6,25.91
5217156,35.6,25.91
5217858,35.6,25.90
5218560,35.6,25.91
5219262,35.6,25.91
5219964,35.6,25.90
5220666,35.6,25.91
5221368,35.6,25.90
5222070,35.6,25.90
5222772,35.6,25.90
5223474,35.6,25.91
5224176,35.6,25.91
5224878,35.6,25.90
5225580,35.6,25.90
5226282,35.6,25.90
5226984,35.6,25.90
5227686,36.6,25.90
5228388,36.6,25.90
5229090,36.6,25.90
5229792,36.6,25.90
5230494,36.6,25.89
5231196,35.6,25.89
5231898,35.6,25.89
5232600,35.6,25.89
5233302,35.6,25.89
5234004,35.6,25.89
5234706,34.6,25.89
5235408,35.6,25.89
5236110,35.6,25.88
5236812,36.6,25.88
5237514,36.6,25.88
5238216,35.6,25.88
5238918,35.6,25.88
5239620,35.6,25.88
5240322,36.6,25.88
5241024,36.6,25.88
5241726,36.6,25.87
5242428,36.6,25.87
5243130,35.6,25.87
5243832,36.6,25.87
5244534,35.6,25.87
5245236,35.6,25.87
5245938,34.6,25.87
5246640,34.6,25.87
5247342,35.6,25.87
5248044,34.6,25.87
5248746,34.6,25.86
5249448,34.6,25.87
5250150,35.6,25.87
5250852,35.6,25.86
5251554,35.6,25.86
5252256,35.6,25.87
5252958,35.6,25.86
5253660,35.6,25.86
5254362,35.6,25.86
5255064,35.6,25.86
5255766,35.6,25.86
5256468,36.6,25.86
5257170,35.6,25.86
5257872,35.6,25.86
5258574,35.6,25.86
5259276,35.6,25.86
5259978,35.6,25.86
5260680,35.6,25.85
5261382,35.6,25.85
5262084,35.6,25.85
5262786,36.6,25.85
5263488,35.6,25.85
5264190,35.6,25.85
5264892,35.6,25.84
5265594,35.6,25.85
5266296,34.6,25.84
5266998,34.6,25.85
5267700,35.6,25.84
5268402,35.6,25.84
5269104,35.6,25.84
5269806,35.6,25.84
5270508,34.6,25.84
5271210,35.6,25.84
5271912,35.6,25.83
5272614,34.6,25.84
5273316,35.6,25.84
5274018,35.6,25.83
5274720,35.6,25.84
5275422,35.6,25.84
5276124,35.6,25.83
5276826,35.6,25.84
5277528,36.6,25.83
5278230,36.6,25.83
5278932,35.6,25.83
5279634,35.6,25.83
5280336,35.6,25.83
5281038,36.6,25.83
5281740,36.6,25.82
5282442,35.6,25.83
5283144,35.6,25.83
5283846,35.6,25.83
5284548,35.6,25.82
5285250,35.6,25.82
5285952,35.6,25.82
5286654,36.6,25.82
5287356,35.6,25.82
5288058,36.6,25.82
5288760,35.6,25.82
5289462,34.6,25.81
5290164,34.6,25.81
5290866,35.6,25.82
5291568,34.6,25.81
5292270,35.6,25.81
5292972,34.6,25.81
5293674,35.6,25.81
5294376,34.6,25.81
5295078,35.6,25.81
5295780,34.6,25.81
5296482,35.6,25.81
5297184,36.6,25.80
5297886,35.6,25.81
5298588,35.6,25.81
5299290,34.6,25.80
5299992,35.6,25.80
5300694,35.6,25.80
5301396,34.6,25.80
5302098,34.6,25.80
5302800,35.6,25.80
5303502,35.6,25.80
5304204,35.6,25.80
5304906,35.6,25.79
5305608,35.6,25.80
5306310,36.6,25.79
5307012,35.6,25.80
5307714,36.6,25.80
5308416,36.6,25.79
5309118,35.6,25.79
5309820,34.6,25.79
5310522,35.6,25.79
5311224,35.6,25.79
5311926,36.6,25.79
5312628,36.6,25.79
5313330,35.6,25.79
5314032,35.6,25.78
5314734,36.6,25.79
5315436,35.6,25.79
5316138,34.6,25.78
5316840,35.6,25.78
5317542,34.6,25.77
5318244,34.6,25.77
5318946,35.6,25.77
5319648,35.6,25.78
5320350,34.6,25.78
5321052,34.6,25.77
5321754,34.6,25.77
5322456,35.6,25.77
5323158,35.6,25.77
5323860,35.6,25.77
5324562,35.6,25.77
5325264,35.6,25.77
5325966,35.6,25.77
5326668,35.6,25.77
5327370,34.6,25.77
5328072,35.6,25.76
5328774,35.6,25.76
5329476,35.6,25.76
5330178,35.6,25.76
5330880,35.6,25.76
5331582,35.6,25.76
5332284,36.6,25.76
5332986,35.6,25.76
5333688,35.6,25.76
5334390,35.6,25.75
5335092,36.6,25.76
5335794,35.6,25.75
5336496,35.6,25.75
5337198,34.6,25.75
5337900,35.6,25.75
5338602,34.6,25.74
5339304,35.6,25.75
5340006,35.6,25.74
5340708,34.6,25.75
5341410,35.6,25.75
5342112,34.6,25.74
5342814,34.6,25.74
5343516,34.6,25.74
5344218,35.6,25.74
5344920,35.6,25.74
5345622,35.6,25.74
5346324,35.6,25.74
5347026,34.6,25.74
5347728,34.6,25.74
5348430,34.6,25.73
5349132,35.6,25.74
5349834,35.6,25.74
5350536,34.6,25.73
5351238,35.6,25.73
5351940,36.6,25.74
5352642,35.6,25.74
5353344,34.6,25.73
5354046,35.6,25.73
5354748,34.6,25.73
5355450,34.6,25.73
5356152,34.6,25.72
5356854,35.6,25.73
5357556,35.6,25.73
5358258,34.6,25.73
5358960,35.6,25.72
5359662,34.6,25.72
5360364,35.6,25.73
5361066,35.6,25.73
5361768,35.6,25.72
5362470,35.6,25.72
5363172,36.6,25.73
5363874,35.6,25.72
5364576,35.6,25.72
5365278,35.6,25.72
5365980,36.6,25.72
5366682,36.6,25.72
5367384,35.6,25.72
5368086,35.6,25.72
5368788,35.6,25.72
5369490,36.6,25.72
5370192,35.6,25.72
5370894,35.6,25.71
5371596,35.6,25.72
5372298,34.6,25.72
5373000,35.6,25.72
5373702,35.6,25.71
5374404,35.6,25.71
5375106,35.6,25.71
5375808,35.6,25.71
5376510,34.6,25.71
5377212,35.6,25.71
5377914,35.6,25.71
5378616,35.6,25.70
5379318,35.6,25.71
5380020,35.6,25.71
5380722,35.6,25.71
5381424,35.6,25.70
5382126,35.6,25.71
5382828,35.6,25.70
5383530,35.6,25.70
5384232,35.6,25.70
5384934,35.6,25.70
5385636,36.6,25.70
5386338,35.6,25.70
5387040,35.6,25.70
5387742,34.6,25.70
5388444,35.6,25.69
5389146,36.6,25.70
5389848,36.6,25.69
5390550,36.6,25.69
5391252,35.6,25.69
5391954,35.6,25.69
5392656,34.6,25.69
5393358,35.6,25.69
5394060,35.6,25.69
5394762,35.6,25.69
5395464,35.6,25.69
5396166,35.6,25.68
5396868,35.6,25.69
5397570,35.6,25.68
5398272,35.6,25.69
5398974,34.6,25.68
5399676,34.6,25.68
5400378,34.6,25.68
5401080,34.6,25.67
5401782,35.6,25.67
5402484,35.6,25.68
5403186,34.6,25.68
5403888,35.6,25.67
5404590,34.6,25.67
5405292,35.6,25.67
5405994,35.6,25.67
5406696,34.6,25.67
5407398,35.6,25.67
5408100,34.6,25.68
5408802,35.6,25.67
5409504,34.6,25.67
5410206,35.6,25.67
5410908,34.6,25.67
5411610,35.6,25.67
5412312,35.6,25.66
5413014,35.6,25.66
5413716,34.6,25.66
5414418,35.6,25.67
5415120,35.6,25.66
5415822,35.6,25.66
5416524,35.6,25.66
5417226,34.6,25.66
5417928,35.6,25.66
5418630,35.6,25.65
5419332,35.6,25.65
5420034,35.6,25.66
5420736,34.6,25.66
5421438,35.6,25.65
5422140,34.6,25.65
5422842,35.6,25.65
5423544,34.6,25.65
5424246,34.6,25.66
5424948,34.6,25.65
5425650,35.6,25.65
5426352,35.6,25.65
5427054,35.6,25.65
5427756,35.6,25.65
5428458,35.6,25.64
5429160,36.6,25.65
5429862,36.6,25.65
5430564,35.6,25.64
5431266,35.6,25.65
5431968,35.6,25.64
5432670,35.6,25.64
5433372,35.6,25.65
5434074,35.6,25.64
5434776,35.6,25.64
5435478,35.6,25.64
5436180,34.6,25.65
5436882,35.6,25.64
5437584,35.6,25.64
5438286,35.6,25.64
5438988,35.6,25.64
5439690,36.6,25.64
5440392,35.6,25.64
5441094,35.6,25.64
5441796,34.6,25.64
5442498,35.6,25.64
5443200,35.6,25.64
5443902,35.6,25.64
5444604,35.6,25.63
5445306,35.6,25.63
5446008,36.6,25.63
5446710,35.6,25.63
5447412,35.6,25.63
5448114,36.6,25.63
5448816,35.6,25.64
5449518,35.6,25.63
5450220,35.6,25.63
5450922,35.6,25.63
5451624,34.6,25.64
5452326,34.6,25.63
5453028,35.6,25.63
5453730,34.6,25.63
5454432,34.6,25.62
5455134,34.6,25.62
5455836,34.6,25.62
5456538,35.6,25.62
5457240,34.6,25.62
5457942,35.6,25.62
5458644,35.6,25.62
5459346,34.6,25.62
5460048,34.6,25.62
5460750,35.6,25.62
5461452,35.6,25.62
5462154,36.6,25.62
5462856,35.6,25.62
5463558,35.6,25.62
5464260,35.6,25.62
5464962,35.6,25.62
5465664,35.6,25.62
5466366,35.6,25.62
5467068,36.6,25.62
5467770,36.6,25.61
5468472,35.6,25.62
5469174,34.6,25.61
5469876,35.6,25.62
5470578,35.6,25.61
5471280,34.6,25.62
5471982,34.6,25.62
5472684,34.6,25.61
5473386,34.6,25.61
5474088,34.6,25.61
5474790,35.6,25.61
5475492,35.6,25.61
5476194,35.6,25.61
5476896,35.6,25.61
5477598,34.6,25.61
5478300,34.6,25.61
5479002,35.6,25.61
5479704,35.6,25.61
5480406,35.6,25.60
5481108,34.6,25.60
5481810,34.6,25.60
5482512,34.6,25.60
5483214,34.6,25.60
5483916,34.6,25.61
5484618,35.6,25.60
5485320,35.6,25.60
5486022,34.6,25.60
5486724,35.6,25.60
5487426,35.6,25.60
5488128,35.6,25.60
5488830,35.6,25.60
5489532,35.6,25.60
5490234,35.6,25.59
5490936,35.6,25.60
5491638,35.6,25.60
5492340,36.6,25.59
5493042,36.6,25.59
5493744,36.6,25.59
5494446,35.6,25.59
5495148,35.6,25.59
5495850,35.6,25.59
5496552,35.6,25.59
5497254,35.6,25.59
5497956,35.6,25.58
5498658,35.6,25.59
5499360,35.6,25.59
5500062,35.6,25.59
5500764,35.6,25.58
5501466,35.6,25.58
5502168,35.6,25.58
5502870,35.6,25.58
5503572,35.6,25.59
5504274,35.6,25.58
5504976,35.6,25.58
5505678,34.6,25.58
5506380,34.6,25.58
5507082,35.6,25.58
5507784,34.6,25.58
5508486,35.6,25.58
5509188,34.6,25.58
5509890,34.6,25.58
5510592,34.6,25.58
5511294,34.6,25.57
5511996,34.6,25.57
5512698,34.6,25.57
5513400,34.6,25.58
5514102,35.6,25.57
5514804,35.6,25.57
5515506,35.6,25.58
5516208,35.6,25.56
5516910,35.6,25.57
5517612,35.6,25.57
5518314,34.6,25.57
5519016,35.6,25.57
5519718,35.6,25.57
5520420,35.6,25.57
5521122,35.6,25.58
5521824,35.6,25.57
5522526,34.6,25.57
5523228,34.6,25.57
5523930,34.6,25.57
5524632,35.6,25.56
5525334,35.6,25.56
5526036,35.6,25.56
5526738,35.6,25.55
5527440,34.6,25.57
5528142,34.6,25.56
5528844,35.6,25.56
5529546,35.6,25.56
5530248,35.6,25.56
5530950,35.6,25.55
5531652,34.6,25.55
5532354,35.6,25.56
5533056,34.6,25.55
5533758,34.6,25.56
5534460,34.6,25.55
5535162,34.6,25.55
5535864,35.6,25.55
5536566,35.6,25.55
5537268,34.6,25.55
5537970,34.6,25.55
5538672,35.6,25.55
5539374,35.6,25.55
5540076,34.6,25.54
5540778,35.6,25.55
5541480,34.6,25.55
5542182,35.6,25.55
5542884,35.6,25.55
5543586,35.6,25.54
5544288,35.6,25.54
5544990,35.6,25.54
5545692,35.6,25.54
5546394,35.6,25.54
5547096,35.6,25.54
5547798,35.6,25.54
5548500,35.6,25.54
5549202,35.6,25.54
5549904,35.6,25.54
5550606,34.6,25.54
5551308,34.6,25.53
5552010,35.6,25.54
5552712,35.6,25.54
5553414,34.6,25.53
5554116,34.6,25.53
5554818,35.6,25.53
5555520,35.6,25.54
5556222,35.6,25.53
5556924,35.6,25.53
5557626,35.6,25.53
5558328,34.6,25.53
5559030,35.6,25.53
5559732,34.6,25.53
5560434,35.6,25.53
5561136,34.6,25.53
5561838,35.6,25.53
5562540,34.6,25.52
5563242,34.6,25.53
5563944,34.6,25.53
5564646,35.6,25.52
5565348,34.6,25.52
5566050,34.6,25.53
5566752,35.6,25.53
5567454,34.6,25.53
5568156,35.6,25.52
5568858,34.6,25.52
5569560,35.6,25.52
5570262,35.6,25.52
5570964,35.6,25.52
5571666,35.6,25.52
5572368,35.6,25.51
5573070,35.6,25.52
5573772,35.6,25.52
5574474,35.6,25.51
5575176,35.6,25.51
5575878,34.6,25.51
5576580,35.6,25.52
5577282,34.6,25.51
5577984,35.6,25.51
5578686,34.6,25.51
5579388,35.6,25.51
5580090,34.6,25.51
5580792,34.6,25.51
5581494,35.6,25.51
5582196,34.6,25.51
5582898,35.6,25.51
5583600,35.6,25.51
5584302,35.6,25.51
5585004,35.6,25.51
5585706,34.6,25.50
5586408,35.6,25.50
5587110,35.6,25.50
5587812,35.6,25.51
5588514,35.6,25.50
5589216,35.6,25.51
5589918,35.6,25.50
5590620,35.6,25.51
5591322,34.6,25.51
5592024,34.6,25.50
5592726,35.6,25.50
5593428,34.6,25.50
5594130,35.6,25.50
5594832,35.6,25.50
5595534,35.6,25.49
5596236,35.6,25.50
5596938,35.6,25.50
5597640,35.6,25.49
5598342,35.6,25.50
5599044,35.6,25.50
5599746,35.6,25.50
5600448,34.6,25.49
5601150,35.6,25.49
5601852,35.6,25.49
5602554,34.6,25.49
5603256,34.6,25.49
5603958,35.6,25.49
5604660,35.6,25.49
5605362,35.6,25.48
5606064,35.6,25.48
5606766,34.6,25.48
5607468,35.6,25.48
5608170,34.6,25.48
5608872,35.6,25.49
5609574,34.6,25.48
5610276,34.6,25.49
5610978,34.6,25.48
5611680,34.6,25.48
5612382,34.6,25.48
5613084,34.6,25.48
5613786,35.6,25.48
5614488,35.6,25.48
5615190,35.6,25.48
5615892,35.6,25.48
5616594,35.6,25.48
5617296,35.6,25.48
5617998,35.6,25.48
5618700,35.6,25.48
5619402,35.6,25.48
5620104,35.6,25.48
5620806,35.6,25.48
5621508,35.6,25.48
5622210,35.6,25.48
5622912,35.6,25.47
5623614,35.6,25.47
5624316,34.6,25.48
5625018,34.6,25.47
5625720,35.6,25.47
5626422,35.6,25.47
5627124,35.6,25.47
5627826,34.6,25.47
5628528,35.6,25.47
5629230,35.6,25.47
5629932,35.6,25.47
5630634,34.6,25.47
5631336,34.6,25.47
5632038,34.6,25.46
5632740,34.6,25.47
5633442,35.6,25.46
5634144,35.6,25.46
5634846,35.6,25.46
5635548,34.6,25.46
5636250,35.6,25.46
5636952,35.6,25.46
5637654,35.6,25.46
5638356,35.6,25.46
5639058,35.6,25.46
5639760,34.6,25.46
5640462,34.6,25.46
5641164,34.6,25.46
5641866,35.6,25.46
5642568,35.6,25.46
5643270,35.6,25.46
5643972,35.6,25.46
5644674,34.6,25.46
5645376,35.6,25.45
5646078,35.6,25.45
5646780,35.6,25.46
5647482,35.6,25.45
5648184,35.6,25.46
5648886,35.6,25.45
5649588,34.6,25.45
5650290,35.6,25.45
5650992,34.6,25.45
5651694,35.6,25.46
5652396,35.6,25.45
5653098,34.6,25.45
5653800,35.6,25.45
5654502,35.6,25.45
5655204,34.6,25.45
5655906,34.6,25.45
5656608,35.6,25.45
5657310,35.6,25.45
5658012,34.6,25.44
5658714,35.6,25.44
5659416,34.6,25.45
5660118,34.6,25.44
5660820,34.6,25.45
5661522,34.6,25.45
5662224,34.6,25.45
5662926,34.6,25.45
5663628,34.6,25.45
5664330,34.6,25.45
5665032,35.6,25.44
5665734,34.6,25.44
5666436,35.6,25.44
5667138,35.6,25.45
5667840,35.6,25.44
5668542,35.6,25.44
5669244,35.6,25.43
5669946,35.6,25.44
5670648,34.6,25.44
5671350,35.6,25.44
5672052,35.6,25.44
5672754,35.6,25.43
5673456,34.6,25.44
5674158,35.6,25.44
5674860,34.6,25.44
5675562,34.6,25.44
5676264,35.6,25.44
5676966,35.6,25.43
5677668,35.6,25.43
5678370,35.6,25.43
5679072,35.6,25.43
5679774,34.6,25.43
5680476,35.6,25.43
5681178,34.6,25.43
5681880,34.6,25.43
5682582,35.6,25.43
5683284,35.6,25.43
5683986,35.6,25.43
5684688,34.6,25.43
5685390,34.6,25.43
5686092,34.6,25.43
5686794,35.6,25.43
5687496,35.6,25.43
5688198,35.6,25.42
5688900,34.6,25.43
5689602,34.6,25.42
5690304,35.6,25.43
5691006,35.6,25.42
5691708,35.6,25.42
5692410,34.6,25.43
5693112,34.6,25.42
5693814,34.6,25.42
5694516,34.6,25.42
5695218,35.6,25.42
5695920,34.6,25.42
5696622,34.6,25.42
5697324,35.6,25.42
5698026,34.6,25.42
5698728,35.6,25.42
5699430,35.6,25.41
5700132,34.6,25.42
5700834,35.6,25.42
5701536,34.6,25.42
5702238,34.6,25.41
5702940,34.6,25.42
5703642,34.6,25.41
5704344,35.6,25.41
5705046,34.6,25.41
5705748,35.6,25.41
5706450,35.6,25.41
5707152,35.6,25.41
5707854,34.6,25.41
5708556,34.6,25.41
5709258,34.6,25.41
5709960,34.6,25.41
5710662,34.6,25.41
5711364,34.6,25.41
5712066,35.6,25.41
5712768,35.6,25.41
5713470,34.6,25.41
5714172,34.6,25.40
5714874,34.6,25.40
5715576,34.6,25.40
5716278,34.6,25.40
5716980,34.6,25.40
5717682,34.6,25.41
5718384,34.6,25.41
5719086,35.6,25.41
5719788,35.6,25.41
5720490,34.6,25.40
5721192,34.6,25.40
5721894,35.6,25.40
5722596,34.6,25.40
5723298,34.6,25.40
5724000,34.6,25.40
5724702,35.6,25.40
5725404,34.6,25.40
5726106,35.6,25.40
5726808,35.6,25.40
5727510,34.6,25.40
5728212,34.6,25.40
5728914,35.6,25.40
5729616,34.6,25.40
5730318,34.6,25.40
5731020,34.6,25.39
5731722,34.6,25.40
5732424,34.6,25.39
5733126,34.6,25.40
5733828,34.6,25.40
5734530,34.6,25.39
5735232,35.6,25.39
5735934,35.6,25.39
5736636,34.6,25.40
5737338,34.6,25.40
5738040,34.6,25.39
5738742,34.6,25.39
5739444,34.6,25.39
5740146,34.6,25.39
5740848,34.6,25.39
5741550,35.6,25.39
5742252,34.6,25.39
5742954,34.6,25.38
5743656,34.6,25.39
5744358,35.6,25.39
5745060,34.6,25.39
5745762,34.6,25.39
5746464,34.6,25.39
5747166,34.6,25.39
5747868,34.6,25.39
5748570,34.6,25.39
5749272,35.6,25.39
5749974,35.6,25.38
5750676,35.6,25.38
5751378,35.6,25.38
5752080,35.6,25.38
5752782,35.6,25.38
5753484,35.6,25.38
5754186,35.6,25.38
5754888,34.6,25.38
5755590,34.6,25.38
5756292,34.6,25.38
5756994,34.6,25.38
5757696,34.6,25.38
5758398,35.6,25.38
5759100,34.6,25.38
5759802,35.6,25.38
5760504,34.6,25.38
5761206,34.6,25.38
5761908,35.6,25.37
5762610,35.6,25.38
5763312,35.6,25.37
5764014,34.6,25.38
5764716,34.6,25.37
5765418,34.6,25.37
5766120,34.6,25.38
5766822,35.6,25.37
5767524,35.6,25.37
5768226,35.6,25.37
5768928,35.6,25.37
5769630,34.6,25.37
5770332,35.6,25.37
5771034,35.6,25.37
5771736,35.6,25.37
5772438,34.6,25.37
5773140,35.6,25.36
5773842,35.6,25.37
5774544,35.6,25.37
5775246,35.6,25.37
5775948,34.6,25.37
5776650,35.6,25.37
5777352,35.6,25.37
5778054,35.6,25.37
5778756,35.6,25.37
5779458,35.6,25.37
5780160,34.6,25.36
5780862,35.6,25.37
5781564,34.6,25.36
5782266,35.6,25.36
5782968,35.6,25.36
5783670,35.6,25.36
5784372,35.6,25.36
5785074,34.6,25.36
5785776,34.6,25.36
5786478,34.6,25.36
5787180,35.6,25.36
5787882,35.6,25.36
5788584,35.6,25.36
5789286,34.6,25.36
5789988,35.6,25.36
5790690,35.6,25.36
5791392,35.6,25.36
5792094,34.6,25.36
5792796,35.6,25.36
5793498,35.6,25.36
5794200,35.6,25.35
5794902,35.6,25.35
5795604,35.6,25.35
5796306,35.6,25.35
5797008,35.6,25.35
5797710,34.6,25.36
5798412,35.6,25.36
5799114,35.6,25.35
5799816,35.6,25.35
5800518,35.6,25.35
5801220,35.6,25.35
5801922,35.6,25.35
5802624,35.6,25.35
5803326,35.6,25.35
5804028,35.6,25.35
5804730,35.6,25.35
5805432,35.6,25.34
5806134,34.6,25.35
5806836,34.6,25.34
5807538,34.6,25.35
5808240,34.6,25.35
5808942,34.6,25.34
5809644,34.6,25.35
5810346,34.6,25.34
5811048,35.6,25.35
5811750,35.6,25.34
5812452,35.6,25.35
5813154,35.6,25.34
5813856,35.6,25.34
5814558,35.6,25.34
5815260,35.6,25.34
5815962,34.6,25.34
5816664,35.6,25.34
5817366,35.6,25.33
5818068,34.6,25.34
5818770,35.6,25.34
5819472,35.6,25.34
5820174,35.6,25.33
5820876,34.6,25.34
5821578,34.6,25.34
5822280,34.6,25.33
5822982,34.6,25.33
5823684,34.6,25.33
5824386,34.6,25.34
5825088,34.6,25.34
5825790,34.6,25.33
5826492,34.6,25.33
5827194,35.6,25.33
5827896,35.6,25.34
5828598,34.6,25.33
5829300,34.6,25.33
5830002,34.6,25.33
5830704,35.6,25.33
5831406,35.6,25.33
5832108,35.6,25.33
5832810,35.6,25.33
5833512,34.6,25.32
5834214,34.6,25.33
5834916,34.6,25.33
5835618,34.6,25.33
5836320,34.6,25.32
5837022,34.6,25.32
5837724,34.6,25.32
5838426,35.6,25.32
5839128,35.6,25.32
5839830,35.6,25.33
5840532,35.6,25.32
5841234,35.6,25.32
5841936,34.6,25.32
5842638,34.6,25.32
5843340,34.6,25.32
5844042,34.6,25.32
5844744,34.6,25.32
5845446,35.6,25.32
5846148,35.6,25.32
5846850,34.6,25.32
5847552,35.6,25.32
5848254,35.6,25.33
5848956,35.6,25.32
5849658,34.6,25.32
5850360,35.6,25.32
5851062,34.6,25.32
5851764,34.6,25.32
5852466,34.6,25.32
5853168,34.6,25.32
5853870,35.6,25.32
5854572,35.6,25.32
5855274,35.6,25.32
5855976,35.6,25.32
5856678,34.6,25.32
5857380,35.6,25.32
5858082,35.6,25.31
5858784,35.6,25.31
5859486,35.6,25.31
5860188,35.6,25.31
5860890,35.6,25.31
5861592,35.6,25.31
5862294,35.6,25.32
5862996,35.6,25.32
5863698,35.6,25.31
5864400,34.6,25.31
5865102,35.6,25.31
5865804,35.6,25.31
5866506,34.6,25.31
5867208,35.6,25.31
5867910,35.6,25.31
5868612,35.6,25.31
5869314,34.6,25.30
5870016,34.6,25.31
5870718,34.6,25.31
5871420,34.6,25.31
5872122,35.6,25.31
5872824,35.6,25.31
5873526,34.6,25.32
5874228,35.6,25.31
5874930,35.6,25.31
5875632,34.6,25.31
5876334,34.6,25.31
5877036,34.6,25.30
5877738,35.6,25.31
5878440,34.6,25.31
5879142,35.6,25.30
5879844,34.6,25.31
5880546,34.6,25.31
5881248,34.6,25.31
5881950,34.6,25.31
5882652,35.6,25.31
5883354,35.6,25.31
5884056,34.6,25.31
5884758,34.6,25.30
5885460,34.6,25.31
5886162,35.6,25.31
5886864,35.6,25.30
5887566,34.6,25.30
5888268,34.6,25.30
5888970,34.6,25.30
5889672,34.6,25.30
5890374,35.6,25.30
5891076,35.6,25.30
5891778,34.6,25.30
5892480,35.6,25.30
5893182,35.6,25.30
5893884,35.6,25.30
5894586,35.6,25.30
5895288,34.6,25.30
5895990,35.6,25.30
5896692,34.6,25.30
5897394,34.6,25.30
5898096,34.6,25.29
5898798,34.6,25.29
5899500,34.6,25.29
