--- Terminal on /dev/ttyACM1 | 115200 8-N-1
--- Available filters and text transformations: debug, default, direct, esp32_exception_decoder, hexlify, log2file, nocontrol, printable, send_on_enter, time
--- More details at https://bit.ly/pio-monitor-filters
--- Quit: Ctrl+C | Menu: Ctrl+T | Help: Ctrl+T followed by Ctrl+H
68878,40.3,28.79
69180,40.3,28.79
69482,40.3,28.79
69784,40.3,28.79
70086,40.3,28.79
70388,40.3,28.79
70690,40.3,28.79
70992,40.3,28.79
71294,40.3,28.79
71596,40.3,28.79
71898,40.3,28.80
72200,40.3,28.80
72502,40.3,28.79
72804,40.3,28.79
73106,40.3,28.79
73408,40.3,28.79
73710,40.3,28.79
74012,39.3,28.79
74314,39.3,28.79
74616,40.3,28.79
74918,40.3,28.79
75220,40.3,28.79
75522,40.3,28.79
75824,40.3,28.79
76126,40.3,28.79
76428,40.3,28.79
76730,40.3,28.79
77032,40.3,28.79
77334,40.3,28.79
77636,40.3,28.79
77938,40.3,28.79
78240,40.3,28.79
78542,40.3,28.79
78844,40.3,28.79
79146,40.3,28.79
79448,40.3,28.79
79750,40.3,28.79
80052,40.3,28.79
80354,40.3,28.79
80656,40.3,28.79
80958,40.3,28.79
81260,41.3,28.79
81562,40.3,28.79
81864,40.3,28.79
82166,40.3,28.79
82468,40.3,28.79
82770,40.3,28.79
83072,40.3,28.79
83374,40.3,28.79
83676,40.3,28.79
83978,40.3,28.79
84280,40.3,28.79
84582,39.3,28.79
84884,40.3,28.79
85186,40.3,28.79
85488,40.3,28.79
85790,40.3,28.79
86092,40.3,28.79
86394,40.3,28.79
86696,40.3,28.79
86998,40.3,28.79
87300,39.3,28.79
87602,40.3,28.79
87904,39.3,28.79
88206,39.3,28.79
88508,39.3,28.79
88810,39.3,28.78
89112,39.3,28.78
89414,40.3,28.79
89716,40.3,28.79
90018,40.3,28.79
90320,40.3,28.79
90622,40.3,28.78
90924,40.3,28.79
91226,40.3,28.79
91528,40.3,28.78
91830,40.3,28.79
92132,40.3,28.79
92434,39.3,28.79
92736,40.3,28.79
93038,40.3,28.79
93340,40.3,28.78
93642,40.3,28.78
93944,40.3,28.78
94246,40.3,28.78
94548,40.3,28.78
94850,40.3,28.78
95152,40.3,28.78
95454,40.3,28.78
95756,40.3,28.79
96058,40.3,28.79
96360,39.3,28.79
96662,40.3,28.79
96964,40.3,28.79
97266,39.3,28.79
97568,40.3,28.78
97870,39.3,28.79
98172,39.3,28.79
98474,39.3,28.78
98776,40.3,28.78
99078,40.3,28.78
99380,40.3,28.79
99682,40.3,28.79
99984,40.3,28.78
100286,40.3,28.79
100588,40.3,28.79
100890,40.3,28.79
101192,40.3,28.79
101494,40.3,28.79
101796,40.3,28.79
102098,40.3,28.79
102400,40.3,28.79
102702,40.3,28.79
103004,40.3,28.79
103306,40.3,28.78
103608,40.3,28.79
103910,40.3,28.78
104212,40.3,28.79
104514,40.3,28.79
104816,40.3,28.78
105118,40.3,28.78
105420,40.3,28.78
105722,40.3,28.78
106024,40.3,28.79
106326,40.3,28.78
106628,40.3,28.78
106930,40.3,28.78
107232,40.3,28.78
107534,40.3,28.78
107836,40.3,28.78
108138,40.3,28.78
108440,40.3,28.78
.02
141056,40.3,29.02
141358,40.3,29.03
141660,39.3,29.03
141962,39.3,29.04
142264,40.3,29.04
142566,40.3,29.05
142868,40.3,29.05
143170,40.3,29.06
143472,40.3,29.07
144076,40.3,29.14
144378,40.3,29.15
144680,40.3,29.16
144982,40.3,29.16
145284,40.3,29.17
145586,40.3,29.18
145888,40.3,29.18
146190,40.3,29.19
146492,40.3,29.20
146794,40.3,29.20
147096,40.3,29.19
147398,40.3,29.21
147700,40.3,29.21
148002,40.3,29.22
148304,40.3,29.23
148606,39.3,29.23
148908,40.3,29.25
149210,40.3,29.25
149512,40.3,29.26
149814,40.3,29.27
150116,40.3,29.27
150418,39.3,29.28
150720,40.3,29.28
151022,40.3,29.28
151324,39.3,29.29
151626,40.3,29.23
151928,40.3,29.30
152230,40.3,29.31
152532,40.3,29.31
152834,40.3,29.31
153136,40.3,29.32
153438,40.3,29.32
153740,40.3,29.33
154042,40.3,29.33
154344,40.3,29.33
154646,40.3,29.34
154948,40.3,29.34
155250,40.3,29.35
155552,39.3,29.36
155854,39.3,29.36
156156,40.3,29.36
156458,40.3,29.37
156760,40.3,29.37
157062,40.3,29.38
157364,40.3,29.38
157666,40.3,29.38
157968,40.3,29.39
158270,40.3,29.40
158572,40.3,29.40
158874,40.3,29.40
159176,40.3,29.40
159478,40.3,29.40
159780,40.3,29.40
160082,40.3,29.39
160384,40.3,29.40
160686,39.3,29.40
160988,40.3,29.41
161290,40.3,29.41
161592,40.3,29.41
161894,40.3,29.41
162196,39.3,29.41
162498,39.3,29.42
162800,39.3,29.42
163102,40.3,29.42
163404,40.3,29.43
163706,40.3,29.43
164008,40.3,29.43
164310,40.3,29.43
164612,40.3,29.44
164914,39.3,29.44
165216,39.3,29.44
165518,40.3,29.44
165820,40.3,29.45
166122,40.3,29.45
166424,40.3,29.45
166726,40.3,29.45
167028,39.3,29.46
167330,40.3,29.46
167632,39.3,29.46
167934,40.3,29.46
168236,40.3,29.46
168538,40.3,29.47
168840,40.3,29.47
169142,40.3,29.47
169444,40.3,29.48
169746,40.3,29.48
170048,40.3,29.48
170350,40.3,29.48
170652,39.3,29.48
170954,39.3,29.49
171256,40.3,29.49
171558,40.3,29.49
171860,40.3,29.49
172162,40.3,29.49
172464,40.3,29.50
172766,40.3,29.50
173068,39.3,29.51
173370,39.3,29.51
173672,40.3,29.51
173974,40.3,29.52
174276,40.3,29.52
174578,40.3,29.52
174880,40.3,29.52
175182,40.3,29.53
175484,40.3,29.53
175786,40.3,29.54
176088,40.3,29.53
176390,40.3,29.53
176692,40.3,29.54
176994,40.3,29.54
177296,40.3,29.54
177598,40.3,29.54
177900,40.3,29.54
178202,40.3,29.54
178504,39.3,29.54
178806,40.3,29.55
179108,40.3,29.55
179410,40.3,29.56
179712,40.3,29.55
180014,40.3,29.56
180316,40.3,29.56
180618,40.3,29.56
180920,40.3,29.56
181222,40.3,29.56
181524,40.3,29.56
181826,40.3,29.56
182128,40.3,29.56
182430,40.3,29.56
182732,40.3,29.56
183034,40.3,29.56
183336,40.3,29.57
183638,40.3,29.57
183940,40.3,29.57
184242,40.3,29.57
184544,39.3,29.57
184846,40.3,29.57
185148,40.3,29.57
185450,40.3,29.58
185752,40.3,29.58
186054,40.3,29.58
186356,40.3,29.58
186658,40.3,29.58
186960,40.3,29.58
187262,39.3,29.58
187564,39.3,29.58
187866,40.3,29.58
188168,39.3,29.59
188470,40.3,29.59
188772,39.3,29.59
189074,39.3,29.59
189376,40.3,29.60
189678,40.3,29.59
189980,40.3,29.60
190282,40.3,29.60
190584,40.3,29.60
190886,40.3,29.60
191188,40.3,29.60
191490,40.3,29.61
191792,40.3,29.60
192094,40.3,29.61
192396,40.3,29.60
192698,40.3,29.60
193000,40.3,29.61
193302,40.3,29.61
193604,40.3,29.61
193906,40.3,29.62
194208,40.3,29.62
194510,40.3,29.62
194812,40.3,29.62
195114,40.3,29.63
195416,40.3,29.63
195718,40.3,29.63
196020,40.3,29.63
196322,40.3,29.63
196624,40.3,29.64
196926,40.3,29.63
197228,40.3,29.64
197530,40.3,29.64
197832,39.3,29.64
198134,40.3,29.64
198436,40.3,29.65
198738,40.3,29.65
199040,40.3,29.65
199342,40.3,29.66
199644,40.3,29.65
199946,40.3,29.66
200248,40.3,29.66
200550,40.3,29.66
200852,40.3,29.66
201154,40.3,29.67
201456,40.3,29.67
201758,40.3,29.67
202060,40.3,29.67
202362,40.3,29.68
202664,39.3,29.68
202966,39.3,29.68
203268,39.3,29.68
203570,39.3,29.68
203872,39.3,29.68
204174,40.3,29.69
204476,40.3,29.69
204778,40.3,29.69
205080,40.3,29.69
205382,40.3,29.69
205684,40.3,29.70
205986,40.3,29.70
206288,40.3,29.70
206590,40.3,29.70
206892,40.3,29.69
207194,40.3,29.70
207496,40.3,29.70
207798,40.3,29.70
208100,40.3,29.70
208402,40.3,29.70
208704,40.3,29.70
209006,40.3,29.70
209308,40.3,29.71
209610,40.3,29.71
209912,40.3,29.71
210214,41.3,29.71
210516,40.3,29.71
210818,40.3,29.71
211120,40.3,29.71
211422,40.3,29.72
211724,40.3,29.72
212026,40.3,29.72
212328,40.3,29.72
212630,40.3,29.72
212932,40.3,29.72
213234,40.3,29.72
213536,40.3,29.73
213838,40.3,29.73
214140,40.3,29.72
214442,40.3,29.73
214744,40.3,29.73
215046,40.3,29.73
215348,40.3,29.73
215650,40.3,29.73
215952,40.3,29.73
216254,40.3,29.74
216556,40.3,29.74
216858,40.3,29.74
217160,40.3,29.74
217462,40.3,29.74
217764,40.3,29.74
218066,40.3,29.74
218368,40.3,29.75
218670,40.3,29.75
218972,40.3,29.75
219274,40.3,29.75
219576,40.3,29.75
219878,40.3,29.75
220180,40.3,29.76
220482,40.3,29.75
220784,40.3,29.76
221086,40.3,29.76
221388,40.3,29.76
221690,40.3,29.76
221992,41.3,29.77
222294,41.3,29.77
222596,40.3,29.77
222898,40.3,29.77
223200,41.3,29.77
223502,40.3,29.77
223804,40.3,29.77
224106,40.3,29.77
224408,40.3,29.77
224710,40.3,29.77
225012,40.3,29.78
225314,41.3,29.78
225616,40.3,29.78
225918,40.3,29.78
226220,40.3,29.78
226522,40.3,29.78
226824,41.3,29.78
227126,41.3,29.78
227428,41.3,29.78
227730,40.3,29.78
228032,40.3,29.78
228334,40.3,29.79
228636,40.3,29.79
228938,40.3,29.79
229240,40.3,29.79
229542,40.3,29.79
229844,40.3,29.79
230146,40.3,29.78
230448,40.3,29.78
230750,40.3,29.76
231052,40.3,29.76
231354,40.3,29.75
231656,40.3,29.74
231958,40.3,29.73
232260,40.3,29.73
232562,41.3,29.73
232864,40.3,29.73
233166,40.3,29.72
233468,40.3,29.73
233770,40.3,29.73
234072,40.3,29.72
234374,40.3,29.72
234676,40.3,29.72
234978,40.3,29.72
235280,41.3,29.71
235582,41.3,29.71
235884,41.3,29.71
236186,40.3,29.71
236488,40.3,29.70
236790,40.3,29.67
237092,40.3,29.63
237394,40.3,29.61
237696,40.3,29.58
237998,40.3,29.54
238300,40.3,29.54
238602,40.3,29.53
238904,40.3,29.52
239206,40.3,29.50
239508,40.3,29.47
239810,40.3,29.43
240112,40.3,29.39
240414,40.3,29.33
240716,40.3,29.29
241018,40.3,29.22
241320,40.3,29.17
241622,40.3,29.12
241924,40.3,29.06
242226,40.3,29.01
242528,40.3,28.96
242830,40.3,28.91
243132,40.3,28.85
243434,40.3,28.79
243736,40.3,28.72
244038,40.3,28.67
244340,39.3,28.62
244642,39.3,28.57
244944,40.3,28.52
245246,40.3,28.47
245548,40.3,28.41
245850,40.3,28.36
246152,40.3,28.30
246454,40.3,28.25
246756,40.3,28.19
247058,40.3,28.13
247360,40.3,28.10
247662,40.3,28.07
247964,40.3,28.05
248266,40.3,28.02
248568,40.3,28.00
248870,39.3,27.97
249172,39.3,27.93
249474,39.3,27.89
249776,39.3,27.85
250078,39.3,27.81
250380,39.3,27.78
250682,39.3,27.74
250984,39.3,27.69
251286,39.3,27.65
251588,40.3,27.60
251890,39.3,27.57
252192,39.3,27.54
252494,39.3,27.51
252796,39.3,27.50
253098,39.3,27.48
253400,39.3,27.39
253702,39.3,27.29
254004,39.3,27.14
254306,39.3,26.97
254608,39.3,26.80
254910,39.3,26.66
255212,38.3,26.52
255514,39.3,26.39
255816,38.3,26.26
256118,38.3,26.13
256420,39.3,26.01
256722,39.3,25.91
257024,39.3,25.83
257326,39.3,25.72
257628,39.3,25.66
257930,39.3,25.66
258232,39.3,25.59
258534,39.3,25.57
258836,39.3,25.59
259138,39.3,25.61
259440,39.3,25.60
259742,38.3,25.59
260044,39.3,25.58
260346,39.3,25.56
260648,39.3,25.55
260950,39.3,25.54
261252,38.3,25.52
261554,39.3,25.51
261856,38.3,25.51
262158,38.3,25.51
262460,39.3,25.50
262762,39.3,25.50
263064,39.3,25.50
263366,38.3,25.51
263668,39.3,25.51
263970,38.3,25.52
264272,38.3,25.53
264574,38.3,25.53
264876,38.3,25.55
265178,38.3,25.56
265480,38.3,25.58
265782,38.3,25.59
266084,38.3,25.61
266386,38.3,25.62
266688,38.3,25.64
266990,38.3,25.66
267292,38.3,25.66
267594,38.3,25.68
267896,38.3,25.68
268198,38.3,25.70
268500,38.3,25.71
268802,38.3,25.71
269104,38.3,25.72
269406,38.3,25.72
269708,38.3,25.73
270010,38.3,25.73
270312,38.3,25.73
270614,38.3,25.73
270916,38.3,25.73
271218,38.3,25.73
271520,38.3,25.73
271822,38.3,25.74
272124,38.3,25.73
272426,38.3,25.74
272728,38.3,25.74
273030,37.3,25.73
273332,38.3,25.74
273634,37.3,25.73
273936,37.3,25.73
274238,37.3,25.74
274540,37.3,25.73
274842,37.3,25.74
275144,37.3,25.74
275446,38.3,25.74
275748,38.3,25.75
276050,38.3,25.75
276352,38.3,25.74
276654,38.3,25.74
276956,38.3,25.75
277258,38.3,25.75
277560,38.3,25.75
277862,38.3,25.75
278164,38.3,25.74
278466,37.3,25.74
278768,37.3,25.74
279070,37.3,25.74
279372,37.3,25.74
279674,37.3,25.73
279976,37.3,25.73
280278,37.3,25.73
280580,37.3,25.72
280882,38.3,25.72
281184,37.3,25.71
281486,37.3,25.71
281788,37.3,25.69
282090,37.3,25.69
282392,37.3,25.68
282694,37.3,25.68
282996,37.3,25.68
283298,37.3,25.68
283600,37.3,25.68
283902,37.3,25.67
284204,37.3,25.67
284506,37.3,25.67
284808,37.3,25.66
285110,38.3,25.66
285412,37.3,25.65
285714,37.3,25.65
286016,37.3,25.65
286318,37.3,25.64
286620,37.3,25.63
286922,37.3,25.63
287224,37.3,25.62
287526,37.3,25.61
287828,37.3,25.61
288130,37.3,25.60
288432,37.3,25.60
288734,37.3,25.59
289036,37.3,25.58
289338,37.3,25.58
289640,37.3,25.57
289942,37.3,25.57
290244,37.3,25.56
290546,37.3,25.56
290848,37.3,25.55
291150,37.3,25.54
291452,37.3,25.54
291754,37.3,25.53
292056,37.3,25.52
292358,37.3,25.53
292660,37.3,25.51
292962,37.3,25.51
293264,37.3,25.50
293566,37.3,25.49
293868,37.3,25.48
294170,37.3,25.47
294472,37.3,25.47
294774,37.3,25.46
295076,37.3,25.45
295378,37.3,25.45
295680,37.3,25.44
295982,36.3,25.44
296284,36.3,25.43
296586,37.3,25.42
296888,37.3,25.41
297190,37.3,25.41
297492,37.3,25.41
297794,37.3,25.40
298096,37.3,25.41
298398,36.3,25.40
298700,36.3,25.39
299002,36.3,25.38
299304,36.3,25.37
299606,36.3,25.36
299908,36.3,25.35
300210,37.3,25.34
300512,37.3,25.34
300814,36.3,25.33
301116,36.3,25.33
301418,36.3,25.32
301720,36.3,25.32
302022,36.3,25.31
302324,36.3,25.31
302626,36.3,25.30
302928,36.3,25.29
303230,36.3,25.28
303532,37.3,25.28
303834,36.3,25.27
304136,37.3,25.27
304438,36.3,25.26
304740,36.3,25.25
305042,36.3,25.25
305344,36.3,25.24
305646,36.3,25.22
305948,36.3,25.22
306250,36.3,25.21
306552,36.3,25.20
306854,36.3,25.19
307156,36.3,25.18
307458,36.3,25.17
307760,36.3,25.16
308062,36.3,25.14
308364,36.3,25.12
308666,36.3,25.13
308968,36.3,25.12
309270,36.3,25.11
309572,36.3,25.10
309874,36.3,25.10
310176,36.3,25.10
310478,36.3,25.10
310780,36.3,25.09
311082,35.3,25.09
311384,35.3,25.09
311686,36.3,25.09
311988,35.3,25.08
312290,36.3,25.08
312592,35.3,25.07
312894,35.3,25.07
313196,35.3,25.06
313498,36.3,25.06
313800,36.3,25.05
314102,36.3,25.05
314404,36.3,25.04
314706,36.3,25.04
315008,36.3,25.03
315310,36.3,25.03
315612,36.3,25.02
315914,36.3,25.01
316216,36.3,25.00
316518,36.3,25.00
316820,36.3,24.99
317122,35.3,24.98
317424,36.3,24.98
317726,35.3,24.97
318028,35.3,24.97
318330,35.3,24.96
318632,35.3,24.96
318934,35.3,24.96
319236,35.3,24.95
319538,35.3,24.94
319840,34.3,24.93
320142,35.3,24.93
320444,35.3,24.92
320746,35.3,24.91
321048,35.3,24.90
321350,35.3,24.89
321652,35.3,24.88
321954,35.3,24.87
322256,35.3,24.86
322558,35.3,24.84
322860,35.3,24.83
323162,35.3,24.82
323464,35.3,24.81
323766,35.3,24.80
324068,35.3,24.79
324370,35.3,24.77
324672,35.3,24.76
324974,35.3,24.75
325276,35.3,24.74
325578,35.3,24.73
325880,35.3,24.72
326182,35.3,24.71
326484,35.3,24.70
326786,34.3,24.70
327088,34.3,24.68
327390,34.3,24.68
327692,34.3,24.67
327994,34.3,24.66
328296,34.3,24.64
328598,35.3,24.63
328900,34.3,24.63
329202,35.3,24.62
329504,34.3,24.61
329806,35.3,24.59
330108,35.3,24.59
330410,34.3,24.58
330712,35.3,24.57
331014,35.3,24.56
331316,34.3,24.55
331618,34.3,24.54
331920,34.3,24.54
332222,34.3,24.53
332524,34.3,24.53
332826,34.3,24.53
333128,34.3,24.52
333430,34.3,24.51
333732,34.3,24.50
334034,34.3,24.49
334336,34.3,24.47
334638,34.3,24.47
334940,34.3,24.46
335242,34.3,24.46
335544,34.3,24.45
335846,34.3,24.44
336148,34.3,24.43
336450,34.3,24.43
336752,34.3,24.41
337054,34.3,24.40
337356,34.3,24.40
337658,34.3,24.38
337960,34.3,24.37
338262,34.3,24.36
338564,34.3,24.36
338866,34.3,24.35
339168,34.3,24.35
339470,34.3,24.33
339772,34.3,24.33
340074,34.3,24.31
340376,34.3,24.30
340678,34.3,24.30
340980,34.3,24.29
341282,34.3,24.28
341584,34.3,24.28
341886,34.3,24.27
342188,34.3,24.27
342490,34.3,24.26
342792,34.3,24.25
343094,34.3,24.24
343396,34.3,24.23
343698,34.3,24.22
344000,34.3,24.21
344302,33.3,24.19
344604,33.3,24.18
344906,34.3,24.17
345208,34.3,24.16
345510,34.3,24.14
345812,34.3,24.13
346114,34.3,24.12
346416,34.3,24.11
346718,34.3,24.10
347020,34.3,24.09
347322,34.3,24.08
347624,34.3,24.07
347926,34.3,24.05
348228,34.3,24.05
348530,34.3,24.03
348832,34.3,24.01
349134,34.3,24.00
349436,34.3,24.00
349738,34.3,23.99
350040,34.3,23.98
350342,34.3,23.97
350644,34.3,23.96
350946,33.3,23.96
351248,33.3,23.95
351550,33.3,23.95
351852,33.3,23.94
352154,33.3,23.93
352456,33.3,23.92
352758,33.3,23.91
353060,33.3,23.91
353362,33.3,23.89
353664,33.3,23.89
353966,33.3,23.88
354268,33.3,23.87
354570,33.3,23.86
354872,33.3,23.86
355174,33.3,23.85
355476,33.3,23.84
355778,33.3,23.83
356080,33.3,23.82
356382,33.3,23.81
356684,33.3,23.81
356986,33.3,23.80
357288,33.3,23.79
357590,33.3,23.79
357892,33.3,23.78
358194,34.3,23.77
358496,33.3,23.76
358798,33.3,23.76
359100,33.3,23.75
359402,33.3,23.74
359704,34.3,23.74
360006,33.3,23.73
360308,33.3,23.73
360610,33.3,23.73
360912,33.3,23.72
361214,33.3,23.71
361516,33.3,23.70
361818,33.3,23.69
362120,33.3,23.68
362422,33.3,23.66
362724,33.3,23.65
363026,33.3,23.65
363328,32.3,23.64
363630,32.3,23.63
363932,32.3,23.62
364234,32.3,23.62
364536,33.3,23.60
364838,33.3,23.60
365140,33.3,23.59
365442,33.3,23.58
365744,33.3,23.58
366046,33.3,23.57
366348,33.3,23.56
366650,32.3,23.56
366952,33.3,23.55
367254,33.3,23.55
367556,33.3,23.54
367858,32.3,23.53
368160,32.3,23.53
368462,32.3,23.52
368764,32.3,23.52
369066,32.3,23.51
369368,33.3,23.51
369670,32.3,23.50
369972,32.3,23.49
370274,32.3,23.48
370576,32.3,23.48
370878,32.3,23.47
371180,32.3,23.47
371482,32.3,23.46
371784,32.3,23.46
372086,32.3,23.45
372388,32.3,23.45
372690,32.3,23.44
372992,32.3,23.44
373294,32.3,23.43
373596,32.3,23.43
373898,32.3,23.42
374200,32.3,23.41
374502,32.3,23.40
374804,32.3,23.40
375106,32.3,23.39
375408,32.3,23.39
375710,32.3,23.38
376012,32.3,23.38
376314,31.3,23.37
376616,31.3,23.37
376918,31.3,23.36
377220,31.3,23.36
377522,31.3,23.35
377824,32.3,23.35
378126,32.3,23.35
378428,32.3,23.34
378730,32.3,23.34
379032,32.3,23.33
379334,32.3,23.32
379636,32.3,23.31
379938,31.3,23.30
380240,31.3,23.29
380542,31.3,23.29
380844,31.3,23.27
381146,31.3,23.26
381448,31.3,23.25
381750,31.3,23.25
382052,31.3,23.24
382354,31.3,23.22
382656,31.3,23.21
382958,32.3,23.20
383260,32.3,23.19
383562,32.3,23.17
383864,32.3,23.16
384166,32.3,23.15
384468,32.3,23.15
384770,32.3,23.13
385072,32.3,23.12
385374,32.3,23.11
385676,32.3,23.10
385978,31.3,23.09
386280,32.3,23.08
386582,31.3,23.06
386884,31.3,23.06
387186,31.3,23.04
387488,32.3,23.03
387790,31.3,23.01
388092,31.3,23.00
388394,31.3,22.98
388696,31.3,22.98
388998,31.3,22.96
389300,31.3,22.95
389602,31.3,22.94
389904,31.3,22.94
390206,31.3,22.92
390508,32.3,22.91
390810,31.3,22.90
391112,31.3,22.90
391414,31.3,22.89
391716,31.3,22.88
392018,31.3,22.88
392320,31.3,22.87
392622,31.3,22.87
392924,32.3,22.87
393226,31.3,22.86
393528,31.3,22.86
393830,31.3,22.85
394132,31.3,22.84
394434,31.3,22.83
394736,31.3,22.82
395038,31.3,22.82
395340,31.3,22.81
395642,32.3,22.81
395944,31.3,22.81
396246,31.3,22.79
396548,31.3,22.80
396850,31.3,22.79
397152,31.3,22.78
397454,31.3,22.77
397756,31.3,22.76
398058,31.3,22.75
398360,31.3,22.74
398662,31.3,22.73
398964,31.3,22.71
399266,31.3,22.70
399568,31.3,22.69
399870,31.3,22.69
400172,31.3,22.67
400474,31.3,22.67
400776,31.3,22.67
401078,31.3,22.66
401380,31.3,22.65
401682,30.3,22.65
401984,31.3,22.64
402286,31.3,22.63
402588,31.3,22.62
402890,30.3,22.62
403192,31.3,22.62
403494,31.3,22.61
403796,31.3,22.60
404098,31.3,22.60
404400,31.3,22.59
404702,31.3,22.59
405004,31.3,22.58
405306,31.3,22.57
405608,31.3,22.57
405910,31.3,22.56
406212,31.3,22.55
406514,31.3,22.54
406816,31.3,22.53
407118,31.3,22.52
407420,31.3,22.51
407722,31.3,22.50
408024,32.3,22.49
408326,31.3,22.49
408628,31.3,22.47
408930,31.3,22.47
409232,31.3,22.46
409534,31.3,22.46
409836,30.3,22.45
410138,30.3,22.44
410440,31.3,22.42
410742,30.3,22.42
411044,30.3,22.42
411346,30.3,22.41
411648,30.3,22.40
411950,30.3,22.39
412252,30.3,22.38
412554,30.3,22.38
412856,30.3,22.36
413158,30.3,22.36
413460,30.3,22.35
413762,30.3,22.35
414064,30.3,22.34
414366,30.3,22.34
414668,30.3,22.33
414970,30.3,22.33
415272,30.3,22.32
415574,30.3,22.31
415876,30.3,22.30
416178,30.3,22.29
416480,30.3,22.26
416782,30.3,22.27
417084,30.3,22.26
417386,30.3,22.25
417688,31.3,22.24
417990,30.3,22.24
418292,30.3,22.23
418594,31.3,22.22
418896,30.3,22.21
419198,30.3,22.20
419500,30.3,22.19
419802,30.3,22.18
420104,30.3,22.18
420406,30.3,22.17
420708,30.3,22.15
421010,30.3,22.14
421312,30.3,22.14
421614,30.3,22.12
421916,30.3,22.12
422218,30.3,22.11
422520,30.3,22.08
422822,30.3,22.09
423124,30.3,22.08
423426,30.3,22.08
423728,31.3,22.07
424030,30.3,22.06
424332,30.3,22.05
424634,30.3,22.04
424936,30.3,22.04
425238,30.3,22.03
425540,31.3,22.02
425842,30.3,22.01
426144,30.3,22.00
426446,30.3,21.99
426748,30.3,21.98
427050,30.3,21.97
427352,30.3,21.97
427654,30.3,21.96
427956,30.3,21.96
428258,30.3,21.95
428560,30.3,21.93
428862,30.3,21.92
429164,30.3,21.92
429466,30.3,21.91
429768,30.3,21.91
430070,30.3,21.90
430372,30.3,21.89
430674,30.3,21.89
430976,30.3,21.88
431278,30.3,21.87
431580,30.3,21.86
431882,30.3,21.85
432184,30.3,21.84
432486,31.3,21.84
432788,30.3,21.84
433090,30.3,21.83
433392,30.3,21.83
433694,30.3,21.82
433996,30.3,21.81
434298,30.3,21.81
434600,30.3,21.80
434902,30.3,21.79
435204,30.3,21.78
435506,30.3,21.77
435808,30.3,21.77
436110,30.3,21.77
436412,30.3,21.75
436714,30.3,21.75
437016,30.3,21.74
437318,30.3,21.72
437620,30.3,21.71
437922,30.3,21.70
438224,30.3,21.69
438526,30.3,21.69
438828,30.3,21.68
439130,30.3,21.68
439432,30.3,21.67
439734,30.3,21.67
440036,30.3,21.66
440338,30.3,21.65
440640,30.3,21.65
440942,30.3,21.64
441244,30.3,21.64
441546,30.3,21.63
441848,30.3,21.63
442150,30.3,21.62
442452,30.3,21.62
442754,30.3,21.61
443056,29.3,21.61
443358,30.3,21.60
443660,30.3,21.59
443962,30.3,21.58
444264,29.3,21.58
444566,30.3,21.57
444868,30.3,21.56
445170,30.3,21.55
445472,30.3,21.55
445774,30.3,21.55
446076,30.3,21.55
446378,30.3,21.54
446680,30.3,21.53
446982,30.3,21.53
447284,29.3,21.53
447586,30.3,21.52
447888,30.3,21.51
448190,30.3,21.51
448492,30.3,21.50
448794,30.3,21.50
449096,30.3,21.48
449398,30.3,21.47
449700,30.3,21.47
450002,30.3,21.46
450304,30.3,21.46
450606,30.3,21.45
450908,29.3,21.44
451210,29.3,21.44
451512,29.3,21.44
451814,29.3,21.43
452116,29.3,21.42
452418,30.3,21.42
452720,30.3,21.41
453022,30.3,21.40
453324,30.3,21.40
453626,30.3,21.39
453928,29.3,21.38
454230,29.3,21.37
454532,30.3,21.36
454834,29.3,21.35
455136,30.3,21.34
455438,30.3,21.32
455740,30.3,21.32
456042,30.3,21.31
456344,30.3,21.30
456646,30.3,21.29
456948,30.3,21.29
457250,30.3,21.28
457552,29.3,21.27
457854,29.3,21.26
458156,29.3,21.26
458458,30.3,21.25
458760,30.3,21.24
459062,29.3,21.24
459364,30.3,21.23
459666,29.3,21.21
459968,29.3,21.20
460270,29.3,21.20
460572,29.3,21.19
460874,29.3,21.18
461176,29.3,21.17
461478,29.3,21.17
461780,29.3,21.16
462082,29.3,21.15
462384,29.3,21.13
462686,29.3,21.12
462988,29.3,21.11
463290,29.3,21.10
463592,29.3,21.08
463894,29.3,21.06
464196,29.3,21.05
464498,29.3,21.03
464800,30.3,21.03
465102,30.3,21.03
465404,30.3,21.01
465706,29.3,21.01
466008,29.3,21.00
466310,29.3,20.99
466612,29.3,20.99
466914,29.3,20.98
467216,30.3,20.97
467518,30.3,20.97
467820,30.3,20.96
468122,30.3,20.96
468424,30.3,20.96
468726,29.3,20.95
469028,29.3,20.95
469330,29.3,20.95
469632,29.3,20.94
469934,29.3,20.94
470236,29.3,20.94
470538,29.3,20.92
470840,29.3,20.93
471142,29.3,20.92
471444,30.3,20.92
471746,29.3,20.92
472048,29.3,20.91
472350,29.3,20.91
472652,29.3,20.90
472954,29.3,20.90
473256,29.3,20.89
473558,29.3,20.89
473860,28.3,20.88
474162,29.3,20.87
474464,29.3,20.87
474766,29.3,20.86
475068,29.3,20.85
475370,29.3,20.85
475672,29.3,20.84
475974,29.3,20.84
476276,30.3,20.83
476578,29.3,20.83
476880,29.3,20.83
477182,29.3,20.82
477484,29.3,20.81
477786,29.3,20.80
478088,29.3,20.79
478390,29.3,20.79
478692,29.3,20.78
478994,29.3,20.78
479296,29.3,20.78
479598,29.3,20.77
479900,28.3,20.76
480202,29.3,20.75
480504,29.3,20.74
480806,29.3,20.73
481108,29.3,20.72
481410,29.3,20.71
481712,29.3,20.70
482014,28.3,20.69
482316,28.3,20.68
482618,28.3,20.66
482920,29.3,20.65
483222,29.3,20.64
483524,28.3,20.63
483826,28.3,20.62
484128,29.3,20.62
484430,29.3,20.62
484732,28.3,20.61
485034,28.3,20.61
485336,29.3,20.60
485638,28.3,20.59
485940,28.3,20.59
486242,29.3,20.58
486544,28.3,20.58
486846,29.3,20.57
487148,29.3,20.56
487450,29.3,20.56
487752,29.3,20.54
488054,30.3,20.53
488356,29.3,20.52
488658,28.3,20.51
488960,29.3,20.50
489262,28.3,20.50
489564,29.3,20.49
489866,28.3,20.48
490168,29.3,20.47
490470,28.3,20.46
490772,29.3,20.45
491074,29.3,20.44
491376,29.3,20.43
491678,28.3,20.42
491980,29.3,20.41
492282,29.3,20.40
492584,29.3,20.39
492886,28.3,20.38
493188,28.3,20.38
493490,28.3,20.37
493792,29.3,20.36
494094,28.3,20.35
494396,28.3,20.34
494698,29.3,20.33
495000,29.3,20.32
495302,29.3,20.31
495604,29.3,20.30
495906,30.3,20.30
496208,30.3,20.29
496510,29.3,20.27
496812,29.3,20.27
497114,29.3,20.25
497416,28.3,20.25
497718,28.3,20.24
498020,28.3,20.24
498322,27.3,20.24
498624,28.3,20.23
498926,29.3,20.23
499228,28.3,20.22
499530,28.3,20.21
499832,28.3,20.21
500134,29.3,20.20
500436,28.3,20.19
500738,29.3,20.18
501040,29.3,20.18
501342,29.3,20.17
501644,29.3,20.16
501946,29.3,20.16
502248,28.3,20.14
502550,28.3,20.13
502852,28.3,20.12
503154,28.3,20.12
503456,28.3,20.11
503758,28.3,20.10
504060,27.3,20.10
504362,28.3,20.09
504664,28.3,20.08
504966,28.3,20.08
505268,28.3,20.07
505570,29.3,20.06
505872,28.3,20.05
506174,29.3,20.04
506476,28.3,20.04
506778,27.3,20.04
507080,28.3,20.03
507382,27.3,20.02
507684,28.3,20.01
507986,27.3,20.00
508288,28.3,20.00
508590,27.3,19.99
508892,28.3,19.97
509194,27.3,19.96
509496,27.3,19.96
509798,27.3,19.95
510100,28.3,19.93
510402,28.3,19.93
510704,28.3,19.92
511006,28.3,19.92
511308,28.3,19.91
511610,27.3,19.90
511912,28.3,19.89
512214,28.3,19.88
512516,28.3,19.86
512818,29.3,19.87
513120,29.3,19.86
513422,29.3,19.86
513724,29.3,19.85
514026,29.3,19.84
514328,29.3,19.84
514630,29.3,19.83
514932,28.3,19.82
515234,28.3,19.81
515536,28.3,19.81
515838,28.3,19.81
516140,28.3,19.80
516442,28.3,19.80
516744,28.3,19.78
517046,29.3,19.78
517348,28.3,19.77
517650,28.3,19.76
517952,27.3,19.76
518254,28.3,19.74
518556,28.3,19.72
518858,28.3,19.73
519160,27.3,19.72
519462,28.3,19.71
519764,27.3,19.70
520066,27.3,19.70
520368,27.3,19.68
520670,27.3,19.68
520972,28.3,19.67
521274,28.3,19.66
521576,28.3,19.66
521878,28.3,19.65
522180,28.3,19.64
522482,27.3,19.63
522784,28.3,19.62
523086,27.3,19.61
523388,27.3,19.60
523690,27.3,19.59
523992,27.3,19.59
524294,27.3,19.57
524596,27.3,19.56
524898,27.3,19.56
525200,28.3,19.55
525502,27.3,19.53
525804,28.3,19.52
526106,27.3,19.51
526408,27.3,19.50
526710,27.3,19.49
527012,28.3,19.48
527314,27.3,19.47
527616,27.3,19.46
527918,28.3,19.45
528220,27.3,19.44
528522,28.3,19.43
528824,28.3,19.42
529126,28.3,19.41
529428,28.3,19.40
529730,28.3,19.39
530032,28.3,19.39
530334,27.3,19.38
530636,27.3,19.37
530938,28.3,19.36
531240,27.3,19.36
531542,28.3,19.35
531844,27.3,19.34
532146,27.3,19.34
532448,27.3,19.32
532750,28.3,19.31
533052,28.3,19.31
533354,27.3,19.30
533656,27.3,19.29
533958,28.3,19.28
534260,29.3,19.28
534562,28.3,19.27
534864,28.3,19.27
535166,28.3,19.26
535468,28.3,19.25
535770,27.3,19.25
536072,27.3,19.24
536374,26.3,19.23
536676,27.3,19.22
536978,28.3,19.21
537280,28.3,19.21
537582,28.3,19.20
537884,28.3,19.19
538186,27.3,19.18
538488,28.3,19.17
538790,28.3,19.17
539092,28.3,19.15
539394,27.3,19.14
539696,28.3,19.14
539998,27.3,19.13
540300,28.3,19.12
540602,28.3,19.11
540904,28.3,19.10
541206,28.3,19.09
541508,28.3,19.08
541810,27.3,19.06
542112,27.3,19.06
542414,27.3,19.05
542716,27.3,19.04
543018,26.3,19.04
543320,27.3,19.03
543622,27.3,19.03
543924,27.3,19.02
544226,27.3,19.01
544528,28.3,19.00
544830,28.3,18.99
545132,29.3,18.98
545434,28.3,18.98
545736,28.3,18.96
546038,27.3,18.96
546340,27.3,18.95
546642,28.3,18.94
546944,28.3,18.93
547246,28.3,18.93
547548,27.3,18.92
547850,28.3,18.92
548152,28.3,18.91
548454,28.3,18.90
548756,28.3,18.89
549058,28.3,18.88
549360,28.3,18.88
549662,27.3,18.88
549964,27.3,18.87
550266,26.3,18.86
550568,27.3,18.86
550870,26.3,18.85
551172,26.3,18.85
551474,26.3,18.84
551776,26.3,18.84
552078,26.3,18.84
552380,26.3,18.83
552682,26.3,18.83
552984,26.3,18.83
553286,26.3,18.82
553588,26.3,18.81
553890,26.3,18.81
554192,27.3,18.80
554494,27.3,18.79
554796,27.3,18.78
555098,27.3,18.78
555400,26.3,18.77
555702,27.3,18.75
556004,26.3,18.75
556306,27.3,18.74
556608,27.3,18.73
556910,27.3,18.72
557212,27.3,18.72
557514,26.3,18.70
557816,27.3,18.69
558118,27.3,18.68
558420,26.3,18.68
558722,26.3,18.68
559024,27.3,18.67
559326,26.3,18.66
559628,27.3,18.66
559930,26.3,18.65
560232,26.3,18.64
560534,26.3,18.63
560836,27.3,18.63
561138,26.3,18.62
561440,26.3,18.60
561742,27.3,18.59
562044,27.3,18.58
562346,27.3,18.57
562648,27.3,18.56
562950,27.3,18.55
563252,27.3,18.55
563554,26.3,18.54
563856,26.3,18.54
564158,26.3,18.53
564460,26.3,18.53
564762,27.3,18.52
565064,27.3,18.52
565366,26.3,18.52
565668,27.3,18.51
565970,27.3,18.51
566272,26.3,18.51
566574,26.3,18.49
566876,27.3,18.50
567178,27.3,18.49
567480,27.3,18.49
567782,27.3,18.48
568084,28.3,18.47
568386,27.3,18.47
568688,27.3,18.46
568990,27.3,18.45
569292,27.3,18.44
569594,27.3,18.44
569896,28.3,18.43
570198,27.3,18.42
570500,27.3,18.41
570802,27.3,18.41
571104,27.3,18.40
571406,26.3,18.39
571708,27.3,18.38
572010,27.3,18.37
572312,27.3,18.36
572614,27.3,18.35
572916,26.3,18.34
573218,26.3,18.33
573520,27.3,18.32
573822,27.3,18.32
574124,27.3,18.31
574426,26.3,18.31
574728,26.3,18.30
575030,26.3,18.29
575332,26.3,18.29
575634,26.3,18.29
575936,26.3,18.28
576238,26.3,18.28
576540,26.3,18.27
576842,26.3,18.27
577144,26.3,18.26
577446,26.3,18.25
577748,26.3,18.25
578050,27.3,18.24
578352,27.3,18.24
578654,27.3,18.23
578956,27.3,18.23
579258,27.3,18.22
579560,27.3,18.21
579862,27.3,18.21
580164,26.3,18.20
580466,27.3,18.20
580768,27.3,18.20
581070,27.3,18.20
581372,27.3,18.19
581674,26.3,18.19
581976,26.3,18.18
582278,26.3,18.18
582580,26.3,18.17
582882,26.3,18.17
583184,27.3,18.16
583486,26.3,18.15
583788,26.3,18.15
584090,26.3,18.14
584392,27.3,18.14
584694,26.3,18.13
584996,26.3,18.12
585298,27.3,18.12
585600,27.3,18.11
585902,26.3,18.11
586204,27.3,18.11
586506,27.3,18.09
586808,27.3,18.09
587110,26.3,18.08
587412,26.3,18.08
587714,26.3,18.08
588016,27.3,18.08
588318,27.3,18.08
588620,26.3,18.07
588922,26.3,18.07
589224,26.3,18.07
589526,26.3,18.07
589828,26.3,18.06
590130,27.3,18.06
590432,26.3,18.05
590734,26.3,18.05
591036,26.3,18.04
591338,26.3,18.03
591640,26.3,18.02
591942,26.3,18.02
592244,26.3,18.02
592546,27.3,18.01
592848,27.3,18.01
593150,27.3,18.00
593452,27.3,18.00
593754,26.3,17.99
594056,27.3,17.99
594358,26.3,17.99
594660,26.3,17.98
594962,27.3,17.98
595264,26.3,17.98
595566,26.3,17.98
595868,27.3,17.98
596170,27.3,17.97
596472,26.3,17.97
596774,27.3,17.97
597076,27.3,17.96
597378,26.3,17.95
597680,26.3,17.94
597982,26.3,17.94
598284,26.3,17.93
598586,26.3,17.93
598888,26.3,17.92
599190,26.3,17.92
599492,26.3,17.91
599794,25.3,17.91
600096,25.3,17.91
600398,26.3,17.90
600700,26.3,17.90
601002,26.3,17.89
601304,25.3,17.89
601606,25.3,17.89
601908,26.3,17.88
602210,26.3,17.88
602512,26.3,17.87
602814,26.3,17.87
603116,26.3,17.86
603418,26.3,17.85
603720,26.3,17.84
604022,25.3,17.84
604324,26.3,17.82
604626,25.3,17.81
604928,25.3,17.81
605230,25.3,17.80
605532,25.3,17.79
605834,26.3,17.79
606136,25.3,17.78
606438,25.3,17.77
606740,25.3,17.76
607042,26.3,17.76
607344,25.3,17.75
607646,26.3,17.74
607948,26.3,17.74
608250,26.3,17.73
608552,26.3,17.73
608854,26.3,17.72
609156,27.3,17.71
609458,26.3,17.71
609760,26.3,17.70
610062,26.3,17.70
610364,26.3,17.69
610666,26.3,17.69
610968,26.3,17.69
611270,26.3,17.68
611572,26.3,17.67
611874,26.3,17.67
612176,26.3,17.67
612478,26.3,17.66
612780,26.3,17.65
613082,26.3,17.64
613384,26.3,17.63
613686,26.3,17.63
613988,26.3,17.62
614290,26.3,17.61
614592,26.3,17.59
614894,26.3,17.59
615196,26.3,17.58
615498,26.3,17.58
615800,26.3,17.57
616102,26.3,17.57
616404,26.3,17.56
616706,27.3,17.55
617008,26.3,17.54
617310,26.3,17.53
617612,26.3,17.53
617914,26.3,17.52
618216,26.3,17.51
618518,25.3,17.50
618820,25.3,17.49
619122,25.3,17.47
619424,26.3,17.47
619726,26.3,17.46
620028,26.3,17.46
620330,25.3,17.45
620632,25.3,17.43
620934,25.3,17.43
621236,25.3,17.42
621538,25.3,17.41
621840,26.3,17.40
622142,26.3,17.39
622444,26.3,17.39
622746,26.3,17.38
623048,26.3,17.37
623350,26.3,17.37
623652,26.3,17.37
623954,26.3,17.35
624256,26.3,17.35
624558,26.3,17.34
624860,27.3,17.34
625162,26.3,17.33
625464,25.3,17.33
625766,26.3,17.32
626068,26.3,17.32
626370,26.3,17.31
626672,26.3,17.31
626974,25.3,17.31
627276,25.3,17.30
627578,25.3,17.29
627880,25.3,17.29
628182,24.3,17.28
628484,24.3,17.28
628786,24.3,17.27
629088,25.3,17.27
629390,26.3,17.26
629692,26.3,17.26
629994,27.3,17.25
630296,26.3,17.24
630598,26.3,17.23
630900,26.3,17.23
631202,26.3,17.22
631504,26.3,17.21
631806,26.3,17.20
632108,26.3,17.18
632410,26.3,17.18
632712,25.3,17.17
633014,26.3,17.16
633316,25.3,17.16
633618,24.3,17.14
633920,24.3,17.14
634222,24.3,17.13
634524,24.3,17.13
634826,24.3,17.12
635128,25.3,17.11
635430,26.3,17.10
635732,26.3,17.10
636034,25.3,17.09
636336,26.3,17.08
636638,25.3,17.07
636940,25.3,17.07
637242,25.3,17.07
637544,26.3,17.06
637846,25.3,17.05
638148,26.3,17.05
638450,25.3,17.04
638752,24.3,17.04
639054,25.3,17.04
639356,26.3,17.03
639658,25.3,17.03
639960,26.3,17.03
640262,25.3,17.03
640564,24.3,17.03
640866,25.3,17.02
641168,24.3,17.02
641470,24.3,17.02
641772,25.3,17.02
642074,26.3,17.01
642376,26.3,17.01
642678,25.3,17.00
642980,26.3,17.00
643282,26.3,16.99
643584,25.3,16.99
643886,25.3,16.98
644188,26.3,16.98
644490,25.3,16.97
644792,25.3,16.97
645094,26.3,16.96
645396,26.3,16.96
645698,26.3,16.96
646000,26.3,16.94
646302,26.3,16.94
646604,26.3,16.94
646906,25.3,16.93
647208,25.3,16.93
647510,24.3,16.92
647812,25.3,16.92
648114,25.3,16.91
648416,25.3,16.91
648718,25.3,16.90
649020,24.3,16.90
649322,25.3,16.89
649624,25.3,16.89
649926,25.3,16.89
650228,24.3,16.88
650530,24.3,16.88
650832,25.3,16.87
651134,24.3,16.87
651436,24.3,16.86
651738,25.3,16.85
652040,26.3,16.85
652342,26.3,16.84
652644,25.3,16.84
652946,26.3,16.84
653248,25.3,16.83
653550,26.3,16.82
653852,25.3,16.81
654154,24.3,16.81
654456,24.3,16.80
654758,25.3,16.80
655060,25.3,16.79
655362,26.3,16.78
655664,25.3,16.77
655966,26.3,16.77
656268,26.3,16.76
656570,25.3,16.76
656872,25.3,16.74
657174,24.3,16.74
657476,25.3,16.73
657778,24.3,16.73
658080,25.3,16.72
658382,24.3,16.72
658684,24.3,16.71
658986,24.3,16.71
659288,24.3,16.71
659590,24.3,16.70
659892,25.3,16.69
660194,25.3,16.69
660496,24.3,16.68
660798,24.3,16.68
661100,24.3,16.67
661402,24.3,16.67
661704,24.3,16.66
662006,25.3,16.66
662308,25.3,16.66
662610,25.3,16.62
662912,24.3,16.63
663214,24.3,16.63
663516,24.3,16.63
663818,25.3,16.62
664120,24.3,16.61
664422,24.3,16.61
664724,25.3,16.60
665026,24.3,16.59
665328,25.3,16.59
665630,25.3,16.59
665932,26.3,16.58
666234,26.3,16.58
666536,26.3,16.57
666838,26.3,16.56
667140,25.3,16.55
667442,26.3,16.54
667744,25.3,16.53
668046,25.3,16.52
668348,25.3,16.52
668650,25.3,16.50
668952,25.3,16.51
669254,24.3,16.50
669556,24.3,16.49
669858,25.3,16.49
670160,24.3,16.48
670462,25.3,16.47
670764,26.3,16.47
671066,26.3,16.46
671368,26.3,16.46
671670,25.3,16.44
671972,26.3,16.43
672274,26.3,16.43
672576,26.3,16.42
672878,25.3,16.42
673180,25.3,16.41
673482,25.3,16.41
673784,26.3,16.39
674086,25.3,16.39
674388,25.3,16.39
674690,25.3,16.38
674992,26.3,16.38
675294,26.3,16.38
675596,25.3,16.38
675898,25.3,16.37
676200,25.3,16.37
676502,24.3,16.36
676804,24.3,16.36
677106,24.3,16.36
677408,24.3,16.36
677710,25.3,16.36
678012,25.3,16.36
678314,25.3,16.35
678616,25.3,16.34
678918,24.3,16.34
679220,25.3,16.34
679522,24.3,16.33
679824,24.3,16.33
680126,24.3,16.32
680428,25.3,16.32
680730,25.3,16.32
681032,26.3,16.31
681334,26.3,16.31
681636,26.3,16.29
681938,25.3,16.29
682240,25.3,16.29
682542,25.3,16.29
682844,25.3,16.28
683146,25.3,16.29
683448,25.3,16.28
683750,26.3,16.29
684052,24.3,16.29
684354,24.3,16.29
684656,24.3,16.29
684958,24.3,16.29
685260,25.3,16.28
685562,26.3,16.28
685864,25.3,16.27
686166,25.3,16.27
686468,26.3,16.27
686770,25.3,16.27
687072,25.3,16.27
687374,24.3,16.27
687676,25.3,16.27
687978,25.3,16.27
688280,25.3,16.27
688582,25.3,16.27
688884,24.3,16.27
689186,24.3,16.27
689488,24.3,16.27
689790,23.3,16.27
690092,24.3,16.27
690394,25.3,16.27
690696,25.3,16.27
690998,24.3,16.27
691300,25.3,16.27
691602,26.3,16.27
691904,25.3,16.27
692206,25.3,16.27
692508,25.3,16.27
692810,26.3,16.27
693112,25.3,16.28
693414,25.3,16.27
693716,25.3,16.27
694018,25.3,16.27
694320,25.3,16.28
694622,25.3,16.28
694924,24.3,16.27
695226,24.3,16.28
695528,24.3,16.27
695830,24.3,16.27
696132,25.3,16.26
696434,24.3,16.26
696736,25.3,16.26
697038,26.3,16.26
697340,26.3,16.26
697642,26.3,16.25
697944,26.3,16.24
698246,27.3,16.23
698548,26.3,16.23
698850,26.3,16.22
699152,26.3,16.21
699454,25.3,16.22
699756,25.3,16.22
700058,25.3,16.22
700360,24.3,16.21
700662,25.3,16.21
700964,24.3,16.21
701266,25.3,16.21
701568,25.3,16.22
701870,26.3,16.22
702172,25.3,16.22
702474,25.3,16.21
702776,25.3,16.21
703078,25.3,16.21
703380,26.3,16.21
703682,25.3,16.21
703984,24.3,16.22
704286,25.3,16.21
704588,25.3,16.21
704890,25.3,16.21
705192,26.3,16.21
705494,26.3,16.22
705796,25.3,16.21
706098,25.3,16.21
706400,25.3,16.22
706702,25.3,16.22
707004,26.3,16.22
707306,25.3,16.22
707608,25.3,16.22
707910,25.3,16.22
708212,25.3,16.22
708514,25.3,16.23
708816,25.3,16.22
709118,25.3,16.23
709420,24.3,16.23
709722,24.3,16.23
710024,25.3,16.23
710326,26.3,16.23
710628,26.3,16.23
710930,26.3,16.23
711232,26.3,16.22
711534,25.3,16.21
711836,25.3,16.19
712138,26.3,16.19
712440,25.3,16.17
712742,25.3,16.17
713044,25.3,16.16
713346,25.3,16.16
713648,26.3,16.15
713950,25.3,16.16
714252,24.3,16.15
714554,24.3,16.15
714856,25.3,16.15
715158,26.3,16.16
715460,25.3,16.16
715762,25.3,16.16
716064,25.3,16.16
716366,25.3,16.16
716668,25.3,16.16
716970,25.3,16.16
717272,25.3,16.16
717574,26.3,16.16
717876,26.3,16.15
718178,25.3,16.15
718480,25.3,16.14
718782,26.3,16.14
719084,25.3,16.13
719386,24.3,16.13
719688,24.3,16.14
719990,24.3,16.13
720292,25.3,16.13
720594,26.3,16.13
720896,25.3,16.13
721198,25.3,16.12
721500,26.3,16.12
721802,25.3,16.12
722104,25.3,16.11
722406,26.3,16.11
722708,25.3,16.10
723010,24.3,16.11
723312,25.3,16.11
723614,24.3,16.10
723916,25.3,16.10
724218,25.3,16.10
724520,25.3,16.09
724822,26.3,16.09
725124,26.3,16.08
725426,26.3,16.08
725728,26.3,16.08
726030,26.3,16.08
726332,26.3,16.07
726634,26.3,16.07
726936,25.3,16.07
727238,25.3,16.06
727540,25.3,16.06
727842,25.3,16.06
728144,24.3,16.05
728446,25.3,16.05
728748,24.3,16.05
729050,25.3,16.04
729352,25.3,16.04
729654,26.3,16.03
729956,26.3,16.03
730258,26.3,16.03
730560,26.3,16.03
730862,25.3,16.03
731164,26.3,16.03
731466,25.3,16.03
731768,25.3,16.02
732070,25.3,16.02
732372,25.3,16.02
732674,24.3,16.02
732976,24.3,16.02
733278,25.3,16.02
733580,25.3,16.01
733882,26.3,16.01
734184,25.3,16.01
734486,26.3,16.01
734788,26.3,16.00
735090,25.3,16.00
735392,25.3,16.00
735694,24.3,15.99
735996,25.3,15.99
736298,24.3,15.99
736600,24.3,15.99
736902,25.3,15.98
737204,24.3,15.98
737506,26.3,15.97
737808,25.3,15.97
738110,25.3,15.96
738412,25.3,15.96
738714,25.3,15.95
739016,26.3,15.94
739318,26.3,15.93
739620,26.3,15.94
739922,25.3,15.93
740224,24.3,15.93
740526,25.3,15.92
740828,24.3,15.92
741130,25.3,15.92
741432,25.3,15.92
741734,26.3,15.92
742036,25.3,15.91
742338,25.3,15.91
742640,25.3,15.90
742942,25.3,15.89
743244,26.3,15.88
743546,25.3,15.87
743848,24.3,15.87
744150,24.3,15.87
744452,24.3,15.86
744754,25.3,15.86
745056,24.3,15.85
745358,24.3,15.85
745660,25.3,15.84
745962,25.3,15.84
746264,25.3,15.83
746566,25.3,15.83
746868,25.3,15.83
747170,26.3,15.82
747472,26.3,15.82
747774,25.3,15.81
748076,26.3,15.81
748378,26.3,15.80
748680,26.3,15.80
748982,26.3,15.79
749284,26.3,15.79
749586,25.3,15.79
749888,26.3,15.78
750190,26.3,15.78
750492,25.3,15.77
750794,25.3,15.77
751096,25.3,15.77
751398,25.3,15.77
751700,26.3,15.77
752002,25.3,15.76
752304,24.3,15.76
752606,25.3,15.76
752908,25.3,15.76
753210,24.3,15.76
753512,25.3,15.76
753814,26.3,15.75
754116,26.3,15.75
754418,25.3,15.74
754720,25.3,15.74
755022,26.3,15.73
755324,25.3,15.73
755626,25.3,15.72
755928,25.3,15.71
756230,26.3,15.71
756532,26.3,15.70
756834,25.3,15.69
757136,25.3,15.69
757438,24.3,15.69
757740,25.3,15.68
758042,24.3,15.68
758344,25.3,15.68
758646,25.3,15.67
758948,26.3,15.67
759250,24.3,15.66
759552,25.3,15.66
759854,25.3,15.65
760156,25.3,15.65
760458,25.3,15.64
760760,26.3,15.64
761062,25.3,15.63
761364,26.3,15.63
761666,26.3,15.62
761968,26.3,15.62
762270,26.3,15.62
762572,26.3,15.62
762874,25.3,15.61
763176,25.3,15.61
763478,25.3,15.61
763780,26.3,15.60
764082,25.3,15.60
764384,25.3,15.60
764686,24.3,15.60
764988,24.3,15.59
765290,25.3,15.59
765592,25.3,15.59
765894,24.3,15.59
766196,25.3,15.58
766498,26.3,15.58
766800,25.3,15.58
767102,25.3,15.58
767404,26.3,15.57
767706,26.3,15.57
768008,26.3,15.57
768310,26.3,15.57
768612,25.3,15.57
768914,25.3,15.57
769216,24.3,15.57
769518,24.3,15.56
769820,24.3,15.56
770122,25.3,15.56
770424,25.3,15.55
770726,25.3,15.54
771028,26.3,15.55
771330,26.3,15.54
771632,26.3,15.54
771934,26.3,15.53
772236,25.3,15.52
772538,25.3,15.52
772840,24.3,15.51
773142,24.3,15.51
773444,24.3,15.50
773746,23.3,15.49
774048,23.3,15.48
774350,24.3,15.48
774652,25.3,15.47
774954,24.3,15.47
775256,24.3,15.47
775558,25.3,15.47
775860,25.3,15.47
776162,26.3,15.46
776464,26.3,15.45
776766,25.3,15.44
777068,24.3,15.44
777370,24.3,15.44
777672,23.3,15.43
777974,24.3,15.43
778276,24.3,15.42
778578,25.3,15.41
778880,25.3,15.40
779182,26.3,15.39
779484,24.3,15.39
779786,24.3,15.39
780088,24.3,15.38
780390,24.3,15.38
780692,25.3,15.37
780994,25.3,15.36
781296,24.3,15.36
781598,24.3,15.36
781900,24.3,15.35
782202,23.3,15.34
782504,23.3,15.34
782806,24.3,15.33
783108,24.3,15.33
783410,25.3,15.32
783712,25.3,15.32
784014,24.3,15.32
784316,25.3,15.31
784618,25.3,15.31
784920,26.3,15.31
785222,26.3,15.30
785524,25.3,15.31
785826,26.3,15.30
786128,26.3,15.30
786430,26.3,15.30
786732,26.3,15.30
787034,26.3,15.29
787336,25.3,15.29
787638,25.3,15.29
787940,24.3,15.29
788242,25.3,15.28
788544,24.3,15.27
788846,24.3,15.27
789148,25.3,15.27
789450,24.3,15.27
789752,25.3,15.26
790054,25.3,15.25
790356,25.3,15.25
790658,25.3,15.24
790960,24.3,15.23
791262,25.3,15.23
791564,25.3,15.22
791866,24.3,15.21
792168,24.3,15.20
792470,25.3,15.20
792772,25.3,15.19
793074,25.3,15.19
793376,26.3,15.19
793678,24.3,15.18
793980,25.3,15.17
794282,25.3,15.17
794584,24.3,15.16
794886,24.3,15.16
795188,25.3,15.15
795490,24.3,15.15
795792,25.3,15.14
796094,25.3,15.13
796396,24.3,15.13
796698,25.3,15.13
797000,24.3,15.12
797302,24.3,15.11
797604,25.3,15.11
797906,25.3,15.11
798208,25.3,15.10
798510,24.3,15.10
798812,25.3,15.09
799114,25.3,15.09
799416,25.3,15.08
799718,25.3,15.08
800020,26.3,15.07
800322,25.3,15.07
800624,24.3,15.07
800926,25.3,15.07
801228,25.3,15.06
801530,25.3,15.07
801832,25.3,15.06
802134,25.3,15.06
802436,25.3,15.06
802738,24.3,15.06
803040,25.3,15.06
803342,25.3,15.06
803644,25.3,15.05
803946,25.3,15.05
804248,24.3,15.05
804550,25.3,15.05
804852,25.3,15.05
805154,25.3,15.05
805456,26.3,15.04
805758,26.3,15.04
806060,26.3,15.03
806362,26.3,15.03
806664,26.3,15.02
806966,26.3,15.02
807268,26.3,15.01
807570,26.3,15.01
807872,26.3,15.00
808174,26.3,15.00
808476,26.3,15.01
808778,26.3,15.01
809080,25.3,15.00
809382,26.3,15.00
809684,26.3,15.00
809986,26.3,14.99
810288,25.3,14.99
810590,25.3,14.98
810892,24.3,14.98
811194,24.3,14.98
811496,24.3,14.98
811798,24.3,14.98
812100,24.3,14.97
812402,24.3,14.97
812704,23.3,14.97
813006,23.3,14.96
813308,23.3,14.96
813610,23.3,14.96
813912,24.3,14.95
814214,23.3,14.95
814516,23.3,14.94
814818,23.3,14.95
815120,24.3,14.94
815422,24.3,14.93
815724,25.3,14.93
816026,25.3,14.93
816328,25.3,14.92
816630,24.3,14.92
816932,25.3,14.91
817234,24.3,14.91
817536,24.3,14.90
817838,24.3,14.90
818140,24.3,14.90
818442,23.3,14.89
818744,24.3,14.88
819046,24.3,14.89
819348,24.3,14.88
819650,24.3,14.88
819952,23.3,14.88
820254,23.3,14.87
820556,24.3,14.87
820858,25.3,14.86
821160,24.3,14.87
821462,25.3,14.86
821764,25.3,14.86
822066,25.3,14.85
822368,24.3,14.86
822670,24.3,14.85
822972,24.3,14.85
823274,24.3,14.84
823576,25.3,14.84
823878,24.3,14.84
824180,24.3,14.83
824482,25.3,14.83
824784,25.3,14.82
825086,25.3,14.82
825388,25.3,14.82
825690,24.3,14.82
825992,24.3,14.82
826294,23.3,14.81
826596,23.3,14.81
826898,24.3,14.80
827200,25.3,14.80
827502,25.3,14.80
827804,25.3,14.79
828106,25.3,14.78
828408,25.3,14.78
828710,24.3,14.77
829012,23.3,14.77
829314,23.3,14.77
829616,24.3,14.77
829918,25.3,14.76
830220,25.3,14.75
830522,24.3,14.76
830824,23.3,14.75
831126,24.3,14.74
831428,24.3,14.74
831730,24.3,14.74
832032,23.3,14.74
832334,23.3,14.74
832636,23.3,14.73
832938,23.3,14.73
833240,24.3,14.72
833542,24.3,14.73
833844,25.3,14.72
834146,24.3,14.72
834448,25.3,14.71
834750,24.3,14.71
835052,24.3,14.70
835354,25.3,14.70
835656,25.3,14.69
835958,24.3,14.68
836260,25.3,14.68
836562,24.3,14.67
836864,24.3,14.67
837166,25.3,14.66
837468,25.3,14.66
837770,25.3,14.65
838072,24.3,14.64
838374,25.3,14.64
838676,25.3,14.64
838978,25.3,14.63
839280,24.3,14.63
839582,24.3,14.63
839884,23.3,14.62
840186,24.3,14.62
840488,25.3,14.61
840790,25.3,14.61
841092,24.3,14.60
841394,25.3,14.60
841696,24.3,14.59
841998,24.3,14.59
842300,24.3,14.58
842602,25.3,14.58
842904,26.3,14.58
843206,26.3,14.57
843508,25.3,14.57
843810,25.3,14.57
844112,25.3,14.56
844414,25.3,14.56
844716,24.3,14.56
845018,23.3,14.55
845320,25.3,14.56
845622,25.3,14.56
845924,25.3,14.55
846226,25.3,14.55
846528,25.3,14.55
846830,25.3,14.55
847132,25.3,14.55
847434,26.3,14.55
847736,25.3,14.54
848038,25.3,14.55
848340,25.3,14.55
848642,24.3,14.54
848944,25.3,14.55
849246,25.3,14.54
849548,25.3,14.54
849850,25.3,14.53
850152,24.3,14.53
850454,25.3,14.53
850756,24.3,14.52
851058,23.3,14.52
851360,24.3,14.51
851662,24.3,14.50
851964,24.3,14.50
852266,24.3,14.50
852568,24.3,14.49
852870,24.3,14.49
853172,24.3,14.49
853474,24.3,14.48
853776,24.3,14.48
854078,24.3,14.48
854380,24.3,14.47
854682,24.3,14.48
854984,24.3,14.47
855286,23.3,14.46
855588,24.3,14.46
855890,24.3,14.46
856192,24.3,14.45
856494,24.3,14.45
856796,25.3,14.45
857098,24.3,14.45
857400,23.3,14.44
857702,24.3,14.44
858004,23.3,14.44
858306,24.3,14.43
858608,23.3,14.43
858910,24.3,14.43
859212,23.3,14.43
859514,24.3,14.43
859816,24.3,14.42
860118,23.3,14.41
860420,24.3,14.41
860722,24.3,14.40
861024,24.3,14.40
861326,24.3,14.40
861628,23.3,14.39
861930,23.3,14.39
862232,24.3,14.39
862534,25.3,14.38
862836,24.3,14.37
863138,23.3,14.37
863440,24.3,14.36
863742,24.3,14.36
864044,25.3,14.35
864346,25.3,14.35
864648,24.3,14.35
864950,24.3,14.34
865252,23.3,14.34
865554,24.3,14.33
865856,24.3,14.33
866158,25.3,14.32
866460,24.3,14.31
866762,23.3,14.31
867064,24.3,14.31
867366,25.3,14.30
867668,24.3,14.30
867970,24.3,14.29
868272,24.3,14.29
868574,23.3,14.28
868876,24.3,14.28
869178,23.3,14.28
869480,23.3,14.27
869782,23.3,14.27
870084,23.3,14.27
870386,24.3,14.26
870688,23.3,14.26
870990,23.3,14.26
871292,23.3,14.25
871594,23.3,14.25
871896,24.3,14.25
872198,24.3,14.25
872500,24.3,14.24
872802,23.3,14.24
873104,24.3,14.24
873406,23.3,14.23
873708,24.3,14.23
874010,24.3,14.23
874312,25.3,14.22
874614,25.3,14.22
874916,25.3,14.22
875218,24.3,14.21
875520,23.3,14.21
875822,24.3,14.20
876124,23.3,14.20
876426,24.3,14.19
876728,23.3,14.18
877030,24.3,14.18
877332,25.3,14.17
877634,24.3,14.17
877936,24.3,14.16
878238,24.3,14.16
878540,24.3,14.15
878842,24.3,14.14
879144,25.3,14.15
879446,24.3,14.14
879748,23.3,14.13
880050,24.3,14.13
880352,25.3,14.13
880654,25.3,14.12
880956,24.3,14.11
881258,24.3,14.11
881560,23.3,14.10
881862,23.3,14.10
882164,23.3,14.09
882466,24.3,14.08
882768,23.3,14.09
883070,23.3,14.08
883372,23.3,14.08
883674,24.3,14.08
883976,24.3,14.07
884278,24.3,14.07
884580,24.3,14.07
884882,23.3,14.06
885184,24.3,14.06
885486,24.3,14.05
885788,23.3,14.05
886090,23.3,14.05
886392,23.3,14.04
886694,24.3,14.04
886996,24.3,14.03
887298,24.3,14.03
887600,25.3,14.02
887902,24.3,14.02
888204,23.3,14.02
888506,24.3,14.01
888808,23.3,14.01
889110,23.3,14.01
889412,23.3,14.01
889714,24.3,14.00
890016,23.3,14.00
890318,24.3,13.99
890620,24.3,14.00
890922,25.3,13.99
891224,23.3,13.99
891526,24.3,13.98
891828,23.3,13.98
892130,23.3,13.98
892432,23.3,13.98
892734,22.3,13.97
893036,24.3,13.98
893338,24.3,13.97
893640,25.3,13.97
893942,23.3,13.97
894244,24.3,13.96
894546,24.3,13.95
894848,24.3,13.95
895150,24.3,13.95
895452,24.3,13.95
895754,25.3,13.94
896056,25.3,13.95
896358,25.3,13.94
896660,25.3,13.94
896962,25.3,13.93
897264,24.3,13.93
897566,25.3,13.93
897868,24.3,13.92
898170,24.3,13.92
898472,24.3,13.92
898774,25.3,13.92
899076,25.3,13.92
899378,25.3,13.92
899680,24.3,13.92
899982,23.3,13.92
900284,23.3,13.92
900586,23.3,13.92
900888,24.3,13.92
901190,25.3,13.92
901492,25.3,13.91
901794,25.3,13.91
902096,25.3,13.90
902398,24.3,13.90
902700,23.3,13.90
903002,23.3,13.89
903304,24.3,13.89
903606,24.3,13.89
903908,23.3,13.89
904210,23.3,13.88
904512,23.3,13.88
904814,23.3,13.88
905116,23.3,13.87
905418,23.3,13.87
905720,23.3,13.86
906022,23.3,13.86
906324,24.3,13.86
906626,24.3,13.85
906928,23.3,13.84
907230,23.3,13.84
907532,23.3,13.84
907834,23.3,13.84
908136,23.3,13.83
908438,23.3,13.83
908740,23.3,13.82
909042,24.3,13.81
909344,25.3,13.81
909646,24.3,13.81
909948,23.3,13.80
910250,23.3,13.80
910552,23.3,13.79
910854,23.3,13.79
911156,23.3,13.78
911458,24.3,13.78
911760,23.3,13.78
912062,24.3,13.78
912364,24.3,13.78
912666,24.3,13.77
912968,23.3,13.76
913270,24.3,13.76
913572,23.3,13.76
913874,23.3,13.75
914176,23.3,13.74
914478,23.3,13.74
914780,23.3,13.74
915082,24.3,13.73
915384,24.3,13.73
915686,24.3,13.73
915988,24.3,13.72
916290,25.3,13.72
916592,25.3,13.72
916894,25.3,13.71
917196,24.3,13.70
917498,24.3,13.70
917800,23.3,13.70
918102,24.3,13.70
918404,24.3,13.70
918706,23.3,13.69
919008,23.3,13.69
919310,24.3,13.69
919612,24.3,13.68
919914,25.3,13.68
920216,24.3,13.68
920518,25.3,13.68
920820,23.3,13.67
921122,24.3,13.67
921424,24.3,13.66
921726,25.3,13.66
922028,23.3,13.65
922330,23.3,13.65
922632,23.3,13.65
922934,23.3,13.64
923236,23.3,13.64
923538,24.3,13.64
923840,23.3,13.63
924142,23.3,13.63
924444,23.3,13.62
924746,24.3,13.62
925048,25.3,13.61
925350,24.3,13.61
925652,23.3,13.60
925954,24.3,13.59
926256,23.3,13.59
926558,24.3,13.58
926860,23.3,13.58
927162,23.3,13.58
927464,23.3,13.58
927766,23.3,13.57
928068,23.3,13.57
928370,24.3,13.56
928672,24.3,13.56
928974,24.3,13.55
929276,23.3,13.55
929578,23.3,13.54
929880,23.3,13.54
930182,23.3,13.53
930484,23.3,13.53
930786,22.3,13.52
931088,23.3,13.53
931390,24.3,13.53
931692,24.3,13.51
931994,24.3,13.51
932296,23.3,13.51
932598,23.3,13.50
932900,24.3,13.49
933202,23.3,13.49
933504,23.3,13.49
933806,23.3,13.48
934108,24.3,13.48
934410,24.3,13.48
934712,24.3,13.47
935014,23.3,13.47
935316,24.3,13.47
935618,23.3,13.46
935920,23.3,13.46
936222,24.3,13.45
936524,23.3,13.45
936826,23.3,13.44
937128,23.3,13.44
937430,23.3,13.44
937732,23.3,13.43
938034,23.3,13.43
938336,24.3,13.43
938638,24.3,13.42
938940,24.3,13.42
939242,24.3,13.42
939544,25.3,13.42
939846,24.3,13.41
940148,23.3,13.41
940450,23.3,13.41
940752,23.3,13.41
941054,22.3,13.40
941356,23.3,13.40
941658,23.3,13.40
941960,23.3,13.39
942262,23.3,13.39
942564,23.3,13.39
942866,24.3,13.38
943168,23.3,13.39
943470,24.3,13.39
943772,24.3,13.38
944074,24.3,13.38
944376,25.3,13.38
944678,23.3,13.37
944980,23.3,13.37
945282,23.3,13.36
945584,22.3,13.36
945886,22.3,13.36
946188,22.3,13.35
946490,23.3,13.36
946792,24.3,13.35
947094,24.3,13.35
947396,24.3,13.35
947698,23.3,13.35
948000,24.3,13.34
948302,24.3,13.34
948604,25.3,13.33
948906,25.3,13.32
949208,23.3,13.33
949510,23.3,13.32
949812,24.3,13.32
950114,25.3,13.32
950416,25.3,13.31
950718,24.3,13.31
951020,23.3,13.31
951322,23.3,13.30
951624,23.3,13.30
951926,23.3,13.30
952228,24.3,13.30
952530,23.3,13.29
952832,23.3,13.29
953134,24.3,13.28
953436,23.3,13.28
953738,23.3,13.28
954040,23.3,13.27
954342,23.3,13.27
954644,23.3,13.27
954946,23.3,13.26
955248,23.3,13.26
955550,23.3,13.25
955852,23.3,13.25
956154,24.3,13.25
956456,24.3,13.24
956758,23.3,13.24
957060,23.3,13.24
957362,23.3,13.24
957664,23.3,13.24
957966,24.3,13.24
958268,24.3,13.24
958570,23.3,13.23
958872,23.3,13.23
959174,23.3,13.22
959476,24.3,13.22
959778,23.3,13.21
960080,24.3,13.21
960382,23.3,13.20
960684,23.3,13.20
960986,23.3,13.19
961288,23.3,13.18
961590,23.3,13.18
961892,23.3,13.18
962194,23.3,13.18
962496,23.3,13.17
962798,23.3,13.17
963100,23.3,13.16
963402,24.3,13.15
963704,24.3,13.15
964006,23.3,13.14
964308,23.3,13.15
964610,23.3,13.14
964912,22.3,13.14
965214,22.3,13.13
965516,23.3,13.13
965818,23.3,13.13
966120,23.3,13.12
966422,23.3,13.12
966724,23.3,13.11
967026,23.3,13.11
967328,23.3,13.11
967630,23.3,13.10
967932,23.3,13.10
968234,23.3,13.10
968536,23.3,13.09
968838,23.3,13.09
969140,24.3,13.09
969442,24.3,13.09
969744,24.3,13.08
970046,23.3,13.08
970348,23.3,13.07
970650,22.3,13.07
970952,23.3,13.07
971254,24.3,13.06
971556,24.3,13.06
971858,23.3,13.06
972160,23.3,13.05
972462,22.3,13.05
972764,22.3,13.05
973066,22.3,13.05
973368,22.3,13.04
973670,23.3,13.03
973972,23.3,13.04
974274,23.3,13.03
974576,24.3,13.03
974878,24.3,13.03
975180,25.3,13.03
975482,24.3,13.03
975784,23.3,13.03
976086,23.3,13.02
976388,23.3,13.02
976690,23.3,13.01
976992,23.3,13.01
977294,24.3,13.01
977596,24.3,13.01
977898,23.3,13.00
978200,24.3,13.00
978502,23.3,13.00
978804,22.3,13.00
979106,22.3,12.99
979408,22.3,12.98
979710,23.3,12.98
980012,23.3,12.98
980314,23.3,12.98
980616,24.3,12.98
980918,23.3,12.97
981220,23.3,12.97
981522,23.3,12.97
981824,22.3,12.96
982126,23.3,12.95
982428,23.3,12.95
982730,22.3,12.95
983032,23.3,12.94
983334,23.3,12.94
983636,24.3,12.94
983938,24.3,12.94
984240,23.3,12.93
984542,24.3,12.93
984844,24.3,12.93
985146,24.3,12.93
985448,23.3,12.93
985750,24.3,12.92
986052,23.3,12.92
986354,23.3,12.91
986656,24.3,12.91
986958,24.3,12.90
987260,23.3,12.90
987562,24.3,12.90
987864,23.3,12.89
988166,23.3,12.89
988468,23.3,12.88
988770,23.3,12.88
989072,23.3,12.88
989374,24.3,12.88
989676,23.3,12.88
989978,23.3,12.87
990280,23.3,12.86
990582,23.3,12.86
990884,23.3,12.86
991186,23.3,12.85
991488,23.3,12.85
991790,23.3,12.85
992092,24.3,12.84
992394,24.3,12.84
992696,24.3,12.83
992998,23.3,12.83
993300,23.3,12.83
993602,23.3,12.82
993904,23.3,12.82
994206,24.3,12.81
994508,23.3,12.81
994810,23.3,12.81
995112,23.3,12.81
995414,23.3,12.80
995716,24.3,12.80
996018,24.3,12.79
996320,23.3,12.79
996622,23.3,12.79
996924,23.3,12.78
997226,23.3,12.78
997528,23.3,12.78
997830,23.3,12.78
998132,22.3,12.78
998434,22.3,12.77
998736,22.3,12.77
999038,23.3,12.76
999340,22.3,12.76
999642,22.3,12.75
999944,23.3,12.75
1000246,23.3,12.75
1000548,23.3,12.75
1000850,22.3,12.74
1001152,23.3,12.73
1001454,23.3,12.73
1001756,22.3,12.73
1002058,23.3,12.73
1002360,23.3,12.73
1002662,24.3,12.72
1002964,24.3,12.71
1003266,24.3,12.72
1003568,23.3,12.71
1003870,23.3,12.71
1004172,23.3,12.70
1004474,24.3,12.70
1004776,24.3,12.70
1005078,23.3,12.70
1005380,23.3,12.70
1005682,24.3,12.70
1005984,23.3,12.70
1006286,23.3,12.69
1006588,23.3,12.69
1006890,23.3,12.68
1007192,24.3,12.68
1007494,24.3,12.68
1007796,24.3,12.68
1008098,24.3,12.67
1008400,24.3,12.67
1008702,23.3,12.66
1009004,23.3,12.65
1009306,23.3,12.65
1009608,23.3,12.65
1009910,23.3,12.64
1010212,23.3,12.64
1010514,23.3,12.63
1010816,23.3,12.63
1011118,24.3,12.62
1011420,23.3,12.62
1011722,24.3,12.62
1012024,23.3,12.61
1012326,23.3,12.61
1012628,23.3,12.61
1012930,23.3,12.60
1013232,24.3,12.60
1013534,24.3,12.60
1013836,24.3,12.59
1014138,24.3,12.59
1014440,23.3,12.59
1014742,23.3,12.59
1015044,23.3,12.59
1015346,23.3,12.58
1015648,24.3,12.58
1015950,24.3,12.57
1016252,24.3,12.57
1016554,23.3,12.56
1016856,23.3,12.56
1017158,24.3,12.55
1017460,24.3,12.54
1017762,23.3,12.54
1018064,23.3,12.54
1018366,23.3,12.53
1018668,23.3,12.52
1018970,23.3,12.52
1019272,23.3,12.52
1019574,23.3,12.51
1019876,24.3,12.50
1020178,24.3,12.50
1020480,23.3,12.50
1020782,23.3,12.49
1021084,23.3,12.49
1021386,23.3,12.48
1021688,24.3,12.48
1021990,24.3,12.47
1022292,24.3,12.47
1022594,23.3,12.47
1022896,23.3,12.47
1023198,23.3,12.46
1023500,23.3,12.46
1023802,23.3,12.46
1024104,24.3,12.45
1024406,24.3,12.44
1024708,24.3,12.44
1025010,24.3,12.44
1025312,24.3,12.43
1025614,23.3,12.43
1025916,23.3,12.42
1026218,23.3,12.42
1026520,23.3,12.42
1026822,23.3,12.41
1027124,24.3,12.41
1027426,24.3,12.41
1027728,24.3,12.41
1028030,23.3,12.41
1028332,23.3,12.40
1028634,23.3,12.40
1028936,23.3,12.39
1029238,23.3,12.40
1029540,23.3,12.40
1029842,22.3,12.40
1030144,23.3,12.39
1030446,23.3,12.38
1030748,23.3,12.38
1031050,22.3,12.38
1031352,21.3,12.38
1031654,21.3,12.38
1031956,22.3,12.37
1032258,23.3,12.38
1032560,23.3,12.38
1032862,23.3,12.37
1033164,24.3,12.37
1033466,23.3,12.37
1033768,24.3,12.37
1034070,24.3,12.37
1034372,24.3,12.36
1034674,24.3,12.36
1034976,24.3,12.35
1035278,23.3,12.36
1035580,23.3,12.35
1035882,23.3,12.36
1036184,23.3,12.36
1036486,23.3,12.36
1036788,23.3,12.35
1037090,23.3,12.35
1037392,23.3,12.35
1037694,23.3,12.35
1037996,23.3,12.35
1038298,23.3,12.35
1038600,23.3,12.34
1038902,23.3,12.34
1039204,23.3,12.33
1039506,23.3,12.33
1039808,24.3,12.33
1040110,23.3,12.32
1040412,23.3,12.31
1040714,23.3,12.31
1041016,23.3,12.30
1041318,23.3,12.30
1041620,24.3,12.30
1041922,24.3,12.30
1042224,23.3,12.30
1042526,23.3,12.29
1042828,23.3,12.29
1043130,22.3,12.28
1043432,22.3,12.28
1043734,21.3,12.28
1044036,23.3,12.28
1044338,22.3,12.27
1044640,23.3,12.27
1044942,23.3,12.27
1045244,23.3,12.27
1045546,23.3,12.27
1045848,22.3,12.27
1046150,22.3,12.26
1046452,22.3,12.26
1046754,22.3,12.26
1047056,21.3,12.25
1047358,23.3,12.26
1047660,22.3,12.25
1047962,23.3,12.25
1048264,23.3,12.25
1048566,23.3,12.25
1048868,22.3,12.24
1049170,23.3,12.24
1049472,22.3,12.24
1049774,22.3,12.24
1050076,22.3,12.23
1050378,23.3,12.23
1050680,23.3,12.23
1050982,23.3,12.23
1051284,23.3,12.23
1051586,22.3,12.22
1051888,22.3,12.22
1052190,22.3,12.22
1052492,23.3,12.21
1052794,23.3,12.21
1053096,22.3,12.21
1053398,22.3,12.21
1053700,23.3,12.20
1054002,22.3,12.20
1054304,23.3,12.20
1054606,23.3,12.19
1054908,23.3,12.20
1055210,23.3,12.19
1055512,23.3,12.19
1055814,23.3,12.18
1056116,23.3,12.18
1056418,23.3,12.18
1056720,23.3,12.18
1057022,22.3,12.17
1057324,23.3,12.17
1057626,23.3,12.17
1057928,22.3,12.16
1058230,23.3,12.16
1058532,23.3,12.16
1058834,23.3,12.16
1059136,23.3,12.15
1059438,22.3,12.15
1059740,22.3,12.15
1060042,23.3,12.15
1060344,23.3,12.15
1060646,22.3,12.14
1060948,23.3,12.14
1061250,22.3,12.14
1061552,22.3,12.13
1061854,23.3,12.14
1062156,22.3,12.13
1062458,23.3,12.12
1062760,23.3,12.12
1063062,23.3,12.12
1063364,23.3,12.11
1063666,23.3,12.11
1063968,23.3,12.10
1064270,23.3,12.10
1064572,23.3,12.09
1064874,23.3,12.09
1065176,22.3,12.08
1065478,22.3,12.08
1065780,22.3,12.07
1066082,23.3,12.06
1066384,23.3,12.06
1066686,23.3,12.06
1066988,23.3,12.06
1067290,23.3,12.05
1067592,23.3,12.06
1067894,23.3,12.05
1068196,23.3,12.05
1068498,23.3,12.05
1068800,22.3,12.05
1069102,23.3,12.05
1069404,22.3,12.04
1069706,23.3,12.04
1070008,23.3,12.03
1070310,22.3,12.03
1070612,23.3,12.02
1070914,22.3,12.02
1071216,23.3,12.02
1071518,23.3,12.01
1071820,23.3,12.01
1072122,23.3,12.00
1072424,22.3,11.99
1072726,23.3,11.99
1073028,23.3,11.98
1073330,23.3,11.97
1073632,23.3,11.97
1073934,23.3,11.96
1074236,23.3,11.96
1074538,22.3,11.95
1074840,23.3,11.95
1075142,23.3,11.95
1075444,23.3,11.94
1075746,23.3,11.94
1076048,22.3,11.94
1076350,23.3,11.94
1076652,23.3,11.94
1076954,23.3,11.92
1077256,22.3,11.93
1077558,23.3,11.92
1077860,23.3,11.92
1078162,23.3,11.92
1078464,23.3,11.92
1078766,23.3,11.92
1079068,23.3,11.91
1079370,23.3,11.91
1079672,22.3,11.90
1079974,22.3,11.90
1080276,23.3,11.90
1080578,23.3,11.90
1080880,23.3,11.89
1081182,23.3,11.89
1081484,23.3,11.89
1081786,23.3,11.88
1082088,23.3,11.88
1082390,22.3,11.88
1082692,23.3,11.88
1082994,23.3,11.87
1083296,23.3,11.87
1083598,23.3,11.87
1083900,23.3,11.87
1084202,23.3,11.87
1084504,22.3,11.87
1084806,22.3,11.87
1085108,23.3,11.86
1085410,23.3,11.85
1085712,22.3,11.86
1086014,23.3,11.85
1086316,22.3,11.85
1086618,23.3,11.85
1086920,23.3,11.84
1087222,22.3,11.84
1087524,22.3,11.84
1087826,23.3,11.84
1088128,23.3,11.83
1088430,23.3,11.83
1088732,23.3,11.82
1089034,23.3,11.82
1089336,22.3,11.82
1089638,23.3,11.81
1089940,22.3,11.81
1090242,23.3,11.81
1090544,23.3,11.81
1090846,23.3,11.80
1091148,23.3,11.80
1091450,23.3,11.79
1091752,24.3,11.79
1092054,24.3,11.78
1092356,23.3,11.78
1092658,23.3,11.77
1092960,22.3,11.77
1093262,21.3,11.77
1093564,22.3,11.76
1093866,21.3,11.76
1094168,22.3,11.76
1094470,23.3,11.75
1094772,23.3,11.75
1095074,23.3,11.75
1095376,23.3,11.75
1095678,23.3,11.75
1095980,23.3,11.75
1096282,23.3,11.73
1096584,23.3,11.74
1096886,23.3,11.73
1097188,22.3,11.73
1097490,23.3,11.73
1097792,23.3,11.73
1098094,23.3,11.73
1098396,22.3,11.72
1098698,23.3,11.72
1099000,23.3,11.72
1099302,23.3,11.71
1099604,23.3,11.71
1099906,23.3,11.71
1100208,23.3,11.70
1100510,23.3,11.70
1100812,23.3,11.70
1101114,23.3,11.70
1101416,23.3,11.69
1101718,23.3,11.69
1102020,22.3,11.68
1102322,22.3,11.68
1102624,22.3,11.68
1102926,21.3,11.67
1103228,22.3,11.67
1103530,23.3,11.66
1103832,23.3,11.65
1104134,23.3,11.65
1104436,23.3,11.65
1104738,23.3,11.64
1105040,22.3,11.64
1105342,23.3,11.63
1105644,23.3,11.63
1105946,23.3,11.62
1106248,23.3,11.62
1106550,23.3,11.61
1106852,22.3,11.61
1107154,22.3,11.61
1107456,23.3,11.61
1107758,23.3,11.60
1108060,22.3,11.60
1108362,22.3,11.60
1108664,21.3,11.59
1108966,21.3,11.59
1109268,22.3,11.59
1109570,23.3,11.59
1109872,23.3,11.59
1110174,23.3,11.59
1110476,23.3,11.59
1110778,23.3,11.59
1111080,23.3,11.59
1111382,22.3,11.58
1111684,21.3,11.58
1111986,22.3,11.58
1112288,22.3,11.58
1112590,23.3,11.58
1112892,22.3,11.57
1113194,22.3,11.57
1113496,23.3,11.57
1113798,22.3,11.57
1114100,22.3,11.56
1114402,21.3,11.56
1114704,21.3,11.56
1115006,22.3,11.55
1115308,21.3,11.55
1115610,21.3,11.55
1115912,21.3,11.54
1116214,21.3,11.53
1116516,21.3,11.54
1116818,21.3,11.53
1117120,22.3,11.53
1117422,22.3,11.52
1117724,23.3,11.52
1118026,22.3,11.52
1118328,23.3,11.52
1118630,23.3,11.52
1118932,23.3,11.51
1119234,23.3,11.51
1119536,22.3,11.50
1119838,23.3,11.50
1120140,23.3,11.50
1120442,22.3,11.49
1120744,23.3,11.49
1121046,23.3,11.49
1121348,23.3,11.48
1121650,23.3,11.48
1121952,23.3,11.47
1122254,22.3,11.47
1122556,21.3,11.46
1122858,21.3,11.46
1123160,22.3,11.46
1123462,22.3,11.45
1123764,22.3,11.44
1124066,23.3,11.44
1124368,22.3,11.44
1124670,21.3,11.44
1124972,22.3,11.43
1125274,23.3,11.43
1125576,23.3,11.44
1125878,23.3,11.43
1126180,22.3,11.43
1126482,23.3,11.43
1126784,23.3,11.43
1127086,23.3,11.42
1127388,23.3,11.42
1127690,23.3,11.42
1127992,22.3,11.42
1128294,23.3,11.41
1128596,23.3,11.41
1128898,22.3,11.41
1129200,23.3,11.41
1129502,23.3,11.40
1129804,23.3,11.40
1130106,23.3,11.41
1130408,23.3,11.40
1130710,23.3,11.40
1131012,23.3,11.39
1131314,23.3,11.40
1131616,23.3,11.40
1131918,23.3,11.40
1132220,23.3,11.39
1132522,23.3,11.39
1132824,22.3,11.39
1133126,23.3,11.39
1133428,22.3,11.38
1133730,22.3,11.38
1134032,23.3,11.37
1134334,22.3,11.38
1134636,22.3,11.37
1134938,23.3,11.36
1135240,23.3,11.36
1135542,22.3,11.36
1135844,23.3,11.35
1136146,22.3,11.34
1136448,21.3,11.34
1136750,23.3,11.34
1137052,22.3,11.33
1137354,22.3,11.34
1137656,21.3,11.33
1137958,22.3,11.33
1138260,23.3,11.32
1138562,23.3,11.33
1138864,22.3,11.32
1139166,23.3,11.31
1139468,22.3,11.31
1139770,21.3,11.31
1140072,22.3,11.31
1140374,21.3,11.30
1140676,22.3,11.30
1140978,21.3,11.29
1141280,21.3,11.29
1141582,22.3,11.29
1141884,22.3,11.29
1142186,23.3,11.28
1142488,22.3,11.28
1142790,23.3,11.28
1143092,23.3,11.28
1143394,22.3,11.28
1143696,23.3,11.28
1143998,23.3,11.28
1144300,22.3,11.28
1144602,21.3,11.28
1144904,22.3,11.28
1145206,22.3,11.28
1145508,23.3,11.28
1145810,23.3,11.28
1146112,23.3,11.27
1146414,22.3,11.27
1146716,22.3,11.27
1147018,22.3,11.27
1147320,23.3,11.26
1147622,22.3,11.26
1147924,21.3,11.26
1148226,22.3,11.26
1148528,22.3,11.26
1148830,23.3,11.25
1149132,22.3,11.25
1149434,21.3,11.24
1149736,22.3,11.25
1150038,23.3,11.24
1150340,23.3,11.24
1150642,22.3,11.24
1150944,21.3,11.23
1151246,21.3,11.23
1151548,21.3,11.23
1151850,20.3,11.23
1152152,20.3,11.23
1152454,20.3,11.22
1152756,21.3,11.22
1153058,22.3,11.22
1153360,22.3,11.22
1153662,22.3,11.21
1153964,23.3,11.21
1154266,23.3,11.20
1154568,22.3,11.21
1154870,23.3,11.20
1155172,22.3,11.20
1155474,23.3,11.20
1155776,22.3,11.19
1156078,22.3,11.19
1156380,21.3,11.19
1156682,21.3,11.18
1156984,21.3,11.18
1157286,22.3,11.18
1157588,22.3,11.17
1157890,22.3,11.17
1158192,21.3,11.17
1158494,22.3,11.16
1158796,21.3,11.16
1159098,22.3,11.16
1159400,23.3,11.16
1159702,23.3,11.15
1160004,22.3,11.15
1160306,21.3,11.15
1160608,22.3,11.14
1160910,22.3,11.14
1161212,22.3,11.15
1161514,22.3,11.15
1161816,23.3,11.14
1162118,23.3,11.14
1162420,23.3,11.14
1162722,22.3,11.14
1163024,23.3,11.14
1163326,23.3,11.14
1163628,22.3,11.14
1163930,22.3,11.14
1164232,23.3,11.14
1164534,22.3,11.13
1164836,22.3,11.13
1165138,23.3,11.13
1165440,23.3,11.13
1165742,23.3,11.13
1166044,23.3,11.13
1166346,23.3,11.13
1166648,22.3,11.13
1166950,23.3,11.12
1167252,23.3,11.12
1167554,23.3,11.12
1167856,23.3,11.11
1168158,22.3,11.11
1168460,21.3,11.11
1168762,22.3,11.11
1169064,23.3,11.11
1169366,22.3,11.10
1169668,21.3,11.11
1169970,22.3,11.10
1170272,22.3,11.10
1170574,23.3,11.10
1170876,23.3,11.10
1171178,23.3,11.09
1171480,23.3,11.09
1171782,23.3,11.09
1172084,22.3,11.08
1172386,22.3,11.08
1172688,21.3,11.07
1172990,21.3,11.07
1173292,21.3,11.07
1173594,22.3,11.06
1173896,21.3,11.07
1174198,21.3,11.07
1174500,21.3,11.06
1174802,21.3,11.06
1175104,22.3,11.06
1175406,22.3,11.06
1175708,23.3,11.05
1176010,23.3,11.05
1176312,23.3,11.05
1176614,22.3,11.05
1176916,22.3,11.04
1177218,23.3,11.04
1177520,23.3,11.04
1177822,23.3,11.03
1178124,23.3,11.04
1178426,22.3,11.03
1178728,22.3,11.03
1179030,21.3,11.03
1179332,22.3,11.02
1179634,22.3,11.02
1179936,22.3,11.02
1180238,23.3,11.01
1180540,22.3,11.01
1180842,22.3,11.00
1181144,21.3,11.00
1181446,22.3,11.00
1181748,21.3,11.00
1182050,22.3,11.00
1182352,22.3,11.00
1182654,22.3,11.00
1182956,23.3,11.00
1183258,22.3,11.00
1183560,23.3,11.00
1183862,21.3,10.99
1184164,23.3,10.99
1184466,22.3,11.00
1184768,23.3,10.99
1185070,22.3,10.98
1185372,21.3,10.99
1185674,22.3,10.98
1185976,22.3,10.98
1186278,21.3,10.99
1186580,21.3,10.98
1186882,21.3,10.97
1187184,20.3,10.98
1187486,22.3,10.98
1187788,22.3,10.98
1188090,21.3,10.98
1188392,20.3,10.98
1188694,21.3,10.97
1188996,22.3,10.98
1189298,21.3,10.97
1189600,21.3,10.97
1189902,21.3,10.96
1190204,21.3,10.96
1190506,23.3,10.96
1190808,21.3,10.96
1191110,21.3,10.95
1191412,21.3,10.95
1191714,22.3,10.94
1192016,22.3,10.94
1192318,21.3,10.94
1192620,22.3,10.94
1192922,22.3,10.93
1193224,23.3,10.93
1193526,23.3,10.93
1193828,22.3,10.92
1194130,22.3,10.91
1194432,22.3,10.92
1194734,21.3,10.91
1195036,22.3,10.91
1195338,21.3,10.91
1195640,22.3,10.91
1195942,22.3,10.91
1196244,23.3,10.90
1196546,23.3,10.90
1196848,22.3,10.91
1197150,22.3,10.90
1197452,21.3,10.90
1197754,20.3,10.90
1198056,20.3,10.90
1198358,21.3,10.90
1198660,22.3,10.89
1198962,23.3,10.89
1199264,23.3,10.89
1199566,22.3,10.89
1199868,21.3,10.89
1200170,22.3,10.89
1200472,21.3,10.89
1200774,22.3,10.88
1201076,23.3,10.89
1201378,22.3,10.88
1201680,22.3,10.88
1201982,23.3,10.88
1202284,21.3,10.88
1202586,22.3,10.87
1202888,22.3,10.88
1203190,23.3,10.88
1203492,22.3,10.87
1203794,22.3,10.87
1204096,22.3,10.86
1204398,21.3,10.86
1204700,22.3,10.86
1205002,23.3,10.86
1205304,23.3,10.86
1205606,23.3,10.86
1205908,22.3,10.85
1206210,23.3,10.85
1206512,23.3,10.85
1206814,23.3,10.84
1207116,23.3,10.84
1207418,23.3,10.84
1207720,23.3,10.84
1208022,23.3,10.84
1208324,23.3,10.83
1208626,23.3,10.83
1208928,23.3,10.83
1209230,23.3,10.82
1209532,22.3,10.82
1209834,21.3,10.82
1210136,21.3,10.83
1210438,22.3,10.82
1210740,21.3,10.82
1211042,22.3,10.82
1211344,22.3,10.82
1211646,23.3,10.82
1211948,21.3,10.82
1212250,22.3,10.82
1212552,21.3,10.82
1212854,22.3,10.82
1213156,22.3,10.81
1213458,23.3,10.81
1213760,22.3,10.80
1214062,22.3,10.80
1214364,21.3,10.80
1214666,22.3,10.80
1214968,22.3,10.80
1215270,21.3,10.80
1215572,22.3,10.80
1215874,21.3,10.80
1216176,22.3,10.80
1216478,23.3,10.80
1216780,21.3,10.79
1217082,21.3,10.79
1217384,21.3,10.79
1217686,21.3,10.79
1217988,20.3,10.80
1218290,20.3,10.79
1218592,21.3,10.79
1218894,20.3,10.79
1219196,20.3,10.79
1219498,20.3,10.78
1219800,21.3,10.78
1220102,21.3,10.78
1220404,21.3,10.78
1220706,22.3,10.78
1221008,22.3,10.77
1221310,22.3,10.78
1221612,23.3,10.77
1221914,23.3,10.77
1222216,23.3,10.77
1222518,23.3,10.77
1222820,21.3,10.77
1223122,22.3,10.76
1223424,22.3,10.76
1223726,21.3,10.76
1224028,20.3,10.75
1224330,21.3,10.76
1224632,21.3,10.76
1224934,22.3,10.76
1225236,21.3,10.75
1225538,22.3,10.75
1225840,22.3,10.75
1226142,23.3,10.74
1226444,23.3,10.74
1226746,23.3,10.74
1227048,23.3,10.73
1227350,23.3,10.74
1227652,23.3,10.73
1227954,23.3,10.72
1228256,23.3,10.72
1228558,23.3,10.72
1228860,23.3,10.72
1229162,23.3,10.71
1229464,23.3,10.71
1229766,23.3,10.70
1230068,22.3,10.71
1230370,23.3,10.70
1230672,21.3,10.70
1230974,22.3,10.70
1231276,22.3,10.69
1231578,21.3,10.69
1231880,21.3,10.69
1232182,21.3,10.69
1232484,22.3,10.69
1232786,22.3,10.68
1233088,21.3,10.68
1233390,21.3,10.68
1233692,20.3,10.67
1233994,21.3,10.67
1234296,22.3,10.67
1234598,22.3,10.66
1234900,23.3,10.66
1235202,23.3,10.65
1235504,23.3,10.64
1235806,23.3,10.64
1236108,22.3,10.64
1236410,22.3,10.64
1236712,22.3,10.63
1237014,21.3,10.63
1237316,22.3,10.62
1237618,22.3,10.62
1237920,21.3,10.62
1238222,22.3,10.61
1238524,22.3,10.61
1238826,22.3,10.61
1239128,22.3,10.61
1239430,22.3,10.60
1239732,23.3,10.60
1240034,23.3,10.60
1240336,22.3,10.60
1240638,22.3,10.60
1240940,23.3,10.60
1241242,23.3,10.59
1241544,22.3,10.59
1241846,22.3,10.60
1242148,23.3,10.59
1242450,23.3,10.59
1242752,23.3,10.59
1243054,22.3,10.58
1243356,21.3,10.58
1243658,22.3,10.59
1243960,23.3,10.58
1244262,21.3,10.58
1244564,22.3,10.57
1244866,23.3,10.57
1245168,23.3,10.56
1245470,23.3,10.55
1245772,23.3,10.55
1246074,23.3,10.55
1246376,23.3,10.54
1246678,23.3,10.54
1246980,22.3,10.54
1247282,23.3,10.53
1247584,21.3,10.54
1247886,21.3,10.53
1248188,20.3,10.53
1248490,21.3,10.53
1248792,21.3,10.53
1249094,21.3,10.52
1249396,23.3,10.52
1249698,22.3,10.52
1250000,22.3,10.52
1250302,21.3,10.52
1250604,22.3,10.51
1250906,22.3,10.51
1251208,21.3,10.51
1251510,22.3,10.51
1251812,22.3,10.50
1252114,23.3,10.51
1252416,23.3,10.50
1252718,23.3,10.50
1253020,23.3,10.50
1253322,23.3,10.50
1253624,23.3,10.49
1253926,23.3,10.49
1254228,23.3,10.49
1254530,22.3,10.48
1254832,22.3,10.48
1255134,23.3,10.48
1255436,23.3,10.48
1255738,23.3,10.47
1256040,22.3,10.47
1256342,22.3,10.47
1256644,22.3,10.46
1256946,23.3,10.46
1257248,23.3,10.46
1257550,23.3,10.45
1257852,22.3,10.45
1258154,22.3,10.45
1258456,21.3,10.45
1258758,22.3,10.44
1259060,22.3,10.44
1259362,22.3,10.44
1259664,21.3,10.44
1259966,20.3,10.43
1260268,20.3,10.43
1260570,21.3,10.43
1260872,22.3,10.43
1261174,23.3,10.43
1261476,22.3,10.43
1261778,21.3,10.43
1262080,21.3,10.43
1262382,22.3,10.43
1262684,21.3,10.43
1262986,21.3,10.42
1263288,22.3,10.42
1263590,21.3,10.42
1263892,22.3,10.42
1264194,22.3,10.42
1264496,22.3,10.41
1264798,21.3,10.41
1265100,22.3,10.40
1265402,22.3,10.40
1265704,22.3,10.40
1266006,21.3,10.39
1266308,21.3,10.39
1266610,22.3,10.39
1266912,22.3,10.38
1267214,22.3,10.39
1267516,22.3,10.38
1267818,21.3,10.38
1268120,21.3,10.38
1268422,22.3,10.38
1268724,22.3,10.37
1269026,23.3,10.37
1269328,23.3,10.36
1269630,23.3,10.36
1269932,22.3,10.36
1270234,21.3,10.36
1270536,20.3,10.35
1270838,21.3,10.35
1271140,21.3,10.35
1271442,20.3,10.35
1271744,21.3,10.35
1272046,22.3,10.35
1272348,21.3,10.35
1272650,21.3,10.36
1272952,22.3,10.35
1273254,21.3,10.35
1273556,22.3,10.35
1273858,22.3,10.35
1274160,21.3,10.35
1274462,22.3,10.34
1274764,21.3,10.35
1275066,21.3,10.34
1275368,22.3,10.34
1275670,21.3,10.34
1275972,20.3,10.34
1276274,20.3,10.34
1276576,20.3,10.34
1276878,21.3,10.34
1277180,22.3,10.33
1277482,22.3,10.33
1277784,22.3,10.33
1278086,21.3,10.33
1278388,22.3,10.33
1278690,21.3,10.32
1278992,20.3,10.32
1279294,22.3,10.32
1279596,20.3,10.31
1279898,20.3,10.31
1280200,20.3,10.31
1280502,20.3,10.31
1280804,19.3,10.31
1281106,19.3,10.30
1281408,20.3,10.31
1281710,20.3,10.30
1282012,21.3,10.30
1282314,20.3,10.30
1282616,20.3,10.29
1282918,20.3,10.29
1283220,20.3,10.29
1283522,21.3,10.29
1283824,21.3,10.28
1284126,22.3,10.28
1284428,22.3,10.28
1284730,22.3,10.27
1285032,22.3,10.28
1285334,22.3,10.28
1285636,23.3,10.28
1285938,22.3,10.27
1286240,22.3,10.27
1286542,21.3,10.27
1286844,22.3,10.26
1287146,22.3,10.25
1287448,23.3,10.26
1287750,21.3,10.25
1288052,20.3,10.25
1288354,20.3,10.25
1288656,21.3,10.24
1288958,21.3,10.24
1289260,22.3,10.24
1289562,22.3,10.23
1289864,21.3,10.23
1290166,22.3,10.23
1290468,21.3,10.23
1290770,22.3,10.23
1291072,21.3,10.22
1291374,20.3,10.23
1291676,21.3,10.23
1291978,20.3,10.22
1292280,20.3,10.22
1292582,20.3,10.22
1292884,21.3,10.22
1293186,22.3,10.22
1293488,22.3,10.21
1293790,22.3,10.22
1294092,21.3,10.21
1294394,21.3,10.21
1294696,22.3,10.21
1294998,22.3,10.21
1295300,22.3,10.20
1295602,23.3,10.20
1295904,23.3,10.20
1296206,22.3,10.20
1296508,22.3,10.20
1296810,22.3,10.19
1297112,21.3,10.19
1297414,21.3,10.19
1297716,20.3,10.18
1298018,21.3,10.18
1298320,20.3,10.17
1298622,21.3,10.18
1298924,22.3,10.17
1299226,22.3,10.17
1299528,22.3,10.16
1299830,21.3,10.17
1300132,21.3,10.16
1300434,22.3,10.16
1300736,22.3,10.16
1301038,23.3,10.16
1301340,21.3,10.16
1301642,21.3,10.16
1301944,22.3,10.15
1302246,22.3,10.15
1302548,21.3,10.15
1302850,20.3,10.15
1303152,21.3,10.15
1303454,20.3,10.15
1303756,21.3,10.14
1304058,20.3,10.14
1304360,20.3,10.13
1304662,21.3,10.13
1304964,20.3,10.13
1305266,21.3,10.12
1305568,20.3,10.11
1305870,20.3,10.12
1306172,20.3,10.11
1306474,20.3,10.11
1306776,22.3,10.11
1307078,21.3,10.10
1307380,21.3,10.10
1307682,20.3,10.10
1307984,21.3,10.09
1308286,22.3,10.09
1308588,21.3,10.09
1308890,22.3,10.09
1309192,22.3,10.08
1309494,21.3,10.08
1309796,21.3,10.08
1310098,22.3,10.08
1310400,21.3,10.07
1310702,21.3,10.07
1311004,20.3,10.07
1311306,21.3,10.06
1311608,20.3,10.06
1311910,21.3,10.06
1312212,21.3,10.05
1312514,21.3,10.06
1312816,20.3,10.05
1313118,21.3,10.06
1313420,21.3,10.05
1313722,21.3,10.04
1314024,22.3,10.05
1314326,22.3,10.04
1314628,22.3,10.04
1314930,22.3,10.04
1315232,23.3,10.03
1315534,23.3,10.03
1315836,23.3,10.03
1316138,23.3,10.03
1316440,23.3,10.03
1316742,21.3,10.02
1317044,22.3,10.02
1317346,21.3,10.03
1317648,22.3,10.03
1317950,21.3,10.03
1318252,20.3,10.04
1318554,21.3,10.03
1318856,22.3,10.04
1319158,23.3,10.04
1319460,22.3,10.03
1319762,21.3,10.04
1320064,22.3,10.04
1320366,22.3,10.05
1320668,22.3,10.05
1320970,21.3,10.06
1321272,22.3,10.06
1321574,22.3,10.06
1321876,21.3,10.06
1322178,21.3,10.06
1322480,20.3,10.06
1322782,21.3,10.05
1323084,20.3,10.05
1323386,21.3,10.05
1323688,22.3,10.04
1323990,22.3,10.05
1324292,23.3,10.07
1324594,22.3,10.08
1324896,22.3,10.12
1325198,21.3,10.16
1325500,20.3,10.20
1325802,21.3,10.25
1326104,21.3,10.29
1326406,21.3,10.33
1326708,22.3,10.38
1327010,21.3,10.44
1327312,21.3,10.49
1327614,20.3,10.53
1327916,20.3,10.54
1328218,21.3,10.56
1328520,20.3,10.59
1328822,21.3,10.62
1329124,22.3,10.65
1329426,21.3,10.68
1329728,20.3,10.72
1330030,21.3,10.76
1330332,22.3,10.82
1330634,21.3,10.88
1330936,22.3,10.95
1331238,21.3,10.99
1331540,22.3,11.02
1331842,22.3,11.04
1332144,23.3,11.08
1332446,23.3,11.11
1332748,21.3,11.14
1333050,21.3,11.16
1333352,20.3,11.19
1333654,22.3,11.23
1333956,21.3,11.33
1334258,21.3,11.39
1334560,22.3,11.45
1334862,21.3,11.49
1335164,22.3,11.52
1335466,22.3,11.53
1335768,23.3,11.54
1336070,23.3,11.56
1336372,23.3,11.57
1336674,23.3,11.60
1336976,23.3,11.64
1337278,23.3,11.68
1337580,22.3,11.69
1337882,23.3,11.72
1338184,22.3,11.75
1338486,23.3,11.78
1338788,22.3,11.80
1339090,22.3,11.82
1339392,22.3,11.82
1339694,22.3,11.83
1339996,23.3,11.86
1340298,22.3,11.88
1340600,22.3,11.89
1340902,23.3,11.91
1341204,23.3,11.92
1341506,23.3,11.94
1341808,22.3,11.96
1342110,22.3,11.97
1342412,23.3,11.99
1342714,22.3,12.02
1343016,23.3,12.08
1343318,22.3,12.13
1343620,21.3,12.15
1343922,21.3,12.18
1344224,22.3,12.20
1344526,23.3,12.23
1344828,23.3,12.25
1345130,23.3,12.31
1345432,22.3,12.41
1345734,23.3,12.49
1346036,22.3,12.53
1346338,23.3,12.56
1346640,22.3,12.60
1346942,23.3,12.66
1347244,23.3,12.72
1347546,23.3,12.77
1347848,23.3,12.80
1348150,22.3,12.84
1348452,23.3,12.88
1348754,23.3,12.93
1349056,24.3,12.98
1349358,23.3,13.02
1349660,23.3,13.06
1349962,24.3,13.10
1350264,23.3,13.14
1350566,23.3,13.18
1350868,23.3,13.22
1351170,23.3,13.27
1351472,22.3,13.33
1351774,23.3,13.36
1352076,23.3,13.40
1352378,23.3,13.44
1352680,23.3,13.47
1352982,22.3,13.51
1353284,23.3,13.54
1353586,24.3,13.58
1353888,23.3,13.61
1354190,24.3,13.63
1354492,23.3,13.66
1354794,24.3,13.69
1355096,24.3,13.72
1355398,23.3,13.74
1355700,23.3,13.78
1356002,24.3,13.81
1356304,24.3,13.83
1356606,23.3,13.86
1356908,23.3,13.88
1357210,24.3,13.91
1357512,23.3,13.93
1357814,24.3,13.98
1358116,24.3,14.00
1358418,24.3,14.03
1358720,23.3,14.06
1359022,23.3,14.09
1359324,24.3,14.12
1359626,24.3,14.13
1359928,23.3,14.17
1360230,24.3,14.19
1360532,24.3,14.22
1360834,25.3,14.25
1361136,25.3,14.27
1361438,25.3,14.30
1361740,24.3,14.33
1362042,24.3,14.37
1362344,23.3,14.39
1362646,23.3,14.41
1362948,24.3,14.44
1363250,25.3,14.46
1363552,25.3,14.48
1363854,24.3,14.51
1364156,23.3,14.54
1364458,24.3,14.57
1364760,23.3,14.59
1365062,24.3,14.62
1365364,25.3,14.64
1365666,24.3,14.67
1365968,23.3,14.69
1366270,24.3,14.72
1366572,24.3,14.75
1366874,24.3,14.77
1367176,24.3,14.79
1367478,25.3,14.81
1367780,25.3,14.84
1368082,24.3,14.86
1368384,25.3,14.88
1368686,24.3,14.91
1368988,24.3,14.94
1369290,25.3,14.96
1369592,24.3,14.98
1369894,24.3,15.00
1370196,25.3,15.02
1370498,24.3,15.05
1370800,24.3,15.07
1371102,25.3,15.09
1371404,25.3,15.12
1371706,24.3,15.14
1372008,25.3,15.16
1372310,25.3,15.18
1372612,24.3,15.20
1372914,25.3,15.23
1373216,25.3,15.26
1373518,25.3,15.28
1373820,25.3,15.29
1374122,24.3,15.32
1374424,25.3,15.34
1374726,25.3,15.36
1375028,25.3,15.38
1375330,25.3,15.40
1375632,25.3,15.42
1375934,26.3,15.45
1376236,26.3,15.47
1376538,26.3,15.48
1376840,26.3,15.50
1377142,26.3,15.52
1377444,26.3,15.55
1377746,26.3,15.57
1378048,25.3,15.59
1378350,25.3,15.60
1378652,25.3,15.62
1378954,26.3,15.64
1379256,26.3,15.66
1379558,26.3,15.69
1379860,25.3,15.71
1380162,25.3,15.73
1380464,24.3,15.75
1380766,25.3,15.77
1381068,24.3,15.78
1381370,24.3,15.80
1381672,24.3,15.83
1381974,23.3,15.84
1382276,24.3,15.86
1382578,25.3,15.88
1382880,25.3,15.90
1383182,24.3,15.92
1383484,24.3,15.93
1383786,25.3,15.96
1384088,25.3,15.97
1384390,25.3,15.99
1384692,24.3,16.01
1384994,25.3,16.02
1385296,25.3,16.04
1385598,25.3,16.05
1385900,24.3,16.07
1386202,24.3,16.09
1386504,24.3,16.12
1386806,25.3,16.14
1387108,25.3,16.15
1387410,26.3,16.17
1387712,26.3,16.18
1388014,26.3,16.20
1388316,26.3,16.23
1388618,26.3,16.24
1388920,26.3,16.26
1389222,26.3,16.28
1389524,26.3,16.29
1389826,25.3,16.31
1390128,26.3,16.33
1390430,26.3,16.35
1390732,26.3,16.37
1391034,25.3,16.38
1391336,26.3,16.40
1391638,26.3,16.41
1391940,25.3,16.43
1392242,26.3,16.44
1392544,25.3,16.46
1392846,26.3,16.48
1393148,26.3,16.50
1393450,25.3,16.51
1393752,25.3,16.52
1394054,25.3,16.54
1394356,26.3,16.56
1394658,25.3,16.58
1394960,25.3,16.60
1395262,25.3,16.62
1395564,26.3,16.63
1395866,26.3,16.65
1396168,25.3,16.67
1396470,25.3,16.69
1396772,25.3,16.70
1397074,25.3,16.72
1397376,25.3,16.74
1397678,26.3,16.76
1397980,26.3,16.77
1398282,25.3,16.78
1398584,25.3,16.80
1398886,26.3,16.81
1399188,26.3,16.83
1399490,26.3,16.84
1399792,26.3,16.86
1400094,26.3,16.88
1400396,26.3,16.89
1400698,26.3,16.91
1401000,26.3,16.92
1401302,26.3,16.94
1401604,26.3,16.95
1401906,26.3,16.98
1402208,26.3,16.99
1402510,26.3,17.01
1402812,25.3,17.02
1403114,25.3,17.04
1403416,26.3,17.05
1403718,26.3,17.07
1404020,26.3,17.08
1404322,26.3,17.10
1404624,26.3,17.11
1404926,26.3,17.13
1405228,26.3,17.14
1405530,26.3,17.16
1405832,26.3,17.17
1406134,26.3,17.19
1406436,26.3,17.21
1406738,25.3,17.22
1407040,26.3,17.23
1407342,26.3,17.25
1407644,26.3,17.26
1407946,25.3,17.27
1408248,26.3,17.28
1408550,27.3,17.29
1408852,26.3,17.31
1409154,26.3,17.32
1409456,26.3,17.34
1409758,26.3,17.35
1410060,26.3,17.36
1410362,26.3,17.37
1410664,25.3,17.38
1410966,26.3,17.40
1411268,26.3,17.42
1411570,26.3,17.43
1411872,26.3,17.45
1412174,27.3,17.46
1412476,26.3,17.47
1412778,27.3,17.48
1413080,26.3,17.49
1413382,26.3,17.52
1413684,26.3,17.53
1413986,26.3,17.53
1414288,26.3,17.55
1414590,26.3,17.56
1414892,26.3,17.58
1415194,26.3,17.59
1415496,26.3,17.61
1415798,26.3,17.63
1416100,26.3,17.64
1416402,27.3,17.66
1416704,26.3,17.67
1417006,27.3,17.68
1417308,27.3,17.69
1417610,26.3,17.70
1417912,27.3,17.71
1418214,27.3,17.72
1418516,26.3,17.74
1418818,26.3,17.75
1419120,26.3,17.76
1419422,26.3,17.78
1419724,26.3,17.78
1420026,26.3,17.80
1420328,26.3,17.81
1420630,26.3,17.83
1420932,26.3,17.84
1421234,27.3,17.85
1421536,27.3,17.86
1421838,26.3,17.87
1422140,27.3,17.88
1422442,27.3,17.89
1422744,27.3,17.90
1423046,26.3,17.92
1423348,27.3,17.92
1423650,27.3,17.93
1423952,26.3,17.94
1424254,27.3,17.95
1424556,27.3,17.97
1424858,26.3,17.98
1425160,26.3,17.99
1425462,26.3,18.01
1425764,26.3,18.01
1426066,26.3,18.03
1426368,26.3,18.03
1426670,26.3,18.05
1426972,26.3,18.05
1427274,26.3,18.06
1427576,27.3,18.08
1427878,26.3,18.08
1428180,26.3,18.10
1428482,26.3,18.11
1428784,26.3,18.12
1429086,27.3,18.13
1429388,26.3,18.13
1429690,26.3,18.15
1429992,26.3,18.16
1430294,27.3,18.17
1430596,26.3,18.19
1430898,27.3,18.20
1431200,27.3,18.20
1431502,26.3,18.21
1431804,26.3,18.22
1432106,27.3,18.24
1432408,27.3,18.25
1432710,27.3,18.26
1433012,27.3,18.27
1433314,27.3,18.29
1433616,27.3,18.30
1433918,28.3,18.31
1434220,28.3,18.32
1434522,27.3,18.33
1434824,28.3,18.34
1435126,27.3,18.35
1435428,27.3,18.36
1435730,27.3,18.37
1436032,27.3,18.39
1436334,26.3,18.40
1436636,27.3,18.41
1436938,26.3,18.42
1437240,26.3,18.44
1437542,26.3,18.44
1437844,27.3,18.45
1438146,28.3,18.46
1438448,28.3,18.47
1438750,28.3,18.48
1439052,28.3,18.50
1439354,27.3,18.51
1439656,27.3,18.52
1439958,27.3,18.53
1440260,27.3,18.54
1440562,27.3,18.55
1440864,28.3,18.55
1441166,27.3,18.57
1441468,27.3,18.58
1441770,27.3,18.59
1442072,28.3,18.61
1442374,27.3,18.61
1442676,28.3,18.63
1442978,28.3,18.63
1443280,27.3,18.65
1443582,28.3,18.65
1443884,27.3,18.67
1444186,28.3,18.67
1444488,27.3,18.69
1444790,27.3,18.70
1445092,27.3,18.71
1445394,27.3,18.72
1445696,28.3,18.73
1445998,28.3,18.74
1446300,28.3,18.75
1446602,27.3,18.77
1446904,28.3,18.77
1447206,27.3,18.78
1447508,28.3,18.79
1447810,27.3,18.81
1448112,27.3,18.82
1448414,28.3,18.83
1448716,27.3,18.83
1449018,27.3,18.85
1449320,28.3,18.86
1449622,28.3,18.86
1449924,28.3,18.87
1450226,27.3,18.88
1450528,28.3,18.89
1450830,28.3,18.90
1451132,28.3,18.91
1451434,28.3,18.92
1451736,28.3,18.93
1452038,28.3,18.94
1452340,29.3,18.95
1452642,28.3,18.96
1452944,29.3,18.98
1453246,28.3,18.98
1453548,28.3,18.99
1453850,28.3,19.00
1454152,28.3,19.02
1454454,28.3,19.03
1454756,29.3,19.04
1455058,28.3,19.05
1455360,28.3,19.06
1455662,28.3,19.07
1455964,28.3,19.08
1456266,29.3,19.09
1456568,29.3,19.10
1456870,29.3,19.11
1457172,28.3,19.13
1457474,28.3,19.14
1457776,28.3,19.15
1458078,29.3,19.16
1458380,29.3,19.18
1458682,28.3,19.19
1458984,28.3,19.20
1459286,28.3,19.21
1459588,28.3,19.22
1459890,28.3,19.23
1460192,28.3,19.24
1460494,28.3,19.25
1460796,28.3,19.26
1461098,28.3,19.27
1461400,28.3,19.28
1461702,28.3,19.30
1462004,29.3,19.30
1462306,29.3,19.31
1462608,29.3,19.33
1462910,28.3,19.33
1463212,28.3,19.35
1463514,28.3,19.36
1463816,27.3,19.37
1464118,28.3,19.38
1464420,28.3,19.39
1464722,28.3,19.40
1465024,28.3,19.41
1465326,28.3,19.42
1465628,28.3,19.43
1465930,28.3,19.44
1466232,29.3,19.45
1466534,29.3,19.47
1466836,29.3,19.48
1467138,29.3,19.49
1467440,29.3,19.50
1467742,28.3,19.51
1468044,28.3,19.52
1468346,28.3,19.53
1468648,28.3,19.55
1468950,28.3,19.56
1469252,28.3,19.56
1469554,28.3,19.57
1469856,28.3,19.59
1470158,28.3,19.59
1470460,29.3,19.60
1470762,29.3,19.61
1471064,29.3,19.62
1471366,29.3,19.64
1471668,29.3,19.64
1471970,29.3,19.65
1472272,29.3,19.66
1472574,28.3,19.67
1472876,29.3,19.68
1473178,28.3,19.69
1473480,28.3,19.70
1473782,29.3,19.71
1474084,28.3,19.71
1474386,28.3,19.72
1474688,28.3,19.72
1474990,28.3,19.74
1475292,29.3,19.74
1475594,29.3,19.75
1475896,29.3,19.76
1476198,29.3,19.77
1476500,28.3,19.78
1476802,28.3,19.79
1477104,29.3,19.80
1477406,29.3,19.81
1477708,29.3,19.82
1478010,29.3,19.82
1478312,28.3,19.84
1478614,29.3,19.84
1478916,29.3,19.85
1479218,29.3,19.86
1479520,29.3,19.86
1479822,29.3,19.87
1480124,29.3,19.88
1480426,30.3,19.89
1480728,29.3,19.90
1481030,30.3,19.91
1481332,30.3,19.91
1481634,30.3,19.92
1481936,29.3,19.92
1482238,29.3,19.93
1482540,29.3,19.93
1482842,29.3,19.95
1483144,29.3,19.95
1483446,29.3,19.96
1483748,30.3,19.97
1484050,29.3,19.98
1484352,29.3,19.98
1484654,28.3,19.99
1484956,29.3,19.99
1485258,29.3,20.00
1485560,29.3,20.01
1485862,29.3,20.02
1486164,28.3,20.03
1486466,29.3,20.03
1486768,30.3,20.04
1487070,30.3,20.05
1487372,30.3,20.06
1487674,29.3,20.06
1487976,29.3,20.07
1488278,30.3,20.08
1488580,30.3,20.08
1488882,29.3,20.09
1489184,30.3,20.11
1489486,29.3,20.12
1489788,29.3,20.12
1490090,29.3,20.13
1490392,29.3,20.14
1490694,28.3,20.15
1490996,29.3,20.17
1491298,29.3,20.18
1491600,29.3,20.18
1491902,29.3,20.19
1492204,30.3,20.20
1492506,29.3,20.20
1492808,29.3,20.21
1493110,29.3,20.22
1493412,29.3,20.22
1493714,29.3,20.23
1494016,29.3,20.24
1494318,29.3,20.25
1494620,29.3,20.25
1494922,30.3,20.26
1495224,30.3,20.26
1495526,30.3,20.28
1495828,30.3,20.28
1496130,29.3,20.29
1496432,30.3,20.30
1496734,30.3,20.30
1497036,30.3,20.31
1497338,30.3,20.32
1497640,30.3,20.33
1497942,30.3,20.34
1498244,29.3,20.34
1498546,30.3,20.35
1498848,29.3,20.35
1499150,29.3,20.36
1499452,30.3,20.36
1499754,30.3,20.36
1500056,30.3,20.37
1500358,30.3,20.38
1500660,30.3,20.38
1500962,30.3,20.38
1501264,30.3,20.39
1501566,30.3,20.39
1501868,30.3,20.40
1502170,30.3,20.40
1502472,30.3,20.41
1502774,29.3,20.42
1503076,29.3,20.42
1503378,29.3,20.43
1503680,29.3,20.44
1503982,30.3,20.44
1504284,30.3,20.45
1504586,30.3,20.45
1504888,30.3,20.45
1505190,30.3,20.46
1505492,30.3,20.46
1505794,30.3,20.47
1506096,30.3,20.47
1506398,30.3,20.48
1506700,31.3,20.49
1507002,31.3,20.49
1507304,31.3,20.50
1507606,30.3,20.50
1507908,30.3,20.50
1508210,30.3,20.51
1508512,30.3,20.52
1508814,29.3,20.52
1509116,30.3,20.53
1509418,30.3,20.54
1509720,30.3,20.54
1510022,30.3,20.55
1510324,30.3,20.55
1510626,30.3,20.55
1510928,30.3,20.56
1511230,30.3,20.56
1511532,30.3,20.57
1511834,30.3,20.57
1512136,30.3,20.58
1512438,30.3,20.59
1512740,30.3,20.60
1513042,30.3,20.61
1513344,30.3,20.61
1513646,30.3,20.63
1513948,30.3,20.63
1514250,30.3,20.63
1514552,30.3,20.63
1514854,30.3,20.63
1515156,30.3,20.64
1515458,30.3,20.65
1515760,30.3,20.65
1516062,30.3,20.66
1516364,30.3,20.67
1516666,30.3,20.68
1516968,30.3,20.69
1517270,30.3,20.69
1517572,30.3,20.70
1517874,30.3,20.70
1518176,30.3,20.70
1518478,30.3,20.70
1518780,30.3,20.71
1519082,30.3,20.71
1519384,30.3,20.72
1519686,30.3,20.73
1519988,30.3,20.73
1520290,30.3,20.74
1520592,30.3,20.75
1520894,30.3,20.75
1521196,30.3,20.76
1521498,30.3,20.76
1521800,30.3,20.77
1522102,30.3,20.77
1522404,30.3,20.78
1522706,30.3,20.78
1523008,30.3,20.79
1523310,30.3,20.79
1523612,31.3,20.80
1523914,30.3,20.80
1524216,30.3,20.81
1524518,30.3,20.81
1524820,30.3,20.82
1525122,30.3,20.83
1525424,30.3,20.83
1525726,31.3,20.84
1526028,31.3,20.84
1526330,31.3,20.84
1526632,31.3,20.86
1526934,31.3,20.86
1527236,31.3,20.87
1527538,30.3,20.87
1527840,31.3,20.87
1528142,31.3,20.88
1528444,31.3,20.90
1528746,31.3,20.90
1529048,30.3,20.91
1529350,30.3,20.92
1529652,30.3,20.92
1529954,30.3,20.92
1530256,30.3,20.93
1530558,30.3,20.93
1530860,30.3,20.94
1531162,30.3,20.94
1531464,30.3,20.95
1531766,30.3,20.95
1532068,31.3,20.96
1532370,30.3,20.96
1532672,31.3,20.97
1532974,31.3,20.98
1533276,31.3,20.98
1533578,31.3,20.99
1533880,30.3,20.99
1534182,30.3,21.00
1534484,30.3,21.01
1534786,30.3,21.01
1535088,30.3,21.02
1535390,31.3,21.02
1535692,31.3,21.03
1535994,31.3,21.03
1536296,31.3,21.04
1536598,31.3,21.05
1536900,30.3,21.05
1537202,31.3,21.06
1537504,31.3,21.06
1537806,30.3,21.07
1538108,30.3,21.07
1538410,30.3,21.08
1538712,30.3,21.08
1539014,31.3,21.10
1539316,31.3,21.10
1539618,31.3,21.10
1539920,31.3,21.11
1540222,31.3,21.12
1540524,31.3,21.12
1540826,31.3,21.13
1541128,30.3,21.14
1541430,31.3,21.14
1541732,31.3,21.15
1542034,31.3,21.16
1542336,30.3,21.16
1542638,30.3,21.17
1542940,31.3,21.17
1543242,31.3,21.18
1543544,31.3,21.18
1543846,31.3,21.20
1544148,31.3,21.20
1544450,31.3,21.20
1544752,31.3,21.21
1545054,31.3,21.21
1545356,31.3,21.22
1545658,31.3,21.23
1545960,31.3,21.23
1546262,31.3,21.24
1546564,31.3,21.24
1546866,31.3,21.25
1547168,31.3,21.26
1547470,30.3,21.26
1547772,30.3,21.27
1548074,31.3,21.27
1548376,31.3,21.28
1548678,31.3,21.28
1548980,31.3,21.29
1549282,31.3,21.30
1549584,31.3,21.30
1549886,31.3,21.31
1550188,31.3,21.32
1550490,31.3,21.32
1550792,31.3,21.33
1551094,31.3,21.34
1551396,30.3,21.35
1551698,31.3,21.36
1552000,31.3,21.36
1552302,31.3,21.37
1552604,31.3,21.37
1552906,31.3,21.38
1553208,31.3,21.39
1553510,31.3,21.39
1553812,31.3,21.40
1554114,31.3,21.41
1554416,31.3,21.42
1554718,31.3,21.42
1555020,31.3,21.43
1555322,31.3,21.43
1555624,31.3,21.44
1555926,31.3,21.45
1556228,31.3,21.45
1556530,31.3,21.45
1556832,31.3,21.46
1557134,31.3,21.47
1557436,32.3,21.47
1557738,31.3,21.48
1558040,32.3,21.49
1558342,32.3,21.49
1558644,31.3,21.50
1558946,31.3,21.50
1559248,31.3,21.50
1559550,31.3,21.51
1559852,32.3,21.51
1560154,31.3,21.52
1560456,31.3,21.52
1560758,32.3,21.53
1561060,31.3,21.54
1561362,31.3,21.53
1561664,31.3,21.55
1561966,31.3,21.55
1562268,31.3,21.56
1562570,31.3,21.56
1562872,31.3,21.56
1563174,31.3,21.57
1563476,31.3,21.57
1563778,31.3,21.57
1564080,31.3,21.57
1564382,31.3,21.57
1564684,31.3,21.58
1564986,31.3,21.58
1565288,31.3,21.59
1565590,31.3,21.59
1565892,31.3,21.59
1566194,31.3,21.60
1566496,31.3,21.61
1566798,31.3,21.62
1567100,31.3,21.62
1567402,31.3,21.63
1567704,31.3,21.63
1568006,31.3,21.63
1568308,31.3,21.64
1568610,32.3,21.64
1568912,32.3,21.64
1569214,31.3,21.65
1569516,31.3,21.65
1569818,31.3,21.65
1570120,31.3,21.65
1570422,31.3,21.65
1570724,31.3,21.66
1571026,32.3,21.66
1571328,32.3,21.66
1571630,32.3,21.67
1571932,32.3,21.67
1572234,32.3,21.67
1572536,32.3,21.68
1572838,32.3,21.68
1573140,32.3,21.68
1573442,31.3,21.68
1573744,31.3,21.68
1574046,31.3,21.68
1574348,31.3,21.68
1574650,31.3,21.69
1574952,31.3,21.69
1575254,31.3,21.69
1575556,31.3,21.69
1575858,31.3,21.69
1576160,31.3,21.69
1576462,31.3,21.69
1576764,31.3,21.70
1577066,31.3,21.70
1577368,31.3,21.71
1577670,31.3,21.70
1577972,31.3,21.70
1578274,31.3,21.71
1578576,32.3,21.71
1578878,32.3,21.71
1579180,32.3,21.71
1579482,32.3,21.71
1579784,32.3,21.71
1580086,32.3,21.72
1580388,32.3,21.72
1580690,32.3,21.72
1580992,32.3,21.72
1581294,32.3,21.72
1581596,32.3,21.72
1581898,32.3,21.73
1582200,32.3,21.73
1582502,32.3,21.73
1582804,33.3,21.73
1583106,32.3,21.73
1583408,32.3,21.73
1583710,32.3,21.74
1584012,32.3,21.74
1584314,32.3,21.74
1584616,32.3,21.74
1584918,32.3,21.75
1585220,32.3,21.75
1585522,32.3,21.75
1585824,31.3,21.76
1586126,32.3,21.76
1586428,32.3,21.76
1586730,32.3,21.77
1587032,32.3,21.77
1587334,32.3,21.77
1587636,32.3,21.77
1587938,32.3,21.77
1588240,32.3,21.78
1588542,32.3,21.78
1588844,33.3,21.78
1589146,33.3,21.78
1589448,32.3,21.79
1589750,32.3,21.79
1590052,32.3,21.79
1590354,32.3,21.79
1590656,32.3,21.79
1590958,32.3,21.80
1591260,32.3,21.80
1591562,32.3,21.80
1591864,32.3,21.81
1592166,32.3,21.81
1592468,32.3,21.82
1592770,32.3,21.82
1593072,32.3,21.82
1593374,32.3,21.83
1593676,32.3,21.83
1593978,33.3,21.84
1594280,32.3,21.84
1594582,32.3,21.84
1594884,32.3,21.85
1595186,32.3,21.85
1595488,32.3,21.86
1595790,32.3,21.86
1596092,32.3,21.86
1596394,32.3,21.88
1596696,33.3,21.88
1596998,32.3,21.88
1597300,32.3,21.88
1597602,33.3,21.89
1597904,33.3,21.89
1598206,33.3,21.90
1598508,33.3,21.90
1598810,32.3,21.90
1599112,33.3,21.90
1599414,32.3,21.91
1599716,32.3,21.91
1600018,32.3,21.92
1600320,33.3,21.92
1600622,33.3,21.92
1600924,33.3,21.93
1601226,32.3,21.93
1601528,32.3,21.93
1601830,32.3,21.94
1602132,32.3,21.94
1602434,32.3,21.95
1602736,32.3,21.95
1603038,32.3,21.96
1603340,32.3,21.96
1603642,33.3,21.97
1603944,32.3,21.97
1604246,32.3,21.97
1604548,32.3,21.98
1604850,32.3,21.98
1605152,32.3,21.98
1605454,33.3,21.99
1605756,33.3,21.99
1606058,33.3,22.00
1606360,33.3,22.00
1606662,33.3,22.00
1606964,32.3,22.01
1607266,32.3,22.01
1607568,33.3,22.02
1607870,33.3,22.02
1608172,33.3,22.02
1608474,32.3,22.03
1608776,33.3,22.04
1609078,33.3,22.04
1609380,33.3,22.04
1609682,33.3,22.05
1609984,33.3,22.06
1610286,33.3,22.06
1610588,32.3,22.07
1610890,32.3,22.07
1611192,32.3,22.07
1611494,32.3,22.08
1611796,32.3,22.08
1612098,32.3,22.08
1612400,32.3,22.08
1612702,33.3,22.09
1613004,33.3,22.09
1613306,33.3,22.10
1613608,33.3,22.10
1613910,33.3,22.11
1614212,32.3,22.11
1614514,33.3,22.11
1614816,32.3,22.11
1615118,32.3,22.12
1615420,33.3,22.12
1615722,33.3,22.12
1616024,33.3,22.13
1616326,32.3,22.14
1616628,33.3,22.14
1616930,33.3,22.14
1617232,33.3,22.14
1617534,33.3,22.15
1617836,33.3,22.15
1618138,33.3,22.16
1618440,33.3,22.16
1618742,33.3,22.17
1619044,33.3,22.17
1619346,32.3,22.17
1619648,32.3,22.18
1619950,32.3,22.18
1620252,32.3,22.19
1620554,33.3,22.19
1620856,33.3,22.19
1621158,33.3,22.20
1621460,33.3,22.20
1621762,33.3,22.20
1622064,33.3,22.21
1622366,33.3,22.20
1622668,33.3,22.21
1622970,33.3,22.22
1623272,33.3,22.22
1623574,33.3,22.22
1623876,33.3,22.22
1624178,33.3,22.23
1624480,33.3,22.23
1624782,33.3,22.23
1625084,33.3,22.24
1625386,33.3,22.24
1625688,34.3,22.24
1625990,34.3,22.25
1626292,34.3,22.25
1626594,33.3,22.26
1626896,33.3,22.26
1627198,33.3,22.27
1627500,33.3,22.27
1627802,33.3,22.28
1628104,33.3,22.28
1628406,33.3,22.29
1628708,33.3,22.29
1629010,34.3,22.29
1629312,34.3,22.29
1629614,34.3,22.30
1629916,34.3,22.30
1630218,33.3,22.30
1630520,33.3,22.31
1630822,33.3,22.31
1631124,33.3,22.31
1631426,34.3,22.32
1631728,34.3,22.32
1632030,33.3,22.32
1632332,34.3,22.33
1632634,34.3,22.33
1632936,34.3,22.33
1633238,34.3,22.33
1633540,34.3,22.34
1633842,33.3,22.35
1634144,33.3,22.35
1634446,33.3,22.36
1634748,33.3,22.36
1635050,33.3,22.36
1635352,33.3,22.37
1635654,34.3,22.38
1635956,34.3,22.38
1636258,34.3,22.39
1636560,33.3,22.39
1636862,33.3,22.39
1637164,33.3,22.40
1637466,33.3,22.40
1637768,34.3,22.40
1638070,33.3,22.40
1638372,33.3,22.41
1638674,33.3,22.42
1638976,33.3,22.42
1639278,34.3,22.42
1639580,33.3,22.42
1639882,33.3,22.42
1640184,33.3,22.43
1640486,33.3,22.44
1640788,33.3,22.44
1641090,33.3,22.45
1641392,33.3,22.44
1641694,33.3,22.45
1641996,34.3,22.45
1642298,34.3,22.45
1642600,34.3,22.46
1642902,33.3,22.46
1643204,33.3,22.46
1643506,33.3,22.47
1643808,33.3,22.47
1644110,33.3,22.47
1644412,34.3,22.47
1644714,33.3,22.48
1645016,34.3,22.48
1645318,34.3,22.48
1645620,34.3,22.49
1645922,34.3,22.49
1646224,34.3,22.49
1646526,34.3,22.50
1646828,34.3,22.50
1647130,33.3,22.51
1647432,33.3,22.50
1647734,33.3,22.51
1648036,34.3,22.51
1648338,34.3,22.52
1648640,34.3,22.52
1648942,34.3,22.52
1649244,34.3,22.52
1649546,34.3,22.53
1649848,34.3,22.53
1650150,33.3,22.53
1650452,34.3,22.54
1650754,33.3,22.54
1651056,33.3,22.54
1651358,33.3,22.54
1651660,33.3,22.55
1651962,34.3,22.55
1652264,34.3,22.55
1652566,34.3,22.56
1652868,34.3,22.56
1653170,34.3,22.57
1653472,33.3,22.57
1653774,34.3,22.57
1654076,33.3,22.57
1654378,34.3,22.58
1654680,34.3,22.57
1654982,34.3,22.58
1655284,34.3,22.58
1655586,34.3,22.58
1655888,34.3,22.59
1656190,34.3,22.60
1656492,34.3,22.59
1656794,34.3,22.60
1657096,34.3,22.60
1657398,33.3,22.60
1657700,34.3,22.61
1658002,33.3,22.61
1658304,34.3,22.62
1658606,34.3,22.62
1658908,34.3,22.62
1659210,34.3,22.63
1659512,34.3,22.63
1659814,33.3,22.63
1660116,34.3,22.64
1660418,34.3,22.64
1660720,34.3,22.64
1661022,34.3,22.65
1661324,34.3,22.64
1661626,34.3,22.65
1661928,34.3,22.66
1662230,34.3,22.65
1662532,34.3,22.66
1662834,34.3,22.66
1663136,34.3,22.66
1663438,34.3,22.67
1663740,34.3,22.67
1664042,34.3,22.67
1664344,34.3,22.67
1664646,34.3,22.67
1664948,34.3,22.67
1665250,34.3,22.68
1665552,34.3,22.68
1665854,34.3,22.69
1666156,34.3,22.69
1666458,34.3,22.69
1666760,34.3,22.70
1667062,34.3,22.70
1667364,34.3,22.70
1667666,33.3,22.71
1667968,34.3,22.70
1668270,34.3,22.71
1668572,34.3,22.72
1668874,34.3,22.72
1669176,34.3,22.72
1669478,34.3,22.72
1669780,34.3,22.72
1670082,34.3,22.73
1670384,34.3,22.73
1670686,34.3,22.73
1670988,34.3,22.73
1671290,34.3,22.74
1671592,34.3,22.74
1671894,34.3,22.74
1672196,34.3,22.74
1672498,34.3,22.75
1672800,34.3,22.75
1673102,34.3,22.75
1673404,34.3,22.76
1673706,34.3,22.76
1674008,34.3,22.76
1674310,34.3,22.77
1674612,34.3,22.77
1674914,34.3,22.77
1675216,34.3,22.77
1675518,34.3,22.77
1675820,34.3,22.78
1676122,34.3,22.78
1676424,34.3,22.78
1676726,34.3,22.79
1677028,34.3,22.79
1677330,34.3,22.79
1677632,34.3,22.79
1677934,34.3,22.80
1678236,34.3,22.81
1678538,34.3,22.81
1678840,34.3,22.81
1679142,34.3,22.80
1679444,34.3,22.81
1679746,34.3,22.81
1680048,34.3,22.81
1680350,34.3,22.82
1680652,34.3,22.82
1680954,34.3,22.82
1681256,34.3,22.82
1681558,34.3,22.83
1681860,34.3,22.83
1682162,34.3,22.83
1682464,34.3,22.83
1682766,34.3,22.84
1683068,34.3,22.83
1683370,34.3,22.84
1683672,34.3,22.84
1683974,34.3,22.84
1684276,34.3,22.85
1684578,34.3,22.85
1684880,34.3,22.85
1685182,34.3,22.85
1685484,34.3,22.86
1685786,34.3,22.86
1686088,34.3,22.86
1686390,34.3,22.86
1686692,34.3,22.86
1686994,34.3,22.86
1687296,34.3,22.87
1687598,34.3,22.87
1687900,34.3,22.87
1688202,34.3,22.88
1688504,34.3,22.88
1688806,34.3,22.88
1689108,34.3,22.89
1689410,34.3,22.88
1689712,34.3,22.89
1690014,34.3,22.89
1690316,34.3,22.89
1690618,34.3,22.90
1690920,34.3,22.89
1691222,34.3,22.89
1691524,34.3,22.90
1691826,34.3,22.90
1692128,34.3,22.90
1692430,34.3,22.91
1692732,34.3,22.91
1693034,34.3,22.91
1693336,34.3,22.91
1693638,34.3,22.91
1693940,34.3,22.92
1694242,34.3,22.92
1694544,34.3,22.92
1694846,34.3,22.92
1695148,34.3,22.92
1695450,34.3,22.92
1695752,34.3,22.93
1696054,34.3,22.93
1696356,34.3,22.93
1696658,34.3,22.93
1696960,34.3,22.93
1697262,34.3,22.94
1697564,34.3,22.94
1697866,34.3,22.94
1698168,34.3,22.95
1698470,34.3,22.95
1698772,34.3,22.95
1699074,34.3,22.95
1699376,34.3,22.96
1699678,34.3,22.95
1699980,34.3,22.96
1700282,34.3,22.96
1700584,34.3,22.96
1700886,34.3,22.96
1701188,35.3,22.96
1701490,34.3,22.97
1701792,34.3,22.96
1702094,34.3,22.97
1702396,34.3,22.97
1702698,34.3,22.97
1703000,34.3,22.98
1703302,34.3,22.98
1703604,34.3,22.98
1703906,34.3,22.98
1704208,34.3,22.98
1704510,34.3,22.99
1704812,34.3,22.98
1705114,34.3,22.99
1705416,34.3,22.99
1705718,34.3,22.99
1706020,34.3,22.99
1706322,34.3,23.00
1706624,34.3,23.00
1706926,34.3,23.00
1707228,34.3,23.00
1707530,34.3,23.00
1707832,34.3,23.01
1708134,34.3,23.02
1708436,34.3,23.01
1708738,34.3,23.02
1709040,34.3,23.03
1709342,34.3,23.03
1709644,34.3,23.02
1709946,34.3,23.03
1710248,34.3,23.04
1710550,34.3,23.04
1710852,34.3,23.04
1711154,34.3,23.04
1711456,35.3,23.04
1711758,35.3,23.05
1712060,35.3,23.05
1712362,34.3,23.05
1712664,34.3,23.06
1712966,34.3,23.06
1713268,34.3,23.06
1713570,35.3,23.07
1713872,34.3,23.07
1714174,34.3,23.07
1714476,34.3,23.08
1714778,34.3,23.08
1715080,34.3,23.08
1715382,34.3,23.08
1715684,34.3,23.08
1715986,34.3,23.08
1716288,34.3,23.09
1716590,34.3,23.09
1716892,35.3,23.09
1717194,35.3,23.09
1717496,35.3,23.09
1717798,35.3,23.10
1718100,35.3,23.10
1718402,35.3,23.10
1718704,35.3,23.11
1719006,34.3,23.11
1719308,35.3,23.11
1719610,35.3,23.11
1719912,34.3,23.12
1720214,34.3,23.12
1720516,35.3,23.12
1720818,34.3,23.12
1721120,34.3,23.12
1721422,34.3,23.13
1721724,34.3,23.12
1722026,34.3,23.12
1722328,34.3,23.12
1722630,34.3,23.13
1722932,34.3,23.13
1723234,34.3,23.13
1723536,34.3,23.14
1723838,34.3,23.13
1724140,34.3,23.14
1724442,34.3,23.14
1724744,34.3,23.14
1725046,34.3,23.15
1725348,34.3,23.15
1725650,35.3,23.15
1725952,35.3,23.15
1726254,35.3,23.15
1726556,35.3,23.16
1726858,35.3,23.16
1727160,35.3,23.16
1727462,35.3,23.16
1727764,35.3,23.16
1728066,35.3,23.16
1728368,35.3,23.17
1728670,34.3,23.17
1728972,35.3,23.17
1729274,35.3,23.18
1729576,35.3,23.18
1729878,35.3,23.18
1730180,35.3,23.18
1730482,35.3,23.18
1730784,35.3,23.19
1731086,35.3,23.19
1731388,35.3,23.19
1731690,35.3,23.20
1731992,35.3,23.19
1732294,35.3,23.20
1732596,35.3,23.20
1732898,35.3,23.20
1733200,35.3,23.21
1733502,35.3,23.21
1733804,35.3,23.21
1734106,35.3,23.21
1734408,35.3,23.21
1734710,35.3,23.22
1735012,35.3,23.22
1735314,35.3,23.22
1735616,35.3,23.22
1735918,35.3,23.22
1736220,35.3,23.23
1736522,35.3,23.23
1736824,35.3,23.23
1737126,35.3,23.23
1737428,35.3,23.23
1737730,34.3,23.24
1738032,35.3,23.24
1738334,35.3,23.24
1738636,35.3,23.24
1738938,35.3,23.25
1739240,35.3,23.25
1739542,35.3,23.25
1739844,35.3,23.25
1740146,35.3,23.25
1740448,35.3,23.26
1740750,35.3,23.26
1741052,35.3,23.26
1741354,35.3,23.26
1741656,35.3,23.26
1741958,35.3,23.26
1742260,35.3,23.26
1742562,35.3,23.27
1742864,34.3,23.27
1743166,35.3,23.27
1743468,35.3,23.27
1743770,35.3,23.27
1744072,35.3,23.28
1744374,35.3,23.28
1744676,35.3,23.28
1744978,35.3,23.28
1745280,35.3,23.29
1745582,35.3,23.29
1745884,35.3,23.29
1746186,35.3,23.29
1746488,35.3,23.29
1746790,35.3,23.29
1747092,35.3,23.30
1747394,35.3,23.30
1747696,35.3,23.30
1747998,35.3,23.31
1748300,35.3,23.31
1748602,35.3,23.30
1748904,35.3,23.31
1749206,35.3,23.31
1749508,35.3,23.31
1749810,35.3,23.31
1750112,35.3,23.31
1750414,35.3,23.32
1750716,35.3,23.32
1751018,35.3,23.32
1751320,35.3,23.32
1751622,35.3,23.33
1751924,35.3,23.32
1752226,35.3,23.32
1752528,35.3,23.33
1752830,35.3,23.33
1753132,35.3,23.34
1753434,35.3,23.34
1753736,35.3,23.34
1754038,35.3,23.35
1754340,35.3,23.34
1754642,35.3,23.35
1754944,36.3,23.35
1755246,35.3,23.35
1755548,35.3,23.36
1755850,35.3,23.36
1756152,35.3,23.36
1756454,35.3,23.36
1756756,35.3,23.37
1757058,35.3,23.36
1757360,35.3,23.37
1757662,35.3,23.37
1757964,35.3,23.37
1758266,35.3,23.38
1758568,35.3,23.38
1758870,35.3,23.39
1759172,35.3,23.38
1759474,35.3,23.39
1759776,35.3,23.39
1760078,35.3,23.39
1760380,35.3,23.39
1760682,35.3,23.40
1760984,36.3,23.40
1761286,36.3,23.40
1761588,36.3,23.40
1761890,35.3,23.40
1762192,36.3,23.40
1762494,35.3,23.41
1762796,35.3,23.41
1763098,35.3,23.42
1763400,35.3,23.42
1763702,35.3,23.42
1764004,35.3,23.42
1764306,35.3,23.42
1764608,36.3,23.43
1764910,35.3,23.43
1765212,35.3,23.43
1765514,35.3,23.43
1765816,35.3,23.44
1766118,35.3,23.44
1766420,35.3,23.44
1766722,35.3,23.44
1767024,36.3,23.44
1767326,35.3,23.44
1767628,35.3,23.44
1767930,35.3,23.45
1768232,36.3,23.45
1768534,35.3,23.45
1768836,35.3,23.46
1769138,35.3,23.46
1769440,35.3,23.46
1769742,35.3,23.46
1770044,35.3,23.47
1770346,35.3,23.47
1770648,35.3,23.47
1770950,35.3,23.47
1771252,36.3,23.48
1771554,36.3,23.48
1771856,35.3,23.48
1772158,35.3,23.48
1772460,36.3,23.48
1772762,36.3,23.48
1773064,36.3,23.48
1773366,36.3,23.49
1773668,35.3,23.49
1773970,35.3,23.49
1774272,35.3,23.49
1774574,35.3,23.49
1774876,35.3,23.49
1775178,35.3,23.49
1775480,35.3,23.49
1775782,35.3,23.49
1776084,36.3,23.50
1776386,36.3,23.50
1776688,35.3,23.50
1776990,35.3,23.51
1777292,35.3,23.51
1777594,35.3,23.51
1777896,35.3,23.51
1778198,36.3,23.51
1778500,36.3,23.51
1778802,36.3,23.52
1779104,36.3,23.52
1779406,36.3,23.52
1779708,36.3,23.53
1780010,35.3,23.53
1780312,35.3,23.53
1780614,35.3,23.53
1780916,36.3,23.54
1781218,36.3,23.54
1781520,36.3,23.54
1781822,36.3,23.54
1782124,36.3,23.54
1782426,36.3,23.54
1782728,36.3,23.54
1783030,35.3,23.55
1783332,35.3,23.55
1783634,35.3,23.55
1783936,35.3,23.55
1784238,36.3,23.55
1784540,35.3,23.56
1784842,35.3,23.56
1785144,36.3,23.56
1785459,36.3,23.56
1785761,35.3,23.57
1786063,35.3,23.56
1786365,35.3,23.56
1786667,35.3,23.57
1786969,35.3,23.57
1787271,36.3,23.58
1787573,36.3,23.58
1787875,36.3,23.58
1788177,36.3,23.58
1788479,36.3,23.58
1788781,35.3,23.59
1789083,36.3,23.59
1789385,36.3,23.59
1789687,36.3,23.59
1789989,36.3,23.60
1790291,36.3,23.60
1790593,36.3,23.60
1790895,36.3,23.60
1791197,36.3,23.60
1791499,36.3,23.60
1791801,36.3,23.60
1792103,36.3,23.61
1792405,36.3,23.60
1792707,36.3,23.61
1793009,36.3,23.61
1793311,36.3,23.61
1793613,36.3,23.62
1793915,36.3,23.62
1794217,36.3,23.62
1794519,36.3,23.63
1794821,35.3,23.63
1795123,36.3,23.63
1795425,36.3,23.63
1795727,36.3,23.63
1796029,36.3,23.64
1796331,36.3,23.64
1796633,36.3,23.64
1796935,36.3,23.64
1797237,36.3,23.63
1797539,36.3,23.64
1797841,36.3,23.64
1798143,36.3,23.64
1798445,36.3,23.65
1798747,36.3,23.65
1799049,36.3,23.65
1799351,36.3,23.65
1799653,36.3,23.65
1799955,36.3,23.65
1800257,36.3,23.66
1800559,36.3,23.66
1800861,36.3,23.66
1801163,36.3,23.66
1801465,36.3,23.66
1801767,36.3,23.67
1802069,36.3,23.67
1802371,35.3,23.68
1802673,35.3,23.68
1802975,36.3,23.67
1803277,36.3,23.68
1803579,36.3,23.69
1803881,36.3,23.69
1804183,36.3,23.69
1804485,36.3,23.69
1804787,36.3,23.69
1805089,36.3,23.69
1805391,36.3,23.69
1805693,36.3,23.69
1805995,36.3,23.70
1806297,36.3,23.70
1806599,36.3,23.70
1806901,36.3,23.71
1807203,36.3,23.71
1807505,36.3,23.71
1807807,36.3,23.71
1808109,36.3,23.71
1808411,36.3,23.71
1808713,36.3,23.72
1809015,36.3,23.71
1809317,36.3,23.72
1809619,36.3,23.72
1809921,36.3,23.72
1810223,36.3,23.72
1810525,36.3,23.72
1810827,36.3,23.73
1811129,36.3,23.72
1811431,36.3,23.72
1811733,36.3,23.73
1812035,36.3,23.72
1812337,36.3,23.73
1812639,36.3,23.73
1812941,36.3,23.73
1813243,36.3,23.74
1813545,36.3,23.74
1813847,36.3,23.74
1814149,36.3,23.74
1814451,36.3,23.74
1814753,36.3,23.74
1815055,36.3,23.74
1815357,37.3,23.74
1815659,36.3,23.75
1815961,36.3,23.75
1816263,36.3,23.75
1816565,36.3,23.76
1816867,36.3,23.76
1817169,36.3,23.76
1817471,36.3,23.76
1817773,36.3,23.76
1818075,36.3,23.76
1818377,36.3,23.77
1818679,36.3,23.76
1818981,36.3,23.77
1819283,36.3,23.77
1819585,36.3,23.77
1819887,36.3,23.77
1820189,36.3,23.77
1820491,36.3,23.77
1820793,36.3,23.78
1821095,36.3,23.78
1821397,36.3,23.78
1821699,36.3,23.78
1822001,36.3,23.79
1822303,37.3,23.79
1822605,37.3,23.79
1822907,36.3,23.79
1823209,36.3,23.79
1823511,36.3,23.79
1823813,36.3,23.79
1824115,36.3,23.80
1824417,36.3,23.80
1824719,36.3,23.81
1825021,36.3,23.81
1825323,35.3,23.80
1825625,36.3,23.81
1825927,36.3,23.81
1826229,36.3,23.81
1826531,36.3,23.81
1826833,36.3,23.81
1827135,36.3,23.81
1827437,36.3,23.81
1827739,36.3,23.81
1828041,36.3,23.82
1828343,36.3,23.82
1828645,36.3,23.82
1828947,36.3,23.83
1829249,36.3,23.83
1829551,36.3,23.83
1829853,36.3,23.84
1830155,36.3,23.83
1830457,36.3,23.83
1830759,36.3,23.83
1831061,36.3,23.83
1831363,36.3,23.84
1831665,36.3,23.84
1831967,36.3,23.84
1832269,36.3,23.85
1832571,36.3,23.85
1832873,36.3,23.85
1833175,36.3,23.85
1833477,36.3,23.85
1833779,36.3,23.86
1834081,36.3,23.86
1834383,37.3,23.86
1834685,37.3,23.86
1834987,37.3,23.87
1835289,36.3,23.86
1835591,37.3,23.87
1835893,37.3,23.87
1836195,37.3,23.87
1836497,37.3,23.87
1836799,36.3,23.87
1837101,36.3,23.87
1837403,36.3,23.88
1837705,36.3,23.89
1838007,36.3,23.88
1838309,36.3,23.88
1838611,36.3,23.89
1838913,36.3,23.89
1839215,37.3,23.89
1839517,37.3,23.89
1839819,36.3,23.90
1840121,36.3,23.90
1840423,36.3,23.90
1840725,36.3,23.90
1841027,36.3,23.90
1841329,36.3,23.90
1841631,36.3,23.91
1841933,36.3,23.91
1842235,37.3,23.91
1842537,36.3,23.91
1842839,36.3,23.91
1843141,36.3,23.91
1843443,36.3,23.92
1843745,36.3,23.92
1844047,36.3,23.92
1844349,37.3,23.92
1844651,37.3,23.92
1844953,37.3,23.92
1845255,37.3,23.93
1845557,37.3,23.93
1845859,37.3,23.93
1846161,37.3,23.93
1846463,37.3,23.93
1846765,37.3,23.93
1847067,36.3,23.94
1847369,36.3,23.94
1847671,36.3,23.94
1847973,36.3,23.94
1848275,37.3,23.95
1848577,37.3,23.95
1848879,37.3,23.95
1849181,36.3,23.95
1849483,37.3,23.95
1849785,37.3,23.95
1850087,36.3,23.95
1850389,37.3,23.95
1850691,37.3,23.95
1850993,36.3,23.95
1851295,37.3,23.95
1851597,36.3,23.95
1851899,37.3,23.95
1852201,36.3,23.95
1852503,37.3,23.95
1852805,37.3,23.95
1853107,37.3,23.95
1853409,37.3,23.95
1853711,37.3,23.95
1854013,37.3,23.95
1854315,37.3,23.95
1854617,37.3,23.95
1854919,37.3,23.95
1855221,37.3,23.95
1855523,37.3,23.96
1855825,37.3,23.96
1856127,36.3,23.97
1856429,36.3,23.96
1856731,37.3,23.96
1857033,37.3,23.96
1857335,37.3,23.96
1857637,37.3,23.96
1857939,37.3,23.96
1858241,37.3,23.96
1858543,37.3,23.96
1858845,37.3,23.96
1859147,36.3,23.96
1859449,36.3,23.97
1859751,37.3,23.97
1860053,36.3,23.97
1860355,36.3,23.97
1860657,37.3,23.96
1860959,37.3,23.97
1861261,37.3,23.97
1861563,37.3,23.97
1861865,37.3,23.97
1862167,37.3,23.97
1862469,37.3,23.97
1862771,37.3,23.97
1863073,37.3,23.97
1863375,37.3,23.96
1863677,37.3,23.96
1863979,37.3,23.96
1864281,36.3,23.96
1864583,37.3,23.96
1864885,36.3,23.96
1865187,36.3,23.96
1865489,36.3,23.96
1865791,37.3,23.96
1866093,37.3,23.96
1866395,37.3,23.97
1866697,37.3,23.97
1866999,37.3,23.97
1867301,37.3,23.97
1867603,37.3,23.96
1867905,37.3,23.97
1868207,37.3,23.96
1868509,37.3,23.96
1868811,37.3,23.96
1869113,36.3,23.97
1869415,36.3,23.97
1869717,36.3,23.96
1870019,36.3,23.97
1870321,37.3,23.97
1870623,37.3,23.97
1870925,37.3,23.97
1871227,37.3,23.97
1871529,37.3,23.97
1871831,36.3,23.97
1872133,37.3,23.97
1872435,37.3,23.97
1872737,36.3,23.97
1873039,36.3,23.97
1873341,36.3,23.97
1873643,36.3,23.97
1873945,36.3,23.97
1874247,37.3,23.97
1874549,36.3,23.97
1874851,37.3,23.97
1875153,36.3,23.97
1875455,36.3,23.97
1875757,36.3,23.97
1876059,36.3,23.96
1876361,37.3,23.96
1876663,37.3,23.96
1876965,37.3,23.96
1877267,37.3,23.96
1877569,37.3,23.96
1877871,37.3,23.96
1878173,36.3,23.96
1878475,37.3,23.96
1878777,37.3,23.96
1879079,37.3,23.96
1879381,37.3,23.96
1879683,37.3,23.96
1879985,37.3,23.96
1880287,37.3,23.96
1880589,37.3,23.96
1880891,37.3,23.97
1881193,37.3,23.96
1881495,36.3,23.96
1881797,36.3,23.97
1882099,37.3,23.96
1882401,37.3,23.96
1882703,37.3,23.97
1883005,37.3,23.97
1883307,37.3,23.97
1883609,37.3,23.97
1883911,37.3,23.97
1884213,37.3,23.97
1884515,37.3,23.97
1884817,36.3,23.97
1885119,36.3,23.97
1885421,36.3,23.98
1885723,36.3,23.98
1886025,37.3,23.98
1886327,37.3,23.98
1886629,37.3,23.98
1886931,37.3,23.98
1887233,37.3,23.98
1887535,37.3,23.98
1887837,37.3,23.99
1888139,36.3,23.99
1888441,37.3,23.99
1888743,37.3,23.99
1889045,37.3,23.99
1889347,37.3,24.00
1889649,37.3,24.00
1889951,37.3,24.01
1890253,37.3,24.01
1890555,37.3,24.01
1890857,37.3,24.01
1891159,37.3,24.01
1891461,37.3,24.01
1891763,37.3,24.02
1892065,37.3,24.02
1892367,37.3,24.02
1892669,37.3,24.02
1892971,37.3,24.03
1893273,37.3,24.03
1893575,37.3,24.03
1893877,37.3,24.04
1894179,37.3,24.04
1894481,37.3,24.04
1894783,37.3,24.04
1895085,37.3,24.04
1895387,37.3,24.04
1895689,37.3,24.04
1895991,37.3,24.04
1896293,37.3,24.04
1896595,37.3,24.04
1896897,37.3,24.05
1897199,37.3,24.05
1897501,37.3,24.05
1897803,37.3,24.05
1898105,37.3,24.05
1898407,37.3,24.05
1898709,37.3,24.06
1899011,37.3,24.06
1899313,37.3,24.06
1899615,37.3,24.06
1899917,37.3,24.06
1900219,37.3,24.06
1900521,37.3,24.06
1900823,37.3,24.06
1901125,37.3,24.07
1901427,37.3,24.07
1901729,37.3,24.07
1902031,37.3,24.08
1902333,37.3,24.08
1902635,37.3,24.08
1902937,37.3,24.08
1903239,37.3,24.08
1903541,37.3,24.08
1903843,37.3,24.08
1904145,37.3,24.08
1904447,37.3,24.09
1904749,37.3,24.08
1905051,37.3,24.08
1905353,37.3,24.08
1905655,37.3,24.09
1905957,37.3,24.09
1906259,37.3,24.09
1906561,37.3,24.09
1906863,37.3,24.09
1907165,37.3,24.09
1907467,37.3,24.08
1907769,37.3,24.08
1908071,37.3,24.08
1908373,37.3,24.09
1908675,37.3,24.09
1908977,37.3,24.08
1909279,37.3,24.08
1909581,37.3,24.08
1909883,37.3,24.08
1910185,37.3,24.09
1910487,37.3,24.09
1910789,37.3,24.09
1911091,37.3,24.09
1911393,37.3,24.09
1911695,37.3,24.10
1911997,37.3,24.10
1912299,37.3,24.10
1912601,37.3,24.10
1912903,37.3,24.10
1913205,37.3,24.10
1913507,37.3,24.10
1913809,37.3,24.10
1914111,37.3,24.10
1914413,37.3,24.10
1914715,37.3,24.10
1915017,37.3,24.10
1915319,37.3,24.10
1915621,37.3,24.11
1915923,37.3,24.11
1916225,37.3,24.11
1916527,37.3,24.11
1916829,37.3,24.11
1917131,37.3,24.12
1917433,37.3,24.12
1917735,37.3,24.12
1918037,37.3,24.12
1918339,37.3,24.12
1918641,37.3,24.12
1918943,37.3,24.12
1919245,37.3,24.12
1919547,37.3,24.11
1919849,37.3,24.12
1920151,37.3,24.12
1920453,37.3,24.12
1920755,37.3,24.12
1921057,37.3,24.12
1921359,37.3,24.13
1921661,37.3,24.13
1921963,37.3,24.13
1922265,37.3,24.13
1922567,37.3,24.13
1922869,37.3,24.14
1923171,37.3,24.14
1923473,37.3,24.14
1923775,37.3,24.14
1924077,37.3,24.14
1924379,37.3,24.14
1924681,37.3,24.14
1924983,37.3,24.14
1925285,37.3,24.15
1925587,37.3,24.14
1925889,37.3,24.14
1926191,37.3,24.15
1926493,37.3,24.15
1926795,37.3,24.15
1927097,37.3,24.15
1927399,37.3,24.15
1927701,37.3,24.16
1928003,37.3,24.16
1928305,37.3,24.16
1928607,37.3,24.17
1928909,37.3,24.17
1929211,37.3,24.17
1929513,37.3,24.17
1929815,37.3,24.17
1930117,37.3,24.17
1930419,37.3,24.17
1930721,37.3,24.17
1931023,37.3,24.17
1931325,37.3,24.17
1931627,37.3,24.17
1931929,37.3,24.17
1932231,37.3,24.17
1932533,37.3,24.17
1932835,37.3,24.17
1933137,37.3,24.17
1933439,37.3,24.17
1933741,37.3,24.18
1934043,37.3,24.17
1934345,37.3,24.18
1934647,37.3,24.18
1934949,37.3,24.18
1935251,37.3,24.18
1935553,37.3,24.17
1935855,37.3,24.18
1936157,37.3,24.18
1936459,37.3,24.18
1936761,37.3,24.19
1937063,37.3,24.18
1937365,37.3,24.19
1937667,37.3,24.18
1937969,37.3,24.19
1938271,37.3,24.19
1938573,37.3,24.19
1938875,37.3,24.19
1939177,37.3,24.19
1939479,38.3,24.18
1939781,37.3,24.19
1940083,37.3,24.19
1940385,37.3,24.19
1940687,37.3,24.19
1940989,37.3,24.20
1941291,37.3,24.19
1941593,37.3,24.19
1941895,37.3,24.20
1942197,37.3,24.20
1942499,37.3,24.20
1942801,37.3,24.20
1943103,37.3,24.20
1943405,37.3,24.20
1943707,37.3,24.21
1944009,37.3,24.21
1944311,37.3,24.21
1944613,37.3,24.21
1944915,37.3,24.22
1945217,37.3,24.22
1945519,37.3,24.22
1945821,37.3,24.22
1946123,37.3,24.22
1946425,37.3,24.22
1946727,38.3,24.22
1947029,37.3,24.22
1947331,37.3,24.22
1947633,37.3,24.22
1947935,37.3,24.22
1948237,37.3,24.22
1948539,37.3,24.22
1948841,38.3,24.22
1949143,38.3,24.23
1949445,37.3,24.23
1949747,37.3,24.22
1950049,37.3,24.23
1950351,37.3,24.23
1950653,37.3,24.23
1950955,37.3,24.24
1951257,37.3,24.23
1951559,37.3,24.23
1951861,37.3,24.23
1952163,37.3,24.23
1952465,37.3,24.23
1952767,37.3,24.24
1953069,37.3,24.24
1953371,37.3,24.23
1953673,37.3,24.24
1953975,37.3,24.23
1954277,37.3,24.24
1954579,37.3,24.24
1954881,37.3,24.24
1955183,37.3,24.24
1955485,37.3,24.24
1955787,37.3,24.24
1956089,37.3,24.24
1956391,37.3,24.24
1956693,37.3,24.24
1956995,37.3,24.24
1957297,38.3,24.24
1957599,38.3,24.24
1957901,37.3,24.24
1958203,38.3,24.24
1958505,38.3,24.25
1958807,37.3,24.25
1959109,37.3,24.25
1959411,37.3,24.25
1959713,37.3,24.25
1960015,37.3,24.25
1960317,37.3,24.25
1960619,37.3,24.26
1960921,37.3,24.26
1961223,37.3,24.26
1961525,37.3,24.26
1961827,37.3,24.26
1962129,37.3,24.26
1962431,37.3,24.26
1962733,37.3,24.26
1963035,37.3,24.26
1963337,37.3,24.26
1963639,37.3,24.26
1963941,37.3,24.26
1964243,37.3,24.26
1964545,37.3,24.26
1964847,37.3,24.26
1965149,37.3,24.27
1965451,37.3,24.27
1965753,37.3,24.27
1966055,37.3,24.27
1966357,37.3,24.27
1966659,37.3,24.27
1966961,37.3,24.27
1967263,37.3,24.27
1967565,37.3,24.28
1967867,37.3,24.28
1968169,37.3,24.28
1968471,37.3,24.28
1968773,37.3,24.28
1969075,37.3,24.28
1969377,37.3,24.28
1969679,37.3,24.28
1969981,37.3,24.28
1970283,37.3,24.28
1970585,37.3,24.28
1970887,37.3,24.29
1971189,37.3,24.28
1971491,37.3,24.29
1971793,37.3,24.29
1972095,37.3,24.29
1972397,37.3,24.29
1972699,37.3,24.29
1973001,37.3,24.29
1973303,38.3,24.29
1973605,37.3,24.29
1973907,37.3,24.29
1974209,37.3,24.29
1974511,37.3,24.29
1974813,37.3,24.29
1975115,37.3,24.29
1975417,37.3,24.29
1975719,37.3,24.29
1976021,37.3,24.29
1976323,37.3,24.30
1976625,38.3,24.30
1976927,37.3,24.30
1977229,37.3,24.29
1977531,37.3,24.29
1977833,37.3,24.30
1978135,37.3,24.29
1978437,37.3,24.30
1978739,37.3,24.30
1979041,37.3,24.29
1979343,37.3,24.29
1979645,37.3,24.30
1979947,37.3,24.30
1980249,37.3,24.30
1980551,37.3,24.30
1980853,37.3,24.30
1981155,37.3,24.30
1981457,37.3,24.30
1981759,38.3,24.30
1982061,37.3,24.31
1982363,37.3,24.31
1982665,38.3,24.31
1982967,37.3,24.31
1983269,38.3,24.31
1983571,38.3,24.31
1983873,37.3,24.31
1984175,37.3,24.32
1984477,37.3,24.32
1984779,37.3,24.32
1985081,38.3,24.32
1985383,37.3,24.32
1985685,37.3,24.32
1985987,37.3,24.32
1986289,37.3,24.32
1986591,37.3,24.33
1986893,37.3,24.33
1987195,38.3,24.32
1987497,38.3,24.32
1987799,37.3,24.32
1988101,38.3,24.32
1988403,37.3,24.32
1988705,37.3,24.32
1989007,37.3,24.32
1989309,38.3,24.33
1989611,37.3,24.33
1989913,37.3,24.33
1990215,37.3,24.33
1990517,37.3,24.33
1990819,37.3,24.33
1991121,37.3,24.33
1991423,37.3,24.34
1991725,37.3,24.33
1992027,37.3,24.34
1992329,38.3,24.34
1992631,37.3,24.34
1992933,37.3,24.34
1993235,37.3,24.34
1993537,37.3,24.35
1993839,37.3,24.34
1994141,37.3,24.35
1994443,37.3,24.34
1994745,37.3,24.35
1995047,37.3,24.35
1995349,37.3,24.35
1995651,37.3,24.35
1995953,38.3,24.35
1996255,38.3,24.35
1996557,37.3,24.35
1996859,37.3,24.35
1997161,37.3,24.35
1997463,37.3,24.35
1997765,37.3,24.35
1998067,37.3,24.35
1998369,37.3,24.35
1998671,37.3,24.36
1998973,37.3,24.36
1999275,37.3,24.36
1999577,37.3,24.36
1999879,37.3,24.36
2000181,37.3,24.36
2000483,37.3,24.36
2000785,37.3,24.36
2001087,37.3,24.36
2001389,38.3,24.36
2001691,38.3,24.36
2001993,37.3,24.36
2002295,37.3,24.36
2002597,37.3,24.36
2002899,37.3,24.37
2003201,37.3,24.37
2003503,37.3,24.37
2003805,37.3,24.37
2004107,37.3,24.37
2004409,38.3,24.37
2004711,37.3,24.38
2005013,37.3,24.38
2005315,38.3,24.38
2005617,38.3,24.38
2005919,38.3,24.38
2006221,38.3,24.38
2006523,37.3,24.38
2006825,37.3,24.39
2007127,38.3,24.39
2007429,38.3,24.39
2007731,38.3,24.39
2008033,38.3,24.39
2008335,38.3,24.40
2008637,38.3,24.40
2008939,38.3,24.40
2009241,37.3,24.40
2009543,37.3,24.40
2009845,37.3,24.40
2010147,37.3,24.41
2010449,37.3,24.41
2010751,38.3,24.41
2011053,38.3,24.41
2011355,37.3,24.41
2011657,37.3,24.42
2011959,37.3,24.42
2012261,37.3,24.43
2012563,37.3,24.42
2012865,37.3,24.42
2013167,37.3,24.42
2013469,37.3,24.43
2013771,38.3,24.43
2014073,38.3,24.43
2014375,38.3,24.43
2014677,37.3,24.44
2014979,37.3,24.44
2015281,37.3,24.44
2015583,38.3,24.44
2015885,38.3,24.44
2016187,38.3,24.44
2016489,37.3,24.44
2016791,37.3,24.45
2017093,37.3,24.45
2017395,37.3,24.44
2017697,37.3,24.45
2017999,37.3,24.45
2018301,37.3,24.45
2018603,37.3,24.46
2018905,37.3,24.45
2019207,37.3,24.46
2019509,38.3,24.46
2019811,38.3,24.46
2020113,38.3,24.46
2020415,38.3,24.46
2020717,38.3,24.47
2021019,37.3,24.47
2021321,37.3,24.47
2021623,37.3,24.47
2021925,38.3,24.48
2022227,38.3,24.48
2022529,38.3,24.48
2022831,38.3,24.48
2023133,37.3,24.48
2023435,37.3,24.47
2023737,38.3,24.48
2024039,37.3,24.48
2024341,37.3,24.48
2024643,38.3,24.48
2024945,38.3,24.48
2025247,37.3,24.49
2025549,37.3,24.49
2025851,37.3,24.48
2026153,37.3,24.49
2026455,37.3,24.49
2026757,37.3,24.49
2027059,37.3,24.49
2027361,37.3,24.49
2027663,37.3,24.50
2027965,37.3,24.50
2028267,37.3,24.50
2028569,37.3,24.50
2028871,37.3,24.50
2029173,38.3,24.50
2029475,38.3,24.51
2029777,37.3,24.52
2030079,38.3,24.52
2030381,37.3,24.52
2030683,37.3,24.52
2030985,37.3,24.53
2031287,38.3,24.53
2031589,37.3,24.53
2031891,38.3,24.54
2032193,37.3,24.54
2032495,37.3,24.54
2032797,37.3,24.55
2033099,37.3,24.55
2033401,37.3,24.55
2033703,37.3,24.56
2034005,38.3,24.56
2034307,38.3,24.56
2034609,37.3,24.57
2034911,38.3,24.57
2035213,37.3,24.57
2035515,37.3,24.57
2035817,38.3,24.57
2036119,37.3,24.58
2036421,38.3,24.58
2036723,37.3,24.58
2037025,37.3,24.59
2037327,38.3,24.59
2037629,38.3,24.60
2037931,38.3,24.60
2038233,38.3,24.60
2038535,38.3,24.60
2038837,38.3,24.61
2039139,38.3,24.62
2039441,38.3,24.63
2039743,38.3,24.64
2040045,38.3,24.65
2040347,38.3,24.65
2040649,37.3,24.66
2040951,37.3,24.67
2041253,38.3,24.68
2041555,38.3,24.68
2041857,37.3,24.69
2042159,37.3,24.70
2042461,37.3,24.70
2042763,38.3,24.71
2043065,38.3,24.71
2043367,38.3,24.71
2043669,38.3,24.72
2043971,38.3,24.72
2044273,38.3,24.73
2044575,37.3,24.74
2044877,38.3,24.74
2045179,37.3,24.75
2045481,38.3,24.76
2045783,38.3,24.76
2046085,38.3,24.77
2046387,38.3,24.77
2046689,37.3,24.78
2046991,38.3,24.79
2047293,38.3,24.79
2047595,38.3,24.80
2047897,38.3,24.80
2048199,37.3,24.81
2048501,37.3,24.82
2048803,37.3,24.83
2049105,37.3,24.83
2049407,37.3,24.84
2049709,37.3,24.84
2050011,38.3,24.85
2050313,37.3,24.86
2050615,37.3,24.86
2050917,38.3,24.87
2051219,38.3,24.88
2051521,38.3,24.88
2051823,37.3,24.89
2052125,38.3,24.89
2052427,37.3,24.90
2052729,38.3,24.90
2053031,38.3,24.91
2053333,38.3,24.91
2053635,37.3,24.92
2053937,37.3,24.93
2054239,37.3,24.94
2054541,37.3,24.95
2054843,38.3,24.95
2055145,38.3,24.95
2055447,38.3,24.96
2055749,37.3,24.97
2056051,38.3,24.98
2056353,38.3,24.99
2056655,38.3,24.99
2056957,38.3,25.00
2057259,38.3,25.01
2057561,37.3,25.01
2057863,37.3,25.03
2058165,38.3,25.03
2058467,38.3,25.04
2058769,38.3,25.04
2059071,38.3,25.05
2059373,38.3,25.06
2059675,38.3,25.07
2059977,38.3,25.07
2060279,38.3,25.07
2060581,39.3,25.07
2060883,38.3,25.07
2061185,38.3,25.08
2061487,38.3,25.08
2061789,38.3,25.09
2062091,38.3,25.09
2062393,38.3,25.10
2062695,38.3,25.10
2062997,38.3,25.10
2063299,38.3,25.10
2063601,38.3,25.10
2063903,38.3,25.11
2064205,38.3,25.11
2064507,38.3,25.11
2064809,38.3,25.12
2065111,38.3,25.12
2065413,38.3,25.13
2065715,38.3,25.14
2066017,38.3,25.15
2066319,38.3,25.16
2066621,38.3,25.17
2066923,38.3,25.17
2067225,38.3,25.18
2067527,38.3,25.19
2067829,38.3,25.19
2068131,38.3,25.19
2068433,38.3,25.20
2068735,38.3,25.20
2069037,38.3,25.21
2069339,38.3,25.22
2069641,38.3,25.23
2069943,38.3,25.24
2070245,38.3,25.24
2070547,38.3,25.24
2070849,38.3,25.24
2071151,38.3,25.24
2071453,38.3,25.24
2071755,38.3,25.24
2072057,38.3,25.25
2072359,38.3,25.25
2072661,39.3,25.25
2072963,39.3,25.26
2073265,38.3,25.26
2073567,39.3,25.26
2073869,38.3,25.27
2074171,38.3,25.26
2074473,38.3,25.26
2074775,38.3,25.26
2075077,38.3,25.26
2075379,38.3,25.26
2075681,38.3,25.26
2075983,38.3,25.26
2076285,38.3,25.26
2076587,38.3,25.26
2076889,38.3,25.27
2077191,38.3,25.26
2077493,38.3,25.27
2077795,38.3,25.27
2078097,38.3,25.27
2078399,37.3,25.27
2078701,38.3,25.27
2079003,38.3,25.27
2079305,38.3,25.27
2079607,38.3,25.27
2079909,38.3,25.27
2080211,38.3,25.28
2080513,38.3,25.28
2080815,38.3,25.28
2081117,38.3,25.28
2081419,38.3,25.28
2081721,38.3,25.29
2082023,38.3,25.29
2082325,38.3,25.30
2082627,38.3,25.30
2082929,38.3,25.31
2083231,38.3,25.31
2083533,38.3,25.31
2083835,38.3,25.32
2084137,38.3,25.33
2084439,38.3,25.34
2084741,38.3,25.35
2085043,38.3,25.35
2085345,38.3,25.36
2085647,38.3,25.36
2085949,38.3,25.36
2086251,38.3,25.37
2086553,38.3,25.37
2086855,38.3,25.37
2087157,38.3,25.37
2087459,38.3,25.37
2087761,38.3,25.37
2088063,38.3,25.37
2088365,38.3,25.37
2088667,38.3,25.37
2088969,38.3,25.38
2089271,38.3,25.37
2089573,38.3,25.38
2089875,38.3,25.38
2090177,38.3,25.38
2090479,38.3,25.38
2090781,38.3,25.38
2091083,38.3,25.39
2091385,38.3,25.38
2091687,38.3,25.39
2091989,38.3,25.39
2092291,38.3,25.39
2092593,38.3,25.40
2092895,38.3,25.40
2093197,38.3,25.40
2093499,38.3,25.41
2093801,38.3,25.41
2094103,38.3,25.41
2094405,38.3,25.41
2094707,38.3,25.41
2095009,38.3,25.41
2095311,38.3,25.41
2095613,38.3,25.41
2095915,38.3,25.42
2096217,38.3,25.42
2096519,38.3,25.43
2096821,38.3,25.43
2097123,38.3,25.43
2097425,38.3,25.43
2097727,38.3,25.42
2098029,39.3,25.41
2098331,39.3,25.41
2098633,38.3,25.42
2098935,38.3,25.43
2099237,38.3,25.44
2099539,38.3,25.44
2099841,39.3,25.45
2100143,39.3,25.46
2100445,39.3,25.47
2100747,39.3,25.47
2101049,39.3,25.48
2101351,38.3,25.48
2101653,38.3,25.49
2101955,38.3,25.50
2102257,38.3,25.51
2102559,39.3,25.51
2102861,38.3,25.50
2103163,38.3,25.50
2103465,38.3,25.50
2103767,38.3,25.49
2104069,38.3,25.50
2104371,38.3,25.50
2104673,38.3,25.50
2104975,38.3,25.50
2105277,38.3,25.50
2105579,38.3,25.50
2105881,39.3,25.50
2106183,38.3,25.50
2106485,38.3,25.50
2106787,38.3,25.50
2107089,39.3,25.49
2107391,39.3,25.50
2107693,39.3,25.50
2107995,38.3,25.49
2108297,38.3,25.49
2108599,39.3,25.49
2108901,38.3,25.49
2109203,38.3,25.49
2109505,38.3,25.49
2109807,38.3,25.49
2110109,38.3,25.49
2110411,38.3,25.49
2110713,38.3,25.49
2111015,38.3,25.49
2111317,38.3,25.50
2111619,38.3,25.50
2111921,38.3,25.50
2112223,38.3,25.50
2112525,38.3,25.50
2112827,38.3,25.49
2113129,38.3,25.50
2113431,38.3,25.50
2113733,38.3,25.50
2114035,38.3,25.50
2114337,38.3,25.51
2114639,38.3,25.51
2114941,38.3,25.51
2115243,38.3,25.51
2115545,38.3,25.52
2115847,39.3,25.52
2116149,38.3,25.52
2116451,38.3,25.52
2116753,39.3,25.52
2117055,39.3,25.52
2117357,38.3,25.53
2117659,38.3,25.53
2117961,38.3,25.53
2118263,38.3,25.53
2118565,38.3,25.53
2118867,38.3,25.53
2119169,38.3,25.53
2119471,38.3,25.54
2119773,38.3,25.54
2120075,38.3,25.55
2120377,39.3,25.55
2120679,38.3,25.55
2120981,38.3,25.56
2121283,38.3,25.57
2121585,38.3,25.57
2121887,38.3,25.58
2122189,38.3,25.58
2122491,38.3,25.59
2122793,38.3,25.59
2123095,39.3,25.60
2123397,38.3,25.60
2123699,38.3,25.60
2124001,39.3,25.62
2124303,39.3,25.63
2124605,39.3,25.63
2124907,39.3,25.64
2125209,39.3,25.65
2125511,39.3,25.65
2125813,39.3,25.66
2126115,39.3,25.67
2126417,38.3,25.68
2126719,39.3,25.68
2127021,39.3,25.69
2127323,38.3,25.69
2127625,38.3,25.70
2127927,38.3,25.71
2128229,38.3,25.71
2128531,39.3,25.71
2128833,39.3,25.72
2129135,39.3,25.73
2129437,38.3,25.74
2129739,39.3,25.74
2130041,39.3,25.75
2130343,39.3,25.76
2130645,38.3,25.76
2130947,38.3,25.77
2131249,39.3,25.78
2131551,38.3,25.78
2131853,38.3,25.79
2132155,38.3,25.80
2132457,38.3,25.80
2132759,38.3,25.81
2133061,39.3,25.81
2133363,38.3,25.82
2133665,38.3,25.83
2133967,38.3,25.83
2134269,38.3,25.83
2134571,38.3,25.84
2134873,39.3,25.84
2135175,38.3,25.85
2135477,38.3,25.85
2135779,38.3,25.86
2136081,38.3,25.86
2136383,38.3,25.87
2136685,38.3,25.87
2136987,38.3,25.87
2137289,38.3,25.88
2137591,39.3,25.89
2137893,39.3,25.89
2138195,39.3,25.89
2138497,39.3,25.90
2138799,38.3,25.90
2139101,38.3,25.91
2139403,38.3,25.91
2139705,38.3,25.91
2140007,39.3,25.90
2140309,39.3,25.90
2140611,39.3,25.90
2140913,39.3,25.90
2141215,39.3,25.90
2141517,39.3,25.90
2141819,39.3,25.89
2142121,38.3,25.89
2142423,39.3,25.89
2142725,38.3,25.89
2143027,38.3,25.90
2143329,38.3,25.90
2143631,38.3,25.90
2143933,38.3,25.90
2144235,38.3,25.91
2144537,38.3,25.91
2144839,39.3,25.91
2145141,39.3,25.91
2145443,38.3,25.91
2145745,38.3,25.92
2146047,38.3,25.92
2146349,38.3,25.92
2146651,39.3,25.92
2146953,39.3,25.93
2147255,39.3,25.94
2147557,39.3,25.94
2147859,39.3,25.95
2148161,39.3,25.95
2148463,39.3,25.96
2148765,38.3,25.97
2149067,39.3,25.97
2149369,39.3,25.97
2149671,38.3,25.98
2149973,38.3,25.99
2150275,38.3,26.00
2150577,38.3,26.00
2150879,38.3,26.01
2151181,39.3,26.01
2151483,39.3,26.03
2151785,39.3,26.03
2152087,39.3,26.03
2152389,39.3,26.04
2152691,39.3,26.05
2152993,39.3,26.06
2153295,39.3,26.06
2153597,39.3,26.07
2153899,39.3,26.08
2154201,39.3,26.08
2154503,40.3,26.09
2154805,39.3,26.10
2155107,39.3,26.10
2155409,39.3,26.11
2155711,39.3,26.11
2156013,39.3,26.12
2156315,39.3,26.12
2156617,38.3,26.13
2156919,38.3,26.13
2157221,39.3,26.14
2157523,39.3,26.14
2157825,39.3,26.15
2158127,39.3,26.15
2158429,39.3,26.16
2158731,39.3,26.16
2159033,39.3,26.17
2159335,39.3,26.18
2159637,39.3,26.18
2159939,39.3,26.18
2160241,39.3,26.19
2160543,39.3,26.20
2160845,39.3,26.20
2161147,39.3,26.20
2161449,39.3,26.21
2161751,39.3,26.21
2162053,39.3,26.21
2162355,39.3,26.22
2162657,39.3,26.23
2162959,39.3,26.23
2163261,39.3,26.23
2163563,39.3,26.24
2163865,39.3,26.25
2164167,39.3,26.25
2164469,39.3,26.25
2164771,39.3,26.26
2165073,39.3,26.27
2165375,39.3,26.27
2165677,39.3,26.27
2165979,39.3,26.28
2166281,39.3,26.28
2166583,39.3,26.29
2166885,39.3,26.29
2167187,39.3,26.29
2167489,39.3,26.30
2167791,39.3,26.30
2168093,39.3,26.31
2168395,39.3,26.32
2168697,39.3,26.32
2168999,39.3,26.32
2169301,39.3,26.33
2169603,39.3,26.34
2169905,39.3,26.34
2170207,39.3,26.34
2170509,39.3,26.35
2170811,39.3,26.35
2171113,39.3,26.35
2171415,39.3,26.35
2171717,39.3,26.35
2172019,39.3,26.36
2172321,39.3,26.36
2172623,39.3,26.36
2172925,39.3,26.36
2173227,39.3,26.36
2173529,39.3,26.36
2173831,39.3,26.37
2174133,39.3,26.37
2174435,39.3,26.37
2174737,40.3,26.38
2175039,39.3,26.38
2175341,39.3,26.38
2175643,39.3,26.38
2175945,39.3,26.39
2176247,39.3,26.39
2176549,39.3,26.39
2176851,39.3,26.39
2177153,39.3,26.40
2177455,39.3,26.40
2177757,39.3,26.40
2178059,39.3,26.41
2178361,39.3,26.41
2178663,39.3,26.41
2178965,39.3,26.42
2179267,39.3,26.42
2179569,39.3,26.42
2179871,39.3,26.43
2180173,39.3,26.43
2180475,39.3,26.43
2180777,39.3,26.43
2181079,39.3,26.44
2181381,39.3,26.44
2181683,39.3,26.45
2181985,39.3,26.44
2182287,39.3,26.44
2182589,39.3,26.45
2182891,39.3,26.45
2183193,39.3,26.45
2183495,39.3,26.46
2183797,39.3,26.46
2184099,39.3,26.46
2184401,39.3,26.46
2184703,39.3,26.46
2185005,39.3,26.46
2185307,39.3,26.46
2185609,39.3,26.46
2185911,39.3,26.46
2186213,39.3,26.47
2186515,39.3,26.47
2186817,40.3,26.48
2187119,39.3,26.48
2187421,40.3,26.48
2187723,40.3,26.48
2188025,39.3,26.49
2188327,39.3,26.49
2188629,40.3,26.49
2188931,39.3,26.49
2189233,39.3,26.50
2189535,39.3,26.50
2189837,40.3,26.50
2190139,40.3,26.50
2190441,40.3,26.50
2190743,40.3,26.50
2191045,39.3,26.50
2191347,39.3,26.51
2191649,39.3,26.51
2191951,39.3,26.52
2192253,39.3,26.51
2192555,39.3,26.52
2192857,40.3,26.52
2193159,39.3,26.53
2193461,39.3,26.53
2193763,39.3,26.52
2194065,39.3,26.53
2194367,39.3,26.53
2194669,39.3,26.54
2194971,39.3,26.54
2195273,39.3,26.53
2195575,39.3,26.54
2195877,39.3,26.54
2196179,39.3,26.55
2196481,39.3,26.54
2196783,39.3,26.55
2197085,39.3,26.55
2197387,39.3,26.55
2197689,39.3,26.55
2197991,39.3,26.55
2198293,39.3,26.55
2198595,39.3,26.55
2198897,40.3,26.55
2199199,40.3,26.55
2199501,40.3,26.55
2199803,39.3,26.56
2200105,40.3,26.56
2200407,39.3,26.56
2200709,39.3,26.56
2201011,39.3,26.57
2201313,39.3,26.56
2201615,39.3,26.56
2201917,39.3,26.56
2202219,39.3,26.56
2202521,39.3,26.56
2202823,39.3,26.57
2203125,39.3,26.57
2203427,39.3,26.56
2203729,39.3,26.56
2204031,39.3,26.56
2204333,39.3,26.56
2204635,39.3,26.56
2204937,39.3,26.56
2205239,39.3,26.55
2205541,39.3,26.55
2205843,39.3,26.55
2206145,39.3,26.55
2206447,39.3,26.55
2206749,39.3,26.55
2207051,39.3,26.55
2207353,39.3,26.55
2207655,39.3,26.55
2207957,40.3,26.54
2208259,39.3,26.54
2208561,40.3,26.54
2208863,39.3,26.54
2209165,39.3,26.54
2209467,39.3,26.53
2209769,39.3,26.53
2210071,39.3,26.53
2210373,39.3,26.53
2210675,39.3,26.53
2210977,39.3,26.53
2211279,39.3,26.53
2211581,39.3,26.53
2211883,39.3,26.54
2212185,40.3,26.54
2212487,39.3,26.54
2212789,40.3,26.54
2213091,40.3,26.53
2213393,40.3,26.54
2213695,39.3,26.53
2213997,39.3,26.53
2214299,40.3,26.53
2214601,40.3,26.53
2214903,39.3,26.53
2215205,39.3,26.53
2215507,39.3,26.53
2215809,39.3,26.53
2216111,39.3,26.53
2216413,39.3,26.53
2216715,39.3,26.53
2217017,40.3,26.53
2217319,40.3,26.53
2217621,40.3,26.53
2217923,40.3,26.53
2218225,40.3,26.53
2218527,39.3,26.53
2218829,39.3,26.53
2219131,39.3,26.53
2219433,39.3,26.53
2219735,39.3,26.53
2220037,40.3,26.54
2220339,40.3,26.53
2220641,40.3,26.53
2220943,40.3,26.53
2221245,40.3,26.53
2221547,40.3,26.53
2221849,40.3,26.53
2222151,39.3,26.54
2222453,39.3,26.53
2222755,39.3,26.54
2223057,39.3,26.54
2223359,40.3,26.54
2223661,39.3,26.53
2223963,39.3,26.54
2224265,39.3,26.54
2224567,39.3,26.54
2224869,39.3,26.54
2225171,39.3,26.54
2225473,39.3,26.54
2225775,39.3,26.54
2226077,39.3,26.54
2226379,39.3,26.54
2226681,39.3,26.55
2226983,39.3,26.54
2227285,39.3,26.55
2227587,39.3,26.54
2227889,39.3,26.54
2228191,39.3,26.54
2228493,40.3,26.54
2228795,40.3,26.54
2229097,40.3,26.54
2229399,40.3,26.54
2229701,39.3,26.55
2230003,39.3,26.55
2230305,39.3,26.54
2230607,39.3,26.54
2230909,39.3,26.54
2231211,40.3,26.54
2231513,40.3,26.54
2231815,39.3,26.55
2232117,39.3,26.55
2232419,39.3,26.54
2232721,40.3,26.54
2233023,39.3,26.54
2233325,39.3,26.54
2233627,40.3,26.54
2233929,40.3,26.54
2234231,40.3,26.54
2234533,40.3,26.54
2234835,40.3,26.55
2235137,40.3,26.55
2235439,40.3,26.55
2235741,40.3,26.55
2236043,39.3,26.55
2236345,39.3,26.55
2236647,40.3,26.55
2236949,40.3,26.55
2237251,40.3,26.55
2237553,40.3,26.55
2237855,40.3,26.55
2238157,40.3,26.56
2238459,39.3,26.56
2238761,39.3,26.57
2239063,39.3,26.57
2239365,39.3,26.57
2239667,39.3,26.57
2239969,39.3,26.57
2240271,39.3,26.58
2240573,39.3,26.58
2240875,39.3,26.58
2241177,40.3,26.58
2241479,39.3,26.58
2241781,39.3,26.57
2242083,39.3,26.58
2242385,39.3,26.58
2242687,39.3,26.58
2242989,39.3,26.59
2243291,39.3,26.59
2243593,39.3,26.59
2243895,39.3,26.59
2244197,40.3,26.59
2244499,40.3,26.59
2244801,40.3,26.59
2245103,40.3,26.60
2245405,40.3,26.59
2245707,40.3,26.59
2246009,40.3,26.58
2246311,40.3,26.58
2246613,39.3,26.58
2246915,40.3,26.58
2247217,40.3,26.58
2247519,40.3,26.58
2247821,39.3,26.59
2248123,39.3,26.58
2248425,39.3,26.58
2248727,39.3,26.58
2249029,39.3,26.59
2249331,39.3,26.58
2249633,39.3,26.58
2249935,39.3,26.58
2250237,40.3,26.58
2250539,40.3,26.58
2250841,40.3,26.58
2251143,40.3,26.57
2251445,39.3,26.58
2251747,40.3,26.58
2252049,40.3,26.58
2252351,39.3,26.57
2252653,39.3,26.58
2252955,39.3,26.57
2253257,39.3,26.57
2253559,39.3,26.57
2253861,39.3,26.57
2254163,39.3,26.57
2254465,39.3,26.57
2254767,40.3,26.57
2255069,39.3,26.56
2255371,39.3,26.56
2255673,39.3,26.56
2255975,39.3,26.57
2256277,39.3,26.56
2256579,39.3,26.56
2256881,39.3,26.56
2257183,40.3,26.56
2257485,40.3,26.56
2257787,40.3,26.56
2258089,40.3,26.56
2258391,40.3,26.56
2258693,39.3,26.56
2258995,39.3,26.56
2259297,39.3,26.56
2259599,40.3,26.55
2259901,39.3,26.56
2260203,39.3,26.55
2260505,39.3,26.55
2260807,39.3,26.55
2261109,40.3,26.55
2261411,40.3,26.55
2261713,40.3,26.55
2262015,40.3,26.55
2262317,40.3,26.55
2262619,40.3,26.54
2262921,40.3,26.54
2263223,40.3,26.54
2263525,40.3,26.55
2263827,39.3,26.54
2264129,40.3,26.54
2264431,39.3,26.54
2264733,39.3,26.54
2265035,40.3,26.54
2265337,40.3,26.54
2265639,40.3,26.54
2265941,40.3,26.54
2266243,40.3,26.54
2266545,40.3,26.54
2266847,40.3,26.54
2267149,39.3,26.54
2267451,39.3,26.54
2267753,40.3,26.54
2268055,39.3,26.54
2268357,39.3,26.54
2268659,39.3,26.54
2268961,40.3,26.54
2269263,40.3,26.54
2269565,40.3,26.54
2269867,40.3,26.55
2270169,40.3,26.54
2270471,40.3,26.54
2270773,39.3,26.54
2271075,39.3,26.53
2271377,39.3,26.53
2271679,39.3,26.53
2271981,40.3,26.53
2272283,39.3,26.53
2272585,39.3,26.53
2272887,39.3,26.53
2273189,39.3,26.52
2273491,39.3,26.52
2273793,40.3,26.52
2274095,40.3,26.52
2274397,40.3,26.52
2274699,40.3,26.53
2275001,39.3,26.52
2275303,39.3,26.53
2275605,39.3,26.52
2275907,39.3,26.52
2276209,40.3,26.52
2276511,40.3,26.52
2276813,40.3,26.52
2277115,40.3,26.52
2277417,40.3,26.52
2277719,39.3,26.52
2278021,39.3,26.52
2278323,39.3,26.52
2278625,39.3,26.53
2278927,39.3,26.52
2279229,39.3,26.53
2279531,39.3,26.52
2279833,39.3,26.52
2280135,39.3,26.52
2280437,39.3,26.52
2280739,39.3,26.52
2281041,40.3,26.52
2281343,39.3,26.51
2281645,39.3,26.51
2281947,39.3,26.52
2282249,39.3,26.52
2282551,40.3,26.51
2282853,40.3,26.51
2283155,40.3,26.51
2283457,40.3,26.51
2283759,39.3,26.51
2284061,39.3,26.51
2284363,39.3,26.51
2284665,39.3,26.51
2284967,39.3,26.50
2285269,39.3,26.51
2285571,39.3,26.51
2285873,40.3,26.50
2286175,40.3,26.50
2286477,40.3,26.50
2286779,40.3,26.50
2287081,40.3,26.50
2287383,40.3,26.50
2287685,40.3,26.50
2287987,40.3,26.50
2288289,40.3,26.50
2288591,39.3,26.50
2288893,40.3,26.50
2289195,40.3,26.49
2289497,40.3,26.49
2289799,40.3,26.49
2290101,40.3,26.49
2290403,40.3,26.49
2290705,40.3,26.49
2291007,40.3,26.49
2291309,39.3,26.49
2291611,39.3,26.49
2291913,39.3,26.49
2292215,39.3,26.49
2292517,40.3,26.49
2292819,39.3,26.49
2293121,39.3,26.49
2293423,40.3,26.49
2293725,40.3,26.49
2294027,39.3,26.49
2294329,40.3,26.49
2294631,40.3,26.49
2294933,39.3,26.49
2295235,39.3,26.49
2295537,39.3,26.49
2295839,39.3,26.49
2296141,40.3,26.49
2296443,40.3,26.49
2296745,40.3,26.49
2297047,40.3,26.49
2297349,40.3,26.49
2297651,39.3,26.49
2297953,40.3,26.49
2298255,40.3,26.49
2298557,40.3,26.50
2298859,40.3,26.50
2299161,40.3,26.50
2299463,39.3,26.49
2299765,40.3,26.50
2300067,39.3,26.49
2300369,39.3,26.50
2300671,39.3,26.50
2300973,39.3,26.50
2301275,40.3,26.49
2301577,39.3,26.49
2301879,39.3,26.49
2302181,40.3,26.49
2302483,40.3,26.49
2302785,40.3,26.49
2303087,40.3,26.49
2303389,40.3,26.49
2303691,40.3,26.49
2303993,40.3,26.49
2304295,40.3,26.49
2304597,39.3,26.50
2304899,39.3,26.50
2305201,39.3,26.50
2305503,40.3,26.50
2305805,39.3,26.50
2306107,39.3,26.50
2306409,39.3,26.51
2306711,39.3,26.50
2307013,39.3,26.51
2307315,39.3,26.51
2307617,39.3,26.50
2307919,39.3,26.51
2308221,40.3,26.51
2308523,40.3,26.51
2308825,40.3,26.50
2309127,40.3,26.51
2309429,40.3,26.50
2309731,40.3,26.51
2310033,40.3,26.50
2310335,40.3,26.50
2310637,40.3,26.50
2310939,40.3,26.50
2311241,39.3,26.50
2311543,39.3,26.51
2311845,40.3,26.51
2312147,39.3,26.51
2312449,40.3,26.51
2312751,40.3,26.51
2313053,40.3,26.50
2313355,40.3,26.51
2313657,40.3,26.50
2313959,40.3,26.50
2314261,40.3,26.50
2314563,40.3,26.50
2314865,40.3,26.51
2315167,40.3,26.50
2315469,40.3,26.51
2315771,39.3,26.51
2316073,40.3,26.51
2316375,40.3,26.51
2316677,39.3,26.51
2316979,39.3,26.51
2317281,39.3,26.52
2317583,40.3,26.51
2317885,40.3,26.51
2318187,40.3,26.51
2318489,40.3,26.52
2318791,40.3,26.51
2319093,40.3,26.51
2319395,39.3,26.52
2319697,39.3,26.52
2319999,40.3,26.52
2320301,40.3,26.51
2320603,40.3,26.52
2320905,40.3,26.52
2321207,40.3,26.51
2321509,40.3,26.52
2321811,40.3,26.51
2322113,40.3,26.51
2322415,40.3,26.51
2322717,40.3,26.51
2323019,40.3,26.51
2323321,40.3,26.51
2323623,40.3,26.51
2323925,40.3,26.51
2324227,40.3,26.51
2324529,40.3,26.51
2324831,40.3,26.51
2325133,40.3,26.51
2325435,40.3,26.51
2325737,39.3,26.51
2326039,40.3,26.51
2326341,40.3,26.51
2326643,40.3,26.51
2326945,39.3,26.51
2327247,39.3,26.50
2327549,39.3,26.51
2327851,39.3,26.50
2328153,39.3,26.50
2328455,39.3,26.51
2328757,39.3,26.50
2329059,40.3,26.50
2329361,40.3,26.51
2329663,40.3,26.50
2329965,39.3,26.51
2330267,39.3,26.51
2330569,40.3,26.52
2330871,40.3,26.52
2331173,40.3,26.52
2331475,39.3,26.52
2331777,39.3,26.52
2332079,39.3,26.52
2332381,39.3,26.52
2332683,39.3,26.52
2332985,40.3,26.52
2333287,40.3,26.52
2333589,40.3,26.52
2333891,40.3,26.52
2334193,40.3,26.53
2334495,40.3,26.53
2334797,39.3,26.53
2335099,40.3,26.53
2335401,40.3,26.52
2335703,40.3,26.52
2336005,40.3,26.52
2336307,40.3,26.52
2336609,40.3,26.52
2336911,39.3,26.52
2337213,39.3,26.51
2337515,39.3,26.51
2337817,39.3,26.51
2338119,40.3,26.51
2338421,39.3,26.51
2338723,40.3,26.52
2339025,39.3,26.52
2339327,39.3,26.52
2339629,39.3,26.52
2339931,40.3,26.52
2340233,40.3,26.53
2340535,40.3,26.52
2340837,40.3,26.53
2341139,40.3,26.52
2341441,40.3,26.53
2341743,40.3,26.53
2342045,40.3,26.53
2342347,40.3,26.53
2342649,40.3,26.52
2342951,40.3,26.52
2343253,40.3,26.52
2343555,40.3,26.52
2343857,40.3,26.52
2344159,40.3,26.52
2344461,40.3,26.51
2344763,40.3,26.51
2345065,40.3,26.52
2345367,40.3,26.52
2345669,40.3,26.52
2345971,40.3,26.52
2346273,39.3,26.52
2346575,40.3,26.51
2346877,40.3,26.52
2347179,39.3,26.52
2347481,40.3,26.52
2347783,40.3,26.52
2348085,39.3,26.53
2348387,39.3,26.52
2348689,40.3,26.53
2348991,40.3,26.52
2349293,40.3,26.53
2349595,40.3,26.53
2349897,40.3,26.53
2350199,40.3,26.53
2350501,40.3,26.54
2350803,40.3,26.54
2351105,39.3,26.53
2351407,40.3,26.53
2351709,39.3,26.54
2352011,39.3,26.54
2352313,40.3,26.54
2352615,40.3,26.53
2352917,40.3,26.54
2353219,40.3,26.53
2353521,40.3,26.54
2353823,40.3,26.53
2354125,40.3,26.53
2354427,39.3,26.53
2354729,40.3,26.53
2355031,40.3,26.53
2355333,40.3,26.53
2355635,40.3,26.54
2355937,40.3,26.53
2356239,39.3,26.54
2356541,39.3,26.54
2356843,40.3,26.54
2357145,39.3,26.54
2357447,40.3,26.54
2357749,40.3,26.54
2358051,40.3,26.54
2358353,40.3,26.54
2358655,40.3,26.54
2358957,40.3,26.54
2359259,40.3,26.54
2359561,39.3,26.54
2359863,40.3,26.54
2360165,40.3,26.54
2360467,39.3,26.54
2360769,39.3,26.54
2361071,39.3,26.54
2361373,39.3,26.55
2361675,39.3,26.55
2361977,40.3,26.55
2362279,40.3,26.55
2362581,40.3,26.56
2362883,40.3,26.56
2363185,39.3,26.56
2363487,40.3,26.56
2363789,39.3,26.56
2364091,39.3,26.57
2364393,39.3,26.57
2364695,39.3,26.57
2364997,39.3,26.57
2365299,40.3,26.57
2365601,39.3,26.57
2365903,39.3,26.58
2366205,40.3,26.58
2366507,40.3,26.58
2366809,40.3,26.58
2367111,40.3,26.59
2367413,40.3,26.59
2367715,40.3,26.60
2368017,40.3,26.60
2368319,40.3,26.60
2368621,40.3,26.61
2368923,40.3,26.61
2369225,40.3,26.61
2369527,40.3,26.61
2369829,40.3,26.62
2370131,40.3,26.62
2370433,40.3,26.63
2370735,40.3,26.63
2371037,40.3,26.63
2371339,40.3,26.63
2371641,40.3,26.64
2371943,40.3,26.64
2372245,40.3,26.64
2372547,40.3,26.65
2372849,40.3,26.65
2373151,40.3,26.66
2373453,40.3,26.66
2373755,40.3,26.67
2374057,40.3,26.67
2374359,40.3,26.68
2374661,40.3,26.68
2374963,40.3,26.68
2375265,40.3,26.69
2375567,40.3,26.69
2375869,40.3,26.69
2376171,40.3,26.71
2376473,39.3,26.71
2376775,40.3,26.71
2377077,39.3,26.72
2377379,39.3,26.72
2377681,39.3,26.73
2377983,39.3,26.73
2378285,39.3,26.74
2378587,39.3,26.74
2378889,39.3,26.74
2379191,40.3,26.75
2379493,40.3,26.75
2379795,40.3,26.76
2380097,39.3,26.76
2380399,39.3,26.76
2380701,40.3,26.77
2381003,39.3,26.78
2381305,40.3,26.78
2381607,39.3,26.79
2381909,39.3,26.80
2382211,39.3,26.80
2382513,40.3,26.81
2382815,40.3,26.82
2383117,40.3,26.82
2383419,40.3,26.83
2383721,40.3,26.83
2384023,40.3,26.84
2384325,40.3,26.84
2384627,40.3,26.85
2384929,40.3,26.86
2385231,40.3,26.87
2385533,40.3,26.87
2385835,40.3,26.88
2386137,40.3,26.88
2386439,40.3,26.89
2386741,40.3,26.90
2387043,40.3,26.90
2387345,40.3,26.90
2387647,40.3,26.91
2387949,40.3,26.92
2388251,40.3,26.93
2388553,40.3,26.93
2388855,40.3,26.94
2389157,40.3,26.95
2389459,40.3,26.95
2389761,40.3,26.96
2390063,40.3,26.96
2390365,40.3,26.97
2390667,40.3,26.97
2390969,40.3,26.98
2391271,40.3,26.98
2391573,40.3,26.98
2391875,40.3,26.99
2392177,40.3,27.00
2392479,40.3,27.00
2392781,40.3,27.00
2393083,40.3,27.01
2393385,40.3,27.03
2393687,40.3,27.02
2393989,40.3,27.03
2394291,40.3,27.03
2394593,41.3,27.04
2394895,40.3,27.04
2395197,41.3,27.05
2395499,41.3,27.05
2395801,40.3,27.06
2396103,40.3,27.07
2396405,40.3,27.07
2396707,39.3,27.07
2397009,40.3,27.07
2397311,40.3,27.07
2397613,40.3,27.08
2397915,40.3,27.08
2398217,40.3,27.08
2398519,40.3,27.09
2398821,40.3,27.10
2399123,40.3,27.10
2399425,40.3,27.10
2399727,40.3,27.10
2400029,40.3,27.10
2400331,40.3,27.11
2400633,40.3,27.12
2400935,40.3,27.12
2401237,40.3,27.12
2401539,40.3,27.12
2401841,40.3,27.13
2402143,40.3,27.13
2402445,40.3,27.13
2402747,40.3,27.13
2403049,40.3,27.14
2403351,40.3,27.14
2403653,40.3,27.15
2403955,40.3,27.15
2404257,40.3,27.15
2404559,40.3,27.15
2404861,40.3,27.16
2405163,40.3,27.16
2405465,40.3,27.16
2405767,40.3,27.16
2406069,40.3,27.17
2406371,40.3,27.17
2406673,40.3,27.17
2406975,40.3,27.18
2407277,40.3,27.18
2407579,40.3,27.19
2407881,40.3,27.19
2408183,40.3,27.19
2408485,40.3,27.20
2408787,40.3,27.20
2409089,40.3,27.20
2409391,40.3,27.20
2409693,40.3,27.21
2409995,40.3,27.21
2410297,40.3,27.22
2410599,40.3,27.22
2410901,40.3,27.22
2411203,40.3,27.23
2411505,40.3,27.23
2411807,40.3,27.23
2412109,41.3,27.25
2412411,40.3,27.25
2412713,41.3,27.26
2413015,40.3,27.26
2413317,40.3,27.27
2413619,40.3,27.27
2413921,40.3,27.28
2414223,40.3,27.28
2414525,40.3,27.28
2414827,40.3,27.29
2415129,40.3,27.29
2415431,40.3,27.30
2415733,40.3,27.30
2416035,40.3,27.30
2416337,40.3,27.30
2416639,40.3,27.31
2416941,40.3,27.31
2417243,40.3,27.31
2417545,40.3,27.31
2417847,40.3,27.31
2418149,40.3,27.32
2418451,41.3,27.32
2418753,40.3,27.32
2419055,41.3,27.33
2419357,40.3,27.33
2419659,40.3,27.33
2419961,40.3,27.33
2420263,40.3,27.33
2420565,41.3,27.34
2420867,40.3,27.34
2421169,40.3,27.34
2421471,40.3,27.34
2421773,40.3,27.34
2422075,41.3,27.34
2422377,40.3,27.35
2422679,40.3,27.35
2422981,40.3,27.36
2423283,40.3,27.36
2423585,41.3,27.36
2423887,40.3,27.36
2424189,40.3,27.36
2424491,40.3,27.36
2424793,40.3,27.37
2425095,40.3,27.37
2425397,40.3,27.36
2425699,40.3,27.37
2426001,40.3,27.37
2426303,41.3,27.37
2426605,41.3,27.37
2426907,41.3,27.37
2427209,41.3,27.38
2427511,41.3,27.38
2427813,40.3,27.38
2428115,40.3,27.39
2428417,40.3,27.39
2428719,40.3,27.39
2429021,40.3,27.40
2429323,40.3,27.39
2429625,40.3,27.40
2429927,41.3,27.40
2430229,41.3,27.41
2430531,40.3,27.41
2430833,40.3,27.41
2431135,40.3,27.41
2431437,40.3,27.42
2431739,40.3,27.42
2432041,40.3,27.43
2432343,40.3,27.43
2432645,40.3,27.43
2432947,40.3,27.44
2433249,40.3,27.44
2433551,41.3,27.45
2433853,41.3,27.45
2434155,41.3,27.45
2434457,41.3,27.46
2434759,40.3,27.46
2435061,40.3,27.45
2435363,41.3,27.46
2435665,41.3,27.47
2435967,40.3,27.47
2436269,41.3,27.47
2436571,41.3,27.47
2436873,41.3,27.48
2437175,41.3,27.48
2437477,41.3,27.48
2437779,40.3,27.48
2438081,41.3,27.49
2438383,41.3,27.49
2438685,41.3,27.49
2438987,41.3,27.50
2439289,41.3,27.50
2439591,41.3,27.50
2439893,40.3,27.50
2440195,40.3,27.51
2440497,40.3,27.51
2440799,40.3,27.51
2441101,40.3,27.51
2441403,41.3,27.51
2441705,41.3,27.52
2442007,41.3,27.52
2442309,41.3,27.53
2442611,41.3,27.53
2442913,41.3,27.53
2443215,41.3,27.53
2443517,41.3,27.53
2443819,41.3,27.53
2444121,40.3,27.54
2444423,40.3,27.54
2444725,40.3,27.54
2445027,40.3,27.54
2445329,41.3,27.55
2445631,41.3,27.55
2445933,41.3,27.55
2446235,41.3,27.56
2446537,41.3,27.56
2446839,40.3,27.57
2447141,40.3,27.57
2447443,41.3,27.57
2447745,41.3,27.57
2448047,41.3,27.58
2448349,41.3,27.58
2448651,41.3,27.58
2448953,41.3,27.58
2449255,41.3,27.58
2449557,41.3,27.58
2449859,40.3,27.59
2450161,40.3,27.59
2450463,41.3,27.59
2450765,41.3,27.60
2451067,41.3,27.60
2451369,41.3,27.61
2451671,40.3,27.60
2451973,41.3,27.61
2452275,40.3,27.61
2452577,41.3,27.62
2452879,41.3,27.62
2453181,41.3,27.62
2453483,41.3,27.62
2453785,41.3,27.63
2454087,41.3,27.63
2454389,41.3,27.64
2454691,41.3,27.64
2454993,40.3,27.64
2455295,40.3,27.64
2455597,41.3,27.64
2455899,41.3,27.65
2456201,41.3,27.66
2456503,41.3,27.65
2456805,41.3,27.66
2457107,41.3,27.66
2457409,41.3,27.66
2457711,41.3,27.67
2458013,41.3,27.68
2458315,41.3,27.68
2458617,41.3,27.67
2458919,41.3,27.68
2459221,41.3,27.68
2459523,41.3,27.69
2459825,41.3,27.69
2460127,41.3,27.69
2460429,41.3,27.70
2460731,41.3,27.70
2461033,41.3,27.71
2461335,41.3,27.71
2461637,41.3,27.71
2461939,41.3,27.72
2462241,41.3,27.72
2462543,41.3,27.72
2462845,41.3,27.73
2463147,41.3,27.73
2463449,41.3,27.73
2463751,41.3,27.74
2464053,41.3,27.74
2464355,41.3,27.74
2464657,41.3,27.74
2464959,41.3,27.74
2465261,41.3,27.75
2465563,41.3,27.75
2465865,41.3,27.75
2466167,40.3,27.75
2466469,41.3,27.75
2466771,40.3,27.76
2467073,41.3,27.76
2467375,41.3,27.76
2467677,41.3,27.77
2467979,41.3,27.77
2468281,41.3,27.77
2468583,41.3,27.77
2468885,41.3,27.78
2469187,41.3,27.78
2469489,40.3,27.78
2469791,40.3,27.79
2470093,41.3,27.79
2470395,41.3,27.80
2470697,41.3,27.80
2470999,41.3,27.80
2471301,41.3,27.80
2471603,41.3,27.80
2471905,40.3,27.81
2472207,41.3,27.81
2472509,41.3,27.82
2472811,41.3,27.82
2473113,41.3,27.82
2473415,41.3,27.83
2473717,40.3,27.83
2474019,41.3,27.83
2474321,41.3,27.84
2474623,41.3,27.85
2474925,41.3,27.85
2475227,41.3,27.85
2475529,41.3,27.85
2475831,41.3,27.86
2476133,41.3,27.86
2476435,41.3,27.87
2476737,41.3,27.87
2477039,41.3,27.87
2477341,41.3,27.88
2477643,41.3,27.88
2477945,41.3,27.89
2478247,41.3,27.89
2478549,41.3,27.90
2478851,41.3,27.90
2479153,41.3,27.90
2479455,41.3,27.91
2479757,41.3,27.91
2480059,41.3,27.91
2480361,41.3,27.91
2480663,41.3,27.92
2480965,41.3,27.92
2481267,41.3,27.92
2481569,41.3,27.92
2481871,41.3,27.92
2482173,41.3,27.93
2482475,41.3,27.93
2482777,41.3,27.93
2483079,41.3,27.94
2483381,41.3,27.94
2483683,41.3,27.94
2483985,41.3,27.94
2484287,41.3,27.94
2484589,41.3,27.94
2484891,41.3,27.94
2485193,41.3,27.94
2485495,41.3,27.94
2485797,41.3,27.94
2486099,41.3,27.94
2486401,41.3,27.94
2486703,41.3,27.94
2487005,41.3,27.94
2487307,41.3,27.94
2487609,41.3,27.93
2487911,41.3,27.93
2488213,41.3,27.93
2488515,41.3,27.93
2488817,41.3,27.93
2489119,41.3,27.93
2489421,41.3,27.93
2489723,41.3,27.93
2490025,41.3,27.93
2490327,41.3,27.93
2490629,41.3,27.93
2490931,41.3,27.92
2491233,41.3,27.93
2491535,41.3,27.93
2491837,40.3,27.93
2492139,41.3,27.93
2492441,41.3,27.93
2492743,41.3,27.92
2493045,41.3,27.92
2493347,41.3,27.92
2493649,41.3,27.93
2493951,41.3,27.92
2494253,41.3,27.92
2494555,41.3,27.93
2494857,41.3,27.93
2495159,41.3,27.93
2495461,41.3,27.93
2495763,41.3,27.93
2496065,41.3,27.93
2496367,41.3,27.93
2496669,41.3,27.93
2496971,41.3,27.93
2497273,41.3,27.93
2497575,41.3,27.93
2497877,41.3,27.93
2498179,41.3,27.93
2498481,41.3,27.93
2498783,41.3,27.93
2499085,41.3,27.93
2499387,41.3,27.93
2499689,41.3,27.94
2499991,41.3,27.94
2500293,41.3,27.95
2500595,41.3,27.94
2500897,41.3,27.95
2501199,41.3,27.95
2501501,41.3,27.95
2501803,41.3,27.95
2502105,41.3,27.95
2502407,41.3,27.96
2502709,41.3,27.96
2503011,41.3,27.95
2503313,41.3,27.96
2503615,41.3,27.96
2503917,41.3,27.96
2504219,41.3,27.96
2504521,41.3,27.96
2504823,41.3,27.96
2505125,41.3,27.96
2505427,41.3,27.96
2505729,41.3,27.96
2506031,41.3,27.96
2506333,41.3,27.96
2506635,41.3,27.96
2506937,41.3,27.96
2507239,41.3,27.96
2507541,41.3,27.96
2507843,41.3,27.96
2508145,40.3,27.96
2508447,41.3,27.96
2508749,41.3,27.96
2509051,41.3,27.96
2509353,41.3,27.96
2509655,41.3,27.95
2509957,41.3,27.95
2510259,41.3,27.96
2510561,41.3,27.96
2510863,41.3,27.95
2511165,41.3,27.95
2511467,41.3,27.96
2511769,41.3,27.96
2512071,41.3,27.95
2512373,41.3,27.96
2512675,41.3,27.96
2512977,41.3,27.96
2513279,41.3,27.96
2513581,41.3,27.96
2513883,41.3,27.97
2514185,41.3,27.96
2514487,41.3,27.97
2514789,41.3,27.98
2515091,41.3,27.97
2515393,41.3,27.97
2515695,41.3,27.97
2515997,41.3,27.97
2516299,41.3,27.98
2516601,41.3,27.97
2516903,41.3,27.98
2517205,41.3,27.98
2517507,41.3,27.98
2517809,41.3,27.98
2518111,41.3,27.98
2518413,41.3,27.98
2518715,41.3,27.98
2519017,41.3,27.98
2519319,41.3,27.99
2519621,41.3,27.99
2519923,41.3,27.99
2520225,41.3,28.00
2520527,41.3,28.00
2520829,41.3,28.00
2521131,41.3,28.00
2521433,41.3,28.00
2521735,41.3,28.00
2522037,41.3,28.00
2522339,41.3,28.00
2522641,41.3,28.01
2522943,41.3,28.01
2523245,41.3,28.01
2523547,41.3,28.01
2523849,41.3,28.01
2524151,41.3,28.01
2524453,41.3,28.01
2524755,41.3,28.01
2525057,41.3,28.02
2525359,41.3,28.02
2525661,41.3,28.02
2525963,41.3,28.02
2526265,41.3,28.02
2526567,41.3,28.03
2526869,41.3,28.03
2527171,41.3,28.03
2527473,41.3,28.03
2527775,41.3,28.04
2528077,41.3,28.03
2528379,41.3,28.04
2528681,41.3,28.04
2528983,41.3,28.04
2529285,41.3,28.05
2529587,41.3,28.05
2529889,41.3,28.05
2530191,41.3,28.06
2530493,41.3,28.06
2530795,41.3,28.06
2531097,41.3,28.06
2531399,41.3,28.06
2531701,41.3,28.07
2532003,41.3,28.07
2532305,41.3,28.07
2532607,41.3,28.08
2532909,41.3,28.07
2533211,41.3,28.08
2533513,41.3,28.08
2533815,41.3,28.08
2534117,41.3,28.08
2534419,41.3,28.09
2534721,41.3,28.09
2535023,41.3,28.09
2535325,41.3,28.10
2535627,41.3,28.10
2535929,41.3,28.10
2536231,41.3,28.11
2536533,41.3,28.11
2536835,41.3,28.11
2537137,41.3,28.11
2537439,41.3,28.11
2537741,41.3,28.12
2538043,41.3,28.12
2538345,41.3,28.12
2538647,41.3,28.12
2538949,41.3,28.13
2539251,41.3,28.13
2539553,41.3,28.13
2539855,41.3,28.13
2540157,41.3,28.13
2540459,41.3,28.13
2540761,41.3,28.13
2541063,41.3,28.14
2541365,41.3,28.14
2541667,41.3,28.14
2541969,41.3,28.14
2542271,41.3,28.14
2542573,41.3,28.15
2542875,41.3,28.15
2543177,41.3,28.15
2543479,41.3,28.15
2543781,41.3,28.14
2544083,41.3,28.14
2544385,41.3,28.14
2544687,41.3,28.14
2544989,41.3,28.14
2545291,42.3,28.14
2545593,41.3,28.14
2545895,41.3,28.14
2546197,41.3,28.13
2546499,41.3,28.13
2546801,41.3,28.13
2547103,41.3,28.13
2547405,41.3,28.13
2547707,41.3,28.13
2548009,41.3,28.13
2548311,41.3,28.13
2548613,41.3,28.13
2548915,41.3,28.13
2549217,41.3,28.12
2549519,41.3,28.12
2549821,41.3,28.12
2550123,41.3,28.12
2550425,41.3,28.11
2550727,41.3,28.11
2551029,41.3,28.11
2551331,41.3,28.11
2551633,41.3,28.10
2551935,41.3,28.11
2552237,41.3,28.10
2552539,41.3,28.10
2552841,41.3,28.10
2553143,41.3,28.10
2553445,41.3,28.10
2553747,41.3,28.10
2554049,41.3,28.10
2554351,41.3,28.10
2554653,41.3,28.09
2554955,41.3,28.09
2555257,41.3,28.09
2555559,41.3,28.10
2555861,41.3,28.10
2556163,41.3,28.09
2556465,41.3,28.10
2556767,41.3,28.10
2557069,41.3,28.10
2557371,41.3,28.10
2557673,41.3,28.10
2557975,41.3,28.11
2558277,41.3,28.10
2558579,41.3,28.11
2558881,41.3,28.11
2559183,41.3,28.11
2559485,41.3,28.11
2559787,41.3,28.11
2560089,41.3,28.11
2560391,41.3,28.11
2560693,41.3,28.12
2560995,41.3,28.12
2561297,41.3,28.12
2561599,41.3,28.12
2561901,41.3,28.12
2562203,41.3,28.12
2562505,41.3,28.13
2562807,41.3,28.13
2563109,41.3,28.13
2563411,41.3,28.13
2563713,41.3,28.14
2564015,41.3,28.13
2564317,41.3,28.14
2564619,41.3,28.14
2564921,41.3,28.14
2565223,41.3,28.13
2565525,41.3,28.13
2565827,41.3,28.14
2566129,41.3,28.13
2566431,41.3,28.13
2566733,41.3,28.12
2567035,41.3,28.12
2567337,41.3,28.12
2567639,41.3,28.11
2567941,41.3,28.11
2568243,41.3,28.11
2568545,41.3,28.10
2568847,41.3,28.11
2569149,41.3,28.11
2569451,41.3,28.11
2569753,41.3,28.11
2570055,41.3,28.10
2570357,41.3,28.11
2570659,41.3,28.11
2570961,41.3,28.10
2571263,41.3,28.10
2571565,41.3,28.10
2571867,41.3,28.10
2572169,41.3,28.10
2572471,41.3,28.10
2572773,41.3,28.10
2573075,41.3,28.09
2573377,41.3,28.09
2573679,41.3,28.09
2573981,41.3,28.09
2574283,41.3,28.09
2574585,41.3,28.09
2574887,41.3,28.09
2575189,41.3,28.09
2575491,41.3,28.09
2575793,41.3,28.09
2576095,41.3,28.09
2576397,41.3,28.09
2576699,41.3,28.09
2577001,41.3,28.09
2577303,41.3,28.09
2577605,41.3,28.09
2577907,41.3,28.09
2578209,41.3,28.09
2578511,41.3,28.08
2578813,41.3,28.08
2579115,41.3,28.08
2579417,41.3,28.08
2579719,41.3,28.08
2580021,41.3,28.08
2580323,41.3,28.08
2580625,41.3,28.08
2580927,41.3,28.08
2581229,41.3,28.08
2581531,41.3,28.08
2581833,41.3,28.08
2582135,41.3,28.08
2582437,41.3,28.08
2582739,41.3,28.08
2583041,41.3,28.08
2583343,41.3,28.08
2583645,41.3,28.08
2583947,41.3,28.08
2584249,41.3,28.08
2584551,41.3,28.08
2584853,41.3,28.08
2585155,41.3,28.08
2585457,41.3,28.08
2585759,41.3,28.08
2586061,41.3,28.07
2586363,41.3,28.08
2586665,41.3,28.07
2586967,41.3,28.08
2587269,41.3,28.08
2587571,41.3,28.08
2587873,41.3,28.07
2588175,42.3,28.07
2588477,41.3,28.07
2588779,41.3,28.08
2589081,41.3,28.07
2589383,41.3,28.07
2589685,41.3,28.07
2589987,41.3,28.07
2590289,41.3,28.07
2590591,41.3,28.07
2590893,41.3,28.07
2591195,41.3,28.07
2591497,41.3,28.07
2591799,41.3,28.07
2592101,41.3,28.07
2592403,41.3,28.08
2592705,41.3,28.07
2593007,41.3,28.08
2593309,41.3,28.07
2593611,41.3,28.07
2593913,41.3,28.08
2594215,41.3,28.07
2594517,41.3,28.08
2594819,42.3,28.08
2595121,42.3,28.08
2595423,42.3,28.08
2595725,41.3,28.09
2596027,42.3,28.08
2596329,42.3,28.08
2596631,41.3,28.08
2596933,41.3,28.08
2597235,41.3,28.08
2597537,41.3,28.09
2597839,41.3,28.08
2598141,41.3,28.08
2598443,41.3,28.08
2598745,41.3,28.08
2599047,41.3,28.09
2599349,41.3,28.08
2599651,41.3,28.08
2599953,41.3,28.08
2600255,41.3,28.08
2600557,41.3,28.08
2600859,41.3,28.08
2601161,41.3,28.08
2601463,41.3,28.08
2601765,41.3,28.08
2602067,41.3,28.07
2602369,41.3,28.07
2602671,41.3,28.07
2602973,41.3,28.07
2603275,41.3,28.07
2603577,41.3,28.06
2603879,41.3,28.06
2604181,41.3,28.06
2604483,41.3,28.06
2604785,41.3,28.06
2605087,41.3,28.05
2605389,41.3,28.05
2605691,41.3,28.05
2605993,41.3,28.05
2606295,41.3,28.05
2606597,41.3,28.05
2606899,41.3,28.05
2607201,41.3,28.05
2607503,41.3,28.05
2607805,41.3,28.05
2608107,41.3,28.05
2608409,41.3,28.05
2608711,41.3,28.05
2609013,41.3,28.05
2609315,41.3,28.05
2609617,41.3,28.05
2609919,41.3,28.05
2610221,41.3,28.05
2610523,41.3,28.05
2610825,41.3,28.05
2611127,41.3,28.05
2611429,41.3,28.05
2611731,41.3,28.05
2612033,41.3,28.05
2612335,41.3,28.05
2612637,41.3,28.06
2612939,41.3,28.05
2613241,41.3,28.06
2613543,41.3,28.06
2613845,41.3,28.06
2614147,41.3,28.06
2614449,41.3,28.05
2614751,41.3,28.05
2615053,41.3,28.05
2615355,41.3,28.05
2615657,41.3,28.04
2615959,41.3,28.04
2616261,41.3,28.04
2616563,41.3,28.04
2616865,41.3,28.04
2617167,41.3,28.04
2617469,41.3,28.03
2617771,41.3,28.03
2618073,41.3,28.03
2618375,41.3,28.03
2618677,41.3,28.03
2618979,41.3,28.03
2619281,41.3,28.04
2619583,41.3,28.03
2619885,41.3,28.04
2620187,41.3,28.03
2620489,41.3,28.03
2620791,41.3,28.04
2621093,41.3,28.04
2621395,41.3,28.04
2621697,41.3,28.04
2621999,41.3,28.05
2622301,41.3,28.04
2622603,41.3,28.05
2622905,41.3,28.05
2623207,41.3,28.05
2623509,41.3,28.05
2623811,41.3,28.05
2624113,41.3,28.05
2624415,41.3,28.06
2624717,41.3,28.06
2625019,41.3,28.06
2625321,41.3,28.06
2625623,41.3,28.06
2625925,41.3,28.06
2626227,41.3,28.06
2626529,41.3,28.05
2626831,41.3,28.05
2627133,41.3,28.05
2627435,41.3,28.05
2627737,41.3,28.05
2628039,41.3,28.05
2628341,41.3,28.05
2628643,41.3,28.05
2628945,41.3,28.04
2629247,41.3,28.04
2629549,41.3,28.04
2629851,41.3,28.03
2630153,41.3,28.04
2630455,41.3,28.04
2630757,41.3,28.04
2631059,41.3,28.03
2631361,41.3,28.03
2631663,41.3,28.04
2631965,42.3,28.04
2632267,41.3,28.04
2632569,41.3,28.04
2632871,41.3,28.04
2633173,41.3,28.04
2633475,41.3,28.04
2633777,41.3,28.05
2634079,41.3,28.05
2634381,41.3,28.05
2634683,41.3,28.04
2634985,41.3,28.05
2635287,41.3,28.05
2635589,41.3,28.05
2635891,41.3,28.05
2636193,41.3,28.06
2636495,41.3,28.05
2636797,41.3,28.06
2637099,41.3,28.06
2637401,41.3,28.06
2637703,41.3,28.06
2638005,41.3,28.06
2638307,41.3,28.06
2638609,41.3,28.06
2638911,41.3,28.05
2639213,41.3,28.05
2639515,41.3,28.04
2639817,41.3,28.04
2640119,41.3,28.04
2640421,41.3,28.04
2640723,41.3,28.04
2641025,41.3,28.04
2641327,41.3,28.03
2641629,41.3,28.03
2641931,41.3,28.03
2642233,41.3,28.03
2642535,41.3,28.03
2642837,41.3,28.03
2643139,41.3,28.03
2643441,41.3,28.03
2643743,41.3,28.02
2644045,41.3,28.02
2644347,41.3,28.02
2644649,41.3,28.02
2644951,41.3,28.02
2645253,41.3,28.02
2645555,41.3,28.02
2645857,41.3,28.01
2646159,41.3,28.02
2646461,41.3,28.01
2646763,41.3,28.01
2647065,41.3,28.01
2647367,41.3,28.01
2647669,41.3,28.01
2647971,41.3,28.02
2648273,41.3,28.01
2648575,41.3,28.01
2648877,41.3,28.01
2649179,41.3,28.00
2649481,41.3,28.00
2649783,41.3,28.00
2650085,41.3,28.00
2650387,41.3,27.99
2650689,41.3,27.99
2650991,41.3,27.99
2651293,41.3,27.99
2651595,41.3,27.99
2651897,41.3,27.99
2652199,41.3,27.98
2652501,41.3,27.99
2652803,41.3,27.99
2653105,41.3,27.99
2653407,41.3,27.98
2653709,41.3,27.98
2654011,41.3,27.98
2654313,41.3,27.98
2654615,41.3,27.98
2654917,41.3,27.98
2655219,41.3,27.97
2655521,41.3,27.98
2655823,41.3,27.98
2656125,41.3,27.98
2656427,41.3,27.97
2656729,41.3,27.98
2657031,41.3,27.98
2657333,41.3,27.98
2657635,41.3,27.97
2657937,41.3,27.97
2658239,41.3,27.97
2658541,41.3,27.97
2658843,41.3,27.97
2659145,41.3,27.97
2659447,41.3,27.97
2659749,41.3,27.97
2660051,41.3,27.97
2660353,41.3,27.97
2660655,41.3,27.97
2660957,41.3,27.97
2661259,41.3,27.97
2661561,41.3,27.97
2661863,41.3,27.98
2662165,41.3,27.98
2662467,41.3,27.98
2662769,41.3,27.98
2663071,41.3,27.98
2663373,41.3,27.98
2663675,41.3,27.98
2663977,41.3,27.98
2664279,41.3,27.98
2664581,41.3,27.98
2664883,41.3,27.98
2665185,41.3,27.98
2665487,41.3,27.99
2665789,41.3,27.98
2666091,41.3,27.98
2666393,41.3,27.98
2666695,41.3,27.98
2666997,41.3,27.98
2667299,41.3,27.98
2667601,41.3,27.99
2667903,41.3,27.99
2668205,41.3,27.99
2668507,41.3,27.99
2668809,41.3,27.99
2669111,41.3,27.99
2669413,41.3,27.98
2669715,41.3,27.98
2670017,41.3,27.98
2670319,41.3,27.98
2670621,41.3,27.99
2670923,41.3,27.98
2671225,41.3,27.99
2671527,41.3,27.99
2671829,41.3,27.99
2672131,41.3,27.99
2672433,41.3,27.99
2672735,41.3,27.99
2673037,41.3,27.99
2673339,41.3,27.99
2673641,41.3,27.99
2673943,41.3,27.99
2674245,41.3,27.99
2674547,41.3,27.99
2674849,41.3,27.99
2675151,41.3,27.99
2675453,41.3,27.99
2675755,41.3,27.99
2676057,41.3,27.99
2676359,41.3,27.99
2676661,41.3,27.99
2676963,41.3,27.99
2677265,41.3,27.99
2677567,41.3,28.00
2677869,41.3,28.00
2678171,41.3,28.00
2678473,41.3,28.00
2678775,41.3,28.00
2679077,41.3,28.00
2679379,41.3,28.00
2679681,41.3,28.00
2679983,41.3,28.00
2680285,41.3,28.00
2680587,41.3,28.01
2680889,41.3,28.01
2681191,41.3,28.00
2681493,41.3,28.01
2681795,41.3,28.00
2682097,41.3,28.01
2682399,41.3,28.01
2682701,41.3,28.01
2683003,41.3,28.01
2683305,41.3,28.00
2683607,41.3,28.00
2683909,41.3,28.00
2684211,41.3,28.00
2684513,41.3,28.00
2684815,41.3,27.99
2685117,41.3,27.99
2685419,41.3,27.99
2685721,41.3,27.99
2686023,41.3,27.99
2686325,41.3,27.99
2686627,41.3,27.98
2686929,41.3,27.98
2687231,41.3,27.98
2687533,41.3,27.98
2687835,41.3,27.98
2688137,41.3,27.98
2688439,41.3,27.98
2688741,41.3,27.97
2689043,41.3,27.97
2689345,41.3,27.98
2689647,41.3,27.98
2689949,41.3,27.97
2690251,41.3,27.97
2690553,41.3,27.97
2690855,41.3,27.97
2691157,41.3,27.97
2691459,41.3,27.96
2691761,41.3,27.96
2692063,41.3,27.96
2692365,41.3,27.96
2692667,41.3,27.96
2692969,41.3,27.96
2693271,41.3,27.96
2693573,41.3,27.96
2693875,41.3,27.96
2694177,41.3,27.96
2694479,41.3,27.96
2694781,41.3,27.96
2695083,41.3,27.96
2695385,41.3,27.97
2695687,41.3,27.97
2695989,41.3,27.96
2696291,41.3,27.96
2696593,41.3,27.96
2696895,41.3,27.95
2697197,41.3,27.95
2697499,41.3,27.95
2697801,41.3,27.95
2698103,41.3,27.94
2698405,41.3,27.95
2698707,41.3,27.94
2699009,41.3,27.95
2699311,41.3,27.94
2699613,41.3,27.93
2699915,41.3,27.94
2700217,41.3,27.94
2700519,41.3,27.93
2700821,41.3,27.94
2701123,41.3,27.94
2701425,41.3,27.94
2701727,41.3,27.95
2702029,41.3,27.94
2702331,40.3,27.95
2702633,41.3,27.95
2702935,41.3,27.95
2703237,41.3,27.95
2703539,41.3,27.95
2703841,41.3,27.95
2704143,41.3,27.95
2704445,41.3,27.95
2704747,41.3,27.95
2705049,41.3,27.96
2705351,41.3,27.96
2705653,41.3,27.96
2705955,41.3,27.95
2706257,41.3,27.95
2706559,41.3,27.95
2706861,41.3,27.95
2707163,41.3,27.95
2707465,41.3,27.95
2707767,41.3,27.95
2708069,41.3,27.95
2708371,41.3,27.94
2708673,41.3,27.95
2708975,41.3,27.95
2709277,41.3,27.95
2709579,41.3,27.95
2709881,41.3,27.95
2710183,41.3,27.96
2710485,41.3,27.96
2710787,41.3,27.95
2711089,41.3,27.96
2711391,41.3,27.96
2711693,41.3,27.96
2711995,41.3,27.95
2712297,41.3,27.96
2712599,42.3,27.96
2712901,42.3,27.96
2713203,42.3,27.96
2713505,41.3,27.96
2713807,41.3,27.96
2714109,41.3,27.96
2714411,41.3,27.96
2714713,41.3,27.97
2715015,41.3,27.96
2715317,41.3,27.96
2715619,41.3,27.96
2715921,41.3,27.96
2716223,41.3,27.97
2716525,41.3,27.97
2716827,41.3,27.97
2717129,41.3,27.97
2717431,41.3,27.97
2717733,41.3,27.97
2718035,41.3,27.98
2718337,41.3,27.98
2718639,41.3,27.98
2718941,41.3,27.98
2719243,41.3,27.98
2719545,41.3,27.98
2719847,41.3,27.98
2720149,41.3,27.98
2720451,41.3,27.98
2720753,41.3,27.98
2721055,41.3,27.98
2721357,41.3,27.98
2721659,41.3,27.98
2721961,41.3,27.98
2722263,41.3,27.98
2722565,41.3,27.98
2722867,41.3,27.98
2723169,41.3,27.99
2723471,41.3,27.98
2723773,41.3,27.99
2724075,41.3,27.99
2724377,41.3,27.99
2724679,41.3,27.99
2724981,41.3,27.99
2725283,41.3,28.00
2725585,41.3,28.00
2725887,41.3,28.00
2726189,41.3,28.00
2726491,41.3,27.99
2726793,41.3,28.00
2727095,41.3,28.00
2727397,41.3,28.00
2727699,41.3,28.01
2728001,41.3,28.01
2728303,41.3,28.01
2728605,41.3,28.02
2728907,41.3,28.02
2729209,41.3,28.03
2729511,41.3,28.03
2729813,42.3,28.03
2730115,41.3,28.03
2730417,41.3,28.04
2730719,41.3,28.04
2731021,41.3,28.05
2731323,41.3,28.05
2731625,41.3,28.06
2731927,41.3,28.06
2732229,41.3,28.06
2732531,41.3,28.06
2732833,41.3,28.07
2733135,42.3,28.06
2733437,42.3,28.07
2733739,41.3,28.07
2734041,41.3,28.07
2734343,42.3,28.08
2734645,41.3,28.08
2734947,41.3,28.08
2735249,41.3,28.09
2735551,41.3,28.09
2735853,41.3,28.09
2736155,41.3,28.09
2736457,41.3,28.10
2736759,41.3,28.10
2737061,41.3,28.10
2737363,41.3,28.11
2737665,42.3,28.11
2737967,41.3,28.11
2738269,41.3,28.12
2738571,41.3,28.12
2738873,41.3,28.13
2739175,41.3,28.12
2739477,41.3,28.13
2739779,41.3,28.13
2740081,41.3,28.14
2740383,41.3,28.14
2740685,41.3,28.15
2740987,41.3,28.15
2741289,41.3,28.15
2741591,41.3,28.15
2741893,41.3,28.16
2742195,41.3,28.16
2742497,41.3,28.16
2742799,41.3,28.16
2743101,41.3,28.16
2743403,41.3,28.16
2743705,41.3,28.17
2744007,41.3,28.16
2744309,41.3,28.17
2744611,41.3,28.16
2744913,41.3,28.16
2745215,42.3,28.16
2745517,41.3,28.16
2745819,41.3,28.17
2746121,41.3,28.16
2746423,41.3,28.16
2746725,41.3,28.17
2747027,41.3,28.17
2747329,41.3,28.17
2747631,42.3,28.18
2747933,41.3,28.18
2748235,41.3,28.18
2748537,41.3,28.18
2748839,42.3,28.19
2749141,41.3,28.19
2749443,41.3,28.20
2749745,42.3,28.20
2750047,42.3,28.20
2750349,41.3,28.20
2750651,41.3,28.21
2750953,41.3,28.22
2751255,41.3,28.21
2751557,41.3,28.22
2751859,42.3,28.22
2752161,42.3,28.23
2752463,41.3,28.23
2752765,41.3,28.23
2753067,41.3,28.23
2753369,41.3,28.23
2753671,41.3,28.24
2753973,41.3,28.24
2754275,41.3,28.24
2754577,41.3,28.24
2754879,42.3,28.25
2755181,41.3,28.25
2755483,41.3,28.25
2755785,41.3,28.25
2756087,41.3,28.26
2756389,41.3,28.26
2756691,41.3,28.26
2756993,41.3,28.26
2757295,41.3,28.26
2757597,41.3,28.26
2757899,41.3,28.27
2758201,41.3,28.27
2758503,41.3,28.27
2758805,42.3,28.28
2759107,42.3,28.28
2759409,41.3,28.28
2759711,41.3,28.28
2760013,41.3,28.28
2760315,41.3,28.29
2760617,42.3,28.28
2760919,42.3,28.29
2761221,42.3,28.29
2761523,42.3,28.29
2761825,42.3,28.29
2762127,42.3,28.29
2762429,42.3,28.29
2762731,42.3,28.29
2763033,41.3,28.28
2763335,42.3,28.28
2763637,42.3,28.28
2763939,42.3,28.27
2764241,42.3,28.28
2764543,42.3,28.28
2764845,42.3,28.27
2765147,42.3,28.28
2765449,41.3,28.27
2765751,41.3,28.27
2766053,41.3,28.27
2766355,41.3,28.27
2766657,41.3,28.27
2766959,42.3,28.27
2767261,42.3,28.27
2767563,42.3,28.27
2767865,42.3,28.27
2768167,41.3,28.27
2768469,41.3,28.27
2768771,41.3,28.27
2769073,41.3,28.27
2769375,41.3,28.26
2769677,41.3,28.27
2769979,41.3,28.26
2770281,41.3,28.26
2770583,41.3,28.25
2770885,41.3,28.25
2771187,41.3,28.25
2771489,41.3,28.25
2771791,41.3,28.25
2772093,41.3,28.25
2772395,41.3,28.24
2772697,41.3,28.25
2772999,41.3,28.24
2773301,41.3,28.24
2773603,42.3,28.24
2773905,41.3,28.24
2774207,41.3,28.24
2774509,41.3,28.25
2774811,41.3,28.25
2775113,42.3,28.24
2775415,42.3,28.24
2775717,42.3,28.25
2776019,41.3,28.24
2776321,41.3,28.24
2776623,41.3,28.24
2776925,41.3,28.24
2777227,41.3,28.24
2777529,41.3,28.24
2777831,41.3,28.24
2778133,41.3,28.24
2778435,41.3,28.24
2778737,42.3,28.24
2779039,41.3,28.24
2779341,42.3,28.25
2779643,42.3,28.24
2779945,42.3,28.25
2780247,42.3,28.25
2780549,42.3,28.25
2780851,42.3,28.25
2781153,41.3,28.26
2781455,41.3,28.26
2781757,42.3,28.27
2782059,41.3,28.27
2782361,41.3,28.27
2782663,42.3,28.27
2782965,42.3,28.28
2783267,41.3,28.28
2783569,41.3,28.28
2783871,42.3,28.29
2784173,41.3,28.29
2784475,41.3,28.29
2784777,41.3,28.29
2785079,41.3,28.29
2785381,41.3,28.29
2785683,41.3,28.30
2785985,41.3,28.30
2786287,41.3,28.31
2786589,42.3,28.30
2786891,41.3,28.32
2787193,41.3,28.32
2787495,41.3,28.32
2787797,41.3,28.33
2788099,41.3,28.33
2788401,41.3,28.33
2788703,41.3,28.33
2789005,41.3,28.33
2789307,41.3,28.33
2789609,41.3,28.34
2789911,41.3,28.34
2790213,42.3,28.34
2790515,41.3,28.34
2790817,41.3,28.34
2791119,41.3,28.34
2791421,41.3,28.35
2791723,41.3,28.35
2792025,41.3,28.35
2792327,42.3,28.35
2792629,41.3,28.36
2792931,41.3,28.36
2793233,42.3,28.36
2793535,42.3,28.36
2793837,42.3,28.36
2794139,41.3,28.36
2794441,41.3,28.37
2794743,41.3,28.37
2795045,41.3,28.37
2795347,41.3,28.37
2795649,41.3,28.37
2795951,41.3,28.38
2796253,41.3,28.38
2796555,41.3,28.38
2796857,41.3,28.38
2797159,41.3,28.38
2797461,42.3,28.38
2797763,42.3,28.38
2798065,42.3,28.39
2798367,42.3,28.39
2798669,42.3,28.39
2798971,41.3,28.39
2799273,42.3,28.39
2799575,41.3,28.39
2799877,41.3,28.40
2800179,42.3,28.40
2800481,41.3,28.40
2800783,42.3,28.40
2801085,42.3,28.41
2801387,41.3,28.40
2801689,41.3,28.41
2801991,41.3,28.41
2802293,41.3,28.41
2802595,41.3,28.41
2802897,41.3,28.41
2803199,41.3,28.42
2803501,42.3,28.42
2803803,42.3,28.42
2804105,42.3,28.42
2804407,41.3,28.42
2804709,41.3,28.43
2805011,42.3,28.43
2805313,41.3,28.43
2805615,41.3,28.43
2805917,41.3,28.43
2806219,41.3,28.43
2806521,42.3,28.43
2806823,41.3,28.43
2807125,41.3,28.43
2807427,41.3,28.43
2807729,41.3,28.43
2808031,41.3,28.43
2808333,42.3,28.43
2808635,41.3,28.43
2808937,41.3,28.43
2809239,42.3,28.42
2809541,42.3,28.42
2809843,42.3,28.42
2810145,42.3,28.42
2810447,42.3,28.43
2810749,42.3,28.42
2811051,42.3,28.42
2811353,42.3,28.43
2811655,41.3,28.42
2811957,42.3,28.43
2812259,42.3,28.43
2812561,42.3,28.43
2812863,42.3,28.43
2813165,42.3,28.43
2813467,42.3,28.42
2813769,42.3,28.42
2814071,42.3,28.42
2814373,42.3,28.41
2814675,42.3,28.41
2814977,42.3,28.41
2815279,41.3,28.41
2815581,41.3,28.41
2815883,41.3,28.41
2816185,41.3,28.40
2816487,41.3,28.40
2816789,41.3,28.40
2817091,41.3,28.40
2817393,41.3,28.39
2817695,41.3,28.39
2817997,41.3,28.39
2818299,41.3,28.39
2818601,41.3,28.39
2818903,41.3,28.39
2819205,42.3,28.39
2819507,41.3,28.39
2819809,42.3,28.38
2820111,42.3,28.38
2820413,42.3,28.38
2820715,42.3,28.38
2821017,42.3,28.38
2821319,41.3,28.38
2821621,41.3,28.38
2821923,42.3,28.38
2822225,42.3,28.38
2822527,42.3,28.38
2822829,42.3,28.38
2823131,42.3,28.38
2823433,42.3,28.38
2823735,42.3,28.38
2824037,42.3,28.38
2824339,42.3,28.38
2824641,42.3,28.38
2824943,41.3,28.37
2825245,42.3,28.37
2825547,42.3,28.37
2825849,42.3,28.37
2826151,42.3,28.37
2826453,42.3,28.37
2826755,42.3,28.37
2827057,41.3,28.37
2827359,42.3,28.37
2827661,41.3,28.36
2827963,41.3,28.36
2828265,41.3,28.36
2828567,41.3,28.36
2828869,41.3,28.37
2829171,42.3,28.36
2829473,42.3,28.36
2829775,42.3,28.36
2830077,41.3,28.36
2830379,42.3,28.36
2830681,41.3,28.36
2830983,41.3,28.36
2831285,41.3,28.35
2831587,41.3,28.35
2831889,41.3,28.35
2832191,41.3,28.35
2832493,41.3,28.35
2832795,41.3,28.35
2833097,42.3,28.35
2833399,41.3,28.35
2833701,41.3,28.34
2834003,41.3,28.34
2834305,41.3,28.34
2834607,41.3,28.34
2834909,42.3,28.34
2835211,42.3,28.33
2835513,42.3,28.33
2835815,41.3,28.33
2836117,41.3,28.32
2836419,42.3,28.32
2836721,41.3,28.32
2837023,42.3,28.32
2837325,42.3,28.32
2837627,42.3,28.32
2837929,42.3,28.32
2838231,42.3,28.32
2838533,42.3,28.31
2838835,42.3,28.31
2839137,42.3,28.31
2839439,42.3,28.31
2839741,42.3,28.32
2840043,42.3,28.31
2840345,42.3,28.31
2840647,41.3,28.31
2840949,41.3,28.31
2841251,41.3,28.31
2841553,41.3,28.31
2841855,41.3,28.31
2842157,41.3,28.30
2842459,42.3,28.30
2842761,42.3,28.30
2843063,42.3,28.30
2843365,42.3,28.30
2843667,41.3,28.30
2843969,41.3,28.30
2844271,41.3,28.30
2844573,41.3,28.30
2844875,42.3,28.30
2845177,42.3,28.31
2845479,42.3,28.31
2845781,42.3,28.31
2846083,42.3,28.31
2846385,41.3,28.31
2846687,42.3,28.32
2846989,42.3,28.31
2847291,42.3,28.32
2847593,42.3,28.32
2847895,42.3,28.32
2848197,42.3,28.32
2848499,41.3,28.32
2848801,41.3,28.33
2849103,42.3,28.33
2849405,42.3,28.34
2849707,41.3,28.34
2850009,42.3,28.34
2850311,42.3,28.35
2850613,42.3,28.35
2850915,41.3,28.35
2851217,42.3,28.36
2851519,41.3,28.36
2851821,41.3,28.36
2852123,41.3,28.36
2852425,41.3,28.36
2852727,41.3,28.37
2853029,41.3,28.37
2853331,41.3,28.37
2853633,41.3,28.37
2853935,41.3,28.37
2854237,41.3,28.38
2854539,41.3,28.38
2854841,41.3,28.38
2855143,41.3,28.37
2855445,41.3,28.37
2855747,41.3,28.38
2856049,42.3,28.37
2856351,42.3,28.36
2856653,42.3,28.37
2856955,41.3,28.36
2857257,42.3,28.36
2857559,42.3,28.36
2857861,42.3,28.36
2858163,42.3,28.36
2858465,41.3,28.37
2858767,41.3,28.36
2859069,41.3,28.37
2859371,41.3,28.36
2859673,41.3,28.36
2859975,41.3,28.36
2860277,41.3,28.36
2860579,41.3,28.36
2860881,41.3,28.35
2861183,41.3,28.36
2861485,41.3,28.36
2861787,41.3,28.35
2862089,41.3,28.35
2862391,41.3,28.35
2862693,42.3,28.35
2862995,42.3,28.35
2863297,42.3,28.36
2863599,41.3,28.36
2863901,41.3,28.36
2864203,41.3,28.36
2864505,41.3,28.36
2864807,41.3,28.35
2865109,41.3,28.36
2865411,41.3,28.36
2865713,41.3,28.36
2866015,42.3,28.35
2866317,42.3,28.36
2866619,42.3,28.36
2866921,42.3,28.36
2867223,42.3,28.36
2867525,42.3,28.35
2867827,42.3,28.36
2868129,42.3,28.36
2868431,41.3,28.36
2868733,41.3,28.36
2869035,41.3,28.35
2869337,41.3,28.36
2869639,41.3,28.35
2869941,42.3,28.35
2870243,42.3,28.36
2870545,42.3,28.36
2870847,42.3,28.36
2871149,42.3,28.36
2871451,42.3,28.36
2871753,41.3,28.36
2872055,42.3,28.36
2872357,41.3,28.36
2872659,41.3,28.37
2872961,41.3,28.37
2873263,41.3,28.37
2873565,41.3,28.37
2873867,41.3,28.37
2874169,41.3,28.36
2874471,41.3,28.36
2874773,41.3,28.37
2875075,42.3,28.36
2875377,41.3,28.37
2875679,41.3,28.37
2875981,41.3,28.37
2876283,42.3,28.37
2876585,41.3,28.37
2876887,41.3,28.37
2877189,41.3,28.37
2877491,41.3,28.37
2877793,42.3,28.37
2878095,42.3,28.37
2878397,42.3,28.37
2878699,42.3,28.37
2879001,42.3,28.37
2879303,42.3,28.37
2879605,42.3,28.37
2879907,42.3,28.37
2880209,42.3,28.37
2880511,41.3,28.37
2880813,41.3,28.37
2881115,42.3,28.37
2881417,41.3,28.38
2881719,41.3,28.38
2882021,42.3,28.38
2882323,42.3,28.38
2882625,42.3,28.38
2882927,42.3,28.38
2883229,42.3,28.38
2883531,42.3,28.38
2883833,42.3,28.38
2884135,42.3,28.38
2884437,42.3,28.38
2884739,42.3,28.38
2885041,42.3,28.38
2885343,41.3,28.38
2885645,42.3,28.39
2885947,41.3,28.38
2886249,41.3,28.39
2886551,41.3,28.39
2886853,41.3,28.39
2887155,42.3,28.39
2887457,42.3,28.39
2887759,42.3,28.39
2888061,42.3,28.39
2888363,42.3,28.39
2888665,42.3,28.39
2888967,41.3,28.39
2889269,42.3,28.39
2889571,42.3,28.39
2889873,42.3,28.39
2890175,41.3,28.39
2890477,42.3,28.39
2890779,42.3,28.39
2891081,42.3,28.40
2891383,41.3,28.40
2891685,41.3,28.40
2891987,42.3,28.40
2892289,42.3,28.40
2892591,42.3,28.41
2892893,42.3,28.41
2893195,42.3,28.40
2893497,41.3,28.41
2893799,42.3,28.41
2894101,41.3,28.41
2894403,41.3,28.41
2894705,42.3,28.42
2895007,42.3,28.42
2895309,42.3,28.42
2895611,42.3,28.43
2895913,42.3,28.42
2896215,42.3,28.42
2896517,42.3,28.42
2896819,42.3,28.43
2897121,42.3,28.43
2897423,42.3,28.43
2897725,42.3,28.43
2898027,42.3,28.43
2898329,42.3,28.43
2898631,42.3,28.43
2898933,42.3,28.44
2899235,42.3,28.44
2899537,42.3,28.44
2899839,42.3,28.44
2900141,41.3,28.44
2900443,42.3,28.44
2900745,41.3,28.44
2901047,41.3,28.44
2901349,42.3,28.44
2901651,42.3,28.44
2901953,41.3,28.45
2902255,41.3,28.45
2902557,41.3,28.45
2902859,41.3,28.45
2903161,42.3,28.45
2903463,42.3,28.45
2903765,42.3,28.45
2904067,42.3,28.45
2904369,42.3,28.46
2904671,42.3,28.45
2904973,42.3,28.45
2905275,42.3,28.45
2905577,42.3,28.45
2905879,42.3,28.45
2906181,42.3,28.45
2906483,42.3,28.45
2906785,42.3,28.45
2907087,42.3,28.45
2907389,41.3,28.45
2907691,41.3,28.44
2907993,41.3,28.45
2908295,41.3,28.45
2908597,41.3,28.45
2908899,41.3,28.45
2909201,41.3,28.45
2909503,41.3,28.45
2909805,42.3,28.45
2910107,42.3,28.45
2910409,42.3,28.45
2910711,42.3,28.45
2911013,42.3,28.45
2911315,42.3,28.45
2911617,42.3,28.45
2911919,42.3,28.45
2912221,42.3,28.46
2912523,42.3,28.46
2912825,42.3,28.46
2913127,41.3,28.46
2913429,41.3,28.47
2913731,42.3,28.46
2914033,42.3,28.47
2914335,42.3,28.47
2914637,42.3,28.47
2914939,42.3,28.48
2915241,42.3,28.48
2915543,42.3,28.48
2915845,42.3,28.48
2916147,42.3,28.49
2916449,42.3,28.49
2916751,42.3,28.49
2917053,42.3,28.50
2917355,42.3,28.50
2917657,41.3,28.50
2917959,42.3,28.51
2918261,42.3,28.51
2918563,41.3,28.51
2918865,41.3,28.51
2919167,42.3,28.52
2919469,42.3,28.52
2919771,42.3,28.52
2920073,41.3,28.52
2920375,42.3,28.53
2920677,42.3,28.53
2920979,42.3,28.53
2921281,42.3,28.53
2921583,42.3,28.54
2921885,42.3,28.54
2922187,42.3,28.55
2922489,42.3,28.55
2922791,42.3,28.55
2923093,42.3,28.55
2923395,42.3,28.55
2923697,42.3,28.56
2923999,41.3,28.56
2924301,42.3,28.56
2924603,42.3,28.56
2924905,42.3,28.56
2925207,42.3,28.56
2925509,42.3,28.57
2925811,42.3,28.57
2926113,42.3,28.57
2926415,42.3,28.58
2926717,41.3,28.57
2927019,42.3,28.58
2927321,41.3,28.58
2927623,41.3,28.57
2927925,41.3,28.57
2928227,42.3,28.58
2928529,42.3,28.58
2928831,41.3,28.58
2929133,41.3,28.58
2929435,42.3,28.58
2929737,42.3,28.58
2930039,42.3,28.58
2930341,42.3,28.57
2930643,42.3,28.57
2930945,42.3,28.57
2931247,42.3,28.57
2931549,42.3,28.56
2931851,42.3,28.56
2932153,42.3,28.56
2932455,42.3,28.56
2932757,42.3,28.56
2933059,42.3,28.56
2933361,42.3,28.57
2933663,42.3,28.57
2933965,42.3,28.57
2934267,42.3,28.57
2934569,42.3,28.57
2934871,42.3,28.57
2935173,42.3,28.58
2935475,42.3,28.58
2935777,41.3,28.58
2936079,41.3,28.59
2936381,42.3,28.59
2936683,42.3,28.59
2936985,42.3,28.60
2937287,42.3,28.60
2937589,41.3,28.61
2937891,42.3,28.61
2938193,42.3,28.61
2938495,42.3,28.62
2938797,42.3,28.62
2939099,42.3,28.62
2939401,42.3,28.63
2939703,42.3,28.63
2940005,42.3,28.63
2940307,42.3,28.64
2940609,42.3,28.64
2940911,42.3,28.64
2941213,42.3,28.65
2941515,41.3,28.65
2941817,42.3,28.66
2942119,41.3,28.66
2942421,41.3,28.66
2942723,41.3,28.66
2943025,41.3,28.67
2943327,42.3,28.67
2943629,42.3,28.67
2943931,42.3,28.67
2944233,41.3,28.68
2944535,42.3,28.68
2944837,42.3,28.69
2945139,42.3,28.69
2945441,42.3,28.69
2945743,41.3,28.70
2946045,42.3,28.69
2946347,41.3,28.70
2946649,42.3,28.70
2946951,41.3,28.70
2947253,41.3,28.71
2947555,41.3,28.70
2947857,41.3,28.71
2948159,42.3,28.72
2948461,41.3,28.71
2948763,42.3,28.72
2949065,42.3,28.73
2949367,42.3,28.73
2949669,42.3,28.73
2949971,42.3,28.73
2950273,42.3,28.73
2950575,42.3,28.74
2950877,42.3,28.74
2951179,42.3,28.75
2951481,42.3,28.75
2951783,42.3,28.75
2952085,42.3,28.76
2952387,41.3,28.76
2952689,42.3,28.76
2952991,42.3,28.76
2953293,42.3,28.76
2953595,42.3,28.76
2953897,42.3,28.77
2954199,42.3,28.77
2954501,42.3,28.78
2954803,42.3,28.78
2955105,41.3,28.78
2955407,41.3,28.78
2955709,41.3,28.79
2956011,42.3,28.79
2956313,42.3,28.79
2956615,42.3,28.80
2956917,41.3,28.79
2957219,42.3,28.80
2957521,42.3,28.80
2957823,42.3,28.80
2958125,42.3,28.81
2958427,42.3,28.81
2958729,42.3,28.81
2959031,42.3,28.81
2959333,41.3,28.81
2959635,42.3,28.81
2959937,42.3,28.81
2960239,41.3,28.81
2960541,42.3,28.81
2960843,41.3,28.81
2961145,41.3,28.82
2961447,41.3,28.82
2961749,41.3,28.82
2962051,41.3,28.82
2962353,42.3,28.83
2962655,41.3,28.83
2962957,41.3,28.83
2963259,42.3,28.83
2963561,42.3,28.83
2963863,42.3,28.83
2964165,42.3,28.83
2964467,42.3,28.84
2964769,42.3,28.84
2965071,42.3,28.84
2965373,42.3,28.84
2965675,42.3,28.84
2965977,42.3,28.85
2966279,42.3,28.84
2966581,42.3,28.84
2966883,42.3,28.84
2967185,42.3,28.85
2967487,42.3,28.84
2967789,42.3,28.84
2968091,42.3,28.84
2968393,42.3,28.85
2968695,42.3,28.84
2968997,42.3,28.84
2969299,42.3,28.85
2969601,42.3,28.84
2969903,42.3,28.84
2970205,42.3,28.84
2970507,42.3,28.84
2970809,42.3,28.84
2971111,42.3,28.84
2971413,42.3,28.85
2971715,42.3,28.84
2972017,42.3,28.84
2972319,42.3,28.84
2972621,42.3,28.84
2972923,42.3,28.84
2973225,42.3,28.85
2973527,42.3,28.84
2973829,42.3,28.84
2974131,42.3,28.84
2974433,42.3,28.84
2974735,42.3,28.84
2975037,42.3,28.84
2975339,42.3,28.84
2975641,42.3,28.84
2975943,42.3,28.84
2976245,42.3,28.84
2976547,42.3,28.84
2976849,42.3,28.83
2977151,42.3,28.83
2977453,42.3,28.83
2977755,42.3,28.83
2978057,42.3,28.83
2978359,42.3,28.83
2978661,42.3,28.83
2978963,42.3,28.83
2979265,42.3,28.83
2979567,42.3,28.83
2979869,42.3,28.83
2980171,42.3,28.83
2980473,42.3,28.83
2980775,42.3,28.83
2981077,42.3,28.83
2981379,42.3,28.83
2981681,42.3,28.83
2981983,42.3,28.83
2982285,42.3,28.83
2982587,42.3,28.83
2982889,42.3,28.83
2983191,42.3,28.83
2983493,42.3,28.83
2983795,42.3,28.83
2984097,42.3,28.83
2984399,42.3,28.83
2984701,42.3,28.83
2985003,42.3,28.82
2985305,42.3,28.82
2985607,42.3,28.82
2985909,42.3,28.83
2986211,42.3,28.83
2986513,42.3,28.83
2986815,41.3,28.83
2987117,41.3,28.83
2987419,41.3,28.84
2987721,42.3,28.84
2988023,42.3,28.84
2988325,42.3,28.84
2988627,42.3,28.84
2988929,42.3,28.84
2989231,42.3,28.84
2989533,41.3,28.84
2989835,42.3,28.84
2990137,42.3,28.84
2990439,42.3,28.85
2990741,42.3,28.85
2991043,42.3,28.86
2991345,42.3,28.86
2991647,42.3,28.87
2991949,42.3,28.87
2992251,42.3,28.87
2992553,42.3,28.88
2992855,42.3,28.88
2993157,41.3,28.88
2993459,42.3,28.89
2993761,42.3,28.88
2994063,42.3,28.90
2994365,42.3,28.89
2994667,42.3,28.90
2994969,42.3,28.90
2995271,42.3,28.91
2995573,42.3,28.91
2995875,42.3,28.91
2996177,42.3,28.92
2996479,42.3,28.92
2996781,42.3,28.92
2997083,42.3,28.92
2997385,42.3,28.93
2997687,42.3,28.93
2997989,42.3,28.93
2998291,42.3,28.94
2998593,42.3,28.94
2998895,42.3,28.95
2999197,41.3,28.95
2999499,42.3,28.95
2999801,42.3,28.96
3000103,42.3,28.96
3000405,42.3,28.97
3000707,42.3,28.97
3001009,42.3,28.97
3001311,42.3,28.97
3001613,42.3,28.97
3001915,42.3,28.97
3002217,42.3,28.98
3002519,42.3,28.98
3002821,42.3,28.98
3003123,42.3,28.99
3003425,42.3,28.99
3003727,42.3,28.99
3004029,42.3,28.99
3004331,42.3,28.99
3004633,42.3,29.00
3004935,42.3,29.00
3005237,41.3,29.00
3005539,42.3,29.01
3005841,42.3,29.01
3006143,42.3,29.01
3006445,42.3,29.01
3006747,42.3,29.02
3007049,42.3,29.01
3007351,42.3,29.02
3007653,42.3,29.02
3007955,42.3,29.02
3008257,42.3,29.03
3008559,42.3,29.03
3008861,42.3,29.03
3009163,42.3,29.03
3009465,42.3,29.03
3009767,42.3,29.03
3010069,42.3,29.03
3010371,42.3,29.03
3010673,42.3,29.04
3010975,42.3,29.03
3011277,42.3,29.03
3011579,43.3,29.04
3011881,42.3,29.04
3012183,42.3,29.05
3012485,42.3,29.05
3012787,42.3,29.05
3013089,42.3,29.05
3013391,42.3,29.05
3013693,42.3,29.05
3013995,42.3,29.05
3014297,42.3,29.05
3014599,42.3,29.05
3014901,42.3,29.05
3015203,42.3,29.05
3015505,42.3,29.05
3015807,42.3,29.05
3016109,42.3,29.04
3016411,42.3,29.04
3016713,42.3,29.03
3017015,42.3,29.03
3017317,42.3,29.03
3017619,42.3,29.03
3017921,42.3,29.02
3018223,42.3,29.02
3018525,42.3,29.01
3018827,42.3,29.01
3019129,42.3,29.01
3019431,42.3,29.01
3019733,42.3,29.00
3020035,42.3,29.00
3020337,42.3,29.00
3020639,42.3,29.00
3020941,42.3,28.99
3021243,42.3,28.99
3021545,42.3,28.99
3021847,43.3,28.98
3022149,42.3,28.98
3022451,42.3,28.98
3022753,42.3,28.98
3023055,42.3,28.97
3023357,42.3,28.97
3023659,42.3,28.97
3023961,41.3,28.97
3024263,41.3,28.97
3024565,41.3,28.97
3024867,41.3,28.97
3025169,42.3,28.96
3025471,42.3,28.96
3025773,42.3,28.96
3026075,42.3,28.95
3026377,42.3,28.95
3026679,42.3,28.95
3026981,42.3,28.94
3027283,42.3,28.94
3027585,42.3,28.94
3027887,42.3,28.93
3028189,42.3,28.93
3028491,43.3,28.93
3028793,43.3,28.93
3029095,42.3,28.93
3029397,42.3,28.92
3029699,42.3,28.92
3030001,42.3,28.92
3030303,42.3,28.92
3030605,42.3,28.91
3030907,42.3,28.90
3031209,42.3,28.91
3031511,42.3,28.91
3031813,42.3,28.90
3032115,42.3,28.90
3032417,42.3,28.90
3032719,42.3,28.89
3033021,42.3,28.89
3033323,42.3,28.89
3033625,42.3,28.89
3033927,42.3,28.89
3034229,42.3,28.89
3034531,42.3,28.88
3034833,41.3,28.88
3035135,42.3,28.89
3035437,42.3,28.88
3035739,42.3,28.88
3036041,42.3,28.88
3036343,42.3,28.88
3036645,42.3,28.88
3036947,42.3,28.88
3037249,42.3,28.88
3037551,42.3,28.87
3037853,42.3,28.87
3038155,42.3,28.87
3038457,42.3,28.87
3038759,42.3,28.86
3039061,42.3,28.86
3039363,41.3,28.85
3039665,42.3,28.85
3039967,42.3,28.85
3040269,42.3,28.85
3040571,42.3,28.84
3040873,42.3,28.84
3041175,42.3,28.83
3041477,42.3,28.83
3041779,42.3,28.83
3042081,42.3,28.82
3042383,42.3,28.82
3042685,42.3,28.82
3042987,42.3,28.82
3043289,42.3,28.82
3043591,42.3,28.82
3043893,42.3,28.82
3044195,42.3,28.82
3044497,42.3,28.81
3044799,42.3,28.82
3045101,42.3,28.81
3045403,42.3,28.81
3045705,42.3,28.81
3046007,42.3,28.80
3046309,42.3,28.80
3046611,42.3,28.81
3046913,42.3,28.80
3047215,42.3,28.81
3047517,41.3,28.81
3047819,41.3,28.81
3048121,42.3,28.81
3048423,42.3,28.80
3048725,42.3,28.79
3049027,42.3,28.80
3049329,43.3,28.79
3049631,42.3,28.79
3049933,42.3,28.79
3050235,42.3,28.78
3050537,42.3,28.79
3050839,42.3,28.78
3051141,42.3,28.78
3051443,42.3,28.79
3051745,42.3,28.78
3052047,42.3,28.79
3052349,42.3,28.79
3052651,42.3,28.79
3052953,42.3,28.79
3053255,42.3,28.79
3053557,42.3,28.79
3053859,42.3,28.79
3054161,42.3,28.79
3054463,42.3,28.80
3054765,42.3,28.80
3055067,42.3,28.80
3055369,43.3,28.80
3055671,42.3,28.80
3055973,42.3,28.80
3056275,42.3,28.81
3056577,41.3,28.81
3056879,42.3,28.81
3057181,42.3,28.81
3057483,42.3,28.81
3057785,42.3,28.81
3058087,42.3,28.81
3058389,42.3,28.81
3058691,42.3,28.81
3058993,42.3,28.81
3059295,42.3,28.81
3059597,42.3,28.81
3059899,42.3,28.81
3060201,42.3,28.81
3060503,42.3,28.81
3060805,42.3,28.81
3061107,42.3,28.81
3061409,42.3,28.80
3061711,42.3,28.81
3062013,42.3,28.81
3062315,42.3,28.81
3062617,42.3,28.81
3062919,42.3,28.81
3063221,42.3,28.81
3063523,42.3,28.82
3063825,41.3,28.81
3064127,42.3,28.81
3064429,42.3,28.81
3064731,42.3,28.82
3065033,42.3,28.82
3065335,42.3,28.82
3065637,42.3,28.83
3065939,42.3,28.82
3066241,42.3,28.83
3066543,42.3,28.83
3066845,42.3,28.83
3067147,42.3,28.83
3067449,42.3,28.84
3067751,42.3,28.84
3068053,42.3,28.84
3068355,42.3,28.84
3068657,42.3,28.84
3068959,42.3,28.84
3069261,42.3,28.84
3069563,43.3,28.85
3069865,42.3,28.86
3070167,43.3,28.86
3070469,43.3,28.86
3070771,42.3,28.86
3071073,43.3,28.87
3071375,42.3,28.87
3071677,42.3,28.88
3071979,42.3,28.87
3072281,42.3,28.88
3072583,42.3,28.88
3072885,42.3,28.89
3073187,42.3,28.88
3073489,42.3,28.88
3073791,42.3,28.89
3074093,42.3,28.89
3074395,42.3,28.89
3074697,42.3,28.90
3074999,43.3,28.90
3075301,42.3,28.90
3075603,42.3,28.90
3075905,42.3,28.91
3076207,42.3,28.91
3076509,42.3,28.91
3076811,42.3,28.91
3077113,42.3,28.92
3077415,42.3,28.92
3077717,42.3,28.92
3078019,42.3,28.92
3078321,42.3,28.93
3078623,42.3,28.93
3078925,42.3,28.93
3079227,42.3,28.94
3079529,42.3,28.94
3079831,42.3,28.94
3080133,41.3,28.94
3080435,42.3,28.95
3080737,42.3,28.95
3081039,42.3,28.95
3081341,42.3,28.95
3081643,42.3,28.96
3081945,42.3,28.96
3082247,42.3,28.96
3082549,42.3,28.96
3082851,42.3,28.96
3083153,42.3,28.97
3083455,42.3,28.97
3083757,42.3,28.97
3084059,42.3,28.97
3084361,42.3,28.97
3084663,43.3,28.98
3084965,42.3,28.98
3085267,42.3,28.98
3085569,42.3,28.98
3085871,42.3,28.99
3086173,42.3,28.99
3086475,42.3,28.99
3086777,42.3,28.99
3087079,42.3,28.99
3087381,42.3,29.00
3087683,42.3,29.00
3087985,42.3,29.00
3088287,42.3,29.00
3088589,42.3,29.00
3088891,42.3,29.00
3089193,42.3,29.00
3089495,42.3,29.00
3089797,42.3,29.00
3090099,42.3,29.00
3090401,42.3,29.00
3090703,42.3,29.00
3091005,42.3,29.01
3091307,42.3,29.00
3091609,42.3,29.00
3091911,43.3,29.01
3092213,43.3,29.01
3092515,42.3,29.00
3092817,42.3,29.00
3093119,42.3,29.00
3093421,42.3,29.00
3093723,42.3,29.00
3094025,42.3,28.99
3094327,42.3,28.99
3094629,42.3,28.99
3094931,42.3,28.99
3095233,42.3,28.98
3095535,42.3,28.98
3095837,42.3,28.98
3096139,42.3,28.98
3096441,42.3,28.98
3096743,42.3,28.97
3097045,42.3,28.97
3097347,42.3,28.97
3097649,42.3,28.96
3097951,42.3,28.96
3098253,42.3,28.96
3098555,42.3,28.95
3098857,42.3,28.95
3099159,42.3,28.95
3099461,42.3,28.95
3099763,42.3,28.95
3100065,42.3,28.94
3100367,42.3,28.94
3100669,42.3,28.94
3100971,43.3,28.93
3101273,43.3,28.93
3101575,42.3,28.93
3101877,42.3,28.93
3102179,42.3,28.93
3102481,42.3,28.92
3102783,42.3,28.92
3103085,42.3,28.92
3103387,43.3,28.92
3103689,42.3,28.92
3103991,42.3,28.92
3104293,42.3,28.92
3104595,43.3,28.91
3104897,42.3,28.91
3105199,42.3,28.91
3105501,42.3,28.91
3105803,43.3,28.90
3106105,43.3,28.90
3106407,43.3,28.91
3106709,42.3,28.90
3107011,42.3,28.90
3107313,42.3,28.90
3107615,42.3,28.90
3107917,42.3,28.89
3108219,42.3,28.89
3108521,42.3,28.89
3108823,42.3,28.89
3109125,42.3,28.89
3109427,42.3,28.89
3109729,43.3,28.89
3110031,43.3,28.89
3110333,42.3,28.90
3110635,42.3,28.90
3110937,42.3,28.90
3111239,43.3,28.90
3111541,42.3,28.90
3111843,42.3,28.90
3112145,42.3,28.89
3112447,42.3,28.90
3112749,42.3,28.89
3113051,42.3,28.89
3113353,42.3,28.89
3113655,42.3,28.89
3113957,42.3,28.89
3114259,42.3,28.89
3114561,42.3,28.89
3114863,42.3,28.88
3115165,42.3,28.89
3115467,42.3,28.89
3115769,42.3,28.88
3116071,43.3,28.88
3116373,42.3,28.88
3116675,42.3,28.87
3116977,42.3,28.87
3117279,41.3,28.87
3117581,42.3,28.87
3117883,42.3,28.87
3118185,42.3,28.87
3118487,42.3,28.87
3118789,42.3,28.87
3119091,42.3,28.87
3119393,42.3,28.87
3119695,42.3,28.87
3119997,43.3,28.87
3120299,42.3,28.87
3120601,42.3,28.86
3120903,42.3,28.86
3121205,42.3,28.86
3121507,42.3,28.86
3121809,42.3,28.86
3122111,42.3,28.85
3122413,42.3,28.85
3122715,42.3,28.85
3123017,42.3,28.84
3123319,42.3,28.84
3123621,42.3,28.84
3123923,42.3,28.84
3124225,42.3,28.84
3124527,42.3,28.84
3124829,43.3,28.84
3125131,42.3,28.84
3125433,42.3,28.84
3125735,42.3,28.84
3126037,42.3,28.84
3126339,42.3,28.84
3126641,42.3,28.84
3126943,42.3,28.84
3127245,42.3,28.84
3127547,42.3,28.84
3127849,42.3,28.84
3128151,42.3,28.84
3128453,42.3,28.83
3128755,42.3,28.83
3129057,42.3,28.83
3129359,42.3,28.83
3129661,42.3,28.83
3129963,42.3,28.83
3130265,42.3,28.83
3130567,42.3,28.82
3130869,42.3,28.83
3131171,42.3,28.82
3131473,42.3,28.83
3131775,42.3,28.82
3132077,42.3,28.82
3132379,42.3,28.82
3132681,42.3,28.83
3132983,42.3,28.83
3133285,42.3,28.82
3133587,42.3,28.82
3133889,42.3,28.82
3134191,42.3,28.81
3134493,42.3,28.82
3134795,42.3,28.81
3135097,42.3,28.81
3135399,42.3,28.81
3135701,42.3,28.81
3136003,42.3,28.80
3136305,42.3,28.80
3136607,42.3,28.81
3136909,42.3,28.81
3137211,42.3,28.81
3137513,41.3,28.80
3137815,42.3,28.80
3138117,42.3,28.80
3138419,42.3,28.80
3138721,42.3,28.80
3139023,42.3,28.80
3139325,42.3,28.80
3139627,42.3,28.80
3139929,42.3,28.80
3140231,42.3,28.80
3140533,42.3,28.80
3140835,42.3,28.81
3141137,42.3,28.81
3141439,42.3,28.80
3141741,42.3,28.81
3142043,42.3,28.81
3142345,42.3,28.81
3142647,42.3,28.80
3142949,42.3,28.80
3143251,42.3,28.80
3143553,42.3,28.80
3143855,42.3,28.80
3144157,42.3,28.80
3144459,42.3,28.80
3144761,42.3,28.80
3145063,42.3,28.80
3145365,42.3,28.80
3145667,42.3,28.81
3145969,42.3,28.80
3146271,42.3,28.81
3146573,42.3,28.81
3146875,42.3,28.81
3147177,42.3,28.81
3147479,42.3,28.81
3147781,42.3,28.81
3148083,42.3,28.82
3148385,42.3,28.82
3148687,42.3,28.83
3148989,42.3,28.83
3149291,42.3,28.83
3149593,42.3,28.83
3149895,42.3,28.83
3150197,42.3,28.84
3150499,42.3,28.84
3150801,42.3,28.84
3151103,42.3,28.85
3151405,42.3,28.85
3151707,41.3,28.85
3152009,41.3,28.85
3152311,41.3,28.86
3152613,41.3,28.86
3152915,41.3,28.86
3153217,42.3,28.87
3153519,42.3,28.87
3153821,42.3,28.87
3154123,43.3,28.88
3154425,42.3,28.88
3154727,42.3,28.88
3155029,42.3,28.89
3155331,43.3,28.89
3155633,43.3,28.89
3155935,42.3,28.89
3156237,42.3,28.90
3156539,43.3,28.90
3156841,42.3,28.90
3157143,42.3,28.89
3157445,42.3,28.89
3157747,42.3,28.89
3158049,43.3,28.89
3158351,42.3,28.89
3158653,42.3,28.88
3158955,42.3,28.88
3159257,42.3,28.88
3159559,42.3,28.88
3159861,42.3,28.88
3160163,42.3,28.88
3160465,42.3,28.88
3160767,43.3,28.88
3161069,42.3,28.88
3161371,42.3,28.88
3161673,42.3,28.88
3161975,42.3,28.88
3162277,42.3,28.88
3162579,42.3,28.88
3162881,42.3,28.87
3163183,43.3,28.87
3163485,43.3,28.87
3163787,43.3,28.87
3164089,43.3,28.86
3164391,43.3,28.86
3164693,43.3,28.85
3164995,43.3,28.85
3165297,42.3,28.84
3165599,42.3,28.84
3165901,42.3,28.84
3166203,42.3,28.83
3166505,42.3,28.83
3166807,42.3,28.83
3167109,42.3,28.83
3167411,42.3,28.82
3167713,42.3,28.82
3168015,42.3,28.82
3168317,42.3,28.81
3168619,42.3,28.81
3168921,42.3,28.80
3169223,42.3,28.80
3169525,42.3,28.79
3169827,42.3,28.79
3170129,42.3,28.78
3170431,42.3,28.78
3170733,42.3,28.78
3171035,42.3,28.77
3171337,42.3,28.77
3171639,42.3,28.77
3171941,42.3,28.77
3172243,42.3,28.77
3172545,42.3,28.77
3172847,42.3,28.77
3173149,42.3,28.76
3173451,42.3,28.76
3173753,42.3,28.75
3174055,42.3,28.75
3174357,42.3,28.75
3174659,42.3,28.74
3174961,42.3,28.74
3175263,42.3,28.74
3175565,42.3,28.73
3175867,42.3,28.73
3176169,42.3,28.72
3176471,42.3,28.72
3176773,42.3,28.72
3177075,42.3,28.71
3177377,42.3,28.72
3177679,42.3,28.71
3177981,42.3,28.71
3178283,42.3,28.71
3178585,42.3,28.70
3178887,42.3,28.70
3179189,42.3,28.70
3179491,42.3,28.69
3179793,42.3,28.69
3180095,42.3,28.69
3180397,42.3,28.69
3180699,42.3,28.69
3181001,42.3,28.69
3181303,42.3,28.68
3181605,42.3,28.68
3181907,42.3,28.68
3182209,42.3,28.68
3182511,42.3,28.67
3182813,42.3,28.67
3183115,43.3,28.67
3183417,43.3,28.67
3183719,43.3,28.67
3184021,43.3,28.66
3184323,43.3,28.66
3184625,43.3,28.66
3184927,42.3,28.66
3185229,42.3,28.66
3185531,42.3,28.66
3185833,42.3,28.65
3186135,42.3,28.65
3186437,42.3,28.65
3186739,42.3,28.64
3187041,42.3,28.64
3187343,42.3,28.64
3187645,42.3,28.64
3187947,42.3,28.63
3188249,42.3,28.64
3188551,43.3,28.63
3188853,42.3,28.64
3189155,42.3,28.64
3189457,42.3,28.63
3189759,42.3,28.63
3190061,42.3,28.63
3190363,42.3,28.63
3190665,42.3,28.63
3190967,42.3,28.62
3191269,42.3,28.62
3191571,42.3,28.62
3191873,42.3,28.61
3192175,42.3,28.61
3192477,42.3,28.60
3192779,42.3,28.60
3193081,42.3,28.60
3193383,42.3,28.60
3193685,42.3,28.60
3193987,42.3,28.60
3194289,42.3,28.59
3194591,42.3,28.59
3194893,42.3,28.59
3195195,42.3,28.59
3195497,42.3,28.59
3195799,41.3,28.59
3196101,42.3,28.60
3196403,42.3,28.60
3196705,42.3,28.60
3197007,42.3,28.60
3197309,42.3,28.60
3197611,42.3,28.60
3197913,42.3,28.60
3198215,42.3,28.60
3198517,42.3,28.59
3198819,42.3,28.59
3199121,42.3,28.59
3199423,42.3,28.59
3199725,42.3,28.59
3200027,42.3,28.59
3200329,42.3,28.59
3200631,42.3,28.59
3200933,42.3,28.58
3201235,42.3,28.58
3201537,42.3,28.58
3201839,42.3,28.58
3202141,42.3,28.59
3202443,42.3,28.59
3202745,42.3,28.59
3203047,42.3,28.59
3203349,42.3,28.59
3203651,42.3,28.59
3203953,42.3,28.59
3204255,42.3,28.59
3204557,42.3,28.59
3204859,42.3,28.60
3205161,42.3,28.60
3205463,42.3,28.60
3205765,42.3,28.61
3206067,43.3,28.61
3206369,42.3,28.61
3206671,42.3,28.61
3206973,42.3,28.61
3207275,42.3,28.61
3207577,42.3,28.61
3207879,42.3,28.61
3208181,42.3,28.62
3208483,42.3,28.61
3208785,42.3,28.62
3209087,42.3,28.62
3209389,42.3,28.62
3209691,42.3,28.62
3209993,42.3,28.63
3210295,42.3,28.63
3210597,42.3,28.63
3210899,42.3,28.63
3211201,42.3,28.63
3211503,42.3,28.63
3211805,42.3,28.63
3212107,42.3,28.64
3212409,42.3,28.64
3212711,42.3,28.64
3213013,42.3,28.64
3213315,42.3,28.65
3213617,42.3,28.65
3213919,42.3,28.65
3214221,42.3,28.65
3214523,42.3,28.65
3214825,42.3,28.65
3215127,42.3,28.65
3215429,42.3,28.66
3215731,42.3,28.66
3216033,42.3,28.66
3216335,42.3,28.66
3216637,42.3,28.66
3216939,42.3,28.67
3217241,42.3,28.67
3217543,43.3,28.66
3217845,43.3,28.66
3218147,42.3,28.67
3218449,42.3,28.67
3218751,42.3,28.67
3219053,42.3,28.67
3219355,42.3,28.68
3219657,42.3,28.68
3219959,42.3,28.68
3220261,42.3,28.68
3220563,42.3,28.68
3220865,42.3,28.68
3221167,42.3,28.68
3221469,42.3,28.68
3221771,42.3,28.68
3222073,42.3,28.68
3222375,42.3,28.68
3222677,42.3,28.68
3222979,42.3,28.68
3223281,42.3,28.68
3223583,42.3,28.69
3223885,42.3,28.68
3224187,42.3,28.68
3224489,42.3,28.68
3224791,43.3,28.68
3225093,42.3,28.68
3225395,42.3,28.68
3225697,42.3,28.68
3225999,42.3,28.68
3226301,42.3,28.68
3226603,42.3,28.68
3226905,42.3,28.68
3227207,42.3,28.67
3227509,42.3,28.67
3227811,42.3,28.68
3228113,42.3,28.67
3228415,42.3,28.67
3228717,42.3,28.67
3229019,42.3,28.66
3229321,42.3,28.66
3229623,42.3,28.66
3229925,41.3,28.66
3230227,42.3,28.66
3230529,42.3,28.66
3230831,42.3,28.66
3231133,42.3,28.66
3231435,42.3,28.65
3231737,42.3,28.65
3232039,42.3,28.65
3232341,42.3,28.65
3232643,42.3,28.64
3232945,42.3,28.64
3233247,42.3,28.64
3233549,42.3,28.64
3233851,42.3,28.64
3234153,42.3,28.64
3234455,42.3,28.64
3234757,42.3,28.64
3235059,42.3,28.64
3235361,42.3,28.63
3235663,43.3,28.63
3235965,43.3,28.63
3236267,42.3,28.63
3236569,42.3,28.62
3236871,42.3,28.62
3237173,42.3,28.62
3237475,42.3,28.62
3237777,42.3,28.63
3238079,42.3,28.62
3238381,42.3,28.62
3238683,42.3,28.62
3238985,42.3,28.62
3239287,42.3,28.62
3239589,42.3,28.62
3239891,42.3,28.62
3240193,42.3,28.62
3240495,42.3,28.62
3240797,42.3,28.62
3241099,42.3,28.62
3241401,42.3,28.62
3241703,42.3,28.62
3242005,42.3,28.62
3242307,42.3,28.63
3242609,42.3,28.62
3242911,42.3,28.62
3243213,42.3,28.62
3243515,42.3,28.62
3243817,42.3,28.62
3244119,42.3,28.62
3244421,42.3,28.62
3244723,42.3,28.62
3245025,42.3,28.62
3245327,42.3,28.63
3245629,42.3,28.63
3245931,42.3,28.63
3246233,42.3,28.63
3246535,42.3,28.64
3246837,42.3,28.63
3247139,42.3,28.64
3247441,42.3,28.64
3247743,42.3,28.64
3248045,42.3,28.65
3248347,42.3,28.65
3248649,42.3,28.65
3248951,42.3,28.66
3249253,42.3,28.65
3249555,42.3,28.66
3249857,42.3,28.66
3250159,42.3,28.67
3250461,42.3,28.67
3250763,42.3,28.68
3251065,42.3,28.68
3251367,42.3,28.69
3251669,42.3,28.69
3251971,42.3,28.69
3252273,42.3,28.70
3252575,42.3,28.70
3252877,42.3,28.70
3253179,42.3,28.71
3253481,42.3,28.71
3253783,42.3,28.71
3254085,42.3,28.72
3254387,42.3,28.72
3254689,42.3,28.73
3254991,42.3,28.73
3255293,42.3,28.73
3255595,42.3,28.74
3255897,42.3,28.74
3256199,42.3,28.75
3256501,43.3,28.75
3256803,42.3,28.75
3257105,42.3,28.76
3257407,42.3,28.76
3257709,42.3,28.76
3258011,42.3,28.77
3258313,42.3,28.77
3258615,42.3,28.77
3258917,42.3,28.78
3259219,42.3,28.78
3259521,43.3,28.78
3259823,42.3,28.78
3260125,42.3,28.78
3260427,42.3,28.78
3260729,42.3,28.78
3261031,42.3,28.78
3261333,42.3,28.78
3261635,42.3,28.78
3261937,42.3,28.79
3262239,42.3,28.79
3262541,42.3,28.79
3262843,42.3,28.79
3263145,42.3,28.80
3263447,42.3,28.80
3263749,42.3,28.80
3264051,42.3,28.80
3264353,42.3,28.79
3264655,42.3,28.80
3264957,42.3,28.80
3265259,42.3,28.80
3265561,42.3,28.80
3265863,42.3,28.80
3266165,42.3,28.81
3266467,42.3,28.81
3266769,42.3,28.81
3267071,42.3,28.81
3267373,42.3,28.81
3267675,42.3,28.81
3267977,42.3,28.81
3268279,42.3,28.81
3268581,42.3,28.81
3268883,42.3,28.81
3269185,42.3,28.80
3269487,42.3,28.80
3269789,42.3,28.80
3270091,42.3,28.80
3270393,42.3,28.79
3270695,42.3,28.80
3270997,42.3,28.80
3271299,42.3,28.80
3271601,42.3,28.79
3271903,42.3,28.79
3272205,42.3,28.79
3272507,42.3,28.79
3272809,42.3,28.79
3273111,42.3,28.79
3273413,42.3,28.79
3273715,42.3,28.79
3274017,42.3,28.79
3274319,42.3,28.78
3274621,42.3,28.78
3274923,42.3,28.78
3275225,42.3,28.78
3275527,42.3,28.78
3275829,42.3,28.78
3276131,42.3,28.78
3276433,42.3,28.78
3276735,42.3,28.77
3277037,42.3,28.78
3277339,42.3,28.78
3277641,42.3,28.78
3277943,42.3,28.78
3278245,42.3,28.78
3278547,42.3,28.78
3278849,42.3,28.78
3279151,42.3,28.78
3279453,42.3,28.78
3279755,42.3,28.77
3280057,42.3,28.77
3280359,42.3,28.77
3280661,42.3,28.77
3280963,42.3,28.77
3281265,42.3,28.77
3281567,42.3,28.77
3281869,42.3,28.77
3282171,42.3,28.77
3282473,42.3,28.77
3282775,43.3,28.77
3283077,42.3,28.77
3283379,43.3,28.77
3283681,42.3,28.77
3283983,42.3,28.76
3284285,42.3,28.76
3284587,42.3,28.76
3284889,42.3,28.76
3285191,42.3,28.77
3285493,42.3,28.77
3285795,42.3,28.77
3286097,42.3,28.77
3286399,42.3,28.77
3286701,42.3,28.77
3287003,42.3,28.77
3287305,42.3,28.77
3287607,42.3,28.77
3287909,43.3,28.77
3288211,42.3,28.77
3288513,42.3,28.77
3288815,43.3,28.78
3289117,43.3,28.78
3289419,42.3,28.77
3289721,42.3,28.77
3290023,42.3,28.78
3290325,42.3,28.78
3290627,42.3,28.78
3290929,42.3,28.78
3291231,42.3,28.78
3291533,42.3,28.79
3291835,42.3,28.79
3292137,42.3,28.79
3292439,42.3,28.79
3292741,43.3,28.79
3293043,42.3,28.80
3293345,42.3,28.80
3293647,42.3,28.81
3293949,42.3,28.81
3294251,42.3,28.82
3294553,42.3,28.83
3294855,42.3,28.83
3295157,42.3,28.83
3295459,42.3,28.84
3295761,42.3,28.84
3296063,43.3,28.84
3296365,42.3,28.85
3296667,42.3,28.85
3296969,42.3,28.86
3297271,42.3,28.87
3297573,42.3,28.86
3297875,42.3,28.87
3298177,42.3,28.87
3298479,42.3,28.88
3298781,42.3,28.88
3299083,42.3,28.89
3299385,43.3,28.90
3299687,42.3,28.90
3299989,42.3,28.90
3300291,42.3,28.91
3300593,42.3,28.91
3300895,42.3,28.91
3301197,42.3,28.92
3301499,42.3,28.92
3301801,42.3,28.92
3302103,42.3,28.93
3302405,42.3,28.93
3302707,42.3,28.94
3303009,42.3,28.94
3303311,42.3,28.94
3303613,42.3,28.94
3303915,43.3,28.94
3304217,42.3,28.95
3304519,42.3,28.95
3304821,42.3,28.95
3305123,42.3,28.95
3305425,42.3,28.96
3305727,42.3,28.96
3306029,42.3,28.97
3306331,42.3,28.97
3306633,42.3,28.97
3306935,42.3,28.98
3307237,42.3,28.98
3307539,42.3,28.98
3307841,43.3,28.99
3308143,43.3,28.99
3308445,42.3,28.99
3308747,42.3,28.99
3309049,42.3,29.00
3309351,42.3,29.00
3309653,42.3,29.00
3309955,42.3,29.01
3310257,42.3,29.01
3310559,42.3,29.01
3310861,42.3,29.01
3311163,43.3,29.02
3311465,42.3,29.02
3311767,43.3,29.02
3312069,43.3,29.02
3312371,43.3,29.03
3312673,42.3,29.03
3312975,42.3,29.03
3313277,42.3,29.03
3313579,42.3,29.03
3313881,42.3,29.04
3314183,42.3,29.04
3314485,42.3,29.04
3314787,42.3,29.04
3315089,42.3,29.04
3315391,42.3,29.05
3315693,42.3,29.05
3315995,42.3,29.05
3316297,42.3,29.05
3316599,42.3,29.05
3316901,42.3,29.05
3317203,43.3,29.05
3317505,43.3,29.05
3317807,42.3,29.05
3318109,43.3,29.06
3318411,43.3,29.06
3318713,43.3,29.06
3319015,42.3,29.06
3319317,42.3,29.06
3319619,42.3,29.06
3319921,42.3,29.06
3320223,42.3,29.06
3320525,43.3,29.06
3320827,43.3,29.06
3321129,43.3,29.05
3321431,43.3,29.05
3321733,43.3,29.05
3322035,43.3,29.05
3322337,43.3,29.06
3322639,43.3,29.05
3322941,42.3,29.05
3323243,42.3,29.05
3323545,42.3,29.05
3323847,42.3,29.05
3324149,42.3,29.05
3324451,42.3,29.05
3324753,42.3,29.05
3325055,42.3,29.05
3325357,42.3,29.04
3325659,42.3,29.04
3325961,43.3,29.04
3326263,43.3,29.04
3326565,42.3,29.04
3326867,42.3,29.04
3327169,42.3,29.03
3327471,42.3,29.03
3327773,42.3,29.03
3328075,42.3,29.03
3328377,42.3,29.02
3328679,42.3,29.02
3328981,42.3,29.01
3329283,43.3,29.01
3329585,43.3,29.01
3329887,43.3,29.01
3330189,43.3,29.01
3330491,43.3,29.00
3330793,43.3,29.00
3331095,42.3,29.00
3331397,42.3,28.99
3331699,42.3,28.99
3332001,42.3,28.99
3332303,43.3,28.98
3332605,43.3,28.98
3332907,42.3,28.98
3333209,42.3,28.97
3333511,42.3,28.97
3333813,42.3,28.97
3334115,42.3,28.97
3334417,42.3,28.97
3334719,42.3,28.97
3335021,42.3,28.97
3335323,42.3,28.97
3335625,42.3,28.96
3335927,42.3,28.96
3336229,42.3,28.96
3336531,42.3,28.96
3336833,42.3,28.96
3337135,42.3,28.96
3337437,42.3,28.96
3337739,43.3,28.95
3338041,43.3,28.95
3338343,43.3,28.95
3338645,42.3,28.95
3338947,42.3,28.94
3339249,42.3,28.94
3339551,42.3,28.94
3339853,42.3,28.94
3340155,42.3,28.94
3340457,42.3,28.94
3340759,43.3,28.94
3341061,42.3,28.94
3341363,42.3,28.93
3341665,42.3,28.93
3341967,42.3,28.93
3342269,43.3,28.93
3342571,43.3,28.93
3342873,42.3,28.92
3343175,42.3,28.92
3343477,42.3,28.92
3343779,42.3,28.92
3344081,42.3,28.92
3344383,42.3,28.92
3344685,42.3,28.92
3344987,42.3,28.92
3345289,42.3,28.92
3345591,42.3,28.92
3345893,42.3,28.91
3346195,42.3,28.91
3346497,43.3,28.91
3346799,43.3,28.91
3347101,43.3,28.90
3347403,42.3,28.91
3347705,42.3,28.90
3348007,42.3,28.90
3348309,42.3,28.90
3348611,42.3,28.89
3348913,42.3,28.89
3349215,42.3,28.89
3349517,42.3,28.88
3349819,42.3,28.89
3350121,42.3,28.88
3350423,42.3,28.88
3350725,42.3,28.88
3351027,42.3,28.88
3351329,42.3,28.88
3351631,42.3,28.88
3351933,42.3,28.88
3352235,42.3,28.88
3352537,42.3,28.88
3352839,42.3,28.88
3353141,42.3,28.88
3353443,42.3,28.87
3353745,42.3,28.87
3354047,42.3,28.87
3354349,42.3,28.87
3354651,42.3,28.87
3354953,42.3,28.87
3355255,42.3,28.86
3355557,42.3,28.86
3355859,42.3,28.85
3356161,42.3,28.85
3356463,43.3,28.84
3356765,42.3,28.84
3357067,42.3,28.84
3357369,42.3,28.83
3357671,42.3,28.83
3357973,42.3,28.83
3358275,42.3,28.83
3358577,42.3,28.83
3358879,42.3,28.83
3359181,42.3,28.82
3359483,43.3,28.82
3359785,43.3,28.82
3360087,42.3,28.82
3360389,43.3,28.81
3360691,42.3,28.81
3360993,42.3,28.80
3361295,42.3,28.80
3361597,42.3,28.80
3361899,42.3,28.80
3362201,42.3,28.79
3362503,42.3,28.79
3362805,42.3,28.79
3363107,42.3,28.79
3363409,42.3,28.80
3363711,42.3,28.80
3364013,42.3,28.79
3364315,42.3,28.79
3364617,42.3,28.78
3364919,42.3,28.77
3365221,42.3,28.76
3365523,42.3,28.77
3365825,42.3,28.77
3366127,42.3,28.78
3366429,42.3,28.79
3366731,42.3,28.79
3367033,42.3,28.80
3367335,42.3,28.80
3367637,42.3,28.80
3367939,42.3,28.79
3368241,42.3,28.78
3368543,42.3,28.78
3368845,42.3,28.78
3369147,42.3,28.77
3369449,42.3,28.77
3369751,42.3,28.77
3370053,42.3,28.76
3370355,42.3,28.76
3370657,42.3,28.76
3370959,43.3,28.77
3371261,43.3,28.78
3371563,43.3,28.78
3371865,42.3,28.79
3372167,42.3,28.79
3372469,42.3,28.79
3372771,42.3,28.79
3373073,42.3,28.80
3373375,42.3,28.80
3373677,42.3,28.80
3373979,42.3,28.80
3374281,42.3,28.80
3374583,42.3,28.80
3374885,42.3,28.80
3375187,42.3,28.80
3375489,42.3,28.80
3375791,42.3,28.80
3376093,42.3,28.81
3376395,43.3,28.82
3376697,43.3,28.82
3376999,42.3,28.82
3377301,42.3,28.83
3377603,42.3,28.83
3377905,42.3,28.84
3378207,42.3,28.83
3378509,41.3,28.83
3378811,42.3,28.83
3379113,42.3,28.83
3379415,42.3,28.83
3379717,42.3,28.83
3380019,42.3,28.83
3380321,42.3,28.83
3380623,42.3,28.84
3380925,42.3,28.84
3381227,42.3,28.84
3381529,42.3,28.83
3381831,42.3,28.83
3382133,42.3,28.82
3382435,42.3,28.83
3382737,42.3,28.82
3383039,42.3,28.82
3383341,42.3,28.82
3383643,42.3,28.83
3383945,42.3,28.83
3384247,42.3,28.82
3384549,42.3,28.83
3384851,42.3,28.82
3385153,42.3,28.82
3385455,42.3,28.81
3385757,42.3,28.81
3386059,42.3,28.80
3386361,42.3,28.80
3386663,42.3,28.80
3386965,42.3,28.79
3387267,42.3,28.79
3387569,42.3,28.79
3387871,42.3,28.80
3388173,42.3,28.80
3388475,42.3,28.80
3388777,42.3,28.80
3389079,42.3,28.79
3389381,42.3,28.79
3389683,42.3,28.78
3389985,42.3,28.78
3390287,42.3,28.78
3390589,42.3,28.77
3390891,42.3,28.76
3391193,42.3,28.75
3391495,43.3,28.74
3391797,42.3,28.74
3392099,42.3,28.74
3392401,43.3,28.74
3392703,43.3,28.74
3393005,43.3,28.73
3393307,43.3,28.74
3393609,43.3,28.74
3393911,43.3,28.74
3394213,43.3,28.74
3394515,42.3,28.74
3394817,42.3,28.74
3395119,42.3,28.74
3395421,42.3,28.74
3395723,42.3,28.74
3396025,42.3,28.74
3396327,42.3,28.74
3396629,42.3,28.74
3396931,42.3,28.74
3397233,42.3,28.73
3397535,42.3,28.74
3397837,42.3,28.74
3398139,42.3,28.75
3398441,42.3,28.75
3398743,42.3,28.75
3399045,42.3,28.76
3399347,42.3,28.76
3399649,42.3,28.77
3399951,42.3,28.77
3400253,42.3,28.77
3400555,42.3,28.77
3400857,42.3,28.77
3401159,43.3,28.76
3401461,43.3,28.76
3401763,43.3,28.76
3402065,42.3,28.75
3402367,42.3,28.76
3402669,42.3,28.76
3402971,42.3,28.76
3403273,42.3,28.76
3403575,42.3,28.75
3403877,42.3,28.76
3404179,42.3,28.76
3404481,42.3,28.77
3404783,42.3,28.77
3405085,42.3,28.78
3405387,42.3,28.78
3405689,42.3,28.78
3405991,42.3,28.79
3406293,42.3,28.79
3406595,42.3,28.80
3406897,42.3,28.80
3407199,42.3,28.79
3407501,42.3,28.77
3407803,42.3,28.76
3408105,42.3,28.77
3408407,42.3,28.78
3408709,42.3,28.79
3409011,43.3,28.80
3409313,43.3,28.80
3409615,43.3,28.81
3409917,42.3,28.82
3410219,43.3,28.82
3410521,42.3,28.83
3410823,42.3,28.84
3411125,42.3,28.84
3411427,42.3,28.85
3411729,42.3,28.85
3412031,42.3,28.86
3412333,42.3,28.86
3412635,42.3,28.87
3412937,42.3,28.87
3413239,42.3,28.87
3413541,42.3,28.88
3413843,42.3,28.87
3414145,42.3,28.87
3414447,42.3,28.88
3414749,42.3,28.89
3415051,43.3,28.90
3415353,42.3,28.91
3415655,42.3,28.92
3415957,42.3,28.92
3416259,42.3,28.92
3416561,42.3,28.93
3416863,42.3,28.93
3417165,42.3,28.94
3417467,42.3,28.94
3417769,42.3,28.95
3418071,42.3,28.96
3418373,42.3,28.96
3418675,42.3,28.97
3418977,42.3,28.97
3419279,42.3,28.98
3419581,42.3,28.98
3419883,42.3,28.99
3420185,42.3,28.99
3420487,42.3,28.99
3420789,43.3,29.00
3421091,42.3,29.01
3421393,42.3,29.01
3421695,42.3,29.02
3421997,43.3,29.01
3422299,43.3,29.02
3422601,43.3,29.02
3422903,43.3,29.03
3423205,43.3,29.04
3423507,43.3,29.05
3423809,43.3,29.08
3424111,43.3,29.10
3424413,43.3,29.11
3424715,43.3,29.14
3425017,42.3,29.15
3425319,42.3,29.16
3425621,42.3,29.16
3425923,42.3,29.17
3426225,42.3,29.17
3426527,42.3,29.17
3426829,42.3,29.18
3427131,42.3,29.18
3427433,42.3,29.19
3427735,42.3,29.19
3428037,43.3,29.20
3428339,42.3,29.21
3428641,42.3,29.21
3428943,42.3,29.22
3429245,42.3,29.22
3429547,42.3,29.22
3429849,42.3,29.22
3430151,42.3,29.23
3430453,42.3,29.22
3430755,42.3,29.22
3431057,42.3,29.23
3431359,42.3,29.23
3431661,42.3,29.24
3431963,42.3,29.24
3432265,42.3,29.25
3432567,42.3,29.26
3432869,42.3,29.26
3433171,42.3,29.27
3433473,42.3,29.28
3433775,42.3,29.29
3434077,42.3,29.30
3434379,42.3,29.32
3434681,42.3,29.32
3434983,43.3,29.33
3435285,42.3,29.34
3435587,42.3,29.35
3435889,42.3,29.36
3436191,42.3,29.36
3436493,42.3,29.38
3436795,42.3,29.38
3437097,42.3,29.40
3437399,42.3,29.40
3437701,42.3,29.41
3438003,42.3,29.42
3438305,43.3,29.43
3438607,42.3,29.44
3438909,42.3,29.45
3439211,42.3,29.46
3439513,42.3,29.47
3439815,42.3,29.47
3440117,42.3,29.48
3440419,42.3,29.50
3440721,42.3,29.51
3441023,42.3,29.52
3441325,42.3,29.52
3441627,42.3,29.53
3441929,43.3,29.54
3442231,42.3,29.55
3442533,42.3,29.55
3442835,42.3,29.56
3443137,42.3,29.57
3443439,42.3,29.58
3443741,42.3,29.58
3444043,42.3,29.59
3444345,42.3,29.60
3444647,42.3,29.61
3444949,42.3,29.61
3445251,42.3,29.62
3445553,42.3,29.62
3445855,42.3,29.63
3446157,42.3,29.63
3446459,42.3,29.64
3446761,42.3,29.65
3447063,42.3,29.66
3447365,42.3,29.66
3447667,41.3,29.66
3447969,42.3,29.68
3448271,42.3,29.68
3448573,42.3,29.69
3448875,42.3,29.69
3449177,42.3,29.70
3449479,42.3,29.70
3449781,42.3,29.71
3450083,42.3,29.71
3450385,42.3,29.71
3450687,42.3,29.72
3450989,41.3,29.73
3451291,41.3,29.73
3451593,42.3,29.73
3451895,42.3,29.74
3452197,42.3,29.75
3452499,42.3,29.75
3452801,42.3,29.75
3453103,42.3,29.76
3453405,42.3,29.76
3453707,43.3,29.76
3454009,43.3,29.77
3454311,43.3,29.77
3454613,42.3,29.78
3454915,42.3,29.78
3455217,42.3,29.78
3455519,42.3,29.78
3455821,42.3,29.78
3456123,42.3,29.78
3456425,42.3,29.78
3456727,42.3,29.79
3457029,42.3,29.80
3457331,42.3,29.80
3457633,42.3,29.80
3457935,42.3,29.81
3458237,42.3,29.82
3458539,42.3,29.82
3458841,42.3,29.82
3459143,42.3,29.82
3459445,42.3,29.82
3459747,42.3,29.82
3460049,42.3,29.82
3460351,42.3,29.82
3460653,42.3,29.83
3460955,42.3,29.83
3461257,42.3,29.85
3461559,42.3,29.84
3461861,42.3,29.85
3462163,42.3,29.85
3462465,42.3,29.86
3462767,42.3,29.86
3463069,42.3,29.87
3463371,42.3,29.87
3463673,42.3,29.87
3463975,42.3,29.87
3464277,42.3,29.88
3464579,42.3,29.88
3464881,42.3,29.88
3465183,42.3,29.89
3465485,42.3,29.89
3465787,42.3,29.90
3466089,42.3,29.90
3466391,43.3,29.91
3466693,43.3,29.91
3466995,42.3,29.91
3467297,42.3,29.92
3467599,41.3,29.92
3467901,42.3,29.93
3468203,42.3,29.93
3468505,42.3,29.93
3468807,42.3,29.94
3469109,42.3,29.94
3469411,42.3,29.94
3469713,42.3,29.95
3470015,43.3,29.96
3470317,43.3,29.96
3470619,43.3,29.96
3470921,43.3,29.97
3471223,42.3,29.97
3471525,42.3,29.98
3471827,42.3,29.98
3472129,42.3,29.99
3472431,42.3,29.99
3472733,42.3,30.00
3473035,42.3,30.00
3473337,42.3,30.01
3473639,42.3,30.01
3473941,42.3,30.02
3474243,42.3,30.02
3474545,42.3,30.03
3474847,42.3,30.03
3475149,42.3,30.04
3475451,42.3,30.04
3475753,42.3,30.04
3476055,42.3,30.05
3476357,42.3,30.05
3476659,43.3,30.06
3476961,42.3,30.06
3477263,42.3,30.05
3477565,42.3,30.06
3477867,42.3,30.06
3478169,42.3,30.06
3478471,42.3,30.07
3478773,42.3,30.07
3479075,42.3,30.08
3479377,42.3,30.08
3479679,42.3,30.09
3479981,42.3,30.09
3480283,42.3,30.10
3480585,42.3,30.10
3480887,42.3,30.11
3481189,42.3,30.11
3481491,42.3,30.12
3481793,42.3,30.12
3482095,42.3,30.12
3482397,42.3,30.13
3482699,42.3,30.13
3483001,42.3,30.14
3483303,42.3,30.15
3483605,42.3,30.14
3483907,42.3,30.16
3484209,42.3,30.16
3484511,42.3,30.17
3484813,42.3,30.17
3485115,42.3,30.17
3485417,42.3,30.18
3485719,42.3,30.18
3486021,41.3,30.19
3486323,41.3,30.19
3486625,42.3,30.20
3486927,42.3,30.20
3487229,42.3,30.18
3487531,42.3,30.17
3487833,42.3,30.17
3488135,42.3,30.18
3488437,42.3,30.18
3488739,42.3,30.19
3489041,42.3,30.20
3489343,42.3,30.21
3489645,42.3,30.21
3489947,42.3,30.22
3490249,42.3,30.22
3490551,42.3,30.22
3490853,41.3,30.22
3491155,42.3,30.22
3491457,42.3,30.23
3491759,42.3,30.23
3492061,42.3,30.23
3492363,42.3,30.25
3492665,42.3,30.25
3492967,42.3,30.26
3493269,42.3,30.26
3493571,42.3,30.26
3493873,42.3,30.27
3494175,42.3,30.28
3494477,42.3,30.28
3494779,42.3,30.28
3495081,42.3,30.29
3495383,42.3,30.29
3495685,42.3,30.30
3495987,42.3,30.30
3496289,42.3,30.31
3496591,42.3,30.31
3496893,42.3,30.31
3497195,42.3,30.32
3497497,42.3,30.33
3497799,42.3,30.33
3498101,42.3,30.34
3498403,42.3,30.34
3498705,42.3,30.34
3499007,42.3,30.35
3499309,42.3,30.35
3499611,42.3,30.36
3499913,43.3,30.36
3500215,43.3,30.37
3500517,42.3,30.37
3500819,42.3,30.38
3501121,42.3,30.38
3501423,42.3,30.39
3501725,42.3,30.39
3502027,42.3,30.40
3502329,42.3,30.40
3502631,42.3,30.40
3502933,42.3,30.41
3503235,42.3,30.41
3503537,42.3,30.41
3503839,42.3,30.43
3504141,42.3,30.43
3504443,41.3,30.43
3504745,42.3,30.45
3505047,42.3,30.45
3505349,42.3,30.45
3505651,42.3,30.46
3505953,42.3,30.46
3506255,42.3,30.47
3506557,42.3,30.47
3506859,42.3,30.48
3507161,43.3,30.48
3507463,42.3,30.49
3507765,42.3,30.49
3508067,42.3,30.49
3508369,43.3,30.50
3508671,42.3,30.50
3508973,42.3,30.51
3509275,42.3,30.51
3509577,42.3,30.52
3509879,42.3,30.52
3510181,42.3,30.52
3510483,42.3,30.52
3510785,43.3,30.53
3511087,43.3,30.53
3511389,43.3,30.54
3511691,43.3,30.54
3511993,43.3,30.55
3512295,43.3,30.55
3512597,42.3,30.55
3512899,42.3,30.55
3513201,42.3,30.56
3513503,42.3,30.56
3513805,42.3,30.56
3514107,42.3,30.56
3514409,43.3,30.57
3514711,42.3,30.57
3515013,42.3,30.57
3515315,42.3,30.58
3515617,42.3,30.58
3515919,42.3,30.59
3516221,42.3,30.58
3516523,42.3,30.59
3516825,43.3,30.59
3517127,43.3,30.60
3517429,42.3,30.60
3517731,42.3,30.60
3518033,42.3,30.60
3518335,43.3,30.61
3518637,43.3,30.61
3518939,43.3,30.61
3519241,43.3,30.61
3519543,43.3,30.61
3519845,43.3,30.62
3520147,43.3,30.62
3520449,43.3,30.62
3520751,43.3,30.62
3521053,43.3,30.61
3521355,43.3,30.61
3521657,42.3,30.62
3521959,42.3,30.62
3522261,42.3,30.62
3522563,42.3,30.63
3522865,43.3,30.63
3523167,43.3,30.64
3523469,42.3,30.64
3523771,42.3,30.63
3524073,43.3,30.64
3524375,42.3,30.64
3524677,42.3,30.64
3524979,42.3,30.65
3525281,42.3,30.64
3525583,42.3,30.65
3525885,42.3,30.65
3526187,43.3,30.65
3526489,43.3,30.65
3526791,43.3,30.66
3527093,43.3,30.66
3527395,42.3,30.65
3527697,43.3,30.65
3527999,43.3,30.65
3528301,42.3,30.65
3528603,42.3,30.66
3528905,43.3,30.66
3529207,43.3,30.65
3529509,42.3,30.65
3529811,42.3,30.66
3530113,43.3,30.66
3530415,43.3,30.67
3530717,43.3,30.67
3531019,42.3,30.67
3531321,42.3,30.68
3531623,42.3,30.68
3531925,42.3,30.69
3532227,42.3,30.69
3532529,42.3,30.70
3532831,42.3,30.69
3533133,42.3,30.70
3533435,42.3,30.70
3533737,43.3,30.70
3534039,42.3,30.70
3534341,43.3,30.70
3534643,43.3,30.71
3534945,43.3,30.70
3535247,43.3,30.71
3535549,43.3,30.71
3535851,43.3,30.71
3536153,43.3,30.71
3536455,43.3,30.71
3536757,43.3,30.72
3537059,42.3,30.72
3537361,43.3,30.72
3537663,42.3,30.72
3537965,42.3,30.72
3538267,42.3,30.73
3538569,42.3,30.72
3538871,42.3,30.73
3539173,42.3,30.72
3539475,42.3,30.72
3539777,42.3,30.72
3540079,42.3,30.72
3540381,42.3,30.72
3540683,42.3,30.73
3540985,42.3,30.74
3541287,42.3,30.74
3541589,42.3,30.74
3541891,43.3,30.74
3542193,43.3,30.74
3542495,43.3,30.74
3542797,42.3,30.74
3543099,42.3,30.73
3543401,42.3,30.73
3543703,42.3,30.73
3544005,42.3,30.72
3544307,43.3,30.72
3544609,43.3,30.72
3544911,43.3,30.72
3545213,43.3,30.73
3545515,43.3,30.73
3545817,43.3,30.73
3546119,42.3,30.73
3546421,43.3,30.73
3546723,42.3,30.74
3547025,42.3,30.74
3547327,42.3,30.74
3547629,42.3,30.74
3547931,42.3,30.74
3548233,42.3,30.74
3548535,42.3,30.75
3548837,42.3,30.75
3549139,42.3,30.75
3549441,43.3,30.76
3549743,42.3,30.76
3550045,42.3,30.76
3550347,43.3,30.76
3550649,43.3,30.76
3550951,42.3,30.76
3551253,42.3,30.76
3551555,43.3,30.76
3551857,43.3,30.76
3552159,43.3,30.76
3552461,43.3,30.76
3552763,43.3,30.76
3553065,43.3,30.76
3553367,43.3,30.76
3553669,43.3,30.75
3553971,43.3,30.75
3554273,43.3,30.75
3554575,43.3,30.75
3554877,42.3,30.74
3555179,42.3,30.74
3555481,43.3,30.74
3555783,42.3,30.75
3556085,42.3,30.74
3556387,42.3,30.75
3556689,43.3,30.75
3556991,43.3,30.76
3557293,43.3,30.76
3557595,43.3,30.76
3557897,43.3,30.76
3558199,43.3,30.77
3558501,43.3,30.77
3558803,43.3,30.77
3559105,43.3,30.77
3559407,43.3,30.77
3559709,43.3,30.77
3560011,43.3,30.78
3560313,43.3,30.78
3560615,43.3,30.78
3560917,43.3,30.79
3561219,43.3,30.79
3561521,43.3,30.79
3561823,43.3,30.80
3562125,43.3,30.80
3562427,43.3,30.81
3562729,43.3,30.80
3563031,42.3,30.81
3563333,42.3,30.81
3563635,42.3,30.80
3563937,42.3,30.81
3564239,42.3,30.81
3564541,43.3,30.81
3564843,43.3,30.82
3565145,43.3,30.82
3565447,43.3,30.81
3565749,43.3,30.82
3566051,43.3,30.81
3566353,43.3,30.81
3566655,43.3,30.82
3566957,43.3,30.81
3567259,43.3,30.82
3567561,43.3,30.82
3567863,43.3,30.82
3568165,43.3,30.82
3568467,43.3,30.83
3568769,43.3,30.83
3569071,43.3,30.83
3569373,43.3,30.84
3569675,43.3,30.84
3569977,43.3,30.84
3570279,43.3,30.84
3570581,43.3,30.84
3570883,43.3,30.84
3571185,43.3,30.84
3571487,43.3,30.85
3571789,43.3,30.85
3572091,42.3,30.85
3572393,43.3,30.85
3572695,43.3,30.85
3572997,43.3,30.85
3573299,42.3,30.86
3573601,43.3,30.86
3573903,43.3,30.86
3574205,43.3,30.86
3574507,43.3,30.86
3574809,43.3,30.86
3575111,43.3,30.86
3575413,43.3,30.87
3575715,43.3,30.87
3576017,43.3,30.87
3576319,43.3,30.88
3576621,43.3,30.88
3576923,43.3,30.88
3577225,43.3,30.88
3577527,43.3,30.88
3577829,43.3,30.88
3578131,43.3,30.89
3578433,43.3,30.89
3578735,43.3,30.89
3579037,43.3,30.89
3579339,43.3,30.90
3579641,43.3,30.89
3579943,43.3,30.90
3580245,43.3,30.90
3580547,43.3,30.90
3580849,43.3,30.90
3581151,43.3,30.90
3581453,42.3,30.90
3581755,42.3,30.90
3582057,43.3,30.89
3582359,43.3,30.88
3582661,43.3,30.88
3582963,43.3,30.88
3583265,43.3,30.88
3583567,43.3,30.88
3583869,43.3,30.89
3584171,43.3,30.89
3584473,43.3,30.88
3584775,43.3,30.89
3585077,43.3,30.89
3585379,43.3,30.90
3585681,42.3,30.90
3585983,43.3,30.90
3586285,43.3,30.90
3586587,43.3,30.91
3586889,43.3,30.91
3587191,43.3,30.91
3587493,43.3,30.91
3587795,43.3,30.91
3588097,44.3,30.92
3588399,43.3,30.91
3588701,43.3,30.92
3589003,43.3,30.92
3589305,43.3,30.92
3589607,43.3,30.92
3589909,43.3,30.92
3590211,43.3,30.92
3590513,43.3,30.92
3590815,43.3,30.93
3591117,42.3,30.93
3591419,42.3,30.93
3591721,42.3,30.93
3592023,43.3,30.92
3592325,43.3,30.93
3592627,43.3,30.92
3592929,42.3,30.91
3593231,43.3,30.91
3593533,43.3,30.91
3593835,43.3,30.91
3594137,43.3,30.91
3594439,43.3,30.90
3594741,43.3,30.90
3595043,43.3,30.91
3595345,43.3,30.91
3595647,43.3,30.91
3595949,43.3,30.91
3596251,43.3,30.91
3596553,43.3,30.91
3596855,43.3,30.92
3597157,43.3,30.91
3597459,43.3,30.92
3597761,43.3,30.92
3598063,43.3,30.92
3598365,43.3,30.92
3598667,43.3,30.92
3598969,42.3,30.91
3599271,42.3,30.91
3599573,43.3,30.91
3599875,42.3,30.91
3600177,43.3,30.91
3600479,43.3,30.92
3600781,43.3,30.92
3601083,43.3,30.92
3601385,43.3,30.92
3601687,43.3,30.92
3601989,43.3,30.92
3602291,43.3,30.91
3602593,43.3,30.91
3602895,43.3,30.91
3603197,43.3,30.91
3603499,43.3,30.90
3603801,43.3,30.90
3604103,43.3,30.90
3604405,43.3,30.91
3604707,43.3,30.90
3605009,43.3,30.91
3605311,43.3,30.91
3605613,43.3,30.92
3605915,43.3,30.92
3606217,43.3,30.92
3606519,43.3,30.92
3606821,43.3,30.92
3607123,43.3,30.92
3607425,43.3,30.92
3607727,43.3,30.92
3608029,43.3,30.92
3608331,43.3,30.92
3608633,43.3,30.92
3608935,43.3,30.93
3609237,43.3,30.92
3609539,42.3,30.93
3609841,42.3,30.93
3610143,43.3,30.93
3610445,43.3,30.94
3610747,43.3,30.93
3611049,43.3,30.93
3611351,43.3,30.93
3611653,43.3,30.92
3611955,43.3,30.92
3612257,43.3,30.92
3612559,43.3,30.93
3612861,43.3,30.93
3613163,43.3,30.93
3613465,43.3,30.93
3613767,43.3,30.92
3614069,43.3,30.93
3614371,43.3,30.93
3614673,43.3,30.93
3614975,43.3,30.93
3615277,43.3,30.92
3615579,43.3,30.92
3615881,43.3,30.92
3616183,43.3,30.92
3616485,43.3,30.91
3616787,43.3,30.91
3617089,43.3,30.91
3617391,43.3,30.91
3617693,43.3,30.90
3617995,43.3,30.90
3618297,43.3,30.90
3618599,43.3,30.90
3618901,43.3,30.90
3619203,43.3,30.91
3619505,43.3,30.91
3619807,43.3,30.91
3620109,43.3,30.91
3620411,43.3,30.91
3620713,43.3,30.91
3621015,43.3,30.90
3621317,43.3,30.90
3621619,43.3,30.90
3621921,43.3,30.89
3622223,43.3,30.89
3622525,43.3,30.89
3622827,43.3,30.89
3623129,43.3,30.89
3623431,43.3,30.89
3623733,43.3,30.89
3624035,43.3,30.90
3624337,43.3,30.89
3624639,43.3,30.89
3624941,43.3,30.89
3625243,43.3,30.89
3625545,43.3,30.89
3625847,43.3,30.89
3626149,43.3,30.89
3626451,43.3,30.90
3626753,43.3,30.90
3627055,43.3,30.90
3627357,43.3,30.90
3627659,43.3,30.91
3627961,43.3,30.90
3628263,43.3,30.91
3628565,43.3,30.90
3628867,43.3,30.90
3629169,43.3,30.91
3629471,43.3,30.91
3629773,43.3,30.91
3630075,43.3,30.91
3630377,43.3,30.91
3630679,43.3,30.92
3630981,43.3,30.92
3631283,43.3,30.92
3631585,43.3,30.92
3631887,43.3,30.92
3632189,43.3,30.92
3632491,43.3,30.92
3632793,42.3,30.92
3633095,43.3,30.92
3633397,43.3,30.92
3633699,43.3,30.93
3634001,43.3,30.92
3634303,43.3,30.93
3634605,43.3,30.93
3634907,43.3,30.93
3635209,43.3,30.94
3635511,43.3,30.94
3635813,43.3,30.94
3636115,43.3,30.94
3636417,43.3,30.94
3636719,43.3,30.93
3637021,43.3,30.93
3637323,42.3,30.93
3637625,43.3,30.93
3637927,42.3,30.93
3638229,42.3,30.93
3638531,42.3,30.92
3638833,43.3,30.93
3639135,43.3,30.92
3639437,43.3,30.92
3639739,43.3,30.92
3640041,43.3,30.92
3640343,43.3,30.92
3640645,42.3,30.91
3640947,42.3,30.91
3641249,42.3,30.91
3641551,43.3,30.91
3641853,43.3,30.91
3642155,43.3,30.91
3642457,43.3,30.91
3642759,43.3,30.92
3643061,43.3,30.92
3643363,43.3,30.92
3643665,43.3,30.92
3643967,43.3,30.92
3644269,43.3,30.92
3644571,43.3,30.92
3644873,43.3,30.91
3645175,43.3,30.92
3645477,43.3,30.92
3645779,43.3,30.92
3646081,43.3,30.92
3646383,43.3,30.92
3646685,43.3,30.92
3646987,43.3,30.92
3647289,43.3,30.91
3647591,43.3,30.92
3647893,43.3,30.91
3648195,43.3,30.92
3648497,43.3,30.91
3648799,43.3,30.91
3649101,43.3,30.91
3649403,43.3,30.91
3649705,43.3,30.91
3650007,43.3,30.91
3650309,43.3,30.91
3650611,43.3,30.91
3650913,43.3,30.91
3651215,43.3,30.91
3651517,43.3,30.91
3651819,43.3,30.90
3652121,43.3,30.90
3652423,43.3,30.90
3652725,43.3,30.90
3653027,44.3,30.90
3653329,43.3,30.89
3653631,43.3,30.89
3653933,43.3,30.89
3654235,43.3,30.89
3654537,43.3,30.89
3654839,43.3,30.89
3655141,43.3,30.89
3655443,43.3,30.88
3655745,43.3,30.89
3656047,43.3,30.89
3656349,43.3,30.89
3656651,43.3,30.89
3656953,43.3,30.89
3657255,43.3,30.90
3657557,43.3,30.90
3657859,43.3,30.90
3658161,43.3,30.90
3658463,43.3,30.90
3658765,43.3,30.90
3659067,43.3,30.91
3659369,43.3,30.91
3659671,43.3,30.91
3659973,43.3,30.90
3660275,43.3,30.91
3660577,43.3,30.91
3660879,43.3,30.90
3661181,43.3,30.91
3661483,43.3,30.91
3661785,43.3,30.91
3662087,43.3,30.91
3662389,43.3,30.91
3662691,43.3,30.91
3662993,43.3,30.91
3663295,43.3,30.91
3663597,43.3,30.91
3663899,43.3,30.91
3664201,43.3,30.91
3664503,43.3,30.91
3664805,43.3,30.91
3665107,43.3,30.91
3665409,43.3,30.91
3665711,43.3,30.92
3666013,43.3,30.92
3666315,43.3,30.92
3666617,43.3,30.92
3666919,43.3,30.92
3667221,43.3,30.92
3667523,43.3,30.92
3667825,43.3,30.93
3668127,43.3,30.93
3668429,43.3,30.93
3668731,43.3,30.93
3669033,43.3,30.93
3669335,43.3,30.94
3669637,43.3,30.94
3669939,43.3,30.94
3670241,43.3,30.94
3670543,43.3,30.94
3670845,42.3,30.94
3671147,42.3,30.93
3671449,42.3,30.93
3671751,43.3,30.93
3672053,43.3,30.93
3672355,43.3,30.93
3672657,43.3,30.93
3672959,43.3,30.93
3673261,43.3,30.93
3673563,43.3,30.93
3673865,43.3,30.93
3674167,43.3,30.93
3674469,43.3,30.94
3674771,43.3,30.93
3675073,44.3,30.94
3675375,43.3,30.94
3675677,43.3,30.94
3675979,43.3,30.94
3676281,43.3,30.95
3676583,43.3,30.95
3676885,43.3,30.94
3677187,43.3,30.94
3677489,43.3,30.95
3677791,43.3,30.95
3678093,43.3,30.95
3678395,43.3,30.95
3678697,43.3,30.95
3678999,43.3,30.96
3679301,43.3,30.96
3679603,43.3,30.95
3679905,43.3,30.95
3680207,43.3,30.94
3680509,43.3,30.94
3680811,43.3,30.94
3681113,43.3,30.93
3681415,43.3,30.93
3681717,43.3,30.93
3682019,43.3,30.94
3682321,43.3,30.94
3682623,43.3,30.94
3682925,43.3,30.94
3683227,43.3,30.95
3683529,43.3,30.94
3683831,43.3,30.94
3684133,43.3,30.94
3684435,43.3,30.94
3684737,43.3,30.94
3685039,43.3,30.94
3685341,43.3,30.93
3685643,43.3,30.93
3685945,43.3,30.93
3686247,43.3,30.93
3686549,43.3,30.93
3686851,43.3,30.93
3687153,43.3,30.93
3687455,43.3,30.93
3687757,43.3,30.94
3688059,43.3,30.94
3688361,43.3,30.94
3688663,43.3,30.94
3688965,43.3,30.94
3689267,43.3,30.94
3689569,42.3,30.93
3689871,43.3,30.94
3690173,42.3,30.94
3690475,43.3,30.94
3690777,43.3,30.94
3691079,43.3,30.94
3691381,43.3,30.94
3691683,43.3,30.94
3691985,43.3,30.94
3692287,43.3,30.94
3692589,43.3,30.94
3692891,43.3,30.94
3693193,43.3,30.94
3693495,43.3,30.94
3693797,43.3,30.93
3694099,43.3,30.93
3694401,43.3,30.93
3694703,43.3,30.93
3695005,43.3,30.93
3695307,43.3,30.93
3695609,43.3,30.94
3695911,43.3,30.94
3696213,43.3,30.94
3696515,43.3,30.95
3696817,43.3,30.94
3697119,43.3,30.95
3697421,43.3,30.95
3697723,43.3,30.95
3698025,43.3,30.95
3698327,43.3,30.96
3698629,43.3,30.95
3698931,43.3,30.96
3699233,43.3,30.96
3699535,43.3,30.96
3699837,43.3,30.96
3700139,43.3,30.96
3700441,43.3,30.97
3700743,43.3,30.97
3701045,43.3,30.97
3701347,43.3,30.97
3701649,43.3,30.97
3701951,43.3,30.97
3702253,44.3,30.97
3702555,43.3,30.97
3702857,43.3,30.98
3703159,43.3,30.97
3703461,43.3,30.97
3703763,43.3,30.98
3704065,43.3,30.98
3704367,43.3,30.98
3704669,43.3,30.98
3704971,43.3,30.98
3705273,43.3,30.97
3705575,43.3,30.98
3705877,43.3,30.97
3706179,43.3,30.97
3706481,43.3,30.97
3706783,43.3,30.97
3707085,43.3,30.97
3707387,43.3,30.97
3707689,44.3,30.97
3707991,43.3,30.97
3708293,43.3,30.97
3708595,43.3,30.97
3708897,43.3,30.97
3709199,43.3,30.97
3709501,43.3,30.98
3709803,43.3,30.98
3710105,43.3,30.97
3710407,43.3,30.98
3710709,43.3,30.98
3711011,43.3,30.98
3711313,43.3,30.98
3711615,43.3,30.98
3711917,43.3,30.98
3712219,43.3,30.98
3712521,43.3,30.98
3712823,43.3,30.98
3713125,43.3,30.99
3713427,43.3,30.98
3713729,43.3,30.98
3714031,43.3,30.98
3714333,43.3,30.98
3714635,43.3,30.98
3714937,43.3,30.98
3715239,43.3,30.98
3715541,43.3,30.98
3715843,43.3,30.98
3716145,42.3,30.98
3716447,42.3,30.98
3716749,42.3,30.98
3717051,43.3,30.98
3717353,43.3,30.98
3717655,43.3,30.98
3717957,43.3,30.98
3718259,43.3,30.98
3718561,43.3,30.98
3718863,43.3,30.99
3719165,43.3,30.98
3719467,43.3,30.99
3719769,44.3,30.99
3720071,44.3,30.99
3720373,44.3,30.99
3720675,43.3,30.99
3720977,43.3,31.00
3721279,43.3,30.99
3721581,44.3,31.00
3721883,43.3,31.00
3722185,43.3,31.00
3722487,43.3,31.00
3722789,43.3,31.00
3723091,43.3,31.00
3723393,44.3,31.00
3723695,43.3,31.00
3723997,43.3,30.99
3724299,43.3,30.99
3724601,43.3,30.99
3724903,43.3,30.99
3725205,43.3,30.99
3725507,43.3,30.99
3725809,43.3,30.99
3726111,43.3,30.99
3726413,43.3,30.99
3726715,43.3,30.99
3727017,43.3,30.99
3727319,43.3,30.99
3727621,43.3,30.98
3727923,43.3,30.98
3728225,43.3,30.98
3728527,43.3,30.98
3728829,43.3,30.97
3729131,43.3,30.97
3729433,43.3,30.97
3729735,43.3,30.97
3730037,43.3,30.97
3730339,43.3,30.97
3730641,43.3,30.97
3730943,43.3,30.97
3731245,43.3,30.97
3731547,43.3,30.97
3731849,43.3,30.97
3732151,43.3,30.97
3732453,43.3,30.97
3732755,44.3,30.97
3733057,43.3,30.97
3733359,43.3,30.97
3733661,43.3,30.97
3733963,43.3,30.97
3734265,43.3,30.97
3734567,43.3,30.97
3734869,43.3,30.97
3735171,43.3,30.97
3735473,43.3,30.98
3735775,43.3,30.97
3736077,43.3,30.97
3736379,43.3,30.97
3736681,43.3,30.97
3736983,43.3,30.97
3737285,43.3,30.97
3737587,43.3,30.97
3737889,43.3,30.97
3738191,43.3,30.98
3738493,43.3,30.98
3738795,43.3,30.98
3739097,43.3,30.98
3739399,43.3,30.98
3739701,43.3,30.98
3740003,43.3,30.99
3740305,43.3,30.99
3740607,43.3,30.99
3740909,43.3,30.99
3741211,43.3,31.00
3741513,43.3,31.00
3741815,43.3,31.00
3742117,43.3,31.00
3742419,43.3,31.00
3742721,43.3,31.00
3743023,43.3,31.01
3743325,43.3,31.01
3743627,43.3,31.01
3743929,43.3,31.01
3744231,43.3,31.01
3744533,43.3,31.01
3744835,43.3,31.01
3745137,43.3,31.01
3745439,43.3,31.01
3745741,44.3,31.01
3746043,43.3,31.01
3746345,43.3,31.01
3746647,43.3,31.01
3746949,43.3,31.01
3747251,43.3,31.01
3747553,43.3,31.01
3747855,42.3,31.01
3748157,43.3,31.01
3748459,43.3,31.01
3748761,43.3,31.00
3749063,44.3,31.00
3749365,44.3,31.01
3749667,43.3,31.00
3749969,44.3,31.01
3750271,44.3,31.01
3750573,43.3,31.01
3750875,43.3,31.01
3751177,43.3,31.01
3751479,43.3,31.01
3751781,43.3,31.01
3752083,43.3,31.02
3752385,42.3,31.01
3752687,43.3,31.02
3752989,43.3,31.01
3753291,43.3,31.02
3753593,43.3,31.02
3753895,43.3,31.02
3754197,43.3,31.02
3754499,43.3,31.03
3754801,43.3,31.02
3755103,42.3,31.03
3755405,43.3,31.03
3755707,43.3,31.03
3756009,43.3,31.03
3756311,43.3,31.03
3756613,43.3,31.03
3756915,43.3,31.03
3757217,43.3,31.04
3757519,43.3,31.04
3757821,43.3,31.04
3758123,43.3,31.05
3758425,43.3,31.04
3758727,43.3,31.04
3759029,43.3,31.05
3759331,43.3,31.05
3759633,43.3,31.05
3759935,43.3,31.05
3760237,43.3,31.05
3760539,43.3,31.05
3760841,43.3,31.05
3761143,43.3,31.05
3761445,43.3,31.06
3761747,43.3,31.06
3762049,43.3,31.06
3762351,43.3,31.05
3762653,43.3,31.06
3762955,43.3,31.05
3763257,43.3,31.05
3763559,43.3,31.05
3763861,43.3,31.05
3764163,43.3,31.05
3764465,43.3,31.06
3764767,43.3,31.05
3765069,43.3,31.06
3765371,43.3,31.06
3765673,43.3,31.06
3765975,43.3,31.06
3766277,43.3,31.06
3766579,43.3,31.06
3766881,43.3,31.05
3767183,43.3,31.05
3767485,43.3,31.05
3767787,43.3,31.05
3768089,43.3,31.05
3768391,43.3,31.05
3768693,43.3,31.05
3768995,43.3,31.05
3769297,43.3,31.05
3769599,43.3,31.05
3769901,44.3,31.06
3770203,43.3,31.06
3770505,43.3,31.06
3770807,43.3,31.07
3771109,43.3,31.07
3771411,43.3,31.07
3771713,43.3,31.07
3772015,43.3,31.08
3772317,43.3,31.07
3772619,43.3,31.08
3772921,43.3,31.08
3773223,44.3,31.08
3773525,43.3,31.09
3773827,43.3,31.09
3774129,43.3,31.08
3774431,43.3,31.09
3774733,43.3,31.09
3775035,43.3,31.09
3775337,43.3,31.09
3775639,43.3,31.09
3775941,43.3,31.09
3776243,43.3,31.09
3776545,43.3,31.10
3776847,43.3,31.09
3777149,43.3,31.10
3777451,43.3,31.10
3777753,43.3,31.09
3778055,43.3,31.09
3778357,43.3,31.08
3778659,43.3,31.08
3778961,43.3,31.08
3779263,43.3,31.08
3779565,42.3,31.07
3779867,42.3,31.08
3780169,42.3,31.08
3780471,43.3,31.09
3780773,43.3,31.09
3781075,43.3,31.09
3781377,43.3,31.09
3781679,43.3,31.09
3781981,43.3,31.09
3782283,43.3,31.09
3782585,43.3,31.09
3782887,43.3,31.10
3783189,43.3,31.10
3783491,43.3,31.10
3783793,44.3,31.10
3784095,43.3,31.10
3784397,43.3,31.10
3784699,43.3,31.10
3785001,43.3,31.10
3785303,43.3,31.10
3785605,43.3,31.10
3785907,43.3,31.10
3786209,43.3,31.10
3786511,43.3,31.10
3786813,43.3,31.10
3787115,43.3,31.10
3787417,43.3,31.10
3787719,43.3,31.10
3788021,43.3,31.10
3788323,43.3,31.10
3788625,43.3,31.10
3788927,43.3,31.10
3789229,43.3,31.10
3789531,43.3,31.11
3789833,43.3,31.11
3790135,43.3,31.11
3790437,43.3,31.11
3790739,43.3,31.11
3791041,43.3,31.11
3791343,43.3,31.11
3791645,43.3,31.11
3791947,43.3,31.11
3792249,43.3,31.11
3792551,43.3,31.11
3792853,43.3,31.11
3793155,43.3,31.11
3793457,43.3,31.11
3793759,43.3,31.11
3794061,43.3,31.10
3794363,43.3,31.11
3794665,44.3,31.10
3794967,44.3,31.11
3795269,44.3,31.11
3795571,44.3,31.11
3795873,44.3,31.11
3796175,43.3,31.11
3796477,43.3,31.10
3796779,43.3,31.11
3797081,43.3,31.10
3797383,43.3,31.10
3797685,43.3,31.10
3797987,43.3,31.10
3798289,43.3,31.11
3798591,43.3,31.10
3798893,43.3,31.11
3799195,43.3,31.11
3799497,43.3,31.11
3799799,43.3,31.11
3800101,43.3,31.11
3800403,43.3,31.11
3800705,43.3,31.12
3801007,43.3,31.12
3801309,43.3,31.12
3801611,43.3,31.12
3801913,43.3,31.12
3802215,43.3,31.12
3802517,43.3,31.12
3802819,43.3,31.13
3803121,44.3,31.13
3803423,44.3,31.13
3803725,43.3,31.13
3804027,43.3,31.13
3804329,43.3,31.13
3804631,43.3,31.14
3804933,43.3,31.14
3805235,43.3,31.14
3805537,43.3,31.14
3805839,43.3,31.14
3806141,43.3,31.15
3806443,43.3,31.14
3806745,43.3,31.15
3807047,43.3,31.14
3807349,43.3,31.15
3807651,43.3,31.15
3807953,44.3,31.15
3808255,44.3,31.15
3808557,44.3,31.15
3808859,43.3,31.15
3809161,44.3,31.15
3809463,43.3,31.15
3809765,44.3,31.15
3810067,43.3,31.16
3810369,43.3,31.16
3810671,43.3,31.16
3810973,43.3,31.16
3811275,43.3,31.16
3811577,43.3,31.16
3811879,43.3,31.16
3812181,43.3,31.16
3812483,43.3,31.16
3812785,43.3,31.16
3813087,43.3,31.16
3813389,43.3,31.16
3813691,43.3,31.16
3813993,43.3,31.17
3814295,43.3,31.17
3814597,43.3,31.17
3814899,43.3,31.17
3815201,43.3,31.16
3815503,43.3,31.16
3815805,43.3,31.17
3816107,43.3,31.17
3816409,43.3,31.17
3816711,43.3,31.17
3817013,43.3,31.17
3817315,44.3,31.17
3817617,43.3,31.18
3817919,44.3,31.18
3818221,44.3,31.18
3818523,44.3,31.18
3818825,44.3,31.18
3819127,43.3,31.19
3819429,43.3,31.18
3819731,43.3,31.18
3820033,43.3,31.19
3820335,43.3,31.18
3820637,44.3,31.18
3820939,43.3,31.18
3821241,43.3,31.19
3821543,43.3,31.19
3821845,43.3,31.19
3822147,43.3,31.19
3822449,43.3,31.20
3822751,43.3,31.19
3823053,43.3,31.20
3823355,43.3,31.20
3823657,43.3,31.20
3823959,43.3,31.21
3824261,43.3,31.21
3824563,43.3,31.21
3824865,43.3,31.21
3825167,43.3,31.21
3825469,43.3,31.21
3825771,43.3,31.22
3826073,43.3,31.22
3826375,44.3,31.22
3826677,44.3,31.22
3826979,44.3,31.22
3827281,43.3,31.23
3827583,43.3,31.23
3827885,43.3,31.24
3828187,43.3,31.24
3828489,43.3,31.24
3828791,43.3,31.25
3829093,43.3,31.25
3829395,43.3,31.25
3829697,43.3,31.25
3829999,44.3,31.25
3830301,44.3,31.25
3830603,44.3,31.26
3830905,44.3,31.26
3831207,44.3,31.26
3831509,44.3,31.27
3831811,43.3,31.27
3832113,43.3,31.27
3832415,44.3,31.27
3832717,43.3,31.27
3833019,44.3,31.27
3833321,44.3,31.28
3833623,44.3,31.28
3833925,43.3,31.28
3834227,43.3,31.28
3834529,43.3,31.28
3834831,43.3,31.28
3835133,43.3,31.28
3835435,43.3,31.28
3835737,43.3,31.29
3836039,43.3,31.29
3836341,43.3,31.29
3836643,43.3,31.29
3836945,43.3,31.29
3837247,43.3,31.29
3837549,44.3,31.29
3837851,43.3,31.29
3838153,44.3,31.29
3838455,43.3,31.29
3838757,43.3,31.29
3839059,44.3,31.29
3839361,44.3,31.30
3839663,44.3,31.30
3839965,44.3,31.30
3840267,44.3,31.30
3840569,44.3,31.30
3840871,44.3,31.30
3841173,44.3,31.30
3841475,44.3,31.30
3841777,43.3,31.30
3842079,43.3,31.30
3842381,43.3,31.29
3842683,43.3,31.30
3842985,44.3,31.30
3843287,44.3,31.30
3843589,43.3,31.30
3843891,43.3,31.30
3844193,43.3,31.30
3844495,43.3,31.29
3844797,43.3,31.29
3845099,43.3,31.29
3845401,44.3,31.28
3845703,44.3,31.28
3846005,44.3,31.29
3846307,43.3,31.29
3846609,43.3,31.29
3846911,44.3,31.30
3847213,44.3,31.30
3847515,44.3,31.30
3847817,44.3,31.30
3848119,44.3,31.30
3848421,43.3,31.30
3848723,44.3,31.31
3849025,44.3,31.31
3849327,44.3,31.31
3849629,44.3,31.31
3849931,44.3,31.31
3850233,43.3,31.31
3850535,44.3,31.30
3850837,44.3,31.30
3851139,44.3,31.30
3851441,44.3,31.30
3851743,44.3,31.30
3852045,44.3,31.30
3852347,43.3,31.30
3852649,44.3,31.30
3852951,44.3,31.30
3853253,44.3,31.30
3853555,43.3,31.30
3853857,43.3,31.30
3854159,43.3,31.30
3854461,43.3,31.30
3854763,43.3,31.30
3855065,43.3,31.31
3855367,43.3,31.31
3855669,43.3,31.31
3855971,43.3,31.32
3856273,44.3,31.32
3856575,44.3,31.32
3856877,44.3,31.32
3857179,44.3,31.32
3857481,44.3,31.32
3857783,44.3,31.32
3858085,44.3,31.32
3858387,44.3,31.32
3858689,44.3,31.32
3858991,44.3,31.32
3859293,44.3,31.32
3859595,44.3,31.32
3859897,43.3,31.32
3860199,43.3,31.33
3860501,43.3,31.32
3860803,43.3,31.32
3861105,43.3,31.33
3861407,43.3,31.33
3861709,43.3,31.32
3862011,43.3,31.33
3862313,43.3,31.33
3862615,44.3,31.32
3862917,43.3,31.32
3863219,43.3,31.32
3863521,43.3,31.32
3863823,43.3,31.32
3864125,43.3,31.32
3864427,44.3,31.32
3864729,44.3,31.32
3865031,44.3,31.32
3865333,44.3,31.32
3865635,43.3,31.32
3865937,43.3,31.32
3866239,43.3,31.32
3866541,43.3,31.32
3866843,43.3,31.32
3867145,43.3,31.32
3867447,43.3,31.32
3867749,43.3,31.32
3868051,43.3,31.32
3868353,43.3,31.32
3868655,44.3,31.32
3868957,44.3,31.32
3869259,44.3,31.32
3869561,43.3,31.32
3869863,43.3,31.31
3870165,43.3,31.31
3870467,43.3,31.32
3870769,43.3,31.31
3871071,44.3,31.31
3871373,44.3,31.31
3871675,43.3,31.31
3871977,44.3,31.31
3872279,44.3,31.31
3872581,43.3,31.32
3872883,43.3,31.31
3873185,44.3,31.31
3873487,43.3,31.31
3873789,43.3,31.31
3874091,44.3,31.31
3874393,43.3,31.31
3874695,43.3,31.31
3874997,43.3,31.31
3875299,43.3,31.32
3875601,43.3,31.32
3875903,43.3,31.31
3876205,43.3,31.31
3876507,43.3,31.32
3876809,43.3,31.31
3877111,44.3,31.31
3877413,44.3,31.31
3877715,44.3,31.31
3878017,44.3,31.31
3878319,44.3,31.30
3878621,44.3,31.30
3878923,44.3,31.29
3879225,43.3,31.30
3879527,44.3,31.29
3879829,44.3,31.29
3880131,44.3,31.29
3880433,44.3,31.29
3880735,44.3,31.29
3881037,44.3,31.29
3881339,44.3,31.29
3881641,44.3,31.29
3881943,43.3,31.29
3882245,43.3,31.30
3882547,43.3,31.30
3882849,43.3,31.30
3883151,44.3,31.30
3883453,43.3,31.30
3883755,44.3,31.30
3884057,44.3,31.30
3884359,44.3,31.30
3884661,43.3,31.30
3884963,44.3,31.31
3885265,43.3,31.31
3885567,44.3,31.31
3885869,44.3,31.31
3886171,44.3,31.32
3886473,44.3,31.32
3886775,44.3,31.32
3887077,44.3,31.32
3887379,44.3,31.32
3887681,43.3,31.32
3887983,43.3,31.32
3888285,44.3,31.32
3888587,43.3,31.32
3888889,44.3,31.32
3889191,44.3,31.32
3889493,43.3,31.33
3889795,44.3,31.32
3890097,44.3,31.33
3890399,44.3,31.33
3890701,44.3,31.34
3891003,44.3,31.34
3891305,44.3,31.33
3891607,44.3,31.34
3891909,44.3,31.33
3892211,44.3,31.34
3892513,44.3,31.34
3892815,43.3,31.33
3893117,43.3,31.34
3893419,43.3,31.33
3893721,43.3,31.34
3894023,43.3,31.34
3894325,44.3,31.34
3894627,44.3,31.34
3894929,43.3,31.34
3895231,43.3,31.34
3895533,43.3,31.35
3895835,44.3,31.35
3896137,44.3,31.35
3896439,44.3,31.35
3896741,43.3,31.35
3897043,43.3,31.35
3897345,43.3,31.36
3897647,43.3,31.36
3897949,43.3,31.36
3898251,43.3,31.36
3898553,43.3,31.36
3898855,44.3,31.35
3899157,44.3,31.36
3899459,44.3,31.36
3899761,44.3,31.36
3900063,44.3,31.36
3900365,44.3,31.35
3900667,44.3,31.36
3900969,44.3,31.36
3901271,44.3,31.36
3901573,44.3,31.36
3901875,44.3,31.36
3902177,44.3,31.35
3902479,44.3,31.35
3902781,44.3,31.35
3903083,44.3,31.35
3903385,44.3,31.35
3903687,44.3,31.35
3903989,44.3,31.35
3904291,44.3,31.34
3904593,43.3,31.34
3904895,43.3,31.34
3905197,43.3,31.33
3905499,44.3,31.33
3905801,43.3,31.33
3906103,43.3,31.33
3906405,44.3,31.33
3906707,43.3,31.33
3907009,44.3,31.33
3907311,43.3,31.34
3907613,43.3,31.34
3907915,44.3,31.34
3908217,44.3,31.35
3908519,44.3,31.35
3908821,44.3,31.35
3909123,44.3,31.35
3909425,44.3,31.36
3909727,43.3,31.36
3910029,43.3,31.36
3910331,43.3,31.36
3910633,43.3,31.36
3910935,43.3,31.37
3911237,43.3,31.36
3911539,43.3,31.36
3911841,43.3,31.36
3912143,43.3,31.36
3912445,43.3,31.36
3912747,43.3,31.36
3913049,43.3,31.35
3913351,43.3,31.35
3913653,43.3,31.35
3913955,43.3,31.34
3914257,43.3,31.34
3914559,43.3,31.35
3914861,43.3,31.35
3915163,43.3,31.34
3915465,44.3,31.35
3915767,44.3,31.34
3916069,44.3,31.34
3916371,44.3,31.34
3916673,44.3,31.34
3916975,44.3,31.34
3917277,44.3,31.34
3917579,44.3,31.34
3917881,44.3,31.34
3918183,43.3,31.34
3918485,43.3,31.34
3918787,43.3,31.34
3919089,43.3,31.34
3919391,43.3,31.34
3919693,43.3,31.34
3919995,44.3,31.34
3920297,44.3,31.34
3920599,44.3,31.34
3920901,44.3,31.34
3921203,44.3,31.34
3921505,44.3,31.34
3921807,44.3,31.34
3922109,44.3,31.35
3922411,44.3,31.35
3922713,44.3,31.35
3923015,43.3,31.35
3923317,43.3,31.35
3923619,43.3,31.36
3923921,43.3,31.36
3924223,43.3,31.36
3924525,43.3,31.36
3924827,44.3,31.37
3925129,44.3,31.36
3925431,44.3,31.37
3925733,44.3,31.37
3926035,44.3,31.37
3926337,44.3,31.37
3926639,44.3,31.37
3926941,44.3,31.37
3927243,44.3,31.37
3927545,44.3,31.38
3927847,44.3,31.38
3928149,44.3,31.38
3928451,43.3,31.38
3928753,43.3,31.38
3929055,43.3,31.38
3929357,43.3,31.38
3929659,43.3,31.39
3929961,43.3,31.39
3930263,44.3,31.39
3930565,44.3,31.39
3930867,44.3,31.39
3931169,44.3,31.39
3931471,44.3,31.39
3931773,44.3,31.39
3932075,43.3,31.39
3932377,43.3,31.39
3932679,44.3,31.40
3932981,44.3,31.40
3933283,44.3,31.40
3933585,44.3,31.40
3933887,43.3,31.40
3934189,44.3,31.41
3934491,44.3,31.41
3934793,44.3,31.41
3935095,44.3,31.41
3935397,43.3,31.41
3935699,44.3,31.41
3936001,43.3,31.42
3936303,43.3,31.41
3936605,44.3,31.41
3936907,44.3,31.41
3937209,44.3,31.42
3937511,44.3,31.42
3937813,44.3,31.42
3938115,43.3,31.41
3938417,43.3,31.41
3938719,43.3,31.41
3939021,43.3,31.41
3939323,44.3,31.41
3939625,43.3,31.41
3939927,44.3,31.41
3940229,44.3,31.41
3940531,43.3,31.41
3940833,43.3,31.42
3941135,44.3,31.41
3941437,44.3,31.41
3941739,44.3,31.41
3942041,44.3,31.41
3942343,43.3,31.41
3942645,44.3,31.42
3942947,43.3,31.41
3943249,43.3,31.41
3943551,44.3,31.41
3943853,44.3,31.41
3944155,44.3,31.41
3944457,43.3,31.41
3944759,43.3,31.41
3945061,44.3,31.41
3945363,44.3,31.41
3945665,44.3,31.40
3945967,43.3,31.41
3946269,43.3,31.41
3946571,43.3,31.41
3946873,44.3,31.41
3947175,44.3,31.41
3947477,44.3,31.41
3947779,44.3,31.41
3948081,44.3,31.41
3948383,43.3,31.41
3948685,43.3,31.41
3948987,44.3,31.40
3949289,44.3,31.40
3949591,44.3,31.40
3949893,44.3,31.40
3950195,44.3,31.41
3950497,44.3,31.41
3950799,44.3,31.41
3951101,44.3,31.41
3951403,44.3,31.41
3951705,44.3,31.41
3952007,44.3,31.41
3952309,44.3,31.41
3952611,43.3,31.40
3952913,44.3,31.40
3953215,44.3,31.41
3953517,44.3,31.41
3953819,44.3,31.41
3954121,44.3,31.41
3954423,44.3,31.41
3954725,44.3,31.41
3955027,44.3,31.41
3955329,44.3,31.41
3955631,44.3,31.40
3955933,44.3,31.41
3956235,44.3,31.40
3956537,44.3,31.41
3956839,44.3,31.41
3957141,44.3,31.41
3957443,44.3,31.41
3957745,44.3,31.40
3958047,44.3,31.40
3958349,44.3,31.40
3958651,44.3,31.39
3958953,43.3,31.39
3959255,43.3,31.39
3959557,43.3,31.39
3959859,43.3,31.39
3960161,44.3,31.39
3960463,43.3,31.39
3960765,44.3,31.39
3961067,43.3,31.39
3961369,43.3,31.39
3961671,44.3,31.39
3961973,44.3,31.39
3962275,44.3,31.40
3962577,43.3,31.39
3962879,43.3,31.40
3963181,44.3,31.40
3963483,44.3,31.40
3963785,44.3,31.40
3964087,44.3,31.40
3964389,44.3,31.39
3964691,44.3,31.39
3964993,44.3,31.38
3965295,44.3,31.38
3965597,43.3,31.38
3965899,44.3,31.38
3966201,44.3,31.38
3966503,44.3,31.38
3966805,44.3,31.38
3967107,44.3,31.38
3967409,43.3,31.39
3967711,43.3,31.39
3968013,44.3,31.39
3968315,44.3,31.39
3968617,43.3,31.40
3968919,43.3,31.40
3969221,43.3,31.40
3969523,43.3,31.40
3969825,44.3,31.41
3970127,43.3,31.40
3970429,43.3,31.41
3970731,43.3,31.41
3971033,43.3,31.41
3971335,43.3,31.41
3971637,43.3,31.41
3971939,43.3,31.41
3972241,43.3,31.41
3972543,43.3,31.40
3972845,44.3,31.41
3973147,43.3,31.40
3973449,44.3,31.41
3973751,44.3,31.41
3974053,44.3,31.41
3974355,44.3,31.42
3974657,44.3,31.42
3974959,44.3,31.41
3975261,44.3,31.42
3975563,44.3,31.42
3975865,44.3,31.42
3976167,44.3,31.42
3976469,44.3,31.42
3976771,44.3,31.42
3977073,44.3,31.42
3977375,44.3,31.42
3977677,44.3,31.42
3977979,44.3,31.42
3978281,44.3,31.42
3978583,44.3,31.42
3978885,44.3,31.42
3979187,44.3,31.42
3979489,44.3,31.41
3979791,44.3,31.41
3980093,44.3,31.41
3980395,44.3,31.41
3980697,44.3,31.41
3980999,44.3,31.42
3981301,44.3,31.41
3981603,43.3,31.42
3981905,44.3,31.42
3982207,43.3,31.42
3982509,44.3,31.42
3982811,44.3,31.43
3983113,44.3,31.43
3983415,44.3,31.43
3983717,44.3,31.43
3984019,44.3,31.43
3984321,44.3,31.43
3984623,44.3,31.43
3984925,44.3,31.43
3985227,44.3,31.43
3985529,44.3,31.43
3985831,44.3,31.43
3986133,44.3,31.43
3986435,44.3,31.43
3986737,44.3,31.43
3987039,44.3,31.44
3987341,44.3,31.45
3987643,44.3,31.44
3987945,44.3,31.45
3988247,44.3,31.45
3988549,44.3,31.45
3988851,44.3,31.45
3989153,43.3,31.45
3989455,43.3,31.45
3989757,44.3,31.45
3990059,43.3,31.44
3990361,43.3,31.44
3990663,44.3,31.44
3990965,44.3,31.44
3991267,43.3,31.45
3991569,44.3,31.44
3991871,44.3,31.45
3992173,44.3,31.45
3992475,44.3,31.46
3992777,44.3,31.45
3993079,44.3,31.45
3993381,44.3,31.45
3993683,43.3,31.45
3993985,43.3,31.45
3994287,44.3,31.44
3994589,44.3,31.44
3994891,44.3,31.45
3995193,44.3,31.45
3995495,44.3,31.45
3995797,44.3,31.45
3996099,43.3,31.45
3996401,43.3,31.46
3996703,43.3,31.45
3997005,44.3,31.46
3997307,44.3,31.45
3997609,44.3,31.45
3997911,44.3,31.45
3998213,44.3,31.45
3998515,44.3,31.45
3998817,43.3,31.45
3999119,43.3,31.44
3999421,43.3,31.44
3999723,43.3,31.44
4000025,44.3,31.43
4000327,44.3,31.44
4000629,44.3,31.44
4000931,44.3,31.44
4001233,43.3,31.45
4001535,44.3,31.45
4001837,44.3,31.45
4002139,44.3,31.46
4002441,44.3,31.45
4002743,44.3,31.45
4003045,44.3,31.45
4003347,44.3,31.45
4003649,44.3,31.45
4003951,44.3,31.45
4004253,44.3,31.45
4004555,44.3,31.46
4004857,44.3,31.46
4005159,44.3,31.47
4005461,44.3,31.47
4005763,44.3,31.47
4006065,44.3,31.47
4006367,44.3,31.47
4006669,44.3,31.46
4006971,44.3,31.47
4007273,44.3,31.46
4007575,44.3,31.46
4007877,44.3,31.47
4008179,44.3,31.47
4008481,44.3,31.47
4008783,44.3,31.47
4009085,44.3,31.47
4009387,44.3,31.48
4009689,44.3,31.48
4009991,43.3,31.48
4010293,43.3,31.48
4010595,43.3,31.48
4010897,43.3,31.48
4011199,44.3,31.49
4011501,44.3,31.49
4011803,44.3,31.49
4012105,44.3,31.49
4012407,44.3,31.49
4012709,44.3,31.49
4013011,44.3,31.50
4013313,44.3,31.49
4013615,44.3,31.49
4013917,44.3,31.49
4014219,43.3,31.49
4014521,43.3,31.48
4014823,43.3,31.48
4015125,44.3,31.49
4015427,44.3,31.49
4015729,44.3,31.49
4016031,44.3,31.49
4016333,44.3,31.50
4016635,44.3,31.50
4016937,44.3,31.50
4017239,44.3,31.50
4017541,44.3,31.49
4017843,44.3,31.49
4018145,44.3,31.49
4018447,44.3,31.49
4018749,44.3,31.50
4019051,44.3,31.50
4019353,44.3,31.49
4019655,44.3,31.50
4019957,44.3,31.50
4020259,44.3,31.50
4020561,44.3,31.50
4020863,44.3,31.50
4021165,44.3,31.50
4021467,44.3,31.50
4021769,44.3,31.51
4022071,44.3,31.51
4022373,44.3,31.51
4022675,44.3,31.51
4022977,44.3,31.51
4023279,44.3,31.52
4023581,44.3,31.52
4023883,44.3,31.51
4024185,44.3,31.52
4024487,43.3,31.51
4024789,44.3,31.51
4025091,44.3,31.51
4025393,44.3,31.51
4025695,44.3,31.51
4025997,44.3,31.51
4026299,44.3,31.51
4026601,44.3,31.51
4026903,44.3,31.52
4027205,44.3,31.51
4027507,44.3,31.51
4027809,44.3,31.52
4028111,44.3,31.52
4028413,44.3,31.52
4028715,44.3,31.52
4029017,44.3,31.52
4029319,44.3,31.52
4029621,44.3,31.52
4029923,44.3,31.52
4030225,44.3,31.52
4030527,44.3,31.52
4030829,44.3,31.53
4031131,44.3,31.53
4031433,44.3,31.53
4031735,44.3,31.53
4032037,44.3,31.54
4032339,44.3,31.53
4032641,44.3,31.53
4032943,44.3,31.53
4033245,44.3,31.54
4033547,44.3,31.53
4033849,44.3,31.54
4034151,44.3,31.54
4034453,44.3,31.53
4034755,44.3,31.53
4035057,44.3,31.53
4035359,44.3,31.53
4035661,44.3,31.53
4035963,44.3,31.53
4036265,44.3,31.53
4036567,44.3,31.53
4036869,43.3,31.53
4037171,43.3,31.53
4037473,44.3,31.54
4037775,44.3,31.54
4038077,44.3,31.54
4038379,44.3,31.54
4038681,44.3,31.54
4038983,44.3,31.54
4039285,44.3,31.54
4039587,44.3,31.54
4039889,44.3,31.54
4040191,44.3,31.54
4040493,44.3,31.54
4040795,44.3,31.54
4041097,44.3,31.54
4041399,44.3,31.54
4041701,44.3,31.54
4042003,44.3,31.54
4042305,44.3,31.54
4042607,44.3,31.54
4042909,44.3,31.54
4043211,44.3,31.54
4043513,44.3,31.54
4043815,44.3,31.54
4044117,44.3,31.54
4044419,44.3,31.54
4044721,44.3,31.54
4045023,44.3,31.54
4045325,44.3,31.55
4045627,44.3,31.54
4045929,44.3,31.54
4046231,44.3,31.55
4046533,44.3,31.55
4046835,44.3,31.55
4047137,44.3,31.55
4047439,44.3,31.55
4047741,44.3,31.56
4048043,43.3,31.55
4048345,44.3,31.56
4048647,44.3,31.55
4048949,44.3,31.55
4049251,44.3,31.55
4049553,44.3,31.55
4049855,44.3,31.56
4050157,44.3,31.55
4050459,44.3,31.55
4050761,44.3,31.55
4051063,44.3,31.55
4051365,44.3,31.55
4051667,44.3,31.55
4051969,44.3,31.56
4052271,44.3,31.56
4052573,44.3,31.56
4052875,44.3,31.56
4053177,44.3,31.56
4053479,44.3,31.56
4053781,44.3,31.56
4054083,44.3,31.56
4054385,44.3,31.57
4054687,44.3,31.57
4054989,44.3,31.57
4055291,44.3,31.57
4055593,44.3,31.57
4055895,44.3,31.57
4056197,44.3,31.56
4056499,44.3,31.56
4056801,44.3,31.56
4057103,44.3,31.56
4057405,44.3,31.56
4057707,44.3,31.56
4058009,44.3,31.57
4058311,44.3,31.57
4058613,44.3,31.57
4058915,44.3,31.57
4059217,44.3,31.58
4059519,44.3,31.57
4059821,44.3,31.58
4060123,44.3,31.57
4060425,44.3,31.57
4060727,44.3,31.57
4061029,44.3,31.57
4061331,44.3,31.57
4061633,44.3,31.57
4061935,44.3,31.57
4062237,44.3,31.58
4062539,44.3,31.58
4062841,44.3,31.58
4063143,44.3,31.57
4063445,44.3,31.57
4063747,44.3,31.57
4064049,44.3,31.57
4064351,44.3,31.58
4064653,44.3,31.58
4064955,44.3,31.58
4065257,44.3,31.58
4065559,44.3,31.58
4065861,44.3,31.58
4066163,44.3,31.58
4066465,44.3,31.58
4066767,44.3,31.59
4067069,44.3,31.58
4067371,44.3,31.59
4067673,44.3,31.58
4067975,43.3,31.58
4068277,43.3,31.58
4068579,44.3,31.58
4068881,44.3,31.58
4069183,44.3,31.58
4069485,44.3,31.58
4069787,44.3,31.58
4070089,44.3,31.58
4070391,44.3,31.58
4070693,44.3,31.58
4070995,44.3,31.58
4071297,44.3,31.58
4071599,44.3,31.58
4071901,44.3,31.58
4072203,44.3,31.58
4072505,44.3,31.59
4072807,44.3,31.58
4073109,44.3,31.58
4073411,44.3,31.58
4073713,44.3,31.59
4074015,43.3,31.59
4074317,43.3,31.58
4074619,44.3,31.59
4074921,44.3,31.59
4075223,44.3,31.59
4075525,44.3,31.58
4075827,44.3,31.59
4076129,44.3,31.59
4076431,44.3,31.59
4076733,44.3,31.59
4077035,44.3,31.59
4077337,44.3,31.59
4077639,44.3,31.59
4077941,44.3,31.59
4078243,44.3,31.59
4078545,44.3,31.59
4078847,44.3,31.59
4079149,44.3,31.59
4079451,44.3,31.58
4079753,44.3,31.58
4080055,44.3,31.58
4080357,44.3,31.58
4080659,44.3,31.57
4080961,44.3,31.58
4081263,44.3,31.57
4081565,44.3,31.58
4081867,44.3,31.58
4082169,43.3,31.58
4082471,44.3,31.58
4082773,44.3,31.57
4083075,44.3,31.57
4083377,44.3,31.57
4083679,43.3,31.57
4083981,43.3,31.57
4084283,44.3,31.57
4084585,44.3,31.57
4084887,44.3,31.57
4085189,43.3,31.57
4085491,43.3,31.57
4085793,44.3,31.57
4086095,44.3,31.57
4086397,44.3,31.56
4086699,44.3,31.57
4087001,44.3,31.56
4087303,44.3,31.56
4087605,44.3,31.56
4087907,44.3,31.56
4088209,44.3,31.56
4088511,44.3,31.56
4088813,44.3,31.56
4089115,44.3,31.56
4089417,44.3,31.55
4089719,44.3,31.55
4090021,44.3,31.55
4090323,44.3,31.55
4090625,44.3,31.55
4090927,44.3,31.55
4091229,44.3,31.55
4091531,44.3,31.56
4091833,44.3,31.56
4092135,44.3,31.56
4092437,44.3,31.56
4092739,44.3,31.56
4093041,44.3,31.56
4093343,44.3,31.56
4093645,44.3,31.56
4093947,44.3,31.56
4094249,44.3,31.56
4094551,43.3,31.56
4094853,44.3,31.56
4095155,44.3,31.56
4095457,44.3,31.57
4095759,44.3,31.56
4096061,44.3,31.57
4096363,44.3,31.56
4096665,44.3,31.56
4096967,44.3,31.56
4097269,43.3,31.56
4097571,44.3,31.57
4097873,44.3,31.57
4098175,44.3,31.57
4098477,44.3,31.57
4098779,44.3,31.57
4099081,44.3,31.57
4099383,44.3,31.57
4099685,44.3,31.58
4099987,44.3,31.58
4100289,44.3,31.58
4100591,44.3,31.58
4100893,44.3,31.59
4101195,44.3,31.58
4101497,44.3,31.59
4101799,44.3,31.59
4102101,44.3,31.59
4102403,44.3,31.59
4102705,44.3,31.59
4103007,44.3,31.59
4103309,44.3,31.59
4103611,44.3,31.59
4103913,44.3,31.59
4104215,44.3,31.59
4104517,44.3,31.59
4104819,44.3,31.58
4105121,44.3,31.58
4105423,44.3,31.58
4105725,44.3,31.58
4106027,44.3,31.58
4106329,44.3,31.58
4106631,43.3,31.57
4106933,44.3,31.57
4107235,44.3,31.57
4107537,44.3,31.57
4107839,44.3,31.57
4108141,44.3,31.57
4108443,44.3,31.57
4108745,44.3,31.57
4109047,44.3,31.57
4109349,44.3,31.58
4109651,44.3,31.57
4109953,44.3,31.58
4110255,44.3,31.58
4110557,44.3,31.58
4110859,44.3,31.58
4111161,44.3,31.58
4111463,44.3,31.58
4111765,44.3,31.58
4112067,44.3,31.58
4112369,44.3,31.58
4112671,44.3,31.58
4112973,44.3,31.57
4113275,44.3,31.58
4113577,44.3,31.57
4113879,44.3,31.58
4114181,44.3,31.58
4114483,44.3,31.57
4114785,44.3,31.56
4115087,43.3,31.57
4115389,44.3,31.57
4115691,44.3,31.57
4115993,44.3,31.57
4116295,44.3,31.57
4116597,44.3,31.57
4116899,44.3,31.57
4117201,44.3,31.57
4117503,44.3,31.56
4117805,44.3,31.56
4118107,44.3,31.56
4118409,44.3,31.57
4118711,44.3,31.56
4119013,44.3,31.56
4119315,44.3,31.56
4119617,44.3,31.55
4119919,44.3,31.55
4120221,44.3,31.55
4120523,44.3,31.54
4120825,44.3,31.54
4121127,44.3,31.54
4121429,44.3,31.55
4121731,44.3,31.54
4122033,44.3,31.55
4122335,44.3,31.55
4122637,44.3,31.54
4122939,44.3,31.55
4123241,44.3,31.54
4123543,44.3,31.54
4123845,44.3,31.54
4124147,44.3,31.54
4124449,44.3,31.54
4124751,44.3,31.54
4125053,44.3,31.54
4125355,44.3,31.54
4125657,44.3,31.53
4125959,44.3,31.53
4126261,44.3,31.52
4126563,44.3,31.52
4126865,44.3,31.52
4127167,44.3,31.52
4127469,44.3,31.52
4127771,44.3,31.52
4128073,44.3,31.52
4128375,44.3,31.52
4128677,44.3,31.52
4128979,44.3,31.52
4129281,44.3,31.53
4129583,44.3,31.53
4129885,44.3,31.53
4130187,44.3,31.52
4130489,44.3,31.52
4130791,44.3,31.52
4131093,44.3,31.51
4131395,44.3,31.52
4131697,44.3,31.52
4131999,44.3,31.52
4132301,44.3,31.51
4132603,44.3,31.51
4132905,44.3,31.51
4133207,44.3,31.51
4133509,44.3,31.51
4133811,44.3,31.51
4134113,44.3,31.51
4134415,43.3,31.51
4134717,44.3,31.51
4135019,44.3,31.51
4135321,44.3,31.51
4135623,44.3,31.51
4135925,44.3,31.50
4136227,44.3,31.51
4136529,44.3,31.51
4136831,44.3,31.51
4137133,44.3,31.52
4137435,44.3,31.51
4137737,44.3,31.52
4138039,44.3,31.52
4138341,44.3,31.52
4138643,44.3,31.51
4138945,44.3,31.51
4139247,44.3,31.51
4139549,44.3,31.51
4139851,44.3,31.51
4140153,44.3,31.50
4140455,44.3,31.50
4140757,44.3,31.49
4141059,44.3,31.49
4141361,44.3,31.49
4141663,44.3,31.49
4141965,44.3,31.49
4142267,44.3,31.49
4142569,44.3,31.49
4142871,44.3,31.49
4143173,44.3,31.49
4143475,44.3,31.49
4143777,44.3,31.49
4144079,44.3,31.50
4144381,44.3,31.49
4144683,44.3,31.49
4144985,44.3,31.49
4145287,44.3,31.49
4145589,44.3,31.49
4145891,44.3,31.49
4146193,44.3,31.49
4146495,44.3,31.49
4146797,44.3,31.49
4147099,44.3,31.48
4147401,44.3,31.48
4147703,44.3,31.48
4148005,44.3,31.48
4148307,44.3,31.47
4148609,44.3,31.47
4148911,44.3,31.47
4149213,43.3,31.47
4149515,44.3,31.47
4149817,44.3,31.47
4150119,44.3,31.48
4150421,44.3,31.47
4150723,44.3,31.48
4151025,44.3,31.48
4151327,44.3,31.48
4151629,44.3,31.48
4151931,44.3,31.48
4152233,44.3,31.48
4152535,44.3,31.48
4152837,44.3,31.48
4153139,44.3,31.49
4153441,44.3,31.48
4153743,44.3,31.49
4154045,44.3,31.48
4154347,44.3,31.49
4154649,44.3,31.49
4154951,44.3,31.49
4155253,43.3,31.49
4155555,44.3,31.49
4155857,44.3,31.49
4156159,44.3,31.50
4156461,44.3,31.50
4156763,44.3,31.49
4157065,44.3,31.50
4157367,44.3,31.50
4157669,44.3,31.50
4157971,44.3,31.50
4158273,44.3,31.50
4158575,44.3,31.50
4158877,44.3,31.50
4159179,44.3,31.50
4159481,44.3,31.51
4159783,44.3,31.51
4160085,44.3,31.51
4160387,44.3,31.51
4160689,44.3,31.50
4160991,44.3,31.50
4161293,44.3,31.50
4161595,44.3,31.49
4161897,44.3,31.49
4162199,44.3,31.49
4162501,44.3,31.50
4162803,44.3,31.49
4163105,44.3,31.49
4163407,44.3,31.49
4163709,44.3,31.49
4164011,44.3,31.49
4164313,44.3,31.49
4164615,44.3,31.49
4164917,44.3,31.49
4165219,44.3,31.49
4165521,44.3,31.49
4165823,44.3,31.48
4166125,44.3,31.48
4166427,44.3,31.48
4166729,44.3,31.48
4167031,44.3,31.48
4167333,44.3,31.47
4167635,44.3,31.47
4167937,44.3,31.47
4168239,44.3,31.46
4168541,44.3,31.47
4168843,44.3,31.47
4169145,44.3,31.46
4169447,44.3,31.46
4169749,44.3,31.46
4170051,44.3,31.47
4170353,44.3,31.47
4170655,44.3,31.47
4170957,44.3,31.47
4171259,44.3,31.47
4171561,44.3,31.47
4171863,44.3,31.47
4172165,44.3,31.47
4172467,44.3,31.47
4172769,44.3,31.47
4173071,44.3,31.47
4173373,44.3,31.47
4173675,44.3,31.47
4173977,44.3,31.46
4174279,44.3,31.46
4174581,44.3,31.47
4174883,44.3,31.46
4175185,44.3,31.46
4175487,44.3,31.46
4175789,44.3,31.46
4176091,44.3,31.46
4176393,44.3,31.47
4176695,44.3,31.46
4176997,44.3,31.46
4177299,44.3,31.46
4177601,44.3,31.46
4177903,44.3,31.46
4178205,44.3,31.46
4178507,44.3,31.46
4178809,44.3,31.46
4179111,44.3,31.46
4179413,44.3,31.46
4179715,44.3,31.46
4180017,44.3,31.46
4180319,44.3,31.46
4180621,44.3,31.47
4180923,44.3,31.46
4181225,44.3,31.46
4181527,44.3,31.46
4181829,44.3,31.47
4182131,44.3,31.47
4182433,44.3,31.46
4182735,44.3,31.47
4183037,44.3,31.47
4183339,44.3,31.47
4183641,44.3,31.47
4183943,43.3,31.47
4184245,44.3,31.47
4184547,44.3,31.47
4184849,44.3,31.48
4185151,44.3,31.48
4185453,44.3,31.48
4185755,44.3,31.48
4186057,44.3,31.48
4186359,44.3,31.49
4186661,44.3,31.48
4186963,44.3,31.48
4187265,44.3,31.48
4187567,44.3,31.49
4187869,44.3,31.49
4188171,44.3,31.49
4188473,44.3,31.49
4188775,44.3,31.49
4189077,44.3,31.49
4189379,44.3,31.49
4189681,44.3,31.49
4189983,44.3,31.50
4190285,44.3,31.50
4190587,44.3,31.50
4190889,44.3,31.50
4191191,44.3,31.50
4191493,44.3,31.50
4191795,44.3,31.50
4192097,44.3,31.50
4192399,44.3,31.50
4192701,44.3,31.50
4193003,44.3,31.51
4193305,44.3,31.51
4193607,44.3,31.50
4193909,44.3,31.50
4194211,44.3,31.50
4194513,44.3,31.50
4194815,44.3,31.50
4195117,44.3,31.51
4195419,44.3,31.50
4195721,44.3,31.51
4196023,44.3,31.50
4196325,44.3,31.51
4196627,43.3,31.50
4196929,43.3,31.50
4197231,44.3,31.50
4197533,44.3,31.50
4197835,44.3,31.50
4198137,44.3,31.50
4198439,44.3,31.50
4198741,44.3,31.50
4199043,44.3,31.51
4199345,44.3,31.50
4199647,44.3,31.50
4199949,44.3,31.50
4200251,44.3,31.50
4200553,44.3,31.51
4200855,44.3,31.51
4201157,44.3,31.51
4201459,44.3,31.51
4201761,44.3,31.52
4202063,44.3,31.52
4202365,44.3,31.52
4202667,44.3,31.52
4202969,44.3,31.52
4203271,44.3,31.52
4203573,44.3,31.52
4203875,44.3,31.52
4204177,44.3,31.52
4204479,44.3,31.52
4204781,44.3,31.52
4205083,44.3,31.52
4205385,44.3,31.52
4205687,44.3,31.53
4205989,44.3,31.53
4206291,44.3,31.53
4206593,44.3,31.52
4206895,44.3,31.53
4207197,44.3,31.53
4207499,44.3,31.53
4207801,44.3,31.53
4208103,44.3,31.53
4208405,44.3,31.53
4208707,44.3,31.54
4209009,44.3,31.54
4209311,44.3,31.54
4209613,44.3,31.54
4209915,44.3,31.54
4210217,44.3,31.54
4210519,44.3,31.55
4210821,44.3,31.55
4211123,44.3,31.55
4211425,44.3,31.55
4211727,44.3,31.55
4212029,44.3,31.54
4212331,44.3,31.54
4212633,44.3,31.55
4212935,44.3,31.55
4213237,44.3,31.55
4213539,44.3,31.56
4213841,44.3,31.55
4214143,44.3,31.56
4214445,44.3,31.56
4214747,44.3,31.55
4215049,44.3,31.55
4215351,44.3,31.54
4215653,44.3,31.55
4215955,44.3,31.54
4216257,44.3,31.54
4216559,44.3,31.54
4216861,44.3,31.54
4217163,44.3,31.55
4217465,44.3,31.54
4217767,44.3,31.55
4218069,44.3,31.55
4218371,44.3,31.54
4218673,44.3,31.54
4218975,44.3,31.55
4219277,44.3,31.55
4219579,44.3,31.55
4219881,44.3,31.55
4220183,44.3,31.54
4220485,44.3,31.54
4220787,44.3,31.54
4221089,44.3,31.54
4221391,44.3,31.53
4221693,44.3,31.52
4221995,44.3,31.52
4222297,44.3,31.52
4222599,44.3,31.52
4222901,44.3,31.53
4223203,44.3,31.53
4223505,44.3,31.53
4223807,44.3,31.53
4224109,44.3,31.52
4224411,44.3,31.52
4224713,44.3,31.52
4225015,44.3,31.52
4225317,44.3,31.53
4225619,44.3,31.53
4225921,44.3,31.53
4226223,44.3,31.53
4226525,44.3,31.53
4226827,44.3,31.53
4227129,44.3,31.53
4227431,44.3,31.53
4227733,44.3,31.54
4228035,44.3,31.54
4228337,44.3,31.54
4228639,44.3,31.53
4228941,44.3,31.54
4229243,44.3,31.53
4229545,44.3,31.54
4229847,44.3,31.53
4230149,44.3,31.53
4230451,44.3,31.53
4230753,44.3,31.53
4231055,44.3,31.53
4231357,44.3,31.53
4231659,44.3,31.53
4231961,44.3,31.54
4232263,44.3,31.53
4232565,44.3,31.53
4232867,44.3,31.53
4233169,44.3,31.53
4233471,44.3,31.53
4233773,44.3,31.53
4234075,44.3,31.52
4234377,44.3,31.52
4234679,44.3,31.52
4234981,44.3,31.51
4235283,44.3,31.51
4235585,44.3,31.51
4235887,44.3,31.50
4236189,44.3,31.50
4236491,44.3,31.50
4236793,44.3,31.50
4237095,44.3,31.50
4237397,44.3,31.49
4237699,44.3,31.49
4238001,44.3,31.48
4238303,44.3,31.48
4238605,44.3,31.48
4238907,44.3,31.48
4239209,44.3,31.48
4239511,44.3,31.48
4239813,44.3,31.48
4240115,44.3,31.48
4240417,44.3,31.49
4240719,44.3,31.49
4241021,44.3,31.49
4241323,44.3,31.50
4241625,44.3,31.49
4241927,44.3,31.50
4242229,44.3,31.49
4242531,44.3,31.49
4242833,44.3,31.49
4243135,44.3,31.49
4243437,44.3,31.50
4243739,44.3,31.50
4244041,44.3,31.50
4244343,44.3,31.50
4244645,44.3,31.50
4244947,44.3,31.51
4245249,44.3,31.50
4245551,44.3,31.50
4245853,44.3,31.51
4246155,44.3,31.51
4246457,44.3,31.51
4246759,44.3,31.51
4247061,44.3,31.51
4247363,44.3,31.51
4247665,44.3,31.51
4247967,44.3,31.51
4248269,44.3,31.51
4248571,44.3,31.52
4248873,44.3,31.52
4249175,44.3,31.52
4249477,44.3,31.53
4249779,44.3,31.53
4250081,44.3,31.53
4250383,44.3,31.53
4250685,44.3,31.54
4250987,44.3,31.54
4251289,44.3,31.54
4251591,44.3,31.54
4251893,44.3,31.54
4252195,44.3,31.54
4252497,44.3,31.55
4252799,44.3,31.55
4253101,44.3,31.55
4253403,44.3,31.55
4253705,44.3,31.56
4254007,44.3,31.56
4254309,44.3,31.55
4254611,44.3,31.56
4254913,44.3,31.56
4255215,44.3,31.56
4255517,44.3,31.56
4255819,44.3,31.55
4256121,44.3,31.56
4256423,44.3,31.56
4256725,44.3,31.55
4257027,44.3,31.56
4257329,44.3,31.56
4257631,44.3,31.57
4257933,44.3,31.57
4258235,44.3,31.57
4258537,44.3,31.57
4258839,44.3,31.57
4259141,44.3,31.58
4259443,44.3,31.58
4259745,44.3,31.58
4260047,44.3,31.58
4260349,44.3,31.58
4260651,44.3,31.57
4260953,44.3,31.56
4261255,44.3,31.56
4261557,44.3,31.55
4261859,44.3,31.55
4262161,44.3,31.55
4262463,44.3,31.56
4262765,44.3,31.56
4263067,44.3,31.56
4263369,44.3,31.55
4263671,44.3,31.55
4263973,43.3,31.55
4264275,44.3,31.56
4264577,44.3,31.55
4264879,44.3,31.56
4265181,44.3,31.55
4265483,44.3,31.56
4265785,44.3,31.56
4266087,44.3,31.56
4266389,44.3,31.56
4266691,44.3,31.57
4266993,44.3,31.57
4267295,44.3,31.57
4267597,44.3,31.56
4267899,44.3,31.57
4268201,44.3,31.57
4268503,44.3,31.57
4268805,43.3,31.57
4269107,44.3,31.57
4269409,44.3,31.57
4269711,44.3,31.57
4270013,44.3,31.56
4270315,44.3,31.56
4270617,44.3,31.56
4270919,44.3,31.57
4271221,44.3,31.58
4271523,44.3,31.58
4271825,44.3,31.58
4272127,44.3,31.59
4272429,44.3,31.59
4272731,44.3,31.59
4273033,44.3,31.60
4273335,44.3,31.59
4273637,44.3,31.60
4273939,44.3,31.60
4274241,44.3,31.60
4274543,44.3,31.61
4274845,44.3,31.61
4275147,44.3,31.61
4275449,44.3,31.62
4275751,44.3,31.62
4276053,44.3,31.62
4276355,44.3,31.62
4276657,44.3,31.63
4276959,44.3,31.62
4277261,44.3,31.63
4277563,44.3,31.63
4277865,44.3,31.62
4278167,44.3,31.62
4278469,44.3,31.63
4278771,44.3,31.63
4279073,44.3,31.63
4279375,44.3,31.64
4279677,44.3,31.64
4279979,44.3,31.64
4280281,44.3,31.64
4280583,44.3,31.65
4280885,44.3,31.65
4281187,44.3,31.64
4281489,44.3,31.65
4281791,44.3,31.65
4282093,44.3,31.65
4282395,44.3,31.64
4282697,44.3,31.64
4282999,44.3,31.63
4283301,43.3,31.63
4283603,44.3,31.63
4283905,44.3,31.63
4284207,44.3,31.63
4284509,44.3,31.63
4284811,44.3,31.63
4285113,44.3,31.62
4285415,44.3,31.62
4285717,44.3,31.61
4286019,44.3,31.61
4286321,44.3,31.61
4286623,44.3,31.61
4286925,44.3,31.61
4287227,44.3,31.61
4287529,44.3,31.61
4287831,44.3,31.61
4288133,44.3,31.61
4288435,44.3,31.61
4288737,44.3,31.61
4289039,44.3,31.60
4289341,44.3,31.60
4289643,44.3,31.60
4289945,44.3,31.61
4290247,44.3,31.61
4290549,44.3,31.61
4290851,44.3,31.61
4291153,44.3,31.62
4291455,44.3,31.62
4291757,44.3,31.63
4292059,44.3,31.63
4292361,44.3,31.62
4292663,44.3,31.63
4292965,44.3,31.63
4293267,44.3,31.63
4293569,44.3,31.64
4293871,44.3,31.63
4294173,44.3,31.64
4294475,44.3,31.64
4294777,44.3,31.65
4295079,44.3,31.65
4295381,44.3,31.65
4295683,44.3,31.65
4295985,44.3,31.65
4296287,44.3,31.66
4296589,44.3,31.66
4296891,44.3,31.66
4297193,44.3,31.66
4297495,44.3,31.66
4297797,44.3,31.67
4298099,44.3,31.67
4298401,44.3,31.67
4298703,44.3,31.68
4299005,44.3,31.68
4299307,44.3,31.68
4299609,44.3,31.68
4299911,44.3,31.69
4300213,44.3,31.69
4300515,44.3,31.70
4300817,44.3,31.70
4301119,44.3,31.70
4301421,44.3,31.70
4301723,44.3,31.71
4302025,44.3,31.71
4302327,44.3,31.72
4302629,44.3,31.72
4302931,44.3,31.72
4303233,44.3,31.73
4303535,44.3,31.73
4303837,44.3,31.73
4304139,44.3,31.74
4304441,44.3,31.74
4304743,44.3,31.74
4305045,44.3,31.75
4305347,44.3,31.75
4305649,44.3,31.76
4305951,44.3,31.76
4306253,44.3,31.77
4306555,44.3,31.76
4306857,44.3,31.77
4307159,44.3,31.77
4307461,44.3,31.77
4307763,44.3,31.78
4308065,44.3,31.79
4308367,44.3,31.79
4308669,44.3,31.79
4308971,44.3,31.80
4309273,44.3,31.80
4309575,44.3,31.80
4309877,44.3,31.80
4310179,44.3,31.81
4310481,44.3,31.81
4310783,44.3,31.81
4311085,44.3,31.81
4311387,44.3,31.81
4311689,44.3,31.82
4311991,44.3,31.82
4312293,44.3,31.82
4312595,44.3,31.82
4312897,44.3,31.83
4313199,44.3,31.83
4313501,44.3,31.83
4313803,44.3,31.84
4314105,44.3,31.84
4314407,44.3,31.84
4314709,44.3,31.85
4315011,44.3,31.85
4315313,44.3,31.85
4315615,44.3,31.85
4315917,44.3,31.85
4316219,44.3,31.86
4316521,44.3,31.86
4316823,44.3,31.86
4317125,44.3,31.86
4317427,44.3,31.86
4317729,44.3,31.86
4318031,44.3,31.86
4318333,44.3,31.87
4318635,44.3,31.87
4318937,44.3,31.87
4319239,44.3,31.87
4319541,44.3,31.87
4319843,44.3,31.87
4320145,44.3,31.88
4320447,44.3,31.87
4320749,44.3,31.88
4321051,44.3,31.88
4321353,44.3,31.88
4321655,44.3,31.88
4321957,44.3,31.88
4322259,44.3,31.88
4322561,44.3,31.88
4322863,44.3,31.88
4323165,44.3,31.88
4323467,44.3,31.88
4323769,44.3,31.89
4324071,44.3,31.89
4324373,44.3,31.89
4324675,44.3,31.89
4324977,44.3,31.88
4325279,44.3,31.88
4325581,44.3,31.88
4325883,44.3,31.88
4326185,44.3,31.88
4326487,44.3,31.88
4326789,44.3,31.88
4327091,44.3,31.88
4327393,44.3,31.88
4327695,44.3,31.88
4327997,44.3,31.88
4328299,44.3,31.88
4328601,44.3,31.88
4328903,44.3,31.87
4329205,44.3,31.87
4329507,44.3,31.87
4329809,44.3,31.87
4330111,44.3,31.87
4330413,44.3,31.87
4330715,44.3,31.87
4331017,44.3,31.86
4331319,44.3,31.86
4331621,44.3,31.86
4331923,44.3,31.86
4332225,44.3,31.86
4332527,44.3,31.86
4332829,44.3,31.86
4333131,44.3,31.86
4333433,44.3,31.87
4333735,44.3,31.87
4334037,44.3,31.87
4334339,44.3,31.88
4334641,44.3,31.88
4334943,44.3,31.88
4335245,44.3,31.88
4335547,44.3,31.88
4335849,44.3,31.88
4336151,44.3,31.88
4336453,44.3,31.88
4336755,44.3,31.88
4337057,44.3,31.89
4337359,44.3,31.88
4337661,44.3,31.88
4337963,44.3,31.89
4338265,44.3,31.89
4338567,44.3,31.89
4338869,44.3,31.89
4339171,44.3,31.89
4339473,44.3,31.89
4339775,44.3,31.90
4340077,44.3,31.89
4340379,44.3,31.89
4340681,44.3,31.90
4340983,44.3,31.90
4341285,44.3,31.90
4341587,44.3,31.90
4341889,44.3,31.90
4342191,44.3,31.90
4342493,44.3,31.90
4342795,44.3,31.90
4343097,44.3,31.90
4343399,44.3,31.90
4343701,44.3,31.90
4344003,44.3,31.91
4344305,44.3,31.90
4344607,44.3,31.91
4344909,44.3,31.90
4345211,44.3,31.91
4345513,44.3,31.91
4345815,44.3,31.91
4346117,44.3,31.91
4346419,44.3,31.91
4346721,44.3,31.92
4347023,44.3,31.92
4347325,44.3,31.92
4347627,44.3,31.92
4347929,44.3,31.92
4348231,44.3,31.92
4348533,44.3,31.92
4348835,44.3,31.92
4349137,44.3,31.93
4349439,44.3,31.93
4349741,44.3,31.92
4350043,44.3,31.93
4350345,44.3,31.93
4350647,44.3,31.92
4350949,44.3,31.93
4351251,44.3,31.93
4351553,44.3,31.93
4351855,44.3,31.93
4352157,44.3,31.93
4352459,44.3,31.93
4352761,44.3,31.93
4353063,44.3,31.93
4353365,44.3,31.94
4353667,44.3,31.94
4353969,44.3,31.94
4354271,44.3,31.94
4354573,44.3,31.94
4354875,44.3,31.94
4355177,44.3,31.94
4355479,44.3,31.94
4355781,44.3,31.94
4356083,44.3,31.95
4356385,44.3,31.94
4356687,44.3,31.94
4356989,44.3,31.94
4357291,44.3,31.94
4357593,44.3,31.94
4357895,44.3,31.94
4358197,44.3,31.94
4358499,44.3,31.95
4358801,44.3,31.95
4359103,44.3,31.95
4359405,44.3,31.95
4359707,44.3,31.95
4360009,44.3,31.94
4360311,44.3,31.94
4360613,44.3,31.93
4360915,44.3,31.93
4361217,44.3,31.92
4361519,44.3,31.92
4361821,44.3,31.91
4362123,44.3,31.91
4362425,44.3,31.92
4362727,44.3,31.92
4363029,44.3,31.93
4363331,44.3,31.93
4363633,44.3,31.93
4363935,44.3,31.93
4364237,44.3,31.93
4364539,44.3,31.92
4364841,44.3,31.92
4365143,44.3,31.92
4365445,44.3,31.92
4365747,44.3,31.91
4366049,44.3,31.91
4366351,44.3,31.91
4366653,43.3,31.91
4366955,44.3,31.91
4367257,43.3,31.91
4367559,44.3,31.91
4367861,44.3,31.91
4368163,44.3,31.91
4368465,44.3,31.90
4368767,44.3,31.90
4369069,44.3,31.89
4369371,44.3,31.89
4369673,44.3,31.88
4369975,44.3,31.89
4370277,44.3,31.88
4370579,44.3,31.88
4370881,44.3,31.88
4371183,44.3,31.87
4371485,44.3,31.87
4371787,44.3,31.87
4372089,44.3,31.86
4372391,44.3,31.86
4372693,44.3,31.86
4372995,44.3,31.86
4373297,44.3,31.86
4373599,44.3,31.85
4373901,44.3,31.86
4374203,44.3,31.86
4374505,44.3,31.86
4374807,44.3,31.86
4375109,44.3,31.86
4375411,44.3,31.86
4375713,44.3,31.86
4376015,44.3,31.87
4376317,44.3,31.87
4376619,44.3,31.87
4376921,44.3,31.87
4377223,44.3,31.87
4377525,44.3,31.86
4377827,44.3,31.86
4378129,44.3,31.85
4378431,44.3,31.84
4378733,44.3,31.85
4379035,44.3,31.85
4379337,44.3,31.85
4379639,44.3,31.86
4379941,44.3,31.86
4380243,44.3,31.86
4380545,44.3,31.86
4380847,44.3,31.87
4381149,44.3,31.86
4381451,44.3,31.87
4381753,44.3,31.87
4382055,44.3,31.87
4382357,44.3,31.87
4382659,44.3,31.87
4382961,44.3,31.87
4383263,44.3,31.87
4383565,44.3,31.87
4383867,44.3,31.87
4384169,44.3,31.87
4384471,44.3,31.88
4384773,44.3,31.88
4385075,44.3,31.88
4385377,44.3,31.88
4385679,44.3,31.88
4385981,44.3,31.89
4386283,44.3,31.89
4386585,44.3,31.89
4386887,44.3,31.89
4387189,44.3,31.89
4387491,44.3,31.89
4387793,44.3,31.89
4388095,44.3,31.89
4388397,44.3,31.89
4388699,44.3,31.90
4389001,44.3,31.90
4389303,44.3,31.90
4389605,44.3,31.90
4389907,44.3,31.90
4390209,44.3,31.90
4390511,44.3,31.90
4390813,45.3,31.91
4391115,44.3,31.91
4391417,44.3,31.91
4391719,45.3,31.91
4392021,44.3,31.91
4392323,44.3,31.91
4392625,44.3,31.91
4392927,44.3,31.90
4393229,44.3,31.91
4393531,44.3,31.91
4393833,44.3,31.91
4394135,44.3,31.91
4394437,44.3,31.91
4394739,44.3,31.91
4395041,44.3,31.91
4395343,44.3,31.91
4395645,44.3,31.91
4395947,44.3,31.91
4396249,44.3,31.92
4396551,44.3,31.92
4396853,44.3,31.92
4397155,44.3,31.92
4397457,44.3,31.92
4397759,44.3,31.92
4398061,44.3,31.92
4398363,44.3,31.92
4398665,44.3,31.93
4398967,44.3,31.93
4399269,44.3,31.93
4399571,44.3,31.93
4399873,44.3,31.93
4400175,44.3,31.92
4400477,44.3,31.92
4400779,45.3,31.92
4401081,44.3,31.91
4401383,44.3,31.90
4401685,44.3,31.90
4401987,44.3,31.90
4402289,44.3,31.90
4402591,44.3,31.90
4402893,44.3,31.91
4403195,44.3,31.91
4403497,44.3,31.90
4403799,44.3,31.90
4404101,44.3,31.89
4404403,44.3,31.89
4404705,44.3,31.89
4405007,44.3,31.89
4405309,44.3,31.89
4405611,44.3,31.89
4405913,44.3,31.88
4406215,44.3,31.88
4406517,44.3,31.88
4406819,44.3,31.87
4407121,44.3,31.87
4407423,44.3,31.87
4407725,44.3,31.88
4408027,44.3,31.88
4408329,44.3,31.88
4408631,44.3,31.88
4408933,44.3,31.88
4409235,44.3,31.89
4409537,44.3,31.88
4409839,44.3,31.88
4410141,44.3,31.89
4410443,44.3,31.89
4410745,44.3,31.89
4411047,44.3,31.89
4411349,44.3,31.89
4411651,44.3,31.89
4411953,44.3,31.89
4412255,44.3,31.89
4412557,44.3,31.90
4412859,44.3,31.89
4413161,44.3,31.90
4413463,44.3,31.89
4413765,44.3,31.89
4414067,44.3,31.88
4414369,44.3,31.88
4414671,44.3,31.88
4414973,44.3,31.87
4415275,44.3,31.87
4415577,44.3,31.87
4415879,44.3,31.87
4416181,44.3,31.87
4416483,44.3,31.86
4416785,44.3,31.87
4417087,44.3,31.87
4417389,44.3,31.88
4417691,44.3,31.88
4417993,44.3,31.88
4418295,44.3,31.88
4418597,44.3,31.88
4418899,44.3,31.88
4419201,44.3,31.89
4419503,44.3,31.89
4419805,44.3,31.89
4420107,44.3,31.89
4420409,44.3,31.89
4420711,44.3,31.89
4421013,44.3,31.89
4421315,44.3,31.90
4421617,44.3,31.90
4421919,44.3,31.90
4422221,44.3,31.90
4422523,44.3,31.90
4422825,44.3,31.90
4423127,44.3,31.90
4423429,44.3,31.90
4423731,44.3,31.91
4424033,44.3,31.90
4424335,44.3,31.90
4424637,44.3,31.91
4424939,44.3,31.91
4425241,44.3,31.91
4425543,44.3,31.92
4425845,44.3,31.91
4426147,44.3,31.91
4426449,44.3,31.92
4426751,44.3,31.92
4427053,44.3,31.92
4427355,44.3,31.92
4427657,44.3,31.92
4427959,44.3,31.92
4428261,44.3,31.92
4428563,44.3,31.92
4428865,44.3,31.93
4429167,44.3,31.93
4429469,44.3,31.92
4429771,44.3,31.92
4430073,44.3,31.93
4430375,44.3,31.92
4430677,44.3,31.93
4430979,44.3,31.93
4431281,44.3,31.93
4431583,44.3,31.93
4431885,44.3,31.94
4432187,44.3,31.93
4432489,44.3,31.93
4432791,44.3,31.92
4433093,44.3,31.92
4433395,44.3,31.92
4433697,44.3,31.92
4433999,44.3,31.93
4434301,44.3,31.93
4434603,44.3,31.94
4434905,44.3,31.93
4435207,44.3,31.94
4435509,44.3,31.94
4435811,44.3,31.94
4436113,44.3,31.94
4436415,44.3,31.94
4436717,45.3,31.94
4437019,45.3,31.94
4437321,44.3,31.94
4437623,44.3,31.93
4437925,44.3,31.94
4438227,44.3,31.94
4438529,44.3,31.93
4438831,44.3,31.93
4439133,44.3,31.93
4439435,44.3,31.94
4439737,44.3,31.93
4440039,44.3,31.94
4440341,44.3,31.94
4440643,44.3,31.94
4440945,44.3,31.94
4441247,44.3,31.94
4441549,44.3,31.94
4441851,44.3,31.94
4442153,44.3,31.95
4442455,44.3,31.95
4442757,44.3,31.95
4443059,44.3,31.95
4443361,44.3,31.95
4443663,44.3,31.95
4443965,44.3,31.95
4444267,44.3,31.95
4444569,44.3,31.96
4444871,44.3,31.96
4445173,44.3,31.95
4445475,44.3,31.96
4445777,44.3,31.96
4446079,44.3,31.96
4446381,44.3,31.96
4446683,44.3,31.96
4446985,44.3,31.96
4447287,44.3,31.96
4447589,44.3,31.97
4447891,44.3,31.96
4448193,44.3,31.97
4448495,44.3,31.97
4448797,44.3,31.97
4449099,44.3,31.97
4449401,44.3,31.97
4449703,44.3,31.98
4450005,44.3,31.97
4450307,44.3,31.97
4450609,44.3,31.97
4450911,44.3,31.98
4451213,44.3,31.98
4451515,44.3,31.97
4451817,44.3,31.98
4452119,44.3,31.98
4452421,44.3,31.97
4452723,44.3,31.97
4453025,44.3,31.97
4453327,44.3,31.97
4453629,44.3,31.97
4453931,44.3,31.96
4454233,44.3,31.96
4454535,44.3,31.97
4454837,44.3,31.96
4455139,44.3,31.96
4455441,44.3,31.97
4455743,44.3,31.97
4456045,44.3,31.97
4456347,44.3,31.97
4456649,44.3,31.98
4456951,44.3,31.97
4457253,44.3,31.97
4457555,44.3,31.98
4457857,44.3,31.97
4458159,45.3,31.97
4458461,44.3,31.97
4458763,44.3,31.97
4459065,44.3,31.97
4459367,44.3,31.97
4459669,44.3,31.97
4459971,44.3,31.97
4460273,44.3,31.98
4460575,44.3,31.97
4460877,44.3,31.97
4461179,44.3,31.98
4461481,44.3,31.98
4461783,44.3,31.98
4462085,44.3,31.98
4462387,44.3,31.98
4462689,44.3,31.98
4462991,44.3,31.98
4463293,44.3,31.99
4463595,44.3,31.99
4463897,44.3,31.98
4464199,44.3,31.98
4464501,44.3,31.98
4464803,44.3,31.98
4465105,44.3,31.99
4465407,44.3,31.98
4465709,44.3,31.98
4466011,44.3,31.98
4466313,44.3,31.98
4466615,44.3,31.98
4466917,44.3,31.98
4467219,44.3,31.98
4467521,44.3,31.97
4467823,44.3,31.98
4468125,44.3,31.98
4468427,44.3,31.98
4468729,44.3,31.98
4469031,44.3,31.98
4469333,44.3,31.98
4469635,44.3,31.98
4469937,44.3,31.98
4470239,44.3,31.98
4470541,44.3,31.97
4470843,44.3,31.97
4471145,44.3,31.97
4471447,44.3,31.98
4471749,44.3,31.97
4472051,44.3,31.97
4472353,44.3,31.97
4472655,44.3,31.97
4472957,44.3,31.97
4473259,44.3,31.97
4473561,44.3,31.97
4473863,44.3,31.98
4474165,44.3,31.98
4474467,44.3,31.98
4474769,44.3,31.98
4475071,44.3,31.98
4475373,44.3,31.98
4475675,44.3,31.99
4475977,44.3,31.98
4476279,44.3,31.98
4476581,44.3,31.99
4476883,44.3,31.98
4477185,44.3,31.98
4477487,44.3,31.99
4477789,44.3,31.98
4478091,44.3,31.99
4478393,44.3,31.99
4478695,44.3,31.99
4478997,44.3,31.99
4479299,44.3,31.99
4479601,44.3,31.99
4479903,44.3,31.99
4480205,44.3,31.99
4480507,44.3,31.99
4480809,44.3,31.99
4481111,44.3,31.99
4481413,44.3,31.99
4481715,44.3,32.00
4482017,44.3,31.99
4482319,44.3,32.00
4482621,44.3,32.00
4482923,44.3,32.00
4483225,44.3,32.00
4483527,44.3,32.00
4483829,44.3,32.00
4484131,44.3,32.00
4484433,44.3,32.00
4484735,44.3,31.99
4485037,44.3,32.00
4485339,44.3,31.99
4485641,43.3,31.99
4485943,44.3,31.99
4486245,44.3,31.99
4486547,44.3,31.99
4486849,44.3,31.99
4487151,44.3,31.98
4487453,44.3,31.98
4487755,44.3,31.98
4488057,44.3,31.98
4488359,44.3,31.98
4488661,44.3,31.98
4488963,44.3,31.99
4489265,44.3,31.99
4489567,44.3,31.99
4489869,44.3,31.99
4490171,44.3,32.00
4490473,44.3,32.00
4490775,44.3,32.00
4491077,44.3,32.00
4491379,44.3,32.00
4491681,44.3,32.00
4491983,44.3,31.99
4492285,44.3,31.99
4492587,44.3,31.99
4492889,45.3,31.99
4493191,44.3,31.99
4493493,44.3,31.98
4493795,44.3,31.99
4494097,44.3,31.99
4494399,44.3,31.99
4494701,44.3,31.99
4495003,44.3,31.99
4495305,44.3,31.99
4495607,44.3,31.99
4495909,44.3,31.99
4496211,44.3,31.99
4496513,44.3,31.99
4496815,44.3,31.99
4497117,44.3,31.99
4497419,44.3,31.99
4497721,44.3,31.99
4498023,44.3,31.99
4498325,44.3,31.99
4498627,44.3,31.99
4498929,44.3,31.99
4499231,44.3,31.99
4499533,44.3,31.99
4499835,44.3,31.99
4500137,44.3,31.99
4500439,45.3,31.99
4500741,44.3,32.00
4501043,44.3,32.00
4501345,44.3,31.99
4501647,44.3,31.99
4501949,44.3,31.99
4502251,44.3,31.99
4502553,44.3,31.99
4502855,44.3,31.99
4503157,44.3,32.00
4503459,44.3,32.00
4503761,44.3,31.99
4504063,44.3,32.00
4504365,44.3,32.00
4504667,44.3,31.99
4504969,44.3,31.99
4505271,44.3,32.00
4505573,45.3,32.00
4505875,44.3,32.00
4506177,44.3,32.00
4506479,44.3,32.00
4506781,44.3,32.00
4507083,44.3,32.00
4507385,44.3,32.00
4507687,44.3,31.99
4507989,44.3,31.99
4508291,44.3,32.00
4508593,44.3,32.00
4508895,44.3,32.00
4509197,44.3,32.00
4509499,44.3,32.00
4509801,44.3,32.00
4510103,44.3,31.99
4510405,44.3,31.99
4510707,44.3,31.99
4511009,44.3,31.98
4511311,44.3,31.98
4511613,44.3,31.97
4511915,44.3,31.97
4512217,44.3,31.97
4512519,44.3,31.97
4512821,44.3,31.97
4513123,44.3,31.97
4513425,44.3,31.97
4513727,44.3,31.97
4514029,44.3,31.98
4514331,44.3,31.98
4514633,44.3,31.98
4514935,44.3,31.98
4515237,44.3,31.98
4515539,44.3,31.98
4515841,44.3,31.98
4516143,44.3,31.98
4516445,44.3,31.98
4516747,44.3,31.98
4517049,44.3,31.98
4517351,44.3,31.98
4517653,44.3,31.98
4517955,44.3,31.98
4518257,44.3,31.98
4518559,44.3,31.98
4518861,44.3,31.97
4519163,44.3,31.97
4519465,43.3,31.97
4519767,44.3,31.97
4520069,44.3,31.97
4520371,44.3,31.98
4520673,44.3,31.98
4520975,44.3,31.98
4521277,45.3,31.98
4521579,44.3,31.98
4521881,44.3,31.98
4522183,44.3,31.98
4522485,44.3,31.99
4522787,44.3,31.99
4523089,44.3,31.99
4523391,44.3,31.99
4523693,44.3,31.99
4523995,44.3,31.99
4524297,44.3,31.99
4524599,44.3,32.00
4524901,44.3,32.00
4525203,44.3,32.00
4525505,44.3,32.00
4525807,44.3,32.00
4526109,44.3,32.00
4526411,44.3,32.01
4526713,44.3,32.01
4527015,44.3,32.01
4527317,44.3,32.01
4527619,44.3,32.01
4527921,44.3,32.01
4528223,44.3,32.01
4528525,44.3,32.02
4528827,44.3,32.02
4529129,44.3,32.02
4529431,44.3,32.02
4529733,44.3,32.02
4530035,44.3,32.03
4530337,44.3,32.03
4530639,44.3,32.03
4530941,44.3,32.03
4531243,44.3,32.03
4531545,44.3,32.03
4531847,44.3,32.04
4532149,44.3,32.04
4532451,44.3,32.04
4532753,44.3,32.04
4533055,44.3,32.04
4533357,44.3,32.04
4533659,44.3,32.05
4533961,44.3,32.04
4534263,44.3,32.04
4534565,44.3,32.05
4534867,44.3,32.05
4535169,44.3,32.05
4535471,44.3,32.05
4535773,44.3,32.06
4536075,44.3,32.06
4536377,44.3,32.05
4536679,44.3,32.06
4536981,44.3,32.06
4537283,44.3,32.06
4537585,44.3,32.06
4537887,44.3,32.06
4538189,44.3,32.06
4538491,44.3,32.07
4538793,44.3,32.07
4539095,44.3,32.07
4539397,44.3,32.07
4539699,44.3,32.07
4540001,44.3,32.07
4540303,44.3,32.07
4540605,44.3,32.08
4540907,44.3,32.08
4541209,44.3,32.08
4541511,44.3,32.08
4541813,44.3,32.09
4542115,44.3,32.08
4542417,44.3,32.08
4542719,44.3,32.08
4543021,44.3,32.09
4543323,44.3,32.09
4543625,44.3,32.10
4543927,44.3,32.10
4544229,44.3,32.09
4544531,44.3,32.09
4544833,44.3,32.10
4545135,44.3,32.09
4545437,44.3,32.09
4545739,44.3,32.09
4546041,44.3,32.09
4546343,44.3,32.08
4546645,44.3,32.09
4546947,44.3,32.09
4547249,44.3,32.09
4547551,44.3,32.09
4547853,44.3,32.09
4548155,44.3,32.10
4548457,44.3,32.11
4548759,44.3,32.10
4549061,44.3,32.10
4549363,44.3,32.10
4549665,44.3,32.10
4549967,44.3,32.10
4550269,44.3,32.10
4550571,44.3,32.10
4550873,44.3,32.10
4551175,44.3,32.10
4551477,44.3,32.10
4551779,44.3,32.10
4552081,44.3,32.10
4552383,44.3,32.11
4552685,44.3,32.11
4552987,44.3,32.11
4553289,44.3,32.11
4553591,44.3,32.11
4553893,44.3,32.10
4554195,44.3,32.11
4554497,44.3,32.10
4554799,44.3,32.10
4555101,44.3,32.11
4555403,44.3,32.11
4555705,44.3,32.11
4556007,44.3,32.10
4556309,45.3,32.10
4556611,44.3,32.10
4556913,44.3,32.10
4557215,44.3,32.09
4557517,44.3,32.09
4557819,44.3,32.09
4558121,44.3,32.09
4558423,44.3,32.09
4558725,44.3,32.09
4559027,44.3,32.09
4559329,44.3,32.08
4559631,44.3,32.09
4559933,44.3,32.10
4560235,44.3,32.09
4560537,44.3,32.09
4560839,44.3,32.10
4561141,44.3,32.09
4561443,44.3,32.09
4561745,44.3,32.09
4562047,44.3,32.09
4562349,44.3,32.09
4562651,44.3,32.08
4562953,44.3,32.09
4563255,44.3,32.09
4563557,44.3,32.10
4563859,44.3,32.09
4564161,44.3,32.10
4564463,44.3,32.10
4564765,44.3,32.10
4565067,44.3,32.11
4565369,44.3,32.11
4565671,44.3,32.11
4565973,44.3,32.11
4566275,44.3,32.11
4566577,44.3,32.11
4566879,44.3,32.12
4567181,44.3,32.12
4567483,44.3,32.12
4567785,44.3,32.12
4568087,44.3,32.12
4568389,44.3,32.12
4568691,44.3,32.12
4568993,44.3,32.12
4569295,44.3,32.13
4569597,45.3,32.13
4569899,44.3,32.13
4570201,44.3,32.13
4570503,44.3,32.13
4570805,44.3,32.13
4571107,44.3,32.13
4571409,44.3,32.13
4571711,44.3,32.14
4572013,44.3,32.14
4572315,44.3,32.14
4572617,44.3,32.14
4572919,44.3,32.14
4573221,44.3,32.14
4573523,44.3,32.14
4573825,44.3,32.14
4574127,44.3,32.14
4574429,44.3,32.15
4574731,44.3,32.15
4575033,44.3,32.15
4575335,44.3,32.15
4575637,44.3,32.15
4575939,44.3,32.15
4576241,44.3,32.15
4576543,44.3,32.15
4576845,44.3,32.15
4577147,44.3,32.15
4577449,44.3,32.15
4577751,44.3,32.15
4578053,44.3,32.16
4578355,44.3,32.16
4578657,44.3,32.16
4578959,44.3,32.16
4579261,44.3,32.16
4579563,44.3,32.15
4579865,44.3,32.16
4580167,44.3,32.16
4580469,44.3,32.16
4580771,44.3,32.16
4581073,45.3,32.16
4581375,44.3,32.16
4581677,44.3,32.16
4581979,44.3,32.16
4582281,44.3,32.16
4582583,44.3,32.16
4582885,44.3,32.16
4583187,44.3,32.16
4583489,44.3,32.17
4583791,44.3,32.16
4584093,45.3,32.16
4584395,44.3,32.17
4584697,44.3,32.16
4584999,44.3,32.16
4585301,44.3,32.16
4585603,44.3,32.16
4585905,44.3,32.16
4586207,44.3,32.16
4586509,44.3,32.16
4586811,44.3,32.17
4587113,44.3,32.17
4587415,44.3,32.16
4587717,44.3,32.16
4588019,44.3,32.16
4588321,44.3,32.16
4588623,44.3,32.16
4588925,44.3,32.16
4589227,44.3,32.16
4589529,44.3,32.16
4589831,44.3,32.16
4590133,44.3,32.16
4590435,44.3,32.16
4590737,44.3,32.16
4591039,44.3,32.16
4591341,44.3,32.15
4591643,44.3,32.15
4591945,44.3,32.16
4592247,44.3,32.16
4592549,44.3,32.16
4592851,44.3,32.16
4593153,44.3,32.16
4593455,44.3,32.17
4593757,44.3,32.16
4594059,44.3,32.16
4594361,44.3,32.17
4594663,44.3,32.16
4594965,44.3,32.16
4595267,44.3,32.16
4595569,44.3,32.17
4595871,44.3,32.16
4596173,44.3,32.17
4596475,44.3,32.16
4596777,45.3,32.16
4597079,44.3,32.16
4597381,44.3,32.15
4597683,44.3,32.16
4597985,44.3,32.15
4598287,44.3,32.15
4598589,44.3,32.15
4598891,44.3,32.16
4599193,44.3,32.16
4599495,44.3,32.16
4599797,44.3,32.16
4600099,44.3,32.17
4600401,44.3,32.17
4600703,44.3,32.16
4601005,44.3,32.17
4601307,44.3,32.17
4601609,44.3,32.17
4601911,44.3,32.17
4602213,44.3,32.17
4602515,44.3,32.16
4602817,44.3,32.17
4603119,44.3,32.17
4603421,44.3,32.17
4603723,44.3,32.17
4604025,44.3,32.16
4604327,44.3,32.17
4604629,44.3,32.17
4604931,44.3,32.17
4605233,44.3,32.17
4605535,44.3,32.17
4605837,44.3,32.17
4606139,44.3,32.18
4606441,44.3,32.18
4606743,44.3,32.18
4607045,44.3,32.18
4607347,44.3,32.18
4607649,44.3,32.18
4607951,44.3,32.18
4608253,44.3,32.18
4608555,44.3,32.18
4608857,44.3,32.18
4609159,44.3,32.18
4609461,44.3,32.18
4609763,44.3,32.18
4610065,44.3,32.19
4610367,44.3,32.19
4610669,44.3,32.19
4610971,45.3,32.19
4611273,45.3,32.19
4611575,44.3,32.19
4611877,44.3,32.19
4612179,44.3,32.19
4612481,44.3,32.19
4612783,44.3,32.19
4613085,44.3,32.20
4613387,44.3,32.20
4613689,44.3,32.20
4613991,44.3,32.20
4614293,44.3,32.20
4614595,44.3,32.20
4614897,44.3,32.20
4615199,44.3,32.20
4615501,44.3,32.20
4615803,44.3,32.20
4616105,44.3,32.21
4616407,44.3,32.20
4616709,44.3,32.20
4617011,44.3,32.20
4617313,44.3,32.21
4617615,44.3,32.21
4617917,44.3,32.21
4618219,44.3,32.21
4618521,44.3,32.21
4618823,44.3,32.21
4619125,44.3,32.22
4619427,44.3,32.21
4619729,44.3,32.21
4620031,44.3,32.22
4620333,44.3,32.22
4620635,44.3,32.22
4620937,44.3,32.22
4621239,44.3,32.22
4621541,44.3,32.22
4621843,44.3,32.22
4622145,44.3,32.22
4622447,44.3,32.23
4622749,44.3,32.22
4623051,44.3,32.22
4623353,44.3,32.23
4623655,44.3,32.22
4623957,44.3,32.22
4624259,44.3,32.23
4624561,44.3,32.23
4624863,44.3,32.23
4625165,44.3,32.22
4625467,44.3,32.23
4625769,44.3,32.23
4626071,44.3,32.23
4626373,44.3,32.23
4626675,44.3,32.23
4626977,44.3,32.23
4627279,44.3,32.23
4627581,44.3,32.23
4627883,44.3,32.23
4628185,44.3,32.23
4628487,44.3,32.24
4628789,44.3,32.24
4629091,44.3,32.24
4629393,44.3,32.24
4629695,44.3,32.24
4629997,44.3,32.24
4630299,44.3,32.24
4630601,44.3,32.24
4630903,44.3,32.24
4631205,44.3,32.24
4631507,44.3,32.24
4631809,44.3,32.24
4632111,44.3,32.24
4632413,44.3,32.24
4632715,44.3,32.23
4633017,44.3,32.24
4633319,44.3,32.23
4633621,44.3,32.24
4633923,44.3,32.24
4634225,44.3,32.24
4634527,44.3,32.24
4634829,44.3,32.24
4635131,44.3,32.25
4635433,44.3,32.25
4635735,44.3,32.25
4636037,44.3,32.25
4636339,44.3,32.25
4636641,44.3,32.25
4636943,45.3,32.25
4637245,44.3,32.25
4637547,44.3,32.25
4637849,44.3,32.25
4638151,44.3,32.25
4638453,44.3,32.25
4638755,44.3,32.26
4639057,44.3,32.26
4639359,44.3,32.26
4639661,44.3,32.26
4639963,44.3,32.26
4640265,44.3,32.25
4640567,44.3,32.25
4640869,44.3,32.25
4641171,44.3,32.25
4641473,44.3,32.25
4641775,44.3,32.25
4642077,44.3,32.24
4642379,44.3,32.24
4642681,44.3,32.24
4642983,44.3,32.23
4643285,44.3,32.22
4643587,44.3,32.23
4643889,44.3,32.21
4644191,44.3,32.21
4644493,44.3,32.21
4644795,44.3,32.21
4645097,44.3,32.22
4645399,44.3,32.22
4645701,44.3,32.22
4646003,44.3,32.23
4646305,44.3,32.23
4646607,44.3,32.23
4646909,44.3,32.23
4647211,44.3,32.23
4647513,44.3,32.24
4647815,44.3,32.24
4648117,44.3,32.24
4648419,44.3,32.24
4648721,44.3,32.24
4649023,44.3,32.24
4649325,45.3,32.24
4649627,44.3,32.24
4649929,44.3,32.25
4650231,44.3,32.24
4650533,44.3,32.24
4650835,44.3,32.24
4651137,44.3,32.24
4651439,44.3,32.24
4651741,44.3,32.24
4652043,44.3,32.23
4652345,44.3,32.23
4652647,44.3,32.24
4652949,44.3,32.24
4653251,44.3,32.24
4653553,44.3,32.24
4653855,44.3,32.25
4654157,44.3,32.25
4654459,44.3,32.25
4654761,44.3,32.25
4655063,44.3,32.25
4655365,44.3,32.25
4655667,44.3,32.25
4655969,44.3,32.25
4656271,44.3,32.25
4656573,44.3,32.25
4656875,44.3,32.25
4657177,44.3,32.25
4657479,44.3,32.25
4657781,44.3,32.26
4658083,44.3,32.25
4658385,44.3,32.26
4658687,44.3,32.26
4658989,44.3,32.26
4659291,44.3,32.26
4659593,44.3,32.26
4659895,44.3,32.26
4660197,45.3,32.26
4660499,44.3,32.26
4660801,45.3,32.26
4661103,45.3,32.26
4661405,45.3,32.26
4661707,44.3,32.26
4662009,44.3,32.27
4662311,44.3,32.27
4662613,44.3,32.27
4662915,44.3,32.27
4663217,44.3,32.27
4663519,44.3,32.27
4663821,44.3,32.27
4664123,45.3,32.27
4664425,44.3,32.28
4664727,44.3,32.28
4665029,44.3,32.28
4665331,44.3,32.28
4665633,44.3,32.28
4665935,44.3,32.28
4666237,44.3,32.29
4666539,44.3,32.29
4666841,44.3,32.29
4667143,44.3,32.29
4667445,44.3,32.29
4667747,44.3,32.29
4668049,44.3,32.29
4668351,44.3,32.29
4668653,44.3,32.29
4668955,44.3,32.29
4669257,44.3,32.29
4669559,44.3,32.29
4669861,44.3,32.30
4670163,45.3,32.30
4670465,44.3,32.30
4670767,45.3,32.30
4671069,44.3,32.30
4671371,44.3,32.30
4671673,44.3,32.30
4671975,44.3,32.31
4672277,44.3,32.30
4672579,44.3,32.31
4672881,44.3,32.31
4673183,44.3,32.31
4673485,44.3,32.31
4673787,44.3,32.32
4674089,44.3,32.32
4674391,44.3,32.32
4674693,44.3,32.32
4674995,44.3,32.32
4675297,44.3,32.32
4675599,44.3,32.33
4675901,44.3,32.33
4676203,44.3,32.33
4676505,44.3,32.33
4676807,44.3,32.33
4677109,44.3,32.33
4677411,44.3,32.34
4677713,44.3,32.34
4678015,44.3,32.34
4678317,44.3,32.35
4678619,44.3,32.36
4678921,44.3,32.37
4679223,44.3,32.38
4679525,44.3,32.38
4679827,44.3,32.38
4680129,44.3,32.39
4680431,44.3,32.39
4680733,44.3,32.40
4681035,44.3,32.40
4681337,44.3,32.40
4681639,44.3,32.41
4681941,44.3,32.41
4682243,44.3,32.41
4682545,44.3,32.41
4682847,44.3,32.41
4683149,44.3,32.41
4683451,44.3,32.41
4683753,45.3,32.41
4684055,44.3,32.42
4684357,44.3,32.42
4684659,44.3,32.42
4684961,44.3,32.43
4685263,44.3,32.43
4685565,44.3,32.43
4685867,44.3,32.43
4686169,44.3,32.44
4686471,44.3,32.44
4686773,44.3,32.45
4687075,44.3,32.45
4687377,44.3,32.45
4687679,44.3,32.45
4687981,45.3,32.45
4688283,44.3,32.46
4688585,44.3,32.46
4688887,45.3,32.46
4689189,44.3,32.47
4689491,45.3,32.47
4689793,44.3,32.47
4690095,45.3,32.47
4690397,44.3,32.48
4690699,44.3,32.48
4691001,44.3,32.49
4691303,44.3,32.49
4691605,44.3,32.49
4691907,44.3,32.50
4692209,44.3,32.50
4692511,44.3,32.49
4692813,44.3,32.50
4693115,44.3,32.51
4693417,44.3,32.50
4693719,44.3,32.51
4694021,44.3,32.51
4694323,44.3,32.52
4694625,45.3,32.51
4694927,45.3,32.52
4695229,44.3,32.52
4695531,44.3,32.52
4695833,44.3,32.52
4696135,44.3,32.53
4696437,44.3,32.53
4696739,44.3,32.53
4697041,44.3,32.53
4697343,44.3,32.53
4697645,44.3,32.53
4697947,44.3,32.54
4698249,45.3,32.54
4698551,44.3,32.55
4698853,44.3,32.54
4699155,44.3,32.55
4699457,44.3,32.55
4699759,44.3,32.55
4700061,44.3,32.55
4700363,44.3,32.56
4700665,44.3,32.56
4700967,44.3,32.56
4701269,44.3,32.56
4701571,44.3,32.56
4701873,44.3,32.57
4702175,44.3,32.56
4702477,44.3,32.57
4702779,44.3,32.57
4703081,44.3,32.58
4703383,44.3,32.58
4703685,44.3,32.58
4703987,44.3,32.57
4704289,44.3,32.58
4704591,44.3,32.58
4704893,45.3,32.57
4705195,44.3,32.58
4705497,44.3,32.59
4705799,44.3,32.58
4706101,44.3,32.58
4706403,44.3,32.58
4706705,44.3,32.59
4707007,44.3,32.59
4707309,44.3,32.59
4707611,44.3,32.59
4707913,44.3,32.59
4708215,44.3,32.59
4708517,44.3,32.60
4708819,44.3,32.60
4709121,44.3,32.61
4709423,44.3,32.60
4709725,44.3,32.60
4710027,45.3,32.61
4710329,44.3,32.61
4710631,44.3,32.61
4710933,45.3,32.62
4711235,44.3,32.62
4711537,44.3,32.62
4711839,44.3,32.62
4712141,44.3,32.62
4712443,44.3,32.62
4712745,44.3,32.62
4713047,44.3,32.62
4713349,44.3,32.62
4713651,44.3,32.62
4713953,44.3,32.63
4714255,44.3,32.63
4714557,45.3,32.64
4714859,45.3,32.63
4715161,44.3,32.63
4715463,44.3,32.63
4715765,44.3,32.64
4716067,44.3,32.65
4716369,44.3,32.64
4716671,44.3,32.65
4716973,44.3,32.64
4717275,44.3,32.65
4717577,44.3,32.65
4717879,44.3,32.65
4718181,44.3,32.65
4718483,45.3,32.65
4718785,45.3,32.64
4719087,44.3,32.62
4719389,44.3,32.62
4719691,44.3,32.62
4719993,44.3,32.62
4720295,44.3,32.61
4720597,44.3,32.59
4720899,44.3,32.58
4721201,44.3,32.57
4721503,44.3,32.57
4721805,44.3,32.58
4722107,44.3,32.59
4722409,44.3,32.59
4722711,44.3,32.59
4723013,44.3,32.58
4723315,44.3,32.58
4723617,44.3,32.57
4723919,44.3,32.55
4724221,44.3,32.54
4724523,44.3,32.53
4724825,44.3,32.52
4725127,44.3,32.49
4725429,45.3,32.46
4725731,44.3,32.43
4726033,44.3,32.41
4726335,44.3,32.40
4726637,44.3,32.38
4726939,44.3,32.37
4727241,44.3,32.36
4727543,45.3,32.35
4727845,44.3,32.33
4728147,44.3,32.32
4728449,44.3,32.32
4728751,44.3,32.32
4729053,44.3,32.32
4729355,44.3,32.31
4729657,44.3,32.29
4729959,44.3,32.28
4730261,44.3,32.26
4730563,44.3,32.24
4730865,44.3,32.23
4731167,44.3,32.22
4731469,44.3,32.24
4731771,44.3,32.25
4732073,44.3,32.27
4732375,44.3,32.28
4732677,44.3,32.28
4732979,44.3,32.29
4733281,44.3,32.29
4733583,45.3,32.29
4733885,45.3,32.29
4734187,44.3,32.29
4734489,44.3,32.30
4734791,44.3,32.30
4735093,44.3,32.29
4735395,44.3,32.30
4735697,44.3,32.30
4735999,44.3,32.31
4736301,44.3,32.31
4736603,44.3,32.31
4736905,44.3,32.31
4737207,44.3,32.31
4737509,44.3,32.32
4737811,44.3,32.32
4738113,44.3,32.32
4738415,44.3,32.32
4738717,44.3,32.32
4739019,44.3,32.32
4739321,44.3,32.33
4739623,44.3,32.33
4739925,44.3,32.33
4740227,44.3,32.33
4740529,44.3,32.34
4740831,44.3,32.34
4741133,44.3,32.34
4741435,44.3,32.35
4741737,44.3,32.35
4742039,44.3,32.35
4742341,44.3,32.35
4742643,44.3,32.36
4742945,44.3,32.36
4743247,45.3,32.36
4743549,45.3,32.37
4743851,45.3,32.37
4744153,44.3,32.38
4744455,44.3,32.38
4744757,44.3,32.39
4745059,44.3,32.39
4745361,44.3,32.39
4745663,44.3,32.40
4745965,44.3,32.40
4746267,44.3,32.40
4746569,44.3,32.40
4746871,44.3,32.40
4747173,44.3,32.41
4747475,44.3,32.41
4747777,44.3,32.41
4748079,44.3,32.42
4748381,44.3,32.42
4748683,44.3,32.42
4748985,44.3,32.42
4749287,44.3,32.42
4749589,44.3,32.43
4749891,44.3,32.42
4750193,44.3,32.43
4750495,44.3,32.43
4750797,45.3,32.43
4751099,44.3,32.43
4751401,44.3,32.43
4751703,44.3,32.42
4752005,44.3,32.42
4752307,44.3,32.42
4752609,45.3,32.42
4752911,45.3,32.42
4753213,45.3,32.42
4753515,45.3,32.42
4753817,45.3,32.41
4754119,44.3,32.40
4754421,44.3,32.39
4754723,44.3,32.38
4755025,44.3,32.37
4755327,44.3,32.37
4755629,44.3,32.37
4755931,44.3,32.37
4756233,44.3,32.38
4756535,44.3,32.37
4756837,44.3,32.38
4757139,45.3,32.38
4757441,44.3,32.38
4757743,45.3,32.38
4758045,44.3,32.39
4758347,44.3,32.39
4758649,44.3,32.39
4758951,44.3,32.40
4759253,44.3,32.40
4759555,44.3,32.40
4759857,44.3,32.40
4760159,44.3,32.40
4760461,45.3,32.40
4760763,45.3,32.40
4761065,44.3,32.41
4761367,44.3,32.41
4761669,44.3,32.42
4761971,45.3,32.42
4762273,45.3,32.42
4762575,44.3,32.42
4762877,44.3,32.42
4763179,44.3,32.43
4763481,44.3,32.43
4763783,45.3,32.44
4764085,45.3,32.45
4764387,44.3,32.45
4764689,44.3,32.45
4764991,44.3,32.45
4765293,45.3,32.46
4765595,44.3,32.46
4765897,44.3,32.47
4766199,44.3,32.47
4766501,44.3,32.47
4766803,45.3,32.48
4767105,45.3,32.48
4767407,45.3,32.48
4767709,44.3,32.49
4768011,45.3,32.49
4768313,44.3,32.49
4768615,45.3,32.49
4768917,44.3,32.49
4769219,44.3,32.50
4769521,44.3,32.50
4769823,44.3,32.50
4770125,44.3,32.51
4770427,44.3,32.52
4770729,44.3,32.52
4771031,45.3,32.52
4771333,44.3,32.53
4771635,44.3,32.53
4771937,44.3,32.54
4772239,44.3,32.54
4772541,44.3,32.54
4772843,44.3,32.54
4773145,44.3,32.54
4773447,44.3,32.55
4773749,44.3,32.55
4774051,44.3,32.55
4774353,44.3,32.55
4774655,44.3,32.56
4774957,44.3,32.56
4775259,44.3,32.56
4775561,44.3,32.57
4775863,44.3,32.57
4776165,44.3,32.57
4776467,44.3,32.57
4776769,44.3,32.58
4777071,44.3,32.59
4777373,44.3,32.59
4777675,44.3,32.59
4777977,44.3,32.60
4778279,44.3,32.60
4778581,44.3,32.61
4778883,44.3,32.61
4779185,44.3,32.61
4779487,44.3,32.61
4779789,44.3,32.61
4780091,45.3,32.62
4780393,44.3,32.62
4780695,44.3,32.62
4780997,44.3,32.63
4781299,44.3,32.63
4781601,44.3,32.63
4781903,44.3,32.63
4782205,44.3,32.63
4782507,45.3,32.64
4782809,45.3,32.64
4783111,45.3,32.64
4783413,44.3,32.65
4783715,45.3,32.65
4784017,45.3,32.66
4784319,45.3,32.66
4784621,45.3,32.66
4784923,45.3,32.67
4785225,45.3,32.67
4785527,45.3,32.67
4785829,45.3,32.68
4786131,44.3,32.68
4786433,45.3,32.69
4786735,45.3,32.69
4787037,44.3,32.69
4787339,44.3,32.69
4787641,44.3,32.69
4787943,44.3,32.68
4788245,44.3,32.68
4788547,44.3,32.68
4788849,45.3,32.69
4789151,44.3,32.68
4789453,44.3,32.68
4789755,44.3,32.67
4790057,44.3,32.67
4790359,44.3,32.67
4790661,45.3,32.67
4790963,45.3,32.66
4791265,44.3,32.66
4791567,44.3,32.66
4791869,45.3,32.66
4792171,44.3,32.66
4792473,45.3,32.65
4792775,45.3,32.64
4793077,44.3,32.63
4793379,44.3,32.63
4793681,44.3,32.63
4793983,45.3,32.63
4794285,45.3,32.62
4794587,45.3,32.60
4794889,45.3,32.58
4795191,45.3,32.57
4795493,45.3,32.56
4795795,45.3,32.56
4796097,45.3,32.57
4796399,44.3,32.57
4796701,44.3,32.57
4797003,45.3,32.58
4797305,45.3,32.58
4797607,45.3,32.59
4797909,44.3,32.59
4798211,45.3,32.59
4798513,45.3,32.59
4798815,45.3,32.60
4799117,45.3,32.59
4799419,45.3,32.59
4799721,45.3,32.59
4800023,45.3,32.58
4800325,45.3,32.57
4800627,45.3,32.57
4800929,44.3,32.56
4801231,45.3,32.56
4801533,45.3,32.56
4801835,45.3,32.55
4802137,45.3,32.53
4802439,45.3,32.52
4802741,45.3,32.50
4803043,45.3,32.49
4803345,45.3,32.48
4803647,45.3,32.48
4803949,44.3,32.48
4804251,44.3,32.48
4804553,45.3,32.49
4804855,44.3,32.49
4805157,44.3,32.50
4805459,45.3,32.50
4805761,45.3,32.50
4806063,45.3,32.51
4806365,45.3,32.51
4806667,45.3,32.51
4806969,45.3,32.51
4807271,45.3,32.51
4807573,45.3,32.51
4807875,45.3,32.51
4808177,45.3,32.51
4808479,44.3,32.50
4808781,45.3,32.50
4809083,45.3,32.50
4809385,45.3,32.51
4809687,45.3,32.50
4809989,44.3,32.51
4810291,44.3,32.51
4810593,44.3,32.52
4810895,44.3,32.52
4811197,45.3,32.53
4811499,45.3,32.53
4811801,45.3,32.53
4812103,45.3,32.54
4812405,45.3,32.53
4812707,45.3,32.54
4813009,45.3,32.54
4813311,44.3,32.54
4813613,44.3,32.54
4813915,44.3,32.54
4814217,45.3,32.54
4814519,44.3,32.54
4814821,44.3,32.54
4815123,45.3,32.53
4815425,45.3,32.54
4815727,45.3,32.54
4816029,45.3,32.54
4816331,45.3,32.53
4816633,45.3,32.53
4816935,45.3,32.53
4817237,45.3,32.53
4817539,45.3,32.53
4817841,45.3,32.53
4818143,45.3,32.53
4818445,45.3,32.53
4818747,45.3,32.53
4819049,45.3,32.54
4819351,45.3,32.55
4819653,45.3,32.55
4819955,45.3,32.55
4820257,45.3,32.55
4820559,45.3,32.55
4820861,45.3,32.55
4821163,45.3,32.54
4821465,45.3,32.54
4821767,45.3,32.54
4822069,45.3,32.55
4822371,45.3,32.55
4822673,45.3,32.55
4822975,45.3,32.56
4823277,45.3,32.56
4823579,45.3,32.57
4823881,45.3,32.58
4824183,45.3,32.58
4824485,45.3,32.58
4824787,45.3,32.58
4825089,45.3,32.57
4825391,45.3,32.57
4825693,45.3,32.56
4825995,45.3,32.56
4826297,45.3,32.55
4826599,45.3,32.55
4826901,44.3,32.55
4827203,44.3,32.54
4827505,45.3,32.55
4827807,45.3,32.54
4828109,45.3,32.55
4828411,45.3,32.55
4828713,45.3,32.55
4829015,45.3,32.55
4829317,45.3,32.55
4829619,45.3,32.55
4829921,45.3,32.54
4830223,45.3,32.54
4830525,45.3,32.52
4830827,45.3,32.52
4831129,45.3,32.51
4831431,45.3,32.50
4831733,45.3,32.50
4832035,45.3,32.50
4832337,45.3,32.49
4832639,45.3,32.50
4832941,45.3,32.51
4833243,45.3,32.52
4833545,44.3,32.53
4833847,44.3,32.54
4834149,45.3,32.54
4834451,45.3,32.54
4834753,45.3,32.55
4835055,45.3,32.55
4835357,45.3,32.55
4835659,44.3,32.56
4835961,45.3,32.56
4836263,45.3,32.55
4836565,45.3,32.56
4836867,45.3,32.56
4837169,45.3,32.56
4837471,45.3,32.56
4837773,45.3,32.55
4838075,44.3,32.56
4838377,45.3,32.56
4838679,45.3,32.57
4838981,44.3,32.57
4839283,45.3,32.58
4839585,45.3,32.59
4839887,45.3,32.60
4840189,45.3,32.60
4840491,45.3,32.61
4840793,45.3,32.61
4841095,45.3,32.62
4841397,45.3,32.63
4841699,45.3,32.63
4842001,44.3,32.63
4842303,44.3,32.64
4842605,45.3,32.64
4842907,45.3,32.64
4843209,45.3,32.64
4843511,45.3,32.64
4843813,45.3,32.65
4844115,45.3,32.65
4844417,45.3,32.65
4844719,45.3,32.65
4845021,45.3,32.65
4845323,45.3,32.65
4845625,45.3,32.65
4845927,45.3,32.64
4846229,45.3,32.63
4846531,45.3,32.63
4846833,45.3,32.62
4847135,45.3,32.62
4847437,45.3,32.61
4847739,45.3,32.61
4848041,45.3,32.61
4848343,45.3,32.61
4848645,45.3,32.61
4848947,45.3,32.61
4849249,44.3,32.61
4849551,45.3,32.61
4849853,45.3,32.61
4850155,45.3,32.61
4850457,45.3,32.61
4850759,45.3,32.61
4851061,45.3,32.61
4851363,45.3,32.60
4851665,45.3,32.60
4851967,45.3,32.59
4852269,45.3,32.59
4852571,45.3,32.59
4852873,45.3,32.59
4853175,45.3,32.59
4853477,45.3,32.60
4853779,45.3,32.61
4854081,45.3,32.61
4854383,45.3,32.61
4854685,45.3,32.61
4854987,45.3,32.61
4855289,45.3,32.61
4855591,45.3,32.60
4855893,46.3,32.60
4856195,45.3,32.60
4856497,45.3,32.60
4856799,45.3,32.60
4857101,45.3,32.60
4857403,45.3,32.60
4857705,45.3,32.59
4858007,45.3,32.59
4858309,45.3,32.59
4858611,45.3,32.59
4858913,46.3,32.59
4859215,46.3,32.60
4859517,45.3,32.60
4859819,45.3,32.61
4860121,45.3,32.61
4860423,45.3,32.62
4860725,45.3,32.62
4861027,45.3,32.62
4861329,45.3,32.61
4861631,45.3,32.61
4861933,45.3,32.60
4862235,45.3,32.60
4862537,45.3,32.59
4862839,45.3,32.59
4863141,45.3,32.58
4863443,46.3,32.57
4863745,46.3,32.57
4864047,45.3,32.55
4864349,45.3,32.55
4864651,45.3,32.55
4864953,45.3,32.55
4865255,45.3,32.55
4865557,45.3,32.55
4865859,45.3,32.55
4866161,45.3,32.55
4866463,45.3,32.55
4866765,45.3,32.54
4867067,45.3,32.54
4867369,45.3,32.54
4867671,45.3,32.54
4867973,45.3,32.54
4868275,45.3,32.54
4868577,45.3,32.54
4868879,45.3,32.53
4869181,45.3,32.53
4869483,45.3,32.53
4869785,45.3,32.53
4870087,45.3,32.52
4870389,45.3,32.51
4870691,46.3,32.51
4870993,45.3,32.50
4871295,45.3,32.50
4871597,46.3,32.50
4871899,46.3,32.50
4872201,46.3,32.52
4872503,45.3,32.53
4872805,45.3,32.53
4873107,46.3,32.55
4873409,46.3,32.55
4873711,46.3,32.56
4874013,46.3,32.56
4874315,46.3,32.56
4874617,46.3,32.57
4874919,45.3,32.57
4875221,45.3,32.56
4875523,45.3,32.56
4875825,45.3,32.56
4876127,45.3,32.56
4876429,45.3,32.55
4876731,45.3,32.55
4877033,45.3,32.54
4877335,45.3,32.54
4877637,45.3,32.54
4877939,45.3,32.54
4878241,45.3,32.53
4878543,46.3,32.53
4878845,46.3,32.52
4879147,46.3,32.52
4879449,46.3,32.50
4879751,46.3,32.49
4880053,45.3,32.49
4880355,46.3,32.49
4880657,45.3,32.48
4880959,46.3,32.48
4881261,45.3,32.48
4881563,45.3,32.49
4881865,46.3,32.49
4882167,46.3,32.50
4882469,46.3,32.51
4882771,46.3,32.52
4883073,46.3,32.54
4883375,46.3,32.55
4883677,46.3,32.57
4883979,46.3,32.57
4884281,45.3,32.57
4884583,45.3,32.55
4884885,46.3,32.54
4885187,46.3,32.53
4885489,46.3,32.52
4885791,45.3,32.52
4886093,46.3,32.52
4886395,45.3,32.52
4886697,46.3,32.53
4886999,46.3,32.53
4887301,46.3,32.54
4887603,45.3,32.55
4887905,45.3,32.55
4888207,45.3,32.55
4888509,45.3,32.56
4888811,45.3,32.56
4889113,45.3,32.56
4889415,46.3,32.56
4889717,46.3,32.57
4890019,46.3,32.57
4890321,45.3,32.57
4890623,46.3,32.57
4890925,46.3,32.58
4891227,46.3,32.58
4891529,46.3,32.59
4891831,46.3,32.59
4892133,45.3,32.60
4892435,45.3,32.61
4892737,45.3,32.62
4893039,45.3,32.63
4893341,46.3,32.64
4893643,46.3,32.66
4893945,46.3,32.66
4894247,46.3,32.67
4894549,46.3,32.68
4894851,46.3,32.69
4895153,46.3,32.69
4895455,46.3,32.71
4895757,46.3,32.72
4896059,45.3,32.72
4896361,45.3,32.73
4896663,45.3,32.74
4896965,45.3,32.75
4897267,45.3,32.76
4897569,45.3,32.77
4897871,46.3,32.77
4898173,46.3,32.78
4898475,45.3,32.80
4898777,46.3,32.80
4899079,46.3,32.81
4899381,46.3,32.82
4899683,46.3,32.83
4899985,46.3,32.84
4900287,46.3,32.85
4900589,45.3,32.86
4900891,45.3,32.87
4901193,45.3,32.87
4901495,45.3,32.88
4901797,46.3,32.89
4902099,45.3,32.91
4902401,46.3,32.91
4902703,46.3,32.92
4903005,46.3,32.94
4903307,46.3,32.94
4903609,46.3,32.95
4903911,46.3,32.96
4904213,46.3,32.97
4904515,46.3,32.97
4904817,46.3,32.98
4905119,46.3,32.99
4905421,46.3,33.00
4905723,46.3,33.00
4906025,46.3,33.01
4906327,46.3,33.02
4906629,46.3,33.03
4906931,46.3,33.04
4907233,46.3,33.05
4907535,46.3,33.06
4907837,46.3,33.07
4908139,46.3,33.08
4908441,46.3,33.09
4908743,46.3,33.10
4909045,46.3,33.11
4909347,47.3,33.12
4909649,46.3,33.12
4909951,46.3,33.14
4910253,45.3,33.15
4910555,46.3,33.16
4910857,46.3,33.17
4911159,46.3,33.18
4911461,46.3,33.19
4911763,46.3,33.20
4912065,46.3,33.21
4912367,46.3,33.23
4912669,46.3,33.23
4912971,46.3,33.25
4913273,46.3,33.25
4913575,46.3,33.26
4913877,46.3,33.27
4914179,46.3,33.28
4914481,46.3,33.29
4914783,46.3,33.30
4915085,46.3,33.31
4915387,45.3,33.32
4915689,45.3,33.33
4915991,46.3,33.33
4916293,46.3,33.34
4916595,46.3,33.35
4916897,46.3,33.36
4917199,46.3,33.37
4917501,46.3,33.38
4917803,47.3,33.39
4918105,46.3,33.39
4918407,46.3,33.40
4918709,46.3,33.41
4919011,46.3,33.42
4919313,46.3,33.43
4919615,46.3,33.43
4919917,46.3,33.45
4920219,46.3,33.45
4920521,46.3,33.46
4920823,46.3,33.46
4921125,46.3,33.47
4921427,46.3,33.47
4921729,45.3,33.48
4922031,46.3,33.48
4922333,46.3,33.48
4922635,46.3,33.49
4922937,46.3,33.49
4923239,47.3,33.49
4923541,46.3,33.50
4923843,47.3,33.50
4924145,46.3,33.50
4924447,46.3,33.49
4924749,46.3,33.49
4925051,46.3,33.49
4925353,46.3,33.48
4925655,46.3,33.48
4925957,46.3,33.47
4926259,46.3,33.47
4926561,46.3,33.47
4926863,46.3,33.46
4927165,46.3,33.45
4927467,46.3,33.45
4927769,46.3,33.45
4928071,46.3,33.45
4928373,46.3,33.45
4928675,46.3,33.46
4928977,47.3,33.47
4929279,47.3,33.47
4929581,46.3,33.47
4929883,47.3,33.48
4930185,47.3,33.48
4930487,47.3,33.49
4930789,46.3,33.49
4931091,46.3,33.49
4931393,46.3,33.48
4931695,46.3,33.47
4931997,46.3,33.47
4932299,46.3,33.46
4932601,46.3,33.46
4932903,46.3,33.46
4933205,46.3,33.47
4933507,46.3,33.47
4933809,46.3,33.47
4934111,46.3,33.48
4934413,46.3,33.48
4934715,46.3,33.49
4935017,46.3,33.50
4935319,46.3,33.50
4935621,46.3,33.50
4935923,46.3,33.50
4936225,46.3,33.50
4936527,46.3,33.50
4936829,47.3,33.49
4937131,47.3,33.49
4937433,46.3,33.48
4937735,47.3,33.47
4938037,47.3,33.46
4938339,47.3,33.47
4938641,47.3,33.49
4938943,46.3,33.51
4939245,46.3,33.53
4939547,46.3,33.55
4939849,46.3,33.55
4940151,46.3,33.56
4940453,46.3,33.57
4940755,46.3,33.57
4941057,46.3,33.59
4941359,46.3,33.60
4941661,46.3,33.63
4941963,46.3,33.64
4942265,46.3,33.66
4942567,47.3,33.67
4942869,46.3,33.68
4943171,46.3,33.69
4943473,46.3,33.69
4943775,46.3,33.69
4944077,46.3,33.68
4944379,47.3,33.66
4944681,47.3,33.63
4944983,47.3,33.62
4945285,47.3,33.61
4945587,47.3,33.60
4945889,47.3,33.60
4946191,47.3,33.61
4946493,47.3,33.60
4946795,46.3,33.60
4947097,47.3,33.59
4947399,47.3,33.58
4947701,47.3,33.56
4948003,47.3,33.55
4948305,46.3,33.53
4948607,46.3,33.51
4948909,47.3,33.50
4949211,46.3,33.48
4949513,46.3,33.47
4949815,47.3,33.46
4950117,47.3,33.46
4950419,47.3,33.45
4950721,47.3,33.44
4951023,47.3,33.43
4951325,47.3,33.41
4951627,47.3,33.40
4951929,47.3,33.40
4952231,46.3,33.39
4952533,47.3,33.38
4952835,46.3,33.38
4953137,47.3,33.37
4953439,47.3,33.35
4953741,47.3,33.32
4954043,47.3,33.31
4954345,47.3,33.30
4954647,47.3,33.30
4954949,47.3,33.30
4955251,47.3,33.29
4955553,46.3,33.29
4955855,46.3,33.30
4956157,46.3,33.29
4956459,46.3,33.29
4956761,47.3,33.28
4957063,47.3,33.27
4957365,47.3,33.25
4957667,47.3,33.24
4957969,47.3,33.24
4958271,47.3,33.23
4958573,47.3,33.22
4958875,47.3,33.22
4959177,46.3,33.22
4959479,46.3,33.23
4959781,46.3,33.23
4960083,46.3,33.23
4960385,46.3,33.23
4960687,46.3,33.22
4960989,46.3,33.22
4961291,47.3,33.20
4961593,47.3,33.19
4961895,47.3,33.19
4962197,47.3,33.18
4962499,46.3,33.18
4962801,46.3,33.19
4963103,46.3,33.19
4963405,47.3,33.20
4963707,47.3,33.20
4964009,47.3,33.21
4964311,47.3,33.21
4964613,47.3,33.21
4964915,46.3,33.21
4965217,46.3,33.21
4965519,46.3,33.21
4965821,46.3,33.21
4966123,47.3,33.21
4966425,46.3,33.21
4966727,46.3,33.21
4967029,47.3,33.21
4967331,47.3,33.21
4967633,47.3,33.20
4967935,47.3,33.20
4968237,47.3,33.20
4968539,47.3,33.20
4968841,47.3,33.20
4969143,46.3,33.21
4969445,46.3,33.20
4969747,47.3,33.21
4970049,46.3,33.22
4970351,46.3,33.23
4970653,46.3,33.24
4970955,46.3,33.24
4971257,46.3,33.26
4971559,47.3,33.26
4971861,47.3,33.27
4972163,46.3,33.28
4972465,47.3,33.28
4972767,47.3,33.29
4973069,47.3,33.30
4973371,47.3,33.30
4973673,47.3,33.29
4973975,47.3,33.30
4974277,47.3,33.31
4974579,47.3,33.32
4974881,47.3,33.33
4975183,47.3,33.35
4975485,47.3,33.35
4975787,46.3,33.35
4976089,47.3,33.35
4976391,47.3,33.34
4976693,47.3,33.33
4976995,47.3,33.33
4977297,47.3,33.33
4977599,47.3,33.33
4977901,47.3,33.33
4978203,47.3,33.33
4978505,47.3,33.33
4978807,47.3,33.33
4979109,47.3,33.33
4979411,47.3,33.33
4979713,47.3,33.34
4980015,47.3,33.33
4980317,47.3,33.34
4980619,47.3,33.35
4980921,47.3,33.35
4981223,47.3,33.35
4981525,47.3,33.35
4981827,47.3,33.36
4982129,47.3,33.36
4982431,47.3,33.36
4982733,47.3,33.36
4983035,47.3,33.37
4983337,47.3,33.37
4983639,48.3,33.38
4983941,47.3,33.39
4984243,47.3,33.40
4984545,47.3,33.41
4984847,47.3,33.42
4985149,46.3,33.43
4985451,47.3,33.44
4985753,47.3,33.44
4986055,47.3,33.44
4986357,47.3,33.43
4986659,47.3,33.43
4986961,47.3,33.43
4987263,47.3,33.43
4987565,47.3,33.44
4987867,47.3,33.43
4988169,47.3,33.43
4988471,47.3,33.43
4988773,47.3,33.43
4989075,47.3,33.43
4989377,47.3,33.43
4989679,47.3,33.43
4989981,46.3,33.42
4990283,46.3,33.43
4990585,46.3,33.43
4990887,47.3,33.44
4991189,47.3,33.44
4991491,47.3,33.44
4991793,47.3,33.44
4992095,47.3,33.44
4992397,47.3,33.44
4992699,47.3,33.43
4993001,47.3,33.43
4993303,46.3,33.42
4993605,47.3,33.42
4993907,47.3,33.42
4994209,47.3,33.41
4994511,46.3,33.40
4994813,46.3,33.40
4995115,46.3,33.40
4995417,46.3,33.40
4995719,47.3,33.39
4996021,47.3,33.39
4996323,47.3,33.40
4996625,47.3,33.41
4996927,47.3,33.42
4997229,48.3,33.43
4997531,47.3,33.43
4997833,47.3,33.43
4998135,47.3,33.43
4998437,47.3,33.43
4998739,47.3,33.43
4999041,47.3,33.43
4999343,47.3,33.42
4999645,48.3,33.43
4999947,47.3,33.42
5000249,47.3,33.41
5000551,47.3,33.41
5000853,47.3,33.40
5001155,47.3,33.40
5001457,47.3,33.40
5001759,47.3,33.40
5002061,47.3,33.40
5002363,47.3,33.40
5002665,47.3,33.39
5002967,47.3,33.39
5003269,47.3,33.39
5003571,47.3,33.40
5003873,47.3,33.41
5004175,47.3,33.40
5004477,47.3,33.41
5004779,46.3,33.42
5005081,47.3,33.43
5005383,46.3,33.42
5005685,47.3,33.41
5005987,47.3,33.41
5006289,47.3,33.41
5006591,47.3,33.41
5006893,47.3,33.41
5007195,47.3,33.41
5007497,47.3,33.40
5007799,47.3,33.40
5008101,47.3,33.40
5008403,47.3,33.39
5008705,46.3,33.40
5009007,47.3,33.39
5009309,47.3,33.40
5009611,47.3,33.40
5009913,48.3,33.40
5010215,48.3,33.40
5010517,47.3,33.40
5010819,47.3,33.41
5011121,47.3,33.42
5011423,47.3,33.43
5011725,47.3,33.43
5012027,47.3,33.42
5012329,47.3,33.43
5012631,47.3,33.42
5012933,47.3,33.41
5013235,47.3,33.41
5013537,47.3,33.40
5013839,47.3,33.40
5014141,47.3,33.40
5014443,47.3,33.40
5014745,47.3,33.40
5015047,47.3,33.39
5015349,47.3,33.39
5015651,47.3,33.39
5015953,47.3,33.39
5016255,47.3,33.38
5016557,47.3,33.38
5016859,47.3,33.37
5017161,47.3,33.37
5017463,47.3,33.37
5017765,47.3,33.37
5018067,47.3,33.37
5018369,47.3,33.37
5018671,47.3,33.37
5018973,47.3,33.38
5019275,48.3,33.38
5019577,48.3,33.38
5019879,48.3,33.39
5020181,48.3,33.38
5020483,47.3,33.38
5020785,47.3,33.38
5021087,47.3,33.37
5021389,47.3,33.37
5021691,47.3,33.37
5021993,48.3,33.37
5022295,48.3,33.38
5022597,48.3,33.38
5022899,48.3,33.38
5023201,47.3,33.37
5023503,47.3,33.37
5023805,47.3,33.38
5024107,47.3,33.38
5024409,47.3,33.38
5024711,47.3,33.38
5025013,47.3,33.39
5025315,47.3,33.40
5025617,47.3,33.41
5025919,47.3,33.42
5026221,48.3,33.43
5026523,48.3,33.43
5026825,48.3,33.43
5027127,47.3,33.43
5027429,47.3,33.42
5027731,47.3,33.41
5028033,47.3,33.41
5028335,47.3,33.41
5028637,47.3,33.41
5028939,48.3,33.40
5029241,47.3,33.39
5029543,47.3,33.38
5029845,47.3,33.38
5030147,47.3,33.38
5030449,47.3,33.39
5030751,47.3,33.40
5031053,47.3,33.40
5031355,47.3,33.42
5031657,47.3,33.42
5031959,48.3,33.42
5032261,48.3,33.41
5032563,48.3,33.41
5032865,48.3,33.41
5033167,47.3,33.41
5033469,47.3,33.41
5033771,48.3,33.40
5034073,47.3,33.38
5034375,47.3,33.37
5034677,47.3,33.36
5034979,47.3,33.36
5035281,47.3,33.36
5035583,47.3,33.37
5035885,47.3,33.38
5036187,47.3,33.38
5036489,47.3,33.38
5036791,47.3,33.38
5037093,47.3,33.38
5037395,47.3,33.38
5037697,48.3,33.37
5037999,47.3,33.37
5038301,47.3,33.37
5038603,47.3,33.37
5038905,47.3,33.37
5039207,47.3,33.37
5039509,47.3,33.37
5039811,47.3,33.37
5040113,46.3,33.36
5040415,47.3,33.37
5040717,47.3,33.36
5041019,47.3,33.37
5041321,47.3,33.38
5041623,47.3,33.38
5041925,47.3,33.40
5042227,47.3,33.40
5042529,47.3,33.40
5042831,47.3,33.39
5043133,47.3,33.38
5043435,47.3,33.36
5043737,47.3,33.35
5044039,48.3,33.35
5044341,48.3,33.35
5044643,48.3,33.37
5044945,48.3,33.40
5045247,48.3,33.42
5045549,47.3,33.44
5045851,47.3,33.45
5046153,47.3,33.46
5046455,47.3,33.48
5046757,47.3,33.49
5047059,47.3,33.49
5047361,48.3,33.50
5047663,47.3,33.50
5047965,48.3,33.52
5048267,48.3,33.53
5048569,48.3,33.54
5048871,48.3,33.56
5049173,48.3,33.57
5049475,48.3,33.59
5049777,48.3,33.61
5050079,48.3,33.61
5050381,48.3,33.62
5050683,48.3,33.64
5050985,48.3,33.64
5051287,47.3,33.66
5051589,48.3,33.67
5051891,48.3,33.67
5052193,47.3,33.69
5052495,48.3,33.70
5052797,48.3,33.72
5053099,48.3,33.73
5053401,48.3,33.75
5053703,48.3,33.76
5054005,48.3,33.77
5054307,47.3,33.78
5054609,48.3,33.80
5054911,48.3,33.82
5055213,47.3,33.84
5055515,48.3,33.85
5055817,48.3,33.86
5056119,48.3,33.88
5056421,48.3,33.89
5056723,48.3,33.91
5057025,48.3,33.92
5057327,47.3,33.94
5057629,47.3,33.95
5057931,47.3,33.96
5058233,47.3,33.98
5058535,47.3,33.99
5058837,48.3,34.00
5059139,48.3,34.01
5059441,48.3,34.03
5059743,48.3,34.05
5060045,48.3,34.06
5060347,48.3,34.07
5060649,48.3,34.08
5060951,48.3,34.10
5061253,48.3,34.11
5061555,48.3,34.12
5061857,48.3,34.13
5062159,48.3,34.14
5062461,48.3,34.16
5062763,48.3,34.17
5063065,48.3,34.18
5063367,48.3,34.18
5063669,48.3,34.19
5063971,48.3,34.19
5064273,48.3,34.19
5064575,48.3,34.20
5064877,48.3,34.20
5065179,48.3,34.21
5065481,48.3,34.21
5065783,48.3,34.22
5066085,48.3,34.22
5066387,48.3,34.23
5066689,48.3,34.24
5066991,48.3,34.25
5067293,48.3,34.26
5067595,48.3,34.26
5067897,48.3,34.26
5068199,48.3,34.27
5068501,48.3,34.27
5068803,48.3,34.28
5069105,48.3,34.29
5069407,48.3,34.29
5069709,48.3,34.31
5070011,48.3,34.32
5070313,48.3,34.32
5070615,48.3,34.33
5070917,48.3,34.34
5071219,48.3,34.36
5071521,48.3,34.36
5071823,48.3,34.37
5072125,48.3,34.38
5072427,48.3,34.39
5072729,48.3,34.40
5073031,48.3,34.40
5073333,48.3,34.41
5073635,48.3,34.42
5073937,48.3,34.43
5074239,48.3,34.43
5074541,48.3,34.45
5074843,48.3,34.46
5075145,48.3,34.46
5075447,48.3,34.47
5075749,48.3,34.48
5076051,48.3,34.49
5076353,48.3,34.50
5076655,48.3,34.50
5076957,48.3,34.50
5077259,48.3,34.50
5077561,48.3,34.52
5077863,48.3,34.53
5078165,48.3,34.53
5078467,48.3,34.54
5078769,48.3,34.55
5079071,48.3,34.56
5079373,48.3,34.56
5079675,48.3,34.57
5079977,48.3,34.57
5080279,48.3,34.58
5080581,48.3,34.58
5080883,48.3,34.59
5081185,48.3,34.59
5081487,48.3,34.60
5081789,48.3,34.61
5082091,48.3,34.62
5082393,48.3,34.62
5082695,48.3,34.63
5082997,48.3,34.64
5083299,48.3,34.65
5083601,48.3,34.65
5083903,48.3,34.66
5084205,48.3,34.67
5084507,48.3,34.67
5084809,48.3,34.68
5085111,48.3,34.70
5085413,48.3,34.70
5085715,48.3,34.71
5086017,48.3,34.72
5086319,48.3,34.73
5086621,48.3,34.74
5086923,48.3,34.75
5087225,48.3,34.75
5087527,48.3,34.76
5087829,48.3,34.77
5088131,48.3,34.77
5088433,48.3,34.78
5088735,48.3,34.79
5089037,48.3,34.80
5089339,48.3,34.81
5089641,48.3,34.81
5089943,48.3,34.83
5090245,48.3,34.83
5090547,48.3,34.84
5090849,48.3,34.84
5091151,48.3,34.86
5091453,48.3,34.86
5091755,48.3,34.87
5092057,48.3,34.88
5092359,48.3,34.88
5092661,48.3,34.88
5092963,48.3,34.89
5093265,48.3,34.89
5093567,48.3,34.90
5093869,48.3,34.91
5094171,48.3,34.91
5094473,48.3,34.92
5094775,48.3,34.92
5095077,48.3,34.92
5095379,48.3,34.93
5095681,48.3,34.93
5095983,48.3,34.94
5096285,48.3,34.94
5096587,48.3,34.94
5096889,48.3,34.95
5097191,48.3,34.95
5097493,48.3,34.96
5097795,48.3,34.96
5098097,48.3,34.97
5098399,48.3,34.98
5098701,48.3,34.98
5099003,48.3,34.98
5099305,48.3,34.99
5099607,48.3,35.00
5099909,47.3,35.00
5100211,48.3,35.01
5100513,47.3,35.01
5100815,47.3,35.01
5101117,48.3,35.01
5101419,48.3,35.03
5101721,48.3,35.03
5102023,48.3,35.04
5102325,47.3,35.04
5102627,48.3,35.05
5102929,48.3,35.06
5103231,48.3,35.06
5103533,48.3,35.07
5103835,48.3,35.07
5104137,48.3,35.08
5104439,48.3,35.09
5104741,48.3,35.09
5105043,48.3,35.09
5105345,48.3,35.10
5105647,48.3,35.10
5105949,48.3,35.10
5106251,48.3,35.10
5106553,48.3,35.09
5106855,48.3,35.09
5107157,48.3,35.09
5107459,48.3,35.10
5107761,48.3,35.10
5108063,48.3,35.10
5108365,48.3,35.09
5108667,48.3,35.08
5108969,48.3,35.06
5109271,48.3,35.04
5109573,48.3,35.03
5109875,48.3,35.01
5110177,48.3,35.00
5110479,49.3,34.97
5110781,49.3,34.95
5111083,48.3,34.93
5111385,48.3,34.92
5111687,48.3,34.91
5111989,48.3,34.90
5112291,49.3,34.89
5112593,48.3,34.88
5112895,48.3,34.88
5113197,48.3,34.88
5113499,48.3,34.88
5113801,48.3,34.88
5114103,48.3,34.87
5114405,48.3,34.86
5114707,48.3,34.85
5115009,48.3,34.84
5115311,48.3,34.83
5115613,48.3,34.82
5115915,48.3,34.81
5116217,48.3,34.80
5116519,48.3,34.81
5116821,48.3,34.81
5117123,48.3,34.81
5117425,48.3,34.81
5117727,48.3,34.81
5118029,48.3,34.81
5118331,48.3,34.81
5118633,48.3,34.80
5118935,48.3,34.79
5119237,48.3,34.78
5119539,48.3,34.77
5119841,48.3,34.76
5120143,48.3,34.76
5120445,48.3,34.75
5120747,48.3,34.75
5121049,48.3,34.75
5121351,48.3,34.75
5121653,48.3,34.75
5121955,48.3,34.75
5122257,48.3,34.75
5122559,48.3,34.75
5122861,48.3,34.75
5123163,48.3,34.75
5123465,48.3,34.76
5123767,48.3,34.76
5124069,48.3,34.77
5124371,48.3,34.77
5124673,48.3,34.78
5124975,48.3,34.79
5125277,48.3,34.79
5125579,48.3,34.79
5125881,48.3,34.79
5126183,48.3,34.79
5126485,48.3,34.79
5126787,49.3,34.79
5127089,49.3,34.79
5127391,48.3,34.79
5127693,48.3,34.79
5127995,48.3,34.79
5128297,48.3,34.79
5128599,48.3,34.78
5128901,48.3,34.79
5129203,48.3,34.78
5129505,48.3,34.78
5129807,48.3,34.78
5130109,48.3,34.78
5130411,48.3,34.78
5130713,48.3,34.79
5131015,48.3,34.79
5131317,49.3,34.80
5131619,48.3,34.80
5131921,48.3,34.81
5132223,48.3,34.81
5132525,48.3,34.82
5132827,48.3,34.82
5133129,48.3,34.82
5133431,48.3,34.82
5133733,49.3,34.83
5134035,49.3,34.83
5134337,49.3,34.84
5134639,48.3,34.84
5134941,48.3,34.84
5135243,48.3,34.84
5135545,48.3,34.84
5135847,48.3,34.83
5136149,48.3,34.83
5136451,48.3,34.82
5136753,48.3,34.82
5137055,48.3,34.82
5137357,48.3,34.82
5137659,48.3,34.82
5137961,48.3,34.83
5138263,48.3,34.83
5138565,48.3,34.83
5138867,48.3,34.83
5139169,48.3,34.82
5139471,48.3,34.82
5139773,48.3,34.81
5140075,48.3,34.81
5140377,48.3,34.81
5140679,48.3,34.81
5140981,48.3,34.81
5141283,48.3,34.81
5141585,48.3,34.81
5141887,48.3,34.80
5142189,48.3,34.80
5142491,48.3,34.79
5142793,48.3,34.78
5143095,48.3,34.76
5143397,48.3,34.74
5143699,48.3,34.72
5144001,48.3,34.71
5144303,48.3,34.71
5144605,48.3,34.70
5144907,48.3,34.70
5145209,48.3,34.70
5145511,48.3,34.68
5145813,48.3,34.68
5146115,48.3,34.68
5146417,48.3,34.67
5146719,48.3,34.68
5147021,48.3,34.68
5147323,48.3,34.68
5147625,48.3,34.69
5147927,48.3,34.69
5148229,48.3,34.69
5148531,48.3,34.69
5148833,48.3,34.68
5149135,49.3,34.68
5149437,48.3,34.67
5149739,48.3,34.66
5150041,48.3,34.65
5150343,48.3,34.63
5150645,48.3,34.62
5150947,48.3,34.62
5151249,48.3,34.62
5151551,48.3,34.61
5151853,48.3,34.60
5152155,48.3,34.59
5152457,48.3,34.58
5152759,48.3,34.57
5153061,48.3,34.58
5153363,48.3,34.58
5153665,48.3,34.58
5153967,48.3,34.58
5154269,48.3,34.58
5154571,48.3,34.58
5154873,48.3,34.57
5155175,49.3,34.57
5155477,48.3,34.56
5155779,48.3,34.55
5156081,48.3,34.55
5156383,48.3,34.54
5156685,48.3,34.54
5156987,48.3,34.53
5157289,48.3,34.53
5157591,48.3,34.52
5157893,48.3,34.52
5158195,48.3,34.53
5158497,48.3,34.53
5158799,48.3,34.52
5159101,48.3,34.51
5159403,48.3,34.51
5159705,48.3,34.51
5160007,48.3,34.52
5160309,48.3,34.51
5160611,48.3,34.51
5160913,48.3,34.50
5161215,48.3,34.49
5161517,48.3,34.49
5161819,48.3,34.48
5162121,48.3,34.48
5162423,48.3,34.48
5162725,48.3,34.48
5163027,48.3,34.47
5163329,48.3,34.46
5163631,48.3,34.45
5163933,48.3,34.45
5164235,48.3,34.45
5164537,48.3,34.44
5164839,48.3,34.45
5165141,48.3,34.44
5165443,48.3,34.42
5165745,48.3,34.41
5166047,48.3,34.41
5166349,48.3,34.39
5166651,48.3,34.39
5166953,48.3,34.37
5167255,48.3,34.37
5167557,48.3,34.36
5167859,48.3,34.36
5168161,48.3,34.35
5168463,48.3,34.34
5168765,48.3,34.32
5169067,48.3,34.31
5169369,48.3,34.30
5169671,48.3,34.30
5169973,48.3,34.30
5170275,48.3,34.29
5170577,48.3,34.29
5170879,48.3,34.29
5171181,48.3,34.28
5171483,48.3,34.28
5171785,48.3,34.28
5172087,48.3,34.27
5172389,48.3,34.27
5172691,48.3,34.26
5172993,48.3,34.25
5173295,48.3,34.24
5173597,48.3,34.24
5173899,48.3,34.23
5174201,48.3,34.23
5174503,48.3,34.23
5174805,48.3,34.24
5175107,48.3,34.24
5175409,48.3,34.24
5175711,48.3,34.24
5176013,48.3,34.24
5176315,48.3,34.23
5176617,48.3,34.23
5176919,48.3,34.23
5177221,48.3,34.23
5177523,48.3,34.21
5177825,48.3,34.21
5178127,48.3,34.20
5178429,48.3,34.20
5178731,48.3,34.20
5179033,48.3,34.19
5179335,48.3,34.18
5179637,48.3,34.17
5179939,48.3,34.16
5180241,49.3,34.15
5180543,48.3,34.15
5180845,48.3,34.15
5181147,48.3,34.16
5181449,48.3,34.16
5181751,48.3,34.16
5182053,48.3,34.15
5182355,48.3,34.14
5182657,48.3,34.14
5182959,48.3,34.14
5183261,48.3,34.13
5183563,48.3,34.13
5183865,48.3,34.13
5184167,47.3,34.12
5184469,48.3,34.12
5184771,48.3,34.12
5185073,48.3,34.12
5185375,48.3,34.11
5185677,48.3,34.11
5185979,48.3,34.11
5186281,48.3,34.11
5186583,48.3,34.10
5186885,48.3,34.11
5187187,48.3,34.11
5187489,48.3,34.11
5187791,48.3,34.11
5188093,48.3,34.11
5188395,48.3,34.10
5188697,48.3,34.09
5188999,48.3,34.09
5189301,48.3,34.10
5189603,48.3,34.10
5189905,48.3,34.10
5190207,48.3,34.09
5190509,48.3,34.10
5190811,48.3,34.10
5191113,48.3,34.10
5191415,48.3,34.10
5191717,48.3,34.10
5192019,48.3,34.10
5192321,48.3,34.10
5192623,48.3,34.10
5192925,48.3,34.09
5193227,48.3,34.09
5193529,48.3,34.09
5193831,48.3,34.09
5194133,48.3,34.09
5194435,48.3,34.09
5194737,48.3,34.09
5195039,48.3,34.09
5195341,48.3,34.09
5195643,48.3,34.08
5195945,48.3,34.08
5196247,48.3,34.06
5196549,48.3,34.06
5196851,48.3,34.06
5197153,48.3,34.05
5197455,48.3,34.05
5197757,48.3,34.06
5198059,48.3,34.06
5198361,48.3,34.06
5198663,48.3,34.05
5198965,48.3,34.03
5199267,48.3,34.01
5199569,48.3,33.99
5199871,48.3,33.98
5200173,48.3,33.97
5200475,48.3,33.97
5200777,48.3,33.97
5201079,48.3,33.97
5201381,48.3,33.96
5201683,48.3,33.96
5201985,48.3,33.96
5202287,48.3,33.96
5202589,48.3,33.96
5202891,48.3,33.96
5203193,48.3,33.96
5203495,48.3,33.96
5203797,48.3,33.96
5204099,48.3,33.96
5204401,48.3,33.95
5204703,48.3,33.95
5205005,48.3,33.95
5205307,48.3,33.95
5205609,48.3,33.95
5205911,48.3,33.95
5206213,48.3,33.95
5206515,48.3,33.94
5206817,48.3,33.94
5207119,48.3,33.93
5207421,48.3,33.92
5207723,48.3,33.91
5208025,48.3,33.90
5208327,48.3,33.90
5208629,48.3,33.90
5208931,48.3,33.89
5209233,48.3,33.88
5209535,48.3,33.88
5209837,48.3,33.88
5210139,48.3,33.87
5210441,48.3,33.88
5210743,48.3,33.88
5211045,48.3,33.88
5211347,48.3,33.88
5211649,48.3,33.88
5211951,48.3,33.88
5212253,48.3,33.88
5212555,48.3,33.88
5212857,48.3,33.87
5213159,48.3,33.87
5213461,48.3,33.87
5213763,48.3,33.87
5214065,48.3,33.88
5214367,48.3,33.87
5214669,48.3,33.87
5214971,48.3,33.86
5215273,48.3,33.86
5215575,48.3,33.85
5215877,48.3,33.85
5216179,48.3,33.84
5216481,48.3,33.83
5216783,48.3,33.83
5217085,48.3,33.83
5217387,48.3,33.83
5217689,48.3,33.83
5217991,48.3,33.83
5218293,49.3,33.83
5218595,48.3,33.81
5218897,48.3,33.81
5219199,48.3,33.81
5219501,48.3,33.82
5219803,48.3,33.82
5220105,48.3,33.83
5220407,48.3,33.83
5220709,48.3,33.82
5221011,48.3,33.81
5221313,48.3,33.81
5221615,48.3,33.80
5221917,48.3,33.80
5222219,48.3,33.80
5222521,48.3,33.80
5222823,48.3,33.80
5223125,48.3,33.80
5223427,48.3,33.80
5223729,48.3,33.80
5224031,48.3,33.80
5224333,48.3,33.80
5224635,48.3,33.80
5224937,48.3,33.80
5225239,48.3,33.79
5225541,48.3,33.79
5225843,48.3,33.78
5226145,48.3,33.77
5226447,48.3,33.76
5226749,48.3,33.76
5227051,48.3,33.76
5227353,47.3,33.76
5227655,48.3,33.76
5227957,48.3,33.75
5228259,48.3,33.75
5228561,48.3,33.74
5228863,48.3,33.73
5229165,48.3,33.73
5229467,48.3,33.73
5229769,47.3,33.72
5230071,48.3,33.72
5230373,48.3,33.72
5230675,48.3,33.72
5230977,48.3,33.71
5231279,48.3,33.71
5231581,48.3,33.71
5231883,48.3,33.70
5232185,48.3,33.70
5232487,48.3,33.71
5232789,48.3,33.71
5233091,48.3,33.71
5233393,48.3,33.71
5233695,48.3,33.70
5233997,48.3,33.70
5234299,48.3,33.69
5234601,48.3,33.68
5234903,48.3,33.68
5235205,48.3,33.68
5235507,48.3,33.68
5235809,48.3,33.67
5236111,48.3,33.67
5236413,48.3,33.66
5236715,48.3,33.66
5237017,48.3,33.65
5237319,48.3,33.65
5237621,48.3,33.64
5237923,48.3,33.64
5238225,48.3,33.63
5238527,48.3,33.62
5238829,48.3,33.62
5239131,48.3,33.61
5239433,48.3,33.61
5239735,48.3,33.60
5240037,48.3,33.59
5240339,48.3,33.59
5240641,48.3,33.59
5240943,48.3,33.58
5241245,48.3,33.58
5241547,48.3,33.59
5241849,48.3,33.58
5242151,48.3,33.58
5242453,48.3,33.57
5242755,48.3,33.57
5243057,48.3,33.56
5243359,48.3,33.56
5243661,48.3,33.56
5243963,48.3,33.55
5244265,48.3,33.55
5244567,48.3,33.55
5244869,48.3,33.56
5245171,48.3,33.56
5245473,48.3,33.56
5245775,48.3,33.56
5246077,48.3,33.55
5246379,48.3,33.54
5246681,48.3,33.53
5246983,48.3,33.52
5247285,48.3,33.52
5247587,48.3,33.51
5247889,48.3,33.51
5248191,48.3,33.51
5248493,48.3,33.52
5248795,48.3,33.52
5249097,48.3,33.52
5249399,48.3,33.52
5249701,48.3,33.52
5250003,48.3,33.51
5250305,48.3,33.51
5250607,48.3,33.50
5250909,48.3,33.50
5251211,48.3,33.50
5251513,48.3,33.50
5251815,48.3,33.50
5252117,48.3,33.50
5252419,48.3,33.51
5252721,48.3,33.50
5253023,48.3,33.50
5253325,48.3,33.49
5253627,48.3,33.49
5253929,48.3,33.48
5254231,48.3,33.48
5254533,48.3,33.47
5254835,48.3,33.47
5255137,48.3,33.47
5255439,47.3,33.46
5255741,48.3,33.45
5256043,47.3,33.44
5256345,48.3,33.43
5256647,48.3,33.42
5256949,48.3,33.42
5257251,48.3,33.41
5257553,48.3,33.41
5257855,48.3,33.41
5258157,48.3,33.40
5258459,48.3,33.40
5258761,48.3,33.40
5259063,48.3,33.40
5259365,48.3,33.41
5259667,48.3,33.42
5259969,48.3,33.42
5260271,47.3,33.42
5260573,48.3,33.43
5260875,47.3,33.43
5261177,48.3,33.42
5261479,48.3,33.43
5261781,48.3,33.42
5262083,48.3,33.43
5262385,48.3,33.43
5262687,48.3,33.43
5262989,48.3,33.43
5263291,48.3,33.43
5263593,48.3,33.44
5263895,48.3,33.43
5264197,48.3,33.43
5264499,48.3,33.43
5264801,47.3,33.43
5265103,48.3,33.43
5265405,48.3,33.42
5265707,48.3,33.41
5266009,48.3,33.41
5266311,48.3,33.40
5266613,48.3,33.40
5266915,48.3,33.40
5267217,48.3,33.39
5267519,48.3,33.39
5267821,48.3,33.39
5268123,48.3,33.39
5268425,48.3,33.39
5268727,48.3,33.39
5269029,48.3,33.38
5269331,48.3,33.38
5269633,48.3,33.37
5269935,48.3,33.37
5270237,48.3,33.36
5270539,48.3,33.36
5270841,48.3,33.36
5271143,47.3,33.35
5271445,48.3,33.34
5271747,48.3,33.33
5272049,48.3,33.32
5272351,48.3,33.31
5272653,48.3,33.31
5272955,48.3,33.30
5273257,48.3,33.30
5273559,48.3,33.29
5273861,48.3,33.29
5274163,48.3,33.28
5274465,48.3,33.28
5274767,47.3,33.27
5275069,47.3,33.28
5275371,47.3,33.27
5275673,47.3,33.28
5275975,48.3,33.27
5276277,48.3,33.27
5276579,48.3,33.28
5276881,48.3,33.27
5277183,48.3,33.27
5277485,48.3,33.27
5277787,48.3,33.26
5278089,48.3,33.26
5278391,48.3,33.24
5278693,48.3,33.23
5278995,48.3,33.22
5279297,48.3,33.21
5279599,47.3,33.21
5279901,47.3,33.21
5280203,48.3,33.20
5280505,48.3,33.21
5280807,48.3,33.20
5281109,48.3,33.20
5281411,48.3,33.20
5281713,48.3,33.20
5282015,48.3,33.19
5282317,48.3,33.18
5282619,48.3,33.17
5282921,48.3,33.17
5283223,48.3,33.15
5283525,48.3,33.15
5283827,48.3,33.14
5284129,48.3,33.14
5284431,48.3,33.13
5284733,48.3,33.14
5285035,48.3,33.14
5285337,48.3,33.14
5285639,48.3,33.13
5285941,48.3,33.13
5286243,48.3,33.13
5286545,48.3,33.12
5286847,48.3,33.12
5287149,48.3,33.12
5287451,48.3,33.12
5287753,47.3,33.12
5288055,48.3,33.11
5288357,48.3,33.11
5288659,48.3,33.11
5288961,48.3,33.11
5289263,48.3,33.11
5289565,48.3,33.10
5289867,48.3,33.09
5290169,48.3,33.08
5290471,48.3,33.07
5290773,48.3,33.07
5291075,48.3,33.07
5291377,48.3,33.06
5291679,48.3,33.06
5291981,48.3,33.06
5292283,48.3,33.05
5292585,48.3,33.05
5292887,48.3,33.05
5293189,48.3,33.06
5293491,48.3,33.05
5293793,48.3,33.05
5294095,48.3,33.04
5294397,48.3,33.02
5294699,48.3,33.02
5295001,48.3,33.01
5295303,48.3,33.01
5295605,48.3,33.01
5295907,48.3,33.00
5296209,48.3,33.01
5296511,48.3,33.01
5296813,48.3,33.01
5297115,48.3,33.01
5297417,48.3,33.01
5297719,48.3,33.01
5298021,47.3,33.01
5298323,48.3,33.02
5298625,48.3,33.02
5298927,48.3,33.02
5299229,48.3,33.02
5299531,48.3,33.02
5299833,48.3,33.02
5300135,48.3,33.01
5300437,48.3,33.01
5300739,48.3,33.01
5301041,48.3,33.01
5301343,48.3,33.01
5301645,48.3,33.01
5301947,48.3,33.01
5302249,48.3,33.01
5302551,48.3,33.01
5302853,48.3,33.01
5303155,47.3,33.01
5303457,48.3,33.01
5303759,48.3,33.01
5304061,48.3,33.01
5304363,48.3,33.01
5304665,48.3,33.02
5304967,48.3,33.01
5305269,48.3,33.02
5305571,48.3,33.01
5305873,48.3,33.01
5306175,48.3,33.00
5306477,48.3,32.99
5306779,48.3,32.98
5307081,48.3,32.98
5307383,48.3,32.97
5307685,48.3,32.97
5307987,48.3,32.96
5308289,47.3,32.97
5308591,47.3,32.97
5308893,48.3,32.96
5309195,48.3,32.96
5309497,48.3,32.96
5309799,48.3,32.95
5310101,48.3,32.95
5310403,48.3,32.95
5310705,48.3,32.95
5311007,47.3,32.95
5311309,48.3,32.95
5311611,47.3,32.95
5311913,47.3,32.95
5312215,48.3,32.95
5312517,48.3,32.95
5312819,48.3,32.95
5313121,48.3,32.94
5313423,48.3,32.94
5313725,48.3,32.94
5314027,47.3,32.93
5314329,47.3,32.93
5314631,47.3,32.92
5314933,47.3,32.92
5315235,47.3,32.91
5315537,48.3,32.92
5315839,48.3,32.92
5316141,48.3,32.92
5316443,48.3,32.92
5316745,47.3,32.92
5317047,48.3,32.93
5317349,48.3,32.92
5317651,48.3,32.93
5317953,48.3,32.93
5318255,48.3,32.93
5318557,48.3,32.93
5318859,47.3,32.93
5319161,47.3,32.94
5319463,47.3,32.93
5319765,47.3,32.93
5320067,48.3,32.93
5320369,47.3,32.93
5320671,47.3,32.93
5320973,48.3,32.94
5321275,47.3,32.94
5321577,47.3,32.94
5321879,48.3,32.94
5322181,48.3,32.94
5322483,47.3,32.94
5322785,47.3,32.95
5323087,48.3,32.95
5323389,47.3,32.95
5323691,47.3,32.96
5323993,47.3,32.96
5324295,48.3,32.96
5324597,47.3,32.96
5324899,48.3,32.96
5325201,47.3,32.96
5325503,48.3,32.96
5325805,48.3,32.97
5326107,48.3,32.97
5326409,48.3,32.97
5326711,48.3,32.97
5327013,48.3,32.98
5327315,48.3,32.98
5327617,48.3,32.98
5327919,47.3,32.98
5328221,48.3,32.99
5328523,48.3,32.98
5328825,47.3,32.99
5329127,47.3,33.00
5329429,48.3,33.00
5329731,48.3,33.01
5330033,48.3,33.01
5330335,48.3,33.02
5330637,48.3,33.01
5330939,48.3,33.02
5331241,48.3,33.02
5331543,47.3,33.02
5331845,48.3,33.02
5332147,48.3,33.03
5332449,48.3,33.03
5332751,48.3,33.03
5333053,48.3,33.03
5333355,48.3,33.04
5333657,47.3,33.04
5333959,47.3,33.04
5334261,47.3,33.05
5334563,47.3,33.05
5334865,47.3,33.04
5335167,48.3,33.05
5335469,48.3,33.05
5335771,48.3,33.05
5336073,47.3,33.05
5336375,47.3,33.05
5336677,48.3,33.05
5336979,48.3,33.06
5337281,48.3,33.06
5337583,48.3,33.07
5337885,48.3,33.06
5338187,48.3,33.07
5338489,48.3,33.07
5338791,48.3,33.07
5339093,48.3,33.07
5339395,48.3,33.07
5339697,48.3,33.07
5339999,47.3,33.08
5340301,47.3,33.08
5340603,48.3,33.08
5340905,48.3,33.09
5341207,47.3,33.08
5341509,47.3,33.09
5341811,48.3,33.09
5342113,48.3,33.08
5342415,48.3,33.08
5342717,48.3,33.08
5343019,48.3,33.08
5343321,48.3,33.07
5343623,48.3,33.06
5343925,48.3,33.06
5344227,48.3,33.06
5344529,47.3,33.06
5344831,47.3,33.06
5345133,47.3,33.06
5345435,47.3,33.06
5345737,48.3,33.06
5346039,48.3,33.06
5346341,48.3,33.06
5346643,48.3,33.06
5346945,48.3,33.06
5347247,48.3,33.05
5347549,48.3,33.05
5347851,47.3,33.04
5348153,48.3,33.02
5348455,48.3,33.02
5348757,48.3,33.01
5349059,48.3,33.01
5349361,47.3,33.00
5349663,48.3,33.00
5349965,48.3,33.00
5350267,48.3,33.00
5350569,48.3,33.00
5350871,48.3,33.00
5351173,48.3,33.00
5351475,48.3,33.00
5351777,48.3,33.00
5352079,48.3,32.99
5352381,48.3,32.99
5352683,47.3,32.98
5352985,48.3,32.98
5353287,48.3,32.98
5353589,47.3,32.98
5353891,48.3,32.99
5354193,47.3,32.99
5354495,47.3,32.99
5354797,48.3,32.99
5355099,47.3,32.99
5355401,48.3,32.99
5355703,48.3,33.00
5356005,47.3,33.00
5356307,47.3,33.00
5356609,47.3,33.00
5356911,48.3,32.99
5357213,48.3,32.99
5357515,47.3,32.99
5357817,47.3,32.99
5358119,47.3,32.98
5358421,47.3,32.98
5358723,47.3,32.98
5359025,47.3,32.98
5359327,47.3,32.97
5359629,47.3,32.95
5359931,47.3,32.94
5360233,47.3,32.94
5360535,47.3,32.92
5360837,48.3,32.92
5361139,48.3,32.92
5361441,48.3,32.91
5361743,48.3,32.90
5362045,48.3,32.90
5362347,48.3,32.90
5362649,48.3,32.90
5362951,48.3,32.90
5363253,47.3,32.91
5363555,47.3,32.90
5363857,48.3,32.92
5364159,47.3,32.91
5364461,47.3,32.91
5364763,47.3,32.91
5365065,47.3,32.91
5365367,47.3,32.91
5365669,48.3,32.91
5365971,48.3,32.91
5366273,48.3,32.91
5366575,48.3,32.90
5366877,48.3,32.90
5367179,48.3,32.89
5367481,47.3,32.88
5367783,47.3,32.88
5368085,48.3,32.88
5368387,47.3,32.88
5368689,47.3,32.88
5368991,46.3,32.88
5369293,47.3,32.88
5369595,47.3,32.88
5369897,47.3,32.87
5370199,48.3,32.87
5370501,48.3,32.87
5370803,48.3,32.86
5371105,48.3,32.86
5371407,47.3,32.87
5371709,47.3,32.87
5372011,48.3,32.86
5372313,48.3,32.86
5372615,47.3,32.86
5372917,48.3,32.85
5373219,47.3,32.84
5373521,47.3,32.84
5373823,47.3,32.84
5374125,47.3,32.83
5374427,47.3,32.83
5374729,47.3,32.83
5375031,47.3,32.83
5375333,47.3,32.82
5375635,47.3,32.83
5375937,47.3,32.83
5376239,47.3,32.83
5376541,47.3,32.83
5376843,47.3,32.82
5377145,47.3,32.82
5377447,47.3,32.81
5377749,47.3,32.81
5378051,47.3,32.81
5378353,47.3,32.80
5378655,47.3,32.81
5378957,47.3,32.81
5379259,47.3,32.80
5379561,47.3,32.80
5379863,48.3,32.79
5380165,47.3,32.79
5380467,47.3,32.80
5380769,48.3,32.79
5381071,47.3,32.78
5381373,47.3,32.78
5381675,47.3,32.78
5381977,47.3,32.78
5382279,47.3,32.77
5382581,47.3,32.77
5382883,47.3,32.76
5383185,47.3,32.75
5383487,47.3,32.75
5383789,47.3,32.75
5384091,47.3,32.74
5384393,47.3,32.74
5384695,47.3,32.74
5384997,47.3,32.73
5385299,47.3,32.74
5385601,47.3,32.73
5385903,47.3,32.73
5386205,47.3,32.73
5386507,47.3,32.73
5386809,47.3,32.73
5387111,47.3,32.73
5387413,47.3,32.73
5387715,47.3,32.72
5388017,47.3,32.72
5388319,46.3,32.72
5388621,46.3,32.72
5388923,47.3,32.73
5389225,47.3,32.74
5389527,47.3,32.74
5389829,47.3,32.74
5390131,47.3,32.75
5390433,47.3,32.75
5390735,47.3,32.75
5391037,47.3,32.75
5391339,47.3,32.75
5391641,47.3,32.75
5391943,47.3,32.75
5392245,48.3,32.76
5392547,47.3,32.75
5392849,47.3,32.75
5393151,47.3,32.74
5393453,47.3,32.73
5393755,47.3,32.74
5394057,47.3,32.73
5394359,47.3,32.73
5394661,47.3,32.73
5394963,47.3,32.73
5395265,47.3,32.73
5395567,47.3,32.72
5395869,47.3,32.72
5396171,47.3,32.71
5396473,47.3,32.71
5396775,47.3,32.71
5397077,47.3,32.71
5397379,48.3,32.71
5397681,47.3,32.71
5397983,47.3,32.72
5398285,47.3,32.73
5398587,47.3,32.74
5398889,47.3,32.75
5399191,47.3,32.75
5399493,47.3,32.75
5399795,48.3,32.75
5400097,48.3,32.75
5400399,47.3,32.76
5400701,47.3,32.75
5401003,47.3,32.74
5401305,47.3,32.74
5401607,47.3,32.74
5401909,47.3,32.73
5402211,47.3,32.73
5402513,47.3,32.73
5402815,47.3,32.74
5403117,48.3,32.74
5403419,47.3,32.74
5403721,47.3,32.75
5404023,47.3,32.75
5404325,47.3,32.75
5404627,47.3,32.75
5404929,47.3,32.75
5405231,47.3,32.75
5405533,47.3,32.75
5405835,47.3,32.75
5406137,47.3,32.75
5406439,47.3,32.75
5406741,47.3,32.75
5407043,47.3,32.75
5407345,47.3,32.75
5407647,47.3,32.75
5407949,48.3,32.75
5408251,48.3,32.75
5408553,48.3,32.75
5408855,48.3,32.75
5409157,48.3,32.74
5409459,48.3,32.73
5409761,47.3,32.72
5410063,48.3,32.72
5410365,47.3,32.72
5410667,48.3,32.71
5410969,47.3,32.72
5411271,47.3,32.70
5411573,47.3,32.69
5411875,48.3,32.68
5412177,48.3,32.68
5412479,48.3,32.68
5412781,48.3,32.68
5413083,48.3,32.68
5413385,48.3,32.68
5413687,48.3,32.68
5413989,48.3,32.67
5414291,48.3,32.67
5414593,48.3,32.68
5414895,47.3,32.68
5415197,48.3,32.68
5415499,48.3,32.69
5415801,48.3,32.69
5416103,48.3,32.69
5416405,48.3,32.68
5416707,48.3,32.69
5417009,47.3,32.68
5417311,47.3,32.68
5417613,47.3,32.69
5417915,47.3,32.69
5418217,47.3,32.69
5418519,47.3,32.69
5418821,47.3,32.68
5419123,47.3,32.68
5419425,47.3,32.67
5419727,47.3,32.66
5420029,47.3,32.66
5420331,47.3,32.66
5420633,47.3,32.66
5420935,48.3,32.65
5421237,47.3,32.64
5421539,47.3,32.64
5421841,47.3,32.64
5422143,47.3,32.63
5422445,47.3,32.62
5422747,46.3,32.62
5423049,47.3,32.61
5423351,47.3,32.61
5423653,47.3,32.61
5423955,47.3,32.62
5424257,47.3,32.62
5424559,47.3,32.62
5424861,47.3,32.61
5425163,47.3,32.61
5425465,47.3,32.60
5425767,47.3,32.60
5426069,47.3,32.60
5426371,47.3,32.60
5426673,47.3,32.59
5426975,47.3,32.59
5427277,47.3,32.60
5427579,47.3,32.60
5427881,48.3,32.60
5428183,48.3,32.60
5428485,47.3,32.60
5428787,47.3,32.59
5429089,47.3,32.58
5429391,47.3,32.58
5429693,47.3,32.56
5429995,47.3,32.56
5430297,47.3,32.56
5430599,47.3,32.56
5430901,47.3,32.56
5431203,47.3,32.55
5431505,47.3,32.56
5431807,47.3,32.55
5432109,47.3,32.55
5432411,47.3,32.54
5432713,47.3,32.54
5433015,47.3,32.54
5433317,47.3,32.54
5433619,47.3,32.55
5433921,47.3,32.55
5434223,47.3,32.55
5434525,48.3,32.55
5434827,47.3,32.55
5435129,47.3,32.55
5435431,46.3,32.56
5435733,47.3,32.55
5436035,47.3,32.55
5436337,47.3,32.55
5436639,47.3,32.55
5436941,47.3,32.55
5437243,47.3,32.55
5437545,47.3,32.55
5437847,47.3,32.55
5438149,47.3,32.55
5438451,46.3,32.55
5438753,47.3,32.55
5439055,47.3,32.55
5439357,47.3,32.56
5439659,47.3,32.56
5439961,47.3,32.56
5440263,47.3,32.56
5440565,47.3,32.57
5440867,47.3,32.57
5441169,47.3,32.57
5441471,47.3,32.58
5441773,47.3,32.58
5442075,47.3,32.58
5442377,47.3,32.59
5442679,47.3,32.59
5442981,47.3,32.59
5443283,48.3,32.59
5443585,47.3,32.59
5443887,47.3,32.59
5444189,47.3,32.59
5444491,47.3,32.59
5444793,47.3,32.59
5445095,47.3,32.59
5445397,47.3,32.59
5445699,47.3,32.60
5446001,47.3,32.60
5446303,47.3,32.60
5446605,47.3,32.60
5446907,47.3,32.60
5447209,47.3,32.60
5447511,47.3,32.60
5447813,47.3,32.60
5448115,47.3,32.60
5448417,47.3,32.60
5448719,47.3,32.59
5449021,47.3,32.59
5449323,47.3,32.59
5449625,47.3,32.59
5449927,47.3,32.58
5450229,47.3,32.58
5450531,47.3,32.58
5450833,47.3,32.58
5451135,47.3,32.57
5451437,47.3,32.58
5451739,47.3,32.58
5452041,47.3,32.59
5452343,47.3,32.59
5452645,47.3,32.59
5452947,47.3,32.59
5453249,47.3,32.59
5453551,47.3,32.59
5453853,47.3,32.58
5454155,47.3,32.59
5454457,47.3,32.59
5454759,47.3,32.60
5455061,47.3,32.60
5455363,47.3,32.60
5455665,47.3,32.60
5455967,47.3,32.60
5456269,47.3,32.60
5456571,47.3,32.60
5456873,47.3,32.60
5457175,47.3,32.59
5457477,47.3,32.59
5457779,47.3,32.60
5458081,47.3,32.59
5458383,46.3,32.59
5458685,47.3,32.59
5458987,46.3,32.59
5459289,46.3,32.59
5459591,46.3,32.59
5459893,47.3,32.58
5460195,47.3,32.58
5460497,47.3,32.58
5460799,47.3,32.59
5461101,47.3,32.59
5461403,47.3,32.59
5461705,47.3,32.59
5462007,47.3,32.59
5462309,47.3,32.60
5462611,47.3,32.60
5462913,47.3,32.59
5463215,47.3,32.59
5463517,47.3,32.59
5463819,47.3,32.59
5464121,47.3,32.59
5464423,47.3,32.59
5464725,47.3,32.59
5465027,47.3,32.60
5465329,47.3,32.60
5465631,47.3,32.60
5465933,47.3,32.61
5466235,47.3,32.61
5466537,47.3,32.61
5466839,47.3,32.62
5467141,47.3,32.62
5467443,47.3,32.62
5467745,47.3,32.62
5468047,47.3,32.63
5468349,47.3,32.62
5468651,47.3,32.63
5468953,47.3,32.63
5469255,47.3,32.63
5469557,47.3,32.63
5469859,46.3,32.63
5470161,47.3,32.64
5470463,47.3,32.64
5470765,47.3,32.65
5471067,47.3,32.65
5471369,46.3,32.65
5471671,47.3,32.65
5471973,47.3,32.65
5472275,46.3,32.65
5472577,47.3,32.65
5472879,47.3,32.65
5473181,47.3,32.65
5473483,47.3,32.65
5473785,47.3,32.65
5474087,47.3,32.65
5474389,47.3,32.66
5474691,47.3,32.66
5474993,47.3,32.66
5475295,47.3,32.67
5475597,46.3,32.67
5475899,47.3,32.66
5476201,47.3,32.67
5476503,47.3,32.67
5476805,47.3,32.66
5477107,47.3,32.66
5477409,47.3,32.66
5477711,47.3,32.65
5478013,47.3,32.65
5478315,47.3,32.65
5478617,47.3,32.65
5478919,47.3,32.65
5479221,47.3,32.65
5479523,47.3,32.65
5479825,47.3,32.64
5480127,47.3,32.63
5480429,47.3,32.64
5480731,47.3,32.63
5481033,47.3,32.63
5481335,47.3,32.63
5481637,47.3,32.63
5481939,47.3,32.62
5482241,47.3,32.62
5482543,47.3,32.61
5482845,47.3,32.60
5483147,47.3,32.60
5483449,47.3,32.60
5483751,47.3,32.60
5484053,47.3,32.60
5484355,47.3,32.61
5484657,47.3,32.61
5484959,47.3,32.62
5485261,46.3,32.61
5485563,47.3,32.61
5485865,47.3,32.61
5486167,47.3,32.62
5486469,47.3,32.61
5486771,47.3,32.62
5487073,47.3,32.62
5487375,47.3,32.62
5487677,47.3,32.62
5487979,47.3,32.62
5488281,47.3,32.62
5488583,47.3,32.63
5488885,47.3,32.62
5489187,47.3,32.62
5489489,47.3,32.62
5489791,46.3,32.62
5490093,47.3,32.62
5490395,47.3,32.62
5490697,47.3,32.61
5490999,47.3,32.61
5491301,47.3,32.60
5491603,47.3,32.60
5491905,47.3,32.59
5492207,47.3,32.59
5492509,47.3,32.59
5492811,47.3,32.59
5493113,46.3,32.59
5493415,46.3,32.59
5493717,47.3,32.58
5494019,47.3,32.58
5494321,47.3,32.58
5494623,47.3,32.58
5494925,47.3,32.57
5495227,47.3,32.57
5495529,47.3,32.57
5495831,47.3,32.57
5496133,47.3,32.57
5496435,47.3,32.58
5496737,47.3,32.58
5497039,47.3,32.58
5497341,47.3,32.58
5497643,47.3,32.57
5497945,47.3,32.57
5498247,47.3,32.57
5498549,47.3,32.56
5498851,47.3,32.56
5499153,47.3,32.55
5499455,47.3,32.54
5499757,47.3,32.54
5500059,47.3,32.54
5500361,47.3,32.54
5500663,47.3,32.54
5500965,47.3,32.55
5501267,47.3,32.55
5501569,47.3,32.55
5501871,47.3,32.56
5502173,46.3,32.56
5502475,47.3,32.56
5502777,46.3,32.55
5503079,47.3,32.55
5503381,47.3,32.55
5503683,47.3,32.54
5503985,47.3,32.54
5504287,47.3,32.54
5504589,47.3,32.54
5504891,47.3,32.53
5505193,46.3,32.53
5505495,46.3,32.52
5505797,46.3,32.51
5506099,46.3,32.51
5506401,46.3,32.51
5506703,46.3,32.50
5507005,47.3,32.50
5507307,47.3,32.50
5507609,47.3,32.50
5507911,47.3,32.50
5508213,47.3,32.50
5508515,47.3,32.50
5508817,47.3,32.50
5509119,47.3,32.49
5509421,47.3,32.48
5509723,47.3,32.47
5510025,47.3,32.47
5510327,47.3,32.47
5510629,47.3,32.47
5510931,47.3,32.47
5511233,47.3,32.47
5511535,47.3,32.47
5511837,47.3,32.48
5512139,47.3,32.49
5512441,47.3,32.50
5512743,47.3,32.50
5513045,47.3,32.50
5513347,47.3,32.51
5513649,47.3,32.50
5513951,47.3,32.50
5514253,47.3,32.49
5514555,47.3,32.49
5514857,47.3,32.49
5515159,47.3,32.50
5515461,46.3,32.50
5515763,46.3,32.50
5516065,47.3,32.51
5516367,46.3,32.50
5516669,47.3,32.49
5516971,47.3,32.48
5517273,47.3,32.48
5517575,47.3,32.48
5517877,46.3,32.48
5518179,47.3,32.48
5518481,47.3,32.48
5518783,47.3,32.48
5519085,47.3,32.48
5519387,47.3,32.48
5519689,47.3,32.48
5519991,47.3,32.48
5520293,47.3,32.48
5520595,46.3,32.48
5520897,47.3,32.47
5521199,47.3,32.48
5521501,47.3,32.48
5521803,46.3,32.47
5522105,47.3,32.47
5522407,46.3,32.47
5522709,47.3,32.47
5523011,47.3,32.47
5523313,47.3,32.47
5523615,47.3,32.47
5523917,47.3,32.47
5524219,47.3,32.47
5524521,47.3,32.47
5524823,47.3,32.47
5525125,46.3,32.46
5525427,46.3,32.47
5525729,46.3,32.47
5526031,46.3,32.48
5526333,46.3,32.48
5526635,46.3,32.49
5526937,46.3,32.49
5527239,46.3,32.49
5527541,46.3,32.49
5527843,47.3,32.49
5528145,47.3,32.48
5528447,47.3,32.48
5528749,47.3,32.48
5529051,47.3,32.48
5529353,47.3,32.48
5529655,47.3,32.48
5529957,47.3,32.48
5530259,47.3,32.49
5530561,47.3,32.49
5530863,47.3,32.50
5531165,47.3,32.50
5531467,47.3,32.50
5531769,46.3,32.50
5532071,46.3,32.49
5532373,47.3,32.48
5532675,47.3,32.48
5532977,47.3,32.48
5533279,47.3,32.48
5533581,47.3,32.48
5533883,47.3,32.49
5534185,47.3,32.49
5534487,46.3,32.49
5534789,46.3,32.49
5535091,47.3,32.49
5535393,47.3,32.49
5535695,47.3,32.49
5535997,47.3,32.48
5536299,47.3,32.48
5536601,47.3,32.49
5536903,47.3,32.49
5537205,47.3,32.49
5537507,47.3,32.49
5537809,47.3,32.49
5538111,47.3,32.49
5538413,46.3,32.48
5538715,47.3,32.48
5539017,47.3,32.48
5539319,47.3,32.48
5539621,46.3,32.48
5539923,47.3,32.48
5540225,47.3,32.49
5540527,47.3,32.49
5540829,47.3,32.49
5541131,47.3,32.50
5541433,47.3,32.50
5541735,47.3,32.50
5542037,47.3,32.50
5542339,47.3,32.50
5542641,47.3,32.51
5542943,46.3,32.50
5543245,46.3,32.49
5543547,46.3,32.48
5543849,46.3,32.47
5544151,46.3,32.47
5544453,46.3,32.47
5544755,46.3,32.47
5545057,47.3,32.47
5545359,47.3,32.47
5545661,47.3,32.47
5545963,47.3,32.47
5546265,47.3,32.47
5546567,47.3,32.46
5546869,47.3,32.46
5547171,47.3,32.46
5547473,47.3,32.46
5547775,47.3,32.45
5548077,47.3,32.45
5548379,47.3,32.45
5548681,46.3,32.45
5548983,46.3,32.46
5549285,46.3,32.46
5549587,47.3,32.46
5549889,46.3,32.46
5550191,46.3,32.46
5550493,46.3,32.46
5550795,46.3,32.45
5551097,47.3,32.45
5551399,46.3,32.45
5551701,46.3,32.45
5552003,46.3,32.45
5552305,47.3,32.46
5552607,47.3,32.46
5552909,46.3,32.46
5553211,47.3,32.46
5553513,47.3,32.46
5553815,47.3,32.47
5554117,47.3,32.47
5554419,47.3,32.47
5554721,47.3,32.47
5555023,47.3,32.47
5555325,47.3,32.47
5555627,46.3,32.47
5555929,46.3,32.47
5556231,46.3,32.47
5556533,46.3,32.48
5556835,46.3,32.47
5557137,46.3,32.48
5557439,46.3,32.48
5557741,46.3,32.48
5558043,46.3,32.48
5558345,47.3,32.48
5558647,47.3,32.48
5558949,47.3,32.48
5559251,47.3,32.48
5559553,46.3,32.48
5559855,47.3,32.49
5560157,47.3,32.49
5560459,47.3,32.49
5560761,46.3,32.49
5561063,46.3,32.49
5561365,46.3,32.49
5561667,46.3,32.49
5561969,46.3,32.49
5562271,46.3,32.49
5562573,47.3,32.50
5562875,46.3,32.50
5563177,47.3,32.50
5563479,47.3,32.50
5563781,47.3,32.50
5564083,47.3,32.50
5564385,47.3,32.50
5564687,47.3,32.51
5564989,46.3,32.51
5565291,47.3,32.50
5565593,47.3,32.51
5565895,47.3,32.51
5566197,47.3,32.51
5566499,47.3,32.51
5566801,47.3,32.51
5567103,46.3,32.51
5567405,46.3,32.51
5567707,46.3,32.52
5568009,46.3,32.52
5568311,46.3,32.52
5568613,46.3,32.53
5568915,46.3,32.53
5569217,46.3,32.52
5569519,46.3,32.52
5569821,47.3,32.52
5570123,46.3,32.52
5570425,47.3,32.52
5570727,47.3,32.52
5571029,47.3,32.52
5571331,47.3,32.52
5571633,47.3,32.53
5571935,47.3,32.53
5572237,47.3,32.53
5572539,47.3,32.53
5572841,47.3,32.52
5573143,47.3,32.52
5573445,46.3,32.52
5573747,46.3,32.51
5574049,47.3,32.51
5574351,46.3,32.51
5574653,47.3,32.51
5574955,46.3,32.52
5575257,46.3,32.53
5575559,46.3,32.53
5575861,47.3,32.53
5576163,47.3,32.53
5576465,46.3,32.54
5576767,46.3,32.53
5577069,46.3,32.53
5577371,46.3,32.53
5577673,47.3,32.53
5577975,47.3,32.54
5578277,47.3,32.54
5578579,47.3,32.54
5578881,47.3,32.54
5579183,47.3,32.54
5579485,47.3,32.54
5579787,47.3,32.54
5580089,47.3,32.54
5580391,46.3,32.54
5580693,46.3,32.54
5580995,47.3,32.54
5581297,47.3,32.54
5581599,47.3,32.55
5581901,47.3,32.55
5582203,46.3,32.55
5582505,46.3,32.56
5582807,46.3,32.56
5583109,47.3,32.56
5583411,47.3,32.56
5583713,47.3,32.56
5584015,47.3,32.56
5584317,47.3,32.56
5584619,47.3,32.56
5584921,47.3,32.57
5585223,46.3,32.57
5585525,47.3,32.57
5585827,47.3,32.56
5586129,47.3,32.56
5586431,47.3,32.57
5586733,47.3,32.57
5587035,46.3,32.57
5587337,46.3,32.57
5587639,46.3,32.57
5587941,46.3,32.57
5588243,46.3,32.57
5588545,46.3,32.58
5588847,46.3,32.57
5589149,46.3,32.57
5589451,46.3,32.57
5589753,46.3,32.57
5590055,46.3,32.56
5590357,47.3,32.56
5590659,47.3,32.56
5590961,47.3,32.57
5591263,47.3,32.57
5591565,47.3,32.58
5591867,47.3,32.58
5592169,47.3,32.58
5592471,47.3,32.58
5592773,47.3,32.58
5593075,46.3,32.59
5593377,46.3,32.59
5593679,46.3,32.59
5593981,46.3,32.59
5594283,46.3,32.60
5594585,46.3,32.60
5594887,46.3,32.60
5595189,46.3,32.60
5595491,46.3,32.61
5595793,46.3,32.61
5596095,46.3,32.60
5596397,47.3,32.59
5596699,46.3,32.59
5597001,47.3,32.58
5597303,46.3,32.58
5597605,46.3,32.58
5597907,46.3,32.58
5598209,46.3,32.58
5598511,46.3,32.59
5598813,46.3,32.60
5599115,46.3,32.60
5599417,46.3,32.60
5599719,46.3,32.61
5600021,47.3,32.61
5600323,47.3,32.62
5600625,46.3,32.62
5600927,46.3,32.62
5601229,46.3,32.62
5601531,46.3,32.63
5601833,47.3,32.63
5602135,47.3,32.63
5602437,47.3,32.63
5602739,47.3,32.62
5603041,47.3,32.63
5603343,46.3,32.63
5603645,46.3,32.62
5603947,46.3,32.62
5604249,46.3,32.62
5604551,46.3,32.62
5604853,47.3,32.61
5605155,47.3,32.62
5605457,46.3,32.62
5605759,46.3,32.62
5606061,46.3,32.62
5606363,46.3,32.62
5606665,47.3,32.63
5606967,47.3,32.62
5607269,47.3,32.62
5607571,47.3,32.61
5607873,47.3,32.62
5608175,46.3,32.62
5608477,46.3,32.62
5608779,47.3,32.63
5609081,47.3,32.63
5609383,47.3,32.63
5609685,46.3,32.63
5609987,47.3,32.63
5610289,47.3,32.62
5610591,47.3,32.62
5610893,47.3,32.62
5611195,47.3,32.62
5611497,47.3,32.62
5611799,47.3,32.62
5612101,47.3,32.62
5612403,46.3,32.62
5612705,46.3,32.62
5613007,46.3,32.63
5613309,46.3,32.63
5613611,47.3,32.63
5613913,47.3,32.62
5614215,47.3,32.62
5614517,46.3,32.62
5614819,47.3,32.62
5615121,46.3,32.62
5615423,47.3,32.62
5615725,47.3,32.61
5616027,47.3,32.61
5616329,47.3,32.61
5616631,47.3,32.61
5616933,47.3,32.60
5617235,46.3,32.60
5617537,46.3,32.60
5617839,47.3,32.60
5618141,47.3,32.60
5618443,47.3,32.60
5618745,46.3,32.61
5619047,46.3,32.61
5619349,46.3,32.61
5619651,46.3,32.61
5619953,47.3,32.62
5620255,47.3,32.62
5620557,47.3,32.62
5620859,47.3,32.62
5621161,47.3,32.63
5621463,46.3,32.63
5621765,46.3,32.63
5622067,46.3,32.63
5622369,47.3,32.64
5622671,46.3,32.64
5622973,47.3,32.65
5623275,46.3,32.64
5623577,47.3,32.64
5623879,47.3,32.63
5624181,46.3,32.63
5624483,46.3,32.62
5624785,47.3,32.62
5625087,46.3,32.62
5625389,47.3,32.61
5625691,47.3,32.60
5625993,46.3,32.60
5626295,46.3,32.60
5626597,47.3,32.59
5626899,46.3,32.59
5627201,46.3,32.58
5627503,47.3,32.57
5627805,47.3,32.56
5628107,47.3,32.55
5628409,47.3,32.54
5628711,46.3,32.54
5629013,46.3,32.54
5629315,46.3,32.53
5629617,46.3,32.54
5629919,46.3,32.53
5630221,47.3,32.53
5630523,46.3,32.53
5630825,46.3,32.53
5631127,46.3,32.53
5631429,46.3,32.53
5631731,46.3,32.53
5632033,46.3,32.54
5632335,46.3,32.53
5632637,46.3,32.53
5632939,46.3,32.52
5633241,46.3,32.52
5633543,46.3,32.51
5633845,46.3,32.51
5634147,46.3,32.51
5634449,46.3,32.51
5634751,46.3,32.51
5635053,46.3,32.52
5635355,46.3,32.52
5635657,46.3,32.52
5635959,46.3,32.52
5636261,46.3,32.52
5636563,47.3,32.52
5636865,46.3,32.52
5637167,46.3,32.53
5637469,46.3,32.53
5637771,46.3,32.52
5638073,46.3,32.53
5638375,47.3,32.53
5638677,47.3,32.52
5638979,46.3,32.53
5639281,46.3,32.53
5639583,47.3,32.52
5639885,47.3,32.52
5640187,47.3,32.52
5640489,47.3,32.52
5640791,46.3,32.52
5641093,46.3,32.51
5641395,46.3,32.51
5641697,47.3,32.51
5641999,46.3,32.51
5642301,46.3,32.51
5642603,46.3,32.51
5642905,46.3,32.51
5643207,46.3,32.51
5643509,47.3,32.51
5643811,47.3,32.51
5644113,47.3,32.52
5644415,46.3,32.52
5644717,46.3,32.52
5645019,46.3,32.53
5645321,46.3,32.53
5645623,46.3,32.52
5645925,46.3,32.52
5646227,46.3,32.53
5646529,46.3,32.53
5646831,46.3,32.53
5647133,46.3,32.54
5647435,46.3,32.54
5647737,46.3,32.54
5648039,46.3,32.55
5648341,46.3,32.55
5648643,47.3,32.55
5648945,46.3,32.55
5649247,46.3,32.56
5649549,46.3,32.56
5649851,46.3,32.56
5650153,46.3,32.56
5650455,46.3,32.56
5650757,46.3,32.57
5651059,47.3,32.57
5651361,47.3,32.57
5651663,47.3,32.57
5651965,46.3,32.57
5652267,47.3,32.57
5652569,46.3,32.58
5652871,47.3,32.58
5653173,47.3,32.59
5653475,47.3,32.59
5653777,46.3,32.59
5654079,46.3,32.59
5654381,46.3,32.59
5654683,46.3,32.59
5654985,46.3,32.59
5655287,46.3,32.59
5655589,46.3,32.60
5655891,47.3,32.60
5656193,47.3,32.60
5656495,47.3,32.60
5656797,47.3,32.60
5657099,47.3,32.60
5657401,47.3,32.61
5657703,46.3,32.61
5658005,46.3,32.60
5658307,47.3,32.61
5658609,47.3,32.61
5658911,47.3,32.61
5659213,46.3,32.61
5659515,46.3,32.61
5659817,46.3,32.62
5660119,47.3,32.62
5660421,47.3,32.62
5660723,46.3,32.62
5661025,46.3,32.62
5661327,46.3,32.62
5661629,47.3,32.62
5661931,47.3,32.62
5662233,46.3,32.62
5662535,46.3,32.63
5662837,46.3,32.62
5663139,46.3,32.62
5663441,46.3,32.62
5663743,46.3,32.63
5664045,46.3,32.63
5664347,46.3,32.62
5664649,46.3,32.63
5664951,46.3,32.63
5665253,46.3,32.63
5665555,46.3,32.63
5665857,46.3,32.63
5666159,46.3,32.63
5666461,46.3,32.63
5666763,46.3,32.64
5667065,46.3,32.64
5667367,46.3,32.64
5667669,46.3,32.65
5667971,46.3,32.65
5668273,46.3,32.65
5668575,46.3,32.65
5668877,46.3,32.66
5669179,46.3,32.66
5669481,46.3,32.66
5669783,46.3,32.66
5670085,46.3,32.66
5670387,46.3,32.66
5670689,46.3,32.66
5670991,46.3,32.66
5671293,46.3,32.65
5671595,46.3,32.65
5671897,46.3,32.65
5672199,46.3,32.65
5672501,46.3,32.65
5672803,46.3,32.65
5673105,46.3,32.65
5673407,46.3,32.64
5673709,46.3,32.64
5674011,46.3,32.64
5674313,46.3,32.65
5674615,46.3,32.63
5674917,46.3,32.63
5675219,46.3,32.63
5675521,46.3,32.63
5675823,46.3,32.63
5676125,47.3,32.63
5676427,47.3,32.62
5676729,47.3,32.62
5677031,47.3,32.62
5677333,46.3,32.61
5677635,46.3,32.62
5677937,47.3,32.62
5678239,46.3,32.62
5678541,46.3,32.63
5678843,46.3,32.63
5679145,46.3,32.63
5679447,46.3,32.63
5679749,46.3,32.64
5680051,46.3,32.65
5680353,46.3,32.64
5680655,47.3,32.64
5680957,46.3,32.64
5681259,46.3,32.64
5681561,46.3,32.64
5681863,46.3,32.65
5682165,47.3,32.65
5682467,47.3,32.65
5682769,47.3,32.65
5683071,47.3,32.65
5683373,46.3,32.65
5683675,47.3,32.64
5683977,47.3,32.64
5684279,46.3,32.64
5684581,47.3,32.65
5684883,46.3,32.65
5685185,46.3,32.65
5685487,47.3,32.65
5685789,47.3,32.65
5686091,46.3,32.65
5686393,46.3,32.65
5686695,46.3,32.65
5686997,46.3,32.64
5687299,47.3,32.63
5687601,47.3,32.65
5687903,46.3,32.65
5688205,46.3,32.65
5688507,46.3,32.66
5688809,46.3,32.65
5689111,46.3,32.66
5689413,46.3,32.66
5689715,46.3,32.65
5690017,46.3,32.65
5690319,46.3,32.65
5690621,46.3,32.65
5690923,46.3,32.65
5691225,46.3,32.65
5691527,46.3,32.66
5691829,47.3,32.66
5692131,46.3,32.66
5692433,46.3,32.66
5692735,46.3,32.66
5693037,46.3,32.66
5693339,46.3,32.66
5693641,46.3,32.66
5693943,46.3,32.66
5694245,46.3,32.66
5694547,46.3,32.66
5694849,46.3,32.67
5695151,46.3,32.67
5695453,46.3,32.67
5695755,46.3,32.68
5696057,46.3,32.68
5696359,46.3,32.68
5696661,46.3,32.68
5696963,46.3,32.69
5697265,46.3,32.69
5697567,46.3,32.69
5697869,46.3,32.69
5698171,46.3,32.69
5698473,46.3,32.69
5698775,46.3,32.69
5699077,46.3,32.69
5699379,46.3,32.69
5699681,46.3,32.69
5699983,46.3,32.70
5700285,46.3,32.69
5700587,46.3,32.69
5700889,47.3,32.70
5701191,46.3,32.70
5701493,46.3,32.70
5701795,46.3,32.70
5702097,46.3,32.71
5702399,46.3,32.71
5702701,46.3,32.71
5703003,46.3,32.71
5703305,46.3,32.71
5703607,45.3,32.70
5703909,46.3,32.71
5704211,46.3,32.71
5704513,46.3,32.70
5704815,46.3,32.70
5705117,46.3,32.70
5705419,46.3,32.70
5705721,46.3,32.69
5706023,46.3,32.69
5706325,47.3,32.69
5706627,46.3,32.70
5706929,46.3,32.70
5707231,46.3,32.70
5707533,46.3,32.70
5707835,46.3,32.70
5708137,46.3,32.70
5708439,46.3,32.70
5708741,47.3,32.70
5709043,46.3,32.70
5709345,46.3,32.70
5709647,46.3,32.70
5709949,46.3,32.70
5710251,46.3,32.69
5710553,46.3,32.69
5710855,46.3,32.69
5711157,46.3,32.69
5711459,46.3,32.69
5711761,46.3,32.69
5712063,46.3,32.69
5712365,46.3,32.69
5712667,46.3,32.69
5712969,46.3,32.70
5713271,46.3,32.70
5713573,46.3,32.70
5713875,46.3,32.71
5714177,46.3,32.70
5714479,46.3,32.70
5714781,46.3,32.71
5715083,46.3,32.71
5715385,46.3,32.71
5715687,46.3,32.71
5715989,46.3,32.70
5716291,46.3,32.71
5716593,46.3,32.70
5716895,46.3,32.71
5717197,46.3,32.71
5717499,46.3,32.71
5717801,47.3,32.73
5718103,46.3,32.73
5718405,46.3,32.74
5718707,46.3,32.74
5719009,46.3,32.73
5719311,46.3,32.74
5719613,46.3,32.74
5719915,46.3,32.73
5720217,46.3,32.74
5720519,46.3,32.74
5720821,46.3,32.74
5721123,46.3,32.75
5721425,47.3,32.74
5721727,46.3,32.71
5722029,46.3,32.66
5722331,46.3,32.63
5722633,46.3,32.62
5722935,46.3,32.63
5723237,46.3,32.64
5723539,46.3,32.66
5723841,46.3,32.67
5724143,46.3,32.68
5724445,46.3,32.68
5724747,46.3,32.69
5725049,46.3,32.69
5725351,46.3,32.68
5725653,46.3,32.68
5725955,46.3,32.69
5726257,46.3,32.69
5726559,46.3,32.68
5726861,46.3,32.68
5727163,46.3,32.68
5727465,46.3,32.68
5727767,46.3,32.69
5728069,46.3,32.69
5728371,46.3,32.69
5728673,46.3,32.68
5728975,46.3,32.67
5729277,46.3,32.65
5729579,46.3,32.64
5729881,46.3,32.62
5730183,46.3,32.62
5730485,46.3,32.61
5730787,46.3,32.62
5731089,46.3,32.61
5731391,46.3,32.61
5731693,46.3,32.59
5731995,46.3,32.58
5732297,46.3,32.57
5732599,46.3,32.57
5732901,46.3,32.57
5733203,46.3,32.56
5733505,46.3,32.56
5733807,46.3,32.56
5734109,46.3,32.56
5734411,46.3,32.57
5734713,46.3,32.57
5735015,46.3,32.58
5735317,46.3,32.58
5735619,46.3,32.57
5735921,46.3,32.57
5736223,46.3,32.57
5736525,46.3,32.55
5736827,46.3,32.55
5737129,46.3,32.55
5737431,46.3,32.55
5737733,47.3,32.55
5738035,46.3,32.56
5738337,46.3,32.56
5738639,46.3,32.57
5738941,46.3,32.56
5739243,46.3,32.56
5739545,46.3,32.55
5739847,46.3,32.54
5740149,46.3,32.53
5740451,46.3,32.52
5740753,46.3,32.51
5741055,46.3,32.51
5741357,46.3,32.51
5741659,46.3,32.51
5741961,46.3,32.50
5742263,46.3,32.51
5742565,46.3,32.51
5742867,46.3,32.51
5743169,46.3,32.51
5743471,46.3,32.51
5743773,46.3,32.51
5744075,47.3,32.51
5744377,46.3,32.51
5744679,46.3,32.50
5744981,47.3,32.51
5745283,46.3,32.51
5745585,47.3,32.52
5745887,46.3,32.52
5746189,46.3,32.53
5746491,46.3,32.53
5746793,46.3,32.54
5747095,46.3,32.54
5747397,46.3,32.54
5747699,45.3,32.54
5748001,46.3,32.55
5748303,45.3,32.55
5748605,46.3,32.55
5748907,46.3,32.55
5749209,46.3,32.56
5749511,46.3,32.56
5749813,46.3,32.57
5750115,46.3,32.57
5750417,46.3,32.57
5750719,46.3,32.57
5751021,46.3,32.58
5751323,46.3,32.58
5751625,47.3,32.58
5751927,47.3,32.59
5752229,46.3,32.59
5752531,46.3,32.59
5752833,46.3,32.59
5753135,46.3,32.59
5753437,46.3,32.60
5753739,46.3,32.60
5754041,47.3,32.60
5754343,47.3,32.61
5754645,46.3,32.60
5754947,46.3,32.60
5755249,46.3,32.61
5755551,46.3,32.62
5755853,46.3,32.62
5756155,46.3,32.62
5756457,46.3,32.62
5756759,46.3,32.62
5757061,46.3,32.63
5757363,46.3,32.63
5757665,46.3,32.63
5757967,46.3,32.64
5758269,46.3,32.64
5758571,46.3,32.64
5758873,46.3,32.65
5759175,46.3,32.65
5759477,46.3,32.65
5759779,46.3,32.66
5760081,46.3,32.66
5760383,46.3,32.66
5760685,46.3,32.67
5760987,46.3,32.67
5761289,46.3,32.67
5761591,45.3,32.67
5761893,46.3,32.68
5762195,46.3,32.69
5762497,46.3,32.69
5762799,46.3,32.69
5763101,46.3,32.70
5763403,46.3,32.70
5763705,46.3,32.69
5764007,46.3,32.68
5764309,46.3,32.68
5764611,46.3,32.69
5764913,46.3,32.70
5765215,45.3,32.71
5765517,45.3,32.71
5765819,45.3,32.72
5766121,45.3,32.72
5766423,45.3,32.72
5766725,46.3,32.73
5767027,46.3,32.74
5767329,46.3,32.75
5767631,46.3,32.75
5767933,46.3,32.74
5768235,46.3,32.72
5768537,46.3,32.72
5768839,46.3,32.71
5769141,47.3,32.72
5769443,47.3,32.72
5769745,46.3,32.72
5770047,46.3,32.73
5770349,47.3,32.73
5770651,46.3,32.75
5770953,46.3,32.76
5771255,46.3,32.76
5771557,46.3,32.77
5771859,46.3,32.77
5772161,46.3,32.78
5772463,46.3,32.78
5772765,46.3,32.78
5773067,46.3,32.79
5773369,46.3,32.80
5773671,46.3,32.80
5773973,46.3,32.81
5774275,46.3,32.81
5774577,46.3,32.81
5774879,46.3,32.81
5775181,46.3,32.82
5775483,46.3,32.82
5775785,46.3,32.83
5776087,47.3,32.83
5776389,47.3,32.83
5776691,47.3,32.83
5776993,47.3,32.83
5777295,46.3,32.83
5777597,46.3,32.82
5777899,46.3,32.81
5778201,46.3,32.81
5778503,46.3,32.83
5778805,46.3,32.83
5779107,46.3,32.83
5779409,46.3,32.83
5779711,46.3,32.83
5780013,46.3,32.82
5780315,46.3,32.81
5780617,47.3,32.81
5780919,46.3,32.81
5781221,46.3,32.80
5781523,46.3,32.79
5781825,46.3,32.79
5782127,46.3,32.78
5782429,46.3,32.77
5782731,46.3,32.77
5783033,46.3,32.76
5783335,46.3,32.76
5783637,46.3,32.75
5783939,46.3,32.76
5784241,46.3,32.76
5784543,46.3,32.76
5784845,46.3,32.77
5785147,46.3,32.77
5785449,46.3,32.78
5785751,46.3,32.78
5786053,46.3,32.79
5786355,47.3,32.79
5786657,46.3,32.79
5786959,46.3,32.79
5787261,46.3,32.79
5787563,46.3,32.80
5787865,46.3,32.80
5788167,46.3,32.80
5788469,46.3,32.79
5788771,46.3,32.79
5789073,47.3,32.79
5789375,47.3,32.78
5789677,47.3,32.78
5789979,46.3,32.77
5790281,46.3,32.77
5790583,46.3,32.77
5790885,46.3,32.77
5791187,46.3,32.77
5791489,46.3,32.77
5791791,46.3,32.78
5792093,46.3,32.78
5792395,46.3,32.78
5792697,47.3,32.79
5792999,47.3,32.79
5793301,46.3,32.79
5793603,46.3,32.79
5793905,45.3,32.79
5794207,46.3,32.79
5794509,46.3,32.79
5794811,46.3,32.79
5795113,46.3,32.79
5795415,46.3,32.79
5795717,46.3,32.79
5796019,46.3,32.79
5796321,46.3,32.79
5796623,46.3,32.80
5796925,46.3,32.80
5797227,46.3,32.81
5797529,46.3,32.81
5797831,46.3,32.81
5798133,46.3,32.81
5798435,46.3,32.82
5798737,46.3,32.82
5799039,46.3,32.82
5799341,46.3,32.83
5799643,46.3,32.83
5799945,46.3,32.83
5800247,47.3,32.83
5800549,46.3,32.83
5800851,46.3,32.83
5801153,46.3,32.84
5801455,46.3,32.83
5801757,46.3,32.84
5802059,46.3,32.85
5802361,46.3,32.85
5802663,46.3,32.85
5802965,46.3,32.85
5803267,46.3,32.85
5803569,46.3,32.85
5803871,46.3,32.85
5804173,46.3,32.85
5804475,46.3,32.85
5804777,46.3,32.85
5805079,46.3,32.84
5805381,46.3,32.84
5805683,46.3,32.84
5805985,46.3,32.83
5806287,46.3,32.83
5806589,46.3,32.83
5806891,46.3,32.82
5807193,46.3,32.82
5807495,47.3,32.82
5807797,46.3,32.82
5808099,46.3,32.82
5808401,46.3,32.83
5808703,46.3,32.83
5809005,46.3,32.83
5809307,47.3,32.83
5809609,47.3,32.83
5809911,47.3,32.84
5810213,46.3,32.85
5810515,46.3,32.84
5810817,47.3,32.84
5811119,46.3,32.84
5811421,46.3,32.83
5811723,46.3,32.83
5812025,46.3,32.82
5812327,46.3,32.81
5812629,46.3,32.81
5812931,45.3,32.81
5813233,46.3,32.81
5813535,46.3,32.81
5813837,46.3,32.81
5814139,46.3,32.81
5814441,46.3,32.81
5814743,46.3,32.81
5815045,45.3,32.80
5815347,46.3,32.80
5815649,46.3,32.79
5815951,46.3,32.77
5816253,46.3,32.77
5816555,46.3,32.76
5816857,46.3,32.74
5817159,46.3,32.73
5817461,46.3,32.73
5817763,46.3,32.72
5818065,46.3,32.72
5818367,46.3,32.72
5818669,46.3,32.72
5818971,46.3,32.71
5819273,46.3,32.71
5819575,46.3,32.70
5819877,46.3,32.69
5820179,45.3,32.69
5820481,46.3,32.68
5820783,46.3,32.68
5821085,46.3,32.68
5821387,46.3,32.68
5821689,46.3,32.67
5821991,46.3,32.67
5822293,46.3,32.67
5822595,46.3,32.67
5822897,46.3,32.66
5823199,46.3,32.66
5823501,46.3,32.65
5823803,46.3,32.65
5824105,46.3,32.64
5824407,46.3,32.63
5824709,46.3,32.63
5825011,46.3,32.62
5825313,46.3,32.62
5825615,46.3,32.62
5825917,46.3,32.61
5826219,46.3,32.60
5826521,46.3,32.60
5826823,46.3,32.60
5827125,45.3,32.60
5827427,46.3,32.60
5827729,46.3,32.60
5828031,46.3,32.59
5828333,46.3,32.59
5828635,46.3,32.58
5828937,46.3,32.57
5829239,46.3,32.57
5829541,46.3,32.56
5829843,46.3,32.56
5830145,46.3,32.55
5830447,46.3,32.55
5830749,46.3,32.54
5831051,46.3,32.54
5831353,46.3,32.53
5831655,46.3,32.53
5831957,46.3,32.52
5832259,45.3,32.52
5832561,46.3,32.52
5832863,46.3,32.52
5833165,46.3,32.52
5833467,46.3,32.52
5833769,46.3,32.51
5834071,46.3,32.51
5834373,46.3,32.51
5834675,46.3,32.51
5834977,46.3,32.50
5835279,46.3,32.50
5835581,46.3,32.49
5835883,46.3,32.49
5836185,46.3,32.48
5836487,46.3,32.47
5836789,46.3,32.47
5837091,46.3,32.47
5837393,46.3,32.46
5837695,45.3,32.46
5837997,45.3,32.46
5838299,46.3,32.45
5838601,46.3,32.45
5838903,46.3,32.45
5839205,46.3,32.44
5839507,46.3,32.43
5839809,46.3,32.42
5840111,47.3,32.42
5840413,46.3,32.42
5840715,46.3,32.41
5841017,46.3,32.41
5841319,46.3,32.41
5841621,46.3,32.40
5841923,46.3,32.40
5842225,46.3,32.40
5842527,46.3,32.40
5842829,45.3,32.39
5843131,45.3,32.39
5843433,45.3,32.39
5843735,46.3,32.38
5844037,46.3,32.38
5844339,46.3,32.38
5844641,46.3,32.37
5844943,46.3,32.37
5845245,46.3,32.37
5845547,46.3,32.36
5845849,46.3,32.36
5846151,45.3,32.36
5846453,46.3,32.36
5846755,46.3,32.34
5847057,46.3,32.34
5847359,46.3,32.33
5847661,46.3,32.33
5847963,46.3,32.32
5848265,46.3,32.31
5848567,46.3,32.31
5848869,46.3,32.31
5849171,46.3,32.30
5849473,46.3,32.30
5849775,46.3,32.29
5850077,45.3,32.28
5850379,46.3,32.28
5850681,46.3,32.27
5850983,46.3,32.27
5851285,46.3,32.27
5851587,46.3,32.26
5851889,46.3,32.26
5852191,46.3,32.26
5852493,46.3,32.26
5852795,46.3,32.25
5853097,46.3,32.25
5853399,46.3,32.25
5853701,46.3,32.24
5854003,46.3,32.24
5854305,46.3,32.23
5854607,46.3,32.23
5854909,46.3,32.21
5855211,46.3,32.20
5855513,46.3,32.20
5855815,46.3,32.19
5856117,46.3,32.19
5856419,46.3,32.18
5856721,46.3,32.18
5857023,46.3,32.17
5857325,46.3,32.17
5857627,46.3,32.17
5857929,46.3,32.16
5858231,46.3,32.16
5858533,46.3,32.15
5858835,46.3,32.14
5859137,45.3,32.13
5859439,45.3,32.13
5859741,45.3,32.12
5860043,46.3,32.12
5860345,46.3,32.11
5860647,46.3,32.11
5860949,46.3,32.11
5861251,46.3,32.10
5861553,45.3,32.09
5861855,46.3,32.08
5862157,46.3,32.08
5862459,46.3,32.07
5862761,45.3,32.06
5863063,45.3,32.06
5863365,45.3,32.05
5863667,46.3,32.04
5863969,46.3,32.03
5864271,46.3,32.02
5864573,46.3,32.02
5864875,46.3,32.02
5865177,46.3,32.01
5865479,45.3,32.01
5865781,46.3,32.00
5866083,46.3,31.99
5866385,46.3,31.99
5866687,46.3,31.98
5866989,46.3,31.98
5867291,46.3,31.97
5867593,46.3,31.97
5867895,46.3,31.96
5868197,46.3,31.96
5868499,46.3,31.95
5868801,46.3,31.94
5869103,46.3,31.94
5869405,46.3,31.93
5869707,46.3,31.92
5870009,46.3,31.92
5870311,46.3,31.91
5870613,46.3,31.91
5870915,45.3,31.91
5871217,46.3,31.91
5871519,46.3,31.91
5871821,46.3,31.90
5872123,45.3,31.90
5872425,46.3,31.90
5872727,46.3,31.89
5873029,46.3,31.89
5873331,46.3,31.89
5873633,45.3,31.89
5873935,45.3,31.89
5874237,45.3,31.89
5874539,46.3,31.89
5874841,45.3,31.88
5875143,46.3,31.88
5875445,46.3,31.87
5875747,46.3,31.87
5876049,45.3,31.86
5876351,45.3,31.85
5876653,46.3,31.84
5876955,46.3,31.84
5877257,46.3,31.83
5877559,46.3,31.82
5877861,45.3,31.82
5878163,45.3,31.82
5878465,46.3,31.82
5878767,45.3,31.81
5879069,45.3,31.81
5879371,45.3,31.80
5879673,45.3,31.80
5879975,45.3,31.80
5880277,45.3,31.79
5880579,45.3,31.79
5880881,46.3,31.78
5881183,46.3,31.78
5881485,46.3,31.77
5881787,46.3,31.77
5882089,46.3,31.77
5882391,46.3,31.77
5882693,45.3,31.77
5882995,45.3,31.76
5883297,45.3,31.76
5883599,46.3,31.76
5883901,45.3,31.76
5884203,45.3,31.76
5884505,45.3,31.75
5884807,46.3,31.75
5885109,46.3,31.75
5885411,46.3,31.75
5885713,46.3,31.75
5886015,46.3,31.75
5886317,46.3,31.74
5886619,45.3,31.74
5886921,46.3,31.75
5887223,46.3,31.75
5887525,46.3,31.74
5887827,46.3,31.74
5888129,45.3,31.73
5888431,46.3,31.74
5888733,45.3,31.73
5889035,46.3,31.72
5889337,45.3,31.72
5889639,45.3,31.72
5889941,46.3,31.72
5890243,45.3,31.71
5890545,45.3,31.71
5890847,46.3,31.71
5891149,45.3,31.70
5891451,46.3,31.71
5891753,45.3,31.70
5892055,45.3,31.70
5892357,45.3,31.69
5892659,45.3,31.69
5892961,45.3,31.69
5893263,45.3,31.69
5893565,46.3,31.68
5893867,46.3,31.68
5894169,46.3,31.68
5894471,45.3,31.68
5894773,45.3,31.68
5895075,46.3,31.68
5895377,45.3,31.68
5895679,45.3,31.68
5895981,46.3,31.67
5896283,46.3,31.67
5896585,45.3,31.66
5896887,45.3,31.66
5897189,45.3,31.66
5897491,45.3,31.66
5897793,45.3,31.66
5898095,45.3,31.65
5898397,45.3,31.65
5898699,45.3,31.64
5899001,45.3,31.63
5899303,45.3,31.62
5899605,45.3,31.61
5899907,45.3,31.61
5900209,45.3,31.60
5900511,45.3,31.60
5900813,46.3,31.60
5901115,46.3,31.59
5901417,46.3,31.59
5901719,46.3,31.59
5902021,45.3,31.59
5902323,45.3,31.59
5902625,45.3,31.57
5902927,45.3,31.57
5903229,45.3,31.57
5903531,45.3,31.56
5903833,45.3,31.56
5904135,45.3,31.57
5904437,45.3,31.56
5904739,46.3,31.56
5905041,46.3,31.56
5905343,45.3,31.57
5905645,45.3,31.56
5905947,45.3,31.57
5906249,45.3,31.56
5906551,45.3,31.56
5906853,45.3,31.56
5907155,45.3,31.55
5907457,45.3,31.55
5907759,45.3,31.55
5908061,45.3,31.56
5908363,45.3,31.56
5908665,46.3,31.56
5908967,46.3,31.56
5909269,46.3,31.56
5909571,46.3,31.56
5909873,46.3,31.56
5910175,46.3,31.56
5910477,46.3,31.56
5910779,46.3,31.56
5911081,45.3,31.56
5911383,45.3,31.56
5911685,45.3,31.56
5911987,45.3,31.56
5912289,45.3,31.56
5912591,45.3,31.56
5912893,45.3,31.55
5913195,46.3,31.55
5913497,46.3,31.55
5913799,46.3,31.55
5914101,46.3,31.55
5914403,45.3,31.55
5914705,45.3,31.54
5915007,45.3,31.55
5915309,45.3,31.54
5915611,45.3,31.54
5915913,45.3,31.54
5916215,45.3,31.53
5916517,45.3,31.53
5916819,45.3,31.53
5917121,45.3,31.53
5917423,45.3,31.53
5917725,45.3,31.53
5918027,45.3,31.52
5918329,46.3,31.52
5918631,46.3,31.52
5918933,45.3,31.51
5919235,45.3,31.51
5919537,45.3,31.50
5919839,45.3,31.50
5920141,45.3,31.50
5920443,45.3,31.49
5920745,45.3,31.49
5921047,45.3,31.49
5921349,45.3,31.49
5921651,45.3,31.49
5921953,45.3,31.49
5922255,45.3,31.48
5922557,45.3,31.49
5922859,46.3,31.48
5923161,46.3,31.49
5923463,45.3,31.49
5923765,45.3,31.49
5924067,45.3,31.49
5924369,46.3,31.48
5924671,46.3,31.48
5924973,46.3,31.47
5925275,46.3,31.47
5925577,46.3,31.47
5925879,45.3,31.48
5926181,45.3,31.47
5926483,45.3,31.47
5926785,45.3,31.47
5927087,45.3,31.47
5927389,45.3,31.47
5927691,45.3,31.47
5927993,45.3,31.47
5928295,45.3,31.48
5928597,45.3,31.48
5928899,45.3,31.47
5929201,45.3,31.48
5929503,45.3,31.47
5929805,45.3,31.48
5930107,45.3,31.47
5930409,46.3,31.47
5930711,45.3,31.46
5931013,45.3,31.45
5931315,45.3,31.45
5931617,45.3,31.45
5931919,45.3,31.45
5932221,45.3,31.45
5932523,45.3,31.45
5932825,45.3,31.45
5933127,45.3,31.45
5933429,45.3,31.45
5933731,45.3,31.45
5934033,45.3,31.45
5934335,45.3,31.45
5934637,45.3,31.45
5934939,45.3,31.45
5935241,45.3,31.45
5935543,45.3,31.45
5935845,45.3,31.46
5936147,45.3,31.45
5936449,44.3,31.44
5936751,45.3,31.43
5937053,45.3,31.43
5937355,45.3,31.43
5937657,45.3,31.42
5937959,44.3,31.42
5938261,45.3,31.42
5938563,45.3,31.42
5938865,45.3,31.42
5939167,44.3,31.42
5939469,45.3,31.42
5939771,45.3,31.42
5940073,45.3,31.42
5940375,45.3,31.42
5940677,45.3,31.42
5940979,45.3,31.41
5941281,45.3,31.41
5941583,45.3,31.41
5941885,46.3,31.40
5942187,45.3,31.40
5942489,45.3,31.40
5942791,45.3,31.40
5943093,45.3,31.40
5943395,45.3,31.38
5943697,45.3,31.39
5943999,45.3,31.38
5944301,45.3,31.39
5944603,45.3,31.38
5944905,45.3,31.37
5945207,45.3,31.37
5945509,45.3,31.36
5945811,45.3,31.36
5946113,45.3,31.36
5946415,45.3,31.35
5946717,45.3,31.35
5947019,45.3,31.35
5947321,45.3,31.35
5947623,45.3,31.35
5947925,45.3,31.34
5948227,45.3,31.34
5948529,45.3,31.34
5948831,45.3,31.34
5949133,45.3,31.33
5949435,45.3,31.33
5949737,45.3,31.32
5950039,45.3,31.32
5950341,45.3,31.31
5950643,45.3,31.30
5950945,46.3,31.30
5951247,45.3,31.30
5951549,46.3,31.30
5951851,45.3,31.29
5952153,45.3,31.29
5952455,45.3,31.28
5952757,45.3,31.28
5953059,45.3,31.28
5953361,45.3,31.28
5953663,45.3,31.28
5953965,45.3,31.28
5954267,45.3,31.27
5954569,45.3,31.26
5954871,45.3,31.26
5955173,46.3,31.25
5955475,45.3,31.25
5955777,45.3,31.25
5956079,45.3,31.23
5956381,45.3,31.23
5956683,45.3,31.22
5956985,45.3,31.22
5957287,45.3,31.22
5957589,45.3,31.21
5957891,45.3,31.21
5958193,45.3,31.21
5958495,45.3,31.20
5958797,45.3,31.20
5959099,45.3,31.20
5959401,45.3,31.20
5959703,45.3,31.20
5960005,45.3,31.20
5960307,45.3,31.19
5960609,45.3,31.18
5960911,45.3,31.18
5961213,45.3,31.17
5961515,45.3,31.17
5961817,46.3,31.15
5962119,45.3,31.15
5962421,45.3,31.14
5962723,45.3,31.14
5963025,45.3,31.13
5963327,45.3,31.12
5963629,45.3,31.11
5963931,45.3,31.11
5964233,45.3,31.11
5964535,45.3,31.11
5964837,45.3,31.10
5965139,45.3,31.10
5965441,45.3,31.09
5965743,45.3,31.08
5966045,45.3,31.08
5966347,45.3,31.08
5966649,45.3,31.07
5966951,45.3,31.07
5967253,45.3,31.07
5967555,44.3,31.06
5967857,44.3,31.06
5968159,44.3,31.06
5968461,44.3,31.05
5968763,44.3,31.05
5969065,44.3,31.05
5969367,44.3,31.04
5969669,45.3,31.04
5969971,45.3,31.04
5970273,45.3,31.03
5970575,45.3,31.03
5970877,45.3,31.03
5971179,45.3,31.02
5971481,45.3,31.02
5971783,45.3,31.02
5972085,45.3,31.01
5972387,45.3,31.01
5972689,45.3,31.00
5972991,45.3,31.00
5973293,44.3,30.99
5973595,44.3,30.99
5973897,44.3,30.97
5974199,45.3,30.97
5974501,45.3,30.96
5974803,45.3,30.96
5975105,45.3,30.95
5975407,45.3,30.95
5975709,45.3,30.96
5976011,45.3,30.95
5976313,45.3,30.96
5976615,45.3,30.96
5976917,45.3,30.95
5977219,45.3,30.94
5977521,45.3,30.94
5977823,45.3,30.93
5978125,45.3,30.93
5978427,45.3,30.92
5978729,45.3,30.92
5979031,45.3,30.91
5979333,44.3,30.91
5979635,45.3,30.91
5979937,44.3,30.90
5980239,45.3,30.89
5980541,45.3,30.89
5980843,45.3,30.88
5981145,45.3,30.88
5981447,44.3,30.88
5981749,44.3,30.88
5982051,45.3,30.88
5982353,45.3,30.87
5982655,45.3,30.87
5982957,45.3,30.87
5983259,45.3,30.86
5983561,45.3,30.86
5983863,45.3,30.86
5984165,45.3,30.86
5984467,45.3,30.85
5984769,45.3,30.85
5985071,44.3,30.85
5985373,44.3,30.84
5985675,44.3,30.83
5985977,45.3,30.83
5986279,45.3,30.83
5986581,44.3,30.82
5986883,44.3,30.82
5987185,44.3,30.81
5987487,44.3,30.81
5987789,45.3,30.80
5988091,45.3,30.80
5988393,45.3,30.78
5988695,45.3,30.78
5988997,45.3,30.77
5989299,45.3,30.76
5989601,45.3,30.76
5989903,45.3,30.76
5990205,45.3,30.75
5990507,44.3,30.75
5990809,44.3,30.74
5991111,44.3,30.74
5991413,45.3,30.73
5991715,45.3,30.73
5992017,45.3,30.72
5992319,45.3,30.72
5992621,45.3,30.71
5992923,45.3,30.70
5993225,44.3,30.69
5993527,44.3,30.70
5993829,44.3,30.69
5994131,44.3,30.68
5994433,44.3,30.68
5994735,44.3,30.68
5995037,44.3,30.67
5995339,44.3,30.66
5995641,45.3,30.66
5995943,45.3,30.66
5996245,45.3,30.65
5996547,45.3,30.64
5996849,44.3,30.64
5997151,44.3,30.63
5997453,44.3,30.63
5997755,44.3,30.63
5998057,44.3,30.62
5998359,44.3,30.61
5998661,44.3,30.61
5998963,44.3,30.61
5999265,44.3,30.61
5999567,44.3,30.60
5999869,45.3,30.60
6000171,44.3,30.59
6000473,45.3,30.59
6000775,44.3,30.59
6001077,45.3,30.58
6001379,44.3,30.58
6001681,44.3,30.58
6001983,44.3,30.57
6002285,44.3,30.57
6002587,44.3,30.56
6002889,44.3,30.56
6003191,45.3,30.56
6003493,45.3,30.55
6003795,44.3,30.55
6004097,44.3,30.54
6004399,44.3,30.54
6004701,44.3,30.54
6005003,44.3,30.54
6005305,45.3,30.54
6005607,45.3,30.53
6005909,44.3,30.53
6006211,45.3,30.53
6006513,45.3,30.53
6006815,44.3,30.53
6007117,44.3,30.53
6007419,44.3,30.52
6007721,45.3,30.53
6008023,44.3,30.52
6008325,45.3,30.52
6008627,44.3,30.52
6008929,45.3,30.52
6009231,45.3,30.52
6009533,45.3,30.51
6009835,45.3,30.51
6010137,45.3,30.51
6010439,44.3,30.51
6010741,44.3,30.51
6011043,44.3,30.51
6011345,44.3,30.51
6011647,44.3,30.51
6011949,44.3,30.50
6012251,44.3,30.50
6012553,44.3,30.50
6012855,44.3,30.49
6013157,44.3,30.49
6013459,44.3,30.48
6013761,44.3,30.48
6014063,44.3,30.48
6014365,45.3,30.48
6014667,45.3,30.47
6014969,45.3,30.47
6015271,44.3,30.47
6015573,44.3,30.47
6015875,44.3,30.47
6016177,44.3,30.46
6016479,44.3,30.45
6016781,44.3,30.45
6017083,44.3,30.45
6017385,44.3,30.45
6017687,44.3,30.45
6017989,45.3,30.45
6018291,44.3,30.45
6018593,44.3,30.45
6018895,44.3,30.45
6019197,44.3,30.45
6019499,44.3,30.45
6019801,44.3,30.44
6020103,44.3,30.44
6020405,44.3,30.43
6020707,44.3,30.43
6021009,44.3,30.42
6021311,44.3,30.42
6021613,44.3,30.42
6021915,44.3,30.41
6022217,44.3,30.41
6022519,44.3,30.41
6022821,44.3,30.41
6023123,44.3,30.40
6023425,44.3,30.40
6023727,44.3,30.39
6024029,44.3,30.39
6024331,45.3,30.39
6024633,45.3,30.38
6024935,44.3,30.38
6025237,44.3,30.38
6025539,44.3,30.37
6025841,44.3,30.37
6026143,44.3,30.38
6026445,44.3,30.37
6026747,44.3,30.37
6027049,44.3,30.37
6027351,44.3,30.37
6027653,44.3,30.37
6027955,44.3,30.37
6028257,44.3,30.37
6028559,44.3,30.36
6028861,44.3,30.36
6029163,44.3,30.36
6029465,44.3,30.36
6029767,44.3,30.37
6030069,44.3,30.36
6030371,44.3,30.37
6030673,44.3,30.37
6030975,44.3,30.36
6031277,44.3,30.36
6031579,44.3,30.36
6031881,44.3,30.36
6032183,44.3,30.36
6032485,44.3,30.36
6032787,44.3,30.36
6033089,44.3,30.36
6033391,44.3,30.36
6033693,44.3,30.36
6033995,44.3,30.36
6034297,44.3,30.36
6034599,44.3,30.36
6034901,44.3,30.36
6035203,44.3,30.35
6035505,44.3,30.35
6035807,44.3,30.35
6036109,44.3,30.35
6036411,44.3,30.34
6036713,44.3,30.34
6037015,44.3,30.34
6037317,44.3,30.34
6037619,44.3,30.34
6037921,44.3,30.34
6038223,44.3,30.34
6038525,44.3,30.32
6038827,44.3,30.33
6039129,44.3,30.32
6039431,44.3,30.32
6039733,44.3,30.32
6040035,44.3,30.31
6040337,44.3,30.31
6040639,44.3,30.31
6040941,44.3,30.31
6041243,44.3,30.31
6041545,44.3,30.31
6041847,44.3,30.31
6042149,44.3,30.31
6042451,44.3,30.30
6042753,44.3,30.30
6043055,44.3,30.30
6043357,44.3,30.30
6043659,44.3,30.30
6043961,44.3,30.30
6044263,44.3,30.30
6044565,44.3,30.30
6044867,44.3,30.30
6045169,44.3,30.30
6045471,44.3,30.30
6045773,44.3,30.30
6046075,44.3,30.30
6046377,44.3,30.30
6046679,44.3,30.30
6046981,44.3,30.29
6047283,44.3,30.29
6047585,44.3,30.29
6047887,44.3,30.29
6048189,44.3,30.28
6048491,43.3,30.28
6048793,44.3,30.27
6049095,44.3,30.27
6049397,44.3,30.27
6049699,44.3,30.26
6050001,44.3,30.26
6050303,44.3,30.26
6050605,44.3,30.26
6050907,44.3,30.25
6051209,44.3,30.26
6051511,44.3,30.25
6051813,44.3,30.25
6052115,44.3,30.25
6052417,44.3,30.25
6052719,44.3,30.24
6053021,44.3,30.24
6053323,44.3,30.23
6053625,44.3,30.23
6053927,44.3,30.23
6054229,44.3,30.22
6054531,44.3,30.22
6054833,44.3,30.22
6055135,44.3,30.22
6055437,44.3,30.21
6055739,44.3,30.21
6056041,44.3,30.21
6056343,44.3,30.21
6056645,44.3,30.20
6056947,44.3,30.21
6057249,44.3,30.21
6057551,44.3,30.20
6057853,44.3,30.20
6058155,44.3,30.20
6058457,44.3,30.19
6058759,44.3,30.19
6059061,44.3,30.18
6059363,44.3,30.18
6059665,44.3,30.17
6059967,44.3,30.17
6060269,44.3,30.17
6060571,44.3,30.17
6060873,44.3,30.16
6061175,44.3,30.16
6061477,44.3,30.16
6061779,44.3,30.15
6062081,44.3,30.16
6062383,44.3,30.15
6062685,44.3,30.15
6062987,44.3,30.15
6063289,44.3,30.15
6063591,44.3,30.15
6063893,44.3,30.15
6064195,44.3,30.15
6064497,44.3,30.15
6064799,44.3,30.15
6065101,44.3,30.15
6065403,44.3,30.15
6065705,44.3,30.14
6066007,44.3,30.14
6066309,44.3,30.14
6066611,44.3,30.14
6066913,44.3,30.14
6067215,44.3,30.14
6067517,44.3,30.14
6067819,44.3,30.13
6068121,44.3,30.13
6068423,44.3,30.14
6068725,44.3,30.14
6069027,44.3,30.14
6069329,44.3,30.13
6069631,44.3,30.14
6069933,44.3,30.13
6070235,44.3,30.13
6070537,44.3,30.13
6070839,44.3,30.13
6071141,44.3,30.12
6071443,44.3,30.12
6071745,44.3,30.11
6072047,44.3,30.11
6072349,44.3,30.11
6072651,44.3,30.11
6072953,44.3,30.10
6073255,44.3,30.10
6073557,44.3,30.11
6073859,44.3,30.11
6074161,44.3,30.10
6074463,44.3,30.10
6074765,44.3,30.10
6075067,45.3,30.10
6075369,44.3,30.09
6075671,44.3,30.08
6075973,44.3,30.09
6076275,44.3,30.09
6076577,44.3,30.08
6076879,44.3,30.08
6077181,44.3,30.08
6077483,44.3,30.07
6077785,44.3,30.07
6078087,44.3,30.07
6078389,44.3,30.07
6078691,44.3,30.07
6078993,44.3,30.06
6079295,44.3,30.06
6079597,44.3,30.05
6079899,44.3,30.05
6080201,44.3,30.05
6080503,44.3,30.05
6080805,44.3,30.04
6081107,44.3,30.04
6081409,44.3,30.04
6081711,44.3,30.05
6082013,44.3,30.05
6082315,44.3,30.05
6082617,44.3,30.05
6082919,43.3,30.05
6083221,43.3,30.05
6083523,44.3,30.05
6083825,44.3,30.03
6084127,44.3,30.04
6084429,44.3,30.04
6084731,44.3,30.03
6085033,44.3,30.03
6085335,44.3,30.03
6085637,44.3,30.03
6085939,44.3,30.03
6086241,44.3,30.03
6086543,44.3,30.03
6086845,44.3,30.03
6087147,44.3,30.02
6087449,44.3,30.02
6087751,44.3,30.01
6088053,44.3,30.02
6088355,43.3,30.01
6088657,43.3,30.02
6088959,43.3,30.01
6089261,44.3,30.02
6089563,43.3,30.01
6089865,43.3,30.01
6090167,44.3,30.01
6090469,44.3,30.01
6090771,43.3,30.01
6091073,43.3,30.01
6091375,44.3,30.01
6091677,44.3,30.01
6091979,43.3,30.01
6092281,43.3,30.01
6092583,44.3,30.01
6092885,44.3,30.01
6093187,44.3,30.01
6093489,44.3,30.00
6093791,44.3,30.00
6094093,44.3,30.00
6094395,44.3,29.99
6094697,44.3,30.00
6094999,44.3,29.99
6095301,44.3,29.99
6095603,44.3,29.99
6095905,44.3,29.99
6096207,44.3,29.99
6096509,44.3,29.98
6096811,44.3,29.98
6097113,44.3,29.99
6097415,44.3,29.98
6097717,44.3,29.99
6098019,44.3,29.98
6098321,44.3,29.98
6098623,44.3,29.98
6098925,44.3,29.98
6099227,44.3,29.97
6099529,44.3,29.98
6099831,44.3,29.97
6100133,43.3,29.98
6100435,43.3,29.97
6100737,43.3,29.97
6101039,44.3,29.98
6101341,44.3,29.98
6101643,44.3,29.98
6101945,44.3,29.98
6102247,44.3,29.98
6102549,44.3,29.97
6102851,44.3,29.97
6103153,44.3,29.97
6103455,44.3,29.97
6103757,44.3,29.97
6104059,44.3,29.97
6104361,44.3,29.97
6104663,44.3,29.96
6104965,44.3,29.96
6105267,44.3,29.97
6105569,44.3,29.96
6105871,44.3,29.96
6106173,44.3,29.96
6106475,44.3,29.96
6106777,44.3,29.96
6107079,44.3,29.95
6107381,44.3,29.95
6107683,44.3,29.95
6107985,44.3,29.95
6108287,44.3,29.95
6108589,44.3,29.95
6108891,43.3,29.95
6109193,43.3,29.95
6109495,43.3,29.95
6109797,43.3,29.95
6110099,44.3,29.95
6110401,44.3,29.95
6110703,44.3,29.95
6111005,44.3,29.95
6111307,44.3,29.95
6111609,44.3,29.95
6111911,43.3,29.94
6112213,43.3,29.94
6112515,44.3,29.94
6112817,44.3,29.94
6113119,44.3,29.93
6113421,44.3,29.93
6113723,44.3,29.93
6114025,44.3,29.93
6114327,44.3,29.93
6114629,44.3,29.93
6114931,44.3,29.93
6115233,44.3,29.93
6115535,44.3,29.93
6115837,44.3,29.93
6116139,44.3,29.93
6116441,44.3,29.93
6116743,44.3,29.93
6117045,43.3,29.92
6117347,44.3,29.92
6117649,44.3,29.92
6117951,43.3,29.92
6118253,43.3,29.92
6118555,44.3,29.92
6118857,44.3,29.91
6119159,44.3,29.91
6119461,44.3,29.91
6119763,44.3,29.91
6120065,44.3,29.91
6120367,44.3,29.91
6120669,44.3,29.91
6120971,44.3,29.91
6121273,44.3,29.91
6121575,43.3,29.91
6121877,43.3,29.91
6122179,44.3,29.91
6122481,44.3,29.91
6122783,44.3,29.91
6123085,44.3,29.91
6123387,44.3,29.91
6123689,44.3,29.91
6123991,44.3,29.91
6124293,44.3,29.91
6124595,44.3,29.91
6124897,44.3,29.91
6125199,44.3,29.91
6125501,44.3,29.91
6125803,44.3,29.91
6126105,44.3,29.91
6126407,44.3,29.91
6126709,44.3,29.91
6127011,43.3,29.91
6127313,43.3,29.91
6127615,44.3,29.91
6127917,44.3,29.92
6128219,44.3,29.91
6128521,44.3,29.91
6128823,44.3,29.91
6129125,44.3,29.91
6129427,44.3,29.91
6129729,44.3,29.91
6130031,43.3,29.92
6130333,44.3,29.92
6130635,44.3,29.92
6130937,43.3,29.92
6131239,43.3,29.92
6131541,43.3,29.92
6131843,43.3,29.92
6132145,44.3,29.92
6132447,44.3,29.92
6132749,44.3,29.92
6133051,44.3,29.92
6133353,44.3,29.92
6133655,43.3,29.91
6133957,43.3,29.92
6134259,43.3,29.91
6134561,43.3,29.92
6134863,43.3,29.91
6135165,43.3,29.91
6135467,44.3,29.91
6135769,43.3,29.90
6136071,43.3,29.90
6136373,43.3,29.89
6136675,43.3,29.89
6136977,44.3,29.89
6137279,44.3,29.89
6137581,44.3,29.89
6137883,43.3,29.88
6138185,44.3,29.88
6138487,44.3,29.88
6138789,44.3,29.88
6139091,44.3,29.88
6139393,43.3,29.88
6139695,44.3,29.88
6139997,43.3,29.87
6140299,43.3,29.87
6140601,43.3,29.87
6140903,43.3,29.86
6141205,43.3,29.86
6141507,43.3,29.86
6141809,43.3,29.85
6142111,44.3,29.84
6142413,44.3,29.84
6142715,44.3,29.84
6143017,44.3,29.83
6143319,43.3,29.83
6143621,43.3,29.83
6143923,44.3,29.82
6144225,44.3,29.82
6144527,44.3,29.82
6144829,44.3,29.81
6145131,44.3,29.81
6145433,44.3,29.80
6145735,44.3,29.80
6146037,44.3,29.80
6146339,44.3,29.80
6146641,44.3,29.80
6146943,44.3,29.79
6147245,44.3,29.79
6147547,44.3,29.78
6147849,44.3,29.78
6148151,44.3,29.78
6148453,44.3,29.77
6148755,44.3,29.77
6149057,44.3,29.77
6149359,43.3,29.77
6149661,43.3,29.77
6149963,43.3,29.77
6150265,44.3,29.76
6150567,43.3,29.76
6150869,44.3,29.76
6151171,44.3,29.76
6151473,44.3,29.75
6151775,43.3,29.75
6152077,44.3,29.75
6152379,44.3,29.75
6152681,44.3,29.75
6152983,44.3,29.75
6153285,44.3,29.75
6153587,44.3,29.75
6153889,44.3,29.75
6154191,43.3,29.75
6154493,44.3,29.75
6154795,44.3,29.74
6155097,44.3,29.74
6155399,44.3,29.74
6155701,43.3,29.74
6156003,43.3,29.74
6156305,44.3,29.74
6156607,44.3,29.73
6156909,43.3,29.73
6157211,43.3,29.73
6157513,43.3,29.72
6157815,43.3,29.72
6158117,43.3,29.72
6158419,43.3,29.72
6158721,43.3,29.72
6159023,44.3,29.71
6159325,44.3,29.71
6159627,43.3,29.71
6159929,43.3,29.71
6160231,43.3,29.71
6160533,44.3,29.71
6160835,44.3,29.70
6161137,44.3,29.71
6161439,44.3,29.70
6161741,44.3,29.70
6162043,44.3,29.69
6162345,43.3,29.70
6162647,44.3,29.70
6162949,43.3,29.70
6163251,43.3,29.69
6163553,43.3,29.69
6163855,43.3,29.69
6164157,43.3,29.68
6164459,43.3,29.68
6164761,43.3,29.68
6165063,43.3,29.68
6165365,43.3,29.68
6165667,44.3,29.67
6165969,44.3,29.67
6166271,44.3,29.67
6166573,44.3,29.66
6166875,44.3,29.66
6167177,44.3,29.66
6167479,43.3,29.65
6167781,43.3,29.65
6168083,43.3,29.65
6168385,43.3,29.65
6168687,43.3,29.64
6168989,44.3,29.63
6169291,44.3,29.63
6169593,44.3,29.62
6169895,44.3,29.62
6170197,44.3,29.61
6170499,44.3,29.61
6170801,43.3,29.61
6171103,43.3,29.61
6171405,44.3,29.60
6171707,44.3,29.60
6172009,44.3,29.60
6172311,44.3,29.60
6172613,44.3,29.60
6172915,44.3,29.60
6173217,44.3,29.59
6173519,44.3,29.59
6173821,44.3,29.59
6174123,44.3,29.59
6174425,44.3,29.59
6174727,44.3,29.58
6175029,43.3,29.58
6175331,43.3,29.58
6175633,44.3,29.57
6175935,43.3,29.57
6176237,43.3,29.57
6176539,43.3,29.57
6176841,43.3,29.57
6177143,43.3,29.57
6177445,43.3,29.56
6177747,44.3,29.56
6178049,44.3,29.56
6178351,44.3,29.56
6178653,44.3,29.56
6178955,44.3,29.56
6179257,44.3,29.55
6179559,44.3,29.55
6179861,44.3,29.55
6180163,44.3,29.55
6180465,44.3,29.55
6180767,43.3,29.55
6181069,43.3,29.54
6181371,43.3,29.54
6181673,43.3,29.55
6181975,43.3,29.54
6182277,43.3,29.54
6182579,43.3,29.54
6182881,44.3,29.55
6183183,44.3,29.55
6183485,43.3,29.55
6183787,43.3,29.55
6184089,43.3,29.55
6184391,43.3,29.54
6184693,43.3,29.54
6184995,43.3,29.54
6185297,43.3,29.54
6185599,44.3,29.53
6185901,43.3,29.54
6186203,43.3,29.54
6186505,43.3,29.54
6186807,43.3,29.54
6187109,44.3,29.54
6187411,43.3,29.53
6187713,43.3,29.53
6188015,43.3,29.53
6188317,43.3,29.53
6188619,43.3,29.53
6188921,43.3,29.52
6189223,43.3,29.52
6189525,43.3,29.52
6189827,43.3,29.51
6190129,43.3,29.51
6190431,43.3,29.51
6190733,43.3,29.50
6191035,44.3,29.50
6191337,43.3,29.50
6191639,43.3,29.50
6191941,43.3,29.50
6192243,43.3,29.50
6192545,43.3,29.49
6192847,43.3,29.50
6193149,43.3,29.49
6193451,43.3,29.50
6193753,44.3,29.50
6194055,43.3,29.50
6194357,44.3,29.50
6194659,44.3,29.50
6194961,44.3,29.49
6195263,44.3,29.49
6195565,44.3,29.50
6195867,44.3,29.50
6196169,43.3,29.50
6196471,43.3,29.49
6196773,43.3,29.49
6197075,43.3,29.49
6197377,43.3,29.49
6197679,43.3,29.49
6197981,43.3,29.49
6198283,43.3,29.49
6198585,43.3,29.49
6198887,43.3,29.49
6199189,43.3,29.49
6199491,43.3,29.48
6199793,44.3,29.48
6200095,43.3,29.48
6200397,43.3,29.48
6200699,43.3,29.48
6201001,43.3,29.48
6201303,43.3,29.48
6201605,43.3,29.48
6201907,43.3,29.49
6202209,43.3,29.48
6202511,42.3,29.49
6202813,43.3,29.48
6203115,43.3,29.48
6203417,43.3,29.48
6203719,43.3,29.48
6204021,43.3,29.48
6204323,43.3,29.48
6204625,43.3,29.48
6204927,43.3,29.48
6205229,43.3,29.48
6205531,43.3,29.48
6205833,43.3,29.48
6206135,43.3,29.48
6206437,43.3,29.48
6206739,43.3,29.48
6207041,43.3,29.47
6207343,43.3,29.47
6207645,43.3,29.47
6207947,43.3,29.47
6208249,43.3,29.47
6208551,43.3,29.47
6208853,43.3,29.46
6209155,43.3,29.46
6209457,43.3,29.46
6209759,43.3,29.46
6210061,43.3,29.46
6210363,43.3,29.46
6210665,43.3,29.46
6210967,43.3,29.46
6211269,43.3,29.46
6211571,43.3,29.46
6211873,43.3,29.45
6212175,43.3,29.45
6212477,43.3,29.45
6212779,43.3,29.45
6213081,43.3,29.45
6213383,43.3,29.45
6213685,43.3,29.45
6213987,43.3,29.45
6214289,43.3,29.45
6214591,43.3,29.45
6214893,43.3,29.45
6215195,43.3,29.45
6215497,43.3,29.45
6215799,43.3,29.45
6216101,43.3,29.45
6216403,43.3,29.44
6216705,43.3,29.44
6217007,43.3,29.43
6217309,43.3,29.43
6217611,43.3,29.43
6217913,43.3,29.42
6218215,43.3,29.42
6218517,43.3,29.42
6218819,43.3,29.42
6219121,43.3,29.42
6219423,43.3,29.42
6219725,42.3,29.42
6220027,42.3,29.43
6220329,42.3,29.43
6220631,43.3,29.43
6220933,43.3,29.42
6221235,43.3,29.42
6221537,43.3,29.42
6221839,43.3,29.42
6222141,43.3,29.43
6222443,43.3,29.42
6222745,43.3,29.42
6223047,43.3,29.41
6223349,43.3,29.42
6223651,43.3,29.41
6223953,43.3,29.41
6224255,43.3,29.41
6224557,43.3,29.41
6224859,43.3,29.41
6225161,43.3,29.40
6225463,43.3,29.41
6225765,43.3,29.41
6226067,43.3,29.41
6226369,43.3,29.42
6226671,43.3,29.41
6226973,43.3,29.41
6227275,43.3,29.40
6227577,43.3,29.41
6227879,43.3,29.40
6228181,43.3,29.40
6228483,43.3,29.41
6228785,43.3,29.41
6229087,43.3,29.41
6229389,43.3,29.41
6229691,43.3,29.41
6229993,43.3,29.40
6230295,43.3,29.41
6230597,43.3,29.41
6230899,43.3,29.41
6231201,43.3,29.41
6231503,43.3,29.41
6231805,43.3,29.41
6232107,43.3,29.40
6232409,42.3,29.40
6232711,43.3,29.40
6233013,42.3,29.40
6233315,43.3,29.40
6233617,43.3,29.39
6233919,43.3,29.39
6234221,43.3,29.39
6234523,43.3,29.39
6234825,43.3,29.39
6235127,43.3,29.39
6235429,44.3,29.39
6235731,43.3,29.38
6236033,43.3,29.38
6236335,43.3,29.38
6236637,43.3,29.38
6236939,43.3,29.38
6237241,42.3,29.37
6237543,43.3,29.37
6237845,43.3,29.37
6238147,43.3,29.37
6238449,43.3,29.37
6238751,43.3,29.37
6239053,43.3,29.37
6239355,43.3,29.37
6239657,43.3,29.37
6239959,43.3,29.37
6240261,43.3,29.37
6240563,43.3,29.37
6240865,43.3,29.36
6241167,43.3,29.36
6241469,43.3,29.36
6241771,43.3,29.37
6242073,43.3,29.36
6242375,43.3,29.36
6242677,43.3,29.36
6242979,43.3,29.36
6243281,43.3,29.36
6243583,43.3,29.36
6243885,43.3,29.35
6244187,42.3,29.35
6244489,43.3,29.35
6244791,43.3,29.35
6245093,43.3,29.35
6245395,43.3,29.35
6245697,43.3,29.34
6245999,43.3,29.34
6246301,43.3,29.34
6246603,43.3,29.34
6246905,43.3,29.34
6247207,43.3,29.34
6247509,43.3,29.33
6247811,43.3,29.33
6248113,43.3,29.34
6248415,43.3,29.34
6248717,43.3,29.34
6249019,43.3,29.34
6249321,43.3,29.34
6249623,43.3,29.34
6249925,43.3,29.34
6250227,43.3,29.34
6250529,43.3,29.34
6250831,43.3,29.34
6251133,43.3,29.34
6251435,43.3,29.34
6251737,43.3,29.34
6252039,42.3,29.34
6252341,42.3,29.34
6252643,43.3,29.34
6252945,42.3,29.34
6253247,43.3,29.34
6253549,42.3,29.33
6253851,42.3,29.34
6254153,43.3,29.34
6254455,43.3,29.34
6254757,43.3,29.34
6255059,43.3,29.34
6255361,43.3,29.34
6255663,43.3,29.34
6255965,43.3,29.34
6256267,43.3,29.34
6256569,42.3,29.34
6256871,43.3,29.34
6257173,42.3,29.34
6257475,42.3,29.35
6257777,43.3,29.35
6258079,42.3,29.34
6258381,42.3,29.34
6258683,42.3,29.34
6258985,43.3,29.34
6259287,43.3,29.34
6259589,43.3,29.34
6259891,42.3,29.34
6260193,43.3,29.34
6260495,43.3,29.34
6260797,43.3,29.34
6261099,43.3,29.34
6261401,43.3,29.34
6261703,43.3,29.34
6262005,43.3,29.34
6262307,43.3,29.34
6262609,43.3,29.34
6262911,43.3,29.34
6263213,42.3,29.35
6263515,42.3,29.34
6263817,42.3,29.34
6264119,42.3,29.34
6264421,42.3,29.34
6264723,43.3,29.34
6265025,43.3,29.34
6265327,43.3,29.34
6265629,43.3,29.33
6265931,43.3,29.33
6266233,43.3,29.34
6266535,43.3,29.33
6266837,43.3,29.33
6267139,42.3,29.33
6267441,43.3,29.34
6267743,43.3,29.34
6268045,43.3,29.34
6268347,43.3,29.33
6268649,43.3,29.34
6268951,43.3,29.34
6269253,43.3,29.34
6269555,43.3,29.34
6269857,43.3,29.34
6270159,43.3,29.34
6270461,44.3,29.35
6270763,43.3,29.34
6271065,43.3,29.35
6271367,43.3,29.35
6271669,43.3,29.35
6271971,43.3,29.35
6272273,43.3,29.35
6272575,43.3,29.35
6272877,43.3,29.36
6273179,43.3,29.35
6273481,43.3,29.35
6273783,43.3,29.35
6274085,43.3,29.36
6274387,43.3,29.36
6274689,43.3,29.36
6274991,42.3,29.36
6275293,42.3,29.36
6275595,43.3,29.36
6275897,43.3,29.36
6276199,43.3,29.36
6276501,42.3,29.36
6276803,42.3,29.36
6277105,42.3,29.36
6277407,42.3,29.36
6277709,42.3,29.36
6278011,42.3,29.36
6278313,42.3,29.36
6278615,43.3,29.35
6278917,43.3,29.35
6279219,43.3,29.35
6279521,43.3,29.35
6279823,43.3,29.35
6280125,43.3,29.35
6280427,42.3,29.35
6280729,42.3,29.35
6281031,42.3,29.35
6281333,42.3,29.35
6281635,42.3,29.35
6281937,43.3,29.34
6282239,43.3,29.34
6282541,43.3,29.33
6282843,43.3,29.33
6283145,43.3,29.33
6283447,43.3,29.32
6283749,43.3,29.33
6284051,42.3,29.32
6284353,42.3,29.32
6284655,43.3,29.32
6284957,42.3,29.32
6285259,42.3,29.31
6285561,42.3,29.31
6285863,42.3,29.32
6286165,43.3,29.32
6286467,42.3,29.31
6286769,42.3,29.31
6287071,42.3,29.31
6287373,42.3,29.31
6287675,42.3,29.31
6287977,43.3,29.31
6288279,42.3,29.32
6288581,43.3,29.32
6288883,43.3,29.32
6289185,43.3,29.32
6289487,42.3,29.31
6289789,42.3,29.32
6290091,42.3,29.31
6290393,42.3,29.32
6290695,42.3,29.31
6290997,42.3,29.32
6291299,42.3,29.31
6291601,43.3,29.31
6291903,43.3,29.32
6292205,42.3,29.31
6292507,42.3,29.31
6292809,42.3,29.31
6293111,43.3,29.31
6293413,43.3,29.31
6293715,43.3,29.31
6294017,43.3,29.31
6294319,43.3,29.31
6294621,43.3,29.31
6294923,43.3,29.31
6295225,42.3,29.31
6295527,42.3,29.31
6295829,43.3,29.31
6296131,43.3,29.31
6296433,43.3,29.31
6296735,43.3,29.31
6297037,43.3,29.31
6297339,43.3,29.31
6297641,43.3,29.31
6297943,43.3,29.31
6298245,42.3,29.31
6298547,42.3,29.30
6298849,42.3,29.30
6299151,42.3,29.30
6299453,42.3,29.30
6299755,42.3,29.31
6300057,43.3,29.30
6300359,42.3,29.30
6300661,42.3,29.30
6300963,42.3,29.30
6301265,42.3,29.31
6301567,42.3,29.31
6301869,42.3,29.31
6302171,42.3,29.31
6302473,42.3,29.31
6302775,43.3,29.31
6303077,43.3,29.31
6303379,43.3,29.31
6303681,43.3,29.31
6303983,43.3,29.31
6304285,43.3,29.31
6304587,43.3,29.30
6304889,43.3,29.31
6305191,43.3,29.31
6305493,43.3,29.31
6305795,42.3,29.31
6306097,42.3,29.31
6306399,42.3,29.31
6306701,42.3,29.31
6307003,42.3,29.31
6307305,42.3,29.31
6307607,42.3,29.30
6307909,42.3,29.30
6308211,42.3,29.31
6308513,42.3,29.30
6308815,42.3,29.30
6309117,42.3,29.30
6309419,42.3,29.30
6309721,42.3,29.30
6310023,42.3,29.31
6310325,42.3,29.30
6310627,42.3,29.31
6310929,42.3,29.30
6311231,42.3,29.30
6311533,42.3,29.30
6311835,42.3,29.30
6312137,42.3,29.30
6312439,42.3,29.31
6312741,42.3,29.31
6313043,42.3,29.31
6313345,43.3,29.31
6313647,43.3,29.31
6313949,42.3,29.31
6314251,42.3,29.31
6314553,42.3,29.31
6314855,43.3,29.31
6315157,42.3,29.31
6315459,42.3,29.31
6315761,42.3,29.31
6316063,42.3,29.31
6316365,42.3,29.31
6316667,42.3,29.31
6316969,42.3,29.31
6317271,43.3,29.31
6317573,43.3,29.31
6317875,43.3,29.31
6318177,43.3,29.32
6318479,43.3,29.31
6318781,42.3,29.31
6319083,42.3,29.31
6319385,42.3,29.31
6319687,42.3,29.31
6319989,42.3,29.31
6320291,42.3,29.31
6320593,42.3,29.31
6320895,41.3,29.31
6321197,42.3,29.31
6321499,42.3,29.31
6321801,42.3,29.31
6322103,42.3,29.31
6322405,42.3,29.31
6322707,42.3,29.30
6323009,42.3,29.30
6323311,42.3,29.30
6323613,42.3,29.30
6323915,42.3,29.29
6324217,42.3,29.29
6324519,42.3,29.28
6324821,42.3,29.28
6325123,42.3,29.27
6325425,42.3,29.27
6325727,42.3,29.27
6326029,42.3,29.27
6326331,42.3,29.27
6326633,42.3,29.28
6326935,43.3,29.27
6327237,42.3,29.27
6327539,42.3,29.27
6327841,42.3,29.26
6328143,42.3,29.26
6328445,42.3,29.25
6328747,42.3,29.25
6329049,42.3,29.25
6329351,42.3,29.24
6329653,42.3,29.24
6329955,42.3,29.25
6330257,42.3,29.24
6330559,42.3,29.24
6330861,42.3,29.24
6331163,42.3,29.24
6331465,42.3,29.24
6331767,42.3,29.25
6332069,42.3,29.25
6332371,42.3,29.25
6332673,42.3,29.25
6332975,42.3,29.25
6333277,42.3,29.25
6333579,42.3,29.24
6333881,42.3,29.25
6334183,42.3,29.24
6334485,42.3,29.24
6334787,42.3,29.25
6335089,42.3,29.24
6335391,42.3,29.24
6335693,42.3,29.24
6335995,42.3,29.24
6336297,42.3,29.23
6336599,42.3,29.23
6336901,42.3,29.23
6337203,42.3,29.23
6337505,42.3,29.23
6337807,42.3,29.23
6338109,42.3,29.22
6338411,42.3,29.22
6338713,42.3,29.22
6339015,42.3,29.22
6339317,42.3,29.22
6339619,43.3,29.22
6339921,42.3,29.22
6340223,43.3,29.21
6340525,43.3,29.21
6340827,43.3,29.21
6341129,43.3,29.21
6341431,42.3,29.21
6341733,42.3,29.21
6342035,42.3,29.21
6342337,42.3,29.20
6342639,42.3,29.20
6342941,42.3,29.21
6343243,42.3,29.21
6343545,42.3,29.20
6343847,42.3,29.20
6344149,42.3,29.20
6344451,42.3,29.20
6344753,42.3,29.20
6345055,42.3,29.19
6345357,42.3,29.19
6345659,42.3,29.19
6345961,42.3,29.18
6346263,42.3,29.18
6346565,42.3,29.18
6346867,42.3,29.18
6347169,42.3,29.17
6347471,42.3,29.17
6347773,42.3,29.17
6348075,42.3,29.17
6348377,42.3,29.17
6348679,42.3,29.17
6348981,42.3,29.17
6349283,42.3,29.16
6349585,42.3,29.16
6349887,42.3,29.16
6350189,42.3,29.16
6350491,43.3,29.16
6350793,42.3,29.15
6351095,42.3,29.15
6351397,42.3,29.15
6351699,42.3,29.15
6352001,42.3,29.15
6352303,42.3,29.15
6352605,42.3,29.15
6352907,42.3,29.14
6353209,42.3,29.14
6353511,42.3,29.14
6353813,42.3,29.14
6354115,42.3,29.14
6354417,42.3,29.13
6354719,42.3,29.13
6355021,42.3,29.13
6355323,43.3,29.13
6355625,42.3,29.13
6355927,43.3,29.13
6356229,42.3,29.13
6356531,42.3,29.12
6356833,43.3,29.12
6357135,42.3,29.12
6357437,42.3,29.12
6357739,42.3,29.12
6358041,42.3,29.12
6358343,42.3,29.13
6358645,42.3,29.12
6358947,42.3,29.12
6359249,42.3,29.12
6359551,42.3,29.12
6359853,42.3,29.12
6360155,42.3,29.11
6360457,42.3,29.11
6360759,42.3,29.11
6361061,42.3,29.11
6361363,42.3,29.11
6361665,42.3,29.11
6361967,42.3,29.10
6362269,41.3,29.10
6362571,42.3,29.10
6362873,42.3,29.10
6363175,42.3,29.10
6363477,42.3,29.09
6363779,42.3,29.09
6364081,42.3,29.09
6364383,42.3,29.09
6364685,42.3,29.09
6364987,42.3,29.09
6365289,42.3,29.09
6365591,42.3,29.09
6365893,42.3,29.09
6366195,42.3,29.09
6366497,43.3,29.08
6366799,43.3,29.08
6367101,42.3,29.08
6367403,42.3,29.08
6367705,42.3,29.07
6368007,42.3,29.08
6368309,42.3,29.07
6368611,42.3,29.07
6368913,42.3,29.07
6369215,42.3,29.07
6369517,42.3,29.07
6369819,42.3,29.07
6370121,42.3,29.07
6370423,42.3,29.06
6370725,42.3,29.06
6371027,42.3,29.06
6371329,42.3,29.06
6371631,42.3,29.06
6371933,42.3,29.06
6372235,42.3,29.06
6372537,42.3,29.05
6372839,42.3,29.06
6373141,42.3,29.05
6373443,42.3,29.05
6373745,42.3,29.05
6374047,42.3,29.05
6374349,42.3,29.05
6374651,42.3,29.04
6374953,42.3,29.04
6375255,42.3,29.04
6375557,42.3,29.04
6375859,41.3,29.04
6376161,41.3,29.04
6376463,41.3,29.04
6376765,41.3,29.04
6377067,41.3,29.03
6377369,42.3,29.03
6377671,42.3,29.03
6377973,42.3,29.03
6378275,42.3,29.03
6378577,42.3,29.03
6378879,41.3,29.02
6379181,42.3,29.02
6379483,42.3,29.02
6379785,42.3,29.02
6380087,42.3,29.02
6380389,42.3,29.01
6380691,42.3,29.01
6380993,42.3,29.02
6381295,42.3,29.01
6381597,42.3,29.01
6381899,42.3,29.01
6382201,42.3,29.01
6382503,42.3,29.01
6382805,41.3,29.01
6383107,42.3,29.01
6383409,42.3,29.00
6383711,42.3,29.00
6384013,42.3,29.00
6384315,42.3,29.00
6384617,42.3,29.00
6384919,42.3,29.00
6385221,42.3,29.00
6385523,42.3,29.00
6385825,42.3,29.00
6386127,42.3,28.99
6386429,42.3,28.99
6386731,42.3,28.99
6387033,42.3,28.99
6387335,42.3,28.99
6387637,42.3,28.99
6387939,42.3,28.99
6388241,42.3,28.99
6388543,42.3,28.99
6388845,42.3,28.99
6389147,42.3,28.99
6389449,42.3,28.99
6389751,42.3,28.99
6390053,42.3,29.00
6390355,42.3,28.99
6390657,42.3,28.99
6390959,42.3,28.99
6391261,42.3,28.99
6391563,42.3,29.00
6391865,42.3,29.00
6392167,42.3,28.99
6392469,42.3,28.99
6392771,42.3,28.99
6393073,42.3,28.99
6393375,42.3,28.99
6393677,42.3,28.99
6393979,42.3,28.99
6394281,42.3,28.99
6394583,42.3,28.98
6394885,42.3,28.99
6395187,42.3,28.99
6395489,42.3,28.99
6395791,42.3,28.99
6396093,42.3,28.99
6396395,42.3,28.99
6396697,42.3,28.99
6396999,42.3,28.99
6397301,42.3,28.99
6397603,42.3,28.99
6397905,42.3,28.99
6398207,42.3,29.00
6398509,42.3,28.99
6398811,42.3,28.99
6399113,42.3,28.99
6399415,42.3,28.99
6399717,42.3,28.99
6400019,41.3,28.99
6400321,42.3,28.99
6400623,42.3,28.99
6400925,42.3,28.99
6401227,42.3,28.99
6401529,41.3,28.99
6401831,41.3,28.99
6402133,42.3,28.99
6402435,42.3,28.99
6402737,42.3,28.98
6403039,42.3,28.99
6403341,42.3,28.99
6403643,42.3,28.98
6403945,42.3,28.98
6404247,42.3,28.98
6404549,42.3,28.97
6404851,41.3,28.98
6405153,42.3,28.98
6405455,42.3,28.98
6405757,42.3,28.97
6406059,42.3,28.97
6406361,42.3,28.97
6406663,42.3,28.97
6406965,41.3,28.97
6407267,42.3,28.97
6407569,41.3,28.96
6407871,41.3,28.96
6408173,41.3,28.96
6408475,41.3,28.96
6408777,42.3,28.96
6409079,42.3,28.96
6409381,42.3,28.96
6409683,42.3,28.96
6409985,42.3,28.95
6410287,42.3,28.95
6410589,42.3,28.95
6410891,42.3,28.95
6411193,42.3,28.95
6411495,42.3,28.95
6411797,42.3,28.95
6412099,42.3,28.95
6412401,41.3,28.95
6412703,42.3,28.95
6413005,41.3,28.94
6413307,41.3,28.94
6413609,42.3,28.94
6413911,42.3,28.94
6414213,42.3,28.94
6414515,42.3,28.94
6414817,42.3,28.94
6415119,41.3,28.94
6415421,41.3,28.93
6415723,41.3,28.93
6416025,42.3,28.93
6416327,42.3,28.93
6416629,42.3,28.93
6416931,42.3,28.93
6417233,42.3,28.92
6417535,42.3,28.92
6417837,42.3,28.92
6418139,42.3,28.92
6418441,42.3,28.91
6418743,42.3,28.91
6419045,42.3,28.91
6419347,42.3,28.91
6419649,42.3,28.90
6419951,42.3,28.91
6420253,42.3,28.91
6420555,42.3,28.91
6420857,42.3,28.91
6421159,42.3,28.91
6421461,42.3,28.91
6421763,42.3,28.90
6422065,42.3,28.90
6422367,42.3,28.90
6422669,42.3,28.89
6422971,42.3,28.89
6423273,42.3,28.89
6423575,42.3,28.88
6423877,42.3,28.88
6424179,41.3,28.87
6424481,42.3,28.87
6424783,42.3,28.88
6425085,42.3,28.88
6425387,42.3,28.88
6425689,42.3,28.87
6425991,42.3,28.88
6426293,42.3,28.88
6426595,41.3,28.88
6426897,41.3,28.88
6427199,41.3,28.88
6427501,41.3,28.87
6427803,41.3,28.88
6428105,41.3,28.87
6428407,41.3,28.88
6428709,41.3,28.87
6429011,42.3,28.86
6429313,42.3,28.86
6429615,41.3,28.86
6429917,42.3,28.85
6430219,41.3,28.85
6430521,41.3,28.84
6430823,42.3,28.84
6431125,42.3,28.84
6431427,41.3,28.84
6431729,42.3,28.84
6432031,42.3,28.83
6432333,42.3,28.84
6432635,42.3,28.83
6432937,42.3,28.83
6433239,41.3,28.83
6433541,42.3,28.83
6433843,41.3,28.83
6434145,42.3,28.83
6434447,42.3,28.83
6434749,42.3,28.83
6435051,42.3,28.82
6435353,41.3,28.82
6435655,42.3,28.82
6435957,42.3,28.82
6436259,41.3,28.81
6436561,41.3,28.82
6436863,41.3,28.82
6437165,41.3,28.81
6437467,41.3,28.81
6437769,41.3,28.81
6438071,42.3,28.81
6438373,42.3,28.81
6438675,42.3,28.81
6438977,41.3,28.81
6439279,42.3,28.82
6439581,42.3,28.81
6439883,42.3,28.80
6440185,42.3,28.80
6440487,42.3,28.80
6440789,41.3,28.79
6441091,41.3,28.79
6441393,41.3,28.78
6441695,41.3,28.79
6441997,41.3,28.78
6442299,42.3,28.78
6442601,42.3,28.78
6442903,42.3,28.78
6443205,42.3,28.78
6443507,42.3,28.78
6443809,42.3,28.78
6444111,42.3,28.78
6444413,42.3,28.78
6444715,41.3,28.78
6445017,42.3,28.78
6445319,42.3,28.78
6445621,41.3,28.77
6445923,41.3,28.77
6446225,41.3,28.77
6446527,41.3,28.77
6446829,41.3,28.77
6447131,42.3,28.77
6447433,42.3,28.77
6447735,41.3,28.76
6448037,41.3,28.76
6448339,41.3,28.77
6448641,42.3,28.76
6448943,42.3,28.76
6449245,42.3,28.76
6449547,42.3,28.76
6449849,42.3,28.76
6450151,42.3,28.75
6450453,42.3,28.76
6450755,41.3,28.76
6451057,41.3,28.76
6451359,41.3,28.76
6451661,42.3,28.76
6451963,41.3,28.76
6452265,41.3,28.75
6452567,41.3,28.76
6452869,41.3,28.75
6453171,42.3,28.75
6453473,42.3,28.75
6453775,42.3,28.75
6454077,42.3,28.75
6454379,42.3,28.74
6454681,41.3,28.75
6454983,41.3,28.75
6455285,41.3,28.75
6455587,41.3,28.75
6455889,41.3,28.75
6456191,42.3,28.75
6456493,42.3,28.75
6456795,42.3,28.75
6457097,42.3,28.74
6457399,42.3,28.75
6457701,42.3,28.75
6458003,41.3,28.75
6458305,41.3,28.75
6458607,41.3,28.75
6458909,41.3,28.75
6459211,41.3,28.75
6459513,41.3,28.74
6459815,42.3,28.75
6460117,42.3,28.74
6460419,42.3,28.74
6460721,41.3,28.74
6461023,42.3,28.73
6461325,42.3,28.73
6461627,42.3,28.73
6461929,42.3,28.73
6462231,42.3,28.73
6462533,41.3,28.73
6462835,42.3,28.73
6463137,42.3,28.73
6463439,41.3,28.73
6463741,42.3,28.73
6464043,42.3,28.72
6464345,41.3,28.73
6464647,41.3,28.73
6464949,41.3,28.73
6465251,41.3,28.73
6465553,41.3,28.73
6465855,41.3,28.73
6466157,41.3,28.73
6466459,41.3,28.72
6466761,41.3,28.72
6467063,41.3,28.72
6467365,42.3,28.73
6467667,41.3,28.72
6467969,41.3,28.72
6468271,41.3,28.72
6468573,41.3,28.72
6468875,41.3,28.72
6469177,41.3,28.72
6469479,41.3,28.72
6469781,41.3,28.72
6470083,41.3,28.72
6470385,41.3,28.71
6470687,41.3,28.71
6470989,41.3,28.71
6471291,41.3,28.71
6471593,41.3,28.71
6471895,41.3,28.71
6472197,41.3,28.71
6472499,42.3,28.70
6472801,41.3,28.70
6473103,41.3,28.70
6473405,41.3,28.70
6473707,41.3,28.70
6474009,41.3,28.70
6474311,41.3,28.70
6474613,41.3,28.70
6474915,41.3,28.70
6475217,41.3,28.70
6475519,41.3,28.70
6475821,41.3,28.69
6476123,41.3,28.70
6476425,41.3,28.70
6476727,41.3,28.70
6477029,41.3,28.70
6477331,42.3,28.70
6477633,42.3,28.70
6477935,41.3,28.70
6478237,41.3,28.71
6478539,41.3,28.71
6478841,41.3,28.70
6479143,41.3,28.70
6479445,41.3,28.70
6479747,41.3,28.70
6480049,41.3,28.70
6480351,41.3,28.70
6480653,41.3,28.70
6480955,41.3,28.70
6481257,41.3,28.70
6481559,41.3,28.70
6481861,41.3,28.69
6482163,42.3,28.70
6482465,42.3,28.69
6482767,41.3,28.69
6483069,41.3,28.69
6483371,41.3,28.69
6483673,41.3,28.68
6483975,41.3,28.69
6484277,41.3,28.69
6484579,41.3,28.69
6484881,41.3,28.69
6485183,41.3,28.69
6485485,41.3,28.68
6485787,41.3,28.68
6486089,41.3,28.68
6486391,41.3,28.68
6486693,41.3,28.68
6486995,41.3,28.68
6487297,42.3,28.68
6487599,42.3,28.67
6487901,42.3,28.68
6488203,41.3,28.68
6488505,42.3,28.68
6488807,41.3,28.68
6489109,41.3,28.68
6489411,42.3,28.68
6489713,42.3,28.68
6490015,41.3,28.68
6490317,41.3,28.68
6490619,41.3,28.68
6490921,41.3,28.68
6491223,41.3,28.68
6491525,41.3,28.68
6491827,41.3,28.68
6492129,41.3,28.68
6492431,41.3,28.68
6492733,41.3,28.68
6493035,42.3,28.68
6493337,42.3,28.68
6493639,42.3,28.68
6493941,42.3,28.68
6494243,42.3,28.68
6494545,42.3,28.69
6494847,41.3,28.69
6495149,41.3,28.69
6495451,41.3,28.69
6495753,41.3,28.69
6496055,41.3,28.68
6496357,41.3,28.69
6496659,41.3,28.69
6496961,41.3,28.69
6497263,42.3,28.69
6497565,42.3,28.69
6497867,42.3,28.69
6498169,41.3,28.69
6498471,42.3,28.69
6498773,41.3,28.70
6499075,41.3,28.70
6499377,41.3,28.70
6499679,41.3,28.70
6499981,41.3,28.70
6500283,42.3,28.70
6500585,42.3,28.70
6500887,41.3,28.70
6501189,41.3,28.70
6501491,41.3,28.70
6501793,41.3,28.70
6502095,41.3,28.71
6502397,41.3,28.71
6502699,41.3,28.70
6503001,41.3,28.71
6503303,42.3,28.71
6503605,42.3,28.71
6503907,41.3,28.71
6504209,41.3,28.71
6504511,41.3,28.71
6504813,41.3,28.71
6505115,42.3,28.71
6505417,42.3,28.72
6505719,42.3,28.71
6506021,42.3,28.72
6506323,42.3,28.71
6506625,42.3,28.72
6506927,42.3,28.72
6507229,41.3,28.72
6507531,41.3,28.73
6507833,41.3,28.72
6508135,41.3,28.72
6508437,41.3,28.72
6508739,41.3,28.71
6509041,41.3,28.72
6509343,41.3,28.72
6509645,41.3,28.72
6509947,41.3,28.72
6510249,41.3,28.72
6510551,41.3,28.72
6510853,42.3,28.71
6511155,41.3,28.72
6511457,41.3,28.71
6511759,41.3,28.71
6512061,41.3,28.71
6512363,41.3,28.71
6512665,41.3,28.71
6512967,41.3,28.71
6513269,41.3,28.70
6513571,41.3,28.70
6513873,41.3,28.70
6514175,41.3,28.70
6514477,41.3,28.70
6514779,41.3,28.69
6515081,41.3,28.69
6515383,41.3,28.69
6515685,41.3,28.69
6515987,41.3,28.68
6516289,42.3,28.69
6516591,41.3,28.68
6516893,41.3,28.67
6517195,42.3,28.68
6517497,41.3,28.67
6517799,41.3,28.67
6518101,41.3,28.67
6518403,41.3,28.67
6518705,41.3,28.67
6519007,41.3,28.67
6519309,41.3,28.67
6519611,41.3,28.67
6519913,41.3,28.66
6520215,41.3,28.66
6520517,42.3,28.67
6520819,41.3,28.67
6521121,41.3,28.67
6521423,42.3,28.66
6521725,42.3,28.66
6522027,42.3,28.66
6522329,42.3,28.66
6522631,42.3,28.66
6522933,41.3,28.66
6523235,41.3,28.66
6523537,41.3,28.67
6523839,41.3,28.67
6524141,41.3,28.67
6524443,41.3,28.66
6524745,41.3,28.66
6525047,41.3,28.66
6525349,41.3,28.67
6525651,41.3,28.66
6525953,41.3,28.67
6526255,42.3,28.66
6526557,42.3,28.67
6526859,41.3,28.67
6527161,41.3,28.67
6527463,41.3,28.67
6527765,41.3,28.67
6528067,41.3,28.67
6528369,41.3,28.67
6528671,41.3,28.67
6528973,41.3,28.67
6529275,41.3,28.67
6529577,41.3,28.67
6529879,41.3,28.67
6530181,41.3,28.67
6530483,41.3,28.67
6530785,41.3,28.67
6531087,41.3,28.67
6531389,41.3,28.67
6531691,41.3,28.67
6531993,41.3,28.67
6532295,41.3,28.66
6532597,42.3,28.66
6532899,41.3,28.67
6533201,41.3,28.67
6533503,41.3,28.67
6533805,41.3,28.67
6534107,41.3,28.67
6534409,41.3,28.67
6534711,41.3,28.67
6535013,41.3,28.67
6535315,41.3,28.67
6535617,41.3,28.67
6535919,41.3,28.67
6536221,41.3,28.67
6536523,41.3,28.66
6536825,41.3,28.67
6537127,41.3,28.67
6537429,41.3,28.66
6537731,42.3,28.67
6538033,41.3,28.67
6538335,41.3,28.67
6538637,41.3,28.66
6538939,41.3,28.66
6539241,41.3,28.67
6539543,41.3,28.66
6539845,41.3,28.66
6540147,41.3,28.66
6540449,41.3,28.66
6540751,41.3,28.66
6541053,41.3,28.66
6541355,41.3,28.66
6541657,41.3,28.66
6541959,41.3,28.66
6542261,41.3,28.67
6542563,41.3,28.66
6542865,41.3,28.67
6543167,41.3,28.67
6543469,41.3,28.66
6543771,41.3,28.67
6544073,41.3,28.67
6544375,41.3,28.67
6544677,41.3,28.67
6544979,41.3,28.67
6545281,41.3,28.67
6545583,41.3,28.67
6545885,41.3,28.67
6546187,41.3,28.67
6546489,41.3,28.67
6546791,41.3,28.67
6547093,41.3,28.67
6547395,41.3,28.67
6547697,41.3,28.67
6547999,41.3,28.67
6548301,41.3,28.67
6548603,41.3,28.67
6548905,41.3,28.67
6549207,41.3,28.67
6549509,41.3,28.67
6549811,41.3,28.67
6550113,41.3,28.67
6550415,41.3,28.66
6550717,41.3,28.66
6551019,41.3,28.66
6551321,41.3,28.66
6551623,41.3,28.66
6551925,41.3,28.65
6552227,41.3,28.65
6552529,41.3,28.65
6552831,41.3,28.65
6553133,41.3,28.65
6553435,41.3,28.65
6553737,41.3,28.66
6554039,41.3,28.65
6554341,41.3,28.65
6554643,41.3,28.65
6554945,41.3,28.65
6555247,41.3,28.65
6555549,41.3,28.65
6555851,41.3,28.65
6556153,41.3,28.65
6556455,41.3,28.65
6556757,41.3,28.65
6557059,41.3,28.65
6557361,41.3,28.65
6557663,41.3,28.65
6557965,41.3,28.65
6558267,41.3,28.65
6558569,41.3,28.65
6558871,41.3,28.64
6559173,41.3,28.64
6559475,41.3,28.64
6559777,41.3,28.65
6560079,41.3,28.65
6560381,41.3,28.65
6560683,41.3,28.65
6560985,41.3,28.65
6561287,41.3,28.64
6561589,41.3,28.64
6561891,41.3,28.64
6562193,41.3,28.64
6562495,41.3,28.64
6562797,41.3,28.64
6563099,41.3,28.64
6563401,41.3,28.64
6563703,41.3,28.64
6564005,41.3,28.64
6564307,41.3,28.63
6564609,41.3,28.64
6564911,41.3,28.64
6565213,41.3,28.63
6565515,41.3,28.63
6565817,41.3,28.63
6566119,41.3,28.63
6566421,41.3,28.63
6566723,41.3,28.63
6567025,41.3,28.64
6567327,41.3,28.64
6567629,41.3,28.64
6567931,41.3,28.64
6568233,41.3,28.64
6568535,41.3,28.64
6568837,41.3,28.64
6569139,41.3,28.63
6569441,41.3,28.63
6569743,41.3,28.63
6570045,41.3,28.63
6570347,41.3,28.63
6570649,41.3,28.63
6570951,41.3,28.63
6571253,41.3,28.64
6571555,41.3,28.64
6571857,41.3,28.64
6572159,41.3,28.63
6572461,41.3,28.63
6572763,41.3,28.63
6573065,41.3,28.63
6573367,41.3,28.63
6573669,41.3,28.64
6573971,41.3,28.63
6574273,41.3,28.63
6574575,41.3,28.64
6574877,41.3,28.63
6575179,41.3,28.63
6575481,41.3,28.63
6575783,41.3,28.64
6576085,41.3,28.64
6576387,41.3,28.64
6576689,41.3,28.64
6576991,41.3,28.64
6577293,41.3,28.64
6577595,41.3,28.64
6577897,41.3,28.64
6578199,41.3,28.64
6578501,41.3,28.64
6578803,41.3,28.64
6579105,41.3,28.64
6579407,41.3,28.63
6579709,41.3,28.65
6580011,41.3,28.64
6580313,41.3,28.64
6580615,41.3,28.64
6580917,41.3,28.64
6581219,41.3,28.64
6581521,41.3,28.64
6581823,41.3,28.63
6582125,41.3,28.64
6582427,41.3,28.63
6582729,41.3,28.63
6583031,41.3,28.64
6583333,41.3,28.63
6583635,41.3,28.64
6583937,41.3,28.64
6584239,41.3,28.63
6584541,41.3,28.63
6584843,41.3,28.63
6585145,41.3,28.64
6585447,41.3,28.64
6585749,41.3,28.64
6586051,41.3,28.64
6586353,41.3,28.63
6586655,41.3,28.64
6586957,41.3,28.64
6587259,41.3,28.63
6587561,41.3,28.63
6587863,41.3,28.63
6588165,41.3,28.63
6588467,41.3,28.63
6588769,41.3,28.63
6589071,41.3,28.63
6589373,41.3,28.63
6589675,41.3,28.63
6589977,41.3,28.63
6590279,41.3,28.63
6590581,41.3,28.63
6590883,41.3,28.63
6591185,41.3,28.63
6591487,41.3,28.63
6591789,41.3,28.63
6592091,41.3,28.63
6592393,41.3,28.62
6592695,41.3,28.62
6592997,41.3,28.62
6593299,41.3,28.63
6593601,41.3,28.63
6593903,41.3,28.63
6594205,41.3,28.63
6594507,41.3,28.63
6594809,41.3,28.63
6595111,41.3,28.63
6595413,41.3,28.63
6595715,41.3,28.63
6596017,41.3,28.63
6596319,41.3,28.63
6596621,41.3,28.63
6596923,41.3,28.63
6597225,41.3,28.63
6597527,41.3,28.62
6597829,41.3,28.63
6598131,41.3,28.62
6598433,41.3,28.62
6598735,41.3,28.62
6599037,41.3,28.61
6599339,41.3,28.62
6599641,41.3,28.61
6599943,41.3,28.61
6600245,41.3,28.61
6600547,41.3,28.61
6600849,41.3,28.61
6601151,41.3,28.61
6601453,41.3,28.61
6601755,41.3,28.61
6602057,41.3,28.61
6602359,41.3,28.60
6602661,41.3,28.61
6602963,41.3,28.60
6603265,41.3,28.60
6603567,41.3,28.60
6603869,41.3,28.60
6604171,41.3,28.60
6604473,41.3,28.60
6604775,41.3,28.60
6605077,41.3,28.60
6605379,41.3,28.60
6605681,41.3,28.59
6605983,41.3,28.59
6606285,41.3,28.59
6606587,41.3,28.59
6606889,41.3,28.59
6607191,41.3,28.59
6607493,41.3,28.59
6607795,41.3,28.59
6608097,41.3,28.59
6608399,41.3,28.59
6608701,41.3,28.59
6609003,41.3,28.58
6609305,41.3,28.58
6609607,41.3,28.58
6609909,41.3,28.58
6610211,41.3,28.58
6610513,41.3,28.57
6610815,41.3,28.57
6611117,41.3,28.57
6611419,41.3,28.57
6611721,41.3,28.57
6612023,41.3,28.57
6612325,41.3,28.57
6612627,41.3,28.57
6612929,41.3,28.57
6613231,41.3,28.57
6613533,41.3,28.57
6613835,41.3,28.57
6614137,41.3,28.57
6614439,41.3,28.58
6614741,41.3,28.58
6615043,41.3,28.57
6615345,41.3,28.58
6615647,41.3,28.57
6615949,41.3,28.57
6616251,41.3,28.57
6616553,41.3,28.57
6616855,41.3,28.57
6617157,41.3,28.57
6617459,41.3,28.57
6617761,41.3,28.56
6618063,41.3,28.57
6618365,41.3,28.56
6618667,41.3,28.57
6618969,41.3,28.56
6619271,41.3,28.56
6619573,41.3,28.56
6619875,41.3,28.56
6620177,41.3,28.56
6620479,41.3,28.56
6620781,41.3,28.56
6621083,41.3,28.56
6621385,41.3,28.56
6621687,41.3,28.56
6621989,41.3,28.56
6622291,41.3,28.56
6622593,41.3,28.56
6622895,41.3,28.56
6623197,41.3,28.56
6623499,41.3,28.56
6623801,41.3,28.56
6624103,41.3,28.56
6624405,41.3,28.56
6624707,41.3,28.56
6625009,41.3,28.56
6625311,41.3,28.56
6625613,41.3,28.55
6625915,41.3,28.55
6626217,41.3,28.55
6626519,41.3,28.55
6626821,41.3,28.55
6627123,41.3,28.55
6627425,41.3,28.56
6627727,41.3,28.55
6628029,41.3,28.55
6628331,41.3,28.55
6628633,41.3,28.55
6628935,41.3,28.56
6629237,41.3,28.55
6629539,41.3,28.55
6629841,41.3,28.56
6630143,41.3,28.55
6630445,41.3,28.55
6630747,41.3,28.55
6631049,41.3,28.55
6631351,41.3,28.55
6631653,41.3,28.54
6631955,41.3,28.55
6632257,41.3,28.54
6632559,41.3,28.54
6632861,41.3,28.54
6633163,41.3,28.53
6633465,41.3,28.53
6633767,41.3,28.53
6634069,41.3,28.53
6634371,41.3,28.53
6634673,41.3,28.54
6634975,41.3,28.53
6635277,41.3,28.53
6635579,41.3,28.53
6635881,41.3,28.54
6636183,41.3,28.54
6636485,41.3,28.53
6636787,41.3,28.54
6637089,41.3,28.54
6637391,41.3,28.54
6637693,41.3,28.55
6637995,41.3,28.55
6638297,41.3,28.54
6638599,41.3,28.55
6638901,41.3,28.54
6639203,41.3,28.55
6639505,41.3,28.55
6639807,41.3,28.55
6640109,41.3,28.54
6640411,41.3,28.52
6640713,41.3,28.52
6641015,41.3,28.51
6641317,41.3,28.51
6641619,41.3,28.52
6641921,41.3,28.52
6642223,41.3,28.54
6642525,41.3,28.53
6642827,41.3,28.54
6643129,41.3,28.54
6643431,41.3,28.54
6643733,41.3,28.55
6644035,41.3,28.55
6644337,41.3,28.55
6644639,41.3,28.55
6644941,41.3,28.55
6645243,41.3,28.55
6645545,41.3,28.55
6645847,41.3,28.55
6646149,41.3,28.55
6646451,41.3,28.55
6646753,41.3,28.54
6647055,41.3,28.53
6647357,41.3,28.53
6647659,41.3,28.53
6647961,41.3,28.53
6648263,41.3,28.53
6648565,41.3,28.53
6648867,41.3,28.54
6649169,41.3,28.54
6649471,41.3,28.55
6649773,41.3,28.54
6650075,41.3,28.55
6650377,41.3,28.55
6650679,41.3,28.55
6650981,41.3,28.55
6651283,41.3,28.55
6651585,41.3,28.56
6651887,41.3,28.56
6652189,41.3,28.56
6652491,41.3,28.56
6652793,41.3,28.57
6653095,41.3,28.57
6653397,41.3,28.57
6653699,41.3,28.57
6654001,41.3,28.57
6654303,41.3,28.57
6654605,41.3,28.57
6654907,41.3,28.57
6655209,41.3,28.58
6655511,41.3,28.58
6655813,41.3,28.58
6656115,41.3,28.58
6656417,41.3,28.58
6656719,41.3,28.58
6657021,41.3,28.58
6657323,41.3,28.58
6657625,41.3,28.59
6657927,41.3,28.58
6658229,41.3,28.59
6658531,41.3,28.59
6658833,41.3,28.59
6659135,41.3,28.59
6659437,41.3,28.59
6659739,41.3,28.59
6660041,41.3,28.59
6660343,41.3,28.59
6660645,41.3,28.59
6660947,41.3,28.59
6661249,41.3,28.60
6661551,41.3,28.60
6661853,41.3,28.59
6662155,41.3,28.60
6662457,41.3,28.60
6662759,41.3,28.60
6663061,41.3,28.59
6663363,41.3,28.60
6663665,41.3,28.59
6663967,41.3,28.60
6664269,41.3,28.59
6664571,41.3,28.59
6664873,41.3,28.60
6665175,41.3,28.60
6665477,41.3,28.60
6665779,41.3,28.60
6666081,41.3,28.60
6666383,41.3,28.60
6666685,41.3,28.60
6666987,41.3,28.59
6667289,41.3,28.59
6667591,41.3,28.58
6667893,41.3,28.58
6668195,41.3,28.58
6668497,41.3,28.59
6668799,41.3,28.59
6669101,41.3,28.58
6669403,41.3,28.58
6669705,41.3,28.58
6670007,41.3,28.58
6670309,41.3,28.58
6670611,41.3,28.58
6670913,41.3,28.58
6671215,41.3,28.58
6671517,41.3,28.58
6671819,41.3,28.58
6672121,41.3,28.57
6672423,41.3,28.57
6672725,41.3,28.56
6673027,41.3,28.56
6673329,41.3,28.56
6673631,41.3,28.56
6673933,41.3,28.55
6674235,41.3,28.55
6674537,41.3,28.55
6674839,41.3,28.54
6675141,41.3,28.54
6675443,41.3,28.54
6675745,41.3,28.55
6676047,41.3,28.55
6676349,41.3,28.54
6676651,41.3,28.54
6676953,41.3,28.55
6677255,41.3,28.55
6677557,41.3,28.54
6677859,41.3,28.54
6678161,41.3,28.54
6678463,41.3,28.55
6678765,41.3,28.55
6679067,41.3,28.55
6679369,41.3,28.54
6679671,41.3,28.54
6679973,41.3,28.54
6680275,41.3,28.55
6680577,41.3,28.55
6680879,41.3,28.55
6681181,41.3,28.54
6681483,41.3,28.54
6681785,41.3,28.55
6682087,41.3,28.54
6682389,41.3,28.55
6682691,41.3,28.55
6682993,41.3,28.54
6683295,41.3,28.55
6683597,41.3,28.55
6683899,41.3,28.55
6684201,41.3,28.55
6684503,41.3,28.55
6684805,41.3,28.55
6685107,41.3,28.55
6685409,41.3,28.55
6685711,41.3,28.55
6686013,41.3,28.55
6686315,41.3,28.55
6686617,41.3,28.55
6686919,41.3,28.55
6687221,41.3,28.55
6687523,41.3,28.55
6687825,41.3,28.55
6688127,41.3,28.56
6688429,41.3,28.55
6688731,41.3,28.56
6689033,41.3,28.56
6689335,41.3,28.56
6689637,41.3,28.56
6689939,40.3,28.56
6690241,41.3,28.57
6690543,41.3,28.57
6690845,41.3,28.56
6691147,41.3,28.57
6691449,41.3,28.57
6691751,41.3,28.57
6692053,41.3,28.57
6692355,41.3,28.56
6692657,41.3,28.57
6692959,41.3,28.57
6693261,41.3,28.57
6693563,41.3,28.57
6693865,41.3,28.57
6694167,41.3,28.57
6694469,41.3,28.57
6694771,41.3,28.57
6695073,41.3,28.57
6695375,41.3,28.57
6695677,41.3,28.57
6695979,41.3,28.57
6696281,41.3,28.56
6696583,41.3,28.57
6696885,41.3,28.57
6697187,41.3,28.56
6697489,41.3,28.57
6697791,41.3,28.56
6698093,41.3,28.56
6698395,41.3,28.57
6698697,41.3,28.56
6698999,41.3,28.56
6699301,41.3,28.57
6699603,41.3,28.56
6699905,41.3,28.57
6700207,41.3,28.57
6700509,41.3,28.57
6700811,41.3,28.56
6701113,41.3,28.57
6701415,41.3,28.57
6701717,41.3,28.57
6702019,41.3,28.57
6702321,41.3,28.56
6702623,41.3,28.56
6702925,41.3,28.56
6703227,41.3,28.57
6703529,41.3,28.57
6703831,41.3,28.57
6704133,41.3,28.57
6704435,41.3,28.57
6704737,41.3,28.57
6705039,41.3,28.57
6705341,41.3,28.57
6705643,41.3,28.57
6705945,41.3,28.57
6706247,41.3,28.57
6706549,41.3,28.58
6706851,41.3,28.58
6707153,41.3,28.58
6707455,41.3,28.57
6707757,41.3,28.58
6708059,41.3,28.58
6708361,41.3,28.58
6708663,41.3,28.58
6708965,41.3,28.58
6709267,41.3,28.58
6709569,41.3,28.58
6709871,41.3,28.57
6710173,41.3,28.58
6710475,41.3,28.58
6710777,41.3,28.57
6711079,41.3,28.58
6711381,40.3,28.58
6711683,41.3,28.58
6711985,41.3,28.58
6712287,41.3,28.58
6712589,41.3,28.58
6712891,41.3,28.58
6713193,41.3,28.58
6713495,41.3,28.58
6713797,41.3,28.58
6714099,41.3,28.58
6714401,41.3,28.58
6714703,41.3,28.58
6715005,41.3,28.58
6715307,41.3,28.58
6715609,41.3,28.58
6715911,41.3,28.58
6716213,41.3,28.58
6716515,41.3,28.58
6716817,41.3,28.58
6717119,41.3,28.58
6717421,41.3,28.58
6717723,41.3,28.58
6718025,41.3,28.58
6718327,41.3,28.58
6718629,41.3,28.57
6718931,41.3,28.57
6719233,41.3,28.57
6719535,41.3,28.57
6719837,41.3,28.57
6720139,41.3,28.57
6720441,41.3,28.57
6720743,41.3,28.56
6721045,41.3,28.56
6721347,41.3,28.55
6721649,41.3,28.55
6721951,40.3,28.54
6722253,41.3,28.53
6722555,41.3,28.53
6722857,41.3,28.52
6723159,41.3,28.52
6723461,41.3,28.53
6723763,41.3,28.55
6724065,41.3,28.55
6724367,41.3,28.56
6724669,41.3,28.56
6724971,41.3,28.56
6725273,41.3,28.55
6725575,41.3,28.54
6725877,41.3,28.53
6726179,41.3,28.53
6726481,41.3,28.53
6726783,40.3,28.53
6727085,40.3,28.53
6727387,41.3,28.54
6727689,41.3,28.54
6727991,41.3,28.54
6728293,41.3,28.54
6728595,41.3,28.53
6728897,41.3,28.53
6729199,41.3,28.52
6729501,41.3,28.52
6729803,41.3,28.52
6730105,41.3,28.52
6730407,41.3,28.51
6730709,41.3,28.51
6731011,41.3,28.50
6731313,41.3,28.50
6731615,41.3,28.50
6731917,40.3,28.50
6732219,40.3,28.50
6732521,41.3,28.50
6732823,41.3,28.51
6733125,41.3,28.51
6733427,41.3,28.52
6733729,41.3,28.52
6734031,41.3,28.53
6734333,41.3,28.53
6734635,41.3,28.53
6734937,40.3,28.53
6735239,41.3,28.54
6735541,41.3,28.54
6735843,41.3,28.54
6736145,41.3,28.55
6736447,41.3,28.55
6736749,41.3,28.55
6737051,41.3,28.55
6737353,41.3,28.56
6737655,41.3,28.56
6737957,41.3,28.56
6738259,41.3,28.55
6738561,41.3,28.56
6738863,41.3,28.56
6739165,41.3,28.56
6739467,41.3,28.56
6739769,41.3,28.56
6740071,41.3,28.55
6740373,41.3,28.55
6740675,41.3,28.55
6740977,41.3,28.54
6741279,41.3,28.54
6741581,41.3,28.54
6741883,41.3,28.54
6742185,41.3,28.54
6742487,41.3,28.54
6742789,41.3,28.54
6743091,41.3,28.53
6743393,40.3,28.54
6743695,40.3,28.53
6743997,41.3,28.54
6744299,41.3,28.53
6744601,41.3,28.53
6744903,41.3,28.53
6745205,40.3,28.54
6745507,40.3,28.54
6745809,41.3,28.54
6746111,41.3,28.54
6746413,40.3,28.55
6746715,41.3,28.55
6747017,40.3,28.55
6747319,41.3,28.55
6747621,41.3,28.55
6747923,41.3,28.55
6748225,41.3,28.55
6748527,41.3,28.55
6748829,41.3,28.55
6749131,40.3,28.55
6749433,41.3,28.56
6749735,41.3,28.56
6750037,41.3,28.56
6750339,41.3,28.56
6750641,41.3,28.55
6750943,41.3,28.54
6751245,41.3,28.55
6751547,41.3,28.55
6751849,41.3,28.55
6752151,40.3,28.56
6752453,40.3,28.56
6752755,40.3,28.57
6753057,40.3,28.57
6753359,41.3,28.56
6753661,41.3,28.56
6753963,41.3,28.56
6754265,41.3,28.56
6754567,41.3,28.56
6754869,41.3,28.55
6755171,41.3,28.54
6755473,41.3,28.55
6755775,41.3,28.55
6756077,41.3,28.56
6756379,41.3,28.56
6756681,40.3,28.56
6756983,41.3,28.56
6757285,41.3,28.56
6757587,41.3,28.56
6757889,41.3,28.57
6758191,41.3,28.57
6758493,41.3,28.57
6758795,41.3,28.57
6759097,41.3,28.57
6759399,41.3,28.57
6759701,40.3,28.57
6760003,40.3,28.58
6760305,40.3,28.58
6760607,41.3,28.58
6760909,41.3,28.58
6761211,41.3,28.58
6761513,41.3,28.58
6761815,41.3,28.58
6762117,41.3,28.58
6762419,41.3,28.58
6762721,40.3,28.59
6763023,41.3,28.58
6763325,41.3,28.58
6763627,41.3,28.58
6763929,41.3,28.59
6764231,41.3,28.59
6764533,41.3,28.59
6764835,41.3,28.59
6765137,41.3,28.59
6765439,41.3,28.59
6765741,40.3,28.59
6766043,41.3,28.59
6766345,40.3,28.59
6766647,41.3,28.59
6766949,41.3,28.59
6767251,41.3,28.59
6767553,41.3,28.59
6767855,41.3,28.59
6768157,41.3,28.59
6768459,41.3,28.59
6768761,41.3,28.59
6769063,41.3,28.59
6769365,41.3,28.59
6769667,41.3,28.59
6769969,40.3,28.59
6770271,40.3,28.59
6770573,40.3,28.59
6770875,40.3,28.59
6771177,40.3,28.59
6771479,41.3,28.58
6771781,40.3,28.59
6772083,40.3,28.59
6772385,40.3,28.58
6772687,40.3,28.58
6772989,40.3,28.58
6773291,40.3,28.59
6773593,40.3,28.59
6773895,40.3,28.59
6774197,40.3,28.59
6774499,40.3,28.59
6774801,41.3,28.59
6775103,41.3,28.59
6775405,41.3,28.60
6775707,40.3,28.59
6776009,40.3,28.59
6776311,41.3,28.60
6776613,41.3,28.59
6776915,41.3,28.60
6777217,41.3,28.60
6777519,41.3,28.59
6777821,41.3,28.59
6778123,41.3,28.60
6778425,41.3,28.60
6778727,41.3,28.60
6779029,40.3,28.60
6779331,40.3,28.60
6779633,40.3,28.60
6779935,40.3,28.60
6780237,41.3,28.60
6780539,40.3,28.60
6780841,40.3,28.60
6781143,40.3,28.60
6781445,40.3,28.61
6781747,41.3,28.60
6782049,40.3,28.61
6782351,41.3,28.61
6782653,41.3,28.61
6782955,41.3,28.61
6783257,41.3,28.61
6783559,41.3,28.62
6783861,41.3,28.61
6784163,41.3,28.62
6784465,41.3,28.62
6784767,41.3,28.62
6785069,41.3,28.62
6785371,41.3,28.62
6785673,41.3,28.62
6785975,41.3,28.62
6786277,41.3,28.62
6786579,41.3,28.62
6786881,41.3,28.62
6787183,40.3,28.62
6787485,40.3,28.62
6787787,40.3,28.63
6788089,40.3,28.63
6788391,40.3,28.62
6788693,40.3,28.62
6788995,40.3,28.62
6789297,40.3,28.62
6789599,40.3,28.62
6789901,40.3,28.62
6790203,40.3,28.62
6790505,41.3,28.62
6790807,40.3,28.62
6791109,41.3,28.62
6791411,41.3,28.61
6791713,40.3,28.62
6792015,40.3,28.62
6792317,40.3,28.62
6792619,40.3,28.62
6792921,40.3,28.62
6793223,40.3,28.62
6793525,40.3,28.62
6793827,40.3,28.62
6794129,40.3,28.62
6794431,40.3,28.62
6794733,40.3,28.62
6795035,40.3,28.62
6795337,41.3,28.62
6795639,41.3,28.62
6795941,41.3,28.62
6796243,41.3,28.62
6796545,41.3,28.61
6796847,41.3,28.62
6797149,41.3,28.61
6797451,41.3,28.60
6797753,41.3,28.61
6798055,41.3,28.61
6798357,41.3,28.61
6798659,41.3,28.61
6798961,41.3,28.61
6799263,41.3,28.61
6799565,41.3,28.61
6799867,41.3,28.62
6800169,41.3,28.62
6800471,41.3,28.62
6800773,40.3,28.62
6801075,41.3,28.62
6801377,41.3,28.62
6801679,41.3,28.62
6801981,41.3,28.62
6802283,41.3,28.62
6802585,41.3,28.62
6802887,41.3,28.62
6803189,41.3,28.62
6803491,41.3,28.62
6803793,41.3,28.62
6804095,41.3,28.62
6804397,41.3,28.62
6804699,41.3,28.62
6805001,41.3,28.62
6805303,40.3,28.63
6805605,40.3,28.62
6805907,41.3,28.63
6806209,40.3,28.62
6806511,40.3,28.63
6806813,41.3,28.63
6807115,40.3,28.62
6807417,41.3,28.62
6807719,41.3,28.62
6808021,41.3,28.62
6808323,40.3,28.62
6808625,41.3,28.62
6808927,41.3,28.62
6809229,41.3,28.61
6809531,41.3,28.61
6809833,41.3,28.61
6810135,40.3,28.61
6810437,41.3,28.61
6810739,41.3,28.61
6811041,41.3,28.61
6811343,41.3,28.60
6811645,41.3,28.60
6811947,41.3,28.60
6812249,40.3,28.59
6812551,40.3,28.59
6812853,40.3,28.59
6813155,40.3,28.59
6813457,40.3,28.58
6813759,41.3,28.58
6814061,41.3,28.58
6814363,41.3,28.57
6814665,40.3,28.57
6814967,40.3,28.57
6815269,41.3,28.57
6815571,40.3,28.57
6815873,41.3,28.57
6816175,41.3,28.57
6816477,41.3,28.57
6816779,40.3,28.56
6817081,41.3,28.57
6817383,41.3,28.56
6817685,41.3,28.57
6817987,41.3,28.57
6818289,41.3,28.56
6818591,40.3,28.56
6818893,40.3,28.57
6819195,41.3,28.56
6819497,41.3,28.56
6819799,41.3,28.56
6820101,41.3,28.56
6820403,41.3,28.56
6820705,41.3,28.55
6821007,40.3,28.55
6821309,41.3,28.55
6821611,41.3,28.55
6821913,41.3,28.55
6822215,40.3,28.54
6822517,41.3,28.54
6822819,41.3,28.54
6823121,41.3,28.54
6823423,41.3,28.54
6823725,41.3,28.53
6824027,41.3,28.53
6824329,41.3,28.53
6824631,41.3,28.53
6824933,40.3,28.53
6825235,41.3,28.53
6825537,41.3,28.53
6825839,41.3,28.52
6826141,40.3,28.53
6826443,40.3,28.53
6826745,40.3,28.52
6827047,41.3,28.52
6827349,41.3,28.52
6827651,40.3,28.52
6827953,41.3,28.52
6828255,41.3,28.52
6828557,41.3,28.51
6828859,41.3,28.52
6829161,41.3,28.52
6829463,40.3,28.52
6829765,41.3,28.52
6830067,41.3,28.52
6830369,41.3,28.52
6830671,40.3,28.52
6830973,40.3,28.52
6831275,40.3,28.52
6831577,40.3,28.52
6831879,40.3,28.52
6832181,40.3,28.51
6832483,40.3,28.51
6832785,41.3,28.51
6833087,41.3,28.51
6833389,41.3,28.51
6833691,40.3,28.50
6833993,40.3,28.51
6834295,41.3,28.50
6834597,40.3,28.51
6834899,41.3,28.51
6835201,41.3,28.51
6835503,41.3,28.50
6835805,41.3,28.51
6836107,40.3,28.50
6836409,41.3,28.50
6836711,41.3,28.50
6837013,40.3,28.51
6837315,41.3,28.50
6837617,40.3,28.50
6837919,40.3,28.50
6838221,40.3,28.50
6838523,41.3,28.50
6838825,41.3,28.50
6839127,41.3,28.50
6839429,41.3,28.50
6839731,41.3,28.50
6840033,41.3,28.49
6840335,41.3,28.49
6840637,40.3,28.49
6840939,40.3,28.49
6841241,41.3,28.49
6841543,41.3,28.48
6841845,41.3,28.49
6842147,41.3,28.48
6842449,41.3,28.48
6842751,40.3,28.48
6843053,41.3,28.48
6843355,41.3,28.48
6843657,41.3,28.48
6843959,40.3,28.47
6844261,40.3,28.47
6844563,41.3,28.47
6844865,41.3,28.47
6845167,41.3,28.47
6845469,41.3,28.48
6845771,40.3,28.47
6846073,40.3,28.47
6846375,40.3,28.47
6846677,40.3,28.47
6846979,40.3,28.47
6847281,40.3,28.47
6847583,41.3,28.47
6847885,40.3,28.47
6848187,40.3,28.48
6848489,41.3,28.47
6848791,41.3,28.48
6849093,40.3,28.48
6849395,41.3,28.48
6849697,40.3,28.48
6849999,41.3,28.48
6850301,41.3,28.48
6850603,41.3,28.48
6850905,40.3,28.48
6851207,40.3,28.47
6851509,40.3,28.47
6851811,40.3,28.47
6852113,40.3,28.47
6852415,40.3,28.47
6852717,41.3,28.47
6853019,41.3,28.47
6853321,41.3,28.46
6853623,41.3,28.47
6853925,41.3,28.47
6854227,41.3,28.46
6854529,41.3,28.46
6854831,41.3,28.46
6855133,41.3,28.46
6855435,41.3,28.46
6855737,40.3,28.46
6856039,41.3,28.46
6856341,41.3,28.46
6856643,41.3,28.46
6856945,40.3,28.46
6857247,40.3,28.46
6857549,40.3,28.46
6857851,40.3,28.46
6858153,40.3,28.45
6858455,41.3,28.45
6858757,41.3,28.45
6859059,40.3,28.45
6859361,41.3,28.45
6859663,41.3,28.45
6859965,41.3,28.44
6860267,41.3,28.45
6860569,41.3,28.44
6860871,41.3,28.44
6861173,41.3,28.44
6861475,41.3,28.43
6861777,41.3,28.44
6862079,41.3,28.43
6862381,41.3,28.43
6862683,40.3,28.44
6862985,40.3,28.43
6863287,40.3,28.43
6863589,41.3,28.44
6863891,41.3,28.43
6864193,41.3,28.44
6864495,41.3,28.44
6864797,41.3,28.43
6865099,41.3,28.43
6865401,41.3,28.43
6865703,40.3,28.43
6866005,40.3,28.43
6866307,40.3,28.43
6866609,41.3,28.43
6866911,41.3,28.43
6867213,41.3,28.44
6867515,41.3,28.43
6867817,41.3,28.44
6868119,41.3,28.44
6868421,41.3,28.44
6868723,41.3,28.44
6869025,41.3,28.44
6869327,40.3,28.44
6869629,40.3,28.44
6869931,41.3,28.44
6870233,41.3,28.43
6870535,41.3,28.43
6870837,41.3,28.43
6871139,41.3,28.43
6871441,40.3,28.43
6871743,40.3,28.43
6872045,40.3,28.43
6872347,40.3,28.43
6872649,41.3,28.42
6872951,40.3,28.42
6873253,40.3,28.42
6873555,40.3,28.43
6873857,40.3,28.42
6874159,40.3,28.42
6874461,40.3,28.42
6874763,40.3,28.42
6875065,40.3,28.42
6875367,40.3,28.42
6875669,41.3,28.42
6875971,40.3,28.42
6876273,41.3,28.42
6876575,41.3,28.42
6876877,41.3,28.42
6877179,41.3,28.42
6877481,40.3,28.42
6877783,40.3,28.42
6878085,40.3,28.42
6878387,40.3,28.42
6878689,40.3,28.42
6878991,40.3,28.42
6879293,40.3,28.42
6879595,40.3,28.42
6879897,40.3,28.42
6880199,41.3,28.42
6880501,41.3,28.42
6880803,41.3,28.42
6881105,41.3,28.42
6881407,41.3,28.42
6881709,41.3,28.42
6882011,40.3,28.42
6882313,40.3,28.42
6882615,40.3,28.42
6882917,40.3,28.42
6883219,41.3,28.42
6883521,41.3,28.42
6883823,41.3,28.42
6884125,40.3,28.42
6884427,41.3,28.42
6884729,41.3,28.41
6885031,41.3,28.41
6885333,40.3,28.41
6885635,40.3,28.40
6885937,40.3,28.40
6886239,40.3,28.40
6886541,40.3,28.40
6886843,40.3,28.40
6887145,40.3,28.40
6887447,40.3,28.40
6887749,40.3,28.41
6888051,41.3,28.41
6888353,41.3,28.40
6888655,40.3,28.40
6888957,40.3,28.40
6889259,40.3,28.40
6889561,40.3,28.39
6889863,40.3,28.40
6890165,40.3,28.39
6890467,40.3,28.39
6890769,40.3,28.39
6891071,40.3,28.39
6891373,40.3,28.39
6891675,40.3,28.39
6891977,40.3,28.39
6892279,40.3,28.39
6892581,40.3,28.39
6892883,40.3,28.39
6893185,40.3,28.39
6893487,41.3,28.39
6893789,40.3,28.39
6894091,40.3,28.39
6894393,40.3,28.39
6894695,40.3,28.39
6894997,40.3,28.39
6895299,40.3,28.39
6895601,41.3,28.39
6895903,40.3,28.38
6896205,40.3,28.38
6896507,40.3,28.38
6896809,40.3,28.38
6897111,40.3,28.38
6897413,40.3,28.38
6897715,40.3,28.37
6898017,40.3,28.37
6898319,40.3,28.37
6898621,40.3,28.37
6898923,40.3,28.37
6899225,40.3,28.37
6899527,40.3,28.37
6899829,40.3,28.37
6900131,40.3,28.37
6900433,40.3,28.37
6900735,40.3,28.37
6901037,40.3,28.36
6901339,40.3,28.36
6901641,40.3,28.36
6901943,40.3,28.36
6902245,40.3,28.36
6902547,40.3,28.36
6902849,40.3,28.35
6903151,40.3,28.35
6903453,40.3,28.35
6903755,41.3,28.35
6904057,41.3,28.35
6904359,40.3,28.35
6904661,41.3,28.36
6904963,40.3,28.36
6905265,40.3,28.35
6905567,41.3,28.35
6905869,40.3,28.35
6906171,40.3,28.36
6906473,41.3,28.36
6906775,41.3,28.36
6907077,40.3,28.36
6907379,40.3,28.36
6907681,40.3,28.36
6907983,40.3,28.36
6908285,40.3,28.36
6908587,41.3,28.36
6908889,40.3,28.36
6909191,40.3,28.36
6909493,41.3,28.36
6909795,40.3,28.36
6910097,41.3,28.36
6910399,40.3,28.36
6910701,40.3,28.36
6911003,40.3,28.36
6911305,40.3,28.35
6911607,40.3,28.36
6911909,40.3,28.36
6912211,40.3,28.35
6912513,40.3,28.35
6912815,40.3,28.35
6913117,40.3,28.35
6913419,40.3,28.35
6913721,40.3,28.35
6914023,40.3,28.34
6914325,40.3,28.35
6914627,40.3,28.35
6914929,40.3,28.34
6915231,40.3,28.34
6915533,40.3,28.34
6915835,40.3,28.34
6916137,40.3,28.34
6916439,40.3,28.34
6916741,40.3,28.34
6917043,40.3,28.34
6917345,40.3,28.34
6917647,41.3,28.34
6917949,40.3,28.34
6918251,40.3,28.34
6918553,40.3,28.34
6918855,41.3,28.34
6919157,41.3,28.34
6919459,40.3,28.34
6919761,40.3,28.34
6920063,40.3,28.34
6920365,41.3,28.34
6920667,41.3,28.34
6920969,41.3,28.34
6921271,40.3,28.34
6921573,40.3,28.34
6921875,40.3,28.34
6922177,40.3,28.34
6922479,40.3,28.34
6922781,40.3,28.35
6923083,40.3,28.34
6923385,40.3,28.34
6923687,40.3,28.34
6923989,40.3,28.34
6924291,40.3,28.34
6924593,40.3,28.34
6924895,40.3,28.34
6925197,40.3,28.34
6925499,40.3,28.34
6925801,40.3,28.33
6926103,40.3,28.33
6926405,41.3,28.33
6926707,40.3,28.33
6927009,40.3,28.33
6927311,40.3,28.33
6927613,40.3,28.33
6927915,40.3,28.32
6928217,40.3,28.33
6928519,40.3,28.32
6928821,41.3,28.32
6929123,41.3,28.32
6929425,40.3,28.32
6929727,40.3,28.32
6930029,40.3,28.32
6930331,40.3,28.32
6930633,40.3,28.31
6930935,40.3,28.32
6931237,40.3,28.31
6931539,40.3,28.31
6931841,41.3,28.31
6932143,41.3,28.31
6932445,40.3,28.31
6932747,40.3,28.31
6933049,40.3,28.31
6933351,40.3,28.31
6933653,40.3,28.30
6933955,40.3,28.30
6934257,40.3,28.30
6934559,40.3,28.30
6934861,40.3,28.30
6935163,40.3,28.30
6935465,40.3,28.30
6935767,40.3,28.30
6936069,40.3,28.30
6936371,40.3,28.30
6936673,40.3,28.30
6936975,40.3,28.30
6937277,40.3,28.30
6937579,41.3,28.30
6937881,41.3,28.30
6938183,41.3,28.30
6938485,40.3,28.29
6938787,40.3,28.29
6939089,40.3,28.29
6939391,40.3,28.29
6939693,40.3,28.29
6939995,40.3,28.29
6940297,40.3,28.29
6940599,40.3,28.29
6940901,40.3,28.29
6941203,40.3,28.29
6941505,40.3,28.29
6941807,40.3,28.28
6942109,40.3,28.29
6942411,40.3,28.28
6942713,40.3,28.28
6943015,40.3,28.28
6943317,40.3,28.28
6943619,40.3,28.28
6943921,40.3,28.28
6944223,40.3,28.28
6944525,40.3,28.27
6944827,40.3,28.27
6945129,40.3,28.27
6945431,40.3,28.27
6945733,40.3,28.27
6946035,41.3,28.27
6946337,41.3,28.27
6946639,41.3,28.27
6946941,41.3,28.27
6947243,40.3,28.27
6947545,40.3,28.27
6947847,41.3,28.27
6948149,40.3,28.26
6948451,40.3,28.26
6948753,40.3,28.26
6949055,40.3,28.26
6949357,40.3,28.26
6949659,41.3,28.27
6949961,41.3,28.27
6950263,41.3,28.26
6950565,41.3,28.27
6950867,41.3,28.27
6951169,40.3,28.26
6951471,41.3,28.26
6951773,41.3,28.26
6952075,41.3,28.26
6952377,41.3,28.26
6952679,41.3,28.26
6952981,41.3,28.25
6953283,40.3,28.26
6953585,41.3,28.26
6953887,41.3,28.25
6954189,41.3,28.25
6954491,41.3,28.26
6954793,40.3,28.25
6955095,40.3,28.25
6955397,40.3,28.25
6955699,40.3,28.25
6956001,40.3,28.25
6956303,40.3,28.25
6956605,40.3,28.25
6956907,40.3,28.25
6957209,40.3,28.25
6957511,41.3,28.25
6957813,41.3,28.25
6958115,41.3,28.25
6958417,41.3,28.25
6958719,41.3,28.24
6959021,40.3,28.25
6959323,40.3,28.24
6959625,40.3,28.24
6959927,40.3,28.24
6960229,40.3,28.24
6960531,40.3,28.24
6960833,40.3,28.24
6961135,40.3,28.24
6961437,40.3,28.24
6961739,40.3,28.24
6962041,41.3,28.23
6962343,41.3,28.23
6962645,40.3,28.23
6962947,40.3,28.23
6963249,40.3,28.23
6963551,40.3,28.23
6963853,40.3,28.24
6964155,40.3,28.23
6964457,40.3,28.23
6964759,40.3,28.23
6965061,40.3,28.23
6965363,40.3,28.23
6965665,40.3,28.22
6965967,40.3,28.23
6966269,40.3,28.22
6966571,40.3,28.21
6966873,40.3,28.22
6967175,40.3,28.22
6967477,40.3,28.22
6967779,40.3,28.22
6968081,40.3,28.21
6968383,40.3,28.21
6968685,40.3,28.21
6968987,40.3,28.21
6969289,40.3,28.20
6969591,40.3,28.21
6969893,40.3,28.20
6970195,40.3,28.20
6970497,40.3,28.20
6970799,40.3,28.20
6971101,40.3,28.20
6971403,40.3,28.20
6971705,40.3,28.20
6972007,40.3,28.20
6972309,40.3,28.20
6972611,40.3,28.20
6972913,40.3,28.20
6973215,40.3,28.19
6973517,40.3,28.19
6973819,40.3,28.20
6974121,40.3,28.19
6974423,40.3,28.20
6974725,40.3,28.19
6975027,40.3,28.20
6975329,40.3,28.19
6975631,40.3,28.20
6975933,40.3,28.20
6976235,40.3,28.19
6976537,40.3,28.20
6976839,39.3,28.20
6977141,40.3,28.20
6977443,40.3,28.20
6977745,40.3,28.20
6978047,40.3,28.19
6978349,40.3,28.19
6978651,40.3,28.19
6978953,40.3,28.19
6979255,40.3,28.19
6979557,40.3,28.19
6979859,40.3,28.19
6980161,40.3,28.19
6980463,40.3,28.19
6980765,40.3,28.19
6981067,40.3,28.19
6981369,40.3,28.19
6981671,40.3,28.19
6981973,40.3,28.19
6982275,40.3,28.19
6982577,40.3,28.19
6982879,40.3,28.19
6983181,40.3,28.19
6983483,40.3,28.19
6983785,40.3,28.19
6984087,40.3,28.19
6984389,40.3,28.19
6984691,40.3,28.19
6984993,39.3,28.19
6985295,40.3,28.19
6985597,40.3,28.18
6985899,40.3,28.19
6986201,40.3,28.19
6986503,40.3,28.19
6986805,40.3,28.19
6987107,40.3,28.18
6987409,40.3,28.19
6987711,40.3,28.18
6988013,40.3,28.18
6988315,40.3,28.18
6988617,40.3,28.18
6988919,40.3,28.18
6989221,40.3,28.18
6989523,40.3,28.17
6989825,40.3,28.17
6990127,41.3,28.17
6990429,40.3,28.17
6990731,40.3,28.17
6991033,40.3,28.16
6991335,40.3,28.16
6991637,40.3,28.17
6991939,40.3,28.16
6992241,40.3,28.16
6992543,40.3,28.17
6992845,40.3,28.16
6993147,40.3,28.17
6993449,40.3,28.17
6993751,40.3,28.17
6994053,40.3,28.16
6994355,40.3,28.17
6994657,40.3,28.16
6994959,40.3,28.16
6995261,40.3,28.16
6995563,40.3,28.16
6995865,40.3,28.16
6996167,40.3,28.16
6996469,40.3,28.16
6996771,40.3,28.16
6997073,40.3,28.16
6997375,40.3,28.15
6997677,40.3,28.15
6997979,40.3,28.15
6998281,40.3,28.15
6998583,40.3,28.14
6998885,40.3,28.15
6999187,39.3,28.14
6999489,39.3,28.15
6999791,40.3,28.15
7000093,40.3,28.14
7000395,40.3,28.14
7000697,40.3,28.14
7000999,40.3,28.14
7001301,40.3,28.14
7001603,40.3,28.14
7001905,40.3,28.14
7002207,40.3,28.13
7002509,40.3,28.14
7002811,40.3,28.13
7003113,40.3,28.13
7003415,40.3,28.13
7003717,40.3,28.13
7004019,40.3,28.13
7004321,40.3,28.13
7004623,40.3,28.13
7004925,40.3,28.12
7005227,40.3,28.12
7005529,40.3,28.12
7005831,40.3,28.12
7006133,40.3,28.12
7006435,40.3,28.12
7006737,40.3,28.12
7007039,41.3,28.11
7007341,41.3,28.11
7007643,41.3,28.11
7007945,40.3,28.11
7008247,40.3,28.11
7008549,40.3,28.11
7008851,40.3,28.11
7009153,40.3,28.11
7009455,40.3,28.11
7009757,40.3,28.11
7010059,40.3,28.10
7010361,40.3,28.10
7010663,40.3,28.10
7010965,40.3,28.10
7011267,40.3,28.10
7011569,40.3,28.10
7011871,40.3,28.10
7012173,40.3,28.10
7012475,40.3,28.10
7012777,40.3,28.10
7013079,40.3,28.10
7013381,40.3,28.10
7013683,40.3,28.09
7013985,40.3,28.10
7014287,40.3,28.10
7014589,40.3,28.09
7014891,40.3,28.09
7015193,40.3,28.09
7015495,40.3,28.09
7015797,40.3,28.09
7016099,40.3,28.09
7016401,40.3,28.09
7016703,40.3,28.09
7017005,41.3,28.08
7017307,41.3,28.08
7017609,41.3,28.08
7017911,40.3,28.08
7018213,40.3,28.08
7018515,40.3,28.08
7018817,40.3,28.08
7019119,40.3,28.08
7019421,40.3,28.08
7019723,40.3,28.08
7020025,40.3,28.08
7020327,40.3,28.08
7020629,40.3,28.08
7020931,40.3,28.08
7021233,40.3,28.07
7021535,40.3,28.08
7021837,40.3,28.07
7022139,40.3,28.07
7022441,40.3,28.08
7022743,41.3,28.07
7023045,40.3,28.07
7023347,40.3,28.07
7023649,41.3,28.07
7023951,41.3,28.07
7024253,40.3,28.07
7024555,40.3,28.07
7024857,39.3,28.07
7025159,39.3,28.06
7025461,40.3,28.06
7025763,40.3,28.06
7026065,40.3,28.06
7026367,40.3,28.06
7026669,40.3,28.06
7026971,40.3,28.06
7027273,40.3,28.06
7027575,40.3,28.06
7027877,40.3,28.06
7028179,40.3,28.06
7028481,40.3,28.06
7028783,40.3,28.06
7029085,40.3,28.06
7029387,40.3,28.06
7029689,40.3,28.06
7029991,40.3,28.06
7030293,40.3,28.06
7030595,40.3,28.06
7030897,40.3,28.06
7031199,40.3,28.07
7031501,40.3,28.07
7031803,40.3,28.07
7032105,40.3,28.07
7032407,40.3,28.06
7032709,40.3,28.06
7033011,40.3,28.06
7033313,40.3,28.07
7033615,40.3,28.06
7033917,40.3,28.06
7034219,40.3,28.06
7034521,40.3,28.06
7034823,40.3,28.06
7035125,40.3,28.07
7035427,40.3,28.07
7035729,40.3,28.07
7036031,40.3,28.06
7036333,40.3,28.07
7036635,40.3,28.06
7036937,40.3,28.06
7037239,40.3,28.06
7037541,40.3,28.06
7037843,40.3,28.05
7038145,40.3,28.06
7038447,40.3,28.06
7038749,40.3,28.06
7039051,40.3,28.06
7039353,40.3,28.05
7039655,40.3,28.05
7039957,40.3,28.06
7040259,40.3,28.05
7040561,40.3,28.05
7040863,40.3,28.05
7041165,40.3,28.05
7041467,40.3,28.05
7041769,40.3,28.05
7042071,41.3,28.05
7042373,41.3,28.05
7042675,41.3,28.05
7042977,41.3,28.05
7043279,41.3,28.05
7043581,41.3,28.05
7043883,40.3,28.04
7044185,40.3,28.05
7044487,40.3,28.04
7044789,40.3,28.04
7045091,40.3,28.04
7045393,40.3,28.04
7045695,40.3,28.04
7045997,40.3,28.04
7046299,40.3,28.04
7046601,40.3,28.04
7046903,41.3,28.04
7047205,40.3,28.04
7047507,40.3,28.03
7047809,40.3,28.03
7048111,40.3,28.03
7048413,40.3,28.04
7048715,40.3,28.04
7049017,40.3,28.03
7049319,40.3,28.03
7049621,40.3,28.03
7049923,40.3,28.02
7050225,40.3,28.02
7050527,40.3,28.02
7050829,40.3,28.02
7051131,40.3,28.02
7051433,40.3,28.02
7051735,40.3,28.02
7052037,40.3,28.03
7052339,40.3,28.02
7052641,40.3,28.02
7052943,40.3,28.02
7053245,40.3,28.02
7053547,40.3,28.02
7053849,40.3,28.02
7054151,40.3,28.02
7054453,40.3,28.02
7054755,39.3,28.01
7055057,40.3,28.01
7055359,40.3,28.01
7055661,40.3,28.01
7055963,40.3,28.01
7056265,40.3,28.01
7056567,40.3,28.01
7056869,41.3,28.01
7057171,41.3,28.01
7057473,40.3,28.01
7057775,40.3,28.00
7058077,40.3,28.00
7058379,40.3,28.01
7058681,40.3,28.00
7058983,40.3,28.01
7059285,40.3,28.00
7059587,40.3,28.00
7059889,40.3,28.00
7060191,41.3,28.01
7060493,41.3,27.99
7060795,41.3,28.00
7061097,41.3,28.00
7061399,41.3,28.00
7061701,41.3,27.99
7062003,40.3,28.00
7062305,40.3,27.99
7062607,40.3,27.99
7062909,40.3,27.99
7063211,40.3,27.99
7063513,40.3,27.99
7063815,40.3,28.00
7064117,40.3,27.99
7064419,40.3,27.99
7064721,40.3,27.99
7065023,40.3,27.99
7065325,40.3,27.99
7065627,40.3,27.99
7065929,41.3,27.99
7066231,40.3,27.99
7066533,40.3,27.99
7066835,40.3,27.99
7067137,40.3,27.99
7067439,40.3,27.99
7067741,40.3,27.99
7068043,40.3,27.99
7068345,40.3,28.00
7068647,40.3,28.00
7068949,40.3,28.00
7069251,40.3,27.99
7069553,40.3,27.99
7069855,40.3,27.99
7070157,41.3,27.99
7070459,41.3,27.99
7070761,40.3,27.99
7071063,40.3,27.99
7071365,40.3,27.99
7071667,40.3,27.99
7071969,40.3,27.99
7072271,40.3,27.99
7072573,40.3,27.99
7072875,40.3,28.00
7073177,40.3,27.99
7073479,40.3,27.99
7073781,40.3,28.00
7074083,40.3,27.99
7074385,40.3,27.99
7074687,40.3,28.00
7074989,40.3,28.00
7075291,40.3,27.99
7075593,40.3,28.00
7075895,40.3,28.00
7076197,40.3,28.00
7076499,40.3,27.99
7076801,40.3,28.00
7077103,40.3,28.00
7077405,40.3,28.00
7077707,40.3,28.00
7078009,40.3,28.00
7078311,40.3,28.00
7078613,40.3,28.00
7078915,40.3,27.99
7079217,40.3,27.99
7079519,40.3,28.00
7079821,39.3,28.00
7080123,40.3,28.00
7080425,40.3,27.99
7080727,40.3,27.99
7081029,40.3,27.99
7081331,39.3,27.99
7081633,39.3,27.99
7081935,40.3,27.99
7082237,40.3,27.99
7082539,40.3,27.99
7082841,40.3,27.99
7083143,40.3,27.99
7083445,40.3,27.99
7083747,40.3,27.99
7084049,40.3,27.99
7084351,40.3,27.99
7084653,40.3,27.99
7084955,40.3,27.99
7085257,40.3,27.98
7085559,40.3,27.98
7085861,40.3,27.99
7086163,40.3,27.98
7086465,40.3,27.98
7086767,40.3,27.98
7087069,40.3,27.99
7087371,40.3,27.98
7087673,40.3,27.99
7087975,40.3,27.99
7088277,39.3,27.98
7088579,40.3,27.99
7088881,40.3,27.98
7089183,40.3,27.98
7089485,40.3,27.98
7089787,40.3,27.98
7090089,40.3,27.99
7090391,40.3,27.98
7090693,40.3,27.98
7090995,40.3,27.98
7091297,40.3,27.98
7091599,40.3,27.98
7091901,41.3,27.97
7092203,41.3,27.97
7092505,40.3,27.97
7092807,40.3,27.97
7093109,40.3,27.97
7093411,40.3,27.97
7093713,40.3,27.98
7094015,40.3,27.98
7094317,40.3,27.97
7094619,40.3,27.97
7094921,40.3,27.97
7095223,40.3,27.97
7095525,40.3,27.98
7095827,40.3,27.97
7096129,40.3,27.97
7096431,40.3,27.97
7096733,40.3,27.98
7097035,40.3,27.98
7097337,40.3,27.98
7097639,40.3,27.98
7097941,40.3,27.97
7098243,40.3,27.98
7098545,39.3,27.98
7098847,40.3,27.98
7099149,40.3,27.97
7099451,40.3,27.98
7099753,40.3,27.97
7100055,40.3,27.97
7100357,40.3,27.97
7100659,40.3,27.97
7100961,40.3,27.97
7101263,40.3,27.96
7101565,40.3,27.97
7101867,40.3,27.97
7102169,40.3,27.97
7102471,40.3,27.96
7102773,40.3,27.96
7103075,40.3,27.97
7103377,40.3,27.96
7103679,40.3,27.96
7103981,40.3,27.96
7104283,39.3,27.96
7104585,40.3,27.96
7104887,40.3,27.96
7105189,40.3,27.96
7105491,40.3,27.96
7105793,40.3,27.96
7106095,40.3,27.96
7106397,40.3,27.95
7106699,40.3,27.95
7107001,40.3,27.95
7107303,40.3,27.95
7107605,40.3,27.94
7107907,40.3,27.95
7108209,40.3,27.95
7108511,40.3,27.95
7108813,41.3,27.94
7109115,40.3,27.94
7109417,40.3,27.94
7109719,40.3,27.94
7110021,40.3,27.94
7110323,40.3,27.94
7110625,40.3,27.94
7110927,40.3,27.94
7111229,40.3,27.94
7111531,40.3,27.94
7111833,40.3,27.95
7112135,40.3,27.95
7112437,40.3,27.94
7112739,40.3,27.95
7113041,40.3,27.95
7113343,40.3,27.94
7113645,40.3,27.94
7113947,40.3,27.94
7114249,39.3,27.94
7114564,40.3,27.94
7114866,40.3,27.94
7115168,40.3,27.94
7115470,40.3,27.94
7115772,40.3,27.93
7116074,40.3,27.94
7116376,41.3,27.94
7116678,40.3,27.93
7116980,40.3,27.94
7117282,40.3,27.93
7117584,40.3,27.94
7117886,40.3,27.93
7118188,40.3,27.94
7118490,40.3,27.94
7118792,39.3,27.94
7119094,40.3,27.94
7119396,40.3,27.94
7119698,40.3,27.93
7120000,40.3,27.94
7120302,40.3,27.93
7120604,40.3,27.94
7120906,40.3,27.93
7121208,40.3,27.94
7121510,40.3,27.93
7121812,40.3,27.94
7122114,39.3,27.93
7122416,40.3,27.93
7122718,40.3,27.93
7123020,40.3,27.92
7123322,40.3,27.92
7123624,40.3,27.92
7123926,40.3,27.92
7124228,40.3,27.92
7124530,40.3,27.92
7124832,40.3,27.92
7125134,40.3,27.92
7125436,40.3,27.92
7125738,40.3,27.92
7126040,40.3,27.92
7126342,39.3,27.92
7126644,40.3,27.92
7126946,40.3,27.92
7127248,40.3,27.91
7127550,40.3,27.91
7127852,40.3,27.91
7128154,40.3,27.91
7128456,40.3,27.91
7128758,40.3,27.91
7129060,40.3,27.91
7129362,40.3,27.91
7129664,40.3,27.90
7129966,40.3,27.91
7130268,40.3,27.90
7130570,40.3,27.90
7130872,39.3,27.90
7131174,40.3,27.91
7131476,40.3,27.91
7131778,40.3,27.91
7132080,40.3,27.91
7132382,40.3,27.91
7132684,40.3,27.91
7132986,40.3,27.91
7133288,39.3,27.91
7133590,39.3,27.91
7133892,40.3,27.90
7134194,40.3,27.90
7134496,40.3,27.90
7134798,40.3,27.90
7135100,40.3,27.90
7135402,40.3,27.89
7135704,40.3,27.90
7136006,40.3,27.90
7136308,40.3,27.89
7136610,40.3,27.90
7136912,40.3,27.89
7137214,40.3,27.89
7137516,40.3,27.89
7137818,40.3,27.89
7138120,40.3,27.89
7138422,40.3,27.89
7138724,40.3,27.89
7139026,40.3,27.89
7139328,40.3,27.89
7139630,40.3,27.89
7139932,40.3,27.89
7140234,40.3,27.89
7140536,40.3,27.89
7140838,40.3,27.89
7141140,40.3,27.89
7141442,40.3,27.88
7141744,40.3,27.89
7142046,40.3,27.88
7142348,40.3,27.89
7142650,40.3,27.88
7142952,40.3,27.88
7143254,40.3,27.88
7143556,40.3,27.88
7143858,40.3,27.88
7144160,40.3,27.88
7144462,40.3,27.88
7144764,40.3,27.88
7145066,40.3,27.88
7145368,40.3,27.89
7145670,40.3,27.88
7145972,40.3,27.88
7146274,40.3,27.88
7146576,40.3,27.88
7146878,39.3,27.89
7147180,39.3,27.88
7147482,40.3,27.88
7147784,40.3,27.88
7148086,40.3,27.88
7148388,40.3,27.88
7148690,39.3,27.88
7148992,40.3,27.88
7149294,40.3,27.88
7149596,40.3,27.87
7149898,40.3,27.88
7150200,40.3,27.88
7150502,40.3,27.88
7150804,40.3,27.88
7151106,40.3,27.88
7151408,40.3,27.88
7151710,40.3,27.88
7152012,40.3,27.88
7152314,41.3,27.88
7152616,40.3,27.87
7152918,40.3,27.88
7153220,40.3,27.87
7153522,40.3,27.87
7153824,40.3,27.87
7154126,39.3,27.87
7154428,40.3,27.87
7154730,40.3,27.87
7155032,40.3,27.87
7155334,40.3,27.87
7155636,40.3,27.87
7155938,40.3,27.87
7156240,40.3,27.87
7156542,40.3,27.87
7156844,40.3,27.88
7157146,40.3,27.88
7157448,40.3,27.88
7157750,40.3,27.88
7158052,40.3,27.87
7158354,40.3,27.87
7158656,40.3,27.87
7158958,40.3,27.87
7159260,40.3,27.87
7159562,39.3,27.87
7159864,40.3,27.86
7160166,40.3,27.86
7160468,40.3,27.87
7160770,39.3,27.87
7161072,40.3,27.87
7161374,40.3,27.86
7161676,40.3,27.86
7161978,40.3,27.86
7162280,40.3,27.86
7162582,40.3,27.86
7162884,40.3,27.86
7163186,40.3,27.86
7163488,40.3,27.86
7163790,40.3,27.86
7164092,40.3,27.86
7164394,40.3,27.86
7164696,40.3,27.86
7164998,40.3,27.86
7165300,40.3,27.86
7165602,40.3,27.86
7165904,40.3,27.86
7166206,40.3,27.86
7166508,40.3,27.85
7166810,40.3,27.85
7167112,40.3,27.85
7167414,40.3,27.85
7167716,40.3,27.85
7168018,40.3,27.85
7168320,39.3,27.85
7168622,39.3,27.85
7168924,40.3,27.85
7169226,39.3,27.85
7169528,39.3,27.85
7169830,40.3,27.85
7170132,40.3,27.85
7170434,40.3,27.85
7170736,40.3,27.85
7171038,40.3,27.85
7171340,40.3,27.85
7171642,40.3,27.84
7171944,40.3,27.84
7172246,40.3,27.83
7172548,40.3,27.83
7172850,40.3,27.84
7173152,40.3,27.83
7173454,40.3,27.83
7173756,39.3,27.83
7174058,39.3,27.83
7174360,40.3,27.83
7174662,40.3,27.83
7174964,40.3,27.83
7175266,40.3,27.82
7175568,40.3,27.83
7175870,40.3,27.83
7176172,40.3,27.82
7176474,40.3,27.82
7176776,41.3,27.82
7177078,40.3,27.82
7177380,40.3,27.82
7177682,40.3,27.81
7177984,40.3,27.81
7178286,40.3,27.81
7178588,40.3,27.81
7178890,40.3,27.81
7179192,40.3,27.81
7179494,40.3,27.81
7179796,40.3,27.81
7180098,40.3,27.81
7180400,40.3,27.80
7180702,41.3,27.81
7181004,40.3,27.80
7181306,40.3,27.80
7181608,40.3,27.80
7181910,40.3,27.81
7182212,40.3,27.80
7182514,40.3,27.81
7182816,40.3,27.81
7183118,39.3,27.80
7183420,40.3,27.81
7183722,40.3,27.81
7184024,40.3,27.81
7184326,40.3,27.81
7184628,40.3,27.80
7184930,40.3,27.81
7185232,40.3,27.80
7185534,40.3,27.80
7185836,40.3,27.80
7186138,40.3,27.80
7186440,40.3,27.80
7186742,40.3,27.80
7187044,40.3,27.80
7187346,40.3,27.80
7187648,40.3,27.80
7187950,40.3,27.80
7188252,40.3,27.80
7188554,40.3,27.80
7188856,40.3,27.80
7189158,40.3,27.79
7189460,39.3,27.79
7189762,40.3,27.79
7190064,40.3,27.79
7190366,40.3,27.80
7190668,40.3,27.79
7190970,40.3,27.79
7191272,40.3,27.80
7191574,40.3,27.80
7191876,40.3,27.80
7192178,40.3,27.80
7192480,40.3,27.79
7192782,40.3,27.80
7193084,40.3,27.80
7193386,40.3,27.80
7193688,39.3,27.80
7193990,40.3,27.80
7194292,40.3,27.80
7194594,40.3,27.79
7194896,40.3,27.79
7195198,40.3,27.79
7195500,40.3,27.80
7195802,39.3,27.80
7196104,40.3,27.80
7196406,40.3,27.80
7196708,40.3,27.80
7197010,40.3,27.80
7197312,40.3,27.79
7197614,40.3,27.79
7197916,40.3,27.80
7198218,40.3,27.80
7198520,40.3,27.80
7198822,39.3,27.79
7199124,40.3,27.80
7199426,39.3,27.79
7199728,40.3,27.79
7200030,40.3,27.79
7200332,40.3,27.80
7200634,40.3,27.79
7200936,40.3,27.79
7201238,40.3,27.79
7201540,40.3,27.79
7201842,40.3,27.80
7202144,39.3,27.79
7202446,40.3,27.80
7202748,40.3,27.79
7203050,40.3,27.79
7203352,40.3,27.79
7203654,40.3,27.79
7203956,40.3,27.79
7204258,40.3,27.79
7204560,40.3,27.80
7204862,40.3,27.80
7205164,40.3,27.79
7205466,40.3,27.79
7205768,40.3,27.80
7206070,40.3,27.80
7206372,39.3,27.80
7206674,39.3,27.80
7206976,40.3,27.80
7207278,40.3,27.80
7207580,40.3,27.79
7207882,40.3,27.80
7208184,40.3,27.79
7208486,39.3,27.79
7208788,39.3,27.79
7209090,39.3,27.79
7209392,40.3,27.78
7209694,40.3,27.79
7209996,40.3,27.78
7210298,40.3,27.78
7210600,40.3,27.78
7210902,40.3,27.78
7211204,40.3,27.78
7211506,40.3,27.78
7211808,40.3,27.78
7212110,40.3,27.78
7212412,40.3,27.78
7212714,40.3,27.78
7213016,40.3,27.78
7213318,40.3,27.78
7213620,40.3,27.78
7213922,40.3,27.78
7214224,40.3,27.78
7214526,40.3,27.78
7214828,40.3,27.78
7215130,40.3,27.77
7215432,40.3,27.77
7215734,40.3,27.78
7216036,40.3,27.77
7216338,40.3,27.77
7216640,40.3,27.76
7216942,40.3,27.77
7217244,40.3,27.77
7217546,40.3,27.77
7217848,40.3,27.76
7218150,40.3,27.76
7218452,40.3,27.76
7218754,40.3,27.76
7219056,40.3,27.76
7219358,39.3,27.76
7219660,39.3,27.76
7219962,40.3,27.76
7220264,40.3,27.76
7220566,40.3,27.76
7220868,39.3,27.76
7221170,39.3,27.76
7221472,40.3,27.76
7221774,40.3,27.76
7222076,39.3,27.76
7222378,40.3,27.76
7222680,40.3,27.75
7222982,40.3,27.76
7223284,39.3,27.76
7223586,39.3,27.75
7223888,40.3,27.75
7224190,40.3,27.76
7224492,40.3,27.76
7224794,40.3,27.76
7225096,39.3,27.75
7225398,39.3,27.75
7225700,40.3,27.76
7226002,40.3,27.76
7226304,40.3,27.76
7226606,40.3,27.75
7226908,40.3,27.76
7227210,40.3,27.76
7227512,40.3,27.75
7227814,39.3,27.76
7228116,40.3,27.76
7228418,40.3,27.76
7228720,40.3,27.76
7229022,40.3,27.76
7229324,40.3,27.76
7229626,39.3,27.76
7229928,40.3,27.76
7230230,40.3,27.76
7230532,40.3,27.76
7230834,40.3,27.77
7231136,40.3,27.77
7231438,40.3,27.77
7231740,40.3,27.77
7232042,40.3,27.76
7232344,40.3,27.77
7232646,40.3,27.77
7232948,39.3,27.77
7233250,40.3,27.77
7233552,39.3,27.77
7233854,40.3,27.77
7234156,40.3,27.77
7234458,40.3,27.77
7234760,40.3,27.77
7235062,40.3,27.77
7235364,39.3,27.76
7235666,40.3,27.77
7235968,40.3,27.77
7236270,40.3,27.76
7236572,40.3,27.76
7236874,39.3,27.77
7237176,40.3,27.76
7237478,40.3,27.76
7237780,39.3,27.76
7238082,39.3,27.77
7238384,39.3,27.76
7238686,40.3,27.76
7238988,40.3,27.76
7239290,40.3,27.76
7239592,40.3,27.77
7239894,40.3,27.76
7240196,40.3,27.76
7240498,40.3,27.76
7240800,40.3,27.76
7241102,40.3,27.76
7241404,40.3,27.76
7241706,40.3,27.76
7242008,40.3,27.76
7242310,40.3,27.76
7242612,39.3,27.76
7242914,40.3,27.76
7243216,40.3,27.76
7243518,40.3,27.76
7243820,40.3,27.75
7244122,40.3,27.75
7244424,40.3,27.76
7244726,40.3,27.76
7245028,40.3,27.76
7245330,40.3,27.75
7245632,40.3,27.75
7245934,40.3,27.75
7246236,40.3,27.76
7246538,40.3,27.75
7246840,40.3,27.75
7247142,40.3,27.76
7247444,40.3,27.76
7247746,40.3,27.75
7248048,40.3,27.75
7248350,40.3,27.75
7248652,40.3,27.75
7248954,40.3,27.75
7249256,40.3,27.75
7249558,40.3,27.75
7249860,40.3,27.75
7250162,40.3,27.75
7250464,40.3,27.75
7250766,40.3,27.75
7251068,40.3,27.75
7251370,40.3,27.75
7251672,40.3,27.75
7251974,40.3,27.74
7252276,40.3,27.75
7252578,39.3,27.75
7252880,39.3,27.74
7253182,39.3,27.74
7253484,39.3,27.74
7253786,40.3,27.74
7254088,40.3,27.74
7254390,40.3,27.74
7254692,40.3,27.74
7254994,40.3,27.73
7255296,39.3,27.74
7255598,40.3,27.73
7255900,39.3,27.74
7256202,39.3,27.74
7256504,40.3,27.74
7256806,40.3,27.74
7257108,40.3,27.74
7257410,40.3,27.74
7257712,40.3,27.74
7258014,40.3,27.74
7258316,40.3,27.74
7258618,40.3,27.74
7258920,40.3,27.74
7259222,40.3,27.74
7259524,40.3,27.74
7259826,40.3,27.74
7260128,39.3,27.74
7260430,39.3,27.74
7260732,40.3,27.74
7261034,40.3,27.74
7261336,40.3,27.74
7261638,40.3,27.74
7261940,40.3,27.75
7262242,40.3,27.74
7262544,40.3,27.74
7262846,40.3,27.74
7263148,40.3,27.74
7263450,40.3,27.74
7263752,40.3,27.74
7264054,40.3,27.74
7264356,39.3,27.74
7264658,40.3,27.74
7264960,40.3,27.74
7265262,40.3,27.74
7265564,39.3,27.74
7265866,40.3,27.74
7266168,40.3,27.74
7266470,40.3,27.74
7266772,40.3,27.74
7267074,40.3,27.74
7267376,40.3,27.74
7267678,40.3,27.74
7267980,40.3,27.73
7268282,40.3,27.74
7268584,40.3,27.73
7268886,40.3,27.73
7269188,40.3,27.73
7269490,40.3,27.74
7269792,40.3,27.74
7270094,40.3,27.73
7270396,40.3,27.73
7270698,39.3,27.73
7271000,39.3,27.73
7271302,39.3,27.73
7271604,40.3,27.73
7271906,40.3,27.73
7272208,40.3,27.73
7272510,40.3,27.73
7272812,40.3,27.73
7273114,40.3,27.73
7273416,40.3,27.73
7273718,40.3,27.73
7274020,40.3,27.73
7274322,39.3,27.73
7274624,39.3,27.73
7274926,40.3,27.73
7275228,40.3,27.73
7275530,40.3,27.73
7275832,40.3,27.73
7276134,40.3,27.73
7276436,40.3,27.73
7276738,40.3,27.73
7277040,40.3,27.73
7277342,40.3,27.73
7277644,40.3,27.73
7277946,39.3,27.73
7278248,39.3,27.73
7278550,40.3,27.73
7278852,40.3,27.73
7279154,39.3,27.73
7279456,39.3,27.72
7279758,40.3,27.73
7280060,40.3,27.72
7280362,40.3,27.73
7280664,40.3,27.72
7280966,40.3,27.73
7281268,40.3,27.72
7281570,40.3,27.73
7281872,40.3,27.72
7282174,40.3,27.73
7282476,40.3,27.72
7282778,40.3,27.72
7283080,40.3,27.73
7283382,39.3,27.73
7283684,40.3,27.73
7283986,40.3,27.73
7284288,39.3,27.72
7284590,40.3,27.72
7284892,40.3,27.73
7285194,40.3,27.72
7285496,40.3,27.72
7285798,40.3,27.72
7286100,40.3,27.72
7286402,40.3,27.73
7286704,40.3,27.72
7287006,40.3,27.72
7287308,40.3,27.72
7287610,40.3,27.72
7287912,40.3,27.72
7288214,40.3,27.72
7288516,40.3,27.72
7288818,40.3,27.72
7289120,40.3,27.72
7289422,40.3,27.72
7289724,39.3,27.72
7290026,40.3,27.72
7290328,40.3,27.72
7290630,40.3,27.72
7290932,40.3,27.72
7291234,40.3,27.72
7291536,40.3,27.72
7291838,39.3,27.72
7292140,39.3,27.72
7292442,40.3,27.72
7292744,40.3,27.72
7293046,40.3,27.72
7293348,40.3,27.72
7293650,40.3,27.72
7293952,39.3,27.72
7294254,40.3,27.72
7294556,39.3,27.72
7294858,40.3,27.72
7295160,39.3,27.72
7295462,40.3,27.71
7295764,40.3,27.71
7296066,40.3,27.72
7296368,40.3,27.72
7296670,40.3,27.71
7296972,40.3,27.72
7297274,40.3,27.71
7297576,40.3,27.71
7297878,40.3,27.71
7298180,40.3,27.72
7298482,40.3,27.71
7298784,39.3,27.71
7299086,39.3,27.72
7299388,40.3,27.71
7299690,40.3,27.71
7299992,40.3,27.71
7300294,40.3,27.71
7300596,40.3,27.72
7300898,40.3,27.72
7301200,40.3,27.71
7301502,40.3,27.72
7301804,40.3,27.72
7302106,40.3,27.72
7302408,40.3,27.71
7302710,40.3,27.71
7303012,40.3,27.72
7303314,39.3,27.71
7303616,40.3,27.72
7303918,40.3,27.71
7304220,40.3,27.72
7304522,39.3,27.72
7304824,39.3,27.72
7305126,39.3,27.71
7305428,39.3,27.72
7305730,40.3,27.71
7306032,40.3,27.71
7306334,40.3,27.71
7306636,39.3,27.72
7306938,40.3,27.71
7307240,40.3,27.72
7307542,40.3,27.72
7307844,39.3,27.72
7308146,40.3,27.72
7308448,40.3,27.72
7308750,40.3,27.72
7309052,39.3,27.72
7309354,39.3,27.72
7309656,39.3,27.72
7309958,39.3,27.72
7310260,40.3,27.72
7310562,40.3,27.72
7310864,39.3,27.72
7311166,40.3,27.72
7311468,39.3,27.72
7311770,39.3,27.72
7312072,39.3,27.72
7312374,40.3,27.71
7312676,39.3,27.71
7312978,39.3,27.72
7313280,40.3,27.72
7313582,40.3,27.71
7313884,40.3,27.72
7314186,40.3,27.71
7314488,40.3,27.71
7314790,39.3,27.72
7315092,40.3,27.71
7315394,39.3,27.72
7315696,40.3,27.72
7315998,40.3,27.71
7316300,39.3,27.71
7316602,39.3,27.71
7316904,40.3,27.71
7317206,39.3,27.71
7317508,40.3,27.71
7317810,40.3,27.70
7318112,40.3,27.71
7318414,40.3,27.71
7318716,40.3,27.71
7319018,40.3,27.71
7319320,40.3,27.71
7319622,39.3,27.71
7319924,40.3,27.71
7320226,40.3,27.71
7320528,40.3,27.72
7320830,40.3,27.71
7321132,40.3,27.71
7321434,40.3,27.71
7321736,40.3,27.71
7322038,40.3,27.72
7322340,40.3,27.71
7322642,40.3,27.71
7322944,40.3,27.71
7323246,40.3,27.71
7323548,40.3,27.71
7323850,40.3,27.71
7324152,40.3,27.71
7324454,39.3,27.71
7324756,40.3,27.72
7325058,40.3,27.71
7325360,40.3,27.71
7325662,39.3,27.71
7325964,40.3,27.71
7326266,40.3,27.71
7326568,40.3,27.72
7326870,40.3,27.71
7327172,40.3,27.71
7327474,40.3,27.71
7327776,40.3,27.72
7328078,40.3,27.72
7328380,40.3,27.72
7328682,40.3,27.72
7328984,40.3,27.72
7329286,40.3,27.72
7329588,40.3,27.72
7329890,40.3,27.72
7330192,40.3,27.72
7330494,40.3,27.72
7330796,40.3,27.71
7331098,40.3,27.71
7331400,40.3,27.72
7331702,40.3,27.71
7332004,40.3,27.71
7332306,40.3,27.72
7332608,40.3,27.71
7332910,40.3,27.72
7333212,40.3,27.72
7333514,40.3,27.72
7333816,40.3,27.72
7334118,39.3,27.72
7334420,39.3,27.72
7334722,39.3,27.72
7335024,40.3,27.72
7335326,40.3,27.72
7335628,40.3,27.72
7335930,40.3,27.72
7336232,40.3,27.72
7336534,40.3,27.72
7336836,40.3,27.72
7337138,39.3,27.72
7337440,40.3,27.72
7337742,40.3,27.71
7338044,40.3,27.72
7338346,40.3,27.71
7338648,40.3,27.71
7338950,40.3,27.71
7339252,40.3,27.71
7339554,40.3,27.71
7339856,40.3,27.71
7340158,40.3,27.71
7340460,40.3,27.71
7340762,40.3,27.72
7341064,39.3,27.72
7341366,39.3,27.71
7341668,39.3,27.71
7341970,40.3,27.71
7342272,40.3,27.72
7342574,39.3,27.71
7342876,39.3,27.71
7343178,39.3,27.71
7343480,40.3,27.71
7343782,39.3,27.71
7344084,39.3,27.71
7344386,40.3,27.71
7344688,40.3,27.72
7344990,40.3,27.71
7345292,40.3,27.71
7345594,39.3,27.71
7345896,40.3,27.71
7346198,39.3,27.72
7346500,39.3,27.72
7346802,40.3,27.72
7347104,40.3,27.71
7347406,40.3,27.71
7347708,39.3,27.71
7348010,39.3,27.71
7348312,40.3,27.71
7348614,40.3,27.71
7348916,40.3,27.71
7349218,40.3,27.71
7349520,40.3,27.71
7349822,40.3,27.71
7350124,40.3,27.71
7350426,40.3,27.71
7350728,40.3,27.71
7351030,40.3,27.71
7351332,40.3,27.71
7351634,40.3,27.71
7351936,39.3,27.71
7352238,39.3,27.71
7352540,39.3,27.71
7352842,40.3,27.71
7353144,39.3,27.71
7353446,39.3,27.71
7353748,40.3,27.71
7354050,40.3,27.71
7354352,40.3,27.71
7354654,40.3,27.71
7354956,40.3,27.71
7355258,40.3,27.71
7355560,40.3,27.71
7355862,40.3,27.71
7356164,40.3,27.71
7356466,40.3,27.71
7356768,40.3,27.71
7357070,40.3,27.71
7357372,40.3,27.71
7357674,40.3,27.71
7357976,40.3,27.71
7358278,40.3,27.71
7358580,40.3,27.71
7358882,40.3,27.71
7359184,40.3,27.71
7359486,40.3,27.71
7359788,40.3,27.71
7360090,40.3,27.71
7360392,40.3,27.71
7360694,40.3,27.71
7360996,39.3,27.71
7361298,39.3,27.71
7361600,40.3,27.70
7361902,40.3,27.70
7362204,40.3,27.70
7362506,40.3,27.70
7362808,39.3,27.71
7363110,39.3,27.71
7363412,39.3,27.70
7363714,39.3,27.71
7364016,39.3,27.71
7364318,39.3,27.71
7364620,40.3,27.71
7364922,40.3,27.71
7365224,40.3,27.71
7365526,39.3,27.71
7365828,39.3,27.71
7366130,39.3,27.71
7366432,39.3,27.70
7366734,39.3,27.70
7367036,39.3,27.71
7367338,40.3,27.71
7367640,40.3,27.71
7367942,40.3,27.70
7368244,39.3,27.71
7368546,40.3,27.71
7368848,40.3,27.71
7369150,40.3,27.71
7369452,40.3,27.71
7369754,40.3,27.70
7370056,40.3,27.70
7370358,40.3,27.70
7370660,39.3,27.70
7370962,40.3,27.70
7371264,39.3,27.70
7371566,40.3,27.70
7371868,40.3,27.70
7372170,40.3,27.71
7372472,39.3,27.71
7372774,40.3,27.70
7373076,39.3,27.70
7373378,40.3,27.71
7373680,40.3,27.70
7373982,40.3,27.70
7374284,40.3,27.70
7374586,40.3,27.71
7374888,40.3,27.70
7375190,40.3,27.70
7375492,40.3,27.70
7375794,39.3,27.70
7376096,40.3,27.70
7376398,40.3,27.70
7376700,40.3,27.70
7377002,39.3,27.70
7377304,39.3,27.70
7377606,39.3,27.70
7377908,40.3,27.70
7378210,40.3,27.70
7378512,40.3,27.70
7378814,40.3,27.70
7379116,40.3,27.70
7379418,40.3,27.70
7379720,40.3,27.70
7380022,40.3,27.70
7380324,40.3,27.70
7380626,40.3,27.70
7380928,39.3,27.70
7381230,39.3,27.70
7381532,39.3,27.70
7381834,39.3,27.70
7382136,39.3,27.70
7382438,39.3,27.70
7382740,39.3,27.70
7383042,39.3,27.70
7383344,40.3,27.70
7383646,40.3,27.70
7383948,40.3,27.70
7384250,40.3,27.70
7384552,40.3,27.70
7384854,40.3,27.70
7385156,40.3,27.70
7385458,40.3,27.70
7385760,40.3,27.70
7386062,39.3,27.70
7386364,39.3,27.69
7386666,39.3,27.69
7386968,39.3,27.69
7387270,40.3,27.69
7387572,39.3,27.69
7387874,39.3,27.70
7388176,39.3,27.70
7388478,40.3,27.69
7388780,40.3,27.70
7389082,40.3,27.69
7389384,40.3,27.70
7389686,40.3,27.69
7389988,40.3,27.69
7390290,40.3,27.69
7390592,39.3,27.68
7390894,40.3,27.68
7391196,39.3,27.68
7391498,40.3,27.68
7391800,40.3,27.68
7392102,39.3,27.68
7392404,39.3,27.68
7392706,39.3,27.68
7393008,40.3,27.68
7393310,39.3,27.68
7393612,39.3,27.68
7393914,39.3,27.68
7394216,39.3,27.68
7394518,39.3,27.68
7394820,39.3,27.68
7395122,39.3,27.68
7395424,39.3,27.68
7395726,40.3,27.67
7396028,39.3,27.67
7396330,39.3,27.68
7396632,39.3,27.67
7396934,39.3,27.68
7397236,39.3,27.67
7397538,40.3,27.67
7397840,40.3,27.67
7398142,40.3,27.67
7398444,39.3,27.67
7398746,39.3,27.67
7399048,40.3,27.67
7399350,39.3,27.67
7399652,39.3,27.66
7399954,39.3,27.66
7400256,39.3,27.67
7400558,40.3,27.67
7400860,40.3,27.67
7401162,40.3,27.67
7401464,40.3,27.67
7401766,40.3,27.67
7402068,40.3,27.67
7402370,40.3,27.67
7402672,40.3,27.66
7402974,40.3,27.66
7403276,40.3,27.66
7403578,40.3,27.66
7403880,40.3,27.66
7404182,39.3,27.66
7404484,39.3,27.66
7404786,40.3,27.66
7405088,40.3,27.66
7405390,39.3,27.66
7405692,39.3,27.66
7405994,39.3,27.66
7406296,39.3,27.66
7406598,39.3,27.65
7406900,39.3,27.66
7407202,39.3,27.65
7407504,39.3,27.65
7407806,39.3,27.66
7408108,39.3,27.66
7408410,39.3,27.65
7408712,39.3,27.65
7409014,40.3,27.65
7409316,39.3,27.66
7409618,39.3,27.65
7409920,39.3,27.65
7410222,39.3,27.66
7410524,39.3,27.66
7410826,39.3,27.65
7411128,39.3,27.65
7411430,39.3,27.65
7411732,40.3,27.65
7412034,39.3,27.65
7412336,39.3,27.66
7412638,40.3,27.66
7412940,40.3,27.66
7413242,40.3,27.66
7413544,39.3,27.66
7413846,40.3,27.66
7414148,40.3,27.66
7414450,40.3,27.66
7414752,40.3,27.66
7415054,40.3,27.66
7415356,39.3,27.66
7415658,39.3,27.66
7415960,39.3,27.66
7416262,39.3,27.66
7416564,39.3,27.65
7416866,39.3,27.66
7417168,40.3,27.65
7417470,40.3,27.66
7417772,40.3,27.66
7418074,40.3,27.66
7418376,40.3,27.66
7418678,40.3,27.65
7418980,40.3,27.66
7419282,40.3,27.66
7419584,40.3,27.66
7419886,39.3,27.66
7420188,39.3,27.66
7420490,39.3,27.66
7420792,39.3,27.66
7421094,40.3,27.66
7421396,40.3,27.66
7421698,40.3,27.66
7422000,40.3,27.66
7422302,40.3,27.66
7422604,40.3,27.66
7422906,40.3,27.66
7423208,40.3,27.66
7423510,40.3,27.66
7423812,40.3,27.66
7424114,39.3,27.66
7424416,39.3,27.66
7424718,39.3,27.66
7425020,40.3,27.66
7425322,40.3,27.66
7425624,40.3,27.66
7425926,39.3,27.65
7426228,40.3,27.65
7426530,40.3,27.65
7426832,40.3,27.66
7427134,39.3,27.65
7427436,39.3,27.65
7427738,39.3,27.66
7428040,39.3,27.65
7428342,39.3,27.65
7428644,39.3,27.65
7428946,39.3,27.66
7429248,39.3,27.66
7429550,39.3,27.66
7429852,40.3,27.65
7430154,39.3,27.65
7430456,40.3,27.66
7430758,40.3,27.66
7431060,40.3,27.65
7431362,39.3,27.65
7431664,39.3,27.65
7431966,39.3,27.65
7432268,40.3,27.65
7432570,40.3,27.65
7432872,39.3,27.65
7433174,40.3,27.65
7433476,40.3,27.65
7433778,40.3,27.65
7434080,40.3,27.65
7434382,40.3,27.65
7434684,39.3,27.66
7434986,39.3,27.66
7435288,39.3,27.65
7435590,39.3,27.65
7435892,39.3,27.66
7436194,40.3,27.66
7436496,39.3,27.66
7436798,40.3,27.65
7437100,39.3,27.65
7437402,39.3,27.65
7437704,39.3,27.65
7438006,39.3,27.66
7438308,39.3,27.66
7438610,39.3,27.66
7438912,39.3,27.65
7439214,39.3,27.66
7439516,39.3,27.65
7439818,40.3,27.65
7440120,39.3,27.65
7440422,39.3,27.65
7440724,39.3,27.65
7441026,39.3,27.65
7441328,40.3,27.65
7441630,40.3,27.65
7441932,39.3,27.64
7442234,39.3,27.64
7442536,40.3,27.64
7442838,39.3,27.64
7443140,39.3,27.64
7443442,39.3,27.64
7443744,39.3,27.63
7444046,39.3,27.63
7444348,39.3,27.63
7444650,39.3,27.64
7444952,39.3,27.64
7445254,39.3,27.64
7445556,40.3,27.63
7445858,40.3,27.64
7446160,40.3,27.64
7446462,40.3,27.64
7446764,39.3,27.63
7447066,39.3,27.64
7447368,39.3,27.63
7447670,39.3,27.63
7447972,39.3,27.63
7448274,39.3,27.64
7448576,40.3,27.63
7448878,40.3,27.63
7449180,40.3,27.63
7449482,40.3,27.64
7449784,39.3,27.63
7450086,39.3,27.63
7450388,40.3,27.63
7450690,40.3,27.63
7450992,39.3,27.63
7451294,39.3,27.63
7451596,39.3,27.63
7451898,39.3,27.63
7452200,39.3,27.63
7452502,39.3,27.63
7452804,39.3,27.63
7453106,39.3,27.63
7453408,39.3,27.63
7453710,39.3,27.63
7454012,40.3,27.63
7454314,40.3,27.63
7454616,39.3,27.63
7454918,39.3,27.62
7455220,40.3,27.62
7455522,40.3,27.62
7455824,40.3,27.62
7456126,39.3,27.62
7456428,39.3,27.62
7456730,39.3,27.62
7457032,39.3,27.62
7457334,39.3,27.62
7457636,39.3,27.62
7457938,40.3,27.62
7458240,39.3,27.62
7458542,39.3,27.62
7458844,39.3,27.62
7459146,39.3,27.62
7459448,39.3,27.62
7459750,40.3,27.62
7460052,40.3,27.62
7460354,40.3,27.62
7460656,40.3,27.62
7460958,40.3,27.61
7461260,40.3,27.61
7461562,40.3,27.61
7461864,40.3,27.61
7462166,39.3,27.61
7462468,39.3,27.61
7462770,39.3,27.61
7463072,39.3,27.61
7463374,39.3,27.61
7463676,39.3,27.61
7463978,39.3,27.61
7464280,40.3,27.61
7464582,40.3,27.61
7464884,40.3,27.61
7465186,40.3,27.60
7465488,40.3,27.60
7465790,40.3,27.61
7466092,39.3,27.60
7466394,39.3,27.60
7466696,39.3,27.61
7466998,39.3,27.61
7467300,39.3,27.61
7467602,39.3,27.61
7467904,40.3,27.61
7468206,40.3,27.61
7468508,40.3,27.61
7468810,40.3,27.61
7469112,40.3,27.61
7469414,40.3,27.61
7469716,40.3,27.61
7470018,40.3,27.60
7470320,40.3,27.61
7470622,40.3,27.61
7470924,40.3,27.60
7471226,39.3,27.61
7471528,39.3,27.61
7471830,39.3,27.61
7472132,39.3,27.61
7472434,40.3,27.61
7472736,40.3,27.61
7473038,39.3,27.61
7473340,39.3,27.61
7473642,40.3,27.61
7473944,40.3,27.61
7474246,40.3,27.61
7474548,40.3,27.61
7474850,40.3,27.61
7475152,40.3,27.61
7475454,40.3,27.61
7475756,40.3,27.61
7476058,40.3,27.61
7476360,40.3,27.61
7476662,40.3,27.61
7476964,40.3,27.61
7477266,40.3,27.61
7477568,40.3,27.61
7477870,40.3,27.61
7478172,40.3,27.61
7478474,40.3,27.61
7478776,40.3,27.60
7479078,39.3,27.60
7479380,39.3,27.61
7479682,39.3,27.60
7479984,39.3,27.61
7480286,39.3,27.61
7480588,39.3,27.61
7480890,39.3,27.61
7481192,39.3,27.60
7481494,39.3,27.60
7481796,39.3,27.61
7482098,39.3,27.60
7482400,39.3,27.60
7482702,39.3,27.60
7483004,39.3,27.60
7483306,39.3,27.60
7483608,40.3,27.60
7483910,40.3,27.61
7484212,40.3,27.60
7484514,40.3,27.60
7484816,39.3,27.60
7485118,40.3,27.60
7485420,40.3,27.60
7485722,40.3,27.60
7486024,39.3,27.60
7486326,40.3,27.60
7486628,40.3,27.61
7486930,39.3,27.60
7487232,39.3,27.60
7487534,39.3,27.60
7487836,40.3,27.59
7488138,40.3,27.59
7488440,40.3,27.60
7488742,40.3,27.59
7489044,40.3,27.60
7489346,40.3,27.60
7489648,39.3,27.59
7489950,40.3,27.60
7490252,40.3,27.60
7490554,40.3,27.59
7490856,40.3,27.59
7491158,40.3,27.59
7491460,39.3,27.60
7491762,39.3,27.59
7492064,39.3,27.59
7492366,39.3,27.59
7492668,39.3,27.59
7492970,39.3,27.59
7493272,39.3,27.59
7493574,39.3,27.60
7493876,39.3,27.59
7494178,39.3,27.59
7494480,39.3,27.60
7494782,39.3,27.60
7495084,39.3,27.60
7495386,40.3,27.59
7495688,40.3,27.59
7495990,40.3,27.59
7496292,39.3,27.59
7496594,39.3,27.60
7496896,39.3,27.59
7497198,40.3,27.59
7497500,40.3,27.59
7497802,40.3,27.60
7498104,39.3,27.59
7498406,39.3,27.59
7498708,39.3,27.60
7499010,40.3,27.59
7499312,39.3,27.59
7499614,39.3,27.60
7499916,39.3,27.59
7500218,40.3,27.60
7500520,39.3,27.60
7500822,39.3,27.60
7501124,39.3,27.60
7501426,39.3,27.60
7501728,39.3,27.60
7502030,39.3,27.59
7502332,39.3,27.60
7502634,39.3,27.60
7502936,39.3,27.59
7503238,39.3,27.60
7503540,39.3,27.60
7503842,39.3,27.60
7504144,39.3,27.60
7504446,40.3,27.60
7504748,40.3,27.60
7505050,40.3,27.60
7505352,39.3,27.60
7505654,39.3,27.60
7505956,40.3,27.60
7506258,39.3,27.60
7506560,39.3,27.60
7506862,39.3,27.60
7507164,39.3,27.60
7507466,40.3,27.60
7507768,40.3,27.60
7508070,39.3,27.60
7508372,39.3,27.60
7508674,40.3,27.60
7508976,39.3,27.59
7509278,39.3,27.60
7509580,39.3,27.60
7509882,39.3,27.60
7510184,39.3,27.60
7510486,39.3,27.60
7510788,39.3,27.59
7511090,39.3,27.59
7511392,39.3,27.59
7511694,39.3,27.60
7511996,39.3,27.60
7512298,39.3,27.60
7512600,39.3,27.60
7512902,39.3,27.60
7513204,39.3,27.60
7513506,39.3,27.59
7513808,39.3,27.59
7514110,39.3,27.59
7514412,39.3,27.59
7514714,39.3,27.59
7515016,39.3,27.59
7515318,39.3,27.59
7515620,39.3,27.59
7515922,39.3,27.59
7516224,39.3,27.59
7516526,39.3,27.59
7516828,39.3,27.60
7517130,39.3,27.59
7517432,40.3,27.59
7517734,39.3,27.59
7518036,39.3,27.59
7518338,39.3,27.59
7518640,39.3,27.60
7518942,39.3,27.60
7519244,39.3,27.59
7519546,40.3,27.60
7519848,39.3,27.59
7520150,39.3,27.59
7520452,40.3,27.59
7520754,40.3,27.59
7521056,39.3,27.59
7521358,39.3,27.59
7521660,39.3,27.59
7521962,39.3,27.59
7522264,40.3,27.59
7522566,40.3,27.59
7522868,40.3,27.60
7523170,40.3,27.59
7523472,39.3,27.60
7523774,39.3,27.59
7524076,39.3,27.59
7524378,39.3,27.60
7524680,39.3,27.60
7524982,39.3,27.60
7525284,39.3,27.60
7525586,39.3,27.59
7525888,39.3,27.59
7526190,39.3,27.59
7526492,39.3,27.59
7526794,39.3,27.59
7527096,39.3,27.60
7527398,39.3,27.60
7527700,39.3,27.59
7528002,39.3,27.60
7528304,39.3,27.60
7528606,39.3,27.60
7528908,39.3,27.59
7529210,39.3,27.60
7529512,39.3,27.59
7529814,40.3,27.59
7530116,40.3,27.59
7530418,39.3,27.59
7530720,39.3,27.59
7531022,39.3,27.59
7531324,39.3,27.59
7531626,39.3,27.59
7531928,39.3,27.59
7532230,39.3,27.59
7532532,39.3,27.59
7532834,39.3,27.59
7533136,39.3,27.59
7533438,39.3,27.59
7533740,39.3,27.59
7534042,39.3,27.60
7534344,39.3,27.59
7534646,39.3,27.59
7534948,39.3,27.59
7535250,39.3,27.59
7535552,39.3,27.59
7535854,39.3,27.59
7536156,39.3,27.59
7536458,39.3,27.59
7536760,39.3,27.59
7537062,39.3,27.59
7537364,39.3,27.59
7537666,39.3,27.59
7537968,39.3,27.59
7538270,39.3,27.59
7538572,39.3,27.59
7538874,39.3,27.59
7539176,39.3,27.59
7539478,39.3,27.59
7539780,39.3,27.59
7540082,39.3,27.59
7540384,39.3,27.58
7540686,39.3,27.59
7540988,39.3,27.59
7541290,39.3,27.59
7541592,39.3,27.59
7541894,39.3,27.59
7542196,39.3,27.58
7542498,39.3,27.59
7542800,39.3,27.58
7543102,39.3,27.58
7543404,40.3,27.58
7543706,40.3,27.58
7544008,39.3,27.58
7544310,39.3,27.58
7544612,39.3,27.58
7544914,39.3,27.58
7545216,39.3,27.58
7545518,39.3,27.58
7545820,39.3,27.58
7546122,39.3,27.58
7546424,39.3,27.58
7546726,39.3,27.58
7547028,39.3,27.58
7547330,39.3,27.58
7547632,39.3,27.58
7547934,39.3,27.58
7548236,39.3,27.58
7548538,39.3,27.58
7548840,39.3,27.58
7549142,39.3,27.57
7549444,39.3,27.58
7549746,39.3,27.58
7550048,39.3,27.58
7550350,39.3,27.57
7550652,39.3,27.58
7550954,39.3,27.57
7551256,39.3,27.57
7551558,39.3,27.57
7551860,39.3,27.57
7552162,39.3,27.57
7552464,39.3,27.57
7552766,39.3,27.57
7553068,40.3,27.57
7553370,39.3,27.57
7553672,39.3,27.58
7553974,40.3,27.58
7554276,40.3,27.57
7554578,39.3,27.57
7554880,39.3,27.57
7555182,39.3,27.58
7555484,40.3,27.57
7555786,39.3,27.58
7556088,40.3,27.58
7556390,40.3,27.57
7556692,39.3,27.57
7556994,39.3,27.57
7557296,39.3,27.57
7557598,39.3,27.57
7557900,39.3,27.57
7558202,39.3,27.57
7558504,39.3,27.57
7558806,39.3,27.57
7559108,39.3,27.57
7559410,39.3,27.57
7559712,40.3,27.57
7560014,40.3,27.57
7560316,40.3,27.57
7560618,40.3,27.57
7560920,39.3,27.57
7561222,39.3,27.57
7561524,39.3,27.57
7561826,39.3,27.56
7562128,39.3,27.57
7562430,39.3,27.57
7562732,39.3,27.57
7563034,39.3,27.57
7563336,39.3,27.56
7563638,39.3,27.56
7563940,39.3,27.56
7564242,39.3,27.56
7564544,39.3,27.55
7564846,39.3,27.56
7565148,39.3,27.56
7565450,39.3,27.55
7565752,39.3,27.56
7566054,39.3,27.56
7566356,40.3,27.56
7566658,39.3,27.56
7566960,40.3,27.56
7567262,39.3,27.56
7567564,39.3,27.56
7567866,39.3,27.55
7568168,39.3,27.56
7568470,39.3,27.56
7568772,39.3,27.56
7569074,39.3,27.56
7569376,40.3,27.56
7569678,40.3,27.55
7569980,39.3,27.55
7570282,39.3,27.55
7570584,39.3,27.55
7570886,39.3,27.55
7571188,39.3,27.55
7571490,39.3,27.55
7571792,39.3,27.55
7572094,40.3,27.55
7572396,39.3,27.55
7572698,39.3,27.55
7573000,39.3,27.55
7573302,40.3,27.55
7573604,40.3,27.55
7573906,40.3,27.54
7574208,40.3,27.55
7574510,39.3,27.54
7574812,39.3,27.54
7575114,39.3,27.54
7575416,39.3,27.54
7575718,39.3,27.54
7576020,39.3,27.55
7576322,39.3,27.54
7576624,39.3,27.54
7576926,39.3,27.54
7577228,39.3,27.54
7577530,39.3,27.54
7577832,39.3,27.54
7578134,39.3,27.54
7578436,39.3,27.54
7578738,39.3,27.54
7579040,39.3,27.54
7579342,39.3,27.54
7579644,39.3,27.54
7579946,40.3,27.54
7580248,40.3,27.54
7580550,40.3,27.54
7580852,40.3,27.54
7581154,40.3,27.54
7581456,39.3,27.54
7581758,39.3,27.54
7582060,39.3,27.54
7582362,39.3,27.53
7582664,39.3,27.54
7582966,39.3,27.54
7583268,39.3,27.53
7583570,39.3,27.53
7583872,40.3,27.54
7584174,40.3,27.53
7584476,39.3,27.53
7584778,39.3,27.53
7585080,39.3,27.53
7585382,39.3,27.53
7585684,39.3,27.53
7585986,39.3,27.54
7586288,39.3,27.54
7586590,39.3,27.53
7586892,39.3,27.53
7587194,39.3,27.53
7587496,39.3,27.53
7587798,39.3,27.53
7588100,39.3,27.54
7588402,40.3,27.53
7588704,40.3,27.54
7589006,40.3,27.54
7589308,39.3,27.54
7589610,39.3,27.54
7589912,39.3,27.54
7590214,39.3,27.55
7590516,39.3,27.54
7590818,39.3,27.54
7591120,39.3,27.54
7591422,40.3,27.54
7591724,40.3,27.54
7592026,40.3,27.54
7592328,40.3,27.54
7592630,40.3,27.54
7592932,40.3,27.54
7593234,40.3,27.54
7593536,39.3,27.54
7593838,39.3,27.54
7594140,39.3,27.54
7594442,39.3,27.54
7594744,39.3,27.55
7595046,39.3,27.55
7595348,39.3,27.55
7595650,39.3,27.55
7595952,39.3,27.55
7596254,39.3,27.55
7596556,40.3,27.55
7596858,39.3,27.55
7597160,39.3,27.55
7597462,40.3,27.55
7597764,40.3,27.55
7598066,40.3,27.55
7598368,39.3,27.55
7598670,39.3,27.55
7598972,39.3,27.55
7599274,39.3,27.55
7599576,39.3,27.55
7599878,39.3,27.55
7600180,39.3,27.55
7600482,39.3,27.55
7600784,39.3,27.55
7601086,39.3,27.55
7601388,39.3,27.55
7601690,39.3,27.54
7601992,39.3,27.55
7602294,39.3,27.55
7602596,40.3,27.55
7602898,39.3,27.55
7603200,39.3,27.55
7603502,39.3,27.55
7603804,39.3,27.55
7604106,39.3,27.54
7604408,39.3,27.54
7604710,40.3,27.55
7605012,40.3,27.54
7605314,40.3,27.54
7605616,40.3,27.54
7605918,40.3,27.54
7606220,39.3,27.54
7606522,39.3,27.54
7606824,39.3,27.54
7607126,39.3,27.54
7607428,39.3,27.54
7607730,39.3,27.54
7608032,39.3,27.54
7608334,39.3,27.54
7608636,38.3,27.55
7608938,39.3,27.54
7609240,39.3,27.55
7609542,39.3,27.55
7609844,39.3,27.54
7610146,39.3,27.55
7610448,39.3,27.55
7610750,39.3,27.54
7611052,39.3,27.55
7611354,39.3,27.55
7611656,39.3,27.55
7611958,39.3,27.55
7612260,39.3,27.55
7612562,39.3,27.55
7612864,39.3,27.55
7613166,39.3,27.55
7613468,39.3,27.55
7613770,39.3,27.55
7614072,39.3,27.54
7614374,39.3,27.55
7614676,39.3,27.55
7614978,39.3,27.55
7615280,39.3,27.54
7615582,39.3,27.55
7615884,39.3,27.55
7616186,40.3,27.55
7616488,39.3,27.55
7616790,39.3,27.55
7617092,39.3,27.55
7617394,39.3,27.55
7617696,40.3,27.54
7617998,39.3,27.54
7618300,39.3,27.54
7618602,39.3,27.54
7618904,40.3,27.55
7619206,39.3,27.54
7619508,39.3,27.54
7619810,39.3,27.54
7620112,39.3,27.54
7620414,39.3,27.55
7620716,39.3,27.54
7621018,39.3,27.55
7621320,39.3,27.54
7621622,39.3,27.54
7621924,39.3,27.54
7622226,39.3,27.54
7622528,39.3,27.54
7622830,39.3,27.54
7623132,39.3,27.54
7623434,39.3,27.54
7623736,39.3,27.54
7624038,40.3,27.54
7624340,40.3,27.55
7624642,40.3,27.54
7624944,40.3,27.54
7625246,40.3,27.54
7625548,40.3,27.54
7625850,39.3,27.54
7626152,39.3,27.54
7626454,39.3,27.54
7626756,39.3,27.54
7627058,39.3,27.54
7627360,39.3,27.55
7627662,39.3,27.55
7627964,39.3,27.54
7628266,39.3,27.55
7628568,39.3,27.54
7628870,39.3,27.54
7629172,40.3,27.55
7629474,39.3,27.54
7629776,39.3,27.54
7630078,39.3,27.55
7630380,39.3,27.54
7630682,39.3,27.54
7630984,39.3,27.54
7631286,39.3,27.54
7631588,39.3,27.55
7631890,39.3,27.55
7632192,39.3,27.54
7632494,39.3,27.55
7632796,39.3,27.55
7633098,39.3,27.55
7633400,39.3,27.55
7633702,39.3,27.55
7634004,39.3,27.55
7634306,40.3,27.55
7634608,39.3,27.55
7634910,39.3,27.55
7635212,39.3,27.55
7635514,39.3,27.55
7635816,39.3,27.55
7636118,39.3,27.55
7636420,39.3,27.55
7636722,39.3,27.55
7637024,39.3,27.55
7637326,39.3,27.55
7637628,40.3,27.55
7637930,40.3,27.55
7638232,40.3,27.55
7638534,39.3,27.56
7638836,39.3,27.55
7639138,39.3,27.55
7639440,39.3,27.55
7639742,39.3,27.55
7640044,39.3,27.55
7640346,39.3,27.56
7640648,39.3,27.56
7640950,39.3,27.56
7641252,39.3,27.56
7641554,39.3,27.56
7641856,39.3,27.56
7642158,39.3,27.56
7642460,39.3,27.56
7642762,39.3,27.57
7643064,39.3,27.57
7643366,39.3,27.56
7643668,39.3,27.56
7643970,39.3,27.57
7644272,39.3,27.56
7644574,39.3,27.56
7644876,39.3,27.56
7645178,39.3,27.56
7645480,39.3,27.56
7645782,39.3,27.56
7646084,39.3,27.56
7646386,39.3,27.56
7646688,39.3,27.56
7646990,39.3,27.57
7647292,39.3,27.56
7647594,39.3,27.56
7647896,39.3,27.56
7648198,39.3,27.57
7648500,39.3,27.57
7648802,39.3,27.57
7649104,39.3,27.57
7649406,39.3,27.57
7649708,39.3,27.57
7650010,39.3,27.57
7650312,39.3,27.57
7650614,39.3,27.57
7650916,39.3,27.57
7651218,39.3,27.57
7651520,39.3,27.56
7651822,39.3,27.57
7652124,39.3,27.56
7652426,39.3,27.56
7652728,39.3,27.56
7653030,39.3,27.57
7653332,39.3,27.56
7653634,39.3,27.56
7653936,39.3,27.56
7654238,39.3,27.56
7654540,39.3,27.55
7654842,39.3,27.56
7655144,39.3,27.55
7655446,39.3,27.56
7655748,39.3,27.55
7656050,39.3,27.55
7656352,39.3,27.55
7656654,39.3,27.55
7656956,39.3,27.54
7657258,39.3,27.55
7657560,39.3,27.55
7657862,39.3,27.54
7658164,39.3,27.55
7658466,39.3,27.55
7658768,39.3,27.55
7659070,39.3,27.55
7659372,39.3,27.54
7659674,39.3,27.55
7659976,40.3,27.54
7660278,39.3,27.54
7660580,40.3,27.55
7660882,40.3,27.54
7661184,40.3,27.55
7661486,39.3,27.55
7661788,39.3,27.54
7662090,39.3,27.55
7662392,39.3,27.55
7662694,39.3,27.55
7662996,39.3,27.55
7663298,39.3,27.55
7663600,39.3,27.55
7663902,39.3,27.55
7664204,39.3,27.55
7664506,39.3,27.55
7664808,39.3,27.55
7665110,39.3,27.55
7665412,39.3,27.55
7665714,39.3,27.54
7666016,39.3,27.55
7666318,39.3,27.54
7666620,40.3,27.55
7666922,40.3,27.54
7667224,39.3,27.54
7667526,39.3,27.54
7667828,39.3,27.54
7668130,40.3,27.54
7668432,40.3,27.54
7668734,40.3,27.54
7669036,40.3,27.54
7669338,40.3,27.54
7669640,40.3,27.54
7669942,39.3,27.54
7670244,39.3,27.54
7670546,39.3,27.54
7670848,39.3,27.54
7671150,39.3,27.54
7671452,39.3,27.54
7671754,40.3,27.54
7672056,40.3,27.54
7672358,40.3,27.54
7672660,39.3,27.54
7672962,39.3,27.54
7673264,39.3,27.54
7673566,39.3,27.53
7673868,39.3,27.53
7674170,39.3,27.53
7674472,39.3,27.53
7674774,39.3,27.54
7675076,39.3,27.53
7675378,39.3,27.53
7675680,39.3,27.53
7675982,39.3,27.54
7676284,39.3,27.54
7676586,39.3,27.53
7676888,39.3,27.53
7677190,39.3,27.54
7677492,39.3,27.54
7677794,39.3,27.54
7678096,39.3,27.54
7678398,39.3,27.54
7678700,39.3,27.54
7679002,39.3,27.54
7679304,39.3,27.53
7679606,39.3,27.54
7679908,39.3,27.53
7680210,39.3,27.54
7680512,39.3,27.54
7680814,39.3,27.53
7681116,39.3,27.53
7681418,39.3,27.53
7681720,39.3,27.54
7682022,39.3,27.53
7682324,40.3,27.54
7682626,40.3,27.53
7682928,40.3,27.53
7683230,39.3,27.53
7683532,39.3,27.54
7683834,39.3,27.53
7684136,39.3,27.53
7684438,40.3,27.53
7684740,40.3,27.53
7685042,39.3,27.53
7685344,39.3,27.53
7685646,39.3,27.53
7685948,39.3,27.53
7686250,39.3,27.53
7686552,39.3,27.53
7686854,39.3,27.53
7687156,39.3,27.53
7687458,39.3,27.53
7687760,39.3,27.53
7688062,39.3,27.53
7688364,39.3,27.53
7688666,39.3,27.53
7688968,39.3,27.53
7689270,39.3,27.53
7689572,39.3,27.53
7689874,39.3,27.53
7690176,39.3,27.54
7690478,39.3,27.53
7690780,39.3,27.53
7691082,39.3,27.53
7691384,40.3,27.53
7691686,39.3,27.54
7691988,39.3,27.53
7692290,39.3,27.53
7692592,40.3,27.53
7692894,40.3,27.53
7693196,40.3,27.53
7693498,40.3,27.53
7693800,39.3,27.53
7694102,39.3,27.53
7694404,39.3,27.53
7694706,40.3,27.53
7695008,39.3,27.53
7695310,39.3,27.53
7695612,39.3,27.53
7695914,39.3,27.53
7696216,39.3,27.53
7696518,39.3,27.53
7696820,39.3,27.53
7697122,39.3,27.53
7697424,39.3,27.53
7697726,40.3,27.53
7698028,40.3,27.54
7698330,40.3,27.53
7698632,39.3,27.53
7698934,39.3,27.53
7699236,39.3,27.53
7699538,39.3,27.53
7699840,39.3,27.53
7700142,39.3,27.53
7700444,39.3,27.53
7700746,39.3,27.53
7701048,39.3,27.53
7701350,39.3,27.53
7701652,39.3,27.54
7701954,39.3,27.53
7702256,39.3,27.53
7702558,39.3,27.53
7702860,39.3,27.53
7703162,40.3,27.53
7703464,40.3,27.53
7703766,40.3,27.53
7704068,39.3,27.53
7704370,39.3,27.54
7704672,39.3,27.53
7704974,39.3,27.53
7705276,39.3,27.53
7705578,38.3,27.53
7705880,39.3,27.53
7706182,39.3,27.53
7706484,39.3,27.53
7706786,39.3,27.53
7707088,39.3,27.53
7707390,39.3,27.53
7707692,39.3,27.53
7707994,39.3,27.53
7708296,39.3,27.53
7708598,39.3,27.53
7708900,39.3,27.53
7709202,40.3,27.53
7709504,40.3,27.53
7709806,40.3,27.53
7710108,39.3,27.53
7710410,39.3,27.53
7710712,39.3,27.53
7711014,40.3,27.53
7711316,39.3,27.54
7711618,39.3,27.54
7711920,39.3,27.53
7712222,40.3,27.54
7712524,40.3,27.53
7712826,39.3,27.54
7713128,39.3,27.54
7713430,40.3,27.53
7713732,39.3,27.53
7714034,40.3,27.54
7714336,40.3,27.53
7714638,40.3,27.53
7714940,39.3,27.54
7715242,40.3,27.53
7715544,40.3,27.54
7715846,40.3,27.53
7716148,39.3,27.54
7716450,40.3,27.53
7716752,39.3,27.54
7717054,40.3,27.54
7717356,40.3,27.53
7717658,40.3,27.54
7717960,40.3,27.54
7718262,39.3,27.53
7718564,39.3,27.53
7718866,39.3,27.54
7719168,39.3,27.54
7719470,39.3,27.54
7719772,39.3,27.54
7720074,39.3,27.53
7720376,39.3,27.53
7720678,39.3,27.54
7720980,39.3,27.53
7721282,39.3,27.53
7721584,39.3,27.53
7721886,39.3,27.53
7722188,39.3,27.54
7722490,39.3,27.53
7722792,39.3,27.53
7723094,39.3,27.53
7723396,39.3,27.53
7723698,39.3,27.53
7724000,39.3,27.53
7724302,39.3,27.53
7724604,39.3,27.53
7724906,40.3,27.53
7725208,39.3,27.53
7725510,40.3,27.53
7725812,40.3,27.52
7726114,40.3,27.53
7726416,39.3,27.53
7726718,39.3,27.52
7727020,39.3,27.52
7727322,39.3,27.52
7727624,39.3,27.53
7727926,39.3,27.52
7728228,39.3,27.52
7728530,39.3,27.53
7728832,39.3,27.52
7729134,39.3,27.52
7729436,39.3,27.52
7729738,39.3,27.52
7730040,39.3,27.52
7730342,39.3,27.52
7730644,39.3,27.52
7730946,39.3,27.52
7731248,39.3,27.52
7731550,39.3,27.52
7731852,39.3,27.52
7732154,39.3,27.51
7732456,39.3,27.51
7732758,39.3,27.51
7733060,39.3,27.52
7733362,39.3,27.52
7733664,39.3,27.52
7733966,39.3,27.52
7734268,39.3,27.52
7734570,39.3,27.52
7734872,39.3,27.52
7735174,39.3,27.52
7735476,39.3,27.52
7735778,39.3,27.52
7736080,39.3,27.52
7736382,39.3,27.52
7736684,39.3,27.52
7736986,39.3,27.52
7737288,39.3,27.51
7737590,40.3,27.52
7737892,40.3,27.52
7738194,39.3,27.52
7738496,39.3,27.51
7738798,39.3,27.51
7739100,39.3,27.52
7739402,39.3,27.51
7739704,39.3,27.52
7740006,39.3,27.51
7740308,39.3,27.52
7740610,39.3,27.52
7740912,39.3,27.51
7741214,39.3,27.52
7741516,39.3,27.52
7741818,40.3,27.51
7742120,40.3,27.52
7742422,40.3,27.51
7742724,40.3,27.51
7743026,39.3,27.51
7743328,39.3,27.52
7743630,39.3,27.51
7743932,39.3,27.52
7744234,40.3,27.51
7744536,40.3,27.51
7744838,39.3,27.51
7745140,39.3,27.51
7745442,39.3,27.51
7745744,39.3,27.51
7746046,39.3,27.51
7746348,39.3,27.52
7746650,39.3,27.51
7746952,39.3,27.51
7747254,39.3,27.51
7747556,39.3,27.51
7747858,39.3,27.51
7748160,39.3,27.51
7748462,39.3,27.51
7748764,39.3,27.51
7749066,39.3,27.50
7749368,39.3,27.50
7749670,39.3,27.51
7749972,39.3,27.50
7750274,39.3,27.50
7750576,39.3,27.50
7750878,39.3,27.50
7751180,39.3,27.50
7751482,39.3,27.50
7751784,39.3,27.50
7752086,39.3,27.50
7752388,39.3,27.50
7752690,39.3,27.50
7752992,39.3,27.50
7753294,39.3,27.50
7753596,39.3,27.50
7753898,39.3,27.50
7754200,39.3,27.50
7754502,39.3,27.50
7754804,40.3,27.50
7755106,40.3,27.50
7755408,39.3,27.50
7755710,39.3,27.49
7756012,40.3,27.50
7756314,39.3,27.50
7756616,39.3,27.50
7756918,39.3,27.50
7757220,39.3,27.50
7757522,39.3,27.49
7757824,39.3,27.49
7758126,39.3,27.50
7758428,39.3,27.50
7758730,39.3,27.49
7759032,39.3,27.49
7759334,39.3,27.49
7759636,39.3,27.49
7759938,39.3,27.49
7760240,40.3,27.49
7760542,39.3,27.48
7760844,39.3,27.49
7761146,40.3,27.48
7761448,39.3,27.49
7761750,39.3,27.49
7762052,39.3,27.49
7762354,39.3,27.49
7762656,39.3,27.48
7762958,40.3,27.49
7763260,39.3,27.48
7763562,40.3,27.48
7763864,39.3,27.48
7764166,39.3,27.48
7764468,39.3,27.48
7764770,39.3,27.48
7765072,39.3,27.49
7765374,39.3,27.49
7765676,39.3,27.49
7765978,39.3,27.49
7766280,39.3,27.49
7766582,39.3,27.49
7766884,39.3,27.49
7767186,39.3,27.49
7767488,39.3,27.49
7767790,39.3,27.49
7768092,40.3,27.49
7768394,40.3,27.49
7768696,39.3,27.49
7768998,39.3,27.49
7769300,39.3,27.49
7769602,39.3,27.49
7769904,39.3,27.49
7770206,39.3,27.49
7770508,39.3,27.49
7770810,39.3,27.48
7771112,39.3,27.48
7771414,39.3,27.49
7771716,39.3,27.49
7772018,39.3,27.49
7772320,39.3,27.48
7772622,39.3,27.48
7772924,39.3,27.49
7773226,39.3,27.48
7773528,39.3,27.48
7773830,39.3,27.48
7774132,39.3,27.48
7774434,39.3,27.48
7774736,39.3,27.48
7775038,39.3,27.48
7775340,40.3,27.48
7775642,39.3,27.48
7775944,39.3,27.48
7776246,39.3,27.48
7776548,39.3,27.48
7776850,39.3,27.48
7777152,39.3,27.48
7777454,39.3,27.48
7777756,39.3,27.48
7778058,39.3,27.48
7778360,39.3,27.48
7778662,38.3,27.49
7778964,39.3,27.48
7779266,39.3,27.48
7779568,39.3,27.48
7779870,39.3,27.48
7780172,39.3,27.49
7780474,39.3,27.48
7780776,39.3,27.49
7781078,39.3,27.49
7781380,39.3,27.49
7781682,39.3,27.49
7781984,39.3,27.49
7782286,39.3,27.48
7782588,39.3,27.48
7782890,39.3,27.49
7783192,39.3,27.48
7783494,39.3,27.48
7783796,39.3,27.48
7784098,39.3,27.48
7784400,39.3,27.49
7784702,39.3,27.49
7785004,39.3,27.49
7785306,39.3,27.49
7785608,39.3,27.49
7785910,39.3,27.49
7786212,39.3,27.49
7786514,39.3,27.49
7786816,39.3,27.48
7787118,39.3,27.49
7787420,39.3,27.49
7787722,39.3,27.49
7788024,39.3,27.49
7788326,39.3,27.49
7788628,39.3,27.49
7788930,39.3,27.49
7789232,39.3,27.49
7789534,39.3,27.49
7789836,39.3,27.49
7790138,39.3,27.49
7790440,39.3,27.49
7790742,39.3,27.49
7791044,39.3,27.49
7791346,39.3,27.49
7791648,39.3,27.49
7791950,39.3,27.49
7792252,39.3,27.49
7792554,39.3,27.48
7792856,39.3,27.49
7793158,39.3,27.48
7793460,39.3,27.48
7793762,39.3,27.48
7794064,39.3,27.48
7794366,39.3,27.48
7794668,39.3,27.48
7794970,39.3,27.48
7795272,39.3,27.48
7795574,39.3,27.48
7795876,39.3,27.48
7796178,39.3,27.48
7796480,39.3,27.49
7796782,39.3,27.48
7797084,39.3,27.48
7797386,39.3,27.48
7797688,39.3,27.48
7797990,39.3,27.48
7798292,39.3,27.48
7798594,39.3,27.48
7798896,39.3,27.48
7799198,39.3,27.48
7799500,39.3,27.48
7799802,39.3,27.48
7800104,39.3,27.48
7800406,39.3,27.48
7800708,39.3,27.48
7801010,39.3,27.48
7801312,39.3,27.49
7801614,39.3,27.48
7801916,39.3,27.49
7802218,39.3,27.49
7802520,39.3,27.49
7802822,39.3,27.49
7803124,39.3,27.49
7803426,39.3,27.49
7803728,39.3,27.48
7804030,39.3,27.48
7804332,39.3,27.48
7804634,39.3,27.48
7804936,39.3,27.48
7805238,39.3,27.48
7805540,39.3,27.48
7805842,39.3,27.48
7806144,39.3,27.48
7806446,39.3,27.48
7806748,39.3,27.48
7807050,39.3,27.48
7807352,39.3,27.48
7807654,39.3,27.48
7807956,39.3,27.48
7808258,39.3,27.48
7808560,39.3,27.48
7808862,39.3,27.48
7809164,39.3,27.48
7809466,39.3,27.48
7809768,39.3,27.48
7810070,39.3,27.48
7810372,39.3,27.48
7810674,39.3,27.48
7810976,39.3,27.48
7811278,39.3,27.48
7811580,39.3,27.48
7811882,39.3,27.48
7812184,39.3,27.48
7812486,39.3,27.48
7812788,39.3,27.48
7813090,39.3,27.48
7813392,39.3,27.48
7813694,39.3,27.48
7813996,39.3,27.48
7814298,39.3,27.48
7814600,39.3,27.48
7814902,39.3,27.48
7815204,39.3,27.48
7815506,39.3,27.48
7815808,39.3,27.48
7816110,39.3,27.48
7816412,39.3,27.48
7816714,39.3,27.48
7817016,39.3,27.47
7817318,39.3,27.47
7817620,39.3,27.48
7817922,39.3,27.47
7818224,39.3,27.48
7818526,39.3,27.48
7818828,39.3,27.48
7819130,39.3,27.48
7819432,39.3,27.48
7819734,39.3,27.48
7820036,39.3,27.48
7820338,39.3,27.48
7820640,39.3,27.47
7820942,39.3,27.47
7821244,39.3,27.48
7821546,40.3,27.48
7821848,39.3,27.48
7822150,39.3,27.47
7822452,39.3,27.47
7822754,39.3,27.48
7823056,39.3,27.48
7823358,39.3,27.48
7823660,39.3,27.48
7823962,39.3,27.48
7824264,39.3,27.48
7824566,39.3,27.48
7824868,39.3,27.48
7825170,39.3,27.49
7825472,39.3,27.48
7825774,39.3,27.49
7826076,39.3,27.48
7826378,39.3,27.49
7826680,39.3,27.49
7826982,39.3,27.49
7827284,39.3,27.49
7827586,39.3,27.49
7827888,39.3,27.49
7828190,39.3,27.49
7828492,39.3,27.48
7828794,39.3,27.49
7829096,39.3,27.48
7829398,39.3,27.49
7829700,39.3,27.49
7830002,39.3,27.49
7830304,39.3,27.49
7830606,39.3,27.49
7830908,39.3,27.49
7831210,39.3,27.49
7831512,39.3,27.49
7831814,39.3,27.50
7832116,39.3,27.49
7832418,39.3,27.50
7832720,39.3,27.49
7833022,39.3,27.49
7833324,39.3,27.50
7833626,39.3,27.50
7833928,39.3,27.50
7834230,39.3,27.50
7834532,39.3,27.50
7834834,39.3,27.50
7835136,39.3,27.50
7835438,39.3,27.50
7835740,39.3,27.50
7836042,39.3,27.50
7836344,39.3,27.50
7836646,39.3,27.49
7836948,39.3,27.50
7837250,39.3,27.50
7837552,39.3,27.50
7837854,39.3,27.50
7838156,39.3,27.50
7838458,39.3,27.50
7838760,39.3,27.50
7839062,39.3,27.50
7839364,39.3,27.50
7839666,39.3,27.50
7839968,40.3,27.49
7840270,39.3,27.49
7840572,39.3,27.49
7840874,39.3,27.49
7841176,39.3,27.50
7841478,39.3,27.50
7841780,39.3,27.50
7842082,39.3,27.49
7842384,39.3,27.50
7842686,39.3,27.50
7842988,39.3,27.50
7843290,39.3,27.50
7843592,39.3,27.50
7843894,39.3,27.50
7844196,38.3,27.50
7844498,39.3,27.50
7844800,39.3,27.50
7845102,39.3,27.50
7845404,39.3,27.50
7845706,39.3,27.50
7846008,39.3,27.50
7846310,38.3,27.50
7846612,39.3,27.50
7846914,39.3,27.51
7847216,39.3,27.51
7847518,39.3,27.51
7847820,39.3,27.50
7848122,39.3,27.51
7848424,39.3,27.51
7848726,39.3,27.51
7849028,39.3,27.51
7849330,39.3,27.51
7849632,39.3,27.51
7849934,39.3,27.51
7850236,39.3,27.51
7850538,39.3,27.51
7850840,39.3,27.51
7851142,39.3,27.51
7851444,39.3,27.51
7851746,39.3,27.51
7852048,39.3,27.51
7852350,40.3,27.51
7852652,39.3,27.51
7852954,39.3,27.51
7853256,39.3,27.51
7853558,39.3,27.51
7853860,39.3,27.51
7854162,39.3,27.52
7854464,39.3,27.51
7854766,39.3,27.51
7855068,39.3,27.51
7855370,39.3,27.52
7855672,39.3,27.51
7855974,39.3,27.52
7856276,39.3,27.51
7856578,39.3,27.51
7856880,39.3,27.51
7857182,39.3,27.52
7857484,39.3,27.52
7857786,39.3,27.51
7858088,39.3,27.51
7858390,40.3,27.51
7858692,39.3,27.51
7858994,39.3,27.52
7859296,40.3,27.51
7859598,39.3,27.52
7859900,39.3,27.51
7860202,39.3,27.51
7860504,39.3,27.51
7860806,39.3,27.51
7861108,39.3,27.51
7861410,39.3,27.51
7861712,39.3,27.51
7862014,39.3,27.51
7862316,39.3,27.50
7862618,39.3,27.51
7862920,39.3,27.50
7863222,39.3,27.51
7863524,39.3,27.50
7863826,39.3,27.51
7864128,39.3,27.51
7864430,39.3,27.50
7864732,39.3,27.51
7865034,39.3,27.50
7865336,39.3,27.50
7865638,39.3,27.50
7865940,39.3,27.50
7866242,39.3,27.50
7866544,39.3,27.50
7866846,39.3,27.50
7867148,39.3,27.49
7867450,39.3,27.50
7867752,39.3,27.49
7868054,39.3,27.49
7868356,39.3,27.49
7868658,39.3,27.49
7868960,39.3,27.49
7869262,39.3,27.49
7869564,39.3,27.49
7869866,39.3,27.49
7870168,39.3,27.49
7870470,39.3,27.49
7870772,39.3,27.49
7871074,39.3,27.49
7871376,39.3,27.49
7871678,39.3,27.48
7871980,39.3,27.49
7872282,39.3,27.48
7872584,39.3,27.49
7872886,39.3,27.49
7873188,39.3,27.48
7873490,39.3,27.48
7873792,39.3,27.49
7874094,39.3,27.49
7874396,39.3,27.49
7874698,39.3,27.49
7875000,39.3,27.49
7875302,39.3,27.49
7875604,39.3,27.49
7875906,39.3,27.49
7876208,39.3,27.50
7876510,39.3,27.49
7876812,39.3,27.49
7877114,39.3,27.49
7877416,39.3,27.49
7877718,39.3,27.49
7878020,39.3,27.49
7878322,39.3,27.49
7878624,39.3,27.49
7878926,39.3,27.49
7879228,39.3,27.49
7879530,39.3,27.49
7879832,39.3,27.50
7880134,39.3,27.49
7880436,39.3,27.50
7880738,39.3,27.50
7881040,39.3,27.50
7881342,39.3,27.50
7881644,39.3,27.50
7881946,39.3,27.50
7882248,39.3,27.50
7882550,39.3,27.50
7882852,39.3,27.50
7883154,39.3,27.50
7883456,39.3,27.50
7883758,39.3,27.50
7884060,39.3,27.51
7884362,39.3,27.50
7884664,39.3,27.50
7884966,39.3,27.50
7885268,39.3,27.50
7885570,39.3,27.50
7885872,39.3,27.50
7886174,39.3,27.50
7886476,39.3,27.49
7886778,39.3,27.49
7887080,39.3,27.50
7887382,39.3,27.50
7887684,39.3,27.50
7887986,39.3,27.50
7888288,39.3,27.50
7888590,39.3,27.50
7888892,39.3,27.50
7889194,39.3,27.50
7889496,39.3,27.50
7889798,39.3,27.50
7890100,39.3,27.50
7890402,39.3,27.50
7890704,39.3,27.50
7891006,39.3,27.50
7891308,39.3,27.50
7891610,39.3,27.50
7891912,39.3,27.51
7892214,39.3,27.50
7892516,39.3,27.50
7892818,39.3,27.50
7893120,39.3,27.50
7893422,39.3,27.50
7893724,39.3,27.50
7894026,39.3,27.50
7894328,39.3,27.50
7894630,39.3,27.50
7894932,39.3,27.50
7895234,39.3,27.50
7895536,39.3,27.50
7895838,39.3,27.49
7896140,39.3,27.50
7896442,39.3,27.50
7896744,39.3,27.50
7897046,39.3,27.50
7897348,39.3,27.50
7897650,39.3,27.50
7897952,39.3,27.50
7898254,39.3,27.50
7898556,39.3,27.51
7898858,39.3,27.50
7899160,39.3,27.51
7899462,39.3,27.51
7899764,39.3,27.51
7900066,39.3,27.51
7900368,39.3,27.50
7900670,39.3,27.50
7900972,39.3,27.50
7901274,39.3,27.51
7901576,39.3,27.51
7901878,39.3,27.51
7902180,39.3,27.51
7902482,39.3,27.51
7902784,39.3,27.51
7903086,39.3,27.51
7903388,39.3,27.51
7903690,39.3,27.51
7903992,39.3,27.51
7904294,39.3,27.51
7904596,39.3,27.51
7904898,39.3,27.51
7905200,39.3,27.51
7905502,39.3,27.51
7905804,39.3,27.51
7906106,39.3,27.51
7906408,39.3,27.51
7906710,39.3,27.51
7907012,39.3,27.51
7907314,39.3,27.51
7907616,39.3,27.51
7907918,39.3,27.51
7908220,39.3,27.51
7908522,39.3,27.51
7908824,39.3,27.51
7909126,39.3,27.51
7909428,39.3,27.51
7909730,39.3,27.51
7910032,39.3,27.51
7910334,39.3,27.51
7910636,39.3,27.51
7910938,38.3,27.51
7911240,39.3,27.51
7911542,39.3,27.51
7911844,39.3,27.51
7912146,39.3,27.51
7912448,39.3,27.51
7912750,39.3,27.51
7913052,39.3,27.51
7913354,39.3,27.51
7913656,39.3,27.51
7913958,39.3,27.51
7914260,39.3,27.51
7914562,39.3,27.52
7914864,39.3,27.51
7915166,39.3,27.52
7915468,39.3,27.52
7915770,39.3,27.52
7916072,39.3,27.52
7916374,39.3,27.52
7916676,39.3,27.52
7916978,39.3,27.52
7917280,39.3,27.52
7917582,39.3,27.52
7917884,39.3,27.52
7918186,39.3,27.52
7918488,39.3,27.52
7918790,39.3,27.52
7919092,39.3,27.52
7919394,39.3,27.52
7919696,39.3,27.52
7919998,39.3,27.52
7920300,39.3,27.52
7920602,39.3,27.53
7920904,39.3,27.52
7921206,39.3,27.52
7921508,39.3,27.52
7921810,39.3,27.52
7922112,39.3,27.53
7922414,39.3,27.53
7922716,39.3,27.52
7923018,40.3,27.52
7923320,40.3,27.52
7923622,39.3,27.52
7923924,39.3,27.52
7924226,39.3,27.52
7924528,39.3,27.52
7924830,39.3,27.52
7925132,39.3,27.52
7925434,39.3,27.52
7925736,39.3,27.51
7926038,39.3,27.51
7926340,39.3,27.51
7926642,39.3,27.51
7926944,39.3,27.51
7927246,39.3,27.51
7927548,39.3,27.51
7927850,39.3,27.51
7928152,39.3,27.51
7928454,39.3,27.51
7928756,39.3,27.51
7929058,39.3,27.51
7929360,39.3,27.51
7929662,39.3,27.51
7929964,39.3,27.51
7930266,39.3,27.51
7930568,39.3,27.51
7930870,39.3,27.51
7931172,39.3,27.51
7931474,39.3,27.51
7931776,39.3,27.51
7932078,39.3,27.51
7932380,39.3,27.51
7932682,39.3,27.51
7932984,39.3,27.51
7933286,39.3,27.51
7933588,39.3,27.51
7933890,39.3,27.51
7934192,39.3,27.51
7934494,39.3,27.51
7934796,39.3,27.51
7935098,39.3,27.51
7935400,39.3,27.51
7935702,39.3,27.51
7936004,39.3,27.51
7936306,39.3,27.51
7936608,39.3,27.51
7936910,39.3,27.51
7937212,39.3,27.51
7937514,40.3,27.51
7937816,39.3,27.52
7938118,39.3,27.52
7938420,40.3,27.52
7938722,39.3,27.51
7939024,39.3,27.51
7939326,39.3,27.51
7939628,39.3,27.51
7939930,39.3,27.50
7940232,39.3,27.51
7940534,39.3,27.50
7940836,39.3,27.51
7941138,39.3,27.51
7941440,39.3,27.51
7941742,39.3,27.51
7942044,39.3,27.51
7942346,39.3,27.51
7942648,39.3,27.51
7942950,39.3,27.51
7943252,39.3,27.51
7943554,39.3,27.51
7943856,39.3,27.51
7944158,39.3,27.51
7944460,39.3,27.51
7944762,39.3,27.51
7945064,38.3,27.51
7945366,39.3,27.51
7945668,39.3,27.51
7945970,39.3,27.51
7946272,39.3,27.51
7946574,39.3,27.51
7946876,39.3,27.51
7947178,39.3,27.51
7947480,39.3,27.51
7947782,39.3,27.51
7948084,39.3,27.51
7948386,39.3,27.52
7948688,39.3,27.52
7948990,39.3,27.52
7949292,39.3,27.51
7949594,39.3,27.52
7949896,39.3,27.52
7950198,39.3,27.51
7950500,39.3,27.52
7950802,39.3,27.51
7951104,39.3,27.51
7951406,39.3,27.51
7951708,39.3,27.51
7952010,39.3,27.52
7952312,39.3,27.52
7952614,39.3,27.52
7952916,39.3,27.52
7953218,39.3,27.51
7953520,39.3,27.52
7953822,39.3,27.52
7954124,39.3,27.52
7954426,39.3,27.52
7954728,39.3,27.51
7955030,39.3,27.51
7955332,39.3,27.51
7955634,39.3,27.52
7955936,39.3,27.52
7956238,39.3,27.52
7956540,39.3,27.52
7956842,39.3,27.52
7957144,39.3,27.52
7957446,39.3,27.52
7957748,39.3,27.52
7958050,39.3,27.52
7958352,39.3,27.52
7958654,39.3,27.52
7958956,39.3,27.53
7959258,39.3,27.53
7959560,39.3,27.52
7959862,39.3,27.53
7960164,39.3,27.53
7960466,39.3,27.53
7960768,38.3,27.52
7961070,38.3,27.53
7961372,38.3,27.53
7961674,39.3,27.52
7961976,39.3,27.53
7962278,39.3,27.53
7962580,39.3,27.52
7962882,39.3,27.53
7963184,39.3,27.53
7963486,39.3,27.53
7963788,39.3,27.52
7964090,39.3,27.53
7964392,39.3,27.53
7964694,39.3,27.53
7964996,39.3,27.53
7965298,39.3,27.53
7965600,39.3,27.53
7965902,39.3,27.53
7966204,39.3,27.53
7966506,39.3,27.53
7966808,39.3,27.53
7967110,39.3,27.53
7967412,39.3,27.53
7967714,39.3,27.53
7968016,39.3,27.53
7968318,39.3,27.53
7968620,39.3,27.53
7968922,39.3,27.53
7969224,39.3,27.54
7969526,39.3,27.53
7969828,39.3,27.54
7970130,39.3,27.54
7970432,39.3,27.54
7970734,39.3,27.54
7971036,39.3,27.54
7971338,39.3,27.53
7971640,39.3,27.54
7971942,39.3,27.54
7972244,39.3,27.54
7972546,39.3,27.54
7972848,39.3,27.54
7973150,39.3,27.54
7973452,39.3,27.54
7973754,39.3,27.54
7974056,39.3,27.54
7974358,39.3,27.54
7974660,39.3,27.53
7974962,39.3,27.53
7975264,38.3,27.53
7975566,39.3,27.54
7975868,39.3,27.54
7976170,39.3,27.53
7976472,39.3,27.53
7976774,39.3,27.54
7977076,39.3,27.53
7977378,39.3,27.53
7977680,39.3,27.53
7977982,39.3,27.54
7978284,39.3,27.54
7978586,39.3,27.53
7978888,39.3,27.54
7979190,39.3,27.54
7979492,38.3,27.53
7979794,39.3,27.53
7980096,39.3,27.53
7980398,39.3,27.53
7980700,39.3,27.53
7981002,39.3,27.53
7981304,39.3,27.53
7981606,39.3,27.53
7981908,39.3,27.53
7982210,39.3,27.53
7982512,39.3,27.53
7982814,39.3,27.53
7983116,39.3,27.53
7983418,39.3,27.52
7983720,39.3,27.52
7984022,39.3,27.52
7984324,39.3,27.52
7984626,39.3,27.52
7984928,39.3,27.52
7985230,39.3,27.52
7985532,39.3,27.52
7985834,39.3,27.52
7986136,39.3,27.52
7986438,39.3,27.52
7986740,39.3,27.52
7987042,39.3,27.52
7987344,39.3,27.52
7987646,39.3,27.52
7987948,39.3,27.52
7988250,39.3,27.52
7988552,39.3,27.52
7988854,39.3,27.52
7989156,39.3,27.52
7989458,39.3,27.52
7989760,39.3,27.52
7990062,39.3,27.52
7990364,39.3,27.52
7990666,39.3,27.52
7990968,39.3,27.52
7991270,39.3,27.52
7991572,39.3,27.52
7991874,39.3,27.51
7992176,39.3,27.51
7992478,39.3,27.52
7992780,39.3,27.52
7993082,39.3,27.52
7993384,39.3,27.52
7993686,39.3,27.52
7993988,39.3,27.52
7994290,39.3,27.52
7994592,39.3,27.52
7994894,39.3,27.52
7995196,39.3,27.52
7995498,39.3,27.52
7995800,39.3,27.52
7996102,39.3,27.52
7996404,39.3,27.52
7996706,39.3,27.52
7997008,39.3,27.52
7997310,39.3,27.52
7997612,39.3,27.52
7997914,39.3,27.52
7998216,39.3,27.52
7998518,39.3,27.52
7998820,39.3,27.52
7999122,39.3,27.52
7999424,39.3,27.52
7999726,39.3,27.52
8000028,39.3,27.52
8000330,39.3,27.53
8000632,39.3,27.53
8000934,39.3,27.53
8001236,39.3,27.53
8001538,39.3,27.53
8001840,39.3,27.53
8002142,39.3,27.52
8002444,39.3,27.53
8002746,39.3,27.53
8003048,39.3,27.53
8003350,40.3,27.53
8003652,39.3,27.53
8003954,39.3,27.53
8004256,39.3,27.52
8004558,39.3,27.53
8004860,39.3,27.53
8005162,39.3,27.53
8005464,39.3,27.53
8005766,39.3,27.53
8006068,39.3,27.53
8006370,39.3,27.53
8006672,39.3,27.53
8006974,39.3,27.53
8007276,39.3,27.53
8007578,39.3,27.52
8007880,39.3,27.53
8008182,39.3,27.53
8008484,39.3,27.53
8008786,39.3,27.53
8009088,39.3,27.53
8009390,40.3,27.53
8009692,39.3,27.53
8009994,39.3,27.53
8010296,39.3,27.53
8010598,39.3,27.53
8010900,39.3,27.53
8011202,39.3,27.53
8011504,39.3,27.53
8011806,39.3,27.53
8012108,39.3,27.53
8012410,39.3,27.53
8012712,39.3,27.53
8013014,39.3,27.53
8013316,39.3,27.53
8013618,39.3,27.53
8013920,39.3,27.53
8014222,39.3,27.53
8014524,39.3,27.53
8014826,39.3,27.53
8015128,39.3,27.52
8015430,39.3,27.52
8015732,39.3,27.52
8016034,40.3,27.53
8016336,39.3,27.52
8016638,39.3,27.53
8016940,39.3,27.53
8017242,39.3,27.53
8017544,39.3,27.52
8017846,39.3,27.52
8018148,39.3,27.52
8018450,39.3,27.52
8018752,39.3,27.52
8019054,39.3,27.52
8019356,39.3,27.52
8019658,39.3,27.52
8019960,39.3,27.52
8020262,39.3,27.52
8020564,39.3,27.51
8020866,39.3,27.51
8021168,39.3,27.51
8021470,39.3,27.51
8021772,39.3,27.52
8022074,39.3,27.51
8022376,39.3,27.51
8022678,39.3,27.51
8022980,39.3,27.51
8023282,39.3,27.51
8023584,39.3,27.51
8023886,39.3,27.51
8024188,39.3,27.50
8024490,39.3,27.51
8024792,39.3,27.51
8025094,39.3,27.51
8025396,39.3,27.51
8025698,39.3,27.51
8026000,39.3,27.51
8026302,39.3,27.50
8026604,39.3,27.51
8026906,39.3,27.51
8027208,39.3,27.50
8027510,39.3,27.51
8027812,39.3,27.51
8028114,39.3,27.50
8028416,39.3,27.51
8028718,39.3,27.51
8029020,39.3,27.51
8029322,39.3,27.51
8029624,39.3,27.51
8029926,39.3,27.51
8030228,39.3,27.51
8030530,39.3,27.51
8030832,39.3,27.51
8031134,39.3,27.52
8031436,39.3,27.51
8031738,39.3,27.51
8032040,39.3,27.51
8032342,39.3,27.51
8032644,39.3,27.51
8032946,39.3,27.51
8033248,39.3,27.51
8033550,39.3,27.51
8033852,39.3,27.51
8034154,39.3,27.51
8034456,39.3,27.51
8034758,39.3,27.51
8035060,39.3,27.51
8035362,39.3,27.51
8035664,39.3,27.51
8035966,39.3,27.51
8036268,39.3,27.51
8036570,39.3,27.51
8036872,39.3,27.51
8037174,39.3,27.51
8037476,39.3,27.51
8037778,39.3,27.51
8038080,39.3,27.51
8038382,39.3,27.51
8038684,39.3,27.51
8038986,39.3,27.51
8039288,39.3,27.51
8039590,39.3,27.52
8039892,39.3,27.52
8040194,39.3,27.52
8040496,39.3,27.52
8040798,38.3,27.51
8041100,39.3,27.52
8041402,39.3,27.52
8041704,39.3,27.52
8042006,39.3,27.52
8042308,39.3,27.52
8042610,39.3,27.52
8042912,39.3,27.52
8043214,39.3,27.52
8043516,39.3,27.52
8043818,39.3,27.52
8044120,39.3,27.52
8044422,39.3,27.52
8044724,39.3,27.52
8045026,39.3,27.52
8045328,39.3,27.52
8045630,39.3,27.52
8045932,39.3,27.51
8046234,39.3,27.52
8046536,39.3,27.52
8046838,39.3,27.52
8047140,39.3,27.52
8047442,39.3,27.52
8047744,40.3,27.52
8048046,40.3,27.52
8048348,39.3,27.52
8048650,39.3,27.52
8048952,39.3,27.52
8049254,39.3,27.52
8049556,39.3,27.52
8049858,39.3,27.52
8050160,39.3,27.52
8050462,39.3,27.52
8050764,39.3,27.51
8051066,39.3,27.51
8051368,39.3,27.51
8051670,39.3,27.51
8051972,39.3,27.52
8052274,39.3,27.52
8052576,39.3,27.52
8052878,39.3,27.51
8053180,39.3,27.52
8053482,39.3,27.52
8053784,39.3,27.52
8054086,39.3,27.52
8054388,39.3,27.52
8054690,39.3,27.52
8054992,39.3,27.52
8055294,39.3,27.53
8055596,39.3,27.52
8055898,39.3,27.52
8056200,39.3,27.52
8056502,39.3,27.52
8056804,39.3,27.52
8057106,39.3,27.52
8057408,39.3,27.52
8057710,39.3,27.52
8058012,39.3,27.52
8058314,39.3,27.52
8058616,39.3,27.51
8058918,39.3,27.52
8059220,39.3,27.52
8059522,39.3,27.52
8059824,39.3,27.52
8060126,39.3,27.52
8060428,39.3,27.52
8060730,39.3,27.52
8061032,39.3,27.52
8061334,39.3,27.51
8061636,38.3,27.52
8061938,39.3,27.51
8062240,39.3,27.51
8062542,39.3,27.51
8062844,39.3,27.52
8063146,39.3,27.51
8063448,38.3,27.52
8063750,39.3,27.51
8064052,39.3,27.51
8064354,39.3,27.51
8064656,39.3,27.51
8064958,39.3,27.51
8065260,39.3,27.51
8065562,39.3,27.51
8065864,39.3,27.52
8066166,39.3,27.52
8066468,39.3,27.51
8066770,39.3,27.51
8067072,39.3,27.52
8067374,39.3,27.51
8067676,39.3,27.51
8067978,39.3,27.50
8068280,39.3,27.51
8068582,39.3,27.51
8068884,39.3,27.51
8069186,39.3,27.51
8069488,39.3,27.51
8069790,39.3,27.51
8070092,39.3,27.50
8070394,39.3,27.50
8070696,39.3,27.50
8070998,39.3,27.50
8071300,39.3,27.50
8071602,39.3,27.50
8071904,39.3,27.50
8072206,39.3,27.50
8072508,39.3,27.50
8072810,39.3,27.50
8073112,39.3,27.50
8073414,39.3,27.50
8073716,39.3,27.50
8074018,39.3,27.50
8074320,39.3,27.50
8074622,39.3,27.50
8074924,39.3,27.50
8075226,39.3,27.50
8075528,39.3,27.49
8075830,39.3,27.49
8076132,39.3,27.50
8076434,39.3,27.50
8076736,39.3,27.50
8077038,39.3,27.50
8077340,39.3,27.50
8077642,39.3,27.49
8077944,39.3,27.49
8078246,39.3,27.49
8078548,39.3,27.49
8078850,39.3,27.49
8079152,39.3,27.49
8079454,39.3,27.49
8079756,39.3,27.49
8080058,39.3,27.49
8080360,39.3,27.49
8080662,39.3,27.49
8080964,39.3,27.49
8081266,39.3,27.49
8081568,39.3,27.49
8081870,39.3,27.49
8082172,39.3,27.49
8082474,39.3,27.49
8082776,39.3,27.49
8083078,39.3,27.49
8083380,39.3,27.48
8083682,39.3,27.49
8083984,39.3,27.49
8084286,39.3,27.49
8084588,39.3,27.49
8084890,39.3,27.49
8085192,39.3,27.49
8085494,39.3,27.49
8085796,39.3,27.48
8086098,39.3,27.48
8086400,39.3,27.48
8086702,39.3,27.48
8087004,39.3,27.48
8087306,39.3,27.48
8087608,39.3,27.48
8087910,39.3,27.48
8088212,39.3,27.48
8088514,39.3,27.48
8088816,39.3,27.48
8089118,39.3,27.48
8089420,39.3,27.48
8089722,39.3,27.48
8090024,39.3,27.48
8090326,39.3,27.48
8090628,39.3,27.48
8090930,39.3,27.48
8091232,39.3,27.47
8091534,39.3,27.48
8091836,39.3,27.47
8092138,39.3,27.47
8092440,39.3,27.47
8092742,39.3,27.48
8093044,39.3,27.48
8093346,39.3,27.48
8093648,39.3,27.47
8093950,39.3,27.48
8094252,38.3,27.47
8094554,39.3,27.48
8094856,39.3,27.48
8095158,39.3,27.47
8095460,39.3,27.48
8095762,39.3,27.47
8096064,39.3,27.47
8096366,39.3,27.48
8096668,39.3,27.47
8096970,39.3,27.47
8097272,39.3,27.47
8097574,39.3,27.47
8097876,39.3,27.47
8098178,39.3,27.47
8098480,39.3,27.47
8098782,39.3,27.48
8099084,39.3,27.47
8099386,39.3,27.48
8099688,39.3,27.47
8099990,39.3,27.47
8100292,39.3,27.47
8100594,39.3,27.47
8100896,39.3,27.47
8101198,39.3,27.47
8101500,39.3,27.47
8101802,39.3,27.46
8102104,39.3,27.47
8102406,39.3,27.47
8102708,39.3,27.47
8103010,39.3,27.47
8103312,39.3,27.47
8103614,39.3,27.47
8103916,39.3,27.46
8104218,39.3,27.47
8104520,39.3,27.47
8104822,39.3,27.47
8105124,39.3,27.47
8105426,39.3,27.46
8105728,39.3,27.46
8106030,39.3,27.46
8106332,39.3,27.46
8106634,39.3,27.46
8106936,39.3,27.46
8107238,39.3,27.46
8107540,39.3,27.46
8107842,39.3,27.46
8108144,38.3,27.46
8108446,39.3,27.46
8108748,39.3,27.46
8109050,39.3,27.45
8109352,39.3,27.45
8109654,39.3,27.45
8109956,39.3,27.45
8110258,39.3,27.44
8110560,39.3,27.45
8110862,39.3,27.44
8111164,39.3,27.44
8111466,39.3,27.44
8111768,39.3,27.44
8112070,39.3,27.45
8112372,39.3,27.44
8112674,39.3,27.44
8112976,39.3,27.44
8113278,39.3,27.44
8113580,39.3,27.43
8113882,39.3,27.44
8114184,39.3,27.44
8114486,39.3,27.43
8114788,39.3,27.43
8115090,39.3,27.44
8115392,39.3,27.43
8115694,39.3,27.43
8115996,39.3,27.43
8116298,39.3,27.44
8116600,39.3,27.43
8116902,39.3,27.43
8117204,39.3,27.43
8117506,39.3,27.43
8117808,39.3,27.43
8118110,39.3,27.43
8118412,39.3,27.43
8118714,39.3,27.43
8119016,39.3,27.43
8119318,39.3,27.43
8119620,39.3,27.42
8119922,39.3,27.42
8120224,39.3,27.43
8120526,39.3,27.43
8120828,39.3,27.43
8121130,39.3,27.43
8121432,39.3,27.43
8121734,39.3,27.42
8122036,39.3,27.42
8122338,39.3,27.42
8122640,39.3,27.42
8122942,39.3,27.42
8123244,39.3,27.42
8123546,39.3,27.42
8123848,39.3,27.42
8124150,38.3,27.42
8124452,39.3,27.41
8124754,39.3,27.42
8125056,39.3,27.42
8125358,39.3,27.42
8125660,39.3,27.41
8125962,39.3,27.42
8126264,39.3,27.42
8126566,39.3,27.42
8126868,39.3,27.42
8127170,39.3,27.42
8127472,39.3,27.42
8127774,39.3,27.42
8128076,39.3,27.41
8128378,39.3,27.41
8128680,39.3,27.41
8128982,39.3,27.41
8129284,39.3,27.41
8129586,39.3,27.41
8129888,39.3,27.41
8130190,39.3,27.41
8130492,39.3,27.41
8130794,39.3,27.41
8131096,39.3,27.41
8131398,39.3,27.41
8131700,39.3,27.41
8132002,39.3,27.41
8132304,39.3,27.41
8132606,39.3,27.41
8132908,39.3,27.41
8133210,39.3,27.41
8133512,39.3,27.41
8133814,39.3,27.41
8134116,39.3,27.41
8134418,39.3,27.41
8134720,39.3,27.41
8135022,39.3,27.41
8135324,39.3,27.41
8135626,39.3,27.41
8135928,39.3,27.41
8136230,39.3,27.41
8136532,39.3,27.41
8136834,39.3,27.41
8137136,39.3,27.41
8137438,39.3,27.41
8137740,39.3,27.41
8138042,39.3,27.41
8138344,39.3,27.42
8138646,39.3,27.42
8138948,39.3,27.41
8139250,39.3,27.41
8139552,39.3,27.41
8139854,39.3,27.42
8140156,39.3,27.41
8140458,39.3,27.41
8140760,39.3,27.42
8141062,39.3,27.41
8141364,39.3,27.42
8141666,39.3,27.41
8141968,39.3,27.41
8142270,39.3,27.41
8142572,39.3,27.41
8142874,39.3,27.42
8143176,39.3,27.42
8143478,39.3,27.42
8143780,39.3,27.41
8144082,39.3,27.41
8144384,39.3,27.42
8144686,39.3,27.41
8144988,39.3,27.42
8145290,38.3,27.41
8145592,39.3,27.41
8145894,39.3,27.41
8146196,39.3,27.41
8146498,39.3,27.41
8146800,39.3,27.41
8147102,39.3,27.41
8147404,39.3,27.41
8147706,39.3,27.41
8148008,39.3,27.41
8148310,39.3,27.41
8148612,39.3,27.40
8148914,39.3,27.40
8149216,39.3,27.40
8149518,39.3,27.40
8149820,39.3,27.41
8150122,39.3,27.41
8150424,39.3,27.40
8150726,39.3,27.41
8151028,39.3,27.40
8151330,39.3,27.41
8151632,39.3,27.41
8151934,39.3,27.40
8152236,39.3,27.41
8152538,39.3,27.41
8152840,39.3,27.41
8153142,39.3,27.40
8153444,39.3,27.40
8153746,39.3,27.40
8154048,39.3,27.40
8154350,39.3,27.40
8154652,39.3,27.40
8154954,39.3,27.40
8155256,39.3,27.40
8155558,39.3,27.40
8155860,39.3,27.40
8156162,39.3,27.40
8156464,39.3,27.40
8156766,39.3,27.40
8157068,39.3,27.40
8157370,39.3,27.40
8157672,39.3,27.40
8157974,39.3,27.40
8158276,39.3,27.40
8158578,39.3,27.40
8158880,40.3,27.40
8159182,40.3,27.40
8159484,39.3,27.40
8159786,39.3,27.40
8160088,39.3,27.40
8160390,39.3,27.40
8160692,39.3,27.41
8160994,39.3,27.41
8161296,39.3,27.41
8161598,39.3,27.41
8161900,39.3,27.40
8162202,39.3,27.40
8162504,39.3,27.41
8162806,39.3,27.41
8163108,39.3,27.41
8163410,39.3,27.41
8163712,39.3,27.40
8164014,39.3,27.40
8164316,39.3,27.40
8164618,39.3,27.40
8164920,39.3,27.40
8165222,39.3,27.40
8165524,39.3,27.40
8165826,39.3,27.40
8166128,39.3,27.40
8166430,39.3,27.39
8166732,39.3,27.39
8167034,39.3,27.39
8167336,39.3,27.39
8167638,39.3,27.39
8167940,39.3,27.40
8168242,39.3,27.39
8168544,39.3,27.39
8168846,39.3,27.39
8169148,39.3,27.39
8169450,39.3,27.39
8169752,38.3,27.39
8170054,39.3,27.39
8170356,39.3,27.39
8170658,39.3,27.39
8170960,39.3,27.39
8171262,39.3,27.39
8171564,39.3,27.38
8171866,39.3,27.38
8172168,38.3,27.39
8172470,39.3,27.38
8172772,38.3,27.38
8173074,38.3,27.38
8173376,39.3,27.38
8173678,38.3,27.38
8173980,39.3,27.38
8174282,38.3,27.38
8174584,39.3,27.38
8174886,39.3,27.38
8175188,39.3,27.39
8175490,39.3,27.38
8175792,39.3,27.38
8176094,39.3,27.39
8176396,39.3,27.38
8176698,39.3,27.38
8177000,39.3,27.38
8177302,39.3,27.39
8177604,39.3,27.38
8177906,39.3,27.38
8178208,39.3,27.38
8178510,39.3,27.38
8178812,39.3,27.38
8179114,39.3,27.38
8179416,39.3,27.38
8179718,39.3,27.38
8180020,39.3,27.38
8180322,39.3,27.38
8180624,39.3,27.38
8180926,39.3,27.38
8181228,39.3,27.38
8181530,39.3,27.38
8181832,39.3,27.38
8182134,38.3,27.38
8182436,39.3,27.38
8182738,39.3,27.38
8183040,39.3,27.38
8183342,39.3,27.38
8183644,39.3,27.38
8183946,39.3,27.38
8184248,39.3,27.38
8184550,39.3,27.38
8184852,39.3,27.38
8185154,39.3,27.38
8185456,39.3,27.37
8185758,39.3,27.38
8186060,39.3,27.38
8186362,39.3,27.38
8186664,39.3,27.38
8186966,39.3,27.38
8187268,39.3,27.38
8187570,39.3,27.38
8187872,38.3,27.38
8188174,38.3,27.38
8188476,39.3,27.38
8188778,39.3,27.38
8189080,39.3,27.38
8189382,39.3,27.38
8189684,39.3,27.38
8189986,39.3,27.38
8190288,38.3,27.38
8190590,39.3,27.38
8190892,39.3,27.38
8191194,39.3,27.38
8191496,39.3,27.38
8191798,39.3,27.38
8192100,39.3,27.38
8192402,39.3,27.38
8192704,39.3,27.38
8193006,39.3,27.38
8193308,39.3,27.38
8193610,39.3,27.38
8193912,39.3,27.38
8194214,39.3,27.38
8194516,39.3,27.39
8194818,39.3,27.38
8195120,39.3,27.38
8195422,39.3,27.38
8195724,39.3,27.38
8196026,39.3,27.38
8196328,39.3,27.39
8196630,39.3,27.38
8196932,39.3,27.38
8197234,39.3,27.39
8197536,39.3,27.38
8197838,39.3,27.38
8198140,38.3,27.38
8198442,39.3,27.38
8198744,39.3,27.38
8199046,39.3,27.38
8199348,39.3,27.38
8199650,39.3,27.38
8199952,39.3,27.38
8200254,39.3,27.38
8200556,39.3,27.38
8200858,39.3,27.38
8201160,39.3,27.38
8201462,39.3,27.38
8201764,39.3,27.38
8202066,39.3,27.38
8202368,39.3,27.38
8202670,39.3,27.38
8202972,39.3,27.38
8203274,39.3,27.38
8203576,39.3,27.38
8203878,39.3,27.38
8204180,38.3,27.38
8204482,39.3,27.38
8204784,39.3,27.38
8205086,38.3,27.38
8205388,39.3,27.38
8205690,39.3,27.38
8205992,39.3,27.38
8206294,39.3,27.38
8206596,39.3,27.38
8206898,39.3,27.37
8207200,39.3,27.37
8207502,39.3,27.38
8207804,39.3,27.37
8208106,39.3,27.37
8208408,39.3,27.37
8208710,39.3,27.37
8209012,39.3,27.37
8209314,39.3,27.37
8209616,39.3,27.37
8209918,39.3,27.37
8210220,39.3,27.37
8210522,39.3,27.37
8210824,39.3,27.37
8211126,39.3,27.37
8211428,39.3,27.37
8211730,39.3,27.37
8212032,39.3,27.37
8212334,39.3,27.37
8212636,39.3,27.36
8212938,39.3,27.36
8213240,39.3,27.36
8213542,39.3,27.36
8213844,39.3,27.36
8214146,39.3,27.36
8214448,39.3,27.36
8214750,39.3,27.36
8215052,39.3,27.37
8215354,39.3,27.36
8215656,39.3,27.36
8215958,39.3,27.36
8216260,39.3,27.36
8216562,39.3,27.36
8216864,39.3,27.36
8217166,39.3,27.36
8217468,39.3,27.36
8217770,38.3,27.37
8218072,39.3,27.36
8218374,39.3,27.36
8218676,39.3,27.36
8218978,39.3,27.36
8219280,39.3,27.36
8219582,39.3,27.36
8219884,39.3,27.36
8220186,39.3,27.36
8220488,38.3,27.36
8220790,39.3,27.36
8221092,39.3,27.36
8221394,39.3,27.36
8221696,39.3,27.36
8221998,39.3,27.36
8222300,39.3,27.36
8222602,39.3,27.35
8222904,39.3,27.36
8223206,39.3,27.36
8223508,39.3,27.35
8223810,39.3,27.36
8224112,39.3,27.35
8224414,38.3,27.36
8224716,39.3,27.35
8225018,39.3,27.35
8225320,39.3,27.35
8225622,39.3,27.35
8225924,39.3,27.35
8226226,39.3,27.35
8226528,39.3,27.35
8226830,39.3,27.35
8227132,39.3,27.35
8227434,39.3,27.35
8227736,39.3,27.35
8228038,39.3,27.35
8228340,39.3,27.36
8228642,39.3,27.35
8228944,39.3,27.36
8229246,39.3,27.36
8229548,39.3,27.36
8229850,39.3,27.36
8230152,39.3,27.35
8230454,39.3,27.35
8230756,39.3,27.35
8231058,39.3,27.35
8231360,39.3,27.35
8231662,39.3,27.35
8231964,39.3,27.35
8232266,39.3,27.35
8232568,39.3,27.35
8232870,39.3,27.35
8233172,39.3,27.35
8233474,39.3,27.35
8233776,39.3,27.35
8234078,39.3,27.35
8234380,39.3,27.35
8234682,39.3,27.35
8234984,39.3,27.35
8235286,39.3,27.35
8235588,39.3,27.35
8235890,39.3,27.35
8236192,39.3,27.35
8236494,39.3,27.35
8236796,39.3,27.35
8237098,39.3,27.35
8237400,39.3,27.35
8237702,39.3,27.35
8238004,39.3,27.35
8238306,38.3,27.35
8238608,38.3,27.35
8238910,39.3,27.35
8239212,39.3,27.35
8239514,39.3,27.35
8239816,39.3,27.35
8240118,39.3,27.35
8240420,39.3,27.35
8240722,39.3,27.36
8241024,39.3,27.35
8241326,39.3,27.35
8241628,39.3,27.35
8241930,39.3,27.35
8242232,39.3,27.35
8242534,39.3,27.35
8242836,39.3,27.35
8243138,39.3,27.35
8243440,39.3,27.35
8243742,39.3,27.35
8244044,39.3,27.36
8244346,38.3,27.35
8244648,39.3,27.36
8244950,39.3,27.35
8245252,39.3,27.36
8245554,39.3,27.36
8245856,39.3,27.36
8246158,39.3,27.36
8246460,39.3,27.36
8246762,39.3,27.36
8247064,39.3,27.36
8247366,39.3,27.36
8247668,38.3,27.36
8247970,38.3,27.36
8248272,39.3,27.36
8248574,39.3,27.36
8248876,39.3,27.36
8249178,39.3,27.36
8249480,39.3,27.36
8249782,39.3,27.36
8250084,39.3,27.36
8250386,39.3,27.36
8250688,39.3,27.36
8250990,39.3,27.36
8251292,39.3,27.36
8251594,39.3,27.36
8251896,39.3,27.36
8252198,39.3,27.36
8252500,39.3,27.36
8252802,39.3,27.36
8253104,39.3,27.36
8253406,39.3,27.36
8253708,39.3,27.36
8254010,39.3,27.36
8254312,39.3,27.36
8254614,39.3,27.36
8254916,39.3,27.36
8255218,39.3,27.36
8255520,39.3,27.36
8255822,39.3,27.36
8256124,39.3,27.37
8256426,39.3,27.37
8256728,39.3,27.37
8257030,39.3,27.37
8257332,39.3,27.37
8257634,39.3,27.37
8257936,39.3,27.37
8258238,39.3,27.37
8258540,39.3,27.36
8258842,39.3,27.37
8259144,39.3,27.37
8259446,39.3,27.37
8259748,39.3,27.37
8260050,39.3,27.37
8260352,39.3,27.37
8260654,39.3,27.37
8260956,39.3,27.37
8261258,39.3,27.37
8261560,39.3,27.38
8261862,39.3,27.37
8262164,39.3,27.37
8262466,39.3,27.37
8262768,39.3,27.37
8263070,39.3,27.38
8263372,39.3,27.38
8263674,39.3,27.37
8263976,39.3,27.37
8264278,39.3,27.38
8264580,39.3,27.38
8264882,39.3,27.37
8265184,39.3,27.37
8265486,39.3,27.37
8265788,39.3,27.37
8266090,39.3,27.37
8266392,39.3,27.38
8266694,39.3,27.38
8266996,39.3,27.38
8267298,39.3,27.37
8267600,38.3,27.38
8267902,38.3,27.38
8268204,39.3,27.37
8268506,39.3,27.37
8268808,39.3,27.37
8269110,39.3,27.37
8269412,39.3,27.37
8269714,39.3,27.37
8270016,39.3,27.37
8270318,39.3,27.37
8270620,39.3,27.36
8270922,39.3,27.36
8271224,39.3,27.36
8271526,39.3,27.36
8271828,39.3,27.36
8272130,39.3,27.36
8272432,39.3,27.36
8272734,39.3,27.35
8273036,39.3,27.35
8273338,39.3,27.35
8273640,39.3,27.35
8273942,39.3,27.35
8274244,39.3,27.35
8274546,39.3,27.35
8274848,39.3,27.35
8275150,39.3,27.35
8275452,39.3,27.35
8275754,39.3,27.35
8276056,39.3,27.35
8276358,39.3,27.35
8276660,39.3,27.35
8276962,39.3,27.35
8277264,39.3,27.35
8277566,39.3,27.35
8277868,39.3,27.35
8278170,39.3,27.35
8278472,39.3,27.35
8278774,38.3,27.35
8279076,39.3,27.35
8279378,38.3,27.35
8279680,39.3,27.35
8279982,39.3,27.35
8280284,39.3,27.35
8280586,39.3,27.35
8280888,39.3,27.35
8281190,39.3,27.35
8281492,39.3,27.35
8281794,39.3,27.35
8282096,39.3,27.35
8282398,39.3,27.35
8282700,39.3,27.35
8283002,39.3,27.35
8283304,39.3,27.35
8283606,39.3,27.35
8283908,39.3,27.35
8284210,39.3,27.35
8284512,39.3,27.35
8284814,39.3,27.35
8285116,39.3,27.35
8285418,39.3,27.35
8285720,39.3,27.35
8286022,39.3,27.35
8286324,39.3,27.35
8286626,38.3,27.35
8286928,38.3,27.35
8287230,38.3,27.35
8287532,38.3,27.35
8287834,39.3,27.35
8288136,38.3,27.35
8288438,39.3,27.35
8288740,39.3,27.35
8289042,39.3,27.35
8289344,39.3,27.35
8289646,39.3,27.35
8289948,39.3,27.35
8290250,39.3,27.35
8290552,39.3,27.35
8290854,39.3,27.36
8291156,39.3,27.36
8291458,39.3,27.35
8291760,39.3,27.35
8292062,39.3,27.35
8292364,38.3,27.35
8292666,38.3,27.35
8292968,38.3,27.35
8293270,38.3,27.36
8293572,39.3,27.35
8293874,39.3,27.35
8294176,38.3,27.36
8294478,38.3,27.35
8294780,38.3,27.35
8295082,38.3,27.35
8295384,39.3,27.35
8295686,39.3,27.35
8295988,39.3,27.35
8296290,39.3,27.35
8296592,39.3,27.35
8296894,39.3,27.35
8297196,39.3,27.34
8297498,39.3,27.35
8297800,39.3,27.35
8298102,38.3,27.35
8298404,39.3,27.35
8298706,39.3,27.35
8299008,39.3,27.35
8299310,39.3,27.35
8299612,39.3,27.35
8299914,39.3,27.35
8300216,40.3,27.35
8300518,39.3,27.35
8300820,39.3,27.35
8301122,39.3,27.35
8301424,39.3,27.35
8301726,39.3,27.35
8302028,39.3,27.35
8302330,39.3,27.35
8302632,39.3,27.35
8302934,39.3,27.35
8303236,39.3,27.35
8303538,39.3,27.35
8303840,39.3,27.35
8304142,39.3,27.35
8304444,39.3,27.34
8304746,40.3,27.34
8305048,39.3,27.34
8305350,39.3,27.34
8305652,39.3,27.34
8305954,39.3,27.34
8306256,39.3,27.34
8306558,39.3,27.35
8306860,39.3,27.35
8307162,39.3,27.34
8307464,39.3,27.34
8307766,39.3,27.35
8308068,39.3,27.34
8308370,39.3,27.34
8308672,39.3,27.34
8308974,39.3,27.34
8309276,39.3,27.34
8309578,39.3,27.35
8309880,39.3,27.34
8310182,39.3,27.35
8310484,39.3,27.35
8310786,39.3,27.34
8311088,39.3,27.34
8311390,39.3,27.35
8311692,39.3,27.34
8311994,39.3,27.35
8312296,39.3,27.34
8312598,39.3,27.34
8312900,39.3,27.34
8313202,39.3,27.35
8313504,39.3,27.34
8313806,39.3,27.34
8314108,39.3,27.34
8314410,39.3,27.34
8314712,39.3,27.34
8315014,39.3,27.34
8315316,39.3,27.34
8315618,39.3,27.34
8315920,39.3,27.35
8316222,39.3,27.35
8316524,39.3,27.34
8316826,39.3,27.34
8317128,39.3,27.34
8317430,39.3,27.34
8317732,39.3,27.35
8318034,39.3,27.34
8318336,39.3,27.34
8318638,39.3,27.34
8318940,39.3,27.34
8319242,39.3,27.34
8319544,39.3,27.35
8319846,39.3,27.34
8320148,39.3,27.35
8320450,39.3,27.35
8320752,39.3,27.34
8321054,39.3,27.34
8321356,39.3,27.34
8321658,39.3,27.35
8321960,39.3,27.34
8322262,39.3,27.34
8322564,39.3,27.34
8322866,39.3,27.35
8323168,39.3,27.35
8323470,39.3,27.35
8323772,39.3,27.34
8324074,39.3,27.34
8324376,39.3,27.34
8324678,39.3,27.34
8324980,39.3,27.35
8325282,39.3,27.34
8325584,39.3,27.34
8325886,39.3,27.34
8326188,39.3,27.35
8326490,39.3,27.34
8326792,39.3,27.35
8327094,39.3,27.35
8327396,39.3,27.34
8327698,38.3,27.35
8328000,39.3,27.35
8328302,39.3,27.34
8328604,39.3,27.34
8328906,39.3,27.34
8329208,39.3,27.34
8329510,39.3,27.34
8329812,39.3,27.35
8330114,39.3,27.35
8330416,38.3,27.35
8330718,39.3,27.35
8331020,38.3,27.35
8331322,39.3,27.34
8331624,38.3,27.35
8331926,38.3,27.35
8332228,39.3,27.35
8332530,39.3,27.35
8332832,39.3,27.35
8333134,39.3,27.35
8333436,38.3,27.35
8333738,38.3,27.35
8334040,39.3,27.35
8334342,39.3,27.35
8334644,39.3,27.35
8334946,39.3,27.35
8335248,39.3,27.35
8335550,39.3,27.35
8335852,39.3,27.35
8336154,39.3,27.35
8336456,39.3,27.35
8336758,39.3,27.35
8337060,39.3,27.35
8337362,39.3,27.35
8337664,39.3,27.35
8337966,39.3,27.35
8338268,39.3,27.35
8338570,39.3,27.35
8338872,39.3,27.35
8339174,39.3,27.35
8339476,39.3,27.35
8339778,39.3,27.35
8340080,39.3,27.35
8340382,39.3,27.35
8340684,39.3,27.35
8340986,39.3,27.34
8341288,39.3,27.34
8341590,39.3,27.35
8341892,39.3,27.35
8342194,39.3,27.35
8342496,39.3,27.34
8342798,39.3,27.35
8343100,38.3,27.34
8343402,39.3,27.35
8343704,39.3,27.35
8344006,39.3,27.34
8344308,39.3,27.34
8344610,39.3,27.34
8344912,39.3,27.34
8345214,39.3,27.34
8345516,38.3,27.34
8345818,39.3,27.34
8346120,38.3,27.34
8346422,38.3,27.34
8346724,38.3,27.34
8347026,39.3,27.34
8347328,39.3,27.34
8347630,39.3,27.34
8347932,39.3,27.34
8348234,39.3,27.35
8348536,39.3,27.34
8348838,39.3,27.34
8349140,39.3,27.34
8349442,39.3,27.35
8349744,39.3,27.34
8350046,39.3,27.34
8350348,39.3,27.34
8350650,39.3,27.34
8350952,39.3,27.34
8351254,39.3,27.34
8351556,39.3,27.34
8351858,39.3,27.34
8352160,39.3,27.35
8352462,39.3,27.35
8352764,39.3,27.34
8353066,39.3,27.34
8353368,39.3,27.34
8353670,39.3,27.35
8353972,39.3,27.34
8354274,39.3,27.34
8354576,39.3,27.34
8354878,39.3,27.34
8355180,39.3,27.35
8355482,39.3,27.35
8355784,39.3,27.34
8356086,39.3,27.35
8356388,39.3,27.34
8356690,39.3,27.35
8356992,39.3,27.35
8357294,39.3,27.35
8357596,39.3,27.35
8357898,39.3,27.35
8358200,39.3,27.35
8358502,39.3,27.35
8358804,39.3,27.35
8359106,38.3,27.35
8359408,38.3,27.35
8359710,39.3,27.35
8360012,39.3,27.35
8360314,38.3,27.35
8360616,39.3,27.35
8360918,39.3,27.35
8361220,39.3,27.35
8361522,39.3,27.36
8361824,39.3,27.35
8362126,39.3,27.35
8362428,39.3,27.35
8362730,39.3,27.36
8363032,39.3,27.36
8363334,39.3,27.36
8363636,39.3,27.35
8363938,39.3,27.35
8364240,39.3,27.35
8364542,39.3,27.35
8364844,39.3,27.35
8365146,39.3,27.35
8365448,39.3,27.36
8365750,39.3,27.35
8366052,39.3,27.35
8366354,39.3,27.36
8366656,39.3,27.36
8366958,39.3,27.36
8367260,39.3,27.35
8367562,39.3,27.36
8367864,39.3,27.35
8368166,39.3,27.36
8368468,38.3,27.36
8368770,39.3,27.36
8369072,39.3,27.35
8369374,39.3,27.36
8369676,39.3,27.36
8369978,39.3,27.36
8370280,39.3,27.36
8370582,39.3,27.36
8370884,39.3,27.36
8371186,39.3,27.36
8371488,39.3,27.36
8371790,39.3,27.36
8372092,39.3,27.36
8372394,39.3,27.36
8372696,39.3,27.36
8372998,40.3,27.35
8373300,39.3,27.35
8373602,39.3,27.36
8373904,39.3,27.36
8374206,39.3,27.36
8374508,39.3,27.36
8374810,39.3,27.36
8375112,39.3,27.37
8375414,39.3,27.36
8375716,39.3,27.36
8376018,39.3,27.36
8376320,39.3,27.36
8376622,39.3,27.36
8376924,39.3,27.36
8377226,39.3,27.35
8377528,39.3,27.35
8377830,39.3,27.35
8378132,39.3,27.36
8378434,39.3,27.36
8378736,39.3,27.36
8379038,39.3,27.36
8379340,39.3,27.36
8379642,39.3,27.35
8379944,38.3,27.36
8380246,39.3,27.35
8380548,39.3,27.35
8380850,38.3,27.35
8381152,39.3,27.35
8381454,39.3,27.35
8381756,39.3,27.35
8382058,38.3,27.35
8382360,39.3,27.35
8382662,39.3,27.35
8382964,39.3,27.35
8383266,39.3,27.35
8383568,39.3,27.35
8383870,39.3,27.35
8384172,39.3,27.35
8384474,39.3,27.34
8384776,39.3,27.34
8385078,39.3,27.35
8385380,39.3,27.35
8385682,39.3,27.35
8385984,39.3,27.35
8386286,39.3,27.35
8386588,39.3,27.35
8386890,39.3,27.35
8387192,38.3,27.34
8387494,39.3,27.34
8387796,39.3,27.35
8388098,39.3,27.35
8388400,39.3,27.35
8388702,39.3,27.35
8389004,39.3,27.34
8389306,39.3,27.35
8389608,39.3,27.35
8389910,39.3,27.35
8390212,38.3,27.34
8390514,39.3,27.35
8390816,39.3,27.34
8391118,39.3,27.34
8391420,39.3,27.34
8391722,39.3,27.34
8392024,39.3,27.34
8392326,39.3,27.34
8392628,39.3,27.34
8392930,39.3,27.34
8393232,39.3,27.34
8393534,39.3,27.34
8393836,39.3,27.34
8394138,39.3,27.34
8394440,39.3,27.34
8394742,39.3,27.34
8395044,39.3,27.34
8395346,39.3,27.34
8395648,39.3,27.34
8395950,39.3,27.34
8396252,39.3,27.34
8396554,39.3,27.34
8396856,39.3,27.34
8397158,39.3,27.34
8397460,39.3,27.34
8397762,39.3,27.34
8398064,39.3,27.34
8398366,39.3,27.34
8398668,39.3,27.34
8398970,39.3,27.34
8399272,39.3,27.34
8399574,39.3,27.34
8399876,40.3,27.34
8400178,39.3,27.34
8400480,39.3,27.35
8400782,39.3,27.34
8401084,39.3,27.34
8401386,39.3,27.34
8401688,39.3,27.34
8401990,39.3,27.34
8402292,38.3,27.35
8402594,39.3,27.34
8402896,39.3,27.35
8403198,39.3,27.34
8403500,39.3,27.34
8403802,39.3,27.34
8404104,39.3,27.34
8404406,39.3,27.34
8404708,39.3,27.34
8405010,39.3,27.34
8405312,39.3,27.34
8405614,39.3,27.34
8405916,39.3,27.34
8406218,39.3,27.35
8406520,39.3,27.35
8406822,39.3,27.34
8407124,39.3,27.34
8407426,39.3,27.34
8407728,39.3,27.34
8408030,39.3,27.34
8408332,38.3,27.34
8408634,39.3,27.34
8408936,39.3,27.34
8409238,39.3,27.34
8409540,38.3,27.34
8409842,39.3,27.34
8410144,39.3,27.33
8410446,39.3,27.34
8410748,39.3,27.34
8411050,39.3,27.33
8411352,39.3,27.34
8411654,39.3,27.34
8411956,39.3,27.33
8412258,39.3,27.33
8412560,39.3,27.33
8412862,39.3,27.34
8413164,39.3,27.33
8413466,39.3,27.33
8413768,39.3,27.34
8414070,39.3,27.33
8414372,39.3,27.33
8414674,39.3,27.33
8414976,38.3,27.33
8415278,39.3,27.34
8415580,39.3,27.34
8415882,39.3,27.34
8416184,39.3,27.34
8416486,39.3,27.34
8416788,39.3,27.34
8417090,39.3,27.33
8417392,39.3,27.34
8417694,39.3,27.34
8417996,39.3,27.34
8418298,39.3,27.34
8418600,39.3,27.34
8418902,38.3,27.33
8419204,38.3,27.33
8419506,39.3,27.34
8419808,39.3,27.34
8420110,39.3,27.33
8420412,39.3,27.34
8420714,38.3,27.34
8421016,39.3,27.33
8421318,39.3,27.33
8421620,39.3,27.33
8421922,39.3,27.34
8422224,39.3,27.34
8422526,39.3,27.34
8422828,39.3,27.33
8423130,39.3,27.33
8423432,39.3,27.34
8423734,39.3,27.34
8424036,39.3,27.33
8424338,39.3,27.34
8424640,39.3,27.33
8424942,38.3,27.34
8425244,39.3,27.33
8425546,39.3,27.33
8425848,39.3,27.33
8426150,39.3,27.33
8426452,39.3,27.33
8426754,39.3,27.33
8427056,39.3,27.34
8427358,39.3,27.33
8427660,39.3,27.34
8427962,39.3,27.33
8428264,39.3,27.34
8428566,39.3,27.33
8428868,38.3,27.33
8429170,38.3,27.33
8429472,38.3,27.33
8429774,38.3,27.33
8430076,38.3,27.33
8430378,38.3,27.33
8430680,39.3,27.33
8430982,39.3,27.33
8431284,39.3,27.33
8431586,39.3,27.33
8431888,39.3,27.32
8432190,39.3,27.32
8432492,39.3,27.32
8432794,39.3,27.32
8433096,39.3,27.33
8433398,39.3,27.33
8433700,39.3,27.34
8434002,39.3,27.35
8434304,39.3,27.35
8434606,39.3,27.35
8434908,39.3,27.35
8435210,39.3,27.35
8435512,39.3,27.35
8435814,39.3,27.35
8436116,39.3,27.35
8436418,39.3,27.35
8436720,39.3,27.35
8437022,39.3,27.36
8437324,39.3,27.36
8437626,39.3,27.36
8437928,39.3,27.36
8438230,39.3,27.36
8438532,39.3,27.36
8438834,39.3,27.36
8439136,38.3,27.36
8439438,39.3,27.35
8439740,39.3,27.34
8440042,38.3,27.35
8440344,39.3,27.34
8440646,38.3,27.34
8440948,38.3,27.34
8441250,39.3,27.34
8441552,39.3,27.34
8441854,39.3,27.34
8442156,39.3,27.34
8442458,39.3,27.33
8442760,39.3,27.33
8443062,39.3,27.33
8443364,39.3,27.33
8443666,38.3,27.33
8443968,38.3,27.33
8444270,39.3,27.33
8444572,39.3,27.33
8444874,38.3,27.33
8445176,39.3,27.33
8445478,39.3,27.33
8445780,39.3,27.33
8446082,38.3,27.33
8446384,38.3,27.34
8446686,39.3,27.33
8446988,39.3,27.33
8447290,39.3,27.34
8447592,39.3,27.34
8447894,39.3,27.34
8448196,39.3,27.34
8448498,39.3,27.34
8448800,39.3,27.34
8449102,39.3,27.35
8449404,39.3,27.35
8449706,39.3,27.35
8450008,39.3,27.35
8450310,39.3,27.35
8450612,39.3,27.35
8450914,39.3,27.35
8451216,39.3,27.35
8451518,39.3,27.35
8451820,39.3,27.35
8452122,38.3,27.35
8452424,38.3,27.35
8452726,39.3,27.35
8453028,39.3,27.35
8453330,39.3,27.35
8453632,39.3,27.35
8453934,39.3,27.35
8454236,38.3,27.36
8454538,39.3,27.36
8454840,39.3,27.36
8455142,39.3,27.36
8455444,39.3,27.36
8455746,39.3,27.36
8456048,38.3,27.36
8456350,39.3,27.36
8456652,38.3,27.36
8456954,38.3,27.36
8457256,39.3,27.36
8457558,39.3,27.36
8457860,39.3,27.36
8458162,40.3,27.36
8458464,39.3,27.36
8458766,39.3,27.37
8459068,39.3,27.37
8459370,39.3,27.37
8459672,39.3,27.37
8459974,39.3,27.37
8460276,39.3,27.37
8460578,39.3,27.37
8460880,39.3,27.37
8461182,39.3,27.37
8461484,39.3,27.37
8461786,39.3,27.37
8462088,39.3,27.37
8462390,39.3,27.37
8462692,39.3,27.37
8462994,39.3,27.38
8463296,39.3,27.38
8463598,39.3,27.37
8463900,39.3,27.38
8464202,39.3,27.38
8464504,39.3,27.38
8464806,39.3,27.38
8465108,39.3,27.38
8465410,39.3,27.38
8465712,39.3,27.38
8466014,39.3,27.38
8466316,39.3,27.38
8466618,39.3,27.38
8466920,39.3,27.38
8467222,39.3,27.38
8467524,38.3,27.38
8467826,38.3,27.38
8468128,39.3,27.38
8468430,38.3,27.37
8468732,39.3,27.37
8469034,39.3,27.37
8469336,39.3,27.38
8469638,39.3,27.38
8469940,38.3,27.38
8470242,39.3,27.37
8470544,39.3,27.37
8470846,39.3,27.37
8471148,39.3,27.37
8471450,39.3,27.37
8471752,39.3,27.38
8472054,39.3,27.37
8472356,39.3,27.37
8472658,39.3,27.37
8472960,39.3,27.37
8473262,39.3,27.38
8473564,39.3,27.38
8473866,38.3,27.38
8474168,39.3,27.37
8474470,39.3,27.38
8474772,39.3,27.38
8475074,39.3,27.38
8475376,39.3,27.38
8475678,38.3,27.38
8475980,39.3,27.38
8476282,38.3,27.38
8476584,39.3,27.38
8476886,39.3,27.38
8477188,39.3,27.39
8477490,39.3,27.39
8477792,39.3,27.39
8478094,39.3,27.39
8478396,38.3,27.39
8478698,39.3,27.39
8479000,39.3,27.39
8479302,39.3,27.39
8479604,39.3,27.39
8479906,39.3,27.39
8480208,39.3,27.39
8480510,39.3,27.39
8480812,39.3,27.39
8481114,39.3,27.39
8481416,39.3,27.39
8481718,39.3,27.39
8482020,39.3,27.39
8482322,39.3,27.39
8482624,39.3,27.39
8482926,39.3,27.39
8483228,39.3,27.39
8483530,39.3,27.39
8483832,39.3,27.39
8484134,39.3,27.39
8484436,39.3,27.39
8484738,39.3,27.39
8485040,39.3,27.39
8485342,38.3,27.39
8485644,39.3,27.39
8485946,39.3,27.39
8486248,39.3,27.39
8486550,39.3,27.39
8486852,39.3,27.39
8487154,39.3,27.39
8487456,39.3,27.39
8487758,39.3,27.39
8488060,39.3,27.40
8488362,39.3,27.40
8488664,39.3,27.39
8488966,38.3,27.39
8489268,38.3,27.39
8489570,39.3,27.40
8489872,39.3,27.40
8490174,39.3,27.40
8490476,39.3,27.40
8490778,39.3,27.39
8491080,39.3,27.40
8491382,39.3,27.40
8491684,39.3,27.40
8491986,39.3,27.40
8492288,39.3,27.39
8492590,39.3,27.39
8492892,39.3,27.40
8493194,39.3,27.39
8493496,39.3,27.39
8493798,39.3,27.39
8494100,39.3,27.39
8494402,39.3,27.39
8494704,39.3,27.39
8495006,39.3,27.40
8495308,39.3,27.39
8495610,39.3,27.40
8495912,39.3,27.39
8496214,39.3,27.40
8496516,39.3,27.39
8496818,39.3,27.39
8497120,39.3,27.39
8497422,39.3,27.39
8497724,39.3,27.39
8498026,39.3,27.39
8498328,39.3,27.40
8498630,39.3,27.40
8498932,39.3,27.40
8499234,39.3,27.39
8499536,39.3,27.40
8499838,39.3,27.40
8500140,39.3,27.40
8500442,39.3,27.40
8500744,39.3,27.40
8501046,39.3,27.40
8501348,39.3,27.40
8501650,39.3,27.40
8501952,39.3,27.40
8502254,38.3,27.40
8502556,38.3,27.40
8502858,39.3,27.40
8503160,39.3,27.40
8503462,38.3,27.40
8503764,39.3,27.40
8504066,39.3,27.40
8504368,39.3,27.40
8504670,39.3,27.40
8504972,39.3,27.40
8505274,39.3,27.41
8505576,39.3,27.40
8505878,38.3,27.40
8506180,38.3,27.40
