--- Terminal on /dev/ttyACM2 | 115200 8-N-1
--- Available filters and text transformations: debug, default, direct, esp32_exception_decoder, hexlify, log2file, nocontrol, printable, send_on_enter, time
--- More details at https://bit.ly/pio-monitor-filters
--- Quit: Ctrl+C | Menu: Ctrl+T | Help: Ctrl+T followed by Ctrl+H
8913,24.6,23.22
9615,24.6,23.21
10317,24.6,23.19
11019,24.6,23.18
11721,24.6,23.17
12423,24.6,23.15
13125,24.6,23.14
13827,25.6,23.13
14529,25.6,23.12
15231,25.6,23.10
15933,25.6,23.08
16635,25.6,23.07
17337,25.6,23.06
18039,25.6,23.04
18741,25.6,23.02
19443,25.6,23.01
20145,25.6,22.99
20847,25.6,22.98
21549,25.6,22.95
22251,26.6,22.93
22953,26.6,22.92
23655,27.6,22.90
24357,26.6,22.88
25059,26.6,22.87
25761,26.6,22.85
26463,26.6,22.83
27165,26.6,22.82
27867,26.6,22.81
28569,26.6,22.79
29271,26.6,22.76
29973,25.6,22.75
30675,26.6,22.73
31377,26.6,22.72
32079,26.6,22.69
32781,26.6,22.68
33483,26.6,22.66
34185,26.6,22.64
34887,26.6,22.63
35589,26.6,22.61
36291,26.6,22.59
36993,26.6,22.57
37695,27.6,22.56
38397,27.6,22.54
39099,27.6,22.52
39801,26.6,22.50
40503,26.6,22.49
41205,27.6,22.45
41907,27.6,22.43
42609,27.6,22.42
43311,27.6,22.40
44013,27.6,22.38
44715,27.6,22.36
45417,27.6,22.34
46119,27.6,22.32
46821,27.6,22.30
47523,27.6,22.28
48225,27.6,22.26
48927,27.6,22.24
49629,27.6,22.22
50331,27.6,22.20
51033,27.6,22.18
51735,27.6,22.16
52437,27.6,22.13
53139,27.6,22.11
53841,27.6,22.09
54543,27.6,22.07
55245,27.6,22.05
55947,27.6,22.03
56649,26.6,22.01
57351,27.6,21.98
58053,27.6,21.97
58755,27.6,21.95
59457,27.6,21.92
60159,27.6,21.90
60861,27.6,21.89
61563,27.6,21.86
62265,27.6,21.84
62967,27.6,21.82
63669,27.6,21.79
64371,27.6,21.77
65073,27.6,21.75
65775,27.6,21.73
66477,27.6,21.70
67179,26.6,21.68
67881,27.6,21.66
68583,27.6,21.64
69285,27.6,21.61
69987,27.6,21.59
70689,27.6,21.57
71391,27.6,21.55
72093,27.6,21.52
72795,27.6,21.50
73497,27.6,21.47
74199,27.6,21.46
74901,27.6,21.43
75603,27.6,21.42
76305,27.6,21.39
77007,27.6,21.37
77709,27.6,21.35
78411,27.6,21.33
79113,27.6,21.31
79815,27.6,21.29
80517,27.6,21.26
81219,27.6,21.24
81921,27.6,21.22
82623,27.6,21.20
83325,27.6,21.18
84027,27.6,21.15
84729,27.6,21.13
85431,27.6,21.11
86133,27.6,21.08
86835,28.6,21.06
87537,28.6,21.04
88239,27.6,21.03
88941,27.6,21.00
89643,27.6,20.98
90345,27.6,20.96
91047,28.6,20.94
91749,27.6,20.92
92451,27.6,20.90
93153,27.6,20.87
93855,27.6,20.85
94557,27.6,20.83
95259,27.6,20.81
95961,27.6,20.79
96663,27.6,20.76
97365,27.6,20.74
98067,27.6,20.72
98769,27.6,20.70
99471,27.6,20.68
100173,27.6,20.66
100875,27.6,20.64
101577,27.6,20.62
102279,28.6,20.60
102981,27.6,20.58
103683,27.6,20.56
104385,27.6,20.54
105087,27.6,20.51
105789,27.6,20.49
106491,27.6,20.47
107193,27.6,20.45
107895,27.6,20.43
108597,27.6,20.41
109299,27.6,20.38
110001,27.6,20.36
110703,27.6,20.34
111405,27.6,20.32
112107,27.6,20.30
112809,27.6,20.28
113511,27.6,20.26
114213,27.6,20.24
114915,27.6,20.21
115617,27.6,20.19
116319,27.6,20.17
117021,27.6,20.15
117723,27.6,20.13
118425,27.6,20.11
119127,26.6,20.09
119829,27.6,20.07
120531,27.6,20.05
121233,26.6,20.03
121935,27.6,20.01
122637,27.6,19.99
123339,27.6,19.97
124041,27.6,19.95
124743,27.6,19.93
125445,27.6,19.91
126147,27.6,19.89
126849,27.6,19.87
127551,27.6,19.85
128253,27.6,19.83
128955,27.6,19.80
129657,27.6,19.79
130359,27.6,19.77
131061,26.6,19.75
131763,26.6,19.73
132465,26.6,19.71
133167,26.6,19.69
133869,27.6,19.67
134571,27.6,19.66
135273,27.6,19.64
135975,27.6,19.62
136677,27.6,19.60
137379,27.6,19.58
138081,27.6,19.56
138783,27.6,19.54
139485,27.6,19.52
140187,26.6,19.50
140889,26.6,19.48
141591,26.6,19.46
142293,26.6,19.44
142995,26.6,19.42
143697,26.6,19.41
144399,26.6,19.39
145101,26.6,19.37
145803,26.6,19.35
146505,26.6,19.33
147207,26.6,19.31
147909,26.6,19.29
148611,26.6,19.27
149313,26.6,19.25
150015,26.6,19.23
150717,27.6,19.20
151419,27.6,19.20
152121,27.6,19.18
152823,27.6,19.16
153525,27.6,19.14
154227,26.6,19.12
154929,27.6,19.10
155631,26.6,19.08
156333,27.6,19.06
157035,26.6,19.04
157737,27.6,19.02
158439,26.6,19.00
159141,26.6,18.99
159843,26.6,18.97
160545,27.6,18.95
161247,27.6,18.93
161949,27.6,18.91
162651,27.6,18.89
163353,26.6,18.87
164055,26.6,18.86
164757,26.6,18.84
165459,26.6,18.82
166161,26.6,18.80
166863,26.6,18.79
167565,27.6,18.77
168267,27.6,18.75
168969,27.6,18.73
169671,27.6,18.72
170373,27.6,18.70
171075,27.6,18.68
171777,26.6,18.66
172479,26.6,18.65
173181,26.6,18.63
173883,26.6,18.61
174585,26.6,18.59
175287,26.6,18.57
175989,26.6,18.55
176691,26.6,18.54
177393,27.6,18.53
178095,27.6,18.50
178797,26.6,18.49
179499,26.6,18.47
180201,27.6,18.45
180903,27.6,18.43
181605,27.6,18.42
182307,27.6,18.40
183009,26.6,18.39
183711,26.6,18.37
184413,26.6,18.35
185115,27.6,18.33
185817,27.6,18.32
186519,27.6,18.30
187221,27.6,18.29
187923,27.6,18.27
188625,27.6,18.25
189327,27.6,18.23
190029,26.6,18.22
190731,26.6,18.20
191433,26.6,18.18
192135,26.6,18.17
192837,26.6,18.15
193539,25.6,18.14
194241,26.6,18.12
194943,26.6,18.10
195645,26.6,18.09
196347,26.6,18.07
197049,26.6,18.06
197751,26.6,18.04
198453,26.6,18.02
199155,26.6,18.00
199857,26.6,17.98
200559,26.6,17.97
201261,26.6,17.95
201963,25.6,17.94
202665,26.6,17.91
203367,26.6,17.90
204069,25.6,17.88
204771,26.6,17.87
205473,26.6,17.85
206175,26.6,17.84
206877,26.6,17.82
207579,26.6,17.80
208281,26.6,17.78
208983,26.6,17.77
209685,26.6,17.75
210387,26.6,17.74
211089,26.6,17.72
211791,26.6,17.70
212493,26.6,17.69
213195,25.6,17.67
213897,25.6,17.66
214599,25.6,17.64
215301,25.6,17.63
216003,25.6,17.61
216705,26.6,17.58
217407,25.6,17.57
218109,25.6,17.57
218811,26.6,17.55
219513,26.6,17.53
220215,25.6,17.52
220917,25.6,17.50
221619,26.6,17.49
222321,25.6,17.47
223023,26.6,17.46
223725,26.6,17.44
224427,26.6,17.43
225129,26.6,17.41
225831,26.6,17.40
226533,26.6,17.38
227235,26.6,17.37
227937,25.6,17.35
228639,25.6,17.34
229341,25.6,17.32
230043,25.6,17.30
230745,25.6,17.29
231447,25.6,17.27
232149,25.6,17.26
232851,25.6,17.24
233553,25.6,17.22
234255,25.6,17.21
234957,25.6,17.20
235659,25.6,17.18
236361,26.6,17.17
237063,25.6,17.16
237765,25.6,17.14
238467,25.6,17.12
239169,25.6,17.12
239871,25.6,17.10
240573,25.6,17.08
241275,25.6,17.07
241977,26.6,17.06
242679,25.6,17.04
243381,25.6,17.02
244083,25.6,17.01
244785,25.6,16.99
245487,25.6,16.98
246189,25.6,16.97
246891,25.6,16.95
247593,25.6,16.94
248295,25.6,16.92
248997,25.6,16.91
249699,24.6,16.89
250401,25.6,16.88
251103,25.6,16.87
251805,25.6,16.85
252507,25.6,16.84
253209,25.6,16.82
253911,25.6,16.81
254613,25.6,16.79
255315,25.6,16.78
256017,25.6,16.77
256719,25.6,16.75
257421,25.6,16.74
258123,25.6,16.73
258825,25.6,16.71
259527,25.6,16.70
260229,25.6,16.68
260931,25.6,16.67
261633,25.6,16.65
262335,24.6,16.63
263037,24.6,16.62
263739,25.6,16.61
264441,25.6,16.59
265143,25.6,16.58
265845,25.6,16.57
266547,25.6,16.55
267249,25.6,16.54
267951,25.6,16.52
268653,25.6,16.51
269355,25.6,16.50
270057,25.6,16.49
270759,25.6,16.47
271461,25.6,16.45
272163,25.6,16.44
272865,25.6,16.43
273567,24.6,16.42
274269,24.6,16.40
274971,24.6,16.39
275673,24.6,16.37
276375,24.6,16.36
277077,25.6,16.35
277779,25.6,16.34
278481,25.6,16.32
279183,25.6,16.30
279885,25.6,16.29
280587,25.6,16.28
281289,25.6,16.26
281991,25.6,16.25
282693,25.6,16.24
283395,24.6,16.23
284097,25.6,16.20
284799,25.6,16.19
285501,25.6,16.18
286203,25.6,16.17
286905,25.6,16.15
287607,24.6,16.14
288309,25.6,16.13
289011,24.6,16.12
289713,24.6,16.10
290415,24.6,16.09
291117,24.6,16.08
291819,24.6,16.07
292521,24.6,16.06
293223,24.6,16.05
293925,24.6,16.04
294627,24.6,16.02
295329,24.6,16.01
296031,24.6,15.99
296733,24.6,15.98
297435,23.6,15.96
298137,23.6,15.95
298839,23.6,15.94
299541,24.6,15.93
300243,24.6,15.91
300945,24.6,15.90
301647,24.6,15.89
302349,24.6,15.88
303051,24.6,15.87
303753,24.6,15.85
304455,24.6,15.84
305157,24.6,15.83
305859,24.6,15.82
306561,24.6,15.81
307263,24.6,15.79
307965,24.6,15.78
308667,24.6,15.77
309369,23.6,15.75
310071,24.6,15.74
310773,23.6,15.73
311475,24.6,15.72
312177,24.6,15.71
312879,24.6,15.70
313581,24.6,15.68
314283,24.6,15.67
314985,24.6,15.66
315687,24.6,15.64
316389,24.6,15.63
317091,24.6,15.62
317793,24.6,15.61
318495,24.6,15.60
319197,24.6,15.58
319899,24.6,15.57
320601,24.6,15.56
321303,24.6,15.54
322005,24.6,15.53
322707,24.6,15.52
323409,24.6,15.52
324111,24.6,15.50
324813,24.6,15.49
325515,24.6,15.47
326217,24.6,15.46
326919,24.6,15.45
327621,24.6,15.44
328323,24.6,15.43
329025,24.6,15.42
329727,24.6,15.40
330429,24.6,15.39
331131,23.6,15.38
331833,23.6,15.37
332535,23.6,15.35
333237,24.6,15.34
333939,24.6,15.33
334641,24.6,15.32
335343,24.6,15.31
336045,24.6,15.29
336747,24.6,15.29
337449,24.6,15.27
338151,24.6,15.26
338853,24.6,15.25
339555,25.6,15.24
340257,24.6,15.23
340959,24.6,15.21
341661,24.6,15.20
342363,24.6,15.20
343065,24.6,15.18
343767,23.6,15.17
344469,23.6,15.15
345171,23.6,15.14
345873,23.6,15.13
346575,23.6,15.12
347277,23.6,15.11
347979,23.6,15.10
348681,24.6,15.09
349383,24.6,15.08
350085,24.6,15.07
350787,23.6,15.05
351489,23.6,15.04
352191,23.6,15.03
352893,23.6,15.02
353595,24.6,15.00
354297,24.6,14.99
354999,24.6,14.98
355701,24.6,14.97
356403,24.6,14.96
357105,23.6,14.95
357807,23.6,14.94
358509,23.6,14.93
359211,23.6,14.92
359913,23.6,14.90
360615,23.6,14.89
361317,24.6,14.88
362019,23.6,14.87
362721,23.6,14.86
363423,23.6,14.85
364125,23.6,14.84
364827,23.6,14.83
365529,23.6,14.82
366231,23.6,14.80
366933,23.6,14.80
367635,23.6,14.78
368337,23.6,14.78
369039,23.6,14.76
369741,23.6,14.76
370443,23.6,14.75
371145,23.6,14.73
371847,23.6,14.72
372549,23.6,14.71
373251,23.6,14.70
373953,23.6,14.69
374655,23.6,14.67
375357,23.6,14.67
376059,23.6,14.66
376761,23.6,14.65
377463,23.6,14.63
378165,23.6,14.63
378867,23.6,14.61
379569,23.6,14.61
380271,23.6,14.60
380973,23.6,14.58
381675,23.6,14.57
382377,23.6,14.56
383079,23.6,14.56
383781,23.6,14.54
384483,23.6,14.53
385185,23.6,14.52
385887,23.6,14.51
386589,23.6,14.50
387291,23.6,14.49
387993,23.6,14.48
388695,22.6,14.46
389397,22.6,14.45
390099,22.6,14.44
390801,22.6,14.43
391503,23.6,14.43
392205,23.6,14.41
392907,23.6,14.40
393609,23.6,14.39
394311,23.6,14.38
395013,23.6,14.37
395715,23.6,14.36
396417,23.6,14.35
397119,23.6,14.34
397821,23.6,14.33
398523,23.6,14.32
399225,23.6,14.31
399927,23.6,14.30
400629,23.6,14.29
401331,23.6,14.28
402033,23.6,14.27
402735,23.6,14.26
403437,23.6,14.25
404139,23.6,14.24
404841,23.6,14.23
405543,23.6,14.22
406245,23.6,14.21
406947,23.6,14.20
407649,23.6,14.19
408351,23.6,14.18
409053,23.6,14.17
409755,23.6,14.16
410457,23.6,14.15
411159,23.6,14.15
411861,23.6,14.14
412563,23.6,14.13
413265,23.6,14.12
413967,23.6,14.11
414669,23.6,14.10
415371,23.6,14.09
416073,23.6,14.08
416775,23.6,14.06
417477,23.6,14.05
418179,23.6,14.05
418881,23.6,14.03
419583,23.6,14.02
420285,23.6,14.02
420987,23.6,14.00
421689,23.6,14.00
422391,23.6,13.99
423093,23.6,13.98
423795,22.6,13.97
424497,22.6,13.96
425199,23.6,13.95
425901,23.6,13.94
426603,22.6,13.93
427305,22.6,13.91
428007,23.6,13.90
428709,23.6,13.89
429411,23.6,13.89
430113,23.6,13.88
430815,23.6,13.87
431517,23.6,13.86
432219,23.6,13.85
432921,23.6,13.84
433623,23.6,13.83
434325,22.6,13.82
435027,22.6,13.81
435729,22.6,13.80
436431,23.6,13.79
437133,23.6,13.78
437835,22.6,13.77
438537,22.6,13.76
439239,22.6,13.75
439941,22.6,13.74
440643,22.6,13.73
441345,22.6,13.72
442047,23.6,13.71
442749,22.6,13.70
443451,22.6,13.69
444153,22.6,13.69
444855,22.6,13.67
445557,23.6,13.66
446259,23.6,13.66
446961,22.6,13.65
447663,22.6,13.64
448365,22.6,13.63
449067,22.6,13.62
449769,23.6,13.61
450471,23.6,13.60
451173,23.6,13.59
451875,22.6,13.58
452577,22.6,13.57
453279,22.6,13.56
453981,22.6,13.56
454683,22.6,13.55
455385,22.6,13.54
456087,21.6,13.53
456789,22.6,13.52
457491,22.6,13.51
458193,22.6,13.50
458895,22.6,13.49
459597,22.6,13.49
460299,22.6,13.48
461001,22.6,13.47
461703,23.6,13.46
462405,23.6,13.45
463107,22.6,13.44
463809,22.6,13.42
464511,22.6,13.42
465213,22.6,13.41
465915,23.6,13.40
466617,22.6,13.39
467319,22.6,13.38
468021,22.6,13.38
468723,22.6,13.37
469425,21.6,13.36
470127,21.6,13.35
470829,21.6,13.34
471531,22.6,13.33
472233,22.6,13.32
472935,22.6,13.31
473637,22.6,13.31
474339,22.6,13.30
475041,22.6,13.29
475743,22.6,13.28
476445,22.6,13.28
477147,22.6,13.26
477849,22.6,13.25
478551,22.6,13.26
479253,22.6,13.25
479955,22.6,13.23
480657,22.6,13.23
481359,22.6,13.21
482061,22.6,13.20
482763,22.6,13.19
483465,22.6,13.19
484167,22.6,13.18
484869,22.6,13.17
485571,22.6,13.16
486273,22.6,13.15
486975,21.6,13.14
487677,21.6,13.13
488379,21.6,13.12
489081,21.6,13.12
489783,22.6,13.11
490485,21.6,13.10
491187,22.6,13.09
491889,22.6,13.07
492591,22.6,13.07
493293,22.6,13.06
493995,22.6,13.05
494697,21.6,13.05
495399,22.6,13.04
496101,22.6,13.03
496803,22.6,13.02
497505,22.6,13.02
498207,22.6,13.01
498909,22.6,13.00
499611,22.6,12.99
500313,21.6,12.98
501015,21.6,12.97
501717,21.6,12.97
502419,21.6,12.96
503121,21.6,12.95
503823,22.6,12.94
504525,22.6,12.93
505227,22.6,12.92
505929,22.6,12.92
506631,22.6,12.91
507333,21.6,12.90
508035,21.6,12.89
508737,21.6,12.88
509439,21.6,12.87
510141,21.6,12.86
510843,21.6,12.86
511545,21.6,12.85
512247,21.6,12.84
512949,21.6,12.83
513651,22.6,12.83
514353,22.6,12.82
515055,22.6,12.81
515757,21.6,12.80
516459,22.6,12.79
517161,21.6,12.78
517863,22.6,12.77
518565,21.6,12.76
519267,21.6,12.76
519969,21.6,12.75
520671,21.6,12.74
521373,21.6,12.73
522075,21.6,12.73
522777,21.6,12.72
523479,21.6,12.71
524181,21.6,12.70
524883,22.6,12.69
525585,22.6,12.69
526287,22.6,12.67
526989,21.6,12.67
527691,21.6,12.66
528393,21.6,12.65
529095,21.6,12.64
529797,21.6,12.64
530499,21.6,12.63
531201,21.6,12.62
531903,21.6,12.61
532605,21.6,12.60
533307,21.6,12.59
534009,21.6,12.58
534711,21.6,12.58
535413,21.6,12.57
536115,21.6,12.56
536817,21.6,12.55
537519,21.6,12.54
538221,21.6,12.54
538923,21.6,12.53
539625,21.6,12.52
540327,21.6,12.52
541029,21.6,12.51
541731,21.6,12.50
542433,21.6,12.49
543135,21.6,12.49
543837,21.6,12.48
544539,21.6,12.47
545241,21.6,12.46
545943,21.6,12.45
546645,21.6,12.44
547347,21.6,12.43
548049,21.6,12.42
548751,21.6,12.42
549453,21.6,12.41
550155,21.6,12.41
550857,21.6,12.40
551559,21.6,12.39
552261,21.6,12.38
552963,21.6,12.38
553665,21.6,12.37
554367,21.6,12.36
555069,21.6,12.35
555771,21.6,12.35
556473,21.6,12.34
557175,21.6,12.34
557877,20.6,12.33
558579,20.6,12.32
559281,21.6,12.31
559983,21.6,12.30
560685,21.6,12.29
561387,21.6,12.28
562089,22.6,12.28
562791,21.6,12.28
563493,21.6,12.26
564195,21.6,12.26
564897,21.6,12.25
565599,21.6,12.24
566301,21.6,12.23
567003,20.6,12.22
567705,20.6,12.21
568407,20.6,12.21
569109,20.6,12.20
569811,20.6,12.20
570513,20.6,12.19
571215,20.6,12.18
571917,20.6,12.18
572619,20.6,12.17
573321,21.6,12.16
574023,21.6,12.15
574725,21.6,12.14
575427,21.6,12.13
576129,20.6,12.13
576831,20.6,12.12
577533,20.6,12.11
578235,21.6,12.11
578937,21.6,12.10
579639,20.6,12.09
580341,20.6,12.08
581043,21.6,12.08
581745,21.6,12.07
582447,21.6,12.06
583149,20.6,12.05
583851,20.6,12.05
584553,20.6,12.05
585255,20.6,12.04
585957,20.6,12.03
586659,20.6,12.02
587361,20.6,12.02
588063,20.6,12.00
588765,20.6,12.00
589467,20.6,11.99
590169,20.6,11.99
590871,20.6,11.98
591573,20.6,11.97
592275,20.6,11.97
592977,20.6,11.96
593679,20.6,11.95
594381,20.6,11.95
595083,20.6,11.94
595785,20.6,11.93
596487,20.6,11.93
597189,20.6,11.92
597891,20.6,11.91
598593,20.6,11.90
599295,20.6,11.89
599997,20.6,11.89
600699,20.6,11.88
601401,20.6,11.88
602103,20.6,11.87
602805,20.6,11.86
603507,20.6,11.86
604209,20.6,11.85
604911,20.6,11.84
605613,20.6,11.83
606315,20.6,11.82
607017,20.6,11.82
607719,20.6,11.82
608421,20.6,11.81
609123,20.6,11.80
609825,20.6,11.79
610527,20.6,11.78
611229,21.6,11.78
611931,20.6,11.77
612633,21.6,11.76
613335,20.6,11.75
614037,20.6,11.75
614739,20.6,11.74
615441,20.6,11.73
616143,20.6,11.73
616845,20.6,11.72
617547,20.6,11.71
618249,20.6,11.71
618951,20.6,11.70
619653,20.6,11.69
620355,20.6,11.68
621057,20.6,11.68
621759,20.6,11.67
622461,20.6,11.67
623163,20.6,11.66
623865,20.6,11.66
624567,21.6,11.65
625269,21.6,11.64
625971,20.6,11.63
626673,20.6,11.62
627375,20.6,11.62
628077,20.6,11.62
628779,20.6,11.61
629481,20.6,11.60
630183,20.6,11.59
630885,20.6,11.59
631587,20.6,11.58
632289,20.6,11.57
632991,20.6,11.57
633693,20.6,11.56
634395,20.6,11.56
635097,20.6,11.55
635799,20.6,11.54
636501,20.6,11.54
637203,20.6,11.53
637905,20.6,11.53
638607,20.6,11.51
639309,21.6,11.51
640011,20.6,11.50
640713,20.6,11.49
641415,20.6,11.48
642117,21.6,11.48
642819,20.6,11.47
643521,20.6,11.46
644223,20.6,11.46
644925,20.6,11.45
645627,20.6,11.45
646329,20.6,11.44
647031,20.6,11.43
647733,20.6,11.43
648435,20.6,11.43
649137,20.6,11.42
649839,20.6,11.41
650541,20.6,11.40
651243,20.6,11.39
651945,20.6,11.39
652647,20.6,11.39
653349,20.6,11.37
654051,20.6,11.37
654753,20.6,11.36
655455,20.6,11.36
656157,20.6,11.34
656859,20.6,11.34
657561,20.6,11.34
658263,20.6,11.33
658965,20.6,11.32
659667,20.6,11.31
660369,20.6,11.30
661071,20.6,11.30
661773,20.6,11.29
662475,20.6,11.29
663177,20.6,11.28
663879,20.6,11.27
664581,20.6,11.27
665283,20.6,11.26
665985,20.6,11.25
666687,20.6,11.25
667389,20.6,11.24
668091,21.6,11.24
668793,20.6,11.23
669495,20.6,11.22
670197,20.6,11.21
670899,20.6,11.21
671601,20.6,11.21
672303,20.6,11.20
673005,20.6,11.19
673707,20.6,11.18
674409,20.6,11.18
675111,20.6,11.18
675813,20.6,11.16
676515,20.6,11.16
677217,20.6,11.14
677919,20.6,11.14
678621,20.6,11.14
679323,20.6,11.13
680025,20.6,11.13
680727,20.6,11.12
681429,20.6,11.11
682131,20.6,11.11
682833,20.6,11.10
683535,20.6,11.10
684237,20.6,11.09
684939,20.6,11.09
685641,20.6,11.08
686343,20.6,11.08
687045,20.6,11.07
687747,20.6,11.06
688449,19.6,11.06
689151,20.6,11.05
689853,20.6,11.05
690555,20.6,11.04
691257,19.6,11.03
691959,19.6,11.03
692661,19.6,11.02
693363,20.6,11.02
694065,19.6,11.01
694767,19.6,11.01
695469,19.6,11.00
696171,19.6,10.99
696873,20.6,10.98
697575,20.6,10.98
698277,20.6,10.98
698979,20.6,10.97
699681,20.6,10.96
700383,19.6,10.96
701085,19.6,10.95
701787,19.6,10.95
702489,20.6,10.94
703191,19.6,10.93
703893,19.6,10.92
704595,19.6,10.93
705297,19.6,10.91
705999,19.6,10.91
706701,19.6,10.90
707403,19.6,10.89
708105,19.6,10.89
708807,19.6,10.88
709509,20.6,10.88
710211,20.6,10.87
710913,19.6,10.87
711615,20.6,10.86
712317,20.6,10.85
713019,19.6,10.84
713721,19.6,10.84
714423,19.6,10.83
715125,19.6,10.82
715827,19.6,10.82
716529,19.6,10.81
717231,19.6,10.81
717933,19.6,10.80
718635,19.6,10.80
719337,19.6,10.79
720039,19.6,10.79
720741,20.6,10.78
721443,20.6,10.77
722145,20.6,10.77
722847,19.6,10.76
723549,19.6,10.76
724251,19.6,10.75
724953,19.6,10.75
725655,19.6,10.74
726357,19.6,10.74
727059,19.6,10.73
727761,19.6,10.72
728463,19.6,10.72
729165,19.6,10.71
729867,19.6,10.70
730569,20.6,10.70
731271,19.6,10.69
731973,19.6,10.69
732675,19.6,10.68
733377,19.6,10.68
734079,19.6,10.67
734781,20.6,10.67
735483,20.6,10.66
736185,20.6,10.65
736887,20.6,10.65
737589,19.6,10.64
738291,19.6,10.64
738993,19.6,10.63
739695,19.6,10.63
740397,19.6,10.62
741099,19.6,10.62
741801,19.6,10.61
742503,19.6,10.61
743205,19.6,10.60
743907,19.6,10.60
744609,19.6,10.59
745311,19.6,10.58
746013,19.6,10.58
746715,19.6,10.58
747417,19.6,10.57
748119,19.6,10.57
748821,19.6,10.56
749523,19.6,10.56
750225,19.6,10.55
750927,19.6,10.54
751629,20.6,10.54
752331,19.6,10.53
753033,19.6,10.53
753735,20.6,10.52
754437,19.6,10.51
755139,20.6,10.50
755841,20.6,10.50
756543,20.6,10.49
757245,20.6,10.49
757947,20.6,10.48
758649,19.6,10.48
759351,19.6,10.48
760053,19.6,10.47
760755,19.6,10.46
761457,19.6,10.46
762159,19.6,10.45
762861,19.6,10.44
763563,19.6,10.44
764265,18.6,10.43
764967,19.6,10.43
765669,20.6,10.43
766371,19.6,10.42
767073,19.6,10.41
767775,19.6,10.41
768477,19.6,10.40
769179,19.6,10.40
769881,19.6,10.39
770583,19.6,10.39
771285,19.6,10.38
771987,19.6,10.38
772689,18.6,10.37
773391,19.6,10.37
774093,19.6,10.36
774795,19.6,10.36
775497,19.6,10.35
776199,19.6,10.34
776901,19.6,10.34
777603,20.6,10.34
778305,20.6,10.33
779007,19.6,10.32
779709,19.6,10.32
780411,19.6,10.31
781113,20.6,10.31
781815,20.6,10.30
782517,20.6,10.30
783219,20.6,10.29
783921,20.6,10.29
784623,19.6,10.28
785325,19.6,10.28
786027,19.6,10.27
786729,19.6,10.27
787431,18.6,10.26
788133,18.6,10.25
788835,19.6,10.25
789537,19.6,10.25
790239,18.6,10.24
790941,19.6,10.23
791643,18.6,10.22
792345,18.6,10.22
793047,18.6,10.21
793749,18.6,10.21
794451,19.6,10.21
795153,19.6,10.19
795855,19.6,10.19
796557,18.6,10.19
797259,19.6,10.18
797961,19.6,10.18
798663,19.6,10.17
799365,19.6,10.17
800067,19.6,10.16
800769,19.6,10.16
801471,18.6,10.15
802173,18.6,10.15
802875,18.6,10.15
803577,18.6,10.14
804279,18.6,10.13
804981,18.6,10.13
805683,18.6,10.12
806385,18.6,10.12
807087,19.6,10.11
807789,18.6,10.10
808491,19.6,10.10
809193,19.6,10.10
809895,19.6,10.09
810597,18.6,10.09
811299,18.6,10.08
812001,18.6,10.08
812703,18.6,10.07
813405,18.6,10.06
814107,19.6,10.07
814809,19.6,10.05
815511,19.6,10.05
816213,19.6,10.04
816915,19.6,10.04
817617,19.6,10.04
818319,19.6,10.03
819021,19.6,10.03
819723,19.6,10.03
820425,19.6,10.02
821127,18.6,10.01
821829,18.6,10.01
822531,18.6,10.00
823233,18.6,9.99
823935,18.6,9.99
824637,19.6,9.99
825339,18.6,9.99
826041,18.6,9.98
826743,18.6,9.97
827445,18.6,9.97
828147,18.6,9.96
828849,18.6,9.95
829551,18.6,9.95
830253,19.6,9.94
830955,18.6,9.94
831657,18.6,9.94
832359,18.6,9.93
833061,18.6,9.92
833763,18.6,9.92
834465,18.6,9.92
835167,19.6,9.91
835869,19.6,9.91
836571,19.6,9.90
837273,18.6,9.90
837975,18.6,9.89
838677,18.6,9.88
839379,18.6,9.88
840081,19.6,9.87
840783,18.6,9.87
841485,18.6,9.86
842187,18.6,9.86
842889,18.6,9.85
843591,18.6,9.85
844293,18.6,9.84
844995,18.6,9.84
845697,18.6,9.83
846399,18.6,9.83
847101,18.6,9.83
847803,18.6,9.82
848505,19.6,9.81
849207,18.6,9.81
849909,18.6,9.81
850611,18.6,9.80
851313,19.6,9.79
852015,18.6,9.79
852717,18.6,9.78
853419,18.6,9.78
854121,18.6,9.78
854823,18.6,9.78
855525,18.6,9.77
856227,18.6,9.77
856929,18.6,9.77
857631,18.6,9.76
858333,19.6,9.75
859035,18.6,9.74
859737,18.6,9.74
860439,18.6,9.74
861141,18.6,9.73
861843,18.6,9.73
862545,18.6,9.72
863247,18.6,9.72
863949,18.6,9.71
864651,19.6,9.71
865353,19.6,9.70
866055,18.6,9.70
866757,18.6,9.70
867459,18.6,9.69
868161,18.6,9.69
868863,18.6,9.69
869565,17.6,9.68
870267,18.6,9.68
870969,18.6,9.67
871671,19.6,9.67
872373,19.6,9.66
873075,19.6,9.65
873777,18.6,9.65
874479,18.6,9.65
875181,18.6,9.64
875883,18.6,9.63
876585,18.6,9.63
877287,17.6,9.63
877989,18.6,9.62
878691,17.6,9.62
879393,18.6,9.62
880095,18.6,9.61
880797,18.6,9.61
881499,18.6,9.60
882201,18.6,9.60
882903,18.6,9.59
883605,18.6,9.59
884307,18.6,9.58
885009,18.6,9.58
885711,17.6,9.56
886413,18.6,9.56
887115,18.6,9.56
887817,18.6,9.55
888519,18.6,9.54
889221,18.6,9.55
889923,17.6,9.54
890625,18.6,9.53
891327,18.6,9.53
892029,18.6,9.52
892731,18.6,9.52
893433,18.6,9.51
894135,18.6,9.51
894837,18.6,9.51
895539,18.6,9.50
896241,18.6,9.49
896943,18.6,9.49
897645,17.6,9.49
898347,17.6,9.48
899049,18.6,9.48
899751,18.6,9.48
900453,18.6,9.47
901155,18.6,9.47
901857,18.6,9.46
902559,18.6,9.46
903261,19.6,9.45
903963,18.6,9.45
904665,18.6,9.44
905367,18.6,9.44
906069,18.6,9.44
906771,18.6,9.44
907473,18.6,9.43
908175,18.6,9.43
908877,18.6,9.42
909579,18.6,9.42
910281,18.6,9.42
910983,18.6,9.41
911685,18.6,9.40
912387,18.6,9.40
913089,18.6,9.39
913791,18.6,9.39
914493,17.6,9.39
915195,18.6,9.39
915897,18.6,9.39
916599,18.6,9.38
917301,18.6,9.38
918003,18.6,9.37
918705,18.6,9.36
919407,18.6,9.36
920109,18.6,9.36
920811,18.6,9.35
921513,18.6,9.35
922215,18.6,9.34
922917,18.6,9.34
923619,18.6,9.33
924321,18.6,9.33
925023,18.6,9.33
925725,18.6,9.32
926427,18.6,9.32
927129,17.6,9.31
927831,17.6,9.31
928533,18.6,9.31
929235,18.6,9.30
929937,18.6,9.30
930639,18.6,9.29
931341,18.6,9.28
932043,18.6,9.28
932745,18.6,9.28
933447,18.6,9.28
934149,18.6,9.27
934851,18.6,9.27
935553,18.6,9.26
936255,18.6,9.26
936957,18.6,9.25
937659,18.6,9.25
938361,18.6,9.24
939063,18.6,9.24
939765,18.6,9.23
940467,18.6,9.23
941169,17.6,9.23
941871,17.6,9.22
942573,17.6,9.22
943275,17.6,9.21
943977,17.6,9.20
944679,18.6,9.20
945381,18.6,9.20
946083,17.6,9.20
946785,18.6,9.19
947487,17.6,9.18
948189,17.6,9.18
948891,18.6,9.18
949593,18.6,9.17
950295,18.6,9.17
950997,18.6,9.16
951699,17.6,9.16
952401,18.6,9.16
953103,18.6,9.15
953805,18.6,9.14
954507,18.6,9.14
955209,18.6,9.13
955911,18.6,9.13
956613,18.6,9.13
957315,18.6,9.13
958017,18.6,9.12
958719,17.6,9.12
959421,18.6,9.12
960123,18.6,9.11
960825,18.6,9.10
961527,18.6,9.10
962229,17.6,9.10
962931,17.6,9.09
963633,17.6,9.08
964335,17.6,9.08
965037,17.6,9.07
965739,17.6,9.07
966441,17.6,9.07
967143,18.6,9.07
967845,18.6,9.06
968547,18.6,9.06
969249,17.6,9.05
969951,17.6,9.05
970653,17.6,9.04
971355,17.6,9.04
972057,17.6,9.04
972759,17.6,9.03
973461,17.6,9.03
974163,17.6,9.03
974865,17.6,9.02
975567,18.6,9.02
976269,18.6,9.01
976971,18.6,9.01
977673,17.6,9.00
978375,17.6,9.00
979077,18.6,9.00
979779,17.6,8.99
980481,18.6,8.99
981183,18.6,8.99
981885,19.6,8.98
982587,18.6,8.97
983289,18.6,8.97
983991,18.6,8.97
984693,17.6,8.97
985395,17.6,8.96
986097,17.6,8.95
986799,17.6,8.95
987501,17.6,8.94
988203,17.6,8.94
988905,17.6,8.93
989607,18.6,8.93
990309,17.6,8.93
991011,17.6,8.92
991713,18.6,8.92
992415,18.6,8.92
993117,17.6,8.91
993819,17.6,8.91
994521,17.6,8.90
995223,17.6,8.90
995925,17.6,8.90
996627,17.6,8.89
997329,17.6,8.88
998031,18.6,8.89
998733,18.6,8.88
999435,18.6,8.88
1000137,17.6,8.88
1000839,17.6,8.87
1001541,17.6,8.86
1002243,17.6,8.86
1002945,17.6,8.86
1003647,17.6,8.86
1004349,17.6,8.85
1005051,17.6,8.85
1005753,17.6,8.84
1006455,17.6,8.84
1007157,17.6,8.84
1007859,17.6,8.83
1008561,17.6,8.82
1009263,17.6,8.83
1009965,17.6,8.82
1010667,17.6,8.81
1011369,17.6,8.81
1012071,17.6,8.81
1012773,17.6,8.80
1013475,17.6,8.80
1014177,17.6,8.80
1014879,17.6,8.79
1015581,17.6,8.79
1016283,17.6,8.78
1016985,17.6,8.79
1017687,18.6,8.78
1018389,17.6,8.78
1019091,17.6,8.77
1019793,17.6,8.77
1020495,18.6,8.76
1021197,18.6,8.76
1021899,17.6,8.75
1022601,17.6,8.75
1023303,17.6,8.75
1024005,17.6,8.74
1024707,17.6,8.74
1025409,17.6,8.74
1026111,17.6,8.73
1026813,17.6,8.73
1027515,17.6,8.72
1028217,17.6,8.72
1028919,17.6,8.71
1029621,17.6,8.71
1030323,17.6,8.70
1031025,17.6,8.70
1031727,18.6,8.70
1032429,18.6,8.69
1033131,17.6,8.69
1033833,18.6,8.69
1034535,18.6,8.69
1035237,19.6,8.68
1035939,18.6,8.68
1036641,17.6,8.67
1037343,17.6,8.67
1038045,17.6,8.67
1038747,17.6,8.66
1039449,17.6,8.66
1040151,17.6,8.65
1040853,17.6,8.65
1041555,17.6,8.64
1042257,17.6,8.64
1042959,18.6,8.64
1043661,18.6,8.64
1044363,18.6,8.63
1045065,18.6,8.63
1045767,18.6,8.62
1046469,17.6,8.62
1047171,17.6,8.61
1047873,17.6,8.61
1048575,17.6,8.61
1049277,17.6,8.60
1049979,17.6,8.60
1050681,17.6,8.59
1051383,17.6,8.59
1052085,17.6,8.58
1052787,17.6,8.59
1053489,16.6,8.58
1054191,17.6,8.57
1054893,17.6,8.57
1055595,17.6,8.57
1056297,17.6,8.56
1056999,17.6,8.56
1057701,17.6,8.55
1058403,17.6,8.55
1059105,17.6,8.55
1059807,17.6,8.55
1060509,17.6,8.54
1061211,17.6,8.54
1061913,17.6,8.53
1062615,17.6,8.53
1063317,17.6,8.52
1064019,16.6,8.52
1064721,16.6,8.52
1065423,17.6,8.51
1066125,17.6,8.51
1066827,17.6,8.51
1067529,17.6,8.51
1068231,16.6,8.50
1068933,17.6,8.50
1069635,17.6,8.49
1070337,17.6,8.50
1071039,17.6,8.49
1071741,17.6,8.49
1072443,17.6,8.48
1073145,16.6,8.48
1073847,17.6,8.48
1074549,17.6,8.47
1075251,17.6,8.47
1075953,16.6,8.46
1076655,16.6,8.46
1077357,16.6,8.46
1078059,16.6,8.46
1078761,16.6,8.45
1079463,16.6,8.44
1080165,17.6,8.44
1080867,16.6,8.44
1081569,16.6,8.43
1082271,16.6,8.43
1082973,16.6,8.43
1083675,16.6,8.43
1084377,17.6,8.42
1085079,17.6,8.41
1085781,16.6,8.41
1086483,17.6,8.41
1087185,17.6,8.41
1087887,17.6,8.40
1088589,17.6,8.40
1089291,17.6,8.39
1089993,17.6,8.39
1090695,16.6,8.39
1091397,17.6,8.39
1092099,16.6,8.38
1092801,16.6,8.38
1093503,16.6,8.37
1094205,16.6,8.37
1094907,17.6,8.37
1095609,16.6,8.36
1096311,17.6,8.36
1097013,17.6,8.35
1097715,17.6,8.35
1098417,16.6,8.35
1099119,17.6,8.34
1099821,17.6,8.34
1100523,16.6,8.34
1101225,17.6,8.34
1101927,17.6,8.33
1102629,17.6,8.33
1103331,17.6,8.33
1104033,17.6,8.32
1104735,17.6,8.32
1105437,17.6,8.32
1106139,17.6,8.31
1106841,16.6,8.31
1107543,16.6,8.31
1108245,16.6,8.30
1108947,17.6,8.30
1109649,16.6,8.29
1110351,16.6,8.29
1111053,17.6,8.29
1111755,17.6,8.28
1112457,17.6,8.27
1113159,18.6,8.27
1113861,18.6,8.27
1114563,17.6,8.26
1115265,17.6,8.26
1115967,17.6,8.26
1116669,17.6,8.25
1117371,17.6,8.25
1118073,17.6,8.25
1118775,17.6,8.25
1119477,17.6,8.24
1120179,17.6,8.24
1120881,17.6,8.23
1121583,17.6,8.23
1122285,16.6,8.23
1122987,17.6,8.22
1123689,16.6,8.22
1124391,17.6,8.22
1125093,16.6,8.22
1125795,16.6,8.21
1126497,16.6,8.21
1127199,16.6,8.20
1127901,16.6,8.20
1128603,16.6,8.20
1129305,16.6,8.20
1130007,16.6,8.19
1130709,16.6,8.19
1131411,17.6,8.18
1132113,17.6,8.18
1132815,17.6,8.18
1133517,17.6,8.17
1134219,17.6,8.17
1134921,17.6,8.17
1135623,17.6,8.17
1136325,16.6,8.16
1137027,16.6,8.16
1137729,17.6,8.15
1138431,17.6,8.15
1139133,16.6,8.15
1139835,17.6,8.14
1140537,16.6,8.14
1141239,16.6,8.14
1141941,17.6,8.13
1142643,17.6,8.13
1143345,17.6,8.13
1144047,16.6,8.12
1144749,17.6,8.12
1145451,17.6,8.12
1146153,17.6,8.11
1146855,17.6,8.11
1147557,16.6,8.10
1148259,16.6,8.10
1148961,16.6,8.10
1149663,16.6,8.10
1150365,16.6,8.09
1151067,16.6,8.08
1151769,16.6,8.08
1152471,16.6,8.08
1153173,16.6,8.08
1153875,16.6,8.07
1154577,16.6,8.07
1155279,16.6,8.07
1155981,16.6,8.07
1156683,16.6,8.06
1157385,16.6,8.06
1158087,16.6,8.06
1158789,16.6,8.05
1159491,16.6,8.05
1160193,16.6,8.04
1160895,16.6,8.05
1161597,16.6,8.04
1162299,16.6,8.04
1163001,16.6,8.03
1163703,16.6,8.03
1164405,16.6,8.03
1165107,16.6,8.02
1165809,16.6,8.02
1166511,16.6,8.02
1167213,16.6,8.01
1167915,16.6,8.01
1168617,16.6,8.00
1169319,16.6,8.00
1170021,16.6,8.00
1170723,16.6,7.99
1171425,16.6,7.99
1172127,16.6,7.99
1172829,16.6,7.99
1173531,16.6,7.98
1174233,17.6,7.98
1174935,17.6,7.98
1175637,16.6,7.97
1176339,16.6,7.97
1177041,16.6,7.97
1177743,16.6,7.97
1178445,16.6,7.96
1179147,16.6,7.96
1179849,16.6,7.95
1180551,17.6,7.95
1181253,17.6,7.95
1181955,17.6,7.94
1182657,16.6,7.94
1183359,16.6,7.93
1184061,16.6,7.94
1184763,16.6,7.93
1185465,16.6,7.93
1186167,16.6,7.92
1186869,17.6,7.93
1187571,16.6,7.92
1188273,16.6,7.91
1188975,16.6,7.91
1189677,16.6,7.91
1190379,16.6,7.91
1191081,16.6,7.90
1191783,16.6,7.90
1192485,16.6,7.90
1193187,16.6,7.89
1193889,16.6,7.89
1194591,16.6,7.89
1195293,16.6,7.89
1195995,16.6,7.88
1196697,16.6,7.88
1197399,16.6,7.87
1198101,16.6,7.87
1198803,16.6,7.87
1199505,16.6,7.87
1200207,16.6,7.86
1200909,16.6,7.85
1201611,16.6,7.85
1202313,16.6,7.85
1203015,17.6,7.85
1203717,17.6,7.85
1204419,16.6,7.84
1205121,16.6,7.83
1205823,16.6,7.84
1206525,16.6,7.83
1207227,17.6,7.83
1207929,17.6,7.83
1208631,16.6,7.82
1209333,16.6,7.82
1210035,16.6,7.82
1210737,16.6,7.81
1211439,16.6,7.81
1212141,16.6,7.81
1212843,16.6,7.81
1213545,16.6,7.80
1214247,16.6,7.80
1214949,16.6,7.80
1215651,16.6,7.79
1216353,16.6,7.79
1217055,16.6,7.79
1217757,16.6,7.78
1218459,16.6,7.78
1219161,16.6,7.78
1219863,16.6,7.77
1220565,16.6,7.77
1221267,16.6,7.76
1221969,16.6,7.76
1222671,17.6,7.76
1223373,17.6,7.76
1224075,17.6,7.75
1224777,16.6,7.76
1225479,16.6,7.75
1226181,16.6,7.75
1226883,16.6,7.74
1227585,16.6,7.74
1228287,16.6,7.73
1228989,17.6,7.74
1229691,17.6,7.73
1230393,17.6,7.73
1231095,16.6,7.72
1231797,16.6,7.72
1232499,16.6,7.72
1233201,16.6,7.71
1233903,16.6,7.71
1234605,16.6,7.71
1235307,16.6,7.71
1236009,16.6,7.70
1236711,16.6,7.70
1237413,16.6,7.70
1238115,16.6,7.70
1238817,16.6,7.69
1239519,16.6,7.69
1240221,16.6,7.68
1240923,16.6,7.69
1241625,16.6,7.68
1242327,16.6,7.68
1243029,16.6,7.67
1243731,16.6,7.67
1244433,16.6,7.67
1245135,16.6,7.67
1245837,16.6,7.66
1246539,16.6,7.66
1247241,16.6,7.65
1247943,16.6,7.65
1248645,16.6,7.64
1249347,16.6,7.64
1250049,16.6,7.64
1250751,16.6,7.64
1251453,16.6,7.63
1252155,16.6,7.63
1252857,16.6,7.63
1253559,16.6,7.62
1254261,16.6,7.62
1254963,16.6,7.62
1255665,16.6,7.62
1256367,16.6,7.62
1257069,16.6,7.61
1257771,16.6,7.60
1258473,16.6,7.60
1259175,16.6,7.60
1259877,16.6,7.60
1260579,16.6,7.59
1261281,16.6,7.59
1261983,16.6,7.59
1262685,16.6,7.59
1263387,16.6,7.59
1264089,16.6,7.58
1264791,16.6,7.58
1265493,16.6,7.57
1266195,16.6,7.57
1266897,16.6,7.57
1267599,16.6,7.57
1268301,16.6,7.56
1269003,16.6,7.56
1269705,16.6,7.56
1270407,16.6,7.55
1271109,16.6,7.55
1271811,16.6,7.55
1272513,16.6,7.55
1273215,16.6,7.54
1273917,16.6,7.54
1274619,16.6,7.53
1275321,17.6,7.53
1276023,16.6,7.53
1276725,16.6,7.53
1277427,16.6,7.52
1278129,16.6,7.52
1278831,16.6,7.52
1279533,16.6,7.51
1280235,16.6,7.51
1280937,16.6,7.51
1281639,16.6,7.50
1282341,16.6,7.50
1283043,16.6,7.50
1283745,16.6,7.49
1284447,16.6,7.49
1285149,16.6,7.49
1285851,16.6,7.48
1286553,16.6,7.48
1287255,16.6,7.48
1287957,16.6,7.48
1288659,16.6,7.47
1289361,16.6,7.47
1290063,16.6,7.47
1290765,16.6,7.46
1291467,16.6,7.45
1292169,16.6,7.45
1292871,16.6,7.45
1293573,16.6,7.45
1294275,16.6,7.44
1294977,16.6,7.44
1295679,17.6,7.44
1296381,16.6,7.44
1297083,16.6,7.43
1297785,16.6,7.43
1298487,16.6,7.43
1299189,16.6,7.43
1299891,16.6,7.42
1300593,16.6,7.42
1301295,16.6,7.42
1301997,16.6,7.42
1302699,16.6,7.41
1303401,16.6,7.41
1304103,16.6,7.41
1304805,16.6,7.41
1305507,16.6,7.40
1306209,16.6,7.40
1306911,16.6,7.40
1307613,16.6,7.39
1308315,16.6,7.39
1309017,16.6,7.38
1309719,16.6,7.38
1310421,16.6,7.38
1311123,16.6,7.37
1311825,16.6,7.37
1312527,16.6,7.37
1313229,16.6,7.37
1313931,16.6,7.37
1314633,16.6,7.37
1315335,17.6,7.36
1316037,16.6,7.36
1316739,16.6,7.36
1317441,16.6,7.36
1318143,16.6,7.35
1318845,16.6,7.35
1319547,16.6,7.35
1320249,16.6,7.34
1320951,16.6,7.34
1321653,16.6,7.34
1322355,16.6,7.33
1323057,16.6,7.33
1323759,16.6,7.33
1324461,16.6,7.33
1325163,16.6,7.32
1325865,16.6,7.32
1326567,16.6,7.32
1327269,16.6,7.32
1327971,16.6,7.31
1328673,16.6,7.30
1329375,16.6,7.31
1330077,16.6,7.30
1330779,16.6,7.30
1331481,16.6,7.29
1332183,16.6,7.29
1332885,16.6,7.29
1333587,16.6,7.28
1334289,16.6,7.28
1334991,16.6,7.28
1335693,16.6,7.28
1336395,16.6,7.27
1337097,16.6,7.27
1337799,16.6,7.27
1338501,16.6,7.27
1339203,16.6,7.26
1339905,16.6,7.25
1340607,16.6,7.25
1341309,16.6,7.25
1342011,16.6,7.25
1342713,16.6,7.24
1343415,16.6,7.25
1344117,16.6,7.24
1344819,16.6,7.24
1345521,16.6,7.23
1346223,16.6,7.24
1346925,16.6,7.23
1347627,16.6,7.23
1348329,16.6,7.22
1349031,16.6,7.22
1349733,16.6,7.22
1350435,16.6,7.22
1351137,16.6,7.22
1351839,16.6,7.22
1352541,16.6,7.21
1353243,16.6,7.21
1353945,16.6,7.21
1354647,16.6,7.21
1355349,16.6,7.21
1356051,16.6,7.20
1356753,16.6,7.20
1357455,16.6,7.20
1358157,16.6,7.19
1358859,16.6,7.19
1359561,16.6,7.19
1360263,16.6,7.19
1360965,16.6,7.18
1361667,16.6,7.18
1362369,16.6,7.18
1363071,16.6,7.17
1363773,16.6,7.17
1364475,16.6,7.17
1365177,16.6,7.16
1365879,16.6,7.17
1366581,17.6,7.16
1367283,16.6,7.16
1367985,16.6,7.16
1368687,16.6,7.16
1369389,16.6,7.15
1370091,16.6,7.15
1370793,16.6,7.15
1371495,16.6,7.15
1372197,16.6,7.14
1372899,16.6,7.14
1373601,16.6,7.14
1374303,16.6,7.14
1375005,16.6,7.13
1375707,16.6,7.13
1376409,16.6,7.13
1377111,16.6,7.12
1377813,16.6,7.12
1378515,16.6,7.12
1379217,16.6,7.12
1379919,16.6,7.11
1380621,16.6,7.11
1381323,16.6,7.11
1382025,16.6,7.10
1382727,16.6,7.10
1383429,16.6,7.10
1384131,16.6,7.10
1384833,16.6,7.09
1385535,16.6,7.09
1386237,16.6,7.09
1386939,16.6,7.09
1387641,16.6,7.08
1388343,16.6,7.08
1389045,16.6,7.08
1389747,16.6,7.08
1390449,16.6,7.07
1391151,16.6,7.07
1391853,16.6,7.07
1392555,16.6,7.07
1393257,16.6,7.06
1393959,16.6,7.06
1394661,16.6,7.06
1395363,16.6,7.05
1396065,16.6,7.05
1396767,16.6,7.05
1397469,16.6,7.04
1398171,16.6,7.04
1398873,16.6,7.04
1399575,16.6,7.04
1400277,16.6,7.04
1400979,17.6,7.03
1401681,16.6,7.03
1402383,16.6,7.03
1403085,16.6,7.02
1403787,16.6,7.02
1404489,16.6,7.02
1405191,16.6,7.01
1405893,16.6,7.01
1406595,16.6,7.01
1407297,16.6,7.01
1407999,16.6,7.01
1408701,16.6,7.01
1409403,16.6,7.00
1410105,16.6,6.99
1410807,16.6,6.99
1411509,16.6,6.99
1412211,16.6,6.99
1412913,16.6,6.99
1413615,16.6,6.98
1414317,16.6,6.98
1415019,16.6,6.97
1415721,16.6,6.97
1416423,16.6,6.97
1417125,16.6,6.97
1417827,16.6,6.96
1418529,16.6,6.96
1419231,16.6,6.95
1419933,16.6,6.96
1420635,16.6,6.95
1421337,16.6,6.95
1422039,16.6,6.95
1422741,16.6,6.94
1423443,16.6,6.94
1424145,16.6,6.94
1424847,16.6,6.94
1425549,16.6,6.94
1426251,16.6,6.93
1426953,16.6,6.93
1427655,16.6,6.93
1428357,16.6,6.93
1429059,16.6,6.93
1429761,16.6,6.92
1430463,16.6,6.92
1431165,16.6,6.91
1431867,16.6,6.91
1432569,16.6,6.91
1433271,16.6,6.91
1433973,16.6,6.91
1434675,16.6,6.90
1435377,16.6,6.90
1436079,16.6,6.90
1436781,16.6,6.90
1437483,16.6,6.89
1438185,16.6,6.88
1438887,16.6,6.89
1439589,16.6,6.89
1440291,16.6,6.88
1440993,16.6,6.88
1441695,16.6,6.88
1442397,16.6,6.87
1443099,16.6,6.87
1443801,16.6,6.87
1444503,16.6,6.87
1445205,16.6,6.86
1445907,16.6,6.87
1446609,16.6,6.86
1447311,16.6,6.86
1448013,16.6,6.85
1448715,16.6,6.85
1449417,16.6,6.85
1450119,16.6,6.85
1450821,16.6,6.84
1451523,16.6,6.84
1452225,16.6,6.84
1452927,16.6,6.84
1453629,16.6,6.83
1454331,16.6,6.83
1455033,16.6,6.84
1455735,16.6,6.83
1456437,16.6,6.83
1457139,16.6,6.82
1457841,16.6,6.82
1458543,16.6,6.82
1459245,16.6,6.82
1459947,16.6,6.82
1460649,16.6,6.81
1461351,16.6,6.81
1462053,16.6,6.81
1462755,16.6,6.80
1463457,16.6,6.81
1464159,16.6,6.80
1464861,16.6,6.80
1465563,16.6,6.80
1466265,16.6,6.79
1466967,16.6,6.79
1467669,16.6,6.79
1468371,16.6,6.79
1469073,16.6,6.78
1469775,16.6,6.78
1470477,16.6,6.78
1471179,16.6,6.78
1471881,16.6,6.78
1472583,16.6,6.77
1473285,16.6,6.77
1473987,16.6,6.77
1474689,16.6,6.76
1475391,16.6,6.76
1476093,16.6,6.76
1476795,16.6,6.76
1477497,16.6,6.75
1478199,16.6,6.75
1478901,16.6,6.75
1479603,16.6,6.75
1480305,16.6,6.74
1481007,16.6,6.74
1481709,16.6,6.74
1482411,16.6,6.74
1483113,16.6,6.74
1483815,16.6,6.73
1484517,16.6,6.73
1485219,16.6,6.73
1485921,16.6,6.72
1486623,16.6,6.73
1487325,16.6,6.72
1488027,16.6,6.72
1488729,16.6,6.72
1489431,16.6,6.72
1490133,16.6,6.72
1490835,16.6,6.71
1491537,16.6,6.71
1492239,16.6,6.71
1492941,16.6,6.71
1493643,16.6,6.71
1494345,16.6,6.71
1495047,16.6,6.70
1495749,16.6,6.69
1496451,16.6,6.69
1497153,16.6,6.69
1497855,16.6,6.69
1498557,16.6,6.69
1499259,16.6,6.69
1499961,16.6,6.69
1500663,16.6,6.69
1501365,16.6,6.68
1502067,16.6,6.68
1502769,16.6,6.68
1503471,16.6,6.67
1504173,16.6,6.68
1504875,16.6,6.67
1505577,16.6,6.67
1506279,16.6,6.67
1506981,16.6,6.67
1507683,16.6,6.66
1508385,16.6,6.66
1509087,16.6,6.66
1509789,16.6,6.66
1510491,16.6,6.66
1511193,16.6,6.65
1511895,16.6,6.64
1512597,16.6,6.65
1513299,16.6,6.64
1514001,16.6,6.64
1514703,16.6,6.64
1515405,16.6,6.64
1516107,16.6,6.63
1516809,16.6,6.63
1517511,16.6,6.63
1518213,16.6,6.63
1518915,16.6,6.62
1519617,16.6,6.62
1520319,16.6,6.62
1521021,16.6,6.61
1521723,16.6,6.61
1522425,16.6,6.61
1523127,16.6,6.61
1523829,16.6,6.60
1524531,16.6,6.60
1525233,16.6,6.60
1525935,16.6,6.60
1526637,16.6,6.60
1527339,16.6,6.59
1528041,16.6,6.59
1528743,16.6,6.58
1529445,16.6,6.59
1530147,16.6,6.58
1530849,16.6,6.58
1531551,16.6,6.58
1532253,16.6,6.58
1532955,16.6,6.58
1533657,16.6,6.57
1534359,16.6,6.57
1535061,16.6,6.57
1535763,16.6,6.57
1536465,16.6,6.57
1537167,16.6,6.56
1537869,16.6,6.56
1538571,16.6,6.56
1539273,16.6,6.56
1539975,16.6,6.55
1540677,16.6,6.55
1541379,16.6,6.55
1542081,16.6,6.55
1542783,16.6,6.54
1543485,16.6,6.54
1544187,16.6,6.54
1544889,16.6,6.54
1545591,16.6,6.53
1546293,16.6,6.53
1546995,16.6,6.53
1547697,16.6,6.53
1548399,16.6,6.53
1549101,16.6,6.53
1549803,16.6,6.52
1550505,16.6,6.52
1551207,16.6,6.52
1551909,16.6,6.52
1552611,16.6,6.51
1553313,16.6,6.51
1554015,16.6,6.51
1554717,16.6,6.51
1555419,16.6,6.51
1556121,16.6,6.50
1556823,16.6,6.50
1557525,16.6,6.50
1558227,16.6,6.50
1558929,16.6,6.49
1559631,16.6,6.49
1560333,16.6,6.49
1561035,16.6,6.49
1561737,16.6,6.49
1562439,16.6,6.48
1563141,16.6,6.47
1563843,16.6,6.48
1564545,16.6,6.48
1565247,16.6,6.47
1565949,16.6,6.47
1566651,16.6,6.47
1567353,16.6,6.47
1568055,16.6,6.47
1568757,16.6,6.47
1569459,16.6,6.46
1570161,16.6,6.46
1570863,16.6,6.45
1571565,16.6,6.45
1572267,16.6,6.45
1572969,16.6,6.45
1573671,16.6,6.45
1574373,16.6,6.45
1575075,16.6,6.45
1575777,16.6,6.44
1576479,16.6,6.44
1577181,15.6,6.44
1577883,16.6,6.44
1578585,16.6,6.43
1579287,16.6,6.43
1579989,16.6,6.43
1580691,15.6,6.43
1581393,16.6,6.43
1582095,16.6,6.42
1582797,16.6,6.43
1583499,16.6,6.42
1584201,16.6,6.42
1584903,16.6,6.42
1585605,16.6,6.41
1586307,15.6,6.41
1587009,16.6,6.41
1587711,16.6,6.40
1588413,16.6,6.40
1589115,16.6,6.40
1589817,16.6,6.40
1590519,16.6,6.40
1591221,16.6,6.40
1591923,16.6,6.40
1592625,16.6,6.39
1593327,16.6,6.39
1594029,16.6,6.39
1594731,16.6,6.38
1595433,16.6,6.38
1596135,16.6,6.38
1596837,16.6,6.37
1597539,16.6,6.37
1598241,16.6,6.38
1598943,16.6,6.37
1599645,16.6,6.36
1600347,16.6,6.37
1601049,16.6,6.36
1601751,16.6,6.36
1602453,16.6,6.35
1603155,15.6,6.35
1603857,16.6,6.35
1604559,16.6,6.35
1605261,16.6,6.35
1605963,16.6,6.35
1606665,16.6,6.34
1607367,16.6,6.34
1608069,16.6,6.34
1608771,16.6,6.33
1609473,16.6,6.33
1610175,15.6,6.33
1610877,16.6,6.33
1611579,16.6,6.33
1612281,16.6,6.32
1612983,16.6,6.32
1613685,16.6,6.32
1614387,16.6,6.32
1615089,16.6,6.32
1615791,16.6,6.31
1616493,16.6,6.31
1617195,16.6,6.31
1617897,16.6,6.31
1618599,15.6,6.31
1619301,16.6,6.31
1620003,16.6,6.30
1620705,16.6,6.30
1621407,16.6,6.30
1622109,16.6,6.29
1622811,16.6,6.29
1623513,16.6,6.29
1624215,16.6,6.29
1624917,16.6,6.29
1625619,15.6,6.29
1626321,16.6,6.28
1627023,15.6,6.28
1627725,15.6,6.28
1628427,16.6,6.28
1629129,16.6,6.27
1629831,16.6,6.27
1630533,16.6,6.27
1631235,16.6,6.27
1631937,16.6,6.27
1632639,16.6,6.27
1633341,16.6,6.26
1634043,16.6,6.26
1634745,16.6,6.26
1635447,16.6,6.26
1636149,16.6,6.26
1636851,16.6,6.25
1637553,16.6,6.25
1638255,15.6,6.25
1638957,15.6,6.25
1639659,15.6,6.25
1640361,15.6,6.24
1641063,16.6,6.24
1641765,15.6,6.24
1642467,16.6,6.24
1643169,16.6,6.24
1643871,16.6,6.23
1644573,16.6,6.23
1645275,16.6,6.22
1645977,16.6,6.22
1646679,16.6,6.22
1647381,16.6,6.22
1648083,16.6,6.22
1648785,16.6,6.22
1649487,16.6,6.21
1650189,16.6,6.21
1650891,16.6,6.21
1651593,16.6,6.20
1652295,16.6,6.20
1652997,15.6,6.20
1653699,15.6,6.20
1654401,15.6,6.20
1655103,16.6,6.20
1655805,16.6,6.20
1656507,16.6,6.19
1657209,16.6,6.19
1657911,16.6,6.19
1658613,16.6,6.18
1659315,16.6,6.19
1660017,16.6,6.18
1660719,16.6,6.18
1661421,16.6,6.18
1662123,16.6,6.18
1662825,16.6,6.18
1663527,16.6,6.17
1664229,16.6,6.17
1664931,16.6,6.17
1665633,16.6,6.16
1666335,16.6,6.16
1667037,16.6,6.17
1667739,16.6,6.16
1668441,15.6,6.16
1669143,16.6,6.16
1669845,15.6,6.16
1670547,15.6,6.15
1671249,16.6,6.15
1671951,16.6,6.14
1672653,15.6,6.14
1673355,15.6,6.14
1674057,15.6,6.14
1674759,15.6,6.14
1675461,16.6,6.14
1676163,16.6,6.13
1676865,16.6,6.13
1677567,16.6,6.13
1678269,16.6,6.13
1678971,16.6,6.13
1679673,16.6,6.12
1680375,16.6,6.12
1681077,15.6,6.12
1681779,15.6,6.11
1682481,15.6,6.12
1683183,15.6,6.11
1683885,15.6,6.11
1684587,15.6,6.11
1685289,16.6,6.11
1685991,16.6,6.10
1686693,15.6,6.10
1687395,15.6,6.10
1688097,16.6,6.10
1688799,16.6,6.10
1689501,16.6,6.10
1690203,16.6,6.10
1690905,16.6,6.09
1691607,16.6,6.09
1692309,16.6,6.09
1693011,16.6,6.09
1693713,15.6,6.08
1694415,16.6,6.08
1695117,16.6,6.08
1695819,16.6,6.08
1696521,16.6,6.08
1697223,16.6,6.08
1697925,16.6,6.07
1698627,16.6,6.07
1699329,16.6,6.07
1700031,16.6,6.06
1700733,15.6,6.06
1701435,16.6,6.06
1702137,16.6,6.06
1702839,16.6,6.06
1703541,15.6,6.06
1704243,15.6,6.05
1704945,15.6,6.05
1705647,16.6,6.05
1706349,16.6,6.05
1707051,15.6,6.04
1707753,15.6,6.05
1708455,15.6,6.04
1709157,15.6,6.04
1709859,15.6,6.04
1710561,16.6,6.03
1711263,16.6,6.03
1711965,16.6,6.03
1712667,16.6,6.03
1713369,16.6,6.03
1714071,16.6,6.03
1714773,16.6,6.02
1715475,16.6,6.02
1716177,15.6,6.01
1716879,16.6,6.02
1717581,16.6,6.01
1718283,16.6,6.01
1718985,15.6,6.01
1719687,16.6,6.00
1720389,16.6,6.00
1721091,16.6,6.00
1721793,16.6,5.99
1722495,16.6,5.99
1723197,16.6,6.00
1723899,15.6,5.99
1724601,15.6,5.99
1725303,15.6,5.99
1726005,16.6,5.99
1726707,16.6,5.99
1727409,16.6,5.98
1728111,15.6,5.98
1728813,15.6,5.98
1729515,15.6,5.98
1730217,15.6,5.97
1730919,15.6,5.97
1731621,15.6,5.97
1732323,15.6,5.97
1733025,15.6,5.96
1733727,15.6,5.96
1734429,16.6,5.96
1735131,16.6,5.96
1735833,15.6,5.96
1736535,15.6,5.95
1737237,15.6,5.96
1737939,15.6,5.95
1738641,16.6,5.95
1739343,16.6,5.95
1740045,16.6,5.95
1740747,16.6,5.94
1741449,16.6,5.95
1742151,16.6,5.94
1742853,16.6,5.94
1743555,15.6,5.94
1744257,15.6,5.93
1744959,15.6,5.93
1745661,15.6,5.93
1746363,15.6,5.92
1747065,15.6,5.92
1747767,15.6,5.92
1748469,15.6,5.92
1749171,16.6,5.92
1749873,16.6,5.92
1750575,16.6,5.91
1751277,16.6,5.91
1751979,16.6,5.91
1752681,16.6,5.91
1753383,16.6,5.90
1754085,16.6,5.91
1754787,16.6,5.90
1755489,16.6,5.90
1756191,16.6,5.90
1756893,16.6,5.89
1757595,16.6,5.90
1758297,16.6,5.89
1758999,15.6,5.89
1759701,15.6,5.89
1760403,16.6,5.89
1761105,16.6,5.88
1761807,16.6,5.89
1762509,16.6,5.88
1763211,16.6,5.88
1763913,16.6,5.88
1764615,16.6,5.88
1765317,16.6,5.87
1766019,15.6,5.87
1766721,16.6,5.87
1767423,16.6,5.86
1768125,15.6,5.86
1768827,15.6,5.87
1769529,16.6,5.86
1770231,16.6,5.86
1770933,15.6,5.86
1771635,16.6,5.86
1772337,15.6,5.85
1773039,15.6,5.85
1773741,15.6,5.85
1774443,15.6,5.85
1775145,15.6,5.84
1775847,15.6,5.84
1776549,15.6,5.84
1777251,15.6,5.84
1777953,15.6,5.84
1778655,15.6,5.84
1779357,15.6,5.83
1780059,15.6,5.83
1780761,15.6,5.83
1781463,15.6,5.83
1782165,15.6,5.83
1782867,15.6,5.83
1783569,15.6,5.83
1784271,16.6,5.82
1784973,16.6,5.82
1785675,16.6,5.82
1786377,16.6,5.82
1787079,16.6,5.81
1787781,16.6,5.81
1788483,16.6,5.82
1789185,16.6,5.81
1789887,16.6,5.81
1790589,16.6,5.80
1791291,16.6,5.80
1791993,15.6,5.80
1792695,15.6,5.80
1793397,15.6,5.79
1794099,15.6,5.79
1794801,15.6,5.79
1795503,15.6,5.79
1796205,15.6,5.79
1796907,15.6,5.79
1797609,15.6,5.79
1798311,16.6,5.78
1799013,15.6,5.78
1799715,16.6,5.78
1800417,16.6,5.77
1801119,16.6,5.78
1801821,16.6,5.77
1802523,15.6,5.77
1803225,15.6,5.77
1803927,15.6,5.77
1804629,16.6,5.77
1805331,16.6,5.76
1806033,16.6,5.76
1806735,16.6,5.75
1807437,15.6,5.76
1808139,15.6,5.76
1808841,15.6,5.75
1809543,15.6,5.75
1810245,15.6,5.75
1810947,15.6,5.75
1811649,15.6,5.75
1812351,15.6,5.74
1813053,15.6,5.74
1813755,15.6,5.74
1814457,15.6,5.74
1815159,15.6,5.74
1815861,15.6,5.74
1816563,15.6,5.74
1817265,16.6,5.73
1817967,16.6,5.73
1818669,16.6,5.73
1819371,16.6,5.73
1820073,16.6,5.72
1820775,16.6,5.72
1821477,15.6,5.72
1822179,15.6,5.72
1822881,16.6,5.71
1823583,15.6,5.70
1824285,15.6,5.71
1824987,15.6,5.71
1825689,15.6,5.70
1826391,15.6,5.70
1827093,15.6,5.70
1827795,15.6,5.70
1828497,15.6,5.69
1829199,15.6,5.69
1829901,16.6,5.69
1830603,16.6,5.69
1831305,15.6,5.69
1832007,15.6,5.69
1832709,15.6,5.68
1833411,15.6,5.69
1834113,16.6,5.68
1834815,16.6,5.68
1835517,15.6,5.67
1836219,16.6,5.68
1836921,15.6,5.67
1837623,16.6,5.67
1838325,15.6,5.67
1839027,15.6,5.67
1839729,16.6,5.67
1840431,15.6,5.67
1841133,15.6,5.67
1841835,16.6,5.66
1842537,16.6,5.66
1843239,16.6,5.66
1843941,16.6,5.65
1844643,16.6,5.65
1845345,16.6,5.65
1846047,16.6,5.65
1846749,15.6,5.65
1847451,15.6,5.64
1848153,15.6,5.65
1848855,15.6,5.64
1849557,15.6,5.65
1850259,15.6,5.64
1850961,16.6,5.63
1851663,16.6,5.63
1852365,15.6,5.63
1853067,15.6,5.63
1853769,15.6,5.63
1854471,16.6,5.62
1855173,15.6,5.63
1855875,15.6,5.62
1856577,16.6,5.62
1857279,16.6,5.62
1857981,15.6,5.62
1858683,16.6,5.61
1859385,16.6,5.62
1860087,15.6,5.61
1860789,15.6,5.61
1861491,15.6,5.61
1862193,15.6,5.61
1862895,15.6,5.61
1863597,15.6,5.60
1864299,15.6,5.60
1865001,15.6,5.60
1865703,15.6,5.59
1866405,15.6,5.59
1867107,15.6,5.59
1867809,15.6,5.59
1868511,16.6,5.59
1869213,15.6,5.59
1869915,15.6,5.59
1870617,15.6,5.58
1871319,16.6,5.58
1872021,15.6,5.58
1872723,16.6,5.58
1873425,16.6,5.58
1874127,16.6,5.58
1874829,16.6,5.58
1875531,15.6,5.57
1876233,15.6,5.57
1876935,15.6,5.57
1877637,15.6,5.56
1878339,15.6,5.56
1879041,16.6,5.57
1879743,16.6,5.56
1880445,15.6,5.56
1881147,15.6,5.56
1881849,15.6,5.56
1882551,15.6,5.56
1883253,15.6,5.55
1883955,15.6,5.55
1884657,15.6,5.55
1885359,15.6,5.55
1886061,15.6,5.54
1886763,15.6,5.54
1887465,15.6,5.54
1888167,15.6,5.53
1888869,15.6,5.53
1889571,15.6,5.53
1890273,15.6,5.53
1890975,15.6,5.53
1891677,15.6,5.53
1892379,15.6,5.53
1893081,15.6,5.53
1893783,15.6,5.53
1894485,15.6,5.53
1895187,15.6,5.52
1895889,15.6,5.51
1896591,15.6,5.51
1897293,16.6,5.51
1897995,16.6,5.51
1898697,15.6,5.51
1899399,15.6,5.51
1900101,15.6,5.50
1900803,15.6,5.50
1901505,15.6,5.50
1902207,15.6,5.49
1902909,15.6,5.50
1903611,15.6,5.49
1904313,15.6,5.49
1905015,15.6,5.49
1905717,15.6,5.49
1906419,15.6,5.48
1907121,15.6,5.48
1907823,15.6,5.48
1908525,15.6,5.48
1909227,16.6,5.48
1909929,16.6,5.48
1910631,15.6,5.48
1911333,15.6,5.47
1912035,16.6,5.47
1912737,16.6,5.47
1913439,15.6,5.47
1914141,15.6,5.46
1914843,15.6,5.46
1915545,16.6,5.46
1916247,16.6,5.46
1916949,15.6,5.46
1917651,15.6,5.46
1918353,16.6,5.45
1919055,15.6,5.45
1919757,15.6,5.45
1920459,15.6,5.45
1921161,15.6,5.45
1921863,15.6,5.44
1922565,15.6,5.44
1923267,16.6,5.44
1923969,16.6,5.44
1924671,15.6,5.44
1925373,15.6,5.43
1926075,15.6,5.44
1926777,15.6,5.43
1927479,15.6,5.43
1928181,15.6,5.43
1928883,15.6,5.43
1929585,14.6,5.43
1930287,14.6,5.43
1930989,15.6,5.42
1931691,15.6,5.42
1932393,15.6,5.41
1933095,15.6,5.41
1933797,15.6,5.41
1934499,15.6,5.41
1935201,15.6,5.41
1935903,15.6,5.41
1936605,15.6,5.41
1937307,15.6,5.40
1938009,15.6,5.40
1938711,15.6,5.40
1939413,15.6,5.40
1940115,15.6,5.40
1940817,15.6,5.40
1941519,15.6,5.40
1942221,15.6,5.39
1942923,15.6,5.39
1943625,15.6,5.39
1944327,15.6,5.39
1945029,15.6,5.39
1945731,15.6,5.38
1946433,15.6,5.38
1947135,15.6,5.38
1947837,15.6,5.38
1948539,15.6,5.37
1949241,15.6,5.37
1949943,16.6,5.38
1950645,16.6,5.37
1951347,16.6,5.37
1952049,15.6,5.37
1952751,15.6,5.37
1953453,15.6,5.36
1954155,15.6,5.36
1954857,15.6,5.35
1955559,15.6,5.35
1956261,15.6,5.36
1956963,15.6,5.36
1957665,15.6,5.35
1958367,15.6,5.35
1959069,15.6,5.35
1959771,15.6,5.34
1960473,15.6,5.34
1961175,15.6,5.34
1961877,15.6,5.34
1962579,15.6,5.34
1963281,15.6,5.34
1963983,15.6,5.34
1964685,15.6,5.33
1965387,15.6,5.34
1966089,15.6,5.33
1966791,15.6,5.33
1967493,15.6,5.33
1968195,16.6,5.33
1968897,15.6,5.33
1969599,16.6,5.32
1970301,15.6,5.32
1971003,15.6,5.31
1971705,15.6,5.31
1972407,15.6,5.31
1973109,16.6,5.31
1973811,15.6,5.31
1974513,15.6,5.31
1975215,16.6,5.31
1975917,16.6,5.30
1976619,15.6,5.31
1977321,15.6,5.30
1978023,15.6,5.29
1978725,15.6,5.30
1979427,15.6,5.29
1980129,16.6,5.30
1980831,16.6,5.29
1981533,15.6,5.29
1982235,15.6,5.29
1982937,15.6,5.29
1983639,15.6,5.29
1984341,14.6,5.29
1985043,15.6,5.28
1985745,15.6,5.28
1986447,15.6,5.28
1987149,15.6,5.28
1987851,15.6,5.27
1988553,15.6,5.27
1989255,15.6,5.27
1989957,15.6,5.27
1990659,15.6,5.27
1991361,15.6,5.26
1992063,15.6,5.26
1992765,15.6,5.27
1993467,15.6,5.27
1994169,15.6,5.26
1994871,15.6,5.26
1995573,15.6,5.26
1996275,14.6,5.26
1996977,16.6,5.26
1997679,15.6,5.26
1998381,15.6,5.25
1999083,15.6,5.25
1999785,15.6,5.25
2000487,15.6,5.25
2001189,15.6,5.24
2001891,15.6,5.24
2002593,14.6,5.25
2003295,15.6,5.24
2003997,15.6,5.24
2004699,16.6,5.24
2005401,16.6,5.23
2006103,15.6,5.23
2006805,15.6,5.23
2007507,15.6,5.23
2008209,15.6,5.23
2008911,15.6,5.22
2009613,15.6,5.22
2010315,15.6,5.23
2011017,14.6,5.22
2011719,15.6,5.22
2012421,15.6,5.22
2013123,15.6,5.22
2013825,15.6,5.21
2014527,14.6,5.21
2015229,14.6,5.21
2015931,14.6,5.21
2016633,14.6,5.21
2017335,14.6,5.21
2018037,15.6,5.21
2018739,14.6,5.20
2019441,15.6,5.20
2020143,14.6,5.20
2020845,15.6,5.20
2021547,14.6,5.20
2022249,14.6,5.19
2022951,15.6,5.19
2023653,15.6,5.19
2024355,15.6,5.19
2025057,14.6,5.18
2025759,15.6,5.18
2026461,15.6,5.18
2027163,15.6,5.17
2027865,15.6,5.17
2028567,15.6,5.18
2029269,14.6,5.18
2029971,15.6,5.17
2030673,14.6,5.17
2031375,14.6,5.17
2032077,14.6,5.16
2032779,14.6,5.16
2033481,14.6,5.16
2034183,15.6,5.16
2034885,14.6,5.16
2035587,14.6,5.16
2036289,15.6,5.16
2036991,14.6,5.16
2037693,15.6,5.15
2038395,15.6,5.15
2039097,14.6,5.15
2039799,14.6,5.15
2040501,15.6,5.14
2041203,15.6,5.14
2041905,15.6,5.14
2042607,15.6,5.14
2043309,15.6,5.14
2044011,15.6,5.14
2044713,14.6,5.13
2045415,16.6,5.13
2046117,15.6,5.13
2046819,14.6,5.13
2047521,15.6,5.12
2048223,14.6,5.12
2048925,14.6,5.12
2049627,15.6,5.12
2050329,15.6,5.12
2051031,15.6,5.12
2051733,15.6,5.12
2052435,14.6,5.11
2053137,15.6,5.12
2053839,15.6,5.11
2054541,15.6,5.11
2055243,15.6,5.11
2055945,15.6,5.11
2056647,14.6,5.10
2057349,14.6,5.10
2058051,14.6,5.10
2058753,14.6,5.10
2059455,15.6,5.10
2060157,15.6,5.10
2060859,14.6,5.10
2061561,14.6,5.09
2062263,14.6,5.09
2062965,14.6,5.09
2063667,14.6,5.09
2064369,14.6,5.09
2065071,16.6,5.08
2065773,15.6,5.09
2066475,15.6,5.08
2067177,15.6,5.08
2067879,15.6,5.08
2068581,15.6,5.07
2069283,15.6,5.07
2069985,15.6,5.07
2070687,15.6,5.07
2071389,14.6,5.06
2072091,14.6,5.06
2072793,14.6,5.05
2073495,15.6,5.05
2074197,14.6,5.06
2074899,14.6,5.05
2075601,14.6,5.05
2076303,14.6,5.04
2077005,14.6,5.04
2077707,14.6,5.05
2078409,14.6,5.04
2079111,14.6,5.04
2079813,15.6,5.04
2080515,14.6,5.04
2081217,14.6,5.04
2081919,14.6,5.03
2082621,14.6,5.03
2083323,14.6,5.02
2084025,14.6,5.03
2084727,14.6,5.03
2085429,14.6,5.03
2086131,14.6,5.02
2086833,14.6,5.03
2087535,15.6,5.02
2088237,15.6,5.02
2088939,15.6,5.02
2089641,15.6,5.02
2090343,14.6,5.01
2091045,15.6,5.01
2091747,15.6,5.00
2092449,15.6,5.01
2093151,15.6,5.00
2093853,14.6,5.01
2094555,15.6,5.00
2095257,14.6,5.00
2095959,14.6,5.00
2096661,14.6,5.00
2097363,14.6,5.00
2098065,14.6,4.99
2098767,14.6,4.99
2099469,14.6,4.99
2100171,15.6,4.99
2100873,14.6,4.99
2101575,14.6,4.98
2102277,14.6,4.99
2102979,15.6,4.98
2103681,15.6,4.98
2104383,15.6,4.98
2105085,14.6,4.98
2105787,16.6,4.98
2106489,15.6,4.97
2107191,15.6,4.97
2107893,15.6,4.97
2108595,15.6,4.97
2109297,15.6,4.97
2109999,15.6,4.96
2110701,14.6,4.96
2111403,14.6,4.96
2112105,14.6,4.96
2112807,14.6,4.96
2113509,14.6,4.95
2114211,14.6,4.95
2114913,15.6,4.95
2115615,15.6,4.95
2116317,14.6,4.95
2117019,15.6,4.95
2117721,15.6,4.95
2118423,15.6,4.94
2119125,15.6,4.94
2119827,15.6,4.95
2120529,15.6,4.94
2121231,14.6,4.94
2121933,14.6,4.94
2122635,14.6,4.93
2123337,14.6,4.94
2124039,14.6,4.94
2124741,14.6,4.94
2125443,15.6,4.93
2126145,14.6,4.93
2126847,14.6,4.93
2127549,15.6,4.93
2128251,14.6,4.93
2128953,14.6,4.93
2129655,14.6,4.92
2130357,15.6,4.92
2131059,14.6,4.92
2131761,14.6,4.92
2132463,14.6,4.91
2133165,15.6,4.91
2133867,15.6,4.92
2134569,15.6,4.91
2135271,15.6,4.91
2135973,15.6,4.90
2136675,14.6,4.91
2137377,14.6,4.91
2138079,14.6,4.90
2138781,15.6,4.90
2139483,15.6,4.90
2140185,15.6,4.90
2140887,15.6,4.90
2141589,14.6,4.89
2142291,14.6,4.90
2142993,15.6,4.89
2143695,15.6,4.89
2144397,15.6,4.89
2145099,14.6,4.89
2145801,14.6,4.89
2146503,15.6,4.89
2147205,14.6,4.89
2147907,15.6,4.88
2148609,14.6,4.88
2149311,14.6,4.88
2150013,14.6,4.88
2150715,15.6,4.87
2151417,15.6,4.87
2152119,15.6,4.87
2152821,15.6,4.86
2153523,15.6,4.86
2154225,15.6,4.86
2154927,14.6,4.86
2155629,14.6,4.86
2156331,14.6,4.86
2157033,14.6,4.85
2157735,14.6,4.85
2158437,14.6,4.85
2159139,14.6,4.85
2159841,14.6,4.84
2160543,14.6,4.85
2161245,15.6,4.85
2161947,14.6,4.84
2162649,15.6,4.84
2163351,15.6,4.84
2164053,15.6,4.84
2164755,14.6,4.84
2165457,14.6,4.84
2166159,14.6,4.83
2166861,14.6,4.83
2167563,14.6,4.83
2168265,14.6,4.83
2168967,14.6,4.83
2169669,14.6,4.82
2170371,14.6,4.82
2171073,14.6,4.82
2171775,14.6,4.82
2172477,14.6,4.82
2173179,14.6,4.82
2173881,14.6,4.81
2174583,14.6,4.81
2175285,14.6,4.81
2175987,14.6,4.81
2176689,14.6,4.81
2177391,14.6,4.81
2178093,14.6,4.80
2178795,14.6,4.80
2179497,14.6,4.81
2180199,14.6,4.80
2180901,15.6,4.80
2181603,15.6,4.80
2182305,14.6,4.80
2183007,14.6,4.80
2183709,14.6,4.79
2184411,14.6,4.79
2185113,15.6,4.79
2185815,15.6,4.79
2186517,15.6,4.79
2187219,14.6,4.79
2187921,14.6,4.79
2188623,14.6,4.79
2189325,14.6,4.79
2190027,14.6,4.78
2190729,14.6,4.78
2191431,14.6,4.78
2192133,14.6,4.78
2192835,14.6,4.78
2193537,14.6,4.77
2194239,14.6,4.77
2194941,14.6,4.77
2195643,14.6,4.77
2196345,14.6,4.77
2197047,14.6,4.76
2197749,14.6,4.76
2198451,14.6,4.76
2199153,14.6,4.76
2199855,14.6,4.76
2200557,14.6,4.76
2201259,14.6,4.76
2201961,14.6,4.76
2202663,14.6,4.75
2203365,14.6,4.75
2204067,14.6,4.75
2204769,14.6,4.75
2205471,14.6,4.75
2206173,14.6,4.75
2206875,14.6,4.74
2207577,14.6,4.74
2208279,14.6,4.74
2208981,14.6,4.74
2209683,14.6,4.74
2210385,14.6,4.74
2211087,14.6,4.74
2211789,14.6,4.74
2212491,14.6,4.73
2213193,14.6,4.74
2213895,14.6,4.73
2214597,14.6,4.73
2215299,15.6,4.73
2216001,14.6,4.73
2216703,14.6,4.72
2217405,14.6,4.72
2218107,14.6,4.72
2218809,14.6,4.72
2219511,14.6,4.72
2220213,14.6,4.72
2220915,14.6,4.72
2221617,14.6,4.71
2222319,14.6,4.71
2223021,14.6,4.71
2223723,14.6,4.71
2224425,14.6,4.70
2225127,14.6,4.70
2225829,14.6,4.70
2226531,14.6,4.70
2227233,14.6,4.70
2227935,15.6,4.69
2228637,14.6,4.69
2229339,15.6,4.69
2230041,14.6,4.70
2230743,14.6,4.69
2231445,14.6,4.69
2232147,14.6,4.69
2232849,14.6,4.69
2233551,14.6,4.69
2234253,14.6,4.69
2234955,14.6,4.68
2235657,14.6,4.68
2236359,14.6,4.69
2237061,14.6,4.68
2237763,14.6,4.68
2238465,14.6,4.67
2239167,14.6,4.67
2239869,14.6,4.67
2240571,14.6,4.67
2241273,14.6,4.67
2241975,14.6,4.66
2242677,14.6,4.67
2243379,14.6,4.66
2244081,14.6,4.66
2244783,14.6,4.66
2245485,14.6,4.66
2246187,14.6,4.66
2246889,14.6,4.65
2247591,14.6,4.65
2248293,14.6,4.65
2248995,14.6,4.65
2249697,14.6,4.65
2250399,14.6,4.64
2251101,14.6,4.65
2251803,14.6,4.65
2252505,14.6,4.64
2253207,14.6,4.64
2253909,14.6,4.65
2254611,14.6,4.64
2255313,14.6,4.64
2256015,14.6,4.64
2256717,14.6,4.63
2257419,14.6,4.63
2258121,14.6,4.63
2258823,14.6,4.63
2259525,14.6,4.63
2260227,14.6,4.62
2260929,14.6,4.62
2261631,14.6,4.62
2262333,14.6,4.62
2263035,14.6,4.62
2263737,14.6,4.62
2264439,14.6,4.62
2265141,14.6,4.62
2265843,14.6,4.62
2266545,14.6,4.62
2267247,14.6,4.61
2267949,14.6,4.61
2268651,14.6,4.61
2269353,14.6,4.61
2270055,14.6,4.60
2270757,14.6,4.61
2271459,14.6,4.61
2272161,14.6,4.61
2272863,14.6,4.61
.59
2284095,14.6,4.59
2284797,14.6,4.59
2285499,14.6,4.59
2286201,15.6,4.59
2286903,14.6,4.59
2288307,14.6,4.60
2289009,14.6,4.60
2289711,15.6,4.61
2290413,14.6,4.60
2291115,14.6,4.61
2291817,15.6,4.61
2292519,14.6,4.61
2293221,14.6,4.62
2293923,14.6,4.63
2294625,14.6,4.63
2295327,14.6,4.63
2296029,14.6,4.64
2296731,14.6,4.65
2297433,14.6,4.66
2298135,14.6,4.66
2298837,14.6,4.67
2299539,14.6,4.68
2300241,15.6,4.69
2300943,15.6,4.69
2301645,15.6,4.70
2302347,14.6,4.71
2303049,14.6,4.72
2303751,14.6,4.74
2304453,14.6,4.74
2305155,14.6,4.75
2305857,14.6,4.76
2306559,14.6,4.77
2307261,14.6,4.78
2307963,14.6,4.79
2308665,14.6,4.80
2309367,14.6,4.81
2310069,14.6,4.82
2310771,14.6,4.84
2311473,14.6,4.84
2312175,14.6,4.86
2312877,15.6,4.87
2313579,15.6,4.89
2314281,15.6,4.90
2314983,14.6,4.91
2315685,14.6,4.93
2316387,14.6,4.94
2317089,14.6,4.95
2317791,15.6,4.97
2318493,15.6,4.98
2319195,15.6,4.99
2319897,14.6,5.01
2320599,14.6,5.02
2321301,14.6,5.04
2322003,15.6,5.05
2322705,15.6,5.07
2323407,15.6,5.09
2324109,15.6,5.10
2324811,16.6,5.12
2325513,15.6,5.13
2326215,15.6,5.15
2326917,15.6,5.16
2327619,14.6,5.18
2328321,14.6,5.19
2329023,15.6,5.21
2329725,15.6,5.22
2330427,15.6,5.24
2331129,15.6,5.26
2331831,15.6,5.28
2332533,15.6,5.29
2333235,15.6,5.31
2333937,14.6,5.32
2334639,15.6,5.34
2335341,15.6,5.36
2336043,15.6,5.37
2336745,15.6,5.39
2337447,15.6,5.41
2338149,16.6,5.43
2338851,16.6,5.44
2339553,16.6,5.47
2340255,16.6,5.48
2340957,16.6,5.50
2341659,16.6,5.52
2342361,16.6,5.54
2343063,16.6,5.55
2343765,16.6,5.57
2344467,15.6,5.60
2345169,15.6,5.62
2345871,15.6,5.63
2346573,15.6,5.65
2347275,15.6,5.67
2347977,15.6,5.69
2348679,15.6,5.71
2349381,15.6,5.73
2350083,15.6,5.75
2350785,15.6,5.77
2351487,15.6,5.79
2352189,16.6,5.81
2352891,16.6,5.83
2353593,16.6,5.85
2354295,15.6,5.87
2354997,15.6,5.89
2355699,16.6,5.92
2356401,16.6,5.94
2357103,16.6,5.95
2357805,16.6,5.98
2358507,16.6,6.00
2359209,16.6,6.02
2359911,16.6,6.04
2360613,16.6,6.06
2361315,16.6,6.09
2362017,16.6,6.11
2362719,16.6,6.13
2363421,16.6,6.15
2364123,16.6,6.18
2364825,16.6,6.20
2365527,16.6,6.22
2366229,16.6,6.24
2366931,16.6,6.26
2367633,16.6,6.29
2368335,16.6,6.31
2369037,16.6,6.33
2369739,16.6,6.35
2370441,16.6,6.38
2371143,16.6,6.40
2371845,16.6,6.43
2372547,16.6,6.45
2373249,16.6,6.47
2373951,16.6,6.50
2374653,16.6,6.52
2375355,16.6,6.54
2376057,16.6,6.57
2376759,16.6,6.59
2377461,16.6,6.61
2378163,16.6,6.63
2378865,16.6,6.66
2379567,16.6,6.69
2380269,16.6,6.71
2380971,16.6,6.73
2381673,16.6,6.76
2382375,16.6,6.78
2383077,16.6,6.81
2383779,16.6,6.83
2384481,16.6,6.85
2385183,17.6,6.88
2385885,16.6,6.91
2386587,17.6,6.93
2387289,17.6,6.95
2387991,16.6,6.97
2388693,16.6,7.00
2389395,16.6,7.03
2390097,16.6,7.06
2390799,16.6,7.08
2391501,16.6,7.10
2392203,16.6,7.12
2392905,16.6,7.15
2393607,16.6,7.18
2394309,16.6,7.20
2395011,16.6,7.23
2395713,17.6,7.25
2396415,18.6,7.28
2397117,17.6,7.31
2397819,16.6,7.33
2398521,16.6,7.36
2399223,16.6,7.38
2399925,16.6,7.41
2400627,17.6,7.44
2401329,17.6,7.47
2402031,17.6,7.49
2402733,16.6,7.51
2403435,17.6,7.55
2404137,16.6,7.57
2404839,16.6,7.59
2405541,16.6,7.62
2406243,17.6,7.65
2406945,17.6,7.68
2407647,17.6,7.70
2408349,17.6,7.73
2409051,17.6,7.76
2409753,17.6,7.78
2410455,17.6,7.81
2411157,17.6,7.84
2411859,17.6,7.86
2412561,17.6,7.88
2413263,17.6,7.92
2413965,18.6,7.94
2414667,17.6,7.97
2415369,17.6,8.00
2416071,17.6,8.02
2416773,17.6,8.05
2417475,17.6,8.07
2418177,17.6,8.10
2418879,18.6,8.13
2419581,17.6,8.16
2420283,17.6,8.18
2420985,17.6,8.21
2421687,18.6,8.24
2422389,18.6,8.26
2423091,17.6,8.29
2423793,17.6,8.32
2424495,17.6,8.35
2425197,17.6,8.38
2425899,17.6,8.41
2426601,18.6,8.44
2427303,17.6,8.46
2428005,18.6,8.49
2428707,17.6,8.52
2429409,18.6,8.55
2430111,18.6,8.57
2430813,17.6,8.61
2431515,18.6,8.63
2432217,18.6,8.65
2432919,18.6,8.69
2433621,18.6,8.71
2434323,18.6,8.74
2435025,18.6,8.77
2435727,18.6,8.80
2436429,18.6,8.83
2437131,18.6,8.86
2437833,18.6,8.89
2438535,18.6,8.92
2439237,18.6,8.95
2439939,18.6,8.97
2440641,18.6,9.00
2441343,18.6,9.03
2442045,18.6,9.06
2442747,18.6,9.09
2443449,18.6,9.11
2444151,18.6,9.15
2444853,18.6,9.17
2445555,19.6,9.20
2446257,19.6,9.23
2446959,19.6,9.26
2447661,18.6,9.29
2448363,18.6,9.32
2449065,18.6,9.35
2449767,19.6,9.37
2450469,19.6,9.40
2451171,19.6,9.43
2451873,19.6,9.45
2452575,19.6,9.48
2453277,19.6,9.51
2453979,19.6,9.54
2454681,19.6,9.56
2455383,18.6,9.60
2456085,19.6,9.64
2456787,19.6,9.66
2457489,19.6,9.69
2458191,19.6,9.72
2458893,20.6,9.75
2459595,19.6,9.77
2460297,19.6,9.80
2460999,19.6,9.83
2461701,19.6,9.85
2462403,19.6,9.89
2463105,20.6,9.92
2463807,20.6,9.95
2464509,20.6,9.98
2465211,20.6,10.01
2465913,19.6,10.04
2466615,20.6,10.07
2467317,19.6,10.10
2468019,20.6,10.13
2468721,19.6,10.15
2469423,20.6,10.18
2470125,20.6,10.21
2470827,20.6,10.25
2471529,20.6,10.28
2472231,20.6,10.31
2472933,20.6,10.34
2473635,20.6,10.36
2474337,20.6,10.39
2475039,20.6,10.42
2475741,20.6,10.44
2476443,20.6,10.48
2477145,20.6,10.50
2477847,20.6,10.54
2478549,20.6,10.57
2479251,20.6,10.59
2479953,20.6,10.63
2480655,20.6,10.65
2481357,20.6,10.68
2482059,20.6,10.71
2482761,20.6,10.74
2483463,20.6,10.77
2484165,20.6,10.80
2484867,20.6,10.82
2485569,20.6,10.86
2486271,20.6,10.89
2486973,20.6,10.92
2487675,20.6,10.94
2488377,21.6,10.97
2489079,21.6,11.01
2489781,21.6,11.03
2490483,21.6,11.07
2491185,21.6,11.09
2491887,21.6,11.12
2492589,21.6,11.14
2493291,21.6,11.18
2493993,21.6,11.21
2494695,21.6,11.24
2495397,21.6,11.27
2496099,21.6,11.30
2496801,21.6,11.33
2497503,22.6,11.36
2498205,22.6,11.39
2498907,22.6,11.43
2499609,22.6,11.45
2500311,22.6,11.48
2501013,21.6,11.52
2501715,22.6,11.54
2502417,21.6,11.57
2503119,21.6,11.60
2503821,22.6,11.63
2504523,22.6,11.66
2505225,22.6,11.69
2505927,21.6,11.72
2506629,22.6,11.74
2507331,22.6,11.77
2508033,21.6,11.81
2508735,22.6,11.84
2509437,22.6,11.87
2510139,22.6,11.90
2510841,21.6,11.92
2511543,21.6,11.95
2512245,22.6,11.99
2512947,22.6,12.01
2513649,22.6,12.04
2514351,22.6,12.07
2515053,22.6,12.10
2515755,22.6,12.13
2516457,22.6,12.16
2517159,22.6,12.19
2517861,22.6,12.22
2518563,22.6,12.25
2519265,22.6,12.28
2519967,23.6,12.31
2520669,23.6,12.33
2521371,23.6,12.37
2522073,22.6,12.39
2522775,22.6,12.42
2523477,22.6,12.45
2524179,22.6,12.48
2524881,23.6,12.51
2525583,22.6,12.54
2526285,22.6,12.57
2526987,23.6,12.60
2527689,23.6,12.63
2528391,23.6,12.66
2529093,23.6,12.69
2529795,23.6,12.72
2530497,23.6,12.75
2531199,23.6,12.78
2531901,23.6,12.81
2532603,23.6,12.84
2533305,23.6,12.87
2534007,23.6,12.90
2534709,23.6,12.93
2535411,23.6,12.96
2536113,23.6,12.99
2536815,23.6,13.02
2537517,23.6,13.05
2538219,23.6,13.07
2538921,23.6,13.10
2539623,23.6,13.13
2540325,23.6,13.16
2541027,23.6,13.19
2541729,23.6,13.22
2542431,23.6,13.25
2543133,23.6,13.28
2543835,23.6,13.30
2544537,23.6,13.34
2545239,24.6,13.36
2545941,23.6,13.39
2546643,24.6,13.42
2547345,23.6,13.46
2548047,23.6,13.48
2548749,23.6,13.51
2549451,23.6,13.54
2550153,23.6,13.57
2550855,24.6,13.60
2551557,23.6,13.63
2552259,23.6,13.66
2552961,24.6,13.69
2553663,24.6,13.71
2554365,24.6,13.74
2555067,24.6,13.77
2555769,24.6,13.80
2556471,24.6,13.83
2557173,24.6,13.86
2557875,24.6,13.89
2558577,24.6,13.92
2559279,24.6,13.95
2559981,23.6,13.98
2560683,23.6,14.01
2561385,24.6,14.04
2562087,24.6,14.07
2562789,24.6,14.10
2563491,24.6,14.13
2564193,24.6,14.16
2564895,24.6,14.19
2565597,25.6,14.22
2566299,25.6,14.25
2567001,25.6,14.27
2567703,24.6,14.30
2568405,24.6,14.33
2569107,24.6,14.36
2569809,25.6,14.39
2570511,25.6,14.42
2571213,25.6,14.44
2571915,25.6,14.48
2572617,25.6,14.50
2573319,25.6,14.54
2574021,25.6,14.57
2574723,25.6,14.59
2575425,25.6,14.61
2576127,25.6,14.65
2576829,24.6,14.68
2577531,25.6,14.70
2578233,25.6,14.73
2578935,26.6,14.77
2579637,26.6,14.79
2580339,26.6,14.82
2581041,25.6,14.85
2581743,25.6,14.87
2582445,25.6,14.90
2583147,25.6,14.93
2583849,25.6,14.97
2584551,25.6,14.99
2585253,25.6,15.02
2585955,25.6,15.05
2586657,25.6,15.07
2587359,25.6,15.10
2588061,26.6,15.13
2588763,25.6,15.16
2589465,26.6,15.19
2590167,26.6,15.22
2590869,26.6,15.25
2591571,26.6,15.27
2592273,26.6,15.31
2592975,25.6,15.33
2593677,26.6,15.36
2594379,25.6,15.39
2595081,26.6,15.43
2595783,26.6,15.45
2596485,25.6,15.48
2597187,26.6,15.51
2597889,26.6,15.54
2598591,26.6,15.56
2599293,26.6,15.59
2599995,26.6,15.62
2600697,27.6,15.65
2601399,26.6,15.68
2602101,26.6,15.71
2602803,27.6,15.73
2603505,26.6,15.77
2604207,26.6,15.79
2604909,26.6,15.82
2605611,26.6,15.85
2606313,26.6,15.88
2607015,26.6,15.90
2607717,26.6,15.93
2608419,27.6,15.96
2609121,26.6,15.98
2609823,26.6,16.01
2610525,26.6,16.04
2611227,26.6,16.07
2611929,26.6,16.09
2612631,26.6,16.13
2613333,27.6,16.16
2614035,26.6,16.18
2614737,27.6,16.21
2615439,27.6,16.23
2616141,27.6,16.26
2616843,27.6,16.29
2617545,27.6,16.32
2618247,27.6,16.35
2618949,27.6,16.38
2619651,27.6,16.40
2620353,27.6,16.44
2621055,26.6,16.46
2621757,27.6,16.49
2622459,27.6,16.52
2623161,27.6,16.54
2623863,27.6,16.57
2624565,27.6,16.60
2625267,27.6,16.62
2625969,27.6,16.65
2626671,27.6,16.69
2627373,27.6,16.72
2628075,28.6,16.74
2628777,28.6,16.77
2629479,28.6,16.80
2630181,27.6,16.83
2630883,27.6,16.85
2631585,27.6,16.88
2632287,27.6,16.90
2632989,27.6,16.93
2633691,27.6,16.96
2634393,27.6,16.99
2635095,27.6,17.02
2635797,27.6,17.04
2636499,27.6,17.07
2637201,28.6,17.10
2637903,28.6,17.13
2638605,28.6,17.15
2639307,28.6,17.18
2640009,28.6,17.20
2640711,28.6,17.24
2641413,28.6,17.26
2642115,28.6,17.28
2642817,27.6,17.32
2643519,27.6,17.35
2644221,27.6,17.38
2644923,27.6,17.40
2645625,28.6,17.43
2646327,28.6,17.45
2647029,28.6,17.48
2647731,28.6,17.51
2648433,28.6,17.53
2649135,28.6,17.56
2649837,28.6,17.58
2650539,28.6,17.62
2651241,28.6,17.65
2651943,28.6,17.67
2652645,29.6,17.70
2653347,28.6,17.72
2654049,28.6,17.76
2654751,29.6,17.79
2655453,29.6,17.81
2656155,29.6,17.84
2656857,29.6,17.87
2657559,29.6,17.89
2658261,28.6,17.92
2658963,29.6,17.95
2659665,29.6,17.98
2660367,29.6,18.00
2661069,29.6,18.03
2661771,29.6,18.06
2662473,29.6,18.08
2663175,29.6,18.11
2663877,29.6,18.13
2664579,29.6,18.16
2665281,29.6,18.19
2665983,29.6,18.21
2666685,28.6,18.23
2667387,28.6,18.27
2668089,29.6,18.30
2668791,29.6,18.32
2669493,29.6,18.34
2670195,29.6,18.37
2670897,29.6,18.40
2671599,29.6,18.42
2672301,29.6,18.45
2673003,28.6,18.48
2673705,28.6,18.50
2674407,29.6,18.53
2675109,29.6,18.55
2675811,29.6,18.58
2676513,29.6,18.61
2677215,29.6,18.64
2677917,29.6,18.66
2678619,29.6,18.69
2679321,28.6,18.72
2680023,29.6,18.74
2680725,30.6,18.76
2681427,30.6,18.79
2682129,29.6,18.82
2682831,30.6,18.84
2683533,30.6,18.87
2684235,30.6,18.90
2684937,29.6,18.93
2685639,29.6,18.95
2686341,30.6,18.98
2687043,29.6,19.01
2687745,30.6,19.03
2688447,30.6,19.06
2689149,30.6,19.08
2689851,30.6,19.11
2690553,30.6,19.14
2691255,29.6,19.16
2691957,30.6,19.19
2692659,30.6,19.21
2693361,30.6,19.25
2694063,30.6,19.27
2694765,30.6,19.29
2695467,30.6,19.32
2696169,30.6,19.35
2696871,30.6,19.38
2697573,30.6,19.40
2698275,30.6,19.42
2698977,30.6,19.45
2699679,30.6,19.48
2700381,30.6,19.50
2701083,30.6,19.53
2701785,30.6,19.56
2702487,30.6,19.59
2703189,30.6,19.61
2703891,30.6,19.64
2704593,30.6,19.66
2705295,30.6,19.69
2705997,30.6,19.71
2706699,30.6,19.73
2707401,30.6,19.76
2708103,30.6,19.78
2708805,31.6,19.80
2709507,30.6,19.84
2710209,31.6,19.86
2710911,31.6,19.89
2711613,31.6,19.92
2712315,31.6,19.94
2713017,31.6,19.97
2713719,31.6,19.99
2714421,31.6,20.01
2715123,31.6,20.04
2715825,31.6,20.06
2716527,31.6,20.08
2717229,31.6,20.11
2717931,31.6,20.14
2718633,31.6,20.15
2719335,32.6,20.18
2720037,31.6,20.21
2720739,31.6,20.23
2721441,32.6,20.26
2722143,31.6,20.29
2722845,31.6,20.31
2723547,31.6,20.34
2724249,31.6,20.36
2724951,31.6,20.39
2725653,31.6,20.42
2726355,31.6,20.45
2727057,31.6,20.47
2727759,31.6,20.49
2728461,32.6,20.52
2729163,31.6,20.55
2729865,31.6,20.57
2730567,31.6,20.60
2731269,31.6,20.62
2731971,31.6,20.65
2732673,31.6,20.67
2733375,31.6,20.69
2734077,31.6,20.72
2734779,31.6,20.74
2735481,31.6,20.77
2736183,31.6,20.79
2736885,31.6,20.81
2737587,31.6,20.84
2738289,31.6,20.87
2738991,31.6,20.89
2739693,31.6,20.91
2740395,32.6,20.94
2741097,32.6,20.97
2741799,32.6,20.99
2742501,31.6,21.02
2743203,32.6,21.04
2743905,32.6,21.06
2744607,33.6,21.09
2745309,33.6,21.11
2746011,33.6,21.14
2746713,33.6,21.17
2747415,33.6,21.19
2748117,33.6,21.21
2748819,33.6,21.25
2749521,33.6,21.26
2750223,32.6,21.28
2750925,32.6,21.31
2751627,31.6,21.34
2752329,32.6,21.36
2753031,32.6,21.39
2753733,32.6,21.40
2754435,33.6,21.43
2755137,32.6,21.46
2755839,32.6,21.48
2756541,31.6,21.51
2757243,32.6,21.53
2757945,33.6,21.56
2758647,33.6,21.58
2759349,33.6,21.60
2760051,32.6,21.63
2760753,33.6,21.65
2761455,33.6,21.68
2762157,32.6,21.71
2762859,32.6,21.73
2763561,32.6,21.75
2764263,33.6,21.78
2764965,33.6,21.80
2765667,33.6,21.83
2766369,32.6,21.85
2767071,32.6,21.88
2767773,33.6,21.90
2768475,32.6,21.92
2769177,32.6,21.95
2769879,32.6,21.97
2770581,33.6,21.99
2771283,32.6,22.02
2771985,32.6,22.04
2772687,33.6,22.07
2773389,33.6,22.09
2774091,32.6,22.11
2774793,32.6,22.14
2775495,32.6,22.17
2776197,33.6,22.19
2776899,33.6,22.22
2777601,33.6,22.24
2778303,33.6,22.26
2779005,33.6,22.28
2779707,33.6,22.30
2780409,33.6,22.33
2781111,33.6,22.35
2781813,34.6,22.37
2782515,34.6,22.39
2783217,34.6,22.42
2783919,33.6,22.44
2784621,33.6,22.47
2785323,33.6,22.49
2786025,34.6,22.52
2786727,34.6,22.54
2787429,34.6,22.57
2788131,34.6,22.59
2788833,34.6,22.61
2789535,34.6,22.63
2790237,34.6,22.66
2790939,34.6,22.68
2791641,34.6,22.70
2792343,34.6,22.73
2793045,34.6,22.75
2793747,34.6,22.77
2794449,34.6,22.80
2795151,34.6,22.83
2795853,34.6,22.84
2796555,34.6,22.87
2797257,34.6,22.89
2797959,34.6,22.92
2798661,33.6,22.94
2799363,34.6,22.97
2800065,33.6,23.00
2800767,34.6,23.03
2801469,34.6,23.05
2802171,34.6,23.07
2802873,34.6,23.10
2803575,34.6,23.12
2804277,34.6,23.14
2804979,34.6,23.16
2805681,34.6,23.18
2806383,34.6,23.21
2807085,34.6,23.23
2807787,34.6,23.25
2808489,34.6,23.28
2809191,34.6,23.30
2809893,34.6,23.32
2810595,34.6,23.35
2811297,34.6,23.37
2811999,34.6,23.39
2812701,34.6,23.42
2813403,35.6,23.44
2814105,34.6,23.46
2814807,34.6,23.48
2815509,34.6,23.51
2816211,34.6,23.53
2816913,34.6,23.55
2817615,35.6,23.57
2818317,34.6,23.59
2819019,35.6,23.61
2819721,35.6,23.63
2820423,35.6,23.66
2821125,35.6,23.68
2821827,34.6,23.71
2822529,35.6,23.73
2823231,35.6,23.75
2823933,35.6,23.79
2824635,34.6,23.81
2825337,34.6,23.83
2826039,34.6,23.85
2826741,34.6,23.87
2827443,35.6,23.89
2828145,34.6,23.91
2828847,35.6,23.94
2829549,35.6,23.96
2830251,35.6,23.98
2830953,35.6,24.00
2831655,35.6,24.02
2832357,35.6,24.03
2833059,35.6,24.07
2833761,35.6,24.09
2834463,34.6,24.11
2835165,34.6,24.13
2835867,35.6,24.16
2836569,35.6,24.18
2837271,34.6,24.20
2837973,35.6,24.22
2838675,35.6,24.25
2839377,35.6,24.27
2840079,35.6,24.30
2840781,35.6,24.32
2841483,36.6,24.34
2842185,35.6,24.36
2842887,36.6,24.38
2843589,36.6,24.41
2844291,36.6,24.43
2844993,36.6,24.46
2845695,36.6,24.48
2846397,35.6,24.50
2847099,35.6,24.52
2847801,35.6,24.55
2848503,35.6,24.56
2849205,35.6,24.58
2849907,35.6,24.61
2850609,36.6,24.63
2851311,36.6,24.64
2852013,36.6,24.66
2852715,36.6,24.69
2853417,36.6,24.72
2854119,36.6,24.74
2854821,36.6,24.77
2855523,35.6,24.78
2856225,36.6,24.80
2856927,36.6,24.83
2857629,37.6,24.84
2858331,37.6,24.87
2859033,37.6,24.89
2859735,36.6,24.91
2860437,36.6,24.93
2861139,36.6,24.95
2861841,36.6,24.97
2862543,36.6,25.00
2863245,35.6,25.02
2863947,35.6,25.04
2864649,35.6,25.07
2865351,36.6,25.09
2866053,36.6,25.11
2866755,36.6,25.13
2867457,36.6,25.15
2868159,36.6,25.17
2868861,36.6,25.19
2869563,36.6,25.22
2870265,37.6,25.23
2870967,37.6,25.25
2871669,37.6,25.28
2872371,37.6,25.30
2873073,37.6,25.31
2873775,37.6,25.33
2874477,37.6,25.36
2875179,36.6,25.39
2875881,36.6,25.40
2876583,37.6,25.42
2877285,37.6,25.44
2877987,36.6,25.47
2878689,36.6,25.48
2879391,37.6,25.51
2880093,36.6,25.53
2880795,37.6,25.55
2881497,37.6,25.57
2882199,36.6,25.59
2882901,37.6,25.62
2883603,37.6,25.63
2884305,36.6,25.66
2885007,36.6,25.68
2885709,36.6,25.70
2886411,37.6,25.72
2887113,36.6,25.74
2887815,36.6,25.76
2888517,36.6,25.79
2889219,36.6,25.80
2889921,36.6,25.83
2890623,36.6,25.84
2891325,36.6,25.86
2892027,37.6,25.88
2892729,37.6,25.90
2893431,38.6,25.93
2894133,37.6,25.94
2894835,37.6,25.97
2895537,38.6,25.99
2896239,37.6,26.01
2896941,37.6,26.03
2897643,38.6,26.05
2898345,38.6,26.08
2899047,38.6,26.10
2899749,38.6,26.11
2900451,38.6,26.13
2901153,38.6,26.15
2901855,38.6,26.18
2902557,37.6,26.20
2903259,37.6,26.22
2903961,37.6,26.23
2904663,37.6,26.25
2905365,37.6,26.28
2906067,37.6,26.30
2906769,37.6,26.32
2907471,37.6,26.33
2908173,38.6,26.36
2908875,38.6,26.38
2909577,37.6,26.40
2910279,38.6,26.42
2910981,38.6,26.44
2911683,38.6,26.46
2912385,38.6,26.48
2913087,38.6,26.50
2913789,38.6,26.52
2914491,38.6,26.54
2915193,38.6,26.56
2915895,38.6,26.58
2916597,38.6,26.59
2917299,38.6,26.61
2918001,38.6,26.64
2918703,38.6,26.66
2919405,38.6,26.67
2920107,38.6,26.70
2920809,38.6,26.71
2921511,38.6,26.74
2922213,38.6,26.76
2922915,38.6,26.78
2923617,37.6,26.79
2924319,38.6,26.82
2925021,38.6,26.84
2925723,38.6,26.86
2926425,38.6,26.88
2927127,38.6,26.90
2927829,38.6,26.92
2928531,38.6,26.93
2929233,38.6,26.97
2929935,37.6,26.99
2930637,38.6,27.00
2931339,38.6,27.02
2932041,38.6,27.04
2932743,38.6,27.06
2933445,38.6,27.07
2934147,38.6,27.09
2934849,38.6,27.11
2935551,37.6,27.13
2936253,38.6,27.15
2936955,38.6,27.16
2937657,38.6,27.19
2938359,38.6,27.21
2939061,38.6,27.23
2939763,39.6,27.24
2940465,38.6,27.26
2941167,38.6,27.29
2941869,38.6,27.31
2942571,38.6,27.33
2943273,39.6,27.35
2943975,39.6,27.37
2944677,39.6,27.39
2945379,38.6,27.41
2946081,38.6,27.43
2946783,38.6,27.44
2947485,38.6,27.46
2948187,38.6,27.48
2948889,38.6,27.50
2949591,39.6,27.52
2950293,39.6,27.54
2950995,39.6,27.55
2951697,38.6,27.57
2952399,38.6,27.59
2953101,38.6,27.61
2953803,38.6,27.63
2954505,38.6,27.65
2955207,38.6,27.67
2955909,38.6,27.69
2956611,39.6,27.71
2957313,39.6,27.73
2958015,39.6,27.75
2958717,39.6,27.76
2959419,39.6,27.78
2960121,39.6,27.80
2960823,39.6,27.82
2961525,39.6,27.84
2962227,39.6,27.85
2962929,39.6,27.87
2963631,39.6,27.90
2964333,39.6,27.91
2965035,39.6,27.93
2965737,40.6,27.95
2966439,39.6,27.97
2967141,39.6,27.99
2967843,39.6,28.01
2968545,39.6,28.02
2969247,39.6,28.05
2969949,40.6,28.06
2970651,39.6,28.08
2971353,39.6,28.10
2972055,39.6,28.12
2972757,39.6,28.14
2973459,40.6,28.16
2974161,40.6,28.18
2974863,40.6,28.20
2975565,40.6,28.22
2976267,40.6,28.24
2976969,40.6,28.26
2977671,40.6,28.28
2978373,40.6,28.29
2979075,40.6,28.31
2979777,40.6,28.33
2980479,40.6,28.35
2981181,40.6,28.37
2981883,39.6,28.39
2982585,39.6,28.40
2983287,39.6,28.42
2983989,39.6,28.43
2984691,40.6,28.46
2985393,40.6,28.47
2986095,41.6,28.49
2986797,41.6,28.51
2987499,40.6,28.52
2988201,40.6,28.55
2988903,39.6,28.57
2989605,40.6,28.59
2990307,40.6,28.60
2991009,40.6,28.62
2991711,40.6,28.64
2992413,39.6,28.66
2993115,40.6,28.68
2993817,39.6,28.69
2994519,40.6,28.71
2995221,39.6,28.73
2995923,40.6,28.75
2996625,40.6,28.77
2997327,40.6,28.78
2998029,40.6,28.80
2998731,40.6,28.81
2999433,41.6,28.83
3000135,40.6,28.85
3000837,39.6,28.87
3001539,40.6,28.89
3002241,39.6,28.90
3002943,39.6,28.92
3003645,39.6,28.94
3004347,40.6,28.96
3005049,40.6,28.98
3005751,40.6,28.99
3006453,40.6,29.01
3007155,40.6,29.03
3007857,39.6,29.05
3008559,40.6,29.06
3009261,40.6,29.08
3009963,40.6,29.10
3010665,40.6,29.12
3011367,41.6,29.14
3012069,40.6,29.15
3012771,40.6,29.17
3013473,40.6,29.19
3014175,41.6,29.21
3014877,41.6,29.23
3015579,41.6,29.24
3016281,41.6,29.26
3016983,41.6,29.27
3017685,41.6,29.29
3018387,41.6,29.31
3019089,41.6,29.33
3019791,40.6,29.34
3020493,41.6,29.36
3021195,40.6,29.38
3021897,40.6,29.39
3022599,41.6,29.41
3023301,41.6,29.43
3024003,41.6,29.45
3024705,41.6,29.47
3025407,41.6,29.49
3026109,40.6,29.51
3026811,41.6,29.52
3027513,41.6,29.54
3028215,41.6,29.56
3028917,41.6,29.57
3029619,41.6,29.59
3030321,41.6,29.61
3031023,41.6,29.62
3031725,41.6,29.64
3032427,41.6,29.65
3033129,41.6,29.68
3033831,41.6,29.69
3034533,41.6,29.71
3035235,41.6,29.72
3035937,41.6,29.73
3036639,41.6,29.76
3037341,41.6,29.77
3038043,41.6,29.79
3038745,41.6,29.80
3039447,42.6,29.82
3040149,42.6,29.83
3040851,42.6,29.85
3041553,42.6,29.88
3042255,42.6,29.89
3042957,41.6,29.91
3043659,41.6,29.92
3044361,41.6,29.95
3045063,41.6,29.96
3045765,41.6,29.98
3046467,41.6,30.00
3047169,41.6,30.01
3047871,41.6,30.03
3048573,41.6,30.04
3049275,41.6,30.06
3049977,41.6,30.07
3050679,41.6,30.09
3051381,41.6,30.11
3052083,41.6,30.12
3052785,41.6,30.14
3053487,41.6,30.16
3054189,41.6,30.18
3054891,41.6,30.20
3055593,42.6,30.21
3056295,42.6,30.23
3056997,41.6,30.24
3057699,41.6,30.26
3058401,41.6,30.27
3059103,41.6,30.29
3059805,41.6,30.30
3060507,41.6,30.32
3061209,41.6,30.34
3061911,41.6,30.35
3062613,41.6,30.37
3063315,42.6,30.39
3064017,41.6,30.40
3064719,41.6,30.42
3065421,41.6,30.43
3066123,41.6,30.45
3066825,41.6,30.46
3067527,41.6,30.48
3068229,42.6,30.49
3068931,42.6,30.51
3069633,41.6,30.53
3070335,42.6,30.55
3071037,42.6,30.56
3071739,42.6,30.57
3072441,42.6,30.59
3073143,41.6,30.61
3073845,42.6,30.62
3074547,41.6,30.63
3075249,41.6,30.65
3075951,42.6,30.67
3076653,42.6,30.68
3077355,42.6,30.70
3078057,42.6,30.72
3078759,42.6,30.74
3079461,42.6,30.76
3080163,41.6,30.77
3080865,42.6,30.78
3081567,41.6,30.80
3082269,41.6,30.81
3082971,42.6,30.83
3083673,42.6,30.85
3084375,42.6,30.86
3085077,42.6,30.87
3085779,42.6,30.89
3086481,42.6,30.90
3087183,42.6,30.92
3087885,42.6,30.94
3088587,43.6,30.95
3089289,42.6,30.97
3089991,42.6,30.98
3090693,42.6,31.00
3091395,42.6,31.01
3092097,42.6,31.03
3092799,42.6,31.05
3093501,43.6,31.05
3094203,42.6,31.07
3094905,42.6,31.08
3095607,43.6,31.10
3096309,42.6,31.11
3097011,42.6,31.13
3097713,42.6,31.15
3098415,43.6,31.17
3099117,42.6,31.19
3099819,42.6,31.20
3100521,41.6,31.21
3101223,42.6,31.23
3101925,42.6,31.24
3102627,42.6,31.26
3103329,42.6,31.27
3104031,43.6,31.29
3104733,43.6,31.30
3105435,43.6,31.32
3106137,42.6,31.33
3106839,42.6,31.34
3107541,43.6,31.36
3108243,42.6,31.37
3108945,43.6,31.38
3109647,42.6,31.40
3110349,42.6,31.41
3111051,42.6,31.43
3111753,42.6,31.44
3112455,42.6,31.46
3113157,42.6,31.48
3113859,42.6,31.49
3114561,43.6,31.50
3115263,43.6,31.52
3115965,43.6,31.53
3116667,43.6,31.55
3117369,43.6,31.56
3118071,43.6,31.58
3118773,43.6,31.59
3119475,43.6,31.61
3120177,43.6,31.62
3120879,43.6,31.64
3121581,43.6,31.65
3122283,43.6,31.67
3122985,43.6,31.68
3123687,43.6,31.69
3124389,43.6,31.71
3125091,43.6,31.73
3125793,43.6,31.74
3126495,43.6,31.75
3127197,43.6,31.76
3127899,43.6,31.78
3128601,43.6,31.80
3129303,43.6,31.81
3130005,43.6,31.82
3130707,43.6,31.84
3131409,43.6,31.85
3132111,43.6,31.86
3132813,43.6,31.88
3133515,43.6,31.89
3134217,43.6,31.90
3134919,43.6,31.92
3135621,43.6,31.93
3136323,43.6,31.94
3137025,43.6,31.96
3137727,42.6,31.98
3138429,43.6,31.99
3139131,43.6,32.00
3139833,43.6,32.02
3140535,43.6,32.04
3141237,43.6,32.05
3141939,43.6,32.07
3142641,44.6,32.08
3143343,43.6,32.09
3144045,44.6,32.10
3144747,43.6,32.12
3145449,43.6,32.14
3146151,44.6,32.14
3146853,44.6,32.16
3147555,44.6,32.18
3148257,44.6,32.19
3148959,44.6,32.20
3149661,44.6,32.21
3150363,44.6,32.22
3151065,44.6,32.24
3151767,44.6,32.26
3152469,44.6,32.26
3153171,44.6,32.28
3153873,44.6,32.29
3154575,43.6,32.31
3155277,43.6,32.32
3155979,43.6,32.33
3156681,43.6,32.35
3157383,43.6,32.36
3158085,43.6,32.38
3158787,43.6,32.39
3159489,43.6,32.40
3160191,43.6,32.41
3160893,44.6,32.42
3161595,43.6,32.44
3162297,43.6,32.45
3162999,43.6,32.47
3163701,44.6,32.49
3164403,43.6,32.49
3165105,44.6,32.51
3165807,44.6,32.53
3166509,44.6,32.54
3167211,43.6,32.54
3167913,44.6,32.56
3168615,44.6,32.57
3169317,44.6,32.58
3170019,44.6,32.60
3170721,44.6,32.61
3171423,44.6,32.62
3172125,44.6,32.63
3172827,44.6,32.65
3173529,44.6,32.66
3174231,44.6,32.67
3174933,44.6,32.69
3175635,44.6,32.69
3176337,44.6,32.71
3177039,44.6,32.72
3177741,44.6,32.73
3178443,44.6,32.74
3179145,44.6,32.76
3179847,43.6,32.77
3180549,44.6,32.79
3181251,44.6,32.80
3181953,44.6,32.81
3182655,44.6,32.82
3183357,44.6,32.84
3184059,44.6,32.85
3184761,44.6,32.86
3185463,44.6,32.87
3186165,44.6,32.88
3186867,43.6,32.89
3187569,44.6,32.91
3188271,44.6,32.92
3188973,43.6,32.93
3189675,44.6,32.95
3190377,44.6,32.96
3191079,44.6,32.97
3191781,44.6,32.98
3192483,44.6,32.99
3193185,44.6,33.00
3193887,44.6,33.01
3194589,44.6,33.02
3195291,44.6,33.03
3195993,44.6,33.04
3196695,44.6,33.06
3197397,44.6,33.07
3198099,45.6,33.08
3198801,45.6,33.10
3199503,45.6,33.11
3200205,45.6,33.12
3200907,45.6,33.13
3201609,45.6,33.14
3202311,44.6,33.15
3203013,43.6,33.16
3203715,44.6,33.17
3204417,44.6,33.18
3205119,45.6,33.19
3205821,45.6,33.21
3206523,45.6,33.22
3207225,44.6,33.23
3207927,45.6,33.24
3208629,44.6,33.25
3209331,45.6,33.26
3210033,45.6,33.28
3210735,44.6,33.29
3211437,45.6,33.30
3212139,45.6,33.32
3212841,45.6,33.33
3213543,45.6,33.34
3214245,45.6,33.35
3214947,45.6,33.36
3215649,45.6,33.37
3216351,45.6,33.38
3217053,45.6,33.40
3217755,45.6,33.41
3218457,45.6,33.41
3219159,45.6,33.43
3219861,45.6,33.44
3220563,45.6,33.46
3221265,45.6,33.47
3221967,45.6,33.48
3222669,45.6,33.49
3223371,45.6,33.50
3224073,45.6,33.51
3224775,45.6,33.52
3225477,45.6,33.52
3226179,44.6,33.54
3226881,44.6,33.55
3227583,44.6,33.56
3228285,44.6,33.56
3228987,44.6,33.57
3229689,45.6,33.58
3230391,45.6,33.60
3231093,45.6,33.61
3231795,45.6,33.62
3232497,45.6,33.63
3233199,44.6,33.64
3233901,45.6,33.65
3234603,45.6,33.66
3235305,44.6,33.67
3236007,45.6,33.68
3236709,45.6,33.69
3237411,45.6,33.70
3238113,44.6,33.71
3238815,45.6,33.72
3239517,45.6,33.73
3240219,45.6,33.75
3240921,45.6,33.76
3241623,45.6,33.76
3242325,45.6,33.78
3243027,45.6,33.79
3243729,45.6,33.80
3244431,45.6,33.81
3245133,45.6,33.82
3245835,45.6,33.83
3246537,45.6,33.84
3247239,45.6,33.85
3247941,45.6,33.86
3248643,45.6,33.87
3249345,45.6,33.88
3250047,45.6,33.89
3250749,45.6,33.90
3251451,45.6,33.90
3252153,45.6,33.91
3252855,45.6,33.92
3253557,45.6,33.93
3254259,45.6,33.94
3254961,45.6,33.95
3255663,45.6,33.96
3256365,45.6,33.97
3257067,44.6,33.98
3257769,45.6,33.99
3258471,45.6,34.00
3259173,45.6,34.01
3259875,45.6,34.02
3260577,46.6,34.03
3261279,45.6,34.04
3261981,45.6,34.05
3262683,45.6,34.06
3263385,45.6,34.07
3264087,45.6,34.08
3264789,45.6,34.09
3265491,45.6,34.10
3266193,45.6,34.11
3266895,46.6,34.11
3267597,45.6,34.13
3268299,45.6,34.13
3269001,45.6,34.14
3269703,45.6,34.16
3270405,45.6,34.17
3271107,45.6,34.17
3271809,46.6,34.18
3272511,45.6,34.19
3273213,45.6,34.20
3273915,45.6,34.21
3274617,45.6,34.22
3275319,45.6,34.22
3276021,45.6,34.23
3276723,45.6,34.24
3277425,45.6,34.25
3278127,45.6,34.26
3278829,45.6,34.27
3279531,46.6,34.27
3280233,45.6,34.28
3280935,45.6,34.29
3281637,46.6,34.30
3282339,46.6,34.31
3283041,46.6,34.32
3283743,46.6,34.33
3284445,46.6,34.34
3285147,46.6,34.34
3285849,45.6,34.35
3286551,45.6,34.36
3287253,46.6,34.38
3287955,46.6,34.38
3288657,46.6,34.39
3289359,45.6,34.40
3290061,46.6,34.41
3290763,46.6,34.42
3291465,46.6,34.43
3292167,46.6,34.43
3292869,46.6,34.44
3293571,45.6,34.45
3294273,46.6,34.46
3294975,46.6,34.47
3295677,45.6,34.48
3296379,45.6,34.49
3297081,46.6,34.50
3297783,46.6,34.50
3298485,46.6,34.51
3299187,46.6,34.52
3299889,46.6,34.53
3300591,46.6,34.53
3301293,46.6,34.54
3301995,45.6,34.55
3302697,46.6,34.56
3303399,46.6,34.57
3304101,46.6,34.58
3304803,46.6,34.59
3305505,46.6,34.59
3306207,46.6,34.61
3306909,45.6,34.61
3307611,46.6,34.62
3308313,45.6,34.63
3309015,45.6,34.64
3309717,45.6,34.65
3310419,45.6,34.65
3311121,46.6,34.66
3311823,46.6,34.67
3312525,46.6,34.68
3313227,45.6,34.69
3313929,45.6,34.70
3314631,46.6,34.70
3315333,46.6,34.71
3316035,46.6,34.72
3316737,46.6,34.73
3317439,46.6,34.75
3318141,46.6,34.75
3318843,46.6,34.76
3319545,46.6,34.77
3320247,46.6,34.77
3320949,46.6,34.78
3321651,46.6,34.78
3322353,47.6,34.79
3323055,47.6,34.80
3323757,46.6,34.81
3324459,46.6,34.82
3325161,46.6,34.83
3325863,46.6,34.83
3326565,47.6,34.84
3327267,46.6,34.85
3327969,46.6,34.85
3328671,45.6,34.87
3329373,45.6,34.87
3330075,46.6,34.88
3330777,45.6,34.89
3331479,46.6,34.90
3332181,46.6,34.90
3332883,46.6,34.90
3333585,46.6,34.91
3334287,46.6,34.92
3334989,46.6,34.93
3335691,46.6,34.94
3336393,45.6,34.94
3337095,46.6,34.95
3337797,46.6,34.96
3338499,46.6,34.97
3339201,46.6,34.97
3339903,46.6,34.98
3340605,46.6,34.98
3341307,46.6,35.00
3342009,47.6,35.00
3342711,47.6,35.01
3343413,46.6,35.01
3344115,46.6,35.02
3344817,46.6,35.04
3345519,47.6,35.04
3346221,47.6,35.04
3346923,46.6,35.06
3347625,47.6,35.06
3348327,47.6,35.07
3349029,47.6,35.07
3349731,47.6,35.08
3350433,46.6,35.09
3351135,46.6,35.10
3351837,46.6,35.10
3352539,47.6,35.11
3353241,46.6,35.12
3353943,47.6,35.12
3354645,47.6,35.13
3355347,47.6,35.14
3356049,47.6,35.15
3356751,47.6,35.15
3357453,46.6,35.16
3358155,46.6,35.17
3358857,47.6,35.17
3359559,47.6,35.18
3360261,47.6,35.19
3360963,47.6,35.19
3361665,47.6,35.20
3362367,47.6,35.20
3363069,47.6,35.21
3363771,47.6,35.22
3364473,47.6,35.22
3365175,47.6,35.23
3365877,47.6,35.24
3366579,47.6,35.24
3367281,47.6,35.25
3367983,47.6,35.26
3368685,47.6,35.26
3369387,47.6,35.27
3370089,47.6,35.27
3370791,47.6,35.28
3371493,47.6,35.29
3372195,47.6,35.29
3372897,47.6,35.30
3373599,47.6,35.30
3374301,47.6,35.31
3375003,47.6,35.32
3375705,47.6,35.33
3376407,47.6,35.34
3377109,47.6,35.34
3377811,46.6,35.35
3378513,46.6,35.36
3379215,47.6,35.37
3379917,47.6,35.37
3380619,47.6,35.38
3381321,46.6,35.39
3382023,47.6,35.39
3382725,46.6,35.40
3383427,47.6,35.41
3384129,47.6,35.41
3384831,47.6,35.42
3385533,47.6,35.42
3386235,47.6,35.43
3386937,47.6,35.43
3387639,47.6,35.44
3388341,47.6,35.45
3389043,47.6,35.45
3389745,47.6,35.46
3390447,47.6,35.47
3391149,47.6,35.47
3391851,47.6,35.48
3392553,47.6,35.48
3393255,47.6,35.49
3393957,47.6,35.49
3394659,47.6,35.50
3395361,47.6,35.51
3396063,47.6,35.51
3396765,47.6,35.52
3397467,47.6,35.53
3398169,47.6,35.53
3398871,47.6,35.53
3399573,47.6,35.54
3400275,47.6,35.55
3400977,46.6,35.56
3401679,47.6,35.56
3402381,47.6,35.57
3403083,47.6,35.57
3403785,47.6,35.58
3404487,48.6,35.58
3405189,47.6,35.59
3405891,47.6,35.60
3406593,47.6,35.60
3407295,47.6,35.61
3407997,47.6,35.61
3408699,47.6,35.62
3409401,47.6,35.62
3410103,47.6,35.63
3410805,48.6,35.63
3411507,48.6,35.64
3412209,48.6,35.65
3412911,47.6,35.65
3413613,47.6,35.65
3414315,47.6,35.66
3415017,47.6,35.68
3415719,47.6,35.68
3416421,47.6,35.69
3417123,47.6,35.69
3417825,48.6,35.70
3418527,48.6,35.70
3419229,48.6,35.71
3419931,48.6,35.72
3420633,47.6,35.72
3421335,48.6,35.73
3422037,47.6,35.73
3422739,48.6,35.74
3423441,47.6,35.74
3424143,47.6,35.75
3424845,47.6,35.75
3425547,47.6,35.76
3426249,47.6,35.77
3426951,47.6,35.77
3427653,47.6,35.78
3428355,47.6,35.78
3429057,48.6,35.80
3429759,47.6,35.79
3430461,47.6,35.80
3431163,47.6,35.80
3431865,47.6,35.81
3432567,48.6,35.82
3433269,48.6,35.83
3433971,47.6,35.83
3434673,47.6,35.84
3435375,47.6,35.84
3436077,47.6,35.84
3436779,47.6,35.85
3437481,47.6,35.86
3438183,47.6,35.87
3438885,47.6,35.87
3439587,47.6,35.87
3440289,47.6,35.88
3440991,48.6,35.89
3441693,47.6,35.90
3442395,48.6,35.90
3443097,47.6,35.91
3443799,48.6,35.92
3444501,48.6,35.92
3445203,48.6,35.93
3445905,48.6,35.93
3446607,48.6,35.93
3447309,48.6,35.94
3448011,47.6,35.95
3448713,47.6,35.96
3449415,47.6,35.96
3450117,47.6,35.96
3450819,47.6,35.98
3451521,48.6,35.98
3452223,48.6,35.99
3452925,48.6,36.00
3453627,48.6,36.00
3454329,48.6,36.01
3455031,48.6,36.01
3455733,48.6,36.02
3456435,48.6,36.02
3457137,48.6,36.03
3457839,48.6,36.03
3458541,48.6,36.03
3459243,48.6,36.04
3459945,48.6,36.05
3460647,48.6,36.05
3461349,48.6,36.06
3462051,48.6,36.06
3462753,48.6,36.07
3463455,48.6,36.07
3464157,47.6,36.08
3464859,48.6,36.09
3465561,48.6,36.09
3466263,48.6,36.10
3466965,48.6,36.10
3467667,48.6,36.10
3468369,47.6,36.11
3469071,48.6,36.12
3469773,48.6,36.13
3470475,48.6,36.13
3471177,48.6,36.13
3471879,48.6,36.14
3472581,48.6,36.14
3473283,48.6,36.14
3473985,48.6,36.15
3474687,48.6,36.15
3475389,48.6,36.16
3476091,48.6,36.16
3476793,47.6,36.17
3477495,48.6,36.17
3478197,47.6,36.18
3478899,47.6,36.19
3479601,47.6,36.19
3480303,48.6,36.20
3481005,48.6,36.20
3481707,48.6,36.20
3482409,48.6,36.21
3483111,48.6,36.21
3483813,48.6,36.21
3484515,48.6,36.22
3485217,48.6,36.22
3485919,48.6,36.23
3486621,48.6,36.24
3487323,48.6,36.24
3488025,48.6,36.24
3488727,48.6,36.25
3489429,48.6,36.25
3490131,48.6,36.26
3490833,48.6,36.26
3491535,48.6,36.27
3492237,48.6,36.27
3492939,48.6,36.28
3493641,48.6,36.28
3494343,48.6,36.28
3495045,48.6,36.30
3495747,48.6,36.30
3496449,48.6,36.30
3497151,48.6,36.31
3497853,48.6,36.32
3498555,48.6,36.32
3499257,48.6,36.33
3499959,48.6,36.33
3500661,48.6,36.33
3501363,48.6,36.34
3502065,48.6,36.35
3502767,48.6,36.35
3503469,48.6,36.35
3504171,48.6,36.36
3504873,48.6,36.37
3505575,48.6,36.37
3506277,48.6,36.37
3506979,48.6,36.38
3507681,48.6,36.39
3508383,48.6,36.39
3509085,48.6,36.39
3509787,48.6,36.40
3510489,48.6,36.40
3511191,48.6,36.41
3511893,48.6,36.41
3512595,48.6,36.41
3513297,48.6,36.42
3513999,48.6,36.43
3514701,48.6,36.43
3515403,48.6,36.43
3516105,48.6,36.44
3516807,48.6,36.44
3517509,48.6,36.45
3518211,48.6,36.45
3518913,48.6,36.46
3519615,48.6,36.47
3520317,48.6,36.47
3521019,48.6,36.47
3521721,48.6,36.47
3522423,48.6,36.48
3523125,48.6,36.48
3523827,48.6,36.49
3524529,48.6,36.49
3525231,48.6,36.50
3525933,48.6,36.50
3526635,47.6,36.50
3527337,48.6,36.51
3528039,48.6,36.52
3528741,48.6,36.52
3529443,48.6,36.52
3530145,48.6,36.53
3530847,48.6,36.53
3531549,48.6,36.53
3532251,48.6,36.54
3532953,48.6,36.54
3533655,48.6,36.55
3534357,48.6,36.55
3535059,48.6,36.56
3535761,48.6,36.56
3536463,48.6,36.56
3537165,48.6,36.57
3537867,48.6,36.57
3538569,48.6,36.58
3539271,48.6,36.58
3539973,48.6,36.59
3540675,48.6,36.59
3541377,49.6,36.60
3542079,49.6,36.60
3542781,48.6,36.61
3543483,48.6,36.61
3544185,48.6,36.62
3544887,48.6,36.63
3545589,48.6,36.63
3546291,48.6,36.64
3546993,48.6,36.64
3547695,48.6,36.64
3548397,48.6,36.64
3549099,48.6,36.65
3549801,48.6,36.65
3550503,49.6,36.66
3551205,49.6,36.66
3551907,49.6,36.67
3552609,48.6,36.67
3553311,48.6,36.68
3554013,48.6,36.69
3554715,48.6,36.69
3555417,48.6,36.69
3556119,48.6,36.69
3556821,48.6,36.70
3557523,48.6,36.70
3558225,48.6,36.70
3558927,48.6,36.71
3559629,48.6,36.72
3560331,48.6,36.72
3561033,48.6,36.72
3561735,48.6,36.73
3562437,48.6,36.74
3563139,48.6,36.74
3563841,48.6,36.74
3564543,48.6,36.74
3565245,48.6,36.75
3565947,49.6,36.75
3566649,49.6,36.75
3567351,48.6,36.76
3568053,48.6,36.76
3568755,48.6,36.77
3569457,49.6,36.77
3570159,49.6,36.78
3570861,48.6,36.79
3571563,48.6,36.78
3572265,48.6,36.79
3572967,48.6,36.79
3573669,48.6,36.80
3574371,48.6,36.80
3575073,48.6,36.81
3575775,48.6,36.81
3576477,48.6,36.82
3577179,49.6,36.82
3577881,48.6,36.83
3578583,48.6,36.83
3579285,48.6,36.83
3579987,48.6,36.83
3580689,48.6,36.84
3581391,48.6,36.84
3582093,48.6,36.85
3582795,48.6,36.85
3583497,48.6,36.86
3584199,48.6,36.86
3584901,48.6,36.86
3585603,48.6,36.86
3586305,49.6,36.87
3587007,49.6,36.87
3587709,48.6,36.88
3588411,47.6,36.88
3589113,48.6,36.89
3589815,48.6,36.89
3590517,48.6,36.90
3591219,48.6,36.90
3591921,48.6,36.90
3592623,48.6,36.90
3593325,48.6,36.91
3594027,48.6,36.92
3594729,48.6,36.92
3595431,48.6,36.92
3596133,48.6,36.93
3596835,48.6,36.93
3597537,48.6,36.93
3598239,48.6,36.94
3598941,48.6,36.94
3599643,48.6,36.95
3600345,48.6,36.95
3601047,48.6,36.96
3601749,48.6,36.96
3602451,48.6,36.96
3603153,48.6,36.98
3603855,48.6,36.98
3604557,48.6,36.98
3605259,48.6,36.99
3605961,48.6,36.99
3606663,48.6,36.99
3607365,49.6,37.00
3608067,49.6,37.00
3608769,48.6,37.00
3609471,48.6,37.01
3610173,49.6,37.01
3610875,49.6,37.01
3611577,48.6,37.02
3612279,48.6,37.02
3612981,48.6,37.02
3613683,49.6,37.03
3614385,48.6,37.03
3615087,48.6,37.04
3615789,48.6,37.04
3616491,49.6,37.04
3617193,48.6,37.05
3617895,48.6,37.05
3618597,48.6,37.05
3619299,49.6,37.06
3620001,49.6,37.06
3620703,49.6,37.07
3621405,49.6,37.06
3622107,48.6,37.07
3622809,49.6,37.07
3623511,49.6,37.08
3624213,48.6,37.08
3624915,49.6,37.08
3625617,49.6,37.09
3626319,48.6,37.10
3627021,48.6,37.10
3627723,48.6,37.10
3628425,48.6,37.10
3629127,49.6,37.11
3629829,48.6,37.11
3630531,48.6,37.11
3631233,49.6,37.11
3631935,49.6,37.12
3632637,49.6,37.13
3633339,48.6,37.13
3634041,48.6,37.13
3634743,48.6,37.13
3635445,49.6,37.14
3636147,49.6,37.14
3636849,49.6,37.15
3637551,49.6,37.15
3638253,48.6,37.16
3638955,48.6,37.16
3639657,48.6,37.16
3640359,49.6,37.17
3641061,48.6,37.17
3641763,48.6,37.17
3642465,49.6,37.18
3643167,48.6,37.18
3643869,48.6,37.19
3644571,48.6,37.19
3645273,48.6,37.20
3645975,49.6,37.20
3646677,49.6,37.20
3647379,49.6,37.21
3648081,49.6,37.21
3648783,49.6,37.22
3649485,48.6,37.22
3650187,49.6,37.22
3650889,48.6,37.22
3651591,48.6,37.23
3652293,49.6,37.23
3652995,49.6,37.24
3653697,49.6,37.24
3654399,48.6,37.24
3655101,49.6,37.25
3655803,49.6,37.25
3656505,49.6,37.26
3657207,49.6,37.26
3657909,49.6,37.27
3658611,49.6,37.27
3659313,49.6,37.27
3660015,49.6,37.28
3660717,49.6,37.28
3661419,49.6,37.28
3662121,49.6,37.28
3662823,49.6,37.29
3663525,49.6,37.29
3664227,49.6,37.29
3664929,48.6,37.30
3665631,49.6,37.31
3666333,49.6,37.31
3667035,48.6,37.31
3667737,49.6,37.32
3668439,49.6,37.31
3669141,49.6,37.33
3669843,49.6,37.33
3670545,49.6,37.34
3671247,49.6,37.34
3671949,49.6,37.34
3672651,49.6,37.34
3673353,49.6,37.34
3674055,49.6,37.34
3674757,49.6,37.35
3675459,49.6,37.36
3676161,49.6,37.35
3676863,49.6,37.36
3677565,49.6,37.36
3678267,49.6,37.37
3678969,48.6,37.37
3679671,48.6,37.37
3680373,49.6,37.37
3681075,49.6,37.38
3681777,49.6,37.38
3682479,49.6,37.39
3683181,49.6,37.39
3683883,49.6,37.39
3684585,48.6,37.39
3685287,49.6,37.40
3685989,49.6,37.40
3686691,49.6,37.41
3687393,49.6,37.41
3688095,49.6,37.41
3688797,49.6,37.42
3689499,48.6,37.42
3690201,49.6,37.42
3690903,48.6,37.43
3691605,48.6,37.43
3692307,48.6,37.43
3693009,48.6,37.43
3693711,49.6,37.44
3694413,48.6,37.44
3695115,49.6,37.44
3695817,49.6,37.44
3696519,49.6,37.45
3697221,49.6,37.45
3697923,49.6,37.46
3698625,49.6,37.46
3699327,49.6,37.46
3700029,49.6,37.47
3700731,49.6,37.47
3701433,49.6,37.47
3702135,49.6,37.48
3702837,49.6,37.48
3703539,49.6,37.48
3704241,49.6,37.49
3704943,49.6,37.48
3705645,48.6,37.49
3706347,49.6,37.50
3707049,49.6,37.50
3707751,49.6,37.50
3708453,48.6,37.50
3709155,49.6,37.51
3709857,49.6,37.51
3710559,49.6,37.52
3711261,49.6,37.52
3711963,49.6,37.52
3712665,49.6,37.52
3713367,49.6,37.52
3714069,49.6,37.53
3714771,49.6,37.53
3715473,49.6,37.53
3716175,49.6,37.53
3716877,49.6,37.54
3717579,49.6,37.54
3718281,49.6,37.55
3718983,49.6,37.55
3719685,49.6,37.55
3720387,49.6,37.55
3721089,49.6,37.56
3721791,49.6,37.56
3722493,49.6,37.57
3723195,49.6,37.57
3723897,49.6,37.57
3724599,49.6,37.58
3725301,49.6,37.58
3726003,49.6,37.59
3726705,49.6,37.59
3727407,49.6,37.59
3728109,49.6,37.60
3728811,49.6,37.60
3729513,49.6,37.60
3730215,49.6,37.60
3730917,50.6,37.60
3731619,49.6,37.61
3732321,49.6,37.61
3733023,49.6,37.62
3733725,50.6,37.62
3734427,50.6,37.63
3735129,50.6,37.63
3735831,49.6,37.63
3736533,49.6,37.63
3737235,49.6,37.64
3737937,49.6,37.63
3738639,49.6,37.64
3739341,49.6,37.65
3740043,49.6,37.64
3740745,49.6,37.65
3741447,49.6,37.65
3742149,49.6,37.66
3742851,49.6,37.66
3743553,49.6,37.66
3744255,49.6,37.67
3744957,49.6,37.67
3745659,49.6,37.67
3746361,49.6,37.67
3747063,49.6,37.68
3747765,49.6,37.68
3748467,49.6,37.68
3749169,49.6,37.68
3749871,49.6,37.69
3750573,48.6,37.69
3751275,48.6,37.69
3751977,49.6,37.70
3752679,49.6,37.70
3753381,50.6,37.70
3754083,49.6,37.70
3754785,49.6,37.70
3755487,50.6,37.71
3756189,49.6,37.71
3756891,49.6,37.71
3757593,50.6,37.72
3758295,50.6,37.72
3758997,50.6,37.72
3759699,49.6,37.72
3760401,49.6,37.72
3761103,49.6,37.73
3761805,49.6,37.73
3762507,49.6,37.73
3763209,49.6,37.73
3763911,49.6,37.73
3764613,49.6,37.74
3765315,50.6,37.74
3766017,49.6,37.75
3766719,49.6,37.75
3767421,49.6,37.75
3768123,50.6,37.75
3768825,50.6,37.76
3769527,49.6,37.75
3770229,49.6,37.76
3770931,49.6,37.76
3771633,50.6,37.76
3772335,49.6,37.76
3773037,50.6,37.77
3773739,49.6,37.77
3774441,49.6,37.78
3775143,49.6,37.77
3775845,49.6,37.78
3776547,49.6,37.78
3777249,49.6,37.78
3777951,49.6,37.79
3778653,49.6,37.79
3779355,49.6,37.79
3780057,49.6,37.80
3780759,49.6,37.80
3781461,49.6,37.80
3782163,49.6,37.81
3782865,49.6,37.81
3783567,49.6,37.81
3784269,49.6,37.81
3784971,49.6,37.81
3785673,49.6,37.82
3786375,49.6,37.82
3787077,49.6,37.83
3787779,49.6,37.83
3788481,50.6,37.83
3789183,50.6,37.83
3789885,50.6,37.83
3790587,50.6,37.83
3791289,50.6,37.84
3791991,49.6,37.84
3792693,49.6,37.84
3793395,49.6,37.84
3794097,49.6,37.84
3794799,49.6,37.85
3795501,49.6,37.85
3796203,49.6,37.86
3796905,49.6,37.85
3797607,49.6,37.85
3798309,49.6,37.86
3799011,49.6,37.86
3799713,49.6,37.87
3800415,49.6,37.86
3801117,49.6,37.87
3801819,49.6,37.87
3802521,49.6,37.88
3803223,49.6,37.88
3803925,49.6,37.88
3804627,49.6,37.88
3805329,49.6,37.88
3806031,49.6,37.88
3806733,50.6,37.89
3807435,50.6,37.89
3808137,50.6,37.90
3808839,50.6,37.90
3809541,50.6,37.90
3810243,50.6,37.90
3810945,50.6,37.91
3811647,49.6,37.91
3812349,49.6,37.92
3813051,49.6,37.91
3813753,49.6,37.92
3814455,49.6,37.92
3815157,49.6,37.92
3815859,49.6,37.93
3816561,49.6,37.93
3817263,49.6,37.94
3817965,49.6,37.93
3818667,49.6,37.94
3819369,49.6,37.94
3820071,50.6,37.94
3820773,50.6,37.95
3821475,50.6,37.95
3822177,49.6,37.95
3822879,49.6,37.95
3823581,49.6,37.95
3824283,49.6,37.96
3824985,49.6,37.96
3825687,50.6,37.96
3826389,49.6,37.96
3827091,50.6,37.96
3827793,50.6,37.97
3828495,50.6,37.98
3829197,50.6,37.97
3829899,49.6,37.98
3830601,49.6,37.98
3831303,49.6,37.98
3832005,49.6,37.98
3832707,49.6,37.98
3833409,50.6,37.99
3834111,49.6,37.99
3834813,50.6,37.99
3835515,49.6,38.00
3836217,49.6,38.00
3836919,49.6,38.00
3837621,49.6,38.00
3838323,49.6,38.00
3839025,49.6,38.01
3839727,49.6,38.01
3840429,49.6,38.01
3841131,50.6,38.01
3841833,50.6,38.02
3842535,50.6,38.02
3843237,50.6,38.02
3843939,50.6,38.02
3844641,50.6,38.03
3845343,50.6,38.03
3846045,50.6,38.03
3846747,50.6,38.03
3847449,50.6,38.04
3848151,50.6,38.04
3848853,50.6,38.04
3849555,50.6,38.04
3850257,50.6,38.04
3850959,50.6,38.05
3851661,50.6,38.04
3852363,50.6,38.05
3853065,50.6,38.05
3853767,49.6,38.05
3854469,49.6,38.06
3855171,50.6,38.06
3855873,50.6,38.06
3856575,50.6,38.07
3857277,49.6,38.07
3857979,50.6,38.07
3858681,49.6,38.07
3859383,50.6,38.08
3860085,50.6,38.08
3860787,50.6,38.08
3861489,50.6,38.08
3862191,50.6,38.08
3862893,50.6,38.08
3863595,50.6,38.08
3864297,50.6,38.08
3864999,50.6,38.08
3865701,50.6,38.09
3866403,50.6,38.09
3867105,50.6,38.09
3867807,49.6,38.09
3868509,49.6,38.10
3869211,50.6,38.10
3869913,50.6,38.10
3870615,50.6,38.10
3871317,49.6,38.10
3872019,50.6,38.11
3872721,50.6,38.11
3873423,50.6,38.11
3874125,50.6,38.11
3874827,50.6,38.12
3875529,49.6,38.12
3876231,50.6,38.12
3876933,50.6,38.13
3877635,50.6,38.12
3878337,50.6,38.13
3879039,49.6,38.13
3879741,49.6,38.13
3880443,49.6,38.13
3881145,50.6,38.13
3881847,50.6,38.14
3882549,49.6,38.14
3883251,49.6,38.15
3883953,49.6,38.14
3884655,49.6,38.15
3885357,49.6,38.15
3886059,50.6,38.15
3886761,50.6,38.15
3887463,50.6,38.15
3888165,50.6,38.16
3888867,50.6,38.16
3889569,50.6,38.16
3890271,50.6,38.16
3890973,50.6,38.17
3891675,49.6,38.17
3892377,49.6,38.17
3893079,49.6,38.17
3893781,49.6,38.17
3894483,49.6,38.18
3895185,49.6,38.18
3895887,49.6,38.18
3896589,50.6,38.18
3897291,50.6,38.19
3897993,50.6,38.18
3898695,50.6,38.19
3899397,50.6,38.19
3900099,49.6,38.19
3900801,50.6,38.20
3901503,50.6,38.20
3902205,49.6,38.20
3902907,50.6,38.20
3903609,50.6,38.20
3904311,50.6,38.21
3905013,50.6,38.20
3905715,50.6,38.21
3906417,50.6,38.21
3907119,50.6,38.21
3907821,50.6,38.22
3908523,49.6,38.22
3909225,49.6,38.22
3909927,49.6,38.22
3910629,49.6,38.22
3911331,50.6,38.23
3912033,49.6,38.23
3912735,49.6,38.23
3913437,49.6,38.23
3914139,49.6,38.23
3914841,49.6,38.24
3915543,49.6,38.24
3916245,49.6,38.24
3916947,49.6,38.25
3917649,49.6,38.24
3918351,50.6,38.25
3919053,50.6,38.25
3919755,50.6,38.26
3920457,50.6,38.26
3921159,50.6,38.26
3921861,50.6,38.26
3922563,50.6,38.27
3923265,50.6,38.26
3923967,51.6,38.27
3924669,50.6,38.27
3925371,50.6,38.28
3926073,49.6,38.28
3926775,49.6,38.28
3927477,50.6,38.28
3928179,50.6,38.28
3928881,50.6,38.28
3929583,50.6,38.29
3930285,50.6,38.29
3930987,49.6,38.29
3931689,49.6,38.30
3932391,50.6,38.30
3933093,50.6,38.30
3933795,50.6,38.30
3934497,50.6,38.30
3935199,50.6,38.30
3935901,50.6,38.31
3936603,49.6,38.31
3937305,50.6,38.31
3938007,50.6,38.32
3938709,49.6,38.32
3939411,49.6,38.32
3940113,49.6,38.32
3940815,49.6,38.32
3941517,50.6,38.32
3942219,50.6,38.33
3942921,50.6,38.33
3943623,50.6,38.33
3944325,50.6,38.33
3945027,50.6,38.33
3945729,50.6,38.34
3946431,49.6,38.33
3947133,50.6,38.34
3947835,50.6,38.34
3948537,50.6,38.34
3949239,50.6,38.34
3949941,49.6,38.35
3950643,50.6,38.35
3951345,50.6,38.35
3952047,49.6,38.35
3952749,49.6,38.35
3953451,50.6,38.35
3954153,50.6,38.36
3954855,50.6,38.36
3955557,50.6,38.36
3956259,50.6,38.36
3956961,50.6,38.37
3957663,50.6,38.37
3958365,50.6,38.37
3959067,50.6,38.37
3959769,50.6,38.38
3960471,50.6,38.38
3961173,50.6,38.38
3961875,50.6,38.39
3962577,50.6,38.39
3963279,50.6,38.38
3963981,50.6,38.39
3964683,50.6,38.39
3965385,50.6,38.39
3966087,50.6,38.39
3966789,50.6,38.39
3967491,50.6,38.39
3968193,50.6,38.40
3968895,50.6,38.40
3969597,50.6,38.40
3970299,50.6,38.41
3971001,50.6,38.41
3971703,50.6,38.41
3972405,50.6,38.41
3973107,51.6,38.42
3973809,51.6,38.42
3974511,50.6,38.43
3975213,50.6,38.43
3975915,50.6,38.43
3976617,50.6,38.43
3977319,50.6,38.43
3978021,50.6,38.43
3978723,49.6,38.43
3979425,50.6,38.43
3980127,50.6,38.44
3980829,50.6,38.44
3981531,50.6,38.44
3982233,50.6,38.44
3982935,50.6,38.44
3983637,50.6,38.44
3984339,50.6,38.44
3985041,50.6,38.45
3985743,50.6,38.45
3986445,50.6,38.45
3987147,50.6,38.45
3987849,50.6,38.45
3988551,50.6,38.45
3989253,50.6,38.45
3989955,50.6,38.46
3990657,50.6,38.46
3991359,50.6,38.46
3992061,50.6,38.46
3992763,50.6,38.47
3993465,50.6,38.48
3994167,50.6,38.47
3994869,50.6,38.47
3995571,50.6,38.47
3996273,50.6,38.48
3996975,50.6,38.48
3997677,49.6,38.48
3998379,50.6,38.49
3999081,50.6,38.49
3999783,50.6,38.49
4000485,50.6,38.49
4001187,50.6,38.49
4001889,50.6,38.49
4002591,50.6,38.50
4003293,51.6,38.50
4003995,51.6,38.50
4004697,50.6,38.50
4005399,50.6,38.50
4006101,50.6,38.50
4006803,50.6,38.51
4007505,50.6,38.51
4008207,50.6,38.51
4008909,50.6,38.51
4009611,50.6,38.51
4010313,50.6,38.51
4011015,50.6,38.51
4011717,50.6,38.52
4012419,50.6,38.52
4013121,50.6,38.52
4013823,50.6,38.52
4014525,50.6,38.52
4015227,50.6,38.53
4015929,50.6,38.53
4016631,50.6,38.53
4017333,50.6,38.53
4018035,50.6,38.54
4018737,50.6,38.54
4019439,50.6,38.54
4020141,50.6,38.54
4020843,50.6,38.55
4021545,50.6,38.54
4022247,50.6,38.55
4022949,51.6,38.55
4023651,51.6,38.55
4024353,50.6,38.55
4025055,50.6,38.56
4025757,50.6,38.56
4026459,50.6,38.56
4027161,50.6,38.56
4027863,51.6,38.56
4028565,51.6,38.57
4029267,50.6,38.57
4029969,50.6,38.57
4030671,50.6,38.57
4031373,50.6,38.58
4032075,50.6,38.58
4032777,50.6,38.58
4033479,51.6,38.58
4034181,50.6,38.58
4034883,50.6,38.58
4035585,50.6,38.58
4036287,50.6,38.58
4036989,51.6,38.59
4037691,50.6,38.59
4038393,50.6,38.59
4039095,50.6,38.59
4039797,50.6,38.59
4040499,50.6,38.59
4041201,50.6,38.59
4041903,50.6,38.59
4042605,50.6,38.60
4043307,50.6,38.60
4044009,50.6,38.60
4044711,50.6,38.60
4045413,50.6,38.60
4046115,50.6,38.60
4046817,50.6,38.61
4047519,50.6,38.60
4048221,50.6,38.61
4048923,50.6,38.61
4049625,50.6,38.62
4050327,50.6,38.62
4051029,50.6,38.62
4051731,50.6,38.62
4052433,50.6,38.62
4053135,51.6,38.62
4053837,50.6,38.63
4054539,51.6,38.63
4055241,50.6,38.63
4055943,50.6,38.63
4056645,50.6,38.63
4057347,51.6,38.64
4058049,50.6,38.63
4058751,50.6,38.64
4059453,50.6,38.64
4060155,50.6,38.64
4060857,51.6,38.64
4061559,50.6,38.64
4062261,50.6,38.64
4062963,50.6,38.65
4063665,50.6,38.66
4064367,50.6,38.65
4065069,50.6,38.66
4065771,50.6,38.65
4066473,50.6,38.66
4067175,50.6,38.66
4067877,50.6,38.66
4068579,50.6,38.66
4069281,50.6,38.67
4069983,51.6,38.67
4070685,50.6,38.66
4071387,50.6,38.67
4072089,50.6,38.67
4072791,50.6,38.67
4073493,51.6,38.67
4074195,51.6,38.67
4074897,50.6,38.67
4075599,50.6,38.68
4076301,50.6,38.68
4077003,50.6,38.68
4077705,49.6,38.68
4078407,49.6,38.68
4079109,50.6,38.68
4079811,50.6,38.68
4080513,50.6,38.69
4081215,50.6,38.68
4081917,50.6,38.69
4082619,50.6,38.69
4083321,50.6,38.69
4084023,50.6,38.69
4084725,50.6,38.69
4085427,50.6,38.69
4086129,50.6,38.70
4086831,50.6,38.70
4087533,50.6,38.70
4088235,50.6,38.70
4088937,51.6,38.71
4089639,50.6,38.71
4090341,51.6,38.71
4091043,51.6,38.71
4091745,50.6,38.72
4092447,50.6,38.72
4093149,50.6,38.71
4093851,51.6,38.72
4094553,51.6,38.72
4095255,50.6,38.72
4095957,50.6,38.72
4096659,50.6,38.72
4097361,50.6,38.72
4098063,50.6,38.72
4098765,50.6,38.73
4099467,50.6,38.73
4100169,50.6,38.73
4100871,50.6,38.73
4101573,50.6,38.73
4102275,51.6,38.74
4102977,51.6,38.73
4103679,50.6,38.74
4104381,50.6,38.74
4105083,50.6,38.74
4105785,50.6,38.74
4106487,50.6,38.74
4107189,50.6,38.74
4107891,50.6,38.75
4108593,50.6,38.74
4109295,50.6,38.75
4109997,51.6,38.74
4110699,50.6,38.75
4111401,50.6,38.75
4112103,50.6,38.75
4112805,50.6,38.75
4113507,50.6,38.75
4114209,50.6,38.76
4114911,50.6,38.76
4115613,51.6,38.76
4116315,51.6,38.76
4117017,51.6,38.76
4117719,50.6,38.76
4118421,50.6,38.77
4119123,50.6,38.77
4119825,50.6,38.77
4120527,50.6,38.77
4121229,50.6,38.77
4121931,50.6,38.77
4122633,49.6,38.77
4123335,50.6,38.78
4124037,50.6,38.78
4124739,50.6,38.78
4125441,49.6,38.78
4126143,50.6,38.78
4126845,50.6,38.79
4127547,50.6,38.78
4128249,50.6,38.78
4128951,50.6,38.78
4129653,50.6,38.78
4130355,50.6,38.78
4131057,50.6,38.78
4131759,50.6,38.78
4132461,50.6,38.79
4133163,50.6,38.78
4133865,50.6,38.78
4134567,50.6,38.78
4135269,50.6,38.78
4135971,50.6,38.78
4136673,50.6,38.78
4137375,50.6,38.78
4138077,50.6,38.78
4138779,50.6,38.78
4139481,50.6,38.78
4140183,50.6,38.78
4140885,50.6,38.78
4141587,50.6,38.79
4142289,50.6,38.79
4142991,50.6,38.79
4143693,50.6,38.79
4144395,50.6,38.78
4145097,50.6,38.79
4145799,50.6,38.78
4146501,50.6,38.78
4147203,50.6,38.79
4147905,50.6,38.78
4148607,50.6,38.78
4149309,50.6,38.78
4150011,50.6,38.78
4150713,50.6,38.78
4151415,50.6,38.78
4152117,50.6,38.77
4152819,50.6,38.77
4153521,51.6,38.77
4154223,51.6,38.77
4154925,50.6,38.77
4155627,50.6,38.76
4156329,50.6,38.76
4157031,51.6,38.76
4157733,50.6,38.76
4158435,50.6,38.76
4159137,50.6,38.76
4159839,50.6,38.75
4160541,49.6,38.76
4161243,50.6,38.75
4161945,50.6,38.75
4162647,50.6,38.74
4163349,51.6,38.74
4164051,50.6,38.74
4164753,50.6,38.73
4165455,50.6,38.74
4166157,50.6,38.73
4166859,50.6,38.73
4167561,50.6,38.73
4168263,50.6,38.73
4168965,50.6,38.72
4169667,50.6,38.72
4170369,50.6,38.72
4171071,50.6,38.71
4171773,50.6,38.71
4172475,50.6,38.71
4173177,50.6,38.71
4173879,50.6,38.71
4174581,50.6,38.70
4175283,50.6,38.70
4175985,50.6,38.69
4176687,50.6,38.69
4177389,50.6,38.69
4178091,50.6,38.69
4178793,50.6,38.68
4179495,50.6,38.68
4180197,50.6,38.68
4180899,49.6,38.67
4181601,50.6,38.67
4182303,50.6,38.66
4183005,49.6,38.66
4183707,50.6,38.66
4184409,50.6,38.65
4185111,49.6,38.65
4185813,49.6,38.64
4186515,49.6,38.64
4187217,49.6,38.64
4187919,49.6,38.64
4188621,49.6,38.63
4189323,50.6,38.63
4190025,50.6,38.63
4190727,49.6,38.62
4191429,49.6,38.61
4192131,50.6,38.61
4192833,50.6,38.61
4193535,50.6,38.60
4194237,50.6,38.60
4194939,50.6,38.60
4195641,50.6,38.59
4196343,50.6,38.58
4197045,50.6,38.58
4197747,49.6,38.58
4198449,49.6,38.57
4199151,49.6,38.57
4199853,49.6,38.56
4200555,49.6,38.56
4201257,49.6,38.55
4201959,49.6,38.54
4202661,49.6,38.54
4203363,49.6,38.53
4204065,48.6,38.53
4204767,49.6,38.52
4205469,49.6,38.51
4206171,49.6,38.51
4206873,49.6,38.50
4207575,48.6,38.49
4208277,49.6,38.50
4208979,49.6,38.49
4209681,50.6,38.48
4210383,50.6,38.47
4211085,50.6,38.46
4211787,49.6,38.46
4212489,49.6,38.46
4213191,49.6,38.45
4213893,49.6,38.44
4214595,49.6,38.44
4215297,49.6,38.43
4215999,49.6,38.43
4216701,49.6,38.42
4217403,49.6,38.41
4218105,50.6,38.41
4218807,49.6,38.40
4219509,49.6,38.39
4220211,49.6,38.38
4220913,49.6,38.38
4221615,49.6,38.37
4222317,49.6,38.36
4223019,50.6,38.36
4223721,50.6,38.35
4224423,50.6,38.34
4225125,50.6,38.34
4225827,49.6,38.33
4226529,49.6,38.32
4227231,49.6,38.32
4227933,49.6,38.31
4228635,49.6,38.30
4229337,49.6,38.30
4230039,49.6,38.29
4230741,49.6,38.28
4231443,49.6,38.28
4232145,49.6,38.27
4232847,49.6,38.27
4233549,49.6,38.26
4234251,50.6,38.24
4234953,49.6,38.24
4235655,49.6,38.23
4236357,49.6,38.23
4237059,49.6,38.22
4237761,49.6,38.21
4238463,49.6,38.20
4239165,48.6,38.20
4239867,48.6,38.19
4240569,48.6,38.18
4241271,49.6,38.18
4241973,48.6,38.17
4242675,49.6,38.16
4243377,49.6,38.15
4244079,48.6,38.15
4244781,49.6,38.13
4245483,49.6,38.13
4246185,49.6,38.13
4246887,49.6,38.12
4247589,49.6,38.11
4248291,49.6,38.10
4248993,49.6,38.10
4249695,49.6,38.09
4250397,48.6,38.08
4251099,48.6,38.07
4251801,48.6,38.06
4252503,48.6,38.06
4253205,48.6,38.05
4253907,48.6,38.04
4254609,48.6,38.03
4255311,49.6,38.02
4256013,49.6,38.01
4256715,49.6,38.01
4257417,49.6,38.00
4258119,48.6,37.99
4258821,48.6,37.98
4259523,48.6,37.97
4260225,48.6,37.96
4260927,48.6,37.95
4261629,48.6,37.94
4262331,48.6,37.93
4263033,48.6,37.93
4263735,49.6,37.92
4264437,48.6,37.91
4265139,48.6,37.90
4265841,48.6,37.89
4266543,48.6,37.88
4267245,48.6,37.87
4267947,48.6,37.87
4268649,48.6,37.86
4269351,49.6,37.84
4270053,48.6,37.83
4270755,48.6,37.83
4271457,48.6,37.82
4272159,48.6,37.81
4272861,48.6,37.80
4273563,48.6,37.79
4274265,48.6,37.79
4274967,48.6,37.78
4275669,48.6,37.77
4276371,48.6,37.76
4277073,48.6,37.75
4277775,48.6,37.74
4278477,48.6,37.73
4279179,48.6,37.72
4279881,48.6,37.72
4280583,48.6,37.70
4281285,48.6,37.70
4281987,48.6,37.69
4282689,48.6,37.68
4283391,48.6,37.67
4284093,48.6,37.66
4284795,48.6,37.65
4285497,48.6,37.64
4286199,48.6,37.63
4286901,48.6,37.62
4287603,48.6,37.61
4288305,48.6,37.60
4289007,49.6,37.59
4289709,48.6,37.59
4290411,48.6,37.57
4291113,48.6,37.56
4291815,48.6,37.56
4292517,48.6,37.54
4293219,48.6,37.53
4293921,48.6,37.52
4294623,48.6,37.52
4295325,48.6,37.51
4296027,48.6,37.50
4296729,48.6,37.49
4297431,48.6,37.48
4298133,48.6,37.47
4298835,48.6,37.46
4299537,48.6,37.45
4300239,48.6,37.44
4300941,48.6,37.43
4301643,48.6,37.42
4302345,48.6,37.42
4303047,47.6,37.41
4303749,48.6,37.40
4304451,48.6,37.38
4305153,48.6,37.38
4305855,48.6,37.36
4306557,48.6,37.36
4307259,48.6,37.34
4307961,48.6,37.34
4308663,48.6,37.32
4309365,48.6,37.32
4310067,48.6,37.30
4310769,48.6,37.30
4311471,48.6,37.29
4312173,48.6,37.27
4312875,48.6,37.27
4313577,48.6,37.25
4314279,48.6,37.24
4314981,48.6,37.23
4315683,48.6,37.22
4316385,48.6,37.22
4317087,48.6,37.20
4317789,48.6,37.19
4318491,48.6,37.18
4319193,48.6,37.17
4319895,48.6,37.16
4320597,47.6,37.15
4321299,48.6,37.13
4322001,48.6,37.13
4322703,48.6,37.12
4323405,48.6,37.10
4324107,47.6,37.10
4324809,48.6,37.09
4325511,48.6,37.08
4326213,48.6,37.06
4326915,48.6,37.05
4327617,47.6,37.05
4328319,47.6,37.04
4329021,47.6,37.03
4329723,48.6,37.02
4330425,48.6,37.01
4331127,47.6,36.99
4331829,47.6,36.98
4332531,47.6,36.97
4333233,47.6,36.96
4333935,47.6,36.94
4334637,46.6,36.94
4335339,47.6,36.93
4336041,47.6,36.91
4336743,47.6,36.90
4337445,46.6,36.89
4338147,47.6,36.88
4338849,47.6,36.87
4339551,47.6,36.87
4340253,47.6,36.86
4340955,46.6,36.85
4341657,47.6,36.83
4342359,47.6,36.83
4343061,47.6,36.81
4343763,47.6,36.80
4344465,47.6,36.80
4345167,47.6,36.79
4345869,47.6,36.77
4346571,47.6,36.76
4347273,48.6,36.76
4347975,47.6,36.74
4348677,47.6,36.73
4349379,47.6,36.72
4350081,47.6,36.71
4350783,47.6,36.70
4351485,47.6,36.69
4352187,47.6,36.68
4352889,47.6,36.67
4353591,47.6,36.66
4354293,47.6,36.64
4354995,47.6,36.63
4355697,47.6,36.62
4356399,47.6,36.61
4357101,47.6,36.60
4357803,47.6,36.59
4358505,47.6,36.58
4359207,47.6,36.57
4359909,47.6,36.55
4360611,47.6,36.55
4361313,47.6,36.54
4362015,47.6,36.52
4362717,47.6,36.51
4363419,47.6,36.50
4364121,47.6,36.49
4364823,47.6,36.48
4365525,47.6,36.47
4366227,47.6,36.46
4366929,47.6,36.45
4367631,47.6,36.44
4368333,47.6,36.43
4369035,46.6,36.42
4369737,46.6,36.41
4370439,47.6,36.40
4371141,47.6,36.39
4371843,47.6,36.38
4372545,47.6,36.37
4373247,47.6,36.35
4373949,46.6,36.34
4374651,46.6,36.33
4375353,46.6,36.33
4376055,46.6,36.31
4376757,46.6,36.30
4377459,46.6,36.29
4378161,46.6,36.28
4378863,47.6,36.27
4379565,47.6,36.26
4380267,46.6,36.25
4380969,46.6,36.24
4381671,46.6,36.22
4382373,46.6,36.21
4383075,46.6,36.21
4383777,47.6,36.19
4384479,47.6,36.18
4385181,47.6,36.17
4385883,47.6,36.16
4386585,47.6,36.15
4387287,47.6,36.14
4387989,46.6,36.13
4388691,46.6,36.12
4389393,46.6,36.11
4390095,46.6,36.10
4390797,46.6,36.08
4391499,46.6,36.07
4392201,46.6,36.06
4392903,46.6,36.05
4393605,46.6,36.04
4394307,45.6,36.02
4395009,46.6,36.02
4395711,46.6,36.01
4396413,46.6,35.99
4397115,46.6,35.99
4397817,46.6,35.97
4398519,46.6,35.96
4399221,46.6,35.95
4399923,46.6,35.93
4400625,46.6,35.92
4401327,45.6,35.91
4402029,46.6,35.90
4402731,46.6,35.89
4403433,46.6,35.87
4404135,45.6,35.87
4404837,46.6,35.85
4405539,46.6,35.85
4406241,46.6,35.83
4406943,46.6,35.82
4407645,46.6,35.81
4408347,46.6,35.80
4409049,46.6,35.79
4409751,45.6,35.78
4410453,46.6,35.77
4411155,45.6,35.76
4411857,45.6,35.75
4412559,45.6,35.74
4413261,45.6,35.72
4413963,45.6,35.71
4414665,46.6,35.70
4415367,46.6,35.69
4416069,46.6,35.68
4416771,46.6,35.66
4417473,46.6,35.66
4418175,46.6,35.64
4418877,46.6,35.64
4419579,46.6,35.62
4420281,46.6,35.61
4420983,45.6,35.60
4421685,46.6,35.59
4422387,46.6,35.58
4423089,45.6,35.57
4423791,45.6,35.56
4424493,45.6,35.55
4425195,46.6,35.54
4425897,46.6,35.53
4426599,46.6,35.52
4427301,45.6,35.51
4428003,46.6,35.50
4428705,46.6,35.49
4429407,46.6,35.48
4430109,46.6,35.46
4430811,45.6,35.45
4431513,46.6,35.44
4432215,45.6,35.43
4432917,46.6,35.42
4433619,45.6,35.41
4434321,46.6,35.40
4435023,45.6,35.38
4435725,46.6,35.38
4436427,46.6,35.37
4437129,46.6,35.35
4437831,45.6,35.34
4438533,45.6,35.33
4439235,45.6,35.32
4439937,45.6,35.30
4440639,45.6,35.29
4441341,44.6,35.28
4442043,45.6,35.27
4442745,45.6,35.27
4443447,45.6,35.25
4444149,45.6,35.24
4444851,45.6,35.23
4445553,45.6,35.22
4446255,45.6,35.21
4446957,45.6,35.20
4447659,45.6,35.19
4448361,45.6,35.18
4449063,45.6,35.17
4449765,45.6,35.16
4450467,45.6,35.15
4451169,45.6,35.14
4451871,45.6,35.12
4452573,45.6,35.12
4453275,45.6,35.10
4453977,45.6,35.10
4454679,45.6,35.09
4455381,45.6,35.08
4456083,45.6,35.07
4456785,45.6,35.06
4457487,45.6,35.04
4458189,45.6,35.03
4458891,45.6,35.02
4459593,45.6,35.01
4460295,45.6,35.00
4460997,45.6,34.98
4461699,45.6,34.98
4462401,45.6,34.96
4463103,45.6,34.95
4463805,45.6,34.94
4464507,45.6,34.93
4465209,45.6,34.92
4465911,45.6,34.91
4466613,45.6,34.91
4467315,45.6,34.89
4468017,45.6,34.88
4468719,45.6,34.87
4469421,45.6,34.86
4470123,45.6,34.85
4470825,45.6,34.84
4471527,45.6,34.83
4472229,45.6,34.82
4472931,45.6,34.81
4473633,44.6,34.80
4474335,44.6,34.79
4475037,45.6,34.78
4475739,45.6,34.77
4476441,45.6,34.76
4477143,45.6,34.75
4477845,45.6,34.74
4478547,45.6,34.73
4479249,45.6,34.72
4479951,45.6,34.71
4480653,45.6,34.70
4481355,45.6,34.68
4482057,45.6,34.67
4482759,45.6,34.66
4483461,45.6,34.65
4484163,45.6,34.64
4484865,45.6,34.63
4485567,45.6,34.62
4486269,45.6,34.60
4486971,45.6,34.59
4487673,44.6,34.58
4488375,44.6,34.57
4489077,44.6,34.55
4489779,45.6,34.55
4490481,44.6,34.54
4491183,44.6,34.53
4491885,44.6,34.52
4492587,44.6,34.51
4493289,45.6,34.50
4493991,45.6,34.48
4494693,45.6,34.47
4495395,45.6,34.47
4496097,44.6,34.46
4496799,45.6,34.45
4497501,45.6,34.44
4498203,44.6,34.43
4498905,44.6,34.42
4499607,45.6,34.41
4500309,44.6,34.40
4501011,44.6,34.39
4501713,44.6,34.37
4502415,44.6,34.36
4503117,44.6,34.35
4503819,44.6,34.34
4504521,44.6,34.33
4505223,44.6,34.32
4505925,44.6,34.31
4506627,44.6,34.30
4507329,44.6,34.29
4508031,44.6,34.27
4508733,44.6,34.27
4509435,43.6,34.26
4510137,43.6,34.25
4510839,44.6,34.23
4511541,43.6,34.23
4512243,44.6,34.22
4512945,44.6,34.21
4513647,44.6,34.20
4514349,44.6,34.19
4515051,44.6,34.17
4515753,45.6,34.17
4516455,44.6,34.16
4517157,44.6,34.15
4517859,44.6,34.14
4518561,44.6,34.13
4519263,44.6,34.12
4519965,44.6,34.11
4520667,44.6,34.10
4521369,45.6,34.09
4522071,44.6,34.08
4522773,44.6,34.07
4523475,44.6,34.06
4524177,44.6,34.04
4524879,44.6,34.03
4525581,43.6,34.02
4526283,42.6,34.01
4526985,43.6,34.00
4527687,43.6,33.99
4528389,44.6,33.98
4529091,44.6,33.97
4529793,44.6,33.96
4530495,44.6,33.95
4531197,44.6,33.94
4531899,44.6,33.93
4532601,44.6,33.92
4533303,44.6,33.91
4534005,43.6,33.90
4534707,44.6,33.89
4535409,43.6,33.88
4536111,44.6,33.87
4536813,44.6,33.87
4537515,44.6,33.85
4538217,44.6,33.84
4538919,43.6,33.83
4539621,44.6,33.82
4540323,44.6,33.81
4541025,43.6,33.80
4541727,43.6,33.80
4542429,44.6,33.79
4543131,44.6,33.78
4543833,43.6,33.77
4544535,43.6,33.76
4545237,43.6,33.75
4545939,43.6,33.73
4546641,43.6,33.72
4547343,43.6,33.71
4548045,43.6,33.70
4548747,43.6,33.69
4549449,44.6,33.68
4550151,43.6,33.67
4550853,43.6,33.67
4551555,43.6,33.66
4552257,42.6,33.65
4552959,42.6,33.63
4553661,43.6,33.63
4554363,43.6,33.62
4555065,43.6,33.61
4555767,44.6,33.59
4556469,43.6,33.58
4557171,43.6,33.58
4557873,44.6,33.57
4558575,44.6,33.56
4559277,43.6,33.55
4559979,44.6,33.54
4560681,44.6,33.53
4561383,44.6,33.52
4562085,44.6,33.51
4562787,44.6,33.50
4563489,43.6,33.49
4564191,44.6,33.48
4564893,44.6,33.47
4565595,44.6,33.47
4566297,44.6,33.46
4566999,44.6,33.45
4567701,43.6,33.44
4568403,43.6,33.43
4569105,43.6,33.42
4569807,43.6,33.41
4570509,44.6,33.39
4571211,43.6,33.38
4571913,43.6,33.37
4572615,43.6,33.36
4573317,43.6,33.35
4574019,43.6,33.34
4574721,42.6,33.34
4575423,42.6,33.32
4576125,43.6,33.32
4576827,43.6,33.30
4577529,43.6,33.29
4578231,42.6,33.28
4578933,43.6,33.27
4579635,43.6,33.26
4580337,43.6,33.25
4581039,43.6,33.24
4581741,43.6,33.23
4582443,43.6,33.22
4583145,43.6,33.22
4583847,43.6,33.21
4584549,43.6,33.20
4585251,43.6,33.19
4585953,43.6,33.18
4586655,43.6,33.17
4587357,43.6,33.16
4588059,43.6,33.15
4588761,44.6,33.14
4589463,43.6,33.13
4590165,43.6,33.12
4590867,43.6,33.10
4591569,43.6,33.10
4592271,43.6,33.09
4592973,43.6,33.08
4593675,43.6,33.07
4594377,43.6,33.06
4595079,43.6,33.05
4595781,43.6,33.04
4596483,43.6,33.03
4597185,43.6,33.02
4597887,43.6,33.01
4598589,43.6,33.00
4599291,43.6,33.00
4599993,43.6,32.98
4600695,43.6,32.98
4601397,43.6,32.97
4602099,43.6,32.96
4602801,43.6,32.95
4603503,43.6,32.94
4604205,43.6,32.93
4604907,43.6,32.92
4605609,43.6,32.91
4606311,42.6,32.90
4607013,42.6,32.89
4607715,42.6,32.88
4608417,42.6,32.88
4609119,42.6,32.87
4609821,43.6,32.86
4610523,43.6,32.85
4611225,43.6,32.84
4611927,43.6,32.83
4612629,43.6,32.82
4613331,43.6,32.81
4614033,43.6,32.80
4614735,42.6,32.79
4615437,42.6,32.78
4616139,42.6,32.78
4616841,42.6,32.76
4617543,42.6,32.75
4618245,42.6,32.74
4618947,42.6,32.74
4619649,42.6,32.73
4620351,42.6,32.72
4621053,42.6,32.71
4621755,43.6,32.70
4622457,42.6,32.69
4623159,42.6,32.68
4623861,41.6,32.67
4624563,42.6,32.66
4625265,42.6,32.66
4625967,42.6,32.65
4626669,42.6,32.64
4627371,42.6,32.63
4628073,42.6,32.62
4628775,42.6,32.61
4629477,42.6,32.61
4630179,42.6,32.60
4630881,42.6,32.59
4631583,42.6,32.58
4632285,43.6,32.57
4632987,42.6,32.57
4633689,42.6,32.55
4634391,43.6,32.54
4635093,42.6,32.54
4635795,42.6,32.53
4636497,42.6,32.52
4637199,42.6,32.51
4637901,42.6,32.50
4638603,42.6,32.49
4639305,42.6,32.48
4640007,42.6,32.48
4640709,42.6,32.47
4641411,42.6,32.46
4642113,43.6,32.45
4642815,42.6,32.44
4643517,42.6,32.42
4644219,42.6,32.42
4644921,42.6,32.41
4645623,42.6,32.40
4646325,43.6,32.40
4647027,43.6,32.38
4647729,42.6,32.38
4648431,42.6,32.36
4649133,42.6,32.36
4649835,42.6,32.35
4650537,42.6,32.34
4651239,42.6,32.33
4651941,42.6,32.33
4652643,42.6,32.31
4653345,42.6,32.30
4654047,42.6,32.30
4654749,42.6,32.29
4655451,43.6,32.28
4656153,42.6,32.27
4656855,42.6,32.27
4657557,42.6,32.26
4658259,42.6,32.25
4658961,42.6,32.24
4659663,42.6,32.23
4660365,42.6,32.22
4661067,42.6,32.21
4661769,42.6,32.21
4662471,42.6,32.20
4663173,42.6,32.19
4663875,42.6,32.19
4664577,42.6,32.17
4665279,41.6,32.17
4665981,42.6,32.16
4666683,42.6,32.15
4667385,41.6,32.14
4668087,41.6,32.13
4668789,41.6,32.13
4669491,41.6,32.12
4670193,41.6,32.11
4670895,41.6,32.09
4671597,41.6,32.08
4672299,41.6,32.08
4673001,42.6,32.07
4673703,42.6,32.06
4674405,42.6,32.05
4675107,42.6,32.04
4675809,42.6,32.03
4676511,42.6,32.03
4677213,41.6,32.02
4677915,42.6,32.00
4678617,41.6,31.99
4679319,41.6,31.98
4680021,42.6,31.98
4680723,41.6,31.97
4681425,42.6,31.96
4682127,42.6,31.96
4682829,42.6,31.95
4683531,41.6,31.94
4684233,42.6,31.93
4684935,41.6,31.92
4685637,41.6,31.91
4686339,41.6,31.90
4687041,41.6,31.89
4687743,41.6,31.89
4688445,41.6,31.88
4689147,41.6,31.87
4689849,42.6,31.87
4690551,42.6,31.85
4691253,42.6,31.85
4691955,41.6,31.84
4692657,41.6,31.83
4693359,41.6,31.83
4694061,41.6,31.82
4694763,41.6,31.81
4695465,41.6,31.79
4696167,41.6,31.79
4696869,41.6,31.78
4697571,41.6,31.77
4698273,41.6,31.77
4698975,41.6,31.76
4699677,41.6,31.75
4700379,41.6,31.74
4701081,41.6,31.73
4701783,41.6,31.72
4702485,41.6,31.71
4703187,41.6,31.71
4703889,41.6,31.70
4704591,41.6,31.69
4705293,41.6,31.69
4705995,41.6,31.68
4706697,41.6,31.68
4707399,41.6,31.66
4708101,41.6,31.65
4708803,42.6,31.65
4709505,42.6,31.64
4710207,42.6,31.63
4710909,41.6,31.62
4711611,42.6,31.61
4712313,41.6,31.60
4713015,41.6,31.60
4713717,41.6,31.59
4714419,41.6,31.58
4715121,41.6,31.57
4715823,41.6,31.57
4716525,41.6,31.56
4717227,41.6,31.55
4717929,41.6,31.54
4718631,41.6,31.53
4719333,41.6,31.52
4720035,41.6,31.52
4720737,41.6,31.51
4721439,41.6,31.50
4722141,41.6,31.50
4722843,41.6,31.49
4723545,41.6,31.48
4724247,40.6,31.47
4724949,41.6,31.46
4725651,41.6,31.44
4726353,40.6,31.44
4727055,40.6,31.43
4727757,40.6,31.42
4728459,40.6,31.41
4729161,41.6,31.41
4729863,41.6,31.40
4730565,41.6,31.39
4731267,41.6,31.39
4731969,41.6,31.38
4732671,41.6,31.37
4733373,41.6,31.36
4734075,41.6,31.35
4734777,41.6,31.35
4735479,41.6,31.34
4736181,41.6,31.34
4736883,41.6,31.33
4737585,41.6,31.32
4738287,41.6,31.31
4738989,41.6,31.31
4739691,41.6,31.29
4740393,41.6,31.29
4741095,41.6,31.29
4741797,41.6,31.28
4742499,41.6,31.27
4743201,41.6,31.26
4743903,41.6,31.25
4744605,41.6,31.25
4745307,41.6,31.24
4746009,41.6,31.23
4746711,41.6,31.23
4747413,41.6,31.22
4748115,41.6,31.21
4748817,41.6,31.21
4749519,41.6,31.20
4750221,41.6,31.19
4750923,41.6,31.18
4751625,40.6,31.17
4752327,41.6,31.17
4753029,41.6,31.16
4753731,41.6,31.15
4754433,41.6,31.14
4755135,41.6,31.13
4755837,41.6,31.12
4756539,41.6,31.12
4757241,41.6,31.11
4757943,40.6,31.10
4758645,41.6,31.10
4759347,41.6,31.09
4760049,41.6,31.07
4760751,41.6,31.07
4761453,41.6,31.06
4762155,41.6,31.06
4762857,40.6,31.05
4763559,40.6,31.04
4764261,41.6,31.03
4764963,40.6,31.03
4765665,41.6,31.02
4766367,41.6,31.01
4767069,41.6,31.00
4767771,41.6,30.99
4768473,40.6,30.99
4769175,40.6,30.99
4769877,40.6,30.98
4770579,40.6,30.97
4771281,41.6,30.96
4771983,40.6,30.96
4772685,40.6,30.94
4773387,40.6,30.94
4774089,40.6,30.93
4774791,40.6,30.92
4775493,40.6,30.92
4776195,41.6,30.91
4776897,41.6,30.90
4777599,40.6,30.89
4778301,41.6,30.89
4779003,41.6,30.88
4779705,41.6,30.87
4780407,41.6,30.87
4781109,41.6,30.86
4781811,41.6,30.85
4782513,41.6,30.84
4783215,40.6,30.83
4783917,40.6,30.82
4784619,40.6,30.81
4785321,40.6,30.81
4786023,40.6,30.80
4786725,40.6,30.79
4787427,40.6,30.78
4788129,40.6,30.78
4788831,40.6,30.77
4789533,40.6,30.77
4790235,40.6,30.76
4790937,40.6,30.74
4791639,41.6,30.75
4792341,41.6,30.74
4793043,41.6,30.73
4793745,41.6,30.72
4794447,41.6,30.71
4795149,40.6,30.70
4795851,40.6,30.70
4796553,40.6,30.69
4797255,40.6,30.68
4797957,40.6,30.68
4798659,40.6,30.67
4799361,40.6,30.66
4800063,41.6,30.65
4800765,41.6,30.64
4801467,41.6,30.64
4802169,41.6,30.64
4802871,40.6,30.62
4803573,41.6,30.62
4804275,41.6,30.61
4804977,40.6,30.61
4805679,40.6,30.60
4806381,40.6,30.59
4807083,40.6,30.59
4807785,40.6,30.58
4808487,41.6,30.57
4809189,41.6,30.56
4809891,41.6,30.56
4810593,41.6,30.55
4811295,41.6,30.54
4811997,41.6,30.53
4812699,40.6,30.53
4813401,39.6,30.52
4814103,39.6,30.51
4814805,40.6,30.50
4815507,40.6,30.50
4816209,40.6,30.49
4816911,39.6,30.48
4817613,40.6,30.47
4818315,40.6,30.47
4819017,40.6,30.46
4819719,40.6,30.46
4820421,40.6,30.45
4821123,40.6,30.44
4821825,39.6,30.44
4822527,40.6,30.43
4823229,40.6,30.43
4823931,41.6,30.42
4824633,40.6,30.41
4825335,40.6,30.40
4826037,40.6,30.40
4826739,40.6,30.40
4827441,40.6,30.39
4828143,40.6,30.38
4828845,39.6,30.37
4829547,40.6,30.37
4830249,40.6,30.36
4830951,39.6,30.36
4831653,39.6,30.35
4832355,39.6,30.34
4833057,40.6,30.33
4833759,40.6,30.33
4834461,40.6,30.32
4835163,40.6,30.31
4835865,40.6,30.30
4836567,40.6,30.30
4837269,40.6,30.29
4837971,40.6,30.29
4838673,40.6,30.28
4839375,39.6,30.28
4840077,39.6,30.27
4840779,39.6,30.26
4841481,40.6,30.25
4842183,40.6,30.24
4842885,40.6,30.24
4843587,40.6,30.23
4844289,40.6,30.23
4844991,40.6,30.22
4845693,40.6,30.22
4846395,40.6,30.21
4847097,40.6,30.20
4847799,40.6,30.20
4848501,40.6,30.19
4849203,40.6,30.19
4849905,40.6,30.18
4850607,40.6,30.16
4851309,40.6,30.16
4852011,39.6,30.16
4852713,39.6,30.15
4853415,38.6,30.14
4854117,39.6,30.13
4854819,39.6,30.13
4855521,39.6,30.12
4856223,39.6,30.11
4856925,40.6,30.11
4857627,40.6,30.11
4858329,40.6,30.10
4859031,40.6,30.09
4859733,40.6,30.08
4860435,39.6,30.08
4861137,39.6,30.07
4861839,39.6,30.06
4862541,39.6,30.05
4863243,39.6,30.05
4863945,39.6,30.04
4864647,39.6,30.04
4865349,39.6,30.03
4866051,39.6,30.03
4866753,39.6,30.02
4867455,39.6,30.01
4868157,39.6,30.01
4868859,40.6,30.00
4869561,40.6,30.00
4870263,40.6,29.99
4870965,40.6,29.98
4871667,39.6,29.97
4872369,39.6,29.97
4873071,38.6,29.96
4873773,39.6,29.95
4874475,39.6,29.94
4875177,39.6,29.94
4875879,40.6,29.93
4876581,40.6,29.93
4877283,40.6,29.92
4877985,40.6,29.92
4878687,39.6,29.91
4879389,39.6,29.90
4880091,39.6,29.90
4880793,39.6,29.89
4881495,39.6,29.88
4882197,39.6,29.88
4882899,39.6,29.87
4883601,39.6,29.86
4884303,40.6,29.86
4885005,39.6,29.85
4885707,38.6,29.85
4886409,39.6,29.83
4887111,38.6,29.83
4887813,39.6,29.82
4888515,39.6,29.82
4889217,39.6,29.81
4889919,39.6,29.81
4890621,39.6,29.79
4891323,40.6,29.80
4892025,39.6,29.79
4892727,40.6,29.78
4893429,40.6,29.78
4894131,39.6,29.77
4894833,40.6,29.76
4895535,40.6,29.76
4896237,40.6,29.75
4896939,40.6,29.74
4897641,40.6,29.74
4898343,39.6,29.74
4899045,40.6,29.73
4899747,40.6,29.72
4900449,39.6,29.71
4901151,39.6,29.71
4901853,39.6,29.70
4902555,39.6,29.70
4903257,39.6,29.69
4903959,39.6,29.69
4904661,39.6,29.67
4905363,39.6,29.67
4906065,39.6,29.66
4906767,39.6,29.66
4907469,40.6,29.66
4908171,40.6,29.65
4908873,39.6,29.64
4909575,39.6,29.64
4910277,39.6,29.63
4910979,39.6,29.62
4911681,39.6,29.62
4912383,39.6,29.61
4913085,38.6,29.61
4913787,39.6,29.60
4914489,39.6,29.60
4915191,39.6,29.59
4915893,39.6,29.58
4916595,39.6,29.58
4917297,39.6,29.57
4917999,39.6,29.57
4918701,39.6,29.57
4919403,39.6,29.56
4920105,39.6,29.56
4920807,39.6,29.55
4921509,38.6,29.55
4922211,39.6,29.53
4922913,39.6,29.53
4923615,38.6,29.52
4924317,39.6,29.51
4925019,38.6,29.51
4925721,39.6,29.50
4926423,38.6,29.49
4927125,39.6,29.49
4927827,39.6,29.48
4928529,39.6,29.47
4929231,39.6,29.47
4929933,40.6,29.46
4930635,40.6,29.46
4931337,40.6,29.46
4932039,39.6,29.45
4932741,39.6,29.44
4933443,38.6,29.44
4934145,39.6,29.43
4934847,39.6,29.43
4935549,38.6,29.42
4936251,38.6,29.41
4936953,38.6,29.40
4937655,39.6,29.40
4938357,38.6,29.39
4939059,38.6,29.39
4939761,39.6,29.38
4940463,38.6,29.37
4941165,39.6,29.37
4941867,38.6,29.36
4942569,38.6,29.36
4943271,39.6,29.35
4943973,39.6,29.34
4944675,38.6,29.34
4945377,38.6,29.33
4946079,39.6,29.33
4946781,39.6,29.32
4947483,39.6,29.31
4948185,39.6,29.31
4948887,39.6,29.31
4949589,39.6,29.31
4950291,39.6,29.30
4950993,38.6,29.29
4951695,39.6,29.28
4952397,39.6,29.28
4953099,39.6,29.27
4953801,39.6,29.27
4954503,39.6,29.27
4955205,39.6,29.26
4955907,38.6,29.26
4956609,38.6,29.25
4957311,39.6,29.24
4958013,39.6,29.24
4958715,38.6,29.23
4959417,39.6,29.23
4960119,38.6,29.22
4960821,39.6,29.21
4961523,39.6,29.21
4962225,39.6,29.20
4962927,38.6,29.19
4963629,38.6,29.18
4964331,38.6,29.18
4965033,38.6,29.17
4965735,38.6,29.17
4966437,39.6,29.16
4967139,39.6,29.16
4967841,38.6,29.15
4968543,38.6,29.15
4969245,38.6,29.14
4969947,38.6,29.13
4970649,39.6,29.13
4971351,38.6,29.12
4972053,38.6,29.12
4972755,38.6,29.11
4973457,38.6,29.11
4974159,38.6,29.10
4974861,38.6,29.10
4975563,38.6,29.10
4976265,39.6,29.09
4976967,38.6,29.08
4977669,38.6,29.07
4978371,38.6,29.07
4979073,38.6,29.06
4979775,38.6,29.06
4980477,38.6,29.06
4981179,38.6,29.05
4981881,38.6,29.05
4982583,39.6,29.04
4983285,39.6,29.04
4983987,39.6,29.03
4984689,38.6,29.03
4985391,38.6,29.02
4986093,38.6,29.01
4986795,38.6,29.01
4987497,38.6,29.01
4988199,38.6,29.00
4988901,38.6,28.99
4989603,38.6,28.98
4990305,39.6,28.98
4991007,39.6,28.98
4991709,39.6,28.98
4992411,38.6,28.96
4993113,38.6,28.96
4993815,39.6,28.96
4994517,39.6,28.95
4995219,39.6,28.94
4995921,39.6,28.94
4996623,38.6,28.93
4997325,38.6,28.93
4998027,38.6,28.92
4998729,39.6,28.92
4999431,38.6,28.91
5000133,38.6,28.90
5000835,38.6,28.90
5001537,38.6,28.89
5002239,39.6,28.88
5002941,39.6,28.88
5003643,39.6,28.87
5004345,39.6,28.86
5005047,39.6,28.86
5005749,38.6,28.86
5006451,38.6,28.85
5007153,38.6,28.84
5007855,38.6,28.84
5008557,38.6,28.83
5009259,38.6,28.82
5009961,38.6,28.82
5010663,39.6,28.82
5011365,39.6,28.81
5012067,39.6,28.81
5012769,38.6,28.80
5013471,38.6,28.80
5014173,38.6,28.80
5014875,38.6,28.79
5015577,37.6,28.79
5016279,38.6,28.78
5016981,38.6,28.78
5017683,38.6,28.77
5018385,38.6,28.76
5019087,38.6,28.76
5019789,38.6,28.76
5020491,37.6,28.75
5021193,38.6,28.75
5021895,38.6,28.74
5022597,37.6,28.74
5023299,38.6,28.73
5024001,38.6,28.73
5024703,38.6,28.72
5025405,38.6,28.71
5026107,38.6,28.71
5026809,38.6,28.71
5027511,38.6,28.70
5028213,38.6,28.69
5028915,38.6,28.69
5029617,38.6,28.69
5030319,38.6,28.68
5031021,37.6,28.68
5031723,38.6,28.67
5032425,38.6,28.67
5033127,38.6,28.66
5033829,37.6,28.65
5034531,38.6,28.65
5035233,38.6,28.65
5035935,38.6,28.64
5036637,38.6,28.63
5037339,37.6,28.63
5038041,38.6,28.62
5038743,38.6,28.62
5039445,38.6,28.61
5040147,38.6,28.61
5040849,38.6,28.60
5041551,37.6,28.59
5042253,37.6,28.60
5042955,38.6,28.59
5043657,38.6,28.58
5044359,38.6,28.58
5045061,38.6,28.57
5045763,38.6,28.57
5046465,38.6,28.56
5047167,38.6,28.56
5047869,38.6,28.55
5048571,37.6,28.54
5049273,38.6,28.54
5049975,38.6,28.54
5050677,38.6,28.53
5051379,38.6,28.52
5052081,38.6,28.52
5052783,38.6,28.52
5053485,38.6,28.51
5054187,37.6,28.51
5054889,38.6,28.51
5055591,38.6,28.50
5056293,38.6,28.49
5056995,38.6,28.49
5057697,38.6,28.48
5058399,38.6,28.48
5059101,38.6,28.47
5059803,38.6,28.47
5060505,38.6,28.47
5061207,38.6,28.46
5061909,38.6,28.46
5062611,38.6,28.45
5063313,38.6,28.44
5064015,38.6,28.45
5064717,38.6,28.44
5065419,38.6,28.43
5066121,38.6,28.43
5066823,38.6,28.43
5067525,38.6,28.42
5068227,38.6,28.42
5068929,37.6,28.41
5069631,37.6,28.40
5070333,38.6,28.40
5071035,38.6,28.40
5071737,38.6,28.39
5072439,37.6,28.39
5073141,38.6,28.39
5073843,38.6,28.38
5074545,37.6,28.38
5075247,37.6,28.37
5075949,37.6,28.37
5076651,38.6,28.36
5077353,38.6,28.35
5078055,38.6,28.35
5078757,38.6,28.35
5079459,38.6,28.34
5080161,38.6,28.33
5080863,38.6,28.33
5081565,38.6,28.33
5082267,38.6,28.33
5082969,38.6,28.32
5083671,38.6,28.32
5084373,38.6,28.31
5085075,38.6,28.31
5085777,38.6,28.30
5086479,38.6,28.30
5087181,38.6,28.29
5087883,37.6,28.29
5088585,38.6,28.29
5089287,38.6,28.28
5089989,38.6,28.28
5090691,38.6,28.27
5091393,38.6,28.27
5092095,38.6,28.26
5092797,38.6,28.26
5093499,38.6,28.25
5094201,38.6,28.24
5094903,38.6,28.24
5095605,38.6,28.23
5096307,37.6,28.23
5097009,38.6,28.23
5097711,37.6,28.22
5098413,37.6,28.22
5099115,37.6,28.22
5099817,37.6,28.21
5100519,38.6,28.21
5101221,37.6,28.20
5101923,37.6,28.20
5102625,38.6,28.19
5103327,38.6,28.19
5104029,37.6,28.19
5104731,38.6,28.18
5105433,38.6,28.17
5106135,37.6,28.17
5106837,37.6,28.17
5107539,38.6,28.16
5108241,38.6,28.15
5108943,38.6,28.15
5109645,38.6,28.14
5110347,38.6,28.14
5111049,38.6,28.14
5111751,38.6,28.13
5112453,38.6,28.12
5113155,37.6,28.11
5113857,38.6,28.11
5114559,38.6,28.11
5115261,38.6,28.11
5115963,38.6,28.10
5116665,38.6,28.10
5117367,38.6,28.09
5118069,38.6,28.09
5118771,38.6,28.09
5119473,37.6,28.08
5120175,37.6,28.08
5120877,38.6,28.07
5121579,38.6,28.06
5122281,38.6,28.06
5122983,38.6,28.06
5123685,38.6,28.05
5124387,38.6,28.05
5125089,38.6,28.04
5125791,38.6,28.04
5126493,37.6,28.03
5127195,38.6,28.03
5127897,37.6,28.03
5128599,37.6,28.03
5129301,37.6,28.02
5130003,38.6,28.02
5130705,38.6,28.01
5131407,37.6,28.01
5132109,37.6,28.00
5132811,37.6,28.00
5133513,37.6,28.00
5134215,37.6,27.99
5134917,37.6,27.98
5135619,38.6,27.98
5136321,38.6,27.98
5137023,37.6,27.97
5137725,38.6,27.96
5138427,37.6,27.96
5139129,37.6,27.96
5139831,38.6,27.95
5140533,37.6,27.95
5141235,37.6,27.94
5141937,37.6,27.95
5142639,37.6,27.94
5143341,38.6,27.93
5144043,38.6,27.93
5144745,38.6,27.92
5145447,38.6,27.92
5146149,37.6,27.91
5146851,37.6,27.91
5147553,38.6,27.91
5148255,37.6,27.90
5148957,37.6,27.90
5149659,37.6,27.89
5150361,37.6,27.89
5151063,37.6,27.89
5151765,37.6,27.88
5152467,37.6,27.88
5153169,38.6,27.88
5153871,38.6,27.87
5154573,38.6,27.87
5155275,38.6,27.87
5155977,38.6,27.86
5156679,38.6,27.86
5157381,37.6,27.85
5158083,38.6,27.85
5158785,37.6,27.84
5159487,37.6,27.84
5160189,36.6,27.84
5160891,36.6,27.83
5161593,37.6,27.83
5162295,37.6,27.82
5162997,38.6,27.82
5163699,37.6,27.82
5164401,38.6,27.81
5165103,37.6,27.81
5165805,37.6,27.81
5166507,37.6,27.80
5167209,37.6,27.80
5167911,38.6,27.79
5168613,37.6,27.79
5169315,37.6,27.78
5170017,36.6,27.78
5170719,36.6,27.77
5171421,37.6,27.77
5172123,37.6,27.77
5172825,37.6,27.76
5173527,37.6,27.76
5174229,37.6,27.75
5174931,37.6,27.75
5175633,37.6,27.75
5176335,37.6,27.74
5177037,37.6,27.73
5177739,37.6,27.73
5178441,37.6,27.73
5179143,37.6,27.73
5179845,37.6,27.72
5180547,37.6,27.72
5181249,37.6,27.71
5181951,37.6,27.71
5182653,37.6,27.70
5183355,37.6,27.70
5184057,37.6,27.70
5184759,37.6,27.69
5185461,37.6,27.69
5186163,38.6,27.68
5186865,37.6,27.68
5187567,37.6,27.68
5188269,37.6,27.67
5188971,37.6,27.67
5189673,37.6,27.66
5190375,37.6,27.66
5191077,37.6,27.66
5191779,38.6,27.65
5192481,37.6,27.65
5193183,37.6,27.65
5193885,37.6,27.64
5194587,37.6,27.64
5195289,37.6,27.64
5195991,37.6,27.63
5196693,37.6,27.63
5197395,37.6,27.63
5198097,37.6,27.62
5198799,37.6,27.62
5199501,37.6,27.62
5200203,38.6,27.61
5200905,38.6,27.61
5201607,38.6,27.60
5202309,38.6,27.59
5203011,38.6,27.59
5203713,37.6,27.58
5204415,37.6,27.59
5205117,38.6,27.58
5205819,38.6,27.58
5206521,38.6,27.57
5207223,38.6,27.57
5207925,38.6,27.56
5208627,37.6,27.56
5209329,37.6,27.55
5210031,37.6,27.55
5210733,37.6,27.55
5211435,37.6,27.54
5212137,37.6,27.54
5212839,37.6,27.53
5213541,37.6,27.53
5214243,37.6,27.53
5214945,37.6,27.52
5215647,37.6,27.53
5216349,37.6,27.52
5217051,37.6,27.51
5217753,38.6,27.51
5218455,38.6,27.51
5219157,38.6,27.50
5219859,38.6,27.50
5220561,37.6,27.49
5221263,36.6,27.50
5221965,37.6,27.49
5222667,37.6,27.49
5223369,37.6,27.48
5224071,37.6,27.48
5224773,37.6,27.48
5225475,37.6,27.47
5226177,37.6,27.47
5226879,37.6,27.47
5227581,37.6,27.46
5228283,37.6,27.46
5228985,37.6,27.45
5229687,37.6,27.45
5230389,37.6,27.45
5231091,38.6,27.45
5231793,37.6,27.44
5232495,37.6,27.44
5233197,36.6,27.43
5233899,37.6,27.43
5234601,38.6,27.43
5235303,37.6,27.42
5236005,37.6,27.41
5236707,37.6,27.42
5237409,37.6,27.42
5238111,37.6,27.41
5238813,37.6,27.41
5239515,37.6,27.40
5240217,37.6,27.40
5240919,38.6,27.39
5241621,36.6,27.40
5242323,36.6,27.39
5243025,37.6,27.38
5243727,37.6,27.38
5244429,37.6,27.38
5245131,37.6,27.38
5245833,37.6,27.37
5246535,37.6,27.37
5247237,37.6,27.36
5247939,37.6,27.36
5248641,37.6,27.35
5249343,36.6,27.35
5250045,37.6,27.35
5250747,37.6,27.35
5251449,37.6,27.34
5252151,38.6,27.34
5252853,37.6,27.33
5253555,37.6,27.33
5254257,37.6,27.32
5254959,37.6,27.32
5255661,37.6,27.32
5256363,36.6,27.31
5257065,37.6,27.32
5257767,37.6,27.31
5258469,37.6,27.31
5259171,37.6,27.30
5259873,36.6,27.30
5260575,37.6,27.29
5261277,36.6,27.28
5261979,37.6,27.28
5262681,37.6,27.28
5263383,37.6,27.27
5264085,37.6,27.27
5264787,37.6,27.27
5265489,36.6,27.26
5266191,36.6,27.26
5266893,37.6,27.25
5267595,37.6,27.25
5268297,37.6,27.25
5268999,36.6,27.25
5269701,36.6,27.24
5270403,37.6,27.24
5271105,37.6,27.23
5271807,36.6,27.23
5272509,37.6,27.23
5273211,36.6,27.22
5273913,36.6,27.22
5274615,37.6,27.22
5275317,37.6,27.21
5276019,37.6,27.21
5276721,37.6,27.21
5277423,36.6,27.21
5278125,37.6,27.20
5278827,37.6,27.19
5279529,38.6,27.19
5280231,37.6,27.18
5280933,37.6,27.18
5281635,37.6,27.18
5282337,38.6,27.18
5283039,37.6,27.17
5283741,36.6,27.18
5284443,36.6,27.17
5285145,36.6,27.16
5285847,36.6,27.16
5286549,36.6,27.16
5287251,37.6,27.16
5287953,36.6,27.15
5288655,36.6,27.15
5289357,36.6,27.15
5290059,36.6,27.14
5290761,36.6,27.14
5291463,37.6,27.14
5292165,37.6,27.13
5292867,37.6,27.13
5293569,37.6,27.12
5294271,37.6,27.12
5294973,37.6,27.11
5295675,37.6,27.11
5296377,36.6,27.11
5297079,36.6,27.11
5297781,36.6,27.10
5298483,36.6,27.10
5299185,35.6,27.10
5299887,36.6,27.10
5300589,36.6,27.10
5301291,36.6,27.09
5301993,36.6,27.09
5302695,36.6,27.08
5303397,35.6,27.08
5304099,36.6,27.08
5304801,36.6,27.08
5305503,36.6,27.08
5306205,36.6,27.07
5306907,36.6,27.07
5307609,36.6,27.07
5308311,37.6,27.06
5309013,36.6,27.06
5309715,36.6,27.05
5310417,36.6,27.05
5311119,36.6,27.05
5311821,36.6,27.04
5312523,36.6,27.04
5313225,35.6,27.03
5313927,36.6,27.03
5314629,35.6,27.03
5315331,36.6,27.03
5316033,36.6,27.02
5316735,36.6,27.02
5317437,35.6,27.02
5318139,36.6,27.02
5318841,37.6,27.01
5319543,36.6,27.01
5320245,37.6,27.00
5320947,36.6,27.00
5321649,36.6,27.00
5322351,37.6,27.00
5323053,37.6,26.99
5323755,37.6,26.98
5324457,37.6,26.99
5325159,37.6,26.98
5325861,37.6,26.98
5326563,36.6,26.97
5327265,37.6,26.97
5327967,36.6,26.97
5328669,36.6,26.96
5329371,36.6,26.96
5330073,36.6,26.95
5330775,36.6,26.95
5331477,36.6,26.94
5332179,35.6,26.94
5332881,36.6,26.94
5333583,36.6,26.94
5334285,37.6,26.93
5334987,37.6,26.93
5335689,36.6,26.92
5336391,36.6,26.92
5337093,36.6,26.92
5337795,36.6,26.91
5338497,36.6,26.91
5339199,36.6,26.91
5339901,36.6,26.91
5340603,36.6,26.90
5341305,36.6,26.90
5342007,36.6,26.90
5342709,36.6,26.90
5343411,36.6,26.89
5344113,36.6,26.89
5344815,35.6,26.88
5345517,36.6,26.88
5346219,36.6,26.88
5346921,37.6,26.87
5347623,37.6,26.87
5348325,36.6,26.87
5349027,36.6,26.87
5349729,36.6,26.86
5350431,36.6,26.86
5351133,36.6,26.86
5351835,36.6,26.86
5352537,36.6,26.85
5353239,36.6,26.85
5353941,36.6,26.84
5354643,36.6,26.84
5355345,36.6,26.84
5356047,36.6,26.83
5356749,36.6,26.83
5357451,35.6,26.83
5358153,36.6,26.83
5358855,35.6,26.82
5359557,35.6,26.82
5360259,35.6,26.81
5360961,36.6,26.81
5361663,35.6,26.80
5362365,36.6,26.80
5363067,36.6,26.80
5363769,37.6,26.80
5364471,37.6,26.80
5365173,36.6,26.79
5365875,36.6,26.78
5366577,36.6,26.78
5367279,36.6,26.78
5367981,36.6,26.78
5368683,36.6,26.78
5369385,36.6,26.77
5370087,37.6,26.77
5370789,37.6,26.77
5371491,36.6,26.76
5372193,36.6,26.76
5372895,37.6,26.76
5373597,36.6,26.75
5374299,36.6,26.75
5375001,36.6,26.75
5375703,36.6,26.75
5376405,35.6,26.75
5377107,35.6,26.74
5377809,36.6,26.74
5378511,36.6,26.74
5379213,36.6,26.73
5379915,36.6,26.73
5380617,36.6,26.73
5381319,36.6,26.72
5382021,36.6,26.72
5382723,36.6,26.72
5383425,36.6,26.71
5384127,36.6,26.71
5384829,35.6,26.71
5385531,35.6,26.70
5386233,35.6,26.70
5386935,36.6,26.70
5387637,35.6,26.70
5388339,36.6,26.69
5389041,35.6,26.69
5389743,36.6,26.69
5390445,36.6,26.68
5391147,35.6,26.68
5391849,35.6,26.68
5392551,35.6,26.68
5393253,36.6,26.67
5393955,36.6,26.67
5394657,36.6,26.66
5395359,36.6,26.67
5396061,36.6,26.66
5396763,37.6,26.66
5397465,36.6,26.66
5398167,36.6,26.65
5398869,36.6,26.65
5399571,36.6,26.64
5400273,35.6,26.64
5400975,35.6,26.64
5401677,35.6,26.63
5402379,35.6,26.63
5403081,36.6,26.63
5403783,36.6,26.63
5404485,36.6,26.62
5405187,36.6,26.62
5405889,37.6,26.61
5406591,36.6,26.61
5407293,36.6,26.61
5407995,35.6,26.61
5408697,35.6,26.61
5409399,36.6,26.60
5410101,35.6,26.60
5410803,35.6,26.60
5411505,35.6,26.59
5412207,36.6,26.59
5412909,36.6,26.59
5413611,36.6,26.59
5414313,36.6,26.59
5415015,37.6,26.59
5415717,36.6,26.58
5416419,35.6,26.58
5417121,35.6,26.57
5417823,36.6,26.57
5418525,35.6,26.57
5419227,36.6,26.57
5419929,36.6,26.56
5420631,36.6,26.56
5421333,36.6,26.56
5422035,35.6,26.56
5422737,35.6,26.55
5423439,35.6,26.55
5424141,35.6,26.54
5424843,36.6,26.54
5425545,36.6,26.54
5426247,36.6,26.53
5426949,37.6,26.53
5427651,37.6,26.53
5428353,36.6,26.53
5429055,36.6,26.52
5429757,36.6,26.52
5430459,36.6,26.52
5431161,36.6,26.51
5431863,36.6,26.52
5432565,36.6,26.51
5433267,36.6,26.51
5433969,36.6,26.51
5434671,36.6,26.50
5435373,36.6,26.51
5436075,36.6,26.50
5436777,36.6,26.50
5437479,36.6,26.49
5438181,36.6,26.49
5438883,35.6,26.49
5439585,35.6,26.49
5440287,35.6,26.49
5440989,35.6,26.48
5441691,35.6,26.48
5442393,36.6,26.48
5443095,35.6,26.47
5443797,35.6,26.47
5444499,36.6,26.47
5445201,36.6,26.47
5445903,36.6,26.46
5446605,36.6,26.46
5447307,35.6,26.46
5448009,36.6,26.45
5448711,36.6,26.45
5449413,36.6,26.45
5450115,36.6,26.45
5450817,36.6,26.44
5451519,36.6,26.44
5452221,36.6,26.44
5452923,35.6,26.44
5453625,35.6,26.44
5454327,34.6,26.43
5455029,35.6,26.43
5455731,36.6,26.43
5456433,36.6,26.42
5457135,36.6,26.42
5457837,36.6,26.42
5458539,35.6,26.42
5459241,35.6,26.41
5459943,36.6,26.41
5460645,36.6,26.41
5461347,36.6,26.41
5462049,36.6,26.40
5462751,36.6,26.40
5463453,36.6,26.40
5464155,36.6,26.40
5464857,36.6,26.39
5465559,36.6,26.38
5466261,36.6,26.39
5466963,36.6,26.38
5467665,35.6,26.38
5468367,35.6,26.38
5469069,36.6,26.37
5469771,35.6,26.37
5470473,36.6,26.37
5471175,36.6,26.37
5471877,36.6,26.36
5472579,35.6,26.36
5473281,36.6,26.36
5473983,36.6,26.35
5474685,36.6,26.36
5475387,35.6,26.35
5476089,36.6,26.35
5476791,35.6,26.34
5477493,35.6,26.34
5478195,35.6,26.34
5478897,35.6,26.34
5479599,36.6,26.34
5480301,35.6,26.34
5481003,36.6,26.34
5481705,35.6,26.33
5482407,35.6,26.32
5483109,36.6,26.32
5483811,36.6,26.32
5484513,36.6,26.31
5485215,36.6,26.31
5485917,35.6,26.31
5486619,35.6,26.30
5487321,35.6,26.30
5488023,36.6,26.30
5488725,36.6,26.29
5489427,36.6,26.29
5490129,35.6,26.29
5490831,36.6,26.29
5491533,36.6,26.28
5492235,36.6,26.28
5492937,36.6,26.28
5493639,36.6,26.27
5494341,36.6,26.27
5495043,35.6,26.27
5495745,35.6,26.27
5496447,35.6,26.27
5497149,35.6,26.26
5497851,35.6,26.26
5498553,35.6,26.25
5499255,35.6,26.25
5499957,35.6,26.25
5500659,35.6,26.25
5501361,35.6,26.25
5502063,35.6,26.25
5502765,36.6,26.24
5503467,35.6,26.24
5504169,35.6,26.24
5504871,35.6,26.23
5505573,36.6,26.23
5506275,35.6,26.23
5506977,36.6,26.23
5507679,36.6,26.23
5508381,36.6,26.23
5509083,36.6,26.23
5509785,36.6,26.22
5510487,35.6,26.22
5511189,35.6,26.22
5511891,35.6,26.21
5512593,35.6,26.21
5513295,35.6,26.21
5513997,34.6,26.21
5514699,35.6,26.21
5515401,35.6,26.20
5516103,35.6,26.19
5516805,36.6,26.20
5517507,36.6,26.20
5518209,35.6,26.19
5518911,35.6,26.19
5519613,36.6,26.19
5520315,35.6,26.18
5521017,35.6,26.18
5521719,35.6,26.18
5522421,35.6,26.18
5523123,35.6,26.18
5523825,35.6,26.17
5524527,36.6,26.17
5525229,36.6,26.17
5525931,35.6,26.17
5526633,35.6,26.16
5527335,35.6,26.16
5528037,35.6,26.15
5528739,34.6,26.15
5529441,35.6,26.15
5530143,35.6,26.16
5530845,35.6,26.15
5531547,35.6,26.15
5532249,35.6,26.15
5532951,35.6,26.14
5533653,36.6,26.14
5534355,35.6,26.14
5535057,35.6,26.13
5535759,35.6,26.14
5536461,35.6,26.13
5537163,35.6,26.13
5537865,35.6,26.13
5538567,35.6,26.12
5539269,35.6,26.12
5539971,35.6,26.12
5540673,35.6,26.12
5541375,35.6,26.11
5542077,35.6,26.11
5542779,35.6,26.11
5543481,35.6,26.11
5544183,35.6,26.11
5544885,35.6,26.11
5545587,35.6,26.10
5546289,35.6,26.11
5546991,35.6,26.10
5547693,36.6,26.10
5548395,36.6,26.09
5549097,35.6,26.10
5549799,36.6,26.09
5550501,35.6,26.09
5551203,34.6,26.08
5551905,34.6,26.09
5552607,35.6,26.08
5553309,36.6,26.08
5554011,35.6,26.08
5554713,35.6,26.08
5555415,35.6,26.08
5556117,35.6,26.07
5556819,36.6,26.07
5557521,36.6,26.07
5558223,36.6,26.07
5558925,35.6,26.06
5559627,35.6,26.06
5560329,35.6,26.06
5561031,36.6,26.06
5561733,36.6,26.05
5562435,36.6,26.05
5563137,35.6,26.05
5563839,36.6,26.05
5564541,35.6,26.04
5565243,35.6,26.04
5565945,34.6,26.04
5566647,35.6,26.04
5567349,35.6,26.04
5568051,35.6,26.03
5568753,35.6,26.03
5569455,36.6,26.02
5570157,35.6,26.02
5570859,35.6,26.02
5571561,36.6,26.02
5572263,36.6,26.02
5572965,36.6,26.01
5573667,35.6,26.01
5574369,35.6,26.01
5575071,35.6,26.01
5575773,35.6,26.00
5576475,35.6,26.00
5577177,34.6,25.99
5577879,35.6,25.99
5578581,35.6,25.99
5579283,35.6,25.99
5579985,35.6,25.98
5580687,34.6,25.99
5581389,34.6,25.98
5582091,35.6,25.98
5582793,35.6,25.97
5583495,35.6,25.97
5584197,34.6,25.97
5584899,34.6,25.97
5585601,34.6,25.97
5586303,35.6,25.97
5587005,34.6,25.97
5587707,35.6,25.96
5588409,35.6,25.96
5589111,35.6,25.96
5589813,36.6,25.96
5590515,36.6,25.96
5591217,35.6,25.96
5591919,35.6,25.95
5592621,35.6,25.95
5593323,35.6,25.95
5594025,36.6,25.95
5594727,36.6,25.94
5595429,35.6,25.94
5596131,35.6,25.94
5596833,34.6,25.94
5597535,35.6,25.93
5598237,35.6,25.93
5598939,36.6,25.93
5599641,36.6,25.93
5600343,36.6,25.92
5601045,35.6,25.92
5601747,35.6,25.92
5602449,35.6,25.92
5603151,35.6,25.92
5603853,34.6,25.91
5604555,35.6,25.91
5605257,34.6,25.91
5605959,35.6,25.91
5606661,35.6,25.91
5607363,35.6,25.91
5608065,34.6,25.91
5608767,35.6,25.90
5609469,35.6,25.90
5610171,35.6,25.89
5610873,36.6,25.89
5611575,36.6,25.89
5612277,36.6,25.89
5612979,35.6,25.89
5613681,35.6,25.89
5614383,34.6,25.89
5615085,35.6,25.88
5615787,34.6,25.88
5616489,34.6,25.88
5617191,34.6,25.88
5617893,34.6,25.88
5618595,35.6,25.88
5619297,35.6,25.87
5619999,35.6,25.87
5620701,35.6,25.87
5621403,35.6,25.86
5622105,35.6,25.86
5622807,35.6,25.86
5623509,36.6,25.86
5624211,35.6,25.86
5624913,36.6,25.85
5625615,35.6,25.85
5626317,35.6,25.85
5627019,36.6,25.85
5627721,36.6,25.85
5628423,35.6,25.84
5629125,35.6,25.84
5629827,35.6,25.84
5630529,35.6,25.84
5631231,35.6,25.83
5631933,36.6,25.83
5632635,36.6,25.82
5633337,35.6,25.83
5634039,36.6,25.83
5634741,36.6,25.83
5635443,35.6,25.83
5636145,35.6,25.82
5636847,35.6,25.82
5637549,35.6,25.82
5638251,35.6,25.82
5638953,35.6,25.82
5639655,36.6,25.81
5640357,35.6,25.81
5641059,35.6,25.81
5641761,35.6,25.81
5642463,34.6,25.80
5643165,34.6,25.80
5643867,35.6,25.79
5644569,35.6,25.79
5645271,35.6,25.79
5645973,35.6,25.79
5646675,35.6,25.79
5647377,35.6,25.79
5648079,34.6,25.79
5648781,35.6,25.78
5649483,35.6,25.78
5650185,35.6,25.78
5650887,35.6,25.78
5651589,35.6,25.78
5652291,34.6,25.77
5652993,34.6,25.77
5653695,35.6,25.77
5654397,35.6,25.77
5655099,36.6,25.77
5655801,35.6,25.76
5656503,34.6,25.76
5657205,35.6,25.76
5657907,35.6,25.76
5658609,34.6,25.75
5659311,34.6,25.75
5660013,34.6,25.75
5660715,34.6,25.75
5661417,35.6,25.75
5662119,35.6,25.75
5662821,34.6,25.75
5663523,34.6,25.74
5664225,34.6,25.74
5664927,34.6,25.74
5665629,35.6,25.74
5666331,35.6,25.74
5667033,35.6,25.74
5667735,35.6,25.73
5668437,35.6,25.73
5669139,34.6,25.73
5669841,34.6,25.73
5670543,34.6,25.73
5671245,35.6,25.72
5671947,35.6,25.72
5672649,35.6,25.72
5673351,35.6,25.72
5674053,34.6,25.71
5674755,35.6,25.71
5675457,35.6,25.71
5676159,35.6,25.71
5676861,35.6,25.71
5677563,34.6,25.71
5678265,34.6,25.71
5678967,35.6,25.71
5679669,34.6,25.70
5680371,35.6,25.70
5681073,35.6,25.70
5681775,35.6,25.70
5682477,35.6,25.70
5683179,35.6,25.69
5683881,35.6,25.69
5684583,34.6,25.69
5685285,35.6,25.69
5685987,34.6,25.68
5686689,35.6,25.68
5687391,35.6,25.68
5688093,35.6,25.68
5688795,35.6,25.68
5689497,35.6,25.68
5690199,34.6,25.67
5690901,34.6,25.67
5691603,35.6,25.66
5692305,35.6,25.67
5693007,35.6,25.66
5693709,35.6,25.66
5694411,35.6,25.66
5695113,34.6,25.66
5695815,35.6,25.66
5696517,35.6,25.65
5697219,35.6,25.65
5697921,35.6,25.65
5698623,34.6,25.65
5699325,34.6,25.65
5700027,35.6,25.64
5700729,34.6,25.64
5701431,35.6,25.64
5702133,34.6,25.64
5702835,35.6,25.64
5703537,35.6,25.64
5704239,35.6,25.64
5704941,34.6,25.64
5705643,35.6,25.63
5706345,35.6,25.63
5707047,35.6,25.63
5707749,35.6,25.63
5708451,35.6,25.63
5709153,35.6,25.62
5709855,34.6,25.62
5710557,35.6,25.62
5711259,35.6,25.62
5711961,35.6,25.62
5712663,34.6,25.61
5713365,35.6,25.61
5714067,34.6,25.61
5714769,34.6,25.61
5715471,35.6,25.61
5716173,35.6,25.61
5716875,35.6,25.60
5717577,34.6,25.60
5718279,34.6,25.60
5718981,35.6,25.59
5719683,34.6,25.59
5720385,34.6,25.60
5721087,35.6,25.60
5721789,35.6,25.59
5722491,35.6,25.59
5723193,35.6,25.59
5723895,34.6,25.59
5724597,35.6,25.59
5725299,34.6,25.59
5726001,34.6,25.58
5726703,35.6,25.58
5727405,35.6,25.58
5728107,35.6,25.58
5728809,34.6,25.58
5729511,34.6,25.57
5730213,34.6,25.57
5730915,34.6,25.57
5731617,35.6,25.57
5732319,35.6,25.56
5733021,35.6,25.57
5733723,35.6,25.56
5734425,35.6,25.56
5735127,35.6,25.56
5735829,35.6,25.56
5736531,35.6,25.56
5737233,35.6,25.55
5737935,35.6,25.55
5738637,35.6,25.54
5739339,34.6,25.54
5740041,34.6,25.54
5740743,35.6,25.54
5741445,35.6,25.54
5742147,35.6,25.54
5742849,35.6,25.53
5743551,35.6,25.54
5744253,35.6,25.53
5744955,35.6,25.53
5745657,34.6,25.52
5746359,35.6,25.53
5747061,34.6,25.53
5747763,34.6,25.52
5748465,35.6,25.53
5749167,34.6,25.52
5749869,34.6,25.51
5750571,34.6,25.52
5751273,35.6,25.52
5751975,34.6,25.52
5752677,35.6,25.51
5753379,35.6,25.51
5754081,35.6,25.51
5754783,35.6,25.51
5755485,35.6,25.51
5756187,35.6,25.51
5756889,35.6,25.51
5757591,35.6,25.50
5758293,35.6,25.50
5758995,34.6,25.50
5759697,34.6,25.50
5760399,34.6,25.49
5761101,34.6,25.49
5761803,34.6,25.49
5762505,34.6,25.49
5763207,35.6,25.49
5763909,35.6,25.49
5764611,34.6,25.48
5765313,35.6,25.48
5766015,35.6,25.48
5766717,35.6,25.48
5767419,34.6,25.47
5768121,34.6,25.47
5768823,34.6,25.47
5769525,35.6,25.48
5770227,35.6,25.47
5770929,35.6,25.47
5771631,34.6,25.47
5772333,35.6,25.47
5773035,35.6,25.47
5773737,34.6,25.47
5774439,34.6,25.46
5775141,34.6,25.46
5775843,34.6,25.46
5776545,35.6,25.46
5777247,35.6,25.45
5777949,35.6,25.45
5778651,34.6,25.45
5779353,34.6,25.44
5780055,34.6,25.45
5780757,34.6,25.45
5781459,34.6,25.45
5782161,34.6,25.45
5782863,34.6,25.44
5783565,34.6,25.45
5784267,34.6,25.44
5784969,34.6,25.44
5785671,34.6,25.44
5786373,34.6,25.43
5787075,34.6,25.43
5787777,34.6,25.43
5788479,35.6,25.43
5789181,35.6,25.43
5789883,35.6,25.42
5790585,35.6,25.42
5791287,35.6,25.43
5791989,35.6,25.43
5792691,34.6,25.42
5793393,35.6,25.42
5794095,35.6,25.42
5794797,35.6,25.41
5795499,35.6,25.41
5796201,34.6,25.41
5796903,35.6,25.41
5797605,35.6,25.41
5798307,34.6,25.41
5799009,34.6,25.40
5799711,35.6,25.41
5800413,35.6,25.40
5801115,35.6,25.40
5801817,35.6,25.40
5802519,35.6,25.40
5803221,35.6,25.40
5803923,34.6,25.39
5804625,35.6,25.39
5805327,35.6,25.39
5806029,34.6,25.39
5806731,35.6,25.38
5807433,35.6,25.39
5808135,34.6,25.39
5808837,34.6,25.39
5809539,35.6,25.38
5810241,34.6,25.38
5810943,34.6,25.38
5811645,35.6,25.37
5812347,35.6,25.37
5813049,35.6,25.37
5813751,35.6,25.37
5814453,35.6,25.37
5815155,35.6,25.36
5815857,35.6,25.36
5816559,34.6,25.36
5817261,35.6,25.37
5817963,35.6,25.36
5818665,34.6,25.36
5819367,34.6,25.35
5820069,35.6,25.36
5820771,34.6,25.36
5821473,34.6,25.36
5822175,34.6,25.36
5822877,35.6,25.35
5823579,35.6,25.35
5824281,35.6,25.35
5824983,35.6,25.35
5825685,35.6,25.35
5826387,34.6,25.34
5827089,35.6,25.34
5827791,35.6,25.34
5828493,34.6,25.34
5829195,34.6,25.34
5829897,34.6,25.33
5830599,34.6,25.33
5831301,34.6,25.33
5832003,34.6,25.33
5832705,34.6,25.32
5833407,35.6,25.32
5834109,35.6,25.32
5834811,35.6,25.33
5835513,34.6,25.32
5836215,35.6,25.32
5836917,34.6,25.32
5837619,35.6,25.31
5838321,35.6,25.31
5839023,34.6,25.31
5839725,34.6,25.31
5840427,34.6,25.30
5841129,35.6,25.31
5841831,35.6,25.30
5842533,34.6,25.30
5843235,34.6,25.30
5843937,35.6,25.30
5844639,34.6,25.30
5845341,34.6,25.30
5846043,34.6,25.30
5846745,35.6,25.30
5847447,35.6,25.30
5848149,35.6,25.30
5848851,35.6,25.29
5849553,35.6,25.30
5850255,35.6,25.29
5850957,34.6,25.29
5851659,34.6,25.29
5852361,34.6,25.29
5853063,34.6,25.29
5853765,34.6,25.29
5854467,34.6,25.28
5855169,34.6,25.28
5855871,34.6,25.28
5856573,34.6,25.28
5857275,34.6,25.28
5857977,34.6,25.28
5858679,34.6,25.28
5859381,34.6,25.28
5860083,35.6,25.27
5860785,34.6,25.27
5861487,34.6,25.27
5862189,34.6,25.27
5862891,34.6,25.27
5863593,34.6,25.27
5864295,35.6,25.26
5864997,35.6,25.26
5865699,34.6,25.26
5866401,35.6,25.26
5867103,34.6,25.26
5867805,34.6,25.26
5868507,34.6,25.26
5869209,34.6,25.26
5869911,34.6,25.25
5870613,34.6,25.25
5871315,34.6,25.25
5872017,34.6,25.25
5872719,34.6,25.25
5873421,34.6,25.25
5874123,34.6,25.24
5874825,34.6,25.25
5875527,35.6,25.25
5876229,35.6,25.24
5876931,35.6,25.24
5877633,34.6,25.24
5878335,34.6,25.24
5879037,34.6,25.24
5879739,34.6,25.24
5880441,34.6,25.24
5881143,34.6,25.23
5881845,35.6,25.24
5882547,35.6,25.23
5883249,35.6,25.23
5883951,35.6,25.23
5884653,35.6,25.23
5885355,34.6,25.23
5886057,35.6,25.23
5886759,34.6,25.22
5887461,35.6,25.22
5888163,35.6,25.23
5888865,35.6,25.22
5889567,35.6,25.21
5890269,35.6,25.22
5890971,35.6,25.22
5891673,35.6,25.22
5892375,35.6,25.21
5893077,35.6,25.21
5893779,35.6,25.21
5894481,35.6,25.21
5895183,34.6,25.21
5895885,34.6,25.21
5896587,34.6,25.21
5897289,34.6,25.20
5897991,34.6,25.20
5898693,34.6,25.20
5899395,34.6,25.20
5900097,34.6,25.20
5900799,35.6,25.20
5901501,34.6,25.20
5902203,35.6,25.20
5902905,34.6,25.19
5903607,34.6,25.19
5904309,34.6,25.19
5905011,33.6,25.19
5905713,34.6,25.19
5906415,34.6,25.19
5907117,34.6,25.19
5907819,34.6,25.18
5908521,34.6,25.18
5909223,34.6,25.19
5909925,35.6,25.18
5910627,35.6,25.18
5911329,35.6,25.18
5912031,34.6,25.18
5912733,34.6,25.18
5913435,34.6,25.18
5914137,34.6,25.17
5914839,34.6,25.17
5915541,34.6,25.18
5916243,34.6,25.17
5916945,34.6,25.17
5917647,34.6,25.17
5918349,34.6,25.17
5919051,34.6,25.17
5919753,34.6,25.17
5920455,34.6,25.17
5921157,34.6,25.17
5921859,34.6,25.17
5922561,34.6,25.17
5923263,34.6,25.17
5923965,34.6,25.16
5924667,34.6,25.16
5925369,35.6,25.16
5926071,34.6,25.16
5926773,34.6,25.16
5927475,34.6,25.15
5928177,34.6,25.16
5928879,34.6,25.15
5929581,34.6,25.15
5930283,34.6,25.15
5930985,34.6,25.15
5931687,34.6,25.15
5932389,34.6,25.15
5933091,34.6,25.15
5933793,34.6,25.15
5934495,34.6,25.15
5935197,34.6,25.15
5935899,35.6,25.14
5936601,34.6,25.14
5937303,34.6,25.14
5938005,34.6,25.14
5938707,34.6,25.14
5939409,34.6,25.14
5940111,34.6,25.13
5940813,34.6,25.13
5941515,34.6,25.13
5942217,34.6,25.13
5942919,34.6,25.13
5943621,34.6,25.13
5944323,34.6,25.13
5945025,34.6,25.12
5945727,34.6,25.12
5946429,34.6,25.12
5947131,35.6,25.12
5947833,35.6,25.12
5948535,35.6,25.12
5949237,35.6,25.11
5949939,34.6,25.11
5950641,34.6,25.11
5951343,34.6,25.11
5952045,34.6,25.11
5952747,34.6,25.11
5953449,34.6,25.11
5954151,35.6,25.11
5954853,34.6,25.11
5955555,34.6,25.10
5956257,34.6,25.11
5956959,34.6,25.11
5957661,34.6,25.10
5958363,34.6,25.11
5959065,34.6,25.11
5959767,34.6,25.10
5960469,34.6,25.10
5961171,34.6,25.10
5961873,34.6,25.10
5962575,34.6,25.10
5963277,34.6,25.10
5963979,34.6,25.10
5964681,34.6,25.09
5965383,34.6,25.09
5966085,34.6,25.09
5966787,35.6,25.09
5967489,34.6,25.09
5968191,35.6,25.09
5968893,34.6,25.09
5969595,34.6,25.08
5970297,34.6,25.08
5970999,34.6,25.09
5971701,34.6,25.09
5972403,35.6,25.08
5973105,34.6,25.09
5973807,34.6,25.08
5974509,34.6,25.09
5975211,34.6,25.08
5975913,34.6,25.08
5976615,34.6,25.08
5977317,34.6,25.08
5978019,34.6,25.07
5978721,34.6,25.07
5979423,35.6,25.07
5980125,35.6,25.07
5980827,35.6,25.07
5981529,35.6,25.07
5982231,34.6,25.07
5982933,34.6,25.07
5983635,34.6,25.07
5984337,34.6,25.07
5985039,34.6,25.06
5985741,34.6,25.06
5986443,34.6,25.06
5987145,34.6,25.05
5987847,35.6,25.05
5988549,35.6,25.05
5989251,35.6,25.04
5989953,34.6,25.04
5990655,35.6,25.04
5991357,35.6,25.05
5992059,34.6,25.05
5992761,34.6,25.05
5993463,35.6,25.05
5994165,35.6,25.04
5994867,35.6,25.04
5995569,34.6,25.04
5996271,34.6,25.04
5996973,34.6,25.04
5997675,34.6,25.04
5998377,34.6,25.04
5999079,34.6,25.03
5999781,35.6,25.03
6000483,34.6,25.03
6001185,34.6,25.03
6001887,35.6,25.03
6002589,34.6,25.03
6003291,34.6,25.03
6003993,34.6,25.03
6004695,34.6,25.02
6005397,34.6,25.02
6006099,34.6,25.02
6006801,34.6,25.02
6007503,34.6,25.02
6008205,35.6,25.01
6008907,35.6,25.02
6009609,35.6,25.01
6010311,35.6,25.01
6011013,34.6,25.01
6011715,34.6,25.01
6012417,35.6,25.01
6013119,34.6,25.01
6013821,34.6,25.00
6014523,34.6,25.00
6015225,34.6,25.00
6015927,33.6,25.01
6016629,34.6,25.00
6017331,34.6,25.00
6018033,34.6,25.00
6018735,34.6,25.00
6019437,34.6,25.00
6020139,34.6,25.00
6020841,34.6,24.99
6021543,34.6,24.99
6022245,34.6,24.99
6022947,34.6,24.99
6023649,34.6,24.99
6024351,34.6,24.98
6025053,34.6,24.99
6025755,34.6,24.99
6026457,35.6,24.98
6027159,34.6,24.98
6027861,34.6,24.99
6028563,35.6,24.98
6029265,35.6,24.98
6029967,35.6,24.98
6030669,35.6,24.98
6031371,34.6,24.98
6032073,34.6,24.98
6032775,34.6,24.98
6033477,34.6,24.97
6034179,33.6,24.97
6034881,34.6,24.98
6035583,34.6,24.97
6036285,34.6,24.97
6036987,34.6,24.97
6037689,34.6,24.97
6038391,34.6,24.97
6039093,35.6,24.97
6039795,35.6,24.97
6040497,35.6,24.97
6041199,34.6,24.96
6041901,34.6,24.96
6042603,34.6,24.96
6043305,34.6,24.96
6044007,34.6,24.96
6044709,34.6,24.96
6045411,34.6,24.96
6046113,34.6,24.96
6046815,34.6,24.96
6047517,34.6,24.95
6048219,34.6,24.95
6048921,34.6,24.95
6049623,34.6,24.95
6050325,34.6,24.95
6051027,34.6,24.95
6051729,34.6,24.95
6052431,34.6,24.95
6053133,35.6,24.95
6053835,34.6,24.95
6054537,34.6,24.95
6055239,34.6,24.95
6055941,34.6,24.95
6056643,34.6,24.95
6057345,34.6,24.95
6058047,34.6,24.94
6058749,34.6,24.94
6059451,34.6,24.94
6060153,34.6,24.94
6060855,33.6,24.93
6061557,34.6,24.94
6062259,34.6,24.93
6062961,34.6,24.93
6063663,34.6,24.93
6064365,35.6,24.93
6065067,34.6,24.93
6065769,34.6,24.93
6066471,35.6,24.92
6067173,34.6,24.93
6067875,34.6,24.92
6068577,34.6,24.92
6069279,34.6,24.92
6069981,34.6,24.92
6070683,34.6,24.92
6071385,34.6,24.92
6072087,34.6,24.92
6072789,34.6,24.92
6073491,34.6,24.92
6074193,34.6,24.91
6074895,34.6,24.92
6075597,34.6,24.91
6076299,34.6,24.91
6077001,34.6,24.91
6077703,34.6,24.91
6078405,35.6,24.91
6079107,34.6,24.91
6079809,34.6,24.91
6080511,34.6,24.91
6081213,34.6,24.91
6081915,34.6,24.91
6082617,34.6,24.91
6083319,34.6,24.90
6084021,34.6,24.91
6084723,34.6,24.90
6085425,35.6,24.91
6086127,34.6,24.90
6086829,34.6,24.90
6087531,34.6,24.90
6088233,34.6,24.90
6088935,34.6,24.90
6089637,34.6,24.89
6090339,34.6,24.90
6091041,34.6,24.90
6091743,34.6,24.89
6092445,34.6,24.89
6093147,34.6,24.89
6093849,34.6,24.89
6094551,34.6,24.89
6095253,34.6,24.89
6095955,34.6,24.89
6096657,34.6,24.89
6097359,34.6,24.89
6098061,34.6,24.88
6098763,34.6,24.89
6099465,34.6,24.89
6100167,34.6,24.89
6100869,34.6,24.89
6101571,34.6,24.88
6102273,34.6,24.88
6102975,34.6,24.88
6103677,34.6,24.88
6104379,34.6,24.88
6105081,34.6,24.88
6105783,34.6,24.88
6106485,34.6,24.88
6107187,34.6,24.88
6107889,33.6,24.88
6108591,33.6,24.88
6109293,34.6,24.88
6109995,34.6,24.87
6110697,34.6,24.87
6111399,34.6,24.87
6112101,33.6,24.87
6112803,34.6,24.87
6113505,34.6,24.87
6114207,34.6,24.86
6114909,34.6,24.86
6115611,33.6,24.87
6116313,33.6,24.86
6117015,34.6,24.86
6117717,34.6,24.86
6118419,34.6,24.86
6119121,34.6,24.86
6119823,33.6,24.86
6120525,34.6,24.86
6121227,34.6,24.86
6121929,34.6,24.85
6122631,33.6,24.85
6123333,33.6,24.85
6124035,33.6,24.85
6124737,33.6,24.85
6125439,33.6,24.85
6126141,34.6,24.86
6126843,34.6,24.85
6127545,34.6,24.85
6128247,34.6,24.84
6128949,33.6,24.84
6129651,33.6,24.84
6130353,34.6,24.84
6131055,34.6,24.84
6131757,34.6,24.84
6132459,34.6,24.84
6133161,34.6,24.84
6133863,34.6,24.84
6134565,34.6,24.84
6135267,34.6,24.84
6135969,34.6,24.84
6136671,34.6,24.83
6137373,34.6,24.83
6138075,34.6,24.83
6138777,34.6,24.83
6139479,34.6,24.83
6140181,34.6,24.83
6140883,35.6,24.83
6141585,34.6,24.83
6142287,34.6,24.83
6142989,34.6,24.82
6143691,34.6,24.82
6144393,34.6,24.82
6145095,34.6,24.82
6145797,34.6,24.82
6146499,34.6,24.82
6147201,34.6,24.82
6147903,34.6,24.82
6148605,34.6,24.82
6149307,34.6,24.82
6150009,34.6,24.82
6150711,34.6,24.82
6151413,34.6,24.82
6152115,34.6,24.82
6152817,34.6,24.81
6153519,34.6,24.81
6154221,34.6,24.81
6154923,34.6,24.81
6155625,34.6,24.81
6156327,34.6,24.81
6157029,34.6,24.81
6157731,34.6,24.81
6158433,34.6,24.80
6159135,34.6,24.81
6159837,34.6,24.80
6160539,34.6,24.80
6161241,34.6,24.80
6161943,34.6,24.80
6162645,34.6,24.80
6163347,34.6,24.80
6164049,34.6,24.79
6164751,34.6,24.80
6165453,34.6,24.80
6166155,34.6,24.80
6166857,34.6,24.80
6167559,34.6,24.79
6168261,34.6,24.80
6168963,34.6,24.79
6169665,34.6,24.79
6170367,34.6,24.79
6171069,34.6,24.79
6171771,34.6,24.79
6172473,34.6,24.79
6173175,34.6,24.79
6173877,34.6,24.79
6174579,34.6,24.79
6175281,34.6,24.78
6175983,34.6,24.79
6176685,34.6,24.79
6177387,34.6,24.78
6178089,34.6,24.78
6178791,34.6,24.78
6179493,34.6,24.78
6180195,34.6,24.78
6180897,34.6,24.78
6181599,34.6,24.77
6182301,34.6,24.78
6183003,34.6,24.77
6183705,34.6,24.77
6184407,34.6,24.77
6185109,34.6,24.77
6185811,34.6,24.77
6186513,34.6,24.77
6187215,34.6,24.77
6187917,34.6,24.77
6188619,34.6,24.77
6189321,33.6,24.76
6190023,34.6,24.77
6190725,34.6,24.76
6191427,34.6,24.76
6192129,33.6,24.76
6192831,34.6,24.76
6193533,34.6,24.76
6194235,34.6,24.76
6194937,34.6,24.76
6195639,34.6,24.76
6196341,34.6,24.76
6197043,34.6,24.76
6197745,34.6,24.75
6198447,34.6,24.76
6199149,34.6,24.76
6199851,34.6,24.75
6200553,34.6,24.76
6201255,34.6,24.76
6201957,33.6,24.75
6202659,33.6,24.75
6203361,34.6,24.75
6204063,33.6,24.75
6204765,33.6,24.75
6205467,33.6,24.75
6206169,33.6,24.74
6206871,34.6,24.75
6207573,33.6,24.74
6208275,34.6,24.74
6208977,34.6,24.75
6209679,34.6,24.74
6210381,34.6,24.74
6211083,34.6,24.74
6211785,34.6,24.74
6212487,34.6,24.74
6213189,33.6,24.74
6213891,34.6,24.73
6214593,34.6,24.74
6215295,34.6,24.74
6215997,34.6,24.74
6216699,34.6,24.74
6217401,34.6,24.73
6218103,34.6,24.73
6218805,34.6,24.73
6219507,34.6,24.73
6220209,34.6,24.73
6220911,33.6,24.73
6221613,34.6,24.73
6222315,34.6,24.73
6223017,34.6,24.73
6223719,34.6,24.72
6224421,34.6,24.72
6225123,34.6,24.72
6225825,34.6,24.72
6226527,34.6,24.72
6227229,34.6,24.72
6227931,34.6,24.72
6228633,34.6,24.72
6229335,34.6,24.72
6230037,34.6,24.72
6230739,34.6,24.72
6231441,34.6,24.72
6232143,34.6,24.72
6232845,34.6,24.71
6233547,34.6,24.71
6234249,34.6,24.72
6234951,34.6,24.71
6235653,34.6,24.72
6236355,34.6,24.71
6237057,34.6,24.71
6237759,34.6,24.71
6238461,34.6,24.71
6239163,34.6,24.70
6239865,34.6,24.70
6240567,35.6,24.71
6241269,34.6,24.71
6241971,34.6,24.71
6242673,34.6,24.70
6243375,34.6,24.70
6244077,34.6,24.70
6244779,34.6,24.70
6245481,34.6,24.70
6246183,34.6,24.71
6246885,34.6,24.70
6247587,34.6,24.70
6248289,34.6,24.69
6248991,34.6,24.70
6249693,34.6,24.69
6250395,34.6,24.69
6251097,34.6,24.69
6251799,34.6,24.69
6252501,34.6,24.69
6253203,34.6,24.69
6253905,34.6,24.69
6254607,34.6,24.69
6255309,34.6,24.69
6256011,34.6,24.69
6256713,34.6,24.69
6257415,34.6,24.69
6258117,34.6,24.68
6258819,34.6,24.69
6259521,34.6,24.68
6260223,34.6,24.68
6260925,34.6,24.68
6261627,34.6,24.68
6262329,33.6,24.68
6263031,34.6,24.68
6263733,34.6,24.68
6264435,34.6,24.68
6265137,33.6,24.68
6265839,33.6,24.68
6266541,34.6,24.68
6267243,34.6,24.67
6267945,34.6,24.67
6268647,34.6,24.67
6269349,34.6,24.67
6270051,34.6,24.67
6270753,34.6,24.67
6271455,34.6,24.67
6272157,34.6,24.67
6272859,34.6,24.67
6273561,34.6,24.67
6274263,34.6,24.67
6274965,34.6,24.67
6275667,34.6,24.67
6276369,34.6,24.67
6277071,34.6,24.67
6277773,34.6,24.67
6278475,34.6,24.66
6279177,34.6,24.66
6279879,34.6,24.66
6280581,34.6,24.66
6281283,34.6,24.66
6281985,34.6,24.66
6282687,34.6,24.66
6283389,34.6,24.66
6284091,34.6,24.66
6284793,34.6,24.66
6285495,34.6,24.65
6286197,34.6,24.66
6286899,34.6,24.66
6287601,34.6,24.66
6288303,34.6,24.65
6289005,34.6,24.65
6289707,34.6,24.65
6290409,34.6,24.65
6291111,34.6,24.65
6291813,34.6,24.65
6292515,34.6,24.65
6293217,34.6,24.65
6293919,34.6,24.65
6294621,33.6,24.65
6295323,34.6,24.65
6296025,34.6,24.65
6296727,34.6,24.64
6297429,34.6,24.64
6298131,34.6,24.64
6298833,34.6,24.64
6299535,34.6,24.64
6300237,34.6,24.64
6300939,33.6,24.64
6301641,34.6,24.64
6302343,34.6,24.64
6303045,34.6,24.64
6303747,34.6,24.64
6304449,34.6,24.64
6305151,34.6,24.64
6305853,34.6,24.63
6306555,34.6,24.64
6307257,33.6,24.64
6307959,33.6,24.63
6308661,33.6,24.63
6309363,33.6,24.63
6310065,33.6,24.63
6310767,33.6,24.63
6311469,34.6,24.63
6312171,34.6,24.63
6312873,34.6,24.63
6313575,34.6,24.63
6314277,34.6,24.63
6314979,34.6,24.63
6315681,34.6,24.63
6316383,34.6,24.63
6317085,34.6,24.63
6317787,34.6,24.62
6318489,34.6,24.62
6319191,34.6,24.63
6319893,34.6,24.63
6320595,34.6,24.62
6321297,34.6,24.62
6321999,34.6,24.62
6322701,34.6,24.62
6323403,35.6,24.62
6324105,34.6,24.62
6324807,34.6,24.62
6325509,34.6,24.62
6326211,34.6,24.62
6326913,34.6,24.61
6327615,34.6,24.61
6328317,34.6,24.62
6329019,34.6,24.61
6329721,34.6,24.61
6330423,34.6,24.61
6331125,34.6,24.61
6331827,34.6,24.61
6332529,34.6,24.61
6333231,34.6,24.61
6333933,34.6,24.61
6334635,34.6,24.61
6335337,34.6,24.61
6336039,33.6,24.61
6336741,33.6,24.61
6337443,33.6,24.61
6338145,34.6,24.61
6338847,34.6,24.61
6339549,34.6,24.61
6340251,34.6,24.61
6340953,34.6,24.60
6341655,34.6,24.60
6342357,34.6,24.60
6343059,34.6,24.60
6343761,34.6,24.60
6344463,34.6,24.60
6345165,34.6,24.60
6345867,34.6,24.60
6346569,34.6,24.60
6347271,34.6,24.60
6347973,34.6,24.59
6348675,34.6,24.59
6349377,33.6,24.60
6350079,34.6,24.60
6350781,34.6,24.60
6351483,33.6,24.60
6352185,34.6,24.60
6352887,34.6,24.59
6353589,34.6,24.59
6354291,34.6,24.59
6354993,34.6,24.59
6355695,34.6,24.59
6356397,34.6,24.59
6357099,34.6,24.58
6357801,34.6,24.59
6358503,33.6,24.59
6359205,33.6,24.59
6359907,33.6,24.59
6360609,33.6,24.59
6361311,34.6,24.58
6362013,33.6,24.58
6362715,33.6,24.58
6363417,34.6,24.58
6364119,33.6,24.58
6364821,33.6,24.58
6365523,33.6,24.58
6366225,34.6,24.57
6366927,34.6,24.58
6367629,34.6,24.58
6368331,34.6,24.58
6369033,34.6,24.58
6369735,34.6,24.57
6370437,33.6,24.58
6371139,34.6,24.57
6371841,34.6,24.57
6372543,33.6,24.57
6373245,33.6,24.57
6373947,33.6,24.57
6374649,33.6,24.57
6375351,34.6,24.57
6376053,34.6,24.57
6376755,34.6,24.57
6377457,34.6,24.57
6378159,34.6,24.57
6378861,34.6,24.57
6379563,34.6,24.57
6380265,34.6,24.56
6380967,34.6,24.56
6381669,34.6,24.57
6382371,34.6,24.57
6383073,34.6,24.56
6383775,34.6,24.57
6384477,34.6,24.57
6385179,34.6,24.56
6385881,34.6,24.56
6386583,34.6,24.57
6387285,34.6,24.57
6387987,34.6,24.56
6388689,34.6,24.56
6389391,34.6,24.56
6390093,33.6,24.56
6390795,34.6,24.56
6391497,34.6,24.56
6392199,34.6,24.56
6392901,34.6,24.55
6393603,33.6,24.56
6394305,34.6,24.56
6395007,34.6,24.56
6395709,34.6,24.55
6396411,34.6,24.55
6397113,34.6,24.55
6397815,34.6,24.55
6398517,34.6,24.55
6399219,34.6,24.55
6399921,34.6,24.55
6400623,33.6,24.55
6401325,34.6,24.55
6402027,33.6,24.55
6402729,33.6,24.55
6403431,34.6,24.55
6404133,34.6,24.55
6404835,34.6,24.55
6405537,34.6,24.55
6406239,34.6,24.54
6406941,33.6,24.55
6407643,34.6,24.55
6408345,34.6,24.55
6409047,34.6,24.55
6409749,34.6,24.54
6410451,34.6,24.54
6411153,34.6,24.54
6411855,34.6,24.54
6412557,34.6,24.54
6413259,33.6,24.54
6413961,34.6,24.54
6414663,34.6,24.54
6415365,34.6,24.54
6416067,34.6,24.54
6416769,34.6,24.54
6417471,34.6,24.53
6418173,34.6,24.53
6418875,33.6,24.53
6419577,33.6,24.53
6420279,33.6,24.54
6420981,33.6,24.53
6421683,34.6,24.53
6422385,33.6,24.53
6423087,33.6,24.53
6423789,34.6,24.53
6424491,33.6,24.52
6425193,33.6,24.53
6425895,33.6,24.53
6426597,33.6,24.52
6427299,34.6,24.53
6428001,34.6,24.52
6428703,34.6,24.52
6429405,34.6,24.52
6430107,34.6,24.52
6430809,34.6,24.52
6431511,34.6,24.52
6432213,34.6,24.52
6432915,34.6,24.52
6433617,34.6,24.52
6434319,34.6,24.52
6435021,34.6,24.51
6435723,33.6,24.52
6436425,34.6,24.52
6437127,34.6,24.52
6437829,34.6,24.52
6438531,34.6,24.52
6439233,34.6,24.52
6439935,34.6,24.52
6440637,34.6,24.52
6441339,34.6,24.51
6442041,34.6,24.52
6442743,34.6,24.51
6443445,34.6,24.51
6444147,34.6,24.51
6444849,34.6,24.51
6445551,33.6,24.51
6446253,34.6,24.51
6446955,34.6,24.51
6447657,34.6,24.50
6448359,34.6,24.51
6449061,34.6,24.51
6449763,34.6,24.51
6450465,34.6,24.50
6451167,34.6,24.50
6451869,33.6,24.51
6452571,33.6,24.51
6453273,34.6,24.51
6453975,33.6,24.50
6454677,34.6,24.50
6455379,34.6,24.50
6456081,34.6,24.51
6456783,34.6,24.50
6457485,34.6,24.50
6458187,34.6,24.50
6458889,34.6,24.50
6459591,34.6,24.50
6460293,34.6,24.51
6460995,34.6,24.50
6461697,34.6,24.50
6462399,34.6,24.50
6463101,34.6,24.51
6463803,34.6,24.50
6464505,34.6,24.50
6465207,34.6,24.50
6465909,34.6,24.50
6466611,34.6,24.50
6467313,34.6,24.50
6468015,34.6,24.50
6468717,34.6,24.49
6469419,34.6,24.50
6470121,34.6,24.50
6470823,34.6,24.49
6471525,33.6,24.49
6472227,34.6,24.49
6472929,34.6,24.49
6473631,34.6,24.49
6474333,34.6,24.49
6475035,34.6,24.49
6475737,34.6,24.49
6476439,34.6,24.49
6477141,34.6,24.49
6477843,34.6,24.49
6478545,34.6,24.49
6479247,34.6,24.49
6479949,34.6,24.49
6480651,33.6,24.49
6481353,34.6,24.49
6482055,33.6,24.49
6482757,33.6,24.48
6483459,33.6,24.49
6484161,34.6,24.49
6484863,34.6,24.48
6485565,33.6,24.48
6486267,34.6,24.48
6486969,34.6,24.48
6487671,34.6,24.48
6488373,34.6,24.48
6489075,34.6,24.48
6489777,34.6,24.48
6490479,34.6,24.48
6491181,33.6,24.47
6491883,34.6,24.48
6492585,33.6,24.48
6493287,34.6,24.48
6493989,34.6,24.47
6494691,34.6,24.48
6495393,34.6,24.47
6496095,34.6,24.47
6496797,34.6,24.47
6497499,33.6,24.47
6498201,33.6,24.47
6498903,34.6,24.47
6499605,34.6,24.47
6500307,34.6,24.47
6501009,34.6,24.48
6501711,33.6,24.47
6502413,33.6,24.46
6503115,33.6,24.47
6503817,34.6,24.47
6504519,33.6,24.47
6505221,34.6,24.47
6505923,34.6,24.47
6506625,34.6,24.47
6507327,34.6,24.46
6508029,34.6,24.46
6508731,34.6,24.46
6509433,33.6,24.47
6510135,34.6,24.47
6510837,33.6,24.46
6511539,34.6,24.46
6512241,34.6,24.46
6512943,34.6,24.47
6513645,34.6,24.46
6514347,34.6,24.46
6515049,34.6,24.46
6515751,34.6,24.46
6516453,33.6,24.46
6517155,34.6,24.46
6517857,33.6,24.46
6518559,33.6,24.45
6519261,33.6,24.46
6519963,33.6,24.46
6520665,33.6,24.46
6521367,33.6,24.46
6522069,34.6,24.45
6522771,34.6,24.46
6523473,34.6,24.46
6524175,34.6,24.45
6524877,34.6,24.45
6525579,34.6,24.45
6526281,34.6,24.45
6526983,34.6,24.45
6527685,34.6,24.45
6528387,34.6,24.45
6529089,34.6,24.45
6529791,34.6,24.45
6530493,34.6,24.45
6531195,33.6,24.45
6531897,33.6,24.45
6532599,33.6,24.45
6533301,33.6,24.45
6534003,34.6,24.45
6534705,34.6,24.45
6535407,33.6,24.45
6536109,33.6,24.44
6536811,34.6,24.44
6537513,34.6,24.44
6538215,34.6,24.44
6538917,34.6,24.44
6539619,34.6,24.44
6540321,34.6,24.44
6541023,34.6,24.44
6541725,33.6,24.44
6542427,33.6,24.44
6543129,34.6,24.44
6543831,34.6,24.44
6544533,34.6,24.44
6545235,34.6,24.44
6545937,33.6,24.43
6546639,33.6,24.43
6547341,33.6,24.44
6548043,34.6,24.43
6548745,34.6,24.44
6549447,34.6,24.43
6550149,33.6,24.44
6550851,34.6,24.43
6551553,34.6,24.43
6552255,34.6,24.43
6552957,33.6,24.43
6553659,34.6,24.44
6554361,34.6,24.43
6555063,34.6,24.43
6555765,34.6,24.43
6556467,34.6,24.43
6557169,33.6,24.43
6557871,34.6,24.43
6558573,33.6,24.43
6559275,34.6,24.43
6559977,34.6,24.42
6560679,33.6,24.42
6561381,33.6,24.42
6562083,33.6,24.42
6562785,33.6,24.42
6563487,33.6,24.42
6564189,33.6,24.42
6564891,32.6,24.42
6565593,33.6,24.42
6566295,33.6,24.42
6566997,33.6,24.42
6567699,34.6,24.42
6568401,34.6,24.42
6569103,34.6,24.41
6569805,34.6,24.42
6570507,34.6,24.42
6571209,34.6,24.41
6571911,34.6,24.42
6572613,34.6,24.41
6573315,33.6,24.41
6574017,34.6,24.41
6574719,33.6,24.42
6575421,33.6,24.41
6576123,33.6,24.41
6576825,33.6,24.42
6577527,33.6,24.41
6578229,33.6,24.41
6578931,33.6,24.42
6579633,33.6,24.41
6580335,34.6,24.42
6581037,33.6,24.41
6581739,34.6,24.41
6582441,34.6,24.41
6583143,34.6,24.41
6583845,34.6,24.41
6584547,34.6,24.41
6585249,34.6,24.41
6585951,34.6,24.41
6586653,34.6,24.41
6587355,34.6,24.41
6588057,33.6,24.41
6588759,34.6,24.41
6589461,33.6,24.41
6590163,33.6,24.41
6590865,33.6,24.41
6591567,34.6,24.41
6592269,33.6,24.40
6592971,34.6,24.41
6593673,33.6,24.41
6594375,34.6,24.40
6595077,34.6,24.40
6595779,34.6,24.40
6596481,34.6,24.40
6597183,33.6,24.40
6597885,33.6,24.40
6598587,33.6,24.40
6599289,33.6,24.40
6599991,34.6,24.40
6600693,34.6,24.40
6601395,34.6,24.40
6602097,34.6,24.39
6602799,34.6,24.40
6603501,34.6,24.40
6604203,34.6,24.40
6604905,34.6,24.40
6605607,33.6,24.39
6606309,34.6,24.40
6607011,34.6,24.40
6607713,34.6,24.39
6608415,34.6,24.40
6609117,34.6,24.39
6609819,34.6,24.39
6610521,34.6,24.39
6611223,33.6,24.39
6611925,34.6,24.39
6612627,34.6,24.38
6613329,34.6,24.39
6614031,34.6,24.39
6614733,34.6,24.39
6615435,34.6,24.38
6616137,34.6,24.38
6616839,34.6,24.39
6617541,34.6,24.38
6618243,34.6,24.39
6618945,34.6,24.39
6619647,34.6,24.39
6620349,34.6,24.39
6621051,34.6,24.38
6621753,34.6,24.38
6622455,34.6,24.39
6623157,34.6,24.39
6623859,34.6,24.38
6624561,34.6,24.38
6625263,34.6,24.38
6625965,34.6,24.38
6626667,33.6,24.38
6627369,34.6,24.38
6628071,34.6,24.37
6628773,34.6,24.37
6629475,34.6,24.37
6630177,34.6,24.37
6630879,34.6,24.37
6631581,34.6,24.37
6632283,34.6,24.37
6632985,34.6,24.37
6633687,33.6,24.37
6634389,34.6,24.37
6635091,34.6,24.37
6635793,34.6,24.37
6636495,34.6,24.37
6637197,33.6,24.37
6637899,33.6,24.37
6638601,33.6,24.37
6639303,33.6,24.36
6640005,33.6,24.37
6640707,32.6,24.36
6641409,33.6,24.37
6642111,33.6,24.37
6642813,34.6,24.36
6643515,33.6,24.37
6644217,33.6,24.36
6644919,33.6,24.36
6645621,33.6,24.37
6646323,33.6,24.37
6647025,33.6,24.36
6647727,33.6,24.36
6648429,33.6,24.36
6649131,33.6,24.37
6649833,33.6,24.36
6650535,34.6,24.36
6651237,34.6,24.36
6651939,34.6,24.37
6652641,34.6,24.36
6653343,33.6,24.36
6654045,34.6,24.36
6654747,33.6,24.36
6655449,33.6,24.36
6656151,34.6,24.36
6656853,33.6,24.36
6657555,34.6,24.36
6658257,34.6,24.36
6658959,34.6,24.36
6659661,34.6,24.36
6660363,34.6,24.35
6661065,34.6,24.36
6661767,34.6,24.36
6662469,34.6,24.36
6663171,34.6,24.36
6663873,34.6,24.36
6664575,33.6,24.36
6665277,34.6,24.35
6665979,33.6,24.35
6666681,33.6,24.35
6667383,33.6,24.35
6668085,33.6,24.35
6668787,34.6,24.35
6669489,34.6,24.35
6670191,34.6,24.35
6670893,34.6,24.35
6671595,34.6,24.35
6672297,33.6,24.35
6672999,33.6,24.35
6673701,33.6,24.35
6674403,32.6,24.35
6675105,32.6,24.35
6675807,33.6,24.35
6676509,33.6,24.35
6677211,33.6,24.35
6677913,33.6,24.35
6678615,33.6,24.34
6679317,33.6,24.35
6680019,33.6,24.34
6680721,34.6,24.34
6681423,34.6,24.34
6682125,34.6,24.34
6682827,33.6,24.35
6683529,34.6,24.35
6684231,34.6,24.35
6684933,34.6,24.34
6685635,33.6,24.34
6686337,33.6,24.35
6687039,33.6,24.34
6687741,33.6,24.34
6688443,34.6,24.34
6689145,34.6,24.34
6689847,34.6,24.35
6690549,34.6,24.34
6691251,34.6,24.34
6691953,33.6,24.34
6692655,34.6,24.34
6693357,34.6,24.34
6694059,34.6,24.34
6694761,34.6,24.34
6695463,34.6,24.34
6696165,34.6,24.34
