batch,t_ms,raw_m,die_c,amb_c,rssi_dbm,gain_step,snr_db,kept
1,130545,-4.3044,40.6,29.04,-62.5,10,0.0,1
1,131271,-4.2368,39.6,29.04,-60.0,10,0.0,1
1,131997,-5.2734,39.6,29.04,-62.5,10,0.0,1
1,132723,-5.2284,39.6,29.04,-60.0,10,0.0,1
1,133449,-3.6508,39.6,29.04,-62.0,10,0.0,1
1,134175,-3.6508,39.6,29.04,-62.0,10,0.0,1
1,134901,-3.9213,39.6,29.05,-62.5,10,0.0,1
1,135627,-4.7100,39.6,29.04,-60.0,10,0.0,1
1,136353,-3.4706,40.6,29.04,-62.5,10,0.0,1
1,137079,-5.1157,40.6,29.04,-60.0,10,0.0,1
1,137805,-5.3410,40.6,29.04,-62.0,10,0.0,1
1,138531,-5.0481,40.6,29.04,-60.0,10,0.0,1
1,139257,-3.3579,40.6,29.04,-67.5,10,0.0,1
1,139983,-4.8453,39.6,29.04,-60.0,10,0.0,1
1,140709,-5.4988,40.6,29.04,-60.0,10,0.0,1
1,141435,-4.8453,40.6,29.05,-60.0,10,0.0,1
1,142161,-4.8453,39.6,29.04,-60.0,10,0.0,1
1,142887,-3.6959,39.6,29.05,-60.0,10,0.0,1
1,143613,-5.2058,40.6,29.04,-60.0,10,0.0,1
1,144339,-5.5439,40.6,29.04,-60.0,10,0.0,1
1,145065,-4.8678,40.6,29.04,-60.0,10,0.0,1
1,145791,-4.0565,39.6,29.05,-60.0,10,0.0,1
1,146517,-4.8903,38.6,29.05,-60.0,10,0.0,1
1,147243,-4.7100,39.6,29.04,-60.0,10,0.0,1
1,147969,-4.6199,39.6,29.05,-62.0,10,0.0,1
1,148695,-4.9354,39.6,29.04,-60.0,10,0.0,1
1,149421,-4.6875,39.6,29.04,-60.0,10,0.0,1
1,150147,-4.6875,39.6,29.04,-60.0,10,0.0,1
1,150873,-3.8086,39.6,29.04,-60.0,10,0.0,1
1,151599,-3.0424,38.6,29.04,-62.5,10,0.0,1
1,152325,-5.2734,38.6,29.04,-62.5,10,0.0,1
1,153051,-3.4029,38.6,29.04,-61.5,10,0.0,1
1,153777,-3.6283,38.6,29.04,-60.0,10,0.0,1
1,154503,-3.8537,39.6,29.04,-62.5,10,0.0,1
1,155229,-3.8086,39.6,29.04,-60.0,10,0.0,1
1,155955,-4.6199,39.6,29.04,-62.0,10,0.0,1
1,156681,-3.6734,39.6,29.04,-60.0,10,0.0,1
1,157407,-3.4480,38.6,29.04,-62.5,10,0.0,1
1,158133,-4.1917,38.6,29.04,-62.5,10,0.0,1
1,158859,-3.2903,38.6,29.04,-62.5,10,0.0,1
1,159585,-4.7551,39.6,29.04,-62.0,10,0.0,1
1,160311,-5.3185,39.6,29.04,-62.5,10,0.0,1
1,161037,-4.4171,40.6,29.04,-60.0,10,0.0,1
1,161763,-3.8311,40.6,29.04,-62.0,10,0.0,1
1,162489,-3.3128,40.6,29.04,-62.5,10,0.0,1
1,163215,-3.6058,40.6,29.04,-60.0,10,0.0,1
1,163941,-5.5213,39.6,29.05,-60.0,10,0.0,1
1,164667,-4.4847,39.6,29.04,-62.5,10,0.0,1
1,165393,-3.8987,39.6,29.04,-60.0,10,0.0,1
1,166119,-4.1016,39.6,29.04,-62.5,10,0.0,1
1,166845,-4.5072,39.6,29.04,-68.5,10,0.0,1
1,167571,-3.8537,39.6,29.04,-62.5,10,0.0,1
1,168297,-4.5523,39.6,29.05,-68.0,10,0.0,1
1,169023,-2.9297,39.6,29.05,-62.0,10,0.0,1
1,169749,-4.1241,39.6,29.05,-60.0,10,0.0,1
1,170475,-4.1466,39.6,29.04,-62.0,10,0.0,1
1,171201,-5.0255,39.6,29.04,-60.0,10,0.0,1
1,171927,-5.0255,39.6,29.04,-60.0,10,0.0,1
1,172653,-5.0931,39.6,29.04,-60.0,10,0.0,1
1,173379,-3.4029,39.6,29.04,-62.5,10,0.0,1
1,174105,-4.7326,39.6,29.04,-62.5,10,0.0,1
1,174831,-3.4931,39.6,29.04,-62.0,10,0.0,1
1,175557,-3.4931,39.6,29.04,-62.5,10,0.0,1
1,176283,-3.6058,39.6,29.04,-67.5,10,0.0,1
1,177009,-4.3945,39.6,29.04,-60.0,10,0.0,1
1,177735,-3.8537,40.6,29.04,-68.0,10,0.0,1
1,178461,-4.0565,39.6,29.04,-62.0,10,0.0,1
1,179187,-2.9748,39.6,29.04,-62.5,10,0.0,1
1,179913,-2.9748,39.6,29.04,-62.5,10,0.0,1
1,180639,-3.6058,40.6,29.04,-62.5,10,0.0,1
1,181365,-2.0057,39.6,29.04,-67.5,10,0.0,1
1,182091,-3.2227,39.6,29.04,-62.0,10,0.0,1
1,182817,-3.0649,40.6,29.04,-62.5,10,0.0,1
1,183543,-2.4339,40.6,29.05,-62.5,10,0.0,1
1,184269,-3.8987,39.6,29.04,-62.0,10,0.0,1
1,184995,-3.4706,39.6,29.04,-62.5,10,0.0,1
1,185721,-3.6508,39.6,29.04,-62.0,10,0.0,1
1,186447,-3.5382,39.6,29.04,-62.5,10,0.0,1
1,187173,-4.7551,39.6,29.04,-62.5,10,0.0,1
1,187899,-4.7551,39.6,29.04,-62.5,10,0.0,1
1,188625,-4.0340,40.6,29.04,-62.5,10,0.0,1
1,189351,-3.0198,40.6,29.04,-62.5,10,0.0,1
1,190077,-3.0649,40.6,29.04,-62.5,10,0.0,1
1,190803,-3.2677,39.6,29.04,-62.5,10,0.0,1
1,191529,-1.8254,40.6,29.04,-62.5,10,0.0,1
1,192255,-3.4029,40.6,29.04,-62.5,10,0.0,1
1,192981,-3.3128,40.6,29.04,-67.5,10,0.0,1
1,193707,-1.3522,39.6,29.04,-62.0,10,0.0,1
1,194433,-4.2142,39.6,29.04,-62.5,10,0.0,1
1,195159,-3.6283,39.6,29.04,-62.5,10,0.0,1
1,195885,-3.6283,40.6,29.04,-62.5,10,0.0,1
1,196611,-1.7803,39.6,29.04,-68.5,10,0.0,1
1,197337,-3.0649,39.6,29.04,-62.0,10,0.0,1
1,198063,-3.3353,39.6,29.04,-62.5,10,0.0,1
1,198789,-2.2085,39.6,29.04,-60.0,10,0.0,1
1,199515,-1.8254,39.6,29.04,-62.0,10,0.0,1
1,200241,-3.1100,39.6,29.04,-62.5,10,0.0,1
1,200967,-2.9072,39.6,29.04,-60.0,10,0.0,1
1,201693,-3.1325,40.6,29.05,-62.5,10,0.0,1
1,202419,-1.9156,39.6,29.04,-62.5,10,0.0,1
1,203145,-2.8846,39.6,29.05,-60.0,10,0.0,1
1,203871,-2.8846,39.6,29.04,-60.0,10,0.0,1
1,204597,-3.1776,39.6,29.04,-62.0,10,0.0,1
1,205323,-2.3212,39.6,29.04,-68.0,10,0.0,1
1,206049,-1.5550,39.6,29.04,-68.0,10,0.0,1
1,206775,-2.8395,39.6,29.04,-62.0,10,0.0,1
1,207501,-2.8621,39.6,29.04,-60.0,10,0.0,1
1,208227,-2.3663,39.6,29.04,-62.5,10,0.0,1
1,208953,-2.9297,39.6,29.04,-62.5,10,0.0,1
1,209679,-1.7803,39.6,29.04,-62.5,10,0.0,1
1,210405,-2.2987,39.6,29.04,-62.5,10,0.0,1
1,211131,-2.8621,39.6,29.04,-62.5,10,0.0,1
1,211857,-2.7494,39.6,29.04,-62.0,10,0.0,1
1,212583,-2.4564,38.6,29.04,-62.5,10,0.0,1
1,213309,-2.9297,38.6,29.04,-62.5,10,0.0,1
1,214035,-1.9832,39.6,29.04,-62.5,10,0.0,1
1,214761,-2.4339,39.6,29.04,-62.0,10,0.0,1
1,215487,-2.7494,39.6,29.04,-62.5,10,0.0,1
1,216213,-3.0874,39.6,29.04,-62.5,10,0.0,1
1,216939,-2.1409,39.6,29.04,-68.5,10,0.0,1
1,217665,-3.9213,39.6,29.04,-62.5,10,0.0,1
1,218391,-3.1776,39.6,29.04,-62.5,10,0.0,1
1,219117,-3.3128,40.6,29.04,-62.0,10,0.0,1
1,219843,-2.2536,39.6,29.04,-61.5,10,0.0,1
1,220569,-3.4029,40.6,29.04,-62.5,10,0.0,1
1,221295,-2.5015,39.6,29.04,-62.5,10,0.0,1
1,222021,-2.9522,39.6,29.04,-62.5,10,0.0,1
1,222747,-2.8395,39.6,29.04,-62.0,10,0.0,1
1,223473,-3.1776,39.6,29.04,-62.5,10,0.0,1
1,224199,-2.5466,39.6,29.04,-62.0,10,0.0,1
1,224925,-2.5916,40.6,29.04,-62.0,10,0.0,1
1,225651,-2.5916,39.6,29.04,-62.0,10,0.0,1
1,226377,-3.6058,39.6,29.04,-62.0,10,0.0,1
1,227103,-3.1550,39.6,29.04,-62.5,10,0.0,1
1,227829,-2.2536,39.6,29.04,-62.5,10,0.0,1
1,228555,-2.4564,40.6,29.04,-62.0,10,0.0,1
1,229281,-2.0733,39.6,29.04,-68.0,10,0.0,1
1,230007,-2.8846,39.6,29.04,-62.5,10,0.0,1
1,230733,-2.0959,40.6,29.04,-68.0,10,0.0,1
1,231459,-2.8621,39.6,29.04,-62.5,10,0.0,1
1,232185,-2.2987,40.6,29.04,-62.5,10,0.0,1
1,232911,-2.9522,39.6,29.04,-62.5,10,0.0,1
1,233637,-2.9522,38.6,29.04,-62.5,10,0.0,1
1,234363,-2.7945,39.6,29.04,-62.0,10,0.0,1
1,235089,-1.4648,39.6,29.04,-62.5,10,0.0,1
1,235815,-2.4339,39.6,29.05,-62.5,10,0.0,1
1,236541,-1.8705,39.6,29.05,-62.0,10,0.0,1
1,237267,-2.8621,40.6,29.04,-62.5,10,0.0,1
1,237993,-3.2452,38.6,29.04,-62.5,10,0.0,1
1,238719,-2.6142,39.6,29.04,-62.5,10,0.0,1
1,239445,-2.0508,39.6,29.04,-62.5,10,0.0,1
1,240171,-1.0367,39.6,29.04,-62.5,10,0.0,1
1,240897,-2.1860,39.6,29.04,-68.5,10,0.0,1
1,241623,-2.1860,39.6,29.05,-68.5,10,0.0,1
1,242349,-2.6367,39.6,29.04,-68.5,10,0.0,1
1,243075,-1.2395,39.6,29.05,-68.0,10,0.0,1
1,243801,-2.2536,40.6,29.04,-62.0,10,0.0,1
1,244527,-2.8621,39.6,29.04,-68.5,10,0.0,1
1,245253,-2.2085,39.6,29.04,-62.5,10,0.0,1
1,245979,-2.5691,39.6,29.04,-62.5,10,0.0,1
1,246705,-3.0424,40.6,29.04,-62.5,10,0.0,1
1,247431,-2.9522,39.6,29.04,-62.5,10,0.0,1
1,248157,-2.6593,39.6,29.04,-62.5,10,0.0,1
1,248883,-1.6677,39.6,29.04,-60.0,10,0.0,1
1,249609,-1.6677,39.6,29.04,-60.0,10,0.0,1
1,250335,-2.1860,39.6,29.05,-68.5,10,0.0,1
1,251061,-1.4423,39.6,29.04,-62.5,10,0.0,1
1,251787,-2.2085,39.6,29.04,-62.5,10,0.0,1
1,252513,-3.3579,39.6,29.04,-62.5,10,0.0,1
1,253239,-3.3804,39.6,29.04,-62.5,10,0.0,1
1,253965,-1.8930,40.6,29.04,-62.0,10,0.0,1
1,254691,-1.8930,39.6,29.04,-62.5,10,0.0,1
1,255417,-3.0874,39.6,29.04,-62.5,10,0.0,1
1,256143,-2.0959,39.6,29.05,-62.0,10,0.0,1
1,256869,-2.3663,40.6,29.04,-62.5,10,0.0,1
1,257595,-2.3663,40.6,29.05,-62.5,10,0.0,1
1,258321,-3.4029,40.6,29.04,-62.5,10,0.0,1
1,259047,-2.0282,40.6,29.04,-62.5,10,0.0,1
1,259773,-1.9156,39.6,29.04,-62.5,10,0.0,1
1,260499,-1.4648,39.6,29.04,-62.5,10,0.0,1
1,261225,-3.2227,39.6,29.04,-62.5,10,0.0,1
1,261951,-1.8029,39.6,29.04,-62.5,10,0.0,1
1,262677,-1.9381,39.6,29.05,-62.5,10,0.0,1
1,263403,-3.2903,39.6,29.04,-62.0,10,0.0,1
1,264129,-2.2085,39.6,29.04,-68.0,10,0.0,1
1,264855,-2.0508,39.6,29.04,-68.5,10,0.0,1
1,265581,-2.3437,39.6,29.04,-62.5,10,0.0,1
1,266307,-1.1493,39.6,29.04,-62.5,10,0.0,1
1,267033,-3.4029,39.6,29.04,-62.5,10,0.0,1
1,267759,-2.0282,39.6,29.04,-62.5,10,0.0,1
1,268485,-2.6593,39.6,29.05,-62.5,10,0.0,1
1,269211,-2.2085,39.6,29.04,-62.5,10,0.0,1
1,269937,-1.6451,39.6,29.04,-62.0,10,0.0,1
1,270663,-2.1635,39.6,29.04,-62.0,10,0.0,1
1,271389,-1.9606,39.6,29.04,-62.0,10,0.0,1
1,272115,-1.6226,39.6,29.04,-62.5,10,0.0,1
1,272841,-2.5466,39.6,29.04,-62.0,10,0.0,1
1,273567,-2.0508,39.6,29.04,-62.5,10,0.0,1
1,274293,-2.1635,39.6,29.05,-62.0,10,0.0,1
1,275019,-2.8395,38.6,29.05,-62.5,10,0.0,1
1,275745,-2.0959,39.6,29.04,-62.5,10,0.0,1
1,276471,-2.6818,39.6,29.05,-62.0,10,0.0,1
1,277197,-2.8621,39.6,29.05,-62.5,10,0.0,1
1,277923,-2.6367,39.6,29.04,-62.5,10,0.0,1
1,278649,-2.8170,39.6,29.04,-62.5,10,0.0,1
1,279375,-2.8170,39.6,29.04,-62.5,10,0.0,1
1,280101,-2.4339,39.6,29.04,-68.0,10,0.0,1
1,280827,-2.5015,39.6,29.04,-62.5,10,0.0,1
1,281553,-2.7494,39.6,29.04,-62.5,10,0.0,1
1,282279,-3.1100,39.6,29.04,-62.5,10,0.0,1
1,283005,-2.8621,39.6,29.04,-68.5,10,0.0,1
1,283731,-2.7269,39.6,29.05,-62.5,10,0.0,1
1,284457,-2.1860,39.6,29.04,-62.0,10,0.0,1
1,285183,-2.1860,39.6,29.04,-62.0,10,0.0,1
1,285909,-2.4114,39.6,29.04,-62.0,10,0.0,1
1,286635,-3.4029,39.6,29.04,-62.0,10,0.0,1
1,287361,-3.4029,39.6,29.04,-62.0,10,0.0,1
1,288087,-3.2001,39.6,29.04,-62.5,10,0.0,1
1,288813,-2.0508,39.6,29.04,-62.5,10,0.0,1
1,289539,-3.2227,39.6,29.05,-62.5,10,0.0,1
1,290265,-2.4790,39.6,29.05,-62.5,10,0.0,1
1,290991,-2.3212,38.6,29.04,-62.0,10,0.0,1
1,291717,-3.1776,39.6,29.04,-62.5,10,0.0,1
1,292443,-3.2001,39.6,29.05,-68.5,10,0.0,1
1,293169,-3.4029,39.6,29.04,-62.5,10,0.0,1
1,293895,-2.1635,38.6,29.05,-62.0,10,0.0,1
1,294621,-1.6226,39.6,29.05,-68.0,10,0.0,1
1,295347,-1.6226,39.6,29.05,-68.0,10,0.0,1
1,296073,-2.3888,39.6,29.05,-62.5,10,0.0,1
1,296799,-2.4790,39.6,29.05,-62.0,10,0.0,1
1,297525,-2.2761,39.6,29.04,-62.5,10,0.0,1
1,298251,-2.8170,39.6,29.04,-62.5,10,0.0,1
1,298977,-1.4198,39.6,29.05,-68.0,10,0.0,1
1,299703,-1.9606,39.6,29.05,-68.5,10,0.0,1
1,300429,-2.1409,39.6,29.05,-62.5,10,0.0,1
1,301155,-3.0198,39.6,29.04,-62.0,10,0.0,1
1,301881,-3.1100,39.6,29.04,-62.5,10,0.0,1
1,302607,-2.0057,39.6,29.04,-62.0,10,0.0,1
1,303333,-2.0057,40.6,29.05,-62.0,10,0.0,1
1,304059,-2.1635,40.6,29.04,-69.0,10,0.0,1
1,304785,-2.0508,40.6,29.05,-62.0,10,0.0,1
1,305511,-2.0959,39.6,29.04,-62.5,10,0.0,1
1,306237,-2.4564,40.6,29.05,-62.5,10,0.0,1
1,306963,-2.2987,40.6,29.04,-62.5,10,0.0,1
1,307689,-1.3071,40.6,29.05,-68.5,10,0.0,1
1,308415,-2.1409,39.6,29.05,-62.0,10,0.0,1
1,309141,-2.5015,40.6,29.05,-67.5,10,0.0,1
1,309867,-3.2001,40.6,29.05,-62.0,10,0.0,1
1,310593,-2.9973,39.6,29.05,-62.0,10,0.0,1
1,311319,-2.9973,39.6,29.04,-62.0,10,0.0,1
1,312045,-1.9606,39.6,29.04,-62.0,10,0.0,1
1,312771,-2.4339,39.6,29.05,-62.5,10,0.0,1
1,313497,-2.5466,40.6,29.04,-68.5,10,0.0,1
1,314223,-3.2903,40.6,29.05,-62.5,10,0.0,1
1,314949,-2.8621,39.6,29.05,-62.5,10,0.0,1
1,315675,-2.1860,38.6,29.05,-62.5,10,0.0,1
1,316401,-2.1860,39.6,29.04,-62.5,10,0.0,1
1,317127,-1.7127,39.6,29.04,-62.5,10,0.0,1
1,317853,-2.0282,40.6,29.04,-62.0,10,0.0,1
1,318579,-2.8846,39.6,29.04,-62.5,10,0.0,1
1,319305,-1.7127,39.6,29.05,-68.0,10,0.0,1
1,320031,-1.5775,39.6,29.05,-68.0,10,0.0,1
1,320757,-3.2903,39.6,29.05,-62.5,10,0.0,1
1,321483,-2.7719,39.6,29.06,-62.5,10,0.0,1
1,322209,-3.0649,39.6,29.05,-68.0,10,0.0,1
1,322935,-2.2311,39.6,29.05,-68.5,10,0.0,1
1,323661,-2.7269,39.6,29.05,-68.5,10,0.0,1
1,324387,-2.8395,39.6,29.05,-62.5,10,0.0,1
1,325113,-2.5240,39.6,29.05,-62.5,10,0.0,1
1,325839,-3.4029,39.6,29.05,-62.5,10,0.0,1
1,326565,-2.8170,39.6,29.05,-62.0,10,0.0,1
1,327291,-2.3888,39.6,29.05,-62.5,10,0.0,1
1,328017,-1.8480,39.6,29.05,-68.5,10,0.0,1
1,328743,-2.0282,39.6,29.05,-62.5,10,0.0,1
1,329469,-2.9297,39.6,29.05,-68.5,10,0.0,1
1,330195,-2.7269,39.6,29.05,-62.0,10,0.0,1
1,330921,-2.5916,39.6,29.05,-62.5,10,0.0,1
1,331647,-3.4931,39.6,29.05,-62.5,10,0.0,1
1,332373,-3.2227,39.6,29.05,-62.5,10,0.0,1
1,333099,-3.2227,39.6,29.05,-62.5,10,0.0,1
1,333825,-1.6226,39.6,29.05,-62.5,10,0.0,1
1,334551,-2.3888,39.6,29.05,-62.5,10,0.0,1
1,335277,-2.8170,39.6,29.05,-62.5,10,0.0,1
1,336003,-3.1325,39.6,29.05,-62.0,10,0.0,1
1,336729,-2.0282,39.6,29.04,-62.5,10,0.0,1
1,337455,-2.9522,39.6,29.05,-62.5,10,0.0,1
1,338181,-2.7269,39.6,29.05,-62.0,10,0.0,1
1,338907,-2.5916,39.6,29.05,-62.5,10,0.0,1
1,339633,-1.4423,39.6,29.05,-68.5,10,0.0,1
1,340359,-2.9072,39.6,29.04,-62.5,10,0.0,1
1,341085,-2.9072,39.6,29.04,-62.5,10,0.0,1
1,341811,-1.9606,39.6,29.04,-68.5,10,0.0,1
1,342537,-2.0508,39.6,29.05,-62.5,10,0.0,1
1,343263,-1.6226,39.6,29.04,-62.0,10,0.0,1
1,343989,-3.0198,39.6,29.04,-68.5,10,0.0,1
1,344715,-2.6818,39.6,29.04,-62.0,10,0.0,1
1,345441,-1.7578,39.6,29.04,-62.0,10,0.0,1
1,346167,-2.8846,39.6,29.04,-62.5,10,0.0,1
1,346893,-1.8705,39.6,29.04,-68.0,10,0.0,1
1,347619,-1.2395,40.6,29.05,-62.5,10,0.0,1
1,348345,-3.2677,39.6,29.04,-62.5,10,0.0,1
1,349071,-3.2677,40.6,29.05,-62.5,10,0.0,1
1,349797,-2.9297,40.6,29.04,-62.0,10,0.0,1
1,350523,-1.2846,39.6,29.04,-68.5,10,0.0,1
1,351249,-0.9014,40.6,29.05,-62.5,10,0.0,1
1,351975,-2.7494,39.6,29.04,-62.5,10,0.0,1
1,352701,-2.0959,39.6,29.05,-68.0,10,0.0,1
1,353427,-2.0508,40.6,29.05,-62.0,10,0.0,1
1,354153,-2.9973,39.6,29.05,-62.5,10,0.0,1
1,354879,-2.5240,40.6,29.05,-62.0,10,0.0,1
1,355605,-2.3663,40.6,29.05,-62.5,10,0.0,1
1,356331,-2.5015,39.6,29.05,-62.5,10,0.0,1
1,357057,-2.5015,39.6,29.05,-62.5,10,0.0,1
1,357783,-2.9748,39.6,29.04,-62.0,10,0.0,1
1,358509,-2.2761,39.6,29.05,-62.5,10,0.0,1
1,359235,-1.3522,39.6,29.04,-62.5,10,0.0,1
1,359961,-2.3663,39.6,29.05,-62.0,10,0.0,1
1,360687,-2.6818,39.6,29.04,-62.0,10,0.0,1
1,361413,-3.3579,38.6,29.05,-62.0,10,0.0,1
1,362139,-2.1409,39.6,29.05,-68.5,10,0.0,1
1,362865,-2.2085,39.6,29.05,-68.0,10,0.0,1
1,363591,-2.9973,39.6,29.04,-62.0,10,0.0,1
1,364317,-3.3579,39.6,29.05,-62.0,10,0.0,1
1,365043,-3.3579,39.6,29.05,-62.0,10,0.0,1
1,365769,-3.4931,40.6,29.05,-68.5,10,0.0,1
1,366495,-3.2677,40.6,29.05,-62.5,10,0.0,1
1,367221,-2.7043,40.6,29.05,-62.5,10,0.0,1
1,367947,-1.4423,40.6,29.05,-68.5,10,0.0,1
1,368673,-3.0198,40.6,29.05,-62.0,10,0.0,1
1,369399,-2.5466,39.6,29.05,-68.0,10,0.0,1
1,370125,-3.3579,40.6,29.05,-62.5,10,0.0,1
1,370851,-1.9381,39.6,29.05,-68.5,10,0.0,1
1,371577,-2.7719,39.6,29.05,-62.5,10,0.0,1
1,372303,-3.0424,39.6,29.05,-62.5,10,0.0,1
1,373029,-3.0424,39.6,29.05,-62.5,10,0.0,1
1,373755,-2.4790,39.6,29.05,-62.5,10,0.0,1
1,374481,-2.9522,39.6,29.05,-68.0,10,0.0,1
1,375207,-2.9973,39.6,29.05,-62.5,10,0.0,1
1,375933,-2.3437,39.6,29.05,-68.5,10,0.0,1
1,376659,-1.6226,39.6,29.05,-62.5,10,0.0,1
1,377385,-1.5775,39.6,29.05,-62.5,10,0.0,1
1,378111,-1.9156,39.6,29.05,-68.5,10,0.0,1
1,378837,-1.9381,39.6,29.05,-62.5,10,0.0,1
1,379563,-2.9522,39.6,29.05,-62.5,10,0.0,1
1,380289,-3.1550,39.6,29.05,-62.5,10,0.0,1
1,381015,-1.9832,39.6,29.04,-62.5,10,0.0,1
1,381741,-1.2169,39.6,29.05,-68.0,10,0.0,1
1,382467,-2.5015,39.6,29.05,-62.5,10,0.0,1
1,383193,-1.6677,39.6,29.05,-68.0,10,0.0,1
1,383919,-2.9748,40.6,29.05,-68.5,10,0.0,1
1,384645,-3.6508,40.6,29.05,-62.5,10,0.0,1
1,385371,-1.8480,39.6,29.05,-68.0,10,0.0,1
1,386097,-2.7043,40.6,29.05,-68.5,10,0.0,1
1,386823,-39.2127,39.6,29.05,-62.5,10,0.0,0
1,387549,-3.0424,40.6,29.05,-62.5,10,0.0,1
1,388275,-1.9606,40.6,29.05,-68.0,10,0.0,1
1,389001,-3.3353,40.6,29.05,-62.5,10,0.0,1
1,389727,-2.6818,40.6,29.05,-68.0,10,0.0,1
1,390453,-2.3437,40.6,29.05,-62.5,10,0.0,1
1,391179,-2.5916,39.6,29.05,-62.5,10,0.0,1
1,391905,-2.9297,39.6,29.05,-62.0,10,0.0,1
1,392631,-2.9522,39.6,29.05,-68.0,10,0.0,1
1,393357,-1.8480,39.6,29.05,-62.5,10,0.0,1
1,394083,-2.2987,40.6,29.06,-62.5,10,0.0,1
1,394809,-2.2987,40.6,29.05,-62.5,10,0.0,1
1,395535,-2.3888,39.6,29.06,-68.5,10,0.0,1
1,396261,-2.2311,39.6,29.05,-62.5,10,0.0,1
1,396987,-1.8705,39.6,29.05,-68.0,10,0.0,1
1,397713,-2.5015,39.6,29.05,-62.5,10,0.0,1
1,398439,-2.3212,40.6,29.05,-68.0,10,0.0,1
1,399165,-2.7719,40.6,29.05,-62.5,10,0.0,1
1,399891,-2.9973,39.6,29.05,-62.0,10,0.0,1
1,400617,-3.0424,40.6,29.06,-68.5,10,0.0,1
1,401343,-2.1635,40.6,29.05,-68.5,10,0.0,1
1,402069,-1.9381,39.6,29.05,-62.0,10,0.0,1
1,402795,-1.9381,39.6,29.05,-62.0,10,0.0,1
1,403521,-1.2846,39.6,29.05,-62.0,10,0.0,1
1,404247,-1.7803,39.6,29.05,-62.5,10,0.0,1
1,404973,-1.8480,39.6,29.05,-68.0,10,0.0,1
1,405699,-2.6142,39.6,29.05,-68.5,10,0.0,1
1,406425,-2.3663,38.6,29.05,-62.5,10,0.0,1
1,407151,-2.0282,39.6,29.05,-68.5,10,0.0,1
1,407877,-1.8705,39.6,29.05,-62.0,10,0.0,1
1,408603,-3.2227,39.6,29.05,-62.0,10,0.0,1
1,409329,-2.4114,40.6,29.05,-62.5,10,0.0,1
1,410055,-1.8254,40.6,29.06,-68.0,10,0.0,1
1,410781,-1.8254,40.6,29.06,-68.0,10,0.0,1
1,411507,-3.2001,39.6,29.06,-62.5,10,0.0,1
1,412233,-2.5015,39.6,29.05,-68.0,10,0.0,1
1,412959,-2.0057,39.6,29.06,-62.5,10,0.0,1
1,413685,-1.8930,39.6,29.06,-62.0,10,0.0,1
1,414411,-2.8846,39.6,29.06,-62.5,10,0.0,1
1,415137,-2.7719,39.6,29.06,-62.5,10,0.0,1
1,415863,-1.3296,39.6,29.05,-68.5,10,0.0,1
1,416589,-2.2085,39.6,29.05,-62.5,10,0.0,1
1,417315,-2.2536,39.6,29.06,-62.0,10,0.0,1
1,418041,-2.2987,39.6,29.05,-62.0,10,0.0,1
1,418767,-2.2987,39.6,29.05,-62.0,10,0.0,1
1,419493,-2.2085,39.6,29.05,-62.5,10,0.0,1
1,420219,-1.6677,40.6,29.05,-68.5,10,0.0,1
1,420945,-2.0057,39.6,29.06,-62.5,10,0.0,1
1,421671,-3.2903,39.6,29.05,-62.0,10,0.0,1
1,422397,-2.3212,39.6,29.05,-62.0,10,0.0,1
1,423123,-2.8395,40.6,29.06,-62.5,10,0.0,1
1,423849,-1.6677,40.6,29.05,-62.0,10,0.0,1
1,424575,-1.6001,40.6,29.06,-68.0,10,0.0,1
1,425301,-3.3804,39.6,29.06,-62.0,10,0.0,1
1,426027,-1.8705,39.6,29.05,-62.5,10,0.0,1
1,426753,-1.8705,39.6,29.05,-62.5,10,0.0,1
1,427479,-2.9522,39.6,29.06,-62.0,10,0.0,1
1,428205,-1.9832,39.6,29.05,-62.5,10,0.0,1
1,428931,-2.2987,39.6,29.06,-68.0,10,0.0,1
1,429657,-3.0198,39.6,29.05,-62.5,10,0.0,1
1,430383,-3.0874,39.6,29.05,-62.5,10,0.0,1
1,431109,-2.7043,39.6,29.06,-68.5,10,0.0,1
1,431835,-1.6451,39.6,29.05,-62.5,10,0.0,1
1,432561,-3.2227,39.6,29.05,-68.5,10,0.0,1
1,433287,-2.6142,39.6,29.05,-62.5,10,0.0,1
1,434013,-1.2620,39.6,29.05,-62.0,10,0.0,1
1,434739,-2.0733,39.6,29.06,-62.5,10,0.0,1
1,435465,-2.8395,40.6,29.06,-62.5,10,0.0,1
1,436191,-1.3522,40.6,29.06,-62.5,10,0.0,1
1,436917,-2.1860,40.6,29.06,-62.5,10,0.0,1
1,437643,-2.6593,40.6,29.06,-62.0,10,0.0,1
1,438369,-2.5015,40.6,29.05,-68.0,10,0.0,1
1,439095,-1.1719,40.6,29.05,-62.5,10,0.0,1
1,439821,-2.0733,40.6,29.05,-62.5,10,0.0,1
1,440547,-8.0003,40.6,29.05,-62.5,10,0.0,0
1,441273,-2.6818,40.6,29.06,-62.5,10,0.0,1
1,441999,-2.9297,40.6,29.05,-62.5,10,0.0,1
1,442725,-2.3888,40.6,29.05,-68.5,10,0.0,1
1,443451,-2.5691,40.6,29.06,-68.5,10,0.0,1
1,444177,-1.9606,40.6,29.06,-68.5,10,0.0,1
1,444903,-2.3212,40.6,29.06,-68.0,10,0.0,1
1,445629,-2.4564,40.6,29.06,-62.5,10,0.0,1
1,446355,-2.2987,40.6,29.06,-68.5,10,0.0,1
1,447081,-2.3888,39.6,29.06,-68.5,10,0.0,1
1,447807,-2.1184,39.6,29.06,-62.5,10,0.0,1
1,448533,-2.1184,39.6,29.06,-62.5,10,0.0,1
1,449259,-2.5240,39.6,29.06,-62.5,10,0.0,1
1,449985,-3.2903,40.6,29.06,-62.5,10,0.0,1
1,450711,-2.4790,39.6,29.06,-68.5,10,0.0,1
1,451437,-2.3437,39.6,29.06,-62.5,10,0.0,1
1,452163,-2.8395,39.6,29.06,-68.5,10,0.0,1
1,452889,-3.0424,39.6,29.06,-62.5,10,0.0,1
1,453615,-2.0508,39.6,29.06,-62.5,10,0.0,1
1,454341,-2.6593,39.6,29.06,-68.0,10,0.0,1
1,455067,-1.4423,39.6,29.06,-68.0,10,0.0,1
1,455793,-2.6367,39.6,29.06,-62.0,10,0.0,1
1,456519,-2.6367,39.6,29.06,-62.0,10,0.0,1
1,457245,-3.1776,39.6,29.06,-62.0,10,0.0,1
1,457971,-2.3663,39.6,29.06,-68.5,10,0.0,1
1,458697,-2.2311,39.6,29.06,-62.0,10,0.0,1
1,459423,-1.8930,40.6,29.07,-68.5,10,0.0,1
1,460149,-2.4564,39.6,29.06,-62.5,10,0.0,1
1,460875,-1.8029,39.6,29.06,-68.0,10,0.0,1
1,461601,-2.8846,39.6,29.07,-62.0,10,0.0,1
1,462327,-2.1635,39.6,29.06,-62.5,10,0.0,1
1,463053,-3.0649,38.6,29.06,-62.5,10,0.0,1
1,463779,-2.9072,38.6,29.07,-62.5,10,0.0,1
1,464505,-2.9072,38.6,29.07,-62.5,10,0.0,1
1,465231,-1.9156,39.6,29.06,-68.5,10,0.0,1
1,465957,-2.4564,38.6,29.07,-62.5,10,0.0,1
1,466683,-2.8395,39.6,29.06,-62.5,10,0.0,1
1,467409,-2.3663,39.6,29.06,-62.5,10,0.0,1
1,468135,-1.6677,39.6,29.07,-62.5,10,0.0,1
1,468861,-3.2452,39.6,29.07,-62.5,10,0.0,1
1,469587,-3.2903,39.6,29.07,-62.5,10,0.0,1
1,470313,-3.1325,40.6,29.06,-62.5,10,0.0,1
1,471039,-2.6367,39.6,29.06,-62.5,10,0.0,1
1,471765,-2.5466,39.6,29.06,-62.5,10,0.0,1
1,472491,-2.5466,39.6,29.06,-62.5,10,0.0,1
1,473217,-2.8170,39.6,29.06,-62.0,10,0.0,1
1,473943,-2.2987,39.6,29.07,-62.5,10,0.0,1
1,474669,-2.7269,40.6,29.07,-62.5,10,0.0,1
1,475395,-2.2761,39.6,29.06,-62.0,10,0.0,1
1,476121,-2.5916,39.6,29.07,-68.5,10,0.0,1
1,476847,-2.0508,40.6,29.07,-62.5,10,0.0,1
1,477573,-2.8621,39.6,29.06,-68.5,10,0.0,1
1,478299,-3.3804,39.6,29.06,-62.5,10,0.0,1
1,479025,-2.3437,40.6,29.06,-62.0,10,0.0,1
1,479751,-2.9522,39.6,29.06,-62.0,10,0.0,1
1,480477,-2.9522,39.6,29.07,-62.0,10,0.0,1
1,481203,-2.5916,40.6,29.06,-62.5,10,0.0,1
1,481929,-3.0198,40.6,29.07,-62.5,10,0.0,1
1,482655,-1.8480,39.6,29.07,-68.5,10,0.0,1
1,483381,-3.3804,40.6,29.07,-62.0,10,0.0,1
1,484107,-1.9381,39.6,29.07,-68.5,10,0.0,1
1,484833,-3.0649,39.6,29.07,-62.5,10,0.0,1
1,485559,-2.3663,39.6,29.06,-68.5,10,0.0,1
1,486285,-2.3212,39.6,29.07,-68.0,10,0.0,1
1,487011,-3.0874,39.6,29.07,-62.5,10,0.0,1
1,487737,-1.8029,38.6,29.06,-62.0,10,0.0,1
1,488463,-1.9606,39.6,29.07,-62.0,10,0.0,1
1,489189,-1.6226,39.6,29.07,-68.5,10,0.0,1
1,489915,-2.5916,39.6,29.07,-68.0,10,0.0,1
1,490641,-3.0874,39.6,29.07,-68.5,10,0.0,1
1,491367,-2.3212,39.6,29.07,-62.5,10,0.0,1
1,492093,-3.3128,39.6,29.07,-62.5,10,0.0,1
1,492819,-3.1100,39.6,29.07,-62.5,10,0.0,1
2,493545,-1.5325,38.6,29.07,-62.5,10,0.0,1
2,494271,-2.7719,39.6,29.07,-68.5,10,0.0,1
2,494997,-3.0649,39.6,29.07,-62.5,10,0.0,1
2,495723,-3.2227,39.6,29.07,-62.5,10,0.0,1
2,496449,-1.8930,39.6,29.07,-62.5,10,0.0,1
2,497175,-2.2987,40.6,29.07,-62.5,10,0.0,1
2,497901,-1.8029,39.6,29.07,-62.5,10,0.0,1
2,498627,-2.6142,40.6,29.07,-62.5,10,0.0,1
2,499353,-2.2761,39.6,29.07,-68.5,10,0.0,1
2,500079,-2.4339,39.6,29.07,-62.0,10,0.0,1
2,500805,-2.5691,40.6,29.07,-68.5,10,0.0,1
2,501531,-2.2085,40.6,29.07,-68.5,10,0.0,1
2,502257,-2.2085,40.6,29.07,-68.5,10,0.0,1
2,502983,-2.6593,40.6,29.07,-62.5,10,0.0,1
2,503709,-2.0959,40.6,29.07,-68.5,10,0.0,1
2,504435,-1.3296,40.6,29.07,-62.0,10,0.0,1
2,505161,-2.0959,40.6,29.07,-62.0,10,0.0,1
2,505887,-2.9297,39.6,29.07,-62.5,10,0.0,1
2,506613,-3.0874,39.6,29.07,-68.5,10,0.0,1
2,507339,-2.5691,39.6,29.07,-62.5,10,0.0,1
2,508065,-1.7578,39.6,29.07,-68.5,10,0.0,1
2,508791,-2.7269,40.6,29.07,-62.0,10,0.0,1
2,509517,-2.7043,40.6,29.07,-62.5,10,0.0,1
2,510243,-2.7043,39.6,29.07,-62.5,10,0.0,1
2,510969,-3.2227,39.6,29.07,-68.5,10,0.0,1
2,511695,-2.4114,39.6,29.08,-62.5,10,0.0,1
2,512421,-2.6142,39.6,29.07,-68.5,10,0.0,1
2,513147,-2.4114,39.6,29.07,-62.5,10,0.0,1
2,513873,-2.9297,40.6,29.08,-62.5,10,0.0,1
2,514599,-2.5240,40.6,29.07,-62.5,10,0.0,1
2,515325,-2.6818,39.6,29.07,-62.5,10,0.0,1
2,516051,-2.1860,39.6,29.08,-62.5,10,0.0,1
2,516777,-1.6451,39.6,29.07,-68.0,10,0.0,1
2,517503,-1.6677,39.6,29.07,-62.5,10,0.0,1
2,518229,-1.6677,39.6,29.08,-62.5,10,0.0,1
2,518955,-2.7494,39.6,29.07,-62.0,10,0.0,1
2,519681,-3.2677,39.6,29.07,-62.5,10,0.0,1
2,520407,-2.3663,39.6,29.07,-62.0,10,0.0,1
2,521133,-2.9072,39.6,29.08,-62.0,10,0.0,1
2,521859,-2.5015,40.6,29.07,-68.5,10,0.0,1
2,522585,-2.6593,39.6,29.07,-62.5,10,0.0,1
2,523311,-2.4339,39.6,29.07,-68.0,10,0.0,1
2,524037,-2.4114,39.6,29.07,-62.0,10,0.0,1
2,524763,-3.1550,38.6,29.07,-62.0,10,0.0,1
2,525489,-2.2987,39.6,29.07,-62.0,10,0.0,1
2,526215,-2.2987,39.6,29.07,-62.0,10,0.0,1
2,526941,-2.3888,39.6,29.07,-62.5,10,0.0,1
2,527667,-2.0959,39.6,29.08,-62.5,10,0.0,1
2,528393,-2.5916,39.6,29.07,-62.5,10,0.0,1
2,529119,-2.9522,38.6,29.07,-62.5,10,0.0,1
2,529845,-2.2311,38.6,29.08,-68.0,10,0.0,1
2,530571,-3.2903,38.6,29.07,-62.0,10,0.0,1
2,531297,-2.1184,39.6,29.07,-62.0,10,0.0,1
2,532023,-2.2536,39.6,29.08,-62.0,10,0.0,1
2,532749,-2.7269,39.6,29.08,-62.5,10,0.0,1
2,533475,-1.6451,39.6,29.08,-62.5,10,0.0,1
2,534201,-1.6451,39.6,29.08,-62.5,10,0.0,1
2,534927,-2.7719,40.6,29.08,-68.5,10,0.0,1
2,535653,-3.4480,40.6,29.07,-68.5,10,0.0,1
2,536379,-3.0874,40.6,29.08,-62.5,10,0.0,1
2,537105,-2.7043,40.6,29.08,-63.0,10,0.0,1
2,537831,-3.4255,39.6,29.07,-62.5,10,0.0,1
2,538557,-3.1325,39.6,29.08,-62.5,10,0.0,1
2,539283,-2.7269,39.6,29.08,-62.5,10,0.0,1
2,540009,-1.9381,39.6,29.08,-62.5,10,0.0,1
2,540735,-1.5099,40.6,29.08,-62.5,10,0.0,1
2,541461,-1.7803,40.6,29.08,-62.5,10,0.0,1
2,542187,-1.7353,40.6,29.08,-68.0,10,0.0,1
2,542913,-3.3353,40.6,29.08,-62.0,10,0.0,1
2,543639,-2.5015,40.6,29.08,-62.5,10,0.0,1
2,544365,-2.9297,39.6,29.08,-62.0,10,0.0,1
2,545091,-2.2085,39.6,29.08,-68.0,10,0.0,1
2,545817,-2.9522,39.6,29.08,-62.5,10,0.0,1
2,546543,-2.4790,39.6,29.08,-62.5,10,0.0,1
2,547269,-3.5382,39.6,29.08,-68.0,10,0.0,1
2,547995,-4.5297,39.6,29.08,-62.5,10,0.0,1
2,548721,-3.6058,38.6,29.08,-62.5,10,0.0,1
2,549447,-3.0424,38.6,29.07,-62.5,10,0.0,1
2,550173,-2.0282,39.6,29.08,-62.5,10,0.0,1
2,550899,-2.2085,40.6,29.08,-62.5,10,0.0,1
2,551625,-2.5240,40.6,29.08,-62.5,10,0.0,1
2,552351,-1.9606,40.6,29.08,-62.5,10,0.0,1
2,553077,-2.4564,40.6,29.08,-62.5,10,0.0,1
2,553803,-1.8930,39.6,29.07,-62.0,10,0.0,1
2,554529,-2.2536,40.6,29.07,-62.0,10,0.0,1
2,555255,-3.0874,40.6,29.07,-68.0,10,0.0,1
2,555981,-3.0874,39.6,29.08,-68.0,10,0.0,1
2,556707,-1.5775,39.6,29.08,-68.0,10,0.0,1
2,557433,-1.6226,39.6,29.08,-62.5,10,0.0,1
2,558159,-1.6677,39.6,29.08,-62.5,10,0.0,1
2,558885,-2.0959,39.6,29.08,-62.5,10,0.0,1
2,559611,-1.8480,39.6,29.08,-62.0,10,0.0,1
2,560337,-3.6058,39.6,29.08,-62.5,10,0.0,1
2,561063,-1.7578,39.6,29.08,-68.5,10,0.0,1
2,561789,-3.0874,39.6,29.08,-62.5,10,0.0,1
2,562515,-3.3128,39.6,29.08,-62.0,10,0.0,1
2,563241,-2.6818,39.6,29.08,-68.0,10,0.0,1
2,563967,-2.6818,40.6,29.08,-68.0,10,0.0,1
2,564693,-1.3747,39.6,29.08,-68.5,10,0.0,1
2,565419,-2.0508,39.6,29.08,-62.5,10,0.0,1
2,566145,-2.3663,39.6,29.08,-62.5,10,0.0,1
2,566871,-3.2677,39.6,29.07,-62.5,10,0.0,1
2,567597,-1.5550,40.6,29.08,-62.0,10,0.0,1
2,568323,-3.0424,39.6,29.08,-62.5,10,0.0,1
2,569049,-1.8705,39.6,29.08,-62.5,10,0.0,1
2,569775,-3.3353,39.6,29.07,-62.0,10,0.0,1
2,570501,-3.0649,39.6,29.08,-62.0,10,0.0,1
2,571227,-2.2311,40.6,29.08,-62.5,10,0.0,1
2,571953,-2.2311,39.6,29.08,-62.5,10,0.0,1
2,572679,-2.9297,39.6,29.08,-62.0,10,0.0,1
2,573405,-1.0592,39.6,29.08,-62.5,10,0.0,1
2,574131,-1.8930,39.6,29.08,-62.5,10,0.0,1
2,574857,-3.2227,38.6,29.08,-62.0,10,0.0,1
2,575583,-2.9072,39.6,29.08,-62.5,10,0.0,1
2,576309,-2.2536,39.6,29.08,-68.0,10,0.0,1
2,577035,-2.4790,39.6,29.08,-62.0,10,0.0,1
2,577761,-2.3212,40.6,29.08,-68.5,10,0.0,1
2,578487,-2.2761,40.6,29.08,-68.0,10,0.0,1
2,579213,-2.6367,40.6,29.08,-62.5,10,0.0,1
2,579939,-2.6367,39.6,29.08,-62.5,10,0.0,1
2,580665,-2.0508,40.6,29.08,-62.5,10,0.0,1
2,581391,-3.3804,39.6,29.08,-62.5,10,0.0,1
2,582117,-2.3663,39.6,29.09,-62.0,10,0.0,1
2,582843,-2.5691,39.6,29.08,-68.5,10,0.0,1
2,583569,-2.4114,39.6,29.08,-62.5,10,0.0,1
2,584295,-1.4874,39.6,29.08,-68.0,10,0.0,1
2,585021,-3.1776,39.6,29.08,-62.5,10,0.0,1
2,585747,-1.6451,38.6,29.08,-68.0,10,0.0,1
2,586473,-2.0508,39.6,29.08,-62.0,10,0.0,1
2,587199,-3.3128,39.6,29.08,-62.0,10,0.0,1
2,587925,-3.3128,39.6,29.08,-62.0,10,0.0,1
2,588651,-2.4564,39.6,29.08,-68.0,10,0.0,1
2,589377,-2.9297,39.6,29.08,-62.5,10,0.0,1
2,590103,-2.4790,39.6,29.08,-68.5,10,0.0,1
2,590829,-3.0424,39.6,29.08,-62.0,10,0.0,1
2,591555,-2.2085,39.6,29.08,-62.5,10,0.0,1
2,592281,-1.8930,39.6,29.09,-62.5,10,0.0,1
2,593007,-1.6677,39.6,29.08,-68.0,10,0.0,1
2,593733,-3.2227,39.6,29.08,-62.5,10,0.0,1
2,594459,-2.5691,39.6,29.08,-68.5,10,0.0,1
2,595185,-2.7269,39.6,29.08,-62.5,10,0.0,1
2,595911,-2.4339,39.6,29.08,-62.0,10,0.0,1
2,596637,-2.3888,39.6,29.08,-62.5,10,0.0,1
2,597363,-2.8395,39.6,29.09,-62.0,10,0.0,1
2,598089,-2.1409,40.6,29.08,-68.0,10,0.0,1
2,598815,-2.2987,39.6,29.09,-68.5,10,0.0,1
2,599541,-2.5240,39.6,29.09,-62.5,10,0.0,1
2,600267,-2.4114,39.6,29.09,-68.0,10,0.0,1
2,600993,-3.3353,40.6,29.08,-62.0,10,0.0,1
2,601719,-2.2761,40.6,29.09,-62.5,10,0.0,1
2,602445,-3.6734,40.6,29.09,-62.0,10,0.0,1
2,603171,-3.4255,39.6,29.09,-68.5,10,0.0,1
2,603897,-2.6142,39.6,29.09,-62.5,10,0.0,1
2,604623,-2.4339,39.6,29.09,-68.5,10,0.0,1
2,605349,-2.2311,39.6,29.09,-62.5,10,0.0,1
2,606075,-2.2311,39.6,29.09,-68.0,10,0.0,1
2,606801,-2.8170,40.6,29.09,-68.0,10,0.0,1
2,607527,-1.3972,39.6,29.09,-68.0,10,0.0,1
2,608253,-1.7127,39.6,29.09,-62.5,10,0.0,1
2,608979,-3.2677,39.6,29.08,-68.5,10,0.0,1
2,609705,-3.2677,39.6,29.08,-68.5,10,0.0,1
2,610431,-3.3128,39.6,29.09,-62.5,10,0.0,1
2,611157,-2.0733,39.6,29.08,-62.5,10,0.0,1
2,611883,-1.9381,39.6,29.09,-62.5,10,0.0,1
2,612609,-2.2987,39.6,29.09,-68.0,10,0.0,1
2,613335,-2.3212,39.6,29.08,-62.5,10,0.0,1
2,614061,-2.3437,40.6,29.09,-68.5,10,0.0,1
2,614787,-2.0733,40.6,29.08,-62.5,10,0.0,1
2,615513,-1.9606,39.6,29.09,-68.0,10,0.0,1
2,616239,-2.3212,40.6,29.09,-62.0,10,0.0,1
2,616965,-1.9381,39.6,29.09,-62.5,10,0.0,1
2,617691,-1.9381,39.6,29.09,-62.5,10,0.0,1
2,618417,-2.5691,39.6,29.10,-62.5,10,0.0,1
2,619143,-2.2085,40.6,29.09,-68.0,10,0.0,1
2,619869,-1.8705,40.6,29.09,-68.0,10,0.0,1
2,620595,-2.3437,39.6,29.09,-68.5,10,0.0,1
2,621321,-2.4339,39.6,29.09,-62.0,10,0.0,1
2,622047,-2.8846,39.6,29.09,-62.5,10,0.0,1
2,622773,-1.7127,39.6,29.09,-68.0,10,0.0,1
2,623499,-2.3888,39.6,29.09,-62.5,10,0.0,1
2,624225,-3.0649,39.6,29.09,-68.5,10,0.0,1
2,624951,-2.7043,39.6,29.09,-62.5,10,0.0,1
2,625677,-2.7043,39.6,29.09,-62.5,10,0.0,1
2,626403,-2.6593,39.6,29.09,-68.0,10,0.0,1
2,627129,-2.2761,39.6,29.09,-62.5,10,0.0,1
2,627855,-3.6508,39.6,29.09,-62.0,10,0.0,1
2,628581,-3.2677,40.6,29.09,-68.0,10,0.0,1
2,629307,-1.9381,39.6,29.09,-68.0,10,0.0,1
2,630033,-2.8846,40.6,29.09,-68.5,10,0.0,1
2,630759,-2.2761,39.6,29.09,-62.5,10,0.0,1
2,631485,-2.5466,39.6,29.09,-62.5,10,0.0,1
2,632211,-1.5775,39.6,29.10,-62.5,10,0.0,1
2,632937,-1.3296,39.6,29.09,-62.5,10,0.0,1
2,633663,-1.3296,40.6,29.09,-62.5,10,0.0,1
2,634389,-2.5015,39.6,29.09,-62.5,10,0.0,1
2,635115,-2.6142,39.6,29.10,-62.5,10,0.0,1
2,635841,-1.9381,39.6,29.10,-62.5,10,0.0,1
2,636567,-1.4874,38.6,29.10,-62.5,10,0.0,1
2,637293,-1.4648,39.6,29.10,-62.5,10,0.0,1
2,638019,-2.0959,39.6,29.10,-62.5,10,0.0,1
2,638745,-2.0733,38.6,29.10,-62.5,10,0.0,1
2,639471,-3.1550,39.6,29.10,-68.0,10,0.0,1
2,640197,-3.2001,38.6,29.10,-62.0,10,0.0,1
2,640923,-3.6058,39.6,29.10,-62.5,10,0.0,1
2,641649,-3.6058,39.6,29.10,-62.5,10,0.0,1
2,642375,-2.3437,39.6,29.09,-62.5,10,0.0,1
2,643101,-1.8029,39.6,29.10,-62.5,10,0.0,1
2,643827,-2.8846,39.6,29.10,-62.5,10,0.0,1
2,644553,-2.2311,39.6,29.10,-62.5,10,0.0,1
2,645279,-2.8395,39.6,29.10,-62.5,10,0.0,1
2,646005,-2.3212,39.6,29.10,-68.0,10,0.0,1
2,646731,-2.7719,40.6,29.10,-62.5,10,0.0,1
2,647457,-2.2536,40.6,29.10,-62.5,10,0.0,1
2,648183,-2.4564,40.6,29.10,-68.5,10,0.0,1
2,648909,-2.2987,39.6,29.09,-62.5,10,0.0,1
2,649635,-2.2987,40.6,29.10,-62.5,10,0.0,1
2,650361,-2.1860,39.6,29.10,-68.5,10,0.0,1
2,651087,-2.4790,40.6,29.10,-62.0,10,0.0,1
2,651813,-2.1635,40.6,29.10,-68.0,10,0.0,1
2,652539,-1.5550,40.6,29.10,-68.5,10,0.0,1
2,653265,-1.9832,40.6,29.10,-62.5,10,0.0,1
2,653991,-2.4114,40.6,29.10,-62.0,10,0.0,1
2,654717,-3.4255,40.6,29.10,-68.0,10,0.0,1
2,655443,-2.2085,39.6,29.10,-62.0,10,0.0,1
2,656169,-2.3437,39.6,29.10,-68.5,10,0.0,1
2,656895,-2.3663,39.6,29.10,-68.5,10,0.0,1
2,657621,-3.4931,39.6,29.10,-62.5,10,0.0,1
2,658347,-1.5550,40.6,29.10,-68.5,10,0.0,1
2,659073,-2.3212,39.6,29.10,-62.5,10,0.0,1
2,659799,-2.0057,38.6,29.10,-62.0,10,0.0,1
2,660525,-3.1776,39.6,29.10,-68.5,10,0.0,1
2,661251,-2.9522,39.6,29.10,-62.5,10,0.0,1
2,661977,-2.7719,39.6,29.10,-62.5,10,0.0,1
2,662703,-2.3437,39.6,29.10,-62.5,10,0.0,1
2,663429,-45.3876,39.6,29.10,-62.5,10,0.0,0
2,664155,-2.2761,39.6,29.10,-62.5,10,0.0,1
2,664881,-2.3212,40.6,29.10,-62.5,10,0.0,1
2,665607,-1.8029,39.6,29.10,-68.5,10,0.0,1
2,666333,-2.9072,40.6,29.10,-62.5,10,0.0,1
2,667059,-2.8846,40.6,29.10,-62.0,10,0.0,1
2,667785,-2.0057,39.6,29.10,-62.0,10,0.0,1
2,668511,-2.8170,40.6,29.10,-62.5,10,0.0,1
2,669237,-3.2001,40.6,29.10,-62.5,10,0.0,1
2,669963,-2.0057,40.6,29.10,-62.5,10,0.0,1
2,670689,-2.9297,40.6,29.11,-62.5,10,0.0,1
2,671415,-2.9297,40.6,29.11,-62.5,10,0.0,1
2,672141,-2.9522,40.6,29.11,-62.5,10,0.0,1
2,672867,-2.3437,39.6,29.11,-62.0,10,0.0,1
2,673593,-1.5099,39.6,29.11,-62.0,10,0.0,1
2,674319,-2.3437,39.6,29.10,-62.5,10,0.0,1
2,675045,-2.2987,40.6,29.10,-62.5,10,0.0,1
2,675771,-2.5015,40.6,29.10,-62.0,10,0.0,1
2,676497,-2.5466,40.6,29.10,-62.0,10,0.0,1
2,677223,-3.4255,40.6,29.10,-62.5,10,0.0,1
2,677949,-1.9156,39.6,29.10,-62.5,10,0.0,1
2,678675,-2.8846,39.6,29.11,-68.0,10,0.0,1
2,679401,-2.8846,40.6,29.10,-68.0,10,0.0,1
2,680127,-2.6367,39.6,29.11,-68.0,10,0.0,1
2,680853,-2.2311,39.6,29.10,-62.5,10,0.0,1
2,681579,-2.7494,39.6,29.10,-62.5,10,0.0,1
2,682305,-3.0874,39.6,29.10,-62.5,10,0.0,1
2,683031,-3.6959,39.6,29.10,-62.5,10,0.0,1
2,683757,-2.2987,40.6,29.10,-68.5,10,0.0,1
2,684483,-2.0959,39.6,29.10,-62.5,10,0.0,1
2,685209,-2.0057,39.6,29.10,-62.5,10,0.0,1
2,685935,-3.0198,39.6,29.10,-62.5,10,0.0,1
2,686661,-2.1409,39.6,29.11,-68.0,10,0.0,1
2,687387,-2.1409,39.6,29.11,-68.0,10,0.0,1
2,688113,-3.3804,39.6,29.10,-62.0,10,0.0,1
2,688839,-3.4706,39.6,29.11,-68.5,10,0.0,1
2,689565,-2.2536,39.6,29.11,-68.0,10,0.0,1
2,690291,-2.9748,39.6,29.10,-62.0,10,0.0,1
2,691017,-2.0282,39.6,29.10,-62.5,10,0.0,1
2,691743,-2.5466,39.6,29.10,-62.0,10,0.0,1
2,692469,-2.3212,39.6,29.11,-68.5,10,0.0,1
2,693195,-3.0424,39.6,29.10,-62.5,10,0.0,1
2,693921,-2.2536,39.6,29.10,-62.5,10,0.0,1
2,694647,-2.5916,39.6,29.11,-62.5,10,0.0,1
2,695373,-2.5916,39.6,29.10,-62.5,10,0.0,1
2,696099,-2.9522,39.6,29.11,-68.5,10,0.0,1
2,696825,-3.3128,39.6,29.11,-62.5,10,0.0,1
2,697551,-3.2677,40.6,29.11,-62.5,10,0.0,1
2,698277,-2.3888,40.6,29.10,-62.5,10,0.0,1
2,699003,-2.9297,40.6,29.11,-62.0,10,0.0,1
2,699729,-2.9522,39.6,29.11,-62.5,10,0.0,1
2,700455,-2.4339,40.6,29.11,-62.5,10,0.0,1
2,701181,-2.3663,39.6,29.11,-62.5,10,0.0,1
2,701907,-3.2677,38.6,29.11,-68.0,10,0.0,1
2,702633,-2.4114,39.6,29.11,-62.5,10,0.0,1
2,703359,-2.4114,39.6,29.11,-62.5,10,0.0,1
2,704085,-2.2085,39.6,29.10,-62.5,10,0.0,1
2,704811,-2.5015,40.6,29.11,-62.5,10,0.0,1
2,705537,-2.4339,40.6,29.11,-62.5,10,0.0,1
2,706263,-2.8846,39.6,29.11,-62.5,10,0.0,1
2,706989,-3.0424,39.6,29.11,-62.5,10,0.0,1
2,707715,-2.6142,39.6,29.11,-62.5,10,0.0,1
2,708441,-2.5466,40.6,29.11,-62.5,10,0.0,1
2,709167,-1.8254,40.6,29.11,-62.0,10,0.0,1
2,709893,-1.7353,40.6,29.11,-68.5,10,0.0,1
2,710619,-1.8705,40.6,29.11,-68.5,10,0.0,1
2,711345,-1.4874,40.6,29.11,-68.5,10,0.0,1
2,712071,-3.2452,39.6,29.11,-62.0,10,0.0,1
2,712797,-2.0508,39.6,29.11,-62.0,10,0.0,1
2,713523,-2.2311,40.6,29.11,-62.0,10,0.0,1
2,714249,-3.2677,39.6,29.11,-62.5,10,0.0,1
2,714975,-1.6677,40.6,29.11,-62.5,10,0.0,1
2,715701,-3.0649,39.6,29.11,-62.0,10,0.0,1
2,716427,-1.9832,39.6,29.11,-62.5,10,0.0,1
2,717153,-3.2001,39.6,29.11,-68.0,10,0.0,1
2,717879,-2.0057,39.6,29.11,-62.5,10,0.0,1
2,718605,-2.8395,39.6,29.11,-62.5,10,0.0,1
2,719331,-2.4339,39.6,29.11,-62.0,10,0.0,1
2,720057,-3.5607,39.6,29.11,-62.0,10,0.0,1
2,720783,-1.5550,39.6,29.11,-62.5,10,0.0,1
2,721509,-3.1325,39.6,29.11,-62.5,10,0.0,1
2,722235,-2.9748,39.6,29.11,-62.5,10,0.0,1
2,722961,-2.0959,39.6,29.11,-62.5,10,0.0,1
2,723687,-2.2761,39.6,29.11,-62.0,10,0.0,1
2,724413,-2.6142,39.6,29.11,-62.5,10,0.0,1
2,725139,-2.6142,39.6,29.11,-62.5,10,0.0,1
2,725865,-1.9156,39.6,29.11,-68.5,10,0.0,1
2,726591,-2.2987,40.6,29.11,-62.5,10,0.0,1
2,727317,-3.0874,40.6,29.10,-62.5,10,0.0,1
2,728043,-1.6226,40.6,29.11,-62.5,10,0.0,1
2,728769,-3.0649,40.6,29.11,-62.0,10,0.0,1
2,729495,-2.2761,39.6,29.11,-62.5,10,0.0,1
2,730221,-1.5099,39.6,29.11,-62.5,10,0.0,1
2,730947,-2.2085,39.6,29.11,-62.5,10,0.0,1
2,731673,-2.8395,39.6,29.11,-62.0,10,0.0,1
2,732399,-2.1184,39.6,29.12,-62.5,10,0.0,1
2,733125,-2.1184,39.6,29.11,-62.5,10,0.0,1
2,733851,-2.1409,39.6,29.11,-62.0,10,0.0,1
2,734577,-1.7353,39.6,29.11,-62.5,10,0.0,1
2,735303,-2.0508,39.6,29.11,-62.5,10,0.0,1
2,736029,-1.7353,39.6,29.11,-68.0,10,0.0,1
2,736755,-2.3212,39.6,29.11,-62.5,10,0.0,1
2,737481,-2.0959,39.6,29.11,-62.5,10,0.0,1
2,738207,-2.2311,39.6,29.11,-68.0,10,0.0,1
2,738933,-1.6677,40.6,29.11,-68.5,10,0.0,1
2,739659,-2.9522,39.6,29.12,-62.5,10,0.0,1
2,740385,-2.5691,39.6,29.12,-62.0,10,0.0,1
2,741111,-2.5691,39.6,29.12,-62.0,10,0.0,1
2,741837,-3.5156,39.6,29.11,-68.5,10,0.0,1
2,742563,-1.4423,39.6,29.12,-68.5,10,0.0,1
2,743289,-1.7127,39.6,29.12,-68.5,10,0.0,1
2,744015,-1.8705,39.6,29.12,-68.5,10,0.0,1
2,744741,-1.5775,39.6,29.12,-62.5,10,0.0,1
2,745467,-1.7353,39.6,29.12,-68.0,10,0.0,1
2,746193,-3.5382,39.6,29.12,-68.5,10,0.0,1
2,746919,-3.2452,40.6,29.12,-62.5,10,0.0,1
2,747645,-2.2311,39.6,29.12,-68.5,10,0.0,1
2,748371,-2.4339,39.6,29.12,-68.0,10,0.0,1
2,749097,-2.4339,39.6,29.11,-68.0,10,0.0,1
2,749823,-2.3212,39.6,29.12,-62.5,10,0.0,1
2,750549,-3.0874,39.6,29.12,-62.5,10,0.0,1
2,751275,-1.4648,39.6,29.12,-68.0,10,0.0,1
2,752001,-2.6593,39.6,29.12,-62.5,10,0.0,1
2,752727,-2.7494,39.6,29.12,-68.0,10,0.0,1
2,753453,-2.8395,38.6,29.12,-62.5,10,0.0,1
2,754179,-3.1776,38.6,29.12,-62.0,10,0.0,1
2,754905,-2.6593,38.6,29.12,-68.5,10,0.0,1
2,755631,-3.2001,39.6,29.12,-62.5,10,0.0,1
2,756357,-2.4564,38.6,29.12,-68.0,10,0.0,1
2,757083,-2.4564,39.6,29.12,-68.0,10,0.0,1
2,757809,-3.3128,39.6,29.12,-62.5,10,0.0,1
2,758535,-3.0424,39.6,29.12,-68.0,10,0.0,1
2,759261,-2.3888,38.6,29.12,-62.5,10,0.0,1
2,759987,-2.9072,38.6,29.12,-62.0,10,0.0,1
2,760713,-2.4790,38.6,29.12,-68.5,10,0.0,1
2,761439,-2.7945,39.6,29.12,-62.0,10,0.0,1
2,762165,-2.9748,39.6,29.12,-68.5,10,0.0,1
2,762891,-2.4339,39.6,29.13,-62.5,10,0.0,1
2,763617,-2.3888,39.6,29.12,-62.5,10,0.0,1
2,764343,-2.8846,40.6,29.12,-62.5,10,0.0,1
2,765069,-1.8930,40.6,29.12,-62.0,10,0.0,1
2,765795,-3.2903,40.6,29.12,-68.0,10,0.0,1
2,766521,-1.5550,40.6,29.12,-62.5,10,0.0,1
2,767247,-1.8029,39.6,29.12,-68.5,10,0.0,1
2,767973,-2.8170,40.6,29.13,-62.0,10,0.0,1
2,768699,-3.2677,40.6,29.13,-68.0,10,0.0,1
2,769425,-2.1635,40.6,29.12,-62.5,10,0.0,1
2,770151,-2.1635,40.6,29.13,-68.0,10,0.0,1
2,770877,-3.3579,40.6,29.12,-62.5,10,0.0,1
2,771603,-2.7269,40.6,29.12,-62.5,10,0.0,1
2,772329,-1.7803,40.6,29.12,-62.5,10,0.0,1
2,773055,-2.0733,39.6,29.12,-62.5,10,0.0,1
2,773781,-2.3888,38.6,29.12,-62.5,10,0.0,1
2,774507,-2.5240,39.6,29.12,-62.5,10,0.0,1
2,775233,-2.6593,39.6,29.12,-68.0,10,0.0,1
2,775959,-3.0424,39.6,29.12,-62.5,10,0.0,1
2,776685,-3.2001,39.6,29.13,-62.5,10,0.0,1
2,777411,-2.2536,39.6,29.13,-63.0,10,0.0,1
2,778137,-1.7127,39.6,29.12,-62.5,10,0.0,1
2,778863,-1.7127,39.6,29.13,-62.5,10,0.0,1
2,779589,-1.7353,39.6,29.12,-62.5,10,0.0,1
2,780315,-2.2761,39.6,29.13,-68.5,10,0.0,1
2,781041,-2.9748,39.6,29.12,-62.5,10,0.0,1
2,781767,-2.3663,40.6,29.12,-62.5,10,0.0,1
2,782493,-3.2452,39.6,29.12,-62.0,10,0.0,1
2,783219,-2.5691,39.6,29.13,-68.0,10,0.0,1
2,783945,-2.9522,39.6,29.12,-62.5,10,0.0,1
2,784671,-2.3437,39.6,29.12,-68.5,10,0.0,1
2,785397,-2.7269,39.6,29.13,-62.0,10,0.0,1
2,786123,-2.6818,39.6,29.12,-62.5,10,0.0,1
2,786849,-2.6818,39.6,29.12,-62.5,10,0.0,1
2,787575,-2.7043,39.6,29.13,-62.5,10,0.0,1
2,788301,-1.7353,39.6,29.13,-68.0,10,0.0,1
2,789027,-2.2085,39.6,29.13,-62.0,10,0.0,1
2,789753,-3.1325,39.6,29.13,-62.5,10,0.0,1
2,790479,-2.1409,40.6,29.13,-68.0,10,0.0,1
2,791205,-2.3663,39.6,29.13,-62.5,10,0.0,1
2,791931,-1.7578,40.6,29.13,-62.5,10,0.0,1
2,792657,-2.9522,40.6,29.13,-62.5,10,0.0,1
2,793383,-3.0424,39.6,29.13,-62.0,10,0.0,1
2,794109,-3.3353,40.6,29.13,-68.5,10,0.0,1
2,794835,-3.3353,40.6,29.13,-68.5,10,0.0,1
2,795561,-2.2536,40.6,29.13,-68.5,10,0.0,1
2,796287,-2.5691,39.6,29.13,-62.0,10,0.0,1
2,797013,-3.1776,40.6,29.13,-62.0,10,0.0,1
2,797739,-3.2677,40.6,29.13,-62.0,10,0.0,1
2,798465,-2.2987,40.6,29.12,-68.5,10,0.0,1
2,799191,-1.6902,39.6,29.13,-62.5,10,0.0,1
2,799917,-1.8705,39.6,29.13,-68.0,10,0.0,1
2,800643,-1.8254,39.6,29.13,-62.5,10,0.0,1
2,801369,-2.2536,39.6,29.13,-62.5,10,0.0,1
2,802095,-2.2536,39.6,29.12,-68.5,10,0.0,1
2,802821,-2.2536,39.6,29.13,-68.5,10,0.0,1
2,803547,-2.2761,39.6,29.13,-62.5,10,0.0,1
2,804273,-1.6451,38.6,29.13,-62.5,10,0.0,1
2,804999,-3.2903,39.6,29.13,-62.5,10,0.0,1
2,805725,-2.2536,39.6,29.13,-62.5,10,0.0,1
2,806451,-1.8705,39.6,29.13,-62.5,10,0.0,1
2,807177,-2.3212,39.6,29.13,-62.0,10,0.0,1
2,807903,-3.0649,39.6,29.14,-62.5,10,0.0,1
2,808629,-2.0057,39.6,29.13,-68.0,10,0.0,1
2,809355,-2.7945,39.6,29.13,-63.0,10,0.0,1
2,810081,-3.1325,39.6,29.13,-62.5,10,0.0,1
2,810807,-3.1325,39.6,29.14,-62.5,10,0.0,1
2,811533,-3.0874,39.6,29.13,-68.5,10,0.0,1
2,812259,-1.8705,40.6,29.14,-68.5,10,0.0,1
2,812985,-1.8029,39.6,29.14,-67.5,10,0.0,1
2,813711,-2.2987,39.6,29.14,-62.5,10,0.0,1
2,814437,-1.5099,39.6,29.13,-62.5,10,0.0,1
2,815163,-2.7945,39.6,29.13,-68.0,10,0.0,1
2,815889,-2.7043,39.6,29.14,-62.5,10,0.0,1
2,816615,-2.6818,39.6,29.13,-62.5,10,0.0,1
2,817341,-2.6818,40.6,29.14,-62.5,10,0.0,1
2,818067,-2.0282,40.6,29.14,-62.5,10,0.0,1
2,818793,-2.1635,39.6,29.13,-68.0,10,0.0,1
2,819519,-2.3888,39.6,29.13,-62.5,10,0.0,1
2,820245,-2.6142,39.6,29.13,-68.0,10,0.0,1
2,820971,-2.2536,39.6,29.13,-68.0,10,0.0,1
2,821697,-2.5466,39.6,29.13,-62.5,10,0.0,1
2,822423,-1.9156,39.6,29.13,-62.5,10,0.0,1
2,823149,-3.1325,39.6,29.13,-68.5,10,0.0,1
2,823875,-2.4564,40.6,29.13,-62.5,10,0.0,1
2,824601,-2.5466,40.6,29.13,-62.0,10,0.0,1
2,825327,-2.8846,40.6,29.13,-62.5,10,0.0,1
2,826053,-1.9832,39.6,29.13,-68.5,10,0.0,1
2,826779,-2.6818,40.6,29.13,-62.0,10,0.0,1
2,827505,-2.4564,40.6,29.13,-62.5,10,0.0,1
2,828231,-3.1550,40.6,29.13,-62.5,10,0.0,1
2,828957,-2.8621,40.6,29.13,-62.5,10,0.0,1
2,829683,-3.2227,40.6,29.14,-62.0,10,0.0,1
2,830409,-2.2311,39.6,29.13,-62.0,10,0.0,1
2,831135,-2.2987,39.6,29.14,-68.5,10,0.0,1
2,831861,-1.8480,39.6,29.13,-68.0,10,0.0,1
2,832587,-1.8480,39.6,29.14,-68.0,10,0.0,1
2,833313,-2.3437,39.6,29.13,-62.5,10,0.0,1
2,834039,-2.3212,39.6,29.14,-62.5,10,0.0,1
2,834765,-2.9297,39.6,29.14,-62.5,10,0.0,1
2,835491,-3.0649,39.6,29.13,-62.5,10,0.0,1
2,836217,-1.6001,39.6,29.14,-62.5,10,0.0,1
2,836943,-2.3212,39.6,29.14,-68.0,10,0.0,1
2,837669,-3.0649,39.6,29.14,-62.0,10,0.0,1
2,838395,-1.6902,39.6,29.14,-68.0,10,0.0,1
2,839121,-2.2311,39.6,29.14,-62.5,10,0.0,1
2,839847,-2.2085,39.6,29.14,-62.5,10,0.0,1
2,840573,-2.2085,39.6,29.14,-62.5,10,0.0,1
2,841299,-2.3888,39.6,29.14,-68.0,10,0.0,1
2,842025,-3.1100,39.6,29.14,-62.5,10,0.0,1
2,842751,-3.0649,40.6,29.14,-62.0,10,0.0,1
2,843477,-2.7945,40.6,29.14,-68.5,10,0.0,1
2,844203,-1.5550,39.6,29.14,-62.5,10,0.0,1
2,844929,-2.6367,39.6,29.14,-62.5,10,0.0,1
2,845655,-2.2987,39.6,29.14,-62.5,10,0.0,1
2,846381,-3.3353,39.6,29.14,-62.5,10,0.0,1
2,847107,-2.4114,39.6,29.14,-62.5,10,0.0,1
2,847833,-2.2536,39.6,29.14,-62.5,10,0.0,1
2,848559,-2.2536,39.6,29.14,-62.5,10,0.0,1
2,849285,-3.0874,39.6,29.14,-68.5,10,0.0,1
2,850011,-2.0057,39.6,29.14,-62.5,10,0.0,1
2,850737,-3.0424,40.6,29.14,-68.0,10,0.0,1
2,851463,-2.0959,40.6,29.14,-68.0,10,0.0,1
2,852189,-2.4339,40.6,29.15,-62.5,10,0.0,1
2,852915,-1.2620,40.6,29.14,-62.0,10,0.0,1
2,853641,-3.0649,40.6,29.14,-62.0,10,0.0,1
2,854367,-2.6818,40.6,29.14,-68.0,10,0.0,1
2,855093,-2.1635,40.6,29.14,-62.5,10,0.0,1
2,855819,-2.0733,39.6,29.15,-68.0,10,0.0,1
3,856545,-2.0733,40.6,29.15,-68.0,10,0.0,1
3,857271,-3.1776,39.6,29.14,-68.5,10,0.0,1
3,857997,-2.4790,39.6,29.15,-62.0,10,0.0,1
3,858723,-2.1635,40.6,29.14,-68.0,10,0.0,1
3,859449,-2.7719,39.6,29.14,-62.5,10,0.0,1
3,860175,-1.8705,39.6,29.14,-62.5,10,0.0,1
3,860901,-2.1635,39.6,29.14,-62.0,10,0.0,1
3,861627,-2.2536,38.6,29.14,-62.5,10,0.0,1
3,862353,-2.6818,38.6,29.15,-62.0,10,0.0,1
3,863079,-1.8705,39.6,29.14,-62.5,10,0.0,1
3,863805,-3.1325,39.6,29.14,-62.5,10,0.0,1
3,864531,-3.1325,39.6,29.14,-62.5,10,0.0,1
3,865257,-1.4423,39.6,29.14,-68.5,10,0.0,1
3,865983,-2.4564,39.6,29.14,-68.5,10,0.0,1
3,866709,-2.7494,39.6,29.14,-62.5,10,0.0,1
3,867435,-2.9297,40.6,29.14,-62.5,10,0.0,1
3,868161,-3.1776,39.6,29.14,-62.0,10,0.0,1
3,868887,-2.4114,40.6,29.14,-62.5,10,0.0,1
3,869613,-1.8254,39.6,29.14,-62.5,10,0.0,1
3,870339,-1.5550,39.6,29.14,-68.5,10,0.0,1
3,871065,-2.1184,39.6,29.15,-62.5,10,0.0,1
3,871791,-2.5015,39.6,29.15,-62.0,10,0.0,1
3,872517,-2.1184,40.6,29.14,-62.5,10,0.0,1
3,873243,-2.8395,40.6,29.14,-62.5,10,0.0,1
3,873969,-3.1776,40.6,29.14,-68.0,10,0.0,1
3,874695,-2.4339,40.6,29.14,-62.5,10,0.0,1
3,875421,-1.7127,39.6,29.14,-62.5,10,0.0,1
3,876147,-2.2987,39.6,29.15,-62.5,10,0.0,1
3,876873,-2.4339,40.6,29.15,-62.0,10,0.0,1
3,877599,-2.4339,39.6,29.15,-62.0,10,0.0,1
3,878325,-2.6142,39.6,29.15,-62.0,10,0.0,1
3,879051,-2.4564,39.6,29.15,-62.5,10,0.0,1
3,879777,-2.7043,39.6,29.15,-62.0,10,0.0,1
3,880503,-2.3212,39.6,29.15,-62.5,10,0.0,1
3,881229,-2.9973,39.6,29.15,-62.5,10,0.0,1
3,881955,-3.1325,39.6,29.15,-62.5,10,0.0,1
3,882681,-3.0424,39.6,29.15,-68.5,10,0.0,1
3,883407,-2.1635,39.6,29.15,-62.5,10,0.0,1
3,884133,-2.2085,39.6,29.14,-62.5,10,0.0,1
3,884859,-2.9748,40.6,29.15,-68.5,10,0.0,1
3,885585,-2.3663,39.6,29.15,-62.5,10,0.0,1
3,886311,-2.3663,39.6,29.15,-62.5,10,0.0,1
3,887037,-2.8621,39.6,29.15,-62.0,10,0.0,1
3,887763,-1.6902,39.6,29.15,-62.5,10,0.0,1
3,888489,-2.5015,39.6,29.15,-62.5,10,0.0,1
3,889215,-1.6001,39.6,29.15,-62.5,10,0.0,1
3,889941,-2.6142,39.6,29.15,-62.5,10,0.0,1
3,890667,-3.0198,40.6,29.15,-62.0,10,0.0,1
3,891393,-1.9832,40.6,29.15,-68.5,10,0.0,1
3,892119,-2.6142,40.6,29.15,-62.5,10,0.0,1
3,892845,-2.2761,40.6,29.15,-68.5,10,0.0,1
3,893571,-3.7184,40.6,29.15,-68.5,10,0.0,1
3,894297,-3.7184,39.6,29.15,-68.5,10,0.0,1
3,895023,-3.1100,39.6,29.15,-62.5,10,0.0,1
3,895749,-2.0733,39.6,29.15,-62.0,10,0.0,1
3,896475,-2.6818,39.6,29.15,-68.0,10,0.0,1
3,897201,-2.1635,39.6,29.15,-68.0,10,0.0,1
3,897927,-2.6593,39.6,29.15,-62.0,10,0.0,1
3,898653,-2.8621,39.6,29.15,-62.5,10,0.0,1
3,899379,-2.7719,38.6,29.15,-68.0,10,0.0,1
3,900105,-2.7719,39.6,29.15,-62.0,10,0.0,1
3,900831,-2.2987,39.6,29.15,-62.5,10,0.0,1
3,901557,-2.9522,39.6,29.15,-62.0,10,0.0,1
3,902283,-2.9522,39.6,29.15,-62.0,10,0.0,1
3,903009,-2.6367,39.6,29.16,-62.5,10,0.0,1
3,903735,-2.8846,39.6,29.15,-62.5,10,0.0,1
3,904461,-2.7269,39.6,29.15,-68.5,10,0.0,1
3,905187,-2.8170,40.6,29.15,-62.5,10,0.0,1
3,905913,-3.1776,39.6,29.15,-68.0,10,0.0,1
3,906639,-2.1860,40.6,29.15,-62.0,10,0.0,1
3,907365,-3.0649,39.6,29.15,-62.0,10,0.0,1
3,908091,-3.2452,39.6,29.15,-62.5,10,0.0,1
3,908817,-2.8395,39.6,29.15,-62.0,10,0.0,1
3,909543,-2.9522,39.6,29.15,-62.0,10,0.0,1
3,910269,-2.9522,40.6,29.15,-62.0,10,0.0,1
3,910995,-1.8029,39.6,29.15,-68.5,10,0.0,1
3,911721,-2.4114,40.6,29.15,-62.5,10,0.0,1
3,912447,-3.1776,40.6,29.15,-68.0,10,0.0,1
3,913173,-2.3663,40.6,29.15,-68.5,10,0.0,1
3,913899,-2.8170,39.6,29.15,-68.0,10,0.0,1
3,914625,-1.1944,39.6,29.15,-62.5,10,0.0,1
3,915351,-2.1409,40.6,29.15,-62.5,10,0.0,1
3,916077,-2.9522,39.6,29.15,-62.5,10,0.0,1
3,916803,-2.9297,39.6,29.15,-68.5,10,0.0,1
3,917529,-2.3888,39.6,29.15,-62.5,10,0.0,1
3,918255,-2.3888,39.6,29.16,-62.5,10,0.0,1
3,918981,-2.4339,39.6,29.16,-62.5,10,0.0,1
3,919707,-2.2536,39.6,29.16,-62.5,10,0.0,1
3,920433,-1.7353,39.6,29.15,-62.5,10,0.0,1
3,921159,-2.4339,39.6,29.16,-68.0,10,0.0,1
3,921885,-2.0959,39.6,29.15,-62.5,10,0.0,1
3,922611,-1.5550,39.6,29.15,-68.0,10,0.0,1
3,923337,-3.1550,39.6,29.15,-62.0,10,0.0,1
3,924063,-2.2311,39.6,29.15,-68.0,10,0.0,1
3,924789,-2.4339,39.6,29.15,-62.5,10,0.0,1
3,925515,-3.3128,39.6,29.16,-62.0,10,0.0,1
3,926241,-3.3128,38.6,29.16,-62.0,10,0.0,1
3,926967,-2.6818,39.6,29.16,-68.5,10,0.0,1
3,927693,-2.7494,39.6,29.16,-62.5,10,0.0,1
3,928419,-2.6593,39.6,29.16,-62.5,10,0.0,1
3,929145,-2.4564,39.6,29.16,-68.5,10,0.0,1
3,929871,-2.7494,39.6,29.16,-62.0,10,0.0,1
3,930597,-2.7719,40.6,29.16,-62.5,10,0.0,1
3,931323,-2.1184,39.6,29.16,-62.5,10,0.0,1
3,932049,-2.7043,39.6,29.16,-62.5,10,0.0,1
3,932775,-3.2227,39.6,29.16,-68.5,10,0.0,1
3,933501,-2.3437,39.6,29.16,-68.0,10,0.0,1
3,934227,-2.7494,39.6,29.16,-62.5,10,0.0,1
3,934953,-3.0424,39.6,29.16,-62.5,10,0.0,1
3,935679,-2.4114,39.6,29.16,-62.5,10,0.0,1
3,936405,-2.7719,39.6,29.16,-62.5,10,0.0,1
3,937131,-3.0424,39.6,29.16,-62.5,10,0.0,1
3,937857,-2.2987,39.6,29.16,-62.5,10,0.0,1
3,938583,-2.3212,39.6,29.16,-62.5,10,0.0,1
3,939309,-3.0649,39.6,29.16,-68.5,10,0.0,1
3,940035,-48.1596,40.6,29.16,-54.5,10,0.0,0
3,940761,-2.1635,40.6,29.16,-62.5,10,0.0,1
3,941487,-2.7269,40.6,29.16,-68.5,10,0.0,1
3,942213,-3.2452,40.6,29.16,-62.5,10,0.0,1
3,942939,-2.0733,40.6,29.16,-62.5,10,0.0,1
3,943665,-1.7803,40.6,29.16,-62.0,10,0.0,1
3,944391,-3.4480,40.6,29.16,-62.0,10,0.0,1
3,945117,-2.2311,40.6,29.16,-62.0,10,0.0,1
3,945843,-2.2761,40.6,29.16,-62.5,10,0.0,1
3,946569,-2.5691,40.6,29.16,-62.5,10,0.0,1
3,947295,-1.8705,40.6,29.16,-68.5,10,0.0,1
3,948021,-1.8705,40.6,29.16,-68.5,10,0.0,1
3,948747,-3.2227,40.6,29.16,-62.5,10,0.0,1
3,949473,-1.9606,40.6,29.16,-62.5,10,0.0,1
3,950199,-2.4339,39.6,29.16,-62.5,10,0.0,1
3,950925,-2.4339,40.6,29.17,-68.0,10,0.0,1
3,951651,-2.8395,40.6,29.16,-68.0,10,0.0,1
3,952377,-2.3888,40.6,29.16,-62.5,10,0.0,1
3,953103,-3.5382,40.6,29.16,-68.5,10,0.0,1
3,953829,-3.3353,39.6,29.16,-62.0,10,0.0,1
3,954555,-2.2536,39.6,29.17,-62.5,10,0.0,1
3,955281,-2.0057,39.6,29.16,-68.5,10,0.0,1
3,956007,-2.0057,39.6,29.16,-68.5,10,0.0,1
3,956733,-1.7803,39.6,29.16,-68.5,10,0.0,1
3,957459,-1.6226,40.6,29.16,-62.5,10,0.0,1
3,958185,-1.8705,39.6,29.16,-68.0,10,0.0,1
3,958911,-2.3663,39.6,29.16,-62.0,10,0.0,1
3,959637,-2.0508,40.6,29.17,-62.5,10,0.0,1
3,960363,-2.9748,39.6,29.16,-62.5,10,0.0,1
3,961089,-2.5691,39.6,29.16,-68.5,10,0.0,1
3,961815,-2.1184,39.6,29.16,-62.5,10,0.0,1
3,962541,-1.8480,39.6,29.16,-68.5,10,0.0,1
3,963267,-2.5240,39.6,29.16,-62.0,10,0.0,1
3,963993,-2.5240,39.6,29.16,-62.0,10,0.0,1
3,964719,-2.5466,39.6,29.16,-62.5,10,0.0,1
3,965445,-2.4564,39.6,29.16,-62.5,10,0.0,1
3,966171,-1.5550,39.6,29.16,-68.0,10,0.0,1
3,966897,-2.2536,39.6,29.16,-67.5,10,0.0,1
3,967623,-2.7719,38.6,29.16,-62.5,10,0.0,1
3,968349,-3.4255,39.6,29.16,-62.0,10,0.0,1
3,969075,-2.9072,39.6,29.16,-62.5,10,0.0,1
3,969801,-2.8395,39.6,29.16,-62.5,10,0.0,1
3,970527,-2.5916,39.6,29.16,-62.5,10,0.0,1
3,971253,-1.6001,39.6,29.16,-62.5,10,0.0,1
3,971979,-1.6001,39.6,29.16,-62.5,10,0.0,1
3,972705,-2.0508,40.6,29.16,-62.5,10,0.0,1
3,973431,-2.1409,40.6,29.17,-68.0,10,0.0,1
3,974157,-2.5691,39.6,29.17,-62.0,10,0.0,1
3,974883,-2.3663,39.6,29.17,-62.5,10,0.0,1
3,975609,-2.6818,39.6,29.17,-68.0,10,0.0,1
3,976335,-2.9072,39.6,29.17,-62.5,10,0.0,1
3,977061,-3.1550,40.6,29.16,-62.5,10,0.0,1
3,977787,-2.9072,40.6,29.16,-62.5,10,0.0,1
3,978513,-2.1635,39.6,29.17,-68.5,10,0.0,1
3,979239,-2.6818,40.6,29.16,-62.5,10,0.0,1
3,979965,-2.6818,40.6,29.17,-62.5,10,0.0,1
3,980691,-1.9381,40.6,29.17,-62.5,10,0.0,1
3,981417,-3.0874,40.6,29.17,-68.5,10,0.0,1
3,982143,-2.9973,40.6,29.16,-68.5,10,0.0,1
3,982869,-2.4564,39.6,29.17,-62.5,10,0.0,1
3,983595,-2.5916,39.6,29.17,-62.5,10,0.0,1
3,984321,-2.8621,40.6,29.17,-62.5,10,0.0,1
3,985047,-2.5466,39.6,29.17,-62.0,10,0.0,1
3,985773,-2.2987,39.6,29.17,-62.5,10,0.0,1
3,986499,-2.2311,39.6,29.17,-68.0,10,0.0,1
3,987225,-1.3071,39.6,29.17,-62.5,10,0.0,1
3,987951,-2.9072,40.6,29.17,-62.5,10,0.0,1
3,988677,-2.1184,39.6,29.17,-62.5,10,0.0,1
3,989403,-2.4339,39.6,29.17,-68.5,10,0.0,1
3,990129,-2.5916,39.6,29.16,-68.0,10,0.0,1
3,990855,-2.3888,39.6,29.17,-68.0,10,0.0,1
3,991581,-2.0733,39.6,29.17,-62.0,10,0.0,1
3,992307,-2.6142,40.6,29.17,-62.5,10,0.0,1
3,993033,-2.2311,39.6,29.17,-62.5,10,0.0,1
3,993759,-10.6596,39.6,29.17,-62.0,10,0.0,0
3,994485,-3.3128,40.6,29.17,-62.5,10,0.0,1
3,995211,-2.2761,40.6,29.17,-68.5,10,0.0,1
3,995937,-2.3212,39.6,29.17,-68.5,10,0.0,1
3,996663,-2.7945,39.6,29.17,-62.5,10,0.0,1
3,997389,-2.8170,39.6,29.17,-68.5,10,0.0,1
3,998115,-2.0057,38.6,29.17,-68.0,10,0.0,1
3,998841,-2.9072,39.6,29.17,-62.5,10,0.0,1
3,999567,-2.3663,39.6,29.17,-62.5,10,0.0,1
3,1000293,-2.1860,39.6,29.17,-62.5,10,0.0,1
3,1001019,-1.9832,39.6,29.17,-68.5,10,0.0,1
3,1001745,-1.9832,39.6,29.17,-68.5,10,0.0,1
3,1002471,-1.8254,39.6,29.17,-62.5,10,0.0,1
3,1003197,-3.3579,40.6,29.17,-62.0,10,0.0,1
3,1003923,-2.7719,39.6,29.17,-62.5,10,0.0,1
3,1004649,-1.6677,39.6,29.17,-68.0,10,0.0,1
3,1005375,-3.3128,40.6,29.17,-62.5,10,0.0,1
3,1006101,-1.5325,40.6,29.17,-68.0,10,0.0,1
3,1006827,-2.2311,40.6,29.17,-62.5,10,0.0,1
3,1007553,-3.4706,40.6,29.17,-62.5,10,0.0,1
3,1008279,-2.2987,39.6,29.17,-68.0,10,0.0,1
3,1009005,-2.1184,39.6,29.17,-62.0,10,0.0,1
3,1009731,-2.1184,39.6,29.17,-62.0,10,0.0,1
3,1010457,-2.9522,39.6,29.17,-62.0,10,0.0,1
3,1011183,-2.5466,39.6,29.17,-68.5,10,0.0,1
3,1011909,-2.0959,39.6,29.17,-62.5,10,0.0,1
3,1012635,-2.3663,39.6,29.17,-68.5,10,0.0,1
3,1013361,-3.3128,40.6,29.17,-62.5,10,0.0,1
3,1014087,-1.5325,40.6,29.17,-68.0,10,0.0,1
3,1014813,-3.1100,40.6,29.17,-62.5,10,0.0,1
3,1015539,-2.5015,39.6,29.17,-62.5,10,0.0,1
3,1016265,-2.6142,39.6,29.17,-68.5,10,0.0,1
3,1016991,-2.5240,39.6,29.17,-62.5,10,0.0,1
3,1017717,-2.5240,39.6,29.17,-62.5,10,0.0,1
3,1018443,-2.4114,39.6,29.17,-62.5,10,0.0,1
3,1019169,-2.3437,39.6,29.17,-68.5,10,0.0,1
3,1019895,-1.3747,39.6,29.17,-68.5,10,0.0,1
3,1020621,-2.4564,39.6,29.17,-68.0,10,0.0,1
3,1021347,-2.4114,40.6,29.18,-68.0,10,0.0,1
3,1022073,-3.0649,40.6,29.17,-62.5,10,0.0,1
3,1022799,-2.9748,39.6,29.17,-68.5,10,0.0,1
3,1023525,-2.1409,39.6,29.18,-62.0,10,0.0,1
3,1024251,-1.3972,40.6,29.17,-62.0,10,0.0,1
3,1024977,-1.6677,39.6,29.17,-62.5,10,0.0,1
3,1025703,-1.6677,40.6,29.17,-62.5,10,0.0,1
3,1026429,-1.9381,39.6,29.17,-68.5,10,0.0,1
3,1027155,-2.6593,39.6,29.17,-68.5,10,0.0,1
3,1027881,-2.6593,39.6,29.17,-62.0,10,0.0,1
3,1028607,-3.0649,39.6,29.17,-62.5,10,0.0,1
3,1029333,-1.8254,39.6,29.18,-68.0,10,0.0,1
3,1030059,-2.2987,39.6,29.18,-62.5,10,0.0,1
3,1030785,-2.7043,40.6,29.18,-62.5,10,0.0,1
3,1031511,-3.2227,40.6,29.18,-62.5,10,0.0,1
3,1032237,-2.7043,39.6,29.18,-62.5,10,0.0,1
3,1032963,-2.1409,39.6,29.18,-62.5,10,0.0,1
3,1033689,-2.1409,40.6,29.18,-62.5,10,0.0,1
3,1034415,-3.0874,40.6,29.18,-62.0,10,0.0,1
3,1035141,-2.2311,40.6,29.17,-68.5,10,0.0,1
3,1035867,-2.4564,40.6,29.17,-62.5,10,0.0,1
3,1036593,-1.7127,40.6,29.17,-62.5,10,0.0,1
3,1037319,-1.7127,40.6,29.18,-68.0,10,0.0,1
3,1038045,-1.6226,40.6,29.18,-68.0,10,0.0,1
3,1038771,-3.1776,40.6,29.18,-62.0,10,0.0,1
3,1039497,-2.9748,39.6,29.18,-62.5,10,0.0,1
3,1040223,-2.8395,39.6,29.17,-62.5,10,0.0,1
3,1040949,-3.0874,39.6,29.18,-62.5,10,0.0,1
3,1041675,-2.7494,40.6,29.18,-62.0,10,0.0,1
3,1042401,-1.9156,40.6,29.17,-62.5,10,0.0,1
3,1043127,-2.3888,39.6,29.18,-62.0,10,0.0,1
3,1043853,-2.6142,40.6,29.18,-68.0,10,0.0,1
3,1044579,-2.1409,40.6,29.18,-62.0,10,0.0,1
3,1045305,-3.2452,40.6,29.18,-62.5,10,0.0,1
3,1046031,-2.2085,40.6,29.18,-62.5,10,0.0,1
3,1046757,-3.1550,40.6,29.18,-62.5,10,0.0,1
3,1047483,-2.8170,40.6,29.18,-62.5,10,0.0,1
3,1048209,-2.8846,40.6,29.18,-62.0,10,0.0,1
3,1048935,-1.4874,40.6,29.18,-68.5,10,0.0,1
3,1049661,-2.4790,40.6,29.18,-62.5,10,0.0,1
3,1050387,-3.3579,39.6,29.18,-62.5,10,0.0,1
3,1051113,-2.8846,39.6,29.18,-62.5,10,0.0,1
3,1051839,-2.4114,39.6,29.18,-68.5,10,0.0,1
3,1052565,-2.9297,39.6,29.18,-62.5,10,0.0,1
3,1053291,-3.1550,40.6,29.18,-68.0,10,0.0,1
3,1054017,-2.3437,39.6,29.18,-62.5,10,0.0,1
3,1054743,-1.7127,39.6,29.18,-68.0,10,0.0,1
3,1055469,-1.7127,39.6,29.18,-68.0,10,0.0,1
3,1056195,-2.2311,39.6,29.18,-62.5,10,0.0,1
3,1056921,-3.5156,39.6,29.18,-62.5,10,0.0,1
3,1057647,-2.7719,39.6,29.18,-68.0,10,0.0,1
3,1058373,-2.5015,39.6,29.18,-62.5,10,0.0,1
3,1059099,-2.0733,39.6,29.18,-68.5,10,0.0,1
3,1059825,-2.3437,39.6,29.18,-62.0,10,0.0,1
3,1060551,-2.9072,38.6,29.18,-68.5,10,0.0,1
3,1061277,-2.1409,39.6,29.19,-68.0,10,0.0,1
3,1062003,-1.6451,39.6,29.18,-68.0,10,0.0,1
3,1062729,-3.5607,38.6,29.18,-68.0,10,0.0,1
3,1063455,-3.5607,39.6,29.18,-68.0,10,0.0,1
3,1064181,-1.6677,39.6,29.18,-62.5,10,0.0,1
3,1064907,-2.1860,39.6,29.18,-62.0,10,0.0,1
3,1065633,-1.9381,39.6,29.18,-62.0,10,0.0,1
3,1066359,-2.2085,39.6,29.18,-62.5,10,0.0,1
3,1067085,-1.9606,39.6,29.18,-62.5,10,0.0,1
3,1067811,-1.9381,39.6,29.18,-62.5,10,0.0,1
3,1068537,-1.4648,40.6,29.18,-62.5,10,0.0,1
3,1069263,-2.2761,40.6,29.19,-62.5,10,0.0,1
3,1069989,-2.5466,40.6,29.18,-68.5,10,0.0,1
3,1070715,-3.1776,40.6,29.18,-68.5,10,0.0,1
3,1071441,-3.1776,40.6,29.19,-68.5,10,0.0,1
3,1072167,-1.2620,40.6,29.18,-68.0,10,0.0,1
3,1072893,-3.4931,39.6,29.18,-68.0,10,0.0,1
3,1073619,-1.5775,39.6,29.18,-62.5,10,0.0,1
3,1074345,-1.9832,39.6,29.18,-68.5,10,0.0,1
3,1075071,-1.5325,39.6,29.19,-68.0,10,0.0,1
3,1075797,-2.4564,40.6,29.19,-62.5,10,0.0,1
3,1076523,-2.3663,39.6,29.19,-68.5,10,0.0,1
3,1077249,-2.9973,40.6,29.18,-62.0,10,0.0,1
3,1077975,-3.2001,40.6,29.18,-68.5,10,0.0,1
3,1078701,-2.5240,39.6,29.18,-68.5,10,0.0,1
3,1079427,-2.5240,40.6,29.19,-68.5,10,0.0,1
3,1080153,-2.0733,40.6,29.19,-67.5,10,0.0,1
3,1080879,-2.9973,40.6,29.19,-62.5,10,0.0,1
3,1081605,-2.2987,40.6,29.19,-62.5,10,0.0,1
3,1082331,-1.6677,40.6,29.18,-68.5,10,0.0,1
3,1083057,-3.1776,39.6,29.19,-62.0,10,0.0,1
3,1083783,-2.2987,39.6,29.19,-68.5,10,0.0,1
3,1084509,-2.2085,39.6,29.19,-62.5,10,0.0,1
3,1085235,-3.1550,40.6,29.19,-68.0,10,0.0,1
3,1085961,-2.0508,39.6,29.19,-62.0,10,0.0,1
3,1086687,-2.8170,39.6,29.19,-62.5,10,0.0,1
3,1087413,-2.8170,39.6,29.19,-62.5,10,0.0,1
3,1088139,-2.0282,39.6,29.19,-62.5,10,0.0,1
3,1088865,-1.6677,39.6,29.19,-62.5,10,0.0,1
3,1089591,-3.1776,39.6,29.19,-62.5,10,0.0,1
3,1090317,-2.5466,39.6,29.19,-62.0,10,0.0,1
3,1091043,-2.7719,39.6,29.19,-69.0,10,0.0,1
3,1091769,-1.5550,39.6,29.19,-68.5,10,0.0,1
3,1092495,-2.2761,40.6,29.19,-68.0,10,0.0,1
3,1093221,-2.4114,40.6,29.19,-62.5,10,0.0,1
3,1093947,-3.4931,39.6,29.18,-62.0,10,0.0,1
3,1094673,-1.4423,38.6,29.19,-62.5,10,0.0,1
3,1095399,-2.4114,39.6,29.19,-62.5,10,0.0,1
3,1096125,-2.5691,39.6,29.18,-62.5,10,0.0,1
3,1096851,-2.6818,39.6,29.18,-68.0,10,0.0,1
3,1097577,-2.5015,39.6,29.19,-62.5,10,0.0,1
3,1098303,-1.9606,39.6,29.19,-62.0,10,0.0,1
3,1099029,-2.1409,39.6,29.19,-62.0,10,0.0,1
3,1099755,-1.2846,39.6,29.19,-62.5,10,0.0,1
3,1100481,-3.0649,39.6,29.19,-68.5,10,0.0,1
3,1101207,-3.3579,39.6,29.19,-68.5,10,0.0,1
3,1101933,-2.0282,39.6,29.19,-62.5,10,0.0,1
3,1102659,-3.1325,40.6,29.19,-62.5,10,0.0,1
3,1103385,-2.1184,40.6,29.19,-62.5,10,0.0,1
3,1104111,-2.9522,40.6,29.19,-68.5,10,0.0,1
3,1104837,-2.8395,39.6,29.19,-62.5,10,0.0,1
3,1105563,-2.9522,39.6,29.19,-62.0,10,0.0,1
3,1106289,-2.1860,39.6,29.19,-62.5,10,0.0,1
3,1107015,-2.6142,39.6,29.19,-68.0,10,0.0,1
3,1107741,-2.2311,39.6,29.19,-68.5,10,0.0,1
3,1108467,-3.0424,39.6,29.19,-62.5,10,0.0,1
3,1109193,-3.0424,39.6,29.19,-62.5,10,0.0,1
3,1109919,-2.5466,39.6,29.19,-68.0,10,0.0,1
3,1110645,-3.0198,40.6,29.19,-62.5,10,0.0,1
3,1111371,-1.5099,39.6,29.19,-68.0,10,0.0,1
3,1112097,-2.4339,39.6,29.19,-62.0,10,0.0,1
3,1112823,-2.5015,40.6,29.19,-62.5,10,0.0,1
3,1113549,-2.0508,39.6,29.19,-68.5,10,0.0,1
3,1114275,-2.5015,39.6,29.19,-68.5,10,0.0,1
3,1115001,-2.0508,39.6,29.19,-62.5,10,0.0,1
3,1115727,-2.6142,40.6,29.19,-62.5,10,0.0,1
3,1116453,-1.7127,40.6,29.19,-68.5,10,0.0,1
3,1117179,-1.7127,40.6,29.20,-68.5,10,0.0,1
3,1117905,-2.4790,40.6,29.19,-62.5,10,0.0,1
3,1118631,-1.3972,40.6,29.19,-62.0,10,0.0,1
3,1119357,-2.5691,40.6,29.19,-62.0,10,0.0,1
3,1120083,-2.2085,40.6,29.19,-62.5,10,0.0,1
3,1120809,-1.6902,40.6,29.19,-62.5,10,0.0,1
3,1121535,-2.8621,40.6,29.19,-68.5,10,0.0,1
3,1122261,-3.0424,40.6,29.19,-62.0,10,0.0,1
3,1122987,-1.9381,40.6,29.19,-68.5,10,0.0,1
3,1123713,-1.6902,40.6,29.20,-62.5,10,0.0,1
3,1124439,-2.2761,40.6,29.19,-62.5,10,0.0,1
3,1125165,-2.2761,39.6,29.19,-62.5,10,0.0,1
3,1125891,-2.1860,39.6,29.19,-68.5,10,0.0,1
3,1126617,-2.9072,39.6,29.19,-68.0,10,0.0,1
3,1127343,-2.4114,39.6,29.19,-62.5,10,0.0,1
3,1128069,-1.7803,40.6,29.20,-62.5,10,0.0,1
3,1128795,-2.3437,39.6,29.19,-68.0,10,0.0,1
3,1129521,-1.8480,39.6,29.19,-68.5,10,0.0,1
3,1130247,-2.2536,39.6,29.19,-68.5,10,0.0,1
3,1130973,-3.0424,39.6,29.19,-62.5,10,0.0,1
3,1131699,-1.9381,39.6,29.19,-62.5,10,0.0,1
3,1132425,-1.8254,39.6,29.20,-68.0,10,0.0,1
3,1133151,-1.8254,40.6,29.19,-68.0,10,0.0,1
3,1133877,-3.2227,39.6,29.19,-62.0,10,0.0,1
3,1134603,-2.8846,40.6,29.20,-62.5,10,0.0,1
3,1135329,-2.4114,40.6,29.19,-62.5,10,0.0,1
3,1136055,-2.7719,39.6,29.20,-62.5,10,0.0,1
3,1136781,-1.6001,39.6,29.20,-62.0,10,0.0,1
3,1137507,-2.3437,39.6,29.20,-62.5,10,0.0,1
3,1138233,-3.3353,39.6,29.20,-68.5,10,0.0,1
3,1138959,-2.0733,39.6,29.20,-62.5,10,0.0,1
3,1139685,-2.3437,38.6,29.20,-62.5,10,0.0,1
3,1140411,-2.2311,39.6,29.20,-62.5,10,0.0,1
3,1141137,-2.2311,39.6,29.20,-62.5,10,0.0,1
3,1141863,-2.8846,39.6,29.19,-62.0,10,0.0,1
3,1142589,-2.5691,40.6,29.20,-62.5,10,0.0,1
3,1143315,-2.2536,39.6,29.20,-62.5,10,0.0,1
3,1144041,-2.5240,39.6,29.20,-68.0,10,0.0,1
3,1144767,-3.0424,39.6,29.19,-62.5,10,0.0,1
3,1145493,-2.5240,39.6,29.19,-62.0,10,0.0,1
3,1146219,-2.6593,39.6,29.20,-62.5,10,0.0,1
3,1146945,-1.8705,39.6,29.20,-62.5,10,0.0,1
3,1147671,-1.5325,39.6,29.20,-68.5,10,0.0,1
3,1148397,-2.5916,40.6,29.20,-62.5,10,0.0,1
3,1149123,-1.9156,40.6,29.20,-62.5,10,0.0,1
3,1149849,-2.4790,39.6,29.20,-62.5,10,0.0,1
3,1150575,-2.6142,40.6,29.20,-68.5,10,0.0,1
3,1151301,-1.9156,40.6,29.20,-62.0,10,0.0,1
3,1152027,-3.1776,40.6,29.20,-62.0,10,0.0,1
3,1152753,-2.2085,40.6,29.20,-62.5,10,0.0,1
3,1153479,-2.4114,40.6,29.20,-62.5,10,0.0,1
3,1154205,-2.5015,40.6,29.20,-68.5,10,0.0,1
3,1154931,-1.5099,39.6,29.20,-68.0,10,0.0,1
3,1155657,-3.6734,39.6,29.20,-62.5,10,0.0,1
3,1156383,-2.3663,39.6,29.20,-68.0,10,0.0,1
3,1157109,-2.3212,39.6,29.20,-62.5,10,0.0,1
3,1157835,-1.7353,39.6,29.20,-68.0,10,0.0,1
3,1158561,-2.7719,39.6,29.20,-62.5,10,0.0,1
3,1159287,-3.1325,39.6,29.20,-62.5,10,0.0,1
3,1160013,-2.0057,40.6,29.20,-62.5,10,0.0,1
3,1160739,-2.3437,39.6,29.20,-68.0,10,0.0,1
3,1161465,-2.3663,39.6,29.20,-62.5,10,0.0,1
3,1162191,-1.8930,39.6,29.21,-68.5,10,0.0,1
3,1162917,-1.8930,39.6,29.20,-68.5,10,0.0,1
3,1163643,-1.2620,39.6,29.20,-62.0,10,0.0,1
3,1164369,-2.4339,39.6,29.20,-62.0,10,0.0,1
3,1165095,-3.0424,40.6,29.20,-62.5,10,0.0,1
3,1165821,-1.8480,39.6,29.20,-62.5,10,0.0,1
3,1166547,-2.4114,40.6,29.20,-62.5,10,0.0,1
3,1167273,-2.6593,40.6,29.20,-62.5,10,0.0,1
3,1167999,-2.4790,40.6,29.20,-68.0,10,0.0,1
3,1168725,-1.6677,40.6,29.20,-62.5,10,0.0,1
3,1169451,-1.8930,40.6,29.20,-68.5,10,0.0,1
3,1170177,-3.3128,40.6,29.21,-62.5,10,0.0,1
3,1170903,-3.3128,40.6,29.20,-62.5,10,0.0,1
3,1171629,-2.8621,40.6,29.20,-62.5,10,0.0,1
3,1172355,-3.1776,40.6,29.20,-62.0,10,0.0,1
3,1173081,-2.1409,39.6,29.20,-62.0,10,0.0,1
3,1173807,-1.9156,40.6,29.20,-68.5,10,0.0,1
3,1174533,-3.3579,39.6,29.20,-62.5,10,0.0,1
3,1175259,-2.8621,39.6,29.21,-62.0,10,0.0,1
3,1175985,-3.3579,39.6,29.21,-62.5,10,0.0,1
3,1176711,-2.5691,39.6,29.20,-62.0,10,0.0,1
3,1177437,-2.7269,39.6,29.20,-68.5,10,0.0,1
3,1178163,-2.7719,39.6,29.20,-68.0,10,0.0,1
3,1178889,-2.7719,39.6,29.20,-68.0,10,0.0,1
3,1179615,-1.9381,39.6,29.20,-68.0,10,0.0,1
3,1180341,-3.2903,39.6,29.21,-62.5,10,0.0,1
3,1181067,-2.5240,39.6,29.21,-68.5,10,0.0,1
3,1181793,-2.0508,39.6,29.21,-68.5,10,0.0,1
3,1182519,-2.5466,40.6,29.21,-62.5,10,0.0,1
3,1183245,-1.9381,40.6,29.21,-68.5,10,0.0,1
3,1183971,-2.3663,39.6,29.20,-62.0,10,0.0,1
3,1184697,-2.2761,38.6,29.21,-68.5,10,0.0,1
3,1185423,-2.5691,38.6,29.20,-68.5,10,0.0,1
3,1186149,-2.2085,38.6,29.20,-62.5,10,0.0,1
3,1186875,-2.2085,39.6,29.21,-62.5,10,0.0,1
3,1187601,-2.5466,39.6,29.20,-62.5,10,0.0,1
3,1188327,-2.7269,40.6,29.21,-62.5,10,0.0,1
3,1189053,-2.8621,40.6,29.20,-62.5,10,0.0,1
3,1189779,-2.4564,40.6,29.21,-62.0,10,0.0,1
3,1190505,-3.1776,40.6,29.21,-62.0,10,0.0,1
3,1191231,-2.2987,40.6,29.21,-62.5,10,0.0,1
3,1191957,-2.2085,39.6,29.20,-62.5,10,0.0,1
3,1192683,-1.6451,39.6,29.21,-62.0,10,0.0,1
3,1193409,-3.0424,39.6,29.21,-68.5,10,0.0,1
3,1194135,-2.3437,39.6,29.21,-62.5,10,0.0,1
3,1194861,-2.3437,39.6,29.21,-62.5,10,0.0,1
3,1195587,-2.8395,39.6,29.21,-68.5,10,0.0,1
3,1196313,-1.6001,39.6,29.21,-62.0,10,0.0,1
3,1197039,-2.2085,38.6,29.21,-62.5,10,0.0,1
3,1197765,-2.4339,39.6,29.21,-68.0,10,0.0,1
3,1198491,-1.4874,39.6,29.21,-62.5,10,0.0,1
3,1199217,-2.5466,40.6,29.21,-62.5,10,0.0,1
3,1199943,-1.8930,39.6,29.21,-62.5,10,0.0,1
3,1200669,-1.8930,39.6,29.21,-62.5,10,0.0,1
3,1201395,-3.5832,39.6,29.21,-62.5,10,0.0,1
3,1202121,-2.0733,39.6,29.21,-68.5,10,0.0,1
3,1202847,-2.0733,39.6,29.21,-68.5,10,0.0,1
3,1203573,-3.6058,39.6,29.21,-68.5,10,0.0,1
3,1204299,-2.5466,40.6,29.21,-62.0,10,0.0,1
3,1205025,-2.8846,40.6,29.21,-62.5,10,0.0,1
3,1205751,-2.8621,40.6,29.21,-68.0,10,0.0,1
3,1206477,-2.2311,40.6,29.21,-68.0,10,0.0,1
3,1207203,-2.1860,40.6,29.21,-62.0,10,0.0,1
3,1207929,-3.1325,40.6,29.20,-68.5,10,0.0,1
3,1208655,-2.2987,39.6,29.21,-68.0,10,0.0,1
3,1209381,-2.2761,39.6,29.21,-62.5,10,0.0,1
3,1210107,-3.4480,39.6,29.21,-62.5,10,0.0,1
3,1210833,-1.2620,39.6,29.21,-62.5,10,0.0,1
3,1211559,-2.0282,39.6,29.21,-68.0,10,0.0,1
3,1212285,-2.4564,39.6,29.20,-62.0,10,0.0,1
3,1213011,-2.5916,39.6,29.20,-62.5,10,0.0,1
3,1213737,-2.2311,39.6,29.21,-62.5,10,0.0,1
3,1214463,-2.5916,39.6,29.21,-68.5,10,0.0,1
3,1215189,-2.0508,39.6,29.21,-68.0,10,0.0,1
3,1215915,-2.6593,39.6,29.20,-62.5,10,0.0,1
3,1216641,-31.3026,39.6,29.20,-34.0,10,0.0,0
3,1217367,-3.1325,39.6,29.20,-62.5,10,0.0,1
3,1218093,-2.7043,39.6,29.21,-62.5,10,0.0,1
3,1218819,-2.1860,40.6,29.21,-68.0,10,0.0,1
4,1219545,-2.0282,40.6,29.21,-68.0,10,0.0,1
4,1220271,-1.3747,40.6,29.21,-62.5,10,0.0,1
4,1220997,-1.9156,40.6,29.21,-62.5,10,0.0,1
4,1221723,-3.5156,39.6,29.21,-62.5,10,0.0,1
4,1222449,-1.7353,40.6,29.21,-68.5,10,0.0,1
4,1223175,-1.5325,39.6,29.21,-68.0,10,0.0,1
4,1223901,-2.1635,40.6,29.21,-62.0,10,0.0,1
4,1224627,-2.1635,40.6,29.21,-62.0,10,0.0,1
4,1225353,-1.3522,40.6,29.21,-68.0,10,0.0,1
4,1226079,-2.0508,40.6,29.21,-62.5,10,0.0,1
4,1226805,-2.5015,40.6,29.21,-62.0,10,0.0,1
4,1227531,-2.5240,40.6,29.21,-62.0,10,0.0,1
4,1228257,-2.6593,40.6,29.21,-62.5,10,0.0,1
4,1228983,-1.4423,39.6,29.21,-62.0,10,0.0,1
4,1229709,-1.8480,39.6,29.21,-62.0,10,0.0,1
4,1230435,-2.1860,39.6,29.21,-68.5,10,0.0,1
4,1231161,-1.5550,39.6,29.22,-68.0,10,0.0,1
4,1231887,-1.3522,40.6,29.21,-68.0,10,0.0,1
4,1232613,-1.3522,39.6,29.21,-68.0,10,0.0,1
4,1233339,-3.3804,39.6,29.22,-68.5,10,0.0,1
4,1234065,-2.7494,39.6,29.21,-62.5,10,0.0,1
4,1234791,-3.1100,39.6,29.21,-62.5,10,0.0,1
4,1235517,-2.1860,39.6,29.21,-68.5,10,0.0,1
4,1236243,-2.4114,39.6,29.21,-62.5,10,0.0,1
4,1236969,-3.2903,39.6,29.22,-68.5,10,0.0,1
4,1237695,-1.9606,39.6,29.22,-68.0,10,0.0,1
4,1238421,-2.2987,39.6,29.22,-62.5,10,0.0,1
4,1239147,-2.5240,39.6,29.22,-68.5,10,0.0,1
4,1239873,-1.3972,39.6,29.21,-62.5,10,0.0,1
4,1240599,-1.3972,39.6,29.21,-62.5,10,0.0,1
4,1241325,-2.4564,40.6,29.21,-68.5,10,0.0,1
4,1242051,-1.9606,39.6,29.22,-68.5,10,0.0,1
4,1242777,-1.6902,40.6,29.21,-62.5,10,0.0,1
4,1243503,-2.4339,40.6,29.22,-62.5,10,0.0,1
4,1244229,-2.4114,40.6,29.22,-62.5,10,0.0,1
4,1244955,-2.7945,40.6,29.22,-62.5,10,0.0,1
4,1245681,-1.7127,40.6,29.22,-62.0,10,0.0,1
4,1246407,-2.6367,40.6,29.21,-62.0,10,0.0,1
4,1247133,-2.3663,39.6,29.22,-62.5,10,0.0,1
4,1247859,-2.9748,39.6,29.22,-62.0,10,0.0,1
4,1248585,-2.9748,39.6,29.22,-62.0,10,0.0,1
4,1249311,-2.4339,39.6,29.21,-62.5,10,0.0,1
4,1250037,-2.3437,39.6,29.21,-62.5,10,0.0,1
4,1250763,-2.3437,40.6,29.21,-62.5,10,0.0,1
4,1251489,-2.2536,39.6,29.21,-62.5,10,0.0,1
4,1252215,-2.9748,39.6,29.23,-62.5,10,0.0,1
4,1252941,-3.3804,39.6,29.22,-68.5,10,0.0,1
4,1253667,-1.8029,40.6,29.22,-62.5,10,0.0,1
4,1254393,-3.0424,40.6,29.22,-62.5,10,0.0,1
4,1255119,-2.2987,40.6,29.22,-68.0,10,0.0,1
4,1255845,-2.7269,40.6,29.23,-62.0,10,0.0,1
4,1256571,-2.7269,39.6,29.22,-62.0,10,0.0,1
4,1257297,-2.8621,39.6,29.22,-68.5,10,0.0,1
4,1258023,-2.5240,38.6,29.22,-61.5,10,0.0,1
4,1258749,-2.4564,38.6,29.22,-68.5,10,0.0,1
4,1259475,-2.5691,39.6,29.22,-68.0,10,0.0,1
4,1260201,-2.8846,39.6,29.22,-68.5,10,0.0,1
4,1260927,-2.4790,39.6,29.22,-62.5,10,0.0,1
4,1261653,-1.7803,39.6,29.22,-68.5,10,0.0,1
4,1262379,-2.5466,39.6,29.22,-62.5,10,0.0,1
4,1263105,-2.2085,39.6,29.22,-62.5,10,0.0,1
4,1263831,-2.2311,39.6,29.22,-62.5,10,0.0,1
4,1264557,-2.0057,39.6,29.22,-68.0,10,0.0,1
4,1265283,-2.5691,40.6,29.22,-62.5,10,0.0,1
4,1266009,-2.3212,39.6,29.23,-62.5,10,0.0,1
4,1266735,-3.2001,39.6,29.22,-62.0,10,0.0,1
4,1267461,-2.9522,40.6,29.23,-68.5,10,0.0,1
4,1268187,-2.4790,39.6,29.23,-62.5,10,0.0,1
4,1268913,-1.8705,39.6,29.23,-62.5,10,0.0,1
4,1269639,-1.6677,40.6,29.22,-62.5,10,0.0,1
4,1270365,-3.4706,40.6,29.23,-62.5,10,0.0,1
4,1271091,-1.9156,40.6,29.22,-62.0,10,0.0,1
4,1271817,-2.1184,40.6,29.22,-62.5,10,0.0,1
4,1272543,-2.4339,40.6,29.22,-68.0,10,0.0,1
4,1273269,-3.0198,39.6,29.22,-62.5,10,0.0,1
4,1273995,-2.0959,39.6,29.23,-62.5,10,0.0,1
4,1274721,-2.9748,39.6,29.22,-68.0,10,0.0,1
4,1275447,-2.5240,40.6,29.22,-68.5,10,0.0,1
4,1276173,-1.7127,40.6,29.22,-62.5,10,0.0,1
4,1276899,-2.1184,39.6,29.23,-62.5,10,0.0,1
4,1277625,-1.8254,40.6,29.22,-68.5,10,0.0,1
4,1278351,-1.8254,40.6,29.22,-68.5,10,0.0,1
4,1279077,-1.7578,39.6,29.22,-68.0,10,0.0,1
4,1279803,-3.3579,39.6,29.23,-62.5,10,0.0,1
4,1280529,-2.8170,39.6,29.22,-62.0,10,0.0,1
4,1281255,-1.8254,40.6,29.23,-62.0,10,0.0,1
4,1281981,-2.0057,39.6,29.23,-68.5,10,0.0,1
4,1282707,-1.6001,39.6,29.23,-62.0,10,0.0,1
4,1283433,-1.4874,39.6,29.23,-68.5,10,0.0,1
4,1284159,-2.0057,39.6,29.22,-68.5,10,0.0,1
4,1284885,-3.3353,39.6,29.23,-62.5,10,0.0,1
4,1285611,-1.3071,39.6,29.22,-62.0,10,0.0,1
4,1286337,-1.3071,39.6,29.22,-62.0,10,0.0,1
4,1287063,-1.8705,39.6,29.22,-62.5,10,0.0,1
4,1287789,-1.3972,39.6,29.23,-62.5,10,0.0,1
4,1288515,-1.3522,39.6,29.23,-68.5,10,0.0,1
4,1289241,-1.8480,40.6,29.22,-62.5,10,0.0,1
4,1289967,-2.7945,39.6,29.23,-62.5,10,0.0,1
4,1290693,-3.1100,39.6,29.23,-68.0,10,0.0,1
4,1291419,-3.0649,40.6,29.22,-62.5,10,0.0,1
4,1292145,-2.6142,39.6,29.23,-62.5,10,0.0,1
4,1292871,-2.9072,38.6,29.23,-62.5,10,0.0,1
4,1293597,-2.2311,39.6,29.23,-62.5,10,0.0,1
4,1294323,-2.2311,39.6,29.23,-62.5,10,0.0,1
4,1295049,-2.4790,39.6,29.24,-68.0,10,0.0,1
4,1295775,-2.9072,39.6,29.23,-62.0,10,0.0,1
4,1296501,-2.2311,39.6,29.23,-68.0,10,0.0,1
4,1297227,-2.2085,39.6,29.23,-68.5,10,0.0,1
4,1297953,-3.0649,39.6,29.23,-62.0,10,0.0,1
4,1298679,-2.5691,39.6,29.23,-62.5,10,0.0,1
4,1299405,-1.4874,40.6,29.23,-68.0,10,0.0,1
4,1300131,-2.7494,39.6,29.23,-62.5,10,0.0,1
4,1300857,-2.7719,39.6,29.23,-62.5,10,0.0,1
4,1301583,-2.6367,39.6,29.23,-62.0,10,0.0,1
4,1302309,-2.6367,39.6,29.23,-62.0,10,0.0,1
4,1303035,-2.5916,39.6,29.23,-68.5,10,0.0,1
4,1303761,-3.4931,40.6,29.23,-68.0,10,0.0,1
4,1304487,-2.4564,40.6,29.23,-68.5,10,0.0,1
4,1305213,-2.9072,39.6,29.23,-62.0,10,0.0,1
4,1305939,-1.8029,38.6,29.23,-68.0,10,0.0,1
4,1306665,-1.7353,39.6,29.23,-62.0,10,0.0,1
4,1307391,-3.3579,39.6,29.24,-62.0,10,0.0,1
4,1308117,-2.1635,39.6,29.24,-62.5,10,0.0,1
4,1308843,-2.0959,39.6,29.23,-62.5,10,0.0,1
4,1309569,-2.7043,39.6,29.23,-62.5,10,0.0,1
4,1310295,-2.7043,38.6,29.23,-62.5,10,0.0,1
4,1311021,-2.5691,39.6,29.23,-62.5,10,0.0,1
4,1311747,-1.5550,39.6,29.23,-68.5,10,0.0,1
4,1312473,-2.3437,39.6,29.23,-62.0,10,0.0,1
4,1313199,-2.6367,40.6,29.23,-62.5,10,0.0,1
4,1313925,-2.9522,40.6,29.23,-62.5,10,0.0,1
4,1314651,-2.1860,40.6,29.23,-68.0,10,0.0,1
4,1315377,-3.1100,39.6,29.23,-62.0,10,0.0,1
4,1316103,-1.9606,39.6,29.23,-62.5,10,0.0,1
4,1316829,-2.3663,39.6,29.23,-62.5,10,0.0,1
4,1317555,-1.9606,39.6,29.23,-62.0,10,0.0,1
4,1318281,-2.2987,39.6,29.23,-62.5,10,0.0,1
4,1319007,-3.2452,39.6,29.23,-62.5,10,0.0,1
4,1319733,-2.3663,39.6,29.23,-62.5,10,0.0,1
4,1320459,-1.7578,39.6,29.23,-68.0,10,0.0,1
4,1321185,-2.6142,39.6,29.23,-68.5,10,0.0,1
4,1321911,-2.3663,39.6,29.23,-62.5,10,0.0,1
4,1322637,-2.4564,39.6,29.23,-62.5,10,0.0,1
4,1323363,-2.5466,39.6,29.23,-62.5,10,0.0,1
4,1324089,-4.6424,39.6,29.23,-62.5,10,0.0,1
4,1324815,-3.5832,39.6,29.23,-62.5,10,0.0,1
4,1325541,-3.1100,40.6,29.23,-68.5,10,0.0,1
4,1326267,-2.8621,40.6,29.23,-62.5,10,0.0,1
4,1326993,-2.5015,40.6,29.23,-62.5,10,0.0,1
4,1327719,-2.6142,40.6,29.23,-68.0,10,0.0,1
4,1328445,-2.2085,39.6,29.24,-62.5,10,0.0,1
4,1329171,-2.7945,39.6,29.24,-62.0,10,0.0,1
4,1329897,-2.5466,39.6,29.24,-68.0,10,0.0,1
4,1330623,-2.5466,40.6,29.24,-62.5,10,0.0,1
4,1331349,-2.5240,40.6,29.24,-62.5,10,0.0,1
4,1332075,-2.5240,39.6,29.24,-62.5,10,0.0,1
4,1332801,-1.7803,39.6,29.24,-62.5,10,0.0,1
4,1333527,-1.8930,39.6,29.24,-68.0,10,0.0,1
4,1334253,-2.2085,39.6,29.24,-63.0,10,0.0,1
4,1334979,-2.8395,39.6,29.23,-62.5,10,0.0,1
4,1335705,-1.2395,39.6,29.24,-62.5,10,0.0,1
4,1336431,-2.2085,38.6,29.24,-62.5,10,0.0,1
4,1337157,-2.8395,39.6,29.23,-68.0,10,0.0,1
4,1337883,-3.3128,39.6,29.24,-68.0,10,0.0,1
4,1338609,-2.1184,39.6,29.24,-62.0,10,0.0,1
4,1339335,-2.1860,39.6,29.23,-62.5,10,0.0,1
4,1340061,-2.1860,39.6,29.24,-62.5,10,0.0,1
4,1340787,-2.8395,39.6,29.24,-62.5,10,0.0,1
4,1341513,-2.7945,39.6,29.24,-62.0,10,0.0,1
4,1342239,-2.7719,39.6,29.24,-62.0,10,0.0,1
4,1342965,-2.8621,39.6,29.24,-68.0,10,0.0,1
4,1343691,-2.0508,40.6,29.24,-68.0,10,0.0,1
4,1344417,-2.5916,39.6,29.24,-68.0,10,0.0,1
4,1345143,-1.3747,40.6,29.24,-68.5,10,0.0,1
4,1345869,-2.0959,39.6,29.24,-62.5,10,0.0,1
4,1346595,-2.1184,39.6,29.24,-68.5,10,0.0,1
4,1347321,-3.0198,39.6,29.24,-62.5,10,0.0,1
4,1348047,-3.0198,39.6,29.24,-62.5,10,0.0,1
4,1348773,-2.7043,40.6,29.24,-68.0,10,0.0,1
4,1349499,-1.8480,39.6,29.24,-62.5,10,0.0,1
4,1350225,-2.3212,39.6,29.24,-62.0,10,0.0,1
4,1350951,-3.2903,40.6,29.24,-68.0,10,0.0,1
4,1351677,-1.9606,40.6,29.24,-62.5,10,0.0,1
4,1352403,-3.2903,39.6,29.24,-62.5,10,0.0,1
4,1353129,-2.2311,39.6,29.24,-62.5,10,0.0,1
4,1353855,-3.1325,39.6,29.23,-68.0,10,0.0,1
4,1354581,-2.2536,39.6,29.24,-62.5,10,0.0,1
4,1355307,-3.3128,38.6,29.24,-62.5,10,0.0,1
4,1356033,-3.3128,38.6,29.24,-62.5,10,0.0,1
4,1356759,-2.3212,39.6,29.24,-68.0,10,0.0,1
4,1357485,-1.6226,39.6,29.24,-68.0,10,0.0,1
4,1358211,-2.6142,38.6,29.24,-62.0,10,0.0,1
4,1358937,-2.3663,39.6,29.23,-62.5,10,0.0,1
4,1359663,-3.2903,39.6,29.24,-68.5,10,0.0,1
4,1360389,-2.7945,40.6,29.23,-62.5,10,0.0,1
4,1361115,-2.3437,39.6,29.24,-68.5,10,0.0,1
4,1361841,-2.0282,38.6,29.23,-68.5,10,0.0,1
4,1362567,-2.1635,39.6,29.23,-62.5,10,0.0,1
4,1363293,-3.0874,39.6,29.23,-62.5,10,0.0,1
4,1364019,-3.0874,40.6,29.24,-62.5,10,0.0,1
4,1364745,-3.1325,40.6,29.23,-62.5,10,0.0,1
4,1365471,-2.4564,39.6,29.24,-68.5,10,0.0,1
4,1366197,-2.3212,40.6,29.24,-62.5,10,0.0,1
4,1366923,-3.3804,40.6,29.24,-68.5,10,0.0,1
4,1367649,-2.5466,40.6,29.24,-62.5,10,0.0,1
4,1368375,-1.5550,40.6,29.24,-68.0,10,0.0,1
4,1369101,-2.8395,40.6,29.24,-62.5,10,0.0,1
4,1369827,-1.6451,39.6,29.24,-68.0,10,0.0,1
4,1370553,-2.7269,40.6,29.24,-62.0,10,0.0,1
4,1371279,-2.2085,39.6,29.25,-68.5,10,0.0,1
4,1372005,-2.8846,39.6,29.24,-68.5,10,0.0,1
4,1372731,-2.2761,39.6,29.25,-62.5,10,0.0,1
4,1373457,-2.4339,39.6,29.24,-68.0,10,0.0,1
4,1374183,-2.5015,39.6,29.24,-68.5,10,0.0,1
4,1374909,-3.4480,39.6,29.24,-62.0,10,0.0,1
4,1375635,-1.4423,40.6,29.24,-62.5,10,0.0,1
4,1376361,-1.4648,40.6,29.24,-62.5,10,0.0,1
4,1377087,-2.4339,40.6,29.24,-62.5,10,0.0,1
4,1377813,-2.8621,40.6,29.24,-68.0,10,0.0,1
4,1378539,-2.6142,40.6,29.24,-62.5,10,0.0,1
4,1379265,-2.1860,39.6,29.24,-62.5,10,0.0,1
4,1379991,-1.3522,38.6,29.24,-63.0,10,0.0,1
4,1380717,-2.2536,39.6,29.24,-68.5,10,0.0,1
4,1381443,-2.5466,39.6,29.25,-62.5,10,0.0,1
4,1382169,-1.6226,39.6,29.25,-62.5,10,0.0,1
4,1382895,-2.5691,39.6,29.24,-68.5,10,0.0,1
4,1383621,-2.8846,39.6,29.24,-62.5,10,0.0,1
4,1384347,-2.8170,40.6,29.24,-62.5,10,0.0,1
4,1385073,-2.3888,40.6,29.24,-68.5,10,0.0,1
4,1385799,-2.3888,39.6,29.24,-68.5,10,0.0,1
4,1386525,-3.1100,39.6,29.25,-62.5,10,0.0,1
4,1387251,-2.2987,40.6,29.24,-68.5,10,0.0,1
4,1387977,-1.1719,40.6,29.24,-62.5,10,0.0,1
4,1388703,-1.3071,39.6,29.24,-62.0,10,0.0,1
4,1389429,-2.2761,40.6,29.24,-62.5,10,0.0,1
4,1390155,-1.3296,40.6,29.24,-68.0,10,0.0,1
4,1390881,-2.9748,40.6,29.24,-62.5,10,0.0,1
4,1391607,-1.6451,39.6,29.24,-68.0,10,0.0,1
4,1392333,-1.5325,39.6,29.24,-62.5,10,0.0,1
4,1393059,-3.0198,40.6,29.24,-68.0,10,0.0,1
4,1393785,-3.0198,40.6,29.24,-68.0,10,0.0,1
4,1394511,-1.8254,39.6,29.24,-68.5,10,0.0,1
4,1395237,-1.4874,39.6,29.25,-62.5,10,0.0,1
4,1395963,-2.6367,39.6,29.24,-62.0,10,0.0,1
4,1396689,-2.8395,39.6,29.24,-62.0,10,0.0,1
4,1397415,-1.8705,39.6,29.24,-62.5,10,0.0,1
4,1398141,-2.5916,40.6,29.25,-62.5,10,0.0,1
4,1398867,-2.9522,40.6,29.25,-68.5,10,0.0,1
4,1399593,-2.9973,40.6,29.25,-62.0,10,0.0,1
4,1400319,-2.8170,40.6,29.25,-68.0,10,0.0,1
4,1401045,-2.0959,39.6,29.25,-68.5,10,0.0,1
4,1401771,-2.0959,39.6,29.24,-68.5,10,0.0,1
4,1402497,-2.1184,39.6,29.25,-68.5,10,0.0,1
4,1403223,-2.5466,39.6,29.24,-62.5,10,0.0,1
4,1403949,-2.4564,40.6,29.25,-68.5,10,0.0,1
4,1404675,-2.5015,39.6,29.25,-68.5,10,0.0,1
4,1405401,-2.1184,39.6,29.25,-62.5,10,0.0,1
4,1406127,-2.3888,39.6,29.24,-62.5,10,0.0,1
4,1406853,-2.5691,39.6,29.24,-62.5,10,0.0,1
4,1407579,-2.0057,40.6,29.24,-68.5,10,0.0,1
4,1408305,-1.6001,40.6,29.25,-62.5,10,0.0,1
4,1409031,-2.3437,40.6,29.25,-68.5,10,0.0,1
4,1409757,-2.3437,39.6,29.24,-68.5,10,0.0,1
4,1410483,-2.0733,39.6,29.25,-62.5,10,0.0,1
4,1411209,-3.0649,39.6,29.25,-62.5,10,0.0,1
4,1411935,-2.2311,39.6,29.25,-62.5,10,0.0,1
4,1412661,-2.1860,40.6,29.24,-62.5,10,0.0,1
4,1413387,-2.5015,40.6,29.25,-62.5,10,0.0,1
4,1414113,-1.6902,39.6,29.25,-68.0,10,0.0,1
4,1414839,-2.6142,39.6,29.25,-68.5,10,0.0,1
4,1415565,-3.0649,40.6,29.25,-62.5,10,0.0,1
4,1416291,-2.2987,40.6,29.24,-68.5,10,0.0,1
4,1417017,-2.4564,39.6,29.25,-68.5,10,0.0,1
4,1417743,-2.4564,40.6,29.25,-68.5,10,0.0,1
4,1418469,-2.6367,39.6,29.24,-62.0,10,0.0,1
4,1419195,-1.4874,40.6,29.25,-62.5,10,0.0,1
4,1419921,-2.0508,39.6,29.25,-68.0,10,0.0,1
4,1420647,-3.3579,40.6,29.24,-62.5,10,0.0,1
4,1421373,-2.5015,39.6,29.24,-68.0,10,0.0,1
4,1422099,-2.0733,39.6,29.25,-62.5,10,0.0,1
4,1422825,-1.6226,39.6,29.25,-68.0,10,0.0,1
4,1423551,-3.4931,39.6,29.25,-62.5,10,0.0,1
4,1424277,-3.2452,40.6,29.25,-62.0,10,0.0,1
4,1425003,-1.2846,40.6,29.25,-68.0,10,0.0,1
4,1425729,-2.0057,40.6,29.25,-62.5,10,0.0,1
4,1426455,-2.6818,40.6,29.25,-62.5,10,0.0,1
4,1427181,-1.5099,39.6,29.25,-68.5,10,0.0,1
4,1427907,-2.4790,39.6,29.25,-62.0,10,0.0,1
4,1428633,-3.3128,40.6,29.25,-62.5,10,0.0,1
4,1429359,-2.6593,39.6,29.25,-62.5,10,0.0,1
4,1430085,-2.0508,39.6,29.25,-62.0,10,0.0,1
4,1430811,-2.7719,40.6,29.25,-62.5,10,0.0,1
4,1431537,-3.3128,39.6,29.25,-68.5,10,0.0,1
4,1432263,-3.2227,40.6,29.25,-62.0,10,0.0,1
4,1432989,-2.8846,40.6,29.25,-62.5,10,0.0,1
4,1433715,-2.0282,40.6,29.25,-62.5,10,0.0,1
4,1434441,-2.6367,39.6,29.25,-62.5,10,0.0,1
4,1435167,-2.4564,39.6,29.25,-62.5,10,0.0,1
4,1435893,-2.4790,39.6,29.25,-68.5,10,0.0,1
4,1436619,-2.8846,39.6,29.25,-62.0,10,0.0,1
4,1437345,-2.1860,39.6,29.25,-68.5,10,0.0,1
4,1438071,-2.6818,39.6,29.25,-62.5,10,0.0,1
4,1438797,-2.2761,40.6,29.25,-68.5,10,0.0,1
4,1439523,-2.2761,40.6,29.25,-68.5,10,0.0,1
4,1440249,-2.6367,39.6,29.25,-62.5,10,0.0,1
4,1440975,-2.5015,39.6,29.25,-62.5,10,0.0,1
4,1441701,-2.2311,38.6,29.25,-62.5,10,0.0,1
4,1442427,-1.6226,38.6,29.25,-68.0,10,0.0,1
4,1443153,-3.0424,39.6,29.25,-68.5,10,0.0,1
4,1443879,-3.1550,39.6,29.25,-62.5,10,0.0,1
4,1444605,-2.9072,38.6,29.25,-62.5,10,0.0,1
4,1445331,-2.2085,39.6,29.25,-62.5,10,0.0,1
4,1446057,-2.6818,39.6,29.25,-68.5,10,0.0,1
4,1446783,-3.2001,38.6,29.25,-62.5,10,0.0,1
4,1447509,-3.2001,38.6,29.25,-62.5,10,0.0,1
4,1448235,-2.3888,39.6,29.25,-62.5,10,0.0,1
4,1448961,-3.2677,39.6,29.26,-62.0,10,0.0,1
4,1449687,-2.9522,40.6,29.26,-62.5,10,0.0,1
4,1450413,-2.3888,40.6,29.26,-62.5,10,0.0,1
4,1451139,-1.8930,39.6,29.25,-62.0,10,0.0,1
4,1451865,-1.2620,40.6,29.26,-62.0,10,0.0,1
4,1452591,-2.4564,40.6,29.26,-62.5,10,0.0,1
4,1453317,-3.4706,40.6,29.25,-62.0,10,0.0,1
4,1454043,-2.4564,38.6,29.26,-68.5,10,0.0,1
4,1454769,-1.5775,39.6,29.26,-62.5,10,0.0,1
4,1455495,-1.5775,39.6,29.25,-62.5,10,0.0,1
4,1456221,-1.1944,39.6,29.26,-68.0,10,0.0,1
4,1456947,-2.0508,40.6,29.25,-68.5,10,0.0,1
4,1457673,-1.7353,40.6,29.26,-62.5,10,0.0,1
4,1458399,-1.6451,40.6,29.26,-62.5,10,0.0,1
4,1459125,-2.4114,39.6,29.26,-62.0,10,0.0,1
4,1459851,-2.0057,39.6,29.25,-62.5,10,0.0,1
4,1460577,-1.7127,39.6,29.26,-62.0,10,0.0,1
4,1461303,-3.2001,40.6,29.25,-62.5,10,0.0,1
4,1462029,-1.4648,40.6,29.26,-62.5,10,0.0,1
4,1462755,-2.8621,40.6,29.25,-62.5,10,0.0,1
4,1463481,-2.8621,40.6,29.25,-62.5,10,0.0,1
4,1464207,-2.7043,40.6,29.25,-68.5,10,0.0,1
4,1464933,-2.4790,40.6,29.26,-62.5,10,0.0,1
4,1465659,-2.1409,40.6,29.25,-62.5,10,0.0,1
4,1466385,-1.8480,39.6,29.25,-62.5,10,0.0,1
4,1467111,-2.0508,39.6,29.25,-62.0,10,0.0,1
4,1467837,-1.3522,39.6,29.26,-62.5,10,0.0,1
4,1468563,-1.9156,40.6,29.26,-68.5,10,0.0,1
4,1469289,-2.4564,40.6,29.26,-63.0,10,0.0,1
4,1470015,-1.7803,39.6,29.26,-62.5,10,0.0,1
4,1470741,-3.2677,39.6,29.26,-68.0,10,0.0,1
4,1471467,-3.2677,39.6,29.26,-68.0,10,0.0,1
4,1472193,-2.4790,39.6,29.26,-62.5,10,0.0,1
4,1472919,-2.3663,40.6,29.26,-68.5,10,0.0,1
4,1473645,-2.3212,40.6,29.25,-62.5,10,0.0,1
4,1474371,-3.3128,40.6,29.25,-62.5,10,0.0,1
4,1475097,-2.7043,40.6,29.26,-68.0,10,0.0,1
4,1475823,-2.4114,40.6,29.26,-68.0,10,0.0,1
4,1476549,-3.1776,39.6,29.26,-62.5,10,0.0,1
4,1477275,-1.3296,39.6,29.26,-68.5,10,0.0,1
4,1478001,-2.5240,39.6,29.26,-68.0,10,0.0,1
4,1478727,-3.1776,40.6,29.26,-62.5,10,0.0,1
4,1479453,-2.1635,40.6,29.26,-62.0,10,0.0,1
4,1480179,-2.5015,40.6,29.26,-68.5,10,0.0,1
4,1480905,-3.0874,40.6,29.26,-68.0,10,0.0,1
4,1481631,-3.2227,40.6,29.26,-62.5,10,0.0,1
4,1482357,-1.7353,40.6,29.26,-62.5,10,0.0,1
4,1483083,-2.2536,40.6,29.26,-62.5,10,0.0,1
4,1483809,-2.0959,40.6,29.26,-68.0,10,0.0,1
4,1484535,-3.0198,40.6,29.26,-62.5,10,0.0,1
4,1485261,-1.5099,39.6,29.26,-62.5,10,0.0,1
4,1485987,-3.1100,39.6,29.26,-62.0,10,0.0,1
4,1486713,-3.3579,40.6,29.26,-62.5,10,0.0,1
4,1487439,-2.2987,40.6,29.26,-62.5,10,0.0,1
4,1488165,-2.2761,40.6,29.26,-62.5,10,0.0,1
4,1488891,-2.2536,40.6,29.26,-62.5,10,0.0,1
4,1489617,-1.8029,40.6,29.26,-68.5,10,0.0,1
4,1490343,-2.7494,40.6,29.26,-68.0,10,0.0,1
4,1491069,-2.8846,39.6,29.26,-62.5,10,0.0,1
4,1491795,-2.7269,40.6,29.26,-62.5,10,0.0,1
4,1492521,-3.0198,40.6,29.26,-62.5,10,0.0,1
4,1493247,-3.0198,40.6,29.26,-62.5,10,0.0,1
4,1493973,-2.2761,40.6,29.26,-62.5,10,0.0,1
4,1494699,-2.0733,40.6,29.25,-62.5,10,0.0,1
4,1495425,-3.0874,40.6,29.26,-62.5,10,0.0,1
4,1496151,-2.3888,40.6,29.26,-62.0,10,0.0,1
4,1496877,-3.2001,40.6,29.26,-68.0,10,0.0,1
4,1497603,-2.3888,40.6,29.26,-62.5,10,0.0,1
4,1498329,-3.5156,40.6,29.26,-68.0,10,0.0,1
4,1499055,-3.1100,40.6,29.26,-68.5,10,0.0,1
4,1499781,-2.8395,40.6,29.26,-62.5,10,0.0,1
4,1500507,-2.6367,40.6,29.26,-68.0,10,0.0,1
4,1501233,-2.6367,40.6,29.26,-68.0,10,0.0,1
4,1501959,-2.0733,40.6,29.26,-62.5,10,0.0,1
4,1502685,-2.1635,40.6,29.26,-62.5,10,0.0,1
4,1503411,-3.2227,40.6,29.26,-68.0,10,0.0,1
4,1504137,-1.1944,40.6,29.26,-62.5,10,0.0,1
4,1504863,-2.5916,39.6,29.26,-62.0,10,0.0,1
4,1505589,-1.9832,40.6,29.26,-68.0,10,0.0,1
4,1506315,-2.0508,40.6,29.26,-68.5,10,0.0,1
4,1507041,-2.5691,40.6,29.26,-68.0,10,0.0,1
4,1507767,-3.0649,40.6,29.26,-62.5,10,0.0,1
4,1508493,-2.3663,40.6,29.26,-62.5,10,0.0,1
4,1509219,-2.3663,40.6,29.26,-62.5,10,0.0,1
4,1509945,-2.2761,39.6,29.26,-68.5,10,0.0,1
4,1510671,-2.0508,39.6,29.26,-62.5,10,0.0,1
4,1511397,-2.6367,39.6,29.26,-62.5,10,0.0,1
4,1512123,-3.4480,39.6,29.26,-62.0,10,0.0,1
4,1512849,-2.9973,40.6,29.26,-62.5,10,0.0,1
4,1513575,-2.2987,39.6,29.26,-68.5,10,0.0,1
4,1514301,-3.0424,40.6,29.26,-68.0,10,0.0,1
4,1515027,-3.2001,40.6,29.26,-68.5,10,0.0,1
4,1515753,-2.3437,40.6,29.26,-68.5,10,0.0,1
4,1516479,-2.9297,40.6,29.27,-62.5,10,0.0,1
4,1517205,-2.9297,39.6,29.26,-62.5,10,0.0,1
4,1517931,-1.6226,39.6,29.26,-62.0,10,0.0,1
4,1518657,-1.6677,39.6,29.26,-62.5,10,0.0,1
4,1519383,-1.9156,39.6,29.26,-62.5,10,0.0,1
4,1520109,-2.2761,40.6,29.26,-62.5,10,0.0,1
4,1520835,-2.7043,39.6,29.26,-62.5,10,0.0,1
4,1521561,-2.0733,39.6,29.26,-62.5,10,0.0,1
4,1522287,-2.6818,39.6,29.26,-62.5,10,0.0,1
4,1523013,-2.7043,39.6,29.26,-62.0,10,0.0,1
4,1523739,-2.4339,40.6,29.26,-62.5,10,0.0,1
4,1524465,-2.3888,39.6,29.26,-62.5,10,0.0,1
4,1525191,-2.3888,39.6,29.27,-62.5,10,0.0,1
4,1525917,-2.4564,38.6,29.26,-62.0,10,0.0,1
4,1526643,-1.7578,39.6,29.26,-62.5,10,0.0,1
4,1527369,-2.7043,39.6,29.26,-68.0,10,0.0,1
4,1528095,-2.1409,39.6,29.27,-62.0,10,0.0,1
4,1528821,-2.9072,39.6,29.27,-68.0,10,0.0,1
4,1529547,-2.5691,39.6,29.26,-62.5,10,0.0,1
4,1530273,-2.9748,40.6,29.26,-62.5,10,0.0,1
4,1530999,-2.6367,40.6,29.27,-62.5,10,0.0,1
4,1531725,-2.0057,39.6,29.26,-68.5,10,0.0,1
4,1532451,-2.4339,40.6,29.26,-62.0,10,0.0,1
4,1533177,-2.4339,40.6,29.27,-62.0,10,0.0,1
4,1533903,-2.2536,40.6,29.26,-68.5,10,0.0,1
4,1534629,-3.2227,40.6,29.26,-68.5,10,0.0,1
4,1535355,-1.9832,39.6,29.27,-68.0,10,0.0,1
4,1536081,-3.0424,40.6,29.27,-62.5,10,0.0,1
4,1536807,-1.3071,40.6,29.27,-68.0,10,0.0,1
4,1537533,-2.4564,40.6,29.26,-68.5,10,0.0,1
4,1538259,-2.0508,39.6,29.26,-62.5,10,0.0,1
4,1538985,-2.6818,39.6,29.26,-68.5,10,0.0,1
4,1539711,-2.1635,40.6,29.26,-62.5,10,0.0,1
4,1540437,-2.1635,40.6,29.26,-68.0,10,0.0,1
4,1541163,-2.3888,40.6,29.27,-62.5,10,0.0,1
4,1541889,-1.7578,40.6,29.27,-68.0,10,0.0,1
4,1542615,-3.1325,40.6,29.26,-68.0,10,0.0,1
4,1543341,-1.8480,40.6,29.27,-68.0,10,0.0,1
4,1544067,-2.4790,40.6,29.27,-62.5,10,0.0,1
4,1544793,-2.0282,40.6,29.27,-68.5,10,0.0,1
4,1545519,-2.7719,40.6,29.27,-62.0,10,0.0,1
4,1546245,-2.2311,40.6,29.26,-62.0,10,0.0,1
4,1546971,-33.7139,40.6,29.26,-62.5,10,0.0,0
4,1547697,-2.9297,40.6,29.27,-62.5,10,0.0,1
4,1548423,-1.8930,39.6,29.26,-62.5,10,0.0,1
4,1549149,-2.9973,40.6,29.26,-62.5,10,0.0,1
4,1549875,-1.6451,40.6,29.27,-62.0,10,0.0,1
4,1550601,-2.8170,40.6,29.27,-68.5,10,0.0,1
4,1551327,-2.1184,40.6,29.27,-68.0,10,0.0,1
4,1552053,-2.7945,39.6,29.27,-62.5,10,0.0,1
4,1552779,-2.6818,39.6,29.27,-62.5,10,0.0,1
4,1553505,-3.2227,39.6,29.27,-68.0,10,0.0,1
4,1554231,-2.9522,39.6,29.27,-62.5,10,0.0,1
4,1554957,-2.9522,40.6,29.27,-62.5,10,0.0,1
4,1555683,-2.1860,40.6,29.27,-68.0,10,0.0,1
4,1556409,-1.4874,39.6,29.27,-62.5,10,0.0,1
4,1557135,-2.7269,39.6,29.27,-62.5,10,0.0,1
4,1557861,-2.5015,39.6,29.27,-68.5,10,0.0,1
4,1558587,-1.8254,39.6,29.27,-68.5,10,0.0,1
4,1559313,-2.5916,40.6,29.27,-62.5,10,0.0,1
4,1560039,-2.8170,39.6,29.27,-62.5,10,0.0,1
4,1560765,-2.3888,39.6,29.27,-68.5,10,0.0,1
4,1561491,-1.8254,39.6,29.27,-62.5,10,0.0,1
4,1562217,-2.4564,40.6,29.27,-62.5,10,0.0,1
4,1562943,-2.4564,39.6,29.27,-62.5,10,0.0,1
4,1563669,-3.2452,40.6,29.27,-62.5,10,0.0,1
4,1564395,-1.7353,40.6,29.27,-68.0,10,0.0,1
4,1565121,-2.9072,40.6,29.27,-62.5,10,0.0,1
4,1565847,-2.9973,40.6,29.27,-62.5,10,0.0,1
4,1566573,-2.5015,40.6,29.27,-68.5,10,0.0,1
4,1567299,-2.3212,40.6,29.27,-68.5,10,0.0,1
4,1568025,-2.1635,40.6,29.27,-68.0,10,0.0,1
4,1568751,-2.0733,40.6,29.27,-68.0,10,0.0,1
4,1569477,-2.7269,40.6,29.27,-62.0,10,0.0,1
4,1570203,-1.9606,39.6,29.27,-68.0,10,0.0,1
4,1570929,-1.9606,39.6,29.27,-68.0,10,0.0,1
4,1571655,-3.2452,39.6,29.27,-62.5,10,0.0,1
4,1572381,-3.2227,39.6,29.27,-62.5,10,0.0,1
4,1573107,-2.1635,39.6,29.27,-68.5,10,0.0,1
4,1573833,-2.7719,40.6,29.27,-62.0,10,0.0,1
4,1574559,-3.0424,39.6,29.27,-68.5,10,0.0,1
4,1575285,-2.0733,39.6,29.27,-62.5,10,0.0,1
4,1576011,-2.9522,39.6,29.27,-62.5,10,0.0,1
4,1576737,-3.1550,40.6,29.27,-68.0,10,0.0,1
4,1577463,-2.4564,40.6,29.27,-62.5,10,0.0,1
4,1578189,-1.9606,39.6,29.27,-62.0,10,0.0,1
4,1578915,-1.9606,39.6,29.27,-62.0,10,0.0,1
4,1579641,-2.4564,38.6,29.28,-62.5,10,0.0,1
4,1580367,-2.4339,39.6,29.28,-62.5,10,0.0,1
4,1581093,-2.0057,39.6,29.28,-68.5,10,0.0,1
4,1581819,-3.0198,39.6,29.27,-62.5,10,0.0,1
5,1582545,-2.8395,39.6,29.27,-62.0,10,0.0,1
5,1583271,-2.4339,39.6,29.27,-62.5,10,0.0,1
5,1583997,-3.0424,39.6,29.27,-62.0,10,0.0,1
5,1584723,-2.4339,40.6,29.27,-62.5,10,0.0,1
5,1585449,-2.3437,40.6,29.27,-62.5,10,0.0,1
5,1586175,-2.5466,40.6,29.28,-68.0,10,0.0,1
5,1586901,-2.5466,40.6,29.27,-68.0,10,0.0,1
5,1587627,-1.4423,39.6,29.28,-68.0,10,0.0,1
5,1588353,-3.3353,40.6,29.27,-62.5,10,0.0,1
5,1589079,-3.0424,40.6,29.27,-62.5,10,0.0,1
5,1589805,-1.8254,40.6,29.27,-62.0,10,0.0,1
5,1590531,-3.2227,40.6,29.27,-62.5,10,0.0,1
5,1591257,-3.2001,39.6,29.27,-62.5,10,0.0,1
5,1591983,-2.9072,39.6,29.27,-68.5,10,0.0,1
5,1592709,-2.9973,39.6,29.27,-62.0,10,0.0,1
5,1593435,-3.3128,39.6,29.27,-68.0,10,0.0,1
5,1594161,-1.6226,39.6,29.28,-62.5,10,0.0,1
5,1594887,-2.3663,39.6,29.28,-68.5,10,0.0,1
5,1595613,-3.6959,39.6,29.28,-62.5,10,0.0,1
5,1596339,-2.4339,39.6,29.28,-62.0,10,0.0,1
5,1597065,-1.6451,40.6,29.28,-68.5,10,0.0,1
5,1597791,-3.6283,40.6,29.28,-68.5,10,0.0,1
5,1598517,-3.1550,40.6,29.27,-62.5,10,0.0,1
5,1599243,-2.5466,40.6,29.28,-62.5,10,0.0,1
5,1599969,-2.5691,40.6,29.27,-68.5,10,0.0,1
5,1600695,-3.0198,40.6,29.27,-68.5,10,0.0,1
5,1601421,-2.1635,39.6,29.28,-62.5,10,0.0,1
5,1602147,-2.0282,39.6,29.28,-62.0,10,0.0,1
5,1602873,-2.3437,39.6,29.28,-62.5,10,0.0,1
5,1603599,-3.2452,39.6,29.28,-68.5,10,0.0,1
5,1604325,-1.9381,40.6,29.28,-68.0,10,0.0,1
5,1605051,-2.0733,40.6,29.27,-62.0,10,0.0,1
5,1605777,-3.2677,40.6,29.28,-62.5,10,0.0,1
5,1606503,-3.3128,40.6,29.28,-68.5,10,0.0,1
5,1607229,-2.0733,40.6,29.28,-68.5,10,0.0,1
5,1607955,-2.9973,40.6,29.28,-62.5,10,0.0,1
5,1608681,-2.9973,40.6,29.28,-62.5,10,0.0,1
5,1609407,-2.2987,40.6,29.28,-62.5,10,0.0,1
5,1610133,-2.4114,40.6,29.28,-62.5,10,0.0,1
5,1610859,-2.8846,40.6,29.28,-62.5,10,0.0,1
5,1611585,-2.6818,39.6,29.28,-68.0,10,0.0,1
5,1612311,-2.1860,40.6,29.28,-62.5,10,0.0,1
5,1613037,-2.5916,39.6,29.27,-62.5,10,0.0,1
5,1613763,-1.3747,40.6,29.28,-62.0,10,0.0,1
5,1614489,-2.4564,39.6,29.28,-68.5,10,0.0,1
5,1615215,-1.7353,39.6,29.28,-68.0,10,0.0,1
5,1615941,-3.1325,40.6,29.28,-62.5,10,0.0,1
5,1616667,-3.1325,40.6,29.28,-62.5,10,0.0,1
5,1617393,-2.0282,40.6,29.27,-68.0,10,0.0,1
5,1618119,-1.6451,39.6,29.28,-68.0,10,0.0,1
5,1618845,-2.4564,38.6,29.28,-62.5,10,0.0,1
5,1619571,-1.5550,39.6,29.28,-62.5,10,0.0,1
5,1620297,-2.6142,39.6,29.28,-68.0,10,0.0,1
5,1621023,-2.2761,39.6,29.28,-68.5,10,0.0,1
5,1621749,-1.2395,40.6,29.27,-68.5,10,0.0,1
5,1622475,-2.8170,40.6,29.28,-68.5,10,0.0,1
5,1623201,-1.9606,40.6,29.28,-62.5,10,0.0,1
5,1623927,-3.2677,39.6,29.28,-68.0,10,0.0,1
5,1624653,-3.2677,39.6,29.28,-68.0,10,0.0,1
5,1625379,-1.3747,38.6,29.28,-62.5,10,0.0,1
5,1626105,-1.9606,38.6,29.28,-62.5,10,0.0,1
5,1626831,-1.5775,39.6,29.28,-68.5,10,0.0,1
5,1627557,-3.0198,39.6,29.28,-62.5,10,0.0,1
5,1628283,-3.1325,39.6,29.28,-62.0,10,0.0,1
5,1629009,-2.5015,39.6,29.28,-68.0,10,0.0,1
5,1629735,-2.6593,40.6,29.29,-62.5,10,0.0,1
5,1630461,-1.7803,40.6,29.28,-68.5,10,0.0,1
5,1631187,-2.6593,40.6,29.29,-62.0,10,0.0,1
5,1631913,-3.3579,40.6,29.28,-62.5,10,0.0,1
5,1632639,-3.3579,40.6,29.28,-62.5,10,0.0,1
5,1633365,-2.2536,39.6,29.28,-62.5,10,0.0,1
5,1634091,-2.6818,40.6,29.28,-62.5,10,0.0,1
5,1634817,-2.4564,40.6,29.28,-62.5,10,0.0,1
5,1635543,-2.5691,40.6,29.29,-62.5,10,0.0,1
5,1636269,-3.6058,40.6,29.29,-62.5,10,0.0,1
5,1636995,-2.5466,40.6,29.29,-62.5,10,0.0,1
5,1637721,-2.1184,40.6,29.28,-68.5,10,0.0,1
5,1638447,-2.9973,40.6,29.29,-62.5,10,0.0,1
5,1639173,-2.2536,40.6,29.29,-68.5,10,0.0,1
5,1639899,-2.2761,40.6,29.29,-62.5,10,0.0,1
5,1640625,-2.2761,39.6,29.29,-62.5,10,0.0,1
5,1641351,-3.1550,40.6,29.29,-68.0,10,0.0,1
5,1642077,-2.1409,40.6,29.28,-62.5,10,0.0,1
5,1642803,-3.1776,40.6,29.28,-62.5,10,0.0,1
5,1643529,-3.1325,39.6,29.28,-62.0,10,0.0,1
5,1644255,-2.2311,40.6,29.28,-62.5,10,0.0,1
5,1644981,-1.6902,39.6,29.28,-62.5,10,0.0,1
5,1645707,-1.9832,40.6,29.28,-62.5,10,0.0,1
5,1646433,-2.0282,39.6,29.28,-62.5,10,0.0,1
5,1647159,-2.3437,40.6,29.28,-68.0,10,0.0,1
5,1647885,-1.6001,40.6,29.29,-62.0,10,0.0,1
5,1648611,-2.1635,40.6,29.28,-62.5,10,0.0,1
5,1649337,-1.6001,40.6,29.28,-68.5,10,0.0,1
5,1650063,-3.2903,40.6,29.28,-68.0,10,0.0,1
5,1650789,-2.3437,40.6,29.28,-68.0,10,0.0,1
5,1651515,-1.8029,40.6,29.29,-62.5,10,0.0,1
5,1652241,-2.3212,40.6,29.29,-62.5,10,0.0,1
5,1652967,-1.3747,39.6,29.29,-62.5,10,0.0,1
5,1653693,-1.9606,39.6,29.28,-68.0,10,0.0,1
5,1654419,-3.8987,38.6,29.28,-62.5,10,0.0,1
5,1655145,-2.2987,39.6,29.29,-62.0,10,0.0,1
5,1655871,-1.2620,38.6,29.28,-62.5,10,0.0,1
5,1656597,-3.0874,39.6,29.28,-62.5,10,0.0,1
5,1657323,-2.5015,39.6,29.29,-68.5,10,0.0,1
5,1658049,-2.0959,39.6,29.28,-62.5,10,0.0,1
5,1658775,-3.1776,39.6,29.28,-62.5,10,0.0,1
5,1659501,-2.0733,39.6,29.28,-62.0,10,0.0,1
5,1660227,-1.5325,39.6,29.28,-62.5,10,0.0,1
5,1660953,-1.4198,39.6,29.29,-62.0,10,0.0,1
5,1661679,-1.8480,39.6,29.28,-62.5,10,0.0,1
5,1662405,-1.8480,40.6,29.29,-62.5,10,0.0,1
5,1663131,-2.9072,40.6,29.28,-62.5,10,0.0,1
5,1663857,-2.6142,40.6,29.28,-62.5,10,0.0,1
5,1664583,-1.7127,39.6,29.28,-62.5,10,0.0,1
5,1665309,-3.0874,39.6,29.28,-62.0,10,0.0,1
5,1666035,-2.7043,40.6,29.29,-62.5,10,0.0,1
5,1666761,-2.0733,40.6,29.29,-68.0,10,0.0,1
5,1667487,-2.4114,39.6,29.28,-68.0,10,0.0,1
5,1668213,-1.7353,39.6,29.28,-62.5,10,0.0,1
5,1668939,-2.4790,39.6,29.28,-62.0,10,0.0,1
5,1669665,-1.8254,39.6,29.28,-62.5,10,0.0,1
5,1670391,-1.8254,39.6,29.29,-62.5,10,0.0,1
5,1671117,-2.6593,39.6,29.29,-62.5,10,0.0,1
5,1671843,-2.2987,40.6,29.29,-62.5,10,0.0,1
5,1672569,-2.2085,40.6,29.29,-62.5,10,0.0,1
5,1673295,-2.3888,40.6,29.29,-68.0,10,0.0,1
5,1674021,-2.1184,40.6,29.29,-68.0,10,0.0,1
5,1674747,-2.8395,39.6,29.29,-68.0,10,0.0,1
5,1675473,-1.6677,39.6,29.29,-62.5,10,0.0,1
5,1676199,-1.8480,38.6,29.29,-68.0,10,0.0,1
5,1676925,-2.3663,38.6,29.29,-62.5,10,0.0,1
5,1677651,-1.6226,38.6,29.29,-68.5,10,0.0,1
5,1678377,-1.6226,39.6,29.29,-68.5,10,0.0,1
5,1679103,-2.2085,39.6,29.29,-62.0,10,0.0,1
5,1679829,-2.6593,39.6,29.29,-62.5,10,0.0,1
5,1680555,-2.2536,39.6,29.29,-68.5,10,0.0,1
5,1681281,-2.9522,40.6,29.29,-62.5,10,0.0,1
5,1682007,-1.3296,40.6,29.29,-62.5,10,0.0,1
5,1682733,-2.8170,39.6,29.29,-68.5,10,0.0,1
5,1683459,-2.5691,39.6,29.29,-68.0,10,0.0,1
5,1684185,-2.5916,39.6,29.29,-62.5,10,0.0,1
5,1684911,-2.4564,39.6,29.29,-62.5,10,0.0,1
5,1685637,-2.7269,39.6,29.29,-62.5,10,0.0,1
5,1686363,-2.7269,39.6,29.29,-62.5,10,0.0,1
5,1687089,-1.7353,40.6,29.29,-68.5,10,0.0,1
5,1687815,-2.2536,39.6,29.29,-62.5,10,0.0,1
5,1688541,-2.2987,40.6,29.29,-62.5,10,0.0,1
5,1689267,-2.4339,40.6,29.28,-62.5,10,0.0,1
5,1689993,-2.1635,40.6,29.29,-68.5,10,0.0,1
5,1690719,-2.7719,40.6,29.29,-68.0,10,0.0,1
5,1691445,-2.7269,40.6,29.29,-68.0,10,0.0,1
5,1692171,-3.3353,40.6,29.29,-62.5,10,0.0,1
5,1692897,-2.8846,39.6,29.29,-62.0,10,0.0,1
5,1693623,-1.7353,40.6,29.30,-62.5,10,0.0,1
5,1694349,-1.7353,39.6,29.29,-62.5,10,0.0,1
5,1695075,-1.5099,39.6,29.29,-68.5,10,0.0,1
5,1695801,-2.1635,39.6,29.29,-68.0,10,0.0,1
5,1696527,-2.2987,39.6,29.29,-68.0,10,0.0,1
5,1697253,-2.4790,40.6,29.30,-68.5,10,0.0,1
5,1697979,-2.3888,40.6,29.29,-62.5,10,0.0,1
5,1698705,-1.9606,39.6,29.29,-62.0,10,0.0,1
5,1699431,-2.2311,39.6,29.29,-68.5,10,0.0,1
5,1700157,-1.8705,39.6,29.29,-68.5,10,0.0,1
5,1700883,-2.7269,39.6,29.29,-62.5,10,0.0,1
5,1701609,-3.0424,38.6,29.29,-62.5,10,0.0,1
5,1702335,-2.3663,39.6,29.29,-62.5,10,0.0,1
5,1703061,-2.5916,40.6,29.29,-68.5,10,0.0,1
5,1703787,-3.4931,39.6,29.30,-62.5,10,0.0,1
5,1704513,-2.1184,39.6,29.29,-62.5,10,0.0,1
5,1705239,-3.0874,39.6,29.30,-62.5,10,0.0,1
5,1705965,-2.4114,39.6,29.30,-62.5,10,0.0,1
5,1706691,-2.1860,38.6,29.29,-68.5,10,0.0,1
5,1707417,-1.4423,39.6,29.29,-62.5,10,0.0,1
5,1708143,-3.1100,39.6,29.29,-62.0,10,0.0,1
5,1708869,-3.8086,39.6,29.29,-62.0,10,0.0,1
5,1709595,-2.3212,39.6,29.29,-68.5,10,0.0,1
5,1710321,-2.2987,39.6,29.29,-68.0,10,0.0,1
5,1711047,-3.4480,40.6,29.29,-62.0,10,0.0,1
5,1711773,-2.7719,40.6,29.29,-62.0,10,0.0,1
5,1712499,-3.1325,39.6,29.29,-62.5,10,0.0,1
5,1713225,-2.1860,39.6,29.29,-62.0,10,0.0,1
5,1713951,-2.2761,39.6,29.29,-68.0,10,0.0,1
5,1714677,-1.8930,39.6,29.29,-68.5,10,0.0,1
5,1715403,-2.4790,39.6,29.29,-62.5,10,0.0,1
5,1716129,-2.4790,39.6,29.29,-62.5,10,0.0,1
5,1716855,-1.8705,39.6,29.30,-62.5,10,0.0,1
5,1717581,-2.2536,39.6,29.29,-62.5,10,0.0,1
5,1718307,-2.1635,40.6,29.29,-68.5,10,0.0,1
5,1719033,-2.2085,39.6,29.29,-68.5,10,0.0,1
5,1719759,-2.6142,40.6,29.30,-68.0,10,0.0,1
5,1720485,-3.0424,40.6,29.29,-62.5,10,0.0,1
5,1721211,-3.2001,40.6,29.29,-68.0,10,0.0,1
5,1721937,-1.8930,40.6,29.29,-62.0,10,0.0,1
5,1722663,-2.2761,40.6,29.29,-62.5,10,0.0,1
5,1723389,-1.7127,40.6,29.29,-67.5,10,0.0,1
5,1724115,-1.7127,40.6,29.30,-67.5,10,0.0,1
5,1724841,-2.3437,40.6,29.30,-62.5,10,0.0,1
5,1725567,-1.8254,40.6,29.30,-68.5,10,0.0,1
5,1726293,-2.6593,40.6,29.30,-62.5,10,0.0,1
5,1727019,-2.7043,40.6,29.30,-68.0,10,0.0,1
5,1727745,-2.3212,40.6,29.30,-62.5,10,0.0,1
5,1728471,-1.8480,39.6,29.30,-68.0,10,0.0,1
5,1729197,-2.4790,39.6,29.30,-68.5,10,0.0,1
5,1729923,-2.7269,38.6,29.30,-62.5,10,0.0,1
5,1730649,-2.4339,39.6,29.30,-62.0,10,0.0,1
5,1731375,-3.3579,39.6,29.30,-62.5,10,0.0,1
5,1732101,-3.3579,39.6,29.30,-62.5,10,0.0,1
5,1732827,-1.6226,39.6,29.30,-62.5,10,0.0,1
5,1733553,-2.2987,39.6,29.30,-68.5,10,0.0,1
5,1734279,-1.8254,40.6,29.30,-68.0,10,0.0,1
5,1735005,-2.4790,39.6,29.29,-68.0,10,0.0,1
5,1735731,-2.4114,39.6,29.30,-68.5,10,0.0,1
5,1736457,-3.0424,40.6,29.30,-62.5,10,0.0,1
5,1737183,-1.5775,40.6,29.29,-68.5,10,0.0,1
5,1737909,-1.6226,40.6,29.30,-62.5,10,0.0,1
5,1738635,-2.0508,40.6,29.30,-68.5,10,0.0,1
5,1739361,-2.9522,39.6,29.30,-62.5,10,0.0,1
5,1740087,-2.9522,39.6,29.29,-62.5,10,0.0,1
5,1740813,-1.7127,40.6,29.30,-62.5,10,0.0,1
5,1741539,-2.0733,39.6,29.30,-68.5,10,0.0,1
5,1742265,-2.4339,39.6,29.30,-68.5,10,0.0,1
5,1742991,-1.8930,40.6,29.29,-62.5,10,0.0,1
5,1743717,-2.3888,39.6,29.30,-62.5,10,0.0,1
5,1744443,-1.6902,39.6,29.30,-68.5,10,0.0,1
5,1745169,-2.2085,40.6,29.29,-62.0,10,0.0,1
5,1745895,-2.1184,40.6,29.30,-62.5,10,0.0,1
5,1746621,-1.7578,40.6,29.30,-62.5,10,0.0,1
5,1747347,-1.4423,40.6,29.30,-62.5,10,0.0,1
5,1748073,-1.4423,39.6,29.30,-62.5,10,0.0,1
5,1748799,-2.0508,39.6,29.30,-68.5,10,0.0,1
5,1749525,-2.0282,39.6,29.29,-62.5,10,0.0,1
5,1750251,-1.2620,40.6,29.30,-62.0,10,0.0,1
5,1750977,-2.2311,39.6,29.30,-68.0,10,0.0,1
5,1751703,-1.5099,39.6,29.29,-62.5,10,0.0,1
5,1752429,-1.7127,39.6,29.30,-62.5,10,0.0,1
5,1753155,-2.4339,39.6,29.30,-62.5,10,0.0,1
5,1753881,-2.2987,39.6,29.30,-62.5,10,0.0,1
5,1754607,-2.2761,40.6,29.30,-62.5,10,0.0,1
5,1755333,-2.5015,40.6,29.30,-62.0,10,0.0,1
5,1756059,-1.6902,39.6,29.30,-62.0,10,0.0,1
5,1756785,-1.7578,39.6,29.30,-62.5,10,0.0,1
5,1757511,-1.4423,40.6,29.30,-68.0,10,0.0,1
5,1758237,-1.9156,40.6,29.30,-62.5,10,0.0,1
5,1758963,-2.1860,40.6,29.30,-62.0,10,0.0,1
5,1759689,-2.2987,40.6,29.30,-62.5,10,0.0,1
5,1760415,-1.6677,40.6,29.30,-68.0,10,0.0,1
5,1761141,-3.4029,40.6,29.30,-62.5,10,0.0,1
5,1761867,-2.4564,39.6,29.30,-68.5,10,0.0,1
5,1762593,-1.9156,40.6,29.30,-62.5,10,0.0,1
5,1763319,-3.2452,40.6,29.30,-68.5,10,0.0,1
5,1764045,-2.5240,40.6,29.30,-62.0,10,0.0,1
5,1764771,-3.1550,39.6,29.31,-62.5,10,0.0,1
5,1765497,-2.9748,39.6,29.30,-62.5,10,0.0,1
5,1766223,-2.6593,39.6,29.30,-62.5,10,0.0,1
5,1766949,-1.9606,39.6,29.31,-62.5,10,0.0,1
5,1767675,-2.0959,39.6,29.30,-62.5,10,0.0,1
5,1768401,-2.8170,39.6,29.30,-68.0,10,0.0,1
5,1769127,-1.4423,39.6,29.31,-68.5,10,0.0,1
5,1769853,3.6959,40.6,29.31,-33.5,10,0.0,0
5,1770579,-2.3437,40.6,29.31,-62.5,10,0.0,1
5,1771305,-3.3579,39.6,29.31,-62.5,10,0.0,1
5,1772031,-1.5325,39.6,29.31,-68.5,10,0.0,1
5,1772757,-3.1100,39.6,29.31,-62.0,10,0.0,1
5,1773483,-2.1184,39.6,29.31,-62.5,10,0.0,1
5,1774209,-1.6677,40.6,29.31,-62.5,10,0.0,1
5,1774935,-2.5916,39.6,29.31,-62.5,10,0.0,1
5,1775661,-3.3128,39.6,29.31,-68.5,10,0.0,1
5,1776387,-2.9522,39.6,29.31,-68.5,10,0.0,1
5,1777113,-3.2227,39.6,29.31,-62.5,10,0.0,1
5,1777839,-3.2227,40.6,29.31,-62.5,10,0.0,1
5,1778565,-2.3212,40.6,29.31,-62.0,10,0.0,1
5,1779291,-2.2761,40.6,29.30,-62.5,10,0.0,1
5,1780017,-1.7353,40.6,29.31,-68.0,10,0.0,1
5,1780743,-2.2311,40.6,29.30,-62.5,10,0.0,1
5,1781469,-3.1550,39.6,29.30,-62.5,10,0.0,1
5,1782195,-2.0057,39.6,29.31,-68.5,10,0.0,1
5,1782921,-2.5015,40.6,29.31,-68.5,10,0.0,1
5,1783647,-3.0649,40.6,29.30,-62.5,10,0.0,1
5,1784373,-2.0733,40.6,29.30,-68.5,10,0.0,1
5,1785099,-1.6677,40.6,29.30,-68.5,10,0.0,1
5,1785825,-1.6677,40.6,29.31,-68.5,10,0.0,1
5,1786551,-2.3212,40.6,29.31,-62.5,10,0.0,1
5,1787277,-1.7127,40.6,29.30,-61.5,10,0.0,1
5,1788003,-2.4339,39.6,29.31,-68.0,10,0.0,1
5,1788729,-2.7043,40.6,29.31,-68.5,10,0.0,1
5,1789455,-2.0733,40.6,29.30,-68.0,10,0.0,1
5,1790181,-2.2085,40.6,29.30,-62.5,10,0.0,1
5,1790907,-2.5240,39.6,29.31,-62.5,10,0.0,1
5,1791633,-1.9832,40.6,29.31,-68.5,10,0.0,1
5,1792359,-2.5240,40.6,29.31,-68.0,10,0.0,1
5,1793085,-3.1100,39.6,29.31,-62.5,10,0.0,1
5,1793811,-3.1100,39.6,29.31,-62.5,10,0.0,1
5,1794537,-2.1860,39.6,29.31,-62.5,10,0.0,1
5,1795263,-2.4790,39.6,29.31,-62.5,10,0.0,1
5,1795989,-2.5015,39.6,29.31,-62.5,10,0.0,1
5,1796715,-2.4564,39.6,29.31,-62.0,10,0.0,1
5,1797441,-2.4339,39.6,29.31,-68.5,10,0.0,1
5,1798167,-2.5240,39.6,29.31,-68.0,10,0.0,1
5,1798893,-2.3888,40.6,29.31,-68.0,10,0.0,1
5,1799619,-2.4114,40.6,29.31,-62.5,10,0.0,1
5,1800345,-2.1184,40.6,29.31,-68.0,10,0.0,1
5,1801071,-2.2761,40.6,29.31,-68.0,10,0.0,1
5,1801797,-2.2761,40.6,29.31,-68.0,10,0.0,1
5,1802523,-1.7803,40.6,29.31,-68.0,10,0.0,1
5,1803249,-2.2311,39.6,29.31,-68.0,10,0.0,1
5,1803975,-2.7494,39.6,29.30,-62.5,10,0.0,1
5,1804701,-3.0649,39.6,29.31,-62.0,10,0.0,1
5,1805427,-2.5691,40.6,29.31,-68.0,10,0.0,1
5,1806153,-2.5015,40.6,29.31,-62.5,10,0.0,1
5,1806879,-1.7578,40.6,29.31,-68.0,10,0.0,1
5,1807605,-2.2085,40.6,29.31,-62.0,10,0.0,1
5,1808331,-2.7494,40.6,29.31,-68.5,10,0.0,1
5,1809057,-1.6451,40.6,29.31,-62.0,10,0.0,1
5,1809783,-1.6451,40.6,29.31,-62.0,10,0.0,1
5,1810509,-1.1944,40.6,29.31,-62.5,10,0.0,1
5,1811235,-2.2761,40.6,29.32,-68.0,10,0.0,1
5,1811961,-1.5775,39.6,29.32,-62.5,10,0.0,1
5,1812687,-2.0733,39.6,29.32,-63.0,10,0.0,1
5,1813413,-2.2761,39.6,29.31,-62.5,10,0.0,1
5,1814139,-2.5015,39.6,29.31,-62.5,10,0.0,1
5,1814865,-2.6367,39.6,29.31,-62.5,10,0.0,1
5,1815591,-2.7494,40.6,29.31,-62.0,10,0.0,1
5,1816317,-2.4339,39.6,29.31,-62.5,10,0.0,1
5,1817043,-2.2085,39.6,29.31,-62.0,10,0.0,1
5,1817769,-1.7803,39.6,29.31,-62.5,10,0.0,1
5,1818495,-2.2987,40.6,29.31,-68.0,10,0.0,1
5,1819221,-2.6593,40.6,29.31,-62.0,10,0.0,1
5,1819947,-2.5916,40.6,29.31,-68.5,10,0.0,1
5,1820673,-2.3437,39.6,29.31,-62.0,10,0.0,1
5,1821399,-2.7043,40.6,29.31,-62.0,10,0.0,1
5,1822125,-1.5099,39.6,29.31,-68.5,10,0.0,1
5,1822851,-2.4564,39.6,29.31,-68.0,10,0.0,1
5,1823577,-43.5622,39.6,29.31,-62.5,10,0.0,0
5,1824303,-2.7043,39.6,29.31,-62.5,10,0.0,1
5,1825029,-2.9072,40.6,29.31,-62.5,10,0.0,1
5,1825755,-2.3437,40.6,29.30,-62.5,10,0.0,1
5,1826481,-1.4648,39.6,29.31,-62.0,10,0.0,1
5,1827207,-1.5099,39.6,29.30,-68.5,10,0.0,1
5,1827933,-2.1635,39.6,29.31,-62.5,10,0.0,1
5,1828659,-2.6367,39.6,29.31,-68.0,10,0.0,1
5,1829385,-2.4564,39.6,29.31,-62.5,10,0.0,1
5,1830111,-2.5240,39.6,29.31,-62.5,10,0.0,1
5,1830837,-2.3888,39.6,29.30,-62.5,10,0.0,1
5,1831563,-2.3888,39.6,29.31,-62.5,10,0.0,1
5,1832289,-2.0282,40.6,29.31,-68.5,10,0.0,1
5,1833015,-1.4874,40.6,29.31,-62.5,10,0.0,1
5,1833741,-2.1635,40.6,29.31,-68.5,10,0.0,1
5,1834467,-1.6677,40.6,29.31,-62.5,10,0.0,1
5,1835193,-2.5466,39.6,29.31,-68.0,10,0.0,1
5,1835919,-1.9381,39.6,29.31,-62.5,10,0.0,1
5,1836645,-2.3663,39.6,29.31,-68.5,10,0.0,1
5,1837371,-2.7719,40.6,29.31,-62.5,10,0.0,1
5,1838097,-2.5466,39.6,29.31,-62.5,10,0.0,1
5,1838823,-1.6902,40.6,29.31,-68.5,10,0.0,1
5,1839549,-1.6902,40.6,29.31,-68.5,10,0.0,1
5,1840275,-1.8930,39.6,29.31,-62.5,10,0.0,1
5,1841001,-2.1635,40.6,29.30,-62.5,10,0.0,1
5,1841727,-1.8029,40.6,29.31,-68.5,10,0.0,1
5,1842453,-2.2761,39.6,29.31,-68.0,10,0.0,1
5,1843179,-2.3437,39.6,29.31,-62.0,10,0.0,1
5,1843905,-2.4114,39.6,29.31,-68.5,10,0.0,1
5,1844631,-2.3212,39.6,29.31,-68.5,10,0.0,1
5,1845357,-2.5240,40.6,29.32,-62.5,10,0.0,1
5,1846083,-2.8170,39.6,29.31,-62.5,10,0.0,1
5,1846809,-2.1860,39.6,29.32,-62.5,10,0.0,1
5,1847535,-2.1860,39.6,29.32,-62.5,10,0.0,1
5,1848261,-3.2903,39.6,29.31,-62.0,10,0.0,1
5,1848987,-2.4790,39.6,29.31,-68.0,10,0.0,1
5,1849713,-1.9156,39.6,29.31,-68.5,10,0.0,1
5,1850439,-2.1184,39.6,29.32,-68.5,10,0.0,1
5,1851165,-2.4564,40.6,29.31,-68.0,10,0.0,1
5,1851891,-3.0649,40.6,29.31,-68.5,10,0.0,1
5,1852617,-1.8480,40.6,29.31,-62.5,10,0.0,1
5,1853343,-2.8395,40.6,29.31,-68.5,10,0.0,1
5,1854069,-1.7127,40.6,29.31,-62.5,10,0.0,1
5,1854795,-3.0198,40.6,29.31,-62.5,10,0.0,1
5,1855521,-3.0198,40.6,29.31,-62.5,10,0.0,1
5,1856247,-2.9973,39.6,29.31,-62.5,10,0.0,1
5,1856973,-1.4423,39.6,29.32,-62.5,10,0.0,1
5,1857699,-2.5466,39.6,29.31,-68.0,10,0.0,1
5,1858425,-2.8395,39.6,29.31,-62.5,10,0.0,1
5,1859151,-2.8395,39.6,29.32,-68.5,10,0.0,1
5,1859877,-3.0874,40.6,29.32,-62.0,10,0.0,1
5,1860603,-2.6593,40.6,29.32,-62.5,10,0.0,1
5,1861329,-2.4339,40.6,29.32,-68.5,10,0.0,1
5,1862055,-2.3437,40.6,29.31,-68.0,10,0.0,1
5,1862781,-2.0057,40.6,29.31,-62.5,10,0.0,1
5,1863507,-2.0057,40.6,29.31,-62.5,10,0.0,1
5,1864233,-2.7945,40.6,29.32,-62.5,10,0.0,1
5,1864959,-1.7353,39.6,29.31,-62.5,10,0.0,1
5,1865685,-2.0959,40.6,29.31,-68.5,10,0.0,1
5,1866411,-2.2761,39.6,29.31,-68.0,10,0.0,1
5,1867137,-1.4198,39.6,29.31,-68.0,10,0.0,1
5,1867863,-3.4480,40.6,29.31,-62.5,10,0.0,1
5,1868589,-2.5240,40.6,29.31,-68.5,10,0.0,1
5,1869315,-2.2761,39.6,29.31,-62.0,10,0.0,1
5,1870041,-1.2169,39.6,29.32,-68.0,10,0.0,1
5,1870767,-2.9748,40.6,29.31,-68.5,10,0.0,1
5,1871493,-3.2452,40.6,29.31,-62.0,10,0.0,1
5,1872219,-1.7127,39.6,29.31,-68.0,10,0.0,1
5,1872945,-2.2536,39.6,29.32,-62.5,10,0.0,1
5,1873671,-2.5916,40.6,29.32,-68.5,10,0.0,1
5,1874397,-2.9072,40.6,29.32,-62.5,10,0.0,1
5,1875123,-1.8705,40.6,29.32,-62.5,10,0.0,1
5,1875849,-2.5691,40.6,29.31,-62.5,10,0.0,1
5,1876575,-2.1184,40.6,29.32,-62.5,10,0.0,1
5,1877301,-5.7242,40.6,29.32,-62.0,10,0.0,0
5,1878027,-3.3804,40.6,29.31,-62.5,10,0.0,1
5,1878753,-1.4874,40.6,29.32,-62.5,10,0.0,1
5,1879479,-2.4339,39.6,29.32,-68.0,10,0.0,1
5,1880205,-2.5691,39.6,29.31,-68.0,10,0.0,1
5,1880931,-3.0649,40.6,29.32,-62.5,10,0.0,1
5,1881657,-2.9522,40.6,29.32,-62.5,10,0.0,1
5,1882383,-3.3128,40.6,29.32,-62.5,10,0.0,1
5,1883109,-2.6142,40.6,29.32,-68.5,10,0.0,1
5,1883835,-2.4564,40.6,29.31,-68.0,10,0.0,1
5,1884561,-2.1860,39.6,29.32,-67.5,10,0.0,1
5,1885287,-2.1860,39.6,29.32,-67.5,10,0.0,1
5,1886013,-3.2001,39.6,29.32,-68.5,10,0.0,1
5,1886739,-2.5691,39.6,29.32,-62.5,10,0.0,1
5,1887465,-3.2452,39.6,29.31,-62.5,10,0.0,1
5,1888191,-2.9748,39.6,29.31,-62.5,10,0.0,1
5,1888917,-3.1100,39.6,29.32,-62.5,10,0.0,1
5,1889643,-2.7269,39.6,29.32,-68.0,10,0.0,1
5,1890369,-1.8705,39.6,29.32,-62.5,10,0.0,1
5,1891095,-1.8254,39.6,29.32,-68.5,10,0.0,1
5,1891821,-2.4564,39.6,29.32,-62.0,10,0.0,1
5,1892547,-2.1860,39.6,29.32,-62.5,10,0.0,1
5,1893273,-2.1860,39.6,29.32,-62.5,10,0.0,1
5,1893999,-1.5775,40.6,29.31,-68.5,10,0.0,1
5,1894725,-1.7803,40.6,29.32,-68.5,10,0.0,1
5,1895451,-3.0874,39.6,29.32,-62.5,10,0.0,1
5,1896177,-2.4114,40.6,29.32,-68.5,10,0.0,1
5,1896903,-3.2001,40.6,29.32,-62.5,10,0.0,1
5,1897629,-1.8930,40.6,29.32,-68.0,10,0.0,1
5,1898355,-3.2903,40.6,29.32,-62.0,10,0.0,1
5,1899081,-2.2536,40.6,29.32,-62.5,10,0.0,1
5,1899807,-3.0874,40.6,29.32,-62.5,10,0.0,1
5,1900533,-1.7127,40.6,29.32,-62.5,10,0.0,1
5,1901259,-1.7127,39.6,29.32,-62.5,10,0.0,1
5,1901985,-2.5466,39.6,29.32,-62.5,10,0.0,1
5,1902711,-2.8170,39.6,29.32,-62.5,10,0.0,1
5,1903437,-2.7719,40.6,29.32,-62.5,10,0.0,1
5,1904163,-2.4114,39.6,29.32,-62.5,10,0.0,1
5,1904889,-2.4564,40.6,29.32,-62.5,10,0.0,1
5,1905615,-2.3888,40.6,29.32,-62.5,10,0.0,1
5,1906341,-1.3296,40.6,29.32,-68.5,10,0.0,1
5,1907067,-3.1325,39.6,29.32,-68.0,10,0.0,1
5,1907793,-1.5325,39.6,29.32,-62.5,10,0.0,1
5,1908519,-1.7803,40.6,29.32,-62.5,10,0.0,1
5,1909245,-1.7803,40.6,29.32,-62.5,10,0.0,1
5,1909971,-2.0508,39.6,29.32,-68.5,10,0.0,1
5,1910697,-3.0874,40.6,29.32,-62.5,10,0.0,1
5,1911423,-3.3353,40.6,29.32,-62.5,10,0.0,1
5,1912149,-2.2761,40.6,29.32,-68.5,10,0.0,1
5,1912875,-1.6001,40.6,29.32,-62.5,10,0.0,1
5,1913601,-2.9973,40.6,29.32,-68.5,10,0.0,1
5,1914327,-3.0198,40.6,29.32,-68.0,10,0.0,1
5,1915053,-2.5466,40.6,29.33,-62.5,10,0.0,1
5,1915779,-1.3972,40.6,29.33,-62.5,10,0.0,1
5,1916505,-3.3128,40.6,29.33,-68.0,10,0.0,1
5,1917231,-3.3128,40.6,29.33,-68.0,10,0.0,1
5,1917957,-2.3663,40.6,29.33,-62.5,10,0.0,1
5,1918683,-2.2085,40.6,29.33,-62.5,10,0.0,1
5,1919409,-1.8029,40.6,29.33,-62.5,10,0.0,1
5,1920135,-2.0733,40.6,29.33,-68.0,10,0.0,1
5,1920861,-2.3212,40.6,29.33,-62.5,10,0.0,1
5,1921587,-3.2452,39.6,29.33,-68.0,10,0.0,1
5,1922313,-1.4874,40.6,29.32,-62.5,10,0.0,1
5,1923039,-1.7803,40.6,29.32,-68.5,10,0.0,1
5,1923765,-1.5550,39.6,29.32,-68.5,10,0.0,1
5,1924491,-2.3888,39.6,29.33,-62.5,10,0.0,1
5,1925217,-1.2169,39.6,29.32,-62.5,10,0.0,1
5,1925943,-2.4339,39.6,29.32,-68.5,10,0.0,1
5,1926669,-3.0874,39.6,29.32,-68.5,10,0.0,1
5,1927395,-2.3212,39.6,29.33,-62.5,10,0.0,1
5,1928121,-3.2677,39.6,29.32,-62.5,10,0.0,1
5,1928847,-2.2987,39.6,29.32,-68.0,10,0.0,1
5,1929573,-2.6367,40.6,29.33,-62.5,10,0.0,1
5,1930299,-1.5325,39.6,29.33,-68.0,10,0.0,1
5,1931025,-3.1776,40.6,29.33,-62.5,10,0.0,1
5,1931751,-2.8170,40.6,29.33,-62.0,10,0.0,1
5,1932477,-2.8846,39.6,29.32,-62.5,10,0.0,1
5,1933203,-2.4790,40.6,29.32,-62.5,10,0.0,1
5,1933929,-3.6959,39.6,29.32,-68.5,10,0.0,1
5,1934655,-1.6677,39.6,29.33,-68.0,10,0.0,1
5,1935381,-2.2536,39.6,29.32,-68.5,10,0.0,1
5,1936107,-1.7803,39.6,29.33,-62.0,10,0.0,1
5,1936833,-3.0874,39.6,29.32,-62.0,10,0.0,1
5,1937559,-2.5916,39.6,29.33,-68.5,10,0.0,1
5,1938285,-3.0649,40.6,29.33,-62.5,10,0.0,1
5,1939011,-3.0649,39.6,29.32,-62.5,10,0.0,1
5,1939737,-3.2452,40.6,29.32,-62.5,10,0.0,1
5,1940463,-3.0874,39.6,29.32,-68.5,10,0.0,1
5,1941189,-1.2846,39.6,29.32,-62.5,10,0.0,1
5,1941915,-1.9606,39.6,29.32,-62.5,10,0.0,1
5,1942641,-2.7269,39.6,29.33,-68.5,10,0.0,1
5,1943367,-2.8170,39.6,29.32,-62.5,10,0.0,1
5,1944093,-2.0508,39.6,29.32,-68.5,10,0.0,1
5,1944819,-2.0057,40.6,29.32,-62.5,10,0.0,1
6,1945545,-1.6001,40.6,29.32,-68.5,10,0.0,1
6,1946271,-2.0733,40.6,29.33,-62.5,10,0.0,1
6,1946997,-2.0733,40.6,29.32,-62.5,10,0.0,1
6,1947723,-2.0959,39.6,29.32,-68.5,10,0.0,1
6,1948449,-2.1635,39.6,29.32,-68.5,10,0.0,1
6,1949175,-1.9832,39.6,29.32,-68.0,10,0.0,1
6,1949901,-1.4874,39.6,29.32,-62.5,10,0.0,1
6,1950627,-2.0959,39.6,29.33,-68.0,10,0.0,1
6,1951353,-2.1860,39.6,29.32,-62.5,10,0.0,1
6,1952079,-2.6593,39.6,29.32,-68.5,10,0.0,1
6,1952805,-2.0508,40.6,29.32,-68.5,10,0.0,1
6,1953531,-1.9156,40.6,29.32,-62.5,10,0.0,1
6,1954257,-2.8395,40.6,29.33,-62.5,10,0.0,1
6,1954983,-2.8395,40.6,29.32,-62.5,10,0.0,1
6,1955709,-1.8029,40.6,29.33,-62.5,10,0.0,1
6,1956435,-2.4564,39.6,29.32,-62.5,10,0.0,1
6,1957161,-2.1184,40.6,29.32,-62.5,10,0.0,1
6,1957887,-1.8029,39.6,29.33,-62.5,10,0.0,1
6,1958613,-2.9072,39.6,29.32,-62.5,10,0.0,1
6,1959339,-1.6001,39.6,29.33,-62.5,10,0.0,1
6,1960065,-3.1550,39.6,29.33,-62.0,10,0.0,1
6,1960791,-2.2987,39.6,29.33,-68.0,10,0.0,1
6,1961517,-2.4114,38.6,29.33,-68.0,10,0.0,1
6,1962243,-3.4029,39.6,29.33,-62.0,10,0.0,1
6,1962969,-3.4029,39.6,29.33,-62.0,10,0.0,1
6,1963695,-2.4114,39.6,29.33,-68.5,10,0.0,1
6,1964421,-1.4198,39.6,29.33,-68.0,10,0.0,1
6,1965147,-2.2987,39.6,29.33,-68.5,10,0.0,1
6,1965873,-2.7719,39.6,29.32,-68.5,10,0.0,1
6,1966599,-1.9832,39.6,29.32,-62.5,10,0.0,1
6,1967325,-2.5466,40.6,29.32,-68.5,10,0.0,1
6,1968051,-3.3579,40.6,29.33,-62.0,10,0.0,1
6,1968777,-1.7578,39.6,29.33,-62.5,10,0.0,1
6,1969503,-2.2761,39.6,29.33,-68.5,10,0.0,1
6,1970229,-2.1409,40.6,29.32,-62.5,10,0.0,1
6,1970955,-2.1409,40.6,29.33,-62.5,10,0.0,1
6,1971681,-2.7494,40.6,29.32,-62.5,10,0.0,1
6,1972407,-1.4874,40.6,29.33,-62.5,10,0.0,1
6,1973133,-2.0282,40.6,29.33,-62.5,10,0.0,1
6,1973859,-2.7945,40.6,29.33,-68.0,10,0.0,1
6,1974585,-3.1550,40.6,29.33,-62.5,10,0.0,1
6,1975311,-1.3522,39.6,29.33,-68.0,10,0.0,1
6,1976037,-3.1100,39.6,29.33,-68.5,10,0.0,1
6,1976763,-1.9606,39.6,29.33,-62.5,10,0.0,1
6,1977489,-2.8170,39.6,29.33,-68.0,10,0.0,1
6,1978215,-1.7127,39.6,29.33,-68.5,10,0.0,1
6,1978941,-2.7719,40.6,29.33,-62.5,10,0.0,1
6,1979667,-1.8705,40.6,29.33,-68.0,10,0.0,1
6,1980393,-2.5466,40.6,29.33,-62.0,10,0.0,1
6,1981119,-1.7127,40.6,29.33,-62.5,10,0.0,1
6,1981845,-2.5691,40.6,29.33,-62.5,10,0.0,1
6,1982571,-2.1635,39.6,29.33,-62.0,10,0.0,1
6,1983297,-1.5550,39.6,29.33,-62.0,10,0.0,1
6,1984023,-1.8029,39.6,29.33,-62.5,10,0.0,1
6,1984749,-4.8002,40.6,29.33,-62.0,10,0.0,1
6,1985475,-3.4029,40.6,29.33,-62.0,10,0.0,1
6,1986201,-2.1184,39.6,29.33,-68.5,10,0.0,1
6,1986927,-2.0959,39.6,29.33,-68.0,10,0.0,1
6,1987653,-2.2536,40.6,29.33,-68.5,10,0.0,1
6,1988379,-3.2001,40.6,29.33,-62.5,10,0.0,1
6,1989105,-1.2846,40.6,29.33,-62.5,10,0.0,1
6,1989831,-1.3522,40.6,29.33,-62.5,10,0.0,1
6,1990557,-2.7719,40.6,29.33,-68.5,10,0.0,1
6,1991283,-1.7353,40.6,29.33,-62.5,10,0.0,1
6,1992009,-2.7043,40.6,29.33,-68.0,10,0.0,1
6,1992735,-2.7043,40.6,29.33,-68.0,10,0.0,1
6,1993461,-2.5015,40.6,29.33,-62.5,10,0.0,1
6,1994187,-3.2452,40.6,29.33,-62.5,10,0.0,1
6,1994913,-2.8170,40.6,29.33,-62.5,10,0.0,1
6,1995639,-1.7578,40.6,29.33,-68.0,10,0.0,1
6,1996365,-3.2001,40.6,29.33,-62.5,10,0.0,1
6,1997091,-3.2001,40.6,29.33,-62.5,10,0.0,1
6,1997817,-1.5775,40.6,29.33,-62.5,10,0.0,1
6,1998543,-1.3747,39.6,29.33,-62.5,10,0.0,1
6,1999269,-2.3888,39.6,29.33,-62.5,10,0.0,1
6,1999995,-3.6058,39.6,29.34,-68.0,10,0.0,1
6,2000721,-3.6058,39.6,29.34,-68.0,10,0.0,1
6,2001447,-2.8395,39.6,29.34,-62.5,10,0.0,1
6,2002173,-3.1776,39.6,29.34,-68.5,10,0.0,1
6,2002899,-2.5240,40.6,29.34,-68.5,10,0.0,1
6,2003625,-2.9522,40.6,29.34,-62.5,10,0.0,1
6,2004351,-3.0198,40.6,29.34,-62.5,10,0.0,1
6,2005077,-2.4790,39.6,29.34,-68.5,10,0.0,1
6,2005803,-2.4790,39.6,29.34,-62.5,10,0.0,1
6,2006529,-3.1325,40.6,29.34,-62.5,10,0.0,1
6,2007255,-1.9832,40.6,29.34,-68.5,10,0.0,1
6,2007981,-2.6367,40.6,29.34,-62.5,10,0.0,1
6,2008707,-2.6367,40.6,29.34,-62.5,10,0.0,1
6,2009433,-2.2761,40.6,29.33,-68.5,10,0.0,1
6,2010159,-1.7127,40.6,29.34,-62.5,10,0.0,1
6,2010885,-1.6226,40.6,29.34,-62.5,10,0.0,1
6,2011611,-3.3353,40.6,29.34,-62.5,10,0.0,1
6,2012337,-2.0057,40.6,29.34,-62.0,10,0.0,1
6,2013063,-2.7494,40.6,29.33,-62.5,10,0.0,1
6,2013789,-1.2846,40.6,29.33,-62.5,10,0.0,1
6,2014515,-2.0508,40.6,29.34,-62.5,10,0.0,1
6,2015241,-1.5775,40.6,29.34,-68.5,10,0.0,1
6,2015967,-1.7127,40.6,29.34,-61.0,10,0.0,1
6,2016693,-1.7127,40.6,29.34,-61.0,10,0.0,1
6,2017419,-2.6593,40.6,29.34,-62.5,10,0.0,1
6,2018145,-2.8395,39.6,29.33,-62.5,10,0.0,1
6,2018871,-2.2536,39.6,29.34,-68.5,10,0.0,1
6,2019597,-2.4114,40.6,29.34,-68.0,10,0.0,1
6,2020323,-2.5240,40.6,29.34,-62.5,10,0.0,1
6,2021049,-2.5691,40.6,29.34,-68.5,10,0.0,1
6,2021775,-2.6593,40.6,29.34,-68.5,10,0.0,1
6,2022501,-2.1635,40.6,29.34,-68.0,10,0.0,1
6,2023227,-1.4648,40.6,29.34,-62.0,10,0.0,1
6,2023953,-2.7945,39.6,29.34,-68.0,10,0.0,1
6,2024679,-2.7945,39.6,29.34,-68.0,10,0.0,1
6,2025405,-2.5691,39.6,29.34,-68.0,10,0.0,1
6,2026131,-1.9156,39.6,29.34,-62.5,10,0.0,1
6,2026857,-3.1325,40.6,29.34,-62.5,10,0.0,1
6,2027583,-3.2227,39.6,29.34,-62.5,10,0.0,1
6,2028309,-2.1409,39.6,29.34,-68.5,10,0.0,1
6,2029035,-2.6593,40.6,29.33,-62.5,10,0.0,1
6,2029761,-2.4564,39.6,29.33,-62.5,10,0.0,1
6,2030487,-2.1635,39.6,29.34,-62.5,10,0.0,1
6,2031213,-1.7353,40.6,29.34,-68.0,10,0.0,1
6,2031939,-3.0649,40.6,29.34,-68.5,10,0.0,1
6,2032665,-2.1635,40.6,29.34,-68.0,10,0.0,1
6,2033391,-2.7269,39.6,29.34,-69.0,10,0.0,1
6,2034117,-3.6058,39.6,29.34,-62.5,10,0.0,1
6,2034843,-2.3888,39.6,29.34,-62.0,10,0.0,1
6,2035569,-2.0733,39.6,29.34,-62.5,10,0.0,1
6,2036295,-3.3128,39.6,29.33,-62.0,10,0.0,1
6,2037021,-2.8621,39.6,29.34,-62.0,10,0.0,1
6,2037747,-2.2987,39.6,29.34,-62.5,10,0.0,1
6,2038473,-1.5099,40.6,29.33,-62.5,10,0.0,1
6,2039199,-2.0282,40.6,29.34,-62.5,10,0.0,1
6,2039925,-2.3212,40.6,29.34,-62.5,10,0.0,1
6,2040651,-1.6226,40.6,29.34,-62.5,10,0.0,1
6,2041377,-2.9297,40.6,29.34,-68.5,10,0.0,1
6,2042103,-1.8930,40.6,29.34,-62.0,10,0.0,1
6,2042829,-2.2536,40.6,29.33,-68.5,10,0.0,1
6,2043555,-1.8029,40.6,29.34,-62.5,10,0.0,1
6,2044281,-2.2761,39.6,29.34,-68.5,10,0.0,1
6,2045007,-3.0649,39.6,29.34,-62.0,10,0.0,1
6,2045733,-2.3888,39.6,29.34,-62.5,10,0.0,1
6,2046459,-22.7389,39.6,29.34,-31.0,10,0.0,0
6,2047185,-2.4790,39.6,29.34,-62.5,10,0.0,1
6,2047911,-2.5691,39.6,29.34,-62.5,10,0.0,1
6,2048637,-2.1635,39.6,29.34,-62.0,10,0.0,1
6,2049363,-2.4114,39.6,29.34,-62.5,10,0.0,1
6,2050089,-2.1635,39.6,29.34,-68.0,10,0.0,1
6,2050815,-2.3437,39.6,29.34,-62.0,10,0.0,1
6,2051541,-2.4564,39.6,29.34,-62.0,10,0.0,1
6,2052267,-2.1635,39.6,29.34,-62.0,10,0.0,1
6,2052993,-2.6367,39.6,29.34,-62.5,10,0.0,1
6,2053719,-2.3888,40.6,29.34,-68.5,10,0.0,1
6,2054445,-2.3888,40.6,29.34,-68.5,10,0.0,1
6,2055171,-2.2536,40.6,29.34,-62.5,10,0.0,1
6,2055897,-2.3212,40.6,29.34,-62.5,10,0.0,1
6,2056623,-1.5325,40.6,29.34,-62.0,10,0.0,1
6,2057349,-2.7719,39.6,29.34,-62.5,10,0.0,1
6,2058075,-2.2311,39.6,29.34,-68.0,10,0.0,1
6,2058801,-2.0733,39.6,29.34,-68.5,10,0.0,1
6,2059527,-2.2536,40.6,29.34,-62.0,10,0.0,1
6,2060253,-1.5099,39.6,29.34,-62.5,10,0.0,1
6,2060979,-2.7719,40.6,29.34,-62.0,10,0.0,1
6,2061705,-2.8621,40.6,29.34,-62.0,10,0.0,1
6,2062431,-2.8621,40.6,29.34,-62.0,10,0.0,1
6,2063157,-3.1550,40.6,29.34,-62.5,10,0.0,1
6,2063883,-1.6451,40.6,29.34,-62.5,10,0.0,1
6,2064609,-1.6902,40.6,29.34,-62.5,10,0.0,1
6,2065335,-3.1325,40.6,29.34,-62.5,10,0.0,1
6,2066061,-2.2311,40.6,29.34,-62.5,10,0.0,1
6,2066787,-2.6367,40.6,29.34,-62.5,10,0.0,1
6,2067513,-2.5015,40.6,29.35,-68.0,10,0.0,1
6,2068239,-3.1325,40.6,29.34,-68.5,10,0.0,1
6,2068965,-3.5156,39.6,29.34,-62.5,10,0.0,1
6,2069691,-2.9072,39.6,29.34,-62.0,10,0.0,1
6,2070417,-2.9072,39.6,29.34,-62.0,10,0.0,1
6,2071143,-2.2987,40.6,29.35,-68.0,10,0.0,1
6,2071869,-3.2001,40.6,29.34,-62.5,10,0.0,1
6,2072595,-2.9973,39.6,29.34,-62.5,10,0.0,1
6,2073321,-2.5015,40.6,29.34,-62.0,10,0.0,1
6,2074047,-2.4114,40.6,29.34,-62.0,10,0.0,1
6,2074773,-2.5466,40.6,29.34,-68.5,10,0.0,1
6,2075499,-2.3888,40.6,29.34,-62.0,10,0.0,1
6,2076225,-2.3888,40.6,29.34,-62.5,10,0.0,1
6,2076951,-2.3212,40.6,29.34,-68.5,10,0.0,1
6,2077677,-1.4423,39.6,29.34,-68.0,10,0.0,1
6,2078403,-1.4423,40.6,29.34,-68.0,10,0.0,1
6,2079129,-2.8395,39.6,29.34,-62.5,10,0.0,1
6,2079855,-3.3128,40.6,29.34,-62.5,10,0.0,1
6,2080581,-1.6677,39.6,29.35,-62.5,10,0.0,1
6,2081307,-2.9973,40.6,29.34,-68.5,10,0.0,1
6,2082033,-2.0508,39.6,29.34,-62.5,10,0.0,1
6,2082759,-3.3579,39.6,29.34,-68.5,10,0.0,1
6,2083485,-2.9748,39.6,29.34,-62.5,10,0.0,1
6,2084211,-2.5466,39.6,29.34,-62.5,10,0.0,1
6,2084937,-2.8170,39.6,29.35,-68.5,10,0.0,1
6,2085663,-1.9156,39.6,29.34,-62.5,10,0.0,1
6,2086389,-1.9156,39.6,29.34,-62.5,10,0.0,1
6,2087115,-1.7353,39.6,29.34,-68.0,10,0.0,1
6,2087841,-2.5916,40.6,29.34,-68.0,10,0.0,1
6,2088567,-1.5099,40.6,29.34,-68.5,10,0.0,1
6,2089293,-2.6593,40.6,29.34,-62.5,10,0.0,1
6,2090019,-3.2001,40.6,29.34,-62.5,10,0.0,1
6,2090745,-2.4790,40.6,29.34,-68.5,10,0.0,1
6,2091471,-1.6226,40.6,29.34,-62.5,10,0.0,1
6,2092197,-2.1184,40.6,29.34,-62.5,10,0.0,1
6,2092923,-1.8254,39.6,29.34,-62.5,10,0.0,1
6,2093649,-2.0959,39.6,29.34,-62.5,10,0.0,1
6,2094375,-1.8254,40.6,29.34,-62.0,10,0.0,1
6,2095101,-1.8705,40.6,29.34,-68.5,10,0.0,1
6,2095827,-3.2452,39.6,29.34,-62.5,10,0.0,1
6,2096553,-2.7043,39.6,29.34,-68.5,10,0.0,1
6,2097279,-2.8170,39.6,29.34,-68.0,10,0.0,1
6,2098005,-2.4114,39.6,29.34,-62.5,10,0.0,1
6,2098731,-2.6593,39.6,29.34,-68.5,10,0.0,1
6,2099457,-2.3437,39.6,29.34,-62.0,10,0.0,1
6,2100183,-50.1653,39.6,29.35,-62.0,10,0.0,0
6,2100909,-1.7578,40.6,29.34,-62.0,10,0.0,1
6,2101635,-1.2395,40.6,29.35,-62.5,10,0.0,1
6,2102361,-3.3353,40.6,29.34,-62.0,10,0.0,1
6,2103087,-2.2311,40.6,29.34,-62.5,10,0.0,1
6,2103813,-3.2452,40.6,29.35,-62.5,10,0.0,1
6,2104539,-1.7353,40.6,29.34,-62.5,10,0.0,1
6,2105265,-2.5240,39.6,29.34,-68.5,10,0.0,1
6,2105991,-2.6367,39.6,29.35,-62.5,10,0.0,1
6,2106717,-2.4339,40.6,29.34,-62.0,10,0.0,1
6,2107443,-3.2903,40.6,29.35,-68.5,10,0.0,1
6,2108169,-3.2903,40.6,29.35,-68.5,10,0.0,1
6,2108895,-2.0282,39.6,29.35,-68.5,10,0.0,1
6,2109621,-2.9297,39.6,29.35,-62.0,10,0.0,1
6,2110347,-1.6226,39.6,29.35,-68.0,10,0.0,1
6,2111073,-2.2085,40.6,29.35,-68.5,10,0.0,1
6,2111799,-2.2085,39.6,29.34,-62.5,10,0.0,1
6,2112525,-3.4480,39.6,29.35,-62.0,10,0.0,1
6,2113251,-2.6593,40.6,29.34,-68.0,10,0.0,1
6,2113977,-2.9522,40.6,29.35,-68.0,10,0.0,1
6,2114703,-2.1860,40.6,29.35,-68.0,10,0.0,1
6,2115429,-2.3437,40.6,29.34,-68.0,10,0.0,1
6,2116155,-2.3437,40.6,29.35,-68.0,10,0.0,1
6,2116881,-1.7578,40.6,29.34,-67.5,10,0.0,1
6,2117607,-2.7945,40.6,29.35,-62.5,10,0.0,1
6,2118333,-2.4564,40.6,29.35,-62.0,10,0.0,1
6,2119059,-2.8170,39.6,29.35,-62.0,10,0.0,1
6,2119785,-2.6142,39.6,29.35,-68.0,10,0.0,1
6,2120511,-2.3212,40.6,29.34,-68.5,10,0.0,1
6,2121237,-2.4114,40.6,29.34,-62.0,10,0.0,1
6,2121963,-2.3437,40.6,29.35,-62.0,10,0.0,1
6,2122689,-2.7719,40.6,29.34,-68.0,10,0.0,1
6,2123415,-3.1550,39.6,29.35,-62.5,10,0.0,1
6,2124141,-3.1550,40.6,29.35,-62.5,10,0.0,1
6,2124867,-2.0282,40.6,29.34,-68.0,10,0.0,1
6,2125593,-2.9973,40.6,29.35,-68.5,10,0.0,1
6,2126319,-2.9297,40.6,29.35,-62.5,10,0.0,1
6,2127045,-2.4564,40.6,29.35,-68.0,10,0.0,1
6,2127771,-2.0057,39.6,29.35,-68.5,10,0.0,1
6,2128497,-1.5325,39.6,29.34,-62.5,10,0.0,1
6,2129223,-1.5099,40.6,29.35,-68.5,10,0.0,1
6,2129949,-2.1409,40.6,29.35,-62.5,10,0.0,1
6,2130675,-2.4339,40.6,29.35,-63.0,10,0.0,1
6,2131401,-2.3663,40.6,29.35,-62.5,10,0.0,1
6,2132127,-2.3663,39.6,29.35,-62.5,10,0.0,1
6,2132853,-2.5015,39.6,29.35,-68.5,10,0.0,1
6,2133579,-1.6226,38.6,29.34,-62.0,10,0.0,1
6,2134305,-1.9381,39.6,29.34,-62.5,10,0.0,1
6,2135031,-1.8254,39.6,29.34,-68.0,10,0.0,1
6,2135757,-2.4114,39.6,29.35,-62.5,10,0.0,1
6,2136483,-2.4790,39.6,29.35,-62.5,10,0.0,1
6,2137209,-3.4029,39.6,29.35,-62.5,10,0.0,1
6,2137935,-1.8480,39.6,29.35,-62.5,10,0.0,1
6,2138661,-1.8705,39.6,29.35,-68.5,10,0.0,1
6,2139387,-3.4931,40.6,29.35,-62.0,10,0.0,1
6,2140113,-3.4931,39.6,29.35,-62.0,10,0.0,1
6,2140839,-1.4423,40.6,29.35,-62.5,10,0.0,1
6,2141565,-2.5916,40.6,29.35,-62.0,10,0.0,1
6,2142291,-2.6818,40.6,29.35,-68.0,10,0.0,1
6,2143017,-3.2903,40.6,29.35,-62.5,10,0.0,1
6,2143743,-1.6226,40.6,29.35,-68.0,10,0.0,1
6,2144469,-1.7127,40.6,29.35,-62.5,10,0.0,1
6,2145195,-3.0649,40.6,29.35,-62.5,10,0.0,1
6,2145921,-2.5240,40.6,29.35,-68.0,10,0.0,1
6,2146647,-2.0733,40.6,29.35,-62.5,10,0.0,1
6,2147373,-3.5607,40.6,29.35,-68.5,10,0.0,1
6,2148099,-1.6677,40.6,29.35,-62.5,10,0.0,1
6,2148825,-1.8480,40.6,29.35,-62.0,10,0.0,1
6,2149551,-2.2085,39.6,29.35,-62.5,10,0.0,1
6,2150277,-3.2452,39.6,29.35,-68.0,10,0.0,1
6,2151003,-2.2311,39.6,29.35,-62.5,10,0.0,1
6,2151729,-3.0874,39.6,29.35,-62.0,10,0.0,1
6,2152455,-2.8170,39.6,29.35,-62.5,10,0.0,1
6,2153181,-1.5099,39.6,29.35,-62.5,10,0.0,1
6,2153907,-3.4480,40.6,29.35,-62.5,10,0.0,1
6,2154633,-2.2536,39.6,29.35,-62.5,10,0.0,1
6,2155359,-3.0424,39.6,29.35,-62.5,10,0.0,1
6,2156085,-2.9297,39.6,29.35,-62.5,10,0.0,1
6,2156811,-2.6593,39.6,29.36,-62.5,10,0.0,1
6,2157537,-1.9832,39.6,29.36,-62.5,10,0.0,1
6,2158263,-2.4114,39.6,29.35,-68.0,10,0.0,1
6,2158989,-3.3128,39.6,29.35,-68.0,10,0.0,1
6,2159715,-2.6367,40.6,29.35,-62.5,10,0.0,1
6,2160441,-2.2085,39.6,29.36,-62.5,10,0.0,1
6,2161167,-2.9297,39.6,29.36,-62.5,10,0.0,1
6,2161893,-2.9297,40.6,29.35,-62.5,10,0.0,1
6,2162619,-2.5691,40.6,29.36,-68.5,10,0.0,1
6,2163345,-2.6818,39.6,29.36,-62.5,10,0.0,1
6,2164071,-2.5240,39.6,29.36,-62.5,10,0.0,1
6,2164797,-3.5156,39.6,29.36,-62.0,10,0.0,1
6,2165523,-2.7269,40.6,29.36,-68.0,10,0.0,1
6,2166249,-2.0508,40.6,29.35,-62.5,10,0.0,1
6,2166975,-1.6902,40.6,29.36,-68.0,10,0.0,1
6,2167701,-1.9832,40.6,29.36,-62.5,10,0.0,1
6,2168427,-3.1325,40.6,29.36,-62.5,10,0.0,1
6,2169153,-2.9748,40.6,29.36,-62.0,10,0.0,1
6,2169879,-2.9748,39.6,29.36,-62.0,10,0.0,1
6,2170605,-2.5691,39.6,29.36,-68.5,10,0.0,1
6,2171331,-3.4029,39.6,29.36,-62.5,10,0.0,1
6,2172057,-3.0874,39.6,29.36,-62.5,10,0.0,1
6,2172783,-2.0508,39.6,29.35,-62.5,10,0.0,1
6,2173509,-2.1184,39.6,29.36,-62.5,10,0.0,1
6,2174235,-2.2987,39.6,29.36,-62.0,10,0.0,1
6,2174961,-1.2846,40.6,29.36,-62.5,10,0.0,1
6,2175687,-2.0733,40.6,29.35,-68.0,10,0.0,1
6,2176413,-1.6902,39.6,29.36,-62.5,10,0.0,1
6,2177139,-3.0874,39.6,29.36,-62.0,10,0.0,1
6,2177865,-3.0874,39.6,29.35,-62.0,10,0.0,1
6,2178591,-1.4423,39.6,29.35,-62.0,10,0.0,1
6,2179317,-2.3663,39.6,29.35,-62.0,10,0.0,1
6,2180043,-2.4564,39.6,29.36,-62.5,10,0.0,1
6,2180769,-1.6226,39.6,29.35,-68.0,10,0.0,1
6,2181495,-2.0508,39.6,29.36,-62.5,10,0.0,1
6,2182221,-2.5691,39.6,29.36,-62.0,10,0.0,1
6,2182947,-3.4480,40.6,29.35,-62.5,10,0.0,1
6,2183673,-1.2846,40.6,29.36,-68.5,10,0.0,1
6,2184399,-3.0649,40.6,29.35,-62.0,10,0.0,1
6,2185125,-3.3579,40.6,29.35,-62.0,10,0.0,1
6,2185851,-3.3579,39.6,29.35,-62.0,10,0.0,1
6,2186577,-3.3579,39.6,29.35,-62.0,10,0.0,1
6,2187303,-3.2677,39.6,29.36,-62.5,10,0.0,1
6,2188029,-1.9832,40.6,29.35,-62.5,10,0.0,1
6,2188755,-2.0282,39.6,29.36,-68.5,10,0.0,1
6,2189481,-2.0508,39.6,29.36,-62.0,10,0.0,1
6,2190207,-2.9522,39.6,29.36,-68.5,10,0.0,1
6,2190933,-2.0508,39.6,29.35,-62.5,10,0.0,1
6,2191659,-2.4339,39.6,29.35,-62.5,10,0.0,1
6,2192385,-2.5916,39.6,29.36,-68.0,10,0.0,1
6,2193111,-2.6142,39.6,29.36,-62.5,10,0.0,1
6,2193837,-2.6142,39.6,29.35,-62.5,10,0.0,1
6,2194563,-1.8930,39.6,29.36,-68.5,10,0.0,1
6,2195289,-2.7494,39.6,29.36,-68.0,10,0.0,1
6,2196015,-2.9072,39.6,29.35,-68.5,10,0.0,1
6,2196741,-2.4564,40.6,29.35,-62.5,10,0.0,1
6,2197467,-3.0874,40.6,29.36,-62.0,10,0.0,1
6,2198193,-2.5916,40.6,29.36,-62.5,10,0.0,1
6,2198919,-1.8029,40.6,29.36,-68.0,10,0.0,1
6,2199645,-2.1184,40.6,29.35,-62.0,10,0.0,1
6,2200371,-2.1860,40.6,29.35,-62.5,10,0.0,1
6,2201097,-3.1550,40.6,29.36,-62.5,10,0.0,1
6,2201823,-1.8254,40.6,29.35,-62.5,10,0.0,1
6,2202549,-1.5550,40.6,29.36,-62.5,10,0.0,1
6,2203275,-1.8480,40.6,29.36,-68.0,10,0.0,1
6,2204001,-2.4790,40.6,29.35,-62.5,10,0.0,1
6,2204727,-2.6818,39.6,29.36,-62.5,10,0.0,1
6,2205453,-2.3437,40.6,29.35,-62.0,10,0.0,1
6,2206179,-2.3888,40.6,29.36,-68.0,10,0.0,1
6,2206905,-3.0424,40.6,29.35,-62.5,10,0.0,1
6,2207631,-5.9495,40.6,29.35,-62.5,10,0.0,0
6,2208357,-4.1241,40.6,29.36,-62.5,10,0.0,1
6,2209083,-1.7803,40.6,29.36,-62.5,10,0.0,1
6,2209809,-1.7127,39.6,29.36,-68.0,10,0.0,1
6,2210535,-3.1550,40.6,29.36,-68.5,10,0.0,1
6,2211261,-1.9832,40.6,29.36,-62.5,10,0.0,1
6,2211987,-2.7269,39.6,29.36,-62.5,10,0.0,1
6,2212713,-1.4423,39.6,29.36,-68.0,10,0.0,1
6,2213439,-1.6001,40.6,29.36,-68.5,10,0.0,1
6,2214165,-1.6677,39.6,29.36,-68.0,10,0.0,1
6,2214891,-2.2085,40.6,29.36,-68.5,10,0.0,1
6,2215617,-2.2085,39.6,29.36,-68.5,10,0.0,1
6,2216343,-3.4029,38.6,29.36,-62.5,10,0.0,1
6,2217069,-2.1409,39.6,29.36,-68.5,10,0.0,1
6,2217795,-2.0733,39.6,29.36,-62.0,10,0.0,1
6,2218521,-2.4114,39.6,29.36,-62.0,10,0.0,1
6,2219247,-2.7719,40.6,29.36,-62.5,10,0.0,1
6,2219973,-1.7127,40.6,29.36,-62.5,10,0.0,1
6,2220699,-1.7127,40.6,29.36,-68.5,10,0.0,1
6,2221425,-2.1635,40.6,29.36,-62.5,10,0.0,1
6,2222151,-2.2085,39.6,29.36,-62.5,10,0.0,1
6,2222877,-2.4790,39.6,29.36,-68.0,10,0.0,1
6,2223603,-2.4790,39.6,29.36,-68.0,10,0.0,1
6,2224329,-2.3888,39.6,29.36,-62.0,10,0.0,1
6,2225055,-2.9297,39.6,29.36,-62.0,10,0.0,1
6,2225781,-2.1860,39.6,29.36,-68.0,10,0.0,1
6,2226507,-2.3437,39.6,29.36,-62.5,10,0.0,1
6,2227233,-2.9522,40.6,29.36,-62.5,10,0.0,1
6,2227959,-2.3663,40.6,29.37,-62.0,10,0.0,1
6,2228685,-3.1776,39.6,29.36,-68.5,10,0.0,1
6,2229411,-2.9297,39.6,29.36,-62.0,10,0.0,1
6,2230137,-3.0649,40.6,29.36,-62.5,10,0.0,1
6,2230863,-2.0282,39.6,29.36,-68.0,10,0.0,1
6,2231589,-2.0282,40.6,29.36,-68.0,10,0.0,1
6,2232315,-2.4564,39.6,29.36,-68.0,10,0.0,1
6,2233041,-1.5775,39.6,29.36,-68.5,10,0.0,1
6,2233767,-2.8846,39.6,29.36,-62.5,10,0.0,1
6,2234493,-1.8029,39.6,29.36,-62.5,10,0.0,1
6,2235219,-1.9606,39.6,29.36,-62.5,10,0.0,1
6,2235945,-2.8395,39.6,29.36,-62.5,10,0.0,1
6,2236671,-3.0649,39.6,29.36,-62.5,10,0.0,1
6,2237397,-2.6367,39.6,29.36,-62.5,10,0.0,1
6,2238123,-2.3212,39.6,29.36,-68.0,10,0.0,1
6,2238849,-2.0733,39.6,29.36,-62.5,10,0.0,1
6,2239575,-2.0733,39.6,29.36,-62.5,10,0.0,1
6,2240301,-1.3522,39.6,29.36,-62.5,10,0.0,1
6,2241027,-2.6367,39.6,29.35,-62.5,10,0.0,1
6,2241753,-2.8846,40.6,29.36,-62.5,10,0.0,1
6,2242479,-3.1100,39.6,29.36,-62.5,10,0.0,1
6,2243205,-2.3888,39.6,29.36,-62.5,10,0.0,1
6,2243931,-1.7578,39.6,29.36,-62.5,10,0.0,1
6,2244657,-2.5466,39.6,29.36,-68.0,10,0.0,1
6,2245383,-3.1100,39.6,29.36,-68.5,10,0.0,1
6,2246109,-2.9522,39.6,29.36,-62.0,10,0.0,1
6,2246835,-2.9297,40.6,29.36,-62.5,10,0.0,1
6,2247561,-2.9297,40.6,29.35,-62.5,10,0.0,1
6,2248287,-2.4339,40.6,29.36,-62.5,10,0.0,1
6,2249013,-1.4423,40.6,29.35,-68.5,10,0.0,1
6,2249739,-3.0649,39.6,29.36,-68.0,10,0.0,1
6,2250465,-1.6226,39.6,29.35,-68.0,10,0.0,1
6,2251191,-2.4339,39.6,29.36,-68.5,10,0.0,1
6,2251917,-1.7127,39.6,29.36,-68.5,10,0.0,1
6,2252643,-2.8395,38.6,29.36,-62.0,10,0.0,1
6,2253369,-2.7269,39.6,29.35,-62.0,10,0.0,1
6,2254095,-2.1635,38.6,29.35,-68.0,10,0.0,1
6,2254821,-2.4339,38.6,29.35,-68.0,10,0.0,1
6,2255547,-2.2311,38.6,29.36,-68.0,10,0.0,1
6,2256273,-3.3579,39.6,29.35,-68.5,10,0.0,1
6,2256999,-2.1184,38.6,29.35,-68.0,10,0.0,1
6,2257725,-2.8170,39.6,29.35,-68.5,10,0.0,1
6,2258451,-2.3437,39.6,29.36,-62.0,10,0.0,1
6,2259177,-2.6818,39.6,29.35,-68.0,10,0.0,1
6,2259903,-2.2761,40.6,29.35,-68.0,10,0.0,1
6,2260629,-1.5775,40.6,29.35,-62.5,10,0.0,1
6,2261355,-3.2677,40.6,29.35,-68.0,10,0.0,1
6,2262081,-3.6508,40.6,29.35,-62.5,10,0.0,1
6,2262807,-1.6677,40.6,29.35,-62.5,10,0.0,1
6,2263533,-1.2620,40.6,29.35,-62.5,10,0.0,1
6,2264259,-2.4564,40.6,29.35,-62.5,10,0.0,1
6,2264985,-2.6818,40.6,29.35,-68.5,10,0.0,1
6,2265711,-2.9072,40.6,29.35,-68.0,10,0.0,1
6,2266437,-2.9748,40.6,29.36,-62.5,10,0.0,1
6,2267163,-2.2085,40.6,29.35,-62.5,10,0.0,1
6,2267889,-2.1409,40.6,29.35,-68.5,10,0.0,1
6,2268615,-3.1100,40.6,29.35,-68.5,10,0.0,1
6,2269341,-3.1100,40.6,29.35,-68.5,10,0.0,1
6,2270067,-1.7127,40.6,29.35,-62.5,10,0.0,1
6,2270793,-1.9156,40.6,29.35,-62.5,10,0.0,1
6,2271519,-1.6001,40.6,29.35,-68.5,10,0.0,1
6,2272245,-2.8846,40.6,29.35,-62.0,10,0.0,1
6,2272971,-2.3888,39.6,29.35,-62.5,10,0.0,1
6,2273697,-2.0959,40.6,29.35,-62.5,10,0.0,1
6,2274423,-2.0733,40.6,29.34,-62.5,10,0.0,1
6,2275149,-2.4114,40.6,29.35,-62.0,10,0.0,1
6,2275875,-2.4564,40.6,29.35,-62.5,10,0.0,1
6,2276601,-2.9522,40.6,29.35,-68.5,10,0.0,1
6,2277327,-2.9522,39.6,29.35,-68.5,10,0.0,1
6,2278053,-2.8621,40.6,29.35,-62.5,10,0.0,1
6,2278779,-1.9832,39.6,29.35,-68.0,10,0.0,1
6,2279505,-2.7269,39.6,29.35,-62.0,10,0.0,1
6,2280231,-3.2227,39.6,29.35,-62.0,10,0.0,1
6,2280957,-1.7578,39.6,29.35,-68.5,10,0.0,1
6,2281683,-1.6226,39.6,29.35,-62.5,10,0.0,1
6,2282409,-1.9606,39.6,29.35,-62.5,10,0.0,1
6,2283135,-1.9156,39.6,29.35,-62.5,10,0.0,1
6,2283861,-1.4874,40.6,29.35,-62.5,10,0.0,1
6,2284587,-2.9973,40.6,29.35,-68.5,10,0.0,1
6,2285313,-2.9973,39.6,29.35,-68.5,10,0.0,1
6,2286039,-2.3663,40.6,29.35,-68.5,10,0.0,1
6,2286765,-2.7945,39.6,29.35,-62.0,10,0.0,1
6,2287491,-3.0874,39.6,29.35,-62.5,10,0.0,1
6,2288217,-1.5099,40.6,29.35,-62.5,10,0.0,1
6,2288943,-2.2311,39.6,29.35,-62.5,10,0.0,1
6,2289669,-2.5015,40.6,29.35,-62.5,10,0.0,1
6,2290395,-1.9832,40.6,29.35,-62.5,10,0.0,1
6,2291121,-3.0424,40.6,29.35,-62.0,10,0.0,1
6,2291847,-2.2761,39.6,29.35,-68.0,10,0.0,1
6,2292573,-1.7803,39.6,29.35,-68.0,10,0.0,1
6,2293299,-1.7803,40.6,29.35,-68.0,10,0.0,1
6,2294025,-1.5325,40.6,29.35,-68.5,10,0.0,1
6,2294751,-1.2169,40.6,29.35,-62.5,10,0.0,1
6,2295477,-2.9072,40.6,29.35,-62.0,10,0.0,1
6,2296203,-2.2311,40.6,29.34,-68.5,10,0.0,1
6,2296929,-2.4339,40.6,29.34,-62.5,10,0.0,1
6,2297655,-2.2536,39.6,29.35,-62.0,10,0.0,1
6,2298381,-3.1550,39.6,29.34,-62.5,10,0.0,1
6,2299107,-3.3128,40.6,29.34,-68.5,10,0.0,1
6,2299833,-2.1184,40.6,29.34,-62.0,10,0.0,1
6,2300559,-1.2620,40.6,29.34,-68.0,10,0.0,1
6,2301285,-1.2620,40.6,29.34,-68.0,10,0.0,1
6,2302011,-1.6902,40.6,29.34,-62.5,10,0.0,1
6,2302737,-2.4114,40.6,29.34,-62.5,10,0.0,1
6,2303463,-1.6677,40.6,29.34,-68.0,10,0.0,1
6,2304189,-2.5015,40.6,29.35,-67.5,10,0.0,1
6,2304915,-2.6367,39.6,29.35,-68.5,10,0.0,1
6,2305641,-2.1860,40.6,29.35,-62.5,10,0.0,1
6,2306367,-1.5099,40.6,29.35,-62.5,10,0.0,1
6,2307093,-1.6226,40.6,29.35,-62.5,10,0.0,1
6,2307819,-2.3437,40.6,29.34,-68.0,10,0.0,1
7,2308545,-3.1100,40.6,29.34,-62.5,10,0.0,1
7,2309271,-1.4198,39.6,29.34,-68.0,10,0.0,1
7,2309997,-3.1100,39.6,29.34,-62.5,10,0.0,1
7,2310723,-2.4564,40.6,29.34,-68.5,10,0.0,1
7,2311449,-2.5691,39.6,29.34,-68.0,10,0.0,1
7,2312175,-2.5691,40.6,29.34,-68.5,10,0.0,1
7,2312901,-2.0733,40.6,29.34,-62.5,10,0.0,1
7,2313627,-2.2761,39.6,29.34,-68.5,10,0.0,1
7,2314353,-1.6451,39.6,29.34,-62.5,10,0.0,1
7,2315079,-2.5015,40.6,29.34,-68.0,10,0.0,1
7,2315805,-2.6593,39.6,29.34,-62.0,10,0.0,1
7,2316531,-2.5466,40.6,29.34,-68.0,10,0.0,1
7,2317257,-1.7127,40.6,29.34,-68.5,10,0.0,1
7,2317983,-1.8480,40.6,29.34,-62.0,10,0.0,1
7,2318709,-2.8621,39.6,29.34,-62.0,10,0.0,1
7,2319435,-0.9691,39.6,29.34,-62.5,10,0.0,1
7,2320161,-2.8395,40.6,29.33,-68.5,10,0.0,1
7,2320887,-1.8705,39.6,29.34,-62.5,10,0.0,1
7,2321613,-2.7269,39.6,29.33,-62.0,10,0.0,1
7,2322339,-2.4564,39.6,29.34,-62.5,10,0.0,1
7,2323065,-2.4564,40.6,29.34,-62.5,10,0.0,1
7,2323791,-2.0733,39.6,29.34,-68.0,10,0.0,1
7,2324517,-3.1776,39.6,29.34,-68.5,10,0.0,1
7,2325243,-2.0733,40.6,29.34,-68.5,10,0.0,1
7,2325969,-2.1184,39.6,29.34,-68.5,10,0.0,1
7,2326695,-1.4423,40.6,29.34,-68.5,10,0.0,1
7,2327421,-2.5015,40.6,29.33,-62.5,10,0.0,1
7,2328147,-2.9973,40.6,29.34,-62.5,10,0.0,1
7,2328873,-1.3747,40.6,29.33,-62.5,10,0.0,1
7,2329599,-2.3437,40.6,29.33,-68.0,10,0.0,1
7,2330325,-1.6677,40.6,29.33,-68.5,10,0.0,1
7,2331051,-1.6677,40.6,29.33,-68.5,10,0.0,1
7,2331777,-1.4648,40.6,29.33,-62.5,10,0.0,1
7,2332503,-2.5691,40.6,29.33,-62.5,10,0.0,1
7,2333229,-1.5099,39.6,29.33,-62.0,10,0.0,1
7,2333955,-2.9297,39.6,29.34,-62.0,10,0.0,1
7,2334681,-2.3212,40.6,29.33,-62.5,10,0.0,1
7,2335407,-1.3071,40.6,29.33,-62.5,10,0.0,1
7,2336133,-3.2001,40.6,29.33,-68.5,10,0.0,1
7,2336859,-2.8621,40.6,29.33,-62.5,10,0.0,1
7,2337585,-2.4339,40.6,29.33,-62.5,10,0.0,1
7,2338311,-1.7578,40.6,29.33,-62.5,10,0.0,1
7,2339037,-1.7578,40.6,29.33,-62.5,10,0.0,1
7,2339763,-2.2311,40.6,29.33,-68.5,10,0.0,1
7,2340489,-2.2987,40.6,29.33,-68.0,10,0.0,1
7,2341215,-2.1409,40.6,29.33,-62.5,10,0.0,1
7,2341941,-3.0424,40.6,29.33,-68.5,10,0.0,1
7,2342667,-1.9832,40.6,29.33,-68.0,10,0.0,1
7,2343393,-2.0282,40.6,29.33,-62.0,10,0.0,1
7,2344119,-2.7269,40.6,29.33,-62.5,10,0.0,1
7,2344845,-2.0959,40.6,29.33,-62.0,10,0.0,1
7,2345571,-2.3663,39.6,29.33,-62.5,10,0.0,1
7,2346297,-3.2227,39.6,29.33,-62.5,10,0.0,1
7,2347023,-3.2227,39.6,29.33,-62.5,10,0.0,1
7,2347749,-3.2227,40.6,29.33,-62.5,10,0.0,1
7,2348475,-2.7719,40.6,29.33,-62.0,10,0.0,1
7,2349201,-2.3888,39.6,29.33,-68.5,10,0.0,1
7,2349927,-2.0959,39.6,29.33,-68.0,10,0.0,1
7,2350653,-3.0874,39.6,29.33,-62.5,10,0.0,1
7,2351379,-2.0959,39.6,29.33,-62.5,10,0.0,1
7,2352105,-2.2761,40.6,29.33,-68.5,10,0.0,1
7,2352831,-2.1860,40.6,29.32,-62.5,10,0.0,1
7,2353557,-2.1860,40.6,29.32,-68.5,10,0.0,1
7,2354283,-1.5775,40.6,29.32,-62.5,10,0.0,1
7,2355009,-1.5775,39.6,29.33,-62.5,10,0.0,1
7,2355735,-1.7578,39.6,29.33,-68.5,10,0.0,1
7,2356461,-3.0198,39.6,29.33,-68.0,10,0.0,1
7,2357187,-2.0282,39.6,29.32,-62.5,10,0.0,1
7,2357913,-3.0874,40.6,29.32,-68.5,10,0.0,1
7,2358639,-2.3437,39.6,29.32,-62.0,10,0.0,1
7,2359365,-1.4874,39.6,29.32,-62.5,10,0.0,1
7,2360091,-2.3437,40.6,29.32,-68.5,10,0.0,1
7,2360817,-3.3128,40.6,29.33,-68.0,10,0.0,1
7,2361543,-2.9297,39.6,29.32,-62.0,10,0.0,1
7,2362269,-2.5466,40.6,29.33,-68.5,10,0.0,1
7,2362995,-2.5466,40.6,29.32,-68.5,10,0.0,1
7,2363721,-1.8930,40.6,29.32,-62.5,10,0.0,1
7,2364447,-3.3579,40.6,29.32,-68.5,10,0.0,1
7,2365173,-2.0733,39.6,29.32,-62.5,10,0.0,1
7,2365899,-2.0057,39.6,29.32,-68.5,10,0.0,1
7,2366625,-2.1860,40.6,29.31,-62.5,10,0.0,1
7,2367351,-2.4339,39.6,29.31,-62.5,10,0.0,1
7,2368077,-2.6818,40.6,29.31,-68.5,10,0.0,1
7,2368803,-1.4423,40.6,29.31,-68.0,10,0.0,1
7,2369529,-2.0733,40.6,29.31,-62.5,10,0.0,1
7,2370255,-3.3353,40.6,29.31,-62.5,10,0.0,1
7,2370981,-1.5550,39.6,29.31,-62.0,10,0.0,1
7,2371707,-2.2987,40.6,29.31,-68.0,10,0.0,1
7,2372433,-2.4564,39.6,29.31,-68.5,10,0.0,1
7,2373159,-2.5466,39.6,29.31,-62.5,10,0.0,1
7,2373885,-1.8254,39.6,29.31,-62.5,10,0.0,1
7,2374611,-2.5466,39.6,29.31,-68.0,10,0.0,1
7,2375337,-3.0874,40.6,29.31,-62.5,10,0.0,1
7,2376063,-3.2677,40.6,29.31,-62.5,10,0.0,1
7,2376789,-41.8269,39.6,29.31,-59.5,10,0.0,0
7,2377515,-1.6226,40.6,29.31,-62.5,10,0.0,1
7,2378241,-3.0198,39.6,29.31,-62.5,10,0.0,1
7,2378967,-1.7578,39.6,29.30,-62.5,10,0.0,1
7,2379693,-1.4198,39.6,29.31,-62.0,10,0.0,1
7,2380419,-3.3579,40.6,29.30,-68.5,10,0.0,1
7,2381145,-1.5325,40.6,29.31,-68.0,10,0.0,1
7,2381871,-1.2846,40.6,29.31,-68.0,10,0.0,1
7,2382597,-3.2903,40.6,29.31,-68.5,10,0.0,1
7,2383323,-2.6367,40.6,29.30,-68.0,10,0.0,1
7,2384049,-1.3747,39.6,29.30,-68.5,10,0.0,1
7,2384775,-1.3747,40.6,29.30,-68.5,10,0.0,1
7,2385501,-2.9973,40.6,29.30,-62.5,10,0.0,1
7,2386227,-2.9072,40.6,29.30,-62.5,10,0.0,1
7,2386953,-2.1184,40.6,29.30,-62.0,10,0.0,1
7,2387679,-2.8395,40.6,29.30,-68.5,10,0.0,1
7,2388405,-2.0057,40.6,29.30,-62.0,10,0.0,1
7,2389131,-1.8254,40.6,29.30,-68.5,10,0.0,1
7,2389857,-2.2761,40.6,29.30,-62.5,10,0.0,1
7,2390583,-1.8930,40.6,29.29,-68.5,10,0.0,1
7,2391309,-2.0959,39.6,29.29,-62.5,10,0.0,1
7,2392035,-2.3888,39.6,29.30,-68.5,10,0.0,1
7,2392761,-2.3888,39.6,29.30,-68.5,10,0.0,1
7,2393487,-2.1184,39.6,29.29,-62.5,10,0.0,1
7,2394213,-2.2761,39.6,29.29,-62.0,10,0.0,1
7,2394939,-2.7043,39.6,29.30,-62.5,10,0.0,1
7,2395665,-2.4564,39.6,29.29,-62.0,10,0.0,1
7,2396391,-2.5466,38.6,29.29,-62.5,10,0.0,1
7,2397117,-2.7043,38.6,29.29,-62.5,10,0.0,1
7,2397843,-2.5916,39.6,29.29,-68.5,10,0.0,1
7,2398569,-1.5099,39.6,29.29,-62.5,10,0.0,1
7,2399295,-1.8029,40.6,29.29,-68.5,10,0.0,1
7,2400021,-1.5325,40.6,29.29,-62.5,10,0.0,1
7,2400747,-1.5325,40.6,29.29,-62.5,10,0.0,1
7,2401473,-2.1860,40.6,29.29,-62.5,10,0.0,1
7,2402199,-2.9973,40.6,29.29,-62.5,10,0.0,1
7,2402925,-2.0282,39.6,29.29,-62.5,10,0.0,1
7,2403651,-2.4114,39.6,29.29,-62.5,10,0.0,1
7,2404377,-3.2903,40.6,29.29,-62.0,10,0.0,1
7,2405103,-1.8930,40.6,29.28,-62.5,10,0.0,1
7,2405829,-2.7043,40.6,29.29,-68.0,10,0.0,1
7,2406555,-2.8170,40.6,29.29,-68.5,10,0.0,1
7,2407281,-2.4114,40.6,29.29,-62.5,10,0.0,1
7,2408007,-2.1409,40.6,29.28,-62.5,10,0.0,1
7,2408733,-2.1409,40.6,29.28,-62.5,10,0.0,1
7,2409459,-2.9973,40.6,29.28,-62.0,10,0.0,1
7,2410185,-3.2227,39.6,29.28,-62.5,10,0.0,1
7,2410911,-2.0959,39.6,29.28,-62.5,10,0.0,1
7,2411637,-2.2311,38.6,29.28,-62.5,10,0.0,1
7,2412363,-2.6142,38.6,29.28,-62.0,10,0.0,1
7,2413089,-2.9297,39.6,29.28,-62.0,10,0.0,1
7,2413815,-3.3579,40.6,29.28,-62.5,10,0.0,1
7,2414541,-2.3437,40.6,29.28,-68.5,10,0.0,1
7,2415267,-3.2677,40.6,29.27,-62.5,10,0.0,1
7,2415993,-2.7945,39.6,29.28,-68.5,10,0.0,1
7,2416719,-2.7945,39.6,29.27,-68.5,10,0.0,1
7,2417445,-1.3972,39.6,29.28,-62.5,10,0.0,1
7,2418171,-2.5015,38.6,29.28,-62.5,10,0.0,1
7,2418897,-1.4874,39.6,29.27,-68.5,10,0.0,1
7,2419623,-2.5466,39.6,29.27,-62.5,10,0.0,1
7,2420349,-3.1325,40.6,29.28,-68.5,10,0.0,1
7,2421075,-2.7945,39.6,29.27,-68.0,10,0.0,1
7,2421801,-3.2001,40.6,29.27,-62.0,10,0.0,1
7,2422527,-2.2987,39.6,29.27,-62.5,10,0.0,1
7,2423253,-1.2395,40.6,29.27,-62.5,10,0.0,1
7,2423979,-2.9297,40.6,29.27,-62.0,10,0.0,1
7,2424705,-2.2987,39.6,29.27,-62.5,10,0.0,1
7,2425431,-2.1635,39.6,29.27,-62.5,10,0.0,1
7,2426157,-2.0959,40.6,29.27,-68.5,10,0.0,1
7,2426883,-2.4564,39.6,29.27,-62.5,10,0.0,1
7,2427609,-3.3804,39.6,29.27,-68.5,10,0.0,1
7,2428335,-2.0282,39.6,29.27,-62.5,10,0.0,1
7,2429061,-2.9297,39.6,29.27,-62.5,10,0.0,1
7,2429787,-2.4339,39.6,29.27,-62.5,10,0.0,1
7,2430513,-5.9044,39.6,29.27,-68.5,10,0.0,0
7,2431239,-2.2987,39.6,29.27,-62.5,10,0.0,1
7,2431965,-2.4114,39.6,29.26,-62.5,10,0.0,1
7,2432691,-3.4029,39.6,29.26,-62.0,10,0.0,1
7,2433417,-2.6593,38.6,29.26,-68.0,10,0.0,1
7,2434143,-1.4874,39.6,29.26,-62.5,10,0.0,1
7,2434869,-2.6142,40.6,29.26,-68.5,10,0.0,1
7,2435595,-2.4339,40.6,29.27,-62.5,10,0.0,1
7,2436321,-2.2761,39.6,29.27,-62.5,10,0.0,1
7,2437047,-2.9748,39.6,29.26,-62.5,10,0.0,1
7,2437773,-2.3663,39.6,29.27,-62.0,10,0.0,1
7,2438499,-2.3663,39.6,29.27,-62.0,10,0.0,1
7,2439225,-2.0057,40.6,29.26,-62.5,10,0.0,1
7,2439951,-2.9973,40.6,29.26,-62.0,10,0.0,1
7,2440677,-2.2987,40.6,29.27,-62.0,10,0.0,1
7,2441403,-1.3296,39.6,29.26,-62.0,10,0.0,1
7,2442129,-3.4931,40.6,29.26,-68.5,10,0.0,1
7,2442855,-1.8930,40.6,29.26,-68.0,10,0.0,1
7,2443581,-2.4564,39.6,29.26,-62.5,10,0.0,1
7,2444307,-3.3353,39.6,29.26,-62.0,10,0.0,1
7,2445033,-2.8846,40.6,29.26,-62.0,10,0.0,1
7,2445759,-2.7945,39.6,29.26,-68.5,10,0.0,1
7,2446485,-2.7945,39.6,29.25,-68.5,10,0.0,1
7,2447211,-1.8930,40.6,29.26,-68.5,10,0.0,1
7,2447937,-2.8395,40.6,29.25,-62.5,10,0.0,1
7,2448663,-2.1409,40.6,29.26,-62.0,10,0.0,1
7,2449389,-3.3353,39.6,29.25,-68.5,10,0.0,1
7,2450115,-1.5325,39.6,29.25,-62.5,10,0.0,1
7,2450841,-2.0959,39.6,29.25,-62.5,10,0.0,1
7,2451567,-2.7719,39.6,29.25,-62.5,10,0.0,1
7,2452293,-2.4564,39.6,29.25,-62.0,10,0.0,1
7,2453019,-2.5015,39.6,29.25,-62.0,10,0.0,1
7,2453745,-3.1776,39.6,29.25,-62.0,10,0.0,1
7,2454471,-3.1776,39.6,29.25,-62.0,10,0.0,1
7,2455197,-2.5015,39.6,29.25,-62.0,10,0.0,1
7,2455923,-1.8029,39.6,29.25,-62.0,10,0.0,1
7,2456649,-2.2311,39.6,29.25,-68.0,10,0.0,1
7,2457375,-2.8170,39.6,29.24,-62.0,10,0.0,1
7,2458101,-2.9072,40.6,29.24,-62.5,10,0.0,1
7,2458827,-2.8395,40.6,29.24,-62.5,10,0.0,1
7,2459553,-2.3888,40.6,29.25,-62.0,10,0.0,1
7,2460279,-1.9156,39.6,29.25,-68.0,10,0.0,1
7,2461005,-3.1550,40.6,29.24,-62.5,10,0.0,1
7,2461731,-1.7803,39.6,29.24,-62.5,10,0.0,1
7,2462457,-1.7803,40.6,29.24,-62.5,10,0.0,1
7,2463183,-1.4648,40.6,29.24,-68.0,10,0.0,1
7,2463909,-3.2227,40.6,29.24,-62.5,10,0.0,1
7,2464635,-3.0649,39.6,29.24,-62.5,10,0.0,1
7,2465361,-2.4339,40.6,29.24,-62.5,10,0.0,1
7,2466087,-2.5015,40.6,29.24,-62.5,10,0.0,1
7,2466813,-3.3128,40.6,29.24,-62.5,10,0.0,1
7,2467539,-2.3437,40.6,29.23,-62.0,10,0.0,1
7,2468265,-1.1043,39.6,29.23,-62.0,10,0.0,1
7,2468991,-2.4790,40.6,29.23,-62.5,10,0.0,1
7,2469717,-3.2452,40.6,29.23,-62.5,10,0.0,1
7,2470443,-3.2452,40.6,29.23,-62.5,10,0.0,1
7,2471169,-3.1550,40.6,29.23,-68.5,10,0.0,1
7,2471895,-3.0874,39.6,29.23,-62.5,10,0.0,1
7,2472621,-3.2677,40.6,29.23,-62.5,10,0.0,1
7,2473347,-1.6226,40.6,29.23,-62.5,10,0.0,1
7,2474073,-2.7494,39.6,29.23,-62.0,10,0.0,1
7,2474799,-2.2536,38.6,29.23,-62.5,10,0.0,1
7,2475525,-2.5015,39.6,29.22,-62.5,10,0.0,1
7,2476251,-3.1100,39.6,29.22,-62.5,10,0.0,1
7,2476977,-2.0282,39.6,29.23,-62.5,10,0.0,1
7,2477703,-2.2536,39.6,29.23,-62.5,10,0.0,1
7,2478429,-2.4564,40.6,29.23,-62.5,10,0.0,1
7,2479155,-1.7353,40.6,29.23,-62.5,10,0.0,1
7,2479881,-2.7043,40.6,29.23,-62.5,10,0.0,1
7,2480607,-2.0282,39.6,29.23,-68.5,10,0.0,1
7,2481333,-2.4114,39.6,29.23,-62.5,10,0.0,1
7,2482059,-3.2903,39.6,29.22,-62.0,10,0.0,1
7,2482785,-2.3212,39.6,29.23,-62.5,10,0.0,1
7,2483511,-2.2761,39.6,29.22,-62.5,10,0.0,1
7,2484237,-3.1100,39.6,29.22,-62.5,10,0.0,1
7,2484963,-2.6367,40.6,29.22,-62.5,10,0.0,1
7,2485689,-2.7494,40.6,29.22,-62.5,10,0.0,1
7,2486415,-2.3212,40.6,29.22,-68.5,10,0.0,1
7,2487141,-3.2227,40.6,29.22,-62.5,10,0.0,1
7,2487867,-1.8705,40.6,29.22,-62.0,10,0.0,1
7,2488593,-2.4564,40.6,29.22,-62.5,10,0.0,1
7,2489319,-2.8846,40.6,29.21,-62.5,10,0.0,1
7,2490045,-2.7945,40.6,29.21,-62.5,10,0.0,1
7,2490771,-1.9156,40.6,29.21,-68.5,10,0.0,1
7,2491497,-3.3128,40.6,29.21,-62.5,10,0.0,1
7,2492223,-3.3128,40.6,29.21,-62.5,10,0.0,1
7,2492949,-3.4029,40.6,29.22,-62.5,10,0.0,1
7,2493675,-3.0874,40.6,29.21,-62.5,10,0.0,1
7,2494401,-2.0733,40.6,29.21,-68.5,10,0.0,1
7,2495127,-2.4790,39.6,29.21,-68.5,10,0.0,1
7,2495853,-2.9297,40.6,29.21,-68.0,10,0.0,1
7,2496579,-1.9832,40.6,29.21,-68.5,10,0.0,1
7,2497305,-2.7719,39.6,29.21,-62.0,10,0.0,1
7,2498031,-2.2085,40.6,29.21,-62.5,10,0.0,1
7,2498757,-2.9973,40.6,29.20,-68.5,10,0.0,1
7,2499483,-1.7578,40.6,29.20,-62.5,10,0.0,1
7,2500209,-1.7578,40.6,29.21,-62.5,10,0.0,1
7,2500935,-2.2761,40.6,29.20,-62.5,10,0.0,1
7,2501661,-2.3437,40.6,29.20,-62.5,10,0.0,1
7,2502387,-2.8170,40.6,29.20,-62.5,10,0.0,1
7,2503113,-3.0874,40.6,29.20,-62.5,10,0.0,1
7,2503839,-3.4480,40.6,29.20,-62.5,10,0.0,1
7,2504565,-2.1184,39.6,29.20,-62.5,10,0.0,1
7,2505291,-2.2761,39.6,29.21,-62.0,10,0.0,1
7,2506017,-2.2987,39.6,29.20,-62.5,10,0.0,1
7,2506743,-3.0874,39.6,29.20,-62.0,10,0.0,1
7,2507469,-3.2227,39.6,29.20,-62.0,10,0.0,1
7,2508195,-3.2227,38.6,29.20,-62.0,10,0.0,1
7,2508921,-3.4706,39.6,29.20,-68.5,10,0.0,1
7,2509647,-3.3804,39.6,29.20,-62.5,10,0.0,1
7,2510373,-1.5099,39.6,29.20,-62.5,10,0.0,1
7,2511099,-1.8029,39.6,29.20,-62.5,10,0.0,1
7,2511825,-1.4423,39.6,29.20,-68.5,10,0.0,1
7,2512551,-1.6902,40.6,29.19,-68.0,10,0.0,1
7,2513277,-2.8395,39.6,29.20,-62.5,10,0.0,1
7,2514003,-2.0282,39.6,29.19,-62.5,10,0.0,1
7,2514729,-2.5916,39.6,29.20,-68.5,10,0.0,1
7,2515455,-3.0198,39.6,29.20,-62.5,10,0.0,1
7,2516181,-3.0198,39.6,29.19,-62.5,10,0.0,1
7,2516907,-2.4790,39.6,29.19,-68.5,10,0.0,1
7,2517633,-2.5916,39.6,29.19,-62.0,10,0.0,1
7,2518359,-1.3972,39.6,29.19,-62.5,10,0.0,1
7,2519085,-2.4564,40.6,29.20,-62.5,10,0.0,1
7,2519811,-2.5240,40.6,29.19,-68.0,10,0.0,1
7,2520537,-3.3353,39.6,29.19,-62.5,10,0.0,1
7,2521263,-2.1184,39.6,29.19,-68.0,10,0.0,1
7,2521989,-2.7269,40.6,29.19,-68.0,10,0.0,1
7,2522715,-2.0282,40.6,29.19,-62.0,10,0.0,1
7,2523441,-3.1325,40.6,29.19,-62.5,10,0.0,1
7,2524167,-3.1325,39.6,29.19,-62.5,10,0.0,1
7,2524893,-2.7945,39.6,29.19,-62.5,10,0.0,1
7,2525619,-2.2987,39.6,29.19,-62.0,10,0.0,1
7,2526345,-1.8480,39.6,29.19,-62.0,10,0.0,1
7,2527071,-1.8705,39.6,29.19,-68.5,10,0.0,1
7,2527797,-2.1184,40.6,29.19,-68.5,10,0.0,1
7,2528523,-1.4423,39.6,29.19,-62.5,10,0.0,1
7,2529249,-2.4114,40.6,29.18,-62.5,10,0.0,1
7,2529975,-2.6367,39.6,29.18,-68.0,10,0.0,1
7,2530701,-1.2846,39.6,29.19,-62.5,10,0.0,1
7,2531427,-3.1325,40.6,29.19,-62.5,10,0.0,1
7,2532153,-2.0959,39.6,29.19,-68.0,10,0.0,1
7,2532879,-3.2903,40.6,29.19,-68.5,10,0.0,1
7,2533605,-3.4029,40.6,29.18,-62.5,10,0.0,1
7,2534331,-2.1635,40.6,29.18,-68.5,10,0.0,1
7,2535057,-2.2085,40.6,29.18,-62.5,10,0.0,1
7,2535783,-2.5015,39.6,29.18,-68.5,10,0.0,1
7,2536509,-2.8621,40.6,29.18,-62.5,10,0.0,1
7,2537235,-2.9973,40.6,29.18,-62.5,10,0.0,1
7,2537961,-3.0874,40.6,29.18,-68.0,10,0.0,1
7,2538687,-2.7945,39.6,29.18,-62.5,10,0.0,1
7,2539413,-2.3888,39.6,29.18,-62.5,10,0.0,1
7,2540139,-2.8170,39.6,29.18,-62.5,10,0.0,1
7,2540865,-3.2001,40.6,29.18,-62.5,10,0.0,1
7,2541591,-2.5691,40.6,29.18,-62.0,10,0.0,1
7,2542317,-1.8254,40.6,29.18,-62.0,10,0.0,1
7,2543043,-2.3888,40.6,29.18,-62.0,10,0.0,1
7,2543769,-3.1100,39.6,29.18,-62.5,10,0.0,1
7,2544495,-2.5916,39.6,29.18,-62.0,10,0.0,1
7,2545221,-2.1860,40.6,29.18,-68.5,10,0.0,1
7,2545947,-2.1860,39.6,29.18,-68.5,10,0.0,1
7,2546673,-3.4255,39.6,29.17,-62.5,10,0.0,1
7,2547399,-2.2311,40.6,29.18,-62.5,10,0.0,1
7,2548125,-1.8029,40.6,29.17,-68.5,10,0.0,1
7,2548851,-1.5775,40.6,29.17,-62.5,10,0.0,1
7,2549577,-2.5466,40.6,29.18,-68.5,10,0.0,1
7,2550303,-3.1776,40.6,29.17,-62.5,10,0.0,1
7,2551029,-2.4339,39.6,29.17,-62.5,10,0.0,1
7,2551755,-2.9297,39.6,29.17,-68.5,10,0.0,1
7,2552481,-1.1493,39.6,29.17,-62.5,10,0.0,1
7,2553207,-2.4114,40.6,29.17,-62.0,10,0.0,1
7,2553933,-2.4114,39.6,29.16,-62.0,10,0.0,1
7,2554659,-1.7353,39.6,29.17,-68.0,10,0.0,1
7,2555385,-2.7043,39.6,29.17,-62.0,10,0.0,1
7,2556111,-1.6001,38.6,29.17,-68.5,10,0.0,1
7,2556837,-2.3212,39.6,29.17,-68.0,10,0.0,1
7,2557563,-2.0959,39.6,29.17,-68.5,10,0.0,1
7,2558289,-2.9973,39.6,29.17,-62.5,10,0.0,1
7,2559015,-1.8480,40.6,29.17,-68.0,10,0.0,1
7,2559741,-2.5240,39.6,29.17,-62.5,10,0.0,1
7,2560467,-3.3128,39.6,29.17,-62.5,10,0.0,1
7,2561193,-3.6058,39.6,29.17,-62.5,10,0.0,1
7,2561919,-3.6058,39.6,29.17,-62.5,10,0.0,1
7,2562645,-1.9832,39.6,29.17,-62.0,10,0.0,1
7,2563371,-1.8930,39.6,29.17,-62.5,10,0.0,1
7,2564097,-3.1550,39.6,29.16,-62.0,10,0.0,1
7,2564823,-2.1184,39.6,29.18,-62.5,10,0.0,1
7,2565549,-3.0874,39.6,29.17,-68.5,10,0.0,1
7,2566275,-3.2227,39.6,29.17,-62.0,10,0.0,1
7,2567001,-2.6593,39.6,29.17,-62.5,10,0.0,1
7,2567727,-1.7353,39.6,29.17,-67.5,10,0.0,1
7,2568453,-2.0282,40.6,29.17,-63.0,10,0.0,1
7,2569179,-3.2001,39.6,29.17,-62.5,10,0.0,1
7,2569905,-3.2001,40.6,29.16,-62.5,10,0.0,1
7,2570631,-2.2311,40.6,29.17,-62.5,10,0.0,1
7,2571357,-2.8395,40.6,29.16,-62.5,10,0.0,1
7,2572083,-1.3296,40.6,29.17,-62.5,10,0.0,1
7,2572809,-3.2452,40.6,29.16,-62.5,10,0.0,1
7,2573535,-2.5916,39.6,29.16,-62.5,10,0.0,1
7,2574261,-2.1860,39.6,29.16,-62.5,10,0.0,1
7,2574987,-3.1100,40.6,29.16,-62.0,10,0.0,1
7,2575713,-2.0282,40.6,29.17,-62.5,10,0.0,1
7,2576439,-1.3296,40.6,29.16,-62.5,10,0.0,1
7,2577165,-2.5466,40.6,29.16,-62.0,10,0.0,1
7,2577891,-2.5466,40.6,29.16,-62.0,10,0.0,1
7,2578617,-2.3888,39.6,29.16,-62.5,10,0.0,1
7,2579343,-2.4339,39.6,29.16,-68.5,10,0.0,1
7,2580069,-2.7043,39.6,29.16,-62.0,10,0.0,1
7,2580795,-3.6508,39.6,29.16,-62.0,10,0.0,1
7,2581521,-1.6451,39.6,29.15,-62.5,10,0.0,1
7,2582247,-1.8480,39.6,29.15,-62.0,10,0.0,1
7,2582973,-2.9522,39.6,29.15,-62.5,10,0.0,1
7,2583699,-2.2987,39.6,29.15,-68.0,10,0.0,1
7,2584425,-1.8254,39.6,29.15,-62.0,10,0.0,1
7,2585151,-1.9156,39.6,29.15,-62.5,10,0.0,1
7,2585877,-2.0508,39.6,29.15,-62.5,10,0.0,1
7,2586603,-3.3353,40.6,29.15,-62.0,10,0.0,1
7,2587329,-3.3579,40.6,29.15,-62.5,10,0.0,1
7,2588055,-2.2085,40.6,29.15,-62.5,10,0.0,1
7,2588781,-1.7803,40.6,29.15,-62.5,10,0.0,1
7,2589507,-1.4198,40.6,29.15,-68.5,10,0.0,1
7,2590233,-1.9606,40.6,29.15,-62.0,10,0.0,1
7,2590959,-1.6451,39.6,29.15,-62.5,10,0.0,1
7,2591685,-2.2311,39.6,29.15,-62.0,10,0.0,1
7,2592411,-1.6902,38.6,29.15,-62.5,10,0.0,1
7,2593137,-3.5382,39.6,29.15,-62.5,10,0.0,1
7,2593863,-1.6677,38.6,29.15,-62.5,10,0.0,1
7,2594589,-3.3353,39.6,29.15,-62.0,10,0.0,1
7,2595315,-2.9973,39.6,29.15,-62.5,10,0.0,1
7,2596041,-2.1409,40.6,29.14,-62.5,10,0.0,1
7,2596767,-2.4790,40.6,29.15,-68.0,10,0.0,1
7,2597493,-2.0733,40.6,29.14,-62.5,10,0.0,1
7,2598219,-2.9072,40.6,29.15,-68.5,10,0.0,1
7,2598945,-1.4198,40.6,29.14,-68.0,10,0.0,1
7,2599671,-1.4198,40.6,29.14,-68.0,10,0.0,1
7,2600397,-3.0874,40.6,29.15,-62.5,10,0.0,1
7,2601123,-2.3437,40.6,29.15,-68.5,10,0.0,1
7,2601849,-2.1184,39.6,29.14,-62.5,10,0.0,1
7,2602575,-1.8705,39.6,29.14,-68.0,10,0.0,1
7,2603301,-1.7353,38.6,29.15,-68.0,10,0.0,1
7,2604027,-3.0424,39.6,29.14,-68.5,10,0.0,1
7,2604753,-2.7719,40.6,29.15,-62.5,10,0.0,1
7,2605479,-3.4029,39.6,29.14,-62.5,10,0.0,1
7,2606205,-2.2085,39.6,29.14,-62.5,10,0.0,1
7,2606931,-2.8846,39.6,29.15,-62.0,10,0.0,1
7,2607657,-2.8846,39.6,29.14,-62.0,10,0.0,1
7,2608383,-1.4874,39.6,29.14,-68.0,10,0.0,1
7,2609109,-3.1776,38.6,29.15,-62.5,10,0.0,1
7,2609835,-2.3663,38.6,29.14,-62.5,10,0.0,1
7,2610561,-2.1635,39.6,29.14,-68.0,10,0.0,1
7,2611287,-3.4706,39.6,29.14,-68.0,10,0.0,1
7,2612013,-2.7945,39.6,29.14,-62.5,10,0.0,1
7,2612739,-2.6367,39.6,29.14,-68.0,10,0.0,1
7,2613465,-3.0198,40.6,29.14,-62.0,10,0.0,1
7,2614191,-2.3212,40.6,29.14,-62.5,10,0.0,1
7,2614917,-2.1184,40.6,29.14,-62.5,10,0.0,1
7,2615643,-2.1184,40.6,29.15,-62.5,10,0.0,1
7,2616369,-3.0649,39.6,29.15,-62.0,10,0.0,1
7,2617095,-2.2987,39.6,29.15,-62.5,10,0.0,1
7,2617821,-2.6593,40.6,29.14,-62.5,10,0.0,1
7,2618547,-1.6902,39.6,29.14,-62.5,10,0.0,1
7,2619273,-2.0959,40.6,29.14,-62.5,10,0.0,1
7,2619999,-2.5691,39.6,29.14,-68.0,10,0.0,1
7,2620725,-2.7719,39.6,29.14,-62.0,10,0.0,1
7,2621451,-2.1184,39.6,29.14,-62.0,10,0.0,1
7,2622177,-2.2761,39.6,29.14,-62.5,10,0.0,1
7,2622903,-3.1325,39.6,29.14,-62.5,10,0.0,1
7,2623629,-3.1325,39.6,29.14,-62.5,10,0.0,1
7,2624355,-3.4480,39.6,29.14,-62.0,10,0.0,1
7,2625081,-1.5775,40.6,29.14,-62.5,10,0.0,1
7,2625807,-2.6818,40.6,29.14,-62.5,10,0.0,1
7,2626533,-2.6593,40.6,29.14,-62.5,10,0.0,1
7,2627259,-2.6593,40.6,29.14,-62.5,10,0.0,1
7,2627985,-2.2085,39.6,29.14,-62.5,10,0.0,1
7,2628711,-2.4114,38.6,29.14,-62.5,10,0.0,1
7,2629437,-3.6734,39.6,29.14,-62.0,10,0.0,1
7,2630163,-2.4564,39.6,29.14,-68.5,10,0.0,1
7,2630889,-2.1184,40.6,29.14,-62.5,10,0.0,1
7,2631615,-2.1184,40.6,29.14,-62.5,10,0.0,1
7,2632341,-2.1184,39.6,29.14,-62.5,10,0.0,1
7,2633067,-2.9973,39.6,29.13,-62.5,10,0.0,1
7,2633793,-1.9156,40.6,29.14,-68.0,10,0.0,1
7,2634519,-1.4874,39.6,29.14,-62.5,10,0.0,1
7,2635245,-1.7803,39.6,29.13,-62.5,10,0.0,1
7,2635971,-3.2452,40.6,29.14,-62.5,10,0.0,1
7,2636697,-2.0733,39.6,29.14,-62.0,10,0.0,1
7,2637423,-2.1860,39.6,29.14,-62.0,10,0.0,1
7,2638149,-3.0649,40.6,29.14,-62.0,10,0.0,1
7,2638875,-3.0424,39.6,29.14,-62.5,10,0.0,1
7,2639601,-3.0424,39.6,29.14,-62.5,10,0.0,1
7,2640327,-1.5550,39.6,29.14,-62.5,10,0.0,1
7,2641053,-2.2536,38.6,29.14,-62.5,10,0.0,1
7,2641779,-3.4029,38.6,29.14,-68.5,10,0.0,1
7,2642505,-2.8621,38.6,29.14,-62.5,10,0.0,1
7,2643231,-2.0733,39.6,29.14,-62.0,10,0.0,1
7,2643957,-2.3212,39.6,29.14,-68.5,10,0.0,1
7,2644683,-1.8029,39.6,29.14,-62.5,10,0.0,1
7,2645409,-1.5325,39.6,29.13,-62.5,10,0.0,1
7,2646135,-2.2761,39.6,29.14,-62.0,10,0.0,1
7,2646861,-2.6593,39.6,29.14,-62.0,10,0.0,1
7,2647587,-2.1184,40.6,29.14,-62.5,10,0.0,1
7,2648313,-2.8395,40.6,29.14,-68.5,10,0.0,1
7,2649039,-1.6451,40.6,29.14,-62.5,10,0.0,1
7,2649765,-2.3888,40.6,29.14,-68.5,10,0.0,1
7,2650491,-3.2903,40.6,29.14,-62.5,10,0.0,1
7,2651217,-2.9297,40.6,29.14,-62.5,10,0.0,1
7,2651943,-2.1860,40.6,29.14,-62.5,10,0.0,1
7,2652669,-2.8395,40.6,29.14,-62.5,10,0.0,1
7,2653395,-19.2007,40.6,29.13,-34.5,10,0.0,0
7,2654121,-2.0508,39.6,29.14,-62.5,10,0.0,1
7,2654847,-2.9522,39.6,29.13,-62.5,10,0.0,1
7,2655573,-3.4706,39.6,29.13,-62.5,10,0.0,1
7,2656299,-2.6818,39.6,29.14,-62.0,10,0.0,1
7,2657025,-2.9072,39.6,29.14,-62.0,10,0.0,1
7,2657751,-2.5466,40.6,29.13,-62.0,10,0.0,1
7,2658477,-3.0649,40.6,29.13,-62.5,10,0.0,1
7,2659203,-2.5240,39.6,29.13,-68.0,10,0.0,1
7,2659929,-1.4648,39.6,29.13,-68.0,10,0.0,1
7,2660655,-2.6142,39.6,29.14,-62.5,10,0.0,1
7,2661381,-2.6142,39.6,29.13,-62.5,10,0.0,1
7,2662107,-2.6367,39.6,29.13,-68.5,10,0.0,1
7,2662833,-3.2001,39.6,29.13,-68.5,10,0.0,1
7,2663559,-1.3296,39.6,29.13,-68.5,10,0.0,1
7,2664285,-2.2311,39.6,29.13,-62.5,10,0.0,1
7,2665011,-2.7269,39.6,29.13,-68.0,10,0.0,1
7,2665737,-2.0508,39.6,29.13,-62.5,10,0.0,1
7,2666463,-3.0424,39.6,29.13,-62.5,10,0.0,1
7,2667189,-2.2311,39.6,29.13,-62.5,10,0.0,1
7,2667915,-2.4339,38.6,29.13,-62.0,10,0.0,1
7,2668641,-2.2987,38.6,29.13,-62.5,10,0.0,1
7,2669367,-2.2987,39.6,29.13,-62.5,10,0.0,1
7,2670093,-3.0198,39.6,29.13,-68.5,10,0.0,1
7,2670819,-2.2761,39.6,29.14,-68.0,10,0.0,1
8,2671545,-3.1100,40.6,29.13,-68.0,10,0.0,1
8,2672271,-1.8705,39.6,29.13,-62.5,10,0.0,1
8,2672997,-2.6367,40.6,29.13,-62.0,10,0.0,1
8,2673723,-2.0733,39.6,29.13,-62.5,10,0.0,1
8,2674449,-1.8254,39.6,29.13,-62.5,10,0.0,1
8,2675175,-2.4790,39.6,29.13,-62.5,10,0.0,1
8,2675901,-2.6367,40.6,29.13,-68.5,10,0.0,1
8,2676627,-2.9297,40.6,29.13,-62.0,10,0.0,1
8,2677353,-2.9297,40.6,29.13,-62.0,10,0.0,1
8,2678079,-2.4114,40.6,29.13,-62.5,10,0.0,1
8,2678805,-3.5382,40.6,29.13,-62.5,10,0.0,1
8,2679531,-3.2227,40.6,29.13,-62.5,10,0.0,1
8,2680257,-2.3212,39.6,29.13,-62.0,10,0.0,1
8,2680983,-2.9297,40.6,29.13,-62.5,10,0.0,1
8,2681709,-2.3663,40.6,29.13,-62.5,10,0.0,1
8,2682435,-1.3522,40.6,29.13,-68.0,10,0.0,1
8,2683161,-2.1409,39.6,29.13,-68.0,10,0.0,1
8,2683887,-3.1550,39.6,29.13,-62.0,10,0.0,1
8,2684613,-2.9973,40.6,29.13,-62.5,10,0.0,1
8,2685339,-2.9973,39.6,29.13,-62.5,10,0.0,1
8,2686065,-3.2452,40.6,29.13,-62.5,10,0.0,1
8,2686791,-1.6001,40.6,29.12,-68.0,10,0.0,1
8,2687517,-3.2227,39.6,29.12,-62.5,10,0.0,1
8,2688243,-2.1635,39.6,29.13,-62.5,10,0.0,1
8,2688969,-2.7269,39.6,29.13,-62.5,10,0.0,1
8,2689695,-2.4790,39.6,29.13,-62.5,10,0.0,1
8,2690421,-2.9072,38.6,29.13,-62.5,10,0.0,1
8,2691147,-2.1409,38.6,29.13,-62.0,10,0.0,1
8,2691873,-3.0198,39.6,29.12,-62.0,10,0.0,1
8,2692599,-3.1550,39.6,29.12,-62.5,10,0.0,1
8,2693325,-3.1550,39.6,29.12,-62.5,10,0.0,1
8,2694051,-2.1635,39.6,29.13,-62.0,10,0.0,1
8,2694777,-1.6902,39.6,29.13,-62.0,10,0.0,1
8,2695503,-3.1325,39.6,29.13,-62.0,10,0.0,1
8,2696229,-3.1325,39.6,29.13,-62.5,10,0.0,1
8,2696955,-3.1100,39.6,29.13,-62.5,10,0.0,1
8,2697681,-1.6001,39.6,29.12,-68.0,10,0.0,1
8,2698407,-3.1776,39.6,29.13,-62.0,10,0.0,1
8,2699133,-1.8254,39.6,29.13,-62.5,10,0.0,1
8,2699859,-1.3747,39.6,29.13,-62.5,10,0.0,1
8,2700585,-2.5015,39.6,29.13,-62.0,10,0.0,1
8,2701311,-3.2001,39.6,29.13,-62.5,10,0.0,1
8,2702037,-3.5607,39.6,29.13,-68.5,10,0.0,1
8,2702763,-2.4564,40.6,29.13,-62.0,10,0.0,1
8,2703489,-1.8254,39.6,29.13,-68.5,10,0.0,1
8,2704215,-3.3579,40.6,29.13,-62.5,10,0.0,1
8,2704941,-2.2085,40.6,29.13,-62.5,10,0.0,1
8,2705667,-3.2452,39.6,29.13,-62.5,10,0.0,1
8,2706393,-2.4564,40.6,29.13,-62.0,10,0.0,1
8,2707119,-3.4706,40.6,29.13,-62.5,10,0.0,1
8,2707845,-1.8029,40.6,29.13,-62.0,10,0.0,1
8,2708571,-3.0649,40.6,29.13,-62.5,10,0.0,1
8,2709297,-2.0057,40.6,29.13,-68.0,10,0.0,1
8,2710023,-2.6818,40.6,29.13,-62.5,10,0.0,1
8,2710749,-3.1100,39.6,29.13,-69.0,10,0.0,1
8,2711475,-2.0508,39.6,29.14,-62.5,10,0.0,1
8,2712201,-2.7945,39.6,29.13,-62.5,10,0.0,1
8,2712927,-3.1776,40.6,29.13,-62.5,10,0.0,1
8,2713653,-2.7719,39.6,29.13,-62.5,10,0.0,1
8,2714379,-2.9297,39.6,29.13,-68.0,10,0.0,1
8,2715105,-2.9297,39.6,29.13,-68.0,10,0.0,1
8,2715831,-1.8480,39.6,29.13,-62.5,10,0.0,1
8,2716557,-1.4198,39.6,29.13,-62.5,10,0.0,1
8,2717283,-2.3888,39.6,29.13,-68.0,10,0.0,1
8,2718009,-2.6593,39.6,29.13,-62.5,10,0.0,1
8,2718735,-1.3747,39.6,29.13,-62.5,10,0.0,1
8,2719461,-3.0649,40.6,29.13,-68.5,10,0.0,1
8,2720187,-2.5015,40.6,29.13,-62.5,10,0.0,1
8,2720913,-2.5916,40.6,29.13,-68.5,10,0.0,1
8,2721639,-2.0733,39.6,29.13,-62.5,10,0.0,1
8,2722365,-2.1409,39.6,29.13,-62.0,10,0.0,1
8,2723091,-2.1409,39.6,29.13,-62.0,10,0.0,1
8,2723817,-3.2452,39.6,29.13,-62.5,10,0.0,1
8,2724543,-2.4114,39.6,29.13,-62.5,10,0.0,1
8,2725269,-2.0508,40.6,29.12,-62.5,10,0.0,1
8,2725995,-2.1635,40.6,29.13,-62.5,10,0.0,1
8,2726721,-2.8846,39.6,29.13,-62.5,10,0.0,1
8,2727447,-2.2987,39.6,29.13,-62.5,10,0.0,1
8,2728173,-2.6367,39.6,29.13,-62.0,10,0.0,1
8,2728899,-2.6593,39.6,29.13,-62.5,10,0.0,1
8,2729625,-2.2536,39.6,29.13,-62.0,10,0.0,1
8,2730351,-3.2001,40.6,29.13,-68.5,10,0.0,1
8,2731077,-3.2001,40.6,29.13,-68.5,10,0.0,1
8,2731803,-3.0874,40.6,29.13,-62.5,10,0.0,1
8,2732529,-3.4706,40.6,29.13,-62.5,10,0.0,1
8,2733255,-2.5015,40.6,29.13,-68.0,10,0.0,1
8,2733981,-3.0874,39.6,29.12,-62.5,10,0.0,1
8,2734707,-1.7353,39.6,29.12,-62.0,10,0.0,1
8,2735433,-2.3212,39.6,29.13,-68.5,10,0.0,1
8,2736159,-1.8029,39.6,29.13,-62.5,10,0.0,1
8,2736885,-2.3663,40.6,29.13,-62.5,10,0.0,1
8,2737611,-2.8395,40.6,29.13,-62.5,10,0.0,1
8,2738337,-1.8254,40.6,29.13,-68.0,10,0.0,1
8,2739063,-1.8254,39.6,29.13,-68.0,10,0.0,1
8,2739789,-2.0282,39.6,29.13,-68.5,10,0.0,1
8,2740515,-2.4564,40.6,29.13,-62.5,10,0.0,1
8,2741241,-2.9973,40.6,29.13,-62.0,10,0.0,1
8,2741967,-2.8395,40.6,29.13,-62.5,10,0.0,1
8,2742693,-3.1100,40.6,29.12,-62.0,10,0.0,1
8,2743419,-2.8621,40.6,29.13,-68.5,10,0.0,1
8,2744145,-2.3888,39.6,29.13,-62.5,10,0.0,1
8,2744871,-3.2227,39.6,29.12,-68.5,10,0.0,1
8,2745597,-1.4423,39.6,29.12,-62.5,10,0.0,1
8,2746323,-2.9522,40.6,29.13,-62.5,10,0.0,1
8,2747049,-2.9522,40.6,29.13,-62.5,10,0.0,1
8,2747775,-1.7127,40.6,29.12,-62.5,10,0.0,1
8,2748501,-2.2761,39.6,29.13,-62.5,10,0.0,1
8,2749227,-3.1100,39.6,29.13,-62.5,10,0.0,1
8,2749953,-2.1635,39.6,29.12,-62.5,10,0.0,1
8,2750679,-2.7719,39.6,29.13,-62.5,10,0.0,1
8,2751405,-2.5466,40.6,29.13,-68.0,10,0.0,1
8,2752131,-1.9832,39.6,29.12,-62.5,10,0.0,1
8,2752857,-2.5015,40.6,29.12,-68.0,10,0.0,1
8,2753583,-1.8930,40.6,29.13,-68.0,10,0.0,1
8,2754309,-2.2987,40.6,29.12,-68.5,10,0.0,1
8,2755035,-3.0424,39.6,29.13,-68.5,10,0.0,1
8,2755761,-1.1719,39.6,29.13,-68.0,10,0.0,1
8,2756487,-2.8170,39.6,29.13,-62.0,10,0.0,1
8,2757213,-2.5691,39.6,29.12,-62.5,10,0.0,1
8,2757939,-1.6001,39.6,29.12,-62.0,10,0.0,1
8,2758665,-3.2677,39.6,29.13,-68.0,10,0.0,1
8,2759391,-2.8170,39.6,29.13,-62.0,10,0.0,1
8,2760117,-2.9297,40.6,29.13,-62.5,10,0.0,1
8,2760843,-6.2200,40.6,29.12,-62.5,10,0.0,0
8,2761569,-3.2227,39.6,29.12,-62.5,10,0.0,1
8,2762295,-2.2536,39.6,29.12,-62.5,10,0.0,1
8,2763021,-2.1860,39.6,29.12,-62.5,10,0.0,1
8,2763747,-2.4114,39.6,29.12,-62.0,10,0.0,1
8,2764473,-1.9381,38.6,29.12,-62.5,10,0.0,1
8,2765199,-2.9297,38.6,29.12,-62.0,10,0.0,1
8,2765925,-1.6902,38.6,29.12,-62.0,10,0.0,1
8,2766651,-1.5775,39.6,29.12,-68.5,10,0.0,1
8,2767377,-2.0959,40.6,29.13,-62.5,10,0.0,1
8,2768103,-2.1184,39.6,29.12,-62.5,10,0.0,1
8,2768829,-2.1184,40.6,29.13,-62.5,10,0.0,1
8,2769555,-2.3888,40.6,29.13,-62.5,10,0.0,1
8,2770281,-3.0424,40.6,29.13,-68.0,10,0.0,1
8,2771007,-2.6818,40.6,29.12,-62.5,10,0.0,1
8,2771733,-1.8930,40.6,29.13,-62.5,10,0.0,1
8,2772459,-1.6226,40.6,29.12,-68.5,10,0.0,1
8,2773185,-2.5240,40.6,29.12,-68.5,10,0.0,1
8,2773911,-2.9973,39.6,29.12,-62.5,10,0.0,1
8,2774637,-2.8395,39.6,29.12,-62.5,10,0.0,1
8,2775363,-2.8170,39.6,29.12,-68.0,10,0.0,1
8,2776089,-3.1325,39.6,29.12,-68.5,10,0.0,1
8,2776815,-3.1325,39.6,29.12,-68.5,10,0.0,1
8,2777541,-2.3888,39.6,29.12,-68.5,10,0.0,1
8,2778267,-2.9297,40.6,29.12,-62.5,10,0.0,1
8,2778993,-3.0198,39.6,29.12,-62.5,10,0.0,1
8,2779719,-2.1184,39.6,29.12,-62.5,10,0.0,1
8,2780445,-1.3071,40.6,29.12,-62.5,10,0.0,1
8,2781171,-2.0959,40.6,29.12,-62.5,10,0.0,1
8,2781897,-3.2452,40.6,29.13,-62.0,10,0.0,1
8,2782623,-2.8846,40.6,29.13,-68.5,10,0.0,1
8,2783349,-2.4790,40.6,29.12,-68.0,10,0.0,1
8,2784075,-3.4255,39.6,29.12,-62.5,10,0.0,1
8,2784801,-3.4255,39.6,29.13,-62.5,10,0.0,1
8,2785527,-2.2085,39.6,29.13,-62.5,10,0.0,1
8,2786253,-2.6593,40.6,29.12,-62.5,10,0.0,1
8,2786979,-1.5775,39.6,29.12,-62.5,10,0.0,1
8,2787705,-2.5916,40.6,29.12,-62.5,10,0.0,1
8,2788431,-2.1184,40.6,29.13,-62.5,10,0.0,1
8,2789157,-3.2001,40.6,29.12,-62.5,10,0.0,1
8,2789883,-2.4564,40.6,29.12,-62.5,10,0.0,1
8,2790609,-3.0649,39.6,29.12,-62.5,10,0.0,1
8,2791335,-2.2311,39.6,29.12,-62.5,10,0.0,1
8,2792061,-3.3804,40.6,29.12,-62.5,10,0.0,1
8,2792787,-3.3804,40.6,29.12,-62.5,10,0.0,1
8,2793513,-2.8621,40.6,29.13,-62.5,10,0.0,1
8,2794239,-3.1776,39.6,29.13,-68.0,10,0.0,1
8,2794965,-3.5607,39.6,29.12,-62.5,10,0.0,1
8,2795691,-2.2761,39.6,29.12,-62.5,10,0.0,1
8,2796417,-1.9606,40.6,29.12,-62.5,10,0.0,1
8,2797143,-2.1184,39.6,29.12,-62.5,10,0.0,1
8,2797869,-2.3212,40.6,29.12,-62.5,10,0.0,1
8,2798595,-2.6593,39.6,29.12,-62.5,10,0.0,1
8,2799321,-1.7803,39.6,29.13,-68.0,10,0.0,1
8,2800047,-3.2677,38.6,29.12,-68.0,10,0.0,1
8,2800773,-3.2677,38.6,29.13,-68.0,10,0.0,1
8,2801499,-2.3212,38.6,29.13,-62.0,10,0.0,1
8,2802225,-2.7719,38.6,29.13,-62.5,10,0.0,1
8,2802951,-2.1860,38.6,29.13,-68.5,10,0.0,1
8,2803677,-1.8480,38.6,29.12,-62.5,10,0.0,1
8,2804403,-3.5382,39.6,29.13,-62.0,10,0.0,1
8,2805129,-2.5240,39.6,29.12,-62.5,10,0.0,1
8,2805855,-1.8254,39.6,29.13,-68.5,10,0.0,1
8,2806581,-2.4114,38.6,29.12,-62.5,10,0.0,1
8,2807307,-2.7043,38.6,29.12,-62.5,10,0.0,1
8,2808033,-3.0198,39.6,29.13,-68.5,10,0.0,1
8,2808759,-2.8395,39.6,29.12,-62.5,10,0.0,1
8,2809485,-1.6677,38.6,29.12,-68.5,10,0.0,1
8,2810211,-2.4114,38.6,29.13,-62.5,10,0.0,1
8,2810937,-2.0959,38.6,29.13,-62.0,10,0.0,1
8,2811663,-2.0733,38.6,29.13,-62.5,10,0.0,1
8,2812389,-3.0874,39.6,29.13,-62.5,10,0.0,1
8,2813115,-3.2903,39.6,29.13,-62.5,10,0.0,1
8,2813841,-2.3212,39.6,29.13,-62.0,10,0.0,1
8,2814567,-3.0874,39.6,29.13,-62.5,10,0.0,1
8,2815293,-2.5691,39.6,29.13,-62.5,10,0.0,1
8,2816019,-2.1409,39.6,29.12,-62.5,10,0.0,1
8,2816745,-2.7945,39.6,29.13,-62.0,10,0.0,1
8,2817471,-2.0959,40.6,29.12,-68.5,10,0.0,1
8,2818197,-2.3212,39.6,29.13,-62.5,10,0.0,1
8,2818923,-3.2677,39.6,29.13,-62.5,10,0.0,1
8,2819649,-2.2761,39.6,29.12,-62.0,10,0.0,1
8,2820375,-2.0733,40.6,29.12,-68.5,10,0.0,1
8,2821101,-2.5015,40.6,29.12,-62.5,10,0.0,1
8,2821827,-2.9973,40.6,29.12,-62.0,10,0.0,1
8,2822553,-2.9973,39.6,29.12,-62.0,10,0.0,1
8,2823279,-2.8621,39.6,29.13,-68.5,10,0.0,1
8,2824005,-2.9297,39.6,29.13,-62.5,10,0.0,1
8,2824731,-2.0959,38.6,29.12,-62.0,10,0.0,1
8,2825457,-1.9606,39.6,29.13,-68.0,10,0.0,1
8,2826183,-3.4029,39.6,29.12,-68.5,10,0.0,1
8,2826909,-3.3804,40.6,29.13,-62.0,10,0.0,1
8,2827635,-2.2085,40.6,29.12,-62.5,10,0.0,1
8,2828361,-2.9973,40.6,29.12,-62.5,10,0.0,1
8,2829087,-2.6142,39.6,29.12,-68.5,10,0.0,1
8,2829813,-2.9072,39.6,29.12,-62.0,10,0.0,1
8,2830539,-2.9072,40.6,29.13,-62.0,10,0.0,1
8,2831265,-2.0733,40.6,29.13,-62.0,10,0.0,1
8,2831991,-2.1184,39.6,29.13,-62.5,10,0.0,1
8,2832717,-2.2761,40.6,29.13,-62.5,10,0.0,1
8,2833443,-2.0282,40.6,29.13,-68.0,10,0.0,1
8,2834169,-3.0424,40.6,29.13,-62.0,10,0.0,1
8,2834895,-2.8621,40.6,29.12,-68.0,10,0.0,1
8,2835621,-3.2227,39.6,29.12,-68.5,10,0.0,1
8,2836347,-2.9748,39.6,29.13,-62.0,10,0.0,1
8,2837073,-2.7043,40.6,29.13,-62.5,10,0.0,1
8,2837799,-2.4790,39.6,29.12,-62.0,10,0.0,1
8,2838525,-2.4790,39.6,29.13,-62.0,10,0.0,1
8,2839251,-2.1635,39.6,29.13,-62.0,10,0.0,1
8,2839977,-3.0424,39.6,29.13,-62.5,10,0.0,1
8,2840703,-2.7719,39.6,29.13,-62.5,10,0.0,1
8,2841429,-2.9297,39.6,29.13,-62.5,10,0.0,1
8,2842155,-2.0733,40.6,29.13,-62.5,10,0.0,1
8,2842881,-2.5240,40.6,29.13,-62.0,10,0.0,1
8,2843607,-3.0424,39.6,29.12,-62.5,10,0.0,1
8,2844333,-2.2761,39.6,29.13,-62.5,10,0.0,1
8,2845059,-1.6226,39.6,29.13,-62.5,10,0.0,1
8,2845785,-2.1635,39.6,29.13,-68.5,10,0.0,1
8,2846511,-2.1635,40.6,29.13,-68.5,10,0.0,1
8,2847237,-2.0508,39.6,29.13,-62.0,10,0.0,1
8,2847963,-2.0057,40.6,29.13,-62.5,10,0.0,1
8,2848689,-2.7719,39.6,29.13,-62.5,10,0.0,1
8,2849415,-2.4114,39.6,29.13,-62.5,10,0.0,1
8,2850141,-2.7945,39.6,29.13,-68.5,10,0.0,1
8,2850867,-2.8395,39.6,29.13,-68.5,10,0.0,1
8,2851593,-2.4790,39.6,29.13,-62.0,10,0.0,1
8,2852319,-2.2311,39.6,29.13,-62.5,10,0.0,1
8,2853045,-2.0733,39.6,29.13,-62.5,10,0.0,1
8,2853771,-1.4648,39.6,29.13,-62.5,10,0.0,1
8,2854497,-1.4648,39.6,29.13,-62.5,10,0.0,1
8,2855223,-3.2227,39.6,29.13,-62.5,10,0.0,1
8,2855949,-2.3437,39.6,29.13,-62.5,10,0.0,1
8,2856675,-2.6593,39.6,29.13,-62.5,10,0.0,1
8,2857401,-2.6818,39.6,29.13,-62.5,10,0.0,1
8,2858127,-2.3888,39.6,29.13,-68.0,10,0.0,1
8,2858853,-2.7043,40.6,29.13,-62.0,10,0.0,1
8,2859579,-1.5550,40.6,29.13,-62.5,10,0.0,1
8,2860305,-2.5916,39.6,29.13,-62.0,10,0.0,1
8,2861031,-1.8705,40.6,29.14,-68.0,10,0.0,1
8,2861757,-2.2536,39.6,29.14,-62.0,10,0.0,1
8,2862483,-1.9381,39.6,29.13,-68.5,10,0.0,1
8,2863209,-3.2903,39.6,29.13,-62.5,10,0.0,1
8,2863935,-3.6734,39.6,29.13,-62.5,10,0.0,1
8,2864661,-1.9606,39.6,29.13,-68.5,10,0.0,1
8,2865387,-2.9297,39.6,29.13,-62.0,10,0.0,1
8,2866113,-2.6593,40.6,29.13,-62.0,10,0.0,1
8,2866839,-2.6367,40.6,29.13,-62.5,10,0.0,1
8,2867565,-3.4029,39.6,29.13,-68.5,10,0.0,1
8,2868291,-3.0649,40.6,29.14,-62.5,10,0.0,1
8,2869017,-2.1860,40.6,29.13,-62.5,10,0.0,1
8,2869743,-3.1550,40.6,29.13,-62.5,10,0.0,1
8,2870469,-2.5691,40.6,29.13,-62.5,10,0.0,1
8,2871195,-2.4114,39.6,29.13,-62.0,10,0.0,1
8,2871921,-2.1860,39.6,29.13,-62.5,10,0.0,1
8,2872647,-2.4790,40.6,29.13,-68.0,10,0.0,1
8,2873373,-2.0508,40.6,29.13,-62.5,10,0.0,1
8,2874099,-1.6902,39.6,29.14,-62.5,10,0.0,1
8,2874825,-1.8705,40.6,29.13,-62.5,10,0.0,1
8,2875551,-3.3353,40.6,29.13,-62.0,10,0.0,1
8,2876277,-3.3353,40.6,29.13,-62.0,10,0.0,1
8,2877003,-1.9606,39.6,29.14,-62.5,10,0.0,1
8,2877729,-1.6226,40.6,29.14,-68.5,10,0.0,1
8,2878455,-2.1184,40.6,29.14,-62.5,10,0.0,1
8,2879181,-2.6367,40.6,29.13,-62.0,10,0.0,1
8,2879907,-2.4339,40.6,29.13,-62.5,10,0.0,1
8,2880633,-1.8254,40.6,29.13,-62.5,10,0.0,1
8,2881359,-2.5015,40.6,29.13,-68.0,10,0.0,1
8,2882085,-3.1325,40.6,29.13,-62.5,10,0.0,1
8,2882811,-3.1550,40.6,29.13,-62.5,10,0.0,1
8,2883537,-2.5015,39.6,29.14,-62.5,10,0.0,1
8,2884263,-2.5015,39.6,29.13,-62.5,10,0.0,1
8,2884989,-2.9748,39.6,29.13,-68.5,10,0.0,1
8,2885715,-3.0874,39.6,29.13,-62.0,10,0.0,1
8,2886441,-2.0057,39.6,29.13,-68.5,10,0.0,1
8,2887167,-2.7494,39.6,29.13,-62.5,10,0.0,1
8,2887893,-2.4790,39.6,29.13,-62.5,10,0.0,1
8,2888619,-1.5099,39.6,29.13,-68.5,10,0.0,1
8,2889345,-2.7269,39.6,29.13,-62.0,10,0.0,1
8,2890071,-2.5691,39.6,29.13,-62.5,10,0.0,1
8,2890797,-2.5240,40.6,29.13,-68.0,10,0.0,1
8,2891523,-2.4564,40.6,29.14,-68.0,10,0.0,1
8,2892249,-2.4564,39.6,29.14,-68.0,10,0.0,1
8,2892975,-3.4931,39.6,29.14,-62.5,10,0.0,1
8,2893701,-1.6677,39.6,29.13,-62.5,10,0.0,1
8,2894427,-3.0424,39.6,29.14,-68.5,10,0.0,1
8,2895153,-2.6593,39.6,29.14,-62.5,10,0.0,1
8,2895879,-1.7803,39.6,29.13,-62.0,10,0.0,1
8,2896605,-2.1635,40.6,29.14,-62.5,10,0.0,1
8,2897331,-2.3663,39.6,29.13,-68.5,10,0.0,1
8,2898057,-2.6367,39.6,29.14,-62.5,10,0.0,1
8,2898783,-2.6367,40.6,29.14,-62.5,10,0.0,1
8,2899509,-2.6818,39.6,29.13,-62.5,10,0.0,1
8,2900235,-2.6818,39.6,29.13,-62.5,10,0.0,1
8,2900961,-2.1635,40.6,29.13,-68.0,10,0.0,1
8,2901687,-2.6593,39.6,29.14,-62.5,10,0.0,1
8,2902413,-2.3437,38.6,29.13,-62.5,10,0.0,1
8,2903139,-2.1409,39.6,29.13,-62.5,10,0.0,1
8,2903865,-2.7269,39.6,29.13,-62.0,10,0.0,1
8,2904591,-2.4339,39.6,29.13,-62.0,10,0.0,1
8,2905317,-2.5240,39.6,29.14,-62.5,10,0.0,1
8,2906043,-1.3071,40.6,29.13,-68.0,10,0.0,1
8,2906769,-1.7353,39.6,29.14,-62.5,10,0.0,1
8,2907495,-2.7269,39.6,29.14,-62.5,10,0.0,1
8,2908221,-2.7269,39.6,29.14,-62.5,10,0.0,1
8,2908947,-2.9297,39.6,29.14,-68.5,10,0.0,1
8,2909673,-3.0874,39.6,29.14,-62.5,10,0.0,1
8,2910399,-2.1409,39.6,29.14,-62.5,10,0.0,1
8,2911125,-2.5691,39.6,29.14,-62.0,10,0.0,1
8,2911851,-1.6677,40.6,29.14,-62.0,10,0.0,1
8,2912577,-2.2311,39.6,29.13,-62.0,10,0.0,1
8,2913303,-3.1100,39.6,29.13,-62.5,10,0.0,1
8,2914029,-2.9072,40.6,29.13,-62.5,10,0.0,1
8,2914755,-2.1860,39.6,29.14,-62.5,10,0.0,1
8,2915481,-1.9832,39.6,29.14,-68.0,10,0.0,1
8,2916207,-2.0508,39.6,29.14,-62.5,10,0.0,1
8,2916933,-2.2987,40.6,29.14,-62.0,10,0.0,1
8,2917659,-2.0959,40.6,29.14,-62.5,10,0.0,1
8,2918385,-2.2761,40.6,29.14,-62.5,10,0.0,1
8,2919111,-1.9832,40.6,29.14,-62.5,10,0.0,1
8,2919837,-2.0508,39.6,29.14,-62.0,10,0.0,1
8,2920563,-2.1409,39.6,29.14,-62.5,10,0.0,1
8,2921289,-2.5240,39.6,29.14,-62.0,10,0.0,1
8,2922015,-2.7269,39.6,29.14,-62.5,10,0.0,1
8,2922741,-1.6677,39.6,29.14,-62.5,10,0.0,1
8,2923467,-2.8621,39.6,29.14,-62.5,10,0.0,1
8,2924193,-2.5691,39.6,29.14,-68.0,10,0.0,1
8,2924919,-2.0733,39.6,29.14,-62.5,10,0.0,1
8,2925645,-2.2085,39.6,29.14,-68.5,10,0.0,1
8,2926371,-3.3128,39.6,29.14,-68.0,10,0.0,1
8,2927097,-2.0282,38.6,29.14,-68.5,10,0.0,1
8,2927823,-2.2987,39.6,29.14,-68.0,10,0.0,1
8,2928549,-3.2001,39.6,29.14,-62.5,10,0.0,1
8,2929275,-2.5015,39.6,29.14,-68.5,10,0.0,1
8,2930001,-32.7224,39.6,29.14,-57.5,10,0.0,0
8,2930727,-2.7494,39.6,29.14,-62.0,10,0.0,1
8,2931453,-3.2227,39.6,29.14,-62.5,10,0.0,1
8,2932179,-2.2987,38.6,29.14,-62.0,10,0.0,1
8,2932905,-2.5015,39.6,29.15,-62.0,10,0.0,1
8,2933631,-2.8846,39.6,29.14,-62.5,10,0.0,1
8,2934357,-2.6818,39.6,29.14,-62.0,10,0.0,1
8,2935083,-2.4564,40.6,29.14,-62.5,10,0.0,1
8,2935809,-3.3804,40.6,29.14,-68.5,10,0.0,1
8,2936535,-2.8170,39.6,29.14,-68.5,10,0.0,1
8,2937261,-1.6226,39.6,29.14,-62.5,10,0.0,1
8,2937987,-1.6226,39.6,29.14,-62.5,10,0.0,1
8,2938713,-3.2001,39.6,29.14,-68.5,10,0.0,1
8,2939439,-2.4114,40.6,29.14,-62.5,10,0.0,1
8,2940165,-2.2987,40.6,29.14,-62.5,10,0.0,1
8,2940891,-1.6902,40.6,29.14,-62.5,10,0.0,1
8,2941617,-3.1776,40.6,29.14,-62.5,10,0.0,1
8,2942343,-1.4648,40.6,29.14,-62.0,10,0.0,1
8,2943069,-2.3663,40.6,29.14,-62.5,10,0.0,1
8,2943795,-3.1325,40.6,29.14,-62.5,10,0.0,1
8,2944521,-1.5325,40.6,29.14,-68.0,10,0.0,1
8,2945247,-2.7494,40.6,29.14,-62.5,10,0.0,1
8,2945973,-2.7494,39.6,29.14,-62.5,10,0.0,1
8,2946699,-2.5015,39.6,29.14,-62.5,10,0.0,1
8,2947425,-1.5550,39.6,29.14,-62.0,10,0.0,1
8,2948151,-3.2227,39.6,29.14,-62.5,10,0.0,1
8,2948877,-1.8930,39.6,29.15,-62.5,10,0.0,1
8,2949603,-3.3353,39.6,29.14,-68.0,10,0.0,1
8,2950329,-2.5691,39.6,29.14,-62.5,10,0.0,1
8,2951055,-1.3972,39.6,29.14,-62.5,10,0.0,1
8,2951781,-1.3747,39.6,29.14,-62.5,10,0.0,1
8,2952507,-2.2536,39.6,29.14,-62.5,10,0.0,1
8,2953233,-2.6367,39.6,29.14,-62.0,10,0.0,1
8,2953959,-2.6367,39.6,29.14,-62.0,10,0.0,1
8,2954685,-1.9156,39.6,29.14,-62.5,10,0.0,1
8,2955411,-3.1100,39.6,29.14,-68.5,10,0.0,1
8,2956137,-1.4648,39.6,29.14,-62.5,10,0.0,1
8,2956863,-2.7494,40.6,29.14,-62.5,10,0.0,1
8,2957589,-2.1635,40.6,29.14,-62.5,10,0.0,1
8,2958315,-2.6818,39.6,29.14,-62.0,10,0.0,1
8,2959041,-2.4790,39.6,29.14,-62.5,10,0.0,1
8,2959767,-2.9973,39.6,29.14,-62.5,10,0.0,1
8,2960493,-2.4339,39.6,29.14,-62.5,10,0.0,1
8,2961219,-1.6001,39.6,29.14,-62.5,10,0.0,1
8,2961945,-1.6001,39.6,29.14,-62.5,10,0.0,1
8,2962671,-2.8846,39.6,29.14,-62.5,10,0.0,1
8,2963397,-3.1100,40.6,29.15,-62.0,10,0.0,1
8,2964123,-2.2085,40.6,29.15,-68.5,10,0.0,1
8,2964849,-1.2395,40.6,29.14,-68.5,10,0.0,1
8,2965575,-2.1184,40.6,29.14,-68.0,10,0.0,1
8,2966301,-2.6367,40.6,29.15,-68.5,10,0.0,1
8,2967027,-1.8705,39.6,29.14,-62.5,10,0.0,1
8,2967753,-2.7494,39.6,29.14,-62.0,10,0.0,1
8,2968479,-2.5466,39.6,29.15,-62.5,10,0.0,1
8,2969205,-1.8705,39.6,29.15,-68.5,10,0.0,1
8,2969931,-1.8705,39.6,29.14,-68.5,10,0.0,1
8,2970657,-2.2085,39.6,29.14,-68.5,10,0.0,1
8,2971383,-2.3663,39.6,29.14,-62.0,10,0.0,1
8,2972109,-2.0282,39.6,29.15,-62.5,10,0.0,1
8,2972835,-1.7803,39.6,29.15,-62.5,10,0.0,1
8,2973561,-3.1100,39.6,29.15,-62.5,10,0.0,1
8,2974287,-2.1184,39.6,29.15,-68.5,10,0.0,1
8,2975013,-3.3353,39.6,29.14,-62.5,10,0.0,1
8,2975739,-3.4931,40.6,29.15,-68.0,10,0.0,1
8,2976465,-3.1325,40.6,29.14,-62.5,10,0.0,1
8,2977191,-1.1944,39.6,29.14,-68.0,10,0.0,1
8,2977917,-2.9297,40.6,29.15,-62.5,10,0.0,1
8,2978643,-3.6508,39.6,29.15,-62.0,10,0.0,1
8,2979369,-2.0282,40.6,29.14,-62.5,10,0.0,1
8,2980095,-2.2761,39.6,29.15,-62.5,10,0.0,1
8,2980821,-2.7269,39.6,29.14,-68.5,10,0.0,1
8,2981547,-2.5240,39.6,29.15,-62.5,10,0.0,1
8,2982273,-2.1184,39.6,29.15,-62.0,10,0.0,1
8,2982999,-2.1860,39.6,29.14,-62.0,10,0.0,1
8,2983725,-8.4285,39.6,29.14,-68.0,10,0.0,0
8,2984451,-4.0114,39.6,29.14,-62.5,10,0.0,1
8,2985177,-2.6593,39.6,29.14,-62.5,10,0.0,1
8,2985903,-1.6226,40.6,29.15,-62.5,10,0.0,1
8,2986629,-3.2452,39.6,29.15,-68.5,10,0.0,1
8,2987355,-1.9832,39.6,29.15,-62.0,10,0.0,1
8,2988081,-2.2536,39.6,29.15,-62.0,10,0.0,1
8,2988807,-2.8846,39.6,29.15,-62.5,10,0.0,1
8,2989533,-3.4029,39.6,29.15,-62.5,10,0.0,1
8,2990259,-2.2085,39.6,29.15,-62.5,10,0.0,1
8,2990985,-2.2536,39.6,29.15,-62.0,10,0.0,1
8,2991711,-2.2536,39.6,29.15,-62.0,10,0.0,1
8,2992437,-1.6677,40.6,29.14,-68.0,10,0.0,1
8,2993163,-3.4706,40.6,29.15,-68.5,10,0.0,1
8,2993889,-1.5550,40.6,29.15,-68.5,10,0.0,1
8,2994615,-1.6001,40.6,29.15,-62.5,10,0.0,1
8,2995341,-1.7353,39.6,29.14,-62.5,10,0.0,1
8,2996067,-1.2395,40.6,29.15,-62.5,10,0.0,1
8,2996793,-2.2085,39.6,29.15,-62.5,10,0.0,1
8,2997519,-1.4423,39.6,29.15,-68.5,10,0.0,1
8,2998245,-2.7494,40.6,29.15,-68.0,10,0.0,1
8,2998971,-3.1325,40.6,29.15,-62.5,10,0.0,1
8,2999697,-3.1325,39.6,29.15,-62.5,10,0.0,1
8,3000423,-1.6677,39.6,29.15,-68.0,10,0.0,1
8,3001149,-1.8480,39.6,29.15,-68.0,10,0.0,1
8,3001875,-1.7803,39.6,29.15,-62.5,10,0.0,1
8,3002601,-2.4564,40.6,29.14,-68.5,10,0.0,1
8,3003327,-1.4874,40.6,29.15,-62.5,10,0.0,1
8,3004053,-2.1184,39.6,29.15,-62.0,10,0.0,1
8,3004779,-3.4255,39.6,29.15,-62.0,10,0.0,1
8,3005505,-2.1409,40.6,29.14,-62.5,10,0.0,1
8,3006231,-1.6677,39.6,29.14,-62.5,10,0.0,1
8,3006957,-1.6451,40.6,29.15,-68.5,10,0.0,1
8,3007683,-1.6451,39.6,29.15,-68.5,10,0.0,1
8,3008409,-2.2536,39.6,29.15,-62.0,10,0.0,1
8,3009135,-2.3437,39.6,29.15,-68.0,10,0.0,1
8,3009861,-2.3888,39.6,29.15,-62.0,10,0.0,1
8,3010587,-2.1184,39.6,29.15,-62.5,10,0.0,1
8,3011313,-1.7353,39.6,29.15,-68.5,10,0.0,1
8,3012039,-2.5015,39.6,29.15,-62.5,10,0.0,1
8,3012765,-2.6367,40.6,29.15,-62.5,10,0.0,1
8,3013491,-2.2311,40.6,29.15,-62.5,10,0.0,1
8,3014217,-2.1860,40.6,29.15,-62.5,10,0.0,1
8,3014943,-3.2227,39.6,29.15,-68.5,10,0.0,1
8,3015669,-3.2227,40.6,29.15,-68.5,10,0.0,1
8,3016395,-1.8254,40.6,29.15,-62.5,10,0.0,1
8,3017121,-3.4706,40.6,29.15,-68.5,10,0.0,1
8,3017847,-2.2311,39.6,29.15,-62.5,10,0.0,1
8,3018573,-3.4931,40.6,29.15,-62.0,10,0.0,1
8,3019299,-1.4648,40.6,29.15,-62.5,10,0.0,1
8,3020025,-1.3747,40.6,29.15,-62.5,10,0.0,1
8,3020751,-3.4029,40.6,29.15,-62.5,10,0.0,1
8,3021477,-2.4339,39.6,29.15,-63.0,10,0.0,1
8,3022203,-2.9973,39.6,29.15,-68.5,10,0.0,1
8,3022929,-2.9297,39.6,29.15,-62.5,10,0.0,1
8,3023655,-2.9297,39.6,29.15,-62.5,10,0.0,1
8,3024381,-2.2761,39.6,29.15,-62.5,10,0.0,1
8,3025107,-1.6451,39.6,29.15,-62.0,10,0.0,1
8,3025833,-3.3128,39.6,29.15,-62.5,10,0.0,1
8,3026559,-3.2677,39.6,29.15,-68.5,10,0.0,1
8,3027285,-1.8254,40.6,29.15,-62.5,10,0.0,1
8,3028011,-2.6818,39.6,29.15,-62.0,10,0.0,1
8,3028737,-2.6593,39.6,29.15,-62.5,10,0.0,1
8,3029463,-3.2001,39.6,29.15,-62.5,10,0.0,1
8,3030189,-1.8480,39.6,29.15,-68.0,10,0.0,1
8,3030915,-2.4114,38.6,29.15,-62.5,10,0.0,1
8,3031641,-2.4114,39.6,29.15,-62.5,10,0.0,1
8,3032367,-2.9748,39.6,29.15,-62.5,10,0.0,1
8,3033093,-2.8395,39.6,29.15,-62.5,10,0.0,1
8,3033819,-1.4874,39.6,29.15,-62.5,10,0.0,1
9,3034545,-2.8170,39.6,29.15,-62.5,10,0.0,1
9,3035271,-3.0649,39.6,29.15,-62.5,10,0.0,1
9,3035997,-3.0198,39.6,29.15,-68.5,10,0.0,1
9,3036723,-2.0733,39.6,29.15,-68.5,10,0.0,1
9,3037449,-2.4790,40.6,29.15,-62.0,10,0.0,1
9,3038175,-3.6959,39.6,29.15,-62.5,10,0.0,1
9,3038901,-2.7043,39.6,29.15,-68.0,10,0.0,1
9,3039627,-3.0198,40.6,29.15,-68.5,10,0.0,1
9,3040353,-3.3579,40.6,29.15,-68.0,10,0.0,1
9,3041079,-1.9832,40.6,29.15,-62.5,10,0.0,1
9,3041805,-2.7494,40.6,29.15,-62.5,10,0.0,1
9,3042531,-2.5015,40.6,29.15,-68.5,10,0.0,1
9,3043257,-2.2085,39.6,29.15,-62.5,10,0.0,1
9,3043983,-2.6818,39.6,29.15,-68.5,10,0.0,1
9,3044709,-2.0282,39.6,29.15,-62.5,10,0.0,1
9,3045435,-2.0282,40.6,29.15,-62.5,10,0.0,1
9,3046161,-2.4790,39.6,29.15,-62.0,10,0.0,1
9,3046887,-1.8930,39.6,29.15,-62.5,10,0.0,1
9,3047613,-2.2536,39.6,29.15,-62.5,10,0.0,1
9,3048339,-2.5015,39.6,29.15,-62.5,10,0.0,1
9,3049065,-3.1325,39.6,29.16,-62.5,10,0.0,1
9,3049791,-2.4339,39.6,29.15,-62.5,10,0.0,1
9,3050517,-2.2761,40.6,29.15,-68.5,10,0.0,1
9,3051243,-3.0649,40.6,29.15,-62.5,10,0.0,1
9,3051969,-3.2452,39.6,29.16,-62.5,10,0.0,1
9,3052695,-2.7494,39.6,29.16,-62.5,10,0.0,1
9,3053421,-2.7494,39.6,29.16,-62.5,10,0.0,1
9,3054147,-3.1100,40.6,29.16,-62.0,10,0.0,1
9,3054873,-2.3663,39.6,29.16,-62.5,10,0.0,1
9,3055599,-2.2987,39.6,29.16,-62.5,10,0.0,1
9,3056325,-3.0649,39.6,29.16,-68.0,10,0.0,1
9,3057051,-3.1550,39.6,29.16,-62.0,10,0.0,1
9,3057777,-3.0649,40.6,29.15,-62.5,10,0.0,1
9,3058503,-1.9832,40.6,29.15,-62.0,10,0.0,1
9,3059229,-2.4114,40.6,29.16,-62.0,10,0.0,1
9,3059955,-1.3522,40.6,29.15,-68.5,10,0.0,1
9,3060681,-2.4564,40.6,29.16,-68.0,10,0.0,1
9,3061407,-2.4564,40.6,29.15,-68.0,10,0.0,1
9,3062133,-3.2001,39.6,29.15,-62.5,10,0.0,1
9,3062859,-3.0649,40.6,29.15,-62.5,10,0.0,1
9,3063585,-3.1776,39.6,29.16,-62.5,10,0.0,1
9,3064311,-3.3804,40.6,29.15,-68.0,10,0.0,1
9,3065037,-2.5691,40.6,29.15,-62.5,10,0.0,1
9,3065763,-2.1635,40.6,29.15,-68.0,10,0.0,1
9,3066489,-3.1100,40.6,29.15,-62.5,10,0.0,1
9,3067215,-3.0874,39.6,29.15,-68.5,10,0.0,1
9,3067941,-2.2761,39.6,29.15,-62.0,10,0.0,1
9,3068667,-1.5099,39.6,29.16,-62.5,10,0.0,1
9,3069393,-1.5099,39.6,29.16,-62.5,10,0.0,1
9,3070119,-3.0198,39.6,29.16,-62.5,10,0.0,1
9,3070845,-1.3071,39.6,29.16,-62.5,10,0.0,1
9,3071571,-2.6142,40.6,29.16,-62.5,10,0.0,1
9,3072297,-2.7043,40.6,29.16,-68.0,10,0.0,1
9,3073023,-2.9522,40.6,29.16,-62.5,10,0.0,1
9,3073749,-2.6142,40.6,29.16,-62.5,10,0.0,1
9,3074475,-3.2001,40.6,29.16,-61.5,10,0.0,1
9,3075201,-2.8170,40.6,29.16,-62.5,10,0.0,1
9,3075927,-3.5382,40.6,29.16,-68.0,10,0.0,1
9,3076653,-2.8395,40.6,29.16,-62.5,10,0.0,1
9,3077379,-2.8395,39.6,29.16,-62.5,10,0.0,1
9,3078105,-2.9297,39.6,29.16,-62.5,10,0.0,1
9,3078831,-1.6451,39.6,29.16,-62.5,10,0.0,1
9,3079557,-2.2987,39.6,29.16,-68.5,10,0.0,1
9,3080283,-2.3437,39.6,29.16,-62.5,10,0.0,1
9,3081009,-1.4874,39.6,29.16,-62.0,10,0.0,1
9,3081735,-2.4790,39.6,29.16,-62.5,10,0.0,1
9,3082461,-3.0424,39.6,29.16,-62.5,10,0.0,1
9,3083187,-3.2001,39.6,29.15,-62.0,10,0.0,1
9,3083913,-2.6367,39.6,29.16,-62.5,10,0.0,1
9,3084639,-3.3804,39.6,29.16,-62.5,10,0.0,1
9,3085365,-2.3888,39.6,29.16,-62.5,10,0.0,1
9,3086091,-2.0733,40.6,29.15,-62.5,10,0.0,1
9,3086817,-2.0282,39.6,29.15,-68.5,10,0.0,1
9,3087543,-2.9748,39.6,29.16,-62.0,10,0.0,1
9,3088269,-2.1860,39.6,29.16,-62.5,10,0.0,1
9,3088995,-3.2227,40.6,29.15,-62.5,10,0.0,1
9,3089721,-2.6367,40.6,29.16,-62.5,10,0.0,1
9,3090447,-2.1409,39.6,29.15,-62.5,10,0.0,1
9,3091173,-2.9522,39.6,29.16,-62.0,10,0.0,1
9,3091899,-2.5691,39.6,29.16,-62.0,10,0.0,1
9,3092625,-2.1409,40.6,29.16,-68.5,10,0.0,1
9,3093351,-1.9156,40.6,29.16,-68.0,10,0.0,1
9,3094077,-1.9156,40.6,29.15,-62.0,10,0.0,1
9,3094803,-2.8621,40.6,29.16,-62.5,10,0.0,1
9,3095529,-2.4339,39.6,29.16,-62.5,10,0.0,1
9,3096255,-2.5916,40.6,29.16,-62.5,10,0.0,1
9,3096981,-2.8395,39.6,29.16,-68.0,10,0.0,1
9,3097707,-3.3804,39.6,29.16,-68.0,10,0.0,1
9,3098433,-2.9072,39.6,29.16,-62.5,10,0.0,1
9,3099159,-2.9072,39.6,29.16,-62.5,10,0.0,1
9,3099885,-1.6677,39.6,29.16,-68.5,10,0.0,1
9,3100611,-3.3579,39.6,29.16,-62.5,10,0.0,1
9,3101337,-1.1268,40.6,29.16,-62.5,10,0.0,1
9,3102063,-2.3663,39.6,29.16,-62.0,10,0.0,1
9,3102789,-3.0874,39.6,29.16,-62.5,10,0.0,1
9,3103515,-2.0057,39.6,29.16,-62.5,10,0.0,1
9,3104241,-3.2227,39.6,29.16,-62.0,10,0.0,1
9,3104967,-3.1325,39.6,29.16,-68.5,10,0.0,1
9,3105693,-1.9832,39.6,29.16,-68.0,10,0.0,1
9,3106419,-2.6593,39.6,29.16,-62.5,10,0.0,1
9,3107145,-2.6593,39.6,29.16,-62.5,10,0.0,1
9,3107871,-2.4114,39.6,29.16,-62.5,10,0.0,1
9,3108597,-2.3212,39.6,29.16,-68.5,10,0.0,1
9,3109323,-2.3663,39.6,29.16,-68.5,10,0.0,1
9,3110049,-2.8395,39.6,29.16,-68.0,10,0.0,1
9,3110775,-2.1635,39.6,29.16,-68.0,10,0.0,1
9,3111501,-3.3579,39.6,29.16,-68.5,10,0.0,1
9,3112227,-1.6677,39.6,29.17,-62.0,10,0.0,1
9,3112953,-2.9297,40.6,29.16,-62.5,10,0.0,1
9,3113679,-2.8621,40.6,29.16,-68.5,10,0.0,1
9,3114405,-2.4564,40.6,29.16,-62.0,10,0.0,1
9,3115131,-2.4564,40.6,29.16,-62.0,10,0.0,1
9,3115857,-3.1776,40.6,29.16,-62.5,10,0.0,1
9,3116583,-2.7494,40.6,29.16,-62.5,10,0.0,1
9,3117309,-1.1719,39.6,29.16,-62.0,10,0.0,1
9,3118035,-2.6367,39.6,29.17,-62.0,10,0.0,1
9,3118761,-2.9522,40.6,29.17,-62.5,10,0.0,1
9,3119487,-1.3747,40.6,29.17,-68.0,10,0.0,1
9,3120213,-3.3579,40.6,29.17,-62.5,10,0.0,1
9,3120939,-1.7127,39.6,29.17,-62.5,10,0.0,1
9,3121665,-3.0198,40.6,29.17,-62.5,10,0.0,1
9,3122391,-1.7127,40.6,29.17,-68.0,10,0.0,1
9,3123117,-1.7127,40.6,29.17,-68.0,10,0.0,1
9,3123843,-1.7578,40.6,29.17,-62.5,10,0.0,1
9,3124569,-2.4114,40.6,29.17,-62.0,10,0.0,1
9,3125295,-2.4564,40.6,29.17,-68.5,10,0.0,1
9,3126021,-1.6902,39.6,29.17,-62.5,10,0.0,1
9,3126747,-2.8846,39.6,29.17,-62.5,10,0.0,1
9,3127473,-2.5015,39.6,29.17,-62.0,10,0.0,1
9,3128199,-3.2903,39.6,29.17,-62.0,10,0.0,1
9,3128925,-2.9522,40.6,29.17,-62.5,10,0.0,1
9,3129651,-2.5691,40.6,29.17,-68.5,10,0.0,1
9,3130377,-1.7353,40.6,29.17,-62.5,10,0.0,1
9,3131103,-1.7353,40.6,29.17,-62.5,10,0.0,1
9,3131829,-2.2987,39.6,29.16,-62.5,10,0.0,1
9,3132555,-2.3212,39.6,29.17,-62.0,10,0.0,1
9,3133281,-1.9832,39.6,29.17,-62.5,10,0.0,1
9,3134007,-2.2761,39.6,29.17,-68.0,10,0.0,1
9,3134733,-2.5015,39.6,29.17,-62.5,10,0.0,1
9,3135459,-2.9297,40.6,29.17,-68.0,10,0.0,1
9,3136185,-2.9297,40.6,29.17,-62.0,10,0.0,1
9,3136911,-2.3663,40.6,29.16,-62.5,10,0.0,1
9,3137637,-2.5916,40.6,29.17,-68.5,10,0.0,1
9,3138363,-2.8621,40.6,29.16,-68.5,10,0.0,1
9,3139089,-2.0508,40.6,29.17,-62.5,10,0.0,1
9,3139815,-1.9606,39.6,29.17,-68.5,10,0.0,1
9,3140541,-2.2536,39.6,29.17,-62.5,10,0.0,1
9,3141267,-1.9606,39.6,29.17,-62.5,10,0.0,1
9,3141993,-3.0424,39.6,29.17,-62.0,10,0.0,1
9,3142719,-2.9297,39.6,29.17,-62.5,10,0.0,1
9,3143445,-2.8621,39.6,29.17,-68.0,10,0.0,1
9,3144171,-3.0424,39.6,29.17,-68.5,10,0.0,1
9,3144897,-2.5466,38.6,29.17,-62.5,10,0.0,1
9,3145623,-2.4564,39.6,29.17,-62.5,10,0.0,1
9,3146349,-1.7127,39.6,29.17,-68.0,10,0.0,1
9,3147075,-2.8621,39.6,29.17,-62.5,10,0.0,1
9,3147801,-1.6226,39.6,29.17,-62.5,10,0.0,1
9,3148527,-1.6677,40.6,29.17,-62.0,10,0.0,1
9,3149253,-3.0649,39.6,29.18,-68.5,10,0.0,1
9,3149979,-3.6283,39.6,29.17,-62.5,10,0.0,1
9,3150705,-3.2001,39.6,29.17,-68.5,10,0.0,1
9,3151431,-2.9973,40.6,29.18,-62.5,10,0.0,1
9,3152157,-2.9522,39.6,29.17,-62.5,10,0.0,1
9,3152883,-2.9522,39.6,29.17,-62.5,10,0.0,1
9,3153609,-1.9606,39.6,29.17,-62.5,10,0.0,1
9,3154335,-2.8395,39.6,29.17,-62.5,10,0.0,1
9,3155061,-3.3579,40.6,29.17,-62.5,10,0.0,1
9,3155787,-2.9973,40.6,29.17,-62.5,10,0.0,1
9,3156513,-2.6593,39.6,29.17,-62.5,10,0.0,1
9,3157239,-2.4790,40.6,29.17,-62.5,10,0.0,1
9,3157965,-2.7269,40.6,29.17,-62.5,10,0.0,1
9,3158691,-2.3663,40.6,29.17,-62.0,10,0.0,1
9,3159417,-1.3747,40.6,29.17,-62.5,10,0.0,1
9,3160143,-2.4564,40.6,29.17,-62.5,10,0.0,1
9,3160869,-2.4564,40.6,29.17,-62.5,10,0.0,1
9,3161595,-2.9072,40.6,29.17,-62.5,10,0.0,1
9,3162321,-2.3663,40.6,29.17,-68.5,10,0.0,1
9,3163047,-1.9832,40.6,29.17,-62.5,10,0.0,1
9,3163773,-3.0874,39.6,29.17,-62.0,10,0.0,1
9,3164499,-3.3804,39.6,29.17,-62.5,10,0.0,1
9,3165225,-1.8254,39.6,29.17,-62.5,10,0.0,1
9,3165951,-2.0282,39.6,29.17,-62.5,10,0.0,1
9,3166677,-1.7803,39.6,29.17,-68.0,10,0.0,1
9,3167403,-2.5240,38.6,29.18,-62.5,10,0.0,1
9,3168129,-1.5325,38.6,29.17,-62.5,10,0.0,1
9,3168855,-1.5325,39.6,29.17,-62.5,10,0.0,1
9,3169581,-2.4564,39.6,29.17,-62.5,10,0.0,1
9,3170307,-1.4423,40.6,29.17,-62.5,10,0.0,1
9,3171033,-2.1409,39.6,29.17,-62.5,10,0.0,1
9,3171759,-2.7043,39.6,29.17,-62.5,10,0.0,1
9,3172485,-2.5691,39.6,29.17,-62.0,10,0.0,1
9,3173211,-2.9522,40.6,29.17,-62.5,10,0.0,1
9,3173937,-1.6902,40.6,29.17,-68.0,10,0.0,1
9,3174663,-2.6367,40.6,29.17,-62.5,10,0.0,1
9,3175389,-1.8705,40.6,29.16,-62.5,10,0.0,1
9,3176115,-1.9381,39.6,29.17,-68.0,10,0.0,1
9,3176841,-1.9381,39.6,29.17,-68.0,10,0.0,1
9,3177567,-2.8621,39.6,29.18,-68.5,10,0.0,1
9,3178293,-2.0282,40.6,29.17,-62.5,10,0.0,1
9,3179019,-1.7127,40.6,29.17,-68.0,10,0.0,1
9,3179745,-1.7353,40.6,29.18,-68.0,10,0.0,1
9,3180471,-2.0057,39.6,29.18,-62.5,10,0.0,1
9,3181197,-2.5691,40.6,29.18,-62.5,10,0.0,1
9,3181923,-3.0424,40.6,29.18,-62.5,10,0.0,1
9,3182649,-1.9832,40.6,29.18,-68.0,10,0.0,1
9,3183375,-2.3437,40.6,29.18,-62.5,10,0.0,1
9,3184101,-2.1409,39.6,29.18,-68.5,10,0.0,1
9,3184827,-2.1409,39.6,29.18,-68.5,10,0.0,1
9,3185553,-2.7719,39.6,29.18,-62.5,10,0.0,1
9,3186279,-2.4339,40.6,29.18,-62.0,10,0.0,1
9,3187005,-2.1860,40.6,29.18,-62.5,10,0.0,1
9,3187731,-2.0057,40.6,29.18,-62.0,10,0.0,1
9,3188457,-2.4790,40.6,29.18,-68.5,10,0.0,1
9,3189183,-2.3663,40.6,29.19,-62.0,10,0.0,1
9,3189909,-2.6142,39.6,29.19,-62.5,10,0.0,1
9,3190635,-3.0874,39.6,29.19,-62.0,10,0.0,1
9,3191361,-2.0282,39.6,29.19,-62.0,10,0.0,1
9,3192087,-2.7945,40.6,29.18,-68.5,10,0.0,1
9,3192813,-2.4564,40.6,29.18,-62.5,10,0.0,1
9,3193539,-2.9748,39.6,29.18,-68.5,10,0.0,1
9,3194265,-2.6142,39.6,29.18,-62.5,10,0.0,1
9,3194991,-3.1325,39.6,29.18,-62.0,10,0.0,1
9,3195717,-2.3437,39.6,29.18,-62.0,10,0.0,1
9,3196443,-2.2761,40.6,29.18,-62.5,10,0.0,1
9,3197169,-1.7803,39.6,29.18,-62.5,10,0.0,1
9,3197895,-2.5691,40.6,29.18,-62.5,10,0.0,1
9,3198621,-2.7269,40.6,29.18,-62.5,10,0.0,1
9,3199347,-2.7945,39.6,29.18,-62.5,10,0.0,1
9,3200073,-3.0198,39.6,29.18,-62.0,10,0.0,1
9,3200799,-1.8029,39.6,29.18,-68.0,10,0.0,1
9,3201525,-2.1635,39.6,29.18,-60.0,10,0.0,1
9,3202251,-2.9297,39.6,29.18,-68.5,10,0.0,1
9,3202977,-1.6902,40.6,29.18,-62.5,10,0.0,1
9,3203703,-2.5466,40.6,29.18,-62.5,10,0.0,1
9,3204429,-2.4339,40.6,29.18,-62.0,10,0.0,1
9,3205155,-2.1860,40.6,29.18,-62.0,10,0.0,1
9,3205881,-1.8254,40.6,29.18,-62.5,10,0.0,1
9,3206607,-40.6100,40.6,29.18,-33.5,10,0.0,0
9,3207333,-3.4706,40.6,29.19,-62.5,10,0.0,1
9,3208059,-2.8395,40.6,29.18,-62.5,10,0.0,1
9,3208785,-2.1860,40.6,29.18,-68.5,10,0.0,1
9,3209511,-2.8621,40.6,29.19,-62.5,10,0.0,1
9,3210237,-1.8705,40.6,29.19,-68.0,10,0.0,1
9,3210963,-2.8170,39.6,29.18,-62.5,10,0.0,1
9,3211689,-3.1325,39.6,29.18,-62.5,10,0.0,1
9,3212415,-2.2761,39.6,29.18,-62.5,10,0.0,1
9,3213141,-2.6367,39.6,29.19,-62.0,10,0.0,1
9,3213867,-2.4564,39.6,29.18,-62.0,10,0.0,1
9,3214593,-2.4564,39.6,29.18,-62.0,10,0.0,1
9,3215319,-2.1184,39.6,29.18,-68.5,10,0.0,1
9,3216045,-2.0959,40.6,29.18,-62.5,10,0.0,1
9,3216771,-2.7719,39.6,29.18,-62.5,10,0.0,1
9,3217497,-1.9156,39.6,29.19,-62.5,10,0.0,1
9,3218223,-2.4564,39.6,29.18,-68.0,10,0.0,1
9,3218949,-3.0649,40.6,29.18,-62.5,10,0.0,1
9,3219675,-2.1860,39.6,29.19,-62.0,10,0.0,1
9,3220401,-2.6818,39.6,29.18,-62.5,10,0.0,1
9,3221127,-2.8170,40.6,29.18,-68.5,10,0.0,1
9,3221853,-1.7127,40.6,29.19,-68.0,10,0.0,1
9,3222579,-1.7127,40.6,29.19,-68.0,10,0.0,1
9,3223305,-3.3128,39.6,29.18,-62.5,10,0.0,1
9,3224031,-2.4339,39.6,29.19,-62.5,10,0.0,1
9,3224757,-2.1184,39.6,29.19,-62.5,10,0.0,1
9,3225483,-2.5916,40.6,29.19,-62.5,10,0.0,1
9,3226209,-3.1100,39.6,29.19,-62.0,10,0.0,1
9,3226935,-2.4339,39.6,29.19,-62.5,10,0.0,1
9,3227661,-2.7043,39.6,29.19,-68.5,10,0.0,1
9,3228387,-1.6001,39.6,29.19,-68.5,10,0.0,1
9,3229113,-2.2311,39.6,29.19,-68.0,10,0.0,1
9,3229839,-2.3888,38.6,29.19,-68.0,10,0.0,1
9,3230565,-2.3888,38.6,29.19,-68.0,10,0.0,1
9,3231291,-2.9748,39.6,29.19,-62.5,10,0.0,1
9,3232017,-2.3437,39.6,29.19,-62.0,10,0.0,1
9,3232743,-2.5916,39.6,29.19,-68.5,10,0.0,1
9,3233469,-1.7578,39.6,29.19,-62.5,10,0.0,1
9,3234195,-2.5240,39.6,29.19,-62.5,10,0.0,1
9,3234921,-2.4564,39.6,29.19,-62.5,10,0.0,1
9,3235647,-3.5156,39.6,29.19,-62.0,10,0.0,1
9,3236373,-2.1860,38.6,29.19,-68.5,10,0.0,1
9,3237099,-3.4480,39.6,29.19,-62.5,10,0.0,1
9,3237825,-2.5916,40.6,29.19,-62.0,10,0.0,1
9,3238551,-2.5916,39.6,29.19,-62.0,10,0.0,1
9,3239277,-1.9381,40.6,29.19,-62.5,10,0.0,1
9,3240003,-1.8705,40.6,29.19,-62.0,10,0.0,1
9,3240729,-3.1776,40.6,29.19,-62.0,10,0.0,1
9,3241455,-2.4790,40.6,29.19,-62.0,10,0.0,1
9,3242181,-2.2311,40.6,29.19,-68.5,10,0.0,1
9,3242907,-1.8254,39.6,29.19,-62.5,10,0.0,1
9,3243633,-1.5099,40.6,29.19,-62.5,10,0.0,1
9,3244359,-3.4255,39.6,29.19,-62.5,10,0.0,1
9,3245085,-3.1550,39.6,29.19,-62.5,10,0.0,1
9,3245811,-2.2085,39.6,29.19,-62.5,10,0.0,1
9,3246537,-2.2085,39.6,29.19,-62.5,10,0.0,1
9,3247263,-2.7494,40.6,29.19,-68.5,10,0.0,1
9,3247989,-3.1550,40.6,29.19,-62.5,10,0.0,1
9,3248715,-2.7043,40.6,29.19,-68.0,10,0.0,1
9,3249441,-1.7803,40.6,29.19,-62.5,10,0.0,1
9,3250167,-2.5466,40.6,29.19,-68.5,10,0.0,1
9,3250893,-3.2903,39.6,29.19,-62.5,10,0.0,1
9,3251619,-2.5916,39.6,29.19,-62.0,10,0.0,1
9,3252345,-3.5832,39.6,29.19,-62.0,10,0.0,1
9,3253071,-1.2620,39.6,29.19,-62.0,10,0.0,1
9,3253797,-3.0874,39.6,29.19,-62.5,10,0.0,1
9,3254523,-2.9072,39.6,29.19,-62.0,10,0.0,1
9,3255249,-2.5240,40.6,29.19,-62.5,10,0.0,1
9,3255975,-2.2987,39.6,29.19,-62.5,10,0.0,1
9,3256701,-1.5099,40.6,29.19,-68.5,10,0.0,1
9,3257427,-3.1325,39.6,29.19,-62.5,10,0.0,1
9,3258153,-3.2227,40.6,29.18,-62.5,10,0.0,1
9,3258879,-2.3888,39.6,29.18,-62.5,10,0.0,1
9,3259605,-2.1409,39.6,29.19,-62.5,10,0.0,1
9,3260331,-42.6608,40.6,29.19,-62.0,10,0.0,0
9,3261057,-3.5832,39.6,29.19,-62.5,10,0.0,1
9,3261783,-2.5466,40.6,29.18,-62.0,10,0.0,1
9,3262509,-2.8621,39.6,29.19,-62.5,10,0.0,1
9,3263235,-3.2227,39.6,29.18,-62.5,10,0.0,1
9,3263961,-3.1100,39.6,29.19,-62.5,10,0.0,1
9,3264687,-1.8705,39.6,29.19,-62.5,10,0.0,1
9,3265413,-2.7494,40.6,29.19,-62.5,10,0.0,1
9,3266139,-3.3128,40.6,29.19,-62.5,10,0.0,1
9,3266865,-2.1635,40.6,29.18,-62.0,10,0.0,1
9,3267591,-3.1776,39.6,29.19,-68.5,10,0.0,1
9,3268317,-3.1776,40.6,29.19,-68.5,10,0.0,1
9,3269043,-2.1409,39.6,29.19,-62.5,10,0.0,1
9,3269769,-2.3212,39.6,29.19,-68.5,10,0.0,1
9,3270495,-2.3437,39.6,29.19,-62.0,10,0.0,1
9,3271221,-3.0649,39.6,29.19,-68.0,10,0.0,1
9,3271947,-2.3888,39.6,29.19,-62.5,10,0.0,1
9,3272673,-1.6001,39.6,29.18,-68.5,10,0.0,1
9,3273399,-2.5466,39.6,29.19,-68.0,10,0.0,1
9,3274125,-2.3663,39.6,29.19,-62.0,10,0.0,1
9,3274851,-2.8170,39.6,29.18,-62.0,10,0.0,1
9,3275577,-1.4198,39.6,29.19,-62.5,10,0.0,1
9,3276303,-1.4198,40.6,29.19,-62.5,10,0.0,1
9,3277029,-2.9297,39.6,29.19,-62.5,10,0.0,1
9,3277755,-2.5466,39.6,29.19,-62.5,10,0.0,1
9,3278481,-1.5775,39.6,29.20,-62.5,10,0.0,1
9,3279207,-2.6367,39.6,29.19,-62.5,10,0.0,1
9,3279933,-1.9606,39.6,29.19,-62.5,10,0.0,1
9,3280659,-2.9072,40.6,29.19,-62.5,10,0.0,1
9,3281385,-3.0198,40.6,29.19,-62.5,10,0.0,1
9,3282111,-2.3663,39.6,29.19,-62.0,10,0.0,1
9,3282837,-1.9156,39.6,29.19,-62.5,10,0.0,1
9,3283563,-3.6959,40.6,29.19,-68.5,10,0.0,1
9,3284289,-3.6959,40.6,29.19,-68.5,10,0.0,1
9,3285015,-1.6902,40.6,29.19,-68.5,10,0.0,1
9,3285741,-2.1409,40.6,29.19,-68.5,10,0.0,1
9,3286467,-2.4790,40.6,29.19,-68.5,10,0.0,1
9,3287193,-2.2085,39.6,29.19,-62.5,10,0.0,1
9,3287919,-2.2311,40.6,29.19,-62.5,10,0.0,1
9,3288645,-2.9748,40.6,29.19,-68.5,10,0.0,1
9,3289371,-2.8395,39.6,29.19,-62.0,10,0.0,1
9,3290097,-2.9973,39.6,29.19,-62.0,10,0.0,1
9,3290823,-2.1409,38.6,29.19,-62.5,10,0.0,1
9,3291549,-2.7269,39.6,29.19,-62.0,10,0.0,1
9,3292275,-2.7269,39.6,29.19,-62.0,10,0.0,1
9,3293001,-1.4198,39.6,29.19,-68.5,10,0.0,1
9,3293727,-2.3212,40.6,29.19,-62.5,10,0.0,1
9,3294453,-2.3437,40.6,29.19,-62.5,10,0.0,1
9,3295179,-2.3437,39.6,29.19,-62.5,10,0.0,1
9,3295905,-1.8480,40.6,29.19,-68.0,10,0.0,1
9,3296631,-2.8395,40.6,29.19,-68.5,10,0.0,1
9,3297357,-3.3128,39.6,29.19,-62.5,10,0.0,1
9,3298083,-1.7803,39.6,29.19,-68.5,10,0.0,1
9,3298809,-2.4114,39.6,29.19,-62.5,10,0.0,1
9,3299535,-2.2311,39.6,29.19,-62.5,10,0.0,1
9,3300261,-2.2311,40.6,29.19,-62.5,10,0.0,1
9,3300987,-1.8930,40.6,29.19,-61.5,10,0.0,1
9,3301713,-2.1635,40.6,29.19,-68.5,10,0.0,1
9,3302439,-2.1635,40.6,29.19,-62.0,10,0.0,1
9,3303165,-2.5916,40.6,29.19,-62.0,10,0.0,1
9,3303891,-2.5916,39.6,29.20,-62.5,10,0.0,1
9,3304617,-2.5466,39.6,29.20,-62.5,10,0.0,1
9,3305343,-2.9297,40.6,29.19,-62.5,10,0.0,1
9,3306069,-2.9522,39.6,29.19,-62.5,10,0.0,1
9,3306795,-2.3437,40.6,29.20,-62.5,10,0.0,1
9,3307521,-3.2677,39.6,29.20,-62.5,10,0.0,1
9,3308247,-2.7494,39.6,29.20,-62.5,10,0.0,1
9,3308973,-1.6677,39.6,29.20,-68.5,10,0.0,1
9,3309699,-3.6734,40.6,29.19,-62.5,10,0.0,1
9,3310425,-2.3663,40.6,29.20,-62.5,10,0.0,1
9,3311151,-3.0198,40.6,29.19,-68.5,10,0.0,1
9,3311877,-3.2227,39.6,29.19,-62.5,10,0.0,1
9,3312603,-1.4423,39.6,29.19,-62.5,10,0.0,1
9,3313329,-1.5775,39.6,29.20,-62.5,10,0.0,1
9,3314055,-4.6875,39.6,29.20,-68.0,10,0.0,1
9,3314781,-1.8930,40.6,29.19,-62.5,10,0.0,1
9,3315507,-3.1776,40.6,29.20,-62.5,10,0.0,1
9,3316233,-2.6818,40.6,29.20,-62.5,10,0.0,1
9,3316959,-2.5015,40.6,29.20,-62.5,10,0.0,1
9,3317685,-2.5466,40.6,29.19,-68.0,10,0.0,1
9,3318411,-1.3522,40.6,29.20,-62.5,10,0.0,1
9,3319137,-2.2987,40.6,29.20,-62.5,10,0.0,1
9,3319863,-1.3972,39.6,29.19,-62.5,10,0.0,1
9,3320589,-3.0874,39.6,29.19,-62.5,10,0.0,1
9,3321315,-2.1184,39.6,29.19,-68.5,10,0.0,1
9,3322041,-2.1184,40.6,29.19,-68.5,10,0.0,1
9,3322767,-2.0733,39.6,29.20,-62.5,10,0.0,1
9,3323493,-2.4564,39.6,29.19,-62.5,10,0.0,1
9,3324219,-3.1550,39.6,29.19,-62.5,10,0.0,1
9,3324945,-2.0959,39.6,29.20,-62.5,10,0.0,1
9,3325671,-1.6226,39.6,29.20,-62.5,10,0.0,1
9,3326397,-2.5466,39.6,29.20,-62.5,10,0.0,1
9,3327123,-2.2311,39.6,29.20,-62.5,10,0.0,1
9,3327849,-2.0282,40.6,29.19,-62.5,10,0.0,1
9,3328575,-2.7945,39.6,29.20,-68.0,10,0.0,1
9,3329301,-2.0057,39.6,29.20,-68.0,10,0.0,1
9,3330027,-2.0057,39.6,29.20,-68.0,10,0.0,1
9,3330753,-2.6593,40.6,29.20,-62.0,10,0.0,1
9,3331479,-3.0424,40.6,29.19,-62.5,10,0.0,1
9,3332205,-3.0874,39.6,29.19,-68.5,10,0.0,1
9,3332931,-2.7719,39.6,29.19,-68.0,10,0.0,1
9,3333657,-2.6142,40.6,29.20,-62.5,10,0.0,1
9,3334383,-3.1325,40.6,29.20,-62.5,10,0.0,1
9,3335109,-2.6818,39.6,29.20,-62.5,10,0.0,1
9,3335835,-2.9297,39.6,29.20,-62.5,10,0.0,1
9,3336561,-2.6818,39.6,29.20,-68.5,10,0.0,1
9,3337287,-2.8846,38.6,29.20,-62.5,10,0.0,1
9,3338013,-2.8846,38.6,29.20,-62.5,10,0.0,1
9,3338739,-2.5240,39.6,29.20,-68.5,10,0.0,1
9,3339465,-2.4790,39.6,29.20,-62.0,10,0.0,1
9,3340191,-2.1860,40.6,29.20,-62.5,10,0.0,1
9,3340917,-2.9973,39.6,29.20,-62.5,10,0.0,1
9,3341643,-2.1184,40.6,29.20,-62.5,10,0.0,1
9,3342369,-1.7803,40.6,29.20,-62.5,10,0.0,1
9,3343095,-3.2001,40.6,29.20,-68.0,10,0.0,1
9,3343821,-2.1860,39.6,29.20,-62.5,10,0.0,1
9,3344547,-2.8846,39.6,29.20,-62.0,10,0.0,1
9,3345273,-2.3663,39.6,29.20,-62.5,10,0.0,1
9,3345999,-2.3663,39.6,29.20,-62.5,10,0.0,1
9,3346725,-3.4029,39.6,29.20,-62.5,10,0.0,1
9,3347451,-3.4029,39.6,29.20,-62.5,10,0.0,1
9,3348177,-2.7269,40.6,29.20,-62.5,10,0.0,1
9,3348903,-2.9072,40.6,29.20,-62.0,10,0.0,1
9,3349629,-2.2311,40.6,29.20,-62.0,10,0.0,1
9,3350355,-2.7043,40.6,29.20,-62.5,10,0.0,1
9,3351081,-3.5832,40.6,29.20,-62.0,10,0.0,1
9,3351807,-3.1100,40.6,29.20,-62.5,10,0.0,1
9,3352533,-2.4790,40.6,29.20,-62.5,10,0.0,1
9,3353259,-2.4564,39.6,29.20,-62.5,10,0.0,1
9,3353985,-2.4564,39.6,29.20,-62.5,10,0.0,1
9,3354711,-2.2761,39.6,29.20,-62.5,10,0.0,1
9,3355437,-3.4029,40.6,29.20,-62.5,10,0.0,1
9,3356163,-2.7494,40.6,29.20,-62.5,10,0.0,1
9,3356889,-2.4114,40.6,29.20,-62.5,10,0.0,1
9,3357615,-2.5466,40.6,29.20,-68.0,10,0.0,1
9,3358341,-2.1860,39.6,29.20,-62.5,10,0.0,1
9,3359067,-2.7269,39.6,29.20,-62.5,10,0.0,1
9,3359793,-2.5015,39.6,29.20,-62.5,10,0.0,1
9,3360519,-3.2001,39.6,29.20,-62.5,10,0.0,1
9,3361245,-2.5240,39.6,29.20,-62.5,10,0.0,1
9,3361971,-2.3663,39.6,29.20,-62.5,10,0.0,1
9,3362697,-3.1550,39.6,29.20,-62.5,10,0.0,1
9,3363423,-2.8395,39.6,29.20,-62.5,10,0.0,1
9,3364149,-3.2677,39.6,29.20,-62.5,10,0.0,1
9,3364875,-1.7353,39.6,29.20,-68.5,10,0.0,1
9,3365601,-1.5550,39.6,29.20,-68.0,10,0.0,1
9,3366327,-2.6593,40.6,29.20,-62.5,10,0.0,1
9,3367053,-2.0508,40.6,29.20,-62.0,10,0.0,1
9,3367779,-3.0874,40.6,29.20,-62.5,10,0.0,1
9,3368505,-2.3212,40.6,29.20,-62.5,10,0.0,1
9,3369231,-2.7494,40.6,29.20,-62.5,10,0.0,1
9,3369957,-2.9973,40.6,29.20,-62.5,10,0.0,1
9,3370683,-3.3579,40.6,29.20,-62.0,10,0.0,1
9,3371409,-2.4564,39.6,29.20,-68.0,10,0.0,1
9,3372135,-3.4029,39.6,29.20,-62.5,10,0.0,1
9,3372861,-2.0733,39.6,29.20,-68.5,10,0.0,1
9,3373587,-2.3212,39.6,29.20,-68.5,10,0.0,1
9,3374313,-3.2001,39.6,29.20,-62.5,10,0.0,1
9,3375039,-2.2761,39.6,29.20,-62.0,10,0.0,1
9,3375765,-2.2761,39.6,29.20,-62.0,10,0.0,1
9,3376491,-2.3212,39.6,29.20,-62.5,10,0.0,1
9,3377217,-3.0424,40.6,29.20,-62.5,10,0.0,1
9,3377943,-2.8846,40.6,29.20,-62.5,10,0.0,1
9,3378669,-3.2677,40.6,29.20,-62.5,10,0.0,1
9,3379395,-1.6226,40.6,29.20,-62.5,10,0.0,1
9,3380121,-1.8029,40.6,29.20,-62.5,10,0.0,1
9,3380847,-1.9606,39.6,29.20,-62.5,10,0.0,1
9,3381573,-2.0733,40.6,29.20,-62.5,10,0.0,1
9,3382299,-2.1635,40.6,29.20,-68.5,10,0.0,1
9,3383025,-3.1776,40.6,29.20,-62.5,10,0.0,1
9,3383751,-3.1776,39.6,29.21,-62.5,10,0.0,1
9,3384477,-2.7043,39.6,29.21,-62.5,10,0.0,1
9,3385203,-2.5015,39.6,29.21,-68.5,10,0.0,1
9,3385929,-3.4706,39.6,29.21,-62.5,10,0.0,1
9,3386655,-2.7269,39.6,29.21,-68.5,10,0.0,1
9,3387381,-3.2001,39.6,29.20,-62.0,10,0.0,1
9,3388107,-2.4339,39.6,29.21,-62.5,10,0.0,1
9,3388833,-2.6367,39.6,29.21,-62.5,10,0.0,1
9,3389559,-2.4790,39.6,29.21,-68.0,10,0.0,1
9,3390285,-2.2311,39.6,29.21,-62.5,10,0.0,1
9,3391011,-1.1944,39.6,29.21,-68.5,10,0.0,1
9,3391737,-1.1944,39.6,29.21,-68.5,10,0.0,1
9,3392463,-2.9973,40.6,29.21,-68.5,10,0.0,1
9,3393189,-2.8395,39.6,29.21,-62.0,10,0.0,1
9,3393915,-2.5015,39.6,29.21,-62.5,10,0.0,1
9,3394641,-2.8846,39.6,29.21,-62.5,10,0.0,1
9,3395367,-2.9748,39.6,29.21,-62.5,10,0.0,1
9,3396093,-1.9606,39.6,29.21,-62.0,10,0.0,1
9,3396819,-3.3579,40.6,29.21,-68.0,10,0.0,1
10,3397545,-3.0874,40.6,29.21,-62.5,10,0.0,1
10,3398271,-2.5916,39.6,29.21,-62.5,10,0.0,1
10,3398997,-2.9297,40.6,29.21,-62.5,10,0.0,1
10,3399723,-2.9297,39.6,29.21,-62.5,10,0.0,1
10,3400449,-2.5240,39.6,29.21,-68.5,10,0.0,1
10,3401175,-2.7269,40.6,29.21,-68.5,10,0.0,1
10,3401901,-2.1184,40.6,29.21,-62.5,10,0.0,1
10,3402627,-2.3663,39.6,29.21,-68.0,10,0.0,1
10,3403353,-3.1325,39.6,29.21,-62.5,10,0.0,1
10,3404079,-2.4790,39.6,29.21,-68.5,10,0.0,1
10,3404805,-2.4114,40.6,29.22,-62.5,10,0.0,1
10,3405531,-3.0198,40.6,29.21,-62.5,10,0.0,1
10,3406257,-2.5466,40.6,29.21,-62.5,10,0.0,1
10,3406983,-3.4255,40.6,29.21,-68.0,10,0.0,1
10,3407709,-3.4255,39.6,29.21,-68.0,10,0.0,1
10,3408435,-2.8621,39.6,29.21,-62.5,10,0.0,1
10,3409161,-3.2227,39.6,29.21,-62.0,10,0.0,1
10,3409887,-1.7127,39.6,29.21,-62.5,10,0.0,1
10,3410613,-2.0508,39.6,29.21,-62.5,10,0.0,1
10,3411339,-2.2536,39.6,29.21,-62.5,10,0.0,1
10,3412065,-1.9381,38.6,29.21,-62.5,10,0.0,1
10,3412791,-2.0508,38.6,29.21,-62.5,10,0.0,1
10,3413517,-2.1184,39.6,29.21,-62.0,10,0.0,1
10,3414243,-2.9297,39.6,29.21,-62.5,10,0.0,1
10,3414969,-2.3888,39.6,29.21,-62.5,10,0.0,1
10,3415695,-2.0959,39.6,29.21,-68.5,10,0.0,1
10,3416421,-1.9606,39.6,29.21,-68.5,10,0.0,1
10,3417147,-2.7043,39.6,29.21,-62.5,10,0.0,1
10,3417873,-1.7803,39.6,29.22,-68.0,10,0.0,1
10,3418599,-2.9973,39.6,29.21,-62.5,10,0.0,1
10,3419325,-3.1550,39.6,29.22,-62.5,10,0.0,1
10,3420051,-3.5382,39.6,29.22,-62.0,10,0.0,1
10,3420777,-2.2761,39.6,29.21,-62.5,10,0.0,1
10,3421503,-3.6058,39.6,29.22,-62.5,10,0.0,1
10,3422229,-3.0649,39.6,29.21,-62.5,10,0.0,1
10,3422955,-2.4339,40.6,29.22,-62.0,10,0.0,1
10,3423681,-3.1100,39.6,29.22,-62.5,10,0.0,1
10,3424407,-2.7719,39.6,29.21,-62.5,10,0.0,1
10,3425133,-2.2536,39.6,29.22,-62.5,10,0.0,1
10,3425859,-2.9748,39.6,29.22,-62.5,10,0.0,1
10,3426585,-2.2536,40.6,29.21,-62.5,10,0.0,1
10,3427311,-2.4564,39.6,29.22,-68.0,10,0.0,1
10,3428037,-2.1860,39.6,29.21,-62.5,10,0.0,1
10,3428763,-3.4029,39.6,29.21,-68.0,10,0.0,1
10,3429489,-3.4029,39.6,29.22,-68.0,10,0.0,1
10,3430215,-1.8705,39.6,29.22,-62.5,10,0.0,1
10,3430941,-2.6593,39.6,29.22,-62.5,10,0.0,1
10,3431667,-2.5691,39.6,29.21,-62.5,10,0.0,1
10,3432393,-1.8480,39.6,29.21,-68.0,10,0.0,1
10,3433119,-2.8621,39.6,29.22,-68.5,10,0.0,1
10,3433845,-2.2987,40.6,29.22,-68.0,10,0.0,1
10,3434571,-2.5015,40.6,29.22,-68.5,10,0.0,1
10,3435297,-2.4114,40.6,29.22,-62.5,10,0.0,1
10,3436023,-1.5325,39.6,29.22,-62.5,10,0.0,1
10,3436749,-1.7578,39.6,29.22,-62.5,10,0.0,1
10,3437475,-1.7578,40.6,29.22,-62.5,10,0.0,1
10,3438201,-2.9072,40.6,29.22,-68.5,10,0.0,1
10,3438927,-2.8170,40.6,29.22,-62.5,10,0.0,1
10,3439653,-3.1776,40.6,29.22,-62.0,10,0.0,1
10,3440379,-1.9832,40.6,29.22,-62.5,10,0.0,1
10,3441105,-2.2311,39.6,29.22,-62.5,10,0.0,1
10,3441831,-1.4648,39.6,29.22,-62.5,10,0.0,1
10,3442557,-3.6508,39.6,29.22,-62.5,10,0.0,1
10,3443283,-2.7494,39.6,29.23,-68.0,10,0.0,1
10,3444009,-2.9973,39.6,29.22,-62.5,10,0.0,1
10,3444735,-1.6451,40.6,29.22,-68.5,10,0.0,1
10,3445461,-1.6451,39.6,29.22,-68.5,10,0.0,1
10,3446187,-1.7803,39.6,29.21,-62.5,10,0.0,1
10,3446913,-2.6593,39.6,29.22,-62.5,10,0.0,1
10,3447639,-2.2311,40.6,29.22,-62.0,10,0.0,1
10,3448365,-1.8254,39.6,29.22,-68.0,10,0.0,1
10,3449091,-1.9381,40.6,29.21,-68.0,10,0.0,1
10,3449817,-2.2085,40.6,29.21,-62.5,10,0.0,1
10,3450543,-3.0874,40.6,29.22,-62.5,10,0.0,1
10,3451269,-2.5015,40.6,29.22,-62.5,10,0.0,1
10,3451995,-2.5015,40.6,29.22,-68.0,10,0.0,1
10,3452721,-1.8705,40.6,29.21,-62.5,10,0.0,1
10,3453447,-1.8705,40.6,29.22,-62.5,10,0.0,1
10,3454173,-3.2677,40.6,29.22,-62.5,10,0.0,1
10,3454899,-2.3888,40.6,29.22,-62.5,10,0.0,1
10,3455625,-1.1944,40.6,29.21,-62.5,10,0.0,1
10,3456351,-2.2311,40.6,29.22,-68.0,10,0.0,1
10,3457077,-2.5240,40.6,29.22,-62.5,10,0.0,1
10,3457803,-2.7269,40.6,29.22,-62.5,10,0.0,1
10,3458529,-1.4198,40.6,29.22,-68.0,10,0.0,1
10,3459255,-1.5775,39.6,29.22,-62.5,10,0.0,1
10,3459981,-2.8621,39.6,29.22,-68.5,10,0.0,1
10,3460707,-2.8846,39.6,29.22,-62.0,10,0.0,1
10,3461433,-2.8846,40.6,29.23,-62.0,10,0.0,1
10,3462159,-3.0424,40.6,29.22,-62.5,10,0.0,1
10,3462885,-2.5015,39.6,29.22,-62.5,10,0.0,1
10,3463611,-3.1325,39.6,29.23,-68.5,10,0.0,1
10,3464337,-2.9072,40.6,29.23,-62.0,10,0.0,1
10,3465063,-2.7269,40.6,29.22,-62.5,10,0.0,1
10,3465789,-2.8395,39.6,29.23,-62.5,10,0.0,1
10,3466515,-1.3747,39.6,29.22,-62.5,10,0.0,1
10,3467241,-2.7494,39.6,29.23,-68.5,10,0.0,1
10,3467967,-1.6226,40.6,29.23,-68.0,10,0.0,1
10,3468693,-3.7184,40.6,29.22,-62.0,10,0.0,1
10,3469419,-2.7269,39.6,29.22,-62.5,10,0.0,1
10,3470145,-2.1184,39.6,29.22,-62.5,10,0.0,1
10,3470871,-2.4790,39.6,29.23,-67.5,10,0.0,1
10,3471597,-1.8930,39.6,29.23,-62.5,10,0.0,1
10,3472323,-2.7945,39.6,29.23,-62.5,10,0.0,1
10,3473049,-2.7043,39.6,29.23,-62.5,10,0.0,1
10,3473775,-2.5466,40.6,29.22,-62.5,10,0.0,1
10,3474501,-2.3888,39.6,29.23,-62.5,10,0.0,1
10,3475227,-3.4255,40.6,29.23,-62.5,10,0.0,1
10,3475953,-1.4648,40.6,29.22,-62.0,10,0.0,1
10,3476679,-3.0424,40.6,29.22,-62.5,10,0.0,1
10,3477405,-2.0508,39.6,29.22,-68.0,10,0.0,1
10,3478131,-2.1635,38.6,29.23,-68.5,10,0.0,1
10,3478857,-2.7043,39.6,29.22,-68.0,10,0.0,1
10,3479583,-3.2452,39.6,29.22,-62.0,10,0.0,1
10,3480309,-1.6677,40.6,29.22,-62.5,10,0.0,1
10,3481035,-3.1325,40.6,29.23,-62.0,10,0.0,1
10,3481761,-1.9832,39.6,29.22,-68.0,10,0.0,1
10,3482487,-2.4790,40.6,29.22,-62.5,10,0.0,1
10,3483213,-2.4790,40.6,29.22,-62.5,10,0.0,1
10,3483939,-1.8930,40.6,29.22,-68.0,10,0.0,1
10,3484665,-2.0508,40.6,29.22,-62.5,10,0.0,1
10,3485391,-3.4706,40.6,29.23,-62.0,10,0.0,1
10,3486117,-2.5240,40.6,29.23,-68.0,10,0.0,1
10,3486843,-2.6593,40.6,29.23,-62.5,10,0.0,1
10,3487569,-2.9072,39.6,29.23,-62.0,10,0.0,1
10,3488295,-2.2311,39.6,29.22,-62.5,10,0.0,1
10,3489021,-3.4480,39.6,29.22,-62.5,10,0.0,1
10,3489747,-1.6226,39.6,29.23,-62.5,10,0.0,1
10,3490473,-2.4114,39.6,29.23,-62.5,10,0.0,1
10,3491199,-2.4114,39.6,29.23,-62.5,10,0.0,1
10,3491925,-2.9973,39.6,29.22,-62.5,10,0.0,1
10,3492651,-2.9072,39.6,29.23,-62.0,10,0.0,1
10,3493377,-2.1860,39.6,29.23,-67.5,10,0.0,1
10,3494103,-2.3212,38.6,29.23,-62.5,10,0.0,1
10,3494829,-2.6367,38.6,29.22,-62.0,10,0.0,1
10,3495555,-3.0424,39.6,29.23,-62.5,10,0.0,1
10,3496281,-2.8395,39.6,29.23,-62.5,10,0.0,1
10,3497007,-3.2677,39.6,29.22,-62.5,10,0.0,1
10,3497733,-1.6226,39.6,29.23,-62.5,10,0.0,1
10,3498459,-2.2761,39.6,29.23,-62.5,10,0.0,1
10,3499185,-2.2761,40.6,29.22,-62.5,10,0.0,1
10,3499911,-3.3128,40.6,29.23,-68.0,10,0.0,1
10,3500637,-3.2452,40.6,29.23,-62.0,10,0.0,1
10,3501363,-2.5240,40.6,29.22,-62.5,10,0.0,1
10,3502089,-1.8029,40.6,29.22,-62.5,10,0.0,1
10,3502815,-2.2987,40.6,29.23,-62.5,10,0.0,1
10,3503541,-2.3663,40.6,29.23,-62.5,10,0.0,1
10,3504267,-2.4114,39.6,29.22,-62.5,10,0.0,1
10,3504993,-2.4790,39.6,29.23,-62.5,10,0.0,1
10,3505719,-3.2227,40.6,29.23,-62.0,10,0.0,1
10,3506445,-3.3353,40.6,29.23,-62.0,10,0.0,1
10,3507171,-3.3353,40.6,29.23,-62.0,10,0.0,1
10,3507897,-2.1860,39.6,29.23,-62.5,10,0.0,1
10,3508623,-2.0733,39.6,29.23,-62.5,10,0.0,1
10,3509349,-2.7494,39.6,29.23,-62.5,10,0.0,1
10,3510075,-1.4874,39.6,29.23,-62.5,10,0.0,1
10,3510801,-2.2761,40.6,29.23,-68.5,10,0.0,1
10,3511527,-3.1550,40.6,29.23,-68.5,10,0.0,1
10,3512253,-2.9748,40.6,29.23,-62.5,10,0.0,1
10,3512979,-2.7719,40.6,29.23,-62.5,10,0.0,1
10,3513705,-2.2536,40.6,29.23,-68.5,10,0.0,1
10,3514431,-2.7043,39.6,29.23,-68.0,10,0.0,1
10,3515157,-2.7043,39.6,29.23,-68.0,10,0.0,1
10,3515883,-1.6001,39.6,29.23,-62.0,10,0.0,1
10,3516609,-1.6451,39.6,29.23,-62.5,10,0.0,1
10,3517335,-1.9606,39.6,29.23,-68.5,10,0.0,1
10,3518061,-2.1860,39.6,29.23,-68.5,10,0.0,1
10,3518787,-2.3663,39.6,29.23,-68.0,10,0.0,1
10,3519513,-1.8254,39.6,29.23,-68.5,10,0.0,1
10,3520239,-2.8170,39.6,29.22,-68.5,10,0.0,1
10,3520965,-2.3212,39.6,29.23,-68.0,10,0.0,1
10,3521691,-2.1635,38.6,29.23,-62.5,10,0.0,1
10,3522417,-1.8029,39.6,29.23,-62.5,10,0.0,1
10,3523143,-1.8029,39.6,29.23,-62.5,10,0.0,1
10,3523869,-2.5691,39.6,29.23,-68.5,10,0.0,1
10,3524595,-1.5099,39.6,29.23,-62.5,10,0.0,1
10,3525321,-2.4339,40.6,29.23,-62.0,10,0.0,1
10,3526047,-3.4029,39.6,29.23,-62.5,10,0.0,1
10,3526773,-3.2677,38.6,29.23,-62.0,10,0.0,1
10,3527499,-2.6142,39.6,29.23,-68.5,10,0.0,1
10,3528225,-3.2001,39.6,29.23,-62.5,10,0.0,1
10,3528951,-1.9606,39.6,29.23,-62.5,10,0.0,1
10,3529677,-2.2987,39.6,29.23,-62.5,10,0.0,1
10,3530403,-2.6593,39.6,29.23,-62.5,10,0.0,1
10,3531129,-2.6593,39.6,29.23,-62.5,10,0.0,1
10,3531855,-1.8705,39.6,29.23,-68.0,10,0.0,1
10,3532581,-2.2761,39.6,29.23,-62.5,10,0.0,1
10,3533307,-1.4648,40.6,29.23,-68.0,10,0.0,1
10,3534033,-2.8170,40.6,29.23,-62.0,10,0.0,1
10,3534759,-3.2677,40.6,29.23,-62.5,10,0.0,1
10,3535485,-2.0057,39.6,29.23,-62.0,10,0.0,1
10,3536211,-2.4339,39.6,29.24,-62.0,10,0.0,1
10,3536937,-13.5442,39.6,29.24,-62.5,10,0.0,0
10,3537663,-2.5916,39.6,29.23,-62.0,10,0.0,1
10,3538389,-1.8254,40.6,29.23,-62.5,10,0.0,1
10,3539115,-3.2903,40.6,29.23,-68.5,10,0.0,1
10,3539841,-2.6367,40.6,29.23,-62.0,10,0.0,1
10,3540567,-2.8395,40.6,29.23,-68.0,10,0.0,1
10,3541293,-2.9748,40.6,29.23,-68.0,10,0.0,1
10,3542019,-2.3437,40.6,29.24,-62.5,10,0.0,1
10,3542745,-2.5015,40.6,29.23,-62.0,10,0.0,1
10,3543471,-2.9973,40.6,29.23,-62.5,10,0.0,1
10,3544197,-2.9973,39.6,29.23,-62.5,10,0.0,1
10,3544923,-2.9973,39.6,29.23,-62.5,10,0.0,1
10,3545649,-2.3212,40.6,29.23,-68.5,10,0.0,1
10,3546375,-2.0733,40.6,29.23,-62.5,10,0.0,1
10,3547101,-2.0057,39.6,29.23,-68.0,10,0.0,1
10,3547827,-2.0959,39.6,29.24,-68.5,10,0.0,1
10,3548553,-2.3888,39.6,29.24,-68.5,10,0.0,1
10,3549279,-1.5775,39.6,29.23,-68.0,10,0.0,1
10,3550005,-2.2536,39.6,29.23,-62.0,10,0.0,1
10,3550731,-2.0282,40.6,29.23,-62.5,10,0.0,1
10,3551457,-2.3888,40.6,29.22,-62.5,10,0.0,1
10,3552183,-2.5691,40.6,29.23,-62.5,10,0.0,1
10,3552909,-2.5691,40.6,29.23,-62.5,10,0.0,1
10,3553635,-3.1776,40.6,29.23,-68.5,10,0.0,1
10,3554361,-2.1409,40.6,29.23,-62.0,10,0.0,1
10,3555087,-3.0198,40.6,29.23,-68.5,10,0.0,1
10,3555813,-1.6902,40.6,29.24,-62.5,10,0.0,1
10,3556539,-1.5550,39.6,29.23,-62.5,10,0.0,1
10,3557265,-2.5015,39.6,29.23,-68.0,10,0.0,1
10,3557991,-2.0959,39.6,29.23,-68.0,10,0.0,1
10,3558717,-1.8480,39.6,29.23,-68.0,10,0.0,1
10,3559443,-2.8846,39.6,29.23,-62.0,10,0.0,1
10,3560169,-2.1409,39.6,29.23,-62.5,10,0.0,1
10,3560895,-2.1409,39.6,29.23,-62.5,10,0.0,1
10,3561621,-2.1860,39.6,29.23,-62.5,10,0.0,1
10,3562347,-2.3437,39.6,29.23,-62.5,10,0.0,1
10,3563073,-2.2536,39.6,29.23,-68.5,10,0.0,1
10,3563799,-2.5691,40.6,29.24,-62.0,10,0.0,1
10,3564525,-3.2001,39.6,29.23,-62.5,10,0.0,1
10,3565251,-2.4790,40.6,29.24,-62.0,10,0.0,1
10,3565977,-1.7353,40.6,29.24,-68.0,10,0.0,1
10,3566703,-2.8621,39.6,29.24,-68.5,10,0.0,1
10,3567429,-2.6818,39.6,29.24,-62.5,10,0.0,1
10,3568155,-0.8338,39.6,29.24,-62.5,10,0.0,1
10,3568881,-0.8338,39.6,29.24,-62.5,10,0.0,1
10,3569607,-2.3212,40.6,29.23,-62.5,10,0.0,1
10,3570333,-2.4564,39.6,29.24,-68.5,10,0.0,1
10,3571059,-3.4029,39.6,29.24,-62.0,10,0.0,1
10,3571785,-2.5691,39.6,29.24,-68.0,10,0.0,1
10,3572511,-2.6367,40.6,29.23,-62.5,10,0.0,1
10,3573237,-3.1325,39.6,29.23,-62.5,10,0.0,1
10,3573963,-2.4339,39.6,29.24,-62.5,10,0.0,1
10,3574689,-3.4480,39.6,29.24,-62.5,10,0.0,1
10,3575415,-2.2987,39.6,29.24,-68.5,10,0.0,1
10,3576141,-1.5550,40.6,29.24,-62.5,10,0.0,1
10,3576867,-1.5550,40.6,29.24,-62.5,10,0.0,1
10,3577593,-2.4564,40.6,29.24,-62.0,10,0.0,1
10,3578319,-1.3071,40.6,29.24,-62.5,10,0.0,1
10,3579045,-2.9297,40.6,29.23,-62.0,10,0.0,1
10,3579771,-3.3353,40.6,29.24,-62.5,10,0.0,1
10,3580497,-1.8930,40.6,29.24,-62.5,10,0.0,1
10,3581223,-2.3663,39.6,29.23,-62.5,10,0.0,1
10,3581949,-1.2846,39.6,29.23,-62.5,10,0.0,1
10,3582675,-3.4706,38.6,29.23,-62.0,10,0.0,1
10,3583401,-2.2761,39.6,29.23,-62.5,10,0.0,1
10,3584127,-2.2085,39.6,29.23,-62.0,10,0.0,1
10,3584853,-3.1776,40.6,29.23,-68.5,10,0.0,1
10,3585579,-2.8846,40.6,29.24,-62.0,10,0.0,1
10,3586305,-3.0424,40.6,29.24,-62.0,10,0.0,1
10,3587031,-2.0959,40.6,29.23,-68.0,10,0.0,1
10,3587757,-2.7945,39.6,29.23,-62.5,10,0.0,1
10,3588483,-2.5240,40.6,29.24,-62.5,10,0.0,1
10,3589209,-2.6593,40.6,29.23,-68.0,10,0.0,1
10,3589935,-2.6818,40.6,29.23,-62.0,10,0.0,1
10,3590661,-2.0057,40.6,29.23,-62.5,10,0.0,1
10,3591387,-1.7578,40.6,29.23,-62.0,10,0.0,1
10,3592113,-2.6142,40.6,29.23,-62.5,10,0.0,1
10,3592839,-2.9297,39.6,29.24,-62.0,10,0.0,1
10,3593565,-2.7494,40.6,29.23,-62.5,10,0.0,1
10,3594291,-3.2903,40.6,29.24,-68.5,10,0.0,1
10,3595017,-1.9156,39.6,29.23,-62.0,10,0.0,1
10,3595743,-2.1635,39.6,29.24,-68.0,10,0.0,1
10,3596469,-2.0508,39.6,29.24,-62.0,10,0.0,1
10,3597195,-2.5015,39.6,29.24,-68.5,10,0.0,1
10,3597921,-1.3522,39.6,29.24,-62.5,10,0.0,1
10,3598647,-1.3522,40.6,29.24,-62.5,10,0.0,1
10,3599373,-2.6367,40.6,29.24,-62.0,10,0.0,1
10,3600099,-1.6902,40.6,29.24,-68.0,10,0.0,1
10,3600825,-2.2536,39.6,29.24,-62.5,10,0.0,1
10,3601551,-2.0057,39.6,29.24,-68.5,10,0.0,1
10,3602277,-2.1860,39.6,29.24,-62.5,10,0.0,1
10,3603003,-2.3437,39.6,29.24,-68.5,10,0.0,1
10,3603729,-1.6451,39.6,29.24,-62.5,10,0.0,1
10,3604455,-1.6001,39.6,29.24,-62.5,10,0.0,1
10,3605181,-2.7945,39.6,29.24,-62.0,10,0.0,1
10,3605907,-2.2761,39.6,29.24,-62.5,10,0.0,1
10,3606633,-2.2761,39.6,29.24,-62.5,10,0.0,1
10,3607359,-3.1325,39.6,29.24,-62.5,10,0.0,1
10,3608085,-2.3888,39.6,29.24,-62.0,10,0.0,1
10,3608811,-2.5015,39.6,29.24,-68.5,10,0.0,1
10,3609537,-2.0508,40.6,29.24,-62.0,10,0.0,1
10,3610263,-3.6058,40.6,29.24,-62.0,10,0.0,1
10,3610989,-2.1635,40.6,29.24,-62.0,10,0.0,1
10,3611715,-3.2227,40.6,29.24,-62.0,10,0.0,1
10,3612441,-2.4114,39.6,29.24,-68.0,10,0.0,1
10,3613167,-2.5691,40.6,29.24,-62.5,10,0.0,1
10,3613893,-2.2085,40.6,29.24,-62.0,10,0.0,1
10,3614619,-2.2085,39.6,29.24,-62.0,10,0.0,1
10,3615345,-2.2536,39.6,29.24,-62.0,10,0.0,1
10,3616071,-2.8170,39.6,29.24,-68.5,10,0.0,1
10,3616797,-2.5466,39.6,29.24,-68.0,10,0.0,1
10,3617523,-2.3212,39.6,29.24,-68.0,10,0.0,1
10,3618249,-3.2903,38.6,29.24,-62.5,10,0.0,1
10,3618975,-2.1860,38.6,29.24,-62.5,10,0.0,1
10,3619701,-2.3212,39.6,29.24,-62.0,10,0.0,1
10,3620427,-2.4564,39.6,29.24,-62.5,10,0.0,1
10,3621153,-2.4339,39.6,29.24,-68.0,10,0.0,1
10,3621879,-2.7945,39.6,29.24,-68.5,10,0.0,1
10,3622605,-2.7945,39.6,29.24,-68.5,10,0.0,1
10,3623331,-2.5466,39.6,29.24,-62.0,10,0.0,1
10,3624057,-2.1635,40.6,29.24,-68.0,10,0.0,1
10,3624783,-2.1635,40.6,29.24,-68.5,10,0.0,1
10,3625509,-3.1776,39.6,29.24,-62.5,10,0.0,1
10,3626235,-2.1184,39.6,29.24,-62.5,10,0.0,1
10,3626961,-1.8480,39.6,29.24,-62.5,10,0.0,1
10,3627687,-1.9832,39.6,29.24,-62.5,10,0.0,1
10,3628413,-3.2677,39.6,29.24,-62.0,10,0.0,1
10,3629139,-1.9381,39.6,29.24,-62.5,10,0.0,1
10,3629865,-2.4564,39.6,29.24,-62.5,10,0.0,1
10,3630591,-2.4564,40.6,29.24,-62.5,10,0.0,1
10,3631317,-2.5015,40.6,29.24,-68.5,10,0.0,1
10,3632043,-2.6142,40.6,29.24,-68.5,10,0.0,1
10,3632769,-1.8480,40.6,29.24,-68.0,10,0.0,1
10,3633495,-2.3888,40.6,29.24,-62.5,10,0.0,1
10,3634221,-1.8254,40.6,29.24,-62.5,10,0.0,1
10,3634947,-2.5466,40.6,29.25,-62.5,10,0.0,1
10,3635673,-1.7578,40.6,29.24,-68.0,10,0.0,1
10,3636399,-2.9072,39.6,29.24,-68.0,10,0.0,1
10,3637125,-1.5550,39.6,29.24,-68.0,10,0.0,1
10,3637851,-3.2227,39.6,29.25,-62.5,10,0.0,1
10,3638577,-2.9973,39.6,29.25,-62.5,10,0.0,1
10,3639303,-2.0959,39.6,29.24,-62.5,10,0.0,1
10,3640029,-3.0424,39.6,29.24,-62.5,10,0.0,1
10,3640755,-3.2227,39.6,29.25,-62.5,10,0.0,1
10,3641481,-2.9297,39.6,29.25,-68.0,10,0.0,1
10,3642207,-2.2085,39.6,29.25,-62.5,10,0.0,1
10,3642933,-3.0424,39.6,29.25,-62.5,10,0.0,1
10,3643659,-1.9156,40.6,29.25,-62.5,10,0.0,1
10,3644385,-5.1157,40.6,29.25,-62.5,10,0.0,1
10,3645111,-2.7043,40.6,29.25,-62.5,10,0.0,1
10,3645837,-2.0057,40.6,29.25,-62.5,10,0.0,1
10,3646563,-2.8621,40.6,29.25,-62.5,10,0.0,1
10,3647289,-2.9297,39.6,29.25,-62.0,10,0.0,1
10,3648015,-1.9832,40.6,29.24,-62.0,10,0.0,1
10,3648741,-2.1635,40.6,29.24,-68.5,10,0.0,1
10,3649467,-1.5099,40.6,29.24,-62.5,10,0.0,1
10,3650193,-3.1550,39.6,29.25,-62.5,10,0.0,1
10,3650919,-3.4255,39.6,29.25,-62.5,10,0.0,1
10,3651645,-1.9606,39.6,29.24,-62.5,10,0.0,1
10,3652371,-1.9606,39.6,29.25,-62.5,10,0.0,1
10,3653097,-2.3663,40.6,29.25,-68.5,10,0.0,1
10,3653823,-1.6451,40.6,29.25,-62.5,10,0.0,1
10,3654549,-2.2085,40.6,29.25,-62.0,10,0.0,1
10,3655275,-1.5775,40.6,29.25,-62.5,10,0.0,1
10,3656001,-1.5775,40.6,29.24,-68.5,10,0.0,1
10,3656727,-3.1550,40.6,29.24,-68.5,10,0.0,1
10,3657453,-3.3128,39.6,29.25,-62.0,10,0.0,1
10,3658179,-2.8170,39.6,29.25,-62.5,10,0.0,1
10,3658905,-2.3212,39.6,29.24,-68.0,10,0.0,1
10,3659631,-2.7043,39.6,29.25,-62.0,10,0.0,1
10,3660357,-2.7043,39.6,29.24,-62.0,10,0.0,1
10,3661083,-1.3972,39.6,29.24,-62.5,10,0.0,1
10,3661809,-2.5691,39.6,29.25,-68.0,10,0.0,1
10,3662535,-2.2536,40.6,29.24,-68.5,10,0.0,1
10,3663261,-2.4114,40.6,29.25,-62.5,10,0.0,1
10,3663987,-2.3437,40.6,29.25,-62.5,10,0.0,1
10,3664713,-3.2001,40.6,29.25,-62.5,10,0.0,1
10,3665439,-2.1860,39.6,29.25,-62.0,10,0.0,1
10,3666165,-2.5691,39.6,29.24,-62.5,10,0.0,1
10,3666891,-2.8170,40.6,29.25,-62.5,10,0.0,1
10,3667617,-1.6001,40.6,29.25,-68.0,10,0.0,1
10,3668343,-1.6001,39.6,29.25,-68.0,10,0.0,1
10,3669069,-3.2677,38.6,29.25,-62.5,10,0.0,1
10,3669795,-3.4480,39.6,29.25,-68.0,10,0.0,1
10,3670521,-2.1184,38.6,29.25,-62.0,10,0.0,1
10,3671247,-2.1860,39.6,29.25,-68.0,10,0.0,1
10,3671973,-2.7719,39.6,29.25,-68.5,10,0.0,1
10,3672699,-2.9072,39.6,29.25,-62.5,10,0.0,1
10,3673425,-2.4564,38.6,29.25,-68.0,10,0.0,1
10,3674151,-2.7719,39.6,29.25,-62.0,10,0.0,1
10,3674877,-2.2761,39.6,29.25,-62.5,10,0.0,1
10,3675603,-2.9522,39.6,29.25,-62.5,10,0.0,1
10,3676329,-2.9522,39.6,29.25,-62.5,10,0.0,1
10,3677055,-3.4029,39.6,29.25,-62.5,10,0.0,1
10,3677781,-2.6593,39.6,29.25,-62.5,10,0.0,1
10,3678507,-3.1550,38.6,29.25,-68.5,10,0.0,1
10,3679233,-2.6593,38.6,29.25,-62.5,10,0.0,1
10,3679959,-3.3353,39.6,29.25,-62.0,10,0.0,1
10,3680685,-2.5691,39.6,29.25,-68.0,10,0.0,1
10,3681411,-2.4339,39.6,29.25,-62.0,10,0.0,1
10,3682137,-2.1409,39.6,29.25,-68.5,10,0.0,1
10,3682863,-2.2761,40.6,29.25,-68.5,10,0.0,1
10,3683589,-2.7043,39.6,29.25,-68.5,10,0.0,1
10,3684315,-2.7043,39.6,29.25,-68.5,10,0.0,1
10,3685041,-2.1635,39.6,29.25,-62.5,10,0.0,1
10,3685767,-3.3579,39.6,29.25,-62.5,10,0.0,1
10,3686493,-1.4648,40.6,29.25,-62.0,10,0.0,1
10,3687219,-2.9297,40.6,29.25,-62.0,10,0.0,1
10,3687945,-3.3353,40.6,29.25,-62.0,10,0.0,1
10,3688671,-2.9748,40.6,29.25,-62.0,10,0.0,1
10,3689397,-3.0649,40.6,29.26,-62.5,10,0.0,1
10,3690123,-2.9748,40.6,29.26,-68.5,10,0.0,1
10,3690849,-2.3888,40.6,29.26,-68.0,10,0.0,1
10,3691575,-2.3437,40.6,29.26,-62.5,10,0.0,1
10,3692301,-3.1325,40.6,29.26,-62.5,10,0.0,1
10,3693027,-1.4198,40.6,29.26,-68.5,10,0.0,1
10,3693753,-1.3522,40.6,29.26,-62.5,10,0.0,1
10,3694479,-2.2311,40.6,29.26,-62.5,10,0.0,1
10,3695205,-2.6367,40.6,29.25,-62.5,10,0.0,1
10,3695931,-1.9381,40.6,29.25,-68.0,10,0.0,1
10,3696657,-2.8395,39.6,29.26,-62.5,10,0.0,1
10,3697383,-2.2761,39.6,29.26,-62.0,10,0.0,1
10,3698109,-3.0874,40.6,29.26,-68.5,10,0.0,1
10,3698835,-3.3579,40.6,29.25,-62.0,10,0.0,1
10,3699561,-3.2452,39.6,29.26,-62.5,10,0.0,1
10,3700287,-2.2761,39.6,29.25,-68.5,10,0.0,1
10,3701013,-2.1635,39.6,29.25,-68.5,10,0.0,1
10,3701739,-2.8395,39.6,29.25,-62.5,10,0.0,1
10,3702465,-3.2001,39.6,29.25,-62.0,10,0.0,1
10,3703191,-2.5691,40.6,29.25,-62.5,10,0.0,1
10,3703917,-1.8254,40.6,29.25,-62.5,10,0.0,1
10,3704643,-2.2761,39.6,29.25,-62.5,10,0.0,1
10,3705369,-1.7127,39.6,29.25,-62.5,10,0.0,1
10,3706095,-1.7127,39.6,29.25,-62.5,10,0.0,1
10,3706821,-2.2761,39.6,29.25,-62.5,10,0.0,1
10,3707547,-3.1100,39.6,29.25,-62.0,10,0.0,1
10,3708273,-2.8395,39.6,29.26,-62.5,10,0.0,1
10,3708999,-2.4114,39.6,29.25,-62.5,10,0.0,1
10,3709725,-2.0508,39.6,29.26,-62.5,10,0.0,1
10,3710451,-3.3579,40.6,29.26,-68.5,10,0.0,1
10,3711177,-2.2536,39.6,29.25,-62.0,10,0.0,1
10,3711903,-3.7635,39.6,29.25,-68.0,10,0.0,1
10,3712629,-2.6593,39.6,29.25,-62.5,10,0.0,1
10,3713355,-3.0874,39.6,29.25,-62.0,10,0.0,1
10,3714081,-3.0874,39.6,29.26,-62.0,10,0.0,1
10,3714807,-2.3212,40.6,29.26,-62.5,10,0.0,1
10,3715533,-3.3353,39.6,29.26,-62.0,10,0.0,1
10,3716259,-2.2085,39.6,29.26,-62.5,10,0.0,1
10,3716985,-3.4255,39.6,29.25,-62.5,10,0.0,1
10,3717711,-2.4790,39.6,29.26,-62.0,10,0.0,1
10,3718437,-2.7945,39.6,29.26,-62.0,10,0.0,1
10,3719163,-1.9832,40.6,29.26,-62.5,10,0.0,1
10,3719889,-2.7269,39.6,29.26,-62.5,10,0.0,1
10,3720615,-2.2987,39.6,29.26,-62.0,10,0.0,1
10,3721341,-2.4114,39.6,29.25,-62.5,10,0.0,1
10,3722067,-2.4114,39.6,29.25,-62.5,10,0.0,1
10,3722793,-3.2452,39.6,29.26,-62.5,10,0.0,1
10,3723519,-1.8029,39.6,29.25,-62.5,10,0.0,1
10,3724245,-2.3888,39.6,29.26,-62.5,10,0.0,1
10,3724971,-2.3437,40.6,29.26,-62.5,10,0.0,1
10,3725697,-3.1776,40.6,29.26,-62.5,10,0.0,1
10,3726423,-2.9522,40.6,29.26,-62.5,10,0.0,1
10,3727149,-2.9748,40.6,29.26,-68.5,10,0.0,1
10,3727875,-1.4874,40.6,29.26,-68.0,10,0.0,1
10,3728601,-3.2227,39.6,29.25,-68.0,10,0.0,1
10,3729327,-1.7803,39.6,29.26,-62.5,10,0.0,1
10,3730053,-1.7803,39.6,29.26,-62.5,10,0.0,1
10,3730779,-2.4790,39.6,29.25,-62.5,10,0.0,1
10,3731505,-2.1409,40.6,29.25,-62.0,10,0.0,1
10,3732231,-1.3522,40.6,29.26,-62.5,10,0.0,1
10,3732957,-2.8395,39.6,29.26,-62.0,10,0.0,1
10,3733683,-2.3437,39.6,29.26,-62.5,10,0.0,1
10,3734409,-3.0649,38.6,29.26,-62.5,10,0.0,1
10,3735135,-2.3437,38.6,29.26,-62.5,10,0.0,1
10,3735861,-2.0282,39.6,29.26,-62.5,10,0.0,1
10,3736587,-3.4931,39.6,29.26,-62.0,10,0.0,1
10,3737313,-2.2987,39.6,29.26,-68.5,10,0.0,1
10,3738039,-2.2987,39.6,29.26,-68.5,10,0.0,1
10,3738765,-2.2761,39.6,29.26,-62.5,10,0.0,1
10,3739491,-3.0649,39.6,29.26,-62.5,10,0.0,1
10,3740217,-2.2311,39.6,29.26,-62.5,10,0.0,1
10,3740943,-1.8254,39.6,29.26,-62.0,10,0.0,1
10,3741669,-2.4339,39.6,29.26,-62.0,10,0.0,1
10,3742395,-2.4790,39.6,29.26,-62.5,10,0.0,1
10,3743121,-2.2085,39.6,29.26,-62.5,10,0.0,1
10,3743847,-3.4931,39.6,29.26,-62.5,10,0.0,1
10,3744573,-2.5466,40.6,29.26,-62.0,10,0.0,1
10,3745299,-2.6367,39.6,29.26,-62.5,10,0.0,1
10,3746025,-2.0508,39.6,29.26,-62.5,10,0.0,1
10,3746751,-2.4564,40.6,29.27,-62.0,10,0.0,1
10,3747477,-2.8170,40.6,29.26,-62.5,10,0.0,1
10,3748203,-2.0959,39.6,29.26,-62.5,10,0.0,1
10,3748929,-2.1184,39.6,29.26,-68.5,10,0.0,1
10,3749655,-2.4790,39.6,29.26,-68.5,10,0.0,1
10,3750381,-2.3663,40.6,29.26,-62.0,10,0.0,1
10,3751107,-2.4114,40.6,29.26,-62.5,10,0.0,1
10,3751833,-2.6367,39.6,29.26,-68.5,10,0.0,1
10,3752559,-3.2452,40.6,29.26,-62.5,10,0.0,1
10,3753285,-3.0649,40.6,29.26,-68.5,10,0.0,1
10,3754011,-1.9832,39.6,29.26,-68.0,10,0.0,1
10,3754737,-3.0649,38.6,29.26,-62.5,10,0.0,1
10,3755463,-2.0959,38.6,29.26,-62.5,10,0.0,1
10,3756189,-2.5916,38.6,29.26,-68.5,10,0.0,1
10,3756915,-2.5240,39.6,29.26,-62.5,10,0.0,1
10,3757641,-3.1325,39.6,29.26,-62.5,10,0.0,1
10,3758367,-2.3437,39.6,29.26,-62.5,10,0.0,1
10,3759093,-2.8621,39.6,29.26,-68.0,10,0.0,1
10,3759819,-2.8621,38.6,29.26,-68.0,10,0.0,1
11,3760545,-1.1944,39.6,29.26,-68.5,10,0.0,1
11,3761271,-2.0057,39.6,29.26,-68.5,10,0.0,1
11,3761997,-2.8170,39.6,29.26,-62.5,10,0.0,1
11,3762723,-2.4564,39.6,29.26,-62.5,10,0.0,1
11,3763449,-1.4648,39.6,29.26,-68.0,10,0.0,1
11,3764175,-1.4198,38.6,29.26,-62.0,10,0.0,1
11,3764901,-3.1550,39.6,29.27,-62.0,10,0.0,1
11,3765627,-1.8480,39.6,29.27,-62.5,10,0.0,1
11,3766353,-2.0508,39.6,29.27,-62.5,10,0.0,1
11,3767079,-1.5099,39.6,29.26,-62.5,10,0.0,1
11,3767805,-1.5099,39.6,29.26,-62.5,10,0.0,1
11,3768531,-1.6902,40.6,29.26,-62.5,10,0.0,1
11,3769257,-1.9381,39.6,29.27,-68.5,10,0.0,1
11,3769983,-1.3972,40.6,29.27,-62.5,10,0.0,1
11,3770709,-2.5466,40.6,29.27,-68.5,10,0.0,1
11,3771435,-3.0649,40.6,29.27,-62.5,10,0.0,1
11,3772161,-2.2761,39.6,29.27,-62.0,10,0.0,1
11,3772887,-3.0424,39.6,29.27,-62.5,10,0.0,1
11,3773613,-2.4790,40.6,29.27,-62.5,10,0.0,1
11,3774339,-2.9522,39.6,29.27,-62.5,10,0.0,1
11,3775065,-2.5240,39.6,29.27,-62.5,10,0.0,1
11,3775791,-2.5240,39.6,29.27,-62.5,10,0.0,1
11,3776517,-3.2227,39.6,29.27,-62.5,10,0.0,1
11,3777243,-3.1550,40.6,29.27,-62.5,10,0.0,1
11,3777969,-2.2987,40.6,29.27,-62.5,10,0.0,1
11,3778695,-2.2987,40.6,29.27,-68.5,10,0.0,1
11,3779421,-2.9297,40.6,29.27,-62.5,10,0.0,1
11,3780147,-2.7269,40.6,29.27,-62.5,10,0.0,1
11,3780873,-1.1944,40.6,29.27,-62.5,10,0.0,1
11,3781599,-2.4564,39.6,29.27,-62.5,10,0.0,1
11,3782325,-2.8621,39.6,29.27,-62.0,10,0.0,1
11,3783051,-2.3437,40.6,29.26,-62.5,10,0.0,1
11,3783777,-2.3437,39.6,29.27,-62.5,10,0.0,1
11,3784503,-1.9156,39.6,29.27,-62.5,10,0.0,1
11,3785229,-3.2227,39.6,29.27,-68.0,10,0.0,1
11,3785955,-3.2227,39.6,29.27,-62.5,10,0.0,1
11,3786681,-2.4790,38.6,29.27,-62.5,10,0.0,1
11,3787407,-2.0282,39.6,29.27,-62.5,10,0.0,1
11,3788133,-2.3437,39.6,29.27,-62.0,10,0.0,1
11,3788859,-2.6142,39.6,29.26,-62.5,10,0.0,1
11,3789585,-2.3437,39.6,29.27,-62.5,10,0.0,1
11,3790311,-1.6451,40.6,29.27,-68.5,10,0.0,1
11,3791037,-2.6142,40.6,29.27,-62.5,10,0.0,1
11,3791763,-2.6142,40.6,29.27,-62.5,10,0.0,1
11,3792489,-2.2987,40.6,29.27,-62.5,10,0.0,1
11,3793215,-2.9522,39.6,29.27,-62.0,10,0.0,1
11,3793941,-2.8170,39.6,29.27,-68.0,10,0.0,1
11,3794667,-3.0649,39.6,29.27,-62.0,10,0.0,1
11,3795393,-2.9297,39.6,29.27,-62.0,10,0.0,1
11,3796119,-2.3437,40.6,29.27,-62.5,10,0.0,1
11,3796845,-2.5466,39.6,29.27,-68.5,10,0.0,1
11,3797571,-2.4564,39.6,29.27,-68.0,10,0.0,1
11,3798297,-1.7353,39.6,29.27,-62.0,10,0.0,1
11,3799023,-1.8930,39.6,29.27,-68.0,10,0.0,1
11,3799749,-1.8930,39.6,29.27,-68.0,10,0.0,1
11,3800475,-2.8395,39.6,29.27,-62.0,10,0.0,1
11,3801201,-1.7353,39.6,29.26,-62.0,10,0.0,1
11,3801927,-2.9973,39.6,29.26,-68.0,10,0.0,1
11,3802653,-3.2677,39.6,29.27,-62.5,10,0.0,1
11,3803379,-2.2085,39.6,29.26,-68.5,10,0.0,1
11,3804105,-2.8846,39.6,29.27,-68.0,10,0.0,1
11,3804831,-2.3888,39.6,29.27,-62.5,10,0.0,1
11,3805557,-3.0874,39.6,29.26,-62.0,10,0.0,1
11,3806283,-2.1409,39.6,29.27,-62.0,10,0.0,1
11,3807009,-2.6593,39.6,29.27,-62.0,10,0.0,1
11,3807735,-2.3888,39.6,29.27,-68.5,10,0.0,1
11,3808461,-3.2001,39.6,29.27,-62.0,10,0.0,1
11,3809187,-1.6451,40.6,29.27,-62.0,10,0.0,1
11,3809913,-3.3128,40.6,29.27,-62.5,10,0.0,1
11,3810639,-2.5240,40.6,29.27,-62.5,10,0.0,1
11,3811365,-1.8029,40.6,29.27,-62.5,10,0.0,1
11,3812091,-2.8621,40.6,29.27,-62.5,10,0.0,1
11,3812817,-2.2085,40.6,29.27,-68.5,10,0.0,1
11,3813543,-64.0249,39.6,29.27,-68.0,10,0.0,0
11,3814269,-1.5775,39.6,29.27,-62.5,10,0.0,1
11,3814995,-2.3888,39.6,29.27,-62.5,10,0.0,1
11,3815721,-2.3212,40.6,29.27,-62.0,10,0.0,1
11,3816447,-2.0959,39.6,29.27,-68.5,10,0.0,1
11,3817173,-3.2227,40.6,29.27,-62.5,10,0.0,1
11,3817899,-2.7494,40.6,29.27,-62.5,10,0.0,1
11,3818625,-2.1860,39.6,29.27,-68.5,10,0.0,1
11,3819351,-2.8846,40.6,29.27,-62.5,10,0.0,1
11,3820077,-3.2001,40.6,29.27,-62.5,10,0.0,1
11,3820803,-2.0733,40.6,29.27,-62.5,10,0.0,1
11,3821529,-2.0733,40.6,29.27,-62.5,10,0.0,1
11,3822255,-1.3972,40.6,29.27,-62.0,10,0.0,1
11,3822981,-3.0424,40.6,29.27,-62.5,10,0.0,1
11,3823707,-2.4564,39.6,29.27,-68.0,10,0.0,1
11,3824433,-2.4790,39.6,29.27,-62.0,10,0.0,1
11,3825159,-2.0959,40.6,29.27,-62.5,10,0.0,1
11,3825885,-3.2903,40.6,29.27,-62.5,10,0.0,1
11,3826611,-2.3212,40.6,29.27,-68.0,10,0.0,1
11,3827337,-1.8705,40.6,29.27,-62.5,10,0.0,1
11,3828063,-2.5240,39.6,29.27,-62.0,10,0.0,1
11,3828789,-1.4648,40.6,29.28,-62.5,10,0.0,1
11,3829515,-1.4648,40.6,29.27,-62.5,10,0.0,1
11,3830241,-2.7269,40.6,29.27,-68.0,10,0.0,1
11,3830967,-2.3437,40.6,29.27,-62.5,10,0.0,1
11,3831693,-2.3437,39.6,29.28,-68.0,10,0.0,1
11,3832419,-2.3663,39.6,29.27,-62.5,10,0.0,1
11,3833145,-1.8705,39.6,29.27,-62.5,10,0.0,1
11,3833871,-3.0424,40.6,29.27,-62.5,10,0.0,1
11,3834597,-2.8846,40.6,29.27,-62.5,10,0.0,1
11,3835323,-2.4564,40.6,29.27,-62.5,10,0.0,1
11,3836049,-2.2085,40.6,29.27,-62.5,10,0.0,1
11,3836775,-2.1184,40.6,29.27,-62.0,10,0.0,1
11,3837501,-2.1184,40.6,29.27,-62.0,10,0.0,1
11,3838227,-2.1635,40.6,29.27,-62.5,10,0.0,1
11,3838953,-2.4339,40.6,29.27,-68.5,10,0.0,1
11,3839679,-1.5325,40.6,29.27,-62.5,10,0.0,1
11,3840405,-2.8621,40.6,29.27,-62.5,10,0.0,1
11,3841131,-2.0959,40.6,29.27,-62.5,10,0.0,1
11,3841857,-2.6142,39.6,29.27,-68.5,10,0.0,1
11,3842583,-2.2761,39.6,29.27,-62.5,10,0.0,1
11,3843309,-1.7353,39.6,29.27,-62.5,10,0.0,1
11,3844035,-1.8254,39.6,29.27,-62.0,10,0.0,1
11,3844761,-2.6367,39.6,29.27,-68.5,10,0.0,1
11,3845487,-2.6367,40.6,29.27,-68.5,10,0.0,1
11,3846213,-2.3437,40.6,29.27,-62.5,10,0.0,1
11,3846939,-2.1635,40.6,29.27,-62.5,10,0.0,1
11,3847665,-2.8170,40.6,29.27,-62.5,10,0.0,1
11,3848391,-2.1860,40.6,29.27,-62.0,10,0.0,1
11,3849117,-2.4564,39.6,29.27,-62.5,10,0.0,1
11,3849843,-1.4874,40.6,29.27,-68.5,10,0.0,1
11,3850569,-3.2227,39.6,29.27,-62.5,10,0.0,1
11,3851295,-3.0649,39.6,29.27,-62.0,10,0.0,1
11,3852021,-2.7719,39.6,29.27,-68.0,10,0.0,1
11,3852747,-2.5240,39.6,29.27,-62.5,10,0.0,1
11,3853473,-2.5240,39.6,29.27,-62.5,10,0.0,1
11,3854199,-2.2536,39.6,29.27,-68.5,10,0.0,1
11,3854925,-2.6593,39.6,29.27,-62.5,10,0.0,1
11,3855651,-2.7043,39.6,29.27,-62.5,10,0.0,1
11,3856377,-3.6058,39.6,29.27,-62.5,10,0.0,1
11,3857103,-2.3663,40.6,29.27,-68.0,10,0.0,1
11,3857829,-1.9381,39.6,29.27,-62.5,10,0.0,1
11,3858555,-2.2311,39.6,29.27,-62.0,10,0.0,1
11,3859281,-1.3522,40.6,29.27,-62.0,10,0.0,1
11,3860007,-2.3888,40.6,29.27,-62.5,10,0.0,1
11,3860733,-1.8705,39.6,29.27,-62.5,10,0.0,1
11,3861459,-1.4874,39.6,29.27,-68.0,10,0.0,1
11,3862185,-3.3128,39.6,29.27,-68.0,10,0.0,1
11,3862911,-2.4114,38.6,29.27,-62.0,10,0.0,1
11,3863637,-2.8846,39.6,29.27,-68.5,10,0.0,1
11,3864363,-2.9297,39.6,29.27,-62.0,10,0.0,1
11,3865089,-2.5916,39.6,29.27,-62.5,10,0.0,1
11,3865815,-3.2452,40.6,29.27,-62.5,10,0.0,1
11,3866541,-1.7353,39.6,29.28,-62.0,10,0.0,1
11,3867267,-8.9017,39.6,29.27,-62.5,10,0.0,0
11,3867993,-2.9297,39.6,29.27,-62.5,10,0.0,1
11,3868719,-2.2536,39.6,29.28,-62.5,10,0.0,1
11,3869445,-2.2987,40.6,29.27,-62.5,10,0.0,1
11,3870171,-2.2536,40.6,29.28,-62.5,10,0.0,1
11,3870897,-3.0874,40.6,29.27,-62.5,10,0.0,1
11,3871623,-2.2311,40.6,29.27,-68.5,10,0.0,1
11,3872349,-2.4564,40.6,29.28,-68.5,10,0.0,1
11,3873075,-2.4564,40.6,29.27,-68.5,10,0.0,1
11,3873801,-3.1325,39.6,29.28,-62.5,10,0.0,1
11,3874527,-3.4255,40.6,29.28,-62.5,10,0.0,1
11,3875253,-3.4255,40.6,29.27,-62.5,10,0.0,1
11,3875979,-2.2536,39.6,29.28,-62.0,10,0.0,1
11,3876705,-2.0057,40.6,29.28,-68.0,10,0.0,1
11,3877431,-2.1860,39.6,29.28,-68.0,10,0.0,1
11,3878157,-1.9156,39.6,29.28,-62.5,10,0.0,1
11,3878883,-2.1635,39.6,29.28,-68.0,10,0.0,1
11,3879609,-2.7269,39.6,29.28,-62.5,10,0.0,1
11,3880335,-2.4114,39.6,29.28,-68.5,10,0.0,1
11,3881061,-1.3972,39.6,29.28,-62.5,10,0.0,1
11,3881787,-2.2761,40.6,29.28,-62.5,10,0.0,1
11,3882513,-3.1325,40.6,29.28,-68.5,10,0.0,1
11,3883239,-3.1325,40.6,29.28,-68.5,10,0.0,1
11,3883965,-2.1409,40.6,29.27,-62.5,10,0.0,1
11,3884691,-2.3663,39.6,29.28,-68.0,10,0.0,1
11,3885417,-2.3888,40.6,29.27,-68.5,10,0.0,1
11,3886143,-1.7803,39.6,29.28,-62.5,10,0.0,1
11,3886869,-2.3888,39.6,29.28,-68.5,10,0.0,1
11,3887595,-3.2452,39.6,29.28,-62.5,10,0.0,1
11,3888321,-2.7043,40.6,29.28,-62.5,10,0.0,1
11,3889047,-2.5015,39.6,29.27,-62.5,10,0.0,1
11,3889773,-2.0959,40.6,29.28,-68.5,10,0.0,1
11,3890499,-2.0057,39.6,29.28,-68.5,10,0.0,1
11,3891225,-2.0057,40.6,29.28,-68.5,10,0.0,1
11,3891951,-2.4339,40.6,29.28,-62.5,10,0.0,1
11,3892677,-2.5240,40.6,29.28,-62.0,10,0.0,1
11,3893403,-2.8395,40.6,29.28,-62.5,10,0.0,1
11,3894129,-3.2001,39.6,29.27,-68.5,10,0.0,1
11,3894855,-2.1860,39.6,29.28,-62.5,10,0.0,1
11,3895581,-2.1184,39.6,29.28,-62.5,10,0.0,1
11,3896307,-2.6367,39.6,29.28,-68.5,10,0.0,1
11,3897033,-2.4790,39.6,29.28,-62.5,10,0.0,1
11,3897759,-2.7945,39.6,29.28,-62.5,10,0.0,1
11,3898485,-2.5466,40.6,29.28,-62.5,10,0.0,1
11,3899211,-2.5466,39.6,29.28,-62.5,10,0.0,1
11,3899937,-2.4564,39.6,29.28,-68.0,10,0.0,1
11,3900663,-2.4564,39.6,29.28,-68.0,10,0.0,1
11,3901389,-1.4423,39.6,29.28,-62.0,10,0.0,1
11,3902115,-2.5015,40.6,29.28,-62.5,10,0.0,1
11,3902841,-3.0649,40.6,29.28,-68.5,10,0.0,1
11,3903567,-1.8480,40.6,29.28,-62.5,10,0.0,1
11,3904293,-1.4423,40.6,29.28,-68.5,10,0.0,1
11,3905019,-2.5466,39.6,29.28,-62.5,10,0.0,1
11,3905745,-2.6142,40.6,29.28,-68.5,10,0.0,1
11,3906471,-2.0959,39.6,29.28,-68.0,10,0.0,1
11,3907197,-2.0959,39.6,29.28,-68.0,10,0.0,1
11,3907923,-2.1860,39.6,29.28,-68.5,10,0.0,1
11,3908649,-2.0057,38.6,29.28,-62.5,10,0.0,1
11,3909375,-2.1635,39.6,29.28,-68.5,10,0.0,1
11,3910101,-2.2536,39.6,29.28,-62.5,10,0.0,1
11,3910827,-1.7353,39.6,29.28,-62.5,10,0.0,1
11,3911553,-2.4564,39.6,29.28,-68.5,10,0.0,1
11,3912279,-3.1325,39.6,29.28,-62.5,10,0.0,1
11,3913005,-2.7945,39.6,29.28,-62.0,10,0.0,1
11,3913731,-2.2311,39.6,29.28,-62.0,10,0.0,1
11,3914457,-1.7578,40.6,29.29,-62.5,10,0.0,1
11,3915183,-2.5466,40.6,29.28,-68.0,10,0.0,1
11,3915909,-3.2903,40.6,29.28,-62.5,10,0.0,1
11,3916635,-2.4790,40.6,29.28,-62.5,10,0.0,1
11,3917361,-2.5916,39.6,29.28,-62.5,10,0.0,1
11,3918087,-1.9832,39.6,29.28,-68.5,10,0.0,1
11,3918813,-2.0508,40.6,29.28,-62.5,10,0.0,1
11,3919539,-2.8395,40.6,29.28,-62.5,10,0.0,1
11,3920265,-2.5916,40.6,29.28,-62.5,10,0.0,1
11,3920991,-3.1776,40.6,29.28,-68.0,10,0.0,1
11,3921717,-2.5691,39.6,29.28,-62.5,10,0.0,1
11,3922443,-3.1776,40.6,29.28,-62.5,10,0.0,1
11,3923169,-3.1550,40.6,29.28,-62.5,10,0.0,1
11,3923895,-1.9606,39.6,29.28,-62.0,10,0.0,1
11,3924621,-2.2311,40.6,29.28,-62.5,10,0.0,1
11,3925347,-3.1325,40.6,29.28,-62.0,10,0.0,1
11,3926073,-2.1409,40.6,29.28,-62.5,10,0.0,1
11,3926799,-3.1325,40.6,29.28,-62.5,10,0.0,1
11,3927525,-2.4564,40.6,29.29,-62.0,10,0.0,1
11,3928251,-1.3071,40.6,29.29,-62.5,10,0.0,1
11,3928977,-1.3071,39.6,29.29,-62.5,10,0.0,1
11,3929703,-2.4564,40.6,29.28,-68.5,10,0.0,1
11,3930429,-2.5916,39.6,29.29,-68.5,10,0.0,1
11,3931155,-2.7269,38.6,29.28,-62.0,10,0.0,1
11,3931881,-2.3437,39.6,29.28,-68.0,10,0.0,1
11,3932607,-2.2311,39.6,29.28,-68.5,10,0.0,1
11,3933333,-2.2761,39.6,29.28,-68.0,10,0.0,1
11,3934059,-2.6818,40.6,29.29,-68.5,10,0.0,1
11,3934785,-2.7494,40.6,29.28,-62.5,10,0.0,1
11,3935511,-1.3522,39.6,29.28,-62.0,10,0.0,1
11,3936237,-2.8395,40.6,29.28,-62.0,10,0.0,1
11,3936963,-2.8395,40.6,29.29,-62.0,10,0.0,1
11,3937689,-2.1409,40.6,29.29,-68.0,10,0.0,1
11,3938415,-1.9832,40.6,29.29,-68.0,10,0.0,1
11,3939141,-2.7043,39.6,29.28,-62.0,10,0.0,1
11,3939867,-1.8705,40.6,29.28,-62.5,10,0.0,1
11,3940593,-2.7494,40.6,29.29,-62.0,10,0.0,1
11,3941319,-2.5240,39.6,29.29,-62.5,10,0.0,1
11,3942045,-1.7127,39.6,29.29,-68.0,10,0.0,1
11,3942771,-2.9522,40.6,29.29,-62.5,10,0.0,1
11,3943497,-3.0424,39.6,29.29,-62.0,10,0.0,1
11,3944223,-2.0733,39.6,29.29,-62.5,10,0.0,1
11,3944949,-2.0733,40.6,29.28,-62.5,10,0.0,1
11,3945675,-3.1776,40.6,29.29,-62.5,10,0.0,1
11,3946401,-2.9072,39.6,29.29,-62.5,10,0.0,1
11,3947127,-3.2452,40.6,29.29,-68.0,10,0.0,1
11,3947853,-2.4790,39.6,29.29,-68.0,10,0.0,1
11,3948579,-2.9297,39.6,29.29,-62.5,10,0.0,1
11,3949305,-2.5691,39.6,29.29,-68.5,10,0.0,1
11,3950031,-1.8254,39.6,29.29,-62.5,10,0.0,1
11,3950757,-1.5325,39.6,29.29,-62.5,10,0.0,1
11,3951483,-2.3212,39.6,29.29,-62.0,10,0.0,1
11,3952209,-1.3747,39.6,29.29,-62.5,10,0.0,1
11,3952935,-1.3747,40.6,29.28,-62.5,10,0.0,1
11,3953661,-2.5691,40.6,29.29,-62.5,10,0.0,1
11,3954387,-3.2001,39.6,29.29,-62.5,10,0.0,1
11,3955113,-2.1860,39.6,29.29,-68.5,10,0.0,1
11,3955839,-1.3071,39.6,29.29,-62.5,10,0.0,1
11,3956565,-2.0733,39.6,29.29,-62.5,10,0.0,1
11,3957291,-3.2903,40.6,29.29,-62.5,10,0.0,1
11,3958017,-1.4648,40.6,29.29,-68.0,10,0.0,1
11,3958743,-2.9973,40.6,29.28,-62.5,10,0.0,1
11,3959469,-2.4114,40.6,29.29,-68.0,10,0.0,1
11,3960195,-1.7127,40.6,29.29,-62.5,10,0.0,1
11,3960921,-1.7127,40.6,29.29,-62.5,10,0.0,1
11,3961647,-3.0424,40.6,29.29,-62.5,10,0.0,1
11,3962373,-2.0508,39.6,29.30,-62.0,10,0.0,1
11,3963099,-2.2536,39.6,29.29,-62.5,10,0.0,1
11,3963825,-3.1776,40.6,29.30,-62.0,10,0.0,1
11,3964551,-2.3888,40.6,29.29,-62.5,10,0.0,1
11,3965277,-3.3579,40.6,29.29,-62.5,10,0.0,1
11,3966003,-1.9156,40.6,29.29,-62.5,10,0.0,1
11,3966729,-2.7494,39.6,29.29,-62.5,10,0.0,1
11,3967455,-3.0649,39.6,29.29,-62.5,10,0.0,1
11,3968181,-2.0282,40.6,29.30,-62.5,10,0.0,1
11,3968907,-2.9297,40.6,29.29,-62.5,10,0.0,1
11,3969633,-2.8395,39.6,29.30,-62.0,10,0.0,1
11,3970359,-1.1268,39.6,29.30,-62.5,10,0.0,1
11,3971085,-2.5240,40.6,29.30,-62.0,10,0.0,1
11,3971811,-3.0198,40.6,29.29,-62.5,10,0.0,1
11,3972537,-1.6677,40.6,29.30,-68.0,10,0.0,1
11,3973263,-2.4564,40.6,29.30,-62.5,10,0.0,1
11,3973989,-3.2001,40.6,29.29,-62.5,10,0.0,1
11,3974715,-3.4706,40.6,29.29,-62.5,10,0.0,1
11,3975441,-1.8254,40.6,29.29,-62.5,10,0.0,1
11,3976167,-1.8254,39.6,29.30,-62.0,10,0.0,1
11,3976893,-1.4423,40.6,29.30,-68.5,10,0.0,1
11,3977619,-2.7494,38.6,29.29,-62.5,10,0.0,1
11,3978345,-2.4114,39.6,29.30,-62.0,10,0.0,1
11,3979071,-1.7353,39.6,29.29,-62.0,10,0.0,1
11,3979797,-2.4339,39.6,29.30,-68.5,10,0.0,1
11,3980523,-2.1635,40.6,29.30,-62.5,10,0.0,1
11,3981249,-1.5325,40.6,29.30,-68.5,10,0.0,1
11,3981975,-2.0508,40.6,29.29,-62.0,10,0.0,1
11,3982701,-2.0508,39.6,29.29,-62.0,10,0.0,1
11,3983427,-1.8480,39.6,29.29,-62.0,10,0.0,1
11,3984153,-1.8254,39.6,29.29,-68.5,10,0.0,1
11,3984879,-2.3212,39.6,29.30,-62.5,10,0.0,1
11,3985605,-2.2311,40.6,29.29,-68.5,10,0.0,1
11,3986331,-2.5691,39.6,29.29,-62.5,10,0.0,1
11,3987057,-2.0057,38.6,29.30,-62.5,10,0.0,1
11,3987783,-3.1325,39.6,29.30,-68.5,10,0.0,1
11,3988509,-1.8480,40.6,29.29,-68.5,10,0.0,1
11,3989235,-1.5099,40.6,29.30,-68.0,10,0.0,1
11,3989961,-1.7803,40.6,29.30,-68.5,10,0.0,1
11,3990687,-1.7803,39.6,29.30,-68.5,10,0.0,1
11,3991413,-1.6677,40.6,29.30,-68.5,10,0.0,1
11,3992139,-2.0057,40.6,29.30,-62.5,10,0.0,1
11,3992865,-2.5015,40.6,29.30,-62.5,10,0.0,1
11,3993591,-3.1550,40.6,29.30,-68.5,10,0.0,1
11,3994317,-2.1635,40.6,29.30,-62.5,10,0.0,1
11,3995043,-3.1550,40.6,29.30,-68.5,10,0.0,1
11,3995769,-2.4564,40.6,29.30,-68.0,10,0.0,1
11,3996495,-1.9156,40.6,29.30,-68.5,10,0.0,1
11,3997221,-2.3663,39.6,29.30,-62.5,10,0.0,1
11,3997947,-1.2846,39.6,29.30,-62.5,10,0.0,1
11,3998673,-1.2846,39.6,29.30,-62.5,10,0.0,1
11,3999399,-2.3437,40.6,29.30,-62.5,10,0.0,1
11,4000125,-3.0874,40.6,29.30,-62.0,10,0.0,1
11,4000851,-2.1184,40.6,29.30,-62.0,10,0.0,1
11,4001577,-2.1860,40.6,29.30,-62.5,10,0.0,1
11,4002303,-2.7269,40.6,29.31,-62.5,10,0.0,1
11,4003029,-2.9072,40.6,29.30,-62.5,10,0.0,1
11,4003755,-2.7269,40.6,29.30,-62.5,10,0.0,1
11,4004481,-2.8395,40.6,29.30,-62.5,10,0.0,1
11,4005207,-2.1860,39.6,29.30,-62.5,10,0.0,1
11,4005933,-2.1860,40.6,29.30,-62.5,10,0.0,1
11,4006659,-2.1860,39.6,29.30,-62.5,10,0.0,1
11,4007385,-2.0508,39.6,29.30,-62.5,10,0.0,1
11,4008111,-2.0282,39.6,29.30,-68.5,10,0.0,1
11,4008837,-1.2846,39.6,29.30,-62.5,10,0.0,1
11,4009563,-2.9522,39.6,29.30,-68.5,10,0.0,1
11,4010289,-2.9522,39.6,29.30,-62.5,10,0.0,1
11,4011015,-2.2987,39.6,29.30,-62.5,10,0.0,1
11,4011741,-2.2761,39.6,29.30,-62.5,10,0.0,1
11,4012467,-1.6677,39.6,29.30,-67.5,10,0.0,1
11,4013193,-2.5015,39.6,29.30,-68.0,10,0.0,1
11,4013919,-2.1860,40.6,29.30,-68.5,10,0.0,1
11,4014645,-2.1860,40.6,29.30,-68.5,10,0.0,1
11,4015371,-2.4790,39.6,29.30,-62.5,10,0.0,1
11,4016097,-2.3212,39.6,29.30,-62.0,10,0.0,1
11,4016823,-1.9381,38.6,29.30,-62.5,10,0.0,1
11,4017549,-2.2761,39.6,29.30,-68.5,10,0.0,1
11,4018275,-2.1635,39.6,29.30,-68.5,10,0.0,1
11,4019001,-3.1550,39.6,29.30,-62.5,10,0.0,1
11,4019727,-2.3888,39.6,29.29,-62.5,10,0.0,1
11,4020453,-3.2227,39.6,29.30,-62.5,10,0.0,1
11,4021179,-3.1325,40.6,29.30,-62.5,10,0.0,1
11,4021905,-2.3888,40.6,29.30,-68.5,10,0.0,1
11,4022631,-2.9748,39.6,29.30,-62.0,10,0.0,1
11,4023357,-1.2620,39.6,29.29,-62.5,10,0.0,1
11,4024083,-3.0198,39.6,29.30,-68.5,10,0.0,1
11,4024809,-1.9156,39.6,29.30,-62.5,10,0.0,1
11,4025535,-3.2227,39.6,29.30,-62.5,10,0.0,1
11,4026261,-2.3663,40.6,29.30,-62.5,10,0.0,1
11,4026987,-3.2001,40.6,29.30,-68.5,10,0.0,1
11,4027713,-2.2311,39.6,29.30,-62.5,10,0.0,1
11,4028439,-2.8846,40.6,29.30,-62.5,10,0.0,1
11,4029165,-1.8930,40.6,29.30,-68.5,10,0.0,1
11,4029891,-1.6451,40.6,29.30,-62.5,10,0.0,1
11,4030617,-2.9297,39.6,29.29,-62.0,10,0.0,1
11,4031343,-2.6593,39.6,29.30,-62.5,10,0.0,1
11,4032069,-2.3663,39.6,29.30,-62.5,10,0.0,1
11,4032795,-2.7494,39.6,29.30,-62.0,10,0.0,1
11,4033521,-2.7945,40.6,29.30,-68.5,10,0.0,1
11,4034247,-3.1100,40.6,29.30,-62.5,10,0.0,1
11,4034973,-1.8254,40.6,29.30,-62.5,10,0.0,1
11,4035699,-1.9381,39.6,29.30,-68.0,10,0.0,1
11,4036425,-1.9381,39.6,29.30,-68.0,10,0.0,1
11,4037151,-1.8029,40.6,29.30,-68.0,10,0.0,1
11,4037877,-2.1409,40.6,29.30,-68.0,10,0.0,1
11,4038603,-3.1325,40.6,29.29,-68.5,10,0.0,1
11,4039329,-2.6142,39.6,29.30,-62.5,10,0.0,1
11,4040055,-2.6142,40.6,29.30,-62.5,10,0.0,1
11,4040781,-2.5015,40.6,29.30,-62.5,10,0.0,1
11,4041507,-2.2987,40.6,29.30,-62.0,10,0.0,1
11,4042233,-2.4564,39.6,29.29,-62.5,10,0.0,1
11,4042959,-2.5916,39.6,29.30,-62.5,10,0.0,1
11,4043685,-2.0282,39.6,29.30,-62.5,10,0.0,1
11,4044411,-2.0282,39.6,29.30,-62.5,10,0.0,1
11,4045137,-1.6677,39.6,29.30,-62.0,10,0.0,1
11,4045863,-1.7353,39.6,29.30,-62.5,10,0.0,1
11,4046589,-1.5550,39.6,29.30,-68.0,10,0.0,1
11,4047315,-2.5916,39.6,29.30,-62.5,10,0.0,1
11,4048041,-2.9748,40.6,29.30,-62.5,10,0.0,1
11,4048767,-1.4874,40.6,29.30,-62.5,10,0.0,1
11,4049493,-3.1776,40.6,29.30,-68.5,10,0.0,1
11,4050219,-2.5240,39.6,29.31,-68.0,10,0.0,1
11,4050945,-3.1550,38.6,29.30,-62.5,10,0.0,1
11,4051671,-3.3353,39.6,29.30,-68.5,10,0.0,1
11,4052397,-3.3353,39.6,29.30,-68.5,10,0.0,1
11,4053123,-3.1325,39.6,29.30,-68.5,10,0.0,1
11,4053849,-3.2677,39.6,29.30,-62.5,10,0.0,1
11,4054575,-2.4564,40.6,29.30,-68.0,10,0.0,1
11,4055301,-2.2311,40.6,29.30,-68.0,10,0.0,1
11,4056027,-2.4790,40.6,29.30,-68.0,10,0.0,1
11,4056753,-2.6593,40.6,29.30,-68.5,10,0.0,1
11,4057479,-2.2536,40.6,29.30,-68.5,10,0.0,1
11,4058205,-2.5916,40.6,29.30,-62.5,10,0.0,1
11,4058931,-2.4790,40.6,29.30,-68.5,10,0.0,1
11,4059657,-2.5466,40.6,29.30,-62.5,10,0.0,1
11,4060383,-2.5466,40.6,29.30,-62.5,10,0.0,1
11,4061109,-1.3296,40.6,29.30,-62.5,10,0.0,1
11,4061835,-2.3888,40.6,29.30,-68.5,10,0.0,1
11,4062561,-2.2085,40.6,29.30,-62.5,10,0.0,1
11,4063287,-2.9072,39.6,29.30,-62.5,10,0.0,1
11,4064013,-1.3522,39.6,29.30,-68.0,10,0.0,1
11,4064739,-2.2085,40.6,29.30,-62.5,10,0.0,1
11,4065465,-3.1776,40.6,29.30,-62.5,10,0.0,1
11,4066191,-3.0198,39.6,29.30,-62.5,10,0.0,1
11,4066917,-2.1635,39.6,29.30,-62.0,10,0.0,1
11,4067643,-2.3663,39.6,29.30,-62.5,10,0.0,1
11,4068369,-2.3663,39.6,29.30,-62.5,10,0.0,1
11,4069095,-2.8621,39.6,29.30,-62.5,10,0.0,1
11,4069821,-2.1635,39.6,29.30,-62.0,10,0.0,1
11,4070547,-2.8170,40.6,29.30,-62.5,10,0.0,1
11,4071273,-2.5015,40.6,29.30,-62.5,10,0.0,1
11,4071999,-2.3888,40.6,29.30,-62.0,10,0.0,1
11,4072725,-3.0874,40.6,29.30,-62.5,10,0.0,1
11,4073451,-2.8621,40.6,29.31,-62.5,10,0.0,1
11,4074177,-2.6367,40.6,29.30,-62.5,10,0.0,1
11,4074903,-2.4790,40.6,29.31,-62.5,10,0.0,1
11,4075629,-2.2311,39.6,29.31,-62.5,10,0.0,1
11,4076355,-2.2311,40.6,29.31,-62.5,10,0.0,1
11,4077081,-1.8029,40.6,29.31,-62.5,10,0.0,1
11,4077807,-2.2085,40.6,29.31,-68.5,10,0.0,1
11,4078533,-1.5550,40.6,29.31,-68.0,10,0.0,1
11,4079259,-2.3212,39.6,29.31,-62.5,10,0.0,1
11,4079985,-3.2227,39.6,29.31,-62.5,10,0.0,1
11,4080711,-2.5015,40.6,29.31,-62.5,10,0.0,1
11,4081437,-2.9973,39.6,29.31,-62.5,10,0.0,1
11,4082163,-3.1325,39.6,29.30,-68.5,10,0.0,1
11,4082889,-2.1184,40.6,29.31,-62.5,10,0.0,1
11,4083615,-1.7353,40.6,29.31,-68.0,10,0.0,1
11,4084341,-3.0874,39.6,29.31,-68.5,10,0.0,1
11,4085067,-2.4790,38.6,29.30,-62.0,10,0.0,1
11,4085793,-1.6902,38.6,29.30,-62.5,10,0.0,1
11,4086519,-1.9156,39.6,29.31,-62.5,10,0.0,1
11,4087245,-2.7043,39.6,29.31,-62.5,10,0.0,1
11,4087971,-2.2536,39.6,29.30,-68.5,10,0.0,1
11,4088697,-1.1493,40.6,29.31,-62.5,10,0.0,1
11,4089423,-2.2085,39.6,29.30,-62.5,10,0.0,1
11,4090149,-28.2828,39.6,29.31,-68.5,10,0.0,0
11,4090875,-3.1325,40.6,29.31,-62.5,10,0.0,1
11,4091601,-2.0959,39.6,29.31,-62.5,10,0.0,1
11,4092327,-2.0057,40.6,29.31,-62.5,10,0.0,1
11,4093053,-3.4029,40.6,29.31,-62.0,10,0.0,1
11,4093779,-2.9973,40.6,29.31,-62.5,10,0.0,1
11,4094505,-1.3972,39.6,29.30,-62.5,10,0.0,1
11,4095231,-1.2169,39.6,29.31,-62.5,10,0.0,1
11,4095957,-1.4423,39.6,29.31,-62.5,10,0.0,1
11,4096683,-2.6593,39.6,29.31,-62.5,10,0.0,1
11,4097409,-3.1550,40.6,29.31,-62.0,10,0.0,1
11,4098135,-3.1550,40.6,29.31,-62.0,10,0.0,1
11,4098861,-2.7494,39.6,29.31,-62.0,10,0.0,1
11,4099587,-1.8480,39.6,29.31,-62.0,10,0.0,1
11,4100313,-2.1860,39.6,29.31,-62.5,10,0.0,1
11,4101039,-1.6677,40.6,29.31,-62.0,10,0.0,1
11,4101765,-2.5240,40.6,29.31,-62.5,10,0.0,1
11,4102491,-1.8029,40.6,29.31,-62.5,10,0.0,1
11,4103217,-2.0733,40.6,29.31,-68.5,10,0.0,1
11,4103943,-3.0424,39.6,29.31,-62.0,10,0.0,1
11,4104669,-2.4790,38.6,29.31,-62.5,10,0.0,1
11,4105395,-2.2311,39.6,29.30,-68.0,10,0.0,1
11,4106121,-2.2311,39.6,29.31,-68.0,10,0.0,1
11,4106847,-2.5466,39.6,29.31,-62.5,10,0.0,1
11,4107573,-1.9381,39.6,29.31,-68.5,10,0.0,1
11,4108299,-2.4114,38.6,29.31,-62.5,10,0.0,1
11,4109025,-2.9522,38.6,29.31,-68.5,10,0.0,1
11,4109751,-2.0057,38.6,29.31,-68.5,10,0.0,1
11,4110477,-2.1635,39.6,29.31,-68.0,10,0.0,1
11,4111203,-3.1776,39.6,29.31,-62.5,10,0.0,1
11,4111929,-1.7578,39.6,29.31,-62.5,10,0.0,1
11,4112655,-1.7803,39.6,29.31,-62.5,10,0.0,1
11,4113381,-1.9606,39.6,29.30,-62.0,10,0.0,1
11,4114107,-1.9606,39.6,29.31,-62.0,10,0.0,1
11,4114833,-2.5015,40.6,29.30,-62.0,10,0.0,1
11,4115559,-2.8846,40.6,29.31,-62.0,10,0.0,1
11,4116285,-3.1325,39.6,29.31,-62.5,10,0.0,1
11,4117011,-1.9606,39.6,29.31,-68.0,10,0.0,1
11,4117737,-2.4564,40.6,29.31,-62.5,10,0.0,1
11,4118463,-2.9748,40.6,29.31,-68.0,10,0.0,1
11,4119189,-2.5916,40.6,29.31,-62.5,10,0.0,1
11,4119915,-1.6001,40.6,29.31,-68.5,10,0.0,1
11,4120641,-1.2620,40.6,29.31,-62.5,10,0.0,1
11,4121367,-1.6226,40.6,29.31,-68.5,10,0.0,1
11,4122093,-1.6226,40.6,29.31,-68.5,10,0.0,1
11,4122819,-2.0282,39.6,29.31,-62.0,10,0.0,1
12,4123545,-3.1100,39.6,29.31,-62.5,10,0.0,1
12,4124271,-2.1635,39.6,29.31,-68.5,10,0.0,1
12,4124997,-3.2227,39.6,29.31,-62.5,10,0.0,1
12,4125723,-2.4790,40.6,29.31,-68.0,10,0.0,1
12,4126449,-2.4114,39.6,29.31,-62.5,10,0.0,1
12,4127175,-2.0508,39.6,29.31,-62.5,10,0.0,1
12,4127901,-2.6367,39.6,29.31,-62.5,10,0.0,1
12,4128627,-2.3888,39.6,29.31,-68.5,10,0.0,1
12,4129353,-2.0282,39.6,29.31,-68.0,10,0.0,1
12,4130079,-2.0282,40.6,29.31,-68.0,10,0.0,1
12,4130805,-2.9522,40.6,29.31,-68.0,10,0.0,1
12,4131531,-2.4114,40.6,29.31,-62.5,10,0.0,1
12,4132257,-2.1635,40.6,29.31,-62.0,10,0.0,1
12,4132983,-1.9381,40.6,29.31,-62.5,10,0.0,1
12,4133709,-3.1550,40.6,29.31,-62.5,10,0.0,1
12,4134435,-2.3437,40.6,29.31,-68.0,10,0.0,1
12,4135161,-2.0282,39.6,29.31,-68.5,10,0.0,1
12,4135887,-1.9606,39.6,29.31,-62.5,10,0.0,1
12,4136613,-2.9973,40.6,29.31,-62.0,10,0.0,1
12,4137339,-1.9156,40.6,29.31,-68.0,10,0.0,1
12,4138065,-2.9522,40.6,29.31,-62.5,10,0.0,1
12,4138791,-2.4790,40.6,29.31,-62.5,10,0.0,1
12,4139517,-2.4339,40.6,29.31,-62.5,10,0.0,1
12,4140243,-2.4114,40.6,29.31,-62.5,10,0.0,1
12,4140969,-2.0508,39.6,29.31,-68.0,10,0.0,1
12,4141695,-1.8705,40.6,29.31,-62.0,10,0.0,1
12,4142421,-2.5015,40.6,29.31,-62.5,10,0.0,1
12,4143147,-2.8170,39.6,29.31,-62.5,10,0.0,1
12,4143873,-5.2960,39.6,29.31,-62.5,10,0.0,0
12,4144599,-2.2085,39.6,29.30,-62.0,10,0.0,1
12,4145325,-2.2311,39.6,29.31,-62.0,10,0.0,1
12,4146051,-2.7945,40.6,29.31,-62.5,10,0.0,1
12,4146777,-3.0874,40.6,29.31,-62.5,10,0.0,1
12,4147503,-2.3212,40.6,29.30,-62.5,10,0.0,1
12,4148229,-2.3437,40.6,29.31,-62.0,10,0.0,1
12,4148955,-2.3888,39.6,29.31,-62.5,10,0.0,1
12,4149681,-1.5325,39.6,29.31,-68.0,10,0.0,1
12,4150407,-2.4790,39.6,29.31,-68.5,10,0.0,1
12,4151133,-2.8395,39.6,29.31,-62.5,10,0.0,1
12,4151859,-2.8395,38.6,29.31,-62.5,10,0.0,1
12,4152585,-3.2903,39.6,29.31,-62.5,10,0.0,1
12,4153311,-2.3212,39.6,29.31,-62.5,10,0.0,1
12,4154037,-1.9156,39.6,29.31,-68.0,10,0.0,1
12,4154763,-2.4564,40.6,29.31,-62.0,10,0.0,1
12,4155489,-2.6142,39.6,29.31,-62.5,10,0.0,1
12,4156215,-1.6226,40.6,29.31,-68.5,10,0.0,1
12,4156941,-3.4480,39.6,29.31,-68.0,10,0.0,1
12,4157667,-2.9297,39.6,29.31,-68.5,10,0.0,1
12,4158393,-2.4339,39.6,29.31,-62.0,10,0.0,1
12,4159119,-2.4790,39.6,29.31,-62.5,10,0.0,1
12,4159845,-2.4790,40.6,29.31,-62.5,10,0.0,1
12,4160571,-1.4423,39.6,29.31,-62.5,10,0.0,1
12,4161297,-2.2311,40.6,29.31,-62.5,10,0.0,1
12,4162023,-2.1635,40.6,29.30,-68.0,10,0.0,1
12,4162749,-2.4114,39.6,29.31,-68.5,10,0.0,1
12,4163475,-3.0649,40.6,29.31,-68.0,10,0.0,1
12,4164201,-2.1184,40.6,29.31,-68.0,10,0.0,1
12,4164927,-2.0282,40.6,29.31,-62.5,10,0.0,1
12,4165653,-1.4423,40.6,29.31,-62.5,10,0.0,1
12,4166379,-1.7578,40.6,29.31,-62.5,10,0.0,1
12,4167105,-2.1860,40.6,29.31,-62.5,10,0.0,1
12,4167831,-2.1860,40.6,29.31,-62.5,10,0.0,1
12,4168557,-1.9606,39.6,29.31,-68.5,10,0.0,1
12,4169283,-2.9748,39.6,29.31,-68.5,10,0.0,1
12,4170009,-2.2987,39.6,29.31,-62.5,10,0.0,1
12,4170735,-2.5916,39.6,29.31,-62.5,10,0.0,1
12,4171461,-2.2987,39.6,29.31,-68.5,10,0.0,1
12,4172187,-2.5916,40.6,29.31,-62.5,10,0.0,1
12,4172913,-2.0508,40.6,29.31,-62.5,10,0.0,1
12,4173639,-3.0874,40.6,29.31,-62.5,10,0.0,1
12,4174365,-2.7945,39.6,29.31,-62.5,10,0.0,1
12,4175091,-2.7719,38.6,29.31,-62.5,10,0.0,1
12,4175817,-2.7719,39.6,29.32,-62.5,10,0.0,1
12,4176543,-2.9297,39.6,29.32,-62.0,10,0.0,1
12,4177269,-2.2761,39.6,29.32,-62.5,10,0.0,1
12,4177995,-2.5466,40.6,29.32,-68.0,10,0.0,1
12,4178721,-2.6367,39.6,29.32,-68.0,10,0.0,1
12,4179447,-2.1860,39.6,29.31,-62.5,10,0.0,1
12,4180173,-1.4198,39.6,29.31,-68.0,10,0.0,1
12,4180899,-2.0057,38.6,29.32,-68.0,10,0.0,1
12,4181625,-2.1409,39.6,29.31,-68.0,10,0.0,1
12,4182351,-2.2311,40.6,29.32,-62.5,10,0.0,1
12,4183077,-3.1550,39.6,29.31,-62.5,10,0.0,1
12,4183803,-3.1550,39.6,29.32,-62.5,10,0.0,1
12,4184529,-2.2987,39.6,29.31,-62.0,10,0.0,1
12,4185255,-1.5099,39.6,29.31,-68.0,10,0.0,1
12,4185981,-2.2761,40.6,29.32,-68.0,10,0.0,1
12,4186707,-1.3972,40.6,29.32,-62.5,10,0.0,1
12,4187433,-3.2227,39.6,29.31,-62.5,10,0.0,1
12,4188159,-2.2761,39.6,29.32,-62.5,10,0.0,1
12,4188885,-2.8846,40.6,29.32,-68.5,10,0.0,1
12,4189611,-3.0874,39.6,29.31,-62.5,10,0.0,1
12,4190337,-1.9606,39.6,29.32,-62.5,10,0.0,1
12,4191063,-2.2085,39.6,29.32,-62.5,10,0.0,1
12,4191789,-2.1860,39.6,29.32,-62.5,10,0.0,1
12,4192515,-1.5325,39.6,29.31,-62.5,10,0.0,1
12,4193241,-2.8395,39.6,29.32,-62.5,10,0.0,1
12,4193967,-2.2536,39.6,29.31,-62.5,10,0.0,1
12,4194693,-2.1635,40.6,29.31,-68.0,10,0.0,1
12,4195419,-3.0424,39.6,29.31,-62.5,10,0.0,1
12,4196145,-2.9072,40.6,29.31,-62.5,10,0.0,1
12,4196871,-2.2987,39.6,29.31,-62.5,10,0.0,1
12,4197597,-3.8311,39.6,29.31,-68.5,10,0.0,1
12,4198323,-2.2761,39.6,29.32,-62.0,10,0.0,1
12,4199049,-2.4339,40.6,29.31,-62.5,10,0.0,1
12,4199775,-2.1409,40.6,29.31,-62.0,10,0.0,1
12,4200501,-2.2761,40.6,29.32,-62.0,10,0.0,1
12,4201227,-3.0874,40.6,29.32,-62.5,10,0.0,1
12,4201953,-3.1100,40.6,29.31,-62.5,10,0.0,1
12,4202679,-2.5916,40.6,29.31,-62.5,10,0.0,1
12,4203405,-2.7719,40.6,29.32,-68.0,10,0.0,1
12,4204131,-1.4874,40.6,29.31,-62.5,10,0.0,1
12,4204857,-2.1635,39.6,29.31,-62.5,10,0.0,1
12,4205583,-2.1635,39.6,29.31,-62.5,10,0.0,1
12,4206309,-2.2311,39.6,29.31,-62.5,10,0.0,1
12,4207035,-1.9381,39.6,29.31,-68.5,10,0.0,1
12,4207761,-2.3437,39.6,29.31,-68.5,10,0.0,1
12,4208487,-2.3663,40.6,29.31,-62.5,10,0.0,1
12,4209213,-2.1184,40.6,29.31,-62.5,10,0.0,1
12,4209939,-1.9156,40.6,29.31,-62.5,10,0.0,1
12,4210665,-1.8480,40.6,29.31,-62.5,10,0.0,1
12,4211391,-2.4790,39.6,29.32,-62.5,10,0.0,1
12,4212117,-2.7719,40.6,29.31,-68.5,10,0.0,1
12,4212843,-2.8395,40.6,29.31,-62.0,10,0.0,1
12,4213569,-2.8395,40.6,29.31,-62.0,10,0.0,1
12,4214295,-2.2085,40.6,29.31,-68.5,10,0.0,1
12,4215021,-3.2227,40.6,29.32,-62.0,10,0.0,1
12,4215747,-3.3353,40.6,29.31,-68.5,10,0.0,1
12,4216473,-2.9297,39.6,29.31,-62.0,10,0.0,1
12,4217199,-1.5550,39.6,29.31,-62.5,10,0.0,1
12,4217925,-1.8480,39.6,29.31,-68.0,10,0.0,1
12,4218651,-1.4423,39.6,29.32,-62.0,10,0.0,1
12,4219377,-3.0649,39.6,29.32,-62.5,10,0.0,1
12,4220103,-1.3747,40.6,29.31,-62.5,10,0.0,1
12,4220829,-2.7043,40.6,29.32,-62.0,10,0.0,1
12,4221555,-2.7043,39.6,29.32,-62.0,10,0.0,1
12,4222281,-1.7353,40.6,29.31,-62.5,10,0.0,1
12,4223007,-2.9072,40.6,29.32,-62.5,10,0.0,1
12,4223733,-1.9606,40.6,29.31,-68.0,10,0.0,1
12,4224459,-3.0874,40.6,29.32,-62.5,10,0.0,1
12,4225185,-2.1635,40.6,29.32,-62.5,10,0.0,1
12,4225911,-2.8170,40.6,29.32,-62.5,10,0.0,1
12,4226637,-3.0424,40.6,29.31,-62.5,10,0.0,1
12,4227363,-2.0959,39.6,29.32,-62.0,10,0.0,1
12,4228089,-1.8705,39.6,29.32,-62.0,10,0.0,1
12,4228815,-2.9973,39.6,29.32,-62.0,10,0.0,1
12,4229541,-2.9973,39.6,29.32,-62.0,10,0.0,1
12,4230267,-1.9606,39.6,29.32,-62.5,10,0.0,1
12,4230993,-1.3296,40.6,29.32,-68.0,10,0.0,1
12,4231719,-2.8170,39.6,29.32,-62.5,10,0.0,1
12,4232445,-1.8480,39.6,29.32,-62.5,10,0.0,1
12,4233171,-3.1100,39.6,29.32,-62.0,10,0.0,1
12,4233897,-2.2536,39.6,29.32,-62.5,10,0.0,1
12,4234623,-2.3437,40.6,29.32,-62.5,10,0.0,1
12,4235349,-1.7803,40.6,29.31,-68.5,10,0.0,1
12,4236075,-2.4564,40.6,29.32,-68.0,10,0.0,1
12,4236801,-2.2761,40.6,29.32,-62.5,10,0.0,1
12,4237527,-2.2761,39.6,29.32,-62.5,10,0.0,1
12,4238253,-2.1635,39.6,29.32,-62.0,10,0.0,1
12,4238979,-2.2311,39.6,29.32,-62.5,10,0.0,1
12,4239705,-2.7719,40.6,29.32,-62.0,10,0.0,1
12,4240431,-1.4198,39.6,29.32,-62.5,10,0.0,1
12,4241157,-2.5916,40.6,29.32,-68.0,10,0.0,1
12,4241883,-2.1635,40.6,29.31,-62.5,10,0.0,1
12,4242609,-2.3663,39.6,29.32,-68.5,10,0.0,1
12,4243335,-2.3663,38.6,29.32,-68.0,10,0.0,1
12,4244061,-3.0874,38.6,29.32,-62.5,10,0.0,1
12,4244787,-2.5240,39.6,29.32,-62.5,10,0.0,1
12,4245513,-2.5240,39.6,29.32,-62.5,10,0.0,1
12,4246239,-0.9014,39.6,29.32,-62.5,10,0.0,1
12,4246965,-2.8621,39.6,29.31,-62.5,10,0.0,1
12,4247691,-1.6902,40.6,29.32,-62.0,10,0.0,1
12,4248417,-3.1325,39.6,29.32,-62.5,10,0.0,1
12,4249143,-1.6001,39.6,29.32,-62.5,10,0.0,1
12,4249869,-2.4790,39.6,29.33,-68.5,10,0.0,1
12,4250595,-2.1860,39.6,29.32,-62.0,10,0.0,1
12,4251321,-2.7494,39.6,29.32,-62.5,10,0.0,1
12,4252047,-2.1409,39.6,29.32,-62.5,10,0.0,1
12,4252773,-1.8930,39.6,29.32,-62.0,10,0.0,1
12,4253499,-2.2311,40.6,29.32,-62.0,10,0.0,1
12,4254225,-3.1550,40.6,29.32,-62.5,10,0.0,1
12,4254951,-2.2761,39.6,29.32,-68.0,10,0.0,1
12,4255677,-2.3437,39.6,29.32,-62.5,10,0.0,1
12,4256403,-1.7803,39.6,29.32,-68.0,10,0.0,1
12,4257129,-2.7494,39.6,29.32,-62.5,10,0.0,1
12,4257855,-2.1635,39.6,29.32,-68.5,10,0.0,1
12,4258581,-1.7127,40.6,29.32,-62.5,10,0.0,1
12,4259307,-1.7127,40.6,29.32,-62.5,10,0.0,1
12,4260033,-3.2903,40.6,29.32,-68.0,10,0.0,1
12,4260759,-2.1184,40.6,29.32,-62.5,10,0.0,1
12,4261485,-3.2452,40.6,29.32,-68.5,10,0.0,1
12,4262211,-3.1325,40.6,29.32,-68.5,10,0.0,1
12,4262937,-2.1184,40.6,29.32,-62.5,10,0.0,1
12,4263663,-1.8705,40.6,29.32,-68.5,10,0.0,1
12,4264389,-1.5099,40.6,29.32,-68.0,10,0.0,1
12,4265115,-2.9973,40.6,29.32,-68.5,10,0.0,1
12,4265841,-2.7269,40.6,29.32,-62.0,10,0.0,1
12,4266567,-2.4339,40.6,29.32,-62.5,10,0.0,1
12,4267293,-2.4339,40.6,29.33,-62.5,10,0.0,1
12,4268019,-2.9297,39.6,29.32,-62.5,10,0.0,1
12,4268745,-2.6593,39.6,29.32,-68.0,10,0.0,1
12,4269471,-2.0508,38.6,29.32,-62.5,10,0.0,1
12,4270197,-1.7353,39.6,29.32,-68.5,10,0.0,1
12,4270923,-2.6593,38.6,29.32,-60.0,10,0.0,1
12,4271649,-2.7043,39.6,29.32,-68.5,10,0.0,1
12,4272375,-2.7494,39.6,29.32,-62.5,10,0.0,1
12,4273101,-2.5015,39.6,29.32,-68.5,10,0.0,1
12,4273827,-3.0874,39.6,29.32,-68.5,10,0.0,1
12,4274553,-2.1635,38.6,29.32,-62.5,10,0.0,1
12,4275279,-2.1635,39.6,29.32,-62.5,10,0.0,1
12,4276005,-3.2227,39.6,29.32,-62.5,10,0.0,1
12,4276731,-3.3804,39.6,29.33,-62.5,10,0.0,1
12,4277457,-2.1860,40.6,29.32,-62.5,10,0.0,1
12,4278183,-2.0959,40.6,29.32,-62.0,10,0.0,1
12,4278909,-2.4790,40.6,29.32,-62.5,10,0.0,1
12,4279635,-3.2903,40.6,29.32,-68.5,10,0.0,1
12,4280361,-1.5099,39.6,29.32,-62.5,10,0.0,1
12,4281087,-1.7803,39.6,29.33,-62.5,10,0.0,1
12,4281813,-2.9522,39.6,29.33,-68.5,10,0.0,1
12,4282539,-2.8846,40.6,29.32,-62.5,10,0.0,1
12,4283265,-2.8846,40.6,29.32,-62.5,10,0.0,1
12,4283991,-2.1635,39.6,29.33,-62.5,10,0.0,1
12,4284717,-2.6818,39.6,29.32,-62.5,10,0.0,1
12,4285443,-3.2452,38.6,29.32,-62.0,10,0.0,1
12,4286169,-2.9297,39.6,29.32,-62.5,10,0.0,1
12,4286895,-1.5099,39.6,29.32,-68.5,10,0.0,1
12,4287621,-1.3071,40.6,29.33,-62.5,10,0.0,1
12,4288347,-1.9832,40.6,29.33,-62.5,10,0.0,1
12,4289073,-2.1409,39.6,29.32,-62.0,10,0.0,1
12,4289799,-3.0424,40.6,29.32,-62.5,10,0.0,1
12,4290525,-3.2001,39.6,29.32,-62.5,10,0.0,1
12,4291251,-3.2001,40.6,29.32,-62.5,10,0.0,1
12,4291977,-2.8621,40.6,29.32,-62.5,10,0.0,1
12,4292703,-2.7494,40.6,29.32,-68.0,10,0.0,1
12,4293429,-2.3437,39.6,29.32,-68.0,10,0.0,1
12,4294155,-3.3804,39.6,29.33,-68.5,10,0.0,1
12,4294881,-2.7043,39.6,29.33,-62.0,10,0.0,1
12,4295607,-2.2536,39.6,29.32,-62.5,10,0.0,1
12,4296333,-2.1184,39.6,29.33,-68.0,10,0.0,1
12,4297059,-1.6451,39.6,29.32,-62.0,10,0.0,1
12,4297785,-2.1635,39.6,29.33,-62.5,10,0.0,1
12,4298511,-1.3296,39.6,29.33,-62.5,10,0.0,1
12,4299237,-1.8254,39.6,29.32,-68.5,10,0.0,1
12,4299963,-2.3212,39.6,29.33,-62.5,10,0.0,1
12,4300689,-2.6142,39.6,29.33,-68.5,10,0.0,1
12,4301415,-3.1550,39.6,29.33,-62.5,10,0.0,1
12,4302141,-2.0508,39.6,29.33,-68.0,10,0.0,1
12,4302867,-3.0874,40.6,29.32,-62.5,10,0.0,1
12,4303593,-2.3437,39.6,29.32,-62.5,10,0.0,1
12,4304319,-2.5916,40.6,29.33,-68.0,10,0.0,1
12,4305045,-3.6058,39.6,29.32,-62.5,10,0.0,1
12,4305771,-3.0874,40.6,29.32,-62.5,10,0.0,1
12,4306497,-2.2311,40.6,29.33,-62.5,10,0.0,1
12,4307223,-2.8170,40.6,29.33,-68.5,10,0.0,1
12,4307949,-1.8029,39.6,29.33,-68.5,10,0.0,1
12,4308675,-2.0282,39.6,29.33,-62.5,10,0.0,1
12,4309401,-2.8621,40.6,29.33,-68.5,10,0.0,1
12,4310127,-2.9072,39.6,29.33,-62.5,10,0.0,1
12,4310853,-3.0874,40.6,29.33,-62.0,10,0.0,1
12,4311579,-2.9522,40.6,29.33,-68.5,10,0.0,1
12,4312305,-2.8170,40.6,29.33,-62.5,10,0.0,1
12,4313031,-2.8170,39.6,29.33,-62.5,10,0.0,1
12,4313757,-2.3888,40.6,29.33,-68.5,10,0.0,1
12,4314483,-2.5466,40.6,29.33,-62.0,10,0.0,1
12,4315209,-1.5099,40.6,29.33,-62.5,10,0.0,1
12,4315935,-2.5466,39.6,29.33,-62.5,10,0.0,1
12,4316661,-2.4114,39.6,29.33,-62.5,10,0.0,1
12,4317387,-2.2311,39.6,29.33,-62.5,10,0.0,1
12,4318113,-2.1184,39.6,29.33,-68.5,10,0.0,1
12,4318839,-2.5015,39.6,29.33,-68.5,10,0.0,1
12,4319565,-2.4790,40.6,29.33,-68.0,10,0.0,1
12,4320291,-3.1550,40.6,29.33,-68.5,10,0.0,1
12,4321017,-3.1550,40.6,29.33,-68.5,10,0.0,1
12,4321743,-1.4648,39.6,29.33,-62.5,10,0.0,1
12,4322469,-2.5015,39.6,29.33,-68.0,10,0.0,1
12,4323195,-1.4198,39.6,29.33,-62.5,10,0.0,1
12,4323921,-2.2311,39.6,29.33,-68.5,10,0.0,1
12,4324647,-3.2227,40.6,29.33,-62.5,10,0.0,1
12,4325373,-2.2311,39.6,29.33,-68.0,10,0.0,1
12,4326099,-2.4114,39.6,29.33,-62.5,10,0.0,1
12,4326825,-2.8395,39.6,29.33,-62.5,10,0.0,1
12,4327551,-1.7353,40.6,29.33,-62.5,10,0.0,1
12,4328277,-2.2761,39.6,29.33,-62.5,10,0.0,1
12,4329003,-2.2761,39.6,29.33,-62.5,10,0.0,1
12,4329729,-2.8170,39.6,29.33,-62.5,10,0.0,1
12,4330455,-1.7353,39.6,29.33,-68.0,10,0.0,1
12,4331181,-3.2903,39.6,29.33,-62.5,10,0.0,1
12,4331907,-2.1409,39.6,29.33,-62.5,10,0.0,1
12,4332633,-2.4114,39.6,29.33,-62.5,10,0.0,1
12,4333359,-2.8846,39.6,29.33,-62.5,10,0.0,1
12,4334085,-2.5015,39.6,29.33,-62.5,10,0.0,1
12,4334811,-2.0282,40.6,29.33,-62.5,10,0.0,1
12,4335537,-2.8621,40.6,29.33,-62.5,10,0.0,1
12,4336263,-2.6367,40.6,29.33,-62.0,10,0.0,1
12,4336989,-2.6367,39.6,29.33,-62.0,10,0.0,1
12,4337715,-1.8930,40.6,29.33,-62.5,10,0.0,1
12,4338441,-2.3663,40.6,29.33,-62.5,10,0.0,1
12,4339167,-2.3437,39.6,29.34,-68.5,10,0.0,1
12,4339893,-3.4255,39.6,29.33,-62.0,10,0.0,1
12,4340619,-2.8846,39.6,29.33,-68.5,10,0.0,1
12,4341345,-2.3888,40.6,29.33,-62.0,10,0.0,1
12,4342071,-1.4874,40.6,29.33,-62.5,10,0.0,1
12,4342797,-1.8029,40.6,29.34,-68.0,10,0.0,1
12,4343523,-2.7043,39.6,29.33,-62.5,10,0.0,1
12,4344249,-3.0874,39.6,29.33,-62.5,10,0.0,1
12,4344975,-3.0874,40.6,29.33,-62.5,10,0.0,1
12,4345701,-3.1325,40.6,29.33,-62.5,10,0.0,1
12,4346427,-1.8029,40.6,29.33,-62.5,10,0.0,1
12,4347153,-2.6593,40.6,29.33,-62.5,10,0.0,1
12,4347879,-2.9072,40.6,29.33,-62.5,10,0.0,1
12,4348605,-2.4790,40.6,29.33,-62.5,10,0.0,1
12,4349331,-2.7719,40.6,29.33,-68.5,10,0.0,1
12,4350057,-2.1409,40.6,29.33,-68.5,10,0.0,1
12,4350783,-2.6593,39.6,29.33,-62.5,10,0.0,1
12,4351509,-2.0057,40.6,29.33,-62.0,10,0.0,1
12,4352235,-1.9606,39.6,29.33,-69.0,10,0.0,1
12,4352961,-1.9606,40.6,29.33,-69.0,10,0.0,1
12,4353687,-2.5240,40.6,29.33,-62.5,10,0.0,1
12,4354413,-2.7269,40.6,29.34,-68.0,10,0.0,1
12,4355139,-2.2311,40.6,29.33,-62.0,10,0.0,1
12,4355865,-3.0424,40.6,29.33,-62.5,10,0.0,1
12,4356591,-2.7043,40.6,29.33,-63.0,10,0.0,1
12,4357317,-2.9748,39.6,29.33,-62.0,10,0.0,1
12,4358043,-2.9297,40.6,29.33,-62.5,10,0.0,1
12,4358769,-1.8029,40.6,29.34,-68.5,10,0.0,1
12,4359495,-3.5156,40.6,29.34,-62.5,10,0.0,1
12,4360221,-2.1409,40.6,29.33,-62.0,10,0.0,1
12,4360947,-3.0198,39.6,29.34,-68.5,10,0.0,1
12,4361673,-2.9297,39.6,29.34,-62.5,10,0.0,1
12,4362399,-2.3437,39.6,29.33,-62.5,10,0.0,1
12,4363125,-2.1184,40.6,29.34,-68.5,10,0.0,1
12,4363851,-2.5691,40.6,29.34,-68.0,10,0.0,1
12,4364577,-2.2536,39.6,29.34,-62.5,10,0.0,1
12,4365303,-1.6226,39.6,29.34,-68.0,10,0.0,1
12,4366029,-2.4564,40.6,29.34,-68.0,10,0.0,1
12,4366755,-2.4564,39.6,29.33,-68.0,10,0.0,1
12,4367481,-2.9072,39.6,29.33,-68.0,10,0.0,1
12,4368207,-3.2001,39.6,29.34,-68.5,10,0.0,1
12,4368933,-1.9381,40.6,29.33,-62.0,10,0.0,1
12,4369659,-2.6593,40.6,29.33,-68.0,10,0.0,1
12,4370385,-2.0508,39.6,29.33,-62.5,10,0.0,1
12,4371111,-2.6142,39.6,29.34,-62.0,10,0.0,1
12,4371837,-2.2536,39.6,29.33,-62.5,10,0.0,1
12,4372563,-2.8395,39.6,29.34,-62.5,10,0.0,1
12,4373289,-2.0508,39.6,29.33,-62.0,10,0.0,1
12,4374015,-2.2987,39.6,29.33,-62.5,10,0.0,1
12,4374741,-2.2987,39.6,29.33,-62.5,10,0.0,1
12,4375467,-2.5466,39.6,29.33,-68.5,10,0.0,1
12,4376193,-2.3663,39.6,29.33,-62.5,10,0.0,1
12,4376919,-1.3522,39.6,29.34,-62.5,10,0.0,1
12,4377645,-1.8254,40.6,29.34,-68.5,10,0.0,1
12,4378371,-2.6818,39.6,29.34,-68.0,10,0.0,1
12,4379097,-3.1100,39.6,29.33,-62.5,10,0.0,1
12,4379823,-2.2311,40.6,29.34,-62.5,10,0.0,1
12,4380549,-2.2761,40.6,29.34,-62.5,10,0.0,1
12,4381275,-2.4564,40.6,29.34,-62.5,10,0.0,1
12,4382001,-3.0874,40.6,29.34,-62.5,10,0.0,1
12,4382727,-3.0874,40.6,29.34,-62.5,10,0.0,1
12,4383453,-2.2536,40.6,29.34,-68.5,10,0.0,1
12,4384179,-2.7945,40.6,29.34,-68.5,10,0.0,1
12,4384905,-2.5691,40.6,29.34,-62.0,10,0.0,1
12,4385631,-1.9381,40.6,29.34,-62.5,10,0.0,1
12,4386357,-2.9973,40.6,29.34,-68.5,10,0.0,1
12,4387083,-2.2987,40.6,29.34,-62.5,10,0.0,1
12,4387809,-3.0424,39.6,29.34,-62.5,10,0.0,1
12,4388535,-2.5466,39.6,29.33,-62.5,10,0.0,1
12,4389261,-2.9072,39.6,29.34,-62.5,10,0.0,1
12,4389987,-2.9748,39.6,29.34,-62.0,10,0.0,1
12,4390713,-2.9748,39.6,29.34,-62.0,10,0.0,1
12,4391439,-2.0282,38.6,29.33,-62.5,10,0.0,1
12,4392165,-1.6902,39.6,29.34,-68.5,10,0.0,1
12,4392891,-1.6902,39.6,29.34,-68.5,10,0.0,1
12,4393617,-2.5466,39.6,29.34,-62.5,10,0.0,1
12,4394343,-2.7945,40.6,29.34,-62.5,10,0.0,1
12,4395069,-1.8254,40.6,29.34,-62.0,10,0.0,1
12,4395795,-2.6367,40.6,29.34,-62.0,10,0.0,1
12,4396521,-3.2903,40.6,29.34,-62.5,10,0.0,1
12,4397247,-2.8621,39.6,29.34,-62.0,10,0.0,1
12,4397973,-2.4790,40.6,29.34,-68.0,10,0.0,1
12,4398699,-2.4790,39.6,29.34,-68.0,10,0.0,1
12,4399425,-2.9297,39.6,29.34,-62.0,10,0.0,1
12,4400151,-2.5691,39.6,29.34,-62.5,10,0.0,1
12,4400877,-2.3212,39.6,29.34,-68.5,10,0.0,1
12,4401603,-3.3353,39.6,29.34,-62.5,10,0.0,1
12,4402329,-2.9973,40.6,29.33,-62.0,10,0.0,1
12,4403055,-1.6451,39.6,29.34,-62.5,10,0.0,1
12,4403781,-2.2987,39.6,29.34,-68.5,10,0.0,1
12,4404507,-2.9973,39.6,29.34,-62.0,10,0.0,1
12,4405233,-2.7719,39.6,29.34,-62.5,10,0.0,1
12,4405959,-2.1635,39.6,29.34,-68.0,10,0.0,1
12,4406685,-2.1635,40.6,29.34,-68.0,10,0.0,1
12,4407411,-2.0282,40.6,29.34,-68.5,10,0.0,1
12,4408137,-2.5240,40.6,29.34,-62.5,10,0.0,1
12,4408863,-2.9973,40.6,29.34,-62.0,10,0.0,1
12,4409589,-2.5691,40.6,29.34,-68.0,10,0.0,1
12,4410315,-2.5015,40.6,29.34,-62.5,10,0.0,1
12,4411041,-2.0057,40.6,29.34,-62.5,10,0.0,1
12,4411767,-2.9072,40.6,29.34,-62.5,10,0.0,1
12,4412493,-2.7494,39.6,29.34,-62.5,10,0.0,1
12,4413219,-2.9522,39.6,29.34,-62.5,10,0.0,1
12,4413945,-3.4480,39.6,29.34,-68.0,10,0.0,1
12,4414671,-3.0649,39.6,29.34,-62.5,10,0.0,1
12,4415397,-2.4339,39.6,29.34,-62.5,10,0.0,1
12,4416123,-1.7127,39.6,29.34,-62.5,10,0.0,1
12,4416849,-1.4198,39.6,29.34,-68.0,10,0.0,1
12,4417575,-2.9297,39.6,29.34,-62.5,10,0.0,1
12,4418301,-2.8395,39.6,29.34,-68.0,10,0.0,1
12,4419027,-3.1776,39.6,29.34,-68.0,10,0.0,1
12,4419753,-1.6001,40.6,29.34,-62.5,10,0.0,1
12,4420479,-44.0129,40.6,29.34,-62.5,10,0.0,0
12,4421205,-2.0959,40.6,29.34,-62.5,10,0.0,1
12,4421931,-2.0282,40.6,29.34,-62.5,10,0.0,1
12,4422657,-1.6001,39.6,29.34,-62.5,10,0.0,1
12,4423383,-2.9072,39.6,29.34,-68.5,10,0.0,1
12,4424109,-1.5099,39.6,29.34,-62.5,10,0.0,1
12,4424835,-2.2536,39.6,29.34,-68.5,10,0.0,1
12,4425561,-2.6818,39.6,29.34,-62.5,10,0.0,1
12,4426287,-1.8029,39.6,29.34,-62.5,10,0.0,1
12,4427013,-1.1043,39.6,29.34,-62.5,10,0.0,1
12,4427739,-2.6367,39.6,29.34,-62.5,10,0.0,1
12,4428465,-2.6367,40.6,29.34,-62.5,10,0.0,1
12,4429191,-1.5550,39.6,29.34,-62.5,10,0.0,1
12,4429917,-2.1860,39.6,29.34,-68.5,10,0.0,1
12,4430643,-2.7945,39.6,29.34,-62.5,10,0.0,1
12,4431369,-2.4564,39.6,29.34,-62.5,10,0.0,1
12,4432095,-2.2311,40.6,29.35,-62.5,10,0.0,1
12,4432821,-2.2311,40.6,29.34,-62.5,10,0.0,1
12,4433547,-1.4648,40.6,29.34,-68.5,10,0.0,1
12,4434273,-3.0198,40.6,29.34,-62.5,10,0.0,1
12,4434999,-2.2761,40.6,29.34,-62.5,10,0.0,1
12,4435725,-2.7043,40.6,29.34,-68.0,10,0.0,1
12,4436451,-2.7043,40.6,29.34,-68.0,10,0.0,1
12,4437177,-1.8029,40.6,29.35,-68.5,10,0.0,1
12,4437903,-2.2761,39.6,29.34,-62.5,10,0.0,1
12,4438629,-2.8846,40.6,29.34,-62.0,10,0.0,1
12,4439355,-2.2536,40.6,29.34,-62.5,10,0.0,1
12,4440081,-1.5550,40.6,29.34,-68.5,10,0.0,1
12,4440807,-2.9973,40.6,29.34,-62.0,10,0.0,1
12,4441533,-2.2085,40.6,29.34,-62.0,10,0.0,1
12,4442259,-3.4255,40.6,29.34,-68.5,10,0.0,1
12,4442985,-2.9522,40.6,29.34,-68.5,10,0.0,1
12,4443711,-2.5466,40.6,29.34,-62.0,10,0.0,1
12,4444437,-2.5466,39.6,29.34,-62.0,10,0.0,1
12,4445163,-3.0649,38.6,29.35,-62.5,10,0.0,1
12,4445889,-2.0959,39.6,29.34,-62.5,10,0.0,1
12,4446615,-2.2085,39.6,29.34,-62.5,10,0.0,1
12,4447341,-2.3663,39.6,29.34,-62.5,10,0.0,1
12,4448067,-3.2452,39.6,29.34,-62.0,10,0.0,1
12,4448793,-1.9832,40.6,29.34,-62.5,10,0.0,1
12,4449519,-3.3353,39.6,29.34,-62.5,10,0.0,1
12,4450245,-2.2987,38.6,29.34,-62.5,10,0.0,1
12,4450971,-2.1860,39.6,29.35,-62.5,10,0.0,1
12,4451697,-2.0057,39.6,29.34,-68.0,10,0.0,1
12,4452423,-2.0057,39.6,29.35,-68.0,10,0.0,1
12,4453149,-2.4790,39.6,29.34,-62.0,10,0.0,1
12,4453875,-2.4114,39.6,29.34,-68.5,10,0.0,1
12,4454601,-2.2761,39.6,29.34,-68.0,10,0.0,1
12,4455327,-2.2085,39.6,29.34,-68.5,10,0.0,1
12,4456053,-2.0959,39.6,29.34,-62.5,10,0.0,1
12,4456779,-2.3212,39.6,29.34,-62.5,10,0.0,1
12,4457505,-1.3296,39.6,29.34,-62.0,10,0.0,1
12,4458231,-2.6367,40.6,29.34,-62.0,10,0.0,1
12,4458957,-2.8621,39.6,29.34,-62.5,10,0.0,1
12,4459683,-2.6142,40.6,29.34,-68.5,10,0.0,1
12,4460409,-2.6142,40.6,29.35,-68.5,10,0.0,1
12,4461135,-1.9156,39.6,29.34,-62.5,10,0.0,1
12,4461861,-2.0508,40.6,29.34,-68.5,10,0.0,1
12,4462587,-2.0508,39.6,29.34,-62.5,10,0.0,1
12,4463313,-2.6142,39.6,29.35,-62.0,10,0.0,1
12,4464039,-2.7719,39.6,29.35,-62.5,10,0.0,1
12,4464765,-2.9748,38.6,29.34,-62.0,10,0.0,1
12,4465491,-1.8480,39.6,29.35,-68.0,10,0.0,1
12,4466217,-2.9748,38.6,29.35,-68.5,10,0.0,1
12,4466943,-1.9156,39.6,29.35,-62.5,10,0.0,1
12,4467669,-2.4564,39.6,29.35,-62.5,10,0.0,1
12,4468395,-1.9606,39.6,29.35,-62.5,10,0.0,1
12,4469121,-2.9072,40.6,29.35,-62.0,10,0.0,1
12,4469847,-1.3071,40.6,29.35,-62.5,10,0.0,1
12,4470573,-1.6677,39.6,29.35,-68.0,10,0.0,1
12,4471299,-1.2620,39.6,29.35,-62.0,10,0.0,1
12,4472025,-2.6818,39.6,29.35,-62.5,10,0.0,1
12,4472751,-2.1635,39.6,29.35,-62.5,10,0.0,1
12,4473477,-2.3888,39.6,29.35,-68.0,10,0.0,1
12,4474203,-3.4029,39.6,29.35,-62.5,10,0.0,1
12,4474929,-1.8254,39.6,29.35,-62.5,10,0.0,1
12,4475655,-1.6677,39.6,29.35,-68.0,10,0.0,1
12,4476381,-2.9297,39.6,29.35,-62.5,10,0.0,1
12,4477107,-2.2987,40.6,29.35,-62.5,10,0.0,1
12,4477833,-1.9606,40.6,29.35,-62.5,10,0.0,1
12,4478559,-2.4114,40.6,29.35,-68.5,10,0.0,1
12,4479285,-2.1860,40.6,29.35,-62.5,10,0.0,1
12,4480011,-2.2987,40.6,29.35,-68.0,10,0.0,1
12,4480737,-2.6593,39.6,29.35,-62.5,10,0.0,1
12,4481463,-2.3663,39.6,29.35,-68.0,10,0.0,1
12,4482189,-2.3663,39.6,29.35,-68.0,10,0.0,1
12,4482915,-3.0424,39.6,29.35,-62.0,10,0.0,1
12,4483641,-2.4564,39.6,29.35,-62.5,10,0.0,1
12,4484367,-2.4790,40.6,29.35,-62.0,10,0.0,1
12,4485093,-2.2536,40.6,29.35,-62.5,10,0.0,1
12,4485819,-2.3437,40.6,29.35,-62.5,10,0.0,1
13,4486545,-2.8170,40.6,29.35,-62.5,10,0.0,1
13,4487271,-1.6001,40.6,29.35,-62.5,10,0.0,1
13,4487997,-2.2536,40.6,29.35,-62.5,10,0.0,1
13,4488723,-2.9522,40.6,29.35,-62.5,10,0.0,1
13,4489449,-1.5550,40.6,29.34,-68.5,10,0.0,1
13,4490175,-1.5550,40.6,29.35,-68.5,10,0.0,1
13,4490901,-2.3437,40.6,29.35,-62.5,10,0.0,1
13,4491627,-1.9156,40.6,29.35,-62.5,10,0.0,1
13,4492353,-2.9973,40.6,29.35,-68.5,10,0.0,1
13,4493079,-1.6226,39.6,29.35,-62.5,10,0.0,1
13,4493805,-2.2311,40.6,29.35,-62.5,10,0.0,1
13,4494531,-1.9832,39.6,29.35,-62.5,10,0.0,1
13,4495257,-2.4564,39.6,29.35,-62.5,10,0.0,1
13,4495983,-2.0057,40.6,29.34,-62.5,10,0.0,1
13,4496709,-2.6367,40.6,29.34,-62.5,10,0.0,1
13,4497435,-2.7945,40.6,29.35,-62.0,10,0.0,1
13,4498161,-2.7945,40.6,29.35,-62.0,10,0.0,1
13,4498887,-2.6593,40.6,29.34,-62.5,10,0.0,1
13,4499613,-3.2903,40.6,29.35,-62.0,10,0.0,1
13,4500339,-2.0508,40.6,29.35,-62.5,10,0.0,1
13,4501065,-3.1776,39.6,29.35,-62.5,10,0.0,1
13,4501791,-2.9973,39.6,29.35,-62.5,10,0.0,1
13,4502517,-2.5916,39.6,29.35,-68.5,10,0.0,1
13,4503243,-2.6367,39.6,29.35,-68.0,10,0.0,1
13,4503969,-2.4114,40.6,29.35,-62.5,10,0.0,1
13,4504695,-2.2311,40.6,29.35,-62.5,10,0.0,1
13,4505421,-3.2001,40.6,29.35,-62.5,10,0.0,1
13,4506147,-3.2001,40.6,29.35,-62.5,10,0.0,1
13,4506873,-2.6367,39.6,29.35,-62.5,10,0.0,1
13,4507599,-1.9381,39.6,29.35,-62.5,10,0.0,1
13,4508325,-1.7353,39.6,29.34,-68.0,10,0.0,1
13,4509051,-2.1409,40.6,29.34,-68.5,10,0.0,1
13,4509777,-2.4114,39.6,29.35,-62.0,10,0.0,1
13,4510503,-1.5325,40.6,29.35,-68.5,10,0.0,1
13,4511229,-3.0424,40.6,29.35,-62.5,10,0.0,1
13,4511955,-2.1184,40.6,29.35,-62.5,10,0.0,1
13,4512681,-3.2903,39.6,29.35,-68.0,10,0.0,1
13,4513407,-2.9297,40.6,29.35,-68.5,10,0.0,1
13,4514133,-2.9297,40.6,29.35,-68.5,10,0.0,1
13,4514859,-1.1719,39.6,29.35,-62.5,10,0.0,1
13,4515585,-3.2227,39.6,29.35,-62.5,10,0.0,1
13,4516311,-2.3888,40.6,29.35,-68.0,10,0.0,1
13,4517037,-1.9832,40.6,29.35,-62.0,10,0.0,1
13,4517763,-1.8254,40.6,29.35,-68.0,10,0.0,1
13,4518489,-3.2001,40.6,29.35,-62.5,10,0.0,1
13,4519215,-2.8846,39.6,29.35,-68.5,10,0.0,1
13,4519941,-3.1325,39.6,29.35,-62.5,10,0.0,1
13,4520667,-2.0508,39.6,29.35,-68.5,10,0.0,1
13,4521393,-2.7945,39.6,29.35,-68.5,10,0.0,1
13,4522119,-1.5099,39.6,29.35,-62.5,10,0.0,1
13,4522845,-1.8930,39.6,29.36,-62.5,10,0.0,1
13,4523571,-2.1860,39.6,29.36,-68.0,10,0.0,1
13,4524297,-3.1325,39.6,29.36,-62.5,10,0.0,1
13,4525023,-3.1776,40.6,29.36,-68.5,10,0.0,1
13,4525749,-1.7578,40.6,29.36,-62.5,10,0.0,1
13,4526475,-2.3663,40.6,29.36,-62.0,10,0.0,1
13,4527201,-2.0733,40.6,29.36,-62.5,10,0.0,1
13,4527927,-4.6650,40.6,29.36,-62.5,10,0.0,1
13,4528653,-2.8621,40.6,29.36,-62.5,10,0.0,1
13,4529379,-1.5775,40.6,29.36,-62.5,10,0.0,1
13,4530105,-3.0874,40.6,29.36,-62.5,10,0.0,1
13,4530831,-2.5691,40.6,29.36,-62.0,10,0.0,1
13,4531557,-1.9381,40.6,29.36,-62.0,10,0.0,1
13,4532283,-2.2311,39.6,29.36,-62.0,10,0.0,1
13,4533009,-2.2311,39.6,29.36,-62.5,10,0.0,1
13,4533735,-2.9522,39.6,29.36,-62.0,10,0.0,1
13,4534461,-2.2987,39.6,29.36,-62.5,10,0.0,1
13,4535187,-2.8621,40.6,29.36,-62.5,10,0.0,1
13,4535913,-2.8621,40.6,29.35,-62.5,10,0.0,1
13,4536639,-2.8846,40.6,29.35,-62.5,10,0.0,1
13,4537365,-2.8395,40.6,29.36,-62.5,10,0.0,1
13,4538091,-3.0874,40.6,29.36,-68.0,10,0.0,1
13,4538817,-2.3437,40.6,29.36,-62.5,10,0.0,1
13,4539543,-2.2085,40.6,29.36,-62.5,10,0.0,1
13,4540269,-1.6902,40.6,29.36,-68.0,10,0.0,1
13,4540995,-3.1100,39.6,29.36,-62.5,10,0.0,1
13,4541721,-3.1100,39.6,29.35,-62.5,10,0.0,1
13,4542447,-2.1409,40.6,29.36,-62.5,10,0.0,1
13,4543173,-2.5466,40.6,29.35,-62.0,10,0.0,1
13,4543899,-2.5466,39.6,29.36,-62.0,10,0.0,1
13,4544625,-1.4648,39.6,29.36,-68.0,10,0.0,1
13,4545351,-2.1184,39.6,29.36,-63.0,10,0.0,1
13,4546077,-2.7494,40.6,29.36,-62.5,10,0.0,1
13,4546803,-1.9156,39.6,29.35,-68.5,10,0.0,1
13,4547529,-3.4029,39.6,29.36,-62.0,10,0.0,1
13,4548255,-2.7043,40.6,29.36,-68.0,10,0.0,1
13,4548981,-3.0649,40.6,29.36,-62.5,10,0.0,1
13,4549707,-2.9748,40.6,29.36,-62.5,10,0.0,1
13,4550433,-2.6142,40.6,29.36,-68.0,10,0.0,1
13,4551159,-2.1635,40.6,29.36,-62.5,10,0.0,1
13,4551885,-2.1635,40.6,29.36,-62.5,10,0.0,1
13,4552611,-2.9522,39.6,29.36,-62.5,10,0.0,1
13,4553337,-2.8846,40.6,29.35,-62.0,10,0.0,1
13,4554063,-1.1719,40.6,29.36,-62.5,10,0.0,1
13,4554789,-3.0874,39.6,29.36,-62.5,10,0.0,1
13,4555515,-2.9748,39.6,29.36,-62.0,10,0.0,1
13,4556241,-2.0282,39.6,29.36,-62.5,10,0.0,1
13,4556967,-2.1860,39.6,29.36,-62.5,10,0.0,1
13,4557693,-2.2987,39.6,29.35,-62.5,10,0.0,1
13,4558419,-2.7494,39.6,29.35,-62.5,10,0.0,1
13,4559145,-3.2452,39.6,29.35,-62.0,10,0.0,1
13,4559871,-3.2452,39.6,29.36,-62.0,10,0.0,1
13,4560597,-1.9832,39.6,29.35,-62.5,10,0.0,1
13,4561323,-2.2987,40.6,29.35,-68.5,10,0.0,1
13,4562049,-1.6902,40.6,29.36,-68.5,10,0.0,1
13,4562775,-1.6902,40.6,29.36,-62.5,10,0.0,1
13,4563501,-2.3888,40.6,29.36,-62.5,10,0.0,1
13,4564227,-2.8395,39.6,29.36,-62.5,10,0.0,1
13,4564953,-2.5015,39.6,29.36,-62.0,10,0.0,1
13,4565679,-2.3212,39.6,29.36,-62.5,10,0.0,1
13,4566405,-2.0508,39.6,29.35,-68.5,10,0.0,1
13,4567131,-1.3972,39.6,29.35,-62.5,10,0.0,1
13,4567857,-1.3972,40.6,29.35,-62.5,10,0.0,1
13,4568583,-2.0282,40.6,29.35,-68.5,10,0.0,1
13,4569309,-2.2761,39.6,29.35,-62.5,10,0.0,1
13,4570035,-2.3888,39.6,29.35,-62.0,10,0.0,1
13,4570761,-1.3972,40.6,29.36,-62.5,10,0.0,1
13,4571487,-2.0733,39.6,29.35,-62.0,10,0.0,1
13,4572213,-2.1184,39.6,29.35,-62.5,10,0.0,1
13,4572939,-2.8170,40.6,29.35,-62.5,10,0.0,1
13,4573665,-2.6593,40.6,29.36,-62.0,10,0.0,1
13,4574391,-2.1860,40.6,29.36,-68.0,10,0.0,1
13,4575117,-3.0424,40.6,29.36,-68.5,10,0.0,1
13,4575843,-2.7719,40.6,29.36,-62.5,10,0.0,1
13,4576569,-2.6593,39.6,29.36,-62.0,10,0.0,1
13,4577295,-2.9748,38.6,29.36,-62.5,10,0.0,1
13,4578021,-2.5240,39.6,29.35,-68.0,10,0.0,1
13,4578747,-3.3579,39.6,29.35,-62.5,10,0.0,1
13,4579473,-2.0959,39.6,29.35,-62.5,10,0.0,1
13,4580199,-2.0733,40.6,29.36,-62.5,10,0.0,1
13,4580925,-2.2311,40.6,29.36,-62.0,10,0.0,1
13,4581651,-4.0340,40.6,29.36,-62.0,10,0.0,1
13,4582377,-1.9606,40.6,29.36,-62.5,10,0.0,1
13,4583103,-1.8705,40.6,29.35,-68.5,10,0.0,1
13,4583829,-1.4198,40.6,29.35,-62.5,10,0.0,1
13,4584555,-2.1635,40.6,29.35,-62.5,10,0.0,1
13,4585281,-3.4029,40.6,29.36,-62.5,10,0.0,1
13,4586007,-3.1100,40.6,29.36,-62.5,10,0.0,1
13,4586733,-2.6142,40.6,29.35,-62.5,10,0.0,1
13,4587459,-2.5466,40.6,29.36,-62.0,10,0.0,1
13,4588185,-2.9297,40.6,29.36,-68.5,10,0.0,1
13,4588911,-2.3437,40.6,29.36,-68.5,10,0.0,1
13,4589637,-2.3437,40.6,29.36,-68.5,10,0.0,1
13,4590363,-1.4648,39.6,29.36,-62.5,10,0.0,1
13,4591089,-2.0282,39.6,29.36,-68.0,10,0.0,1
13,4591815,-1.9156,40.6,29.36,-68.0,10,0.0,1
13,4592541,-2.2311,39.6,29.36,-62.0,10,0.0,1
13,4593267,-2.5916,39.6,29.36,-62.0,10,0.0,1
13,4593993,-1.4423,39.6,29.36,-62.5,10,0.0,1
13,4594719,-1.6677,40.6,29.36,-68.0,10,0.0,1
13,4595445,-2.9297,40.6,29.36,-68.0,10,0.0,1
13,4596171,-2.5691,40.6,29.36,-62.5,10,0.0,1
13,4596897,-2.7494,40.6,29.36,-62.5,10,0.0,1
13,4597623,-2.7494,40.6,29.36,-62.5,10,0.0,1
13,4598349,-2.9522,40.6,29.36,-62.5,10,0.0,1
13,4599075,-1.3972,40.6,29.36,-62.5,10,0.0,1
13,4599801,-2.1184,40.6,29.36,-62.0,10,0.0,1
13,4600527,-3.1550,39.6,29.36,-62.5,10,0.0,1
13,4601253,-2.9973,39.6,29.36,-62.5,10,0.0,1
13,4601979,-2.4114,39.6,29.36,-62.5,10,0.0,1
13,4602705,-1.7353,38.6,29.36,-68.0,10,0.0,1
13,4603431,-3.0198,39.6,29.36,-68.0,10,0.0,1
13,4604157,-2.5015,39.6,29.36,-62.5,10,0.0,1
13,4604883,-3.4931,39.6,29.36,-62.5,10,0.0,1
13,4605609,-3.4931,39.6,29.36,-62.5,10,0.0,1
13,4606335,-2.3212,39.6,29.36,-62.0,10,0.0,1
13,4607061,-2.0057,39.6,29.36,-62.0,10,0.0,1
13,4607787,-2.0282,39.6,29.36,-62.5,10,0.0,1
13,4608513,-2.3437,40.6,29.36,-62.0,10,0.0,1
13,4609239,-2.9072,39.6,29.36,-62.5,10,0.0,1
13,4609965,-2.5916,40.6,29.36,-68.0,10,0.0,1
13,4610691,-2.5691,40.6,29.36,-62.5,10,0.0,1
13,4611417,-3.1550,40.6,29.36,-68.5,10,0.0,1
13,4612143,-2.5691,40.6,29.36,-68.5,10,0.0,1
13,4612869,-2.9973,40.6,29.36,-68.0,10,0.0,1
13,4613595,-2.9973,40.6,29.36,-68.0,10,0.0,1
13,4614321,-2.1635,40.6,29.36,-62.5,10,0.0,1
13,4615047,-2.7945,40.6,29.36,-62.5,10,0.0,1
13,4615773,-3.2452,40.6,29.36,-62.5,10,0.0,1
13,4616499,-2.5240,40.6,29.36,-62.5,10,0.0,1
13,4617225,-2.8621,40.6,29.36,-68.5,10,0.0,1
13,4617951,-1.8480,39.6,29.35,-62.5,10,0.0,1
13,4618677,-3.3128,39.6,29.35,-68.5,10,0.0,1
13,4619403,-1.5550,39.6,29.35,-62.5,10,0.0,1
13,4620129,-2.3212,39.6,29.36,-62.0,10,0.0,1
13,4620855,-2.5466,40.6,29.36,-68.0,10,0.0,1
13,4621581,-2.5466,40.6,29.36,-68.0,10,0.0,1
13,4622307,-2.9748,40.6,29.36,-68.0,10,0.0,1
13,4623033,-1.5099,40.6,29.36,-68.0,10,0.0,1
13,4623759,-3.1550,40.6,29.36,-62.5,10,0.0,1
13,4624485,-3.0424,39.6,29.36,-62.0,10,0.0,1
13,4625211,-3.0198,39.6,29.35,-62.5,10,0.0,1
13,4625937,-2.2085,40.6,29.36,-62.5,10,0.0,1
13,4626663,-1.7353,40.6,29.36,-62.5,10,0.0,1
13,4627389,-2.2761,39.6,29.36,-68.5,10,0.0,1
13,4628115,-2.2761,40.6,29.36,-68.0,10,0.0,1
13,4628841,-3.0649,40.6,29.36,-62.0,10,0.0,1
13,4629567,-2.9748,40.6,29.36,-62.0,10,0.0,1
13,4630293,-1.8930,40.6,29.36,-68.5,10,0.0,1
13,4631019,-2.0282,39.6,29.36,-62.5,10,0.0,1
13,4631745,-2.0057,40.6,29.36,-62.5,10,0.0,1
13,4632471,-3.0198,40.6,29.35,-62.5,10,0.0,1
13,4633197,-2.2987,40.6,29.36,-62.5,10,0.0,1
13,4633923,-2.9748,40.6,29.36,-68.5,10,0.0,1
13,4634649,-2.2761,40.6,29.36,-68.0,10,0.0,1
13,4635375,-2.0057,39.6,29.36,-62.5,10,0.0,1
13,4636101,-2.4339,39.6,29.36,-62.5,10,0.0,1
13,4636827,-3.1776,40.6,29.36,-62.5,10,0.0,1
13,4637553,-2.7043,40.6,29.36,-62.5,10,0.0,1
13,4638279,-1.9606,40.6,29.36,-62.5,10,0.0,1
13,4639005,-2.4564,40.6,29.36,-62.5,10,0.0,1
13,4639731,-2.8621,40.6,29.35,-62.5,10,0.0,1
13,4640457,-3.4029,40.6,29.36,-62.0,10,0.0,1
13,4641183,-2.4339,40.6,29.36,-62.5,10,0.0,1
13,4641909,-3.1325,40.6,29.36,-62.5,10,0.0,1
13,4642635,-3.1776,40.6,29.36,-62.5,10,0.0,1
13,4643361,-3.1776,39.6,29.37,-62.5,10,0.0,1
13,4644087,-1.8480,40.6,29.36,-62.5,10,0.0,1
13,4644813,-2.4564,40.6,29.36,-62.5,10,0.0,1
13,4645539,-2.3437,40.6,29.36,-68.5,10,0.0,1
13,4646265,-2.2761,39.6,29.36,-62.0,10,0.0,1
13,4646991,-1.6451,39.6,29.36,-62.5,10,0.0,1
13,4647717,-2.1409,38.6,29.36,-62.5,10,0.0,1
13,4648443,-2.9748,39.6,29.36,-62.5,10,0.0,1
13,4649169,-2.7719,40.6,29.36,-62.5,10,0.0,1
13,4649895,-2.6367,39.6,29.36,-62.0,10,0.0,1
13,4650621,-2.5916,39.6,29.36,-62.5,10,0.0,1
13,4651347,-2.5916,40.6,29.36,-62.5,10,0.0,1
13,4652073,-2.2761,40.6,29.36,-68.0,10,0.0,1
13,4652799,-2.7719,40.6,29.36,-62.5,10,0.0,1
13,4653525,-1.8254,40.6,29.36,-62.5,10,0.0,1
13,4654251,-2.9748,39.6,29.36,-62.5,10,0.0,1
13,4654977,-3.3804,40.6,29.36,-62.0,10,0.0,1
13,4655703,-2.2536,40.6,29.36,-62.5,10,0.0,1
13,4656429,-2.5466,40.6,29.36,-68.5,10,0.0,1
13,4657155,-2.6818,40.6,29.36,-62.5,10,0.0,1
13,4657881,-1.5325,40.6,29.36,-62.0,10,0.0,1
13,4658607,-3.2227,39.6,29.36,-62.5,10,0.0,1
13,4659333,-3.2227,40.6,29.36,-62.5,10,0.0,1
13,4660059,-2.1409,39.6,29.37,-62.5,10,0.0,1
13,4660785,-1.6001,39.6,29.36,-68.5,10,0.0,1
13,4661511,-2.5466,39.6,29.36,-62.0,10,0.0,1
13,4662237,-2.6142,39.6,29.36,-62.5,10,0.0,1
13,4662963,-2.7043,40.6,29.36,-68.5,10,0.0,1
13,4663689,-2.2085,39.6,29.36,-62.5,10,0.0,1
13,4664415,-3.2677,39.6,29.36,-62.5,10,0.0,1
13,4665141,-2.3888,39.6,29.36,-62.5,10,0.0,1
13,4665867,-1.3522,40.6,29.36,-62.5,10,0.0,1
13,4666593,-2.2311,40.6,29.36,-62.0,10,0.0,1
13,4667319,-2.2311,39.6,29.36,-62.0,10,0.0,1
13,4668045,-2.2761,39.6,29.37,-68.0,10,0.0,1
13,4668771,-2.9522,40.6,29.37,-62.5,10,0.0,1
13,4669497,-1.7353,39.6,29.36,-68.5,10,0.0,1
13,4670223,-2.8621,40.6,29.37,-62.5,10,0.0,1
13,4670949,-1.6902,40.6,29.36,-68.5,10,0.0,1
13,4671675,-1.1944,40.6,29.36,-68.0,10,0.0,1
13,4672401,-2.2536,39.6,29.36,-62.5,10,0.0,1
13,4673127,-2.6593,40.6,29.36,-62.0,10,0.0,1
13,4673853,-1.0367,40.6,29.36,-62.5,10,0.0,1
13,4674579,-2.2311,40.6,29.36,-68.5,10,0.0,1
13,4675305,-2.2311,40.6,29.36,-68.5,10,0.0,1
13,4676031,-2.8170,40.6,29.36,-62.5,10,0.0,1
13,4676757,-2.4790,40.6,29.36,-68.5,10,0.0,1
13,4677483,-2.6367,40.6,29.36,-62.5,10,0.0,1
13,4678209,-2.4114,40.6,29.36,-62.5,10,0.0,1
13,4678935,-2.2085,40.6,29.37,-68.5,10,0.0,1
13,4679661,-2.9522,40.6,29.37,-62.5,10,0.0,1
13,4680387,-2.2085,39.6,29.37,-62.5,10,0.0,1
13,4681113,-2.5015,39.6,29.36,-62.5,10,0.0,1
13,4681839,-1.5550,39.6,29.36,-62.0,10,0.0,1
13,4682565,-1.8705,39.6,29.37,-62.5,10,0.0,1
13,4683291,-1.8705,39.6,29.36,-62.5,10,0.0,1
13,4684017,-3.1776,39.6,29.37,-68.0,10,0.0,1
13,4684743,-2.2311,39.6,29.37,-68.0,10,0.0,1
13,4685469,-1.9606,39.6,29.36,-62.5,10,0.0,1
13,4686195,-1.8930,40.6,29.36,-68.0,10,0.0,1
13,4686921,-2.0508,39.6,29.37,-62.0,10,0.0,1
13,4687647,-1.6677,40.6,29.36,-62.5,10,0.0,1
13,4688373,-2.2536,40.6,29.37,-68.5,10,0.0,1
13,4689099,-1.9381,40.6,29.37,-68.5,10,0.0,1
13,4689825,-2.1409,40.6,29.37,-63.0,10,0.0,1
13,4690551,-2.2311,40.6,29.37,-68.5,10,0.0,1
13,4691277,-2.9973,39.6,29.37,-62.5,10,0.0,1
13,4692003,-2.6593,40.6,29.37,-68.5,10,0.0,1
13,4692729,-2.3663,39.6,29.37,-68.0,10,0.0,1
13,4693455,-2.0959,40.6,29.36,-62.0,10,0.0,1
13,4694181,-1.8254,40.6,29.37,-62.0,10,0.0,1
13,4694907,-2.1635,40.6,29.37,-68.5,10,0.0,1
13,4695633,-2.8621,39.6,29.37,-62.5,10,0.0,1
13,4696359,-1.6677,38.6,29.37,-68.5,10,0.0,1
13,4697085,-34.4802,39.6,29.37,-62.5,10,0.0,0
13,4697811,-2.5466,39.6,29.37,-62.5,10,0.0,1
13,4698537,-3.1776,40.6,29.36,-62.5,10,0.0,1
13,4699263,-2.0508,39.6,29.37,-62.0,10,0.0,1
13,4699989,-1.4423,40.6,29.37,-62.5,10,0.0,1
13,4700715,-2.0959,40.6,29.37,-68.5,10,0.0,1
13,4701441,-3.0424,40.6,29.37,-62.0,10,0.0,1
13,4702167,-3.4255,40.6,29.37,-62.5,10,0.0,1
13,4702893,-2.9748,40.6,29.37,-62.0,10,0.0,1
13,4703619,-2.8170,40.6,29.37,-68.5,10,0.0,1
13,4704345,-2.1635,40.6,29.37,-62.5,10,0.0,1
13,4705071,-2.1635,40.6,29.37,-62.5,10,0.0,1
13,4705797,-2.6593,40.6,29.37,-62.5,10,0.0,1
13,4706523,-2.4564,39.6,29.37,-62.0,10,0.0,1
13,4707249,-2.4339,39.6,29.37,-62.5,10,0.0,1
13,4707975,-2.7494,39.6,29.37,-62.5,10,0.0,1
13,4708701,-2.4114,40.6,29.37,-62.0,10,0.0,1
13,4709427,-2.5015,39.6,29.37,-68.0,10,0.0,1
13,4710153,-3.4029,40.6,29.37,-62.0,10,0.0,1
13,4710879,-2.9072,40.6,29.37,-62.0,10,0.0,1
13,4711605,-1.9606,40.6,29.37,-62.5,10,0.0,1
13,4712331,-2.2987,40.6,29.37,-68.5,10,0.0,1
13,4713057,-2.2987,40.6,29.38,-68.5,10,0.0,1
13,4713783,-2.8846,39.6,29.37,-62.5,10,0.0,1
13,4714509,-2.0057,40.6,29.37,-68.5,10,0.0,1
13,4715235,-3.4029,39.6,29.37,-68.5,10,0.0,1
13,4715961,-2.2311,39.6,29.37,-62.5,10,0.0,1
13,4716687,-2.2311,39.6,29.37,-62.0,10,0.0,1
13,4717413,-1.6902,39.6,29.37,-62.5,10,0.0,1
13,4718139,-3.0424,39.6,29.37,-62.0,10,0.0,1
13,4718865,-2.7945,40.6,29.37,-68.0,10,0.0,1
13,4719591,-1.3296,40.6,29.37,-62.5,10,0.0,1
13,4720317,-3.2452,40.6,29.37,-62.5,10,0.0,1
13,4721043,-3.2452,39.6,29.37,-62.5,10,0.0,1
13,4721769,-2.5240,39.6,29.37,-62.5,10,0.0,1
13,4722495,-2.8621,39.6,29.37,-68.5,10,0.0,1
13,4723221,-2.7269,39.6,29.37,-68.0,10,0.0,1
13,4723947,-2.2311,40.6,29.37,-68.5,10,0.0,1
13,4724673,-2.0733,40.6,29.37,-62.5,10,0.0,1
13,4725399,-2.3437,40.6,29.37,-62.0,10,0.0,1
13,4726125,-2.0508,39.6,29.37,-62.5,10,0.0,1
13,4726851,-2.9973,39.6,29.37,-62.0,10,0.0,1
13,4727577,-2.6818,39.6,29.37,-62.5,10,0.0,1
13,4728303,-1.5325,40.6,29.37,-62.0,10,0.0,1
13,4729029,-1.5325,40.6,29.37,-62.0,10,0.0,1
13,4729755,-2.5240,39.6,29.37,-62.5,10,0.0,1
13,4730481,-2.2085,39.6,29.37,-62.0,10,0.0,1
13,4731207,-3.1325,39.6,29.37,-62.0,10,0.0,1
13,4731933,-3.1325,39.6,29.38,-62.5,10,0.0,1
13,4732659,-1.8254,39.6,29.38,-68.0,10,0.0,1
13,4733385,-3.2227,40.6,29.37,-62.5,10,0.0,1
13,4734111,-2.7043,39.6,29.37,-62.5,10,0.0,1
13,4734837,-1.2846,39.6,29.37,-62.5,10,0.0,1
13,4735563,-2.6818,40.6,29.37,-62.5,10,0.0,1
13,4736289,-3.1325,39.6,29.37,-62.5,10,0.0,1
13,4737015,-3.1325,40.6,29.37,-62.5,10,0.0,1
13,4737741,-2.6367,40.6,29.37,-68.5,10,0.0,1
13,4738467,-2.4790,40.6,29.38,-62.5,10,0.0,1
13,4739193,-2.0282,40.6,29.38,-62.5,10,0.0,1
13,4739919,-1.9381,39.6,29.38,-68.5,10,0.0,1
13,4740645,-3.3804,40.6,29.38,-62.5,10,0.0,1
13,4741371,-1.7353,40.6,29.37,-62.5,10,0.0,1
13,4742097,-3.0649,40.6,29.37,-62.5,10,0.0,1
13,4742823,-3.1550,39.6,29.37,-62.0,10,0.0,1
13,4743549,-2.6142,39.6,29.37,-62.5,10,0.0,1
13,4744275,-2.4790,39.6,29.37,-62.5,10,0.0,1
13,4745001,-2.6593,40.6,29.37,-68.5,10,0.0,1
13,4745727,-1.4198,40.6,29.37,-62.0,10,0.0,1
13,4746453,-2.3663,39.6,29.37,-68.5,10,0.0,1
13,4747179,-2.5691,39.6,29.37,-62.5,10,0.0,1
13,4747905,-2.8846,40.6,29.37,-62.5,10,0.0,1
13,4748631,-1.5775,40.6,29.37,-62.0,10,0.0,1
13,4749357,-3.2001,40.6,29.37,-62.5,10,0.0,1
13,4750083,-1.6677,40.6,29.37,-62.5,10,0.0,1
13,4750809,-5.1608,40.6,29.37,-62.5,10,0.0,1
13,4751535,-3.0649,40.6,29.37,-62.5,10,0.0,1
13,4752261,-2.2536,40.6,29.37,-68.5,10,0.0,1
13,4752987,-2.6367,39.6,29.37,-68.0,10,0.0,1
13,4753713,-3.1325,39.6,29.37,-62.0,10,0.0,1
13,4754439,-2.2536,39.6,29.37,-68.5,10,0.0,1
13,4755165,-1.8705,39.6,29.37,-62.5,10,0.0,1
13,4755891,-3.3353,39.6,29.37,-62.5,10,0.0,1
13,4756617,-2.8395,39.6,29.37,-62.5,10,0.0,1
13,4757343,-1.6451,39.6,29.37,-62.0,10,0.0,1
13,4758069,-2.9297,39.6,29.37,-68.5,10,0.0,1
13,4758795,-2.9297,39.6,29.37,-68.5,10,0.0,1
13,4759521,-2.0959,40.6,29.37,-68.0,10,0.0,1
13,4760247,-2.4790,39.6,29.37,-62.5,10,0.0,1
13,4760973,-2.6593,39.6,29.37,-62.0,10,0.0,1
13,4761699,-2.5466,39.6,29.37,-68.5,10,0.0,1
13,4762425,-3.0198,39.6,29.37,-62.5,10,0.0,1
13,4763151,-2.0733,40.6,29.37,-62.5,10,0.0,1
13,4763877,-2.5466,40.6,29.37,-62.5,10,0.0,1
13,4764603,-1.8029,40.6,29.37,-68.5,10,0.0,1
13,4765329,-2.1635,40.6,29.37,-62.5,10,0.0,1
13,4766055,-1.9832,40.6,29.37,-62.0,10,0.0,1
13,4766781,-1.9832,39.6,29.37,-62.0,10,0.0,1
13,4767507,-2.1635,40.6,29.37,-62.5,10,0.0,1
13,4768233,-3.0874,40.6,29.37,-62.5,10,0.0,1
13,4768959,-1.9381,39.6,29.37,-62.5,10,0.0,1
13,4769685,-2.5466,38.6,29.37,-68.0,10,0.0,1
13,4770411,-2.3437,38.6,29.37,-62.5,10,0.0,1
13,4771137,-1.5325,39.6,29.38,-62.5,10,0.0,1
13,4771863,-1.3071,39.6,29.38,-62.5,10,0.0,1
13,4772589,-2.9973,39.6,29.37,-62.5,10,0.0,1
13,4773315,-2.3437,39.6,29.37,-62.5,10,0.0,1
13,4774041,-1.1719,39.6,29.37,-62.5,10,0.0,1
13,4774767,-1.1719,40.6,29.38,-62.5,10,0.0,1
13,4775493,-2.6367,39.6,29.38,-68.0,10,0.0,1
13,4776219,-2.5240,39.6,29.37,-62.5,10,0.0,1
13,4776945,-2.3212,39.6,29.37,-68.5,10,0.0,1
13,4777671,-2.7269,39.6,29.37,-62.5,10,0.0,1
13,4778397,-2.6142,40.6,29.37,-62.5,10,0.0,1
13,4779123,-1.3522,39.6,29.37,-62.5,10,0.0,1
13,4779849,-2.3437,39.6,29.37,-68.5,10,0.0,1
13,4780575,-2.3663,39.6,29.37,-62.5,10,0.0,1
13,4781301,-3.1100,40.6,29.37,-62.0,10,0.0,1
13,4782027,-2.2311,40.6,29.37,-62.5,10,0.0,1
13,4782753,-2.2311,40.6,29.38,-62.5,10,0.0,1
13,4783479,-3.1325,40.6,29.38,-68.0,10,0.0,1
13,4784205,-3.0198,40.6,29.37,-62.5,10,0.0,1
13,4784931,-2.8395,40.6,29.37,-62.0,10,0.0,1
13,4785657,-2.5466,40.6,29.37,-62.0,10,0.0,1
13,4786383,-1.8254,40.6,29.37,-62.5,10,0.0,1
13,4787109,-2.6367,40.6,29.38,-62.0,10,0.0,1
13,4787835,-2.2987,40.6,29.37,-62.0,10,0.0,1
13,4788561,-1.8029,40.6,29.38,-68.5,10,0.0,1
13,4789287,-2.6593,40.6,29.38,-68.5,10,0.0,1
13,4790013,-1.6677,40.6,29.37,-62.0,10,0.0,1
13,4790739,-1.6677,39.6,29.38,-62.0,10,0.0,1
13,4791465,-2.8846,39.6,29.38,-62.5,10,0.0,1
13,4792191,-1.5325,39.6,29.37,-62.5,10,0.0,1
13,4792917,-2.3888,39.6,29.37,-62.5,10,0.0,1
13,4793643,-2.0282,40.6,29.37,-62.5,10,0.0,1
13,4794369,-1.5099,40.6,29.37,-62.5,10,0.0,1
13,4795095,-2.5015,40.6,29.38,-62.5,10,0.0,1
13,4795821,-2.8846,39.6,29.37,-62.5,10,0.0,1
13,4796547,-2.3212,40.6,29.38,-68.5,10,0.0,1
13,4797273,-2.7945,40.6,29.37,-62.5,10,0.0,1
13,4797999,-1.4198,40.6,29.37,-62.5,10,0.0,1
13,4798725,-2.0282,40.6,29.38,-68.5,10,0.0,1
13,4799451,-2.3437,40.6,29.37,-62.0,10,0.0,1
13,4800177,-2.5916,40.6,29.37,-68.0,10,0.0,1
13,4800903,-1.7803,40.6,29.38,-62.5,10,0.0,1
13,4801629,-2.3437,39.6,29.37,-62.5,10,0.0,1
13,4802355,-3.0424,39.6,29.38,-62.5,10,0.0,1
13,4803081,-2.7945,39.6,29.37,-62.5,10,0.0,1
13,4803807,-2.0733,39.6,29.37,-68.5,10,0.0,1
13,4804533,-3.4480,39.6,29.38,-62.5,10,0.0,1
13,4805259,-1.4423,39.6,29.38,-62.5,10,0.0,1
13,4805985,-1.5099,40.6,29.38,-62.5,10,0.0,1
13,4806711,-2.6367,40.6,29.37,-62.5,10,0.0,1
13,4807437,-2.7043,39.6,29.38,-68.5,10,0.0,1
13,4808163,-1.9832,39.6,29.38,-62.5,10,0.0,1
13,4808889,-2.1409,39.6,29.37,-62.5,10,0.0,1
13,4809615,-2.9522,39.6,29.37,-68.5,10,0.0,1
13,4810341,-2.9973,39.6,29.37,-62.5,10,0.0,1
13,4811067,-2.2536,39.6,29.37,-62.5,10,0.0,1
13,4811793,-1.8705,40.6,29.37,-62.5,10,0.0,1
13,4812519,-1.8705,40.6,29.37,-62.5,10,0.0,1
13,4813245,-2.2761,40.6,29.37,-62.5,10,0.0,1
13,4813971,-1.2846,40.6,29.37,-62.5,10,0.0,1
13,4814697,-2.5015,40.6,29.37,-62.5,10,0.0,1
13,4815423,-2.6142,40.6,29.37,-62.0,10,0.0,1
13,4816149,-2.9748,40.6,29.37,-62.0,10,0.0,1
13,4816875,-1.2395,40.6,29.37,-62.5,10,0.0,1
13,4817601,-2.3888,40.6,29.37,-62.5,10,0.0,1
13,4818327,-2.6818,40.6,29.38,-68.5,10,0.0,1
13,4819053,-2.6142,40.6,29.38,-62.5,10,0.0,1
13,4819779,-3.0649,40.6,29.37,-62.5,10,0.0,1
13,4820505,-3.0649,40.6,29.37,-62.5,10,0.0,1
13,4821231,-2.8395,40.6,29.37,-62.5,10,0.0,1
13,4821957,-2.1860,40.6,29.37,-62.0,10,0.0,1
13,4822683,-2.4564,39.6,29.38,-62.5,10,0.0,1
13,4823409,-2.5466,40.6,29.37,-62.5,10,0.0,1
13,4824135,-1.6451,40.6,29.37,-62.5,10,0.0,1
13,4824861,-2.0959,40.6,29.37,-62.5,10,0.0,1
13,4825587,-2.3437,40.6,29.38,-62.5,10,0.0,1
13,4826313,-3.3128,39.6,29.38,-62.5,10,0.0,1
13,4827039,-3.3804,39.6,29.38,-62.5,10,0.0,1
13,4827765,-2.8846,39.6,29.37,-62.0,10,0.0,1
13,4828491,-2.8846,39.6,29.38,-62.0,10,0.0,1
13,4829217,-1.5099,39.6,29.37,-62.0,10,0.0,1
13,4829943,-2.5691,39.6,29.37,-62.5,10,0.0,1
13,4830669,-2.1635,39.6,29.38,-62.5,10,0.0,1
13,4831395,-1.9832,39.6,29.37,-62.5,10,0.0,1
13,4832121,-3.3353,39.6,29.37,-62.5,10,0.0,1
13,4832847,-2.8395,40.6,29.37,-62.0,10,0.0,1
13,4833573,-1.8254,40.6,29.38,-62.5,10,0.0,1
13,4834299,-1.7578,39.6,29.38,-62.5,10,0.0,1
13,4835025,-2.1860,39.6,29.38,-62.5,10,0.0,1
13,4835751,-3.3353,39.6,29.37,-62.5,10,0.0,1
13,4836477,-3.3353,39.6,29.37,-62.5,10,0.0,1
13,4837203,-1.6451,39.6,29.37,-68.5,10,0.0,1
13,4837929,-2.2987,39.6,29.38,-68.5,10,0.0,1
13,4838655,-1.7803,39.6,29.37,-62.5,10,0.0,1
13,4839381,-3.2677,39.6,29.37,-68.5,10,0.0,1
13,4840107,-1.9832,39.6,29.37,-68.5,10,0.0,1
13,4840833,-2.9072,39.6,29.37,-62.5,10,0.0,1
13,4841559,-2.5916,40.6,29.37,-68.5,10,0.0,1
13,4842285,-1.7803,39.6,29.37,-62.5,10,0.0,1
13,4843011,-1.9156,39.6,29.37,-62.5,10,0.0,1
13,4843737,-2.3437,40.6,29.37,-68.5,10,0.0,1
13,4844463,-2.3437,39.6,29.37,-68.5,10,0.0,1
13,4845189,-2.5691,39.6,29.37,-68.0,10,0.0,1
13,4845915,-2.0959,39.6,29.37,-68.5,10,0.0,1
13,4846641,-3.2452,39.6,29.37,-68.5,10,0.0,1
13,4847367,-2.1635,39.6,29.37,-62.5,10,0.0,1
13,4848093,-1.7803,39.6,29.37,-68.5,10,0.0,1
13,4848819,-2.2987,39.6,29.38,-62.5,10,0.0,1
14,4849545,-2.6818,40.6,29.38,-62.5,10,0.0,1
14,4850271,-1.6902,40.6,29.38,-62.5,10,0.0,1
14,4850997,-1.9156,40.6,29.37,-62.5,10,0.0,1
14,4851723,-2.9297,39.6,29.37,-62.5,10,0.0,1
14,4852449,-2.6818,39.6,29.37,-62.5,10,0.0,1
14,4853175,-1.8254,40.6,29.37,-62.0,10,0.0,1
14,4853901,-3.1776,40.6,29.37,-62.0,10,0.0,1
14,4854627,-1.5099,39.6,29.37,-68.0,10,0.0,1
14,4855353,-2.6593,39.6,29.37,-68.5,10,0.0,1
14,4856079,-3.2677,39.6,29.37,-68.0,10,0.0,1
14,4856805,-1.3071,39.6,29.37,-62.5,10,0.0,1
14,4857531,-2.3888,39.6,29.37,-68.0,10,0.0,1
14,4858257,-2.7269,39.6,29.37,-62.5,10,0.0,1
14,4858983,-3.3128,39.6,29.37,-62.5,10,0.0,1
14,4859709,-2.5015,39.6,29.37,-62.0,10,0.0,1
14,4860435,-3.0198,40.6,29.37,-62.5,10,0.0,1
14,4861161,-3.0874,40.6,29.37,-62.5,10,0.0,1
14,4861887,-2.5916,39.6,29.37,-62.0,10,0.0,1
14,4862613,-2.3663,40.6,29.37,-62.5,10,0.0,1
14,4863339,-2.5466,40.6,29.37,-62.5,10,0.0,1
14,4864065,-1.9156,40.6,29.37,-62.5,10,0.0,1
14,4864791,-2.1409,40.6,29.37,-62.5,10,0.0,1
14,4865517,-3.0198,39.6,29.37,-62.0,10,0.0,1
14,4866243,-3.0198,39.6,29.37,-62.0,10,0.0,1
14,4866969,-2.5916,39.6,29.37,-62.5,10,0.0,1
14,4867695,-3.1325,39.6,29.38,-62.5,10,0.0,1
14,4868421,-1.2169,39.6,29.37,-62.5,10,0.0,1
14,4869147,-2.7043,40.6,29.37,-68.5,10,0.0,1
14,4869873,-2.7269,40.6,29.37,-62.0,10,0.0,1
14,4870599,-2.6818,40.6,29.37,-62.5,10,0.0,1
14,4871325,-1.2169,40.6,29.37,-68.0,10,0.0,1
14,4872051,-2.6367,40.6,29.37,-62.0,10,0.0,1
14,4872777,-2.5240,40.6,29.37,-62.0,10,0.0,1
14,4873503,-1.9381,40.6,29.37,-62.5,10,0.0,1
14,4874229,-1.9381,40.6,29.37,-62.5,10,0.0,1
14,4874955,-2.2987,40.6,29.37,-62.5,10,0.0,1
14,4875681,-3.2903,40.6,29.38,-68.0,10,0.0,1
14,4876407,-2.9297,40.6,29.38,-68.5,10,0.0,1
14,4877133,-1.8480,39.6,29.37,-62.5,10,0.0,1
14,4877859,-3.4255,39.6,29.37,-68.5,10,0.0,1
14,4878585,-2.5240,39.6,29.37,-68.5,10,0.0,1
14,4879311,-2.0057,40.6,29.38,-62.5,10,0.0,1
14,4880037,-2.6593,40.6,29.37,-68.5,10,0.0,1
14,4880763,-2.2311,40.6,29.38,-62.5,10,0.0,1
14,4881489,-3.0874,40.6,29.38,-68.5,10,0.0,1
14,4882215,-3.0874,40.6,29.38,-68.5,10,0.0,1
14,4882941,-2.7719,40.6,29.38,-68.5,10,0.0,1
14,4883667,-3.1550,40.6,29.38,-62.0,10,0.0,1
14,4884393,-1.2846,39.6,29.38,-62.5,10,0.0,1
14,4885119,-1.8029,39.6,29.38,-68.5,10,0.0,1
14,4885845,-2.9072,39.6,29.38,-62.5,10,0.0,1
14,4886571,-2.6593,39.6,29.37,-62.0,10,0.0,1
14,4887297,-2.5916,39.6,29.38,-68.5,10,0.0,1
14,4888023,-3.2903,39.6,29.38,-62.0,10,0.0,1
14,4888749,-2.5916,39.6,29.38,-68.5,10,0.0,1
14,4889475,-2.2311,39.6,29.38,-62.5,10,0.0,1
14,4890201,-2.2311,39.6,29.38,-62.5,10,0.0,1
14,4890927,-2.8846,39.6,29.38,-62.5,10,0.0,1
14,4891653,-2.2987,39.6,29.38,-68.5,10,0.0,1
14,4892379,-3.3804,39.6,29.38,-68.5,10,0.0,1
14,4893105,-1.3972,40.6,29.38,-62.5,10,0.0,1
14,4893831,-3.2001,40.6,29.38,-62.5,10,0.0,1
14,4894557,-2.9748,40.6,29.38,-62.5,10,0.0,1
14,4895283,-3.2452,40.6,29.38,-68.5,10,0.0,1
14,4896009,-2.3212,40.6,29.38,-68.5,10,0.0,1
14,4896735,-2.9973,40.6,29.38,-62.5,10,0.0,1
14,4897461,-2.0508,40.6,29.38,-62.0,10,0.0,1
14,4898187,-2.0508,40.6,29.38,-62.0,10,0.0,1
14,4898913,-3.0649,40.6,29.38,-68.5,10,0.0,1
14,4899639,-2.7494,39.6,29.38,-68.0,10,0.0,1
14,4900365,-3.4255,40.6,29.38,-68.5,10,0.0,1
14,4901091,-1.3522,40.6,29.38,-68.5,10,0.0,1
14,4901817,-2.5466,40.6,29.38,-68.0,10,0.0,1
14,4902543,-2.0057,40.6,29.37,-68.0,10,0.0,1
14,4903269,-2.3212,39.6,29.38,-62.5,10,0.0,1
14,4903995,-2.6593,39.6,29.38,-62.5,10,0.0,1
14,4904721,-1.8705,39.6,29.38,-62.5,10,0.0,1
14,4905447,-1.1043,39.6,29.38,-68.0,10,0.0,1
14,4906173,-1.9606,39.6,29.38,-62.5,10,0.0,1
14,4906899,-3.2677,39.6,29.38,-62.5,10,0.0,1
14,4907625,-3.1325,39.6,29.38,-62.5,10,0.0,1
14,4908351,-2.7269,39.6,29.38,-62.5,10,0.0,1
14,4909077,-3.2001,39.6,29.38,-62.5,10,0.0,1
14,4909803,-3.1325,40.6,29.38,-62.5,10,0.0,1
14,4910529,-3.3353,39.6,29.38,-62.5,10,0.0,1
14,4911255,-2.2761,40.6,29.38,-62.5,10,0.0,1
14,4911981,-3.6283,40.6,29.38,-62.5,10,0.0,1
14,4912707,-3.3353,39.6,29.38,-62.5,10,0.0,1
14,4913433,-2.5916,39.6,29.38,-68.5,10,0.0,1
14,4914159,-2.0057,40.6,29.37,-68.5,10,0.0,1
14,4914885,-2.5691,40.6,29.38,-62.5,10,0.0,1
14,4915611,-1.8480,39.6,29.38,-68.0,10,0.0,1
14,4916337,-2.4790,40.6,29.38,-62.0,10,0.0,1
14,4917063,-2.5240,39.6,29.38,-62.0,10,0.0,1
14,4917789,-2.8395,39.6,29.38,-62.5,10,0.0,1
14,4918515,-1.2169,39.6,29.37,-62.0,10,0.0,1
14,4919241,-3.0424,40.6,29.38,-62.0,10,0.0,1
14,4919967,-3.0424,40.6,29.37,-62.0,10,0.0,1
14,4920693,-2.3212,40.6,29.38,-62.5,10,0.0,1
14,4921419,-1.5099,40.6,29.38,-68.5,10,0.0,1
14,4922145,-2.3888,39.6,29.38,-68.0,10,0.0,1
14,4922871,-3.1550,39.6,29.38,-62.5,10,0.0,1
14,4923597,-2.6367,39.6,29.38,-68.5,10,0.0,1
14,4924323,-2.3888,39.6,29.38,-62.0,10,0.0,1
14,4925049,-2.2536,39.6,29.38,-62.5,10,0.0,1
14,4925775,-2.6593,39.6,29.38,-62.0,10,0.0,1
14,4926501,-3.1776,39.6,29.38,-62.5,10,0.0,1
14,4927227,-2.3437,39.6,29.37,-68.0,10,0.0,1
14,4927953,-2.3437,39.6,29.38,-68.0,10,0.0,1
14,4928679,-1.9832,39.6,29.37,-68.5,10,0.0,1
14,4929405,-2.6367,40.6,29.37,-68.0,10,0.0,1
14,4930131,-2.2085,40.6,29.38,-68.5,10,0.0,1
14,4930857,-1.6001,39.6,29.38,-62.5,10,0.0,1
14,4931583,-1.3522,39.6,29.38,-62.0,10,0.0,1
14,4932309,-3.3353,40.6,29.38,-62.5,10,0.0,1
14,4933035,-2.5466,40.6,29.38,-62.5,10,0.0,1
14,4933761,-2.1409,39.6,29.38,-68.5,10,0.0,1
14,4934487,-2.6593,39.6,29.38,-62.5,10,0.0,1
14,4935213,-2.6818,39.6,29.38,-62.0,10,0.0,1
14,4935939,-2.6818,40.6,29.38,-62.0,10,0.0,1
14,4936665,-2.7719,40.6,29.38,-62.0,10,0.0,1
14,4937391,-2.0282,40.6,29.38,-62.5,10,0.0,1
14,4938117,-1.6226,40.6,29.38,-68.5,10,0.0,1
14,4938843,-2.0282,40.6,29.38,-62.5,10,0.0,1
14,4939569,-1.7353,40.6,29.38,-62.5,10,0.0,1
14,4940295,-2.2085,40.6,29.38,-62.5,10,0.0,1
14,4941021,-3.2677,40.6,29.38,-68.0,10,0.0,1
14,4941747,-1.4423,40.6,29.38,-62.5,10,0.0,1
14,4942473,-2.3437,40.6,29.38,-62.5,10,0.0,1
14,4943199,-2.8395,40.6,29.38,-62.5,10,0.0,1
14,4943925,-2.8395,40.6,29.38,-62.5,10,0.0,1
14,4944651,-3.0874,40.6,29.37,-68.5,10,0.0,1
14,4945377,-1.3071,40.6,29.37,-62.5,10,0.0,1
14,4946103,-2.4114,40.6,29.37,-62.5,10,0.0,1
14,4946829,-2.8846,40.6,29.38,-62.5,10,0.0,1
14,4947555,-2.2085,40.6,29.38,-68.5,10,0.0,1
14,4948281,-1.8480,40.6,29.38,-62.5,10,0.0,1
14,4949007,-2.4790,39.6,29.38,-62.5,10,0.0,1
14,4949733,-2.4114,39.6,29.38,-68.5,10,0.0,1
14,4950459,-2.7269,39.6,29.38,-62.5,10,0.0,1
14,4951185,-1.6677,39.6,29.38,-62.5,10,0.0,1
14,4951911,-1.6677,39.6,29.38,-62.5,10,0.0,1
14,4952637,-2.4339,39.6,29.38,-68.5,10,0.0,1
14,4953363,-2.9973,39.6,29.38,-62.5,10,0.0,1
14,4954089,-2.6818,39.6,29.37,-62.5,10,0.0,1
14,4954815,-3.2452,39.6,29.38,-68.5,10,0.0,1
14,4955541,-2.2311,39.6,29.38,-62.5,10,0.0,1
14,4956267,-2.9522,39.6,29.37,-62.5,10,0.0,1
14,4956993,-1.4874,39.6,29.37,-68.0,10,0.0,1
14,4957719,-2.6818,39.6,29.37,-68.0,10,0.0,1
14,4958445,-2.0282,39.6,29.37,-62.5,10,0.0,1
14,4959171,-2.6142,39.6,29.37,-68.0,10,0.0,1
14,4959897,-2.6142,40.6,29.38,-68.0,10,0.0,1
14,4960623,-2.4339,40.6,29.38,-62.5,10,0.0,1
14,4961349,-3.1325,40.6,29.38,-62.0,10,0.0,1
14,4962075,-2.5240,40.6,29.38,-68.5,10,0.0,1
14,4962801,-2.3437,39.6,29.38,-62.5,10,0.0,1
14,4963527,-2.0733,40.6,29.38,-68.0,10,0.0,1
14,4964253,-2.7494,39.6,29.38,-62.5,10,0.0,1
14,4964979,-2.5015,40.6,29.38,-62.5,10,0.0,1
14,4965705,-2.1409,40.6,29.38,-68.0,10,0.0,1
14,4966431,-2.6367,40.6,29.38,-62.5,10,0.0,1
14,4967157,-2.6367,40.6,29.38,-62.5,10,0.0,1
14,4967883,-2.2987,40.6,29.38,-62.5,10,0.0,1
14,4968609,-2.3888,39.6,29.38,-68.5,10,0.0,1
14,4969335,-3.2903,39.6,29.38,-62.0,10,0.0,1
14,4970061,-1.8029,39.6,29.38,-62.5,10,0.0,1
14,4970787,-3.1100,39.6,29.38,-62.5,10,0.0,1
14,4971513,-2.9522,39.6,29.38,-68.5,10,0.0,1
14,4972239,-2.2987,39.6,29.38,-68.5,10,0.0,1
14,4972965,-2.0733,39.6,29.38,-62.5,10,0.0,1
14,4973691,-42.6833,39.6,29.38,-62.5,10,0.0,0
14,4974417,-2.6818,39.6,29.38,-62.5,10,0.0,1
14,4975143,-3.2677,39.6,29.38,-62.5,10,0.0,1
14,4975869,-2.2311,39.6,29.38,-62.0,10,0.0,1
14,4976595,-2.9297,40.6,29.38,-62.5,10,0.0,1
14,4977321,-2.1409,39.6,29.38,-68.0,10,0.0,1
14,4978047,-2.3212,40.6,29.38,-62.5,10,0.0,1
14,4978773,-2.4339,40.6,29.38,-62.0,10,0.0,1
14,4979499,-2.6367,40.6,29.38,-62.5,10,0.0,1
14,4980225,-2.4790,40.6,29.38,-68.0,10,0.0,1
14,4980951,-2.9072,40.6,29.38,-62.0,10,0.0,1
14,4981677,-2.9072,40.6,29.38,-62.0,10,0.0,1
14,4982403,-3.2227,40.6,29.38,-62.5,10,0.0,1
14,4983129,-2.9973,40.6,29.38,-62.0,10,0.0,1
14,4983855,-1.8930,40.6,29.38,-68.0,10,0.0,1
14,4984581,-3.2001,40.6,29.38,-62.5,10,0.0,1
14,4985307,-2.3663,40.6,29.38,-68.0,10,0.0,1
14,4986033,-1.3747,39.6,29.38,-68.0,10,0.0,1
14,4986759,-2.5916,40.6,29.38,-62.5,10,0.0,1
14,4987485,-2.5240,40.6,29.38,-68.5,10,0.0,1
14,4988211,-2.1409,40.6,29.38,-62.5,10,0.0,1
14,4988937,-2.5691,40.6,29.38,-62.0,10,0.0,1
14,4989663,-2.5691,39.6,29.38,-62.0,10,0.0,1
14,4990389,-1.8705,40.6,29.38,-68.5,10,0.0,1
14,4991115,-2.2761,40.6,29.38,-68.0,10,0.0,1
14,4991841,-2.6593,39.6,29.38,-68.5,10,0.0,1
14,4992567,-1.8930,39.6,29.38,-63.0,10,0.0,1
14,4993293,-2.7043,39.6,29.38,-62.5,10,0.0,1
14,4994019,-2.8395,40.6,29.38,-62.5,10,0.0,1
14,4994745,-2.9748,39.6,29.38,-62.5,10,0.0,1
14,4995471,-2.2987,40.6,29.38,-68.5,10,0.0,1
14,4996197,-3.2452,40.6,29.38,-62.5,10,0.0,1
14,4996923,-2.3888,40.6,29.38,-62.5,10,0.0,1
14,4997649,-2.3888,39.6,29.38,-62.5,10,0.0,1
14,4998375,-2.4564,39.6,29.38,-62.0,10,0.0,1
14,4999101,-2.4339,40.6,29.38,-62.5,10,0.0,1
14,4999827,-1.9156,39.6,29.38,-62.5,10,0.0,1
14,5000553,-2.3888,39.6,29.38,-62.5,10,0.0,1
14,5001279,-2.5466,40.6,29.38,-62.5,10,0.0,1
14,5002005,-2.6142,40.6,29.39,-62.5,10,0.0,1
14,5002731,-2.3212,40.6,29.38,-62.5,10,0.0,1
14,5003457,-2.4339,39.6,29.38,-68.5,10,0.0,1
14,5004183,-1.6001,40.6,29.38,-62.5,10,0.0,1
14,5004909,-1.3296,40.6,29.38,-62.0,10,0.0,1
14,5005635,-1.3296,40.6,29.38,-62.0,10,0.0,1
14,5006361,-2.7269,40.6,29.38,-62.5,10,0.0,1
14,5007087,-2.6142,40.6,29.38,-62.5,10,0.0,1
14,5007813,-1.9381,40.6,29.38,-62.5,10,0.0,1
14,5008539,-1.9381,39.6,29.39,-68.5,10,0.0,1
14,5009265,-3.3128,39.6,29.38,-68.5,10,0.0,1
14,5009991,-3.0424,39.6,29.38,-62.0,10,0.0,1
14,5010717,-2.4564,40.6,29.38,-68.5,10,0.0,1
14,5011443,-2.7494,40.6,29.38,-62.0,10,0.0,1
14,5012169,-2.2311,40.6,29.38,-62.5,10,0.0,1
14,5012895,-2.5466,39.6,29.38,-62.5,10,0.0,1
14,5013621,-2.5466,40.6,29.38,-62.5,10,0.0,1
14,5014347,-3.2227,40.6,29.39,-62.0,10,0.0,1
14,5015073,-3.5156,39.6,29.39,-62.0,10,0.0,1
14,5015799,-2.2987,39.6,29.38,-62.0,10,0.0,1
14,5016525,-3.0198,38.6,29.38,-62.0,10,0.0,1
14,5017251,-2.5015,39.6,29.38,-68.0,10,0.0,1
14,5017977,-3.4029,38.6,29.39,-62.5,10,0.0,1
14,5018703,-2.8170,38.6,29.38,-62.5,10,0.0,1
14,5019429,-1.2846,39.6,29.39,-68.5,10,0.0,1
14,5020155,-3.2227,39.6,29.39,-62.5,10,0.0,1
14,5020881,-2.9522,39.6,29.38,-62.5,10,0.0,1
14,5021607,-2.6142,40.6,29.38,-62.5,10,0.0,1
14,5022333,-2.8395,40.6,29.38,-62.0,10,0.0,1
14,5023059,-2.8170,40.6,29.38,-62.5,10,0.0,1
14,5023785,-1.6226,40.6,29.39,-68.5,10,0.0,1
14,5024511,-2.3888,40.6,29.39,-62.5,10,0.0,1
14,5025237,-2.9072,40.6,29.38,-68.0,10,0.0,1
14,5025963,-2.5691,39.6,29.38,-62.5,10,0.0,1
14,5026689,-1.8029,39.6,29.38,-62.5,10,0.0,1
14,5027415,-5.4988,39.6,29.38,-62.0,10,0.0,0
14,5028141,-3.0198,39.6,29.39,-62.5,10,0.0,1
14,5028867,-1.6001,40.6,29.39,-62.5,10,0.0,1
14,5029593,-2.5691,39.6,29.38,-62.5,10,0.0,1
14,5030319,-2.7945,40.6,29.38,-68.5,10,0.0,1
14,5031045,-2.2085,39.6,29.39,-62.5,10,0.0,1
14,5031771,-1.9381,40.6,29.39,-62.5,10,0.0,1
14,5032497,-3.7184,40.6,29.39,-62.5,10,0.0,1
14,5033223,-2.1184,40.6,29.39,-68.5,10,0.0,1
14,5033949,-1.4874,40.6,29.38,-62.5,10,0.0,1
14,5034675,-2.8170,39.6,29.38,-62.5,10,0.0,1
14,5035401,-2.8170,40.6,29.39,-62.5,10,0.0,1
14,5036127,-2.1860,40.6,29.39,-62.0,10,0.0,1
14,5036853,-1.6451,39.6,29.39,-62.5,10,0.0,1
14,5037579,-3.2001,40.6,29.39,-62.5,10,0.0,1
14,5038305,-3.2452,40.6,29.39,-62.5,10,0.0,1
14,5039031,-2.4339,40.6,29.38,-62.5,10,0.0,1
14,5039757,-1.8705,40.6,29.39,-62.5,10,0.0,1
14,5040483,-2.3888,40.6,29.39,-62.5,10,0.0,1
14,5041209,-3.3353,40.6,29.38,-62.5,10,0.0,1
14,5041935,-2.0959,39.6,29.38,-62.5,10,0.0,1
14,5042661,-2.8621,39.6,29.39,-62.5,10,0.0,1
14,5043387,-2.8621,39.6,29.39,-62.5,10,0.0,1
14,5044113,-2.5240,39.6,29.39,-62.5,10,0.0,1
14,5044839,-2.2085,39.6,29.38,-62.5,10,0.0,1
14,5045565,-3.3128,39.6,29.38,-62.0,10,0.0,1
14,5046291,-1.8930,40.6,29.39,-68.0,10,0.0,1
14,5047017,-3.3804,40.6,29.39,-68.5,10,0.0,1
14,5047743,-2.9748,39.6,29.38,-62.5,10,0.0,1
14,5048469,-2.2085,39.6,29.39,-68.5,10,0.0,1
14,5049195,-3.5832,39.6,29.39,-62.0,10,0.0,1
14,5049921,-1.7127,39.6,29.38,-62.5,10,0.0,1
14,5050647,-2.2536,39.6,29.38,-62.5,10,0.0,1
14,5051373,-2.2536,40.6,29.39,-62.5,10,0.0,1
14,5052099,-2.9297,39.6,29.39,-62.5,10,0.0,1
14,5052825,-3.1100,39.6,29.38,-62.5,10,0.0,1
14,5053551,-3.3579,39.6,29.38,-62.5,10,0.0,1
14,5054277,-2.6818,40.6,29.39,-62.5,10,0.0,1
14,5055003,-2.9748,40.6,29.38,-62.5,10,0.0,1
14,5055729,-2.4114,40.6,29.39,-62.5,10,0.0,1
14,5056455,-2.0057,40.6,29.39,-68.5,10,0.0,1
14,5057181,-1.8480,40.6,29.39,-62.5,10,0.0,1
14,5057907,-1.6677,40.6,29.38,-68.0,10,0.0,1
14,5058633,-2.2761,40.6,29.39,-62.0,10,0.0,1
14,5059359,-2.2761,40.6,29.39,-62.0,10,0.0,1
14,5060085,-2.3212,40.6,29.38,-62.5,10,0.0,1
14,5060811,-2.4114,40.6,29.39,-68.5,10,0.0,1
14,5061537,-2.7494,40.6,29.39,-62.5,10,0.0,1
14,5062263,-2.5466,40.6,29.39,-62.5,10,0.0,1
14,5062989,-2.2761,39.6,29.39,-62.5,10,0.0,1
14,5063715,-2.7494,40.6,29.39,-62.5,10,0.0,1
14,5064441,-2.2536,40.6,29.39,-68.0,10,0.0,1
14,5065167,-2.0282,40.6,29.39,-62.5,10,0.0,1
14,5065893,-2.4339,40.6,29.38,-62.0,10,0.0,1
14,5066619,-2.7719,40.6,29.39,-68.0,10,0.0,1
14,5067345,-2.7719,40.6,29.39,-68.0,10,0.0,1
14,5068071,-1.4648,39.6,29.39,-68.5,10,0.0,1
14,5068797,-2.7494,39.6,29.39,-62.5,10,0.0,1
14,5069523,-1.8254,39.6,29.39,-62.5,10,0.0,1
14,5070249,-3.3579,39.6,29.39,-62.0,10,0.0,1
14,5070975,-1.6902,39.6,29.39,-62.5,10,0.0,1
14,5071701,-2.4114,40.6,29.39,-68.0,10,0.0,1
14,5072427,-1.9381,40.6,29.39,-62.5,10,0.0,1
14,5073153,-2.2085,40.6,29.39,-62.0,10,0.0,1
14,5073879,-2.0057,40.6,29.39,-62.5,10,0.0,1
14,5074605,-2.5916,40.6,29.39,-62.5,10,0.0,1
14,5075331,-0.9691,39.6,29.39,-62.5,10,0.0,1
14,5076057,-1.9832,39.6,29.39,-62.5,10,0.0,1
14,5076783,-1.7127,39.6,29.39,-62.5,10,0.0,1
14,5077509,-2.0057,39.6,29.39,-62.5,10,0.0,1
14,5078235,-2.9522,40.6,29.39,-68.0,10,0.0,1
14,5078961,-2.0959,40.6,29.39,-62.5,10,0.0,1
14,5079687,-2.3888,40.6,29.39,-62.5,10,0.0,1
14,5080413,-2.4564,40.6,29.39,-62.5,10,0.0,1
14,5081139,-3.6283,40.6,29.39,-62.5,10,0.0,1
14,5081865,-2.6367,40.6,29.39,-62.5,10,0.0,1
14,5082591,-2.1860,40.6,29.39,-62.5,10,0.0,1
14,5083317,-1.7803,40.6,29.39,-62.5,10,0.0,1
14,5084043,-2.5015,40.6,29.39,-62.5,10,0.0,1
14,5084769,-2.2987,40.6,29.39,-62.0,10,0.0,1
14,5085495,-2.0733,40.6,29.39,-62.5,10,0.0,1
14,5086221,-2.4790,40.6,29.39,-62.0,10,0.0,1
14,5086947,-3.2677,39.6,29.39,-62.5,10,0.0,1
14,5087673,-2.6593,39.6,29.39,-62.5,10,0.0,1
14,5088399,-1.6001,40.6,29.39,-68.0,10,0.0,1
14,5089125,-1.6001,40.6,29.39,-68.0,10,0.0,1
14,5089851,-2.1635,40.6,29.39,-62.5,10,0.0,1
14,5090577,-1.8705,40.6,29.39,-62.5,10,0.0,1
14,5091303,-3.2001,40.6,29.39,-62.5,10,0.0,1
14,5092029,-2.3888,40.6,29.39,-62.5,10,0.0,1
14,5092755,-3.2677,40.6,29.39,-68.0,10,0.0,1
14,5093481,-1.8930,39.6,29.39,-68.5,10,0.0,1
14,5094207,-3.0649,39.6,29.39,-68.5,10,0.0,1
14,5094933,-2.6367,39.6,29.39,-68.5,10,0.0,1
14,5095659,-2.8621,39.6,29.39,-62.5,10,0.0,1
14,5096385,-1.1719,39.6,29.39,-68.5,10,0.0,1
14,5097111,-1.1719,39.6,29.39,-68.5,10,0.0,1
14,5097837,-1.5775,40.6,29.39,-62.5,10,0.0,1
14,5098563,-2.1184,40.6,29.39,-62.5,10,0.0,1
14,5099289,-2.2311,39.6,29.39,-62.5,10,0.0,1
14,5100015,-2.4114,40.6,29.39,-62.5,10,0.0,1
14,5100741,-2.3437,40.6,29.39,-62.5,10,0.0,1
14,5101467,-2.0733,39.6,29.39,-62.5,10,0.0,1
14,5102193,-1.3747,40.6,29.39,-62.5,10,0.0,1
14,5102919,-2.2085,40.6,29.40,-62.5,10,0.0,1
14,5103645,-2.7269,40.6,29.39,-62.5,10,0.0,1
14,5104371,-2.5015,40.6,29.39,-62.5,10,0.0,1
14,5105097,-2.5015,40.6,29.39,-62.5,10,0.0,1
14,5105823,-3.2227,40.6,29.39,-68.0,10,0.0,1
14,5106549,-2.7043,40.6,29.40,-62.5,10,0.0,1
14,5107275,-1.6902,40.6,29.39,-62.5,10,0.0,1
14,5108001,-3.0874,40.6,29.39,-68.5,10,0.0,1
14,5108727,-2.7494,40.6,29.39,-62.5,10,0.0,1
14,5109453,-2.5015,40.6,29.39,-62.5,10,0.0,1
14,5110179,-2.9748,40.6,29.39,-62.5,10,0.0,1
14,5110905,-2.0508,40.6,29.39,-68.5,10,0.0,1
14,5111631,-2.8170,40.6,29.39,-62.5,10,0.0,1
14,5112357,-3.4480,40.6,29.40,-68.5,10,0.0,1
14,5113083,-3.4480,39.6,29.39,-68.5,10,0.0,1
14,5113809,-2.8846,39.6,29.39,-62.5,10,0.0,1
14,5114535,-2.0959,39.6,29.40,-62.5,10,0.0,1
14,5115261,-2.7269,39.6,29.39,-62.5,10,0.0,1
14,5115987,-2.1860,40.6,29.39,-62.5,10,0.0,1
14,5116713,-2.3437,39.6,29.39,-68.5,10,0.0,1
14,5117439,-3.0874,40.6,29.39,-62.5,10,0.0,1
14,5118165,-3.0874,40.6,29.39,-62.5,10,0.0,1
14,5118891,-2.5015,40.6,29.39,-68.0,10,0.0,1
14,5119617,-2.4339,40.6,29.39,-62.5,10,0.0,1
14,5120343,-2.3212,40.6,29.39,-62.5,10,0.0,1
14,5121069,-2.3212,40.6,29.39,-62.5,10,0.0,1
14,5121795,-2.1409,40.6,29.39,-62.5,10,0.0,1
14,5122521,-2.2536,40.6,29.39,-62.5,10,0.0,1
14,5123247,-1.4648,40.6,29.39,-62.5,10,0.0,1
14,5123973,-2.9072,40.6,29.39,-68.5,10,0.0,1
14,5124699,-2.1409,40.6,29.39,-62.5,10,0.0,1
14,5125425,-3.0649,39.6,29.39,-62.5,10,0.0,1
14,5126151,-3.2001,39.6,29.39,-68.5,10,0.0,1
14,5126877,-1.7353,40.6,29.39,-62.5,10,0.0,1
14,5127603,-2.6593,39.6,29.39,-62.5,10,0.0,1
14,5128329,-2.4339,40.6,29.39,-62.5,10,0.0,1
14,5129055,-2.4114,38.6,29.40,-62.5,10,0.0,1
14,5129781,-3.2452,39.6,29.39,-62.5,10,0.0,1
14,5130507,-2.0959,39.6,29.39,-68.0,10,0.0,1
14,5131233,-2.1860,40.6,29.39,-62.5,10,0.0,1
14,5131959,-2.0057,40.6,29.39,-62.5,10,0.0,1
14,5132685,-2.2085,39.6,29.39,-68.0,10,0.0,1
14,5133411,-1.9832,39.6,29.39,-68.0,10,0.0,1
14,5134137,-2.8170,39.6,29.39,-62.0,10,0.0,1
14,5134863,-3.6734,39.6,29.39,-68.5,10,0.0,1
14,5135589,-2.7043,39.6,29.40,-62.0,10,0.0,1
14,5136315,-1.8930,39.6,29.39,-68.5,10,0.0,1
14,5137041,-2.1184,39.6,29.40,-62.0,10,0.0,1
14,5137767,-2.2311,39.6,29.39,-68.5,10,0.0,1
14,5138493,-1.8254,39.6,29.40,-62.5,10,0.0,1
14,5139219,-2.6367,39.6,29.40,-68.5,10,0.0,1
14,5139945,-1.9606,39.6,29.40,-68.0,10,0.0,1
14,5140671,-3.0874,40.6,29.39,-62.5,10,0.0,1
14,5141397,-2.7494,40.6,29.39,-68.5,10,0.0,1
14,5142123,-2.5015,39.6,29.39,-68.0,10,0.0,1
14,5142849,-2.5015,39.6,29.39,-68.0,10,0.0,1
14,5143575,-2.2761,40.6,29.40,-68.5,10,0.0,1
14,5144301,-2.8395,40.6,29.39,-62.5,10,0.0,1
14,5145027,-2.1184,40.6,29.39,-62.5,10,0.0,1
14,5145753,-3.1550,40.6,29.40,-62.5,10,0.0,1
14,5146479,-3.0874,40.6,29.40,-68.5,10,0.0,1
14,5147205,-2.7719,40.6,29.40,-62.0,10,0.0,1
14,5147931,-3.2903,40.6,29.40,-68.5,10,0.0,1
14,5148657,-2.4790,40.6,29.40,-68.5,10,0.0,1
14,5149383,-2.1635,40.6,29.39,-63.0,10,0.0,1
14,5150109,-1.7578,39.6,29.39,-62.5,10,0.0,1
14,5150835,-1.7578,39.6,29.39,-62.5,10,0.0,1
14,5151561,-2.3437,39.6,29.39,-62.0,10,0.0,1
14,5152287,-3.3579,40.6,29.39,-62.0,10,0.0,1
14,5153013,-3.4706,40.6,29.39,-62.0,10,0.0,1
14,5153739,-2.6593,40.6,29.39,-68.5,10,0.0,1
14,5154465,-2.9072,40.6,29.39,-62.5,10,0.0,1
14,5155191,-2.2987,40.6,29.39,-62.5,10,0.0,1
14,5155917,-1.1944,39.6,29.39,-62.5,10,0.0,1
14,5156643,-2.0282,40.6,29.39,-68.0,10,0.0,1
14,5157369,-1.5550,40.6,29.39,-62.5,10,0.0,1
14,5158095,-2.7719,40.6,29.39,-62.5,10,0.0,1
14,5158821,-2.7719,40.6,29.39,-62.5,10,0.0,1
14,5159547,-1.2846,39.6,29.39,-68.5,10,0.0,1
14,5160273,-2.6367,40.6,29.39,-62.0,10,0.0,1
14,5160999,-2.0508,40.6,29.39,-62.5,10,0.0,1
14,5161725,-2.0508,39.6,29.39,-62.5,10,0.0,1
14,5162451,-1.4648,39.6,29.39,-62.5,10,0.0,1
14,5163177,-2.4564,40.6,29.39,-62.5,10,0.0,1
14,5163903,-2.4339,40.6,29.39,-62.5,10,0.0,1
14,5164629,-1.6001,40.6,29.39,-62.0,10,0.0,1
14,5165355,-2.0959,40.6,29.39,-68.5,10,0.0,1
14,5166081,-3.3128,39.6,29.39,-62.5,10,0.0,1
14,5166807,-3.3128,39.6,29.39,-62.5,10,0.0,1
14,5167533,-2.4114,39.6,29.39,-62.5,10,0.0,1
14,5168259,-2.9297,39.6,29.39,-68.5,10,0.0,1
14,5168985,-3.2677,40.6,29.39,-62.5,10,0.0,1
14,5169711,-2.7269,39.6,29.39,-62.5,10,0.0,1
14,5170437,-2.9973,40.6,29.40,-62.0,10,0.0,1
14,5171163,-2.0508,40.6,29.40,-62.0,10,0.0,1
14,5171889,-3.3579,39.6,29.39,-62.5,10,0.0,1
14,5172615,-2.0282,40.6,29.39,-68.0,10,0.0,1
14,5173341,-2.3888,40.6,29.40,-62.5,10,0.0,1
14,5174067,-2.1184,40.6,29.39,-68.5,10,0.0,1
14,5174793,-2.1184,40.6,29.39,-68.5,10,0.0,1
14,5175519,-3.0198,39.6,29.40,-62.5,10,0.0,1
14,5176245,-3.4931,39.6,29.40,-62.5,10,0.0,1
14,5176971,-3.0424,39.6,29.39,-62.5,10,0.0,1
14,5177697,-2.2987,39.6,29.40,-62.5,10,0.0,1
14,5178423,-3.4931,39.6,29.39,-62.5,10,0.0,1
14,5179149,-2.7269,40.6,29.40,-68.0,10,0.0,1
14,5179875,-2.2987,40.6,29.39,-68.0,10,0.0,1
14,5180601,-2.9522,40.6,29.39,-62.5,10,0.0,1
14,5181327,-2.6818,39.6,29.39,-62.5,10,0.0,1
14,5182053,-1.1043,39.6,29.39,-62.5,10,0.0,1
14,5182779,-2.4790,39.6,29.39,-62.5,10,0.0,1
14,5183505,-2.8170,40.6,29.39,-68.5,10,0.0,1
14,5184231,-3.2903,40.6,29.40,-62.5,10,0.0,1
14,5184957,-2.3663,40.6,29.39,-62.5,10,0.0,1
14,5185683,-2.4114,39.6,29.39,-68.5,10,0.0,1
14,5186409,-2.2311,40.6,29.39,-63.0,10,0.0,1
14,5187135,-2.3663,40.6,29.39,-62.0,10,0.0,1
14,5187861,-2.9973,40.6,29.39,-62.5,10,0.0,1
14,5188587,-2.3212,40.6,29.39,-68.5,10,0.0,1
14,5189313,-2.7269,40.6,29.39,-62.0,10,0.0,1
14,5190039,-3.2227,40.6,29.39,-62.5,10,0.0,1
14,5190765,-2.1860,39.6,29.39,-62.5,10,0.0,1
14,5191491,-2.1184,40.6,29.39,-62.0,10,0.0,1
14,5192217,-2.9522,39.6,29.39,-62.5,10,0.0,1
14,5192943,-1.5099,39.6,29.39,-68.0,10,0.0,1
14,5193669,-1.7127,39.6,29.39,-68.5,10,0.0,1
14,5194395,-1.9381,39.6,29.39,-62.0,10,0.0,1
14,5195121,-2.9522,40.6,29.39,-62.0,10,0.0,1
14,5195847,-1.8930,40.6,29.39,-62.5,10,0.0,1
14,5196573,-1.8930,40.6,29.39,-62.5,10,0.0,1
14,5197299,-2.5015,40.6,29.39,-68.5,10,0.0,1
14,5198025,-3.2227,40.6,29.39,-68.0,10,0.0,1
14,5198751,-2.3888,40.6,29.39,-62.5,10,0.0,1
14,5199477,-2.6367,40.6,29.39,-62.0,10,0.0,1
14,5200203,-2.5015,40.6,29.39,-62.5,10,0.0,1
14,5200929,-1.2620,39.6,29.39,-68.0,10,0.0,1
14,5201655,-1.8480,40.6,29.39,-62.5,10,0.0,1
14,5202381,-2.2085,39.6,29.39,-62.5,10,0.0,1
14,5203107,-2.4339,39.6,29.39,-62.5,10,0.0,1
14,5203833,-2.5240,40.6,29.39,-68.0,10,0.0,1
14,5204559,-2.5240,40.6,29.39,-68.0,10,0.0,1
14,5205285,-1.6677,40.6,29.39,-62.0,10,0.0,1
14,5206011,-2.8846,40.6,29.39,-69.0,10,0.0,1
14,5206737,-2.4790,39.6,29.39,-68.0,10,0.0,1
14,5207463,-1.0367,39.6,29.39,-62.5,10,0.0,1
14,5208189,-2.5015,40.6,29.39,-68.5,10,0.0,1
14,5208915,-3.1100,40.6,29.39,-68.0,10,0.0,1
14,5209641,-1.6226,40.6,29.39,-68.5,10,0.0,1
14,5210367,-2.6593,40.6,29.39,-62.5,10,0.0,1
14,5211093,-2.0508,40.6,29.39,-68.5,10,0.0,1
14,5211819,-2.9522,40.6,29.39,-62.5,10,0.0,1
15,5212545,-2.9522,40.6,29.39,-62.5,10,0.0,1
15,5213271,-1.8254,40.6,29.39,-62.5,10,0.0,1
15,5213997,-2.9297,40.6,29.40,-68.5,10,0.0,1
15,5214723,-2.5916,40.6,29.40,-62.5,10,0.0,1
15,5215449,-2.5015,40.6,29.39,-62.0,10,0.0,1
15,5216175,-3.2227,40.6,29.39,-62.0,10,0.0,1
15,5216901,-2.2311,40.6,29.40,-62.5,10,0.0,1
15,5217627,-3.0198,40.6,29.39,-62.5,10,0.0,1
15,5218353,-2.9072,40.6,29.39,-62.5,10,0.0,1
15,5219079,-2.3888,40.6,29.39,-62.5,10,0.0,1
15,5219805,-1.6902,40.6,29.39,-68.5,10,0.0,1
15,5220531,-1.6902,39.6,29.39,-68.5,10,0.0,1
15,5221257,-2.0282,39.6,29.39,-68.5,10,0.0,1
15,5221983,-1.8029,39.6,29.39,-68.5,10,0.0,1
15,5222709,-2.2085,39.6,29.39,-62.5,10,0.0,1
15,5223435,-2.2536,40.6,29.39,-62.5,10,0.0,1
15,5224161,-2.2536,40.6,29.39,-68.5,10,0.0,1
15,5224887,-3.1100,40.6,29.40,-62.0,10,0.0,1
15,5225613,-2.0959,40.6,29.39,-68.0,10,0.0,1
15,5226339,-2.3212,40.6,29.40,-62.5,10,0.0,1
15,5227065,-2.1635,40.6,29.40,-62.5,10,0.0,1
15,5227791,-2.8170,40.6,29.40,-62.5,10,0.0,1
15,5228517,-2.8170,40.6,29.40,-62.5,10,0.0,1
15,5229243,-3.1776,40.6,29.40,-62.5,10,0.0,1
15,5229969,-2.3437,39.6,29.40,-62.5,10,0.0,1
15,5230695,-2.0508,40.6,29.40,-62.5,10,0.0,1
15,5231421,-2.7494,40.6,29.39,-62.0,10,0.0,1
15,5232147,-2.5466,40.6,29.40,-62.5,10,0.0,1
15,5232873,-2.6818,39.6,29.40,-68.0,10,0.0,1
15,5233599,-2.0959,40.6,29.39,-62.5,10,0.0,1
15,5234325,-2.3212,39.6,29.39,-68.0,10,0.0,1
15,5235051,-2.2536,40.6,29.39,-62.0,10,0.0,1
15,5235777,-2.7945,39.6,29.40,-62.5,10,0.0,1
15,5236503,-2.7945,39.6,29.39,-62.5,10,0.0,1
15,5237229,-2.7719,39.6,29.39,-68.5,10,0.0,1
15,5237955,-2.7043,39.6,29.39,-62.5,10,0.0,1
15,5238681,-1.8480,40.6,29.40,-62.5,10,0.0,1
15,5239407,-2.0057,39.6,29.40,-62.0,10,0.0,1
15,5240133,-2.8170,40.6,29.40,-62.0,10,0.0,1
15,5240859,-2.6593,39.6,29.40,-62.5,10,0.0,1
15,5241585,-3.3128,40.6,29.39,-62.5,10,0.0,1
15,5242311,-2.6367,39.6,29.40,-68.5,10,0.0,1
15,5243037,-2.3437,40.6,29.40,-68.5,10,0.0,1
15,5243763,-2.4114,40.6,29.39,-62.5,10,0.0,1
15,5244489,-2.3888,40.6,29.39,-62.5,10,0.0,1
15,5245215,-1.4648,40.6,29.40,-68.0,10,0.0,1
15,5245941,-2.2761,40.6,29.39,-62.0,10,0.0,1
15,5246667,-2.4339,40.6,29.40,-62.5,10,0.0,1
15,5247393,-2.9072,40.6,29.40,-68.5,10,0.0,1
15,5248119,-1.9156,40.6,29.40,-62.5,10,0.0,1
15,5248845,-2.2987,39.6,29.39,-68.5,10,0.0,1
15,5249571,-2.1409,39.6,29.40,-68.0,10,0.0,1
15,5250297,-12.1019,40.6,29.39,-42.0,10,0.0,0
15,5251023,-1.8930,39.6,29.39,-62.5,10,0.0,1
15,5251749,-2.9973,39.6,29.40,-62.5,10,0.0,1
15,5252475,-2.7269,39.6,29.40,-62.5,10,0.0,1
15,5253201,-3.3579,39.6,29.39,-62.5,10,0.0,1
15,5253927,-3.1100,39.6,29.39,-62.5,10,0.0,1
15,5254653,-2.2987,39.6,29.39,-68.0,10,0.0,1
15,5255379,-3.3579,39.6,29.39,-68.0,10,0.0,1
15,5256105,-2.8846,39.6,29.39,-62.0,10,0.0,1
15,5256831,-2.4339,39.6,29.39,-62.5,10,0.0,1
15,5257557,-2.3437,40.6,29.40,-68.0,10,0.0,1
15,5258283,-2.3437,40.6,29.40,-68.0,10,0.0,1
15,5259009,-2.5691,40.6,29.40,-62.5,10,0.0,1
15,5259735,-2.6142,39.6,29.40,-62.0,10,0.0,1
15,5260461,-3.5156,39.6,29.39,-62.0,10,0.0,1
15,5261187,-2.5916,39.6,29.39,-62.5,10,0.0,1
15,5261913,-3.1325,39.6,29.39,-62.0,10,0.0,1
15,5262639,-2.1860,39.6,29.40,-62.5,10,0.0,1
15,5263365,-3.3128,39.6,29.40,-62.5,10,0.0,1
15,5264091,-3.1550,40.6,29.40,-62.5,10,0.0,1
15,5264817,-2.3212,39.6,29.39,-62.5,10,0.0,1
15,5265543,-2.3437,39.6,29.40,-62.5,10,0.0,1
15,5266269,-2.3437,40.6,29.40,-62.5,10,0.0,1
15,5266995,-3.3579,40.6,29.40,-62.5,10,0.0,1
15,5267721,-2.2761,39.6,29.39,-68.5,10,0.0,1
15,5268447,-2.4564,39.6,29.40,-62.5,10,0.0,1
15,5269173,-3.4480,40.6,29.40,-68.0,10,0.0,1
15,5269899,-2.4564,40.6,29.40,-62.5,10,0.0,1
15,5270625,-2.9973,40.6,29.39,-62.5,10,0.0,1
15,5271351,-2.2085,40.6,29.39,-62.5,10,0.0,1
15,5272077,-1.8254,40.6,29.40,-68.5,10,0.0,1
15,5272803,-2.9973,40.6,29.40,-62.5,10,0.0,1
15,5273529,-2.3437,40.6,29.40,-68.5,10,0.0,1
15,5274255,-2.3437,40.6,29.40,-68.5,10,0.0,1
15,5274981,-2.6367,40.6,29.40,-62.5,10,0.0,1
15,5275707,-2.3663,39.6,29.40,-62.5,10,0.0,1
15,5276433,-1.6902,39.6,29.40,-68.5,10,0.0,1
15,5277159,-1.7803,39.6,29.39,-62.5,10,0.0,1
15,5277885,-2.8395,39.6,29.40,-62.5,10,0.0,1
15,5278611,-2.3663,39.6,29.39,-62.5,10,0.0,1
15,5279337,-1.8029,39.6,29.39,-67.5,10,0.0,1
15,5280063,-1.7578,39.6,29.39,-68.0,10,0.0,1
15,5280789,-2.9297,39.6,29.40,-62.5,10,0.0,1
15,5281515,-3.2227,38.6,29.39,-62.5,10,0.0,1
15,5282241,-3.2227,38.6,29.40,-62.5,10,0.0,1
15,5282967,-1.8254,39.6,29.40,-62.5,10,0.0,1
15,5283693,-2.4564,39.6,29.40,-62.5,10,0.0,1
15,5284419,-3.2227,39.6,29.40,-68.0,10,0.0,1
15,5285145,-2.5466,39.6,29.40,-62.5,10,0.0,1
15,5285871,-2.7945,39.6,29.40,-68.5,10,0.0,1
15,5286597,-1.6451,39.6,29.40,-62.5,10,0.0,1
15,5287323,-2.0959,40.6,29.40,-68.0,10,0.0,1
15,5288049,-1.7803,39.6,29.40,-62.0,10,0.0,1
15,5288775,-3.3579,39.6,29.40,-62.5,10,0.0,1
15,5289501,-2.4564,39.6,29.40,-62.5,10,0.0,1
15,5290227,-2.4564,39.6,29.40,-62.5,10,0.0,1
15,5290953,-1.5550,39.6,29.40,-62.0,10,0.0,1
15,5291679,-2.4339,40.6,29.40,-62.0,10,0.0,1
15,5292405,-2.2311,39.6,29.40,-68.0,10,0.0,1
15,5293131,-2.3888,39.6,29.41,-62.5,10,0.0,1
15,5293857,-2.3212,40.6,29.40,-68.5,10,0.0,1
15,5294583,-2.5015,39.6,29.39,-62.5,10,0.0,1
15,5295309,-2.4339,40.6,29.40,-62.5,10,0.0,1
15,5296035,-3.3128,40.6,29.40,-68.5,10,0.0,1
15,5296761,-2.3437,40.6,29.40,-62.0,10,0.0,1
15,5297487,-3.3353,39.6,29.39,-62.5,10,0.0,1
15,5298213,-2.6142,39.6,29.40,-62.5,10,0.0,1
15,5298939,-2.0282,39.6,29.40,-68.5,10,0.0,1
15,5299665,-3.4029,39.6,29.40,-62.5,10,0.0,1
15,5300391,-3.1776,39.6,29.40,-62.0,10,0.0,1
15,5301117,-1.9381,39.6,29.40,-68.0,10,0.0,1
15,5301843,-2.3663,39.6,29.40,-68.5,10,0.0,1
15,5302569,-1.4198,39.6,29.40,-62.5,10,0.0,1
15,5303295,-1.5099,39.6,29.40,-62.5,10,0.0,1
15,5304021,-5.6115,39.6,29.40,-68.0,10,0.0,0
15,5304747,-1.7803,40.6,29.40,-62.5,10,0.0,1
15,5305473,-2.3437,39.6,29.40,-62.5,10,0.0,1
15,5306199,-2.7494,39.6,29.40,-62.5,10,0.0,1
15,5306925,-3.2001,39.6,29.40,-62.5,10,0.0,1
15,5307651,-2.0057,40.6,29.40,-68.0,10,0.0,1
15,5308377,-1.5099,39.6,29.40,-62.5,10,0.0,1
15,5309103,-2.6818,39.6,29.40,-62.5,10,0.0,1
15,5309829,-1.3972,40.6,29.40,-62.0,10,0.0,1
15,5310555,-1.5099,39.6,29.41,-62.0,10,0.0,1
15,5311281,-3.1776,40.6,29.40,-62.5,10,0.0,1
15,5312007,-3.1776,40.6,29.40,-62.5,10,0.0,1
15,5312733,-2.2311,39.6,29.40,-62.5,10,0.0,1
15,5313459,-2.5240,40.6,29.40,-62.5,10,0.0,1
15,5314185,-3.1325,39.6,29.40,-62.5,10,0.0,1
15,5314911,-2.4790,39.6,29.40,-68.5,10,0.0,1
15,5315637,-2.6142,39.6,29.40,-68.5,10,0.0,1
15,5316363,-2.0282,39.6,29.40,-62.5,10,0.0,1
15,5317089,-2.2761,39.6,29.40,-62.5,10,0.0,1
15,5317815,-1.8705,40.6,29.40,-62.5,10,0.0,1
15,5318541,-2.3212,40.6,29.40,-68.0,10,0.0,1
15,5319267,-2.7269,40.6,29.40,-68.5,10,0.0,1
15,5319993,-2.7269,40.6,29.41,-68.5,10,0.0,1
15,5320719,-2.3663,39.6,29.40,-68.0,10,0.0,1
15,5321445,-2.1860,40.6,29.40,-62.0,10,0.0,1
15,5322171,-2.4790,40.6,29.40,-68.0,10,0.0,1
15,5322897,-3.1776,40.6,29.40,-62.5,10,0.0,1
15,5323623,-2.1184,40.6,29.40,-62.5,10,0.0,1
15,5324349,-1.6677,40.6,29.40,-68.0,10,0.0,1
15,5325075,-2.0282,40.6,29.40,-68.5,10,0.0,1
15,5325801,-2.0057,39.6,29.40,-62.5,10,0.0,1
15,5326527,-3.3353,39.6,29.41,-62.5,10,0.0,1
15,5327253,-2.2085,39.6,29.40,-62.5,10,0.0,1
15,5327979,-2.2085,39.6,29.40,-62.5,10,0.0,1
15,5328705,-3.1550,40.6,29.40,-62.5,10,0.0,1
15,5329431,-3.1100,40.6,29.40,-62.5,10,0.0,1
15,5330157,-1.8705,39.6,29.40,-62.5,10,0.0,1
15,5330883,-2.3212,39.6,29.40,-68.0,10,0.0,1
15,5331609,-2.6818,40.6,29.40,-68.5,10,0.0,1
15,5332335,-3.0874,40.6,29.40,-62.0,10,0.0,1
15,5333061,-2.4114,40.6,29.40,-62.5,10,0.0,1
15,5333787,-1.4648,40.6,29.40,-62.5,10,0.0,1
15,5334513,-3.3804,40.6,29.40,-62.5,10,0.0,1
15,5335239,-3.2227,39.6,29.40,-68.5,10,0.0,1
15,5335965,-3.2227,40.6,29.40,-68.5,10,0.0,1
15,5336691,-2.4790,40.6,29.40,-68.0,10,0.0,1
15,5337417,-2.8621,40.6,29.40,-62.0,10,0.0,1
15,5338143,-1.8480,39.6,29.40,-62.5,10,0.0,1
15,5338869,-1.4423,39.6,29.40,-68.5,10,0.0,1
15,5339595,-1.6451,39.6,29.41,-62.5,10,0.0,1
15,5340321,-3.6058,39.6,29.40,-62.5,10,0.0,1
15,5341047,-2.6142,40.6,29.40,-62.5,10,0.0,1
15,5341773,-2.7043,39.6,29.40,-68.0,10,0.0,1
15,5342499,-2.4790,40.6,29.40,-62.5,10,0.0,1
15,5343225,-2.6818,39.6,29.41,-68.0,10,0.0,1
15,5343951,-2.6818,39.6,29.41,-68.0,10,0.0,1
15,5344677,-2.0508,39.6,29.41,-62.0,10,0.0,1
15,5345403,-2.7043,39.6,29.41,-62.0,10,0.0,1
15,5346129,-1.6677,39.6,29.40,-68.0,10,0.0,1
15,5346855,-2.1409,39.6,29.40,-62.0,10,0.0,1
15,5347581,-1.5099,39.6,29.40,-62.5,10,0.0,1
15,5348307,-1.7803,40.6,29.40,-62.5,10,0.0,1
15,5349033,-2.5240,40.6,29.40,-68.5,10,0.0,1
15,5349759,-2.9522,39.6,29.40,-62.5,10,0.0,1
15,5350485,-1.8930,39.6,29.40,-68.0,10,0.0,1
15,5351211,-2.5691,38.6,29.40,-62.0,10,0.0,1
15,5351937,-1.8930,39.6,29.41,-62.5,10,0.0,1
15,5352663,-1.9156,39.6,29.40,-68.5,10,0.0,1
15,5353389,-2.4564,39.6,29.40,-62.5,10,0.0,1
15,5354115,-1.7353,39.6,29.40,-68.5,10,0.0,1
15,5354841,-2.6593,39.6,29.40,-62.0,10,0.0,1
15,5355567,-3.5156,39.6,29.40,-62.0,10,0.0,1
15,5356293,-3.0198,39.6,29.40,-62.5,10,0.0,1
15,5357019,-1.8930,39.6,29.40,-62.5,10,0.0,1
15,5357745,-4.0340,39.6,29.40,-62.5,10,0.0,1
15,5358471,-2.7494,39.6,29.40,-62.0,10,0.0,1
15,5359197,-2.7945,39.6,29.41,-62.5,10,0.0,1
15,5359923,-2.2987,39.6,29.40,-68.5,10,0.0,1
15,5360649,-2.2311,39.6,29.40,-68.0,10,0.0,1
15,5361375,-3.2452,40.6,29.40,-68.5,10,0.0,1
15,5362101,-1.6677,40.6,29.40,-62.5,10,0.0,1
15,5362827,-1.5099,39.6,29.40,-62.5,10,0.0,1
15,5363553,-2.1635,40.6,29.40,-68.0,10,0.0,1
15,5364279,-2.4114,40.6,29.40,-62.5,10,0.0,1
15,5365005,-2.2085,40.6,29.40,-68.5,10,0.0,1
15,5365731,-2.2085,40.6,29.40,-68.5,10,0.0,1
15,5366457,-1.5325,40.6,29.40,-62.5,10,0.0,1
15,5367183,-3.0424,40.6,29.40,-62.0,10,0.0,1
15,5367909,-2.2536,40.6,29.40,-62.5,10,0.0,1
15,5368635,-3.4706,40.6,29.40,-62.5,10,0.0,1
15,5369361,-3.1550,40.6,29.40,-62.5,10,0.0,1
15,5370087,-1.5775,40.6,29.40,-62.5,10,0.0,1
15,5370813,-2.8395,40.6,29.40,-68.5,10,0.0,1
15,5371539,-2.5916,40.6,29.40,-62.5,10,0.0,1
15,5372265,-1.6001,40.6,29.40,-68.0,10,0.0,1
15,5372991,-2.5240,40.6,29.40,-68.5,10,0.0,1
15,5373717,-2.5240,40.6,29.40,-68.5,10,0.0,1
15,5374443,-2.1184,40.6,29.40,-62.0,10,0.0,1
15,5375169,-2.0733,40.6,29.40,-68.0,10,0.0,1
15,5375895,-2.3663,40.6,29.40,-62.5,10,0.0,1
15,5376621,-1.9156,40.6,29.40,-62.0,10,0.0,1
15,5377347,-2.2085,40.6,29.40,-68.0,10,0.0,1
15,5378073,-3.2677,39.6,29.40,-62.5,10,0.0,1
15,5378799,-2.5015,39.6,29.40,-68.5,10,0.0,1
15,5379525,-2.1860,39.6,29.40,-62.5,10,0.0,1
15,5380251,-2.6367,40.6,29.40,-68.5,10,0.0,1
15,5380977,-2.7945,39.6,29.40,-62.0,10,0.0,1
15,5381703,-2.7945,39.6,29.40,-62.0,10,0.0,1
15,5382429,-3.4255,39.6,29.40,-62.5,10,0.0,1
15,5383155,-3.3579,39.6,29.40,-62.5,10,0.0,1
15,5383881,-1.6226,40.6,29.41,-62.5,10,0.0,1
15,5384607,-2.1409,39.6,29.40,-68.5,10,0.0,1
15,5385333,-3.4706,40.6,29.41,-62.5,10,0.0,1
15,5386059,-2.5466,40.6,29.41,-62.0,10,0.0,1
15,5386785,-1.8705,39.6,29.40,-62.5,10,0.0,1
15,5387511,-2.2536,39.6,29.40,-62.0,10,0.0,1
15,5388237,-3.2677,40.6,29.40,-62.5,10,0.0,1
15,5388963,-1.6451,39.6,29.40,-62.5,10,0.0,1
15,5389689,-1.6451,40.6,29.40,-62.5,10,0.0,1
15,5390415,-2.1635,39.6,29.40,-62.5,10,0.0,1
15,5391141,-3.4029,39.6,29.40,-62.5,10,0.0,1
15,5391867,-3.5382,39.6,29.40,-62.5,10,0.0,1
15,5392593,-2.9072,39.6,29.40,-68.0,10,0.0,1
15,5393319,-3.0874,39.6,29.40,-68.5,10,0.0,1
15,5394045,-3.0874,39.6,29.40,-62.0,10,0.0,1
15,5394771,-3.0198,39.6,29.41,-62.5,10,0.0,1
15,5395497,-2.1184,38.6,29.40,-62.5,10,0.0,1
15,5396223,-1.8930,39.6,29.41,-62.0,10,0.0,1
15,5396949,-3.1776,39.6,29.41,-68.0,10,0.0,1
15,5397675,-3.1776,39.6,29.41,-68.0,10,0.0,1
15,5398401,-2.2987,39.6,29.41,-62.5,10,0.0,1
15,5399127,-1.6226,39.6,29.41,-62.5,10,0.0,1
15,5399853,-3.0198,40.6,29.41,-62.0,10,0.0,1
15,5400579,-3.2001,40.6,29.41,-62.5,10,0.0,1
15,5401305,-2.0057,40.6,29.41,-68.5,10,0.0,1
15,5402031,-2.2536,39.6,29.41,-62.5,10,0.0,1
15,5402757,-2.6367,39.6,29.41,-62.5,10,0.0,1
15,5403483,-2.3212,40.6,29.41,-68.0,10,0.0,1
15,5404209,-2.3212,40.6,29.41,-62.5,10,0.0,1
15,5404935,-2.8846,40.6,29.41,-62.0,10,0.0,1
15,5405661,-2.7719,40.6,29.40,-62.5,10,0.0,1
15,5406387,-3.0198,39.6,29.40,-68.5,10,0.0,1
15,5407113,-2.3212,40.6,29.41,-62.5,10,0.0,1
15,5407839,-2.6593,40.6,29.40,-62.5,10,0.0,1
15,5408565,-2.7269,39.6,29.40,-62.0,10,0.0,1
15,5409291,-2.4790,40.6,29.40,-68.0,10,0.0,1
15,5410017,-1.6677,40.6,29.40,-62.5,10,0.0,1
15,5410743,-2.8846,40.6,29.40,-62.5,10,0.0,1
15,5411469,-3.0198,40.6,29.40,-62.0,10,0.0,1
15,5412195,-2.6367,40.6,29.40,-62.5,10,0.0,1
15,5412921,-1.2395,40.6,29.41,-62.5,10,0.0,1
15,5413647,-1.3747,40.6,29.41,-62.5,10,0.0,1
15,5414373,-2.1409,40.6,29.40,-62.5,10,0.0,1
15,5415099,-3.1550,40.6,29.40,-62.5,10,0.0,1
15,5415825,-2.2085,40.6,29.41,-62.5,10,0.0,1
15,5416551,-2.2761,40.6,29.40,-62.0,10,0.0,1
15,5417277,-3.3128,40.6,29.41,-62.5,10,0.0,1
15,5418003,-3.2227,40.6,29.40,-62.5,10,0.0,1
15,5418729,-2.3888,39.6,29.40,-62.5,10,0.0,1
15,5419455,-2.3888,39.6,29.40,-62.5,10,0.0,1
15,5420181,-3.1325,40.6,29.40,-62.0,10,0.0,1
15,5420907,-2.8621,40.6,29.40,-62.5,10,0.0,1
15,5421633,-2.2085,40.6,29.40,-62.5,10,0.0,1
15,5422359,-2.4790,40.6,29.40,-62.5,10,0.0,1
15,5423085,-2.8621,40.6,29.40,-62.5,10,0.0,1
15,5423811,-1.9381,40.6,29.40,-68.5,10,0.0,1
15,5424537,-2.0282,40.6,29.40,-62.5,10,0.0,1
15,5425263,-1.9381,39.6,29.40,-62.0,10,0.0,1
15,5425989,-2.3663,40.6,29.41,-62.5,10,0.0,1
15,5426715,-2.2761,39.6,29.41,-62.5,10,0.0,1
15,5427441,-2.2761,39.6,29.40,-62.5,10,0.0,1
15,5428167,-2.2311,39.6,29.40,-62.5,10,0.0,1
15,5428893,-2.6818,39.6,29.41,-62.0,10,0.0,1
15,5429619,-1.3522,40.6,29.40,-62.5,10,0.0,1
15,5430345,-2.4114,40.6,29.40,-62.5,10,0.0,1
15,5431071,-2.3437,40.6,29.41,-62.5,10,0.0,1
15,5431797,-2.6593,40.6,29.41,-62.5,10,0.0,1
15,5432523,-2.2761,40.6,29.40,-62.0,10,0.0,1
15,5433249,-1.4648,40.6,29.40,-68.5,10,0.0,1
15,5433975,-2.6818,40.6,29.40,-62.5,10,0.0,1
15,5434701,-2.2761,40.6,29.40,-68.5,10,0.0,1
15,5435427,-2.2761,40.6,29.41,-68.5,10,0.0,1
15,5436153,-3.0649,40.6,29.41,-62.5,10,0.0,1
15,5436879,-2.1184,40.6,29.41,-62.5,10,0.0,1
15,5437605,-3.3353,40.6,29.41,-62.0,10,0.0,1
15,5438331,-2.3212,40.6,29.41,-68.0,10,0.0,1
15,5439057,-2.3888,40.6,29.41,-62.5,10,0.0,1
15,5439783,-3.3353,40.6,29.40,-68.5,10,0.0,1
15,5440509,-2.2311,40.6,29.41,-68.5,10,0.0,1
15,5441235,-3.2452,40.6,29.40,-62.5,10,0.0,1
15,5441961,-1.8705,40.6,29.41,-68.5,10,0.0,1
15,5442687,-2.5916,39.6,29.40,-68.5,10,0.0,1
15,5443413,-2.5916,39.6,29.40,-68.5,10,0.0,1
15,5444139,-1.5099,40.6,29.40,-68.5,10,0.0,1
15,5444865,-2.1860,40.6,29.40,-62.5,10,0.0,1
15,5445591,-2.8621,40.6,29.40,-62.5,10,0.0,1
15,5446317,-2.2987,40.6,29.40,-62.5,10,0.0,1
15,5447043,-2.3888,40.6,29.40,-62.5,10,0.0,1
15,5447769,-1.9832,40.6,29.40,-62.5,10,0.0,1
15,5448495,-3.1325,40.6,29.40,-62.5,10,0.0,1
15,5449221,-2.2536,39.6,29.40,-62.5,10,0.0,1
15,5449947,-2.0959,40.6,29.40,-62.0,10,0.0,1
15,5450673,-2.9297,40.6,29.40,-62.5,10,0.0,1
15,5451399,-2.9297,39.6,29.40,-62.5,10,0.0,1
15,5452125,-2.3663,39.6,29.40,-68.5,10,0.0,1
15,5452851,-1.0141,39.6,29.40,-62.5,10,0.0,1
15,5453577,-3.4931,39.6,29.40,-68.5,10,0.0,1
15,5454303,-2.8846,40.6,29.40,-62.5,10,0.0,1
15,5455029,-3.5607,39.6,29.40,-62.5,10,0.0,1
15,5455755,-1.4648,39.6,29.40,-62.5,10,0.0,1
15,5456481,-1.6451,39.6,29.40,-68.0,10,0.0,1
15,5457207,-2.9072,39.6,29.40,-68.0,10,0.0,1
15,5457933,-3.3128,39.6,29.40,-62.5,10,0.0,1
15,5458659,-1.5775,39.6,29.40,-62.5,10,0.0,1
15,5459385,-2.7494,39.6,29.40,-68.5,10,0.0,1
15,5460111,-3.2227,39.6,29.40,-68.0,10,0.0,1
15,5460837,-2.5691,38.6,29.40,-62.0,10,0.0,1
15,5461563,-2.1409,39.6,29.40,-62.5,10,0.0,1
15,5462289,-3.1100,39.6,29.40,-68.0,10,0.0,1
15,5463015,-2.8395,39.6,29.40,-62.5,10,0.0,1
15,5463741,-2.0959,39.6,29.41,-62.5,10,0.0,1
15,5464467,-1.4874,39.6,29.41,-68.5,10,0.0,1
15,5465193,-2.4339,39.6,29.41,-68.5,10,0.0,1
15,5465919,-3.5382,40.6,29.40,-62.0,10,0.0,1
15,5466645,-3.1100,39.6,29.41,-62.5,10,0.0,1
15,5467371,-2.0057,39.6,29.40,-62.5,10,0.0,1
15,5468097,-1.7353,39.6,29.41,-62.5,10,0.0,1
15,5468823,-3.0649,39.6,29.41,-62.5,10,0.0,1
15,5469549,-2.3212,39.6,29.41,-62.5,10,0.0,1
15,5470275,-2.4564,39.6,29.41,-62.5,10,0.0,1
15,5471001,-2.6818,39.6,29.41,-62.5,10,0.0,1
15,5471727,-2.8846,39.6,29.41,-62.0,10,0.0,1
15,5472453,-2.6593,39.6,29.41,-62.0,10,0.0,1
15,5473179,-2.6593,40.6,29.40,-62.0,10,0.0,1
15,5473905,-3.1100,39.6,29.41,-62.5,10,0.0,1
15,5474631,-2.8621,39.6,29.41,-62.0,10,0.0,1
15,5475357,-2.7269,40.6,29.41,-68.5,10,0.0,1
15,5476083,-3.0424,40.6,29.41,-68.5,10,0.0,1
15,5476809,-3.2001,40.6,29.40,-62.5,10,0.0,1
15,5477535,-1.5099,39.6,29.41,-68.0,10,0.0,1
15,5478261,-2.8395,39.6,29.41,-62.5,10,0.0,1
15,5478987,-3.0424,39.6,29.41,-68.5,10,0.0,1
15,5479713,-2.9522,39.6,29.41,-62.5,10,0.0,1
15,5480439,-1.6226,39.6,29.41,-62.5,10,0.0,1
15,5481165,-1.6226,40.6,29.41,-62.5,10,0.0,1
15,5481891,-2.8395,39.6,29.41,-68.5,10,0.0,1
15,5482617,-2.2085,39.6,29.41,-62.5,10,0.0,1
15,5483343,-2.5916,39.6,29.41,-62.5,10,0.0,1
15,5484069,-3.2903,40.6,29.41,-62.0,10,0.0,1
15,5484795,-1.9606,40.6,29.41,-68.0,10,0.0,1
15,5485521,-1.9381,40.6,29.42,-62.5,10,0.0,1
15,5486247,-3.2227,40.6,29.42,-62.5,10,0.0,1
15,5486973,-2.7494,40.6,29.41,-68.0,10,0.0,1
15,5487699,-2.1860,40.6,29.41,-62.5,10,0.0,1
15,5488425,-3.3579,39.6,29.41,-62.5,10,0.0,1
15,5489151,-3.3579,39.6,29.41,-62.5,10,0.0,1
15,5489877,-2.4790,40.6,29.41,-62.5,10,0.0,1
15,5490603,-2.9522,40.6,29.41,-68.0,10,0.0,1
15,5491329,-2.2311,40.6,29.40,-62.5,10,0.0,1
15,5492055,-2.4114,39.6,29.40,-62.5,10,0.0,1
15,5492781,-3.2227,39.6,29.40,-62.0,10,0.0,1
15,5493507,-2.9072,40.6,29.40,-62.5,10,0.0,1
15,5494233,-2.8395,40.6,29.40,-62.0,10,0.0,1
15,5494959,-3.2452,40.6,29.40,-68.5,10,0.0,1
15,5495685,-2.4790,40.6,29.40,-62.5,10,0.0,1
15,5496411,-2.0508,40.6,29.41,-62.5,10,0.0,1
15,5497137,-2.0508,40.6,29.41,-62.5,10,0.0,1
15,5497863,-3.1325,40.6,29.41,-62.5,10,0.0,1
15,5498589,-2.7945,40.6,29.40,-62.5,10,0.0,1
15,5499315,-2.3663,40.6,29.41,-62.0,10,0.0,1
15,5500041,-2.4114,40.6,29.40,-62.5,10,0.0,1
15,5500767,-2.3212,40.6,29.40,-62.5,10,0.0,1
15,5501493,-2.8846,40.6,29.41,-68.5,10,0.0,1
15,5502219,-1.8254,39.6,29.41,-68.0,10,0.0,1
15,5502945,-2.0733,39.6,29.41,-68.0,10,0.0,1
15,5503671,-3.3128,39.6,29.40,-62.5,10,0.0,1
15,5504397,-2.0282,39.6,29.40,-62.5,10,0.0,1
15,5505123,-2.0282,39.6,29.41,-62.5,10,0.0,1
15,5505849,-2.3437,40.6,29.40,-68.0,10,0.0,1
15,5506575,-1.5550,40.6,29.40,-62.5,10,0.0,1
15,5507301,-2.5691,40.6,29.40,-62.5,10,0.0,1
15,5508027,-2.1635,40.6,29.41,-68.5,10,0.0,1
15,5508753,-3.1325,40.6,29.41,-68.5,10,0.0,1
15,5509479,-3.5382,40.6,29.41,-62.5,10,0.0,1
15,5510205,-2.8621,40.6,29.41,-62.5,10,0.0,1
15,5510931,-2.0959,40.6,29.41,-68.0,10,0.0,1
15,5511657,-2.7043,40.6,29.41,-62.5,10,0.0,1
15,5512383,-3.1550,39.6,29.41,-62.5,10,0.0,1
15,5513109,-1.1719,40.6,29.41,-62.5,10,0.0,1
15,5513835,-3.2677,39.6,29.40,-62.5,10,0.0,1
15,5514561,-2.4339,39.6,29.41,-62.5,10,0.0,1
15,5515287,-2.2085,40.6,29.41,-68.5,10,0.0,1
15,5516013,-1.6677,40.6,29.41,-68.0,10,0.0,1
15,5516739,-1.4198,39.6,29.41,-62.0,10,0.0,1
15,5517465,-2.1184,40.6,29.41,-62.5,10,0.0,1
15,5518191,-3.1325,39.6,29.41,-62.5,10,0.0,1
15,5518917,-1.4648,39.6,29.41,-62.0,10,0.0,1
15,5519643,-2.6142,39.6,29.41,-62.5,10,0.0,1
15,5520369,-3.4480,39.6,29.41,-62.5,10,0.0,1
15,5521095,-2.7494,38.6,29.41,-62.5,10,0.0,1
15,5521821,-1.8705,38.6,29.41,-62.5,10,0.0,1
15,5522547,-2.2085,38.6,29.41,-68.5,10,0.0,1
15,5523273,-2.8846,38.6,29.41,-62.5,10,0.0,1
15,5523999,-3.4029,39.6,29.41,-62.5,10,0.0,1
15,5524725,-3.0424,39.6,29.41,-62.5,10,0.0,1
15,5525451,-2.2085,39.6,29.40,-62.5,10,0.0,1
15,5526177,-1.6902,39.6,29.41,-62.5,10,0.0,1
15,5526903,-31.4829,39.6,29.40,-68.5,10,0.0,0
15,5527629,-1.5099,40.6,29.41,-62.5,10,0.0,1
15,5528355,-2.9748,39.6,29.40,-62.5,10,0.0,1
15,5529081,-2.2311,39.6,29.42,-68.0,10,0.0,1
15,5529807,-2.7719,40.6,29.41,-68.0,10,0.0,1
15,5530533,-2.8170,40.6,29.42,-62.0,10,0.0,1
15,5531259,-2.6142,40.6,29.41,-62.5,10,0.0,1
15,5531985,-2.4564,40.6,29.41,-62.5,10,0.0,1
15,5532711,-2.7043,39.6,29.41,-62.5,10,0.0,1
15,5533437,-1.9156,39.6,29.41,-68.5,10,0.0,1
15,5534163,-1.6677,39.6,29.41,-63.0,10,0.0,1
15,5534889,-1.6677,39.6,29.41,-63.0,10,0.0,1
15,5535615,-2.2536,40.6,29.41,-62.5,10,0.0,1
15,5536341,-2.8395,40.6,29.42,-68.0,10,0.0,1
15,5537067,-2.9297,40.6,29.42,-62.5,10,0.0,1
15,5537793,-2.5916,40.6,29.42,-68.5,10,0.0,1
15,5538519,-2.6593,40.6,29.41,-62.5,10,0.0,1
15,5539245,-2.0733,40.6,29.41,-68.5,10,0.0,1
15,5539971,-3.1776,40.6,29.41,-62.5,10,0.0,1
15,5540697,-2.5240,40.6,29.41,-68.0,10,0.0,1
15,5541423,-2.8621,40.6,29.42,-62.5,10,0.0,1
15,5542149,-2.7945,40.6,29.41,-68.5,10,0.0,1
15,5542875,-2.7945,40.6,29.41,-68.5,10,0.0,1
15,5543601,-3.1325,40.6,29.41,-68.5,10,0.0,1
15,5544327,-3.2452,40.6,29.41,-62.5,10,0.0,1
15,5545053,-2.4564,40.6,29.41,-62.5,10,0.0,1
15,5545779,-2.1635,40.6,29.42,-68.0,10,0.0,1
15,5546505,-3.1100,39.6,29.41,-62.5,10,0.0,1
15,5547231,-2.0733,39.6,29.42,-62.5,10,0.0,1
15,5547957,-1.8705,39.6,29.42,-68.0,10,0.0,1
15,5548683,-1.7578,39.6,29.42,-68.5,10,0.0,1
15,5549409,-2.1860,39.6,29.41,-68.0,10,0.0,1
15,5550135,-1.4423,39.6,29.41,-62.0,10,0.0,1
15,5550861,-1.4423,39.6,29.41,-62.0,10,0.0,1
15,5551587,-2.3212,39.6,29.42,-62.0,10,0.0,1
15,5552313,-2.4790,39.6,29.41,-62.5,10,0.0,1
15,5553039,-2.0733,39.6,29.41,-62.5,10,0.0,1
15,5553765,-2.2761,40.6,29.41,-62.5,10,0.0,1
15,5554491,-2.6142,40.6,29.41,-68.5,10,0.0,1
15,5555217,-1.4423,40.6,29.42,-62.5,10,0.0,1
15,5555943,-2.3663,39.6,29.42,-62.5,10,0.0,1
15,5556669,-2.7494,40.6,29.42,-62.5,10,0.0,1
15,5557395,-2.5691,40.6,29.41,-62.5,10,0.0,1
15,5558121,-2.1184,40.6,29.41,-68.0,10,0.0,1
15,5558847,-2.1184,40.6,29.41,-68.0,10,0.0,1
15,5559573,-2.4114,39.6,29.41,-68.5,10,0.0,1
15,5560299,-2.5916,39.6,29.41,-68.0,10,0.0,1
15,5561025,-1.4198,40.6,29.41,-68.0,10,0.0,1
15,5561751,-1.6226,39.6,29.41,-62.5,10,0.0,1
15,5562477,-2.3212,39.6,29.42,-62.0,10,0.0,1
15,5563203,-2.6367,40.6,29.41,-62.0,10,0.0,1
15,5563929,-3.3579,40.6,29.41,-62.0,10,0.0,1
15,5564655,-2.4339,40.6,29.41,-62.5,10,0.0,1
15,5565381,-2.0282,40.6,29.41,-62.0,10,0.0,1
15,5566107,-2.9748,39.6,29.41,-68.5,10,0.0,1
15,5566833,-2.9748,40.6,29.41,-68.5,10,0.0,1
15,5567559,-2.7269,40.6,29.41,-68.5,10,0.0,1
15,5568285,-1.6677,40.6,29.40,-62.5,10,0.0,1
15,5569011,-1.7127,40.6,29.41,-67.5,10,0.0,1
15,5569737,-2.3663,40.6,29.41,-62.5,10,0.0,1
15,5570463,-1.4648,39.6,29.41,-62.5,10,0.0,1
15,5571189,-2.5916,39.6,29.42,-68.0,10,0.0,1
15,5571915,-2.2536,38.6,29.41,-68.0,10,0.0,1
15,5572641,-2.9748,39.6,29.41,-62.5,10,0.0,1
15,5573367,-2.0959,39.6,29.41,-62.5,10,0.0,1
15,5574093,-2.4564,40.6,29.42,-68.0,10,0.0,1
15,5574819,-3.1325,39.6,29.41,-68.5,10,0.0,1
16,5575545,-1.8029,39.6,29.42,-63.0,10,0.0,1
16,5576271,-3.1550,39.6,29.41,-68.0,10,0.0,1
16,5576997,-2.4114,40.6,29.41,-62.0,10,0.0,1
16,5577723,-3.0649,40.6,29.41,-62.5,10,0.0,1
16,5578449,-1.6226,40.6,29.42,-62.5,10,0.0,1
16,5579175,-1.6001,40.6,29.42,-68.5,10,0.0,1
16,5579901,-3.0198,39.6,29.42,-62.5,10,0.0,1
16,5580627,-9.5328,39.6,29.41,-62.5,10,0.0,0
16,5581353,-2.3888,39.6,29.41,-62.5,10,0.0,1
16,5582079,-2.3212,39.6,29.41,-62.5,10,0.0,1
16,5582805,-1.6226,40.6,29.42,-62.5,10,0.0,1
16,5583531,-2.6593,40.6,29.42,-68.0,10,0.0,1
16,5584257,-2.6818,40.6,29.42,-62.5,10,0.0,1
16,5584983,-1.7803,40.6,29.42,-62.5,10,0.0,1
16,5585709,-2.4790,39.6,29.42,-62.5,10,0.0,1
16,5586435,-1.3972,39.6,29.41,-62.5,10,0.0,1
16,5587161,-1.6226,39.6,29.42,-68.0,10,0.0,1
16,5587887,-1.3522,39.6,29.42,-62.0,10,0.0,1
16,5588613,-1.3522,39.6,29.42,-62.0,10,0.0,1
16,5589339,-2.4564,39.6,29.42,-68.0,10,0.0,1
16,5590065,-1.4874,39.6,29.42,-68.5,10,0.0,1
16,5590791,-3.1776,40.6,29.42,-68.5,10,0.0,1
16,5591517,-2.7945,40.6,29.42,-62.5,10,0.0,1
16,5592243,-3.4255,40.6,29.42,-68.0,10,0.0,1
16,5592969,-1.9156,40.6,29.42,-62.5,10,0.0,1
16,5593695,-1.3296,40.6,29.41,-62.5,10,0.0,1
16,5594421,-2.3437,40.6,29.42,-62.5,10,0.0,1
16,5595147,-2.3663,40.6,29.42,-68.5,10,0.0,1
16,5595873,-2.2085,40.6,29.42,-68.5,10,0.0,1
16,5596599,-2.2085,40.6,29.42,-68.5,10,0.0,1
16,5597325,-2.9973,39.6,29.42,-62.5,10,0.0,1
16,5598051,-2.5691,40.6,29.42,-62.5,10,0.0,1
16,5598777,-3.1325,40.6,29.42,-62.5,10,0.0,1
16,5599503,-3.3804,40.6,29.42,-68.5,10,0.0,1
16,5600229,-3.3128,39.6,29.42,-62.5,10,0.0,1
16,5600955,-2.4339,40.6,29.42,-68.5,10,0.0,1
16,5601681,-3.1776,40.6,29.42,-62.5,10,0.0,1
16,5602407,-3.1550,40.6,29.42,-62.0,10,0.0,1
16,5603133,-1.8254,40.6,29.42,-62.5,10,0.0,1
16,5603859,-2.8395,40.6,29.42,-68.5,10,0.0,1
16,5604585,-2.8395,40.6,29.42,-68.5,10,0.0,1
16,5605311,-2.5466,40.6,29.42,-62.5,10,0.0,1
16,5606037,-3.3128,40.6,29.41,-62.5,10,0.0,1
16,5606763,-2.5466,40.6,29.42,-62.0,10,0.0,1
16,5607489,-1.5325,40.6,29.42,-62.5,10,0.0,1
16,5608215,-1.8480,40.6,29.42,-68.0,10,0.0,1
16,5608941,-2.7043,40.6,29.42,-62.5,10,0.0,1
16,5609667,-3.2001,40.6,29.42,-62.5,10,0.0,1
16,5610393,-3.1325,40.6,29.42,-62.5,10,0.0,1
16,5611119,-2.0959,40.6,29.43,-62.5,10,0.0,1
16,5611845,-3.0424,40.6,29.42,-62.0,10,0.0,1
16,5612571,-3.0424,40.6,29.42,-62.0,10,0.0,1
16,5613297,-3.2001,40.6,29.42,-62.5,10,0.0,1
16,5614023,-2.4564,40.6,29.42,-63.0,10,0.0,1
16,5614749,-1.8930,39.6,29.42,-68.5,10,0.0,1
16,5615475,-3.2677,40.6,29.42,-62.5,10,0.0,1
16,5616201,-2.2536,39.6,29.42,-62.5,10,0.0,1
16,5616927,-2.1635,39.6,29.42,-62.5,10,0.0,1
16,5617653,-2.7269,39.6,29.42,-62.0,10,0.0,1
16,5618379,-1.2846,40.6,29.42,-68.5,10,0.0,1
16,5619105,-3.0424,40.6,29.42,-62.0,10,0.0,1
16,5619831,-2.6367,40.6,29.42,-62.5,10,0.0,1
16,5620557,-2.6367,40.6,29.42,-62.5,10,0.0,1
16,5621283,-2.2987,40.6,29.42,-62.5,10,0.0,1
16,5622009,-2.0508,40.6,29.42,-62.5,10,0.0,1
16,5622735,-2.8846,39.6,29.42,-62.5,10,0.0,1
16,5623461,-2.1860,39.6,29.42,-62.5,10,0.0,1
16,5624187,-3.2001,39.6,29.42,-68.0,10,0.0,1
16,5624913,-2.8170,39.6,29.41,-62.0,10,0.0,1
16,5625639,-3.4029,40.6,29.42,-62.5,10,0.0,1
16,5626365,-2.1860,40.6,29.42,-68.5,10,0.0,1
16,5627091,-2.9748,39.6,29.42,-62.5,10,0.0,1
16,5627817,-2.2536,39.6,29.42,-62.5,10,0.0,1
16,5628543,-2.7043,39.6,29.41,-68.5,10,0.0,1
16,5629269,-1.4648,40.6,29.42,-62.5,10,0.0,1
16,5629995,-2.9072,40.6,29.42,-62.5,10,0.0,1
16,5630721,-3.2903,40.6,29.42,-62.5,10,0.0,1
16,5631447,-3.2227,40.6,29.41,-68.0,10,0.0,1
16,5632173,-1.4874,40.6,29.42,-62.0,10,0.0,1
16,5632899,-2.2311,40.6,29.41,-68.5,10,0.0,1
16,5633625,-2.6142,40.6,29.42,-62.5,10,0.0,1
16,5634351,-3.1550,39.6,29.41,-62.0,10,0.0,1
16,5635077,-2.4339,40.6,29.41,-62.5,10,0.0,1
16,5635803,-2.2085,40.6,29.42,-62.0,10,0.0,1
16,5636529,-3.2452,40.6,29.42,-62.5,10,0.0,1
16,5637255,-1.8254,40.6,29.42,-62.5,10,0.0,1
16,5637981,-2.5466,40.6,29.42,-68.0,10,0.0,1
16,5638707,-2.0959,40.6,29.42,-62.5,10,0.0,1
16,5639433,-2.4564,40.6,29.42,-62.5,10,0.0,1
16,5640159,-2.5466,40.6,29.42,-62.5,10,0.0,1
16,5640885,-2.7494,40.6,29.42,-62.5,10,0.0,1
16,5641611,-2.5015,40.6,29.42,-62.5,10,0.0,1
16,5642337,-2.5015,40.6,29.42,-62.5,10,0.0,1
16,5643063,-2.5466,40.6,29.42,-62.5,10,0.0,1
16,5643789,-3.1776,40.6,29.41,-62.0,10,0.0,1
16,5644515,-1.7353,40.6,29.41,-67.5,10,0.0,1
16,5645241,-2.0959,40.6,29.42,-62.5,10,0.0,1
16,5645967,-3.3579,40.6,29.42,-68.0,10,0.0,1
16,5646693,-2.3888,40.6,29.42,-62.5,10,0.0,1
16,5647419,-2.6593,40.6,29.42,-62.5,10,0.0,1
16,5648145,-2.3888,40.6,29.42,-68.0,10,0.0,1
16,5648871,-1.6451,40.6,29.42,-68.0,10,0.0,1
16,5649597,-3.1550,40.6,29.42,-62.5,10,0.0,1
16,5650323,-3.1550,40.6,29.42,-62.5,10,0.0,1
16,5651049,-2.7269,39.6,29.42,-62.5,10,0.0,1
16,5651775,-2.7494,40.6,29.43,-63.0,10,0.0,1
16,5652501,-3.0198,40.6,29.42,-68.5,10,0.0,1
16,5653227,-1.9381,40.6,29.43,-68.5,10,0.0,1
16,5653953,-2.3437,40.6,29.42,-62.5,10,0.0,1
16,5654679,-2.3663,39.6,29.42,-62.5,10,0.0,1
16,5655405,-2.1860,40.6,29.42,-62.5,10,0.0,1
16,5656131,-2.6367,39.6,29.42,-62.0,10,0.0,1
16,5656857,-3.2677,39.6,29.42,-62.5,10,0.0,1
16,5657583,-3.1100,39.6,29.42,-62.5,10,0.0,1
16,5658309,-3.1100,40.6,29.42,-62.5,10,0.0,1
16,5659035,-2.3888,40.6,29.43,-62.5,10,0.0,1
16,5659761,-2.0057,40.6,29.42,-68.5,10,0.0,1
16,5660487,-2.2085,40.6,29.42,-62.5,10,0.0,1
16,5661213,-2.9973,40.6,29.42,-68.5,10,0.0,1
16,5661939,-2.0959,40.6,29.42,-62.0,10,0.0,1
16,5662665,-2.5691,40.6,29.42,-62.5,10,0.0,1
16,5663391,-3.3804,39.6,29.42,-62.5,10,0.0,1
16,5664117,-2.2085,39.6,29.42,-68.5,10,0.0,1
16,5664843,-1.8930,40.6,29.42,-62.5,10,0.0,1
16,5665569,-1.4648,39.6,29.42,-62.5,10,0.0,1
16,5666295,-1.4648,39.6,29.42,-62.5,10,0.0,1
16,5667021,-2.0733,39.6,29.42,-62.0,10,0.0,1
16,5667747,-2.9973,39.6,29.42,-62.5,10,0.0,1
16,5668473,-2.1860,40.6,29.43,-62.5,10,0.0,1
16,5669199,-3.4029,40.6,29.42,-62.5,10,0.0,1
16,5669925,-2.1860,40.6,29.43,-62.5,10,0.0,1
16,5670651,-1.6226,39.6,29.42,-68.0,10,0.0,1
16,5671377,-2.0959,40.6,29.42,-62.5,10,0.0,1
16,5672103,-2.4339,40.6,29.42,-62.5,10,0.0,1
16,5672829,-2.0959,40.6,29.42,-62.5,10,0.0,1
16,5673555,-2.7719,40.6,29.42,-68.5,10,0.0,1
16,5674281,-2.7719,40.6,29.42,-68.5,10,0.0,1
16,5675007,-2.0057,40.6,29.42,-68.5,10,0.0,1
16,5675733,-2.7945,40.6,29.42,-62.0,10,0.0,1
16,5676459,-3.2903,40.6,29.41,-62.5,10,0.0,1
16,5677185,-3.0649,40.6,29.41,-62.5,10,0.0,1
16,5677911,-3.0649,40.6,29.42,-62.0,10,0.0,1
16,5678637,-2.3212,40.6,29.41,-62.5,10,0.0,1
16,5679363,-2.3212,40.6,29.42,-62.5,10,0.0,1
16,5680089,-3.1550,39.6,29.42,-68.0,10,0.0,1
16,5680815,-2.4114,40.6,29.42,-62.5,10,0.0,1
16,5681541,-2.5015,40.6,29.42,-68.0,10,0.0,1
16,5682267,-2.9748,39.6,29.42,-68.5,10,0.0,1
16,5682993,-1.9381,40.6,29.42,-62.5,10,0.0,1
16,5683719,-2.3212,40.6,29.42,-68.5,10,0.0,1
16,5684445,-3.1776,40.6,29.42,-62.5,10,0.0,1
16,5685171,-3.1776,40.6,29.42,-62.5,10,0.0,1
16,5685897,-1.5550,40.6,29.42,-68.5,10,0.0,1
16,5686623,-2.4564,40.6,29.42,-68.0,10,0.0,1
16,5687349,-3.1100,40.6,29.42,-62.5,10,0.0,1
16,5688075,-4.3495,40.6,29.42,-62.0,10,0.0,1
16,5688801,-2.7043,39.6,29.42,-62.0,10,0.0,1
16,5689527,-2.2085,39.6,29.42,-62.5,10,0.0,1
16,5690253,-1.7578,39.6,29.42,-62.5,10,0.0,1
16,5690979,-2.4564,40.6,29.41,-62.5,10,0.0,1
16,5691705,-3.2677,39.6,29.42,-62.5,10,0.0,1
16,5692431,-3.0198,40.6,29.42,-62.5,10,0.0,1
16,5693157,-3.0424,40.6,29.42,-62.5,10,0.0,1
16,5693883,-2.9973,40.6,29.42,-68.0,10,0.0,1
16,5694609,-2.4339,40.6,29.42,-68.5,10,0.0,1
16,5695335,-2.8621,40.6,29.42,-62.5,10,0.0,1
16,5696061,-2.8621,40.6,29.42,-62.5,10,0.0,1
16,5696787,-2.9973,40.6,29.42,-68.0,10,0.0,1
16,5697513,-2.2987,40.6,29.42,-62.5,10,0.0,1
16,5698239,-2.2536,40.6,29.42,-62.5,10,0.0,1
16,5698965,-3.1550,40.6,29.42,-68.0,10,0.0,1
16,5699691,-3.6058,40.6,29.42,-62.5,10,0.0,1
16,5700417,-3.2227,40.6,29.42,-62.0,10,0.0,1
16,5701143,-1.1043,40.6,29.42,-62.5,10,0.0,1
16,5701869,-2.2536,40.6,29.42,-68.0,10,0.0,1
16,5702595,-3.1776,40.6,29.42,-62.5,10,0.0,1
16,5703321,-2.1635,40.6,29.42,-68.5,10,0.0,1
16,5704047,-2.1635,40.6,29.42,-68.5,10,0.0,1
16,5704773,-2.9297,40.6,29.42,-62.0,10,0.0,1
16,5705499,-3.1325,40.6,29.41,-62.5,10,0.0,1
16,5706225,-1.9606,40.6,29.41,-62.5,10,0.0,1
16,5706951,-1.8930,40.6,29.42,-68.5,10,0.0,1
16,5707677,-2.3212,40.6,29.42,-62.5,10,0.0,1
16,5708403,-1.9381,40.6,29.42,-62.5,10,0.0,1
16,5709129,-2.7719,39.6,29.42,-68.5,10,0.0,1
16,5709855,-2.3212,39.6,29.42,-62.5,10,0.0,1
16,5710581,-2.5240,40.6,29.42,-62.0,10,0.0,1
16,5711307,-2.4564,40.6,29.42,-68.5,10,0.0,1
16,5712033,-2.4564,40.6,29.42,-68.5,10,0.0,1
16,5712759,-2.3212,40.6,29.42,-68.5,10,0.0,1
16,5713485,-2.1860,40.6,29.42,-68.0,10,0.0,1
16,5714211,-2.1409,40.6,29.42,-62.0,10,0.0,1
16,5714937,-2.2761,40.6,29.42,-62.5,10,0.0,1
16,5715663,-3.0424,40.6,29.42,-68.5,10,0.0,1
16,5716389,-3.1325,40.6,29.42,-62.0,10,0.0,1
16,5717115,-2.2761,40.6,29.42,-62.5,10,0.0,1
16,5717841,-3.0198,40.6,29.42,-62.5,10,0.0,1
16,5718567,-2.9297,40.6,29.42,-68.5,10,0.0,1
16,5719293,-2.6818,40.6,29.42,-62.5,10,0.0,1
16,5720019,-2.6818,40.6,29.42,-62.5,10,0.0,1
16,5720745,-2.8621,40.6,29.42,-68.0,10,0.0,1
16,5721471,-1.9381,40.6,29.42,-68.0,10,0.0,1
16,5722197,-3.1325,39.6,29.42,-62.5,10,0.0,1
16,5722923,-2.6593,40.6,29.42,-62.5,10,0.0,1
16,5723649,-2.4339,40.6,29.42,-62.5,10,0.0,1
16,5724375,-2.2761,39.6,29.42,-62.5,10,0.0,1
16,5725101,-2.7269,39.6,29.42,-62.5,10,0.0,1
16,5725827,-1.7353,39.6,29.42,-68.0,10,0.0,1
16,5726553,-2.8170,40.6,29.42,-62.5,10,0.0,1
16,5727279,-1.9606,40.6,29.42,-68.0,10,0.0,1
16,5728005,-1.9606,40.6,29.42,-68.0,10,0.0,1
16,5728731,-2.9973,39.6,29.42,-62.5,10,0.0,1
16,5729457,-1.6451,40.6,29.42,-62.5,10,0.0,1
16,5730183,-2.9973,40.6,29.42,-62.0,10,0.0,1
16,5730909,-3.2452,40.6,29.42,-62.5,10,0.0,1
16,5731635,-3.0424,40.6,29.42,-62.5,10,0.0,1
16,5732361,-2.8170,39.6,29.42,-62.0,10,0.0,1
16,5733087,-2.2761,39.6,29.42,-62.0,10,0.0,1
16,5733813,-2.5691,39.6,29.42,-68.0,10,0.0,1
16,5734539,-1.6902,40.6,29.42,-62.5,10,0.0,1
16,5735265,-2.2085,39.6,29.42,-62.5,10,0.0,1
16,5735991,-2.8846,40.6,29.42,-62.5,10,0.0,1
16,5736717,-2.7269,40.6,29.42,-68.5,10,0.0,1
16,5737443,-3.4029,40.6,29.42,-68.5,10,0.0,1
16,5738169,-2.3663,40.6,29.41,-62.5,10,0.0,1
16,5738895,-3.1776,40.6,29.42,-62.5,10,0.0,1
16,5739621,-2.4564,40.6,29.42,-62.0,10,0.0,1
16,5740347,-3.2227,40.6,29.42,-62.5,10,0.0,1
16,5741073,-2.0057,40.6,29.42,-62.5,10,0.0,1
16,5741799,-1.8254,40.6,29.42,-62.5,10,0.0,1
16,5742525,-2.5240,39.6,29.42,-62.5,10,0.0,1
16,5743251,-3.2227,39.6,29.42,-62.5,10,0.0,1
16,5743977,-2.0508,39.6,29.42,-62.0,10,0.0,1
16,5744703,-2.2987,39.6,29.42,-68.0,10,0.0,1
16,5745429,-3.2677,40.6,29.42,-68.5,10,0.0,1
16,5746155,-2.8395,40.6,29.42,-62.5,10,0.0,1
16,5746881,-2.5015,39.6,29.41,-62.5,10,0.0,1
16,5747607,-2.3663,39.6,29.42,-62.5,10,0.0,1
16,5748333,-2.5015,39.6,29.42,-62.5,10,0.0,1
16,5749059,-3.2001,40.6,29.42,-62.0,10,0.0,1
16,5749785,-3.2001,40.6,29.42,-62.0,10,0.0,1
16,5750511,-3.1776,40.6,29.42,-68.0,10,0.0,1
16,5751237,-1.8705,40.6,29.42,-62.5,10,0.0,1
16,5751963,-2.3437,39.6,29.42,-68.0,10,0.0,1
16,5752689,-1.7127,39.6,29.42,-62.5,10,0.0,1
16,5753415,-1.3972,39.6,29.41,-62.5,10,0.0,1
16,5754141,-2.5240,39.6,29.42,-62.5,10,0.0,1
16,5754867,-2.5240,39.6,29.42,-62.5,10,0.0,1
16,5755593,-3.1100,40.6,29.42,-68.0,10,0.0,1
16,5756319,-2.5691,40.6,29.42,-62.0,10,0.0,1
16,5757045,-2.5466,40.6,29.42,-62.5,10,0.0,1
16,5757771,-2.5466,40.6,29.42,-62.5,10,0.0,1
16,5758497,-2.3888,40.6,29.42,-62.5,10,0.0,1
16,5759223,-2.9522,39.6,29.42,-62.0,10,0.0,1
16,5759949,-2.3663,39.6,29.41,-68.5,10,0.0,1
16,5760675,-2.4114,39.6,29.42,-62.5,10,0.0,1
16,5761401,-2.0733,39.6,29.42,-68.0,10,0.0,1
16,5762127,-1.9156,39.6,29.42,-62.5,10,0.0,1
16,5762853,-2.5466,39.6,29.42,-68.0,10,0.0,1
16,5763579,-2.5466,40.6,29.41,-62.5,10,0.0,1
16,5764305,-2.2536,40.6,29.42,-62.5,10,0.0,1
16,5765031,-2.1860,40.6,29.42,-68.0,10,0.0,1
16,5765757,-2.1860,40.6,29.42,-68.0,10,0.0,1
16,5766483,-3.0198,40.6,29.42,-62.0,10,0.0,1
16,5767209,-2.3437,39.6,29.42,-68.5,10,0.0,1
16,5767935,-2.0508,39.6,29.42,-62.5,10,0.0,1
16,5768661,-2.4790,40.6,29.42,-68.5,10,0.0,1
16,5769387,-2.4114,39.6,29.42,-62.0,10,0.0,1
16,5770113,-2.0959,39.6,29.42,-68.5,10,0.0,1
16,5770839,-2.7719,39.6,29.42,-62.5,10,0.0,1
16,5771565,-2.2761,39.6,29.42,-62.5,10,0.0,1
16,5772291,-2.0959,39.6,29.42,-62.5,10,0.0,1
16,5773017,-2.0057,40.6,29.42,-68.5,10,0.0,1
16,5773743,-2.0057,40.6,29.42,-68.5,10,0.0,1
16,5774469,-2.8846,40.6,29.42,-62.0,10,0.0,1
16,5775195,-2.0959,40.6,29.42,-62.5,10,0.0,1
16,5775921,-3.0649,39.6,29.42,-62.5,10,0.0,1
16,5776647,-2.6367,39.6,29.42,-62.0,10,0.0,1
16,5777373,-1.5325,39.6,29.42,-68.5,10,0.0,1
16,5778099,-1.6451,39.6,29.42,-68.5,10,0.0,1
16,5778825,-2.4339,39.6,29.42,-62.5,10,0.0,1
16,5779551,-3.2677,39.6,29.42,-62.5,10,0.0,1
16,5780277,-3.2227,38.6,29.43,-68.0,10,0.0,1
16,5781003,-2.1184,38.6,29.42,-62.5,10,0.0,1
16,5781729,-2.1184,39.6,29.42,-62.5,10,0.0,1
16,5782455,-3.6508,38.6,29.43,-62.5,10,0.0,1
16,5783181,-2.6593,39.6,29.42,-62.5,10,0.0,1
16,5783907,-1.4198,39.6,29.42,-62.5,10,0.0,1
16,5784633,-2.4790,40.6,29.42,-62.5,10,0.0,1
16,5785359,-2.3663,40.6,29.42,-68.0,10,0.0,1
16,5786085,-3.2227,39.6,29.42,-62.0,10,0.0,1
16,5786811,-2.1409,39.6,29.42,-62.5,10,0.0,1
16,5787537,-2.6818,39.6,29.42,-68.5,10,0.0,1
16,5788263,-3.3804,40.6,29.42,-62.5,10,0.0,1
16,5788989,-2.3212,40.6,29.42,-62.5,10,0.0,1
16,5789715,-1.4648,40.6,29.42,-62.5,10,0.0,1
16,5790441,-1.5325,40.6,29.42,-62.5,10,0.0,1
16,5791167,-2.6367,40.6,29.42,-62.5,10,0.0,1
16,5791893,-2.5916,40.6,29.42,-68.0,10,0.0,1
16,5792619,-2.4114,40.6,29.42,-62.5,10,0.0,1
16,5793345,-2.2987,39.6,29.42,-68.0,10,0.0,1
16,5794071,-2.7719,39.6,29.42,-62.5,10,0.0,1
16,5794797,-1.3522,39.6,29.42,-62.5,10,0.0,1
16,5795523,-2.4339,39.6,29.42,-68.5,10,0.0,1
16,5796249,-1.8254,39.6,29.42,-62.5,10,0.0,1
16,5796975,-1.5550,40.6,29.42,-62.5,10,0.0,1
16,5797701,-2.1635,40.6,29.42,-62.5,10,0.0,1
16,5798427,-2.4790,39.6,29.42,-68.0,10,0.0,1
16,5799153,-2.1635,39.6,29.42,-68.5,10,0.0,1
16,5799879,-2.7269,40.6,29.42,-62.0,10,0.0,1
16,5800605,-2.7269,39.6,29.42,-62.5,10,0.0,1
16,5801331,-2.1409,38.6,29.43,-62.5,10,0.0,1
16,5802057,-3.1325,39.6,29.42,-62.5,10,0.0,1
16,5802783,-2.5240,39.6,29.42,-62.5,10,0.0,1
16,5803509,-2.5240,39.6,29.42,-62.5,10,0.0,1
16,5804235,-2.3437,40.6,29.42,-62.5,10,0.0,1
16,5804961,-2.2987,39.6,29.42,-62.5,10,0.0,1
16,5805687,-3.2227,40.6,29.43,-62.5,10,0.0,1
16,5806413,-3.3353,40.6,29.42,-68.5,10,0.0,1
16,5807139,-2.5240,40.6,29.42,-68.0,10,0.0,1
16,5807865,-2.9072,40.6,29.42,-62.0,10,0.0,1
16,5808591,-3.2677,40.6,29.42,-68.5,10,0.0,1
16,5809317,-1.8705,40.6,29.42,-68.5,10,0.0,1
16,5810043,-3.2452,40.6,29.42,-62.5,10,0.0,1
16,5810769,-2.9072,40.6,29.42,-62.5,10,0.0,1
16,5811495,-2.9072,40.6,29.42,-62.5,10,0.0,1
16,5812221,-2.0733,40.6,29.42,-68.0,10,0.0,1
16,5812947,-2.5015,40.6,29.42,-62.5,10,0.0,1
16,5813673,-1.6677,40.6,29.42,-62.5,10,0.0,1
16,5814399,-2.9297,40.6,29.42,-62.0,10,0.0,1
16,5815125,-2.2085,39.6,29.42,-62.0,10,0.0,1
16,5815851,-2.0959,40.6,29.43,-62.5,10,0.0,1
16,5816577,-2.9522,40.6,29.42,-68.5,10,0.0,1
16,5817303,-2.7043,39.6,29.43,-68.5,10,0.0,1
16,5818029,-3.1776,39.6,29.43,-62.5,10,0.0,1
16,5818755,-1.3296,40.6,29.43,-68.0,10,0.0,1
16,5819481,-1.3296,39.6,29.42,-68.0,10,0.0,1
16,5820207,-2.5691,40.6,29.43,-62.5,10,0.0,1
16,5820933,-2.7269,39.6,29.42,-68.5,10,0.0,1
16,5821659,-3.5832,39.6,29.42,-68.5,10,0.0,1
16,5822385,-2.3212,39.6,29.42,-62.5,10,0.0,1
16,5823111,-3.4029,39.6,29.43,-62.5,10,0.0,1
16,5823837,-1.7578,39.6,29.43,-68.0,10,0.0,1
16,5824563,-1.5550,38.6,29.43,-62.5,10,0.0,1
16,5825289,-2.7945,39.6,29.43,-62.5,10,0.0,1
16,5826015,-1.8705,39.6,29.43,-62.5,10,0.0,1
16,5826741,-2.0959,39.6,29.43,-62.5,10,0.0,1
16,5827467,-2.0959,39.6,29.43,-62.5,10,0.0,1
16,5828193,-1.7353,39.6,29.43,-62.0,10,0.0,1
16,5828919,-2.3888,39.6,29.42,-68.0,10,0.0,1
16,5829645,-3.2001,40.6,29.43,-62.5,10,0.0,1
16,5830371,-2.2761,39.6,29.43,-62.5,10,0.0,1
16,5831097,-2.2987,39.6,29.42,-62.5,10,0.0,1
16,5831823,-1.8480,39.6,29.42,-68.5,10,0.0,1
16,5832549,-1.5550,38.6,29.42,-62.5,10,0.0,1
16,5833275,-1.6001,39.6,29.42,-68.0,10,0.0,1
16,5834001,-3.5156,39.6,29.42,-62.5,10,0.0,1
16,5834727,-2.1184,39.6,29.42,-68.5,10,0.0,1
16,5835453,-2.1184,39.6,29.42,-68.5,10,0.0,1
16,5836179,-2.6818,39.6,29.42,-68.5,10,0.0,1
16,5836905,-2.6818,40.6,29.42,-68.0,10,0.0,1
16,5837631,-2.3663,40.6,29.42,-68.5,10,0.0,1
16,5838357,-1.9156,39.6,29.42,-62.5,10,0.0,1
16,5839083,-3.2452,40.6,29.43,-62.0,10,0.0,1
16,5839809,-1.9156,39.6,29.42,-62.5,10,0.0,1
16,5840535,-1.4874,40.6,29.42,-68.0,10,0.0,1
16,5841261,-3.1776,40.6,29.43,-62.5,10,0.0,1
16,5841987,-3.3128,40.6,29.43,-62.0,10,0.0,1
16,5842713,-1.6451,40.6,29.42,-68.0,10,0.0,1
16,5843439,-1.6451,40.6,29.42,-68.0,10,0.0,1
16,5844165,-3.2903,40.6,29.43,-62.0,10,0.0,1
16,5844891,-2.8846,40.6,29.43,-62.5,10,0.0,1
16,5845617,-2.5015,40.6,29.42,-68.5,10,0.0,1
16,5846343,-2.6593,39.6,29.43,-62.5,10,0.0,1
16,5847069,-2.5916,39.6,29.43,-68.5,10,0.0,1
16,5847795,-2.9522,39.6,29.42,-62.0,10,0.0,1
16,5848521,-1.8029,39.6,29.43,-68.5,10,0.0,1
16,5849247,-3.3128,39.6,29.42,-62.5,10,0.0,1
16,5849973,-2.1860,39.6,29.42,-68.5,10,0.0,1
16,5850699,-3.1776,40.6,29.42,-68.0,10,0.0,1
16,5851425,-1.1043,39.6,29.42,-62.5,10,0.0,1
16,5852151,-3.2452,39.6,29.42,-62.5,10,0.0,1
16,5852877,-1.8705,39.6,29.42,-68.5,10,0.0,1
16,5853603,-3.2227,39.6,29.42,-68.5,10,0.0,1
16,5854329,-3.5607,40.6,29.42,-62.5,10,0.0,1
16,5855055,-2.3437,40.6,29.42,-68.5,10,0.0,1
16,5855781,-2.0959,40.6,29.42,-62.5,10,0.0,1
16,5856507,-2.4339,40.6,29.42,-62.5,10,0.0,1
16,5857233,-44.4186,40.6,29.42,-62.5,10,0.0,0
16,5857959,-2.8170,40.6,29.42,-62.5,10,0.0,1
16,5858685,-2.7043,40.6,29.43,-68.0,10,0.0,1
16,5859411,-3.4480,40.6,29.42,-62.5,10,0.0,1
16,5860137,-2.6367,40.6,29.42,-68.5,10,0.0,1
16,5860863,-3.3579,39.6,29.42,-62.5,10,0.0,1
16,5861589,-2.2085,40.6,29.42,-62.5,10,0.0,1
16,5862315,-3.5382,40.6,29.42,-62.5,10,0.0,1
16,5863041,-2.3663,40.6,29.42,-68.0,10,0.0,1
16,5863767,-2.4339,40.6,29.42,-62.5,10,0.0,1
16,5864493,-1.6001,40.6,29.42,-62.0,10,0.0,1
16,5865219,-1.6001,39.6,29.42,-62.0,10,0.0,1
16,5865945,-3.3353,39.6,29.42,-62.5,10,0.0,1
16,5866671,-1.4648,39.6,29.42,-62.5,10,0.0,1
16,5867397,-1.8930,39.6,29.42,-62.5,10,0.0,1
16,5868123,-2.9297,39.6,29.42,-62.0,10,0.0,1
16,5868849,-2.7494,39.6,29.42,-62.5,10,0.0,1
16,5869575,-2.7945,39.6,29.42,-62.0,10,0.0,1
16,5870301,-2.0057,39.6,29.42,-68.0,10,0.0,1
16,5871027,-3.0649,39.6,29.42,-68.5,10,0.0,1
16,5871753,-2.5240,39.6,29.42,-62.5,10,0.0,1
16,5872479,-3.0198,40.6,29.42,-62.0,10,0.0,1
16,5873205,-3.0198,40.6,29.42,-62.0,10,0.0,1
16,5873931,-3.1550,39.6,29.42,-62.0,10,0.0,1
16,5874657,-2.6593,40.6,29.42,-62.5,10,0.0,1
16,5875383,-1.4198,39.6,29.42,-62.5,10,0.0,1
16,5876109,-2.4564,39.6,29.42,-62.5,10,0.0,1
16,5876835,-2.3437,40.6,29.42,-62.5,10,0.0,1
16,5877561,-2.2761,40.6,29.41,-62.0,10,0.0,1
16,5878287,-3.1100,40.6,29.42,-68.5,10,0.0,1
16,5879013,-3.1325,40.6,29.42,-62.5,10,0.0,1
16,5879739,-3.3128,40.6,29.42,-62.5,10,0.0,1
16,5880465,-1.8705,40.6,29.42,-62.0,10,0.0,1
16,5881191,-1.8705,40.6,29.42,-62.0,10,0.0,1
16,5881917,-2.9072,40.6,29.42,-62.0,10,0.0,1
16,5882643,-2.4339,39.6,29.42,-62.5,10,0.0,1
16,5883369,-2.7494,39.6,29.42,-62.0,10,0.0,1
16,5884095,-2.9748,39.6,29.42,-68.5,10,0.0,1
16,5884821,-3.0198,39.6,29.42,-68.5,10,0.0,1
16,5885547,-3.3128,40.6,29.42,-62.5,10,0.0,1
16,5886273,-2.6593,40.6,29.42,-62.0,10,0.0,1
16,5886999,-2.1409,40.6,29.42,-62.0,10,0.0,1
16,5887725,-1.6902,40.6,29.42,-68.0,10,0.0,1
16,5888451,-2.2761,40.6,29.43,-68.5,10,0.0,1
16,5889177,-2.2761,40.6,29.43,-68.5,10,0.0,1
16,5889903,-3.0198,39.6,29.42,-62.5,10,0.0,1
16,5890629,-3.1550,39.6,29.43,-62.5,10,0.0,1
16,5891355,-2.3663,39.6,29.43,-62.5,10,0.0,1
16,5892081,-2.3663,40.6,29.42,-62.0,10,0.0,1
16,5892807,-2.6818,39.6,29.42,-68.5,10,0.0,1
16,5893533,-3.2903,39.6,29.42,-62.0,10,0.0,1
16,5894259,-2.2761,39.6,29.42,-62.5,10,0.0,1
16,5894985,-1.6451,39.6,29.42,-68.5,10,0.0,1
16,5895711,-2.6593,39.6,29.42,-68.0,10,0.0,1
16,5896437,-2.3888,39.6,29.42,-62.5,10,0.0,1
16,5897163,-2.3888,39.6,29.42,-62.5,10,0.0,1
16,5897889,-1.5550,39.6,29.42,-62.5,10,0.0,1
16,5898615,-2.7945,39.6,29.42,-62.0,10,0.0,1
16,5899341,-2.7494,39.6,29.42,-62.5,10,0.0,1
16,5900067,-1.9606,40.6,29.42,-68.5,10,0.0,1
16,5900793,-2.2761,39.6,29.43,-62.0,10,0.0,1
16,5901519,-1.7578,40.6,29.43,-62.5,10,0.0,1
16,5902245,-2.3437,40.6,29.42,-62.5,10,0.0,1
16,5902971,-2.5691,40.6,29.42,-62.0,10,0.0,1
16,5903697,-2.4790,40.6,29.42,-68.0,10,0.0,1
16,5904423,-2.1635,40.6,29.42,-68.0,10,0.0,1
16,5905149,-1.3522,40.6,29.42,-68.5,10,0.0,1
16,5905875,-2.2311,40.6,29.42,-62.5,10,0.0,1
16,5906601,-2.8395,40.6,29.42,-62.5,10,0.0,1
16,5907327,-3.0198,40.6,29.42,-68.0,10,0.0,1
16,5908053,-3.0874,40.6,29.42,-68.0,10,0.0,1
16,5908779,-2.4339,39.6,29.42,-62.5,10,0.0,1
16,5909505,-2.9522,39.6,29.42,-68.5,10,0.0,1
16,5910231,-2.4790,39.6,29.42,-68.5,10,0.0,1
16,5910957,-6.3326,39.6,29.43,-62.5,10,0.0,0
16,5911683,-2.5916,39.6,29.43,-62.0,10,0.0,1
16,5912409,-2.5015,38.6,29.43,-62.0,10,0.0,1
16,5913135,-2.2311,39.6,29.42,-68.5,10,0.0,1
16,5913861,-3.2903,39.6,29.42,-68.0,10,0.0,1
16,5914587,-2.3888,39.6,29.43,-68.5,10,0.0,1
16,5915313,-3.0198,39.6,29.42,-62.5,10,0.0,1
16,5916039,-3.3579,39.6,29.42,-68.0,10,0.0,1
16,5916765,-2.6818,40.6,29.42,-68.0,10,0.0,1
16,5917491,-2.2085,39.6,29.43,-62.5,10,0.0,1
16,5918217,-2.3888,39.6,29.42,-62.5,10,0.0,1
16,5918943,-2.3888,39.6,29.42,-62.5,10,0.0,1
16,5919669,-2.5240,40.6,29.42,-62.5,10,0.0,1
16,5920395,-2.7043,39.6,29.43,-62.0,10,0.0,1
16,5921121,-1.4198,40.6,29.43,-68.0,10,0.0,1
16,5921847,-1.7127,40.6,29.42,-62.5,10,0.0,1
16,5922573,-1.8254,40.6,29.43,-68.0,10,0.0,1
16,5923299,-1.7803,39.6,29.42,-68.5,10,0.0,1
16,5924025,-1.4874,40.6,29.42,-68.0,10,0.0,1
16,5924751,-2.2311,40.6,29.42,-68.5,10,0.0,1
16,5925477,-1.8029,40.6,29.42,-62.5,10,0.0,1
16,5926203,-2.7719,40.6,29.42,-62.0,10,0.0,1
16,5926929,-2.7719,40.6,29.42,-62.0,10,0.0,1
16,5927655,-2.4114,39.6,29.42,-62.0,10,0.0,1
16,5928381,-1.7353,40.6,29.42,-68.0,10,0.0,1
16,5929107,-2.8846,40.6,29.42,-62.5,10,0.0,1
16,5929833,-2.6593,40.6,29.42,-62.5,10,0.0,1
16,5930559,-2.8846,40.6,29.42,-68.5,10,0.0,1
16,5931285,-2.7945,39.6,29.42,-68.0,10,0.0,1
16,5932011,-2.3212,39.6,29.42,-62.5,10,0.0,1
16,5932737,-3.3128,39.6,29.42,-62.5,10,0.0,1
16,5933463,-2.9072,39.6,29.42,-62.5,10,0.0,1
16,5934189,-2.4114,39.6,29.42,-62.5,10,0.0,1
16,5934915,-2.4114,39.6,29.42,-62.5,10,0.0,1
16,5935641,-3.2227,39.6,29.42,-62.5,10,0.0,1
16,5936367,-1.6677,40.6,29.41,-68.5,10,0.0,1
16,5937093,-3.6058,40.6,29.42,-62.5,10,0.0,1
16,5937819,-2.0508,40.6,29.42,-63.0,10,0.0,1
